item_id;location_id;trans_date;qty;cost_amount
D69BC6305AB00F11F1557891FE693889;44673735EAF46E11B7B78A650500BC08;2025-05-13;2.0;714.7
926F12D95A7E8E11F243BB650500664B;44673735EAF46E11B7B78A650500BC08;2025-05-13;0.0;0.0
A8A7DC89C8D16E1142D58A650500AD08;44673735EAF46E11B7B78A650500BC08;2025-05-13;0.0;0.0
0BEF8E7E968B3E11052F6792C000D249;FC081C55582CED11A62CD892C0003F2A;2025-05-13;22.0;811.8000000000001
5D98BA9E5BA8BE118772106505005859;FC081C55582CED11A62CD892C0003F2A;2025-05-13;0.0;0.0
6B7D46D553B0EE11406610650500CA4A;FC081C55582CED11A62CD892C0003F2A;2025-05-13;0.0;0.0
578EF3187348EE1191EE1065050038B9;FC081C55582CED11A62CD892C0003F2A;2025-05-13;0.0;0.0
3C8BE02E3A7E8E11F243BB650500664B;FC081C55582CED11A62CD892C0003F2A;2025-05-13;0.0;0.0
22EA427F81CAED11A62CD892C0003F2A;FC081C55582CED11A62CD892C0003F2A;2025-05-13;0.0;0.0
8D9F0194F3269E11554010650500604B;FC081C55582CED11A62CD892C0003F2A;2025-05-13;0.0;0.0
CF32AE3A2A6BFE111280106505000919;FC081C55582CED11A62CD892C0003F2A;2025-05-13;-2.0;-85.98
1DF440EADDDFEE1191EE10650500B9B9;FC081C55582CED11A62CD892C0003F2A;2025-05-13;2.0;4442.74
565F3C9A8E64EE11B1AD10650500E7EA;FC081C55582CED11A62CD892C0003F2A;2025-05-13;0.0;0.0
BF261D13477EFE11F1557891FE695589;FC081C55582CED11A62CD892C0003F2A;2025-05-13;-6.0;-2160.0
F1DB6C71D034FE1191EE106505005FB9;FC081C55582CED11A62CD892C0003F2A;2025-05-13;0.0;0.0
CD47D6A0BAC9FE11128010650500E819;44673735EAF46E11B7B78A650500BC08;2025-05-13;32.0;985.6
140F999C45848E113835BB6505001DAA;44673735EAF46E11B7B78A650500BC08;2025-05-13;-10.0;-2062.2
4C63C0C98BF6DE11C846106505001F6A;44673735EAF46E11B7B78A650500BC08;2025-05-13;-6.0;-762.0
339A3DAF710A3E11052F6792C000D249;44673735EAF46E11B7B78A650500BC08;2025-05-13;-4.0;-1744.24
B85B9B4990CAED11A62CD892C0003F2A;44673735EAF46E11B7B78A650500BC08;2025-05-13;2.0;626.92
FE6785D8D0CAED11A62CD892C0003F2A;FC081C55582CED11A62CD892C0003F2A;2025-05-13;-8.0;-2246.96
33BBE140EC6FEE1191EE1065050029B9;B0BDDED34CC83E11052F6792C000B249;2025-05-13;6.0;3122.54
D227C477CBE2FE1191EE10650500ADB9;B0BDDED34CC83E11052F6792C000B249;2025-05-13;0.0;0.0
2295E6F99A2CBE11877210650500CC59;B0BDDED34CC83E11052F6792C000B249;2025-05-13;0.0;0.0
7B43866C49CA2E11052F6792C0007F39;B0BDDED34CC83E11052F6792C000B249;2025-05-13;-8.0;-1204.84
6C95D37F73167E11B7B78A650500ED08;B0BDDED34CC83E11052F6792C000B249;2025-05-13;-14.0;-609.0
2B307E1CB0EFEE1191EE10650500B9B9;B0BDDED34CC83E11052F6792C000B249;2025-05-13;0.0;2.2737367544323206e-13
8E8D65248A839E11554010650500FC3B;B0BDDED34CC83E11052F6792C000B249;2025-05-13;0.0;0.0
19B9F9FC1AB57E11B7B78A650500ED08;B0BDDED34CC83E11052F6792C000B249;2025-05-13;0.0;0.0
3468AB36A6C33E11052F6792C000EF39;B0BDDED34CC83E11052F6792C000B249;2025-05-13;0.0;0.0
409FDFAFEDFDDE11406610650500374A;B0BDDED34CC83E11052F6792C000B249;2025-05-13;0.0;0.0
82DD3224FA0D7E110819BB65050039AA;B0BDDED34CC83E11052F6792C000B249;2025-05-13;0.0;0.0
B03CB8981C93FE1191EE106505009EB9;B0BDDED34CC83E11052F6792C000B249;2025-05-13;0.0;0.0
9FDA14911253FE1191EE106505002EB9;B0BDDED34CC83E11052F6792C000B249;2025-05-13;-2.0;-73.44
A1B14DE43B73CE118772106505001669;B0BDDED34CC83E11052F6792C000B249;2025-05-13;0.0;0.0
D987E32233167E11B7B78A650500ED08;B0BDDED34CC83E11052F6792C000B249;2025-05-13;-4.0;-230.88
E8B3841E55C0CE11877210650500A269;B0BDDED34CC83E11052F6792C000B249;2025-05-13;-4.0;-111.36
545019BC55E0EE114066106505000B4A;B0BDDED34CC83E11052F6792C000B249;2025-05-13;0.0;0.0
12AE492CBE6CDE11406610650500354A;B0BDDED34CC83E11052F6792C000B249;2025-05-13;0.0;0.0
578EEB7BF093FE1191EE106505008EB9;B0BDDED34CC83E11052F6792C000B249;2025-05-13;0.0;0.0
3ADBD14391D5AE11BE2110650500684A;B0BDDED34CC83E11052F6792C000B249;2025-05-13;0.0;0.0
24EC4EE7A0CAED11A62CD892C0003F2A;B0BDDED34CC83E11052F6792C000B249;2025-05-13;-4.0;-170.04
B0798FE4F3C2FE1191EE106505006DB9;B0BDDED34CC83E11052F6792C000B249;2025-05-13;0.0;0.0
99AD37D0B56FBE11877210650500E069;44673735EAF46E11B7B78A650500BC08;2025-05-13;-14.0;-518.0
2E5001F4C295FE1191EE1065050021C9;FC081C55582CED11A62CD892C0003F2A;2025-05-13;0.0;0.0
D0274B05C295FE1191EE1065050021C9;FC081C55582CED11A62CD892C0003F2A;2025-05-13;0.0;0.0
678C5A6B948DFE11F1557891FE692489;FC081C55582CED11A62CD892C0003F2A;2025-05-13;0.0;0.0
E1DCEDCD2E6DFE11F1557891FE690489;FC081C55582CED11A62CD892C0003F2A;2025-05-13;0.0;0.0
9170636724C26E1142D58A650500AD08;44673735EAF46E11B7B78A650500BC08;2025-05-13;144.0;18351.36
E5D7BD3CFD456E11B7B78A650500BC08;44673735EAF46E11B7B78A650500BC08;2025-05-13;-16.0;-9248.0
0050329F89AEFE11F1557891FE699589;FC081C55582CED11A62CD892C0003F2A;2025-05-13;2.0;899.82
2E6015003E405E1142D58A650500BC08;FC081C55582CED11A62CD892C0003F2A;2025-05-13;8.0;959.36
3E86C123BAF94E1142D58A6505009C08;FC081C55582CED11A62CD892C0003F2A;2025-05-13;6.0;719.52
3BEF94F3BAF94E1142D58A6505009C08;FC081C55582CED11A62CD892C0003F2A;2025-05-13;10.0;1199.2
6A29FA1D9B4D7E110819BB65050039AA;B0BDDED34CC83E11052F6792C000B249;2025-05-13;40.0;2230.8
CA5CA666BCADBE11877210650500BE59;44673735EAF46E11B7B78A650500BC08;2025-05-13;0.0;0.0
51E3F9DBB0CEEE1191EE1065050029B9;44673735EAF46E11B7B78A650500BC08;2025-05-13;0.0;0.0
052D862A028ADE11406610650500924A;44673735EAF46E11B7B78A650500BC08;2025-05-13;0.0;0.0
6489C51C028ADE11406610650500924A;44673735EAF46E11B7B78A650500BC08;2025-05-13;0.0;0.0
8DC36E61BD010F11112A674AC7E2C889;FC081C55582CED11A62CD892C0003F2A;2025-05-13;6.0;4049.3
089DAC91BD010F11112A674AC7E2C889;FC081C55582CED11A62CD892C0003F2A;2025-05-13;4.0;1619.72
6F459512BD010F11112A674AC7E2C889;FC081C55582CED11A62CD892C0003F2A;2025-05-13;4.0;2834.52
2148978EF4B4DE11ADB310650500F0C8;44673735EAF46E11B7B78A650500BC08;2025-05-13;44.0;2555.52
3CE99CE797EADE11406610650500234A;FC081C55582CED11A62CD892C0003F2A;2025-05-13;0.0;0.0
9B9591EF34D6EE1191EE1065050096B9;FC081C55582CED11A62CD892C0003F2A;2025-05-13;0.0;0.0
20878743D8C3EE11B1AD1065050017EA;FC081C55582CED11A62CD892C0003F2A;2025-05-13;0.0;5.684341886080802e-14
D9A2D871DD456E11B7B78A650500BC08;44673735EAF46E11B7B78A650500BC08;2025-05-13;-4.0;-3012.0
8CCBA1DA40F6AE11BE2110650500D94A;FC081C55582CED11A62CD892C0003F2A;2025-05-13;4.0;3789.26
071517B0686BAE11BE21106505008F4A;FC081C55582CED11A62CD892C0003F2A;2025-05-13;48.0;49584.0
F7EEFA3F2F43FE1191EE106505002EB9;FC081C55582CED11A62CD892C0003F2A;2025-05-13;20.0;3240.0
C90B8BE5BFC85E1142D58A650500DC08;FC081C55582CED11A62CD892C0003F2A;2025-05-13;18.0;2198.52
142C8ACCEE7ABE11877210650500AA59;FC081C55582CED11A62CD892C0003F2A;2025-05-13;16.0;1954.24
D6DBCF28747FCE11ADB310650500C9B8;FC081C55582CED11A62CD892C0003F2A;2025-05-13;56.0;2040.64
2A322D630C20FE1191EE106505001AB9;FC081C55582CED11A62CD892C0003F2A;2025-05-13;24.0;4518.96
0F106DB008E4DE11ADB31065050031C8;FC081C55582CED11A62CD892C0003F2A;2025-05-13;8.0;1169.12
194F367EEB0AFE11128010650500E819;FC081C55582CED11A62CD892C0003F2A;2025-05-13;40.0;540.0
FCD58C99268EFE11F1557891FE696589;B0BDDED34CC83E11052F6792C000B249;2025-05-13;10.0;970.0
E79BDED6A094DE11ADB310650500C0C8;44673735EAF46E11B7B78A650500BC08;2025-05-13;-2.0;-405.0
666F71CC31DBBE118772106505005C59;44673735EAF46E11B7B78A650500BC08;2025-05-13;-2.0;-536.4
8CB7EB4C92E0DE11ADB310650500DBB8;44673735EAF46E11B7B78A650500BC08;2025-05-13;-2.0;-841.2
C79BDED6A094DE11ADB310650500C0C8;44673735EAF46E11B7B78A650500BC08;2025-05-13;-2.0;-518.4
B073300E36385E1142D58A650500DC08;44673735EAF46E11B7B78A650500BC08;2025-05-13;-22.0;-1078.0
83FCB89C1A5FFE11F1557891FE697689;B0BDDED34CC83E11052F6792C000B249;2025-05-13;10.0;593.9
973A29A13392BE11BE2110650500A85A;44673735EAF46E11B7B78A650500BC08;2025-05-13;62.0;1994.7399999999998
43215D3528D8EE1191EE10650500F8B9;44673735EAF46E11B7B78A650500BC08;2025-05-13;10.0;1983.8
894C3ACEDC410F11112A674AC7E21989;44673735EAF46E11B7B78A650500BC08;2025-05-13;24.0;3299.52
85C7E1CD3104FE1191EE106505001FB9;B0BDDED34CC83E11052F6792C000B249;2025-05-13;4.0;1162.44
F3915C40CFCBFE111280106505000919;44673735EAF46E11B7B78A650500BC08;2025-05-13;6.0;40812.0
A3CD4FC2860C4E1142D58A650500BC08;FC081C55582CED11A62CD892C0003F2A;2025-05-13;24.0;2227.2
17D38AF1BD010F11112A674AC7E2C889;B0BDDED34CC83E11052F6792C000B249;2025-05-13;4.0;2082.5
B0869512BD010F11112A674AC7E2C889;B0BDDED34CC83E11052F6792C000B249;2025-05-13;10.0;1373.88
DAF69512BD010F11112A674AC7E2C889;B0BDDED34CC83E11052F6792C000B249;2025-05-13;20.0;2747.74
C3FCD450C93FDE11406610650500E84A;FC081C55582CED11A62CD892C0003F2A;2025-05-13;80.0;639.16
134648F4D6C33E11052F6792C000EF39;FC081C55582CED11A62CD892C0003F2A;2025-05-13;0.0;0.0
A339E4A60EA4FE1191EE1065050000C9;FC081C55582CED11A62CD892C0003F2A;2025-05-13;0.0;0.0
DCD5D6068B50EE114066106505005A4A;FC081C55582CED11A62CD892C0003F2A;2025-05-13;0.0;0.0
6F258A9F5BF3DE11ADB31065050000C8;FC081C55582CED11A62CD892C0003F2A;2025-05-13;0.0;0.0
97A37FB09D09FE11128010650500E819;FC081C55582CED11A62CD892C0003F2A;2025-05-13;0.0;0.0
3C46D98B98DFCE11ADB3106505005AB8;FC081C55582CED11A62CD892C0003F2A;2025-05-13;0.0;0.0
B9375A67B5EEAE11BE2110650500F35A;44673735EAF46E11B7B78A650500BC08;2025-05-13;-20.0;-1240.0
37664A362C29BE11877210650500F859;FC081C55582CED11A62CD892C0003F2A;2025-05-13;10.0;6900.7
7633768EA5AACE11ADB31065050023B8;44673735EAF46E11B7B78A650500BC08;2025-05-13;-10.0;-3400.0
0BC7A34A1E456E11B7B78A650500BC08;44673735EAF46E11B7B78A650500BC08;2025-05-13;30.0;8443.14
6BA3B5BB17385E1142D58A650500DC08;44673735EAF46E11B7B78A650500BC08;2025-05-13;12.0;2002.8
22D097AD84E8EE1191EE1065050009B9;44673735EAF46E11B7B78A650500BC08;2025-05-13;20.0;5940.0
4D7EEA51F001AE117260106505001F4A;B0BDDED34CC83E11052F6792C000B249;2025-05-13;-4.0;-594.0
34CF5FCF20CAED11A62CD892C0003F2A;FC081C55582CED11A62CD892C0003F2A;2025-05-13;2980.0;20860.0
4BF051010BFDCE11ADB310650500C7B8;B0BDDED34CC83E11052F6792C000B249;2025-05-13;0.0;0.0
97419871AED4EE11B1AD1065050078EA;FC081C55582CED11A62CD892C0003F2A;2025-05-13;40.0;1733.6
C955A13924817E11B7B78A650500CD08;FC081C55582CED11A62CD892C0003F2A;2025-05-13;16.0;4744.48
9F96B7DB01CAED11A62CD892C0003F2A;FC081C55582CED11A62CD892C0003F2A;2025-05-13;6.0;1990.8399999999997
F320D83931CAED11A62CD892C0003F2A;FC081C55582CED11A62CD892C0003F2A;2025-05-13;18.0;932.96
11A39B4ED0CAED11A62CD892C0003F2A;FC081C55582CED11A62CD892C0003F2A;2025-05-13;12.0;6166.32
C61FC1D83A9C3E11052F6792C000D249;FC081C55582CED11A62CD892C0003F2A;2025-05-13;12.0;5476.2
AB7B1593B0A68E11F243BB650500DB3B;FC081C55582CED11A62CD892C0003F2A;2025-05-13;36.0;6276.24
37377D17C0CAED11A62CD892C0003F2A;FC081C55582CED11A62CD892C0003F2A;2025-05-13;4.0;1575.32
182DDADFEAE97E110819BB65050019AA;44673735EAF46E11B7B78A650500BC08;2025-05-13;0.0;0.0
4F63B7DA5EE2BE11BE2110650500195A;FC081C55582CED11A62CD892C0003F2A;2025-05-13;2.0;429.32000000000005
BC019713DDE1EE114066106505006C4A;FC081C55582CED11A62CD892C0003F2A;2025-05-13;8.0;747.14
B6B7F08574A2CE118772106505000569;44673735EAF46E11B7B78A650500BC08;2025-05-13;4.0;2823.6
C28DAB959F9DBE11877210650500AE59;44673735EAF46E11B7B78A650500BC08;2025-05-13;100.0;2757.4
426EFD8A6143FE1191EE106505001EB9;44673735EAF46E11B7B78A650500BC08;2025-05-13;2.0;4566.2
DB10C1F8A8A29E11554010650500DB3B;44673735EAF46E11B7B78A650500BC08;2025-05-13;20.0;18780.76
0CA5D02FF0410F11112A674AC7E20989;FC081C55582CED11A62CD892C0003F2A;2025-05-13;4.0;1166.0
E01507826D89FE11128010650500E819;FC081C55582CED11A62CD892C0003F2A;2025-05-13;6.0;1822.52
E1A45ED7F2E3DE11ADB310650500CFB8;FC081C55582CED11A62CD892C0003F2A;2025-05-13;4.0;663.32
86E0E3CD23CF3E11F7F68A650500DB08;FC081C55582CED11A62CD892C0003F2A;2025-05-13;-2.0;-172.5
A7E236375EE1EE114066106505006C4A;B0BDDED34CC83E11052F6792C000B249;2025-05-13;6.0;2962.62
ECEAA9F444856E11B7B78A650500BC08;B0BDDED34CC83E11052F6792C000B249;2025-05-13;6.0;1205.28
C61029D1BA66CE11ADB310650500BDA8;FC081C55582CED11A62CD892C0003F2A;2025-05-13;16.0;1008.28
C707097913CC4E1142D58A650500BC08;FC081C55582CED11A62CD892C0003F2A;2025-05-13;2.0;596.42
B9C99CE964DAED11A62CD892C0003F2A;B0BDDED34CC83E11052F6792C000B249;2025-05-13;20.0;15647.54
0AF3A82D186FCE11ADB310650500B9B8;B0BDDED34CC83E11052F6792C000B249;2025-05-13;6.0;3341.76
F2AD502BDC065E1142D58A650500DC08;FC081C55582CED11A62CD892C0003F2A;2025-05-13;-346.0;-1038.0
BEC88C6A663EAE11BE2110650500135A;FC081C55582CED11A62CD892C0003F2A;2025-05-13;-2.0;-24.96
5996DEB7F2CCDE11406610650500A54A;FC081C55582CED11A62CD892C0003F2A;2025-05-13;-4.0;-1016.48
DCDFD937E06AEE1191EE1065050009B9;FC081C55582CED11A62CD892C0003F2A;2025-05-13;-2.0;-73.02
C965E30DC8B00F11F1557891FE693889;FC081C55582CED11A62CD892C0003F2A;2025-05-13;-2.0;-66.88
7CEF38518FE1FE1191EE106505005CB9;FC081C55582CED11A62CD892C0003F2A;2025-05-13;-2.0;-111.02
35B18E834974EE11B1AD10650500F7EA;FC081C55582CED11A62CD892C0003F2A;2025-05-13;-2.0;-38.0
FED678A93EAFFE11F1557891FE69E689;FC081C55582CED11A62CD892C0003F2A;2025-05-13;-2.0;-26.96
36AA1B6D2C7ABE11877210650500AA59;FC081C55582CED11A62CD892C0003F2A;2025-05-13;-14.0;-647.2
6F7EC96D8DA8CE11ADB310650500A0B8;FC081C55582CED11A62CD892C0003F2A;2025-05-13;-2.0;-19.64
1A9D772C0040EE114066106505003A4A;FC081C55582CED11A62CD892C0003F2A;2025-05-13;-2.0;-68.0
9790516A93C1CE11877210650500E369;FC081C55582CED11A62CD892C0003F2A;2025-05-13;-4.0;-81.92
94A8AA60CBE1EE114066106505006C4A;FC081C55582CED11A62CD892C0003F2A;2025-05-13;-2.0;-35.76
7880728B0629EE1191EE1065050009B9;FC081C55582CED11A62CD892C0003F2A;2025-05-13;-4.0;-800.32
E908AEF57654EE11B1AD10650500C7EA;FC081C55582CED11A62CD892C0003F2A;2025-05-13;-2.0;-80.38
68670EDF5E3CEE1191EE1065050029B9;FC081C55582CED11A62CD892C0003F2A;2025-05-13;-2.0;-16.42
1D43C859F7FCDE11406610650500E54A;FC081C55582CED11A62CD892C0003F2A;2025-05-13;-2.0;-189.18
824334C29BF22E1143F0668E4200C71A;FC081C55582CED11A62CD892C0003F2A;2025-05-13;-2.0;-568.78
B320D83931CAED11A62CD892C0003F2A;FC081C55582CED11A62CD892C0003F2A;2025-05-13;-2.0;-3370.1
1166F9AB6F2C9E11726010650500E84A;FC081C55582CED11A62CD892C0003F2A;2025-05-13;-4.0;-1113.0
587283C02294DE11ADB310650500C0C8;FC081C55582CED11A62CD892C0003F2A;2025-05-13;-2.0;-236.72
E7172D541B4EDE11406610650500B74A;FC081C55582CED11A62CD892C0003F2A;2025-05-13;-2.0;-435.34
AD94D5891EF10F114EF7A826072B0A89;FC081C55582CED11A62CD892C0003F2A;2025-05-13;-26.0;-2067.0
4AA238198E74FE1191EE10650500CFB9;FC081C55582CED11A62CD892C0003F2A;2025-05-13;-2.0;-540.0
6DCB0E913EDBBE118772106505006C59;FC081C55582CED11A62CD892C0003F2A;2025-05-13;-4.0;-514.02
B7E369123D148E113835BB6505009CAA;FC081C55582CED11A62CD892C0003F2A;2025-05-13;-2.0;-184.3
A3FBB782BFCA9E11525010650500EB4A;FC081C55582CED11A62CD892C0003F2A;2025-05-13;-8.0;-1533.2599999999998
28DF895C1A5FFE11F1557891FE697689;FC081C55582CED11A62CD892C0003F2A;2025-05-13;-2.0;-142.84
EA51CD5CEB01FE1191EE106505003BB9;FC081C55582CED11A62CD892C0003F2A;2025-05-13;-2.0;-47.84
4E3BCDF9CEEFFE11F1557891FE693789;FC081C55582CED11A62CD892C0003F2A;2025-05-13;-2.0;-649.3
4DD59775CCA79E11554010650500524B;FC081C55582CED11A62CD892C0003F2A;2025-05-13;-2.0;-765.24
3A5A892EC023CE11877210650500A569;FC081C55582CED11A62CD892C0003F2A;2025-05-13;-2.0;-66.82
E14E3F107946DE11ADB310650500F2C8;FC081C55582CED11A62CD892C0003F2A;2025-05-13;-10.0;-185.54
905E070584AE9E117260106505001C4A;FC081C55582CED11A62CD892C0003F2A;2025-05-13;-4.0;-292.44
11D93E8BE3900F11F1557891FE690889;FC081C55582CED11A62CD892C0003F2A;2025-05-13;-4.0;-1177.76
82EDD252C7300F11F1557891FE699789;FC081C55582CED11A62CD892C0003F2A;2025-05-13;-2.0;-53.28
BEBE3664BAE9FD11A4A96492C0006F3B;FC081C55582CED11A62CD892C0003F2A;2025-05-13;-18.0;-762.52
7B671ACE20E2BE11BE2110650500095A;FC081C55582CED11A62CD892C0003F2A;2025-05-13;-2.0;-163.78
8C4D129EF77EFE11F1557891FE695589;FC081C55582CED11A62CD892C0003F2A;2025-05-13;-2.0;-82.22
60BBCAF2ADA9EE1191EE1065050009B9;FC081C55582CED11A62CD892C0003F2A;2025-05-13;-2.0;-625.56
7A0C8AFE43735E1142D58A650500DC08;FC081C55582CED11A62CD892C0003F2A;2025-05-13;-6.0;-509.15999999999997
A7A8E1F7EF71AE11726010650500BF4A;FC081C55582CED11A62CD892C0003F2A;2025-05-13;-2.0;-291.4
E55A14154F30DE11ADB310650500EAB8;FC081C55582CED11A62CD892C0003F2A;2025-05-13;-4.0;-188.96
3D2DB69DED94DE11ADB310650500D0C8;FC081C55582CED11A62CD892C0003F2A;2025-05-13;-2.0;-51.06
1783B9296622CE118772106505006469;FC081C55582CED11A62CD892C0003F2A;2025-05-13;-2.0;-180.76
5D9387658A0FEE1191EE1065050029B9;FC081C55582CED11A62CD892C0003F2A;2025-05-13;-2.0;-691.08
C0FD6B3977018E110819BB65050039AA;FC081C55582CED11A62CD892C0003F2A;2025-05-13;-10.0;-441.70000000000005
64F4E52D9C37FE1191EE1065050053C9;FC081C55582CED11A62CD892C0003F2A;2025-05-13;-4.0;-2859.08
1A1DCBB2A60C7E110819BB65050039AA;FC081C55582CED11A62CD892C0003F2A;2025-05-13;-2.0;-441.86
7357CADF84DDBE11877210650500EE59;FC081C55582CED11A62CD892C0003F2A;2025-05-13;-12.0;-698.76
F2C09C7960638E111E1BBB650500BBAA;FC081C55582CED11A62CD892C0003F2A;2025-05-13;-2.0;-169.0
953B0BAD6AEC0E11A4A96492C0001269;FC081C55582CED11A62CD892C0003F2A;2025-05-13;-2.0;-173.84
5AEC2C1F68DDCE11ADB31065050097B8;FC081C55582CED11A62CD892C0003F2A;2025-05-13;-2.0;-54.18
D467E9ED0BE1DE11ADB3106505004DB8;FC081C55582CED11A62CD892C0003F2A;2025-05-13;-2.0;-684.0
5662AF6E58A7FD110DC22A92C000D62B;FC081C55582CED11A62CD892C0003F2A;2025-05-13;-2.0;-939.08
BB85E1D12E5FCE11ADB310650500A9B8;FC081C55582CED11A62CD892C0003F2A;2025-05-13;-2.0;-1820.26
17193D88252C9E11726010650500D84A;FC081C55582CED11A62CD892C0003F2A;2025-05-13;-2.0;-228.84
D101C7FFF0CAED11A62CD892C0003F2A;FC081C55582CED11A62CD892C0003F2A;2025-05-13;-4.0;-204.48
F73047616DC2DE11ADB3106505006EB8;FC081C55582CED11A62CD892C0003F2A;2025-05-13;-14.0;-2472.54
7FCDB59D0EB89E11525010650500394A;FC081C55582CED11A62CD892C0003F2A;2025-05-13;-2.0;-256.22
9E58FF5B85D8CE11ADB310650500D0B8;FC081C55582CED11A62CD892C0003F2A;2025-05-13;-2.0;-158.9
7154838BB4FD5E1142D58A6505002D08;FC081C55582CED11A62CD892C0003F2A;2025-05-13;-4.0;-796.24
E98C1F4D4F82DE11ADB3106505001EB8;FC081C55582CED11A62CD892C0003F2A;2025-05-13;-2.0;-682.62
E290A0487A8BDE11406610650500044A;FC081C55582CED11A62CD892C0003F2A;2025-05-13;-2.0;-208.16
1F8B3B0BF1CAED11A62CD892C0003F2A;FC081C55582CED11A62CD892C0003F2A;2025-05-13;-6.0;-1577.58
E8BE0DBE6AAE7E110819BB65050039AA;FC081C55582CED11A62CD892C0003F2A;2025-05-13;-6.0;-1760.62
1DA9A9E037F07E11B7B78A650500CD08;FC081C55582CED11A62CD892C0003F2A;2025-05-13;-2.0;-51.9
09FF41DAC83EFE11F1557891FE690589;FC081C55582CED11A62CD892C0003F2A;2025-05-13;-2.0;-216.56
659DDAC30031DE11ADB3106505005CB8;FC081C55582CED11A62CD892C0003F2A;2025-05-13;-2.0;-90.7
39245FC32F66DE11ADB31065050023C8;FC081C55582CED11A62CD892C0003F2A;2025-05-13;-2.0;-560.4
B346F0F0BB3AAE11BE21106505000E4A;FC081C55582CED11A62CD892C0003F2A;2025-05-13;-2.0;-1092.62
CAECB213E13DBE118772106505001E59;FC081C55582CED11A62CD892C0003F2A;2025-05-13;-2.0;-684.72
FFE0834CF74FDE11406610650500F84A;FC081C55582CED11A62CD892C0003F2A;2025-05-13;-4.0;-777.02
8CC2F61579E4DE11ADB31065050031C8;FC081C55582CED11A62CD892C0003F2A;2025-05-13;-2.0;-430.62
7A8A1FF035DFEE1191EE10650500A9B9;FC081C55582CED11A62CD892C0003F2A;2025-05-13;-4.0;-906.0
9DCB2CF9248EFE11F1557891FE696589;FC081C55582CED11A62CD892C0003F2A;2025-05-13;-2.0;-377.44
7EF68B2FED71FE1191EE10650500CBB9;FC081C55582CED11A62CD892C0003F2A;2025-05-13;-2.0;-660.52
406F525E25DFEE1191EE10650500A9B9;FC081C55582CED11A62CD892C0003F2A;2025-05-13;-2.0;-453.0
66958714648DFE11F1557891FE692489;FC081C55582CED11A62CD892C0003F2A;2025-05-13;-8.0;-32.82
00CAB61AEAB4EE11B1AD1065050048EA;FC081C55582CED11A62CD892C0003F2A;2025-05-13;-2.0;-96.44
7D8D42BB31CAED11A62CD892C0003F2A;FC081C55582CED11A62CD892C0003F2A;2025-05-13;-4.0;-269.58
A1BB321C575FFE11F1557891FE697689;FC081C55582CED11A62CD892C0003F2A;2025-05-13;-2.0;-96.6
DCF76680BDE7EE1191EE10650500B7B9;FC081C55582CED11A62CD892C0003F2A;2025-05-13;-2.0;-56.16
4EA25DBF6AA1CE11877210650500C369;FC081C55582CED11A62CD892C0003F2A;2025-05-13;-2.0;-338.28
8C61077434EA3E11052F6792C000D249;FC081C55582CED11A62CD892C0003F2A;2025-05-13;-2.0;-2668.06
8776BB210607DE11C846106505002F6A;FC081C55582CED11A62CD892C0003F2A;2025-05-13;-2.0;-23.66
97295CC2ECD4DE11ADB31065050021C8;FC081C55582CED11A62CD892C0003F2A;2025-05-13;-2.0;-270.84
73C38CCA2B9FFE11F1557891FE69C689;FC081C55582CED11A62CD892C0003F2A;2025-05-13;-2.0;-559.32
E1AC26FFF43DDE11406610650500364A;FC081C55582CED11A62CD892C0003F2A;2025-05-13;-2.0;-442.16
0BE8ED19CC8EFE11F1557891FE697589;FC081C55582CED11A62CD892C0003F2A;2025-05-13;-6.0;-270.0
DD1E79FF5A2A4E1142D58A6505009C08;FC081C55582CED11A62CD892C0003F2A;2025-05-13;-2.0;-132.0
6B14CFB8B4968E11F243BB650500CB3B;FC081C55582CED11A62CD892C0003F2A;2025-05-13;-2.0;-73.38
E5004D8311CAED11A62CD892C0003F2A;FC081C55582CED11A62CD892C0003F2A;2025-05-13;-2.0;-695.66
A5FC6FE23F5A4E1142D58A6505009C08;FC081C55582CED11A62CD892C0003F2A;2025-05-13;-2.0;-180.84
8F4FEA3CF1723E11052F6792C000CF39;FC081C55582CED11A62CD892C0003F2A;2025-05-13;-2.0;-1054.58
599CDA69EC14CE11877210650500E669;FC081C55582CED11A62CD892C0003F2A;2025-05-13;-2.0;-77.84
DC9AE3C90383AE11726010650500425A;FC081C55582CED11A62CD892C0003F2A;2025-05-13;-4.0;-282.24
06E7ED79A052DE11ADB310650500CDB8;FC081C55582CED11A62CD892C0003F2A;2025-05-13;-4.0;-102.0
D13F8CD48F549E115540106505000E3B;FC081C55582CED11A62CD892C0003F2A;2025-05-13;-2.0;-167.92
EB0D48ACDE1DDE11406610650500164A;FC081C55582CED11A62CD892C0003F2A;2025-05-13;-2.0;-231.88
24FC1F11E6E66E11B7B78A650500BC08;FC081C55582CED11A62CD892C0003F2A;2025-05-13;-2.0;-213.86
483F083F43F2EE11B1AD1065050006EA;FC081C55582CED11A62CD892C0003F2A;2025-05-13;-2.0;-165.38
DAE5C0B7506AFE11128010650500E819;FC081C55582CED11A62CD892C0003F2A;2025-05-13;-2.0;-231.34
0BAB7B3361CBEE1191EE1065050029B9;FC081C55582CED11A62CD892C0003F2A;2025-05-13;-2.0;-230.4
D3B5DE95BE2AFE11128010650500E819;FC081C55582CED11A62CD892C0003F2A;2025-05-13;-2.0;-127.08
5B6AF443F6B9FD11A4A96492C0006F3B;FC081C55582CED11A62CD892C0003F2A;2025-05-13;-4.0;-1196.0
A1EE3D300087CE11ADB3106505001FA8;FC081C55582CED11A62CD892C0003F2A;2025-05-13;-2.0;-182.0
E471E52632106E1142D58A650500AD08;FC081C55582CED11A62CD892C0003F2A;2025-05-13;-2.0;-184.38
D044352D773BFE11128010650500E819;FC081C55582CED11A62CD892C0003F2A;2025-05-13;-6.0;-594.0
1236DE86D4F5FE1191EE10650500A1C9;FC081C55582CED11A62CD892C0003F2A;2025-05-13;-2.0;-800.96
8605C12893E58E11F243BB650500DA3B;FC081C55582CED11A62CD892C0003F2A;2025-05-13;-2.0;-430.06
71716407104FFE11F1557891FE695689;FC081C55582CED11A62CD892C0003F2A;2025-05-13;-2.0;-17.72
C16D5A06D343FE1191EE106505001EB9;FC081C55582CED11A62CD892C0003F2A;2025-05-13;-2.0;-249.14
770041189AC9FE11128010650500E819;FC081C55582CED11A62CD892C0003F2A;2025-05-13;-4.0;-258.0
088A368A545FDE11406610650500094A;FC081C55582CED11A62CD892C0003F2A;2025-05-13;-2.0;-1408.84
96CB8268BA54BE11BE2110650500EA5A;FC081C55582CED11A62CD892C0003F2A;2025-05-13;-2.0;-1251.62
B0E566F314D4EE11B1AD1065050068EA;FC081C55582CED11A62CD892C0003F2A;2025-05-13;-2.0;-400.68
9D5E8310BDE7EE1191EE10650500B7B9;FC081C55582CED11A62CD892C0003F2A;2025-05-13;-4.0;-67.7
C63EE0E5A257DE11C846106505008F6A;FC081C55582CED11A62CD892C0003F2A;2025-05-13;-4.0;-102.0
BCFE1D61769C9E11726010650500694A;FC081C55582CED11A62CD892C0003F2A;2025-05-13;-2.0;-254.78
BA2E521F8C78CE11ADB31065050060B8;FC081C55582CED11A62CD892C0003F2A;2025-05-13;-2.0;-994.86
AA3157C63E000E11A4A96492C0002019;FC081C55582CED11A62CD892C0003F2A;2025-05-13;-2.0;-264.0
B620FC24FD99CE11ADB310650500D1B8;FC081C55582CED11A62CD892C0003F2A;2025-05-13;-2.0;-461.26
2DC0B42A0592FE1191EE106505002DB9;FC081C55582CED11A62CD892C0003F2A;2025-05-13;-5.36;-1172.86
EBD33660B4EDDE11406610650500174A;FC081C55582CED11A62CD892C0003F2A;2025-05-13;-2.0;-589.72
6727520ED5F49E11554010650500DE3B;FC081C55582CED11A62CD892C0003F2A;2025-05-13;-2.0;-933.44
36978DEBB67F8E11F243BB650500A74B;FC081C55582CED11A62CD892C0003F2A;2025-05-13;-2.0;-31.2
735DE598C01C3E11052F6792C000D249;FC081C55582CED11A62CD892C0003F2A;2025-05-13;-2.0;-66.0
53A1E9ECF153FE1191EE106505002EB9;FC081C55582CED11A62CD892C0003F2A;2025-05-13;-2.0;-186.04
0E08E7A9180AEE1191EE1065050009B9;FC081C55582CED11A62CD892C0003F2A;2025-05-13;-2.0;-53.68
94C13F672AC0DE11ADB310650500ABB8;FC081C55582CED11A62CD892C0003F2A;2025-05-13;-2.0;-38.14
73D7D6A0BAC9FE11128010650500E819;FC081C55582CED11A62CD892C0003F2A;2025-05-13;-2.0;-41.0
2BFD49D87983FD110DC22A92C000C499;FC081C55582CED11A62CD892C0003F2A;2025-05-13;-2.0;-440.0
3E5970882DC97E110819BB65050019AA;FC081C55582CED11A62CD892C0003F2A;2025-05-13;-2.0;-141.12
08856C641CA75E1142D58A650500DC08;FC081C55582CED11A62CD892C0003F2A;2025-05-13;-2.0;-445.9
DE796FC88BCE8E11F243BB650500C64B;FC081C55582CED11A62CD892C0003F2A;2025-05-13;-2.0;-288.44
C5AF8A5FC0CAED11A62CD892C0003F2A;B0BDDED34CC83E11052F6792C000B249;2025-05-13;-6.0;-975.42
832C53538ABAFE11128010650500E819;B0BDDED34CC83E11052F6792C000B249;2025-05-13;-12.0;-345.6
C1F54BF1C19EBE11877210650500DF59;B0BDDED34CC83E11052F6792C000B249;2025-05-13;-10.0;-278.6
17193D88252C9E11726010650500D84A;B0BDDED34CC83E11052F6792C000B249;2025-05-13;-6.0;-686.52
7193A42C90458E113835BB6505000EAA;B0BDDED34CC83E11052F6792C000B249;2025-05-13;-2.0;-364.44
B130B6E525B4DE11ADB310650500F0C8;B0BDDED34CC83E11052F6792C000B249;2025-05-13;-2.0;-134.4
4AA238198E74FE1191EE10650500CFB9;B0BDDED34CC83E11052F6792C000B249;2025-05-13;-2.0;-540.0
FED6A495CA25EE11B1AD10650500D8EA;B0BDDED34CC83E11052F6792C000B249;2025-05-13;-2.0;-114.0
9B4C369F7EF2FD110DC22A92C000C499;B0BDDED34CC83E11052F6792C000B249;2025-05-13;-2.0;-98.0
770519DFC0CAED11A62CD892C0003F2A;B0BDDED34CC83E11052F6792C000B249;2025-05-13;-4.0;-767.32
5457695CA7600E11A4A96492C0002019;B0BDDED34CC83E11052F6792C000B249;2025-05-13;-2.0;-227.24
DE433F4F5F73DE11ADB3106505004FB8;B0BDDED34CC83E11052F6792C000B249;2025-05-13;-2.0;-672.14
417737989447DE11C846106505007F6A;B0BDDED34CC83E11052F6792C000B249;2025-05-13;-2.0;-167.24
80B0BB5F01CAED11A62CD892C0003F2A;B0BDDED34CC83E11052F6792C000B249;2025-05-13;-2.0;-337.28
E42F2727A0651E1143F0668E4200EE89;B0BDDED34CC83E11052F6792C000B249;2025-05-13;-10.0;-924.0
34033A80E0CAED11A62CD892C0003F2A;B0BDDED34CC83E11052F6792C000B249;2025-05-13;-2.0;-298.58
3286CEB056E24E1142D58A6505000C08;B0BDDED34CC83E11052F6792C000B249;2025-05-13;-2.0;-249.24
1DC441CF7A053E11052F6792C000FF39;B0BDDED34CC83E11052F6792C000B249;2025-05-13;-2.0;-973.88
59CD740476EDDE11406610650500174A;B0BDDED34CC83E11052F6792C000B249;2025-05-13;-2.0;-108.6
52EC0D7DEAD02E1143F0668E4200C71A;B0BDDED34CC83E11052F6792C000B249;2025-05-13;-2.0;-225.48
7D7CD4002978FE11128010650500D819;B0BDDED34CC83E11052F6792C000B249;2025-05-13;-2.0;-76.44
BC3CDCD35F28CE11ADB310650500FFA8;B0BDDED34CC83E11052F6792C000B249;2025-05-13;-2.0;-273.38
E247820BD72EFE11F1557891FE69F489;B0BDDED34CC83E11052F6792C000B249;2025-05-13;-2.0;-264.0
19B4B3B353D99E11525010650500AA4A;B0BDDED34CC83E11052F6792C000B249;2025-05-13;-2.0;-1406.98
3CF5EBC551CAED11A62CD892C0003F2A;B0BDDED34CC83E11052F6792C000B249;2025-05-13;-2.0;-421.18
00C974C898E3FE1191EE10650500FEB9;B0BDDED34CC83E11052F6792C000B249;2025-05-13;-2.0;-164.12
80F3A378A4170E11A4A96492C000EC6A;B0BDDED34CC83E11052F6792C000B249;2025-05-13;-4.0;-527.76
78CD6AE3E60BFE11128010650500E819;B0BDDED34CC83E11052F6792C000B249;2025-05-13;-2.0;-120.38
CA786137F4F74E1142D58A6505002C08;B0BDDED34CC83E11052F6792C000B249;2025-05-13;-2.0;-1030.72
6328E30C170ECE11ADB310650500D7B8;B0BDDED34CC83E11052F6792C000B249;2025-05-13;-2.0;-200.76
BE80BFC40D8FCE11ADB310650500E9B8;B0BDDED34CC83E11052F6792C000B249;2025-05-13;-8.0;-692.8
F7892213A3FF7E110819BB65050039AA;B0BDDED34CC83E11052F6792C000B249;2025-05-13;-6.0;-418.68
206A5A7B01F0EE114066106505001B4A;B0BDDED34CC83E11052F6792C000B249;2025-05-13;-6.0;-146.48
E7404E00B0CAED11A62CD892C0003F2A;B0BDDED34CC83E11052F6792C000B249;2025-05-13;-6.0;-311.04
8133259A51FBEE1191EE1065050029B9;B0BDDED34CC83E11052F6792C000B249;2025-05-13;-4.0;-51.22
EF2B30B1D09EBE11877210650500DF59;B0BDDED34CC83E11052F6792C000B249;2025-05-13;-4.0;-111.44
0EC2FEBA47E4DE11ADB31065050031C8;B0BDDED34CC83E11052F6792C000B249;2025-05-13;-2.0;-582.84
380519DFC0CAED11A62CD892C0003F2A;B0BDDED34CC83E11052F6792C000B249;2025-05-13;-6.0;-1417.08
0BFD2D2B01638E111E1BBB650500BBAA;B0BDDED34CC83E11052F6792C000B249;2025-05-13;-2.0;-95.26
926F12D95A7E8E11F243BB650500664B;B0BDDED34CC83E11052F6792C000B249;2025-05-13;-2.0;-311.96
BF261D13477EFE11F1557891FE695589;B0BDDED34CC83E11052F6792C000B249;2025-05-13;-4.0;-1423.48
27312590B0CAED11A62CD892C0003F2A;B0BDDED34CC83E11052F6792C000B249;2025-05-13;-2.0;-155.42
AEDCC768C4BC3E11052F6792C000D249;B0BDDED34CC83E11052F6792C000B249;2025-05-13;-2.0;-147.44
7EA32EFF24D04E1142D58A650500DB08;B0BDDED34CC83E11052F6792C000B249;2025-05-13;-2.0;-282.6
78D74F3F637BDE11406610650500E34A;B0BDDED34CC83E11052F6792C000B249;2025-05-13;-18.0;-459.0
6FF7EF9EA8138E110223BB6505005BAA;B0BDDED34CC83E11052F6792C000B249;2025-05-13;-2.0;-481.84
6D1EE57B123EDE11406610650500874A;B0BDDED34CC83E11052F6792C000B249;2025-05-13;-14.0;-510.15999999999997
9235C461DE300F11F1557891FE699789;B0BDDED34CC83E11052F6792C000B249;2025-05-13;-2.0;-606.22
BD460F5EEB6DFE11F1557891FE690489;B0BDDED34CC83E11052F6792C000B249;2025-05-13;-6.0;-1079.4
DF512FF7D62FFE11F1557891FE693689;B0BDDED34CC83E11052F6792C000B249;2025-05-13;-2.0;-160.0
C9670700E0CAED11A62CD892C0003F2A;B0BDDED34CC83E11052F6792C000B249;2025-05-13;-2.0;-236.08
FF96B7DB01CAED11A62CD892C0003F2A;B0BDDED34CC83E11052F6792C000B249;2025-05-13;-2.0;-222.72
DDF5EBC551CAED11A62CD892C0003F2A;B0BDDED34CC83E11052F6792C000B249;2025-05-13;-2.0;-421.18
45E81D4775553E11052F6792C000FF39;B0BDDED34CC83E11052F6792C000B249;2025-05-13;-6.0;-451.04
380C5E21AA3EED11A62CD892C000399B;B0BDDED34CC83E11052F6792C000B249;2025-05-13;-2.0;-45.94
DD7B70A1D0E9DE11406610650500C14A;B0BDDED34CC83E11052F6792C000B249;2025-05-13;-4.0;-452.6
D9E6314AA47D8E11F243BB650500154B;B0BDDED34CC83E11052F6792C000B249;2025-05-13;-2.0;-321.22
1C82A37C1A5FFE11F1557891FE697689;B0BDDED34CC83E11052F6792C000B249;2025-05-13;-2.0;-94.7
11BFA7E302A68E11F243BB650500DB3B;B0BDDED34CC83E11052F6792C000B249;2025-05-13;-2.0;-83.2
5B81572ED9FC9E11726010650500E94A;B0BDDED34CC83E11052F6792C000B249;2025-05-13;-4.0;-67.08
285DA64F45B4DE11ADB310650500F0C8;B0BDDED34CC83E11052F6792C000B249;2025-05-13;-2.0;-234.7
34DFE6D19C9A9E11525010650500AB4A;B0BDDED34CC83E11052F6792C000B249;2025-05-13;-2.0;-3766.0
679C6FE8697BAE11BE21106505009F4A;B0BDDED34CC83E11052F6792C000B249;2025-05-13;-2.0;-98.8
370A0946CF95FE1191EE1065050031C9;B0BDDED34CC83E11052F6792C000B249;2025-05-13;-2.0;-1098.52
25B1C9E5E61BDE11406610650500634A;B0BDDED34CC83E11052F6792C000B249;2025-05-13;-2.0;-195.52
88D18E6DCFD4EE11B1AD1065050078EA;B0BDDED34CC83E11052F6792C000B249;2025-05-13;-2.0;-301.1
C7CBE3A152FCED11A62CD892C0003F2A;B0BDDED34CC83E11052F6792C000B249;2025-05-13;-2.0;-266.28
2F3B9DF0C9BDEE1191EE1065050029B9;B0BDDED34CC83E11052F6792C000B249;2025-05-13;-4.0;-429.6
33D5A8D9B877DE11C84610650500BF6A;B0BDDED34CC83E11052F6792C000B249;2025-05-13;-6.0;-153.0
DD6C8A4874A1BE11BE2110650500775A;B0BDDED34CC83E11052F6792C000B249;2025-05-13;-2.0;-421.94
F751DAD1AEAD7E110819BB65050039AA;B0BDDED34CC83E11052F6792C000B249;2025-05-13;-2.0;-764.7
63F06CAC2C2DFE11F1557891FE69B389;B0BDDED34CC83E11052F6792C000B249;2025-05-13;-2.0;-327.6
1A5A688AC2DF4E1142D58A650500BC08;B0BDDED34CC83E11052F6792C000B249;2025-05-13;-2.0;-206.44
2E3101B1899FFE11F1557891FE69C689;B0BDDED34CC83E11052F6792C000B249;2025-05-13;-2.0;-208.66
5FAC228B504F6E11B7B78A650500CD08;B0BDDED34CC83E11052F6792C000B249;2025-05-13;-2.0;-250.72
86A71E4EB7E00F11112A674AC7E29889;B0BDDED34CC83E11052F6792C000B249;2025-05-13;-2.0;-278.56
009BDC3256D46E11B7B78A650500BC08;B0BDDED34CC83E11052F6792C000B249;2025-05-13;-2.0;-466.82
F9ECB87726F5BE11877210650500E459;B0BDDED34CC83E11052F6792C000B249;2025-05-13;-2.0;-151.42
E86EEFCDF77DFE1158A3BB3DBE8E1489;B0BDDED34CC83E11052F6792C000B249;2025-05-13;-4.0;-560.66
2E867EC30E3CEE1191EE1065050029B9;B0BDDED34CC83E11052F6792C000B249;2025-05-13;-2.0;-271.26
3975895BF3211E1143F0668E42008C3B;B0BDDED34CC83E11052F6792C000B249;2025-05-13;-2.0;-323.8
F17C8D45297BBE11877210650500EB59;B0BDDED34CC83E11052F6792C000B249;2025-05-13;-2.0;-50.68
E2A77B826DC2DE11ADB3106505006EB8;B0BDDED34CC83E11052F6792C000B249;2025-05-13;-2.0;-177.2
DB28190B23A5FD110DC22A92C000D158;B0BDDED34CC83E11052F6792C000B249;2025-05-13;-2.0;-476.36
FE15F8F901CAED11A62CD892C0003F2A;B0BDDED34CC83E11052F6792C000B249;2025-05-13;-2.0;-306.6
3E8FF86771365E1142D58A650500DC08;B0BDDED34CC83E11052F6792C000B249;2025-05-13;-2.0;-422.76
F6CC25B0AD2ECE11ADB31065050008B8;B0BDDED34CC83E11052F6792C000B249;2025-05-13;-4.0;-392.98
4465BF813364EE11B1AD10650500D7EA;B0BDDED34CC83E11052F6792C000B249;2025-05-13;-2.0;-47.28
4FC8FECA2705EE11B1AD10650500A8EA;B0BDDED34CC83E11052F6792C000B249;2025-05-13;-2.0;-305.86
450A3DFFD31DEE1191EE1065050029B9;B0BDDED34CC83E11052F6792C000B249;2025-05-13;-2.0;-138.62
AC38E545E015EE11B1AD10650500B8EA;B0BDDED34CC83E11052F6792C000B249;2025-05-13;-2.0;-375.2
578E502DD50DEE1191EE1065050029B9;B0BDDED34CC83E11052F6792C000B249;2025-05-13;-4.0;-429.38
692172BCE2A8CE11ADB31065050090B8;B0BDDED34CC83E11052F6792C000B249;2025-05-13;-2.0;-785.62
4EA66A61AA187E110819BB65050009AA;B0BDDED34CC83E11052F6792C000B249;2025-05-13;-4.0;-203.0
67D7C3566D5ADE11406610650500624A;B0BDDED34CC83E11052F6792C000B249;2025-05-13;-2.0;-854.0
1A3250D1AC456E11B7B78A650500BC08;44673735EAF46E11B7B78A650500BC08;2025-05-13;-2.0;-286.86
6C2125C9B49DFE11F1557891FE693489;44673735EAF46E11B7B78A650500BC08;2025-05-13;-4.0;-960.0
5BD44541D0F27E11B7B78A650500DD08;44673735EAF46E11B7B78A650500BC08;2025-05-13;-2.0;-55.46
FADCFDD2EE2BBE118772106505008B59;44673735EAF46E11B7B78A650500BC08;2025-05-13;-8.0;-861.7
15137EBFE6197E110819BB65050009AA;44673735EAF46E11B7B78A650500BC08;2025-05-13;-18.0;-579.94
F6BCF4881BE66E11B7B78A650500BC08;44673735EAF46E11B7B78A650500BC08;2025-05-13;-10.0;-589.8
B8F8E0A6C6E3AE11726010650500C25A;44673735EAF46E11B7B78A650500BC08;2025-05-13;-54.0;-1296.0
861DD8F181E4EE11B1AD1065050078EA;44673735EAF46E11B7B78A650500BC08;2025-05-13;-2.0;-222.0
9C3D7FF09EEDBE118772106505000F59;44673735EAF46E11B7B78A650500BC08;2025-05-13;-10.0;-369.3
143AB36E21C7DE11C84610650500107A;44673735EAF46E11B7B78A650500BC08;2025-05-13;-6.0;-39.42
9214BC8D6E29CE11ADB31065050041B8;44673735EAF46E11B7B78A650500BC08;2025-05-13;-4.0;-1799.54
642A59F44E456E11B7B78A650500BC08;44673735EAF46E11B7B78A650500BC08;2025-05-13;-110.0;-1100.0
BBF58FB1DC456E11B7B78A650500BC08;44673735EAF46E11B7B78A650500BC08;2025-05-13;-2.0;-345.0
DDE0041AF2A7AE11BE2110650500BA4A;44673735EAF46E11B7B78A650500BC08;2025-05-13;-4.0;-529.64
0BE979531C7C9E11726010650500494A;44673735EAF46E11B7B78A650500BC08;2025-05-13;-8.0;-978.92
2BCCB1E663039E115540106505004C3B;44673735EAF46E11B7B78A650500BC08;2025-05-13;-6.0;-266.22
CA7A56F8FE3CEE1191EE1065050029B9;44673735EAF46E11B7B78A650500BC08;2025-05-13;-2.0;-90.8
3FD8ECB887DEAE11BE2110650500E35A;44673735EAF46E11B7B78A650500BC08;2025-05-13;-2.0;-2039.02
197FD577A0CAED11A62CD892C0003F2A;44673735EAF46E11B7B78A650500BC08;2025-05-13;-6.0;-1191.66
7C439A624F49AE11BE2110650500DC4A;44673735EAF46E11B7B78A650500BC08;2025-05-13;-6.0;-349.14
036B0A42721A8E11F243BB650500304B;44673735EAF46E11B7B78A650500BC08;2025-05-13;-14.0;-634.06
7634445DF7300F11F1557891FE699789;44673735EAF46E11B7B78A650500BC08;2025-05-13;-4.0;-820.0
E2EC131B9511EE114066106505004B4A;44673735EAF46E11B7B78A650500BC08;2025-05-13;-2.0;-1186.86
D294A19AB552AE11726010650500C05A;44673735EAF46E11B7B78A650500BC08;2025-05-13;-10.0;-610.0
667775EA9D456E11B7B78A650500BC08;44673735EAF46E11B7B78A650500BC08;2025-05-13;-4.0;-226.48
4783DFBF8BA3BE11BE21106505000A5A;44673735EAF46E11B7B78A650500BC08;2025-05-13;-2.0;-102.28
2E9DE51F066E9E11726010650500CB4A;44673735EAF46E11B7B78A650500BC08;2025-05-13;-2.0;-51.34
F42748CCDC9F7E110819BB65050039AA;44673735EAF46E11B7B78A650500BC08;2025-05-13;-6.0;-276.48
BCF04DC9CC3FFE11F1557891FE695689;44673735EAF46E11B7B78A650500BC08;2025-05-13;-2.0;-520.3
C76B812C1C4B8E11F243BB650500C14B;44673735EAF46E11B7B78A650500BC08;2025-05-13;-4.0;-2108.0
3926DF934D8ADE11406610650500A24A;44673735EAF46E11B7B78A650500BC08;2025-05-13;-8.0;-12522.36
298FDBBE9F25FE1191EE10650500A0C9;44673735EAF46E11B7B78A650500BC08;2025-05-13;-6.0;-1407.98
C3D8C1394D85DE11ADB31065050002C8;44673735EAF46E11B7B78A650500BC08;2025-05-13;-6.0;-625.8
C214BC8D6E29CE11ADB31065050041B8;44673735EAF46E11B7B78A650500BC08;2025-05-13;-2.0;-293.7
FB0EAADDCC4CFE111280106505000919;44673735EAF46E11B7B78A650500BC08;2025-05-13;-2.0;-348.0
9B889D929C456E11B7B78A650500BC08;44673735EAF46E11B7B78A650500BC08;2025-05-13;-18.0;-154.32
63F995D2BC1EFE11F1557891FE69E489;44673735EAF46E11B7B78A650500BC08;2025-05-13;-2.0;-179.0
E75902914575EE1191EE10650500D4B9;44673735EAF46E11B7B78A650500BC08;2025-05-13;-10.0;-268.0
710332DA8D410F11112A674AC7E21989;44673735EAF46E11B7B78A650500BC08;2025-05-13;-2.0;-45.5
BD816F1ECAD0FE1191EE10650500FAB9;44673735EAF46E11B7B78A650500BC08;2025-05-13;-6.0;-1388.58
B46F71DDD6CD6E11B7B78A650500BC08;44673735EAF46E11B7B78A650500BC08;2025-05-13;-6.0;-321.0
4DDB5432F45AAE11BE21106505002E4A;44673735EAF46E11B7B78A650500BC08;2025-05-13;-4.0;-1387.62
468337CD542CAE11BE2110650500705A;44673735EAF46E11B7B78A650500BC08;2025-05-13;-6.0;-1218.24
106265483915CE11ADB3106505000DA8;44673735EAF46E11B7B78A650500BC08;2025-05-13;-12.0;-3484.4399999999996
EE261D8F49BFEE1191EE1065050089B9;44673735EAF46E11B7B78A650500BC08;2025-05-13;-2.0;-47.18
910C00DE6EEAAE11BE2110650500EE4A;44673735EAF46E11B7B78A650500BC08;2025-05-13;-24.0;-240.88
E20630EFAD53AE11726010650500125A;44673735EAF46E11B7B78A650500BC08;2025-05-13;-4.0;-21.12
36736176E770BE11BE2110650500F55A;44673735EAF46E11B7B78A650500BC08;2025-05-13;-6.0;-321.26
F3D7F6328D456E11B7B78A650500BC08;44673735EAF46E11B7B78A650500BC08;2025-05-13;-6.0;-189.35999999999999
F754AB3DD6568E11F243BB6505007B3B;44673735EAF46E11B7B78A650500BC08;2025-05-13;-6.0;-319.86
69BC745D6309AE11BE21106505007C4A;44673735EAF46E11B7B78A650500BC08;2025-05-13;-2.0;-182.4
60F479B22BC96E11B7B78A650500BC08;44673735EAF46E11B7B78A650500BC08;2025-05-13;-2.0;-473.32
67EA5FA18D60BE11BE2110650500E55A;44673735EAF46E11B7B78A650500BC08;2025-05-13;-6.0;-438.0
76736176E770BE11BE2110650500F55A;44673735EAF46E11B7B78A650500BC08;2025-05-13;-2.0;-142.88
6870C088421A8E11F243BB650500304B;44673735EAF46E11B7B78A650500BC08;2025-05-13;-2.0;-96.52
38A954B22ADFEE1191EE10650500A9B9;44673735EAF46E11B7B78A650500BC08;2025-05-13;-2.0;-747.6
38D11EDAC550CE118772106505001269;44673735EAF46E11B7B78A650500BC08;2025-05-13;-2.0;-228.2
22C0565E2E456E11B7B78A650500BC08;44673735EAF46E11B7B78A650500BC08;2025-05-13;-20.0;-1960.0
B161FA54728E6E11B7B78A6505003D08;44673735EAF46E11B7B78A650500BC08;2025-05-13;-2.0;-930.0
C3A27F630AA07E11B7B78A650500CD08;44673735EAF46E11B7B78A650500BC08;2025-05-13;-2.0;-1151.4
72B3B62E7E8ADE11406610650500A24A;44673735EAF46E11B7B78A650500BC08;2025-05-13;-8.0;-12339.5
A474163B30556E11B7B78A650500BC08;44673735EAF46E11B7B78A650500BC08;2025-05-13;-2.0;-186.92
49777127CC456E11B7B78A650500BC08;44673735EAF46E11B7B78A650500BC08;2025-05-13;-2.0;-1916.24
79F0313630556E11B7B78A650500BC08;44673735EAF46E11B7B78A650500BC08;2025-05-13;-2.0;-368.1
93137EBFE6197E110819BB65050009AA;44673735EAF46E11B7B78A650500BC08;2025-05-13;-2.0;-26.36
A8BC203F00300F11F1557891FE698789;44673735EAF46E11B7B78A650500BC08;2025-05-13;-2.0;-134.92
EF81679C8B7ECE11ADB31065050068B8;44673735EAF46E11B7B78A650500BC08;2025-05-13;-6.0;-1908.12
0CE914265F66DE11ADB31065050023C8;44673735EAF46E11B7B78A650500BC08;2025-05-13;-2.0;-475.82
DAFCBFF0E0CAED11A62CD892C0003F2A;44673735EAF46E11B7B78A650500BC08;2025-05-13;-2.0;-223.34
36EE245014D9DE11406610650500B14A;44673735EAF46E11B7B78A650500BC08;2025-05-13;-2.0;-22.7
94140373C11A8E11F243BB650500304B;44673735EAF46E11B7B78A650500BC08;2025-05-13;-2.0;-186.46
A53FF153AF2C9E11726010650500E84A;44673735EAF46E11B7B78A650500BC08;2025-05-13;-2.0;-192.32
BF36E415AA79DE11406610650500414A;44673735EAF46E11B7B78A650500BC08;2025-05-13;-2.0;-264.0
6B8BE0D1490FEE1191EE1065050029B9;44673735EAF46E11B7B78A650500BC08;2025-05-13;-20.0;-224.48
8D2CF03D29457E11B7B78A650500ED08;44673735EAF46E11B7B78A650500BC08;2025-05-13;-4.0;-9216.0
7ED60B17CD8BEE1191EE1065050029B9;44673735EAF46E11B7B78A650500BC08;2025-05-13;-2.0;-295.58
503E72117EEAAE11BE2110650500EE4A;44673735EAF46E11B7B78A650500BC08;2025-05-13;-16.0;-528.78
633D0987256EEE1191EE1065050029B9;44673735EAF46E11B7B78A650500BC08;2025-05-13;-2.0;-150.0
5FD2D9C031A9EE1191EE1065050009B9;44673735EAF46E11B7B78A650500BC08;2025-05-13;-2.0;-209.12
C8C1EFE6AC456E11B7B78A650500BC08;44673735EAF46E11B7B78A650500BC08;2025-05-13;-2.0;-71.94
E5DD4C2180E2FE1191EE106505009DB9;44673735EAF46E11B7B78A650500BC08;2025-05-13;-2.0;-874.82
3DC741E1C11A8E11F243BB650500304B;44673735EAF46E11B7B78A650500BC08;2025-05-13;-8.0;-72.78
F59D3F256923FE1191EE10650500FDB9;44673735EAF46E11B7B78A650500BC08;2025-05-13;-4.0;-45.0
D0CD2AA19AB8BE118772106505006859;44673735EAF46E11B7B78A650500BC08;2025-05-13;-20.0;-238.8
8B22C2BEDFF0AE117260106505001F4A;44673735EAF46E11B7B78A650500BC08;2025-05-13;-2.0;-774.0
426981DC21E6EE1191EE1065050096B9;44673735EAF46E11B7B78A650500BC08;2025-05-13;-4.0;-1820.0
21EC2E3CCB456E11B7B78A650500BC08;44673735EAF46E11B7B78A650500BC08;2025-05-13;-2.0;-19.14
2A79254529DDCE11ADB31065050097B8;44673735EAF46E11B7B78A650500BC08;2025-05-13;-2.0;-300.0
51B9EBEEFC456E11B7B78A650500BC08;44673735EAF46E11B7B78A650500BC08;2025-05-13;-4.0;-28076.8
8D8C811094EEAE11BE2110650500F35A;44673735EAF46E11B7B78A650500BC08;2025-05-13;-4.0;-513.24
EEE9A904C880DE11ADB3106505005BB8;44673735EAF46E11B7B78A650500BC08;2025-05-13;-4.0;-2233.48
F8CE11B603B89E11525010650500294A;44673735EAF46E11B7B78A650500BC08;2025-05-13;-2.0;-131.52
DF3C932CA2A27E11B7B78A650500DD08;44673735EAF46E11B7B78A650500BC08;2025-05-13;-2.0;-2323.2
6E6B2845604F6E11B7B78A650500CD08;44673735EAF46E11B7B78A650500BC08;2025-05-13;-24.0;-474.0
1D9E767F066E9E11726010650500CB4A;44673735EAF46E11B7B78A650500BC08;2025-05-13;-6.0;-819.64
7B4583BE45CF8E11F243BB650500084B;44673735EAF46E11B7B78A650500BC08;2025-05-13;-2.0;-92.72
DEB89A9102D07E11B7B78A650500CD08;44673735EAF46E11B7B78A650500BC08;2025-05-13;-2.0;-129.2
9E6562BA390FEE1191EE1065050029B9;44673735EAF46E11B7B78A650500BC08;2025-05-13;-4.0;-116.16
67C5171B4DA1EE114066106505000C4A;44673735EAF46E11B7B78A650500BC08;2025-05-13;-2.0;-141.82
A8C13203A62FFE11F1557891FE693689;44673735EAF46E11B7B78A650500BC08;2025-05-13;-4.0;-320.0
2A3F22AA137C1E1143F0668E4200502B;44673735EAF46E11B7B78A650500BC08;2025-05-13;-2.0;-160.08
4D0092EC80FF6E11B7B78A650500CD08;44673735EAF46E11B7B78A650500BC08;2025-05-13;-6.0;-1709.52
583B896886838E113835BB6505000CAA;44673735EAF46E11B7B78A650500BC08;2025-05-13;-2.0;-67.08
E2D90FCF2C456E11B7B78A650500BC08;44673735EAF46E11B7B78A650500BC08;2025-05-13;-12.0;-3535.46
E369BA7A7A0C5E1142D58A6505000D08;44673735EAF46E11B7B78A650500BC08;2025-05-13;-2.0;-307.24
F0BA41EFC688CE11ADB31065050070B8;44673735EAF46E11B7B78A650500BC08;2025-05-13;-6.0;-792.02
46881F4B13D0DE11ADB310650500BBB8;44673735EAF46E11B7B78A650500BC08;2025-05-13;-4.0;-307.04
979A73B1510B8E11F243BB650500614B;44673735EAF46E11B7B78A650500BC08;2025-05-13;-2.0;-2246.0
BAD716D859B1EE114066106505001C4A;44673735EAF46E11B7B78A650500BC08;2025-05-13;-2.0;-74.1
BAC0B1EBB9456E11B7B78A650500BC08;44673735EAF46E11B7B78A650500BC08;2025-05-13;-2.0;-601.08
151B4958E770BE11BE2110650500F55A;44673735EAF46E11B7B78A650500BC08;2025-05-13;-4.0;-389.26
E00179338440FE1191EE106505003AB9;44673735EAF46E11B7B78A650500BC08;2025-05-13;-2.0;-2061.88
ED5E9FA8E5385E1142D58A650500DC08;44673735EAF46E11B7B78A650500BC08;2025-05-13;-4.0;-667.6
128935AEEC96BE11877210650500B559;44673735EAF46E11B7B78A650500BC08;2025-05-13;-2.0;-119.7
E601B238BAB27E11B7B78A650500DD08;44673735EAF46E11B7B78A650500BC08;2025-05-13;-4.0;-1038.72
D0803D3F44CAFE11128010650500E819;44673735EAF46E11B7B78A650500BC08;2025-05-13;-2.0;-210.16
BBCB17FFD6568E11F243BB6505007B3B;44673735EAF46E11B7B78A650500BC08;2025-05-13;-2.0;-109.76
FC0D5DA33581DE11ADB310650500CCB8;44673735EAF46E11B7B78A650500BC08;2025-05-13;-2.0;-332.0
BA590A67D79FFE11F1557891FE69C689;44673735EAF46E11B7B78A650500BC08;2025-05-13;-6.0;-342.6
0BD7ADA2452BDE11406610650500734A;44673735EAF46E11B7B78A650500BC08;2025-05-13;-2.0;-589.82
307C04770126BE118772106505001559;44673735EAF46E11B7B78A650500BC08;2025-05-13;-4.0;-254.6
8F2A5EA8EE2ECE11ADB31065050008B8;FC081C55582CED11A62CD892C0003F2A;2025-05-13;-2.0;-232.48
2326FF937046AE11BE2110650500F84A;44673735EAF46E11B7B78A650500BC08;2025-05-13;2.0;532.86
FF9136E4A9959E11554010650500BF3B;44673735EAF46E11B7B78A650500BC08;2025-05-13;0.0;0.0
26AB8172A92F6E11B7B78A650500CD08;44673735EAF46E11B7B78A650500BC08;2025-05-13;4.0;199.12
E1A53233798AFE11128010650500E819;FC081C55582CED11A62CD892C0003F2A;2025-05-13;0.0;0.0
C0727D033533FE1191EE106505000EB9;FC081C55582CED11A62CD892C0003F2A;2025-05-13;0.0;0.0
61FCC6ED04B0EE11406610650500CA4A;FC081C55582CED11A62CD892C0003F2A;2025-05-13;0.0;0.0
C688EC739E57DE11C846106505009F6A;FC081C55582CED11A62CD892C0003F2A;2025-05-13;0.0;0.0
79C90377B1C10F114EF7A826072BB989;FC081C55582CED11A62CD892C0003F2A;2025-05-13;0.0;0.0
3CD417E8BC32FE1191EE10650500BCB9;FC081C55582CED11A62CD892C0003F2A;2025-05-13;0.0;5.4569682106375694e-12
59BECB7004269E11554010650500604B;FC081C55582CED11A62CD892C0003F2A;2025-05-13;0.0;0.0
1F31DEAA44269E11554010650500604B;FC081C55582CED11A62CD892C0003F2A;2025-05-13;0.0;0.0
1200C1E80BEA5E1142D58A6505000D08;FC081C55582CED11A62CD892C0003F2A;2025-05-13;0.0;0.0
B258F2FDF513CE118772106505009569;FC081C55582CED11A62CD892C0003F2A;2025-05-13;0.0;0.0
B4A440EADDDFEE1191EE10650500B9B9;FC081C55582CED11A62CD892C0003F2A;2025-05-13;0.0;0.0
F89CDB058836CE11ADB3106505008DA8;FC081C55582CED11A62CD892C0003F2A;2025-05-13;0.0;0.0
B957C33A1296CE11ADB310650500EDA8;FC081C55582CED11A62CD892C0003F2A;2025-05-13;0.0;0.0
41321E312D08DE11C84610650500707A;FC081C55582CED11A62CD892C0003F2A;2025-05-13;0.0;0.0
D6125EB8CC8EFE11F1557891FE697589;FC081C55582CED11A62CD892C0003F2A;2025-05-13;0.0;0.0
EF5E4609CC8EFE11F1557891FE697589;FC081C55582CED11A62CD892C0003F2A;2025-05-13;0.0;0.0
57A7D6A0BAC9FE11128010650500E819;44673735EAF46E11B7B78A650500BC08;2025-05-13;64.0;1971.2
770041189AC9FE11128010650500E819;44673735EAF46E11B7B78A650500BC08;2025-05-13;38.0;2451.0
F24EC43D1728DE11C84610650500907A;B0BDDED34CC83E11052F6792C000B249;2025-05-13;4.0;4163.38
2057C477CBE2FE1191EE10650500ADB9;B0BDDED34CC83E11052F6792C000B249;2025-05-13;0.0;0.0
7200806E785EDE11406610650500C74A;B0BDDED34CC83E11052F6792C000B249;2025-05-13;0.0;0.0
3CEC22446B74EE11B1AD10650500F7EA;B0BDDED34CC83E11052F6792C000B249;2025-05-13;0.0;0.0
A1AB47AD21AAAE11BE21106505008E4A;B0BDDED34CC83E11052F6792C000B249;2025-05-13;0.0;0.0
B2EC674674940E11A4A96492C000067B;B0BDDED34CC83E11052F6792C000B249;2025-05-13;0.0;5.684341886080802e-14
BF884F7254940E11A4A96492C000067B;B0BDDED34CC83E11052F6792C000B249;2025-05-13;0.0;1.1368683772161603e-13
2E31218D95844E1142D58A6505002C08;B0BDDED34CC83E11052F6792C000B249;2025-05-13;0.0;0.0
02A6BE29AB12DE11ADB3106505008DB8;B0BDDED34CC83E11052F6792C000B249;2025-05-13;0.0;0.0
F025AD4DED7FFE11F1557891FE69A689;B0BDDED34CC83E11052F6792C000B249;2025-05-13;0.0;0.0
4CF4029D6431FE1191EE106505006BB9;B0BDDED34CC83E11052F6792C000B249;2025-05-13;0.0;0.0
8E87459A0AA07E11B7B78A650500CD08;B0BDDED34CC83E11052F6792C000B249;2025-05-13;-2.0;-342.92
792EEB7BF093FE1191EE106505008EB9;B0BDDED34CC83E11052F6792C000B249;2025-05-13;0.0;0.0
F5C36E0D7D79FE11128010650500E819;B0BDDED34CC83E11052F6792C000B249;2025-05-13;-14.0;-950.1199999999999
5AEC2C1F68DDCE11ADB31065050097B8;B0BDDED34CC83E11052F6792C000B249;2025-05-13;0.0;0.0
1B6C8EB465E0EE114066106505000B4A;B0BDDED34CC83E11052F6792C000B249;2025-05-13;0.0;0.0
2EFA4AF5C510CE11877210650500C169;B0BDDED34CC83E11052F6792C000B249;2025-05-13;0.0;0.0
E2B43FD5A0CAED11A62CD892C0003F2A;B0BDDED34CC83E11052F6792C000B249;2025-05-13;-2.0;-266.0
02E8F027EA44FE1191EE106505007FB9;B0BDDED34CC83E11052F6792C000B249;2025-05-13;0.0;0.0
B367D11D07FEBE118772106505005069;B0BDDED34CC83E11052F6792C000B249;2025-05-13;0.0;0.0
18EE1F869A278E11F243BB6505008C3B;B0BDDED34CC83E11052F6792C000B249;2025-05-13;0.0;0.0
03EE1F4D1EE88E11F243BB650500CE3B;B0BDDED34CC83E11052F6792C000B249;2025-05-13;-2.0;-81.24
FE26E815C295FE1191EE1065050021C9;FC081C55582CED11A62CD892C0003F2A;2025-05-13;0.0;0.0
79D63F9A7224EE11B1AD1065050087EA;FC081C55582CED11A62CD892C0003F2A;2025-05-13;0.0;0.0
6550279ACBA4EE11B1AD1065050038EA;FC081C55582CED11A62CD892C0003F2A;2025-05-13;0.0;0.0
257F837DF2D2FE1191EE106505007DB9;FC081C55582CED11A62CD892C0003F2A;2025-05-13;0.0;0.0
867C66A9B2C0AE11726010650500CE4A;44673735EAF46E11B7B78A650500BC08;2025-05-13;56.0;3128.16
9E53F5769783FD110DC22A92C000C499;FC081C55582CED11A62CD892C0003F2A;2025-05-13;8.0;1056.0
84FF41FB73C74E1142D58A6505002C08;FC081C55582CED11A62CD892C0003F2A;2025-05-13;24.0;3480.0
B049BD7C6D456E11B7B78A650500BC08;44673735EAF46E11B7B78A650500BC08;2025-05-13;-570.0;-5130.0
9D2E8486AF6DFE11F1557891FE690489;FC081C55582CED11A62CD892C0003F2A;2025-05-13;8.0;912.0
9C7EE16DD8FCEE1191EE1065050029B9;FC081C55582CED11A62CD892C0003F2A;2025-05-13;10.0;1620.0
BEC60F5EEB6DFE11F1557891FE690489;FC081C55582CED11A62CD892C0003F2A;2025-05-13;8.0;1439.2
4088AC04A537BE118772106505007659;FC081C55582CED11A62CD892C0003F2A;2025-05-13;8.0;1519.28
1897F59A56A0EE11406610650500BA4A;44673735EAF46E11B7B78A650500BC08;2025-05-13;0.0;0.0
1A9B5EC1BD010F11112A674AC7E2C889;FC081C55582CED11A62CD892C0003F2A;2025-05-13;16.0;6710.28
415C5EC1BD010F11112A674AC7E2C889;FC081C55582CED11A62CD892C0003F2A;2025-05-13;8.0;3817.92
24148AF1BD010F11112A674AC7E2C889;FC081C55582CED11A62CD892C0003F2A;2025-05-13;16.0;8330.0
E5A4887B5EACEE1191EE1065050029B9;FC081C55582CED11A62CD892C0003F2A;2025-05-13;0.0;0.0
58EC8A2ABC6DEE1191EE1065050029B9;FC081C55582CED11A62CD892C0003F2A;2025-05-13;0.0;0.0
3E7842E6A642EE11406610650500DC4A;FC081C55582CED11A62CD892C0003F2A;2025-05-13;0.0;0.0
CA347896378B3E11052F6792C000D249;B0BDDED34CC83E11052F6792C000B249;2025-05-13;10.0;565.5
19182E82D0993E11052F6792C000D249;B0BDDED34CC83E11052F6792C000B249;2025-05-13;4.0;628.4000000000001
44534DFBE61E4E1142D58A650500BC08;B0BDDED34CC83E11052F6792C000B249;2025-05-13;12.0;3307.2
FD003A7B4D5ADE11406610650500624A;FC081C55582CED11A62CD892C0003F2A;2025-05-13;6.0;2562.0
9DEBE596FB913E11052F6792C000CF39;FC081C55582CED11A62CD892C0003F2A;2025-05-13;20.0;17700.0
A40D943C1724FE1191EE106505004FB9;FC081C55582CED11A62CD892C0003F2A;2025-05-13;10.0;4990.0
84B20C336BCEAE11BE2110650500D35A;FC081C55582CED11A62CD892C0003F2A;2025-05-13;20.0;3960.0
D329023EF123CE11877210650500A569;FC081C55582CED11A62CD892C0003F2A;2025-05-13;112.0;3741.92
9B2D4ACB9B547E11B7B78A650500ED08;FC081C55582CED11A62CD892C0003F2A;2025-05-13;18.0;7098.639999999999
767E6E57CB70DE11ADB3106505004BB8;44673735EAF46E11B7B78A650500BC08;2025-05-13;-8.0;-844.34
E3B03A5913FDDE11406610650500274A;FC081C55582CED11A62CD892C0003F2A;2025-05-13;8.0;1845.76
BE80BFC40D8FCE11ADB310650500E9B8;FC081C55582CED11A62CD892C0003F2A;2025-05-13;24.0;2078.4
6ACC105068A1CE11877210650500C369;FC081C55582CED11A62CD892C0003F2A;2025-05-13;12.0;996.28
D0F3EB04AA4FFE11F1557891FE696689;44673735EAF46E11B7B78A650500BC08;2025-05-13;46.0;2691.92
95F75042DD456E11B7B78A650500BC08;44673735EAF46E11B7B78A650500BC08;2025-05-13;-4.0;-2570.0
A079393B24D99E11525010650500AA4A;44673735EAF46E11B7B78A650500BC08;2025-05-13;4.0;2078.44
470D0987256EEE1191EE1065050029B9;B0BDDED34CC83E11052F6792C000B249;2025-05-13;10.0;800.0
D8168C99268EFE11F1557891FE696589;B0BDDED34CC83E11052F6792C000B249;2025-05-13;10.0;970.0
267F32B541341E1143F0668E42008C3B;B0BDDED34CC83E11052F6792C000B249;2025-05-13;20.0;928.8
B7BC46BC1A5FFE11F1557891FE697689;B0BDDED34CC83E11052F6792C000B249;2025-05-13;8.0;378.8
EADE895C1A5FFE11F1557891FE697689;B0BDDED34CC83E11052F6792C000B249;2025-05-13;10.0;661.3
303872335D456E11B7B78A650500BC08;44673735EAF46E11B7B78A650500BC08;2025-05-13;40.0;470.0
33FC55E6CD456E11B7B78A650500BC08;44673735EAF46E11B7B78A650500BC08;2025-05-13;6.0;8471.46
F664184528D8EE1191EE10650500F8B9;44673735EAF46E11B7B78A650500BC08;2025-05-13;16.0;3174.08
FE8B3ACEDC410F11112A674AC7E21989;44673735EAF46E11B7B78A650500BC08;2025-05-13;8.0;2975.52
BE5D134965B4DE11ADB310650500F0C8;FC081C55582CED11A62CD892C0003F2A;2025-05-13;38.0;1581.56
7E02A93BC7E10F114EF7A826072BE989;B0BDDED34CC83E11052F6792C000B249;2025-05-13;24.0;3255.6
15380AE30653CE11877210650500E569;44673735EAF46E11B7B78A650500BC08;2025-05-13;20.0;1708.0
ABB4B4615942FE1191EE10650500CCB9;FC081C55582CED11A62CD892C0003F2A;2025-05-13;0.0;0.020000000000095497
0A938AF1BD010F11112A674AC7E2C889;B0BDDED34CC83E11052F6792C000B249;2025-05-13;4.0;1908.96
651476A1FC30DE11ADB310650500EAB8;FC081C55582CED11A62CD892C0003F2A;2025-05-13;8.0;858.04
2F776F1A691C6E11B7B78A650500BC08;B0BDDED34CC83E11052F6792C000B249;2025-05-13;4.0;6889.3
8E9B68AC880BED11A62CD892C0003F2A;B0BDDED34CC83E11052F6792C000B249;2025-05-13;8.0;12864.64
8D18E34B2A326E1142D58A650500AD08;FC081C55582CED11A62CD892C0003F2A;2025-05-13;0.0;0.0
0C6589EDED7FFE11F1557891FE69A689;FC081C55582CED11A62CD892C0003F2A;2025-05-13;0.0;0.0
409FDFAFEDFDDE11406610650500374A;FC081C55582CED11A62CD892C0003F2A;2025-05-13;0.0;0.0
29AF77F00EFDDE11406610650500374A;FC081C55582CED11A62CD892C0003F2A;2025-05-13;0.0;0.0
5B727333C1AB7E110819BB65050039AA;FC081C55582CED11A62CD892C0003F2A;2025-05-13;0.0;0.0
B2A178CA93C1CE11877210650500E369;FC081C55582CED11A62CD892C0003F2A;2025-05-13;16.0;659.36
ED6C6A371ABAFE11128010650500E819;FC081C55582CED11A62CD892C0003F2A;2025-05-13;4.0;2692.44
6293768C1A5FFE11F1557891FE697689;B0BDDED34CC83E11052F6792C000B249;2025-05-13;-10.0;-650.0
E128F5E1F61E4E1142D58A650500BC08;44673735EAF46E11B7B78A650500BC08;2025-05-13;12.0;2002.8
338F71D8E13E4E1142D58A650500BC08;44673735EAF46E11B7B78A650500BC08;2025-05-13;22.0;3671.7999999999997
660365FCED456E11B7B78A650500BC08;44673735EAF46E11B7B78A650500BC08;2025-05-13;12.0;3355.2
14F1412AC9280E11A4A96492C00009EB;B0BDDED34CC83E11052F6792C000B249;2025-05-13;-2.0;-484.62
1C069D96348FDE11406610650500494A;B0BDDED34CC83E11052F6792C000B249;2025-05-13;-2.0;-1188.0
9B1EB13888ABAE11BE2110650500DF4A;FC081C55582CED11A62CD892C0003F2A;2025-05-13;20.0;2719.46
8E5A8CB7C54DEE1191EE1065050029B9;FC081C55582CED11A62CD892C0003F2A;2025-05-13;34.0;748.0
FB0B74D7D0CAED11A62CD892C0003F2A;FC081C55582CED11A62CD892C0003F2A;2025-05-13;10.0;1789.48
330A664F4EF9FE11128010650500E819;FC081C55582CED11A62CD892C0003F2A;2025-05-13;4.0;1408.64
4AC029B21D1DDE11406610650500164A;FC081C55582CED11A62CD892C0003F2A;2025-05-13;20.0;1462.38
31C9F3E8FAE97E110819BB65050019AA;44673735EAF46E11B7B78A650500BC08;2025-05-13;0.0;0.0
C7C4251B63C74E1142D58A6505002C08;44673735EAF46E11B7B78A650500BC08;2025-05-13;0.0;0.0
09659CC4D0CAED11A62CD892C0003F2A;FC081C55582CED11A62CD892C0003F2A;2025-05-13;24.0;2042.5
CB5AB005003C0E11A4A96492C0001269;FC081C55582CED11A62CD892C0003F2A;2025-05-13;8.0;1076.4
0018E9D401CAED11A62CD892C0003F2A;FC081C55582CED11A62CD892C0003F2A;2025-05-13;12.0;1159.6
89E59375470A0E11A4A96492C0001269;FC081C55582CED11A62CD892C0003F2A;2025-05-13;12.0;860.34
3BBCE05C41446E11B7B78A650500BC08;FC081C55582CED11A62CD892C0003F2A;2025-05-13;6.0;2530.48
019222829A5C6E11B7B78A650500BC08;44673735EAF46E11B7B78A650500BC08;2025-05-13;38.0;8398.0
2AE59375470A0E11A4A96492C0001269;FC081C55582CED11A62CD892C0003F2A;2025-05-13;20.0;2930.0
66E044E2C92F6E11B7B78A650500CD08;44673735EAF46E11B7B78A650500BC08;2025-05-13;186.0;980.9599999999999
86376EBB268C7E110819BB65050039AA;44673735EAF46E11B7B78A650500BC08;2025-05-13;40.0;2884.0
724317C16D89FE11128010650500E819;FC081C55582CED11A62CD892C0003F2A;2025-05-13;8.0;3799.08
F0246C603364EE11B1AD10650500D7EA;FC081C55582CED11A62CD892C0003F2A;2025-05-13;24.0;792.0
5B615DFD40D2FE1191EE106505007DB9;B0BDDED34CC83E11052F6792C000B249;2025-05-13;10.0;517.7
FB4B0EAC17C2FE1191EE106505006DB9;B0BDDED34CC83E11052F6792C000B249;2025-05-13;6.0;639.9
0ED1D899951AFE11128010650500E819;B0BDDED34CC83E11052F6792C000B249;2025-05-13;6.0;460.22
F7DF837DF2D2FE1191EE106505007DB9;B0BDDED34CC83E11052F6792C000B249;2025-05-13;6.0;977.46
DE796FC88BCE8E11F243BB650500C64B;B0BDDED34CC83E11052F6792C000B249;2025-05-13;10.0;1442.2
A1F180986BB4EE11B1AD1065050048EA;B0BDDED34CC83E11052F6792C000B249;2025-05-13;4.0;1806.52
452390B2567D5E1142D58A6505002D08;FC081C55582CED11A62CD892C0003F2A;2025-05-13;6.0;863.12
32822B3DEDFAFD11A4A96492C0006F3B;FC081C55582CED11A62CD892C0003F2A;2025-05-13;30.0;1168.76
79E6175A25570E11A4A96492C000EC6A;B0BDDED34CC83E11052F6792C000B249;2025-05-13;4.0;295.8
48535EC6518EEE1191EE1065050029B9;B0BDDED34CC83E11052F6792C000B249;2025-05-13;6.0;1076.34
BDC555F101F0EE114066106505001B4A;FC081C55582CED11A62CD892C0003F2A;2025-05-13;-2.0;-25.66
EEA96603C4D1FE1191EE106505003CB9;FC081C55582CED11A62CD892C0003F2A;2025-05-13;-2.0;-46.56
D8B400467F09FE11128010650500E819;FC081C55582CED11A62CD892C0003F2A;2025-05-13;-2.0;-93.24
2C7AB358ABFEDE11406610650500984A;FC081C55582CED11A62CD892C0003F2A;2025-05-13;-2.0;-34.3
6BD57C50889D7E110819BB65050039AA;FC081C55582CED11A62CD892C0003F2A;2025-05-13;-2.0;-39.42
E649843DFDBEEE1191EE1065050029B9;FC081C55582CED11A62CD892C0003F2A;2025-05-13;-2.0;-116.6
94D9FEE8C64B7E110819BB65050039AA;FC081C55582CED11A62CD892C0003F2A;2025-05-13;-2.0;-409.06
8125C13DAAB1EE114066106505001C4A;FC081C55582CED11A62CD892C0003F2A;2025-05-13;-2.0;-62.18
6B7F721B51FBEE1191EE1065050029B9;FC081C55582CED11A62CD892C0003F2A;2025-05-13;-2.0;-65.12
687CD8721DA8CE11ADB310650500A0B8;FC081C55582CED11A62CD892C0003F2A;2025-05-13;-2.0;-125.82
046BFC706E3CEE1191EE1065050029B9;FC081C55582CED11A62CD892C0003F2A;2025-05-13;-4.0;-186.6
721F242309A8FE11128010650500D819;FC081C55582CED11A62CD892C0003F2A;2025-05-13;-2.0;-15.74
4111358D85802E1143F0668E4200C71A;FC081C55582CED11A62CD892C0003F2A;2025-05-13;-2.0;-421.18
7193A42C90458E113835BB6505000EAA;FC081C55582CED11A62CD892C0003F2A;2025-05-13;-2.0;-291.56
D93AB3F5395EDE11406610650500C74A;FC081C55582CED11A62CD892C0003F2A;2025-05-13;-2.0;-504.38
75637597289E5E1142D58A6505004D08;FC081C55582CED11A62CD892C0003F2A;2025-05-13;-2.0;-2149.02
D37F39BF06F49E11554010650500DE3B;FC081C55582CED11A62CD892C0003F2A;2025-05-13;-2.0;-139.2
6698374B46B5EE1191EE1065050035B9;FC081C55582CED11A62CD892C0003F2A;2025-05-13;-2.0;-681.54
68BFEBC5BDB91E1143F0668E42006B8B;FC081C55582CED11A62CD892C0003F2A;2025-05-13;-4.0;-130.52
28122AB4BEA6DE11C84610650500BE6A;FC081C55582CED11A62CD892C0003F2A;2025-05-13;-2.0;-500.02
138047896388AE11BE2110650500DB4A;FC081C55582CED11A62CD892C0003F2A;2025-05-13;-2.0;-168.6
1F6813864D85DE11ADB31065050002C8;FC081C55582CED11A62CD892C0003F2A;2025-05-13;-2.0;-208.6
AFCF9E1A988AFE11128010650500E819;FC081C55582CED11A62CD892C0003F2A;2025-05-13;-6.0;-70.98
3160794DCD1BFE11128010650500E819;FC081C55582CED11A62CD892C0003F2A;2025-05-13;-2.0;-498.58
A9AF64CEE1EABE118772106505002B59;FC081C55582CED11A62CD892C0003F2A;2025-05-13;-8.0;-890.3
5BB8CE1BD5230E11A4A96492C00008E9;FC081C55582CED11A62CD892C0003F2A;2025-05-13;-2.0;-146.38
DAA6BE72BF084E1142D58A6505002C08;FC081C55582CED11A62CD892C0003F2A;2025-05-13;-2.0;-449.28
2C559E165BE2BE11BE2110650500195A;FC081C55582CED11A62CD892C0003F2A;2025-05-13;-2.0;-211.56
573484C872CAED11A62CD892C0003F2A;FC081C55582CED11A62CD892C0003F2A;2025-05-13;-2.0;-222.96
01E14C3D64A1BE11BE2110650500775A;FC081C55582CED11A62CD892C0003F2A;2025-05-13;-2.0;-84.26
DA993E8BE3900F11F1557891FE690889;FC081C55582CED11A62CD892C0003F2A;2025-05-13;-4.0;-1177.76
8A0B0CB751CAED11A62CD892C0003F2A;FC081C55582CED11A62CD892C0003F2A;2025-05-13;-2.0;-846.34
8654554E087EFE11F1557891FE695589;FC081C55582CED11A62CD892C0003F2A;2025-05-13;-2.0;-299.2
7A4CD27C4685FE1191EE1065050011C9;FC081C55582CED11A62CD892C0003F2A;2025-05-13;-2.0;-599.86
0179FFD43EFBEE1191EE1065050029B9;FC081C55582CED11A62CD892C0003F2A;2025-05-13;-2.0;-1978.56
E27D5947E38CDE11406610650500554A;FC081C55582CED11A62CD892C0003F2A;2025-05-13;-4.0;-582.4
026490CC4685FE1191EE1065050011C9;FC081C55582CED11A62CD892C0003F2A;2025-05-13;-2.0;-254.2
D2AF6191301ACE11ADB31065050062B8;FC081C55582CED11A62CD892C0003F2A;2025-05-13;-6.0;-1483.1999999999998
466A0FDB3FC8EE1191EE10650500E8B9;FC081C55582CED11A62CD892C0003F2A;2025-05-13;-4.0;-366.88
940AEDF7C2867E11B7B78A650500ED08;FC081C55582CED11A62CD892C0003F2A;2025-05-13;-2.0;-86.82
847C0763797BAE11BE21106505009F4A;FC081C55582CED11A62CD892C0003F2A;2025-05-13;-4.0;-196.2
993B2D59F7C7BE118772106505003759;FC081C55582CED11A62CD892C0003F2A;2025-05-13;-2.0;-181.64
D234593BCB20FE1191EE106505001AB9;FC081C55582CED11A62CD892C0003F2A;2025-05-13;-2.0;-2488.9
C3491A43A3E2DE11ADB3106505008EB8;FC081C55582CED11A62CD892C0003F2A;2025-05-13;-2.0;-381.08
5668C9F5F5653E11052F6792C000FF39;FC081C55582CED11A62CD892C0003F2A;2025-05-13;-2.0;-294.58
4701451DDD30DE11ADB310650500EAB8;FC081C55582CED11A62CD892C0003F2A;2025-05-13;-2.0;-272.76
54391C035B232E1143F0668E4200C71A;FC081C55582CED11A62CD892C0003F2A;2025-05-13;-2.0;-117.4
1B5CD79539596E11B7B78A650500BC08;FC081C55582CED11A62CD892C0003F2A;2025-05-13;-2.0;-126.0
DB34FC8DC0E9DE11406610650500C14A;FC081C55582CED11A62CD892C0003F2A;2025-05-13;-2.0;-226.3
58194000AE0D7E110819BB65050039AA;FC081C55582CED11A62CD892C0003F2A;2025-05-13;-2.0;-22.38
E8715A45D03D7E110819BB65050039AA;FC081C55582CED11A62CD892C0003F2A;2025-05-13;-2.0;-22.6
0E3D292624789E11525010650500D84A;FC081C55582CED11A62CD892C0003F2A;2025-05-13;-26.0;-490.36
B8549C2DC0CAED11A62CD892C0003F2A;FC081C55582CED11A62CD892C0003F2A;2025-05-13;-2.0;-374.64
8F97974F8715CE11ADB3106505000DA8;FC081C55582CED11A62CD892C0003F2A;2025-05-13;-2.0;-474.48
17DC4ADF3F49AE11BE2110650500DC4A;FC081C55582CED11A62CD892C0003F2A;2025-05-13;-2.0;-116.38
98DD0C3751CAED11A62CD892C0003F2A;FC081C55582CED11A62CD892C0003F2A;2025-05-13;-2.0;-692.46
E136882211CAED11A62CD892C0003F2A;FC081C55582CED11A62CD892C0003F2A;2025-05-13;-2.0;-330.44
DB5A4C158A1C6E11B7B78A650500BC08;FC081C55582CED11A62CD892C0003F2A;2025-05-13;-2.0;-112.48
776B937848049E115540106505009D3B;FC081C55582CED11A62CD892C0003F2A;2025-05-13;-4.0;-435.84
E2D7F32A18B13E11052F6792C000CF39;FC081C55582CED11A62CD892C0003F2A;2025-05-13;-2.0;-767.42
8F0A3BF75EE1EE114066106505006C4A;FC081C55582CED11A62CD892C0003F2A;2025-05-13;-2.0;-842.32
3C54CA6A12D18E113835BB650500B9AA;FC081C55582CED11A62CD892C0003F2A;2025-05-13;-2.0;-103.32
F8DC2E0CA70F9E117260106505009C4A;FC081C55582CED11A62CD892C0003F2A;2025-05-13;-2.0;-349.28
CCEF2E74D265BE11BE21106505003C5A;FC081C55582CED11A62CD892C0003F2A;2025-05-13;-2.0;-384.66
AABBCDF9CEEFFE11F1557891FE693789;FC081C55582CED11A62CD892C0003F2A;2025-05-13;-2.0;-649.3
CA88FE56FBDBBE118772106505006C59;FC081C55582CED11A62CD892C0003F2A;2025-05-13;-2.0;-345.66
0524EC72B3716E1142D58A650500AD08;FC081C55582CED11A62CD892C0003F2A;2025-05-13;-2.0;-247.96
8DFF0450D0CAED11A62CD892C0003F2A;FC081C55582CED11A62CD892C0003F2A;2025-05-13;-2.0;-199.46
9CC511439AFB8E11F243BB650500A24B;FC081C55582CED11A62CD892C0003F2A;2025-05-13;-6.0;-910.22
57E515C781CAED11A62CD892C0003F2A;FC081C55582CED11A62CD892C0003F2A;2025-05-13;-2.0;-48.12
61B7D62572907E11B7B78A650500CD08;FC081C55582CED11A62CD892C0003F2A;2025-05-13;-2.0;-358.0
E1B25004BCFF7E110819BB65050039AA;FC081C55582CED11A62CD892C0003F2A;2025-05-13;-2.0;-482.82
0BA804ECAD62FE1191EE10650500FCB9;FC081C55582CED11A62CD892C0003F2A;2025-05-13;-2.0;-185.18
38C949A50FBBEE1191EE1065050029B9;FC081C55582CED11A62CD892C0003F2A;2025-05-13;-2.0;-194.0
B728B5DF0DE3DE11ADB310650500DFB8;FC081C55582CED11A62CD892C0003F2A;2025-05-13;-2.0;-208.54
E42F2727A0651E1143F0668E4200EE89;FC081C55582CED11A62CD892C0003F2A;2025-05-13;-6.0;-554.4000000000001
90F3CF67C79ACE11ADB31065050013B8;FC081C55582CED11A62CD892C0003F2A;2025-05-13;-2.0;-307.82
6F511FFF41CAED11A62CD892C0003F2A;FC081C55582CED11A62CD892C0003F2A;2025-05-13;-2.0;-297.68
C0B0682B0464AE11726010650500635A;FC081C55582CED11A62CD892C0003F2A;2025-05-13;-2.0;-291.86
16F95A0D903D7E110819BB65050039AA;FC081C55582CED11A62CD892C0003F2A;2025-05-13;-2.0;-17.4
31F12591DA5C7E110819BB65050039AA;FC081C55582CED11A62CD892C0003F2A;2025-05-13;-2.0;-373.66
1ED9631B13836E11B7B78A6505003C08;FC081C55582CED11A62CD892C0003F2A;2025-05-13;-2.0;-153.66
B43669584FC70E11A4A96492C000EC6A;FC081C55582CED11A62CD892C0003F2A;2025-05-13;-4.0;-2350.72
89B650848CA7FE1191EE10650500E3C9;FC081C55582CED11A62CD892C0003F2A;2025-05-13;-2.0;-440.1
832C53538ABAFE11128010650500E819;FC081C55582CED11A62CD892C0003F2A;2025-05-13;-8.0;-230.4
57559D3F35B1FD110DC22A92C0006778;FC081C55582CED11A62CD892C0003F2A;2025-05-13;-2.0;-795.0
EA8A21414653CE11877210650500E569;FC081C55582CED11A62CD892C0003F2A;2025-05-13;-2.0;-1160.0
FA680BE491CAED11A62CD892C0003F2A;FC081C55582CED11A62CD892C0003F2A;2025-05-13;-2.0;-163.34
35052F43C8515E1142D58A650500BC08;FC081C55582CED11A62CD892C0003F2A;2025-05-13;-2.0;-2522.28
1289C4DE9F48FE11128010650500D819;FC081C55582CED11A62CD892C0003F2A;2025-05-13;-6.0;-973.94
79C04BB7DC32FE1191EE10650500BCB9;FC081C55582CED11A62CD892C0003F2A;2025-05-13;-2.0;-1632.3
403AFD4AC24E6E11B7B78A6505003D08;FC081C55582CED11A62CD892C0003F2A;2025-05-13;-2.0;-674.14
1DD7BBD261CBEE1191EE1065050029B9;FC081C55582CED11A62CD892C0003F2A;2025-05-13;-2.0;-160.0
BBEBD6631B232E1143F0668E4200C71A;FC081C55582CED11A62CD892C0003F2A;2025-05-13;-2.0;-59.08
FFC8E9A3C877DE11C84610650500BF6A;FC081C55582CED11A62CD892C0003F2A;2025-05-13;-8.0;-204.0
40AE87C0F0CAED11A62CD892C0003F2A;FC081C55582CED11A62CD892C0003F2A;2025-05-13;-2.0;-484.92
6CD9B58A69EF0E1143F0668E42007A39;FC081C55582CED11A62CD892C0003F2A;2025-05-13;-2.0;-292.56
152EE55D2640FE1191EE106505003AB9;FC081C55582CED11A62CD892C0003F2A;2025-05-13;-4.0;-397.04
4E955E04E0CAED11A62CD892C0003F2A;FC081C55582CED11A62CD892C0003F2A;2025-05-13;-2.0;-935.24
2295E6F99A2CBE11877210650500CC59;FC081C55582CED11A62CD892C0003F2A;2025-05-13;-2.0;-140.82
17F107EA01CAED11A62CD892C0003F2A;FC081C55582CED11A62CD892C0003F2A;2025-05-13;-2.0;-609.08
AA933DD5919EBE11877210650500DF59;FC081C55582CED11A62CD892C0003F2A;2025-05-13;-6.0;-167.16
61F26D5AFB5F7E110819BB65050039AA;FC081C55582CED11A62CD892C0003F2A;2025-05-13;-6.0;-241.96
E9004D8311CAED11A62CD892C0003F2A;FC081C55582CED11A62CD892C0003F2A;2025-05-13;-4.0;-2278.24
AA763AFF22525E1142D58A650500DC08;FC081C55582CED11A62CD892C0003F2A;2025-05-13;-2.0;-380.1
CACE528EED71FE1191EE10650500CBB9;FC081C55582CED11A62CD892C0003F2A;2025-05-13;-2.0;-642.98
9CFFA2F38369DE11C84610650500227A;FC081C55582CED11A62CD892C0003F2A;2025-05-13;-2.0;-454.56
4D61CD5CEB01FE1191EE106505003BB9;FC081C55582CED11A62CD892C0003F2A;2025-05-13;-8.0;-235.29999999999998
1CC6FF7BD8C6DE11C84610650500DE6A;FC081C55582CED11A62CD892C0003F2A;2025-05-13;-2.0;-8.84
F218E40BC094DE11ADB310650500C0C8;FC081C55582CED11A62CD892C0003F2A;2025-05-13;-2.0;-254.04
A331461F94EAFD11A4A96492C0006F3B;FC081C55582CED11A62CD892C0003F2A;2025-05-13;-2.0;-338.56
B63A4B7B00A0CE118772106505007269;FC081C55582CED11A62CD892C0003F2A;2025-05-13;-2.0;-38.26
3CC98016A9775E1142D58A650500DC08;FC081C55582CED11A62CD892C0003F2A;2025-05-13;-2.0;-139.86
C61C028040CAED11A62CD892C0003F2A;FC081C55582CED11A62CD892C0003F2A;2025-05-13;-2.0;-2302.4
12C1117A9138CE11ADB310650500FFA8;FC081C55582CED11A62CD892C0003F2A;2025-05-13;-2.0;-171.9
7357FDBF75814E1142D58A650500DB08;FC081C55582CED11A62CD892C0003F2A;2025-05-13;-2.0;-332.98
763BA96F345F9E11726010650500FC4A;FC081C55582CED11A62CD892C0003F2A;2025-05-13;-2.0;-348.78
2B6A95D2BC1EFE11F1557891FE69E489;FC081C55582CED11A62CD892C0003F2A;2025-05-13;-2.0;-171.9
2DB009B164C67E11B7B78A650500ED08;FC081C55582CED11A62CD892C0003F2A;2025-05-13;-2.0;-209.44
1860BEFA33844E1142D58A6505002C08;FC081C55582CED11A62CD892C0003F2A;2025-05-13;-4.0;-429.36
3BECE82A299DDE11406610650500B64A;FC081C55582CED11A62CD892C0003F2A;2025-05-13;-4.0;-764.16
19C2A8954705EE11B1AD10650500A8EA;FC081C55582CED11A62CD892C0003F2A;2025-05-13;-2.0;-303.68
DD0A6194295EDE11406610650500C74A;FC081C55582CED11A62CD892C0003F2A;2025-05-13;-2.0;-139.32
BF1AD9D6D0CAED11A62CD892C0003F2A;FC081C55582CED11A62CD892C0003F2A;2025-05-13;-2.0;-236.58
87C844D3D0CAED11A62CD892C0003F2A;FC081C55582CED11A62CD892C0003F2A;2025-05-13;-2.0;-480.18
A2486CC48AC46E11B7B78A650500BC08;FC081C55582CED11A62CD892C0003F2A;2025-05-13;-2.0;-122.16
F7ADA524EC065E1142D58A650500DC08;FC081C55582CED11A62CD892C0003F2A;2025-05-13;-2.0;-16.68
3E23388C83A76E11B7B78A650500BC08;B0BDDED34CC83E11052F6792C000B249;2025-05-13;-4.0;-900.96
36AA1B6D2C7ABE11877210650500AA59;B0BDDED34CC83E11052F6792C000B249;2025-05-13;-10.0;-402.5
39FED082E7A2DE11ADB3106505003EB8;B0BDDED34CC83E11052F6792C000B249;2025-05-13;-2.0;-51.28
CF1DE08C639F9E117260106505004D4A;B0BDDED34CC83E11052F6792C000B249;2025-05-13;-6.0;-149.39999999999998
C3CC756FD0C89E11525010650500394A;B0BDDED34CC83E11052F6792C000B249;2025-05-13;-8.0;-1300.56
746DC40BBE6DFE11F1557891FE690489;B0BDDED34CC83E11052F6792C000B249;2025-05-13;-8.0;-680.96
97CC8A62B257DE11C846106505008F6A;B0BDDED34CC83E11052F6792C000B249;2025-05-13;-12.0;-306.0
BA406A1AD8FE3E11F7F68A650500DB08;B0BDDED34CC83E11052F6792C000B249;2025-05-13;-2.0;-1081.74
1D43C859F7FCDE11406610650500E54A;B0BDDED34CC83E11052F6792C000B249;2025-05-13;-4.0;-381.14
B6704D8DFE8C7E110819BB65050039AA;B0BDDED34CC83E11052F6792C000B249;2025-05-13;-4.0;-655.0
561A958001CAED11A62CD892C0003F2A;B0BDDED34CC83E11052F6792C000B249;2025-05-13;-4.0;-231.84
F7B9B031FF13CE11877210650500A569;B0BDDED34CC83E11052F6792C000B249;2025-05-13;-4.0;-182.84
52BC0A2547FF4E1142D58A650500BC08;B0BDDED34CC83E11052F6792C000B249;2025-05-13;-20.0;-252.4
2D3B73B38ABAFE11128010650500E819;B0BDDED34CC83E11052F6792C000B249;2025-05-13;-12.0;-355.68
A942E7FDF0CAED11A62CD892C0003F2A;B0BDDED34CC83E11052F6792C000B249;2025-05-13;-4.0;-559.06
BF1177151EDEFE11F1557891FE69D589;B0BDDED34CC83E11052F6792C000B249;2025-05-13;-4.0;-384.8
638095B234D04E1142D58A650500DB08;B0BDDED34CC83E11052F6792C000B249;2025-05-13;-4.0;-472.4
7B0197A563DDFE11F1557891FE698489;B0BDDED34CC83E11052F6792C000B249;2025-05-13;-4.0;-1360.08
2E14944D8D67EE1191EE1065050017B9;B0BDDED34CC83E11052F6792C000B249;2025-05-13;-6.0;-722.98
7E10A66FC2D94E1142D58A6505009C08;B0BDDED34CC83E11052F6792C000B249;2025-05-13;-2.0;-128.0
E02476B08092DE11ADB3106505001EB8;B0BDDED34CC83E11052F6792C000B249;2025-05-13;-4.0;-383.48
F8CE11B603B89E11525010650500294A;B0BDDED34CC83E11052F6792C000B249;2025-05-13;-2.0;-131.52
5E031EC32123CE11877210650500A569;B0BDDED34CC83E11052F6792C000B249;2025-05-13;-20.0;-601.4
4024FA47EBF22E1143F0668E4200C71A;B0BDDED34CC83E11052F6792C000B249;2025-05-13;-4.0;-521.6
58AC21A3A87CCE11ADB310650500B5B8;B0BDDED34CC83E11052F6792C000B249;2025-05-13;-2.0;-72.88
A82D1E8C65B4DE11ADB310650500F0C8;B0BDDED34CC83E11052F6792C000B249;2025-05-13;-4.0;-244.08
53093FC4BAF94E1142D58A6505009C08;B0BDDED34CC83E11052F6792C000B249;2025-05-13;-2.0;-239.84
7B5179E3C8E5FE1191EE1065050091C9;B0BDDED34CC83E11052F6792C000B249;2025-05-13;-2.0;-135.22
CBC786987F8FCE11ADB310650500E9B8;B0BDDED34CC83E11052F6792C000B249;2025-05-13;-4.0;-307.32
CAA3E65D503FEE1191EE1065050029B9;B0BDDED34CC83E11052F6792C000B249;2025-05-13;-2.0;-182.7
1B3EE961BD889E11525010650500F84A;B0BDDED34CC83E11052F6792C000B249;2025-05-13;-2.0;-338.36
6BEF75B29035CE11ADB3106505000DA8;B0BDDED34CC83E11052F6792C000B249;2025-05-13;-2.0;-286.18
86ACC40BBE6DFE11F1557891FE690489;B0BDDED34CC83E11052F6792C000B249;2025-05-13;-8.0;-792.0
ED0AC18532B3EE11B1AD10650500F6EA;B0BDDED34CC83E11052F6792C000B249;2025-05-13;-2.0;-70.76
990EF723558EFE11F1557891FE696589;B0BDDED34CC83E11052F6792C000B249;2025-05-13;-2.0;-820.8
A65FC1167A5D7E110819BB65050039AA;B0BDDED34CC83E11052F6792C000B249;2025-05-13;-2.0;-10.88
A39E99104DFFFE11F1557891FE694789;B0BDDED34CC83E11052F6792C000B249;2025-05-13;-2.0;-434.6
EFCDBFE40AD2DE11ADB3106505007EB8;B0BDDED34CC83E11052F6792C000B249;2025-05-13;-2.0;-227.44
13F7ACBDCA053E11052F6792C000FF39;B0BDDED34CC83E11052F6792C000B249;2025-05-13;-2.0;-324.6
745BD54551CAED11A62CD892C0003F2A;B0BDDED34CC83E11052F6792C000B249;2025-05-13;-4.0;-741.56
88DDB3B8D276EE1191EE1065050026B9;B0BDDED34CC83E11052F6792C000B249;2025-05-13;-2.0;-314.56
845AF0CF2D456E11B7B78A650500BC08;B0BDDED34CC83E11052F6792C000B249;2025-05-13;-2.0;-43.92
9B8C4A8208138E110223BB6505005BAA;B0BDDED34CC83E11052F6792C000B249;2025-05-13;-2.0;-250.0
0EAFE28FD0CAED11A62CD892C0003F2A;B0BDDED34CC83E11052F6792C000B249;2025-05-13;-2.0;-148.76
E03BEA817EC47E11B7B78A650500ED08;B0BDDED34CC83E11052F6792C000B249;2025-05-13;-2.0;-277.8
E2DC7D60CFB85E1142D58A650500DC08;B0BDDED34CC83E11052F6792C000B249;2025-05-13;-2.0;-581.38
E77D6519E7E97E110819BB65050019AA;B0BDDED34CC83E11052F6792C000B249;2025-05-13;-2.0;-501.84
4E98CB4091663E11052F6792C000FF39;B0BDDED34CC83E11052F6792C000B249;2025-05-13;-2.0;-408.58
252DC40BBE6DFE11F1557891FE690489;B0BDDED34CC83E11052F6792C000B249;2025-05-13;-2.0;-212.8
10E000CE02192E11052F6792C0007F39;B0BDDED34CC83E11052F6792C000B249;2025-05-13;-2.0;-381.42
7D01D83D346C6E11B7B78A650500BC08;B0BDDED34CC83E11052F6792C000B249;2025-05-13;-4.0;-386.0
BDF06BE681E3DE11ADB310650500CFB8;B0BDDED34CC83E11052F6792C000B249;2025-05-13;-2.0;-111.04
D1EEEB7BF093FE1191EE106505008EB9;B0BDDED34CC83E11052F6792C000B249;2025-05-13;-2.0;-139.86
A72B321C575FFE11F1557891FE697689;B0BDDED34CC83E11052F6792C000B249;2025-05-13;-2.0;-159.6
80B12581E983DE11ADB3106505005FB8;B0BDDED34CC83E11052F6792C000B249;2025-05-13;-2.0;-236.68
EDD1574CE142DE11ADB310650500BDB8;B0BDDED34CC83E11052F6792C000B249;2025-05-13;-2.0;-72.1
608444C0C60C4E1142D58A650500BC08;B0BDDED34CC83E11052F6792C000B249;2025-05-13;-2.0;-859.16
D81A958001CAED11A62CD892C0003F2A;B0BDDED34CC83E11052F6792C000B249;2025-05-13;-2.0;-203.72
5F84CC30B1A83E11052F6792C000B249;B0BDDED34CC83E11052F6792C000B249;2025-05-13;-2.0;-331.46
EE280D4ACE23FD110DC22A92C000C499;B0BDDED34CC83E11052F6792C000B249;2025-05-13;-2.0;-311.08
2E8D6BD16F4FBE11877210650500C069;B0BDDED34CC83E11052F6792C000B249;2025-05-13;-2.0;-73.92
69904BBEC0CAED11A62CD892C0003F2A;B0BDDED34CC83E11052F6792C000B249;2025-05-13;-2.0;-365.38
2C0B62D573F7DE11C84610650500507A;B0BDDED34CC83E11052F6792C000B249;2025-05-13;-2.0;-121.26
B9F96F19CDF39E115540106505008D3B;B0BDDED34CC83E11052F6792C000B249;2025-05-13;-2.0;-43.26
13BB500B8FCA9E11525010650500EB4A;B0BDDED34CC83E11052F6792C000B249;2025-05-13;-2.0;-63.24
9320D83931CAED11A62CD892C0003F2A;B0BDDED34CC83E11052F6792C000B249;2025-05-13;-2.0;-2097.64
D9BEFA1E7A8DBE118772106505008E59;B0BDDED34CC83E11052F6792C000B249;2025-05-13;-2.0;-328.16
40706CAC2C2DFE11F1557891FE69B389;B0BDDED34CC83E11052F6792C000B249;2025-05-13;-2.0;-327.6
42CAA6DBE358FE11128010650500D819;B0BDDED34CC83E11052F6792C000B249;2025-05-13;-2.0;-118.94
133FE2417AB38E113835BB6505004CAA;B0BDDED34CC83E11052F6792C000B249;2025-05-13;-2.0;-684.72
9CC9CBD168400F11F1557891FE69A789;B0BDDED34CC83E11052F6792C000B249;2025-05-13;-2.0;-28.4
29B2F9E4F2E3DE11ADB310650500CFB8;B0BDDED34CC83E11052F6792C000B249;2025-05-13;-2.0;-248.8
5293ED836366EE1191EE1065050016B9;B0BDDED34CC83E11052F6792C000B249;2025-05-13;-4.0;-364.38
5E0435C5BE52EE11406610650500FC4A;B0BDDED34CC83E11052F6792C000B249;2025-05-13;-2.0;-219.8
934A2BFCEF2FFE11F1557891FE694689;B0BDDED34CC83E11052F6792C000B249;2025-05-13;-2.0;-578.34
71330E5D477F8E11F243BB650500A74B;B0BDDED34CC83E11052F6792C000B249;2025-05-13;-2.0;-92.48
BD6AEE3733983E11052F6792C000B249;B0BDDED34CC83E11052F6792C000B249;2025-05-13;-2.0;-880.8
2A74EB445FD44E1142D58A6505002C08;B0BDDED34CC83E11052F6792C000B249;2025-05-13;-4.0;-429.36
BD3B8C58FC05FD110DC22A92C0009D7B;B0BDDED34CC83E11052F6792C000B249;2025-05-13;-2.0;-761.34
94EBE1B400674E1142D58A6505002C08;B0BDDED34CC83E11052F6792C000B249;2025-05-13;-2.0;-468.36
5C72CC71486BFE111280106505000919;B0BDDED34CC83E11052F6792C000B249;2025-05-13;-2.0;-516.38
A6004D8311CAED11A62CD892C0003F2A;B0BDDED34CC83E11052F6792C000B249;2025-05-13;-2.0;-980.0
BF6A4272D0E9DE11406610650500C14A;B0BDDED34CC83E11052F6792C000B249;2025-05-13;-2.0;-226.3
D3EAE09E58D00E11A4A96492C0002019;B0BDDED34CC83E11052F6792C000B249;2025-05-13;-4.0;-860.96
C3ADC40BBE6DFE11F1557891FE690489;B0BDDED34CC83E11052F6792C000B249;2025-05-13;-4.0;-610.4
7710995C1A5FFE11F1557891FE697689;B0BDDED34CC83E11052F6792C000B249;2025-05-13;-2.0;-78.64
CA61CB8180E2FE1191EE106505009DB9;B0BDDED34CC83E11052F6792C000B249;2025-05-13;-2.0;-874.82
3233915D5345DE11ADB310650500A1C8;B0BDDED34CC83E11052F6792C000B249;2025-05-13;-4.0;-672.78
E6D7280EFB5F7E110819BB65050039AA;B0BDDED34CC83E11052F6792C000B249;2025-05-13;-2.0;-291.58
FA1A89ED82676E11B7B78A650500BC08;44673735EAF46E11B7B78A650500BC08;2025-05-13;-2.0;-422.68
BDA4336C478B3E11052F6792C000D249;44673735EAF46E11B7B78A650500BC08;2025-05-13;-4.0;-265.4
CACCB1E663039E115540106505004C3B;44673735EAF46E11B7B78A650500BC08;2025-05-13;-2.0;-1513.68
B1E0BA67146B3E11052F6792C000D249;44673735EAF46E11B7B78A650500BC08;2025-05-13;-6.0;-214.98
E7EC5EEF49BFEE1191EE1065050089B9;44673735EAF46E11B7B78A650500BC08;2025-05-13;-4.0;-286.28
B15559B666767E11B7B78A650500ED08;44673735EAF46E11B7B78A650500BC08;2025-05-13;-6.0;-900.42
46A90C9EB8648E113835BB650500FCAA;44673735EAF46E11B7B78A650500BC08;2025-05-13;-488.0;-8784.0
242FBA0ACD456E11B7B78A650500BC08;44673735EAF46E11B7B78A650500BC08;2025-05-13;-8.0;-1952.0
5BEECB2AFC59CE11ADB31065050081B8;44673735EAF46E11B7B78A650500BC08;2025-05-13;-14.0;-2482.7
6F0142C8008CBE118772106505003D59;44673735EAF46E11B7B78A650500BC08;2025-05-13;-2.0;-468.0
44E49E6ACD456E11B7B78A650500BC08;44673735EAF46E11B7B78A650500BC08;2025-05-13;-2.0;-922.0
26DF8B324790DE11ADB3106505006BB8;44673735EAF46E11B7B78A650500BC08;2025-05-13;-8.0;-352.32
A2D7E37B493CDE11406610650500F44A;44673735EAF46E11B7B78A650500BC08;2025-05-13;-2.0;-430.36
2111127EDCFDCE11ADB310650500C7B8;44673735EAF46E11B7B78A650500BC08;2025-05-13;-4.0;-132.0
FEC65BF6CB70DE11ADB3106505004BB8;44673735EAF46E11B7B78A650500BC08;2025-05-13;-8.0;-4207.02
03361D8F49BFEE1191EE1065050089B9;44673735EAF46E11B7B78A650500BC08;2025-05-13;-6.0;-110.34
7B51C857E0F0DE11ADB310650500EBB8;44673735EAF46E11B7B78A650500BC08;2025-05-13;-2.0;-4650.64
FD13DC9FB3B09E11F243BB650500394B;44673735EAF46E11B7B78A650500BC08;2025-05-13;-22.0;-1100.0
2E69D22B3FDD6E11B7B78A650500BC08;44673735EAF46E11B7B78A650500BC08;2025-05-13;-2.0;-61.92
569B72C890CAED11A62CD892C0003F2A;44673735EAF46E11B7B78A650500BC08;2025-05-13;-2.0;-567.14
9CF2C1FDABE1EE114066106505006C4A;44673735EAF46E11B7B78A650500BC08;2025-05-13;-8.0;-304.8
C3CF9F1F2E456E11B7B78A650500BC08;44673735EAF46E11B7B78A650500BC08;2025-05-13;-2.0;-1700.0
0FCBC46F2C456E11B7B78A650500BC08;44673735EAF46E11B7B78A650500BC08;2025-05-13;-10.0;-2454.2200000000003
CA6B84CED87C8E11F243BB650500A34B;44673735EAF46E11B7B78A650500BC08;2025-05-13;-4.0;-344.0
29C33C9DD6568E11F243BB6505007B3B;44673735EAF46E11B7B78A650500BC08;2025-05-13;-6.0;-305.34000000000003
C9905D823B72BE11BE2110650500885A;44673735EAF46E11B7B78A650500BC08;2025-05-13;-2.0;-187.16
A698A6AE390FEE1191EE1065050029B9;44673735EAF46E11B7B78A650500BC08;2025-05-13;-8.0;-397.72
5CF448ED45CF8E11F243BB650500084B;44673735EAF46E11B7B78A650500BC08;2025-05-13;-2.0;-82.36
68C24747CD456E11B7B78A650500BC08;44673735EAF46E11B7B78A650500BC08;2025-05-13;-2.0;-1351.84
F2FC55E6CD456E11B7B78A650500BC08;44673735EAF46E11B7B78A650500BC08;2025-05-13;-2.0;-1721.34
95AADC67FE456E11B7B78A650500BC08;44673735EAF46E11B7B78A650500BC08;2025-05-13;-4.0;-134.32
6ACED1DD7AE66E11B7B78A650500BC08;44673735EAF46E11B7B78A650500BC08;2025-05-13;-2.0;-110.0
2961BBF7F62FFE11F1557891FE693689;44673735EAF46E11B7B78A650500BC08;2025-05-13;-2.0;-140.0
B26B0A42721A8E11F243BB650500304B;44673735EAF46E11B7B78A650500BC08;2025-05-13;-2.0;-91.04
1748175F71010F11112A674AC7E2B889;44673735EAF46E11B7B78A650500BC08;2025-05-13;-4.0;-303.04
CE7D7EAD06D3EE11B1AD1065050027EA;44673735EAF46E11B7B78A650500BC08;2025-05-13;-2.0;-1284.0
9C5B4CC17959FE11128010650500E819;44673735EAF46E11B7B78A650500BC08;2025-05-13;-2.0;-145.2
A26029B19D147E11B7B78A650500ED08;44673735EAF46E11B7B78A650500BC08;2025-05-13;-2.0;-610.6
811D707E6EEAAE11BE2110650500EE4A;44673735EAF46E11B7B78A650500BC08;2025-05-13;-2.0;-44.24
B559173959B1EE114066106505001C4A;44673735EAF46E11B7B78A650500BC08;2025-05-13;-4.0;-117.24
608EDFEF390FEE1191EE1065050029B9;44673735EAF46E11B7B78A650500BC08;2025-05-13;-4.0;-107.72
FCD31F9234627E11B7B78A650500CD08;44673735EAF46E11B7B78A650500BC08;2025-05-13;-2.0;-181.08
1F0818EF7766EE1191EE1065050016B9;44673735EAF46E11B7B78A650500BC08;2025-05-13;-2.0;-420.0
56711DE98C456E11B7B78A650500BC08;44673735EAF46E11B7B78A650500BC08;2025-05-13;-2.0;-145.6
B01278302E456E11B7B78A650500BC08;44673735EAF46E11B7B78A650500BC08;2025-05-13;-2.0;-184.84
ED80D2766EEDBE118772106505000F59;44673735EAF46E11B7B78A650500BC08;2025-05-13;-8.0;-248.24
91E611BC0C5CCE11ADB31065050095B8;44673735EAF46E11B7B78A650500BC08;2025-05-13;-2.0;-1457.84
C9FA32743E4DDE11406610650500564A;44673735EAF46E11B7B78A650500BC08;2025-05-13;-2.0;-532.72
E2B3EE78BFC8FE11128010650500D819;44673735EAF46E11B7B78A650500BC08;2025-05-13;-2.0;-492.2
ADDB5432F45AAE11BE21106505002E4A;44673735EAF46E11B7B78A650500BC08;2025-05-13;-6.0;-1520.96
FA8E18D2F2447E11B7B78A650500ED08;44673735EAF46E11B7B78A650500BC08;2025-05-13;-4.0;-405.04
7A8415BD9AA78E11F243BB6505002D3B;44673735EAF46E11B7B78A650500BC08;2025-05-13;-2.0;-518.6
42B158B398A05E1142D58A650500BC08;44673735EAF46E11B7B78A650500BC08;2025-05-13;-2.0;-540.6
762901E477C0CE11877210650500A269;44673735EAF46E11B7B78A650500BC08;2025-05-13;-2.0;-2178.0
D2EA740B635DEE1191EE1065050029B9;44673735EAF46E11B7B78A650500BC08;2025-05-13;-2.0;-447.24
28F551B23E456E11B7B78A650500BC08;44673735EAF46E11B7B78A650500BC08;2025-05-13;-4.0;-4860.0
3F191B1B408ADE11406610650500924A;44673735EAF46E11B7B78A650500BC08;2025-05-13;-30.0;-3180.0
E0AFE8898284DE11ADB310650500B0C8;44673735EAF46E11B7B78A650500BC08;2025-05-13;-4.0;-201.6
BADF92728C456E11B7B78A650500BC08;44673735EAF46E11B7B78A650500BC08;2025-05-13;-2.0;-427.32
1F280D4ACE23FD110DC22A92C000C499;44673735EAF46E11B7B78A650500BC08;2025-05-13;-2.0;-311.52
62186D999C456E11B7B78A650500BC08;44673735EAF46E11B7B78A650500BC08;2025-05-13;-12.0;-164.16
1BB5599185ECBE11877210650500BD59;44673735EAF46E11B7B78A650500BC08;2025-05-13;-2.0;-192.94
40B4BA3ED4BBEE1191EE1065050029B9;44673735EAF46E11B7B78A650500BC08;2025-05-13;-4.0;-287.96
1DA346C60EE6DE11C846106505000F6A;44673735EAF46E11B7B78A650500BC08;2025-05-13;-2.0;-22.26
76003B5ECD456E11B7B78A650500BC08;44673735EAF46E11B7B78A650500BC08;2025-05-13;-2.0;-753.82
5AF34C346D7DBE118772106505007E59;44673735EAF46E11B7B78A650500BC08;2025-05-13;-4.0;-564.0
9371B266B2C10F114EF7A826072BB989;44673735EAF46E11B7B78A650500BC08;2025-05-13;-2.0;-166.12
54EC2E244A35BE11BE21106505000C5A;44673735EAF46E11B7B78A650500BC08;2025-05-13;-10.0;-280.0
262352B9AC456E11B7B78A650500BC08;44673735EAF46E11B7B78A650500BC08;2025-05-13;-2.0;-123.12
E3E3BB9B30556E11B7B78A650500BC08;44673735EAF46E11B7B78A650500BC08;2025-05-13;-6.0;-571.76
FE5E4242A8F07E11B7B78A650500CD08;44673735EAF46E11B7B78A650500BC08;2025-05-13;-2.0;-64.6
6FD27101DD4CAE11BE2110650500A05A;44673735EAF46E11B7B78A650500BC08;2025-05-13;-2.0;-829.62
FD43EBA198B37E11B7B78A650500DD08;44673735EAF46E11B7B78A650500BC08;2025-05-13;-2.0;-130.12
AC5D8B3D3F2BBE118772106505008B59;44673735EAF46E11B7B78A650500BC08;2025-05-13;-2.0;-5671.98
A055F6CC8D97DE11C84610650500EF6A;44673735EAF46E11B7B78A650500BC08;2025-05-13;-48.0;-1630.08
9A3EE961BD889E11525010650500F84A;44673735EAF46E11B7B78A650500BC08;2025-05-13;-4.0;-396.04
667E02AB926DAE11BE2110650500025A;44673735EAF46E11B7B78A650500BC08;2025-05-13;-2.0;-210.14
430319B5C422BE11BE2110650500185A;44673735EAF46E11B7B78A650500BC08;2025-05-13;-2.0;-434.1
8105BC2B50A7FE1191EE10650500D3C9;44673735EAF46E11B7B78A650500BC08;2025-05-13;-2.0;-298.0
B32A59F44E456E11B7B78A650500BC08;44673735EAF46E11B7B78A650500BC08;2025-05-13;-4.0;-320.0
043B1705BF896E11B7B78A650500BC08;44673735EAF46E11B7B78A650500BC08;2025-05-13;-2.0;-286.98
9310211B9BE83E11052F6792C000D249;44673735EAF46E11B7B78A650500BC08;2025-05-13;-10.0;-897.5999999999999
E59B72C890CAED11A62CD892C0003F2A;44673735EAF46E11B7B78A650500BC08;2025-05-13;-4.0;-374.92
9D4A76D36D7DBE118772106505007E59;44673735EAF46E11B7B78A650500BC08;2025-05-13;-10.0;-560.0
0910BA7BB78EED11A62CD892C000399B;44673735EAF46E11B7B78A650500BC08;2025-05-13;-2.0;-226.64
632FBA0ACD456E11B7B78A650500BC08;44673735EAF46E11B7B78A650500BC08;2025-05-13;-2.0;-1524.0
61F9CAB8E770BE11BE2110650500F55A;44673735EAF46E11B7B78A650500BC08;2025-05-13;-2.0;-23.62
E45127FF681FAE11BE2110650500345A;44673735EAF46E11B7B78A650500BC08;2025-05-13;-6.0;-816.0
3FD44E1613179E11554010650500914B;44673735EAF46E11B7B78A650500BC08;2025-05-13;-6.0;-431.04
0DE448FF4DA1EE114066106505000C4A;44673735EAF46E11B7B78A650500BC08;2025-05-13;-4.0;-7046.58
8CA19DBBBE81BE11BE2110650500575A;44673735EAF46E11B7B78A650500BC08;2025-05-13;-2.0;-42.32
0F38438847FF4E1142D58A650500BC08;44673735EAF46E11B7B78A650500BC08;2025-05-13;-2.0;-92.9
033DC3D54575EE1191EE10650500D4B9;44673735EAF46E11B7B78A650500BC08;2025-05-13;-16.0;-873.6
2AED7E396A11FE1191EE106505004BB9;44673735EAF46E11B7B78A650500BC08;2025-05-13;-2.0;-534.52
6CD58392A1567E11B7B78A650500ED08;44673735EAF46E11B7B78A650500BC08;2025-05-13;-2.0;-93.8
44F8A6AE390FEE1191EE1065050029B9;44673735EAF46E11B7B78A650500BC08;2025-05-13;-10.0;-46.68000000000001
BB4646538283FE1191EE106505007EB9;44673735EAF46E11B7B78A650500BC08;2025-05-13;-2.0;-2404.02
CFF7E91B973C7E110819BB65050039AA;44673735EAF46E11B7B78A650500BC08;2025-05-13;-4.0;-341.0
2D280C348FCA9E11525010650500EB4A;44673735EAF46E11B7B78A650500BC08;2025-05-13;-8.0;-141.04
389970448754EE11B1AD10650500C7EA;44673735EAF46E11B7B78A650500BC08;2025-05-13;-8.0;-147.12
C35BC3C16FFEFE11F1557891FE690689;44673735EAF46E11B7B78A650500BC08;2025-05-13;-2.0;-110.0
2B072990E029DE11C84610650500D17A;44673735EAF46E11B7B78A650500BC08;2025-05-13;-2.0;-770.4
96EDF3EF0D0FBE118772106505007069;44673735EAF46E11B7B78A650500BC08;2025-05-13;-6.0;-2200.9
94539EBECD456E11B7B78A650500BC08;44673735EAF46E11B7B78A650500BC08;2025-05-13;-2.0;-4628.92
EBD58392A1567E11B7B78A650500ED08;44673735EAF46E11B7B78A650500BC08;2025-05-13;-6.0;-235.98
A8C1EFE6AC456E11B7B78A650500BC08;44673735EAF46E11B7B78A650500BC08;2025-05-13;-6.0;-246.84
75F75042DD456E11B7B78A650500BC08;44673735EAF46E11B7B78A650500BC08;2025-05-13;-4.0;-1448.0
102EF5A7983E7E110819BB65050039AA;44673735EAF46E11B7B78A650500BC08;2025-05-13;-2.0;-765.58
31EC3EEF490ECE11ADB310650500D7B8;44673735EAF46E11B7B78A650500BC08;2025-05-13;-2.0;-62.54
D88FBFEFC688CE11ADB31065050070B8;44673735EAF46E11B7B78A650500BC08;2025-05-13;-2.0;-618.0
7C862812662BDE11406610650500734A;44673735EAF46E11B7B78A650500BC08;2025-05-13;-2.0;-558.0
EAE699AFEDD97E110819BB65050019AA;44673735EAF46E11B7B78A650500BC08;2025-05-13;-2.0;-400.3
1CEB5D8DD22BBE118772106505007B59;44673735EAF46E11B7B78A650500BC08;2025-05-13;-32.0;-988.8
F68FF3BE066E9E11726010650500CB4A;44673735EAF46E11B7B78A650500BC08;2025-05-13;-2.0;-71.74
2BE60076B9456E11B7B78A650500BC08;44673735EAF46E11B7B78A650500BC08;2025-05-13;-4.0;-730.64
A5D407DF7D456E11B7B78A650500BC08;44673735EAF46E11B7B78A650500BC08;2025-05-13;-2.0;-12.4
1C2BB701BD889E11525010650500F84A;44673735EAF46E11B7B78A650500BC08;2025-05-13;-14.0;-1102.22
1EF8F98FC688CE11ADB31065050070B8;44673735EAF46E11B7B78A650500BC08;2025-05-13;-6.0;-334.14
102FB4D6C4AA7E110819BB65050039AA;44673735EAF46E11B7B78A650500BC08;2025-05-13;-2.0;-19.78
37AAAAB4078ECE11ADB31065050078B8;44673735EAF46E11B7B78A650500BC08;2025-05-13;-2.0;-544.0
6489EDCDEE2FEE1191EE1065050029B9;44673735EAF46E11B7B78A650500BC08;2025-05-13;-2.0;-71.54
27C6129DABE1EE114066106505006C4A;44673735EAF46E11B7B78A650500BC08;2025-05-13;-2.0;-169.4
CD5F9BBC8AB8BE118772106505006859;44673735EAF46E11B7B78A650500BC08;2025-05-13;-2.0;-22.48
C8B7FCBFE0CAED11A62CD892C0003F2A;44673735EAF46E11B7B78A650500BC08;2025-05-13;-2.0;-339.58
901142C8008CBE118772106505003D59;44673735EAF46E11B7B78A650500BC08;2025-05-13;-2.0;-784.08
E1011D6FC688CE11ADB31065050070B8;44673735EAF46E11B7B78A650500BC08;2025-05-13;-2.0;-97.42
6B8A12CEF37C6E11B7B78A650500BC08;44673735EAF46E11B7B78A650500BC08;2025-05-13;-2.0;-970.0
F640D18D9BF08E110819BB65050039AA;44673735EAF46E11B7B78A650500BC08;2025-05-13;-2.0;-147.06
8FCD25FECE5BFE111280106505000919;44673735EAF46E11B7B78A650500BC08;2025-05-13;-2.0;-114.0
3DAE8E31F128FE11128010650500D819;44673735EAF46E11B7B78A650500BC08;2025-05-13;-2.0;-597.88
4AFBE535BBB9AE11BE21106505006D4A;44673735EAF46E11B7B78A650500BC08;2025-05-13;-6.0;-60.14
7E32481BC49EDE11406610650500184A;44673735EAF46E11B7B78A650500BC08;2025-05-13;-2.0;-1464.6
CF6362591BAAFE11128010650500E819;FC081C55582CED11A62CD892C0003F2A;2025-05-13;2.0;2416.06
6A243917D004FE1191EE106505001FB9;44673735EAF46E11B7B78A650500BC08;2025-05-13;2.0;181.72
D9505CABA02F8E11F243BB650500374B;44673735EAF46E11B7B78A650500BC08;2025-05-13;2.0;50.24
393AB3380379BE118772106505005959;44673735EAF46E11B7B78A650500BC08;2025-05-13;-14.0;-15006.14
860A1176518EEE1191EE1065050029B9;FC081C55582CED11A62CD892C0003F2A;2025-05-13;0.0;0.0
BE93DCB3CC32FE1191EE10650500BCB9;FC081C55582CED11A62CD892C0003F2A;2025-05-13;0.0;-2.2737367544323206e-13
5CBA647FCC32FE1191EE10650500BCB9;FC081C55582CED11A62CD892C0003F2A;2025-05-13;0.0;0.0
70FE3058512ECE11ADB310650500F7B8;FC081C55582CED11A62CD892C0003F2A;2025-05-13;-8.0;-587.38
661CD5DA0B156E11B7B78A650500BC08;FC081C55582CED11A62CD892C0003F2A;2025-05-13;0.0;0.0
9358F2FDF513CE118772106505009569;FC081C55582CED11A62CD892C0003F2A;2025-05-13;0.0;0.0
48BA790A8616CE11ADB3106505007DA8;FC081C55582CED11A62CD892C0003F2A;2025-05-13;0.0;0.0
027B5A6B948DFE11F1557891FE692489;FC081C55582CED11A62CD892C0003F2A;2025-05-13;0.0;0.0
34ACE133477EFE11F1557891FE695589;FC081C55582CED11A62CD892C0003F2A;2025-05-13;0.0;0.0
F65071BA258EFE11F1557891FE696589;FC081C55582CED11A62CD892C0003F2A;2025-05-13;0.0;0.0
09E7ED19CC8EFE11F1557891FE697589;FC081C55582CED11A62CD892C0003F2A;2025-05-13;0.0;0.0
E97CB52F58A1CE11877210650500C369;FC081C55582CED11A62CD892C0003F2A;2025-05-13;0.0;0.0
B8597260596CCE11ADB310650500A5B8;FC081C55582CED11A62CD892C0003F2A;2025-05-13;0.0;0.0
304AC696D270DE11ADB3106505003BB8;44673735EAF46E11B7B78A650500BC08;2025-05-13;2.0;313.6
ED085630EC6FEE1191EE1065050029B9;B0BDDED34CC83E11052F6792C000B249;2025-05-13;4.0;1873.52
58DD3F2A0C8DDE11406610650500A64A;44673735EAF46E11B7B78A650500BC08;2025-05-13;240.0;10370.18
41E6C477CBE2FE1191EE10650500ADB9;B0BDDED34CC83E11052F6792C000B249;2025-05-13;0.0;0.0
21C1AE3A2A6BFE111280106505000919;B0BDDED34CC83E11052F6792C000B249;2025-05-13;-16.0;-999.42
0361CD5CEB01FE1191EE106505003BB9;B0BDDED34CC83E11052F6792C000B249;2025-05-13;20.0;815.12
AA5560BEE92FCE11ADB31065050049B8;B0BDDED34CC83E11052F6792C000B249;2025-05-13;0.0;0.0
3FD56AB89F09FE11128010650500E819;B0BDDED34CC83E11052F6792C000B249;2025-05-13;0.0;0.0
B11EEB7BF093FE1191EE106505008EB9;B0BDDED34CC83E11052F6792C000B249;2025-05-13;-2.0;-188.36
69DF7570F76DCE11ADB310650500F6B8;B0BDDED34CC83E11052F6792C000B249;2025-05-13;0.0;0.0
83A6F9A48836CE11ADB3106505008DA8;B0BDDED34CC83E11052F6792C000B249;2025-05-13;0.0;0.0
BFD0563AEAB4EE11B1AD1065050048EA;B0BDDED34CC83E11052F6792C000B249;2025-05-13;0.0;0.0
CAAA62E30A34DE11ADB31065050050C8;B0BDDED34CC83E11052F6792C000B249;2025-05-13;0.0;0.0
5450B5F648A0EE11406610650500BA4A;B0BDDED34CC83E11052F6792C000B249;2025-05-13;0.0;0.0
BA4D625084A0EE11406610650500BA4A;B0BDDED34CC83E11052F6792C000B249;2025-05-13;0.0;0.0
97679C8AEAB4EE11B1AD1065050048EA;B0BDDED34CC83E11052F6792C000B249;2025-05-13;0.0;0.0
EA51CD5CEB01FE1191EE106505003BB9;B0BDDED34CC83E11052F6792C000B249;2025-05-13;-2.0;-47.86
598D11C11B278E11F243BB6505008C3B;B0BDDED34CC83E11052F6792C000B249;2025-05-13;0.0;0.0
CD4A76D36D7DBE118772106505007E59;44673735EAF46E11B7B78A650500BC08;2025-05-13;-10.0;-910.0
988BDE7845CECE11ADB310650500C8B8;FC081C55582CED11A62CD892C0003F2A;2025-05-13;0.0;0.0
5B3C9305C295FE1191EE1065050021C9;FC081C55582CED11A62CD892C0003F2A;2025-05-13;0.0;0.0
99B9F705C295FE1191EE1065050021C9;FC081C55582CED11A62CD892C0003F2A;2025-05-13;0.0;0.0
7A4CA41DA1189E11554010650500D24B;FC081C55582CED11A62CD892C0003F2A;2025-05-13;0.0;0.0
01E5156380948E113835BB6505002DAA;FC081C55582CED11A62CD892C0003F2A;2025-05-13;0.0;0.0
DA1FFAA97C31EE114066106505007B4A;FC081C55582CED11A62CD892C0003F2A;2025-05-13;0.0;0.0
E9C185AD1DC97E110819BB65050019AA;44673735EAF46E11B7B78A650500BC08;2025-05-13;266.0;18768.96
19FF4A7A9DB6EE1191EE1065050076B9;44673735EAF46E11B7B78A650500BC08;2025-05-13;38.0;2681.2800000000007
1DAEBE2097A20E11A4A96492C00008E9;FC081C55582CED11A62CD892C0003F2A;2025-05-13;6.0;552.0
DDA0BB5F01CAED11A62CD892C0003F2A;FC081C55582CED11A62CD892C0003F2A;2025-05-13;24.0;1680.0
E0085046E4800F11F1557891FE69F789;44673735EAF46E11B7B78A650500BC08;2025-05-13;6.0;3417.46
049EB110EAD3FE1191EE10650500EEB9;FC081C55582CED11A62CD892C0003F2A;2025-05-13;10.0;950.0
543F335EEB6DFE11F1557891FE690489;FC081C55582CED11A62CD892C0003F2A;2025-05-13;2.0;519.8
53093FC4BAF94E1142D58A6505009C08;FC081C55582CED11A62CD892C0003F2A;2025-05-13;4.0;479.68
0088AC04A537BE118772106505007659;FC081C55582CED11A62CD892C0003F2A;2025-05-13;4.0;759.64
721ADD6EEB6DFE11F1557891FE690489;FC081C55582CED11A62CD892C0003F2A;2025-05-13;10.0;1541.8
CA1607D1D8B63E11052F6792C000FF39;FC081C55582CED11A62CD892C0003F2A;2025-05-13;6.0;1316.16
E02AAB87BA54BE11BE2110650500EA5A;B0BDDED34CC83E11052F6792C000B249;2025-05-13;10.0;1020.4
AC9CB53D028ADE11406610650500924A;44673735EAF46E11B7B78A650500BC08;2025-05-13;0.0;0.0
D5AA5EC1BD010F11112A674AC7E2C889;FC081C55582CED11A62CD892C0003F2A;2025-05-13;8.0;1677.58
7C859512BD010F11112A674AC7E2C889;FC081C55582CED11A62CD892C0003F2A;2025-05-13;8.0;5669.02
8E6E948E05B4DE11ADB310650500F0C8;44673735EAF46E11B7B78A650500BC08;2025-05-13;24.0;1393.92
4C0C84E022F0EE114066106505001B4A;FC081C55582CED11A62CD892C0003F2A;2025-05-13;0.0;0.0
7B5E9EC238C6EE1191EE1065050086B9;FC081C55582CED11A62CD892C0003F2A;2025-05-13;0.0;0.0
F21870BDF07E8E11F243BB650500564B;FC081C55582CED11A62CD892C0003F2A;2025-05-13;4.0;1656.44
3D62BD8A40BB3E11052F6792C000D249;B0BDDED34CC83E11052F6792C000B249;2025-05-13;48.0;1794.24
0E1AB8B035C26E1142D58A650500AD08;B0BDDED34CC83E11052F6792C000B249;2025-05-13;10.0;2559.0
D1BFBF08107A7E110819BB65050039AA;B0BDDED34CC83E11052F6792C000B249;2025-05-13;6.0;1162.8
CEE4D31BF6C1EE114066106505003C4A;B0BDDED34CC83E11052F6792C000B249;2025-05-13;74.0;6164.2
0D4A76D36D7DBE118772106505007E59;44673735EAF46E11B7B78A650500BC08;2025-05-13;-14.0;-1022.0
4796C2BEE5ECBE11877210650500BD59;44673735EAF46E11B7B78A650500BC08;2025-05-13;-36.0;-2052.0
38133FAD632ECE11ADB310650500F7B8;FC081C55582CED11A62CD892C0003F2A;2025-05-13;8.0;2296.0
291F4FDF686BAE11BE21106505008F4A;FC081C55582CED11A62CD892C0003F2A;2025-05-13;8.0;2144.0
C5DCAB1D719EBE11877210650500DF59;FC081C55582CED11A62CD892C0003F2A;2025-05-13;98.0;2730.28
54AD5BE6D77CCE11ADB310650500B5B8;FC081C55582CED11A62CD892C0003F2A;2025-05-13;112.0;4081.28
4F6C693F24CF9E117260106505008D4A;FC081C55582CED11A62CD892C0003F2A;2025-05-13;10.0;761.1
183B302B9D0BDE11406610650500534A;FC081C55582CED11A62CD892C0003F2A;2025-05-13;56.0;1870.96
8765B5E89B547E11B7B78A650500ED08;FC081C55582CED11A62CD892C0003F2A;2025-05-13;10.0;3837.1
7A0F7C972D9EFE11F1557891FE698589;44673735EAF46E11B7B78A650500BC08;2025-05-13;58.0;3318.56
7E02A93BC7E10F114EF7A826072BE989;44673735EAF46E11B7B78A650500BC08;2025-05-13;24.0;3255.6
FCEC30D9A257DE11C846106505008F6A;FC081C55582CED11A62CD892C0003F2A;2025-05-13;44.0;1122.0
973F37C608138E110223BB6505005BAA;FC081C55582CED11A62CD892C0003F2A;2025-05-13;12.0;1500.0
010E98BA2B9FFE11F1557891FE69C689;44673735EAF46E11B7B78A650500BC08;2025-05-13;4.0;1369.44
7FBD98BA2B9FFE11F1557891FE69C689;44673735EAF46E11B7B78A650500BC08;2025-05-13;4.0;1369.44
887D1298A41FEE1191EE1065050029B9;B0BDDED34CC83E11052F6792C000B249;2025-05-13;4.0;1120.0
24E672B42AA5FE1191EE1065050041C9;B0BDDED34CC83E11052F6792C000B249;2025-05-13;10.0;820.0
E27D5947E38CDE11406610650500554A;B0BDDED34CC83E11052F6792C000B249;2025-05-13;24.0;3494.4
44FD46BC1A5FFE11F1557891FE697689;B0BDDED34CC83E11052F6792C000B249;2025-05-13;10.0;433.4
E51DDCA80888CE11ADB31065050070B8;B0BDDED34CC83E11052F6792C000B249;2025-05-13;10.0;433.4
73D1DEFE4B1C6E11B7B78A650500BC08;44673735EAF46E11B7B78A650500BC08;2025-05-13;20.0;2945.6
E8C24747CD456E11B7B78A650500BC08;44673735EAF46E11B7B78A650500BC08;2025-05-13;6.0;3361.56
0473763528D8EE1191EE10650500F8B9;44673735EAF46E11B7B78A650500BC08;2025-05-13;12.0;2380.56
9E3CA37CB48DFE11F1557891FE692489;44673735EAF46E11B7B78A650500BC08;2025-05-13;6.0;1218.0
B564184528D8EE1191EE10650500F8B9;44673735EAF46E11B7B78A650500BC08;2025-05-13;4.0;793.52
4BF72E5DC335DE11ADB31065050091C8;FC081C55582CED11A62CD892C0003F2A;2025-05-13;24.0;1441.44
0CB5D848B1BBEE1191EE1065050029B9;B0BDDED34CC83E11052F6792C000B249;2025-05-13;6.0;508.8
EBED8D0E0E809E11F243BB650500094B;B0BDDED34CC83E11052F6792C000B249;2025-05-13;40.0;3384.12
3B912AE26516DE11ADB310650500B2C8;44673735EAF46E11B7B78A650500BC08;2025-05-13;2.0;8274.0
EB356E61BD010F11112A674AC7E2C889;B0BDDED34CC83E11052F6792C000B249;2025-05-13;4.0;2699.54
415C5EC1BD010F11112A674AC7E2C889;B0BDDED34CC83E11052F6792C000B249;2025-05-13;4.0;1908.96
5B7EA5E5210EDE11406610650500374A;FC081C55582CED11A62CD892C0003F2A;2025-05-13;12.0;1769.04
C87E21885EC6BE11877210650500F559;B0BDDED34CC83E11052F6792C000B249;2025-05-13;2.0;3137.26
CCF5F91058B03E11052F6792C000CF39;B0BDDED34CC83E11052F6792C000B249;2025-05-13;4.0;5041.32
91D9FBED66C33E11052F6792C000EF39;FC081C55582CED11A62CD892C0003F2A;2025-05-13;0.0;0.0
3468AB36A6C33E11052F6792C000EF39;FC081C55582CED11A62CD892C0003F2A;2025-05-13;0.0;0.0
6A65AD4DED7FFE11F1557891FE69A689;FC081C55582CED11A62CD892C0003F2A;2025-05-13;0.0;0.0
3F75D9086547EE1191EE10650500E6B9;FC081C55582CED11A62CD892C0003F2A;2025-05-13;0.0;0.0
6732DB0D8F74FE1191EE10650500CFB9;FC081C55582CED11A62CD892C0003F2A;2025-05-13;20.0;1236.0
B1CA87D62C4FBE11877210650500C069;B0BDDED34CC83E11052F6792C000B249;2025-05-13;-2.0;-931.86
41D4B0C8B89FBE118772106505002169;B0BDDED34CC83E11052F6792C000B249;2025-05-13;2.0;443.06
320CBAFEC9B7FE1191EE10650500F3C9;FC081C55582CED11A62CD892C0003F2A;2025-05-13;12.0;4852.92
F8FA2389AB08DE11C84610650500707A;FC081C55582CED11A62CD892C0003F2A;2025-05-13;4.0;9067.92
F7A4FCE301CAED11A62CD892C0003F2A;FC081C55582CED11A62CD892C0003F2A;2025-05-13;38.0;4172.079999999999
388539FB0564AE11726010650500635A;FC081C55582CED11A62CD892C0003F2A;2025-05-13;12.0;3487.2
9C4BCFB931CAED11A62CD892C0003F2A;FC081C55582CED11A62CD892C0003F2A;2025-05-13;4.0;3811.96
50A39B4ED0CAED11A62CD892C0003F2A;FC081C55582CED11A62CD892C0003F2A;2025-05-13;10.0;5192.4
3F09AA3111CAED11A62CD892C0003F2A;FC081C55582CED11A62CD892C0003F2A;2025-05-13;22.0;10093.24
BC9786EF124A7E110819BB65050039AA;44673735EAF46E11B7B78A650500BC08;2025-05-13;0.0;0.0
06B0C908B5DB7E110819BB65050039AA;44673735EAF46E11B7B78A650500BC08;2025-05-13;0.0;0.0
DD1E79FF5A2A4E1142D58A6505009C08;44673735EAF46E11B7B78A650500BC08;2025-05-13;0.0;0.0
CCF8F3F59ED6FD110DC22A92C000D158;FC081C55582CED11A62CD892C0003F2A;2025-05-13;4.0;658.68
558D6F519EE2BE11BE2110650500195A;FC081C55582CED11A62CD892C0003F2A;2025-05-13;4.0;315.18
E66C3997B34C2E11052F6792C000CF39;FC081C55582CED11A62CD892C0003F2A;2025-05-13;8.0;1139.1
53C8EAAC0EE2BE11BE2110650500195A;FC081C55582CED11A62CD892C0003F2A;2025-05-13;12.0;1844.72
BAA271DE34D2FE1191EE106505007DB9;B0BDDED34CC83E11052F6792C000B249;2025-05-13;2.0;1941.02
5A8889AA63D2FE1191EE106505007DB9;B0BDDED34CC83E11052F6792C000B249;2025-05-13;56.0;2246.72
2610CAEC0C2FFD11A4A96492C0001019;B0BDDED34CC83E11052F6792C000B249;2025-05-13;4.0;7852.98
BD13E180AAFC9E11726010650500E94A;B0BDDED34CC83E11052F6792C000B249;2025-05-13;6.0;727.5
72F60CD4DC8E0E1143F0668E42001D49;FC081C55582CED11A62CD892C0003F2A;2025-05-13;20.0;634.32
B9BDD52C81CAED11A62CD892C0003F2A;FC081C55582CED11A62CD892C0003F2A;2025-05-13;16.0;2956.9
BFDF3DC9CC3FFE11F1557891FE695689;B0BDDED34CC83E11052F6792C000B249;2025-05-13;20.0;725.0
EA5D87D7A0F60E11A4A96492C0007BF8;B0BDDED34CC83E11052F6792C000B249;2025-05-13;12.0;3810.96
FF3D0CF9932FFE11F1557891FE693689;FC081C55582CED11A62CD892C0003F2A;2025-05-13;-2.0;-2778.78
B074CFC631ACDE11406610650500754A;FC081C55582CED11A62CD892C0003F2A;2025-05-13;-4.0;-375.18
4FE941A11EAFFE11F1557891FE69E689;FC081C55582CED11A62CD892C0003F2A;2025-05-13;-2.0;-38.96
5595F8773BADEE1191EE1065050029B9;FC081C55582CED11A62CD892C0003F2A;2025-05-13;-2.0;-229.2
2AD833A5AF06FE1191EE10650500C1C9;FC081C55582CED11A62CD892C0003F2A;2025-05-13;-4.0;-261.5
759E41C87EB9BE11877210650500B959;FC081C55582CED11A62CD892C0003F2A;2025-05-13;-16.0;-1796.24
E9E790703FE58E11F243BB650500EA3B;FC081C55582CED11A62CD892C0003F2A;2025-05-13;-2.0;-105.96
0A282CFF889D7E110819BB65050039AA;FC081C55582CED11A62CD892C0003F2A;2025-05-13;-4.0;-221.0
9F9EF1653FE58E11F243BB650500EA3B;FC081C55582CED11A62CD892C0003F2A;2025-05-13;-2.0;-101.06
08C1CF1F1003DE11ADB310650500AEB8;FC081C55582CED11A62CD892C0003F2A;2025-05-13;-4.0;-23.3
14FF0C680C3BBE118772106505009B59;FC081C55582CED11A62CD892C0003F2A;2025-05-13;-2.0;-63.6
BCA9CF4E6BBD3E11052F6792C000D249;FC081C55582CED11A62CD892C0003F2A;2025-05-13;-2.0;-30.14
A66DD7D844D67E11B7B78A650500ED08;FC081C55582CED11A62CD892C0003F2A;2025-05-13;-2.0;-82.24
CC6BACF29813EE11B1AD1065050036EA;FC081C55582CED11A62CD892C0003F2A;2025-05-13;-2.0;-139.24
EAA88A00CBE1EE114066106505006C4A;FC081C55582CED11A62CD892C0003F2A;2025-05-13;-2.0;-35.76
B02BABF99CCDDE11406610650500F64A;FC081C55582CED11A62CD892C0003F2A;2025-05-13;-4.0;-92.76
314330024DADEE1191EE1065050029B9;FC081C55582CED11A62CD892C0003F2A;2025-05-13;-2.0;-71.42
3A91846791600F11F1557891FE69C789;FC081C55582CED11A62CD892C0003F2A;2025-05-13;-4.0;-227.76
417720691DBEEE1191EE1065050029B9;FC081C55582CED11A62CD892C0003F2A;2025-05-13;-2.0;-162.0
B0E2A37C60FB9E11726010650500984A;FC081C55582CED11A62CD892C0003F2A;2025-05-13;-2.0;-132.04
5E05BD74DCECEE1191EE1065050029B9;FC081C55582CED11A62CD892C0003F2A;2025-05-13;-2.0;-13.22
A0FC09C0B8B8FE11128010650500D819;FC081C55582CED11A62CD892C0003F2A;2025-05-13;-2.0;-188.92
4E04E11F299DDE11406610650500B64A;FC081C55582CED11A62CD892C0003F2A;2025-05-13;-2.0;-382.08
8313C334BD2ECE11ADB31065050008B8;FC081C55582CED11A62CD892C0003F2A;2025-05-13;-12.0;-477.84000000000003
DEA6F985AE0BDE11406610650500534A;FC081C55582CED11A62CD892C0003F2A;2025-05-13;-12.0;-1119.1000000000001
53714AAE2EBD7E110819BB65050039AA;FC081C55582CED11A62CD892C0003F2A;2025-05-13;-2.0;-23.28
670B0CB751CAED11A62CD892C0003F2A;FC081C55582CED11A62CD892C0003F2A;2025-05-13;-2.0;-589.12
9F1AD9FD7942FE1191EE10650500CCB9;FC081C55582CED11A62CD892C0003F2A;2025-05-13;-2.0;-404.62
912666D46E949E115540106505006E3B;FC081C55582CED11A62CD892C0003F2A;2025-05-13;-2.0;-452.4
A5384A7B0321DE11ADB3106505003CB8;FC081C55582CED11A62CD892C0003F2A;2025-05-13;-2.0;-164.0
717F2EE2CD322E1143F0668E4200C71A;FC081C55582CED11A62CD892C0003F2A;2025-05-13;-2.0;-528.2
52CBB8981C93FE1191EE106505009EB9;FC081C55582CED11A62CD892C0003F2A;2025-05-13;-8.0;-1093.76
A62845952442DE11ADB310650500BDB8;FC081C55582CED11A62CD892C0003F2A;2025-05-13;-4.0;-223.6
92C8BD650EADAE11BE2110650500625A;FC081C55582CED11A62CD892C0003F2A;2025-05-13;-4.0;-608.16
ED198015450DEE1191EE1065050029B9;FC081C55582CED11A62CD892C0003F2A;2025-05-13;-2.0;-1633.54
E554D59AEAB4EE11B1AD1065050048EA;FC081C55582CED11A62CD892C0003F2A;2025-05-13;-2.0;-78.78
638095B234D04E1142D58A650500DB08;FC081C55582CED11A62CD892C0003F2A;2025-05-13;-4.0;-518.82
4FC2EA7FB242DE11ADB310650500BDB8;FC081C55582CED11A62CD892C0003F2A;2025-05-13;-2.0;-304.8
C3193B0A16653E11052F6792C000FF39;FC081C55582CED11A62CD892C0003F2A;2025-05-13;-2.0;-89.64
DD7A82503AC0DE11ADB310650500ABB8;FC081C55582CED11A62CD892C0003F2A;2025-05-13;-4.0;-156.89999999999998
E4D8565D0256BE118772106505005559;FC081C55582CED11A62CD892C0003F2A;2025-05-13;-2.0;-565.12
BE403BE10B4EDE11406610650500B74A;FC081C55582CED11A62CD892C0003F2A;2025-05-13;-2.0;-435.34
3FE976020965DE11ADB310650500D1C8;FC081C55582CED11A62CD892C0003F2A;2025-05-13;-2.0;-319.92
52FF8E37D4F5FE1191EE10650500A1C9;FC081C55582CED11A62CD892C0003F2A;2025-05-13;-2.0;-154.52
D0D7300AA60BFE11128010650500E819;FC081C55582CED11A62CD892C0003F2A;2025-05-13;-4.0;-176.96
29938C2225271E1143F0668E42006B8B;FC081C55582CED11A62CD892C0003F2A;2025-05-13;-2.0;-732.98
D824051B94AE0E1143F0668E42001D49;FC081C55582CED11A62CD892C0003F2A;2025-05-13;-2.0;-50.6
02314C14B7363E11052F6792C000FF39;FC081C55582CED11A62CD892C0003F2A;2025-05-13;-2.0;-102.3
826050CC91CAED11A62CD892C0003F2A;FC081C55582CED11A62CD892C0003F2A;2025-05-13;-2.0;-232.66
A1008FE747CBCE11ADB310650500B4B8;FC081C55582CED11A62CD892C0003F2A;2025-05-13;-2.0;-1145.0
E53B0BAD6AEC0E11A4A96492C0001269;FC081C55582CED11A62CD892C0003F2A;2025-05-13;-4.0;-347.66
795627ADC0CAED11A62CD892C0003F2A;FC081C55582CED11A62CD892C0003F2A;2025-05-13;-2.0;-445.04
6DAB0F43D0CAED11A62CD892C0003F2A;FC081C55582CED11A62CD892C0003F2A;2025-05-13;-8.0;-651.76
DB210570DFBBFE111280106505000919;FC081C55582CED11A62CD892C0003F2A;2025-05-13;-2.0;-166.06
471560AF76C4EE11B1AD1065050058EA;FC081C55582CED11A62CD892C0003F2A;2025-05-13;-2.0;-461.14
C55AC83F914E0E1143F0668E42001D49;FC081C55582CED11A62CD892C0003F2A;2025-05-13;-2.0;-442.58
25B52E05D80A6E11B7B78A650500BC08;FC081C55582CED11A62CD892C0003F2A;2025-05-13;-2.0;-181.22
AD8AA93BA1CAED11A62CD892C0003F2A;FC081C55582CED11A62CD892C0003F2A;2025-05-13;-6.0;-1253.66
3DC33DC529265E1142D58A650500DC08;FC081C55582CED11A62CD892C0003F2A;2025-05-13;-6.0;-1083.96
B3BB32F6DDFFFE11F1557891FE694789;FC081C55582CED11A62CD892C0003F2A;2025-05-13;-2.0;-539.0
14B135B1B6E62E1143F0668E420006EB;FC081C55582CED11A62CD892C0003F2A;2025-05-13;-26.0;-2305.86
AA9BE0D4F88C9E11726010650500594A;FC081C55582CED11A62CD892C0003F2A;2025-05-13;-6.0;-1391.76
725573D32273EE11B1AD10650500A6EA;FC081C55582CED11A62CD892C0003F2A;2025-05-13;-2.0;-164.06
1DE786A01A48CE11ADB31065050010B8;FC081C55582CED11A62CD892C0003F2A;2025-05-13;-2.0;-504.42
A2E2A38201CAED11A62CD892C0003F2A;FC081C55582CED11A62CD892C0003F2A;2025-05-13;-4.0;-144.92
043077E71C2EFE11F1557891FE69F489;FC081C55582CED11A62CD892C0003F2A;2025-05-13;-2.0;-132.0
4680BE7FCDA4FE1191EE1065050000C9;FC081C55582CED11A62CD892C0003F2A;2025-05-13;-2.0;-444.54
7530FD18E94DFE11F1557891FE69D389;FC081C55582CED11A62CD892C0003F2A;2025-05-13;-16.0;-1104.0
668904ECAD62FE1191EE10650500FCB9;FC081C55582CED11A62CD892C0003F2A;2025-05-13;-2.0;-203.42
E03BEA817EC47E11B7B78A650500ED08;FC081C55582CED11A62CD892C0003F2A;2025-05-13;-2.0;-277.86
A8AE11171F27EE1191EE10650500C6B9;FC081C55582CED11A62CD892C0003F2A;2025-05-13;-2.0;-421.2
5C63DD9371491E1143F0668E42006B8B;FC081C55582CED11A62CD892C0003F2A;2025-05-13;-4.0;-479.6
CBA15682F8D65E1142D58A650500DC08;FC081C55582CED11A62CD892C0003F2A;2025-05-13;-2.0;-418.2
7852134DADCA9E11525010650500EB4A;FC081C55582CED11A62CD892C0003F2A;2025-05-13;-2.0;-411.18
4EF6FCE15E94DE11ADB310650500D0C8;FC081C55582CED11A62CD892C0003F2A;2025-05-13;-4.0;-147.2
A48842B64E94DE11ADB310650500D0C8;FC081C55582CED11A62CD892C0003F2A;2025-05-13;-4.0;-100.36
660CB01370E90E11A4A96492C0001269;FC081C55582CED11A62CD892C0003F2A;2025-05-13;-4.0;-842.36
0F511FFF41CAED11A62CD892C0003F2A;FC081C55582CED11A62CD892C0003F2A;2025-05-13;-2.0;-297.68
FAC4289D466A8E11F243BB650500A04B;FC081C55582CED11A62CD892C0003F2A;2025-05-13;-2.0;-102.14
B2CC63C3D3C0FE1191EE10650500DAB9;FC081C55582CED11A62CD892C0003F2A;2025-05-13;-2.0;-90.1
B51A958001CAED11A62CD892C0003F2A;FC081C55582CED11A62CD892C0003F2A;2025-05-13;-4.0;-204.42
79FB01028557AE11BE21106505005A4A;FC081C55582CED11A62CD892C0003F2A;2025-05-13;-2.0;-753.72
AA45274DD877DE11C84610650500BF6A;FC081C55582CED11A62CD892C0003F2A;2025-05-13;-4.0;-102.0
1E2FE126AF08DE11C84610650500707A;FC081C55582CED11A62CD892C0003F2A;2025-05-13;-2.0;-225.3
1B4F278C0ADEAE11BE2110650500E35A;FC081C55582CED11A62CD892C0003F2A;2025-05-13;-2.0;-59.44
AEDC4EE7A0CAED11A62CD892C0003F2A;FC081C55582CED11A62CD892C0003F2A;2025-05-13;-2.0;-184.08
645CA2629CD75E1142D58A650500DC08;FC081C55582CED11A62CD892C0003F2A;2025-05-13;-2.0;-208.7
A018E9D401CAED11A62CD892C0003F2A;FC081C55582CED11A62CD892C0003F2A;2025-05-13;-2.0;-198.82
4A1970C9A1DCFD11A4A96492C000CB59;FC081C55582CED11A62CD892C0003F2A;2025-05-13;-2.0;-276.5
7C680BE491CAED11A62CD892C0003F2A;FC081C55582CED11A62CD892C0003F2A;2025-05-13;-2.0;-254.14
E3A0FAD20F388E11F243BB650500ED3B;FC081C55582CED11A62CD892C0003F2A;2025-05-13;-2.0;-635.06
F51AC937F1065E1142D58A650500DC08;FC081C55582CED11A62CD892C0003F2A;2025-05-13;-2.0;-51.62
9F54B030C2EFAE11BE2110650500355A;FC081C55582CED11A62CD892C0003F2A;2025-05-13;-2.0;-367.5
A55DF743C0CAED11A62CD892C0003F2A;FC081C55582CED11A62CD892C0003F2A;2025-05-13;-2.0;-903.88
46CFA3470C7DFE1158A3BB3DBE8E1489;FC081C55582CED11A62CD892C0003F2A;2025-05-13;-2.0;-41.0
573ED307BB4A6E11B7B78A650500BC08;FC081C55582CED11A62CD892C0003F2A;2025-05-13;-2.0;-9178.0
2148978EF4B4DE11ADB310650500F0C8;FC081C55582CED11A62CD892C0003F2A;2025-05-13;-2.0;-116.16
6FA86E4A43E3DE11ADB310650500CFB8;FC081C55582CED11A62CD892C0003F2A;2025-05-13;-10.0;-852.6
BB84D220261ECE11ADB310650500E7B8;FC081C55582CED11A62CD892C0003F2A;2025-05-13;-2.0;-738.02
1B65084853D9EE1191EE1065050009B9;FC081C55582CED11A62CD892C0003F2A;2025-05-13;-4.0;-270.86
12D59BEA613C9E11726010650500E84A;FC081C55582CED11A62CD892C0003F2A;2025-05-13;-2.0;-1061.4
972810EAF8C6DE11C84610650500DE6A;FC081C55582CED11A62CD892C0003F2A;2025-05-13;-2.0;-24.5
118DF723558EFE11F1557891FE696589;FC081C55582CED11A62CD892C0003F2A;2025-05-13;-2.0;-428.08
B6B6EB4951CAED11A62CD892C0003F2A;FC081C55582CED11A62CD892C0003F2A;2025-05-13;-2.0;-541.06
94021CDFEB03EE11B1AD1065050026EA;FC081C55582CED11A62CD892C0003F2A;2025-05-13;-2.0;-118.0
531F756AFB8BDE11406610650500044A;FC081C55582CED11A62CD892C0003F2A;2025-05-13;-2.0;-146.02
5022857200E7EE1191EE10650500A7B9;FC081C55582CED11A62CD892C0003F2A;2025-05-13;-10.0;-63.88
DBD7C1E431010F11112A674AC7E2B889;FC081C55582CED11A62CD892C0003F2A;2025-05-13;-2.0;-310.8
B2DA2151BCAAAE11BE21106505009E4A;FC081C55582CED11A62CD892C0003F2A;2025-05-13;-2.0;-50.4
31D91C56B8C6DE11C84610650500DE6A;FC081C55582CED11A62CD892C0003F2A;2025-05-13;-10.0;-118.3
EDCD6FAEFFD9DE11406610650500C14A;FC081C55582CED11A62CD892C0003F2A;2025-05-13;-2.0;-200.1
FF7992573CE7EE1191EE10650500B7B9;FC081C55582CED11A62CD892C0003F2A;2025-05-13;-2.0;-22.26
14788295AE9BBE118772106505001C59;FC081C55582CED11A62CD892C0003F2A;2025-05-13;-4.0;-156.24
C4F14BCE5D89FE11128010650500E819;FC081C55582CED11A62CD892C0003F2A;2025-05-13;-2.0;-519.4
8BED8D0E0E809E11F243BB650500094B;FC081C55582CED11A62CD892C0003F2A;2025-05-13;-4.0;-390.0
730B106CCC83FE1191EE106505008EB9;FC081C55582CED11A62CD892C0003F2A;2025-05-13;-2.0;-510.46
C16E4FAFE74FDE11406610650500F84A;FC081C55582CED11A62CD892C0003F2A;2025-05-13;-2.0;-261.3
ECEAA9F444856E11B7B78A650500BC08;FC081C55582CED11A62CD892C0003F2A;2025-05-13;-4.0;-803.52
301651D63B73CE118772106505001669;FC081C55582CED11A62CD892C0003F2A;2025-05-13;-2.0;-179.96
1F59260CC366DE11ADB31065050013C8;FC081C55582CED11A62CD892C0003F2A;2025-05-13;-2.0;-391.98
8A8779C141CAED11A62CD892C0003F2A;FC081C55582CED11A62CD892C0003F2A;2025-05-13;-2.0;-372.02
2CCEF4D87E63FD110DC22A92C000C499;FC081C55582CED11A62CD892C0003F2A;2025-05-13;-2.0;-229.44
748F73B62056BE118772106505005559;FC081C55582CED11A62CD892C0003F2A;2025-05-13;-2.0;-281.52
B311D296104FFE11F1557891FE695689;FC081C55582CED11A62CD892C0003F2A;2025-05-13;-2.0;-24.36
02009DCE9A827E11B7B78A650500DD08;FC081C55582CED11A62CD892C0003F2A;2025-05-13;-2.0;-149.08
F1B8C94B0BA9CE11ADB310650500E1B8;FC081C55582CED11A62CD892C0003F2A;2025-05-13;-2.0;-273.38
34CA5A874654EE11B1AD10650500C7EA;FC081C55582CED11A62CD892C0003F2A;2025-05-13;-2.0;-2879.36
944B87368D31FE1191EE106505007BB9;FC081C55582CED11A62CD892C0003F2A;2025-05-13;-2.0;-882.58
B0C9F0AEC6E28E113835BB6505002BAA;FC081C55582CED11A62CD892C0003F2A;2025-05-13;-2.0;-625.92
FB8ADBE3845BED11A62CD892C0003F2A;FC081C55582CED11A62CD892C0003F2A;2025-05-13;-2.0;-495.26
6A32F2340F0EEE1191EE1065050029B9;FC081C55582CED11A62CD892C0003F2A;2025-05-13;-2.0;-320.26
70445DF1695EDE11406610650500C74A;FC081C55582CED11A62CD892C0003F2A;2025-05-13;-2.0;-551.2
9E3CA7158A278E11F243BB6505008C3B;FC081C55582CED11A62CD892C0003F2A;2025-05-13;-2.0;-94.74
E2355AA81296CE11ADB310650500EDA8;FC081C55582CED11A62CD892C0003F2A;2025-05-13;-2.0;-273.08
46D06C00BE52EE11406610650500FC4A;FC081C55582CED11A62CD892C0003F2A;2025-05-13;-2.0;-227.84
756ED27D93F50E11A4A96492C0004B38;FC081C55582CED11A62CD892C0003F2A;2025-05-13;-2.0;-153.66
227770F124789E11525010650500D84A;FC081C55582CED11A62CD892C0003F2A;2025-05-13;-18.0;-339.48
5E7B7986B33ABE118772106505004A59;FC081C55582CED11A62CD892C0003F2A;2025-05-13;-2.0;-294.2
DF81A93BC7E10F114EF7A826072BE989;FC081C55582CED11A62CD892C0003F2A;2025-05-13;-2.0;-199.38
6AA0785E4647DE11C846106505007F6A;FC081C55582CED11A62CD892C0003F2A;2025-05-13;-2.0;-212.0
A2B392074B90AE117260106505009E4A;FC081C55582CED11A62CD892C0003F2A;2025-05-13;-2.0;-377.34
98C9CF7E10439E115540106505009C3B;FC081C55582CED11A62CD892C0003F2A;2025-05-13;-2.0;-189.7
41A7D09100E7EE1191EE10650500A7B9;FC081C55582CED11A62CD892C0003F2A;2025-05-13;-2.0;-17.72
19182E82D0993E11052F6792C000D249;FC081C55582CED11A62CD892C0003F2A;2025-05-13;-2.0;-314.2
25CE84EBBD1EFE11F1557891FE69E489;FC081C55582CED11A62CD892C0003F2A;2025-05-13;-2.0;-132.0
1F6E7323D224EE11B1AD1065050087EA;FC081C55582CED11A62CD892C0003F2A;2025-05-13;-2.0;-275.18
D704662C575FFE11F1557891FE697689;FC081C55582CED11A62CD892C0003F2A;2025-05-13;-2.0;-66.0
E102D25FFF4A8E11F243BB650500804B;FC081C55582CED11A62CD892C0003F2A;2025-05-13;-2.0;-307.26
947B2BFCEF2FFE11F1557891FE694689;FC081C55582CED11A62CD892C0003F2A;2025-05-13;-2.0;-730.1
60207E793F5A4E1142D58A6505009C08;FC081C55582CED11A62CD892C0003F2A;2025-05-13;-2.0;-129.84
76D0FAA95A530E11A4A96492C00008E9;B0BDDED34CC83E11052F6792C000B249;2025-05-13;-2.0;-431.8
8376033300C80E11A4A96492C0001269;B0BDDED34CC83E11052F6792C000B249;2025-05-13;-50.0;-4697.5
D8AB25160F7E4E1142D58A650500BC08;B0BDDED34CC83E11052F6792C000B249;2025-05-13;-2.0;-1273.78
34CF5FCF20CAED11A62CD892C0003F2A;B0BDDED34CC83E11052F6792C000B249;2025-05-13;-60.0;-360.0
B35B3B8E99C08E110819BB65050039AA;B0BDDED34CC83E11052F6792C000B249;2025-05-13;-8.0;-1295.2
29DFA11EDF986E11B7B78A650500BC08;B0BDDED34CC83E11052F6792C000B249;2025-05-13;-72.0;-1494.7199999999998
283159E86589DE11406610650500514A;B0BDDED34CC83E11052F6792C000B249;2025-05-13;-2.0;-498.44
19BE276FC1C6BE11877210650500E559;B0BDDED34CC83E11052F6792C000B249;2025-05-13;-10.0;-364.4
8CC025D20273EE11B1AD10650500A6EA;B0BDDED34CC83E11052F6792C000B249;2025-05-13;-2.0;-120.64
2BC1D86E597BAE11BE21106505009F4A;B0BDDED34CC83E11052F6792C000B249;2025-05-13;-4.0;-197.6
004539252142CE118772106505008469;B0BDDED34CC83E11052F6792C000B249;2025-05-13;-4.0;-732.0
F83C2942599EFE11F1557891FE698589;B0BDDED34CC83E11052F6792C000B249;2025-05-13;-2.0;-42.0
53F870A0F71BDE11406610650500634A;B0BDDED34CC83E11052F6792C000B249;2025-05-13;-2.0;-38.18
678ECD45D0CAED11A62CD892C0003F2A;B0BDDED34CC83E11052F6792C000B249;2025-05-13;-2.0;-294.28
A937C6A38CE99E11525010650500CA4A;B0BDDED34CC83E11052F6792C000B249;2025-05-13;-2.0;-1035.96
B98F722FAA8EDE11406610650500084A;B0BDDED34CC83E11052F6792C000B249;2025-05-13;-2.0;-556.46
0B236338B12AFE11128010650500E819;B0BDDED34CC83E11052F6792C000B249;2025-05-13;-2.0;-129.56
F7ECD717BDB0EE11406610650500DA4A;B0BDDED34CC83E11052F6792C000B249;2025-05-13;-2.0;-275.86
9EFAB501B0CAED11A62CD892C0003F2A;B0BDDED34CC83E11052F6792C000B249;2025-05-13;-6.0;-351.65999999999997
4E5EF9CF7DFDCE11ADB310650500C7B8;B0BDDED34CC83E11052F6792C000B249;2025-05-13;-2.0;-48.6
180519DFC0CAED11A62CD892C0003F2A;B0BDDED34CC83E11052F6792C000B249;2025-05-13;-2.0;-472.36
01F7ACBDCA053E11052F6792C000FF39;B0BDDED34CC83E11052F6792C000B249;2025-05-13;-2.0;-311.4
5396E415AA79DE11406610650500414A;B0BDDED34CC83E11052F6792C000B249;2025-05-13;-4.0;-720.0
F51AC937F1065E1142D58A650500DC08;B0BDDED34CC83E11052F6792C000B249;2025-05-13;-2.0;-50.12
EA904BBEC0CAED11A62CD892C0003F2A;B0BDDED34CC83E11052F6792C000B249;2025-05-13;-2.0;-417.32
BECB44F6E86DEE1191EE1065050029B9;B0BDDED34CC83E11052F6792C000B249;2025-05-13;-2.0;-160.94
C912D50894628E111E1BBB6505007AAA;B0BDDED34CC83E11052F6792C000B249;2025-05-13;-4.0;-668.8
9241A2CDC691FE1191EE10650500EBB9;B0BDDED34CC83E11052F6792C000B249;2025-05-13;-2.0;-132.14
3483AA28B22AFE11128010650500E819;B0BDDED34CC83E11052F6792C000B249;2025-05-13;-2.2;-451.9
986AB4DF30456E11B7B78A650500BC08;B0BDDED34CC83E11052F6792C000B249;2025-05-13;-2.0;-97.58
2694943F787CCE11ADB310650500B5B8;B0BDDED34CC83E11052F6792C000B249;2025-05-13;-6.0;-218.64
7A0C8AFE43735E1142D58A650500DC08;B0BDDED34CC83E11052F6792C000B249;2025-05-13;-4.0;-339.44
2C24818FED71FE1191EE10650500CBB9;B0BDDED34CC83E11052F6792C000B249;2025-05-13;-2.0;-487.86
E3C91A658B8DED11A62CD892C0003F2A;B0BDDED34CC83E11052F6792C000B249;2025-05-13;-2.0;-351.74
BC1DE5BAA20EEE1191EE1065050029B9;B0BDDED34CC83E11052F6792C000B249;2025-05-13;-2.0;-200.0
2D5CCA3AF2F8AE11BE21106505006C4A;B0BDDED34CC83E11052F6792C000B249;2025-05-13;-4.0;-1134.06
01F95045E6893E11052F6792C000D249;B0BDDED34CC83E11052F6792C000B249;2025-05-13;-6.0;-349.64
E20B7F2413001E1143F0668E42007A39;B0BDDED34CC83E11052F6792C000B249;2025-05-13;-2.0;-376.26
363484C872CAED11A62CD892C0003F2A;B0BDDED34CC83E11052F6792C000B249;2025-05-13;-2.0;-222.96
CEE29BDE4AADEE1191EE1065050029B9;B0BDDED34CC83E11052F6792C000B249;2025-05-13;-2.0;-744.0
8AEEDBF55D4DDE11406610650500564A;B0BDDED34CC83E11052F6792C000B249;2025-05-13;-4.0;-272.0
C73E1F90A4ABEE1191EE1065050029B9;B0BDDED34CC83E11052F6792C000B249;2025-05-13;-4.0;-256.32
02050E379E2AFE11128010650500E819;B0BDDED34CC83E11052F6792C000B249;2025-05-13;-2.0;-504.08
01EE2BC7B22AFE11128010650500E819;B0BDDED34CC83E11052F6792C000B249;2025-05-13;-2.0;-822.32
AE740E66C74BCE11ADB31065050014B8;B0BDDED34CC83E11052F6792C000B249;2025-05-13;-2.0;-717.86
3CB11A1C6FB12E1143F0668E4200C71A;B0BDDED34CC83E11052F6792C000B249;2025-05-13;-4.0;-453.92
0BB8CE1BD5230E11A4A96492C00008E9;B0BDDED34CC83E11052F6792C000B249;2025-05-13;-2.0;-328.76
3C5DB9CA328D8E11F243BB650500254B;B0BDDED34CC83E11052F6792C000B249;2025-05-13;-4.0;-498.92
C572718EEB6DFE11F1557891FE690489;B0BDDED34CC83E11052F6792C000B249;2025-05-13;-2.0;-329.64
C6D5BF813364EE11B1AD10650500D7EA;B0BDDED34CC83E11052F6792C000B249;2025-05-13;-2.0;-44.16
1611AF91956BFD11A4A96492C000CB59;B0BDDED34CC83E11052F6792C000B249;2025-05-13;-4.0;-750.84
14917AB011CAED11A62CD892C0003F2A;B0BDDED34CC83E11052F6792C000B249;2025-05-13;-4.0;-1220.92
2FD20E8773D0DE11ADB310650500BBB8;B0BDDED34CC83E11052F6792C000B249;2025-05-13;-2.0;-28.76
02359825A10FFE11F1557891FE690689;B0BDDED34CC83E11052F6792C000B249;2025-05-13;-2.0;-2126.78
D52A74C898E3FE1191EE10650500FEB9;B0BDDED34CC83E11052F6792C000B249;2025-05-13;-4.0;-328.24
5FB593D71FB3AE11726010650500925A;B0BDDED34CC83E11052F6792C000B249;2025-05-13;-8.0;-292.03999999999996
A2A0C0644357DE11C846106505008F6A;B0BDDED34CC83E11052F6792C000B249;2025-05-13;-20.0;-460.0
7C1500AC34425E1142D58A650500DC08;B0BDDED34CC83E11052F6792C000B249;2025-05-13;-4.0;-412.9
343C89BA90CAED11A62CD892C0003F2A;B0BDDED34CC83E11052F6792C000B249;2025-05-13;-2.0;-1227.82
797EFBDEFCD2FE1191EE106505009DB9;B0BDDED34CC83E11052F6792C000B249;2025-05-13;-2.0;-231.62
E98C1F4D4F82DE11ADB3106505001EB8;B0BDDED34CC83E11052F6792C000B249;2025-05-13;-2.0;-682.62
F6BA35B36CE1DE11ADB3106505004DB8;B0BDDED34CC83E11052F6792C000B249;2025-05-13;-6.0;-480.41999999999996
8A4F278C0ADEAE11BE2110650500E35A;B0BDDED34CC83E11052F6792C000B249;2025-05-13;-2.0;-74.3
A9FD3300B09FCE11ADB310650500E9B8;B0BDDED34CC83E11052F6792C000B249;2025-05-13;-2.0;-141.8
11970D706D399E11525010650500E94A;B0BDDED34CC83E11052F6792C000B249;2025-05-13;-2.0;-151.06
FB0B74D7D0CAED11A62CD892C0003F2A;B0BDDED34CC83E11052F6792C000B249;2025-05-13;-2.0;-319.36
79D7EFC706078E11F243BB6505005C3B;B0BDDED34CC83E11052F6792C000B249;2025-05-13;-2.0;-399.84
D036D81364FF4E1142D58A650500BC08;B0BDDED34CC83E11052F6792C000B249;2025-05-13;-4.0;-132.98
0AD1419F90F23E11052F6792C000CF39;B0BDDED34CC83E11052F6792C000B249;2025-05-13;-2.0;-242.2
54B88D2A0DC2DE11ADB3106505006EB8;B0BDDED34CC83E11052F6792C000B249;2025-05-13;-4.0;-223.3
0226F0928ABAFE11128010650500E819;B0BDDED34CC83E11052F6792C000B249;2025-05-13;-2.0;-787.32
1E9974C898E3FE1191EE10650500FEB9;B0BDDED34CC83E11052F6792C000B249;2025-05-13;-2.0;-140.66
A018E9D401CAED11A62CD892C0003F2A;B0BDDED34CC83E11052F6792C000B249;2025-05-13;-2.0;-198.0
167667F7E04EFE11F1557891FE691589;B0BDDED34CC83E11052F6792C000B249;2025-05-13;-2.0;-377.52
55BA4867AF2C9E11726010650500E84A;B0BDDED34CC83E11052F6792C000B249;2025-05-13;-2.0;-192.32
EDC44299B596DE11ADB31065050053C8;B0BDDED34CC83E11052F6792C000B249;2025-05-13;-2.0;-417.62
6BAB5CCC563EAE11BE2110650500135A;B0BDDED34CC83E11052F6792C000B249;2025-05-13;-2.0;-49.06
86716CAC2C2DFE11F1557891FE69B389;B0BDDED34CC83E11052F6792C000B249;2025-05-13;-2.0;-327.6
CEE076E34361AE117260106505009F4A;B0BDDED34CC83E11052F6792C000B249;2025-05-13;-2.0;-679.78
1F280D4ACE23FD110DC22A92C000C499;B0BDDED34CC83E11052F6792C000B249;2025-05-13;-2.0;-311.56
F65C91650447FD110DC22A92C000D62B;B0BDDED34CC83E11052F6792C000B249;2025-05-13;-2.0;-2297.04
B5CC8032A1AFFE11F1557891FE69D689;B0BDDED34CC83E11052F6792C000B249;2025-05-13;-2.0;-55.38
C13E4874DFAEDE11406610650500384A;B0BDDED34CC83E11052F6792C000B249;2025-05-13;-2.0;-575.56
69EBF510F76DCE11ADB310650500F6B8;B0BDDED34CC83E11052F6792C000B249;2025-05-13;-4.0;-290.68
BC029BACADBCAE11BE2110650500315A;B0BDDED34CC83E11052F6792C000B249;2025-05-13;-2.0;-701.3
1D92A5ECE777DE11C84610650500BF6A;B0BDDED34CC83E11052F6792C000B249;2025-05-13;-2.0;-418.82
C213DBC83494FE1191EE10650500EFB9;B0BDDED34CC83E11052F6792C000B249;2025-05-13;-2.0;-975.52
01EDD82EC0CAED11A62CD892C0003F2A;B0BDDED34CC83E11052F6792C000B249;2025-05-13;-2.0;-549.94
688C36371835EE11B1AD10650500F8EA;B0BDDED34CC83E11052F6792C000B249;2025-05-13;-2.0;-120.28
0F5A86C882D2FE1191EE106505007DB9;B0BDDED34CC83E11052F6792C000B249;2025-05-13;-2.0;-1069.2
5740CDBBF8F34E1142D58A6505002C08;B0BDDED34CC83E11052F6792C000B249;2025-05-13;-2.0;-459.28
7AE3530F3A3CED11A62CD892C0003F2A;B0BDDED34CC83E11052F6792C000B249;2025-05-13;-4.0;-163.34
8AD1C15281F23E11052F6792C000CF39;B0BDDED34CC83E11052F6792C000B249;2025-05-13;-2.0;-220.8
CB2B993DAC456E11B7B78A650500BC08;44673735EAF46E11B7B78A650500BC08;2025-05-13;-2.0;-202.6
B831728E7C456E11B7B78A650500BC08;44673735EAF46E11B7B78A650500BC08;2025-05-13;-2.0;-232.0
61080816CD456E11B7B78A650500BC08;44673735EAF46E11B7B78A650500BC08;2025-05-13;-10.0;-550.22
A100A7C2B60A0E11A4A96492C0001269;44673735EAF46E11B7B78A650500BC08;2025-05-13;-12.0;-270.96000000000004
CBB4AC482D456E11B7B78A650500BC08;44673735EAF46E11B7B78A650500BC08;2025-05-13;-2.0;-164.4
2B6A95D2BC1EFE11F1557891FE69E489;44673735EAF46E11B7B78A650500BC08;2025-05-13;-4.0;-343.8
FACFCF35D491DE11ADB310650500DCB8;44673735EAF46E11B7B78A650500BC08;2025-05-13;-10.0;-3290.0
C88BE0D1490FEE1191EE1065050029B9;44673735EAF46E11B7B78A650500BC08;2025-05-13;-24.0;-115.22
1A771F94DAB27E11B7B78A650500DD08;44673735EAF46E11B7B78A650500BC08;2025-05-13;-2.0;-950.66
9944D4ED3E456E11B7B78A650500BC08;44673735EAF46E11B7B78A650500BC08;2025-05-13;-2.0;-1336.0
194F367EEB0AFE11128010650500E819;44673735EAF46E11B7B78A650500BC08;2025-05-13;-18.0;-230.39999999999998
CB0DF4BB3D456E11B7B78A650500BC08;44673735EAF46E11B7B78A650500BC08;2025-05-13;-4.0;-342.56
535F424763039E115540106505004C3B;44673735EAF46E11B7B78A650500BC08;2025-05-13;-4.0;-1088.6
C474163B30556E11B7B78A650500BC08;44673735EAF46E11B7B78A650500BC08;2025-05-13;-6.0;-551.3800000000001
3AB2EB04AA4FFE11F1557891FE696689;44673735EAF46E11B7B78A650500BC08;2025-05-13;-2.0;-166.94
1097CDD97E456E11B7B78A650500BC08;44673735EAF46E11B7B78A650500BC08;2025-05-13;-10.0;-763.0
BB6562D6E770BE11BE2110650500F55A;44673735EAF46E11B7B78A650500BC08;2025-05-13;-6.0;-80.86
09500B8A0FE4AE11726010650500145A;44673735EAF46E11B7B78A650500BC08;2025-05-13;-2.0;-159.44
8111AE827E2EBE118772106505005F59;44673735EAF46E11B7B78A650500BC08;2025-05-13;-2.0;-314.0
C0F9CAB8E770BE11BE2110650500F55A;44673735EAF46E11B7B78A650500BC08;2025-05-13;-2.0;-14.64
E9FAF088E75C9E11726010650500194A;44673735EAF46E11B7B78A650500BC08;2025-05-13;-4.0;-532.56
D4137EBFE6197E110819BB65050009AA;44673735EAF46E11B7B78A650500BC08;2025-05-13;-2.0;-31.96
7F9760CE1A7D2E11052F6792C000CF39;44673735EAF46E11B7B78A650500BC08;2025-05-13;-2.0;-77.0
E723688AFBA5FE1191EE1065050041C9;44673735EAF46E11B7B78A650500BC08;2025-05-13;-8.0;-1448.0
D3A9A415F9D2DE11ADB3106505007EB8;44673735EAF46E11B7B78A650500BC08;2025-05-13;-70.0;-1540.0
9926DF934D8ADE11406610650500A24A;44673735EAF46E11B7B78A650500BC08;2025-05-13;-10.0;-15692.300000000001
58EE084F29C57E11B7B78A650500ED08;44673735EAF46E11B7B78A650500BC08;2025-05-13;-4.0;-930.4
E938FC289F900F11F1557891FE691889;44673735EAF46E11B7B78A650500BC08;2025-05-13;-2.0;-186.82
A510C67F46CCDE11406610650500A54A;44673735EAF46E11B7B78A650500BC08;2025-05-13;-6.0;-370.36
184C9C8BD30A3E11052F6792C000D249;44673735EAF46E11B7B78A650500BC08;2025-05-13;-4.0;-1173.76
A8AEBA7DA545AE11726010650500845A;44673735EAF46E11B7B78A650500BC08;2025-05-13;-8.0;-1019.52
188BDF31DAD0FE1191EE10650500FAB9;44673735EAF46E11B7B78A650500BC08;2025-05-13;-2.0;-168.04
F1B16BEEDC410F11112A674AC7E21989;44673735EAF46E11B7B78A650500BC08;2025-05-13;-2.0;-620.0
BA98531A3734DE11ADB31065050050C8;44673735EAF46E11B7B78A650500BC08;2025-05-13;-4.0;-595.86
CB15BD2E1D456E11B7B78A650500BC08;44673735EAF46E11B7B78A650500BC08;2025-05-13;-2.0;-810.0
08A0251F0F096E11B7B78A650500BC08;44673735EAF46E11B7B78A650500BC08;2025-05-13;-4.0;-631.6
80C7AF48DD8A7E110819BB65050039AA;44673735EAF46E11B7B78A650500BC08;2025-05-13;-10.0;-621.4
0D0589672C8EAE11BE2110650500835A;44673735EAF46E11B7B78A650500BC08;2025-05-13;-8.0;-1860.88
9B291C76BBB1EE114066106505001C4A;44673735EAF46E11B7B78A650500BC08;2025-05-13;-4.0;-584.0
E76F7E5F89098E11F243BB650500EE3B;44673735EAF46E11B7B78A650500BC08;2025-05-13;-2.0;-226.84
72AEB1B0C11A8E11F243BB650500304B;44673735EAF46E11B7B78A650500BC08;2025-05-13;-8.0;-131.76
1B8D326ED6568E11F243BB6505007B3B;44673735EAF46E11B7B78A650500BC08;2025-05-13;-8.0;-488.64
63C0462596C0DE11ADB310650500ABB8;44673735EAF46E11B7B78A650500BC08;2025-05-13;-2.0;-200.0
92538153CDC47E11B7B78A650500ED08;44673735EAF46E11B7B78A650500BC08;2025-05-13;-2.0;-130.42
D336191B22E8CE11ADB310650500E0B8;44673735EAF46E11B7B78A650500BC08;2025-05-13;-2.0;-153.26
6B75E87070CAED11A62CD892C0003F2A;44673735EAF46E11B7B78A650500BC08;2025-05-13;-4.0;-279.14
006219BADD55EE11B1AD1065050029EA;44673735EAF46E11B7B78A650500BC08;2025-05-13;-2.0;-2799.56
373B30535BEC9E11726010650500D94A;44673735EAF46E11B7B78A650500BC08;2025-05-13;-2.0;-324.54
D62980E27046AE11BE2110650500F84A;44673735EAF46E11B7B78A650500BC08;2025-05-13;-4.0;-169.4
4D18EFD74CFA7E110819BB65050039AA;44673735EAF46E11B7B78A650500BC08;2025-05-13;-4.0;-281.48
143E61047F456E11B7B78A650500BC08;44673735EAF46E11B7B78A650500BC08;2025-05-13;-2.0;-95.08
E45B781DC1D6FD110DC22A92C000D158;44673735EAF46E11B7B78A650500BC08;2025-05-13;-2.0;-198.24
EE990BED90CAED11A62CD892C0003F2A;44673735EAF46E11B7B78A650500BC08;2025-05-13;-8.0;-1705.84
E89C67838E3CEE1191EE1065050029B9;44673735EAF46E11B7B78A650500BC08;2025-05-13;-2.0;-313.0
45D5C845B7CB7E110819BB65050039AA;44673735EAF46E11B7B78A650500BC08;2025-05-13;-4.0;-5565.6
D585878A83C2FE1191EE106505006DB9;44673735EAF46E11B7B78A650500BC08;2025-05-13;-4.0;-147.4
34AA7107C11A8E11F243BB650500304B;44673735EAF46E11B7B78A650500BC08;2025-05-13;-2.0;-52.48
C266E415AA79DE11406610650500414A;44673735EAF46E11B7B78A650500BC08;2025-05-13;-4.0;-674.0
B3B135B1B6E62E1143F0668E420006EB;44673735EAF46E11B7B78A650500BC08;2025-05-13;-2.0;-323.06
97B69709ED456E11B7B78A650500BC08;44673735EAF46E11B7B78A650500BC08;2025-05-13;-8.0;-2051.36
7B848DB2E0DCDE11406610650500B54A;44673735EAF46E11B7B78A650500BC08;2025-05-13;-52.0;-6136.0
AA4A88EE6EC7CE11ADB3106505007FA8;44673735EAF46E11B7B78A650500BC08;2025-05-13;-36.0;-1224.3600000000001
1053C097DB41BE11BE2110650500075A;44673735EAF46E11B7B78A650500BC08;2025-05-13;-32.0;-1578.56
2AD265DC9AB6DE11C84610650500CE6A;44673735EAF46E11B7B78A650500BC08;2025-05-13;-2.0;-541.5
1ED74CF065317E11B7B78A650500CD08;44673735EAF46E11B7B78A650500BC08;2025-05-13;-2.0;-873.64
6FE3010A42708E110819BB65050039AA;44673735EAF46E11B7B78A650500BC08;2025-05-13;-2.0;-219.58
0D69708DB2065E1142D58A650500DC08;44673735EAF46E11B7B78A650500BC08;2025-05-13;-6.0;-721.4399999999999
6E870F168CBFAE11BE2110650500055A;44673735EAF46E11B7B78A650500BC08;2025-05-13;-2.0;-811.52
A124E50E08449E11554010650500ED3B;44673735EAF46E11B7B78A650500BC08;2025-05-13;-2.0;-98.34
CF32AE3A2A6BFE111280106505000919;44673735EAF46E11B7B78A650500BC08;2025-05-13;-2.0;-85.98
E6F5C1F49C456E11B7B78A650500BC08;44673735EAF46E11B7B78A650500BC08;2025-05-13;-18.0;-261.36
1C56BEFFB0CAED11A62CD892C0003F2A;44673735EAF46E11B7B78A650500BC08;2025-05-13;-2.0;-204.22
C95954CF76018E110819BB65050039AA;44673735EAF46E11B7B78A650500BC08;2025-05-13;-2.0;-135.38
F476BE10F712CE118772106505005469;44673735EAF46E11B7B78A650500BC08;2025-05-13;-2.0;-716.98
78C6129DABE1EE114066106505006C4A;44673735EAF46E11B7B78A650500BC08;2025-05-13;-4.0;-687.6
E0ACE183821A8E11F243BB650500304B;44673735EAF46E11B7B78A650500BC08;2025-05-13;-2.0;-336.58
2A16E1512D456E11B7B78A650500BC08;44673735EAF46E11B7B78A650500BC08;2025-05-13;-8.0;-1120.0
7EFFC5313ACF6E11B7B78A650500CD08;44673735EAF46E11B7B78A650500BC08;2025-05-13;-4.0;-669.08
C0BE76E2DC456E11B7B78A650500BC08;44673735EAF46E11B7B78A650500BC08;2025-05-13;-4.0;-807.34
6433DB5453E58E11F243BB650500DA3B;44673735EAF46E11B7B78A650500BC08;2025-05-13;-10.0;-147.68
E7703EA650420F114EF7A826072B5A89;44673735EAF46E11B7B78A650500BC08;2025-05-13;-4.0;-807.0
2CE659B7AC456E11B7B78A650500BC08;44673735EAF46E11B7B78A650500BC08;2025-05-13;-2.0;-71.66
2EBCEB5EE4549E11554010650500FD3B;44673735EAF46E11B7B78A650500BC08;2025-05-13;-8.0;-2480.0
A2B0895082C97E110819BB65050019AA;44673735EAF46E11B7B78A650500BC08;2025-05-13;-2.0;-69.72
28D55C073D456E11B7B78A650500BC08;44673735EAF46E11B7B78A650500BC08;2025-05-13;-2.0;-489.22
CE174F6324AEDE11406610650500284A;44673735EAF46E11B7B78A650500BC08;2025-05-13;-2.0;-6424.44
1E56CC2BC789EE1191EE1065050009B9;44673735EAF46E11B7B78A650500BC08;2025-05-13;-2.0;-459.54
ADB827EB09378E11F243BB6505009C3B;44673735EAF46E11B7B78A650500BC08;2025-05-13;-2.0;-182.04
6C0731BB9505FE1191EE1065050070C9;44673735EAF46E11B7B78A650500BC08;2025-05-13;-4.0;-554.44
7AC029B21D1DDE11406610650500164A;44673735EAF46E11B7B78A650500BC08;2025-05-13;-12.0;-926.12
EC01F9E635B4DE11ADB310650500F0C8;44673735EAF46E11B7B78A650500BC08;2025-05-13;-2.0;-218.66
9D68FCBE5F2FAE11BE2110650500545A;44673735EAF46E11B7B78A650500BC08;2025-05-13;-4.0;-1508.0
67DF8B324790DE11ADB3106505006BB8;44673735EAF46E11B7B78A650500BC08;2025-05-13;-4.0;-189.34
F565A2DE98E66E11B7B78A650500BC08;44673735EAF46E11B7B78A650500BC08;2025-05-13;-2.0;-74.62
E5035BF6DD456E11B7B78A650500BC08;44673735EAF46E11B7B78A650500BC08;2025-05-13;-2.0;-3034.32
DB6CD3F9577F8E11F243BB650500A74B;44673735EAF46E11B7B78A650500BC08;2025-05-13;-2.0;-127.22
321991B0E6E7CE11ADB3106505009FA8;44673735EAF46E11B7B78A650500BC08;2025-05-13;-2.0;-138.06
5C85E049B8C77E110819BB65050009AA;44673735EAF46E11B7B78A650500BC08;2025-05-13;-4.0;-1592.0
6360A9054C456E11B7B78A650500BC08;44673735EAF46E11B7B78A650500BC08;2025-05-13;-2.0;-145.08
6CE7CC45FE679E11554010650500024B;44673735EAF46E11B7B78A650500BC08;2025-05-13;-2.0;-280.0
0EE904AF6F6DFE11F1557891FE690489;44673735EAF46E11B7B78A650500BC08;2025-05-13;-6.0;-2520.0
35B2E5067E456E11B7B78A650500BC08;44673735EAF46E11B7B78A650500BC08;2025-05-13;-2.0;-603.0
6D12E924262FFE11F1557891FE693689;44673735EAF46E11B7B78A650500BC08;2025-05-13;-6.0;-1204.1999999999998
D7B955C12D937E11B7B78A650500DD08;44673735EAF46E11B7B78A650500BC08;2025-05-13;-2.0;-1155.18
A2B03EA650420F114EF7A826072B5A89;44673735EAF46E11B7B78A650500BC08;2025-05-13;-4.0;-69.12
9BD555249C456E11B7B78A650500BC08;44673735EAF46E11B7B78A650500BC08;2025-05-13;-28.0;-286.72
EBF5C056566FAE11BE2110650500945A;44673735EAF46E11B7B78A650500BC08;2025-05-13;-2.0;-1324.12
CAE699AFEDD97E110819BB65050019AA;44673735EAF46E11B7B78A650500BC08;2025-05-13;-2.0;-564.04
479EDB798B9BEE1191EE1065050029B9;44673735EAF46E11B7B78A650500BC08;2025-05-13;-2.0;-153.0
62D988FE84F59E11554010650500204B;44673735EAF46E11B7B78A650500BC08;2025-05-13;-4.0;-438.2
FAE8002B3C456E11B7B78A650500BC08;44673735EAF46E11B7B78A650500BC08;2025-05-13;-4.0;-1339.46
952A049FB49DFE11F1557891FE693489;44673735EAF46E11B7B78A650500BC08;2025-05-13;-2.0;-800.0
2F38A1A41A0CEE1191EE1065050029B9;44673735EAF46E11B7B78A650500BC08;2025-05-13;-2.0;-218.0
9FC4B2FC1D456E11B7B78A650500BC08;44673735EAF46E11B7B78A650500BC08;2025-05-13;-2.0;-2034.0
7E9A218FB11A8E11F243BB650500304B;44673735EAF46E11B7B78A650500BC08;2025-05-13;-2.0;-77.08
CA5A87605596DE11ADB31065050053C8;44673735EAF46E11B7B78A650500BC08;2025-05-13;-4.0;-467.88
509F8DFA390FEE1191EE1065050029B9;44673735EAF46E11B7B78A650500BC08;2025-05-13;-12.0;-276.66
DCC2B4117427BE118772106505006659;44673735EAF46E11B7B78A650500BC08;2025-05-13;-2.0;-312.4
11530813BA66CE11ADB310650500BDA8;44673735EAF46E11B7B78A650500BC08;2025-05-13;-2.0;-151.96
1E74FAA18C456E11B7B78A650500BC08;44673735EAF46E11B7B78A650500BC08;2025-05-13;-2.0;-403.3
7D4CEEF20EA98E11F243BB650500BF3B;44673735EAF46E11B7B78A650500BC08;2025-05-13;-4.0;-1676.36
D3F6A7DF9BF08E110819BB65050039AA;44673735EAF46E11B7B78A650500BC08;2025-05-13;-4.0;-247.92
8226FF937046AE11BE2110650500F84A;44673735EAF46E11B7B78A650500BC08;2025-05-13;-2.0;-228.64
A5F30411FDCDDE11406610650500F64A;44673735EAF46E11B7B78A650500BC08;2025-05-13;-2.0;-298.0
8CB12BC9C6838E113835BB6505000CAA;44673735EAF46E11B7B78A650500BC08;2025-05-13;-2.0;-168.78
AE0039F34D456E11B7B78A650500BC08;44673735EAF46E11B7B78A650500BC08;2025-05-13;-2.0;-253.8
F3BEB6B0EAF6DE11C846106505001F6A;44673735EAF46E11B7B78A650500BC08;2025-05-13;-2.0;-225.06
0A6562D6E770BE11BE2110650500F55A;44673735EAF46E11B7B78A650500BC08;2025-05-13;-2.0;-253.02
6D13721E4C6E7E110819BB65050039AA;44673735EAF46E11B7B78A650500BC08;2025-05-13;-2.0;-603.9
79100EB1E2447E11B7B78A650500ED08;44673735EAF46E11B7B78A650500BC08;2025-05-13;-2.0;-65.36
4A6D438153D0DE11ADB310650500BBB8;44673735EAF46E11B7B78A650500BC08;2025-05-13;-2.0;-147.7
D9956F1BCED4DE11ADB31065050021C8;B0BDDED34CC83E11052F6792C000B249;2025-05-13;-2.0;-367.2
A4CDABCB78A05E1142D58A650500BC08;44673735EAF46E11B7B78A650500BC08;2025-05-13;-2.0;-1720.0
61E50A32A2124E1142D58A650500DB08;44673735EAF46E11B7B78A650500BC08;2025-05-13;-2.0;-610.02
70A76EE2378B3E11052F6792C000D249;FC081C55582CED11A62CD892C0003F2A;2025-05-13;20.0;685.0
0AF3A82D186FCE11ADB310650500B9B8;FC081C55582CED11A62CD892C0003F2A;2025-05-13;0.0;0.0
55EACCA36978FE11128010650500D819;FC081C55582CED11A62CD892C0003F2A;2025-05-13;0.0;0.0
4FC0383EED97DE11C84610650500EF6A;FC081C55582CED11A62CD892C0003F2A;2025-05-13;0.0;0.0
843B89C178E4DE11ADB31065050031C8;FC081C55582CED11A62CD892C0003F2A;2025-05-13;-2.0;-508.96
6995042F3B483E11052F6792C000B249;FC081C55582CED11A62CD892C0003F2A;2025-05-13;-2.0;-554.68
F358F2FDF513CE118772106505009569;FC081C55582CED11A62CD892C0003F2A;2025-05-13;0.0;0.0
68E356BEF513CE118772106505009569;FC081C55582CED11A62CD892C0003F2A;2025-05-13;0.0;0.0
B167ADAC0613CE118772106505009569;FC081C55582CED11A62CD892C0003F2A;2025-05-13;0.0;0.0
0C073E3E1D08DE11C84610650500707A;FC081C55582CED11A62CD892C0003F2A;2025-05-13;0.0;0.0
BC556C52599EFE11F1557891FE698589;FC081C55582CED11A62CD892C0003F2A;2025-05-13;0.0;0.0
5A3BA04BD042DE11ADB310650500BDB8;44673735EAF46E11B7B78A650500BC08;2025-05-13;-14.0;-2575.96
E406D50579DADE11406610650500134A;44673735EAF46E11B7B78A650500BC08;2025-05-13;-10.0;-2327.8
20BC00270507DE11C846106505002F6A;44673735EAF46E11B7B78A650500BC08;2025-05-13;-8.0;-2737.68
827C8D0D1E456E11B7B78A650500BC08;44673735EAF46E11B7B78A650500BC08;2025-05-13;-6.0;-1548.06
E177D12BE042DE11ADB310650500BDB8;44673735EAF46E11B7B78A650500BC08;2025-05-13;-6.0;-1116.0
2F3908E2FD18EE1191EE10650500F7B9;44673735EAF46E11B7B78A650500BC08;2025-05-13;20.0;7582.6
427310B7F5CD2E11052F6792C000CF39;B0BDDED34CC83E11052F6792C000B249;2025-05-13;0.0;0.0
FE31AC4136137E11B7B78A650500DD08;B0BDDED34CC83E11052F6792C000B249;2025-05-13;0.0;0.0
BCD80C646C1EEE1191EE1065050029B9;B0BDDED34CC83E11052F6792C000B249;2025-05-13;0.0;0.0
AC90DA7DB0CAED11A62CD892C0003F2A;B0BDDED34CC83E11052F6792C000B249;2025-05-13;0.0;0.0
6DE8E4A60EA4FE1191EE1065050000C9;B0BDDED34CC83E11052F6792C000B249;2025-05-13;0.0;0.0
75A742EDC8E3FE1191EE10650500FEB9;B0BDDED34CC83E11052F6792C000B249;2025-05-13;0.0;0.0
73228585A1256E11B7B78A650500BC08;B0BDDED34CC83E11052F6792C000B249;2025-05-13;-4.0;-118.94
3790516A93C1CE11877210650500E369;B0BDDED34CC83E11052F6792C000B249;2025-05-13;0.0;0.0
01E14C3D64A1BE11BE2110650500775A;B0BDDED34CC83E11052F6792C000B249;2025-05-13;-4.0;-168.52
8216521DB5796E11B7B78A650500BC08;B0BDDED34CC83E11052F6792C000B249;2025-05-13;0.0;0.0
70CE7060AE24DE11ADB31065050040C8;B0BDDED34CC83E11052F6792C000B249;2025-05-13;0.0;0.0
1BEA9518EB23FE1191EE10650500FDB9;B0BDDED34CC83E11052F6792C000B249;2025-05-13;0.0;0.0
ECF6F12597788E11F243BB6505002E3B;B0BDDED34CC83E11052F6792C000B249;2025-05-13;0.0;0.0
89EBF510F76DCE11ADB310650500F6B8;B0BDDED34CC83E11052F6792C000B249;2025-05-13;0.0;0.0
2B470B4A587CDE11406610650500454A;B0BDDED34CC83E11052F6792C000B249;2025-05-13;0.0;0.0
E8AD6C21DDADAE11BE2110650500625A;B0BDDED34CC83E11052F6792C000B249;2025-05-13;0.0;0.0
9EC452F2DEA0CE118772106505008269;B0BDDED34CC83E11052F6792C000B249;2025-05-13;0.0;0.0
DBD7FA4EABFFBE11877210650500A169;B0BDDED34CC83E11052F6792C000B249;2025-05-13;0.0;0.0
8D988563B0566E11B7B78A650500BC08;44673735EAF46E11B7B78A650500BC08;2025-05-13;-2.0;-449.56
06C711AA10FFFE11F1557891FE693789;FC081C55582CED11A62CD892C0003F2A;2025-05-13;0.0;0.0
621865BFD923FE1191EE10650500FDB9;FC081C55582CED11A62CD892C0003F2A;2025-05-13;0.0;0.0
EEF6B9DA12238E117E64BB6505005BAA;B0BDDED34CC83E11052F6792C000B249;2025-05-13;138.0;5823.0
0979BE46AF6DFE11F1557891FE690489;FC081C55582CED11A62CD892C0003F2A;2025-05-13;10.0;1197.0
8E97AF138C7A2E11052F6792C0007F39;FC081C55582CED11A62CD892C0003F2A;2025-05-13;4.0;968.08
C572718EEB6DFE11F1557891FE690489;FC081C55582CED11A62CD892C0003F2A;2025-05-13;10.0;1648.2
8C9BEBBD4AF34E1142D58A6505002C08;FC081C55582CED11A62CD892C0003F2A;2025-05-13;4.0;847.68
33A34A26314DDE11406610650500464A;44673735EAF46E11B7B78A650500BC08;2025-05-13;0.0;0.0
75458AF1BD010F11112A674AC7E2C889;FC081C55582CED11A62CD892C0003F2A;2025-05-13;8.0;4049.3
96069512BD010F11112A674AC7E2C889;FC081C55582CED11A62CD892C0003F2A;2025-05-13;4.0;2834.52
0C7E44009C6DEE1191EE1065050029B9;FC081C55582CED11A62CD892C0003F2A;2025-05-13;0.0;0.0
61878743D8C3EE11B1AD1065050017EA;FC081C55582CED11A62CD892C0003F2A;2025-05-13;0.0;0.0
C9F34C346D7DBE118772106505007E59;44673735EAF46E11B7B78A650500BC08;2025-05-13;-6.0;-774.0
6BEBE596FB913E11052F6792C000CF39;FC081C55582CED11A62CD892C0003F2A;2025-05-13;4.0;2400.0
C332636C77018E110819BB65050039AA;FC081C55582CED11A62CD892C0003F2A;2025-05-13;36.0;1113.12
2BCC105068A1CE11877210650500C369;FC081C55582CED11A62CD892C0003F2A;2025-05-13;26.0;1183.78
933FC0F993C1CE11877210650500E369;FC081C55582CED11A62CD892C0003F2A;2025-05-13;8.0;308.32
C3DC53538ABAFE11128010650500E819;FC081C55582CED11A62CD892C0003F2A;2025-05-13;48.0;1422.72
8919B39B05586E11B7B78A650500BC08;FC081C55582CED11A62CD892C0003F2A;2025-05-13;48.0;1224.0
37455139187CCE11ADB310650500B5B8;B0BDDED34CC83E11052F6792C000B249;2025-05-13;0.0;5.684341886080802e-14
B65A9DB8256EEE1191EE1065050029B9;B0BDDED34CC83E11052F6792C000B249;2025-05-13;8.0;704.0
D1BFBF08107A7E110819BB65050039AA;44673735EAF46E11B7B78A650500BC08;2025-05-13;-6.0;-1162.8000000000002
5C63DD9371491E1143F0668E42006B8B;B0BDDED34CC83E11052F6792C000B249;2025-05-13;70.0;8393.0
A61096F35D456E11B7B78A650500BC08;44673735EAF46E11B7B78A650500BC08;2025-05-13;18.0;11509.019999999999
13FC55E6CD456E11B7B78A650500BC08;44673735EAF46E11B7B78A650500BC08;2025-05-13;12.0;1991.16
845AF0CF2D456E11B7B78A650500BC08;44673735EAF46E11B7B78A650500BC08;2025-05-13;94.0;2064.24
CAB1D1177B7FAE11BE2110650500B45A;44673735EAF46E11B7B78A650500BC08;2025-05-13;8.0;1463.8400000000001
ACC27A7E2D6C0E11A4A96492C0001269;B0BDDED34CC83E11052F6792C000B249;2025-05-13;10.0;2110.9
C98B82692642FE1191EE10650500CCB9;FC081C55582CED11A62CD892C0003F2A;2025-05-13;0.0;0.0
9A046E61BD010F11112A674AC7E2C889;B0BDDED34CC83E11052F6792C000B249;2025-05-13;4.0;2699.52
FC538AF1BD010F11112A674AC7E2C889;B0BDDED34CC83E11052F6792C000B249;2025-05-13;4.0;1908.96
9DA1FD22BD010F11112A674AC7E2C889;B0BDDED34CC83E11052F6792C000B249;2025-05-13;4.0;1330.48
176026FD6F45DE11ADB310650500B1C8;B0BDDED34CC83E11052F6792C000B249;2025-05-13;6.0;2828.28
5AC3CC23AB12DE11ADB3106505008DB8;FC081C55582CED11A62CD892C0003F2A;2025-05-13;0.0;0.0
AA06A9F76547EE1191EE10650500E6B9;FC081C55582CED11A62CD892C0003F2A;2025-05-13;0.0;0.0
D1863EED6431FE1191EE106505006BB9;FC081C55582CED11A62CD892C0003F2A;2025-05-13;0.0;0.0
D7308416BB3FDE11406610650500E84A;FC081C55582CED11A62CD892C0003F2A;2025-05-13;0.0;0.0
E1B618F4AC456E11B7B78A650500BC08;44673735EAF46E11B7B78A650500BC08;2025-05-13;36.0;10120.58
9529AF75E5385E1142D58A650500DC08;44673735EAF46E11B7B78A650500BC08;2025-05-13;24.0;4005.6
075F2B42FAE44E1142D58A6505002C08;B0BDDED34CC83E11052F6792C000B249;2025-05-13;-6.0;-1086.1200000000001
B6ACBC211783DE11ADB3106505005FB8;FC081C55582CED11A62CD892C0003F2A;2025-05-13;8.0;2628.56
263E17D851CAED11A62CD892C0003F2A;FC081C55582CED11A62CD892C0003F2A;2025-05-13;4.0;2654.8
B1B21CD7FA44BE11BE2110650500DA5A;FC081C55582CED11A62CD892C0003F2A;2025-05-13;12.0;5634.6
7B74C76F33983E11052F6792C000B249;FC081C55582CED11A62CD892C0003F2A;2025-05-13;24.0;11269.2
205BCFB931CAED11A62CD892C0003F2A;FC081C55582CED11A62CD892C0003F2A;2025-05-13;12.0;519.84
DF09AA3111CAED11A62CD892C0003F2A;FC081C55582CED11A62CD892C0003F2A;2025-05-13;12.0;5476.2
E74507AE87E32E1143F0668E4200C71A;FC081C55582CED11A62CD892C0003F2A;2025-05-13;12.0;5476.2
EE8A5EA3541ECE11ADB310650500E7B8;FC081C55582CED11A62CD892C0003F2A;2025-05-13;12.0;4011.84
445CEACB42708E110819BB65050039AA;FC081C55582CED11A62CD892C0003F2A;2025-05-13;20.0;2195.76
3AABEFFD8EE2BE11BE2110650500195A;FC081C55582CED11A62CD892C0003F2A;2025-05-13;8.0;958.34
9A8F3FD3B28A3E11052F6792C000D249;FC081C55582CED11A62CD892C0003F2A;2025-05-13;4.0;525.72
E463CF97B28A3E11052F6792C000D249;FC081C55582CED11A62CD892C0003F2A;2025-05-13;4.0;525.56
9A94C3329E456E11B7B78A650500BC08;44673735EAF46E11B7B78A650500BC08;2025-05-13;4.0;10897.0
74D116CE58A1CE11877210650500C369;FC081C55582CED11A62CD892C0003F2A;2025-05-13;18.0;655.56
5223FC6828FCEE1191EE1065050029B9;B0BDDED34CC83E11052F6792C000B249;2025-05-13;-2.0;-307.02
1BF4BFEBF58C7E110819BB65050039AA;44673735EAF46E11B7B78A650500BC08;2025-05-13;20.0;3052.0
35E0CAAFCDE2BE11BE2110650500195A;FC081C55582CED11A62CD892C0003F2A;2025-05-13;2.0;293.34000000000003
75EEAD48508C7E110819BB65050039AA;FC081C55582CED11A62CD892C0003F2A;2025-05-13;4.0;1360.84
B88DCB4E6BB6EE1191EE1065050076B9;B0BDDED34CC83E11052F6792C000B249;2025-05-13;6.0;1484.9
C4E9631F9CDFCE11ADB3106505005AB8;B0BDDED34CC83E11052F6792C000B249;2025-05-13;6.0;745.58
A85BF3AB9B4EDE11406610650500B74A;B0BDDED34CC83E11052F6792C000B249;2025-05-13;6.0;1511.16
4219B2D36BE1DE11ADB3106505004DB8;B0BDDED34CC83E11052F6792C000B249;2025-05-13;6.0;2641.38
D41FA7D9C85A3E11052F6792C000D249;FC081C55582CED11A62CD892C0003F2A;2025-05-13;24.0;797.64
C6BA292F49523E11052F6792C000CF39;FC081C55582CED11A62CD892C0003F2A;2025-05-13;-2.0;-129.62
DBD5D6068B50EE114066106505005A4A;FC081C55582CED11A62CD892C0003F2A;2025-05-13;-2.0;-73.14
521F6E42E455BE11BE21106505002C5A;FC081C55582CED11A62CD892C0003F2A;2025-05-13;-2.0;-208.02
FB45751BB1E7EE1191EE10650500A7B9;FC081C55582CED11A62CD892C0003F2A;2025-05-13;-2.0;-402.34
DFEDE24741BFFE11F1557891FE69E689;FC081C55582CED11A62CD892C0003F2A;2025-05-13;-4.0;-88.1
DD6A2D3F700DBE11877210650500DD59;FC081C55582CED11A62CD892C0003F2A;2025-05-13;-12.0;-177.02
34677DB44169DE11C84610650500227A;FC081C55582CED11A62CD892C0003F2A;2025-05-13;-2.0;-28.22
336316E511BD3E11052F6792C000D249;FC081C55582CED11A62CD892C0003F2A;2025-05-13;-2.0;-42.68
B8303B3C9E3EDE11406610650500974A;FC081C55582CED11A62CD892C0003F2A;2025-05-13;-2.0;-110.62
6562E0061AE00F11112A674AC7E29889;FC081C55582CED11A62CD892C0003F2A;2025-05-13;-2.0;-85.12
6302C57B0629EE1191EE1065050009B9;FC081C55582CED11A62CD892C0003F2A;2025-05-13;-2.0;-400.16
08CD082DA4D3DE11ADB310650500BFB8;FC081C55582CED11A62CD892C0003F2A;2025-05-13;-2.0;-64.84
2A5D86EBE1CAED11A62CD892C0003F2A;FC081C55582CED11A62CD892C0003F2A;2025-05-13;-4.0;-664.94
EBFBD80C6F466E11B7B78A650500BC08;FC081C55582CED11A62CD892C0003F2A;2025-05-13;-10.0;-695.6
FB52922868A0EE11406610650500BA4A;FC081C55582CED11A62CD892C0003F2A;2025-05-13;-2.0;-570.78
C5AF8A5FC0CAED11A62CD892C0003F2A;FC081C55582CED11A62CD892C0003F2A;2025-05-13;-2.0;-325.64
272C647BACAAAE11BE21106505009E4A;FC081C55582CED11A62CD892C0003F2A;2025-05-13;-4.0;-129.44
68C844D3D0CAED11A62CD892C0003F2A;FC081C55582CED11A62CD892C0003F2A;2025-05-13;-2.0;-151.9
ED0AC18532B3EE11B1AD10650500F6EA;FC081C55582CED11A62CD892C0003F2A;2025-05-13;-2.0;-62.06
24EC4EE7A0CAED11A62CD892C0003F2A;FC081C55582CED11A62CD892C0003F2A;2025-05-13;-2.0;-83.28
0A9EF37B8A65EE11B1AD1065050039EA;FC081C55582CED11A62CD892C0003F2A;2025-05-13;-6.0;-138.0
B6D645B0AE6E8E11F243BB650500564B;FC081C55582CED11A62CD892C0003F2A;2025-05-13;-2.0;-58.32
4FB0BB8E4B768E11F243BB650500AB3B;FC081C55582CED11A62CD892C0003F2A;2025-05-13;-2.0;-301.66
92F9ACBE68DDCE11ADB31065050097B8;FC081C55582CED11A62CD892C0003F2A;2025-05-13;-2.0;-57.9
A124E50E08449E11554010650500ED3B;FC081C55582CED11A62CD892C0003F2A;2025-05-13;-4.0;-196.68
9345EEFAB8E97E110819BB65050019AA;FC081C55582CED11A62CD892C0003F2A;2025-05-13;-10.0;-508.12
3CB11A1C6FB12E1143F0668E4200C71A;FC081C55582CED11A62CD892C0003F2A;2025-05-13;-4.0;-609.76
3D04F268651ECE11ADB310650500E7B8;FC081C55582CED11A62CD892C0003F2A;2025-05-13;-2.0;-340.0
0C2F9438226AFE11128010650500E819;FC081C55582CED11A62CD892C0003F2A;2025-05-13;-2.0;-20.26
F99E6F88AFE95E1142D58A650500DC08;FC081C55582CED11A62CD892C0003F2A;2025-05-13;-2.0;-333.6
A18750AE8222AE11726010650500805A;FC081C55582CED11A62CD892C0003F2A;2025-05-13;-2.0;-228.44
F4FA44C26BE15E1142D58A650500BC08;FC081C55582CED11A62CD892C0003F2A;2025-05-13;-6.0;-184.78
3B05EB1C9B98FE11128010650500D819;FC081C55582CED11A62CD892C0003F2A;2025-05-13;-4.0;-301.44
1B403B6A0DE3DE11ADB310650500DFB8;FC081C55582CED11A62CD892C0003F2A;2025-05-13;-2.0;-226.98
3376DFB9044C7E110819BB65050039AA;FC081C55582CED11A62CD892C0003F2A;2025-05-13;-2.0;-988.96
FAF6955D82C5EE1191EE1065050045B9;FC081C55582CED11A62CD892C0003F2A;2025-05-13;-2.0;-244.0
9AFA2BFCEF2FFE11F1557891FE694689;FC081C55582CED11A62CD892C0003F2A;2025-05-13;-2.0;-612.0
54F6A1BC5D32FE1191EE10650500BCB9;FC081C55582CED11A62CD892C0003F2A;2025-05-13;-2.0;-275.34
E62B9D50E31DEE1191EE1065050029B9;FC081C55582CED11A62CD892C0003F2A;2025-05-13;-2.0;-146.32
B74B4A0311CAED11A62CD892C0003F2A;FC081C55582CED11A62CD892C0003F2A;2025-05-13;-2.0;-861.0
632F22F28ABAFE11128010650500E819;FC081C55582CED11A62CD892C0003F2A;2025-05-13;-2.0;-787.32
6B3E560A3F2DFE11F1557891FE69B389;FC081C55582CED11A62CD892C0003F2A;2025-05-13;-2.0;-449.28
3A3EEDF7568EFE11F1557891FE696589;FC081C55582CED11A62CD892C0003F2A;2025-05-13;-6.0;-498.0
A2597EEBFA3DFE11F1557891FE69C389;FC081C55582CED11A62CD892C0003F2A;2025-05-13;-2.0;-212.3
E31D795E01500F11F1557891FE69B789;FC081C55582CED11A62CD892C0003F2A;2025-05-13;-2.0;-359.36
DC280D4ACE23FD110DC22A92C000C499;FC081C55582CED11A62CD892C0003F2A;2025-05-13;-14.0;-484.84
4012697300E7EE1191EE10650500A7B9;FC081C55582CED11A62CD892C0003F2A;2025-05-13;-2.0;-34.06
8AEAC7B5998DFE11F1557891FE692489;FC081C55582CED11A62CD892C0003F2A;2025-05-13;-2.0;-364.32
E938FC289F900F11F1557891FE691889;FC081C55582CED11A62CD892C0003F2A;2025-05-13;-2.0;-186.82
4EB6E7FAA1365E1142D58A650500DC08;FC081C55582CED11A62CD892C0003F2A;2025-05-13;-12.0;-188.07999999999998
D78C129EF77EFE11F1557891FE695589;FC081C55582CED11A62CD892C0003F2A;2025-05-13;-4.0;-164.44
52DC735DB6CDEE1191EE1065050029B9;FC081C55582CED11A62CD892C0003F2A;2025-05-13;-2.0;-437.38
E780CADF2068FE11128010650500D819;FC081C55582CED11A62CD892C0003F2A;2025-05-13;-2.0;-578.78
1F43BE35C0CAED11A62CD892C0003F2A;FC081C55582CED11A62CD892C0003F2A;2025-05-13;-2.0;-204.22
AECFBF2A9B09AE11BE21106505008C4A;FC081C55582CED11A62CD892C0003F2A;2025-05-13;-2.0;-377.36
B1E0BA67146B3E11052F6792C000D249;FC081C55582CED11A62CD892C0003F2A;2025-05-13;-4.0;-143.32
44587A2041CAED11A62CD892C0003F2A;FC081C55582CED11A62CD892C0003F2A;2025-05-13;-2.0;-528.2
DDD7334651CAED11A62CD892C0003F2A;FC081C55582CED11A62CD892C0003F2A;2025-05-13;-2.0;-551.2
3ECD899433CF3E11F7F68A650500DB08;FC081C55582CED11A62CD892C0003F2A;2025-05-13;-8.0;-887.54
42DD54E5D0CAED11A62CD892C0003F2A;FC081C55582CED11A62CD892C0003F2A;2025-05-13;-2.0;-327.26
7F3D0DC3F1CAED11A62CD892C0003F2A;FC081C55582CED11A62CD892C0003F2A;2025-05-13;-2.0;-185.38
18E1F5071AF1EE114066106505007C4A;FC081C55582CED11A62CD892C0003F2A;2025-05-13;-2.0;-159.5
9D11D13F8A785E1142D58A650500DC08;FC081C55582CED11A62CD892C0003F2A;2025-05-13;-2.0;-216.7
179F13DA891A6E11B7B78A650500BC08;FC081C55582CED11A62CD892C0003F2A;2025-05-13;-2.0;-421.66
49B347FF8B888E11F243BB6505004E3B;FC081C55582CED11A62CD892C0003F2A;2025-05-13;-10.0;-636.04
3DF87C92AD459E115540106505005F3B;FC081C55582CED11A62CD892C0003F2A;2025-05-13;-2.0;-330.98
4294F80B58138E117E64BB6505004BAA;FC081C55582CED11A62CD892C0003F2A;2025-05-13;-8.0;-866.88
68B43315A2CBFE111280106505000919;FC081C55582CED11A62CD892C0003F2A;2025-05-13;-4.0;-1288.66
D058CABBDC476E11B7B78A650500BC08;FC081C55582CED11A62CD892C0003F2A;2025-05-13;-2.0;-824.94
379F48242CECDE11406610650500D54A;FC081C55582CED11A62CD892C0003F2A;2025-05-13;-2.0;-420.46
EA4F278C0ADEAE11BE2110650500E35A;FC081C55582CED11A62CD892C0003F2A;2025-05-13;-4.0;-118.88
41B13BD06E31FE1191EE106505007BB9;FC081C55582CED11A62CD892C0003F2A;2025-05-13;-2.0;-418.0
F193204A4317DE11C846106505003F6A;FC081C55582CED11A62CD892C0003F2A;2025-05-13;-2.0;-658.12
D58A6214EC430E11A4A96492C00008E9;FC081C55582CED11A62CD892C0003F2A;2025-05-13;-4.0;-781.16
4661388E81CAED11A62CD892C0003F2A;FC081C55582CED11A62CD892C0003F2A;2025-05-13;-2.0;-32.94
0BDE9EEEDD500F11F1557891FE69C789;FC081C55582CED11A62CD892C0003F2A;2025-05-13;-8.0;-135.54
2DC82F374717FE1191EE1065050023C9;FC081C55582CED11A62CD892C0003F2A;2025-05-13;-2.0;-1933.74
6822BF85FDB6EE1191EE1065050076B9;FC081C55582CED11A62CD892C0003F2A;2025-05-13;-2.0;-96.14
1F280D4ACE23FD110DC22A92C000C499;FC081C55582CED11A62CD892C0003F2A;2025-05-13;-2.0;-311.76
DB1A0CC4F0CAED11A62CD892C0003F2A;FC081C55582CED11A62CD892C0003F2A;2025-05-13;-2.0;-796.22
14FE05E58402EE114066106505008C4A;FC081C55582CED11A62CD892C0003F2A;2025-05-13;-4.0;-950.44
7BFF0450D0CAED11A62CD892C0003F2A;FC081C55582CED11A62CD892C0003F2A;2025-05-13;-2.0;-317.78
B4242D2100E7EE1191EE10650500A7B9;FC081C55582CED11A62CD892C0003F2A;2025-05-13;-8.0;-30.84
F83C2942599EFE11F1557891FE698589;FC081C55582CED11A62CD892C0003F2A;2025-05-13;-6.0;-126.0
C6EA661280E2FE1191EE106505009DB9;FC081C55582CED11A62CD892C0003F2A;2025-05-13;-2.0;-1111.26
1C9FA0DA736F1E1143F0668E4200AE5A;FC081C55582CED11A62CD892C0003F2A;2025-05-13;-6.0;-134.38
8357C1CA908F2E11052F6792C000CF39;FC081C55582CED11A62CD892C0003F2A;2025-05-13;-2.0;-665.98
52B9E23810C13E11052F6792C000CF39;FC081C55582CED11A62CD892C0003F2A;2025-05-13;-2.0;-409.44
62A5A22440CAED11A62CD892C0003F2A;FC081C55582CED11A62CD892C0003F2A;2025-05-13;-2.0;-236.18
5F8E31AC9AA4DE11ADB310650500E0C8;FC081C55582CED11A62CD892C0003F2A;2025-05-13;-2.0;-280.62
FE17E2BEB934DE11ADB31065050050C8;FC081C55582CED11A62CD892C0003F2A;2025-05-13;-2.0;-389.16
A81C028040CAED11A62CD892C0003F2A;FC081C55582CED11A62CD892C0003F2A;2025-05-13;-4.0;-4509.5
202C9E6028407E11B7B78A650500CD08;FC081C55582CED11A62CD892C0003F2A;2025-05-13;-2.0;-397.52
B91673C1B4DCAE11BE2110650500515A;FC081C55582CED11A62CD892C0003F2A;2025-05-13;-2.0;-160.76
4A55F71BF45DBE118772106505004E59;FC081C55582CED11A62CD892C0003F2A;2025-05-13;-2.0;-193.16
DFECCCBACD7ABE11877210650500AA59;FC081C55582CED11A62CD892C0003F2A;2025-05-13;-4.0;-613.96
0407920E7EE2BE11BE2110650500195A;FC081C55582CED11A62CD892C0003F2A;2025-05-13;-2.0;-231.06
A48BF5EEC1405E1142D58A650500BC08;FC081C55582CED11A62CD892C0003F2A;2025-05-13;-2.0;-642.78
1829A75E8242EE11406610650500DC4A;FC081C55582CED11A62CD892C0003F2A;2025-05-13;-4.0;-737.06
C722389A867F8E11F243BB650500A74B;FC081C55582CED11A62CD892C0003F2A;2025-05-13;-4.0;-59.28
B35B3B8E99C08E110819BB65050039AA;FC081C55582CED11A62CD892C0003F2A;2025-05-13;-4.0;-647.6
1E1C7FADCB804E1142D58A650500DB08;FC081C55582CED11A62CD892C0003F2A;2025-05-13;-8.0;-890.7
F08A7F1B216E7E110819BB65050039AA;FC081C55582CED11A62CD892C0003F2A;2025-05-13;-2.0;-893.8
B2C79D1FC01C3E11052F6792C000D249;FC081C55582CED11A62CD892C0003F2A;2025-05-13;-4.0;-132.0
EDD1574CE142DE11ADB310650500BDB8;FC081C55582CED11A62CD892C0003F2A;2025-05-13;-2.0;-72.1
73342D2100E7EE1191EE10650500A7B9;FC081C55582CED11A62CD892C0003F2A;2025-05-13;-6.0;-22.28
DB0B8A3DA66B0E11A4A96492C0001269;FC081C55582CED11A62CD892C0003F2A;2025-05-13;-2.0;-254.84
2F378D7CFA2D9E117260106505002A4A;FC081C55582CED11A62CD892C0003F2A;2025-05-13;-2.0;-789.24
4D90BF0CDA65EE11B1AD1065050039EA;FC081C55582CED11A62CD892C0003F2A;2025-05-13;-2.0;-78.7
2E02A4DE0B32FE1191EE10650500BCB9;FC081C55582CED11A62CD892C0003F2A;2025-05-13;-2.0;-752.84
3949BFE63AC0DE11ADB310650500ABB8;FC081C55582CED11A62CD892C0003F2A;2025-05-13;-2.0;-43.68
389FF908AAE4DE11ADB31065050031C8;FC081C55582CED11A62CD892C0003F2A;2025-05-13;-6.0;-225.06
A92E71BEB7ABAE11BE2110650500DF4A;FC081C55582CED11A62CD892C0003F2A;2025-05-13;-4.0;-1348.28
EB150FF1AC112E1143F0668E4200C71A;FC081C55582CED11A62CD892C0003F2A;2025-05-13;-2.0;-674.14
78DE4C8ABCE3DE11ADB310650500DFB8;FC081C55582CED11A62CD892C0003F2A;2025-05-13;-2.0;-270.06
6BACA03FED53BE11BE2110650500A95A;FC081C55582CED11A62CD892C0003F2A;2025-05-13;-2.0;-59.08
B03EE3918D3AAE11BE21106505000E4A;FC081C55582CED11A62CD892C0003F2A;2025-05-13;-2.0;-355.72
89F7FDA9268EFE11F1557891FE696589;FC081C55582CED11A62CD892C0003F2A;2025-05-13;-2.0;-224.0
0BE6BDF7D2EA3E11052F6792C000D249;FC081C55582CED11A62CD892C0003F2A;2025-05-13;-2.0;-285.16
267FCF06961ECE11ADB310650500E7B8;FC081C55582CED11A62CD892C0003F2A;2025-05-13;-2.0;-1212.0
E0ED6128B930FE1191EE106505002AB9;FC081C55582CED11A62CD892C0003F2A;2025-05-13;-2.0;-356.68
BE044D3564B8FE11128010650500D819;FC081C55582CED11A62CD892C0003F2A;2025-05-13;-2.0;-300.0
B0EB9A1C64B0EE11406610650500CA4A;FC081C55582CED11A62CD892C0003F2A;2025-05-13;-2.0;-2516.86
76D0FAA95A530E11A4A96492C00008E9;FC081C55582CED11A62CD892C0003F2A;2025-05-13;-2.0;-464.42
AE7F1009E2B28E117E64BB650500CAAA;FC081C55582CED11A62CD892C0003F2A;2025-05-13;-2.0;-690.62
CA768FCA694CDE11406610650500054A;FC081C55582CED11A62CD892C0003F2A;2025-05-13;-2.0;-3167.12
5FC53B86878DAE11BE2110650500325A;FC081C55582CED11A62CD892C0003F2A;2025-05-13;-2.0;-178.4
4FC8FECA2705EE11B1AD10650500A8EA;FC081C55582CED11A62CD892C0003F2A;2025-05-13;-2.0;-305.86
20074E729F4DDE11406610650500564A;FC081C55582CED11A62CD892C0003F2A;2025-05-13;-2.0;-223.5
EC647CBEB36BCE11ADB31065050034B8;FC081C55582CED11A62CD892C0003F2A;2025-05-13;-2.0;-94.0
867EE8E03605EE11B1AD10650500A8EA;FC081C55582CED11A62CD892C0003F2A;2025-05-13;-2.0;-461.7
00CF9589C8846E11B7B78A650500BC08;FC081C55582CED11A62CD892C0003F2A;2025-05-13;-2.0;-160.92
41B255308C2CDE11406610650500E44A;FC081C55582CED11A62CD892C0003F2A;2025-05-13;-2.0;-241.96
829E3CDCE1EDFE11F1557891FE699489;FC081C55582CED11A62CD892C0003F2A;2025-05-13;-2.0;-220.0
0AF46A8715FAFD11A4A96492C0006F3B;B0BDDED34CC83E11052F6792C000B249;2025-05-13;-2.0;-64.76
94CF5FCF20CAED11A62CD892C0003F2A;B0BDDED34CC83E11052F6792C000B249;2025-05-13;-2.0;-124.0
AC0ECEF0EC065E1142D58A650500DC08;B0BDDED34CC83E11052F6792C000B249;2025-05-13;-140.0;-744.8000000000001
D696D8CC1A5FFE11F1557891FE697689;B0BDDED34CC83E11052F6792C000B249;2025-05-13;-2.0;-132.58
B8C0B7EFAA1DFD11A4A96492C000CB59;B0BDDED34CC83E11052F6792C000B249;2025-05-13;-6.0;-1100.6999999999998
E52D7919BDE6EE1191EE1065050096B9;B0BDDED34CC83E11052F6792C000B249;2025-05-13;-10.0;-633.0
B36E116CDB63CE118772106505000669;B0BDDED34CC83E11052F6792C000B249;2025-05-13;-2.0;-109.9
965DF47B7D948E113835BB6505003DAA;B0BDDED34CC83E11052F6792C000B249;2025-05-13;-4.0;-2400.0
40A7F1A5D143FE1191EE106505001EB9;B0BDDED34CC83E11052F6792C000B249;2025-05-13;-2.0;-244.9
4DA5C9B33AFB3E11052F6792C000D249;B0BDDED34CC83E11052F6792C000B249;2025-05-13;-2.0;-257.38
3D388DD72B674E1142D58A6505002C08;B0BDDED34CC83E11052F6792C000B249;2025-05-13;-2.0;-611.72
1797E37B383EFE11F1557891FE690589;B0BDDED34CC83E11052F6792C000B249;2025-05-13;-2.0;-193.0
F9E59FECA5D83E11052F6792C000B249;B0BDDED34CC83E11052F6792C000B249;2025-05-13;-2.0;-452.4
A76C3997B34C2E11052F6792C000CF39;B0BDDED34CC83E11052F6792C000B249;2025-05-13;-2.0;-284.8
2C4F31C65596DE11ADB31065050053C8;B0BDDED34CC83E11052F6792C000B249;2025-05-13;-10.0;-1774.9
010E98BA2B9FFE11F1557891FE69C689;B0BDDED34CC83E11052F6792C000B249;2025-05-13;-2.0;-684.72
27D056C871EB4E1142D58A6505009C08;B0BDDED34CC83E11052F6792C000B249;2025-05-13;-4.0;-579.56
2E986C50E3735E1142D58A650500DC08;B0BDDED34CC83E11052F6792C000B249;2025-05-13;-4.0;-194.01999999999998
9917DF2A887CCE11ADB310650500B5B8;B0BDDED34CC83E11052F6792C000B249;2025-05-13;-2.0;-72.88
6B101D755907FE1191EE1065050013C9;B0BDDED34CC83E11052F6792C000B249;2025-05-13;-4.0;-266.16
76848C99ECC65E1142D58A650500DC08;B0BDDED34CC83E11052F6792C000B249;2025-05-13;-2.0;-714.76
A05BCFB931CAED11A62CD892C0003F2A;B0BDDED34CC83E11052F6792C000B249;2025-05-13;-8.0;-1232.58
C0D5AC833BF8CE11ADB31065050001B8;B0BDDED34CC83E11052F6792C000B249;2025-05-13;-4.0;-360.8
FE6785D8D0CAED11A62CD892C0003F2A;B0BDDED34CC83E11052F6792C000B249;2025-05-13;-2.0;-487.08
AFB26ACEDEE3DE11ADB310650500DFB8;B0BDDED34CC83E11052F6792C000B249;2025-05-13;-4.0;-23.86
F320D83931CAED11A62CD892C0003F2A;B0BDDED34CC83E11052F6792C000B249;2025-05-13;-8.0;-367.48
695A4EE0011EAE11BE2110650500E25A;B0BDDED34CC83E11052F6792C000B249;2025-05-13;-6.0;-979.44
6C4F278C0ADEAE11BE2110650500E35A;B0BDDED34CC83E11052F6792C000B249;2025-05-13;-14.0;-340.20000000000005
C393B2FACED4DE11ADB31065050021C8;B0BDDED34CC83E11052F6792C000B249;2025-05-13;-2.0;-82.8
411FAA2DB6CDEE1191EE1065050029B9;B0BDDED34CC83E11052F6792C000B249;2025-05-13;-4.0;-874.74
5096C19D764E3E11052F6792C000D249;B0BDDED34CC83E11052F6792C000B249;2025-05-13;-6.0;-212.28000000000003
15459644CB05FD110DC22A92C0009D7B;B0BDDED34CC83E11052F6792C000B249;2025-05-13;-2.0;-920.44
40E5F28F1F22FE1191EE10650500ACB9;B0BDDED34CC83E11052F6792C000B249;2025-05-13;-2.0;-429.1
B812270E1814EE11B1AD1065050077EA;B0BDDED34CC83E11052F6792C000B249;2025-05-13;-2.0;-234.9
CD12468B8376AE11BE2110650500394A;B0BDDED34CC83E11052F6792C000B249;2025-05-13;-2.0;-770.86
0D78B1557EE1EE114066106505006C4A;B0BDDED34CC83E11052F6792C000B249;2025-05-13;-2.0;-216.48
0E362A2DC691FE1191EE10650500EBB9;B0BDDED34CC83E11052F6792C000B249;2025-05-13;-2.0;-76.16
D05B53538ABAFE11128010650500E819;B0BDDED34CC83E11052F6792C000B249;2025-05-13;-4.0;-125.44
3F3E6288C646CE11ADB3106505008DA8;B0BDDED34CC83E11052F6792C000B249;2025-05-13;-2.0;-194.3
E7692174C0128E110223BB6505000AAA;B0BDDED34CC83E11052F6792C000B249;2025-05-13;-4.0;-673.2
347D9407F7B13E11052F6792C000CF39;B0BDDED34CC83E11052F6792C000B249;2025-05-13;-2.0;-199.52
C519E62F330EEE1191EE1065050029B9;B0BDDED34CC83E11052F6792C000B249;2025-05-13;-2.0;-738.02
D0DE70D0A4ABEE1191EE1065050029B9;B0BDDED34CC83E11052F6792C000B249;2025-05-13;-2.0;-206.74
CB89AA4CF77DEE1191EE1065050029B9;B0BDDED34CC83E11052F6792C000B249;2025-05-13;-2.0;-633.68
7D4AA3ABECC65E1142D58A650500DC08;B0BDDED34CC83E11052F6792C000B249;2025-05-13;-2.0;-860.76
60D183B99835EE11B1AD10650500F8EA;B0BDDED34CC83E11052F6792C000B249;2025-05-13;-6.0;-3651.18
185818F9E64DEE1191EE1065050029B9;B0BDDED34CC83E11052F6792C000B249;2025-05-13;-4.0;-211.88
E484C0E058B13E11052F6792C000CF39;B0BDDED34CC83E11052F6792C000B249;2025-05-13;-6.0;-456.65999999999997
C757E37B383EFE11F1557891FE690589;B0BDDED34CC83E11052F6792C000B249;2025-05-13;-2.0;-169.2
8FEF0D3B34D99E11525010650500AA4A;B0BDDED34CC83E11052F6792C000B249;2025-05-13;-2.0;-976.86
D71289756077FE1191EE1065050093C9;B0BDDED34CC83E11052F6792C000B249;2025-05-13;-2.0;-440.88
FF9E86B00FC18E113835BB650500B9AA;B0BDDED34CC83E11052F6792C000B249;2025-05-13;-2.0;-44.38
F9301C8933817E11B7B78A650500CD08;B0BDDED34CC83E11052F6792C000B249;2025-05-13;-14.0;-994.0
28EB8F382965DE11ADB310650500D1C8;B0BDDED34CC83E11052F6792C000B249;2025-05-13;-2.0;-178.86
A688FB5F34627E11B7B78A650500CD08;B0BDDED34CC83E11052F6792C000B249;2025-05-13;-4.0;-695.04
C786FA88A8E9BE11877210650500E959;B0BDDED34CC83E11052F6792C000B249;2025-05-13;-4.0;-462.0
67ACBA0B7092DE11ADB3106505001EB8;B0BDDED34CC83E11052F6792C000B249;2025-05-13;-2.0;-159.18
4CEBE596FB913E11052F6792C000CF39;B0BDDED34CC83E11052F6792C000B249;2025-05-13;-2.0;-1770.0
AEE9A0BD01615E1142D58A650500BC08;B0BDDED34CC83E11052F6792C000B249;2025-05-13;-2.0;-1484.44
84169B3E1E456E11B7B78A650500BC08;B0BDDED34CC83E11052F6792C000B249;2025-05-13;-6.0;-588.5999999999999
8397BF6A01CAED11A62CD892C0003F2A;B0BDDED34CC83E11052F6792C000B249;2025-05-13;-10.0;-2333.14
7B74C76F33983E11052F6792C000B249;B0BDDED34CC83E11052F6792C000B249;2025-05-13;-2.0;-939.1
9B855D3C340BEE1191EE1065050029B9;B0BDDED34CC83E11052F6792C000B249;2025-05-13;-2.0;-63.24
8F95C78178138E110223BB6505005BAA;B0BDDED34CC83E11052F6792C000B249;2025-05-13;-2.0;-481.84
982950A3AA187E110819BB65050009AA;B0BDDED34CC83E11052F6792C000B249;2025-05-13;-2.0;-91.8
F60A20AFF756DE11ADB31065050003C8;B0BDDED34CC83E11052F6792C000B249;2025-05-13;-4.0;-131.76
8B9A732C14BEEE1191EE1065050029B9;B0BDDED34CC83E11052F6792C000B249;2025-05-13;-6.0;-691.3199999999999
500707C07B7E8E11F243BB650500664B;B0BDDED34CC83E11052F6792C000B249;2025-05-13;-2.0;-1375.26
C464EB2B2EF10F114EF7A826072B0A89;B0BDDED34CC83E11052F6792C000B249;2025-05-13;-2.0;-121.2
818F2FCAC290BE11BE2110650500165A;B0BDDED34CC83E11052F6792C000B249;2025-05-13;-2.0;-399.66
89C029B21D1DDE11406610650500164A;B0BDDED34CC83E11052F6792C000B249;2025-05-13;0.0;0.0
33993B4824789E11525010650500D84A;B0BDDED34CC83E11052F6792C000B249;2025-05-13;-72.0;-1357.92
EBFBD80C6F466E11B7B78A650500BC08;B0BDDED34CC83E11052F6792C000B249;2025-05-13;-6.0;-417.36
19C3840F18363E11052F6792C000FF39;B0BDDED34CC83E11052F6792C000B249;2025-05-13;-6.0;-365.28
BF4E6B4A8CF57E11B7B78A650500ED08;B0BDDED34CC83E11052F6792C000B249;2025-05-13;-2.0;-206.44
AAA7CF327AF94E1142D58A6505009C08;B0BDDED34CC83E11052F6792C000B249;2025-05-13;-2.0;-580.34
3201C7FFF0CAED11A62CD892C0003F2A;B0BDDED34CC83E11052F6792C000B249;2025-05-13;-2.0;-102.24
BD1957F1E0CAED11A62CD892C0003F2A;B0BDDED34CC83E11052F6792C000B249;2025-05-13;-2.0;-532.26
A1AD573070C1CE11877210650500E369;B0BDDED34CC83E11052F6792C000B249;2025-05-13;0.0;0.0
215EA3470C7DFE1158A3BB3DBE8E1489;B0BDDED34CC83E11052F6792C000B249;2025-05-13;-2.0;-40.98
C0FD6B3977018E110819BB65050039AA;B0BDDED34CC83E11052F6792C000B249;2025-05-13;-4.0;-176.68
E7164409D533FE1191EE106505000EB9;B0BDDED34CC83E11052F6792C000B249;2025-05-13;-2.0;-1080.0
43FC8B7ADDE3DE11ADB310650500DFB8;B0BDDED34CC83E11052F6792C000B249;2025-05-13;-2.0;-196.4
C16D5A06D343FE1191EE106505001EB9;B0BDDED34CC83E11052F6792C000B249;2025-05-13;-2.0;-240.24
30B23E901442EE11406610650500DC4A;B0BDDED34CC83E11052F6792C000B249;2025-05-13;-4.0;-96.62
2ED077151EDEFE11F1557891FE69D589;B0BDDED34CC83E11052F6792C000B249;2025-05-13;-2.0;-192.4
1A4FD3BE5F478E11F243BB650500BC3B;B0BDDED34CC83E11052F6792C000B249;2025-05-13;-2.0;-740.0
C117BE9F80E9DE11406610650500C14A;B0BDDED34CC83E11052F6792C000B249;2025-05-13;-2.0;-220.14
8A2CAF88F630FE1191EE106505002AB9;B0BDDED34CC83E11052F6792C000B249;2025-05-13;-2.0;-363.44
AEDF67094AFEDE11406610650500984A;B0BDDED34CC83E11052F6792C000B249;2025-05-13;-4.0;-78.5
118DF723558EFE11F1557891FE696589;B0BDDED34CC83E11052F6792C000B249;2025-05-13;-2.0;-428.08
2776EC1BFE7ABE11877210650500AA59;B0BDDED34CC83E11052F6792C000B249;2025-05-13;-4.0;-1256.36
B816285AA44FDE11406610650500F84A;B0BDDED34CC83E11052F6792C000B249;2025-05-13;-2.0;-121.26
1A37955D82C5EE1191EE1065050045B9;B0BDDED34CC83E11052F6792C000B249;2025-05-13;-2.0;-124.0
FE40C462F123CE11877210650500A569;B0BDDED34CC83E11052F6792C000B249;2025-05-13;-2.0;-60.14
46C66CB929DA3E11052F6792C000D249;B0BDDED34CC83E11052F6792C000B249;2025-05-13;-2.0;-154.0
4B26872078DDCE11ADB31065050097B8;B0BDDED34CC83E11052F6792C000B249;2025-05-13;-2.0;-98.34
D80DB32A6B846E11B7B78A650500BC08;B0BDDED34CC83E11052F6792C000B249;2025-05-13;-2.0;-293.2
090043D80A917E11B7B78A650500CD08;B0BDDED34CC83E11052F6792C000B249;2025-05-13;-2.0;-399.34
00CF9589C8846E11B7B78A650500BC08;B0BDDED34CC83E11052F6792C000B249;2025-05-13;-2.0;-160.92
CC8CEEFF7120FE1191EE106505000AB9;B0BDDED34CC83E11052F6792C000B249;2025-05-13;-4.0;-57.0
A070DE37A094DE11ADB310650500C0C8;B0BDDED34CC83E11052F6792C000B249;2025-05-13;-2.0;-270.44
AB33D4A9DE567E11B7B78A650500ED08;B0BDDED34CC83E11052F6792C000B249;2025-05-13;-2.0;-32.0
5150F3DB53478E11F243BB650500AC3B;44673735EAF46E11B7B78A650500BC08;2025-05-13;-2.0;-220.0
E29B72C890CAED11A62CD892C0003F2A;44673735EAF46E11B7B78A650500BC08;2025-05-13;-2.0;-847.22
7DF700B82D456E11B7B78A650500BC08;44673735EAF46E11B7B78A650500BC08;2025-05-13;-2.0;-141.84
DD83AF999CAAAE11BE21106505009E4A;44673735EAF46E11B7B78A650500BC08;2025-05-13;-2.0;-395.82
70B8E84E7C2EFE11F1557891FE69F489;44673735EAF46E11B7B78A650500BC08;2025-05-13;-42.0;-369.17999999999995
B558885F7C8F6E11B7B78A650500CD08;44673735EAF46E11B7B78A650500BC08;2025-05-13;-4.0;-667.88
B713992A12238E117E64BB6505005BAA;44673735EAF46E11B7B78A650500BC08;2025-05-13;-4.0;-442.0
F1B59F8EE4A6FE1191EE1065050082C9;44673735EAF46E11B7B78A650500BC08;2025-05-13;-3.2;-578.42
AD763336DF3FFE11F1557891FE695689;44673735EAF46E11B7B78A650500BC08;2025-05-13;-2.0;-151.74
27614F3EB9456E11B7B78A650500BC08;44673735EAF46E11B7B78A650500BC08;2025-05-13;-2.0;-589.96
3173CAC5880AEE1191EE1065050009B9;44673735EAF46E11B7B78A650500BC08;2025-05-13;-2.0;-58.56
AD8150A455639E11554010650500CC3B;44673735EAF46E11B7B78A650500BC08;2025-05-13;-4.0;-1965.8400000000001
26B5931B19AF7E110819BB65050039AA;44673735EAF46E11B7B78A650500BC08;2025-05-13;-16.0;-2371.32
CDB331404E456E11B7B78A650500BC08;44673735EAF46E11B7B78A650500BC08;2025-05-13;-96.0;-58176.0
0EC656E3BC88EE1191EE1065050098B9;44673735EAF46E11B7B78A650500BC08;2025-05-13;-8.0;-366.2
D10D9F3F7628CE11ADB310650500EFA8;44673735EAF46E11B7B78A650500BC08;2025-05-13;-12.0;-558.0
7FFC3C198EF39E115540106505008D3B;44673735EAF46E11B7B78A650500BC08;2025-05-13;-14.0;-660.52
F856CA687DECEE1191EE1065050029B9;44673735EAF46E11B7B78A650500BC08;2025-05-13;-4.0;-1394.54
0CBDE176DD8A7E110819BB65050039AA;44673735EAF46E11B7B78A650500BC08;2025-05-13;-6.0;-284.44
9D076A426D7DBE118772106505007E59;44673735EAF46E11B7B78A650500BC08;2025-05-13;-2.0;-160.0
059142773D456E11B7B78A650500BC08;44673735EAF46E11B7B78A650500BC08;2025-05-13;-4.0;-2721.04
B72693E4CD456E11B7B78A650500BC08;44673735EAF46E11B7B78A650500BC08;2025-05-13;-6.0;-330.12
B3B65EB0E6568E11F243BB6505007B3B;44673735EAF46E11B7B78A650500BC08;2025-05-13;-2.0;-132.8
0FD44E1613179E11554010650500914B;44673735EAF46E11B7B78A650500BC08;2025-05-13;-6.0;-431.0
F586EF13BA456E11B7B78A650500BC08;44673735EAF46E11B7B78A650500BC08;2025-05-13;-2.0;-138.54
9278857859B1EE114066106505001C4A;44673735EAF46E11B7B78A650500BC08;2025-05-13;-2.0;-47.38
34E99B3DE6DDCE11ADB31065050097B8;44673735EAF46E11B7B78A650500BC08;2025-05-13;-2.0;-1341.06
2F1DB0AE4BCA7E110819BB65050039AA;44673735EAF46E11B7B78A650500BC08;2025-05-13;-2.0;-720.0
6CF93B49A7EFCE11ADB3106505006AB8;44673735EAF46E11B7B78A650500BC08;2025-05-13;-2.0;-1792.24
A55DF743C0CAED11A62CD892C0003F2A;44673735EAF46E11B7B78A650500BC08;2025-05-13;-2.0;-1057.14
F0B9EBEEFC456E11B7B78A650500BC08;44673735EAF46E11B7B78A650500BC08;2025-05-13;-2.0;-21235.2
50948DB2E0DCDE11406610650500B54A;44673735EAF46E11B7B78A650500BC08;2025-05-13;-6.0;-557.4
D7CF39191BE66E11B7B78A650500BC08;44673735EAF46E11B7B78A650500BC08;2025-05-13;-24.0;-1827.36
D671181A03078E11F243BB6505005C3B;44673735EAF46E11B7B78A650500BC08;2025-05-13;-2.0;-32.04
1899CDB8581FAE11BE2110650500345A;44673735EAF46E11B7B78A650500BC08;2025-05-13;0.0;0.0
C01DD8F181E4EE11B1AD1065050078EA;44673735EAF46E11B7B78A650500BC08;2025-05-13;-4.0;-788.0
4B28DFED4E37FE1191EE1065050053C9;44673735EAF46E11B7B78A650500BC08;2025-05-13;-2.0;-216.1
C00A07A13D456E11B7B78A650500BC08;44673735EAF46E11B7B78A650500BC08;2025-05-13;-4.0;-391.4
19265A855D56FE1191EE1065050022C9;44673735EAF46E11B7B78A650500BC08;2025-05-13;-2.0;-996.0
C52352B9AC456E11B7B78A650500BC08;44673735EAF46E11B7B78A650500BC08;2025-05-13;-8.0;-520.08
71E4ED82FAD7CE11ADB3106505008FA8;44673735EAF46E11B7B78A650500BC08;2025-05-13;-6.0;-467.38000000000005
2B77304C1E456E11B7B78A650500BC08;44673735EAF46E11B7B78A650500BC08;2025-05-13;-2.0;-1132.42
29CDB042A33EAE11BE2110650500135A;44673735EAF46E11B7B78A650500BC08;2025-05-13;-8.0;-1096.0
083ED3FCBEB0DE11ADB3106505009BB8;44673735EAF46E11B7B78A650500BC08;2025-05-13;-2.0;-115.0
61C22ADD9505FE1191EE1065050070C9;44673735EAF46E11B7B78A650500BC08;2025-05-13;-2.0;-344.58
CF3D433B68363E11052F6792C000FF39;44673735EAF46E11B7B78A650500BC08;2025-05-13;-2.0;-98.24
AF203DE8AC456E11B7B78A650500BC08;44673735EAF46E11B7B78A650500BC08;2025-05-13;-6.0;-2326.88
D46DF26DBE13FE1191EE10650500EDB9;44673735EAF46E11B7B78A650500BC08;2025-05-13;-2.0;-2697.7
BB361686AC456E11B7B78A650500BC08;44673735EAF46E11B7B78A650500BC08;2025-05-13;-4.0;-123.72
E2AEB1B0C11A8E11F243BB650500304B;44673735EAF46E11B7B78A650500BC08;2025-05-13;-2.0;-27.7
498663DA28A47E11B7B78A650500ED08;44673735EAF46E11B7B78A650500BC08;2025-05-13;-4.0;-114.82
8378BDDE2EFBAE11BE2110650500405A;44673735EAF46E11B7B78A650500BC08;2025-05-13;-2.0;-681.16
955F44D691E58E11F243BB650500DA3B;44673735EAF46E11B7B78A650500BC08;2025-05-13;-2.0;-162.6
49C33C9DD6568E11F243BB6505007B3B;44673735EAF46E11B7B78A650500BC08;2025-05-13;-4.0;-139.4
78173D948954FE1191EE106505008FB9;44673735EAF46E11B7B78A650500BC08;2025-05-13;-2.0;-2666.66
9B0FC5A2EBFCAE11BE2110650500815A;44673735EAF46E11B7B78A650500BC08;2025-05-13;-20.0;-920.14
DF2E2991CC6FEE1191EE1065050029B9;44673735EAF46E11B7B78A650500BC08;2025-05-13;-2.0;-2042.0
245BF3BE3C456E11B7B78A650500BC08;44673735EAF46E11B7B78A650500BC08;2025-05-13;-6.0;-703.8
BDDA48D9AF456E11B7B78A650500BC08;44673735EAF46E11B7B78A650500BC08;2025-05-13;-2.0;-1078.34
5E9A218FB11A8E11F243BB650500304B;44673735EAF46E11B7B78A650500BC08;2025-05-13;-4.0;-121.64
1DEB5D8DD22BBE118772106505007B59;44673735EAF46E11B7B78A650500BC08;2025-05-13;-2.0;-124.2
0BEF8E7E968B3E11052F6792C000D249;44673735EAF46E11B7B78A650500BC08;2025-05-13;-4.0;-147.6
16D716D859B1EE114066106505001C4A;44673735EAF46E11B7B78A650500BC08;2025-05-13;-2.0;-36.54
9B5E50A1B0A1EE11406610650500FB4A;44673735EAF46E11B7B78A650500BC08;2025-05-13;-2.0;-257.12
1150F3DB53478E11F243BB650500AC3B;44673735EAF46E11B7B78A650500BC08;2025-05-13;-2.0;-1234.6
4B5E7A9937C4EE11B1AD1065050058EA;44673735EAF46E11B7B78A650500BC08;2025-05-13;-2.0;-1210.98
C8311A5E272FFE11F1557891FE693689;44673735EAF46E11B7B78A650500BC08;2025-05-13;-2.0;-522.18
51CB4FFDD6568E11F243BB6505007B3B;44673735EAF46E11B7B78A650500BC08;2025-05-13;-6.0;-328.26
542EF1FEA42AFE11128010650500E819;44673735EAF46E11B7B78A650500BC08;2025-05-13;-4.0;-370.8
74BD8984ABE1EE114066106505006C4A;44673735EAF46E11B7B78A650500BC08;2025-05-13;-8.0;-386.4
D36DAF79DC758E113835BB6505005EAA;44673735EAF46E11B7B78A650500BC08;2025-05-13;-4.0;-1460.0
4BC6129DABE1EE114066106505006C4A;44673735EAF46E11B7B78A650500BC08;2025-05-13;-2.0;-57.4
3DA201B300CAED11A62CD892C0003F2A;44673735EAF46E11B7B78A650500BC08;2025-05-13;-2.0;-156.18
11444CDD7E456E11B7B78A650500BC08;44673735EAF46E11B7B78A650500BC08;2025-05-13;-4.0;-251.6
E3908E60D6B49E115540106505008E3B;44673735EAF46E11B7B78A650500BC08;2025-05-13;-4.0;-331.04
BD04127797B0FE1191EE10650500CAB9;44673735EAF46E11B7B78A650500BC08;2025-05-13;-2.0;-97.88
EE0FCA81F7289E11554010650500F24B;44673735EAF46E11B7B78A650500BC08;2025-05-13;-2.0;-8052.66
7E32106C72C97E110819BB65050019AA;44673735EAF46E11B7B78A650500BC08;2025-05-13;-6.0;-214.5
DF2D93F567456E11B7B78A650500BC08;44673735EAF46E11B7B78A650500BC08;2025-05-13;-10.0;-98.16
4A898C4FCBCC6E11B7B78A650500BC08;44673735EAF46E11B7B78A650500BC08;2025-05-13;-4.0;-177.8
462056DBC35FEE1191EE1065050029B9;44673735EAF46E11B7B78A650500BC08;2025-05-13;-2.0;-965.34
530EDE7623900F11F1557891FE690889;44673735EAF46E11B7B78A650500BC08;2025-05-13;-2.0;-1062.0
B54F219E2D148E113835BB6505009CAA;44673735EAF46E11B7B78A650500BC08;2025-05-13;-2.0;-126.8
D2395E1B6628CE11ADB310650500EFA8;44673735EAF46E11B7B78A650500BC08;2025-05-13;-2.0;-485.0
47F4F53C79363E11052F6792C000FF39;44673735EAF46E11B7B78A650500BC08;2025-05-13;-2.0;-62.06
A0B6F13AAB01AE117260106505002F4A;44673735EAF46E11B7B78A650500BC08;2025-05-13;-2.0;-2042.0
2F28106B94688E11F243BB6505001E3B;44673735EAF46E11B7B78A650500BC08;2025-05-13;-2.0;-1680.44
DA3EE961BD889E11525010650500F84A;44673735EAF46E11B7B78A650500BC08;2025-05-13;-2.0;-148.36
BB356221CFC5EE1191EE1065050055B9;44673735EAF46E11B7B78A650500BC08;2025-05-13;-2.0;-734.0
58C998FFAB456E11B7B78A650500BC08;44673735EAF46E11B7B78A650500BC08;2025-05-13;-6.0;-87.18
6DC69A463654FE1191EE106505008FB9;44673735EAF46E11B7B78A650500BC08;2025-05-13;-4.0;-806.4
C2EC19A83915CE11ADB3106505000DA8;44673735EAF46E11B7B78A650500BC08;2025-05-13;-4.0;-1161.48
A520B4FF13DB8E11F243BB650500724B;44673735EAF46E11B7B78A650500BC08;2025-05-13;-6.0;-194.07999999999998
52B0F1ECEC76EE1191EE1065050036B9;44673735EAF46E11B7B78A650500BC08;2025-05-13;-2.0;-1918.0
1369BC08C1047E11B7B78A650500DD08;44673735EAF46E11B7B78A650500BC08;2025-05-13;-2.0;-115.46
05B07C1A973C7E110819BB65050039AA;44673735EAF46E11B7B78A650500BC08;2025-05-13;-2.0;-174.4
87328AB28754EE11B1AD10650500C7EA;44673735EAF46E11B7B78A650500BC08;2025-05-13;-8.0;-94.4
B51EAEDA2E456E11B7B78A650500BC08;44673735EAF46E11B7B78A650500BC08;2025-05-13;-40.0;-3800.0
B7CF39191BE66E11B7B78A650500BC08;44673735EAF46E11B7B78A650500BC08;2025-05-13;-4.0;-303.56
ACCC55E22F2CDE11406610650500E44A;44673735EAF46E11B7B78A650500BC08;2025-05-13;-2.0;-179.78
D6D05CFFDD456E11B7B78A650500BC08;44673735EAF46E11B7B78A650500BC08;2025-05-13;-2.0;-2284.2
28213EA650420F114EF7A826072B5A89;44673735EAF46E11B7B78A650500BC08;2025-05-13;-4.0;-120.0
24EC4EE7A0CAED11A62CD892C0003F2A;44673735EAF46E11B7B78A650500BC08;2025-05-13;-6.0;-249.88
7CA23D7AEACB8E11F243BB650500624B;44673735EAF46E11B7B78A650500BC08;2025-05-13;-2.0;-182.08
D3B16672E31DEE1191EE1065050029B9;44673735EAF46E11B7B78A650500BC08;2025-05-13;-2.0;-3212.0
378897023D456E11B7B78A650500BC08;44673735EAF46E11B7B78A650500BC08;2025-05-13;-2.0;-154.88
EDB331404E456E11B7B78A650500BC08;44673735EAF46E11B7B78A650500BC08;2025-05-13;-2.0;-500.0
6826B17C2C40EE114066106505004A4A;44673735EAF46E11B7B78A650500BC08;2025-05-13;-2.0;-324.0
8D816F1ECAD0FE1191EE10650500FAB9;44673735EAF46E11B7B78A650500BC08;2025-05-13;-4.0;-716.54
238AB3D4D270DE11ADB3106505003BB8;44673735EAF46E11B7B78A650500BC08;2025-05-13;-2.0;-366.6
73630C8ED431BE11BE2110650500E65A;44673735EAF46E11B7B78A650500BC08;2025-05-13;-2.0;-263.14
65CDEA72EC3ABE118772106505005A59;44673735EAF46E11B7B78A650500BC08;2025-05-13;-2.0;-182.74
91CD8B0820CFCE11ADB3106505002AB8;44673735EAF46E11B7B78A650500BC08;2025-05-13;-4.0;-3014.96
BDAD53E25FAF5E1142D58A650500AD08;44673735EAF46E11B7B78A650500BC08;2025-05-13;-2.0;-220.86
CD5A05E49B3F4E1142D58A650500BC08;44673735EAF46E11B7B78A650500BC08;2025-05-13;-2.0;-266.28
8E0039F34D456E11B7B78A650500BC08;44673735EAF46E11B7B78A650500BC08;2025-05-13;-2.0;-117.2
24FC734F04FEFE11F1557891FE69F589;44673735EAF46E11B7B78A650500BC08;2025-05-13;-2.0;-3770.0
9F2C6BDA03078E11F243BB6505005C3B;44673735EAF46E11B7B78A650500BC08;2025-05-13;-2.0;-135.9
2BC1D86E597BAE11BE21106505009F4A;44673735EAF46E11B7B78A650500BC08;2025-05-13;-4.0;-197.6
5599B561ECFBEE1191EE1065050029B9;44673735EAF46E11B7B78A650500BC08;2025-05-13;-2.0;-83.86
E2B43FD5A0CAED11A62CD892C0003F2A;44673735EAF46E11B7B78A650500BC08;2025-05-13;-2.0;-266.0
4E1AC3C9CD769E11554010650500D04B;44673735EAF46E11B7B78A650500BC08;2025-05-13;-2.0;-149.82
1A8B9C320EA98E11F243BB650500BF3B;44673735EAF46E11B7B78A650500BC08;2025-05-13;-8.0;-888.54
B639EBD86A819E11F243BB6505004A4B;44673735EAF46E11B7B78A650500BC08;2025-05-13;-2.0;-156.0
458009C2854AEE1191EE1065050009B9;44673735EAF46E11B7B78A650500BC08;2025-05-13;-2.0;-5706.72
593EEB9E7CD9FD11A4A96492C0006F3B;44673735EAF46E11B7B78A650500BC08;2025-05-13;-2.0;-131.18
619E77918754EE11B1AD10650500C7EA;44673735EAF46E11B7B78A650500BC08;2025-05-13;-4.0;-2240.84
AA0FC5A2EBFCAE11BE2110650500815A;44673735EAF46E11B7B78A650500BC08;2025-05-13;-12.0;-612.0
C226FF937046AE11BE2110650500F84A;44673735EAF46E11B7B78A650500BC08;2025-05-13;-2.0;-82.24
0F25ED3582EE0E1123F0668E42005B38;B0BDDED34CC83E11052F6792C000B249;2025-05-13;-2.0;-98.74
C90B8BE5BFC85E1142D58A650500DC08;B0BDDED34CC83E11052F6792C000B249;2025-05-13;-2.0;-244.28
8B68A389CE37FE1191EE1065050053C9;44673735EAF46E11B7B78A650500BC08;2025-05-13;2.0;6872.0
A9B33FB46923FE1191EE10650500FDB9;44673735EAF46E11B7B78A650500BC08;2025-05-13;4.0;139.36
F97A8E5D882CAE11BE2110650500705A;FC081C55582CED11A62CD892C0003F2A;2025-05-13;2.0;27.52
1DF69640EA5D7E110819BB65050039AA;FC081C55582CED11A62CD892C0003F2A;2025-05-13;28.0;2940.0
054448ED997BBE11877210650500EB59;44673735EAF46E11B7B78A650500BC08;2025-05-13;2.0;2687.04
0EFB431E08E48E113835BB6505009DAA;FC081C55582CED11A62CD892C0003F2A;2025-05-13;2.0;10.0
9BC8B5451A134E1142D58A6505001C08;FC081C55582CED11A62CD892C0003F2A;2025-05-13;-2.0;-738.0
9CB9BE769B2F8E11F243BB650500474B;44673735EAF46E11B7B78A650500BC08;2025-05-13;56.0;4366.32
2338300AA60BFE11128010650500E819;FC081C55582CED11A62CD892C0003F2A;2025-05-13;0.0;0.0
5FBD5DD18FFEEE1191EE1065050029B9;FC081C55582CED11A62CD892C0003F2A;2025-05-13;0.0;0.0
19FA845D4972FE1191EE106505000DB9;FC081C55582CED11A62CD892C0003F2A;2025-05-13;0.0;0.0
5551BA759272CE11877210650500C469;FC081C55582CED11A62CD892C0003F2A;2025-05-13;0.0;0.0
98490377B1C10F114EF7A826072BB989;FC081C55582CED11A62CD892C0003F2A;2025-05-13;0.0;0.0
BE4D455DE0CAED11A62CD892C0003F2A;FC081C55582CED11A62CD892C0003F2A;2025-05-13;-2.0;-287.06
4E15B3A6241AFE11128010650500E819;FC081C55582CED11A62CD892C0003F2A;2025-05-13;0.0;0.0
5056E68747696E11B7B78A650500BC08;FC081C55582CED11A62CD892C0003F2A;2025-05-13;0.0;9.094947017729282e-13
F33934B64ADDDE11406610650500074A;FC081C55582CED11A62CD892C0003F2A;2025-05-13;0.0;0.0
9DF219CEF502AE11726010650500605A;FC081C55582CED11A62CD892C0003F2A;2025-05-13;0.0;0.0
545F06305D8FFE11F1557891FE69B689;FC081C55582CED11A62CD892C0003F2A;2025-05-13;0.0;0.0
99525EB8CC8EFE11F1557891FE697589;FC081C55582CED11A62CD892C0003F2A;2025-05-13;0.0;0.0
14D15EB8CC8EFE11F1557891FE697589;FC081C55582CED11A62CD892C0003F2A;2025-05-13;0.0;0.0
8928ED19CC8EFE11F1557891FE697589;FC081C55582CED11A62CD892C0003F2A;2025-05-13;0.0;0.0
05D959C278F6DE11C846106505001F6A;44673735EAF46E11B7B78A650500BC08;2025-05-13;-14.0;-1743.62
C19645C26407DE11C846106505002F6A;44673735EAF46E11B7B78A650500BC08;2025-05-13;-12.0;-1728.0
86C7703F6EEAAE11BE2110650500EE4A;44673735EAF46E11B7B78A650500BC08;2025-05-13;16.0;375.52
3D6B8175CDEAAE11BE2110650500EE4A;B0BDDED34CC83E11052F6792C000B249;2025-05-13;2.0;51.52
2A890377B1C10F114EF7A826072BB989;B0BDDED34CC83E11052F6792C000B249;2025-05-13;0.0;0.0
5E3FB89463B78E11F243BB6505003D3B;B0BDDED34CC83E11052F6792C000B249;2025-05-13;0.0;0.0
63CF56792642FE1191EE10650500CCB9;B0BDDED34CC83E11052F6792C000B249;2025-05-13;-10.0;-5679.879999999999
0870727B7F2DAE11BE2110650500C15A;B0BDDED34CC83E11052F6792C000B249;2025-05-13;0.0;0.0
9BE253C609B63E11052F6792C000FF39;B0BDDED34CC83E11052F6792C000B249;2025-05-13;0.0;0.0
F0D9FBED66C33E11052F6792C000EF39;B0BDDED34CC83E11052F6792C000B249;2025-05-13;-2.0;-1418.48
59D18DDDD1FFBE118772106505009169;B0BDDED34CC83E11052F6792C000B249;2025-05-13;0.0;0.0
C18EAF8B07CE8E11F243BB650500C64B;B0BDDED34CC83E11052F6792C000B249;2025-05-13;0.0;0.0
7F972B565E968E11F243BB650500DB3B;B0BDDED34CC83E11052F6792C000B249;2025-05-13;0.0;0.0
2390AF2365E0EE114066106505000B4A;B0BDDED34CC83E11052F6792C000B249;2025-05-13;0.0;0.0
536A7CDAC6F0BE11BE2110650500965A;B0BDDED34CC83E11052F6792C000B249;2025-05-13;0.0;0.0
AE4BC66EF271FE1191EE10650500BBB9;B0BDDED34CC83E11052F6792C000B249;2025-05-13;0.0;0.0
2887C414C87A9E115250106505007B4A;B0BDDED34CC83E11052F6792C000B249;2025-05-13;-2.0;-45.82
FE0DA681721A8E11F243BB650500304B;44673735EAF46E11B7B78A650500BC08;2025-05-13;-4.0;-167.64
05BBAF1F6D4DDE11406610650500564A;44673735EAF46E11B7B78A650500BC08;2025-05-13;20.0;1277.0
984F7C972D9EFE11F1557891FE698589;FC081C55582CED11A62CD892C0003F2A;2025-05-13;56.0;3193.12
C2738BDF89AEFE11F1557891FE699589;FC081C55582CED11A62CD892C0003F2A;2025-05-13;2.0;899.82
E0325376AF6DFE11F1557891FE690489;FC081C55582CED11A62CD892C0003F2A;2025-05-13;10.0;817.0
1C0BB911BAF94E1142D58A6505009C08;FC081C55582CED11A62CD892C0003F2A;2025-05-13;4.0;479.68
2088AC04A537BE118772106505007659;FC081C55582CED11A62CD892C0003F2A;2025-05-13;4.0;759.64
31ADEA7CEB8DED11A62CD892C0003F2A;44673735EAF46E11B7B78A650500BC08;2025-05-13;0.0;0.0
E02AAB87BA54BE11BE2110650500EA5A;44673735EAF46E11B7B78A650500BC08;2025-05-13;10.0;1020.4
32FBC303B0CEEE1191EE1065050029B9;44673735EAF46E11B7B78A650500BC08;2025-05-13;0.0;0.0
A7446E61BD010F11112A674AC7E2C889;FC081C55582CED11A62CD892C0003F2A;2025-05-13;2.0;1349.76
ED1DAC91BD010F11112A674AC7E2C889;FC081C55582CED11A62CD892C0003F2A;2025-05-13;4.0;1619.72
0A938AF1BD010F11112A674AC7E2C889;FC081C55582CED11A62CD892C0003F2A;2025-05-13;8.0;3817.92
45D49512BD010F11112A674AC7E2C889;FC081C55582CED11A62CD892C0003F2A;2025-05-13;4.0;2024.66
BE5D134965B4DE11ADB310650500F0C8;44673735EAF46E11B7B78A650500BC08;2025-05-13;40.0;1664.8
A82D1E8C65B4DE11ADB310650500F0C8;44673735EAF46E11B7B78A650500BC08;2025-05-13;88.0;5369.76
B1A302F8BFE34E1142D58A6505002C08;44673735EAF46E11B7B78A650500BC08;2025-05-13;24.0;3200.16
2BC3BD2764B13E11052F6792C000CF39;FC081C55582CED11A62CD892C0003F2A;2025-05-13;10.0;6000.0
5EFF4BD24579FE11128010650500E819;FC081C55582CED11A62CD892C0003F2A;2025-05-13;56.0;2040.64
C13E4874DFAEDE11406610650500384A;FC081C55582CED11A62CD892C0003F2A;2025-05-13;6.0;2302.26
68671E4EB7E00F11112A674AC7E29889;FC081C55582CED11A62CD892C0003F2A;2025-05-13;4.0;470.92
2ACA09FDAF4B6E11B7B78A650500BC08;FC081C55582CED11A62CD892C0003F2A;2025-05-13;4.0;1181.96
A52F608D8EE1EE114066106505006C4A;FC081C55582CED11A62CD892C0003F2A;2025-05-13;24.0;944.64
0BCC105068A1CE11877210650500C369;FC081C55582CED11A62CD892C0003F2A;2025-05-13;18.0;551.5
010F84EBBD1EFE11F1557891FE69E489;44673735EAF46E11B7B78A650500BC08;2025-05-13;80.0;5560.0
BB14C5A07F2DBE118772106505001E59;44673735EAF46E11B7B78A650500BC08;2025-05-13;4.0;1167.64
DA3C3619256EEE1191EE1065050029B9;B0BDDED34CC83E11052F6792C000B249;2025-05-13;10.0;1350.0
5C59B989268EFE11F1557891FE696589;B0BDDED34CC83E11052F6792C000B249;2025-05-13;10.0;970.0
F038B989268EFE11F1557891FE696589;B0BDDED34CC83E11052F6792C000B249;2025-05-13;10.0;800.0
8D7D0EA7FC9F7E110819BB65050039AA;44673735EAF46E11B7B78A650500BC08;2025-05-13;-32.0;-439.68
DE81A37C1A5FFE11F1557891FE697689;B0BDDED34CC83E11052F6792C000B249;2025-05-13;6.0;235.92
647732FC5CFFFE11F1557891FE694789;B0BDDED34CC83E11052F6792C000B249;2025-05-13;58.0;2552.0
95FCA37CB48DFE11F1557891FE692489;44673735EAF46E11B7B78A650500BC08;2025-05-13;4.0;812.0
C486995474054E1142D58A6505002C08;FC081C55582CED11A62CD892C0003F2A;2025-05-13;22.0;1709.84
AD8FC812365FFE11F1557891FE697689;FC081C55582CED11A62CD892C0003F2A;2025-05-13;20.0;1418.8000000000002
DF10F07564878E11F243BB650500FC3B;B0BDDED34CC83E11052F6792C000B249;2025-05-13;12.0;1974.24
ABC14F841FD1DE11ADB3106505003DB8;B0BDDED34CC83E11052F6792C000B249;2025-05-13;12.0;3918.24
3F30FD22BD010F11112A674AC7E2C889;B0BDDED34CC83E11052F6792C000B249;2025-05-13;10.0;1373.88
59B0FD22BD010F11112A674AC7E2C889;B0BDDED34CC83E11052F6792C000B249;2025-05-13;4.0;1330.48
7331FD22BD010F11112A674AC7E2C889;B0BDDED34CC83E11052F6792C000B249;2025-05-13;8.0;2660.98
70268594021C8E11F243BB650500C24B;B0BDDED34CC83E11052F6792C000B249;2025-05-13;24.0;487.9
21E9A84D2A326E1142D58A650500AD08;FC081C55582CED11A62CD892C0003F2A;2025-05-13;0.0;0.0
F0F92A2FED7FFE11F1557891FE69A689;FC081C55582CED11A62CD892C0003F2A;2025-05-13;0.0;0.0
6DE8E4A60EA4FE1191EE1065050000C9;FC081C55582CED11A62CD892C0003F2A;2025-05-13;0.0;0.0
2BC30FBF0EFDDE11406610650500374A;FC081C55582CED11A62CD892C0003F2A;2025-05-13;0.0;0.0
18C36CE1E30BEE1191EE1065050029B9;FC081C55582CED11A62CD892C0003F2A;2025-05-13;0.0;0.0
071061544872FE1191EE106505000DB9;FC081C55582CED11A62CD892C0003F2A;2025-05-13;0.0;0.0
C1B618F4AC456E11B7B78A650500BC08;44673735EAF46E11B7B78A650500BC08;2025-05-13;-36.0;-10120.58
3F622C003364EE11B1AD10650500D7EA;FC081C55582CED11A62CD892C0003F2A;2025-05-13;40.0;561.6
F219196249FEDE11406610650500984A;FC081C55582CED11A62CD892C0003F2A;2025-05-13;18.0;1240.8799999999999
B3E1CA4D6D456E11B7B78A650500BC08;44673735EAF46E11B7B78A650500BC08;2025-05-13;-60.0;-1326.48
B03637BE2CE1EE114066106505006C4A;44673735EAF46E11B7B78A650500BC08;2025-05-13;12.0;2174.4
815F872E8DDAFE11128010650500E819;FC081C55582CED11A62CD892C0003F2A;2025-05-13;12.0;4852.92
381862CB378C9E11726010650500594A;FC081C55582CED11A62CD892C0003F2A;2025-05-13;8.0;4458.72
898318D5E25E3E11052F6792C000D249;FC081C55582CED11A62CD892C0003F2A;2025-05-13;12.0;5634.6
005BCFB931CAED11A62CD892C0003F2A;FC081C55582CED11A62CD892C0003F2A;2025-05-13;8.0;806.32
DAA147A721C28E110223BB650500EAAA;FC081C55582CED11A62CD892C0003F2A;2025-05-13;-10.0;-195.2
12FAC611B799AE11BE21106505003D4A;FC081C55582CED11A62CD892C0003F2A;2025-05-13;4.0;1303.0
FC45CABEC8165E1142D58A650500DC08;FC081C55582CED11A62CD892C0003F2A;2025-05-13;8.0;5244.64
25377D17C0CAED11A62CD892C0003F2A;FC081C55582CED11A62CD892C0003F2A;2025-05-13;8.0;3248.48
9234C1554A2A9E115250106505001B4A;44673735EAF46E11B7B78A650500BC08;2025-05-13;0.0;0.0
D11C0EFA0635DE11ADB31065050091C8;FC081C55582CED11A62CD892C0003F2A;2025-05-13;12.0;1674.72
C8EAE4FFCB804E1142D58A650500DB08;FC081C55582CED11A62CD892C0003F2A;2025-05-13;4.0;445.36
2C839D1574A2CE118772106505000569;44673735EAF46E11B7B78A650500BC08;2025-05-13;10.0;3512.4
9EABF88512AB7E110819BB65050039AA;44673735EAF46E11B7B78A650500BC08;2025-05-13;6.0;2772.12
1BE8DB6D2640FE1191EE106505003AB9;B0BDDED34CC83E11052F6792C000B249;2025-05-13;-4.0;-638.7
B0DE512957639E11554010650500CC3B;44673735EAF46E11B7B78A650500BC08;2025-05-13;4.0;40.0
048317C16D89FE11128010650500E819;FC081C55582CED11A62CD892C0003F2A;2025-05-13;12.0;3643.26
197FD577A0CAED11A62CD892C0003F2A;B0BDDED34CC83E11052F6792C000B249;2025-05-13;10.0;1986.1
E308CD4C71429E115540106505005B3B;B0BDDED34CC83E11052F6792C000B249;2025-05-13;4.0;793.3
562C601CAC62FE1191EE10650500FCB9;B0BDDED34CC83E11052F6792C000B249;2025-05-13;6.0;2537.76
9673E5C15D13FE1191EE10650500EDB9;B0BDDED34CC83E11052F6792C000B249;2025-05-13;6.0;9153.66
E8E3BE5FD32EDE11406610650500774A;B0BDDED34CC83E11052F6792C000B249;2025-05-13;6.0;2822.4
CED2EC37F2B65E1142D58A650500DC08;FC081C55582CED11A62CD892C0003F2A;2025-05-13;4.0;1381.84
7B6B5EDD43D9EE1191EE1065050009B9;FC081C55582CED11A62CD892C0003F2A;2025-05-13;4.0;911.42
C683E38B6E80FE1191EE106505009AB9;FC081C55582CED11A62CD892C0003F2A;2025-05-13;4.0;3129.1
E9A3E38B6E80FE1191EE106505009AB9;FC081C55582CED11A62CD892C0003F2A;2025-05-13;4.0;4284.14
55233BFF1CA8BE118772106505005859;B0BDDED34CC83E11052F6792C000B249;2025-05-13;18.0;875.16
4012AB4EB1B0EE11406610650500CA4A;FC081C55582CED11A62CD892C0003F2A;2025-05-13;-2.0;-317.48
ED9C6436ABAC8E11F243BB650500E34B;FC081C55582CED11A62CD892C0003F2A;2025-05-13;-2.0;-235.4
9EA05E691DBEEE1191EE1065050029B9;FC081C55582CED11A62CD892C0003F2A;2025-05-13;-2.0;-67.3
30F98C6E5F7FFE11F1557891FE69A689;FC081C55582CED11A62CD892C0003F2A;2025-05-13;-2.0;-27.1
651E7207F7DD8E11F243BB650500954B;FC081C55582CED11A62CD892C0003F2A;2025-05-13;-4.0;-56.0
0DDE2603775CEE1191EE1065050029B9;FC081C55582CED11A62CD892C0003F2A;2025-05-13;-2.0;-171.04
7BF5EBC551CAED11A62CD892C0003F2A;FC081C55582CED11A62CD892C0003F2A;2025-05-13;-2.0;-421.18
59C66A46B371FE1191EE10650500BBB9;FC081C55582CED11A62CD892C0003F2A;2025-05-13;-4.0;-285.64
EF93B3A4E0CAED11A62CD892C0003F2A;FC081C55582CED11A62CD892C0003F2A;2025-05-13;-2.0;-797.16
3BB997867E089E11554010650500D24B;FC081C55582CED11A62CD892C0003F2A;2025-05-13;-2.0;-1200.0
0D83D82C30C3AE11726010650500925A;FC081C55582CED11A62CD892C0003F2A;2025-05-13;-2.0;-173.98
F134C4E92EB00E11A4A96492C0002019;FC081C55582CED11A62CD892C0003F2A;2025-05-13;-2.0;-219.32
94CF5FCF20CAED11A62CD892C0003F2A;FC081C55582CED11A62CD892C0003F2A;2025-05-13;-12.0;-744.0
B842133C6C62FE1191EE10650500FCB9;FC081C55582CED11A62CD892C0003F2A;2025-05-13;-2.0;-824.76
EC1F2BC7B22AFE11128010650500E819;FC081C55582CED11A62CD892C0003F2A;2025-05-13;-12.2;-2289.6
7221645AC7696E11B7B78A650500BC08;FC081C55582CED11A62CD892C0003F2A;2025-05-13;-2.0;-289.34
38776897ED76AE11BE2110650500494A;FC081C55582CED11A62CD892C0003F2A;2025-05-13;-2.0;-30.0
4B3F22AA137C1E1143F0668E4200502B;FC081C55582CED11A62CD892C0003F2A;2025-05-13;-4.0;-34.8
F8B97B1843699E115250106505001A4A;FC081C55582CED11A62CD892C0003F2A;2025-05-13;-2.0;-861.0
FDF79818D5482E11052F6792C0007F39;FC081C55582CED11A62CD892C0003F2A;2025-05-13;-4.0;-326.16
73228585A1256E11B7B78A650500BC08;FC081C55582CED11A62CD892C0003F2A;2025-05-13;-2.0;-57.98
78D5B01A0223CE11877210650500A569;FC081C55582CED11A62CD892C0003F2A;2025-05-13;-8.0;-267.28
C4C5F1DC01CAED11A62CD892C0003F2A;FC081C55582CED11A62CD892C0003F2A;2025-05-13;-2.0;-734.78
867CB3B0F6153E11052F6792C000FF39;FC081C55582CED11A62CD892C0003F2A;2025-05-13;-2.0;-336.6
48AFB10F18D2DE11ADB3106505007EB8;FC081C55582CED11A62CD892C0003F2A;2025-05-13;-4.0;-384.36
DE965C97AEC1FD110DC22A92C0006778;FC081C55582CED11A62CD892C0003F2A;2025-05-13;-2.0;-189.34
5EEBC9DDC877EE1191EE1065050027B9;FC081C55582CED11A62CD892C0003F2A;2025-05-13;-1.48;-380.52
EE08E9D401CAED11A62CD892C0003F2A;FC081C55582CED11A62CD892C0003F2A;2025-05-13;-2.0;-199.64
20FB7FEB72CAED11A62CD892C0003F2A;FC081C55582CED11A62CD892C0003F2A;2025-05-13;-2.0;-177.26
8C4CDDD3365C1E1143F0668E4200502B;FC081C55582CED11A62CD892C0003F2A;2025-05-13;-4.0;-508.76
35BE88440C11BE11BE2110650500C65A;FC081C55582CED11A62CD892C0003F2A;2025-05-13;-2.0;-692.96
A86F8F9F6607DE11C846106505002F6A;FC081C55582CED11A62CD892C0003F2A;2025-05-13;-2.0;-23.66
7065C7223E405E1142D58A650500BC08;FC081C55582CED11A62CD892C0003F2A;2025-05-13;-2.0;-298.72
2BC1D86E597BAE11BE21106505009F4A;FC081C55582CED11A62CD892C0003F2A;2025-05-13;-4.0;-197.6
7994E8A4E315AE11726010650500445A;FC081C55582CED11A62CD892C0003F2A;2025-05-13;-2.0;-95.1
B0FD43466F466E11B7B78A650500BC08;FC081C55582CED11A62CD892C0003F2A;2025-05-13;-6.0;-520.28
E2EDE89211CAED11A62CD892C0003F2A;FC081C55582CED11A62CD892C0003F2A;2025-05-13;-2.0;-340.76
5D8DEDF7568EFE11F1557891FE696589;FC081C55582CED11A62CD892C0003F2A;2025-05-13;-6.0;-966.0
39767FA96A1B8E11F243BB650500814B;FC081C55582CED11A62CD892C0003F2A;2025-05-13;-6.0;-727.62
9EB2AFE8129EFE11F1557891FE697589;FC081C55582CED11A62CD892C0003F2A;2025-05-13;-2.0;-74.4
F422311DA869FE11128010650500E819;FC081C55582CED11A62CD892C0003F2A;2025-05-13;-2.0;-494.76
2AD8B73C1255FE1191EE10650500D0C9;FC081C55582CED11A62CD892C0003F2A;2025-05-13;-2.0;-79.64
31ADEA7CEB8DED11A62CD892C0003F2A;FC081C55582CED11A62CD892C0003F2A;2025-05-13;-4.0;-642.48
793F9B04488E4E1142D58A650500BC08;FC081C55582CED11A62CD892C0003F2A;2025-05-13;-2.0;-74.32
D4F4534219BBCE11ADB310650500A4B8;FC081C55582CED11A62CD892C0003F2A;2025-05-13;-2.0;-255.2
380519DFC0CAED11A62CD892C0003F2A;FC081C55582CED11A62CD892C0003F2A;2025-05-13;-6.0;-1150.98
F93465D731CAED11A62CD892C0003F2A;FC081C55582CED11A62CD892C0003F2A;2025-05-13;-2.0;-481.86
9C45E74225F70E11A4A96492C00009EB;FC081C55582CED11A62CD892C0003F2A;2025-05-13;-2.0;-360.26
08AA90AB0C6A9E115250106505006B4A;FC081C55582CED11A62CD892C0003F2A;2025-05-13;-2.0;-941.52
46C05F4DCA827E11B7B78A650500DD08;FC081C55582CED11A62CD892C0003F2A;2025-05-13;-3.5;-2160.92
377C112B8B458E113835BB6505001EAA;FC081C55582CED11A62CD892C0003F2A;2025-05-13;-4.0;-1024.74
1F9EEB7BF093FE1191EE106505008EB9;FC081C55582CED11A62CD892C0003F2A;2025-05-13;-2.0;-215.26
12BC45003C6CDE11406610650500354A;FC081C55582CED11A62CD892C0003F2A;2025-05-13;-2.0;-134.2
A571840ECB719E11F243BB6505003A4B;FC081C55582CED11A62CD892C0003F2A;2025-05-13;-2.0;-1319.82
B30D9BC431010F11112A674AC7E2B889;FC081C55582CED11A62CD892C0003F2A;2025-05-13;-2.0;-278.6
4E615390D2CDAE11BE2110650500825A;FC081C55582CED11A62CD892C0003F2A;2025-05-13;-2.0;-232.1
384FACC89D128E11A442BB6505000AAA;FC081C55582CED11A62CD892C0003F2A;2025-05-13;-4.0;-243.78
018201FC1443FE1191EE106505001EB9;FC081C55582CED11A62CD892C0003F2A;2025-05-13;-2.0;-192.9
8837CD6E94CBCE11ADB310650500B4B8;FC081C55582CED11A62CD892C0003F2A;2025-05-13;-2.0;-796.0
9C4EEB261A68FE11128010650500D819;FC081C55582CED11A62CD892C0003F2A;2025-05-13;-2.0;-308.32
6FDCBD7EDC94DE11ADB310650500D0C8;FC081C55582CED11A62CD892C0003F2A;2025-05-13;-10.0;-466.1
0FA796AB94AF6E11B7B78A650500CD08;FC081C55582CED11A62CD892C0003F2A;2025-05-13;-2.0;-660.52
C7C567BDEDBBEE1191EE1065050029B9;FC081C55582CED11A62CD892C0003F2A;2025-05-13;-6.0;-289.14
B0A6B7DB01CAED11A62CD892C0003F2A;FC081C55582CED11A62CD892C0003F2A;2025-05-13;-2.0;-222.78
0B1F6EDA63E61E1143F0668E4200EE89;FC081C55582CED11A62CD892C0003F2A;2025-05-13;-2.0;-47.98
239584FE0BAE3E11052F6792C000D249;FC081C55582CED11A62CD892C0003F2A;2025-05-13;-2.0;-236.58
28C421F8CCBBFD11A4A96492C000CB59;FC081C55582CED11A62CD892C0003F2A;2025-05-13;-2.0;-399.84
D2C0D7939CE1DE11ADB3106505004DB8;FC081C55582CED11A62CD892C0003F2A;2025-05-13;-8.0;-160.74
DCC6360FCFAF5E1142D58A650500AD08;FC081C55582CED11A62CD892C0003F2A;2025-05-13;-2.0;-43.98
6B05BDD29C8DED11A62CD892C0003F2A;FC081C55582CED11A62CD892C0003F2A;2025-05-13;-4.0;-766.96
FDE37E331DFC1E1143F0668E4200502B;FC081C55582CED11A62CD892C0003F2A;2025-05-13;-2.0;-877.5
65BABB1A0E94DE11ADB310650500D0C8;FC081C55582CED11A62CD892C0003F2A;2025-05-13;-4.0;-100.36
19706005BB363E11052F6792C000FF39;FC081C55582CED11A62CD892C0003F2A;2025-05-13;-2.0;-595.1
9AB7B86A0EE4AE11726010650500145A;FC081C55582CED11A62CD892C0003F2A;2025-05-13;-6.0;-173.44
11F0AD0C2BA9CE11ADB310650500E1B8;FC081C55582CED11A62CD892C0003F2A;2025-05-13;-4.0;-138.48
B3C2EA2CDEE2BE11BE2110650500195A;FC081C55582CED11A62CD892C0003F2A;2025-05-13;-4.0;-42.14
6FF3317E395EDE11406610650500C74A;FC081C55582CED11A62CD892C0003F2A;2025-05-13;-2.0;-614.48
F433B16579EFDE11406610650500C94A;FC081C55582CED11A62CD892C0003F2A;2025-05-13;-4.0;-108.8
98B8E940CD2ECE11ADB31065050008B8;FC081C55582CED11A62CD892C0003F2A;2025-05-13;-10.0;-525.08
DCD6493C5046FE1191EE1065050002C9;FC081C55582CED11A62CD892C0003F2A;2025-05-13;-2.0;-1587.48
4ADC2408506AFE11128010650500E819;FC081C55582CED11A62CD892C0003F2A;2025-05-13;-2.0;-225.78
1BFEF0C0DFBBFE111280106505000919;FC081C55582CED11A62CD892C0003F2A;2025-05-13;-2.0;-166.06
5F25E1C768A0EE11406610650500BA4A;FC081C55582CED11A62CD892C0003F2A;2025-05-13;-4.0;-1313.72
67CC5E81EAC6EE1191EE1065050086B9;FC081C55582CED11A62CD892C0003F2A;2025-05-13;-4.0;-876.22
258012EF43E3DE11ADB310650500CFB8;FC081C55582CED11A62CD892C0003F2A;2025-05-13;-2.0;-210.5
4A08A67E6109FE11128010650500D819;FC081C55582CED11A62CD892C0003F2A;2025-05-13;-2.0;-1224.8
E02476B08092DE11ADB3106505001EB8;FC081C55582CED11A62CD892C0003F2A;2025-05-13;-4.0;-337.48
E6B9D296DDFFFE11F1557891FE694789;FC081C55582CED11A62CD892C0003F2A;2025-05-13;-4.0;-1222.24
450FC208B869FE11128010650500E819;FC081C55582CED11A62CD892C0003F2A;2025-05-13;-2.0;-313.1
BDFDFBA7A024DE11ADB31065050030C8;FC081C55582CED11A62CD892C0003F2A;2025-05-13;-2.0;-429.0
D9BEFA1E7A8DBE118772106505008E59;FC081C55582CED11A62CD892C0003F2A;2025-05-13;-2.0;-328.18
00FB517205ABEE1191EE1065050029B9;FC081C55582CED11A62CD892C0003F2A;2025-05-13;-10.0;-199.8
BB63384943F2EE11B1AD1065050006EA;FC081C55582CED11A62CD892C0003F2A;2025-05-13;-2.0;-111.06
EC81C93795FEFE11F1557891FE69F589;FC081C55582CED11A62CD892C0003F2A;2025-05-13;-4.0;-220.12
847846C6011EAE11BE2110650500E25A;FC081C55582CED11A62CD892C0003F2A;2025-05-13;-2.0;-160.76
446C9C199B427E11B7B78A650500CD08;FC081C55582CED11A62CD892C0003F2A;2025-05-13;-4.0;-729.6
1A37955D82C5EE1191EE1065050045B9;FC081C55582CED11A62CD892C0003F2A;2025-05-13;-14.0;-868.0
0AB2738BBF13CE11877210650500A569;FC081C55582CED11A62CD892C0003F2A;2025-05-13;-2.0;-54.74
2AC99AABA0CAED11A62CD892C0003F2A;FC081C55582CED11A62CD892C0003F2A;2025-05-13;-2.0;-124.04
857C3D81B119BE11877210650500D859;FC081C55582CED11A62CD892C0003F2A;2025-05-13;-2.0;-379.06
23BFF0EBD9733E11052F6792C000CF39;FC081C55582CED11A62CD892C0003F2A;2025-05-13;-2.0;-156.2
6A1142F6104FFE11F1557891FE695689;FC081C55582CED11A62CD892C0003F2A;2025-05-13;-2.0;-177.12
BEEB1359A884EE11B1AD1065050008EA;FC081C55582CED11A62CD892C0003F2A;2025-05-13;-2.0;-407.66
1A55F71BF45DBE118772106505004E59;FC081C55582CED11A62CD892C0003F2A;2025-05-13;-2.0;-186.4
08D33220EDE3DE11ADB310650500DFB8;FC081C55582CED11A62CD892C0003F2A;2025-05-13;-2.0;-194.48
8B7345CED03D7E110819BB65050039AA;FC081C55582CED11A62CD892C0003F2A;2025-05-13;-8.0;-132.66
D4B84A220B0F5E1142D58A6505008D08;FC081C55582CED11A62CD892C0003F2A;2025-05-13;-4.0;-647.6
DD11F6E9983ADE11406610650500324A;FC081C55582CED11A62CD892C0003F2A;2025-05-13;-2.0;-172.5
937132DA8D410F11112A674AC7E21989;FC081C55582CED11A62CD892C0003F2A;2025-05-13;-2.0;-379.1
E2BCAA341E7A6E11B7B78A650500BC08;FC081C55582CED11A62CD892C0003F2A;2025-05-13;-2.0;-772.34
AC7C07BF37F8FE11128010650500D819;FC081C55582CED11A62CD892C0003F2A;2025-05-13;-12.0;-5736.0
63FDBD05B4C7DE11C84610650500107A;FC081C55582CED11A62CD892C0003F2A;2025-05-13;-2.0;-315.56
2463C510A7E4DE11ADB31065050031C8;FC081C55582CED11A62CD892C0003F2A;2025-05-13;-4.0;-12719.92
87AF8A5FC0CAED11A62CD892C0003F2A;FC081C55582CED11A62CD892C0003F2A;2025-05-13;-6.0;-1188.52
7AE3530F3A3CED11A62CD892C0003F2A;FC081C55582CED11A62CD892C0003F2A;2025-05-13;-2.0;-81.74
9D1F77F1EC67EE1191EE1065050017B9;FC081C55582CED11A62CD892C0003F2A;2025-05-13;-2.0;-138.36
142D86F36609BE11877210650500C859;FC081C55582CED11A62CD892C0003F2A;2025-05-13;-2.0;-336.46
15186898638ADE11406610650500924A;FC081C55582CED11A62CD892C0003F2A;2025-05-13;-2.0;-218.2
7B97F7893131FE1191EE106505006BB9;FC081C55582CED11A62CD892C0003F2A;2025-05-13;-2.0;-780.06
AE2FF38963DE4E1142D58A650500BC08;FC081C55582CED11A62CD892C0003F2A;2025-05-13;-8.0;-277.92
C4F20CD86A8EDE11406610650500084A;FC081C55582CED11A62CD892C0003F2A;2025-05-13;-2.0;-360.0
E6DA8180C46EEE1191EE1065050029B9;FC081C55582CED11A62CD892C0003F2A;2025-05-13;-2.0;-421.18
00D80587C80FEE1191EE1065050029B9;FC081C55582CED11A62CD892C0003F2A;2025-05-13;-2.0;-445.5
5ABB2942599EFE11F1557891FE698589;FC081C55582CED11A62CD892C0003F2A;2025-05-13;-2.0;-42.0
F32E9409EC14CE11877210650500E669;FC081C55582CED11A62CD892C0003F2A;2025-05-13;-2.0;-440.84
BFF594A2A3735E1142D58A650500DC08;FC081C55582CED11A62CD892C0003F2A;2025-05-13;-2.0;-169.72
62B590657848CE11ADB31065050010B8;FC081C55582CED11A62CD892C0003F2A;2025-05-13;-2.0;-235.58
C4E9631F9CDFCE11ADB3106505005AB8;FC081C55582CED11A62CD892C0003F2A;2025-05-13;-2.0;-248.52
A9FB2942599EFE11F1557891FE698589;FC081C55582CED11A62CD892C0003F2A;2025-05-13;-2.0;-42.0
A94B992975456E11B7B78A650500BC08;FC081C55582CED11A62CD892C0003F2A;2025-05-13;-2.0;-503.56
E5917AB011CAED11A62CD892C0003F2A;FC081C55582CED11A62CD892C0003F2A;2025-05-13;-2.0;-1008.62
E4A3B3A4E0CAED11A62CD892C0003F2A;FC081C55582CED11A62CD892C0003F2A;2025-05-13;-4.0;-1995.0
D8549C2DC0CAED11A62CD892C0003F2A;FC081C55582CED11A62CD892C0003F2A;2025-05-13;-4.0;-749.28
C90B121BFAE1DE11ADB3106505004DB8;FC081C55582CED11A62CD892C0003F2A;2025-05-13;-2.0;-691.32
4BA90CDB0321DE11ADB3106505003CB8;FC081C55582CED11A62CD892C0003F2A;2025-05-13;-2.0;-116.0
0E8BC5E4005A8E11F243BB650500804B;FC081C55582CED11A62CD892C0003F2A;2025-05-13;-2.0;-336.08
BC5FCB1BB03D7E110819BB65050039AA;FC081C55582CED11A62CD892C0003F2A;2025-05-13;-4.0;-65.74
896AD73D54197E110819BB65050009AA;FC081C55582CED11A62CD892C0003F2A;2025-05-13;-2.0;-366.72
E77E119F66137E11B7B78A650500DD08;FC081C55582CED11A62CD892C0003F2A;2025-05-13;-2.0;-43.32
419FD96A988AFE11128010650500E819;FC081C55582CED11A62CD892C0003F2A;2025-05-13;-2.0;-23.66
25F75262DEB5CE11ADB3106505004DA8;FC081C55582CED11A62CD892C0003F2A;2025-05-13;-4.0;-292.56
6D4E84EBBD1EFE11F1557891FE69E489;FC081C55582CED11A62CD892C0003F2A;2025-05-13;-2.0;-132.0
010DF6444621BE11BE2110650500D65A;FC081C55582CED11A62CD892C0003F2A;2025-05-13;-10.0;-1148.6799999999998
7DB322C1AA5DCE11ADB310650500E6B8;FC081C55582CED11A62CD892C0003F2A;2025-05-13;-2.0;-231.62
7E10A66FC2D94E1142D58A6505009C08;FC081C55582CED11A62CD892C0003F2A;2025-05-13;-2.0;-128.0
840074409B19BE11877210650500E859;FC081C55582CED11A62CD892C0003F2A;2025-05-13;-2.0;-1048.34
0AE46024DFE34E1142D58A6505002C08;B0BDDED34CC83E11052F6792C000B249;2025-05-13;-2.0;-78.68
B2CA8D396D734E1142D58A6505002C08;B0BDDED34CC83E11052F6792C000B249;2025-05-13;-2.0;-281.4
CA75909C6B72BE11BE2110650500885A;B0BDDED34CC83E11052F6792C000B249;2025-05-13;-4.0;-213.6
6A0D640201CAED11A62CD892C0003F2A;B0BDDED34CC83E11052F6792C000B249;2025-05-13;-4.0;-588.02
9EA5E4036085FD110DC22A92C000D158;B0BDDED34CC83E11052F6792C000B249;2025-05-13;-2.0;-214.7
3FF2D9A25EED7E110819BB65050039AA;B0BDDED34CC83E11052F6792C000B249;2025-05-13;-2.0;-81.0
AAD125477E271E1143F0668E42006B8B;B0BDDED34CC83E11052F6792C000B249;2025-05-13;-6.0;-430.92
D2BD1F7DD596DE11ADB31065050053C8;B0BDDED34CC83E11052F6792C000B249;2025-05-13;-4.0;-228.16
CBA15682F8D65E1142D58A650500DC08;B0BDDED34CC83E11052F6792C000B249;2025-05-13;-2.0;-418.2
C297BF6A01CAED11A62CD892C0003F2A;B0BDDED34CC83E11052F6792C000B249;2025-05-13;-4.0;-859.3
1D3E818660A7FE1191EE10650500D3C9;B0BDDED34CC83E11052F6792C000B249;2025-05-13;-4.0;-459.76
4BEE93486BB4EE11B1AD1065050048EA;B0BDDED34CC83E11052F6792C000B249;2025-05-13;-2.0;-387.12
569D7A7FEF986E11B7B78A650500BC08;B0BDDED34CC83E11052F6792C000B249;2025-05-13;-106.0;-2200.56
690D640201CAED11A62CD892C0003F2A;B0BDDED34CC83E11052F6792C000B249;2025-05-13;-2.0;-65.88
3460C0580D8D8E11F243BB650500354B;B0BDDED34CC83E11052F6792C000B249;2025-05-13;-2.0;-48.12
45D4F2E8B4D38E113835BB6505006CAA;B0BDDED34CC83E11052F6792C000B249;2025-05-13;-6.0;-1006.4200000000001
7E15F8F901CAED11A62CD892C0003F2A;B0BDDED34CC83E11052F6792C000B249;2025-05-13;-4.0;-930.24
CBC99590B36BCE11ADB31065050034B8;B0BDDED34CC83E11052F6792C000B249;2025-05-13;-2.0;-81.6
54BB75583DBFBE118772106505005169;B0BDDED34CC83E11052F6792C000B249;2025-05-13;-2.0;-213.56
1D0B74D7D0CAED11A62CD892C0003F2A;B0BDDED34CC83E11052F6792C000B249;2025-05-13;-2.0;-318.28
79C67A9CC0CAED11A62CD892C0003F2A;B0BDDED34CC83E11052F6792C000B249;2025-05-13;-2.0;-112.4
60EA07B4FC98FE11128010650500D819;B0BDDED34CC83E11052F6792C000B249;2025-05-13;-4.0;-456.0
3F6785D8D0CAED11A62CD892C0003F2A;B0BDDED34CC83E11052F6792C000B249;2025-05-13;-2.0;-442.28
72AD0751FFC7DE11C84610650500207A;B0BDDED34CC83E11052F6792C000B249;2025-05-13;-2.0;-51.0
E7F4F53C79363E11052F6792C000FF39;B0BDDED34CC83E11052F6792C000B249;2025-05-13;-2.0;-70.76
12196B9CB7788E11F243BB6505002E3B;B0BDDED34CC83E11052F6792C000B249;2025-05-13;-2.0;-178.12
D45B7B3361CBEE1191EE1065050029B9;B0BDDED34CC83E11052F6792C000B249;2025-05-13;-2.0;-270.0
7373F46EA877DE11C84610650500BF6A;B0BDDED34CC83E11052F6792C000B249;2025-05-13;-20.0;-510.0
A985BB7287C23E11052F6792C000CF39;B0BDDED34CC83E11052F6792C000B249;2025-05-13;-6.0;-202.6
76D9847273D0DE11ADB310650500BBB8;B0BDDED34CC83E11052F6792C000B249;2025-05-13;-24.0;-384.72
82331755AF2DBE118772106505001E59;B0BDDED34CC83E11052F6792C000B249;2025-05-13;-2.0;-684.72
F0C2BFEC1CBE8E11F243BB650500B64B;B0BDDED34CC83E11052F6792C000B249;2025-05-13;-12.0;-111.64
8DCD833929EEFE11F1557891FE69E589;B0BDDED34CC83E11052F6792C000B249;2025-05-13;-2.0;-217.0
061699F80510CE11877210650500C169;B0BDDED34CC83E11052F6792C000B249;2025-05-13;-2.0;-541.06
71AC1D1CBFA15E1142D58A650500BC08;B0BDDED34CC83E11052F6792C000B249;2025-05-13;-2.0;-682.62
DDE9919AAF36FE1191EE1065050002C9;B0BDDED34CC83E11052F6792C000B249;2025-05-13;-8.0;-70.44
5FBC3D8B0F7E4E1142D58A650500BC08;B0BDDED34CC83E11052F6792C000B249;2025-05-13;-4.0;-2547.56
A457695CA7600E11A4A96492C0002019;B0BDDED34CC83E11052F6792C000B249;2025-05-13;-2.0;-327.96
EE215376AF6DFE11F1557891FE690489;B0BDDED34CC83E11052F6792C000B249;2025-05-13;-2.0;-163.4
A9FFD78051CAED11A62CD892C0003F2A;B0BDDED34CC83E11052F6792C000B249;2025-05-13;-2.0;-347.72
795627ADC0CAED11A62CD892C0003F2A;B0BDDED34CC83E11052F6792C000B249;2025-05-13;-8.0;-2282.24
7EF5EBC551CAED11A62CD892C0003F2A;B0BDDED34CC83E11052F6792C000B249;2025-05-13;-2.0;-583.5
E24B6B4F846C6E11B7B78A650500BC08;B0BDDED34CC83E11052F6792C000B249;2025-05-13;-2.0;-193.0
A17FA74E9F4BEE1191EE1065050029B9;B0BDDED34CC83E11052F6792C000B249;2025-05-13;-8.0;-384.0
DC0589672C8EAE11BE2110650500835A;B0BDDED34CC83E11052F6792C000B249;2025-05-13;-2.0;-207.88
6209B51401FA8E11F243BB650500514B;B0BDDED34CC83E11052F6792C000B249;2025-05-13;-2.0;-51.5
C64097A563DDFE11F1557891FE698489;B0BDDED34CC83E11052F6792C000B249;2025-05-13;-2.0;-517.3
E0BD0E44D0CAED11A62CD892C0003F2A;B0BDDED34CC83E11052F6792C000B249;2025-05-13;-2.0;-151.46
3C850F5EEB6DFE11F1557891FE690489;B0BDDED34CC83E11052F6792C000B249;2025-05-13;-4.0;-719.6
84B20C336BCEAE11BE2110650500D35A;B0BDDED34CC83E11052F6792C000B249;2025-05-13;-6.0;-1188.0
50A39B4ED0CAED11A62CD892C0003F2A;B0BDDED34CC83E11052F6792C000B249;2025-05-13;-4.0;-1947.84
5EFF4BD24579FE11128010650500E819;B0BDDED34CC83E11052F6792C000B249;2025-05-13;-8.0;-291.52
669AC1A77C3FFE11F1557891FE695689;B0BDDED34CC83E11052F6792C000B249;2025-05-13;-2.0;-685.7
B22512F5B596DE11ADB31065050053C8;B0BDDED34CC83E11052F6792C000B249;2025-05-13;-2.0;-233.94
E2EDE89211CAED11A62CD892C0003F2A;B0BDDED34CC83E11052F6792C000B249;2025-05-13;-4.0;-774.44
8D985F380D8FCE11ADB310650500E9B8;B0BDDED34CC83E11052F6792C000B249;2025-05-13;-4.0;-348.92
FE4D0478A66E0E1143F0668E42001D49;B0BDDED34CC83E11052F6792C000B249;2025-05-13;-6.0;-678.0
B0BE32FD2D783E11052F6792C000B249;B0BDDED34CC83E11052F6792C000B249;2025-05-13;-4.0;-1032.24
4B5EFC1702CAED11A62CD892C0003F2A;B0BDDED34CC83E11052F6792C000B249;2025-05-13;-2.0;-544.74
F65071BA258EFE11F1557891FE696589;B0BDDED34CC83E11052F6792C000B249;2025-05-13;-2.0;-478.4
F04D0D04F81CEE1191EE1065050029B9;B0BDDED34CC83E11052F6792C000B249;2025-05-13;-6.0;-912.2
67E8E5A1EDF39E115540106505008D3B;B0BDDED34CC83E11052F6792C000B249;2025-05-13;-4.0;-185.92
9FB7B7D69C415E1142D58A650500BC08;B0BDDED34CC83E11052F6792C000B249;2025-05-13;-2.0;-446.9
5FE69D4AFD43FE1191EE106505002EB9;B0BDDED34CC83E11052F6792C000B249;2025-05-13;-2.0;-231.12
6E4FA836229EBE11877210650500DF59;B0BDDED34CC83E11052F6792C000B249;2025-05-13;-10.0;-278.6
E66C3997B34C2E11052F6792C000CF39;B0BDDED34CC83E11052F6792C000B249;2025-05-13;-2.0;-284.8
17646097B373FE1191EE106505006EB9;B0BDDED34CC83E11052F6792C000B249;2025-05-13;-2.0;-279.18
89732A90025EFE11F1557891FE692589;B0BDDED34CC83E11052F6792C000B249;2025-05-13;-4.0;-219.64
D1DCD3D450917E11B7B78A650500CD08;B0BDDED34CC83E11052F6792C000B249;2025-05-13;-2.0;-708.1
31B747E46E82DE11ADB3106505001EB8;B0BDDED34CC83E11052F6792C000B249;2025-05-13;-2.0;-784.38
7916621B97E88E11F243BB650500BE3B;B0BDDED34CC83E11052F6792C000B249;2025-05-13;-2.0;-107.32
7C990BED90CAED11A62CD892C0003F2A;B0BDDED34CC83E11052F6792C000B249;2025-05-13;-2.0;-506.42
C4580886E34C7E110819BB65050039AA;B0BDDED34CC83E11052F6792C000B249;2025-05-13;-2.0;-344.46
AB7B53B70FDCDE11406610650500C54A;B0BDDED34CC83E11052F6792C000B249;2025-05-13;-2.0;-56.78
1CCBC1A83A2D8E11F243BB650500A44B;B0BDDED34CC83E11052F6792C000B249;2025-05-13;-2.0;-152.22
9E6316FBBD1EFE11F1557891FE69E489;B0BDDED34CC83E11052F6792C000B249;2025-05-13;-2.0;-258.42
34A3B3B0CF00EE11406610650500F94A;B0BDDED34CC83E11052F6792C000B249;2025-05-13;-14.0;-199.22
87EE9EE921CAED11A62CD892C0003F2A;B0BDDED34CC83E11052F6792C000B249;2025-05-13;-2.0;-726.92
C25490FCC75CEE1191EE1065050029B9;B0BDDED34CC83E11052F6792C000B249;2025-05-13;-2.0;-4132.88
28B567AC173EBE118772106505006F59;B0BDDED34CC83E11052F6792C000B249;2025-05-13;-2.0;-391.7
06F014A4852B9E115250106505005C4A;B0BDDED34CC83E11052F6792C000B249;2025-05-13;-2.0;-328.98
C5F10FA30C229E115540106505003B3B;B0BDDED34CC83E11052F6792C000B249;2025-05-13;-2.0;-212.5
E5004D8311CAED11A62CD892C0003F2A;B0BDDED34CC83E11052F6792C000B249;2025-05-13;-4.0;-1592.44
9C9A321C575FFE11F1557891FE697689;B0BDDED34CC83E11052F6792C000B249;2025-05-13;-2.0;-385.0
3E86C123BAF94E1142D58A6505009C08;B0BDDED34CC83E11052F6792C000B249;2025-05-13;-2.0;-239.84
A221B41B8C82DE11ADB3106505001EB8;B0BDDED34CC83E11052F6792C000B249;2025-05-13;-2.0;-808.12
31D259FA51FBEE1191EE1065050029B9;B0BDDED34CC83E11052F6792C000B249;2025-05-13;-2.0;-141.8
2D4B0DAA63D2FE1191EE106505007DB9;B0BDDED34CC83E11052F6792C000B249;2025-05-13;-2.0;-80.24
71B52C68C7FDFE11F1557891FE69B489;B0BDDED34CC83E11052F6792C000B249;2025-05-13;-2.0;-685.72
84EC50CA45848E113835BB6505001DAA;B0BDDED34CC83E11052F6792C000B249;2025-05-13;-2.0;-357.24
F4247666A678EE1191EE1065050078B9;B0BDDED34CC83E11052F6792C000B249;2025-05-13;-2.0;-352.1
BE4D455DE0CAED11A62CD892C0003F2A;B0BDDED34CC83E11052F6792C000B249;2025-05-13;-2.0;-287.06
46D22B59CB0E9E117260106505005B4A;B0BDDED34CC83E11052F6792C000B249;2025-05-13;-2.0;-590.2
02F662639D578E11F243BB650500CC3B;B0BDDED34CC83E11052F6792C000B249;2025-05-13;-2.0;-1217.0
C3DA5640198B7E110819BB65050039AA;B0BDDED34CC83E11052F6792C000B249;2025-05-13;-2.0;-738.96
54ABA6B1D132BE11BE2110650500285A;B0BDDED34CC83E11052F6792C000B249;2025-05-13;-2.0;-656.9
632533D283C5AE11BE2110650500484A;B0BDDED34CC83E11052F6792C000B249;2025-05-13;-2.0;-349.04
63FDBD05B4C7DE11C84610650500107A;B0BDDED34CC83E11052F6792C000B249;2025-05-13;-2.0;-237.6
9EBD5A06D343FE1191EE106505001EB9;B0BDDED34CC83E11052F6792C000B249;2025-05-13;-2.0;-393.14
BA53C5057C0C5E1142D58A6505000D08;B0BDDED34CC83E11052F6792C000B249;2025-05-13;-2.0;-307.24
782B2D2E86938E113835BB6505001CAA;B0BDDED34CC83E11052F6792C000B249;2025-05-13;-4.0;-1373.58
B3074CCD087A9E115250106505007B4A;B0BDDED34CC83E11052F6792C000B249;2025-05-13;-2.0;-421.84
11D799B81071EE11406610650500BB4A;B0BDDED34CC83E11052F6792C000B249;2025-05-13;-2.0;-69.86
DFDE8DB127C0DE11ADB310650500ABB8;B0BDDED34CC83E11052F6792C000B249;2025-05-13;-2.0;-773.16
BE09AA3111CAED11A62CD892C0003F2A;B0BDDED34CC83E11052F6792C000B249;2025-05-13;-4.0;-1718.44
22DDB89479EDFE11F1557891FE69A489;B0BDDED34CC83E11052F6792C000B249;2025-05-13;-4.0;-440.04
D1127B2DE79FFE11F1557891FE69C689;B0BDDED34CC83E11052F6792C000B249;2025-05-13;-4.0;-353.84
A7218C1035B4DE11ADB310650500F0C8;B0BDDED34CC83E11052F6792C000B249;2025-05-13;-2.0;-189.4
417E3F107946DE11ADB310650500F2C8;B0BDDED34CC83E11052F6792C000B249;2025-05-13;-2.0;-84.48
8A85E00FA347DE11C846106505007F6A;B0BDDED34CC83E11052F6792C000B249;2025-05-13;-2.0;-1436.92
81B9374B2361AE117260106505009F4A;B0BDDED34CC83E11052F6792C000B249;2025-05-13;-2.0;-744.44
4757761AFC07FE1191EE1065050013C9;B0BDDED34CC83E11052F6792C000B249;2025-05-13;-2.0;-531.24
B8FEB6B0EAF6DE11C846106505001F6A;44673735EAF46E11B7B78A650500BC08;2025-05-13;-8.0;-1228.1
4471B94AB7385E1142D58A650500DC08;44673735EAF46E11B7B78A650500BC08;2025-05-13;-2.0;-645.4
062352B9AC456E11B7B78A650500BC08;44673735EAF46E11B7B78A650500BC08;2025-05-13;-16.0;-1318.8400000000001
04F7AD160B488E11F243BB650500FD3B;44673735EAF46E11B7B78A650500BC08;2025-05-13;-4.0;-1596.0
EAAECFB311E6EE1191EE1065050096B9;44673735EAF46E11B7B78A650500BC08;2025-05-13;-2.0;-716.0
027067329C456E11B7B78A650500BC08;44673735EAF46E11B7B78A650500BC08;2025-05-13;-2.0;-24.04
93356E2A988AFE11128010650500E819;44673735EAF46E11B7B78A650500BC08;2025-05-13;-2.0;-23.66
9473EB04AA4FFE11F1557891FE696689;44673735EAF46E11B7B78A650500BC08;2025-05-13;-8.0;-421.36
69FBE535BBB9AE11BE21106505006D4A;44673735EAF46E11B7B78A650500BC08;2025-05-13;-4.0;-241.68
AB7BA3AAF655BE11BE21106505002C5A;44673735EAF46E11B7B78A650500BC08;2025-05-13;-2.0;-297.94
1160F5CB3A2E6E11B7B78A6505003D08;44673735EAF46E11B7B78A650500BC08;2025-05-13;-14.0;-1456.0
9FFEDD26973C7E110819BB65050039AA;44673735EAF46E11B7B78A650500BC08;2025-05-13;-2.0;-191.3
A1154C352D456E11B7B78A650500BC08;44673735EAF46E11B7B78A650500BC08;2025-05-13;-2.0;-304.8
4F2D7A77278FAE11BE2110650500C45A;44673735EAF46E11B7B78A650500BC08;2025-05-13;-4.0;-2047.6
ABB4AC482D456E11B7B78A650500BC08;44673735EAF46E11B7B78A650500BC08;2025-05-13;-2.0;-482.8
CD94F3FA10556E11B7B78A650500BC08;44673735EAF46E11B7B78A650500BC08;2025-05-13;-2.0;-418.12
1281F66B1D456E11B7B78A650500BC08;44673735EAF46E11B7B78A650500BC08;2025-05-13;-2.0;-2460.0
CA51A48BB4B31E1143F0668E42008C3B;44673735EAF46E11B7B78A650500BC08;2025-05-13;-2.0;-1683.4
76AD25AB066E9E11726010650500CB4A;44673735EAF46E11B7B78A650500BC08;2025-05-13;-2.0;-21.34
EE4E0C07AAB27E11B7B78A650500DD08;44673735EAF46E11B7B78A650500BC08;2025-05-13;-16.0;-2494.34
9669C44B146B3E11052F6792C000D249;44673735EAF46E11B7B78A650500BC08;2025-05-13;-10.0;-599.7
107A56559C456E11B7B78A650500BC08;44673735EAF46E11B7B78A650500BC08;2025-05-13;-2.0;-290.92
9AD4F380C0D2FE1191EE106505007DB9;44673735EAF46E11B7B78A650500BC08;2025-05-13;-2.0;-273.94
8A6562D6E770BE11BE2110650500F55A;44673735EAF46E11B7B78A650500BC08;2025-05-13;-6.0;-843.0
2C0697F9F6976E11B7B78A650500BC08;44673735EAF46E11B7B78A650500BC08;2025-05-13;-4.0;-1257.4
A0921FEC94E10F114EF7A826072BE989;44673735EAF46E11B7B78A650500BC08;2025-05-13;-2.0;-1389.6
2D4DE77554DCAE11BE2110650500515A;44673735EAF46E11B7B78A650500BC08;2025-05-13;-10.0;-700.0
F744B8D0CF18FE11128010650500D819;44673735EAF46E11B7B78A650500BC08;2025-05-13;-4.0;-1820.0
3E2F47E1F6E10F114EF7A826072BE989;44673735EAF46E11B7B78A650500BC08;2025-05-13;-2.0;-198.0
50AA28A04E456E11B7B78A650500BC08;44673735EAF46E11B7B78A650500BC08;2025-05-13;-10.0;-3720.0
8E94F3FA10556E11B7B78A650500BC08;44673735EAF46E11B7B78A650500BC08;2025-05-13;-2.0;-324.72
1117998E1BC59E11554010650500FF3B;44673735EAF46E11B7B78A650500BC08;2025-05-13;-47.0;-647.9
FEB6649C3C70DE11ADB3106505004BB8;44673735EAF46E11B7B78A650500BC08;2025-05-13;-4.0;-1073.36
DF9760CE1A7D2E11052F6792C000CF39;44673735EAF46E11B7B78A650500BC08;2025-05-13;-2.0;-116.2
CEE4D31BF6C1EE114066106505003C4A;44673735EAF46E11B7B78A650500BC08;2025-05-13;-2.0;-166.6
AC076A426D7DBE118772106505007E59;44673735EAF46E11B7B78A650500BC08;2025-05-13;-2.0;-172.0
69EC4AF6BA05CE11ADB3106505000DA8;44673735EAF46E11B7B78A650500BC08;2025-05-13;-4.0;-868.0
2A4D3277238FCE11ADB310650500D9B8;44673735EAF46E11B7B78A650500BC08;2025-05-13;-2.0;-1111.7
800A07A13D456E11B7B78A650500BC08;44673735EAF46E11B7B78A650500BC08;2025-05-13;-2.0;-140.64
D0971ECABDB9FE11128010650500E819;44673735EAF46E11B7B78A650500BC08;2025-05-13;-4.0;-676.0
02AACC72E1537E11B7B78A650500DD08;44673735EAF46E11B7B78A650500BC08;2025-05-13;-2.0;-49.82
839F91F0F08ADE11406610650500924A;44673735EAF46E11B7B78A650500BC08;2025-05-13;-6.0;-570.74
1ADF92728C456E11B7B78A650500BC08;44673735EAF46E11B7B78A650500BC08;2025-05-13;-24.0;-216.52
518E5826E528CE11ADB310650500EFA8;44673735EAF46E11B7B78A650500BC08;2025-05-13;-14.0;-756.5600000000001
5624D5E2AEEBCE11ADB310650500E4B8;44673735EAF46E11B7B78A650500BC08;2025-05-13;-2.0;-425.72
7A18EBE9D11BEE1191EE1065050029B9;44673735EAF46E11B7B78A650500BC08;2025-05-13;-4.0;-946.0
D994717AABE4DE11ADB31065050031C8;44673735EAF46E11B7B78A650500BC08;2025-05-13;-2.0;-659.78
D25559B666767E11B7B78A650500ED08;44673735EAF46E11B7B78A650500BC08;2025-05-13;-2.0;-198.92
DB5386B149278E11F243BB6505008C3B;44673735EAF46E11B7B78A650500BC08;2025-05-13;-4.0;-1860.0
677C451FC688CE11ADB31065050070B8;44673735EAF46E11B7B78A650500BC08;2025-05-13;-2.0;-64.78
1BEB92E0D2A7FE1191EE10650500D3C9;44673735EAF46E11B7B78A650500BC08;2025-05-13;-2.0;-585.06
25360C1333D0DE11ADB310650500BBB8;44673735EAF46E11B7B78A650500BC08;2025-05-13;-2.0;-186.76
0FEF367EEB0AFE11128010650500E819;44673735EAF46E11B7B78A650500BC08;2025-05-13;-2.0;-66.6
600D3C198EF39E115540106505008D3B;44673735EAF46E11B7B78A650500BC08;2025-05-13;-2.0;-224.56
13B077DC44E6EE1191EE1065050096B9;44673735EAF46E11B7B78A650500BC08;2025-05-13;-4.0;-172.0
8B6EEAA9582FCE11ADB31065050049B8;44673735EAF46E11B7B78A650500BC08;2025-05-13;-2.0;-1284.66
068FF7376FD8CE11ADB310650500E0B8;44673735EAF46E11B7B78A650500BC08;2025-05-13;-2.0;-266.26
3CDEBE2515B4DE11ADB310650500F0C8;44673735EAF46E11B7B78A650500BC08;2025-05-13;-2.0;-134.4
D718BFA84333AE11726010650500E15A;44673735EAF46E11B7B78A650500BC08;2025-05-13;-2.0;-18.14
F2EC19A83915CE11ADB3106505000DA8;44673735EAF46E11B7B78A650500BC08;2025-05-13;-4.0;-2909.2000000000003
80948DB2E0DCDE11406610650500B54A;44673735EAF46E11B7B78A650500BC08;2025-05-13;-10.0;-1407.1799999999998
298F2344C11A8E11F243BB650500304B;44673735EAF46E11B7B78A650500BC08;2025-05-13;-6.0;-441.54
811395195923FE1191EE10650500FDB9;44673735EAF46E11B7B78A650500BC08;2025-05-13;-6.0;-428.34
29BC745D6309AE11BE21106505007C4A;44673735EAF46E11B7B78A650500BC08;2025-05-13;-4.0;-312.4
B096DD9944425E1142D58A650500DC08;44673735EAF46E11B7B78A650500BC08;2025-05-13;-6.0;-619.34
67328AB28754EE11B1AD10650500C7EA;44673735EAF46E11B7B78A650500BC08;2025-05-13;-4.0;-95.04
9F85994CB11A8E11F243BB650500304B;44673735EAF46E11B7B78A650500BC08;2025-05-13;-2.0;-349.68
7C361686AC456E11B7B78A650500BC08;44673735EAF46E11B7B78A650500BC08;2025-05-13;-2.0;-56.22
961B4958E770BE11BE2110650500F55A;44673735EAF46E11B7B78A650500BC08;2025-05-13;-2.0;-21.94
9D3C32D38C82DE11ADB3106505001EB8;44673735EAF46E11B7B78A650500BC08;2025-05-13;-2.0;-50.0
4199B0CC30F5CE11ADB3106505006DA8;44673735EAF46E11B7B78A650500BC08;2025-05-13;-4.0;-636.1800000000001
AAF328E741248E113835BB6505009CAA;44673735EAF46E11B7B78A650500BC08;2025-05-13;-2.0;-67.84
EAB144EDB11A8E11F243BB650500304B;44673735EAF46E11B7B78A650500BC08;2025-05-13;-2.0;-120.0
F76CF331BDE7EE1191EE10650500B7B9;44673735EAF46E11B7B78A650500BC08;2025-05-13;-2.0;-40.56
FF9889072C8EAE11BE2110650500835A;44673735EAF46E11B7B78A650500BC08;2025-05-13;-2.0;-73.6
1D8A4C5799815E1142D58A650500BC08;44673735EAF46E11B7B78A650500BC08;2025-05-13;-12.0;-832.96
56E9A93546A27E11B7B78A650500DD08;44673735EAF46E11B7B78A650500BC08;2025-05-13;-4.0;-158.0
E5AB242D45CF8E11F243BB650500084B;44673735EAF46E11B7B78A650500BC08;2025-05-13;-4.0;-55.92
6E9B060C066E9E11726010650500CB4A;44673735EAF46E11B7B78A650500BC08;2025-05-13;-6.0;-168.5
00596AE13E456E11B7B78A650500BC08;44673735EAF46E11B7B78A650500BC08;2025-05-13;-2.0;-6800.0
A50C46942E456E11B7B78A650500BC08;44673735EAF46E11B7B78A650500BC08;2025-05-13;-2.0;-889.2
21B5342C2CBE9E117260106505003C4A;44673735EAF46E11B7B78A650500BC08;2025-05-13;-2.0;-473.3
09C86EF2EF456E11B7B78A650500BC08;44673735EAF46E11B7B78A650500BC08;2025-05-13;-2.0;-263.18
95902C50ED456E11B7B78A650500BC08;44673735EAF46E11B7B78A650500BC08;2025-05-13;-4.0;-1429.4
431D676636EEAE11BE2110650500F35A;44673735EAF46E11B7B78A650500BC08;2025-05-13;-6.0;-679.84
54C19A2E72C97E110819BB65050019AA;44673735EAF46E11B7B78A650500BC08;2025-05-13;0.0;0.0
1CCB17FFD6568E11F243BB6505007B3B;44673735EAF46E11B7B78A650500BC08;2025-05-13;-2.0;-102.7
034D7062196BEE1191EE1065050029B9;44673735EAF46E11B7B78A650500BC08;2025-05-13;-6.0;-213.3
4331172115B4DE11ADB310650500F0C8;44673735EAF46E11B7B78A650500BC08;2025-05-13;-4.0;-268.8
5FC926EADE456E11B7B78A650500BC08;44673735EAF46E11B7B78A650500BC08;2025-05-13;-4.0;-716.16
4B3E753DC9FB3E11052F6792C000D249;44673735EAF46E11B7B78A650500BC08;2025-05-13;-2.0;-420.4
DF6785D8D0CAED11A62CD892C0003F2A;44673735EAF46E11B7B78A650500BC08;2025-05-13;-2.0;-442.32
862352B9AC456E11B7B78A650500BC08;44673735EAF46E11B7B78A650500BC08;2025-05-13;-4.0;-1026.28
130630EFAD53AE11726010650500125A;44673735EAF46E11B7B78A650500BC08;2025-05-13;-4.0;-52.16
6A16E1512D456E11B7B78A650500BC08;44673735EAF46E11B7B78A650500BC08;2025-05-13;-42.0;-13692.0
D907F943AEEBCE11ADB310650500E4B8;44673735EAF46E11B7B78A650500BC08;2025-05-13;-2.0;-2302.56
76D9847273D0DE11ADB310650500BBB8;44673735EAF46E11B7B78A650500BC08;2025-05-13;-8.0;-128.24
98C33C9DD6568E11F243BB6505007B3B;44673735EAF46E11B7B78A650500BC08;2025-05-13;-2.0;-145.7
4928B01D0C5CCE11ADB31065050095B8;44673735EAF46E11B7B78A650500BC08;2025-05-13;-2.0;-615.38
F2008C972D9EFE11F1557891FE698589;44673735EAF46E11B7B78A650500BC08;2025-05-13;-4.0;-377.6
A77E3D205524FE1191EE106505004FB9;44673735EAF46E11B7B78A650500BC08;2025-05-13;-2.0;-2938.66
05A46C85C8DA7E110819BB65050039AA;44673735EAF46E11B7B78A650500BC08;2025-05-13;-2.0;-410.08
A73BC189A8ED9E117260106505001B4A;44673735EAF46E11B7B78A650500BC08;2025-05-13;-2.0;-650.0
00BE76E2DC456E11B7B78A650500BC08;44673735EAF46E11B7B78A650500BC08;2025-05-13;-2.0;-294.2
F004127797B0FE1191EE10650500CAB9;44673735EAF46E11B7B78A650500BC08;2025-05-13;-2.0;-109.44
05E93682AE456E11B7B78A650500BC08;44673735EAF46E11B7B78A650500BC08;2025-05-13;-6.0;-90.06
670434AC41248E113835BB6505009CAA;44673735EAF46E11B7B78A650500BC08;2025-05-13;-6.0;-201.06
6D2B063E9F4BEE1191EE1065050029B9;44673735EAF46E11B7B78A650500BC08;2025-05-13;-2.0;-78.64
A4BF84EBBD1EFE11F1557891FE69E489;44673735EAF46E11B7B78A650500BC08;2025-05-13;-4.0;-173.52
3DDA48D9AF456E11B7B78A650500BC08;44673735EAF46E11B7B78A650500BC08;2025-05-13;-2.0;-1105.44
4EA4FD210638AE11BE21106505007B4A;44673735EAF46E11B7B78A650500BC08;2025-05-13;-2.0;-803.3
0D8D9C67AAB27E11B7B78A650500DD08;44673735EAF46E11B7B78A650500BC08;2025-05-13;-2.0;-491.76
3E027CBCCD53BE11BE2110650500A95A;44673735EAF46E11B7B78A650500BC08;2025-05-13;-2.0;-536.08
2FCBC46F2C456E11B7B78A650500BC08;44673735EAF46E11B7B78A650500BC08;2025-05-13;-2.0;-553.44
451993A09C79DE11406610650500414A;44673735EAF46E11B7B78A650500BC08;2025-05-13;-2.0;-141.1
99C8BA1F2BB2CE118772106505002569;44673735EAF46E11B7B78A650500BC08;2025-05-13;-2.0;-1169.1
EC899ABF43047E11B7B78A650500DD08;44673735EAF46E11B7B78A650500BC08;2025-05-13;-2.0;-740.0
1CD555249C456E11B7B78A650500BC08;44673735EAF46E11B7B78A650500BC08;2025-05-13;-50.0;-898.0
A39D371F46CCDE11406610650500A54A;44673735EAF46E11B7B78A650500BC08;2025-05-13;-2.0;-130.36
AEDC4EE7A0CAED11A62CD892C0003F2A;44673735EAF46E11B7B78A650500BC08;2025-05-13;-2.0;-194.44
B358344EB11A8E11F243BB650500304B;44673735EAF46E11B7B78A650500BC08;2025-05-13;-2.0;-69.42
C74AA40AAC5B6E11B7B78A650500BC08;44673735EAF46E11B7B78A650500BC08;2025-05-13;-2.0;-118.12
7395F55B3BD6AE11BE2110650500B94A;44673735EAF46E11B7B78A650500BC08;2025-05-13;-4.0;-705.24
2BA46015AEC79E11554010650500824B;44673735EAF46E11B7B78A650500BC08;2025-05-13;-2.0;-15962.64
1855E14B84309E11F243BB650500984B;44673735EAF46E11B7B78A650500BC08;2025-05-13;-2.0;-89.42
22C807838AE66E11B7B78A650500BC08;44673735EAF46E11B7B78A650500BC08;2025-05-13;-2.0;-1270.68
B47B282963039E115540106505004C3B;44673735EAF46E11B7B78A650500BC08;2025-05-13;-2.0;-347.54
1630EF96DB63CE118772106505000669;B0BDDED34CC83E11052F6792C000B249;2025-05-13;-2.0;-118.74
2EFA401CB577CE11ADB3106505000FA8;44673735EAF46E11B7B78A650500BC08;2025-05-13;2.0;3980.0
37E57A8D69B18E11A442BB65050079AA;44673735EAF46E11B7B78A650500BC08;2025-05-13;2.0;641.98
0931E0130BF3DE11ADB310650500EFB8;FC081C55582CED11A62CD892C0003F2A;2025-05-13;0.0;0.0
7A1B1176518EEE1191EE1065050029B9;FC081C55582CED11A62CD892C0003F2A;2025-05-13;0.0;0.0
2A890377B1C10F114EF7A826072BB989;FC081C55582CED11A62CD892C0003F2A;2025-05-13;0.0;0.0
0D35F61FA0CAED11A62CD892C0003F2A;FC081C55582CED11A62CD892C0003F2A;2025-05-13;-2.0;-307.36
8A95135EF513CE118772106505009569;FC081C55582CED11A62CD892C0003F2A;2025-05-13;0.0;0.0
887440EADDDFEE1191EE10650500B9B9;FC081C55582CED11A62CD892C0003F2A;2025-05-13;0.0;0.0
B0CDB0AF7068FE11128010650500D819;FC081C55582CED11A62CD892C0003F2A;2025-05-13;0.0;0.0
F35F3C9A8E64EE11B1AD10650500E7EA;FC081C55582CED11A62CD892C0003F2A;2025-05-13;0.0;0.0
3AB6D2492EDFFD11A4A96492C0001019;FC081C55582CED11A62CD892C0003F2A;2025-05-13;0.0;0.0
924DD7484F16BE118772106505001559;FC081C55582CED11A62CD892C0003F2A;2025-05-13;0.0;0.0
49ADAE3F108EFE11F1557891FE696589;FC081C55582CED11A62CD892C0003F2A;2025-05-13;0.0;0.0
F22DF5F8CC8EFE11F1557891FE697589;FC081C55582CED11A62CD892C0003F2A;2025-05-13;0.0;0.0
54A95A82885EDE11406610650500C74A;FC081C55582CED11A62CD892C0003F2A;2025-05-13;0.0;0.0
985B9B4990CAED11A62CD892C0003F2A;44673735EAF46E11B7B78A650500BC08;2025-05-13;-10.0;-2377.04
F51EA83B917ABE118772106505009A59;44673735EAF46E11B7B78A650500BC08;2025-05-13;2.0;786.42
F1A6C477CBE2FE1191EE10650500ADB9;B0BDDED34CC83E11052F6792C000B249;2025-05-13;0.0;0.0
F2AD502BDC065E1142D58A650500DC08;B0BDDED34CC83E11052F6792C000B249;2025-05-13;-352.0;-1056.0
FD744D7F12EC6E11B7B78A650500BC08;B0BDDED34CC83E11052F6792C000B249;2025-05-13;-2.0;-85.98
54A95A82885EDE11406610650500C74A;B0BDDED34CC83E11052F6792C000B249;2025-05-13;0.0;0.0
4CE116DBFA719E11F243BB6505003A4B;B0BDDED34CC83E11052F6792C000B249;2025-05-13;0.0;0.0
C262E539F1047E11B7B78A650500DD08;B0BDDED34CC83E11052F6792C000B249;2025-05-13;0.0;0.0
4FC3E055946D7E110819BB65050039AA;B0BDDED34CC83E11052F6792C000B249;2025-05-13;0.0;0.0
8013D1728A278E11F243BB6505008C3B;B0BDDED34CC83E11052F6792C000B249;2025-05-13;-2.0;-122.82
A896BD6D6431FE1191EE106505006BB9;B0BDDED34CC83E11052F6792C000B249;2025-05-13;0.0;0.0
5A47DAA2C379BE118772106505005959;B0BDDED34CC83E11052F6792C000B249;2025-05-13;-2.0;-263.8
8033F6C2D74CDE11406610650500054A;B0BDDED34CC83E11052F6792C000B249;2025-05-13;0.0;0.0
869CDB058836CE11ADB3106505008DA8;B0BDDED34CC83E11052F6792C000B249;2025-05-13;0.0;0.0
59BE3355EA93FE1191EE106505009EB9;B0BDDED34CC83E11052F6792C000B249;2025-05-13;0.0;0.0
E554D59AEAB4EE11B1AD1065050048EA;B0BDDED34CC83E11052F6792C000B249;2025-05-13;0.0;0.0
529D25593972FE1191EE106505000DB9;B0BDDED34CC83E11052F6792C000B249;2025-05-13;0.0;0.0
A0C7CB6C58F1EE114066106505007C4A;B0BDDED34CC83E11052F6792C000B249;2025-05-13;0.0;0.0
FB38BE140253FE1191EE106505002EB9;B0BDDED34CC83E11052F6792C000B249;2025-05-13;-2.0;-214.36
D824051B94AE0E1143F0668E42001D49;B0BDDED34CC83E11052F6792C000B249;2025-05-13;40.0;1012.0
977AB80A99E2FE1191EE10650500ADB9;B0BDDED34CC83E11052F6792C000B249;2025-05-13;0.0;0.0
91D65036DE75FD110DC22A92C000D158;B0BDDED34CC83E11052F6792C000B249;2025-05-13;0.0;0.0
E4080E5B560EBE118772106505002F59;FC081C55582CED11A62CD892C0003F2A;2025-05-13;0.0;0.0
6150279ACBA4EE11B1AD1065050038EA;FC081C55582CED11A62CD892C0003F2A;2025-05-13;0.0;0.0
EB4DEDCD2E6DFE11F1557891FE690489;FC081C55582CED11A62CD892C0003F2A;2025-05-13;0.0;0.0
8A059C8B3F5A4E1142D58A6505009C08;FC081C55582CED11A62CD892C0003F2A;2025-05-13;-42.0;-2744.78
E7A1BCADE6549E11554010650500FD3B;FC081C55582CED11A62CD892C0003F2A;2025-05-13;4.0;1341.4
4C921D64A537BE118772106505007659;FC081C55582CED11A62CD892C0003F2A;2025-05-13;4.0;1039.6
3D34850F2E405E1142D58A650500BC08;FC081C55582CED11A62CD892C0003F2A;2025-05-13;4.0;479.68
EF78AC04A537BE118772106505007659;FC081C55582CED11A62CD892C0003F2A;2025-05-13;4.0;759.64
BA9A0BEBAB46DE11ADB310650500F2C8;44673735EAF46E11B7B78A650500BC08;2025-05-13;0.0;0.0
1100819A08FCFD11A4A96492C000CB59;44673735EAF46E11B7B78A650500BC08;2025-05-13;0.0;0.0
4F1A48881CF22E1143F0668E4200C71A;44673735EAF46E11B7B78A650500BC08;2025-05-13;0.0;0.0
417E3F107946DE11ADB310650500F2C8;44673735EAF46E11B7B78A650500BC08;2025-05-13;-40.0;-1689.48
0FCCB53D028ADE11406610650500924A;44673735EAF46E11B7B78A650500BC08;2025-05-13;0.0;0.0
63536E61BD010F11112A674AC7E2C889;FC081C55582CED11A62CD892C0003F2A;2025-05-13;2.0;1349.76
C1C46E61BD010F11112A674AC7E2C889;FC081C55582CED11A62CD892C0003F2A;2025-05-13;4.0;2699.54
DEF46E61BD010F11112A674AC7E2C889;FC081C55582CED11A62CD892C0003F2A;2025-05-13;12.0;8098.6
221EAC91BD010F11112A674AC7E2C889;FC081C55582CED11A62CD892C0003F2A;2025-05-13;4.0;1619.72
C86A5EC1BD010F11112A674AC7E2C889;FC081C55582CED11A62CD892C0003F2A;2025-05-13;4.0;838.78
5E8C5EC1BD010F11112A674AC7E2C889;FC081C55582CED11A62CD892C0003F2A;2025-05-13;16.0;7635.84
89C59512BD010F11112A674AC7E2C889;FC081C55582CED11A62CD892C0003F2A;2025-05-13;8.0;5669.02
4BF72E5DC335DE11ADB31065050091C8;44673735EAF46E11B7B78A650500BC08;2025-05-13;22.0;1321.3200000000002
C15FC812365FFE11F1557891FE697689;44673735EAF46E11B7B78A650500BC08;2025-05-13;20.0;1418.8000000000002
7746993DBC6DEE1191EE1065050029B9;FC081C55582CED11A62CD892C0003F2A;2025-05-13;0.0;0.0
6CD241B30684DE11ADB310650500B0C8;B0BDDED34CC83E11052F6792C000B249;2025-05-13;6.0;879.6
1D5FC3CA46A27E11B7B78A650500DD08;44673735EAF46E11B7B78A650500BC08;2025-05-13;-8.0;-893.6
1619B0C41047FE1191EE1065050053C9;FC081C55582CED11A62CD892C0003F2A;2025-05-13;8.0;5791.64
B2B89FC6786BAE11BE21106505008F4A;FC081C55582CED11A62CD892C0003F2A;2025-05-13;8.0;2144.0
2570D5B00D11BE11BE2110650500C65A;FC081C55582CED11A62CD892C0003F2A;2025-05-13;12.0;913.32
167E6E57CB70DE11ADB3106505004BB8;44673735EAF46E11B7B78A650500BC08;2025-05-13;-40.0;-3200.32
DDECEA8F58A1CE11877210650500C369;FC081C55582CED11A62CD892C0003F2A;2025-05-13;14.0;465.36
DF81A93BC7E10F114EF7A826072BE989;44673735EAF46E11B7B78A650500BC08;2025-05-13;48.0;4785.12
0F855857351CDE11406610650500C44A;FC081C55582CED11A62CD892C0003F2A;2025-05-13;20.0;927.6
7DD731B28CA4DE11ADB310650500E0C8;B0BDDED34CC83E11052F6792C000B249;2025-05-13;10.0;754.7
F79001F4C295FE1191EE1065050021C9;B0BDDED34CC83E11052F6792C000B249;2025-05-13;4.0;2080.0
09E8FDA9268EFE11F1557891FE696589;B0BDDED34CC83E11052F6792C000B249;2025-05-13;10.0;880.0
C2CD524C92E0DE11ADB310650500DBB8;44673735EAF46E11B7B78A650500BC08;2025-05-13;-6.0;-2023.38
757F32B541341E1143F0668E42008C3B;B0BDDED34CC83E11052F6792C000B249;2025-05-13;10.0;464.4
290884AC1A5FFE11F1557891FE697689;B0BDDED34CC83E11052F6792C000B249;2025-05-13;10.0;529.7
193C46BC1A5FFE11F1557891FE697689;B0BDDED34CC83E11052F6792C000B249;2025-05-13;10.0;369.2
FE027C3FC62EEE1191EE1065050029B9;B0BDDED34CC83E11052F6792C000B249;2025-05-13;20.0;1139.6
A86D1892866ABE118772106505008A59;44673735EAF46E11B7B78A650500BC08;2025-05-13;20.0;6100.0
E76EC99C2D456E11B7B78A650500BC08;44673735EAF46E11B7B78A650500BC08;2025-05-13;70.0;6778.1
CEE17B471392BE11BE2110650500A85A;44673735EAF46E11B7B78A650500BC08;2025-05-13;38.0;4317.46
B6E72AD22392BE11BE2110650500A85A;44673735EAF46E11B7B78A650500BC08;2025-05-13;54.0;3782.6000000000004
97461FAF7CF39E115540106505008D3B;B0BDDED34CC83E11052F6792C000B249;2025-05-13;36.0;6534.36
CA365B874A517E11B7B78A650500CD08;44673735EAF46E11B7B78A650500BC08;2025-05-13;36.0;2186.28
4331172115B4DE11ADB310650500F0C8;FC081C55582CED11A62CD892C0003F2A;2025-05-13;44.0;2956.7999999999997
5EA8094F4FFD9E117260106505004B4A;B0BDDED34CC83E11052F6792C000B249;2025-05-13;8.0;1132.64
0CFBAF3BF9569E11554010650500A04B;FC081C55582CED11A62CD892C0003F2A;2025-05-13;72.0;1247.04
9A3436C05980FE1191EE106505008AB9;44673735EAF46E11B7B78A650500BC08;2025-05-13;20.0;3086.0
4E848AF1BD010F11112A674AC7E2C889;B0BDDED34CC83E11052F6792C000B249;2025-05-13;4.0;2082.5
198D013A91410F11112A674AC7E20989;44673735EAF46E11B7B78A650500BC08;2025-05-13;-4.0;-2020.0
546D319B91410F11112A674AC7E20989;44673735EAF46E11B7B78A650500BC08;2025-05-13;-4.0;-1808.0
2EA318B4ACE7CE11ADB3106505009FA8;B0BDDED34CC83E11052F6792C000B249;2025-05-13;6.0;102.24
2A65B6A3C5B0AE11726010650500BE4A;B0BDDED34CC83E11052F6792C000B249;2025-05-13;10.0;2745.98
9E83CD442C7B7E110819BB65050039AA;FC081C55582CED11A62CD892C0003F2A;2025-05-13;10.0;1019.06
047FA5C53E6DFE11F1557891FE690489;FC081C55582CED11A62CD892C0003F2A;2025-05-13;0.0;0.0
396A5A5CED7FFE11F1557891FE69A689;FC081C55582CED11A62CD892C0003F2A;2025-05-13;0.0;0.0
82DD3224FA0D7E110819BB65050039AA;FC081C55582CED11A62CD892C0003F2A;2025-05-13;0.0;0.0
B3A3D47834C2FE1191EE106505006DB9;FC081C55582CED11A62CD892C0003F2A;2025-05-13;0.0;0.0
AF14CB9BE7CBCE11ADB310650500B4B8;FC081C55582CED11A62CD892C0003F2A;2025-05-13;8.0;2202.38
B497BF6A01CAED11A62CD892C0003F2A;FC081C55582CED11A62CD892C0003F2A;2025-05-13;12.0;3752.52
1989664F4EF9FE11128010650500E819;FC081C55582CED11A62CD892C0003F2A;2025-05-13;12.0;5634.6
FDD9D4E5F8D91E1143F0668E42009D5A;FC081C55582CED11A62CD892C0003F2A;2025-05-13;8.0;3650.8
9F09AA3111CAED11A62CD892C0003F2A;FC081C55582CED11A62CD892C0003F2A;2025-05-13;12.0;5476.2
18426F158AB08E110819BB65050039AA;FC081C55582CED11A62CD892C0003F2A;2025-05-13;92.0;30084.0
F9F449F499775E1142D58A650500DC08;FC081C55582CED11A62CD892C0003F2A;2025-05-13;20.0;1402.58
973A29A13392BE11BE2110650500A85A;FC081C55582CED11A62CD892C0003F2A;2025-05-13;20.0;643.38
486EDC4E3C456E11B7B78A650500BC08;44673735EAF46E11B7B78A650500BC08;2025-05-13;-12.0;-938.4
E33974637EE2BE11BE2110650500195A;FC081C55582CED11A62CD892C0003F2A;2025-05-13;4.0;308.34
BF821838E0949E115540106505004E3B;FC081C55582CED11A62CD892C0003F2A;2025-05-13;8.0;1076.72
CC5FCB93E5E89E11525010650500694A;FC081C55582CED11A62CD892C0003F2A;2025-05-13;4.0;1180.46
94D116CE58A1CE11877210650500C369;FC081C55582CED11A62CD892C0003F2A;2025-05-13;20.0;664.8
DED0CDE274999E115250106505005A4A;44673735EAF46E11B7B78A650500BC08;2025-05-13;18.0;2255.4
6FFAFF2B31CAED11A62CD892C0003F2A;FC081C55582CED11A62CD892C0003F2A;2025-05-13;12.0;3163.06
4331DC18704C2E11052F6792C000CF39;FC081C55582CED11A62CD892C0003F2A;2025-05-13;8.0;1385.92
AA26D02FF0410F11112A674AC7E20989;FC081C55582CED11A62CD892C0003F2A;2025-05-13;8.0;1676.78
C6C9F9D06DCDDE11406610650500F64A;FC081C55582CED11A62CD892C0003F2A;2025-05-13;4.0;1294.3
9612A0F13364EE11B1AD10650500D7EA;FC081C55582CED11A62CD892C0003F2A;2025-05-13;4.0;132.0
9B5072B6B82FCE11ADB31065050049B8;B0BDDED34CC83E11052F6792C000B249;2025-05-13;6.0;342.34
AF2D525A3623DE11ADB310650500DEB8;B0BDDED34CC83E11052F6792C000B249;2025-05-13;6.0;1396.98
0CD13E247AB4EE11B1AD1065050048EA;B0BDDED34CC83E11052F6792C000B249;2025-05-13;18.0;530.92
C081044C0D4FBE11877210650500C069;B0BDDED34CC83E11052F6792C000B249;2025-05-13;8.0;761.46
B6B9A86DE978BE118772106505001859;FC081C55582CED11A62CD892C0003F2A;2025-05-13;4.0;1759.86
8043E38B6E80FE1191EE106505009AB9;FC081C55582CED11A62CD892C0003F2A;2025-05-13;2.0;2142.06
A363E38B6E80FE1191EE106505009AB9;FC081C55582CED11A62CD892C0003F2A;2025-05-13;2.0;699.32
F626B856508C7E110819BB65050039AA;FC081C55582CED11A62CD892C0003F2A;2025-05-13;4.0;1360.86
5136B4D8AED8BE118772106505009859;B0BDDED34CC83E11052F6792C000B249;2025-05-13;10.0;7409.98
F1A7B7682E74FE1191EE10650500CFB9;FC081C55582CED11A62CD892C0003F2A;2025-05-13;-2.0;-59.74
BBD00D3006A8EE1191EE10650500B8B9;FC081C55582CED11A62CD892C0003F2A;2025-05-13;-4.0;-446.8
93E7B7682E74FE1191EE10650500CFB9;FC081C55582CED11A62CD892C0003F2A;2025-05-13;-2.0;-59.74
76563E8623496E11B7B78A650500BC08;FC081C55582CED11A62CD892C0003F2A;2025-05-13;-4.0;-302.78
2474FBEA4FE3DE11ADB310650500DFB8;FC081C55582CED11A62CD892C0003F2A;2025-05-13;-8.0;-38.42
E637A3AF1978FE11128010650500D819;FC081C55582CED11A62CD892C0003F2A;2025-05-13;-2.0;-22.34
E33AB5AC0DA3DE11ADB3106505008FB8;FC081C55582CED11A62CD892C0003F2A;2025-05-13;-2.0;-94.38
0790516A93C1CE11877210650500E369;FC081C55582CED11A62CD892C0003F2A;2025-05-13;-4.0;-165.96
5741096E1978FE11128010650500D819;FC081C55582CED11A62CD892C0003F2A;2025-05-13;-2.0;-561.52
F053973F1978FE11128010650500D819;FC081C55582CED11A62CD892C0003F2A;2025-05-13;-4.0;-51.76
46AA201D86C8BE118772106505007859;FC081C55582CED11A62CD892C0003F2A;2025-05-13;-2.0;-241.68
2CD1EBF771500F11F1557891FE69B789;FC081C55582CED11A62CD892C0003F2A;2025-05-13;-2.0;-50.0
DD342AA207AEEE1191EE1065050029B9;FC081C55582CED11A62CD892C0003F2A;2025-05-13;-2.0;-667.0
92A0CF3DD9FC9E11726010650500E94A;FC081C55582CED11A62CD892C0003F2A;2025-05-13;-4.0;-164.32
2FE7C82ECEB3EE11B1AD1065050007EA;FC081C55582CED11A62CD892C0003F2A;2025-05-13;-2.0;-241.88
0586534741B0EE11406610650500CA4A;FC081C55582CED11A62CD892C0003F2A;2025-05-13;-2.0;-38.48
8E4181F2C4FD5E1142D58A6505002D08;FC081C55582CED11A62CD892C0003F2A;2025-05-13;-2.0;-542.2
464C129EF77EFE11F1557891FE695589;FC081C55582CED11A62CD892C0003F2A;2025-05-13;-4.0;-164.44
28A3CCA43101AE117260106505001F4A;FC081C55582CED11A62CD892C0003F2A;2025-05-13;-4.0;-627.76
C72E731DD023CE11877210650500A569;FC081C55582CED11A62CD892C0003F2A;2025-05-13;-18.0;-601.38
9DEDE941BE31FE1191EE106505007BB9;FC081C55582CED11A62CD892C0003F2A;2025-05-13;-2.0;-189.86
717D3A8D70C5EE1191EE1065050045B9;FC081C55582CED11A62CD892C0003F2A;2025-05-13;-10.0;-353.72
FB0F744FAC58FE11128010650500D819;FC081C55582CED11A62CD892C0003F2A;2025-05-13;-2.0;-131.8
9106BC5C9BB4EE11B1AD1065050048EA;FC081C55582CED11A62CD892C0003F2A;2025-05-13;-2.0;-2000.76
43DA4B12448FCE11ADB310650500D9B8;FC081C55582CED11A62CD892C0003F2A;2025-05-13;-2.0;-189.72
6D12452A3E263E11052F6792C000FF39;FC081C55582CED11A62CD892C0003F2A;2025-05-13;-2.0;-179.78
2EAF5F01D0637E11B7B78A650500DD08;FC081C55582CED11A62CD892C0003F2A;2025-05-13;-6.0;-345.3
89A931D6104FFE11F1557891FE695689;FC081C55582CED11A62CD892C0003F2A;2025-05-13;-2.0;-73.06
CC2278C37152EE11406610650500EC4A;FC081C55582CED11A62CD892C0003F2A;2025-05-13;-2.0;-657.26
A6004D8311CAED11A62CD892C0003F2A;FC081C55582CED11A62CD892C0003F2A;2025-05-13;-2.0;-858.28
9DC3F4D09CF57E11B7B78A650500ED08;FC081C55582CED11A62CD892C0003F2A;2025-05-13;-2.0;-184.32
940BC74B39C6DE11C84610650500DE6A;FC081C55582CED11A62CD892C0003F2A;2025-05-13;-2.0;-23.66
A708ECF9F38D4E1142D58A650500BC08;FC081C55582CED11A62CD892C0003F2A;2025-05-13;-2.0;-374.0
358CCFFAED641E1143F0668E42008C3B;FC081C55582CED11A62CD892C0003F2A;2025-05-13;-4.0;-300.6
52BC0A2547FF4E1142D58A650500BC08;FC081C55582CED11A62CD892C0003F2A;2025-05-13;-16.0;-140.9
67D4A1EF8CE2BE11BE2110650500195A;FC081C55582CED11A62CD892C0003F2A;2025-05-13;-2.0;-269.5
71E2C75836AA3E11052F6792C000D249;FC081C55582CED11A62CD892C0003F2A;2025-05-13;-4.0;-842.36
BE9486B7AAA4DE11ADB310650500E0C8;FC081C55582CED11A62CD892C0003F2A;2025-05-13;-2.0;-275.44
F8FFFCCDD0CAED11A62CD892C0003F2A;FC081C55582CED11A62CD892C0003F2A;2025-05-13;-2.0;-1196.2
C8904BBEC0CAED11A62CD892C0003F2A;FC081C55582CED11A62CD892C0003F2A;2025-05-13;-6.0;-663.3
DD116EBE48C6DE11C84610650500DE6A;FC081C55582CED11A62CD892C0003F2A;2025-05-13;-2.0;-21.62
42B158B398A05E1142D58A650500BC08;FC081C55582CED11A62CD892C0003F2A;2025-05-13;-6.0;-1621.8000000000002
5A3A49A50FBBEE1191EE1065050029B9;FC081C55582CED11A62CD892C0003F2A;2025-05-13;-2.0;-194.0
F8CF7ABE9972FE1191EE106505000DB9;FC081C55582CED11A62CD892C0003F2A;2025-05-13;-2.0;-1744.24
C61A3859F5F49E11554010650500DE3B;FC081C55582CED11A62CD892C0003F2A;2025-05-13;-6.0;-417.59999999999997
89994B7DA0CAED11A62CD892C0003F2A;FC081C55582CED11A62CD892C0003F2A;2025-05-13;-8.0;-1144.0
66CF6C8883FDDE11406610650500274A;FC081C55582CED11A62CD892C0003F2A;2025-05-13;-2.0;-719.06
3FB2EFD32AF1EE114066106505007C4A;FC081C55582CED11A62CD892C0003F2A;2025-05-13;-2.0;-199.36
FCA66AB89F09FE11128010650500E819;FC081C55582CED11A62CD892C0003F2A;2025-05-13;-2.0;-164.36
BCF722AAF192FE1191EE106505002DB9;FC081C55582CED11A62CD892C0003F2A;2025-05-13;-6.0;-331.26
47C15F079308DE11C84610650500607A;FC081C55582CED11A62CD892C0003F2A;2025-05-13;-2.0;-73.68
9B2C67979F09FE11128010650500E819;FC081C55582CED11A62CD892C0003F2A;2025-05-13;-6.0;-487.88
1BA9359D22867E11B7B78A650500ED08;FC081C55582CED11A62CD892C0003F2A;2025-05-13;-2.0;-720.0
0C8DECA4094EFD11A4A96492C0006D28;FC081C55582CED11A62CD892C0003F2A;2025-05-13;-2.0;-307.06
D5D2043061D4EE11B1AD1065050068EA;FC081C55582CED11A62CD892C0003F2A;2025-05-13;-6.0;-424.14
A91B4BEA9B4A6E11B7B78A650500BC08;FC081C55582CED11A62CD892C0003F2A;2025-05-13;-2.0;-606.0
077A2D18FC510F11112A674AC7E22989;FC081C55582CED11A62CD892C0003F2A;2025-05-13;-6.0;-873.5999999999999
23C267648D4EFE11F1557891FE692589;FC081C55582CED11A62CD892C0003F2A;2025-05-13;-2.0;-820.64
6A8B3B0BF1CAED11A62CD892C0003F2A;FC081C55582CED11A62CD892C0003F2A;2025-05-13;-4.0;-176.86
E8B3841E55C0CE11877210650500A269;FC081C55582CED11A62CD892C0003F2A;2025-05-13;-4.0;-107.74000000000001
88E3EB2B2EF10F114EF7A826072B0A89;FC081C55582CED11A62CD892C0003F2A;2025-05-13;-4.0;-242.4
A436F7582642FE1191EE10650500CCB9;FC081C55582CED11A62CD892C0003F2A;2025-05-13;-2.0;-947.88
D4B5B252EA244E1142D58A6505002C08;FC081C55582CED11A62CD892C0003F2A;2025-05-13;-2.0;-89.44
62216AAF0427BE118772106505006659;FC081C55582CED11A62CD892C0003F2A;2025-05-13;-2.0;-169.72
55B62ACC69DDCE11ADB31065050097B8;FC081C55582CED11A62CD892C0003F2A;2025-05-13;-6.0;-403.38
EC9EB9966C2CDE11406610650500E44A;FC081C55582CED11A62CD892C0003F2A;2025-05-13;-2.0;-242.72
6D2B063E9F4BEE1191EE1065050029B9;FC081C55582CED11A62CD892C0003F2A;2025-05-13;-10.0;-393.2
795830DBBD1EFE11F1557891FE69E489;FC081C55582CED11A62CD892C0003F2A;2025-05-13;-2.0;-438.16
B5E32CB1DB804E1142D58A650500DB08;FC081C55582CED11A62CD892C0003F2A;2025-05-13;-10.0;-1113.22
2318510E68138E110223BB6505005BAA;FC081C55582CED11A62CD892C0003F2A;2025-05-13;-2.0;-986.56
9612E9F0DADD8E11F243BB650500954B;FC081C55582CED11A62CD892C0003F2A;2025-05-13;-2.0;-2599.88
55F1412AC9280E11A4A96492C00009EB;FC081C55582CED11A62CD892C0003F2A;2025-05-13;-4.0;-1354.16
4D55545EC0E9DE11406610650500C14A;FC081C55582CED11A62CD892C0003F2A;2025-05-13;-2.0;-226.3
93B900CEFA5C7E110819BB65050039AA;FC081C55582CED11A62CD892C0003F2A;2025-05-13;-2.0;-514.22
E5C3127292FCBE11877210650500CD59;FC081C55582CED11A62CD892C0003F2A;2025-05-13;-2.0;-872.28
7BF94DF920159E115540106505000F3B;FC081C55582CED11A62CD892C0003F2A;2025-05-13;-2.0;-126.8
DF1AB96B147DCE11ADB31065050007B8;FC081C55582CED11A62CD892C0003F2A;2025-05-13;-2.0;-269.68
D55C91650447FD110DC22A92C000D62B;FC081C55582CED11A62CD892C0003F2A;2025-05-13;-2.0;-501.84
C02E956DC1EDFE11F1557891FE699489;FC081C55582CED11A62CD892C0003F2A;2025-05-13;-2.0;-426.76
C83C7C022607DE11C846106505002F6A;FC081C55582CED11A62CD892C0003F2A;2025-05-13;-2.0;-22.16
8FAC9E0646938E113835BB6505001CAA;FC081C55582CED11A62CD892C0003F2A;2025-05-13;-2.0;-692.46
BEC92A53D2EA3E11052F6792C000D249;FC081C55582CED11A62CD892C0003F2A;2025-05-13;-2.0;-285.16
80B5F0C05FAAFE11128010650500E819;FC081C55582CED11A62CD892C0003F2A;2025-05-13;-2.0;-153.72
A297BF6A01CAED11A62CD892C0003F2A;FC081C55582CED11A62CD892C0003F2A;2025-05-13;-2.0;-255.94
0FB5BF95F5789E11525010650500D84A;FC081C55582CED11A62CD892C0003F2A;2025-05-13;-4.0;-1178.24
60EA07B4FC98FE11128010650500D819;FC081C55582CED11A62CD892C0003F2A;2025-05-13;-10.0;-1140.0
D35E9808D3BC3E11052F6792C000D249;FC081C55582CED11A62CD892C0003F2A;2025-05-13;-2.0;-141.12
8200D65886D9FE11128010650500E819;FC081C55582CED11A62CD892C0003F2A;2025-05-13;-2.0;-1200.0
8A8206E701CA8E11F243BB650500114B;FC081C55582CED11A62CD892C0003F2A;2025-05-13;-2.0;-85.82
C39E77918754EE11B1AD10650500C7EA;FC081C55582CED11A62CD892C0003F2A;2025-05-13;-4.0;-1309.86
1F52AC050533FE1191EE106505000EB9;FC081C55582CED11A62CD892C0003F2A;2025-05-13;-6.0;-1571.58
8376033300C80E11A4A96492C0001269;FC081C55582CED11A62CD892C0003F2A;2025-05-13;-10.0;-940.0999999999999
5637CED70820DE11ADB310650500BAB8;FC081C55582CED11A62CD892C0003F2A;2025-05-13;-2.0;-151.3
7DD347B43B4EDE11406610650500B74A;FC081C55582CED11A62CD892C0003F2A;2025-05-13;-2.0;-138.48
005765CFED71FE1191EE10650500CBB9;FC081C55582CED11A62CD892C0003F2A;2025-05-13;-2.0;-1142.52
710332DA8D410F11112A674AC7E21989;FC081C55582CED11A62CD892C0003F2A;2025-05-13;-2.0;-45.5
8D9E5A06D343FE1191EE106505001EB9;FC081C55582CED11A62CD892C0003F2A;2025-05-13;-2.0;-597.72
166F317253F2EE11B1AD1065050006EA;FC081C55582CED11A62CD892C0003F2A;2025-05-13;-2.0;-147.34
84BBF5F752CDEE1191EE1065050029B9;FC081C55582CED11A62CD892C0003F2A;2025-05-13;-2.0;-236.96
48018428F0CAED11A62CD892C0003F2A;FC081C55582CED11A62CD892C0003F2A;2025-05-13;-2.0;-134.26
FE4D455DE0CAED11A62CD892C0003F2A;FC081C55582CED11A62CD892C0003F2A;2025-05-13;-2.0;-484.22
ED2420A91C469E11554010650500904B;FC081C55582CED11A62CD892C0003F2A;2025-05-13;-2.0;-388.84
17F6096E3CBD7E110819BB65050039AA;FC081C55582CED11A62CD892C0003F2A;2025-05-13;-2.0;-161.16
A50E8EA6F352BE11BE2110650500585A;FC081C55582CED11A62CD892C0003F2A;2025-05-13;-4.0;-141.78
4310A12C4AC0DE11ADB310650500ABB8;FC081C55582CED11A62CD892C0003F2A;2025-05-13;-2.0;-123.12
D9B41A4A988AFE11128010650500E819;FC081C55582CED11A62CD892C0003F2A;2025-05-13;-2.0;-23.66
F7BAE937B99CBE118772106505005D59;FC081C55582CED11A62CD892C0003F2A;2025-05-13;-2.0;-358.32
7E1EA5A1801C3E11052F6792C000D249;FC081C55582CED11A62CD892C0003F2A;2025-05-13;-8.0;-117.6
373484C872CAED11A62CD892C0003F2A;FC081C55582CED11A62CD892C0003F2A;2025-05-13;-4.0;-407.26
EAA7F7582642FE1191EE10650500CCB9;FC081C55582CED11A62CD892C0003F2A;2025-05-13;-2.0;-800.02
A23E36E63089BE118772106505006959;FC081C55582CED11A62CD892C0003F2A;2025-05-13;-2.0;-1777.98
F511256211986E11B7B78A650500BC08;FC081C55582CED11A62CD892C0003F2A;2025-05-13;-4.0;-327.18
2DEA37F03C7BDE11406610650500F34A;FC081C55582CED11A62CD892C0003F2A;2025-05-13;-2.0;-10.88
981C1D13D57EFE11F1557891FE695589;FC081C55582CED11A62CD892C0003F2A;2025-05-13;-2.0;-315.98
EE1C208DDDBBEE1191EE1065050029B9;FC081C55582CED11A62CD892C0003F2A;2025-05-13;-2.0;-320.38
DCB66A46B371FE1191EE10650500BBB9;FC081C55582CED11A62CD892C0003F2A;2025-05-13;-2.0;-179.3
A8904BBEC0CAED11A62CD892C0003F2A;FC081C55582CED11A62CD892C0003F2A;2025-05-13;-2.0;-320.1
464929E6BC07BE118772106505004659;FC081C55582CED11A62CD892C0003F2A;2025-05-13;-2.0;-79.42
404D8C0C64FF4E1142D58A650500BC08;FC081C55582CED11A62CD892C0003F2A;2025-05-13;-4.0;-128.3
F286AAB219CE8E11F243BB650500C64B;FC081C55582CED11A62CD892C0003F2A;2025-05-13;-2.0;-89.24
F6F4C6AE3E62FE1191EE10650500FCB9;FC081C55582CED11A62CD892C0003F2A;2025-05-13;-2.0;-403.86
4D6CA3F6E9B8BE118772106505006859;FC081C55582CED11A62CD892C0003F2A;2025-05-13;-2.0;-189.12
C49D568B33C85E1142D58A650500DC08;FC081C55582CED11A62CD892C0003F2A;2025-05-13;-2.0;-826.74
F5DE6785DBB91E1143F0668E42006B8B;FC081C55582CED11A62CD892C0003F2A;2025-05-13;-2.0;-198.56
8A713DFA2142CE118772106505008469;FC081C55582CED11A62CD892C0003F2A;2025-05-13;-2.0;-320.62
F1A147896F45DE11ADB310650500B1C8;FC081C55582CED11A62CD892C0003F2A;2025-05-13;-2.0;-528.6
5B57768D21AFFE11F1557891FE69D689;FC081C55582CED11A62CD892C0003F2A;2025-05-13;-2.0;-1162.22
798618EE83C5AE11BE2110650500484A;FC081C55582CED11A62CD892C0003F2A;2025-05-13;-2.0;-827.4
16215E52D0BFFE11F1557891FE69E689;FC081C55582CED11A62CD892C0003F2A;2025-05-13;-2.0;-297.54
B68A305C3F5A4E1142D58A6505009C08;FC081C55582CED11A62CD892C0003F2A;2025-05-13;-2.0;-131.48
E5EDDD8EBAC9FE11128010650500E819;FC081C55582CED11A62CD892C0003F2A;2025-05-13;-2.0;-194.0
9B042FCCDCD4DE11ADB31065050021C8;FC081C55582CED11A62CD892C0003F2A;2025-05-13;-12.0;-1300.08
8B42BF925717FE1191EE1065050023C9;FC081C55582CED11A62CD892C0003F2A;2025-05-13;-2.0;-1434.44
0854ADD91D95FE1191EE1065050031C9;FC081C55582CED11A62CD892C0003F2A;2025-05-13;-2.0;-190.02
BB3C1606DF986E11B7B78A650500BC08;B0BDDED34CC83E11052F6792C000B249;2025-05-13;-76.0;-1577.76
4397BF6A01CAED11A62CD892C0003F2A;B0BDDED34CC83E11052F6792C000B249;2025-05-13;-6.0;-761.04
9238A0B8019EBE11877210650500DF59;B0BDDED34CC83E11052F6792C000B249;2025-05-13;-6.0;-167.16
E27D36D5E5EB5E1142D58A6505000D08;B0BDDED34CC83E11052F6792C000B249;2025-05-13;-2.0;-46.08
4DF5AA0F66449E11554010650500ED3B;B0BDDED34CC83E11052F6792C000B249;2025-05-13;-2.0;-33.52
792A88EF81CAED11A62CD892C0003F2A;B0BDDED34CC83E11052F6792C000B249;2025-05-13;-2.0;-62.0
58BF1F41BBCDCE11ADB31065050087B8;B0BDDED34CC83E11052F6792C000B249;2025-05-13;-4.0;-2544.0
1F7BC7EFA70ECE11ADB310650500D7B8;B0BDDED34CC83E11052F6792C000B249;2025-05-13;-8.0;-874.56
87328AB28754EE11B1AD10650500C7EA;B0BDDED34CC83E11052F6792C000B249;2025-05-13;-10.0;-118.0
4701451DDD30DE11ADB310650500EAB8;B0BDDED34CC83E11052F6792C000B249;2025-05-13;-8.0;-1091.04
7395F55B3BD6AE11BE2110650500B94A;B0BDDED34CC83E11052F6792C000B249;2025-05-13;-12.0;-2115.72
783E818302CAED11A62CD892C0003F2A;B0BDDED34CC83E11052F6792C000B249;2025-05-13;-2.0;-236.06
A82ABEB9764DEE1191EE1065050029B9;B0BDDED34CC83E11052F6792C000B249;2025-05-13;-4.0;-757.08
233BDF8AC0BEAE11BE2110650500B35A;B0BDDED34CC83E11052F6792C000B249;2025-05-13;-2.0;-160.76
F6F107EA01CAED11A62CD892C0003F2A;B0BDDED34CC83E11052F6792C000B249;2025-05-13;-2.0;-319.18
47016E507D6B6E11B7B78A650500BC08;B0BDDED34CC83E11052F6792C000B249;2025-05-13;-2.0;-391.42
AA12BAC636EEAE11BE2110650500F35A;B0BDDED34CC83E11052F6792C000B249;2025-05-13;-12.0;-1203.02
8346106C17976E11B7B78A650500BC08;B0BDDED34CC83E11052F6792C000B249;2025-05-13;-2.0;-205.74
81FC55E972B0EE11406610650500CA4A;B0BDDED34CC83E11052F6792C000B249;2025-05-13;-2.0;-640.36
1DC67A9CC0CAED11A62CD892C0003F2A;B0BDDED34CC83E11052F6792C000B249;2025-05-13;-6.0;-549.0
D843E157C8D65E1142D58A650500DC08;B0BDDED34CC83E11052F6792C000B249;2025-05-13;-2.0;-962.44
35BC032AFCFF6E11B7B78A650500CD08;B0BDDED34CC83E11052F6792C000B249;2025-05-13;-2.0;-1430.18
05BBAF1F6D4DDE11406610650500564A;B0BDDED34CC83E11052F6792C000B249;2025-05-13;-8.0;-510.8
A1485770AB596E11B7B78A650500BC08;B0BDDED34CC83E11052F6792C000B249;2025-05-13;-10.0;-747.7
98F7BC6AD0412E1143F0668E4200C71A;B0BDDED34CC83E11052F6792C000B249;2025-05-13;-2.0;-1013.26
4A02915EE0CAED11A62CD892C0003F2A;B0BDDED34CC83E11052F6792C000B249;2025-05-13;-4.0;-334.64
D329023EF123CE11877210650500A569;B0BDDED34CC83E11052F6792C000B249;2025-05-13;-4.0;-120.28
EA578A90C1CAED11A62CD892C0003F2A;B0BDDED34CC83E11052F6792C000B249;2025-05-13;-12.0;-564.1
7D0E4497937FCE11ADB310650500C9B8;B0BDDED34CC83E11052F6792C000B249;2025-05-13;-4.0;-123.88
CC12452A3E263E11052F6792C000FF39;B0BDDED34CC83E11052F6792C000B249;2025-05-13;-6.0;-365.28000000000003
74FC5D6A6BE15E1142D58A650500BC08;B0BDDED34CC83E11052F6792C000B249;2025-05-13;-6.0;-374.46
02A725DDF691FE1191EE10650500EBB9;B0BDDED34CC83E11052F6792C000B249;2025-05-13;-2.0;-138.04
627A78B86C10FE1191EE106505000AB9;B0BDDED34CC83E11052F6792C000B249;2025-05-13;-6.0;-3101.82
1193EE2C1AFB3E11052F6792C000D249;B0BDDED34CC83E11052F6792C000B249;2025-05-13;-2.0;-265.82
E1655C7703FCBE11877210650500CD59;B0BDDED34CC83E11052F6792C000B249;2025-05-13;-2.0;-707.28
1A917B2DE79FFE11F1557891FE69C689;B0BDDED34CC83E11052F6792C000B249;2025-05-13;-8.0;-653.76
620B73B38ABAFE11128010650500E819;B0BDDED34CC83E11052F6792C000B249;2025-05-13;-14.0;-414.96000000000004
A0BE60F1BC5A3E11052F6792C000D249;B0BDDED34CC83E11052F6792C000B249;2025-05-13;-2.0;-652.64
C15FC812365FFE11F1557891FE697689;B0BDDED34CC83E11052F6792C000B249;2025-05-13;-2.0;-149.32
2D00F2E6029EBE11877210650500DF59;B0BDDED34CC83E11052F6792C000B249;2025-05-13;-20.0;-557.2
DA39958560CBEE1191EE1065050029B9;B0BDDED34CC83E11052F6792C000B249;2025-05-13;-4.0;-371.8
C14E6B0BCED4DE11ADB31065050021C8;B0BDDED34CC83E11052F6792C000B249;2025-05-13;-2.0;-363.6
0C5179E4EA93FE1191EE106505009EB9;B0BDDED34CC83E11052F6792C000B249;2025-05-13;-2.0;-527.58
B0B7EDD1F0CAED11A62CD892C0003F2A;B0BDDED34CC83E11052F6792C000B249;2025-05-13;-4.0;-698.56
FD8AC87FED71FE1191EE10650500CBB9;B0BDDED34CC83E11052F6792C000B249;2025-05-13;-2.0;-364.42
3A5A892EC023CE11877210650500A569;B0BDDED34CC83E11052F6792C000B249;2025-05-13;-4.0;-120.28
F4F9EAA0A2ABCE11ADB31065050084B8;B0BDDED34CC83E11052F6792C000B249;2025-05-13;-2.0;-382.24
BA6BCFE6E11F8E11F243BB650500274B;B0BDDED34CC83E11052F6792C000B249;2025-05-13;-2.0;-11.84
FF6785D8D0CAED11A62CD892C0003F2A;B0BDDED34CC83E11052F6792C000B249;2025-05-13;-6.0;-1461.24
175AF9E305B4DE11ADB310650500F0C8;B0BDDED34CC83E11052F6792C000B249;2025-05-13;-4.0;-232.32
546B556D699F7E110819BB65050039AA;B0BDDED34CC83E11052F6792C000B249;2025-05-13;-4.0;-1318.52
30FACC2781CAED11A62CD892C0003F2A;B0BDDED34CC83E11052F6792C000B249;2025-05-13;-2.0;-48.08
E9684DC528B13E11052F6792C000CF39;B0BDDED34CC83E11052F6792C000B249;2025-05-13;-4.0;-1151.12
601929C3E11A0E11A4A96492C0001269;B0BDDED34CC83E11052F6792C000B249;2025-05-13;-2.0;-382.04
687C46BC1A5FFE11F1557891FE697689;B0BDDED34CC83E11052F6792C000B249;2025-05-13;-6.0;-221.52
AD8FC812365FFE11F1557891FE697689;B0BDDED34CC83E11052F6792C000B249;2025-05-13;-4.0;-298.64
2BC3BD2764B13E11052F6792C000CF39;B0BDDED34CC83E11052F6792C000B249;2025-05-13;-4.0;-2400.0
D22236C1D0BFFE11F1557891FE69E689;B0BDDED34CC83E11052F6792C000B249;2025-05-13;-2.0;-238.04
8919B39B05586E11B7B78A650500BC08;B0BDDED34CC83E11052F6792C000B249;2025-05-13;-24.0;-612.0
817CDF60738B5E1142D58A6505000D08;B0BDDED34CC83E11052F6792C000B249;2025-05-13;-2.0;-246.18
28E7019311BD3E11052F6792C000D249;B0BDDED34CC83E11052F6792C000B249;2025-05-13;-2.0;-66.02
25FAD0A363F7DE11C84610650500507A;B0BDDED34CC83E11052F6792C000B249;2025-05-13;-6.0;-239.39999999999998
585861624991FE1191EE10650500EBB9;B0BDDED34CC83E11052F6792C000B249;2025-05-13;-2.0;-86.2
B83D606ACE6AFE11128010650500E819;B0BDDED34CC83E11052F6792C000B249;2025-05-13;-2.0;-77.96
4DA5E4036085FD110DC22A92C000D158;B0BDDED34CC83E11052F6792C000B249;2025-05-13;-6.0;-644.0799999999999
55A4C6789109AE11BE21106505007C4A;B0BDDED34CC83E11052F6792C000B249;2025-05-13;-6.0;-250.20000000000002
E67F617F6439BE118772106505000959;B0BDDED34CC83E11052F6792C000B249;2025-05-13;-2.0;-497.92
7BFF0450D0CAED11A62CD892C0003F2A;B0BDDED34CC83E11052F6792C000B249;2025-05-13;-2.0;-317.78
B8D415047715CE11ADB3106505000DA8;B0BDDED34CC83E11052F6792C000B249;2025-05-13;-2.0;-474.48
0FA9C423A717FE1191EE1065050023C9;B0BDDED34CC83E11052F6792C000B249;2025-05-13;-2.0;-2606.06
9BF49B08EB23FE1191EE10650500FDB9;B0BDDED34CC83E11052F6792C000B249;2025-05-13;-2.0;-166.74
345DC7F6891A6E11B7B78A650500BC08;B0BDDED34CC83E11052F6792C000B249;2025-05-13;-4.0;-843.28
B36C7E9693615E1142D58A650500BC08;B0BDDED34CC83E11052F6792C000B249;2025-05-13;-4.0;-47.12
F636FB67EE6B8E11F243BB650500F14B;B0BDDED34CC83E11052F6792C000B249;2025-05-13;-2.0;-6.16
3265F1DEA596DE11ADB31065050053C8;B0BDDED34CC83E11052F6792C000B249;2025-05-13;-2.0;-638.28
7904541A2E456E11B7B78A650500BC08;B0BDDED34CC83E11052F6792C000B249;2025-05-13;-2.0;-390.0
CAECB213E13DBE118772106505001E59;B0BDDED34CC83E11052F6792C000B249;2025-05-13;-2.0;-684.72
0A384A7B0321DE11ADB3106505003CB8;B0BDDED34CC83E11052F6792C000B249;2025-05-13;-6.0;-552.0
EC9EB9966C2CDE11406610650500E44A;B0BDDED34CC83E11052F6792C000B249;2025-05-13;-8.0;-970.88
8823DD5E1086AE11BE2110650500494A;B0BDDED34CC83E11052F6792C000B249;2025-05-13;-2.0;-340.22
06DDD91EC2C88E11F243BB6505008E3B;B0BDDED34CC83E11052F6792C000B249;2025-05-13;-2.0;-71.6
550AD4969DA11E1143F0668E42008C3B;B0BDDED34CC83E11052F6792C000B249;2025-05-13;-2.0;-3814.2
565BD54551CAED11A62CD892C0003F2A;B0BDDED34CC83E11052F6792C000B249;2025-05-13;-2.0;-370.78
985D91B0E5385E1142D58A650500DC08;B0BDDED34CC83E11052F6792C000B249;2025-05-13;-2.0;-316.4
911EDF3CEB5F7E110819BB65050039AA;B0BDDED34CC83E11052F6792C000B249;2025-05-13;-2.0;-302.44
FE0F84ACECDEBE118772106505003069;B0BDDED34CC83E11052F6792C000B249;2025-05-13;-2.0;-131.58
74C783FAB5BADE11406610650500E24A;B0BDDED34CC83E11052F6792C000B249;2025-05-13;-2.0;-713.06
E3F3436BE358FE11128010650500D819;B0BDDED34CC83E11052F6792C000B249;2025-05-13;-2.0;-27.78
11A4755322703E11052F6792C000CF39;B0BDDED34CC83E11052F6792C000B249;2025-05-13;-2.0;-113.86
BC9C530E8FCA9E11525010650500EB4A;B0BDDED34CC83E11052F6792C000B249;2025-05-13;-2.0;-63.24
A3F2CBBAB1B0EE11406610650500CA4A;B0BDDED34CC83E11052F6792C000B249;2025-05-13;-2.0;-63.7
5E1AC54C241E6E11B7B78A6505001D08;B0BDDED34CC83E11052F6792C000B249;2025-05-13;-2.0;-144.82
B728B5DF0DE3DE11ADB310650500DFB8;B0BDDED34CC83E11052F6792C000B249;2025-05-13;-2.0;-208.54
E2E078668B50EE114066106505005A4A;B0BDDED34CC83E11052F6792C000B249;2025-05-13;-6.0;-142.4
4E44259A51FBEE1191EE1065050029B9;B0BDDED34CC83E11052F6792C000B249;2025-05-13;-2.0;-34.08
B5B177B82642FE1191EE10650500CCB9;B0BDDED34CC83E11052F6792C000B249;2025-05-13;-2.0;-1691.2
49DB634AA60BFE11128010650500E819;B0BDDED34CC83E11052F6792C000B249;2025-05-13;-2.0;-86.2
D55C91650447FD110DC22A92C000D62B;B0BDDED34CC83E11052F6792C000B249;2025-05-13;-2.0;-501.84
827F738746F5BE11877210650500E459;B0BDDED34CC83E11052F6792C000B249;2025-05-13;-2.0;-243.12
A5D7D7F8930D9E11726010650500F94A;B0BDDED34CC83E11052F6792C000B249;2025-05-13;-2.0;-1190.82
F053973F1978FE11128010650500D819;B0BDDED34CC83E11052F6792C000B249;2025-05-13;-4.0;-47.8
2C4DEFCDF77DFE1158A3BB3DBE8E1489;B0BDDED34CC83E11052F6792C000B249;2025-05-13;-2.0;-278.52
AE014479F8C6DE11C84610650500DE6A;B0BDDED34CC83E11052F6792C000B249;2025-05-13;-2.0;-23.66
1E3966F1FF91EE11406610650500FB4A;B0BDDED34CC83E11052F6792C000B249;2025-05-13;-2.0;-81.94
85DAF3604705EE11B1AD10650500A8EA;B0BDDED34CC83E11052F6792C000B249;2025-05-13;-2.0;-306.7
CD076A426D7DBE118772106505007E59;44673735EAF46E11B7B78A650500BC08;2025-05-13;-8.0;-744.0
A3E510C0DE2DBE118772106505001E59;44673735EAF46E11B7B78A650500BC08;2025-05-13;-14.0;-1258.46
F4CF2851DC456E11B7B78A650500BC08;44673735EAF46E11B7B78A650500BC08;2025-05-13;-6.0;-322.02
95CD8B56CCFDCE11ADB310650500C7B8;44673735EAF46E11B7B78A650500BC08;2025-05-13;-6.0;-2532.0
198EB87A983E7E110819BB65050039AA;44673735EAF46E11B7B78A650500BC08;2025-05-13;-14.0;-1905.2600000000002
45649EAA09AF7E110819BB65050039AA;44673735EAF46E11B7B78A650500BC08;2025-05-13;-38.0;-11837.759999999998
80BE76E2DC456E11B7B78A650500BC08;44673735EAF46E11B7B78A650500BC08;2025-05-13;-10.0;-2579.16
79CE9832FB4F6E11B7B78A650500CD08;44673735EAF46E11B7B78A650500BC08;2025-05-13;-2.0;-944.42
46B4E7B2BA456E11B7B78A650500BC08;44673735EAF46E11B7B78A650500BC08;2025-05-13;-8.0;-589.88
398784DE3A2E6E11B7B78A6505003D08;44673735EAF46E11B7B78A650500BC08;2025-05-13;-40.0;-5140.0
105D455DE0CAED11A62CD892C0003F2A;44673735EAF46E11B7B78A650500BC08;2025-05-13;-2.0;-641.32
A066F33B45CF8E11F243BB650500084B;44673735EAF46E11B7B78A650500BC08;2025-05-13;-2.0;-44.64
050BACBD2D456E11B7B78A650500BC08;44673735EAF46E11B7B78A650500BC08;2025-05-13;-4.0;-186.8
5DC741E1C11A8E11F243BB650500304B;44673735EAF46E11B7B78A650500BC08;2025-05-13;-4.0;-69.56
CF46C4EDCD53BE11BE2110650500A95A;44673735EAF46E11B7B78A650500BC08;2025-05-13;-2.0;-4190.52
48F25758BEC0AE11726010650500DE4A;44673735EAF46E11B7B78A650500BC08;2025-05-13;-2.0;-19.22
1D537CF95816DE11ADB310650500B2C8;44673735EAF46E11B7B78A650500BC08;2025-05-13;-4.0;-206.12
5BE4AAB2A9098E11F243BB650500EE3B;44673735EAF46E11B7B78A650500BC08;2025-05-13;-4.0;-194.0
6220D7364C456E11B7B78A650500BC08;44673735EAF46E11B7B78A650500BC08;2025-05-13;-2.0;-220.82
077A2D18FC510F11112A674AC7E22989;44673735EAF46E11B7B78A650500BC08;2025-05-13;-4.0;-728.0
EE418A00535B6E11B7B78A650500BC08;44673735EAF46E11B7B78A650500BC08;2025-05-13;-2.0;-404.08
6D076A426D7DBE118772106505007E59;44673735EAF46E11B7B78A650500BC08;2025-05-13;-2.0;-144.0
D3A074238E3CEE1191EE1065050029B9;44673735EAF46E11B7B78A650500BC08;2025-05-13;-2.0;-183.12
6A2D4E6C34885E1142D58A650500DC08;44673735EAF46E11B7B78A650500BC08;2025-05-13;-2.0;-40.0
FC05CF2FEDE6DE11C846106505000F6A;44673735EAF46E11B7B78A650500BC08;2025-05-13;-2.0;-23.66
F165459B3E456E11B7B78A650500BC08;44673735EAF46E11B7B78A650500BC08;2025-05-13;-32.0;-29856.0
8B2267EF3C456E11B7B78A650500BC08;44673735EAF46E11B7B78A650500BC08;2025-05-13;-6.0;-874.08
FC39F31DAF13CE11877210650500A569;44673735EAF46E11B7B78A650500BC08;2025-05-13;-4.0;-114.12
DB457E48B7A6BE11877210650500C559;44673735EAF46E11B7B78A650500BC08;2025-05-13;-2.0;-166.3
662A5F2B00556E11B7B78A650500BC08;44673735EAF46E11B7B78A650500BC08;2025-05-13;-10.0;-135.28
FB5B6582A8910F114EF7A826072B8989;44673735EAF46E11B7B78A650500BC08;2025-05-13;-4.0;-23.16
AB7D111480A49E115540106505006E3B;44673735EAF46E11B7B78A650500BC08;2025-05-13;-2.0;-552.8
F6F4DA2DDAFB3E11052F6792C000D249;44673735EAF46E11B7B78A650500BC08;2025-05-13;-4.0;-301.02
59277BD1DD456E11B7B78A650500BC08;44673735EAF46E11B7B78A650500BC08;2025-05-13;-14.0;-5068.0
FB361686AC456E11B7B78A650500BC08;44673735EAF46E11B7B78A650500BC08;2025-05-13;-18.0;-573.48
286EDC4E3C456E11B7B78A650500BC08;44673735EAF46E11B7B78A650500BC08;2025-05-13;-10.0;-807.5
1C800A2CE8A47E11B7B78A650500ED08;44673735EAF46E11B7B78A650500BC08;2025-05-13;-4.0;-476.48
BFEC4A8EEBA8BE118772106505005859;44673735EAF46E11B7B78A650500BC08;2025-05-13;-8.0;-212.24
5FD37B03C11A8E11F243BB650500304B;44673735EAF46E11B7B78A650500BC08;2025-05-13;-6.0;-89.22
3B3095FE46CCDE11406610650500A54A;44673735EAF46E11B7B78A650500BC08;2025-05-13;-4.0;-137.68
9B8C67838E3CEE1191EE1065050029B9;44673735EAF46E11B7B78A650500BC08;2025-05-13;-2.0;-218.0
18FF9373FD537E11B7B78A650500DD08;44673735EAF46E11B7B78A650500BC08;2025-05-13;-16.0;-147.92
666B6A1F00300F11F1557891FE698789;44673735EAF46E11B7B78A650500BC08;2025-05-13;-2.0;-310.58
4220D7364C456E11B7B78A650500BC08;44673735EAF46E11B7B78A650500BC08;2025-05-13;-2.0;-132.06
37C3840F18363E11052F6792C000FF39;44673735EAF46E11B7B78A650500BC08;2025-05-13;-4.0;-359.56
D3C386B6D3459E115540106505004F3B;44673735EAF46E11B7B78A650500BC08;2025-05-13;-6.0;-165.82
27C7703F6EEAAE11BE2110650500EE4A;44673735EAF46E11B7B78A650500BC08;2025-05-13;-8.0;-304.12
752EC529FE679E11554010650500024B;44673735EAF46E11B7B78A650500BC08;2025-05-13;-10.0;-1600.0
31F00C0098B37E11B7B78A650500DD08;44673735EAF46E11B7B78A650500BC08;2025-05-13;-2.0;-271.38
F42FECCA9C456E11B7B78A650500BC08;44673735EAF46E11B7B78A650500BC08;2025-05-13;-2.0;-302.96
7170FCB7E494AE11726010650500A35A;44673735EAF46E11B7B78A650500BC08;2025-05-13;-6.0;-598.9
F931BF7EEB456E11B7B78A650500BC08;44673735EAF46E11B7B78A650500BC08;2025-05-13;-2.0;-217.74
C3CE5F86BD9BAE11BE2110650500CF4A;44673735EAF46E11B7B78A650500BC08;2025-05-13;-2.0;-70.52
CE05055FCE3FAE11BE2110650500645A;44673735EAF46E11B7B78A650500BC08;2025-05-13;-2.0;-871.24
4EC85311C11A8E11F243BB650500304B;44673735EAF46E11B7B78A650500BC08;2025-05-13;-2.0;-31.36
363484C872CAED11A62CD892C0003F2A;44673735EAF46E11B7B78A650500BC08;2025-05-13;-4.0;-445.9
DA64D21F21FA8E11F243BB650500514B;44673735EAF46E11B7B78A650500BC08;2025-05-13;-2.0;-48.96
C67CA5BB6811FE1191EE106505004BB9;44673735EAF46E11B7B78A650500BC08;2025-05-13;-4.0;-1178.06
7656CB4D25037E11B7B78A650500DD08;44673735EAF46E11B7B78A650500BC08;2025-05-13;-4.0;-222.16
6CB1B2EFC11EAE11BE2110650500E25A;44673735EAF46E11B7B78A650500BC08;2025-05-13;-22.0;-882.64
54D5905C88BFEE1191EE1065050089B9;44673735EAF46E11B7B78A650500BC08;2025-05-13;-2.0;-1110.0
FC32A1754C456E11B7B78A650500BC08;44673735EAF46E11B7B78A650500BC08;2025-05-13;-6.0;-279.38
065B2B331D2EBE118772106505005F59;44673735EAF46E11B7B78A650500BC08;2025-05-13;-2.0;-363.4
AFFAC749116AAE11BE21106505003E4A;44673735EAF46E11B7B78A650500BC08;2025-05-13;-2.0;-137.9
B951ED74EED5FE1191EE1065050081C9;44673735EAF46E11B7B78A650500BC08;2025-05-13;-2.0;-360.0
040FD835CEF39E115540106505008D3B;44673735EAF46E11B7B78A650500BC08;2025-05-13;0.0;0.0
1D472DFB30556E11B7B78A650500BC08;44673735EAF46E11B7B78A650500BC08;2025-05-13;-2.0;-402.24
14D1787D6A23AE11726010650500D15A;44673735EAF46E11B7B78A650500BC08;2025-05-13;-8.0;-650.0
C464EB2B2EF10F114EF7A826072B0A89;44673735EAF46E11B7B78A650500BC08;2025-05-13;-6.0;-363.6
01EF3FC93A8C6E11B7B78A650500BC08;44673735EAF46E11B7B78A650500BC08;2025-05-13;-2.0;-421.96
9AD8A4B271D6FD110DC22A92C000D158;44673735EAF46E11B7B78A650500BC08;2025-05-13;-6.0;-710.4000000000001
1649F9C6FC4EDE11406610650500B74A;44673735EAF46E11B7B78A650500BC08;2025-05-13;-2.0;-1170.32
EE203DE8AC456E11B7B78A650500BC08;44673735EAF46E11B7B78A650500BC08;2025-05-13;-4.0;-262.4
D39FB66334627E11B7B78A650500CD08;44673735EAF46E11B7B78A650500BC08;2025-05-13;-4.0;-169.04000000000002
5EAA17C65FE39E115540106505007D3B;44673735EAF46E11B7B78A650500BC08;2025-05-13;-6.0;-3532.92
692BE16580CAED11A62CD892C0003F2A;44673735EAF46E11B7B78A650500BC08;2025-05-13;-2.0;-733.16
BDA0435C0FDD6E11B7B78A650500BC08;44673735EAF46E11B7B78A650500BC08;2025-05-13;-10.0;-202.7
E1A5E909EEBD7E110819BB65050039AA;44673735EAF46E11B7B78A650500BC08;2025-05-13;-2.0;-1010.0
769B72C890CAED11A62CD892C0003F2A;44673735EAF46E11B7B78A650500BC08;2025-05-13;-2.0;-185.32
A256E37B383EFE11F1557891FE690589;44673735EAF46E11B7B78A650500BC08;2025-05-13;-2.0;-138.6
D30754EE7C456E11B7B78A650500BC08;44673735EAF46E11B7B78A650500BC08;2025-05-13;-4.0;-908.74
3C577F655AE66E11B7B78A650500BC08;44673735EAF46E11B7B78A650500BC08;2025-05-13;-2.0;-61.4
88DEE6074C456E11B7B78A650500BC08;44673735EAF46E11B7B78A650500BC08;2025-05-13;-4.0;-413.72
3B8B73113EA0CE118772106505008269;44673735EAF46E11B7B78A650500BC08;2025-05-13;-2.0;-1262.3
6F931D9B5A819E11F243BB6505004A4B;44673735EAF46E11B7B78A650500BC08;2025-05-13;-2.0;-82.0
7E10B122B2A27E11B7B78A650500DD08;44673735EAF46E11B7B78A650500BC08;2025-05-13;-2.0;-4138.18
A7A8CB71EC456E11B7B78A650500BC08;44673735EAF46E11B7B78A650500BC08;2025-05-13;-2.0;-1680.0
022B15FE5487EE1191EE1065050037B9;44673735EAF46E11B7B78A650500BC08;2025-05-13;-2.0;-2948.46
C2990D9B36F5BE11877210650500E459;44673735EAF46E11B7B78A650500BC08;2025-05-13;-2.0;-198.42
AE69AFD9B5F0BE11BE2110650500965A;44673735EAF46E11B7B78A650500BC08;2025-05-13;-22.0;-1606.0
14E5577E8F886E11B7B78A650500BC08;44673735EAF46E11B7B78A650500BC08;2025-05-13;-2.0;-121.54
79C19A8C87449E11554010650500ED3B;44673735EAF46E11B7B78A650500BC08;2025-05-13;-2.0;-1336.0
1638B84C88BFEE1191EE1065050089B9;44673735EAF46E11B7B78A650500BC08;2025-05-13;-2.0;-3140.0
8F8708B6A6F5AE11BE2110650500984A;44673735EAF46E11B7B78A650500BC08;2025-05-13;-2.0;-164.4
5DFC974FF1CF7E110819BB65050039AA;44673735EAF46E11B7B78A650500BC08;2025-05-13;-6.0;-920.2
B9793A1900C10F114EF7A826072BB989;44673735EAF46E11B7B78A650500BC08;2025-05-13;-8.0;-62.4
0515215FCAD0FE1191EE10650500FAB9;44673735EAF46E11B7B78A650500BC08;2025-05-13;-2.0;-280.02
C5BBE9E75EED7E110819BB65050039AA;44673735EAF46E11B7B78A650500BC08;2025-05-13;-8.0;-331.2
FF027D0BFD456E11B7B78A650500BC08;44673735EAF46E11B7B78A650500BC08;2025-05-13;-4.0;-5900.0
78187995E528CE11ADB310650500EFA8;44673735EAF46E11B7B78A650500BC08;2025-05-13;-4.0;-173.76
FD567AFA9497EE1191EE1065050047B9;44673735EAF46E11B7B78A650500BC08;2025-05-13;-2.0;-244.0
724FCE1FD6CABE118772106505000B59;44673735EAF46E11B7B78A650500BC08;2025-05-13;-2.0;-378.0
E0F9CAB8E770BE11BE2110650500F55A;44673735EAF46E11B7B78A650500BC08;2025-05-13;-2.0;-21.62
42F3530914BFBE118772106505004169;44673735EAF46E11B7B78A650500BC08;2025-05-13;-8.0;-1026.0
BB43F8C694310F11112A674AC7E2F889;44673735EAF46E11B7B78A650500BC08;2025-05-13;-2.0;-320.0
5937F8964C456E11B7B78A650500BC08;44673735EAF46E11B7B78A650500BC08;2025-05-13;-2.0;-213.66
7C9BF65BCED4DE11ADB31065050021C8;44673735EAF46E11B7B78A650500BC08;2025-05-13;-2.0;-367.2
4775F1C60C409E11F243BB650500B84B;44673735EAF46E11B7B78A650500BC08;2025-05-13;-2.0;-566.0
F0DE0B7FEB03EE11B1AD1065050026EA;44673735EAF46E11B7B78A650500BC08;2025-05-13;-2.0;-190.0
574466F5D5CECE11ADB310650500C8B8;44673735EAF46E11B7B78A650500BC08;2025-05-13;-6.0;-7062.0
923F3D316A408E110819BB65050039AA;44673735EAF46E11B7B78A650500BC08;2025-05-13;-2.0;-666.0
4E5CCE73D270DE11ADB3106505003BB8;44673735EAF46E11B7B78A650500BC08;2025-05-13;-2.0;-337.4
9F6D0F4C8EA3FD110DC22A92C000C499;44673735EAF46E11B7B78A650500BC08;2025-05-13;-2.0;-610.02
AD650C71CFC5EE1191EE1065050055B9;44673735EAF46E11B7B78A650500BC08;2025-05-13;-50.0;-16850.0
6F1862B5B9F27E11B7B78A650500DD08;44673735EAF46E11B7B78A650500BC08;2025-05-13;-2.0;-100.68
612141FB7E789E11525010650500E84A;44673735EAF46E11B7B78A650500BC08;2025-05-13;-2.0;-516.0
37DF6B0BCED4DE11ADB31065050021C8;44673735EAF46E11B7B78A650500BC08;2025-05-13;-2.0;-367.2
BEFC203F00300F11F1557891FE698789;44673735EAF46E11B7B78A650500BC08;2025-05-13;-2.0;-184.38
DD048979F7BAFE11128010650500E819;44673735EAF46E11B7B78A650500BC08;2025-05-13;-2.0;-102.0
0326FF937046AE11BE2110650500F84A;44673735EAF46E11B7B78A650500BC08;2025-05-13;-2.0;-333.04
9E5E4242A8F07E11B7B78A650500CD08;44673735EAF46E11B7B78A650500BC08;2025-05-13;-2.0;-198.28
3C4E17A90E907E11B7B78A650500CD08;44673735EAF46E11B7B78A650500BC08;2025-05-13;-6.0;-578.8
1B88F3EECAD0FE1191EE10650500FAB9;44673735EAF46E11B7B78A650500BC08;2025-05-13;-2.0;-147.54
E76EDC4E3C456E11B7B78A650500BC08;44673735EAF46E11B7B78A650500BC08;2025-05-13;-4.0;-295.8
501B55DC43D0DE11ADB310650500BBB8;44673735EAF46E11B7B78A650500BC08;2025-05-13;-2.0;-186.76
11365BACB11A8E11F243BB650500304B;44673735EAF46E11B7B78A650500BC08;2025-05-13;-2.0;-25.68
4A475C7445AE4E1142D58A650500BC08;44673735EAF46E11B7B78A650500BC08;2025-05-13;-4.0;-199.6
07D91E1BB0566E11B7B78A650500BC08;44673735EAF46E11B7B78A650500BC08;2025-05-13;-2.0;-306.42
651E7207F7DD8E11F243BB650500954B;B0BDDED34CC83E11052F6792C000B249;2025-05-13;-2.0;-28.0
59384B52B7474E1142D58A6505002C08;B0BDDED34CC83E11052F6792C000B249;2025-05-13;-2.0;-48.6
35137EBFE6197E110819BB65050009AA;44673735EAF46E11B7B78A650500BC08;2025-05-13;8.0;398.16
0A9956313E758E113835BB6505005EAA;44673735EAF46E11B7B78A650500BC08;2025-05-13;-2.0;-1047.1
D857C79C42FEFE11F1557891FE69F589;B0BDDED34CC83E11052F6792C000B249;2025-05-13;10.0;3889.9
BFDF3DC9CC3FFE11F1557891FE695689;FC081C55582CED11A62CD892C0003F2A;2025-05-13;-4.0;-145.0
AE0B845D4972FE1191EE106505000DB9;FC081C55582CED11A62CD892C0003F2A;2025-05-13;0.0;-2.2737367544323206e-13
EFE032B45FFEEE1191EE1065050029B9;FC081C55582CED11A62CD892C0003F2A;2025-05-13;0.0;0.0
E8F2520A542AFE11128010650500E819;FC081C55582CED11A62CD892C0003F2A;2025-05-13;0.0;0.0
765690B1CE57DE11C846106505009F6A;FC081C55582CED11A62CD892C0003F2A;2025-05-13;0.0;0.0
61DE2A4F6B1C6E11B7B78A650500BC08;FC081C55582CED11A62CD892C0003F2A;2025-05-13;0.0;0.0
96433FE56DEFFE11F1557891FE693789;FC081C55582CED11A62CD892C0003F2A;2025-05-13;0.0;0.0
F1C5B32599DDCE11ADB31065050097B8;FC081C55582CED11A62CD892C0003F2A;2025-05-13;-4.0;-313.0
33BBE140EC6FEE1191EE1065050029B9;FC081C55582CED11A62CD892C0003F2A;2025-05-13;0.0;0.0
DA956C52599EFE11F1557891FE698589;FC081C55582CED11A62CD892C0003F2A;2025-05-13;0.0;0.0
0B7B2942599EFE11F1557891FE698589;FC081C55582CED11A62CD892C0003F2A;2025-05-13;0.0;0.0
2582D84DE8420F114EF7A826072B6A89;FC081C55582CED11A62CD892C0003F2A;2025-05-13;0.0;0.0
74C2D84DE8420F114EF7A826072B6A89;FC081C55582CED11A62CD892C0003F2A;2025-05-13;0.0;0.0
01DE6F40885EDE11406610650500C74A;FC081C55582CED11A62CD892C0003F2A;2025-05-13;0.0;0.0
1E53F9237752CE11877210650500A469;44673735EAF46E11B7B78A650500BC08;2025-05-13;22.0;6479.0
BDA94706F2DFAE11BE2110650500255A;44673735EAF46E11B7B78A650500BC08;2025-05-13;2.0;419.02
57B15988074DFE11F1557891FE69D389;44673735EAF46E11B7B78A650500BC08;2025-05-13;-2.0;-762.56
3420FC9ABB1EEE1191EE1065050029B9;B0BDDED34CC83E11052F6792C000B249;2025-05-13;0.0;0.0
C61C028040CAED11A62CD892C0003F2A;B0BDDED34CC83E11052F6792C000B249;2025-05-13;0.0;0.0
DEEAF414F342EE11406610650500DC4A;B0BDDED34CC83E11052F6792C000B249;2025-05-13;0.0;0.0
D2A587975EE1EE114066106505006C4A;B0BDDED34CC83E11052F6792C000B249;2025-05-13;0.0;0.0
9FA50D6144856E11B7B78A650500BC08;B0BDDED34CC83E11052F6792C000B249;2025-05-13;0.0;0.0
FCAF3F1934CFFD11A4A96492C0001019;B0BDDED34CC83E11052F6792C000B249;2025-05-13;0.0;0.0
C578CBCCEC50EE114066106505005A4A;B0BDDED34CC83E11052F6792C000B249;2025-05-13;0.0;0.0
7E884F7254940E11A4A96492C000067B;B0BDDED34CC83E11052F6792C000B249;2025-05-13;0.0;0.0
4F9EAE4AC989EE1191EE1065050009B9;B0BDDED34CC83E11052F6792C000B249;2025-05-13;0.0;-2.2737367544323206e-13
C8B515F165E0EE114066106505000B4A;B0BDDED34CC83E11052F6792C000B249;2025-05-13;0.0;0.0
49E9B353985DED11A62CD892C0003F2A;B0BDDED34CC83E11052F6792C000B249;2025-05-13;0.0;0.0
851B4A09B7E88E11F243BB650500BE3B;B0BDDED34CC83E11052F6792C000B249;2025-05-13;0.0;0.0
DACA87368D31FE1191EE106505007BB9;B0BDDED34CC83E11052F6792C000B249;2025-05-13;0.0;0.0
4DF2DAC0DDADAE11BE2110650500625A;B0BDDED34CC83E11052F6792C000B249;2025-05-13;0.0;0.0
6FB11516D3C89E11525010650500394A;B0BDDED34CC83E11052F6792C000B249;2025-05-13;0.0;0.0
BB1E9BB39E74FE1191EE10650500CFB9;B0BDDED34CC83E11052F6792C000B249;2025-05-13;0.0;0.0
219DD72987C2FE1191EE106505006DB9;B0BDDED34CC83E11052F6792C000B249;2025-05-13;-6.0;-112.85999999999999
C68AC2060430EE114066106505002A4A;B0BDDED34CC83E11052F6792C000B249;2025-05-13;-2.0;-43.58
3ADECAC985208E110819BB65050039AA;B0BDDED34CC83E11052F6792C000B249;2025-05-13;0.0;0.0
24635E0A8557AE11BE21106505005A4A;FC081C55582CED11A62CD892C0003F2A;2025-05-13;0.0;0.0
FED0EE4D01CAED11A62CD892C0003F2A;FC081C55582CED11A62CD892C0003F2A;2025-05-13;0.0;0.0
432B7B2E1F22FE1191EE10650500ACB9;FC081C55582CED11A62CD892C0003F2A;2025-05-13;0.0;0.0
7B8CE0DCCDEAAE11BE2110650500EE4A;FC081C55582CED11A62CD892C0003F2A;2025-05-13;0.0;0.0
59277BD1DD456E11B7B78A650500BC08;B0BDDED34CC83E11052F6792C000B249;2025-05-13;6.0;2172.0
679C6FE8697BAE11BE21106505009F4A;44673735EAF46E11B7B78A650500BC08;2025-05-13;54.0;2667.6
5050C23F89AEFE11F1557891FE699589;FC081C55582CED11A62CD892C0003F2A;2025-05-13;2.0;899.82
0F3ABE46AF6DFE11F1557891FE690489;FC081C55582CED11A62CD892C0003F2A;2025-05-13;10.0;1197.0
161EF2FFAAF94E1142D58A6505009C08;FC081C55582CED11A62CD892C0003F2A;2025-05-13;6.0;719.52
201D4D72E07E8E11F243BB650500564B;B0BDDED34CC83E11052F6792C000B249;2025-05-13;20.0;3837.4
F21870BDF07E8E11F243BB650500564B;44673735EAF46E11B7B78A650500BC08;2025-05-13;12.0;4969.32
AA5CA666BCADBE11877210650500BE59;44673735EAF46E11B7B78A650500BC08;2025-05-13;0.0;0.0
7866912E7C456E11B7B78A650500BC08;44673735EAF46E11B7B78A650500BC08;2025-05-13;20.0;2345.08
59CEAC91BD010F11112A674AC7E2C889;FC081C55582CED11A62CD892C0003F2A;2025-05-13;2.0;809.86
FF1B5EC1BD010F11112A674AC7E2C889;FC081C55582CED11A62CD892C0003F2A;2025-05-13;8.0;3355.14
27DB5EC1BD010F11112A674AC7E2C889;FC081C55582CED11A62CD892C0003F2A;2025-05-13;8.0;3355.14
FB958DE325B4DE11ADB310650500F0C8;44673735EAF46E11B7B78A650500BC08;2025-05-13;44.0;2956.7999999999997
A8BB3765BC6DEE1191EE1065050029B9;FC081C55582CED11A62CD892C0003F2A;2025-05-13;0.0;0.0
26228801D0993E11052F6792C000D249;B0BDDED34CC83E11052F6792C000B249;2025-05-13;6.0;942.6
1FFEB44CFFC7EE1191EE1065050097B9;B0BDDED34CC83E11052F6792C000B249;2025-05-13;6.0;694.2
CEB0EF80D5D61E1143F0668E4200EE89;44673735EAF46E11B7B78A650500BC08;2025-05-13;20.0;14300.0
E76C964257E48E113835BB6505009DAA;FC081C55582CED11A62CD892C0003F2A;2025-05-13;16.0;4976.0
567D8B89709EBE11877210650500DF59;FC081C55582CED11A62CD892C0003F2A;2025-05-13;56.0;1560.16
1CCBC1A83A2D8E11F243BB650500A44B;FC081C55582CED11A62CD892C0003F2A;2025-05-13;16.0;1217.76
6437539B6F35DE11ADB310650500A1C8;FC081C55582CED11A62CD892C0003F2A;2025-05-13;4.0;546.32
1CAAD7F4EF35DE11ADB310650500A1C8;FC081C55582CED11A62CD892C0003F2A;2025-05-13;2.0;224.76
E9F5BCEF58A1CE11877210650500C369;FC081C55582CED11A62CD892C0003F2A;2025-05-13;26.0;1099.54
811E84EBBD1EFE11F1557891FE69E489;44673735EAF46E11B7B78A650500BC08;2025-05-13;80.0;5560.0
3899B989268EFE11F1557891FE696589;B0BDDED34CC83E11052F6792C000B249;2025-05-13;10.0;970.0
4DA4A75671125E1142D58A650500DC08;B0BDDED34CC83E11052F6792C000B249;2025-05-13;10.0;362.7
F7CFEAE9D233DE11ADB310650500EEB8;B0BDDED34CC83E11052F6792C000B249;2025-05-13;10.0;473.5
93356D0E4D456E11B7B78A650500BC08;44673735EAF46E11B7B78A650500BC08;2025-05-13;24.0;13252.8
A45AF0CF2D456E11B7B78A650500BC08;44673735EAF46E11B7B78A650500BC08;2025-05-13;46.0;1498.2199999999998
6AE4B5203D456E11B7B78A650500BC08;44673735EAF46E11B7B78A650500BC08;2025-05-13;96.0;7484.16
FD4235D98BA3BE11BE21106505000A5A;44673735EAF46E11B7B78A650500BC08;2025-05-13;18.0;920.64
FEFEB10F18D2DE11ADB3106505007EB8;44673735EAF46E11B7B78A650500BC08;2025-05-13;22.0;2551.56
91130EC80E907E11B7B78A650500CD08;B0BDDED34CC83E11052F6792C000B249;2025-05-13;36.0;3283.2400000000002
FC7C3159E67EFE11F1557891FE695589;FC081C55582CED11A62CD892C0003F2A;2025-05-13;0.0;0.0
73326194F9D2DE11ADB3106505007EB8;44673735EAF46E11B7B78A650500BC08;2025-05-13;-8.0;-1976.0
52159512BD010F11112A674AC7E2C889;B0BDDED34CC83E11052F6792C000B249;2025-05-13;4.0;2024.66
0F394450B1410F11112A674AC7E20989;44673735EAF46E11B7B78A650500BC08;2025-05-13;-2.0;-492.0
4C80191D8F74FE1191EE10650500CFB9;FC081C55582CED11A62CD892C0003F2A;2025-05-13;30.0;1854.0
EB77F8AC9166DE11ADB31065050013C8;FC081C55582CED11A62CD892C0003F2A;2025-05-13;12.0;1496.08
14FA241B8CC4CE11ADB3106505000DA8;FC081C55582CED11A62CD892C0003F2A;2025-05-13;4.0;837.6
5ADE455281082E11052F6792C0007F39;B0BDDED34CC83E11052F6792C000B249;2025-05-13;4.0;1137.64
7F694B8A99BC8E11F243BB650500F34B;FC081C55582CED11A62CD892C0003F2A;2025-05-13;0.0;0.0
5F21DFF129ADDE11406610650500C64A;FC081C55582CED11A62CD892C0003F2A;2025-05-13;-6.0;-379.5
082B10AEC789DE11406610650500514A;FC081C55582CED11A62CD892C0003F2A;2025-05-13;0.0;0.0
C130925975AE0E1143F0668E42001D49;B0BDDED34CC83E11052F6792C000B249;2025-05-13;40.0;1013.6
C3C6A3B4F5B9CE11ADB310650500F1B8;44673735EAF46E11B7B78A650500BC08;2025-05-13;18.0;6303.6
074637BE2CE1EE114066106505006C4A;44673735EAF46E11B7B78A650500BC08;2025-05-13;16.0;3291.2000000000003
82C73616F61E4E1142D58A650500BC08;44673735EAF46E11B7B78A650500BC08;2025-05-13;42.0;7009.799999999999
A1F225C8F61E4E1142D58A650500BC08;44673735EAF46E11B7B78A650500BC08;2025-05-13;70.0;11683.0
0190813DABE1EE114066106505006C4A;44673735EAF46E11B7B78A650500BC08;2025-05-13;12.0;3358.8
C3D9F219C8ABAE11BE2110650500DF4A;FC081C55582CED11A62CD892C0003F2A;2025-05-13;22.0;3818.3599999999997
51A39B4ED0CAED11A62CD892C0003F2A;FC081C55582CED11A62CD892C0003F2A;2025-05-13;12.0;11015.16
853F24C63AD67E11B7B78A650500ED08;FC081C55582CED11A62CD892C0003F2A;2025-05-13;12.0;3487.2
853E17D851CAED11A62CD892C0003F2A;FC081C55582CED11A62CD892C0003F2A;2025-05-13;8.0;5654.48
655326BBD25E3E11052F6792C000D249;FC081C55582CED11A62CD892C0003F2A;2025-05-13;4.0;1878.2
A26AEF3C9BC5FD110DC22A92C000D158;FC081C55582CED11A62CD892C0003F2A;2025-05-13;10.0;4563.5
67C4EDC9D0CAED11A62CD892C0003F2A;FC081C55582CED11A62CD892C0003F2A;2025-05-13;20.0;10073.8
086EDC4E3C456E11B7B78A650500BC08;44673735EAF46E11B7B78A650500BC08;2025-05-13;-4.0;-292.4
E35BF3BE3C456E11B7B78A650500BC08;44673735EAF46E11B7B78A650500BC08;2025-05-13;-14.0;-1451.8000000000002
F1F42C5731CAED11A62CD892C0003F2A;FC081C55582CED11A62CD892C0003F2A;2025-05-13;8.0;1926.26
2B7EFCCBCE13FE1191EE10650500EDB9;FC081C55582CED11A62CD892C0003F2A;2025-05-13;4.0;655.4599999999998
513B62FBC47D8E11F243BB650500154B;FC081C55582CED11A62CD892C0003F2A;2025-05-13;4.0;525.56
73D46CA347145E1142D58A650500DC08;FC081C55582CED11A62CD892C0003F2A;2025-05-13;8.0;1673.46
AEBC5088D81E4E1142D58A650500BC08;FC081C55582CED11A62CD892C0003F2A;2025-05-13;12.0;4777.98
A76C3997B34C2E11052F6792C000CF39;FC081C55582CED11A62CD892C0003F2A;2025-05-13;10.0;1424.74
9FE17EB58CBFAE11BE2110650500055A;44673735EAF46E11B7B78A650500BC08;2025-05-13;10.0;2018.1
2AD3D2D057639E11554010650500CC3B;44673735EAF46E11B7B78A650500BC08;2025-05-13;4.0;40.0
C157C00DCB456E11B7B78A650500BC08;44673735EAF46E11B7B78A650500BC08;2025-05-13;200.0;2263.2
7B13E6C399F27E11B7B78A650500DD08;44673735EAF46E11B7B78A650500BC08;2025-05-13;60.0;8568.0
598A7EB17C8DED11A62CD892C0003F2A;FC081C55582CED11A62CD892C0003F2A;2025-05-13;0.0;-0.4799999999999045
6F1F795CD0CAED11A62CD892C0003F2A;FC081C55582CED11A62CD892C0003F2A;2025-05-13;8.0;709.36
5CCF0F9C17C2FE1191EE106505006DB9;B0BDDED34CC83E11052F6792C000B249;2025-05-13;10.0;428.9
B0CC34CB1F62FE1191EE10650500FCB9;B0BDDED34CC83E11052F6792C000B249;2025-05-13;6.0;2795.88
D44A8F3C7B09AE11BE21106505008C4A;B0BDDED34CC83E11052F6792C000B249;2025-05-13;6.0;856.2
6BE3E38B6E80FE1191EE106505009AB9;FC081C55582CED11A62CD892C0003F2A;2025-05-13;4.0;4817.56
421962B377B40E11A4A96492C000067B;FC081C55582CED11A62CD892C0003F2A;2025-05-13;30.0;422.04
8F4FEA3CF1723E11052F6792C000CF39;B0BDDED34CC83E11052F6792C000B249;2025-05-13;12.0;5963.28
D9C99CE964DAED11A62CD892C0003F2A;B0BDDED34CC83E11052F6792C000B249;2025-05-13;10.0;9026.18
B37B5054AED8BE118772106505009859;B0BDDED34CC83E11052F6792C000B249;2025-05-13;18.0;11773.52
2A070AAE43747E11B7B78A650500ED08;B0BDDED34CC83E11052F6792C000B249;2025-05-13;20.0;836.44
BA7A36FC1F7BDE11406610650500F34A;FC081C55582CED11A62CD892C0003F2A;2025-05-13;-2.0;-66.0
984E40F74CE1EE114066106505006C4A;FC081C55582CED11A62CD892C0003F2A;2025-05-13;-2.0;-67.66
040F7376AC1BAE11BE21106505002F4A;FC081C55582CED11A62CD892C0003F2A;2025-05-13;-44.0;-298.32
D5F49818589D7E110819BB65050039AA;FC081C55582CED11A62CD892C0003F2A;2025-05-13;-4.0;-327.4
9F8A40588CAB7E110819BB65050039AA;FC081C55582CED11A62CD892C0003F2A;2025-05-13;-4.0;-7.28
AE1814807A5D7E110819BB65050039AA;FC081C55582CED11A62CD892C0003F2A;2025-05-13;-12.0;-108.36
1D8CE0EA30EECE11ADB310650500E8B8;FC081C55582CED11A62CD892C0003F2A;2025-05-13;-2.0;-66.0
24954CC3F58EFE11F1557891FE696589;FC081C55582CED11A62CD892C0003F2A;2025-05-13;-2.0;-84.0
1949842C0071EE11406610650500BB4A;FC081C55582CED11A62CD892C0003F2A;2025-05-13;-2.0;-72.76
22E12E56C3D67E11B7B78A650500ED08;FC081C55582CED11A62CD892C0003F2A;2025-05-13;-6.0;-236.58
EC1B3E57F2CCDE11406610650500A54A;FC081C55582CED11A62CD892C0003F2A;2025-05-13;-4.0;-1016.84
45E865724AEEBE118772106505004069;FC081C55582CED11A62CD892C0003F2A;2025-05-13;-2.0;-121.0
B27A99AAF0CAED11A62CD892C0003F2A;FC081C55582CED11A62CD892C0003F2A;2025-05-13;-2.0;-373.66
BE6785D8D0CAED11A62CD892C0003F2A;FC081C55582CED11A62CD892C0003F2A;2025-05-13;-4.0;-884.64
C07BE0DB5D85DE11ADB31065050002C8;FC081C55582CED11A62CD892C0003F2A;2025-05-13;-2.0;-45.7
D68CE0818869FE11128010650500E819;FC081C55582CED11A62CD892C0003F2A;2025-05-13;-2.0;-1160.8
B2C0EDE9F7BB1E1143F0668E4200EF5A;FC081C55582CED11A62CD892C0003F2A;2025-05-13;-2.0;-71.88
16D2311DA869FE11128010650500E819;FC081C55582CED11A62CD892C0003F2A;2025-05-13;-4.0;-1415.48
14A6871C6B55EE11B1AD1065050029EA;FC081C55582CED11A62CD892C0003F2A;2025-05-13;-2.0;-309.54
DE74760FC290BE11BE2110650500165A;FC081C55582CED11A62CD892C0003F2A;2025-05-13;-2.0;-151.74
70438F60AF16CE11ADB3106505008DA8;FC081C55582CED11A62CD892C0003F2A;2025-05-13;-4.0;-766.88
40E8254C9CDFCE11ADB3106505005AB8;FC081C55582CED11A62CD892C0003F2A;2025-05-13;-2.0;-373.66
9075EA10BCDFFD11A4A96492C0001019;FC081C55582CED11A62CD892C0003F2A;2025-05-13;-2.0;-306.44
FDF1E4E181B0EE11406610650500CA4A;FC081C55582CED11A62CD892C0003F2A;2025-05-13;-2.0;-147.26
F54CC3515C020F114EF7A826072B1A89;FC081C55582CED11A62CD892C0003F2A;2025-05-13;-4.0;-342.0
535E6A9E2B0A1E1143F0668E42009D5A;FC081C55582CED11A62CD892C0003F2A;2025-05-13;-2.0;-316.8
9617F7582642FE1191EE10650500CCB9;FC081C55582CED11A62CD892C0003F2A;2025-05-13;-2.0;-826.52
715A09D7294FFE11F1557891FE696689;FC081C55582CED11A62CD892C0003F2A;2025-05-13;-2.0;-790.4
507FA74E9F4BEE1191EE1065050029B9;FC081C55582CED11A62CD892C0003F2A;2025-05-13;-2.0;-316.9
CC5247CBE04BEE1191EE1065050029B9;FC081C55582CED11A62CD892C0003F2A;2025-05-13;-2.0;-1798.52
D1CE2DF5D7696E11B7B78A650500BC08;FC081C55582CED11A62CD892C0003F2A;2025-05-13;-2.0;-223.04
37C3840F18363E11052F6792C000FF39;FC081C55582CED11A62CD892C0003F2A;2025-05-13;-2.0;-179.78
BA5BBA8D0E7A6E11B7B78A650500BC08;FC081C55582CED11A62CD892C0003F2A;2025-05-13;-4.0;-1384.52
D7F3CAE360FBEE1191EE1065050029B9;FC081C55582CED11A62CD892C0003F2A;2025-05-13;-2.0;-373.0
707F44C4F425CE11ADB3106505000DA8;FC081C55582CED11A62CD892C0003F2A;2025-05-13;-2.0;-30.82
AA5C920702C25E1142D58A650500DC08;FC081C55582CED11A62CD892C0003F2A;2025-05-13;-2.0;-597.28
158E415F89DDCE11ADB31065050097B8;FC081C55582CED11A62CD892C0003F2A;2025-05-13;-4.0;-159.26
B9C2340DF03D7E110819BB65050039AA;FC081C55582CED11A62CD892C0003F2A;2025-05-13;-2.0;-15.26
C92C6D5B01CAED11A62CD892C0003F2A;FC081C55582CED11A62CD892C0003F2A;2025-05-13;-2.0;-292.94
DE8DBC8B695EDE11406610650500C74A;FC081C55582CED11A62CD892C0003F2A;2025-05-13;-6.0;-1112.34
C76376D283028E117E64BB650500E9AA;FC081C55582CED11A62CD892C0003F2A;2025-05-13;-2.0;-219.3
501B3090D7696E11B7B78A650500BC08;FC081C55582CED11A62CD892C0003F2A;2025-05-13;-2.0;-290.52
69CC129EF77EFE11F1557891FE695589;FC081C55582CED11A62CD892C0003F2A;2025-05-13;-4.0;-164.44
8F14FA47EBF22E1143F0668E4200C71A;FC081C55582CED11A62CD892C0003F2A;2025-05-13;-2.0;-191.5
DDC308AA9C12DE11ADB3106505008DB8;FC081C55582CED11A62CD892C0003F2A;2025-05-13;-2.0;-3055.84
6944F5BC4685FE1191EE1065050011C9;FC081C55582CED11A62CD892C0003F2A;2025-05-13;-2.0;-303.58
F78AE34E956DFD11A4A96492C000CB59;FC081C55582CED11A62CD892C0003F2A;2025-05-13;-2.0;-415.82
631E9DB11A278E11F243BB6505008C3B;FC081C55582CED11A62CD892C0003F2A;2025-05-13;-4.0;-319.16
BCD1DC24D1CAED11A62CD892C0003F2A;FC081C55582CED11A62CD892C0003F2A;2025-05-13;-2.0;-58.8
19C3840F18363E11052F6792C000FF39;FC081C55582CED11A62CD892C0003F2A;2025-05-13;-6.0;-365.28000000000003
E1897B612276AE11BE2110650500394A;FC081C55582CED11A62CD892C0003F2A;2025-05-13;-2.0;-367.34
9520D83931CAED11A62CD892C0003F2A;FC081C55582CED11A62CD892C0003F2A;2025-05-13;-2.0;-1500.58
C90D640201CAED11A62CD892C0003F2A;FC081C55582CED11A62CD892C0003F2A;2025-05-13;-2.0;-72.48
ED2EEB13DDD4DE11ADB31065050021C8;FC081C55582CED11A62CD892C0003F2A;2025-05-13;-2.0;-276.36
42E2A38201CAED11A62CD892C0003F2A;FC081C55582CED11A62CD892C0003F2A;2025-05-13;-2.0;-268.6
811E84EBBD1EFE11F1557891FE69E489;FC081C55582CED11A62CD892C0003F2A;2025-05-13;-6.0;-417.0
578EEB7BF093FE1191EE106505008EB9;FC081C55582CED11A62CD892C0003F2A;2025-05-13;-4.0;-323.36
BB9B653B7D42DE11ADB310650500CDB8;FC081C55582CED11A62CD892C0003F2A;2025-05-13;-2.0;-181.1
4599061176208E110819BB65050039AA;FC081C55582CED11A62CD892C0003F2A;2025-05-13;-8.0;-940.64
2F4B96976A767E11B7B78A650500ED08;FC081C55582CED11A62CD892C0003F2A;2025-05-13;-4.0;-558.72
243591929EFDCE11ADB310650500C7B8;FC081C55582CED11A62CD892C0003F2A;2025-05-13;-8.0;-1207.28
25FF70BD6BC6AE11BE2110650500A94A;FC081C55582CED11A62CD892C0003F2A;2025-05-13;-4.0;-878.2
0DCB0E913EDBBE118772106505006C59;FC081C55582CED11A62CD892C0003F2A;2025-05-13;-6.0;-565.9
94851C935D51FD110DC22A92C000DD89;FC081C55582CED11A62CD892C0003F2A;2025-05-13;-2.0;-36.04
454755CD9989EE1191EE1065050009B9;FC081C55582CED11A62CD892C0003F2A;2025-05-13;-2.0;-931.92
79C19A8C87449E11554010650500ED3B;FC081C55582CED11A62CD892C0003F2A;2025-05-13;-6.0;-4008.0
19B6F9A48836CE11ADB3106505008DA8;FC081C55582CED11A62CD892C0003F2A;2025-05-13;-8.0;-553.84
CAAA6685BA5DCE11ADB310650500E6B8;FC081C55582CED11A62CD892C0003F2A;2025-05-13;-2.0;-214.0
565BD54551CAED11A62CD892C0003F2A;FC081C55582CED11A62CD892C0003F2A;2025-05-13;-2.0;-370.78
51A40A8A48CE8E11F243BB650500C64B;FC081C55582CED11A62CD892C0003F2A;2025-05-13;-4.0;-3210.64
D01EECD3BCF2FD110DC22A92C000C499;FC081C55582CED11A62CD892C0003F2A;2025-05-13;-2.0;-658.44
97FBF6067722CE118772106505006469;FC081C55582CED11A62CD892C0003F2A;2025-05-13;-2.0;-4227.32
9A39160301CAED11A62CD892C0003F2A;FC081C55582CED11A62CD892C0003F2A;2025-05-13;-2.0;-108.44
CEB232DA8D410F11112A674AC7E21989;FC081C55582CED11A62CD892C0003F2A;2025-05-13;-12.0;-897.6
C34AC1B289AC3E11052F6792C000D249;FC081C55582CED11A62CD892C0003F2A;2025-05-13;-2.0;-390.58
2486D18743FDDE11406610650500274A;FC081C55582CED11A62CD892C0003F2A;2025-05-13;-2.0;-178.38
064AD03DCFDDAE11BE2110650500A25A;FC081C55582CED11A62CD892C0003F2A;2025-05-13;-2.0;-433.76
B3EEFCBB059BDE11406610650500144A;FC081C55582CED11A62CD892C0003F2A;2025-05-13;-2.0;-157.28
B201EB23E38D9E117260106505009A4A;FC081C55582CED11A62CD892C0003F2A;2025-05-13;-4.0;-959.48
EA904BBEC0CAED11A62CD892C0003F2A;FC081C55582CED11A62CD892C0003F2A;2025-05-13;-2.0;-377.92
FF9E86B00FC18E113835BB650500B9AA;FC081C55582CED11A62CD892C0003F2A;2025-05-13;-4.0;-88.78
9450B5F648A0EE11406610650500BA4A;FC081C55582CED11A62CD892C0003F2A;2025-05-13;-2.0;-175.3
BDAD53E25FAF5E1142D58A650500AD08;FC081C55582CED11A62CD892C0003F2A;2025-05-13;-2.0;-220.86
6E478844A1A6DE11ADB31065050063C8;FC081C55582CED11A62CD892C0003F2A;2025-05-13;-4.0;-215.07999999999998
499F06305D8FFE11F1557891FE69B689;FC081C55582CED11A62CD892C0003F2A;2025-05-13;-2.0;-1052.0
1AE0B1F0DAA07E11B7B78A650500CD08;FC081C55582CED11A62CD892C0003F2A;2025-05-13;-2.0;-407.34
B0E067EDE77CCE11ADB310650500B5B8;FC081C55582CED11A62CD892C0003F2A;2025-05-13;-4.0;-123.88
2CBB85E51B39FD11A4A96492C0006F3B;FC081C55582CED11A62CD892C0003F2A;2025-05-13;-4.0;-2480.0
468337CD542CAE11BE2110650500705A;FC081C55582CED11A62CD892C0003F2A;2025-05-13;-2.0;-406.08
4F7C32CFCDF2DE11ADB310650500AEB8;FC081C55582CED11A62CD892C0003F2A;2025-05-13;-2.0;-1187.58
4531BE2C4933BE11BE2110650500795A;FC081C55582CED11A62CD892C0003F2A;2025-05-13;-2.0;-22.94
D37B59210A7D5E1142D58A6505002D08;FC081C55582CED11A62CD892C0003F2A;2025-05-13;-2.0;-2505.3
605D54D8506AFE11128010650500E819;FC081C55582CED11A62CD892C0003F2A;2025-05-13;-4.0;-228.6
5E46054E8D6B6E11B7B78A650500BC08;FC081C55582CED11A62CD892C0003F2A;2025-05-13;-2.0;-1008.22
78C1708D978CDE11406610650500554A;FC081C55582CED11A62CD892C0003F2A;2025-05-13;-2.0;-335.5
C17F5346CFAF5E1142D58A650500AD08;FC081C55582CED11A62CD892C0003F2A;2025-05-13;-2.0;-260.54
E65904ECAD62FE1191EE10650500FCB9;FC081C55582CED11A62CD892C0003F2A;2025-05-13;-2.0;-119.68
A62FE58601C9FE11128010650500E819;FC081C55582CED11A62CD892C0003F2A;2025-05-13;-2.0;-4215.78
043AE554DF0ACE11ADB31065050062B8;FC081C55582CED11A62CD892C0003F2A;2025-05-13;-2.0;-616.82
96F6F027EA44FE1191EE106505007FB9;FC081C55582CED11A62CD892C0003F2A;2025-05-13;-2.0;-770.38
56B7271F6D028E11996DBB6505000AAA;FC081C55582CED11A62CD892C0003F2A;2025-05-13;-2.0;-768.2
14EEFCBB059BDE11406610650500144A;FC081C55582CED11A62CD892C0003F2A;2025-05-13;-4.0;-184.28
C786FA88A8E9BE11877210650500E959;FC081C55582CED11A62CD892C0003F2A;2025-05-13;-2.0;-210.0
223EE9252FE2BE11BE2110650500195A;FC081C55582CED11A62CD892C0003F2A;2025-05-13;-4.0;-30.52
6973FC19248EFE11F1557891FE696589;FC081C55582CED11A62CD892C0003F2A;2025-05-13;-2.0;-444.3
B1B7955D82C5EE1191EE1065050045B9;FC081C55582CED11A62CD892C0003F2A;2025-05-13;-6.0;-1080.0
E96B877A988AFE11128010650500E819;FC081C55582CED11A62CD892C0003F2A;2025-05-13;-2.0;-27.8
2349910753F2EE11B1AD1065050006EA;FC081C55582CED11A62CD892C0003F2A;2025-05-13;-4.0;-111.08
24CB52DF0BC2DE11ADB3106505006EB8;FC081C55582CED11A62CD892C0003F2A;2025-05-13;-2.0;-2292.72
17D7FCFEDB8F6E11B7B78A650500CD08;FC081C55582CED11A62CD892C0003F2A;2025-05-13;-2.0;-548.32
ABBB507AE02FEE1191EE1065050029B9;FC081C55582CED11A62CD892C0003F2A;2025-05-13;-2.0;-686.54
A4B55BEE8B159E115540106505001F3B;FC081C55582CED11A62CD892C0003F2A;2025-05-13;-2.0;-243.16
36B22AA6A709CE11ADB31065050011B8;FC081C55582CED11A62CD892C0003F2A;2025-05-13;-2.0;-1614.54
481D84BB0F70DE11ADB3106505004BB8;FC081C55582CED11A62CD892C0003F2A;2025-05-13;-2.0;-64.46
38CE1601F87D5E1142D58A6505002D08;FC081C55582CED11A62CD892C0003F2A;2025-05-13;-2.0;-2338.3
3ED4F787160DEE1191EE1065050029B9;FC081C55582CED11A62CD892C0003F2A;2025-05-13;-2.0;-123.02
85EFAEB6104FFE11F1557891FE695689;FC081C55582CED11A62CD892C0003F2A;2025-05-13;-2.0;-23.24
8FBC07BF37F8FE11128010650500D819;FC081C55582CED11A62CD892C0003F2A;2025-05-13;-2.0;-321.06
D7A1B38EBB82DE11ADB3106505001EB8;FC081C55582CED11A62CD892C0003F2A;2025-05-13;-12.0;-266.32
F6BA35B36CE1DE11ADB3106505004DB8;FC081C55582CED11A62CD892C0003F2A;2025-05-13;-4.0;-320.28
AF38F5BA15807E11B7B78A650500CD08;FC081C55582CED11A62CD892C0003F2A;2025-05-13;-12.0;-863.92
164FF067C934DE11ADB31065050050C8;FC081C55582CED11A62CD892C0003F2A;2025-05-13;-4.0;-1020.68
671E7C7608C6DE11C84610650500DE6A;FC081C55582CED11A62CD892C0003F2A;2025-05-13;-2.0;-39.2
3E2815569694FE1191EE10650500EFB9;FC081C55582CED11A62CD892C0003F2A;2025-05-13;-4.0;-1211.8
C1D65036DE75FD110DC22A92C000D158;FC081C55582CED11A62CD892C0003F2A;2025-05-13;-4.0;-90.06
F77302444F00EE11406610650500F94A;FC081C55582CED11A62CD892C0003F2A;2025-05-13;-2.0;-253.9
4398024E31CAED11A62CD892C0003F2A;FC081C55582CED11A62CD892C0003F2A;2025-05-13;-2.0;-266.04
C3EF16A58B50EE114066106505005A4A;B0BDDED34CC83E11052F6792C000B249;2025-05-13;-2.0;-45.08
99DFC4E971365E1142D58A650500DC08;B0BDDED34CC83E11052F6792C000B249;2025-05-13;-2.0;-422.76
0A150FF1AC112E1143F0668E4200C71A;B0BDDED34CC83E11052F6792C000B249;2025-05-13;-2.0;-674.14
78D72BEC42593E11052F6792C000D249;B0BDDED34CC83E11052F6792C000B249;2025-05-13;-2.0;-9721.44
2C2E044394AE9E117260106505001C4A;B0BDDED34CC83E11052F6792C000B249;2025-05-13;-2.0;-243.98
7FF3D27615F3FE1191EE106505000FB9;B0BDDED34CC83E11052F6792C000B249;2025-05-13;-2.0;-280.7
6E754762F0CAED11A62CD892C0003F2A;B0BDDED34CC83E11052F6792C000B249;2025-05-13;-6.0;-329.82
A80AC546F173EE11B1AD10650500A6EA;B0BDDED34CC83E11052F6792C000B249;2025-05-13;-6.0;-452.06
7AA19B2EAB596E11B7B78A650500BC08;B0BDDED34CC83E11052F6792C000B249;2025-05-13;-2.0;-149.54
840431D5CCEEDE11406610650500884A;B0BDDED34CC83E11052F6792C000B249;2025-05-13;-2.0;-37.34
7CBDF248DC197E110819BB65050009AA;B0BDDED34CC83E11052F6792C000B249;2025-05-13;-2.0;-179.78
FC7BAA72FB409E11F243BB650500B84B;B0BDDED34CC83E11052F6792C000B249;2025-05-13;-4.0;-66.16
B3BB3F40799D3E11052F6792C000D249;B0BDDED34CC83E11052F6792C000B249;2025-05-13;-2.0;-96.76
5E9E10AFF173EE11B1AD10650500A6EA;B0BDDED34CC83E11052F6792C000B249;2025-05-13;-2.0;-66.94
11DBD1DCD0CAED11A62CD892C0003F2A;B0BDDED34CC83E11052F6792C000B249;2025-05-13;-8.0;-1158.16
9612E9F0DADD8E11F243BB650500954B;B0BDDED34CC83E11052F6792C000B249;2025-05-13;-2.0;-2599.9
6EA292756D44FE1191EE106505007FB9;B0BDDED34CC83E11052F6792C000B249;2025-05-13;-2.0;-1412.0
B92E96F204716E1142D58A650500AD08;B0BDDED34CC83E11052F6792C000B249;2025-05-13;-2.0;-2490.22
BC019713DDE1EE114066106505006C4A;B0BDDED34CC83E11052F6792C000B249;2025-05-13;-2.0;-186.8
4548EC167654EE11B1AD10650500C7EA;B0BDDED34CC83E11052F6792C000B249;2025-05-13;-2.0;-105.4
762C770EBC787E110819BB65050009AA;B0BDDED34CC83E11052F6792C000B249;2025-05-13;-2.0;-57.7
3310041AC1C6BE11877210650500E559;B0BDDED34CC83E11052F6792C000B249;2025-05-13;-6.0;-185.82
8592484515118E110819BB65050039AA;B0BDDED34CC83E11052F6792C000B249;2025-05-13;-4.0;-303.62
FC8392C169E6FD110DC22A92C000D158;B0BDDED34CC83E11052F6792C000B249;2025-05-13;-2.0;-265.82
8313C334BD2ECE11ADB31065050008B8;B0BDDED34CC83E11052F6792C000B249;2025-05-13;-2.0;-79.64
60F15376AF6DFE11F1557891FE690489;B0BDDED34CC83E11052F6792C000B249;2025-05-13;-2.0;-152.0
7C48B759FE6CDE11406610650500354A;B0BDDED34CC83E11052F6792C000B249;2025-05-13;-2.0;-185.28
3160794DCD1BFE11128010650500E819;B0BDDED34CC83E11052F6792C000B249;2025-05-13;-4.0;-1329.56
3BF299C21802EE114066106505008C4A;B0BDDED34CC83E11052F6792C000B249;2025-05-13;-2.0;-1542.82
F822E9ECF153FE1191EE106505002EB9;B0BDDED34CC83E11052F6792C000B249;2025-05-13;-8.0;-743.92
0C4233DCCE80FE1191EE106505009AB9;B0BDDED34CC83E11052F6792C000B249;2025-05-13;-2.0;-399.44
35406D3BAC93FE1191EE106505009EB9;B0BDDED34CC83E11052F6792C000B249;2025-05-13;-2.0;-226.0
912EFBDEFCD2FE1191EE106505009DB9;B0BDDED34CC83E11052F6792C000B249;2025-05-13;-2.0;-273.06
32C34D2776EDDE11406610650500174A;B0BDDED34CC83E11052F6792C000B249;2025-05-13;-2.0;-86.08
75EF8C7617F48E113835BB650500ADAA;B0BDDED34CC83E11052F6792C000B249;2025-05-13;-2.0;-872.1
7C862812662BDE11406610650500734A;B0BDDED34CC83E11052F6792C000B249;2025-05-13;-2.0;-519.2
3A8FE3866C143E11052F6792C000FF39;B0BDDED34CC83E11052F6792C000B249;2025-05-13;-2.0;-598.88
7B85B07901CAED11A62CD892C0003F2A;B0BDDED34CC83E11052F6792C000B249;2025-05-13;-8.0;-926.88
1830E9908A300F11F1557891FE699789;B0BDDED34CC83E11052F6792C000B249;2025-05-13;-4.0;-895.46
75B25CEF16D6AE11BE2110650500B94A;B0BDDED34CC83E11052F6792C000B249;2025-05-13;-4.0;-5324.08
49E9975D893FDE11406610650500E84A;B0BDDED34CC83E11052F6792C000B249;2025-05-13;-2.0;-17.38
C041EAA500CAED11A62CD892C0003F2A;B0BDDED34CC83E11052F6792C000B249;2025-05-13;-2.0;-444.78
A729A1082814EE11B1AD1065050077EA;B0BDDED34CC83E11052F6792C000B249;2025-05-13;-2.0;-234.76
D1CE72C8C09FCE11ADB310650500E9B8;B0BDDED34CC83E11052F6792C000B249;2025-05-13;-2.0;-40.62
39D0A43DB6CDEE1191EE1065050029B9;B0BDDED34CC83E11052F6792C000B249;2025-05-13;-4.0;-874.74
940AEDF7C2867E11B7B78A650500ED08;B0BDDED34CC83E11052F6792C000B249;2025-05-13;-4.0;-129.68
418586B83596DE11ADB31065050053C8;B0BDDED34CC83E11052F6792C000B249;2025-05-13;-2.0;-358.16
4A059E5A40C0EE11406610650500DA4A;B0BDDED34CC83E11052F6792C000B249;2025-05-13;-12.0;-1408.56
9DEBE596FB913E11052F6792C000CF39;B0BDDED34CC83E11052F6792C000B249;2025-05-13;-2.0;-1770.0
8B8E4D971673FE1191EE106505006EB9;B0BDDED34CC83E11052F6792C000B249;2025-05-13;-4.0;-189.84
47B9FA705FAAFE11128010650500E819;B0BDDED34CC83E11052F6792C000B249;2025-05-13;-2.0;-153.72
22512A7DC7770E11A4A96492C000EC6A;B0BDDED34CC83E11052F6792C000B249;2025-05-13;-2.0;-710.74
892CD956A0CAED11A62CD892C0003F2A;B0BDDED34CC83E11052F6792C000B249;2025-05-13;-2.0;-314.0
8DFF0450D0CAED11A62CD892C0003F2A;B0BDDED34CC83E11052F6792C000B249;2025-05-13;-4.0;-398.92
D58A6214EC430E11A4A96492C00008E9;B0BDDED34CC83E11052F6792C000B249;2025-05-13;-4.0;-781.16
71917AB011CAED11A62CD892C0003F2A;B0BDDED34CC83E11052F6792C000B249;2025-05-13;-2.0;-323.8
C486995474054E1142D58A6505002C08;B0BDDED34CC83E11052F6792C000B249;2025-05-13;-2.0;-155.44
5BF1E4E181B0EE11406610650500CA4A;B0BDDED34CC83E11052F6792C000B249;2025-05-13;-2.0;-128.76
24FBA1572B917E11B7B78A650500CD08;B0BDDED34CC83E11052F6792C000B249;2025-05-13;-4.0;-163.06
4F724BC241CAED11A62CD892C0003F2A;B0BDDED34CC83E11052F6792C000B249;2025-05-13;-2.0;-1213.96
E759B6028D7DED11A62CD892C0003F2A;B0BDDED34CC83E11052F6792C000B249;2025-05-13;-2.0;-178.7
A34403D57DAB7E110819BB65050039AA;B0BDDED34CC83E11052F6792C000B249;2025-05-13;-20.0;-47.6
844000D3FBCEAE11BE2110650500D35A;B0BDDED34CC83E11052F6792C000B249;2025-05-13;-12.0;-504.0
B420D83931CAED11A62CD892C0003F2A;B0BDDED34CC83E11052F6792C000B249;2025-05-13;-2.0;-2131.6
94A6D0F5F4A00E11A4A96492C0002019;B0BDDED34CC83E11052F6792C000B249;2025-05-13;-2.0;-309.52
84BC032AFCFF6E11B7B78A650500CD08;B0BDDED34CC83E11052F6792C000B249;2025-05-13;-2.0;-774.86
AB889AA6B0D97E110819BB65050019AA;B0BDDED34CC83E11052F6792C000B249;2025-05-13;-14.0;-2305.52
9D6E9871EFBFCE11ADB3106505002AB8;B0BDDED34CC83E11052F6792C000B249;2025-05-13;-2.0;-1795.86
647B55A4657EAE11BE2110650500635A;B0BDDED34CC83E11052F6792C000B249;2025-05-13;-4.0;-1245.48
3A1A0E02A3CAED11A62CD892C0003F2A;B0BDDED34CC83E11052F6792C000B249;2025-05-13;-4.0;-136.06
336316E511BD3E11052F6792C000D249;B0BDDED34CC83E11052F6792C000B249;2025-05-13;-2.0;-42.68
07DC66FE5AC1BE11BE2110650500A75A;B0BDDED34CC83E11052F6792C000B249;2025-05-13;-2.0;-63.24
4DC54A9225B4DE11ADB310650500F0C8;B0BDDED34CC83E11052F6792C000B249;2025-05-13;-2.0;-134.4
DDA0BB5F01CAED11A62CD892C0003F2A;B0BDDED34CC83E11052F6792C000B249;2025-05-13;-2.0;-140.0
FDBF5FCF20CAED11A62CD892C0003F2A;B0BDDED34CC83E11052F6792C000B249;2025-05-13;-4.0;-212.0
CBA04A2DD8D9BE11877210650500D959;B0BDDED34CC83E11052F6792C000B249;2025-05-13;-2.0;-401.54
E4459644CB05FD110DC22A92C0009D7B;B0BDDED34CC83E11052F6792C000B249;2025-05-13;-2.0;-761.28
4E4BCFB931CAED11A62CD892C0003F2A;B0BDDED34CC83E11052F6792C000B249;2025-05-13;-2.0;-2444.76
47A2D4320317DE11C846106505003F6A;B0BDDED34CC83E11052F6792C000B249;2025-05-13;-2.0;-382.34
1350B5F648A0EE11406610650500BA4A;B0BDDED34CC83E11052F6792C000B249;2025-05-13;-2.0;-111.94
FECAFA9418733E11052F6792C000CF39;B0BDDED34CC83E11052F6792C000B249;2025-05-13;-2.0;-220.4
8ABA43A8EC14CE11877210650500E669;B0BDDED34CC83E11052F6792C000B249;2025-05-13;-4.0;-481.14
0CC6A366D0CAED11A62CD892C0003F2A;B0BDDED34CC83E11052F6792C000B249;2025-05-13;-2.0;-684.72
4036F47EFF30EE114066106505003A4A;B0BDDED34CC83E11052F6792C000B249;2025-05-13;-2.0;-58.44
37C3840F18363E11052F6792C000FF39;B0BDDED34CC83E11052F6792C000B249;2025-05-13;-2.0;-179.78
F4316CAC2C2DFE11F1557891FE69B389;B0BDDED34CC83E11052F6792C000B249;2025-05-13;-2.0;-327.6
F670FA68996BEE1191EE1065050029B9;B0BDDED34CC83E11052F6792C000B249;2025-05-13;-2.0;-75.94
FFC8E9A3C877DE11C84610650500BF6A;B0BDDED34CC83E11052F6792C000B249;2025-05-13;-6.0;-153.0
99B1096E1978FE11128010650500D819;B0BDDED34CC83E11052F6792C000B249;2025-05-13;-8.0;-26.76
6A768BB74052DE11ADB310650500CDB8;B0BDDED34CC83E11052F6792C000B249;2025-05-13;-2.0;-994.28
A953163C1257DE11C846106505008F6A;B0BDDED34CC83E11052F6792C000B249;2025-05-13;-2.0;-1060.96
FCC67A9CC0CAED11A62CD892C0003F2A;B0BDDED34CC83E11052F6792C000B249;2025-05-13;-2.0;-212.7
B52F235F27F8FE11128010650500D819;B0BDDED34CC83E11052F6792C000B249;2025-05-13;-2.0;-532.22
BC5FCB1BB03D7E110819BB65050039AA;B0BDDED34CC83E11052F6792C000B249;2025-05-13;-4.0;-72.38
C799D94BD63BEE1191EE1065050029B9;B0BDDED34CC83E11052F6792C000B249;2025-05-13;-2.0;-179.74
2CC0C09275E0EE114066106505000B4A;B0BDDED34CC83E11052F6792C000B249;2025-05-13;-2.0;-136.68
761177B82642FE1191EE10650500CCB9;B0BDDED34CC83E11052F6792C000B249;2025-05-13;-2.0;-1691.2
E5C7703F6EEAAE11BE2110650500EE4A;44673735EAF46E11B7B78A650500BC08;2025-05-13;-14.0;-158.66
ACD58392A1567E11B7B78A650500ED08;44673735EAF46E11B7B78A650500BC08;2025-05-13;-4.0;-218.8
37AD7D7EE2DC9E11726010650500B94A;44673735EAF46E11B7B78A650500BC08;2025-05-13;-20.0;-409.18000000000006
0E9DE51F066E9E11726010650500CB4A;44673735EAF46E11B7B78A650500BC08;2025-05-13;-4.0;-107.68
E81DD8F181E4EE11B1AD1065050078EA;44673735EAF46E11B7B78A650500BC08;2025-05-13;-2.0;-317.52
32810D0D4ECF7E110819BB65050039AA;44673735EAF46E11B7B78A650500BC08;2025-05-13;-6.0;-1674.0
639615790C44FE1191EE106505007FB9;44673735EAF46E11B7B78A650500BC08;2025-05-13;-2.0;-4970.0
D0B239D0E9E07E11B7B78A650500CD08;44673735EAF46E11B7B78A650500BC08;2025-05-13;-2.0;-482.86
A57424025EEEDE11406610650500884A;44673735EAF46E11B7B78A650500BC08;2025-05-13;-2.0;-1574.14
250BACBD2D456E11B7B78A650500BC08;44673735EAF46E11B7B78A650500BC08;2025-05-13;-2.0;-121.6
9CC9CBD168400F11F1557891FE69A789;44673735EAF46E11B7B78A650500BC08;2025-05-13;-4.0;-56.8
30BA59F21C7C9E11726010650500494A;44673735EAF46E11B7B78A650500BC08;2025-05-13;-10.0;-926.0
8542B3BA4FDD6E11B7B78A650500BC08;44673735EAF46E11B7B78A650500BC08;2025-05-13;-22.0;-535.26
74137EBFE6197E110819BB65050009AA;44673735EAF46E11B7B78A650500BC08;2025-05-13;-8.0;-128.96
E4BD69038A11FE1191EE106505004BB9;44673735EAF46E11B7B78A650500BC08;2025-05-13;-6.0;-4635.84
59D4EA126C456E11B7B78A650500BC08;44673735EAF46E11B7B78A650500BC08;2025-05-13;-4.0;-821.78
B9C3840F18363E11052F6792C000FF39;44673735EAF46E11B7B78A650500BC08;2025-05-13;-4.0;-359.56
8F1B972E4CA8FE11128010650500D819;44673735EAF46E11B7B78A650500BC08;2025-05-13;-4.0;-263.7
EAF0C23888C6DE11C84610650500DE6A;44673735EAF46E11B7B78A650500BC08;2025-05-13;-2.0;-23.66
1CDB44B94F7FFE11F1557891FE69A689;44673735EAF46E11B7B78A650500BC08;2025-05-13;-6.0;-75.72
21C1AE3A2A6BFE111280106505000919;44673735EAF46E11B7B78A650500BC08;2025-05-13;-6.0;-374.78000000000003
736E3808A691EE11406610650500EB4A;44673735EAF46E11B7B78A650500BC08;2025-05-13;0.0;0.0
7B85B07901CAED11A62CD892C0003F2A;44673735EAF46E11B7B78A650500BC08;2025-05-13;-10.0;-1158.6
A618F6757505EE11B1AD10650500A8EA;44673735EAF46E11B7B78A650500BC08;2025-05-13;-156.2;-7481.9800000000005
6EEA365EE0E6EE1191EE1065050096B9;44673735EAF46E11B7B78A650500BC08;2025-05-13;-2.0;-463.24
03FCB11E072FFE11F1557891FE693689;44673735EAF46E11B7B78A650500BC08;2025-05-13;-4.0;-272.0
7962D203666FAE11BE2110650500945A;44673735EAF46E11B7B78A650500BC08;2025-05-13;-2.0;-735.46
D9FA0E49AC456E11B7B78A650500BC08;44673735EAF46E11B7B78A650500BC08;2025-05-13;-4.0;-469.26
F019D09DF9456E11B7B78A650500BC08;44673735EAF46E11B7B78A650500BC08;2025-05-13;-4.0;-166.44
2AF34C346D7DBE118772106505007E59;44673735EAF46E11B7B78A650500BC08;2025-05-13;-2.0;-260.0
C341FA5710556E11B7B78A650500BC08;44673735EAF46E11B7B78A650500BC08;2025-05-13;-2.0;-639.16
BA29DD479C456E11B7B78A650500BC08;44673735EAF46E11B7B78A650500BC08;2025-05-13;-18.0;-308.34
913A2ED2ABAF7E110819BB65050039AA;44673735EAF46E11B7B78A650500BC08;2025-05-13;-18.0;-3760.32
7E1C1F0E1308EE1191EE10650500D7B9;44673735EAF46E11B7B78A650500BC08;2025-05-13;-2.0;-1153.44
2DECC5295BDB6E11B7B78A650500BC08;44673735EAF46E11B7B78A650500BC08;2025-05-13;-2.0;-678.84
7C05A256CC456E11B7B78A650500BC08;44673735EAF46E11B7B78A650500BC08;2025-05-13;-6.0;-735.0
4EADFCF7E8A47E11B7B78A650500ED08;44673735EAF46E11B7B78A650500BC08;2025-05-13;-4.0;-331.76
84361D8F49BFEE1191EE1065050089B9;44673735EAF46E11B7B78A650500BC08;2025-05-13;-4.0;-378.38
BE044D3564B8FE11128010650500D819;44673735EAF46E11B7B78A650500BC08;2025-05-13;-2.0;-300.0
D53DDEE17B4F6E11B7B78A650500CD08;44673735EAF46E11B7B78A650500BC08;2025-05-13;-240.0;-825.5999999999999
D65B363FB4DD6E11B7B78A650500BC08;44673735EAF46E11B7B78A650500BC08;2025-05-13;-2.0;-438.5
E607CEA2721A8E11F243BB650500304B;44673735EAF46E11B7B78A650500BC08;2025-05-13;-10.0;-619.5
E4920F1D0C68BE118772106505000859;44673735EAF46E11B7B78A650500BC08;2025-05-13;-4.0;-2404.62
6319A4E2A84AAE11BE21106505001E4A;44673735EAF46E11B7B78A650500BC08;2025-05-13;-8.0;-976.0
345902914575EE1191EE10650500D4B9;44673735EAF46E11B7B78A650500BC08;2025-05-13;-16.0;-320.0
FD076A426D7DBE118772106505007E59;44673735EAF46E11B7B78A650500BC08;2025-05-13;-6.0;-780.0
0CDC855645C0BE11BE2110650500565A;44673735EAF46E11B7B78A650500BC08;2025-05-13;-2.0;-2410.0
AE1B8A54FE456E11B7B78A650500BC08;44673735EAF46E11B7B78A650500BC08;2025-05-13;-2.0;-139.28
B478FC289F900F11F1557891FE691889;44673735EAF46E11B7B78A650500BC08;2025-05-13;-2.0;-200.86
B60D74F7B9456E11B7B78A650500BC08;44673735EAF46E11B7B78A650500BC08;2025-05-13;-28.0;-7735.42
DE0A23497C7BDE11406610650500F34A;44673735EAF46E11B7B78A650500BC08;2025-05-13;-2.0;-9.8
19C3840F18363E11052F6792C000FF39;44673735EAF46E11B7B78A650500BC08;2025-05-13;-4.0;-243.52
B22D072F390FEE1191EE1065050029B9;44673735EAF46E11B7B78A650500BC08;2025-05-13;-2.0;-31.32
F906F2FAFEA57E11B7B78A650500ED08;44673735EAF46E11B7B78A650500BC08;2025-05-13;-6.0;-198.36
5FF5DAAEE61E4E1142D58A650500BC08;44673735EAF46E11B7B78A650500BC08;2025-05-13;-10.0;-1669.0
820DED1F3C456E11B7B78A650500BC08;44673735EAF46E11B7B78A650500BC08;2025-05-13;-2.0;-355.3
B5007E2FAA488E11F243BB650500FD3B;44673735EAF46E11B7B78A650500BC08;2025-05-13;-6.0;-114.96000000000001
2B23E5EBF89DDE11406610650500B64A;44673735EAF46E11B7B78A650500BC08;2025-05-13;-2.0;-270.84
5DC445A184938E113835BB6505001CAA;44673735EAF46E11B7B78A650500BC08;2025-05-13;-8.0;-468.6
E35FFDDC632B7E110819BB65050039AA;44673735EAF46E11B7B78A650500BC08;2025-05-13;-2.0;-593.78
0B1F6EDA63E61E1143F0668E4200EE89;44673735EAF46E11B7B78A650500BC08;2025-05-13;-4.0;-92.04
527566A724F96E11B7B78A650500BC08;44673735EAF46E11B7B78A650500BC08;2025-05-13;-2.0;-209.1
6975FFA380A49E115540106505006E3B;44673735EAF46E11B7B78A650500BC08;2025-05-13;-2.0;-3077.84
28A30B3692D08E110819BB65050039AA;44673735EAF46E11B7B78A650500BC08;2025-05-13;-2.0;-251.56
4FA42E5AFCFA8E11F243BB650500614B;44673735EAF46E11B7B78A650500BC08;2025-05-13;-2.0;-104.04
73BD324B03078E11F243BB6505005C3B;44673735EAF46E11B7B78A650500BC08;2025-05-13;-4.0;-150.28
AEDCC768C4BC3E11052F6792C000D249;44673735EAF46E11B7B78A650500BC08;2025-05-13;-2.0;-147.44
85D7991766767E11B7B78A650500ED08;44673735EAF46E11B7B78A650500BC08;2025-05-13;-8.0;-2212.6
7CBDF248DC197E110819BB65050009AA;44673735EAF46E11B7B78A650500BC08;2025-05-13;-6.0;-539.34
462352B9AC456E11B7B78A650500BC08;44673735EAF46E11B7B78A650500BC08;2025-05-13;-2.0;-299.46
FA6562D6E770BE11BE2110650500F55A;44673735EAF46E11B7B78A650500BC08;2025-05-13;-4.0;-52.620000000000005
73356D0E4D456E11B7B78A650500BC08;44673735EAF46E11B7B78A650500BC08;2025-05-13;-2.0;-679.68
AB7940D3EEF39E115540106505008D3B;44673735EAF46E11B7B78A650500BC08;2025-05-13;-2.0;-779.62
016AADAA45437E11B7B78A650500DD08;44673735EAF46E11B7B78A650500BC08;2025-05-13;-2.0;-213.9
AFAE76E2DC456E11B7B78A650500BC08;44673735EAF46E11B7B78A650500BC08;2025-05-13;-8.0;-896.48
8504885023DB8E11F243BB650500724B;44673735EAF46E11B7B78A650500BC08;2025-05-13;-2.0;-163.82
A0CD01C39C456E11B7B78A650500BC08;44673735EAF46E11B7B78A650500BC08;2025-05-13;-8.0;-1027.44
B9977FE3FC456E11B7B78A650500BC08;44673735EAF46E11B7B78A650500BC08;2025-05-13;-2.0;-114.0
CF17727D0C5CCE11ADB31065050095B8;44673735EAF46E11B7B78A650500BC08;2025-05-13;-2.0;-817.84
9CE313194FDD6E11B7B78A650500BC08;44673735EAF46E11B7B78A650500BC08;2025-05-13;-44.0;-1017.72
411BDB13721A8E11F243BB650500304B;44673735EAF46E11B7B78A650500BC08;2025-05-13;-2.0;-143.64
9F88857859B1EE114066106505001C4A;44673735EAF46E11B7B78A650500BC08;2025-05-13;-2.0;-165.22
686DD158D0CAED11A62CD892C0003F2A;44673735EAF46E11B7B78A650500BC08;2025-05-13;-2.0;-230.58
F9635E2728E29E115540106505002C3B;44673735EAF46E11B7B78A650500BC08;2025-05-13;-2.0;-1057.02
0DF1D982821A8E11F243BB650500304B;44673735EAF46E11B7B78A650500BC08;2025-05-13;-2.0;-530.54
6396BB8EEB0AFE11128010650500E819;44673735EAF46E11B7B78A650500BC08;2025-05-13;-2.0;-83.2
81CF5FCF20CAED11A62CD892C0003F2A;44673735EAF46E11B7B78A650500BC08;2025-05-13;-2.0;-124.0
C8C49C3FF34EFE11F1557891FE691589;44673735EAF46E11B7B78A650500BC08;2025-05-13;-2.0;-583.08
27EF68BDED456E11B7B78A650500BC08;44673735EAF46E11B7B78A650500BC08;2025-05-13;-2.0;-6785.66
1BB68FDC06DB8E11F243BB650500724B;44673735EAF46E11B7B78A650500BC08;2025-05-13;-2.0;-1722.0
84F861EACED4DE11ADB31065050021C8;44673735EAF46E11B7B78A650500BC08;2025-05-13;-10.0;-414.0
51399CFCCF456E11B7B78A650500BC08;44673735EAF46E11B7B78A650500BC08;2025-05-13;-2.0;-74.62
717ADCE697B0FE1191EE10650500CAB9;44673735EAF46E11B7B78A650500BC08;2025-05-13;-4.0;-194.44
435C276DAF456E11B7B78A650500BC08;44673735EAF46E11B7B78A650500BC08;2025-05-13;-2.0;-679.76
31449DB44D456E11B7B78A650500BC08;44673735EAF46E11B7B78A650500BC08;2025-05-13;-2.0;-200.58
9A6B84CED87C8E11F243BB650500A34B;44673735EAF46E11B7B78A650500BC08;2025-05-13;-2.0;-227.4
DAB22E7B3A95DE11ADB31065050012C8;44673735EAF46E11B7B78A650500BC08;2025-05-13;-2.0;-195.18
227D5F42A8ED9E117260106505001B4A;44673735EAF46E11B7B78A650500BC08;2025-05-13;-2.0;-442.0
FD8E5826E528CE11ADB310650500EFA8;44673735EAF46E11B7B78A650500BC08;2025-05-13;-8.0;-697.52
F99416FBBD1EFE11F1557891FE69E489;44673735EAF46E11B7B78A650500BC08;2025-05-13;-2.0;-142.94
575C6F999786CE11ADB310650500DDA8;44673735EAF46E11B7B78A650500BC08;2025-05-13;-2.0;-17.42
1A234B135CFD7E110819BB65050039AA;44673735EAF46E11B7B78A650500BC08;2025-05-13;-4.0;-442.0
9DF6A71D02238E117E64BB6505005BAA;44673735EAF46E11B7B78A650500BC08;2025-05-13;-4.0;-520.0
E1D5171B4DA1EE114066106505000C4A;44673735EAF46E11B7B78A650500BC08;2025-05-13;-2.0;-424.5
93261BFD42578E11F243BB650500BC3B;44673735EAF46E11B7B78A650500BC08;2025-05-13;-8.0;-478.08
1F325514EA9C7E110819BB65050039AA;44673735EAF46E11B7B78A650500BC08;2025-05-13;-2.0;-57.94
A92A9D81CFC5EE1191EE1065050055B9;44673735EAF46E11B7B78A650500BC08;2025-05-13;-60.0;-1104.0
0C6569AA70679E11554010650500F14B;44673735EAF46E11B7B78A650500BC08;2025-05-13;-2.0;-783.58
2DAF77B03A0F9E117260106505009C4A;44673735EAF46E11B7B78A650500BC08;2025-05-13;-2.0;-107.58
8A7732EA29EA5E1142D58A6505000D08;44673735EAF46E11B7B78A650500BC08;2025-05-13;-2.0;-437.0
AEC089005FDFDE11406610650500B94A;44673735EAF46E11B7B78A650500BC08;2025-05-13;-2.0;-287.12
B920C0573E456E11B7B78A650500BC08;44673735EAF46E11B7B78A650500BC08;2025-05-13;-2.0;-606.0
D872E3C034E4FE1191EE1065050040C9;44673735EAF46E11B7B78A650500BC08;2025-05-13;-2.0;-669.66
90330441B8C7FE1191EE1065050004C9;44673735EAF46E11B7B78A650500BC08;2025-05-13;-2.0;-126.2
9542580C6889EE1191EE1065050009B9;44673735EAF46E11B7B78A650500BC08;2025-05-13;-4.0;-549.92
9BD3D7AC4427BE118772106505006659;44673735EAF46E11B7B78A650500BC08;2025-05-13;-4.0;-1890.34
A548244781D1DE11ADB3106505002DB8;44673735EAF46E11B7B78A650500BC08;2025-05-13;-2.0;-188.26
7357CADF84DDBE11877210650500EE59;44673735EAF46E11B7B78A650500BC08;2025-05-13;-4.0;-232.92
5B19CE156923FE1191EE10650500FDB9;44673735EAF46E11B7B78A650500BC08;2025-05-13;-16.0;-468.32
F03CDE7623900F11F1557891FE690889;44673735EAF46E11B7B78A650500BC08;2025-05-13;-2.0;-640.0
1FF7FC289F900F11F1557891FE691889;44673735EAF46E11B7B78A650500BC08;2025-05-13;-2.0;-186.82
17DC4ADF3F49AE11BE2110650500DC4A;44673735EAF46E11B7B78A650500BC08;2025-05-13;-4.0;-232.76
23F859C0EC9F7E110819BB65050039AA;44673735EAF46E11B7B78A650500BC08;2025-05-13;-2.0;-120.36
87F551B23E456E11B7B78A650500BC08;44673735EAF46E11B7B78A650500BC08;2025-05-13;-2.0;-2560.0
0B951FA014D9DE11406610650500B14A;44673735EAF46E11B7B78A650500BC08;2025-05-13;-2.0;-22.64
E7F4F53C79363E11052F6792C000FF39;44673735EAF46E11B7B78A650500BC08;2025-05-13;-2.0;-62.06
42C6C6DB07456E11B7B78A650500BC08;44673735EAF46E11B7B78A650500BC08;2025-05-13;-6.0;-439.14
A79BADAE35AE4E1142D58A650500BC08;44673735EAF46E11B7B78A650500BC08;2025-05-13;-4.0;-199.6
B03E72117EEAAE11BE2110650500EE4A;44673735EAF46E11B7B78A650500BC08;2025-05-13;-40.0;-1649.42
91907B0574AB8E11F243BB650500324B;44673735EAF46E11B7B78A650500BC08;2025-05-13;-4.0;-276.94
4B6A0075C11A8E11F243BB650500304B;44673735EAF46E11B7B78A650500BC08;2025-05-13;-2.0;-303.22
A89284BB701EEE1191EE1065050029B9;B0BDDED34CC83E11052F6792C000B249;2025-05-13;-8.0;-638.4
6D2DAA33D2B5DE11ADB31065050032C8;B0BDDED34CC83E11052F6792C000B249;2025-05-13;-2.0;-252.0
BB6490A6B60C4E1142D58A650500BC08;44673735EAF46E11B7B78A650500BC08;2025-05-13;-2.0;-157.0
8ACA04CC443B0E11A4A96492C0001269;44673735EAF46E11B7B78A650500BC08;2025-05-13;-2.0;-221.92
445BF3BE3C456E11B7B78A650500BC08;44673735EAF46E11B7B78A650500BC08;2025-05-13;2.0;241.4
E22B3B15D322FE1191EE106505009CB9;44673735EAF46E11B7B78A650500BC08;2025-05-13;2.0;2095.38
25C7C91F6D42DE11ADB310650500CDB8;B0BDDED34CC83E11052F6792C000B249;2025-05-13;2.0;744.88
1867457D27F74E1142D58A6505002C08;44673735EAF46E11B7B78A650500BC08;2025-05-13;0.0;0.0
867CB3B0F6153E11052F6792C000FF39;44673735EAF46E11B7B78A650500BC08;2025-05-13;0.0;0.0
311E76F40FC1CE11877210650500F369;44673735EAF46E11B7B78A650500BC08;2025-05-13;8.0;285.36
226DB7855F34FE1191EE106505006FB9;FC081C55582CED11A62CD892C0003F2A;2025-05-13;-2.0;-769.8
DE2D774AA60BFE11128010650500E819;FC081C55582CED11A62CD892C0003F2A;2025-05-13;0.0;0.0
E408300AA60BFE11128010650500E819;FC081C55582CED11A62CD892C0003F2A;2025-05-13;-6.0;-221.64
86E515FDA3C0FE1191EE10650500DAB9;FC081C55582CED11A62CD892C0003F2A;2025-05-13;0.0;0.0
7A5AC5819272CE11877210650500C469;FC081C55582CED11A62CD892C0003F2A;2025-05-13;0.0;0.0
38235F98F45CEE1191EE1065050029B9;FC081C55582CED11A62CD892C0003F2A;2025-05-13;0.0;0.0
BFEA3D00EBEAEE1191EE1065050029B9;FC081C55582CED11A62CD892C0003F2A;2025-05-13;0.0;0.0
15ED082CB3DFEE1191EE10650500A9B9;FC081C55582CED11A62CD892C0003F2A;2025-05-13;0.0;0.0
9415F68F5F5CCE11ADB31065050095B8;FC081C55582CED11A62CD892C0003F2A;2025-05-13;0.0;0.0
24E892E31EE5CE11ADB3106505006DA8;FC081C55582CED11A62CD892C0003F2A;2025-05-13;0.0;0.0
BF17F306E868FE11128010650500D819;FC081C55582CED11A62CD892C0003F2A;2025-05-13;0.0;0.0
EA53EE80EC6FEE1191EE1065050029B9;FC081C55582CED11A62CD892C0003F2A;2025-05-13;0.0;0.0
F24EC43D1728DE11C84610650500907A;FC081C55582CED11A62CD892C0003F2A;2025-05-13;4.0;4231.18
EE819C8149E5AE11BE2110650500884A;FC081C55582CED11A62CD892C0003F2A;2025-05-13;0.0;0.0
3FA2BB4D0DADEE1191EE1065050029B9;FC081C55582CED11A62CD892C0003F2A;2025-05-13;0.0;0.0
C355554E087EFE11F1557891FE695589;FC081C55582CED11A62CD892C0003F2A;2025-05-13;0.0;0.0
4BC7A34A1E456E11B7B78A650500BC08;44673735EAF46E11B7B78A650500BC08;2025-05-13;-12.0;-3098.3999999999996
6C62A77B610A3E11052F6792C000D249;44673735EAF46E11B7B78A650500BC08;2025-05-13;-4.0;-1208.16
185B9B4990CAED11A62CD892C0003F2A;44673735EAF46E11B7B78A650500BC08;2025-05-13;-4.0;-624.64
A6E57582166E9E11726010650500CB4A;44673735EAF46E11B7B78A650500BC08;2025-05-13;-20.0;-2904.42
46A14C47CBE2FE1191EE10650500ADB9;B0BDDED34CC83E11052F6792C000B249;2025-05-13;0.0;0.0
3AA622F431010F11112A674AC7E2B889;B0BDDED34CC83E11052F6792C000B249;2025-05-13;0.0;0.0
D68D9BC431010F11112A674AC7E2B889;B0BDDED34CC83E11052F6792C000B249;2025-05-13;0.0;0.0
4DEEEC9ABB1EEE1191EE1065050029B9;B0BDDED34CC83E11052F6792C000B249;2025-05-13;0.0;0.0
C3A27F630AA07E11B7B78A650500CD08;B0BDDED34CC83E11052F6792C000B249;2025-05-13;0.0;0.0
B72D2C979324EE11B1AD1065050087EA;B0BDDED34CC83E11052F6792C000B249;2025-05-13;0.0;0.0
5C2669C42106FE1191EE10650500B1C9;B0BDDED34CC83E11052F6792C000B249;2025-05-13;0.0;0.0
CB69563E5F2BBE118772106505008B59;B0BDDED34CC83E11052F6792C000B249;2025-05-13;0.0;0.0
4A2E8D7E2A326E1142D58A650500AD08;B0BDDED34CC83E11052F6792C000B249;2025-05-13;0.0;0.0
91D9FBED66C33E11052F6792C000EF39;B0BDDED34CC83E11052F6792C000B249;2025-05-13;0.0;0.0
F0F92A2FED7FFE11F1557891FE69A689;B0BDDED34CC83E11052F6792C000B249;2025-05-13;0.0;0.0
A682E47E6431FE1191EE106505006BB9;B0BDDED34CC83E11052F6792C000B249;2025-05-13;0.0;0.0
BE3DF5FB1D2B7E110819BB65050039AA;B0BDDED34CC83E11052F6792C000B249;2025-05-13;0.0;0.0
7F20EF05C4B88E11F243BB6505007E3B;B0BDDED34CC83E11052F6792C000B249;2025-05-13;0.0;0.0
1DF2DAC0DDADAE11BE2110650500625A;B0BDDED34CC83E11052F6792C000B249;2025-05-13;0.0;0.0
84E7FA25EA93FE1191EE106505009EB9;B0BDDED34CC83E11052F6792C000B249;2025-05-13;0.0;0.0
0A282CFF889D7E110819BB65050039AA;B0BDDED34CC83E11052F6792C000B249;2025-05-13;0.0;0.0
9B76C90BEDF39E115540106505008D3B;B0BDDED34CC83E11052F6792C000B249;2025-05-13;-4.0;-144.14
DB9C305862065E1142D58A650500DC08;B0BDDED34CC83E11052F6792C000B249;2025-05-13;0.0;0.0
6CE7F027EA44FE1191EE106505007FB9;B0BDDED34CC83E11052F6792C000B249;2025-05-13;0.0;0.0
0790516A93C1CE11877210650500E369;B0BDDED34CC83E11052F6792C000B249;2025-05-13;0.0;0.0
F1687BD3689D7E110819BB65050039AA;B0BDDED34CC83E11052F6792C000B249;2025-05-13;0.0;0.0
9AC1D6FDD330EE114066106505002A4A;FC081C55582CED11A62CD892C0003F2A;2025-05-13;-2.0;-30.339999999999986
7D9CCAD4C295FE1191EE1065050021C9;FC081C55582CED11A62CD892C0003F2A;2025-05-13;0.0;0.0
93806D38B7A0EE11406610650500BA4A;FC081C55582CED11A62CD892C0003F2A;2025-05-13;0.0;0.0
588001A41828EE1191EE1065050018B9;FC081C55582CED11A62CD892C0003F2A;2025-05-13;0.0;0.0
DC9AE3C90383AE11726010650500425A;44673735EAF46E11B7B78A650500BC08;2025-05-13;50.0;3528.0000000000005
CE5265483915CE11ADB3106505000DA8;44673735EAF46E11B7B78A650500BC08;2025-05-13;-82.0;-27778.32
482A495DD8FCEE1191EE1065050029B9;FC081C55582CED11A62CD892C0003F2A;2025-05-13;10.0;1260.0
EA359FFDEB6DFE11F1557891FE690489;FC081C55582CED11A62CD892C0003F2A;2025-05-13;4.0;1341.4
7B777CFD4935EE11B1AD10650500F8EA;FC081C55582CED11A62CD892C0003F2A;2025-05-13;4.0;1424.32
27FBE5C39B46DE11ADB310650500F2C8;44673735EAF46E11B7B78A650500BC08;2025-05-13;0.0;0.0
229BC74F67B2EE11B1AD10650500B5EA;44673735EAF46E11B7B78A650500BC08;2025-05-13;0.0;-1.1368683772161603e-13
341C5EC1BD010F11112A674AC7E2C889;FC081C55582CED11A62CD892C0003F2A;2025-05-13;8.0;3355.14
5BC48AF1BD010F11112A674AC7E2C889;FC081C55582CED11A62CD892C0003F2A;2025-05-13;8.0;4165.0
A3469512BD010F11112A674AC7E2C889;FC081C55582CED11A62CD892C0003F2A;2025-05-13;4.0;2834.52
B0869512BD010F11112A674AC7E2C889;FC081C55582CED11A62CD892C0003F2A;2025-05-13;20.0;2747.74
66F0FD22BD010F11112A674AC7E2C889;FC081C55582CED11A62CD892C0003F2A;2025-05-13;16.0;5321.94
AE203BCB05B4DE11ADB310650500F0C8;44673735EAF46E11B7B78A650500BC08;2025-05-13;24.0;1393.92
C19FD9E74654EE11B1AD10650500C7EA;FC081C55582CED11A62CD892C0003F2A;2025-05-13;0.0;0.0
A4FCF0D984AEDE11406610650500284A;FC081C55582CED11A62CD892C0003F2A;2025-05-13;6.0;1240.22
F9A66B13FF986E11B7B78A650500BC08;FC081C55582CED11A62CD892C0003F2A;2025-05-13;56.0;1162.56
3865C9FB1123CE11877210650500A569;FC081C55582CED11A62CD892C0003F2A;2025-05-13;156.0;5211.96
51DCEF629D4DDE11406610650500564A;FC081C55582CED11A62CD892C0003F2A;2025-05-13;8.0;1757.68
EACC105068A1CE11877210650500C369;FC081C55582CED11A62CD892C0003F2A;2025-05-13;12.0;418.38
2FC1A93BC7E10F114EF7A826072BE989;44673735EAF46E11B7B78A650500BC08;2025-05-13;48.0;4785.12
72C6DDA882D2FE1191EE106505007DB9;B0BDDED34CC83E11052F6792C000B249;2025-05-13;4.0;2138.4
B78AB989268EFE11F1557891FE696589;B0BDDED34CC83E11052F6792C000B249;2025-05-13;10.0;970.0
BE76A33C1148EE1191EE1065050038B9;44673735EAF46E11B7B78A650500BC08;2025-05-13;-8.0;-376.0
CEE19BF2952AFE11128010650500E819;44673735EAF46E11B7B78A650500BC08;2025-05-13;14.0;3691.8
23C214434B8ACE11ADB31065050003B8;B0BDDED34CC83E11052F6792C000B249;2025-05-13;10.0;409.3
6F9889072C8EAE11BE2110650500835A;44673735EAF46E11B7B78A650500BC08;2025-05-13;-16.0;-832.0
C6CA0CF52D456E11B7B78A650500BC08;44673735EAF46E11B7B78A650500BC08;2025-05-13;116.0;23752.159999999996
8EEE57A734054E1142D58A6505002C08;FC081C55582CED11A62CD892C0003F2A;2025-05-13;24.0;3200.16
CD42A93BC7E10F114EF7A826072BE989;B0BDDED34CC83E11052F6792C000B249;2025-05-13;22.0;2984.2999999999997
70936E61BD010F11112A674AC7E2C889;B0BDDED34CC83E11052F6792C000B249;2025-05-13;2.0;1349.76
FF1B5EC1BD010F11112A674AC7E2C889;B0BDDED34CC83E11052F6792C000B249;2025-05-13;6.0;2516.36
1A9B5EC1BD010F11112A674AC7E2C889;B0BDDED34CC83E11052F6792C000B249;2025-05-13;10.0;4193.92
E805F7515CE7CE11ADB3106505009FA8;FC081C55582CED11A62CD892C0003F2A;2025-05-13;40.0;306.86
D3463FF31AB57E11B7B78A650500ED08;FC081C55582CED11A62CD892C0003F2A;2025-05-13;0.0;0.0
915735412AB57E11B7B78A650500ED08;FC081C55582CED11A62CD892C0003F2A;2025-05-13;0.0;0.0
D4F45A1B91593E11052F6792C000D249;FC081C55582CED11A62CD892C0003F2A;2025-05-13;0.0;0.0
A2BA5A5CED7FFE11F1557891FE69A689;FC081C55582CED11A62CD892C0003F2A;2025-05-13;0.0;0.0
0667E6F39C1D8E11F243BB650500944B;FC081C55582CED11A62CD892C0003F2A;2025-05-13;0.0;0.0
6EB22DA85AC28E117E64BB650500EAAA;FC081C55582CED11A62CD892C0003F2A;2025-05-13;0.0;0.0
25503F46DC74FE1191EE10650500CFB9;FC081C55582CED11A62CD892C0003F2A;2025-05-13;0.0;0.0
45C89F75C1AB7E110819BB65050039AA;FC081C55582CED11A62CD892C0003F2A;2025-05-13;0.0;-4.547473508864641e-13
2BC7A34A1E456E11B7B78A650500BC08;44673735EAF46E11B7B78A650500BC08;2025-05-13;8.0;2685.2800000000007
A35EA6B4E61E4E1142D58A650500BC08;44673735EAF46E11B7B78A650500BC08;2025-05-13;24.0;4005.6
D9228B1FF513CE118772106505009569;FC081C55582CED11A62CD892C0003F2A;2025-05-13;4.0;1480.92
C911570D457BFE111280106505000919;B0BDDED34CC83E11052F6792C000B249;2025-05-13;-2.0;-2103.78
318B9260A019FE11128010650500E819;B0BDDED34CC83E11052F6792C000B249;2025-05-13;2.0;1552.88
CA75909C6B72BE11BE2110650500885A;FC081C55582CED11A62CD892C0003F2A;2025-05-13;70.0;3738.0
C8C8D17B57628E111E1BBB6505007AAA;FC081C55582CED11A62CD892C0003F2A;2025-05-13;-10.0;-142.06
6E16F6C8D7190E11A4A96492C0001269;FC081C55582CED11A62CD892C0003F2A;2025-05-13;12.0;2487.12
8397BF6A01CAED11A62CD892C0003F2A;FC081C55582CED11A62CD892C0003F2A;2025-05-13;24.0;5231.76
00A22CE6BCF96E11B7B78A650500BC08;FC081C55582CED11A62CD892C0003F2A;2025-05-13;4.0;1452.76
5EAA17C65FE39E115540106505007D3B;FC081C55582CED11A62CD892C0003F2A;2025-05-13;24.0;18841.92
020276EBD0CAED11A62CD892C0003F2A;FC081C55582CED11A62CD892C0003F2A;2025-05-13;12.0;2020.56
FA56BEFFB0CAED11A62CD892C0003F2A;FC081C55582CED11A62CD892C0003F2A;2025-05-13;24.0;7450.8
E235B2A195BA8E11F243BB650500014B;44673735EAF46E11B7B78A650500BC08;2025-05-13;0.0;0.0
43DC7C2BDCFDFD11A4A96492C0006D28;FC081C55582CED11A62CD892C0003F2A;2025-05-13;8.0;1508.7
12D1BB5665946E11B7B78A650500BC08;FC081C55582CED11A62CD892C0003F2A;2025-05-13;12.0;5061.16
D46C3997B34C2E11052F6792C000CF39;FC081C55582CED11A62CD892C0003F2A;2025-05-13;4.0;2179.4
56B7F08574A2CE118772106505000569;44673735EAF46E11B7B78A650500BC08;2025-05-13;6.0;3189.42
D1FCFFFA9365BE11BE21106505003C5A;44673735EAF46E11B7B78A650500BC08;2025-05-13;10.0;9341.5
91F8FBEC44D67E11B7B78A650500ED08;FC081C55582CED11A62CD892C0003F2A;2025-05-13;14.0;280.98
6D9C25C5A1088E11F243BB6505009D3B;44673735EAF46E11B7B78A650500BC08;2025-05-13;2.0;600.0
B5628F5A768C7E110819BB65050039AA;44673735EAF46E11B7B78A650500BC08;2025-05-13;100.0;14140.0
63D4D73DF2E3DE11ADB310650500CFB8;FC081C55582CED11A62CD892C0003F2A;2025-05-13;4.0;664.52
6E1B4DEE2AF1EE114066106505007C4A;B0BDDED34CC83E11052F6792C000B249;2025-05-13;6.0;401.34
0220BA69D7E3FE1191EE10650500FEB9;B0BDDED34CC83E11052F6792C000B249;2025-05-13;4.0;2306.04
2179679436A0EE11406610650500BA4A;B0BDDED34CC83E11052F6792C000B249;2025-05-13;6.0;1088.76
2E2E4A6D43D9EE1191EE1065050009B9;FC081C55582CED11A62CD892C0003F2A;2025-05-13;12.0;2507.48
BC6B5EDD43D9EE1191EE1065050009B9;FC081C55582CED11A62CD892C0003F2A;2025-05-13;4.0;911.42
8E04E38B6E80FE1191EE106505009AB9;FC081C55582CED11A62CD892C0003F2A;2025-05-13;4.0;827.42
6A887B0B71832E1143F0668E4200C71A;FC081C55582CED11A62CD892C0003F2A;2025-05-13;40.0;676.32
0F59EDCDEE2FEE1191EE1065050029B9;B0BDDED34CC83E11052F6792C000B249;2025-05-13;20.0;3103.72
B1CEF7991431FE1191EE106505006BB9;B0BDDED34CC83E11052F6792C000B249;2025-05-13;2.0;3575.7
39C52ACDC3D67E11B7B78A650500ED08;FC081C55582CED11A62CD892C0003F2A;2025-05-13;-2.0;-81.3
729D09C0B8B8FE11128010650500D819;FC081C55582CED11A62CD892C0003F2A;2025-05-13;-2.0;-207.76
CB3C54E18120FE1191EE106505000AB9;FC081C55582CED11A62CD892C0003F2A;2025-05-13;-2.0;-145.82
B9269CC2E09FCE11ADB310650500E9B8;FC081C55582CED11A62CD892C0003F2A;2025-05-13;-4.0;-69.58
6E01587A05568E11F243BB6505007B3B;FC081C55582CED11A62CD892C0003F2A;2025-05-13;-2.0;-197.98
B26FE24741BFFE11F1557891FE69E689;FC081C55582CED11A62CD892C0003F2A;2025-05-13;-6.0;-239.74
3492A8F9D596DE11ADB31065050053C8;FC081C55582CED11A62CD892C0003F2A;2025-05-13;-2.0;-41.24
ECAEDC180EBEEE1191EE1065050029B9;FC081C55582CED11A62CD892C0003F2A;2025-05-13;-2.0;-207.32
52F6D6BE2277BE11877210650500C659;FC081C55582CED11A62CD892C0003F2A;2025-05-13;-2.0;-174.28
6E3E6D13D1E7EE1191EE10650500A7B9;FC081C55582CED11A62CD892C0003F2A;2025-05-13;-4.0;-4.62
C2C7B7682E74FE1191EE10650500CFB9;FC081C55582CED11A62CD892C0003F2A;2025-05-13;-6.0;-179.22
55383ECA4F09FE11128010650500E819;FC081C55582CED11A62CD892C0003F2A;2025-05-13;-2.0;-27.08
543A468EADB88E11F243BB6505008E3B;FC081C55582CED11A62CD892C0003F2A;2025-05-13;-2.0;-126.58
71EFD0AC608BDE11406610650500F34A;FC081C55582CED11A62CD892C0003F2A;2025-05-13;-2.0;-483.94
965868D986838E113835BB6505000CAA;FC081C55582CED11A62CD892C0003F2A;2025-05-13;-8.0;-268.32
A729A1082814EE11B1AD1065050077EA;FC081C55582CED11A62CD892C0003F2A;2025-05-13;-2.0;-234.76
B478FC289F900F11F1557891FE691889;FC081C55582CED11A62CD892C0003F2A;2025-05-13;-8.0;-803.44
D10CED78501ADE11406610650500024A;FC081C55582CED11A62CD892C0003F2A;2025-05-13;-2.0;-5399.0
78005E43D99DDE11406610650500B64A;FC081C55582CED11A62CD892C0003F2A;2025-05-13;-4.0;-285.92
6D6CBF42A74BCE11ADB31065050014B8;FC081C55582CED11A62CD892C0003F2A;2025-05-13;-2.0;-758.86
68AE6A1C82EFFE11F1557891FE692789;FC081C55582CED11A62CD892C0003F2A;2025-05-13;-2.0;-801.82
5C32CBDD2233DE11ADB310650500EEB8;FC081C55582CED11A62CD892C0003F2A;2025-05-13;-6.0;-888.42
C71AC1A77C3FFE11F1557891FE695689;FC081C55582CED11A62CD892C0003F2A;2025-05-13;-2.0;-505.78
5A70E9491E17CE11ADB3106505009EA8;FC081C55582CED11A62CD892C0003F2A;2025-05-13;-2.0;-213.58
309C2C1F68DDCE11ADB31065050097B8;FC081C55582CED11A62CD892C0003F2A;2025-05-13;-2.0;-48.72
D3ABF37184410F11112A674AC7E20989;FC081C55582CED11A62CD892C0003F2A;2025-05-13;-2.0;-648.56
46B486E755C45E1142D58A650500DC08;FC081C55582CED11A62CD892C0003F2A;2025-05-13;-4.0;-265.0
97945CE29E669E11554010650500C04B;FC081C55582CED11A62CD892C0003F2A;2025-05-13;-6.0;-812.1800000000001
FA6BE507EBC0AE11726010650500DE4A;FC081C55582CED11A62CD892C0003F2A;2025-05-13;-2.0;-298.9
B9AE818660A7FE1191EE10650500D3C9;FC081C55582CED11A62CD892C0003F2A;2025-05-13;-4.0;-459.76
E79BDED6A094DE11ADB310650500C0C8;FC081C55582CED11A62CD892C0003F2A;2025-05-13;-2.0;-408.24
97D01DB2675FFE11F1557891FE697689;FC081C55582CED11A62CD892C0003F2A;2025-05-13;-2.0;-507.86
6E95F2B23F1EAE11BE2110650500F25A;FC081C55582CED11A62CD892C0003F2A;2025-05-13;-2.0;-339.26
66571DA650ECDE11406610650500C54A;FC081C55582CED11A62CD892C0003F2A;2025-05-13;-2.0;-261.46
9C56BEFFB0CAED11A62CD892C0003F2A;FC081C55582CED11A62CD892C0003F2A;2025-05-13;-2.0;-465.68
BBD4185A5DBBEE1191EE1065050029B9;FC081C55582CED11A62CD892C0003F2A;2025-05-13;-2.0;-1136.0
9DD427889B9BEE1191EE1065050029B9;FC081C55582CED11A62CD892C0003F2A;2025-05-13;-2.0;-253.0
847CA119BFC06E1142D58A650500AD08;FC081C55582CED11A62CD892C0003F2A;2025-05-13;-1.8;-665.06
1611AF91956BFD11A4A96492C000CB59;FC081C55582CED11A62CD892C0003F2A;2025-05-13;-2.0;-375.42
0B5BA3B2A877EE1191EE1065050027B9;FC081C55582CED11A62CD892C0003F2A;2025-05-13;-4.0;-406.84
A5C5195257363E11052F6792C000FF39;FC081C55582CED11A62CD892C0003F2A;2025-05-13;-4.0;-204.6
6E03C37E8AF08E110819BB65050039AA;FC081C55582CED11A62CD892C0003F2A;2025-05-13;-2.0;-271.68
215D9C4235DFEE1191EE10650500A9B9;FC081C55582CED11A62CD892C0003F2A;2025-05-13;-4.0;-906.0
2972F770294CDE11406610650500054A;FC081C55582CED11A62CD892C0003F2A;2025-05-13;-2.0;-480.16
5F4D0447DB1B4E1142D58A6505009C08;FC081C55582CED11A62CD892C0003F2A;2025-05-13;-2.0;-704.1
844000D3FBCEAE11BE2110650500D35A;FC081C55582CED11A62CD892C0003F2A;2025-05-13;-6.0;-252.0
9CDBEE16B2C88E11F243BB6505008E3B;FC081C55582CED11A62CD892C0003F2A;2025-05-13;-6.0;-490.02
DF54721C5835FE1191EE10650500B0C9;FC081C55582CED11A62CD892C0003F2A;2025-05-13;-4.0;-558.52
1B1527A997ABAE11BE2110650500DF4A;FC081C55582CED11A62CD892C0003F2A;2025-05-13;-4.0;-1348.28
BBC9FD3045A3EE11B1AD10650500E6EA;FC081C55582CED11A62CD892C0003F2A;2025-05-13;-2.0;-2826.56
8E990BED90CAED11A62CD892C0003F2A;FC081C55582CED11A62CD892C0003F2A;2025-05-13;-4.0;-870.72
CA2C6D5B01CAED11A62CD892C0003F2A;FC081C55582CED11A62CD892C0003F2A;2025-05-13;-2.0;-103.58
8249FFAEA36BCE11ADB31065050034B8;FC081C55582CED11A62CD892C0003F2A;2025-05-13;-2.0;-81.6
B35DEDF7568EFE11F1557891FE696589;FC081C55582CED11A62CD892C0003F2A;2025-05-13;-2.0;-510.0
37CFC6AC38CE8E11F243BB650500C64B;FC081C55582CED11A62CD892C0003F2A;2025-05-13;-4.0;-154.24
3B33ADA2A0FE5E1142D58A6505006D08;FC081C55582CED11A62CD892C0003F2A;2025-05-13;-2.0;-608.18
21C08E2F2317DE11C846106505003F6A;FC081C55582CED11A62CD892C0003F2A;2025-05-13;-6.0;-1375.3799999999999
0776B8B88D36DE11ADB310650500E2C8;FC081C55582CED11A62CD892C0003F2A;2025-05-13;-2.0;-296.14
1AE515C781CAED11A62CD892C0003F2A;FC081C55582CED11A62CD892C0003F2A;2025-05-13;-2.0;-38.66
CF2C6D5B01CAED11A62CD892C0003F2A;FC081C55582CED11A62CD892C0003F2A;2025-05-13;-4.0;-549.12
7274E61DA0CAED11A62CD892C0003F2A;FC081C55582CED11A62CD892C0003F2A;2025-05-13;-4.0;-518.62
F08C2743F451EE114066106505009B4A;FC081C55582CED11A62CD892C0003F2A;2025-05-13;-2.0;-169.2
0CB5D848B1BBEE1191EE1065050029B9;FC081C55582CED11A62CD892C0003F2A;2025-05-13;-4.0;-339.2
4A12BAC636EEAE11BE2110650500F35A;FC081C55582CED11A62CD892C0003F2A;2025-05-13;-6.0;-566.86
CA56CE983BF6DE11C846106505001F6A;FC081C55582CED11A62CD892C0003F2A;2025-05-13;-4.0;-444.16
FC39F31DAF13CE11877210650500A569;FC081C55582CED11A62CD892C0003F2A;2025-05-13;-4.0;-109.48
A3D2F7E18596DE11ADB31065050053C8;FC081C55582CED11A62CD892C0003F2A;2025-05-13;-2.0;-877.14
0FEA32F6DDFFFE11F1557891FE694789;FC081C55582CED11A62CD892C0003F2A;2025-05-13;-4.0;-1222.24
51FB1359A884EE11B1AD1065050008EA;FC081C55582CED11A62CD892C0003F2A;2025-05-13;-2.0;-1218.2
9A3E2FFD81CAED11A62CD892C0003F2A;FC081C55582CED11A62CD892C0003F2A;2025-05-13;-2.0;-313.58
1498ADBB78C6DE11C84610650500DE6A;FC081C55582CED11A62CD892C0003F2A;2025-05-13;-2.0;-23.66
4939E2C83CCEAE11BE2110650500D35A;FC081C55582CED11A62CD892C0003F2A;2025-05-13;-4.0;-71.2
679C6FE8697BAE11BE21106505009F4A;FC081C55582CED11A62CD892C0003F2A;2025-05-13;-2.0;-98.8
E0A55E04E0CAED11A62CD892C0003F2A;FC081C55582CED11A62CD892C0003F2A;2025-05-13;-4.0;-1340.48
6E754762F0CAED11A62CD892C0003F2A;FC081C55582CED11A62CD892C0003F2A;2025-05-13;-2.0;-110.06
4F7D5CAE9C31EE114066106505007B4A;FC081C55582CED11A62CD892C0003F2A;2025-05-13;-2.0;-478.22
ADD117953AFB3E11052F6792C000D249;FC081C55582CED11A62CD892C0003F2A;2025-05-13;-4.0;-514.76
0835B01A293EBE118772106505006F59;FC081C55582CED11A62CD892C0003F2A;2025-05-13;-4.0;-111.44
C845FD748C1DCE11ADB31065050096B8;FC081C55582CED11A62CD892C0003F2A;2025-05-13;-2.0;-455.44
E3F6C923D74CDE11406610650500054A;FC081C55582CED11A62CD892C0003F2A;2025-05-13;-8.0;-764.8
3542737CCE80FE1191EE106505009AB9;FC081C55582CED11A62CD892C0003F2A;2025-05-13;-2.0;-358.1
D70519DFC0CAED11A62CD892C0003F2A;FC081C55582CED11A62CD892C0003F2A;2025-05-13;-2.0;-389.14
15465FAD3AC0DE11ADB310650500ABB8;FC081C55582CED11A62CD892C0003F2A;2025-05-13;-4.0;-157.18
BB6A7AF34686CE11ADB310650500DDA8;FC081C55582CED11A62CD892C0003F2A;2025-05-13;-2.0;-48.3
637E818660A7FE1191EE10650500D3C9;FC081C55582CED11A62CD892C0003F2A;2025-05-13;-2.0;-229.88
9CF1E4E181B0EE11406610650500CA4A;FC081C55582CED11A62CD892C0003F2A;2025-05-13;-2.0;-158.2
8E4BCFB931CAED11A62CD892C0003F2A;FC081C55582CED11A62CD892C0003F2A;2025-05-13;-4.0;-721.0799999999999
1DB3910DBC05DE11ADB31065050061C8;FC081C55582CED11A62CD892C0003F2A;2025-05-13;-2.0;-652.0
256370B9559DFE11F1557891FE693489;FC081C55582CED11A62CD892C0003F2A;2025-05-13;-2.0;-20.98
38A3346A3B768E11F243BB650500AB3B;FC081C55582CED11A62CD892C0003F2A;2025-05-13;-2.0;-627.68
D5EEAE3F108EFE11F1557891FE696589;FC081C55582CED11A62CD892C0003F2A;2025-05-13;-2.0;-675.76
053F09DF4A62FD110DC22A92C0006778;FC081C55582CED11A62CD892C0003F2A;2025-05-13;-4.0;-373.54
7CBDF248DC197E110819BB65050009AA;FC081C55582CED11A62CD892C0003F2A;2025-05-13;-2.0;-179.78
3376033300C80E11A4A96492C0001269;FC081C55582CED11A62CD892C0003F2A;2025-05-13;-6.0;-446.56
999C2659F33ABE118772106505004A59;FC081C55582CED11A62CD892C0003F2A;2025-05-13;-2.0;-384.58
4D1931D6104FFE11F1557891FE695689;FC081C55582CED11A62CD892C0003F2A;2025-05-13;-2.0;-84.14
9AC1E6F90EE6DE11C846106505000F6A;FC081C55582CED11A62CD892C0003F2A;2025-05-13;-2.0;-29.8
5CCE7C972D9EFE11F1557891FE698589;FC081C55582CED11A62CD892C0003F2A;2025-05-13;-2.0;-114.04
E947C7327DCA9E11525010650500EB4A;FC081C55582CED11A62CD892C0003F2A;2025-05-13;-4.0;-1284.3200000000002
8AB860F06D89FE11128010650500E819;FC081C55582CED11A62CD892C0003F2A;2025-05-13;-2.0;-701.1
9FC0185B58314E1142D58A650500DB08;FC081C55582CED11A62CD892C0003F2A;2025-05-13;-2.0;-838.68
627A78B86C10FE1191EE106505000AB9;FC081C55582CED11A62CD892C0003F2A;2025-05-13;-2.0;-1033.94
F034436BE358FE11128010650500D819;FC081C55582CED11A62CD892C0003F2A;2025-05-13;-2.0;-27.78
BD018AC6864F9E11726010650500EC4A;FC081C55582CED11A62CD892C0003F2A;2025-05-13;-10.0;-991.98
FEA0114E6EBBEE1191EE1065050029B9;FC081C55582CED11A62CD892C0003F2A;2025-05-13;-2.0;-1376.0
83CC305578C1FE1191EE106505002CB9;FC081C55582CED11A62CD892C0003F2A;2025-05-13;-2.0;-601.32
CEC793409369DE11C84610650500227A;FC081C55582CED11A62CD892C0003F2A;2025-05-13;-2.0;-353.92
B7BE495F6136EE1191EE10650500D5B9;FC081C55582CED11A62CD892C0003F2A;2025-05-13;-4.0;-1501.1
4FE6458FFA854E1142D58A6505002C08;FC081C55582CED11A62CD892C0003F2A;2025-05-13;-2.0;-670.04
099C53538ABAFE11128010650500E819;FC081C55582CED11A62CD892C0003F2A;2025-05-13;-24.0;-711.3599999999999
93A88B2863F7DE11C84610650500507A;FC081C55582CED11A62CD892C0003F2A;2025-05-13;-2.0;-79.8
71E97FBFB17CEE1191EE1065050029B9;FC081C55582CED11A62CD892C0003F2A;2025-05-13;-2.0;-1372.24
1ECE8753F0CAED11A62CD892C0003F2A;FC081C55582CED11A62CD892C0003F2A;2025-05-13;-2.0;-294.96
387233DCCE80FE1191EE106505009AB9;FC081C55582CED11A62CD892C0003F2A;2025-05-13;-2.0;-256.14
13705CEAE3DD2E11052F6792C000CF39;FC081C55582CED11A62CD892C0003F2A;2025-05-13;-2.0;-780.98
1F6DBE0A81365E1142D58A650500DC08;FC081C55582CED11A62CD892C0003F2A;2025-05-13;-2.0;-819.28
2EA6FE26D8ED9E117260106505001B4A;FC081C55582CED11A62CD892C0003F2A;2025-05-13;-2.0;-344.0
25360C1333D0DE11ADB310650500BBB8;FC081C55582CED11A62CD892C0003F2A;2025-05-13;-2.0;-155.6
FF4F05B4DCCE6E11B7B78A6505008D08;FC081C55582CED11A62CD892C0003F2A;2025-05-13;-2.0;-476.54
6125F8F901CAED11A62CD892C0003F2A;FC081C55582CED11A62CD892C0003F2A;2025-05-13;-2.0;-495.26
EE0D680B958BBE11877210650500FB59;FC081C55582CED11A62CD892C0003F2A;2025-05-13;-2.0;-155.52
BFB2C654CCACEE1191EE1065050029B9;FC081C55582CED11A62CD892C0003F2A;2025-05-13;-2.0;-262.44
93356E2A988AFE11128010650500E819;FC081C55582CED11A62CD892C0003F2A;2025-05-13;-2.0;-23.66
5DC95CEB39B4EE11B1AD1065050048EA;FC081C55582CED11A62CD892C0003F2A;2025-05-13;-2.0;-430.06
CFC2663A31CAED11A62CD892C0003F2A;FC081C55582CED11A62CD892C0003F2A;2025-05-13;-2.0;-499.36
139F31189AC9FE11128010650500E819;FC081C55582CED11A62CD892C0003F2A;2025-05-13;-4.0;-307.6
70CAE6115F00EE11406610650500F94A;FC081C55582CED11A62CD892C0003F2A;2025-05-13;-2.0;-231.1
583B896886838E113835BB6505000CAA;FC081C55582CED11A62CD892C0003F2A;2025-05-13;-2.0;-67.08
8BFA5FA1786BAE11BE21106505008F4A;FC081C55582CED11A62CD892C0003F2A;2025-05-13;-2.0;-1032.0
40A06407104FFE11F1557891FE695689;FC081C55582CED11A62CD892C0003F2A;2025-05-13;-2.0;-22.14
033BE97FC0566E11B7B78A650500BC08;FC081C55582CED11A62CD892C0003F2A;2025-05-13;-2.0;-449.56
CBD4D5891EF10F114EF7A826072B0A89;FC081C55582CED11A62CD892C0003F2A;2025-05-13;-2.0;-724.74
239ADA51160DEE1191EE1065050029B9;FC081C55582CED11A62CD892C0003F2A;2025-05-13;-2.0;-123.02
3FED42591704DE11ADB31065050010C8;FC081C55582CED11A62CD892C0003F2A;2025-05-13;-2.0;-1964.34
5E21E9FAC62EEE1191EE1065050029B9;FC081C55582CED11A62CD892C0003F2A;2025-05-13;-2.0;-266.18
75137B0C52CAED11A62CD892C0003F2A;FC081C55582CED11A62CD892C0003F2A;2025-05-13;-18.0;-96.48
1B08ADF5E4F1CE118772106505002469;FC081C55582CED11A62CD892C0003F2A;2025-05-13;-8.0;-3388.0
E0A70CE3F1429E115540106505005B3B;B0BDDED34CC83E11052F6792C000B249;2025-05-13;-2.0;-24.58
A9FB1D78E61BDE11406610650500634A;B0BDDED34CC83E11052F6792C000B249;2025-05-13;-6.0;-610.06
6C26EE937F54DE11ADB31065050080C8;B0BDDED34CC83E11052F6792C000B249;2025-05-13;-2.0;-167.92
29F4F53C79363E11052F6792C000FF39;B0BDDED34CC83E11052F6792C000B249;2025-05-13;-6.0;-212.28
AB4FA973E61BDE11406610650500634A;B0BDDED34CC83E11052F6792C000B249;2025-05-13;-6.0;-657.02
322416FBBD1EFE11F1557891FE69E489;B0BDDED34CC83E11052F6792C000B249;2025-05-13;-2.0;-258.42
E5F6F7B29972EE114066106505001D4A;B0BDDED34CC83E11052F6792C000B249;2025-05-13;-4.0;-213.6
CEB0EF80D5D61E1143F0668E4200EE89;B0BDDED34CC83E11052F6792C000B249;2025-05-13;-2.0;-1300.0
3BB997867E089E11554010650500D24B;B0BDDED34CC83E11052F6792C000B249;2025-05-13;-2.0;-1200.0
D3EA427F81CAED11A62CD892C0003F2A;B0BDDED34CC83E11052F6792C000B249;2025-05-13;-2.0;-100.0
66B7AB218A7E8E11F243BB650500664B;B0BDDED34CC83E11052F6792C000B249;2025-05-13;-2.0;-311.96
29DC02A5DE82DE11ADB3106505001EB8;B0BDDED34CC83E11052F6792C000B249;2025-05-13;-4.0;-115.52000000000001
B0FD43466F466E11B7B78A650500BC08;B0BDDED34CC83E11052F6792C000B249;2025-05-13;-2.0;-173.9
71D8EA98F0CAED11A62CD892C0003F2A;B0BDDED34CC83E11052F6792C000B249;2025-05-13;-14.0;-1109.64
08856C641CA75E1142D58A650500DC08;B0BDDED34CC83E11052F6792C000B249;2025-05-13;-2.0;-477.76
DFEACC2781CAED11A62CD892C0003F2A;B0BDDED34CC83E11052F6792C000B249;2025-05-13;-2.0;-259.32
24F0639D26F49E11554010650500DE3B;B0BDDED34CC83E11052F6792C000B249;2025-05-13;-2.0;-139.2
580519DFC0CAED11A62CD892C0003F2A;B0BDDED34CC83E11052F6792C000B249;2025-05-13;-6.0;-1150.98
201434D4E8D65E1142D58A650500DC08;B0BDDED34CC83E11052F6792C000B249;2025-05-13;-4.0;-1924.88
5D315AAD9222AE11726010650500805A;B0BDDED34CC83E11052F6792C000B249;2025-05-13;-4.0;-451.14
142C8ACCEE7ABE11877210650500AA59;B0BDDED34CC83E11052F6792C000B249;2025-05-13;-4.0;-610.68
102ADFB541E9DE11406610650500C14A;B0BDDED34CC83E11052F6792C000B249;2025-05-13;-4.0;-157.28
1B0133A9F0446E11B7B78A650500BC08;B0BDDED34CC83E11052F6792C000B249;2025-05-13;-6.0;-2164.2599999999998
9E07E00161D4EE11B1AD1065050068EA;B0BDDED34CC83E11052F6792C000B249;2025-05-13;-2.0;-134.82
4B3FF1D710BEDE11406610650500384A;B0BDDED34CC83E11052F6792C000B249;2025-05-13;-8.0;-240.56
7FEE70D0A4ABEE1191EE1065050029B9;B0BDDED34CC83E11052F6792C000B249;2025-05-13;-2.0;-235.72
DA7035B9F0CAED11A62CD892C0003F2A;B0BDDED34CC83E11052F6792C000B249;2025-05-13;-2.0;-382.04
45C3A7D674DDFE11F1557891FE698489;B0BDDED34CC83E11052F6792C000B249;2025-05-13;-2.0;-35.52
51E5F8773BADEE1191EE1065050029B9;B0BDDED34CC83E11052F6792C000B249;2025-05-13;-2.0;-271.7
27155BD1E08F2E11052F6792C000CF39;B0BDDED34CC83E11052F6792C000B249;2025-05-13;-2.0;-2833.72
52FF8E37D4F5FE1191EE10650500A1C9;B0BDDED34CC83E11052F6792C000B249;2025-05-13;-4.0;-307.0
9A8A4B7A9B458E113835BB6505001EAA;B0BDDED34CC83E11052F6792C000B249;2025-05-13;-2.0;-532.86
E32D021100E7EE1191EE10650500A7B9;B0BDDED34CC83E11052F6792C000B249;2025-05-13;-2.0;-11.12
07F12D93DAF8CE11ADB31065050001B8;B0BDDED34CC83E11052F6792C000B249;2025-05-13;-4.0;-334.4
B79CE0EFEBF9FE11128010650500E819;B0BDDED34CC83E11052F6792C000B249;2025-05-13;-2.0;-154.0
7357CADF84DDBE11877210650500EE59;B0BDDED34CC83E11052F6792C000B249;2025-05-13;-6.0;-349.38
F8F7BC6AD0412E1143F0668E4200C71A;B0BDDED34CC83E11052F6792C000B249;2025-05-13;-2.0;-1013.26
F25ADD6EEB6DFE11F1557891FE690489;B0BDDED34CC83E11052F6792C000B249;2025-05-13;-2.0;-329.64
7C60C4CD2AFB3E11052F6792C000D249;B0BDDED34CC83E11052F6792C000B249;2025-05-13;-2.0;-246.2
2DB009B164C67E11B7B78A650500ED08;B0BDDED34CC83E11052F6792C000B249;2025-05-13;-2.0;-209.44
0F106DB008E4DE11ADB31065050031C8;B0BDDED34CC83E11052F6792C000B249;2025-05-13;-4.0;-584.56
CE3A9D65008EFE11F1557891FE696589;B0BDDED34CC83E11052F6792C000B249;2025-05-13;-4.0;-110.88
7CEFAD49EDEABE118772106505003B59;B0BDDED34CC83E11052F6792C000B249;2025-05-13;-2.0;-66.7
5411E9468D248E113835BB650500ACAA;B0BDDED34CC83E11052F6792C000B249;2025-05-13;-4.0;-425.86
B2CDCBEB7D49AE11BE2110650500DC4A;B0BDDED34CC83E11052F6792C000B249;2025-05-13;-6.0;-1920.2400000000002
5D5BB379DF61FE1191EE10650500BBB9;B0BDDED34CC83E11052F6792C000B249;2025-05-13;-2.0;-66.86
A290F699F7BAFE11128010650500E819;B0BDDED34CC83E11052F6792C000B249;2025-05-13;-4.0;-84.0
EE508950963EAE11BE2110650500135A;B0BDDED34CC83E11052F6792C000B249;2025-05-13;-2.0;-24.96
D15878A93EAFFE11F1557891FE69E689;B0BDDED34CC83E11052F6792C000B249;2025-05-13;-2.0;-27.24
4A873A50AD32BE11BE2110650500385A;B0BDDED34CC83E11052F6792C000B249;2025-05-13;-4.0;-1076.3000000000002
A5C5195257363E11052F6792C000FF39;B0BDDED34CC83E11052F6792C000B249;2025-05-13;-2.0;-121.76
3DCB0E913EDBBE118772106505006C59;B0BDDED34CC83E11052F6792C000B249;2025-05-13;-6.0;-599.68
62711DCBD083FE1191EE106505007EB9;B0BDDED34CC83E11052F6792C000B249;2025-05-13;-2.0;-169.3
1EC8E74F1C528E110223BB6505006AAA;B0BDDED34CC83E11052F6792C000B249;2025-05-13;-2.0;-262.8
A636648A9B46DE11ADB310650500F2C8;B0BDDED34CC83E11052F6792C000B249;2025-05-13;-2.0;-314.24
F94A803D57F8FE11128010650500D819;B0BDDED34CC83E11052F6792C000B249;2025-05-13;-2.0;-581.4
AE2FF38963DE4E1142D58A650500BC08;B0BDDED34CC83E11052F6792C000B249;2025-05-13;-10.0;-349.42
85B13305DC15EE11B1AD10650500C8EA;B0BDDED34CC83E11052F6792C000B249;2025-05-13;-2.0;-352.12
9D41C93795FEFE11F1557891FE69F589;B0BDDED34CC83E11052F6792C000B249;2025-05-13;-4.0;-191.88
DCE0A42998E3FE1191EE10650500FEB9;B0BDDED34CC83E11052F6792C000B249;2025-05-13;-2.0;-140.66
39767FA96A1B8E11F243BB650500814B;B0BDDED34CC83E11052F6792C000B249;2025-05-13;-2.0;-242.54
B049BD7C6D456E11B7B78A650500BC08;B0BDDED34CC83E11052F6792C000B249;2025-05-13;-4.0;-32.4
867A521EF3042E1143F0668E4200C71A;B0BDDED34CC83E11052F6792C000B249;2025-05-13;-2.0;-715.86
99F95BE4297BBE11877210650500EB59;B0BDDED34CC83E11052F6792C000B249;2025-05-13;-2.0;-52.62
4D7B9DB89C3CEE1191EE1065050029B9;B0BDDED34CC83E11052F6792C000B249;2025-05-13;-20.0;-224.78
7A6469CE9A5F7E110819BB65050039AA;B0BDDED34CC83E11052F6792C000B249;2025-05-13;-2.0;-115.88
5F3842259FB96E11B7B78A650500BC08;B0BDDED34CC83E11052F6792C000B249;2025-05-13;-2.0;-419.46
8FAC9E0646938E113835BB6505001CAA;B0BDDED34CC83E11052F6792C000B249;2025-05-13;-2.0;-494.6
BF259E3FF0410F11112A674AC7E20989;B0BDDED34CC83E11052F6792C000B249;2025-05-13;-2.0;-519.4
4599061176208E110819BB65050039AA;B0BDDED34CC83E11052F6792C000B249;2025-05-13;-2.0;-258.68
67E340E57654EE11B1AD10650500C7EA;B0BDDED34CC83E11052F6792C000B249;2025-05-13;-2.0;-34.8
7C65028920C13E11052F6792C000CF39;B0BDDED34CC83E11052F6792C000B249;2025-05-13;-2.0;-957.22
C512A8498407DE11C846106505002F6A;B0BDDED34CC83E11052F6792C000B249;2025-05-13;-2.0;-23.66
0D4C5A39949BCE11ADB31065050074B8;B0BDDED34CC83E11052F6792C000B249;2025-05-13;-4.0;-360.64
EF042EC0212FEE1191EE1065050029B9;B0BDDED34CC83E11052F6792C000B249;2025-05-13;-8.0;-680.44
3F4E02EDDD66CE11ADB310650500BDA8;B0BDDED34CC83E11052F6792C000B249;2025-05-13;-2.0;-252.42
F21EA3470C7DFE1158A3BB3DBE8E1489;B0BDDED34CC83E11052F6792C000B249;2025-05-13;-4.0;-81.96
719C0788D78E4E1142D58A650500BC08;B0BDDED34CC83E11052F6792C000B249;2025-05-13;-2.0;-957.22
1F6DBE0A81365E1142D58A650500DC08;B0BDDED34CC83E11052F6792C000B249;2025-05-13;-4.0;-1639.3
D81312B681365E1142D58A650500DC08;B0BDDED34CC83E11052F6792C000B249;2025-05-13;-2.0;-820.34
4F6DC1E8DD023E11052F6792C000CF39;B0BDDED34CC83E11052F6792C000B249;2025-05-13;-2.0;-557.94
AEDB541252798E11F243BB6505006F3B;B0BDDED34CC83E11052F6792C000B249;2025-05-13;-4.0;-371.52
CAA0426A2BFEDE11406610650500984A;B0BDDED34CC83E11052F6792C000B249;2025-05-13;-2.0;-125.1
740C8EFC8B6CDE11406610650500354A;B0BDDED34CC83E11052F6792C000B249;2025-05-13;-2.0;-34.54
DAF4C5B6C8B00F11F1557891FE693889;B0BDDED34CC83E11052F6792C000B249;2025-05-13;-2.0;-36.52
227770F124789E11525010650500D84A;B0BDDED34CC83E11052F6792C000B249;2025-05-13;-4.0;-73.6
A0F9CAB8E770BE11BE2110650500F55A;44673735EAF46E11B7B78A650500BC08;2025-05-13;-4.0;-28.32
C35BF3BE3C456E11B7B78A650500BC08;44673735EAF46E11B7B78A650500BC08;2025-05-13;-4.0;-428.4
753DC3D54575EE1191EE10650500D4B9;44673735EAF46E11B7B78A650500BC08;2025-05-13;-2.0;-147.6
2D8CF45E31C7DE11C84610650500107A;44673735EAF46E11B7B78A650500BC08;2025-05-13;-2.0;-24.2
C3044B37BB41BE11BE2110650500075A;44673735EAF46E11B7B78A650500BC08;2025-05-13;-16.0;-631.78
6BD58392A1567E11B7B78A650500ED08;44673735EAF46E11B7B78A650500BC08;2025-05-13;-2.0;-59.52
8169AC07DF54EE11B1AD10650500D7EA;44673735EAF46E11B7B78A650500BC08;2025-05-13;-2.0;-205.84
DC2E5119AF456E11B7B78A650500BC08;44673735EAF46E11B7B78A650500BC08;2025-05-13;-18.0;-2829.06
24A79ED2DE2CDE11406610650500E44A;44673735EAF46E11B7B78A650500BC08;2025-05-13;-228.0;-2723.0600000000004
A84D9B4E65EDDE11406610650500174A;44673735EAF46E11B7B78A650500BC08;2025-05-13;-6.0;-143.94
EB26495CF9456E11B7B78A650500BC08;44673735EAF46E11B7B78A650500BC08;2025-05-13;-10.0;-294.48
F027F48E7505EE11B1AD10650500A8EA;44673735EAF46E11B7B78A650500BC08;2025-05-13;-327.79999999999995;-8621.14
9165459B3E456E11B7B78A650500BC08;44673735EAF46E11B7B78A650500BC08;2025-05-13;-12.0;-7668.0
3D4A76D36D7DBE118772106505007E59;44673735EAF46E11B7B78A650500BC08;2025-05-13;-22.0;-814.0
25616E18B5FC7E110819BB65050039AA;44673735EAF46E11B7B78A650500BC08;2025-05-13;-20.0;-123.6
741FB7EABC38CE11ADB31065050000B8;44673735EAF46E11B7B78A650500BC08;2025-05-13;-2.0;-670.5
CF4B9FEF9A456E11B7B78A650500BC08;44673735EAF46E11B7B78A650500BC08;2025-05-13;-2.0;-725.98
FC1B1729ACA5BE11BE21106505009C5A;44673735EAF46E11B7B78A650500BC08;2025-05-13;-4.0;-146.62
192173D9E358BE11877210650500E759;44673735EAF46E11B7B78A650500BC08;2025-05-13;-6.0;-266.88
06DF8B324790DE11ADB3106505006BB8;44673735EAF46E11B7B78A650500BC08;2025-05-13;-2.0;-67.04
3D77263A378B3E11052F6792C000D249;44673735EAF46E11B7B78A650500BC08;2025-05-13;-6.0;-208.74
AF4BCFB931CAED11A62CD892C0003F2A;44673735EAF46E11B7B78A650500BC08;2025-05-13;-2.0;-451.18
2B6E97625C387E110819BB65050009AA;44673735EAF46E11B7B78A650500BC08;2025-05-13;-4.0;-129.28
6F9BC879C35FEE1191EE1065050029B9;44673735EAF46E11B7B78A650500BC08;2025-05-13;-2.0;-186.54
53A9466B4CFDBE118772106505001F59;44673735EAF46E11B7B78A650500BC08;2025-05-13;-12.0;-368.62
B7085E9E6B6B6E11B7B78A650500BC08;44673735EAF46E11B7B78A650500BC08;2025-05-13;-2.0;-95.94
9769B17336037E11B7B78A650500DD08;44673735EAF46E11B7B78A650500BC08;2025-05-13;-2.0;-309.02
F88BE0D1490FEE1191EE1065050029B9;44673735EAF46E11B7B78A650500BC08;2025-05-13;-60.0;-393.32
DF3FAE015FDD6E11B7B78A650500BC08;44673735EAF46E11B7B78A650500BC08;2025-05-13;-2.0;-51.22
D3A5C62D0C5CCE11ADB31065050095B8;44673735EAF46E11B7B78A650500BC08;2025-05-13;-4.0;-728.06
B3CA05068B97CE11ADB3106505003FA8;44673735EAF46E11B7B78A650500BC08;2025-05-13;-2.0;-1096.9
CEF155EB3C456E11B7B78A650500BC08;44673735EAF46E11B7B78A650500BC08;2025-05-13;-6.0;-561.76
70A76EE2378B3E11052F6792C000D249;44673735EAF46E11B7B78A650500BC08;2025-05-13;-4.0;-137.0
1608A1A41A0CEE1191EE1065050029B9;44673735EAF46E11B7B78A650500BC08;2025-05-13;-2.0;-309.98
F6B0DE8E181BDE11406610650500634A;44673735EAF46E11B7B78A650500BC08;2025-05-13;-4.0;-49.86
30A889072C8EAE11BE2110650500835A;44673735EAF46E11B7B78A650500BC08;2025-05-13;-28.0;-1456.0
2BDCFDD2EE2BBE118772106505008B59;44673735EAF46E11B7B78A650500BC08;2025-05-13;-2.0;-191.92
29F4F53C79363E11052F6792C000FF39;44673735EAF46E11B7B78A650500BC08;2025-05-13;-4.0;-141.52
8203D8F65DACEE1191EE1065050029B9;44673735EAF46E11B7B78A650500BC08;2025-05-13;-2.0;-3248.36
01ACE183821A8E11F243BB650500304B;44673735EAF46E11B7B78A650500BC08;2025-05-13;-4.0;-258.36
AEB60AE49AE66E11B7B78A650500BC08;44673735EAF46E11B7B78A650500BC08;2025-05-13;-2.0;-410.0
676ED69EA7C3CE118772106505007669;44673735EAF46E11B7B78A650500BC08;2025-05-13;-2.0;-430.38
F9FA0E49AC456E11B7B78A650500BC08;44673735EAF46E11B7B78A650500BC08;2025-05-13;-8.0;-1493.84
6D6CDA0CBA6BAE11BE21106505008F4A;44673735EAF46E11B7B78A650500BC08;2025-05-13;-2.0;-81.0
E84748850F82DE11ADB3106505001EB8;44673735EAF46E11B7B78A650500BC08;2025-05-13;-2.0;-1594.1
B215291F5D48EE1191EE1065050048B9;44673735EAF46E11B7B78A650500BC08;2025-05-13;-2.0;-98.0
3C05BE8D066E9E11726010650500CB4A;44673735EAF46E11B7B78A650500BC08;2025-05-13;-2.0;-24.32
650EE4203CFE9E117260106505008C4A;44673735EAF46E11B7B78A650500BC08;2025-05-13;-4.0;-1720.0
6FCBF27E98E66E11B7B78A650500BC08;44673735EAF46E11B7B78A650500BC08;2025-05-13;-4.0;-197.62
33F066C9E6688E11F243BB6505001E3B;44673735EAF46E11B7B78A650500BC08;2025-05-13;-2.0;-745.8
F7774E73907F6E11B7B78A650500CD08;44673735EAF46E11B7B78A650500BC08;2025-05-13;-77.6;-7674.639999999999
3D3E01D072039E115540106505004C3B;44673735EAF46E11B7B78A650500BC08;2025-05-13;-2.0;-489.18
D5D2043061D4EE11B1AD1065050068EA;44673735EAF46E11B7B78A650500BC08;2025-05-13;-6.0;-424.14
8A713DFA2142CE118772106505008469;44673735EAF46E11B7B78A650500BC08;2025-05-13;-2.0;-322.0
325E2A8862C6BE11877210650500E559;44673735EAF46E11B7B78A650500BC08;2025-05-13;-2.0;-1590.0
A9A1F40863039E115540106505004C3B;44673735EAF46E11B7B78A650500BC08;2025-05-13;-2.0;-149.4
20AF32FC91AA6E11B7B78A650500BC08;44673735EAF46E11B7B78A650500BC08;2025-05-13;-6.0;-468.0
5F596ED5AA517E11B7B78A650500CD08;44673735EAF46E11B7B78A650500BC08;2025-05-13;-2.0;-507.86
D3DDABC0AA7E8E11F243BB650500664B;44673735EAF46E11B7B78A650500BC08;2025-05-13;-2.0;-583.16
55897E390586CE11ADB310650500DDA8;44673735EAF46E11B7B78A650500BC08;2025-05-13;-2.0;-921.74
A47F698FD6568E11F243BB6505007B3B;44673735EAF46E11B7B78A650500BC08;2025-05-13;-2.0;-106.16
16FBEABD7C456E11B7B78A650500BC08;44673735EAF46E11B7B78A650500BC08;2025-05-13;-14.0;-1366.1
6578514838FCEE1191EE1065050029B9;44673735EAF46E11B7B78A650500BC08;2025-05-13;-2.0;-326.88
F8221F7F45CF8E11F243BB650500084B;44673735EAF46E11B7B78A650500BC08;2025-05-13;-2.0;-80.36
EF44E79CFC456E11B7B78A650500BC08;44673735EAF46E11B7B78A650500BC08;2025-05-13;-6.0;-243.6
F8801856A6F5AE11BE2110650500984A;44673735EAF46E11B7B78A650500BC08;2025-05-13;-2.0;-287.28
68F551B23E456E11B7B78A650500BC08;44673735EAF46E11B7B78A650500BC08;2025-05-13;-2.0;-1318.0
D3C603B13EA7FE1191EE10650500E3C9;44673735EAF46E11B7B78A650500BC08;2025-05-13;-2.0;-582.8
457338A9B505FE1191EE1065050070C9;44673735EAF46E11B7B78A650500BC08;2025-05-13;-4.0;-492.0
58F2EB04AA4FFE11F1557891FE696689;44673735EAF46E11B7B78A650500BC08;2025-05-13;-2.0;-102.64
ED848DB2E0DCDE11406610650500B54A;44673735EAF46E11B7B78A650500BC08;2025-05-13;-30.0;-2157.0
D23EE5BC3C456E11B7B78A650500BC08;44673735EAF46E11B7B78A650500BC08;2025-05-13;-4.0;-685.78
308BDF31DAD0FE1191EE10650500FAB9;44673735EAF46E11B7B78A650500BC08;2025-05-13;-2.0;-1463.46
F8113079ED456E11B7B78A650500BC08;44673735EAF46E11B7B78A650500BC08;2025-05-13;-4.0;-1025.68
1184515ED8C6DE11C84610650500DE6A;44673735EAF46E11B7B78A650500BC08;2025-05-13;-4.0;-47.32
43238F679A098E11F243BB650500EE3B;44673735EAF46E11B7B78A650500BC08;2025-05-13;-2.0;-99.82
853956F7E770BE11BE2110650500F55A;44673735EAF46E11B7B78A650500BC08;2025-05-13;-2.0;-17.02
BA53C5057C0C5E1142D58A6505000D08;44673735EAF46E11B7B78A650500BC08;2025-05-13;-2.0;-307.24
E7EE43E8A2E0DE11ADB310650500DBB8;44673735EAF46E11B7B78A650500BC08;2025-05-13;-2.0;-658.36
76295391A924CE11877210650500F669;44673735EAF46E11B7B78A650500BC08;2025-05-13;-4.0;-960.0
5A08EEEEE4C6DE11C84610650500DE6A;44673735EAF46E11B7B78A650500BC08;2025-05-13;-2.0;-308.12
5A34ED0827E10F114EF7A826072BE989;44673735EAF46E11B7B78A650500BC08;2025-05-13;-2.0;-884.0
0BAAB333D6B4EE11B1AD1065050048EA;44673735EAF46E11B7B78A650500BC08;2025-05-13;-16.0;-736.0
10B62F4E3E62FE1191EE10650500FCB9;44673735EAF46E11B7B78A650500BC08;2025-05-13;-2.0;-433.56
E247B8D14790DE11ADB3106505006BB8;44673735EAF46E11B7B78A650500BC08;2025-05-13;-2.0;-96.34
2389690D0C5CCE11ADB31065050095B8;44673735EAF46E11B7B78A650500BC08;2025-05-13;-8.0;-1523.8
8FE6BC5A47E4DE11ADB31065050031C8;44673735EAF46E11B7B78A650500BC08;2025-05-13;-2.0;-220.14
50914C4E45CF8E11F243BB650500084B;44673735EAF46E11B7B78A650500BC08;2025-05-13;-8.0;-296.98
B775680E0F5CCE11ADB31065050095B8;44673735EAF46E11B7B78A650500BC08;2025-05-13;-2.0;-151.56
59ED9DF646A27E11B7B78A650500DD08;44673735EAF46E11B7B78A650500BC08;2025-05-13;-4.0;-199.2
00FAAF03BA66CE11ADB310650500BDA8;44673735EAF46E11B7B78A650500BC08;2025-05-13;-2.0;-60.22
EEECE7FCD30A3E11052F6792C000D249;44673735EAF46E11B7B78A650500BC08;2025-05-13;-2.0;-1145.4
0DB4821F6410BE11BE2110650500755A;44673735EAF46E11B7B78A650500BC08;2025-05-13;-2.0;-123.9
6359B4691DE6DE11C846106505000F6A;44673735EAF46E11B7B78A650500BC08;2025-05-13;-2.0;-224.66
5497EA2F7A8BDE11406610650500044A;44673735EAF46E11B7B78A650500BC08;2025-05-13;-10.0;-1330.0
1587D87F697BAE11BE21106505009F4A;44673735EAF46E11B7B78A650500BC08;2025-05-13;-2.0;-98.8
66B6B01D0C5CCE11ADB31065050095B8;44673735EAF46E11B7B78A650500BC08;2025-05-13;-6.0;-1239.14
1ACF2697AF0FBE118772106505007069;44673735EAF46E11B7B78A650500BC08;2025-05-13;-4.0;-441.5
8F2CE61456999E115250106505005A4A;44673735EAF46E11B7B78A650500BC08;2025-05-13;-4.0;-1955.6
8A315564F5B47E11B7B78A650500ED08;44673735EAF46E11B7B78A650500BC08;2025-05-13;-2.0;-1091.64
E1204D06C4BC3E11052F6792C000D249;44673735EAF46E11B7B78A650500BC08;2025-05-13;-2.0;-87.08
B32C7AB4D8A47E11B7B78A650500ED08;44673735EAF46E11B7B78A650500BC08;2025-05-13;-2.0;-133.72
017F1053EFAF5E1142D58A650500AD08;44673735EAF46E11B7B78A650500BC08;2025-05-13;-2.0;-258.56
3D076A426D7DBE118772106505007E59;44673735EAF46E11B7B78A650500BC08;2025-05-13;-4.0;-804.0
3A1C44B94F7FFE11F1557891FE69A689;44673735EAF46E11B7B78A650500BC08;2025-05-13;-2.0;-146.92
5F57B01D0C5CCE11ADB31065050095B8;44673735EAF46E11B7B78A650500BC08;2025-05-13;-4.0;-991.08
F259E6C1D8F00F11112A674AC7E2A889;44673735EAF46E11B7B78A650500BC08;2025-05-13;-8.0;-881.44
21BD434BF77A9E115250106505007B4A;44673735EAF46E11B7B78A650500BC08;2025-05-13;-2.0;-328.64
CF13657FCAD0FE1191EE10650500FAB9;44673735EAF46E11B7B78A650500BC08;2025-05-13;-2.0;-107.0
7EAD502D30F5CE11ADB3106505006DA8;44673735EAF46E11B7B78A650500BC08;2025-05-13;-2.0;-308.82
188ADDA52622CE118772106505006469;44673735EAF46E11B7B78A650500BC08;2025-05-13;-6.0;-1782.3
D3B06DA32D456E11B7B78A650500BC08;44673735EAF46E11B7B78A650500BC08;2025-05-13;-4.0;-3543.78
5CCE7C972D9EFE11F1557891FE698589;44673735EAF46E11B7B78A650500BC08;2025-05-13;-2.0;-102.64
107D7D37E158EE1191EE1065050048B9;44673735EAF46E11B7B78A650500BC08;2025-05-13;-8.0;-2280.28
C955A13924817E11B7B78A650500CD08;44673735EAF46E11B7B78A650500BC08;2025-05-13;-2.0;-453.5
5F2E6505C849EE1191EE1065050009B9;44673735EAF46E11B7B78A650500BC08;2025-05-13;-2.0;-430.0
A0E967BC904D7E110819BB65050039AA;44673735EAF46E11B7B78A650500BC08;2025-05-13;0.0;0.0
0784560C0D456E11B7B78A650500BC08;44673735EAF46E11B7B78A650500BC08;2025-05-13;-2.0;-5830.66
DAD35D3779457E11B7B78A650500ED08;44673735EAF46E11B7B78A650500BC08;2025-05-13;-2.0;-355.32
3D04E2DD5678EE1191EE1065050078B9;44673735EAF46E11B7B78A650500BC08;2025-05-13;-2.0;-118.54
4690C8920EADAE11BE2110650500625A;44673735EAF46E11B7B78A650500BC08;2025-05-13;-2.0;-315.9
05349E308D456E11B7B78A650500BC08;44673735EAF46E11B7B78A650500BC08;2025-05-13;-2.0;-177.6
9E8BF9F42E456E11B7B78A650500BC08;44673735EAF46E11B7B78A650500BC08;2025-05-13;-2.0;-318.0
2EFB2A15A6B8BE118772106505006859;44673735EAF46E11B7B78A650500BC08;2025-05-13;-2.0;-158.0
3B7847C2AEEBCE11ADB310650500E4B8;44673735EAF46E11B7B78A650500BC08;2025-05-13;-4.0;-675.98
0C1FEA0135B4DE11ADB310650500F0C8;B0BDDED34CC83E11052F6792C000B249;2025-05-13;-2.0;-189.4
6AE4B5203D456E11B7B78A650500BC08;B0BDDED34CC83E11052F6792C000B249;2025-05-13;-2.0;-155.92
9039F1ED9F25FE1191EE10650500A0C9;44673735EAF46E11B7B78A650500BC08;2025-05-13;-2.0;-103.9
4226FF937046AE11BE2110650500F84A;44673735EAF46E11B7B78A650500BC08;2025-05-13;2.0;423.0
80F42BDDDA5D7E110819BB65050039AA;FC081C55582CED11A62CD892C0003F2A;2025-05-13;328.0;11480.0
54ABA6B1D132BE11BE2110650500285A;44673735EAF46E11B7B78A650500BC08;2025-05-13;0.0;0.0
DA7B1440272ABE118772106505003A59;44673735EAF46E11B7B78A650500BC08;2025-05-13;-10.0;-279.0
F2C3AA7A9BD78E11F243BB6505006D3B;44673735EAF46E11B7B78A650500BC08;2025-05-13;-8.0;-269.48
DFFAB824DCA6DE11C84610650500BE6A;44673735EAF46E11B7B78A650500BC08;2025-05-13;-2.0;-318.32
BB92E156FEC1CE11877210650500F369;44673735EAF46E11B7B78A650500BC08;2025-05-13;72.0;2658.24
87A1914AA2CAED11A62CD892C0003F2A;FC081C55582CED11A62CD892C0003F2A;2025-05-13;0.0;0.0
DE699116518EEE1191EE1065050029B9;FC081C55582CED11A62CD892C0003F2A;2025-05-13;-2.0;-402.82
07090377B1C10F114EF7A826072BB989;FC081C55582CED11A62CD892C0003F2A;2025-05-13;0.0;0.0
6F571ADEAF45DE11ADB310650500B1C8;FC081C55582CED11A62CD892C0003F2A;2025-05-13;0.0;0.0
CBD294D26F45DE11ADB310650500B1C8;FC081C55582CED11A62CD892C0003F2A;2025-05-13;0.0;0.0
C17BBCB6A1D5AE11BE2110650500684A;FC081C55582CED11A62CD892C0003F2A;2025-05-13;0.0;0.0
427310B7F5CD2E11052F6792C000CF39;FC081C55582CED11A62CD892C0003F2A;2025-05-13;-4.0;-1635.2
6358F2FDF513CE118772106505009569;FC081C55582CED11A62CD892C0003F2A;2025-05-13;0.0;0.0
98E356BEF513CE118772106505009569;FC081C55582CED11A62CD892C0003F2A;2025-05-13;0.0;0.0
B2657CBE7068FE11128010650500D819;FC081C55582CED11A62CD892C0003F2A;2025-05-13;0.0;0.0
295F3C9A8E64EE11B1AD10650500E7EA;FC081C55582CED11A62CD892C0003F2A;2025-05-13;0.0;0.0
83A6F9A48836CE11ADB3106505008DA8;FC081C55582CED11A62CD892C0003F2A;2025-05-13;-4.0;-259.04
149CDB058836CE11ADB3106505008DA8;FC081C55582CED11A62CD892C0003F2A;2025-05-13;0.0;0.0
35F54139D4568E11F243BB6505007B3B;FC081C55582CED11A62CD892C0003F2A;2025-05-13;0.0;-1.1368683772161603e-13
2EE51D13477EFE11F1557891FE695589;FC081C55582CED11A62CD892C0003F2A;2025-05-13;0.0;0.0
D1235EB8CC8EFE11F1557891FE697589;FC081C55582CED11A62CD892C0003F2A;2025-05-13;0.0;0.0
41761D13477EFE11F1557891FE695589;FC081C55582CED11A62CD892C0003F2A;2025-05-13;0.0;0.0
469071BA258EFE11F1557891FE696589;FC081C55582CED11A62CD892C0003F2A;2025-05-13;0.0;0.0
215DCEB0E429EE1191EE1065050009B9;FC081C55582CED11A62CD892C0003F2A;2025-05-13;0.0;0.0
9FF985D0E429EE1191EE1065050009B9;FC081C55582CED11A62CD892C0003F2A;2025-05-13;0.0;0.0
73D7D6A0BAC9FE11128010650500E819;44673735EAF46E11B7B78A650500BC08;2025-05-13;28.0;574.0
A5D959C278F6DE11C846106505001F6A;44673735EAF46E11B7B78A650500BC08;2025-05-13;-8.0;-1501.2
83833DDA9497EE1191EE1065050047B9;44673735EAF46E11B7B78A650500BC08;2025-05-13;-10.0;-1482.0
13E4C8736752CE11877210650500A469;44673735EAF46E11B7B78A650500BC08;2025-05-13;22.0;5680.400000000001
11AA89BFD672DE11ADB310650500FDB8;44673735EAF46E11B7B78A650500BC08;2025-05-13;-4.0;-640.0
627C8D0D1E456E11B7B78A650500BC08;44673735EAF46E11B7B78A650500BC08;2025-05-13;-2.0;-422.8
A6BBE0C4F5B9CE11ADB310650500F1B8;44673735EAF46E11B7B78A650500BC08;2025-05-13;2.0;577.8
9093DC274D109E11F243BB650500784B;44673735EAF46E11B7B78A650500BC08;2025-05-13;2.0;910.1999999999999
76D00C88D672DE11ADB310650500FDB8;44673735EAF46E11B7B78A650500BC08;2025-05-13;2.0;327.94000000000005
1DF440EADDDFEE1191EE10650500B9B9;B0BDDED34CC83E11052F6792C000B249;2025-05-13;2.0;4371.56
41AF38F5A6F5AE11BE2110650500984A;44673735EAF46E11B7B78A650500BC08;2025-05-13;140.0;7276.54
1DF14837CBE2FE1191EE10650500ADB9;B0BDDED34CC83E11052F6792C000B249;2025-05-13;0.0;0.0
73756B0DA1CAED11A62CD892C0003F2A;B0BDDED34CC83E11052F6792C000B249;2025-05-13;0.0;0.0
A3E2A9AF785EDE11406610650500C74A;B0BDDED34CC83E11052F6792C000B249;2025-05-13;0.0;0.0
DBCD2384BDB0EE11406610650500DA4A;B0BDDED34CC83E11052F6792C000B249;2025-05-13;0.0;0.0
442DA4BB10CAED11A62CD892C0003F2A;B0BDDED34CC83E11052F6792C000B249;2025-05-13;0.0;0.0
A5815C9DA8FEFD11A4A96492C000DFF9;B0BDDED34CC83E11052F6792C000B249;2025-05-13;0.0;0.0
0AC2EBE4E9456E11B7B78A650500BC08;B0BDDED34CC83E11052F6792C000B249;2025-05-13;0.0;0.0
8947BBD7B82FCE11ADB31065050049B8;B0BDDED34CC83E11052F6792C000B249;2025-05-13;0.0;0.0
6DE502586D459E115540106505005F3B;B0BDDED34CC83E11052F6792C000B249;2025-05-13;0.0;0.0
3B766AB89F09FE11128010650500E819;B0BDDED34CC83E11052F6792C000B249;2025-05-13;0.0;0.0
3905F20D65C33E11052F6792C000EF39;B0BDDED34CC83E11052F6792C000B249;2025-05-13;0.0;0.0
DE0C32053533FE1191EE106505000EB9;B0BDDED34CC83E11052F6792C000B249;2025-05-13;0.0;0.0
2B7E3AF4877EFE11F1557891FE695589;B0BDDED34CC83E11052F6792C000B249;2025-05-13;0.0;0.0
58EC62B380020F114EF7A826072B0A89;B0BDDED34CC83E11052F6792C000B249;2025-05-13;0.0;0.0
2BACDB058836CE11ADB3106505008DA8;B0BDDED34CC83E11052F6792C000B249;2025-05-13;0.0;0.0
141D2C1F68DDCE11ADB31065050097B8;B0BDDED34CC83E11052F6792C000B249;2025-05-13;-6.0;-191.22
EA9D2708EB23FE1191EE10650500FDB9;B0BDDED34CC83E11052F6792C000B249;2025-05-13;0.0;0.0
08D4B1E5D4735E1142D58A650500DC08;B0BDDED34CC83E11052F6792C000B249;2025-05-13;-14.0;-247.66
61C50DD90A59AE11BE2110650500EC4A;B0BDDED34CC83E11052F6792C000B249;2025-05-13;0.0;0.0
99CDFBDEFCD2FE1191EE106505009DB9;B0BDDED34CC83E11052F6792C000B249;2025-05-13;0.0;0.0
BEC88C6A663EAE11BE2110650500135A;B0BDDED34CC83E11052F6792C000B249;2025-05-13;0.0;0.0
878C274B54F1CE118772106505002469;FC081C55582CED11A62CD892C0003F2A;2025-05-13;0.0;0.0
1BC021A45C31EE114066106505007B4A;FC081C55582CED11A62CD892C0003F2A;2025-05-13;0.0;0.0
F8F8297B6C31EE114066106505007B4A;FC081C55582CED11A62CD892C0003F2A;2025-05-13;0.0;0.0
D9AEA5F4B9000F11F1557891FE695789;FC081C55582CED11A62CD892C0003F2A;2025-05-13;20.0;1140.4
5B45E74225F70E11A4A96492C00009EB;FC081C55582CED11A62CD892C0003F2A;2025-05-13;6.0;1452.12
6EE05376AF6DFE11F1557891FE690489;FC081C55582CED11A62CD892C0003F2A;2025-05-13;8.0;653.6
6B759FFDEB6DFE11F1557891FE690489;FC081C55582CED11A62CD892C0003F2A;2025-05-13;4.0;1341.4
9973FFF1BAF94E1142D58A6505009C08;FC081C55582CED11A62CD892C0003F2A;2025-05-13;4.0;479.68
0A7A6FC35AF34E1142D58A6505002C08;FC081C55582CED11A62CD892C0003F2A;2025-05-13;6.0;1271.52
783B7C15E71ECE11ADB310650500E7B8;44673735EAF46E11B7B78A650500BC08;2025-05-13;0.0;0.0
29E1ED0E6B637E11B7B78A650500DD08;44673735EAF46E11B7B78A650500BC08;2025-05-13;0.0;0.0
EF32308900CEEE1191EE1065050029B9;44673735EAF46E11B7B78A650500BC08;2025-05-13;0.0;0.0
1B1F7864014DDE11406610650500464A;44673735EAF46E11B7B78A650500BC08;2025-05-13;-2.0;-596.6
FC538AF1BD010F11112A674AC7E2C889;FC081C55582CED11A62CD892C0003F2A;2025-05-13;8.0;3817.92
17D38AF1BD010F11112A674AC7E2C889;FC081C55582CED11A62CD892C0003F2A;2025-05-13;8.0;4165.0
8071FD22BD010F11112A674AC7E2C889;FC081C55582CED11A62CD892C0003F2A;2025-05-13;8.0;2660.98
9DA1FD22BD010F11112A674AC7E2C889;FC081C55582CED11A62CD892C0003F2A;2025-05-13;8.0;2660.98
ADC72C5235B4DE11ADB310650500F0C8;44673735EAF46E11B7B78A650500BC08;2025-05-13;24.0;2272.8
AD8FC812365FFE11F1557891FE697689;44673735EAF46E11B7B78A650500BC08;2025-05-13;44.0;3136.2400000000002
A8D915506459DE11C84610650500127A;FC081C55582CED11A62CD892C0003F2A;2025-05-13;0.0;-4.547473508864641e-13
70A76EE2378B3E11052F6792C000D249;B0BDDED34CC83E11052F6792C000B249;2025-05-13;24.0;822.0
0870727B7F2DAE11BE2110650500C15A;FC081C55582CED11A62CD892C0003F2A;2025-05-13;6.0;2233.1
5C63DD9371491E1143F0668E42006B8B;44673735EAF46E11B7B78A650500BC08;2025-05-13;72.0;8632.8
87AF8A5FC0CAED11A62CD892C0003F2A;B0BDDED34CC83E11052F6792C000B249;2025-05-13;-8.0;-1576.08
30FCAEEBFBE15E1142D58A650500BC08;FC081C55582CED11A62CD892C0003F2A;2025-05-13;4.0;144.88
32447A5EE909DE11C84610650500B17A;FC081C55582CED11A62CD892C0003F2A;2025-05-13;48.0;1224.0
20AE87C0F0CAED11A62CD892C0003F2A;44673735EAF46E11B7B78A650500BC08;2025-05-13;8.0;2267.76
0CC6A366D0CAED11A62CD892C0003F2A;44673735EAF46E11B7B78A650500BC08;2025-05-13;4.0;1369.44
282F91B81148EE1191EE1065050038B9;44673735EAF46E11B7B78A650500BC08;2025-05-13;-6.0;-282.0
74B135B1B6E62E1143F0668E420006EB;44673735EAF46E11B7B78A650500BC08;2025-05-13;-4.0;-392.66
4D6DB4D8D12B7E110819BB65050039AA;44673735EAF46E11B7B78A650500BC08;2025-05-13;-8.0;-1436.0
A28663E20038BE11877210650500B759;B0BDDED34CC83E11052F6792C000B249;2025-05-13;20.0;866.8
960EF50940DCDE11406610650500B54A;B0BDDED34CC83E11052F6792C000B249;2025-05-13;10.0;1289.0
784884AC1A5FFE11F1557891FE697689;B0BDDED34CC83E11052F6792C000B249;2025-05-13;10.0;369.2
563D46BC1A5FFE11F1557891FE697689;B0BDDED34CC83E11052F6792C000B249;2025-05-13;10.0;473.5
851C1346E3D9DE11406610650500B14A;B0BDDED34CC83E11052F6792C000B249;2025-05-13;6.0;356.34
CC5C8E76CD456E11B7B78A650500BC08;44673735EAF46E11B7B78A650500BC08;2025-05-13;24.0;2650.56
755D58813E456E11B7B78A650500BC08;44673735EAF46E11B7B78A650500BC08;2025-05-13;12.0;1369.8
C76EC99C2D456E11B7B78A650500BC08;44673735EAF46E11B7B78A650500BC08;2025-05-13;24.0;5944.08
1E76FF75660BAE11BE21106505000F4A;44673735EAF46E11B7B78A650500BC08;2025-05-13;18.0;2399.94
A82D1E8C65B4DE11ADB310650500F0C8;FC081C55582CED11A62CD892C0003F2A;2025-05-13;20.0;1220.4
A98C963E01CAED11A62CD892C0003F2A;B0BDDED34CC83E11052F6792C000B249;2025-05-13;24.0;2470.32
FAB5D848B1BBEE1191EE1065050029B9;B0BDDED34CC83E11052F6792C000B249;2025-05-13;24.0;2035.2
4CED8D0E0E809E11F243BB650500094B;B0BDDED34CC83E11052F6792C000B249;2025-05-13;20.0;1692.06
CEE4D31BF6C1EE114066106505003C4A;FC081C55582CED11A62CD892C0003F2A;2025-05-13;40.0;3332.0
68058AF1BD010F11112A674AC7E2C889;B0BDDED34CC83E11052F6792C000B249;2025-05-13;4.0;2024.66
4C70FD22BD010F11112A674AC7E2C889;B0BDDED34CC83E11052F6792C000B249;2025-05-13;10.0;1373.88
56AC014EA1410F11112A674AC7E20989;44673735EAF46E11B7B78A650500BC08;2025-05-13;-4.0;-1568.0
F0B57AC0DA5A3E11052F6792C000D249;FC081C55582CED11A62CD892C0003F2A;2025-05-13;0.0;0.0
82B61F086547EE1191EE10650500E6B9;FC081C55582CED11A62CD892C0003F2A;2025-05-13;0.0;0.0
174F5C2FFDFDDE11406610650500374A;FC081C55582CED11A62CD892C0003F2A;2025-05-13;0.0;0.0
C9DB3338BCECDE11406610650500D54A;FC081C55582CED11A62CD892C0003F2A;2025-05-13;0.0;0.0
CE574ED4FDA6DE11C84610650500BE6A;FC081C55582CED11A62CD892C0003F2A;2025-05-13;0.0;0.0
8910FA0D3B80DE11ADB3106505005BB8;FC081C55582CED11A62CD892C0003F2A;2025-05-13;0.0;0.0
8AC6129DABE1EE114066106505006C4A;44673735EAF46E11B7B78A650500BC08;2025-05-13;22.0;501.6
B349615C5D456E11B7B78A650500BC08;44673735EAF46E11B7B78A650500BC08;2025-05-13;36.0;5428.799999999999
CF17285BF4E3FE1191EE10650500FEB9;B0BDDED34CC83E11052F6792C000B249;2025-05-13;-2.0;-338.8
8FA02CA111CAED11A62CD892C0003F2A;FC081C55582CED11A62CD892C0003F2A;2025-05-13;12.0;6688.08
7E64D4726DC00E11A4A96492C0002019;FC081C55582CED11A62CD892C0003F2A;2025-05-13;4.0;2229.36
BF96B7DB01CAED11A62CD892C0003F2A;FC081C55582CED11A62CD892C0003F2A;2025-05-13;24.0;7542.48
C10EC8E677F1EE114066106505007C4A;FC081C55582CED11A62CD892C0003F2A;2025-05-13;4.0;1878.2
D5BDD24C19216E1142D58A650500AD08;FC081C55582CED11A62CD892C0003F2A;2025-05-13;8.0;2628.56
37AAC7C0E7CCEE1191EE1065050029B9;FC081C55582CED11A62CD892C0003F2A;2025-05-13;4.0;1327.84
46C66CB929DA3E11052F6792C000D249;FC081C55582CED11A62CD892C0003F2A;2025-05-13;24.0;1847.88
F9117F338EE2BE11BE2110650500195A;FC081C55582CED11A62CD892C0003F2A;2025-05-13;4.0;336.3
F4316CAC2C2DFE11F1557891FE69B389;FC081C55582CED11A62CD892C0003F2A;2025-05-13;4.0;655.16
1FC19C7C3CDDAE11BE2110650500A25A;44673735EAF46E11B7B78A650500BC08;2025-05-13;20.0;1082.0
1F28F2329B56BE118772106505006559;44673735EAF46E11B7B78A650500BC08;2025-05-13;2.0;2361.6
903B0BA21CA49E115540106505007E3B;44673735EAF46E11B7B78A650500BC08;2025-05-13;4.0;1885.84
69D6F02A1DC0FE1191EE10650500EAB9;44673735EAF46E11B7B78A650500BC08;2025-05-13;74.0;2077.92
C957CDF14AE66E11B7B78A650500BC08;44673735EAF46E11B7B78A650500BC08;2025-05-13;8.0;4148.0
9CC2CD657C56BE118772106505006559;44673735EAF46E11B7B78A650500BC08;2025-05-13;36.0;26010.0
F270BC14B92F6E11B7B78A650500CD08;44673735EAF46E11B7B78A650500BC08;2025-05-13;20.0;4060.0
A5711DE98C456E11B7B78A650500BC08;44673735EAF46E11B7B78A650500BC08;2025-05-13;100.0;4421.4
166F317253F2EE11B1AD1065050006EA;B0BDDED34CC83E11052F6792C000B249;2025-05-13;6.0;442.04
1DC6A8DC4032FE1191EE10650500ACB9;B0BDDED34CC83E11052F6792C000B249;2025-05-13;6.0;276.16
FDB4DB5481CAED11A62CD892C0003F2A;FC081C55582CED11A62CD892C0003F2A;2025-05-13;40.0;1575.06
380C5E21AA3EED11A62CD892C000399B;FC081C55582CED11A62CD892C0003F2A;2025-05-13;40.0;995.62
33B8272BA2CAED11A62CD892C0003F2A;B0BDDED34CC83E11052F6792C000B249;2025-05-13;8.0;7290.3
5FAA843DFDBEEE1191EE1065050029B9;FC081C55582CED11A62CD892C0003F2A;2025-05-13;-2.0;-257.4
02BEA12619B00F11F1557891FE693889;FC081C55582CED11A62CD892C0003F2A;2025-05-13;-2.0;-99.8
0DA5E495D1600F11F1557891FE69C789;FC081C55582CED11A62CD892C0003F2A;2025-05-13;-2.0;-435.9
7EB168189C3CEE1191EE1065050029B9;FC081C55582CED11A62CD892C0003F2A;2025-05-13;-4.0;-55.26
93120AE7489D7E110819BB65050039AA;FC081C55582CED11A62CD892C0003F2A;2025-05-13;-2.0;-202.8
0285C2957654EE11B1AD10650500C7EA;FC081C55582CED11A62CD892C0003F2A;2025-05-13;-2.0;-26.2
412E8AAFCEE3DE11ADB310650500DFB8;FC081C55582CED11A62CD892C0003F2A;2025-05-13;-4.0;-59.0
3B8E43489C3CEE1191EE1065050029B9;FC081C55582CED11A62CD892C0003F2A;2025-05-13;-2.0;-84.3
165C11036A5D7E110819BB65050039AA;FC081C55582CED11A62CD892C0003F2A;2025-05-13;-38.0;-259.12
44C71BCABBB1EE114066106505001C4A;FC081C55582CED11A62CD892C0003F2A;2025-05-13;-2.0;-105.06
59C3A3A6D9FC9E11726010650500E94A;FC081C55582CED11A62CD892C0003F2A;2025-05-13;-2.0;-66.18
CAA88A00CBE1EE114066106505006C4A;FC081C55582CED11A62CD892C0003F2A;2025-05-13;-2.0;-35.76
900A518DB20FCE11ADB31065050019B8;FC081C55582CED11A62CD892C0003F2A;2025-05-13;-4.0;-32.12
5553270D6BBD3E11052F6792C000D249;FC081C55582CED11A62CD892C0003F2A;2025-05-13;-2.0;-91.38
22578A7D6E61EE11406610650500BB4A;FC081C55582CED11A62CD892C0003F2A;2025-05-13;-2.0;-86.12
ED5C04CA8BB1EE114066106505001C4A;FC081C55582CED11A62CD892C0003F2A;2025-05-13;-2.0;-113.38
3B17F45E828EAE11BE2110650500735A;FC081C55582CED11A62CD892C0003F2A;2025-05-13;-2.0;-34.62
0F0C83D7F99FFE11F1557891FE69C689;FC081C55582CED11A62CD892C0003F2A;2025-05-13;-2.0;-89.46
30F58BA801F0EE114066106505001B4A;FC081C55582CED11A62CD892C0003F2A;2025-05-13;-2.0;-76.72
17599837AB74EE11B1AD10650500F7EA;FC081C55582CED11A62CD892C0003F2A;2025-05-13;-2.0;-70.78
7A95F965D143FE1191EE106505001EB9;FC081C55582CED11A62CD892C0003F2A;2025-05-13;-2.0;-149.46
5B7B7425F1BD3E11052F6792C000D249;FC081C55582CED11A62CD892C0003F2A;2025-05-13;-2.0;-54.26
19959F2061100E11A4A96492C0002019;FC081C55582CED11A62CD892C0003F2A;2025-05-13;-2.0;-269.5
569D7A7FEF986E11B7B78A650500BC08;FC081C55582CED11A62CD892C0003F2A;2025-05-13;-20.0;-415.20000000000005
C3CC756FD0C89E11525010650500394A;FC081C55582CED11A62CD892C0003F2A;2025-05-13;-2.0;-325.64
A1B7030CF107BE118772106505003659;FC081C55582CED11A62CD892C0003F2A;2025-05-13;-1.68;-1129.62
4657BEE47AB4EE11B1AD1065050048EA;FC081C55582CED11A62CD892C0003F2A;2025-05-13;-4.0;-141.48
0A49DE052BC6AE11BE2110650500A94A;FC081C55582CED11A62CD892C0003F2A;2025-05-13;-2.0;-27.5
1D02F2340F0EEE1191EE1065050029B9;FC081C55582CED11A62CD892C0003F2A;2025-05-13;-2.0;-320.28
DA9088DED0CAED11A62CD892C0003F2A;FC081C55582CED11A62CD892C0003F2A;2025-05-13;-2.0;-192.08
E9B2231D7337BE118772106505007659;FC081C55582CED11A62CD892C0003F2A;2025-05-13;-2.0;-464.12
DC296445F0CAED11A62CD892C0003F2A;FC081C55582CED11A62CD892C0003F2A;2025-05-13;-2.0;-980.0
91D65036DE75FD110DC22A92C000D158;FC081C55582CED11A62CD892C0003F2A;2025-05-13;-18.0;-362.42
07F12D93DAF8CE11ADB31065050001B8;FC081C55582CED11A62CD892C0003F2A;2025-05-13;-14.0;-1170.4
9430B1FCF502EE114066106505008C4A;FC081C55582CED11A62CD892C0003F2A;2025-05-13;-6.0;-510.20000000000005
CA786137F4F74E1142D58A6505002C08;FC081C55582CED11A62CD892C0003F2A;2025-05-13;-4.0;-2747.26
EB6D9997F38FCE11ADB310650500D9B8;FC081C55582CED11A62CD892C0003F2A;2025-05-13;-2.0;-390.5
78C2C61B7CA4DE11ADB310650500E0C8;FC081C55582CED11A62CD892C0003F2A;2025-05-13;-4.0;-202.08
2FDE4A49B431FE1191EE106505006BB9;FC081C55582CED11A62CD892C0003F2A;2025-05-13;-2.0;-6318.4
0258252DAC5A3E11052F6792C000D249;FC081C55582CED11A62CD892C0003F2A;2025-05-13;-4.0;-969.24
A87F10DEDDF39E115540106505008D3B;FC081C55582CED11A62CD892C0003F2A;2025-05-13;-2.0;-237.74
21D4662C575FFE11F1557891FE697689;FC081C55582CED11A62CD892C0003F2A;2025-05-13;-12.0;-504.0
4D09AA3111CAED11A62CD892C0003F2A;FC081C55582CED11A62CD892C0003F2A;2025-05-13;-2.0;-532.86
9E8291B9C19EBE11877210650500DF59;FC081C55582CED11A62CD892C0003F2A;2025-05-13;-6.0;-167.16
B8DC8FCFE934DE11ADB31065050050C8;FC081C55582CED11A62CD892C0003F2A;2025-05-13;-2.0;-449.78
8DCEA3470C7DFE1158A3BB3DBE8E1489;FC081C55582CED11A62CD892C0003F2A;2025-05-13;-16.0;-327.84
A7F61A7D98363E11052F6792C000FF39;FC081C55582CED11A62CD892C0003F2A;2025-05-13;-2.0;-127.94
A74FC32CCA9EFE11F1557891FE698589;FC081C55582CED11A62CD892C0003F2A;2025-05-13;-10.0;-641.2
3EC35FC9E6C10E11A4A96492C0002019;FC081C55582CED11A62CD892C0003F2A;2025-05-13;-8.0;-683.12
7B43866C49CA2E11052F6792C0007F39;FC081C55582CED11A62CD892C0003F2A;2025-05-13;-2.0;-301.22
75B08951D1817E11B7B78A650500CD08;FC081C55582CED11A62CD892C0003F2A;2025-05-13;-2.0;-60.86
ACF74A7B0321DE11ADB3106505003CB8;FC081C55582CED11A62CD892C0003F2A;2025-05-13;-2.0;-110.0
94443D9F162ABE118772106505003A59;FC081C55582CED11A62CD892C0003F2A;2025-05-13;-2.0;-688.48
24FBA1572B917E11B7B78A650500CD08;FC081C55582CED11A62CD892C0003F2A;2025-05-13;-6.0;-244.60000000000002
039F21AEC109FE11128010650500D819;FC081C55582CED11A62CD892C0003F2A;2025-05-13;-2.0;-78.4
C1F0D6C510CAED11A62CD892C0003F2A;FC081C55582CED11A62CD892C0003F2A;2025-05-13;-2.0;-87.14
1B57324D9B8ACE11ADB31065050003B8;FC081C55582CED11A62CD892C0003F2A;2025-05-13;-2.0;-62.06
7EFA0DA789DDCE11ADB31065050097B8;FC081C55582CED11A62CD892C0003F2A;2025-05-13;-2.0;-31.94
EE1F795CD0CAED11A62CD892C0003F2A;FC081C55582CED11A62CD892C0003F2A;2025-05-13;-4.0;-345.3
B67DE1C2688EED11A62CD892C000399B;FC081C55582CED11A62CD892C0003F2A;2025-05-13;-2.0;-214.42
034D7062196BEE1191EE1065050029B9;FC081C55582CED11A62CD892C0003F2A;2025-05-13;-4.0;-142.2
7C439A624F49AE11BE2110650500DC4A;FC081C55582CED11A62CD892C0003F2A;2025-05-13;-2.0;-116.38
27E722AAF192FE1191EE106505002DB9;FC081C55582CED11A62CD892C0003F2A;2025-05-13;-4.0;-155.8
9432EDFF3DB04E1142D58A650500DB08;FC081C55582CED11A62CD892C0003F2A;2025-05-13;-4.0;-195.62
EA578A90C1CAED11A62CD892C0003F2A;FC081C55582CED11A62CD892C0003F2A;2025-05-13;-2.0;-115.88
11078C880EE6DE11C846106505000F6A;FC081C55582CED11A62CD892C0003F2A;2025-05-13;-6.0;-66.78
BC9C530E8FCA9E11525010650500EB4A;FC081C55582CED11A62CD892C0003F2A;2025-05-13;-4.0;-126.5
2717C1E431010F11112A674AC7E2B889;FC081C55582CED11A62CD892C0003F2A;2025-05-13;-4.0;-1200.52
41AB5BE53845FE1191EE10650500C0C9;FC081C55582CED11A62CD892C0003F2A;2025-05-13;-2.0;-198.62
2A835D534B1DCE11ADB31065050096B8;FC081C55582CED11A62CD892C0003F2A;2025-05-13;-2.0;-765.24
B700B3E5F6C67E11B7B78A650500ED08;FC081C55582CED11A62CD892C0003F2A;2025-05-13;-6.0;-440.1
861AE7F591CAED11A62CD892C0003F2A;FC081C55582CED11A62CD892C0003F2A;2025-05-13;-2.0;-564.0
2D36CDBFED71FE1191EE10650500CBB9;FC081C55582CED11A62CD892C0003F2A;2025-05-13;-2.0;-1096.18
205641706D52EE11406610650500FC4A;FC081C55582CED11A62CD892C0003F2A;2025-05-13;-2.0;-609.38
1E16B7296945BE11BE21106505001C5A;FC081C55582CED11A62CD892C0003F2A;2025-05-13;-4.0;-231.36
8033F6C2D74CDE11406610650500054A;FC081C55582CED11A62CD892C0003F2A;2025-05-13;-10.0;-210.78
CB2EFEBA38C6DE11C84610650500DE6A;FC081C55582CED11A62CD892C0003F2A;2025-05-13;-10.0;-111.3
2D5CCA3AF2F8AE11BE21106505006C4A;FC081C55582CED11A62CD892C0003F2A;2025-05-13;-2.0;-488.68
04D86F3C7D6AFE11128010650500E819;FC081C55582CED11A62CD892C0003F2A;2025-05-13;-4.0;-20.38
3F6663245CB4AE11726010650500D35A;FC081C55582CED11A62CD892C0003F2A;2025-05-13;-2.0;-167.72
72E41A04958BBE11877210650500FB59;FC081C55582CED11A62CD892C0003F2A;2025-05-13;-4.0;-276.3
43BECBDAA9363E11052F6792C000FF39;FC081C55582CED11A62CD892C0003F2A;2025-05-13;-4.0;-141.52
DCEACC2781CAED11A62CD892C0003F2A;FC081C55582CED11A62CD892C0003F2A;2025-05-13;-2.0;-186.46
45720D1B63B9BE11877210650500A959;FC081C55582CED11A62CD892C0003F2A;2025-05-13;-2.0;-215.4
18ECEF52E1458E113835BB6505000EAA;FC081C55582CED11A62CD892C0003F2A;2025-05-13;-2.0;-350.14
2FD20E8773D0DE11ADB310650500BBB8;FC081C55582CED11A62CD892C0003F2A;2025-05-13;-6.0;-86.28
FE2785D2D0CAED11A62CD892C0003F2A;FC081C55582CED11A62CD892C0003F2A;2025-05-13;-6.0;-697.38
86AEAE3F108EFE11F1557891FE696589;FC081C55582CED11A62CD892C0003F2A;2025-05-13;-2.0;-675.76
81B598A8E3879E11554010650500224B;FC081C55582CED11A62CD892C0003F2A;2025-05-13;-4.0;-677.36
3201C7FFF0CAED11A62CD892C0003F2A;FC081C55582CED11A62CD892C0003F2A;2025-05-13;-4.0;-166.18
C21F495D65FC7E110819BB65050039AA;FC081C55582CED11A62CD892C0003F2A;2025-05-13;-2.0;-273.64
66133FE0B402EE114066106505008C4A;FC081C55582CED11A62CD892C0003F2A;2025-05-13;-2.0;-592.06
7395F55B3BD6AE11BE2110650500B94A;FC081C55582CED11A62CD892C0003F2A;2025-05-13;-4.0;-705.24
7A99B564FB7BDE11406610650500F34A;FC081C55582CED11A62CD892C0003F2A;2025-05-13;-2.0;-23.66
D3DA69C967A6FE1191EE1065050082C9;FC081C55582CED11A62CD892C0003F2A;2025-05-13;-2.0;-293.24
B394B9C90DC2DE11ADB3106505006EB8;FC081C55582CED11A62CD892C0003F2A;2025-05-13;-2.0;-146.86
851C1346E3D9DE11406610650500B14A;FC081C55582CED11A62CD892C0003F2A;2025-05-13;-2.0;-118.78
4B17EDADD6CCDE11406610650500A54A;FC081C55582CED11A62CD892C0003F2A;2025-05-13;-4.0;-1313.62
BC0096BF6315EE11B1AD10650500B8EA;FC081C55582CED11A62CD892C0003F2A;2025-05-13;-2.0;-253.0
616B96C200E7EE1191EE10650500A7B9;FC081C55582CED11A62CD892C0003F2A;2025-05-13;-2.0;-7.66
0D9DC0F69C7BDE11406610650500F34A;FC081C55582CED11A62CD892C0003F2A;2025-05-13;-6.0;-35.4
A967BC3EDC91CE11877210650500B369;FC081C55582CED11A62CD892C0003F2A;2025-05-13;-2.0;-543.62
1DC67A9CC0CAED11A62CD892C0003F2A;FC081C55582CED11A62CD892C0003F2A;2025-05-13;-2.0;-146.4
883ACEBDB24F6E11B7B78A650500CD08;FC081C55582CED11A62CD892C0003F2A;2025-05-13;-2.0;-222.8
E45E20654D734E1142D58A6505002C08;FC081C55582CED11A62CD892C0003F2A;2025-05-13;-2.0;-226.56
9C9A321C575FFE11F1557891FE697689;FC081C55582CED11A62CD892C0003F2A;2025-05-13;-4.0;-770.0
2A98EA08E94DFE11F1557891FE69D389;FC081C55582CED11A62CD892C0003F2A;2025-05-13;-2.0;-94.8
F8CE11B603B89E11525010650500294A;FC081C55582CED11A62CD892C0003F2A;2025-05-13;-2.0;-115.36
EE9E918843986E11B7B78A650500BC08;FC081C55582CED11A62CD892C0003F2A;2025-05-13;-2.0;-53.86
5331461F94EAFD11A4A96492C0006F3B;FC081C55582CED11A62CD892C0003F2A;2025-05-13;-2.0;-339.26
FBC37041DEE2BE11BE2110650500195A;FC081C55582CED11A62CD892C0003F2A;2025-05-13;-2.0;-32.42
994E793DE7807E11B7B78A650500CD08;FC081C55582CED11A62CD892C0003F2A;2025-05-13;-2.0;-196.48
70425FE0E0638E111E1BBB650500BBAA;FC081C55582CED11A62CD892C0003F2A;2025-05-13;-2.0;-77.5
758FAEC27B427E11B7B78A650500CD08;FC081C55582CED11A62CD892C0003F2A;2025-05-13;-2.0;-831.98
2B68974929EEFE11F1557891FE69E589;FC081C55582CED11A62CD892C0003F2A;2025-05-13;-2.0;-158.76
5EC0A34011CAED11A62CD892C0003F2A;FC081C55582CED11A62CD892C0003F2A;2025-05-13;-2.0;-605.48
ABA78A089421FE1191EE106505005BB9;FC081C55582CED11A62CD892C0003F2A;2025-05-13;-2.0;-398.38
2EBF1A1BA4D3DE11ADB310650500BFB8;FC081C55582CED11A62CD892C0003F2A;2025-05-13;-2.0;-247.1
A9CF58E21D064E1142D58A6505002C08;FC081C55582CED11A62CD892C0003F2A;2025-05-13;-2.0;-525.58
425F2E7A359BCE11ADB31065050074B8;FC081C55582CED11A62CD892C0003F2A;2025-05-13;-2.0;-765.24
2B8B9617104FFE11F1557891FE695689;FC081C55582CED11A62CD892C0003F2A;2025-05-13;-4.0;-88.56
63365A69F7BAFE11128010650500E819;FC081C55582CED11A62CD892C0003F2A;2025-05-13;-10.0;-399.02000000000004
B9C3840F18363E11052F6792C000FF39;FC081C55582CED11A62CD892C0003F2A;2025-05-13;-2.0;-179.78
B92FCA5B1E2F8E11F243BB650500474B;FC081C55582CED11A62CD892C0003F2A;2025-05-13;-2.0;-167.9
2408F29A0C9DDE11406610650500B64A;FC081C55582CED11A62CD892C0003F2A;2025-05-13;-2.0;-300.0
4BF49F707DF1AE11726010650500505A;FC081C55582CED11A62CD892C0003F2A;2025-05-13;-6.0;-359.06
5C0B030D71365E1142D58A650500DC08;FC081C55582CED11A62CD892C0003F2A;2025-05-13;-8.0;-924.0
A6FDC45E3142CE118772106505008469;FC081C55582CED11A62CD892C0003F2A;2025-05-13;-2.0;-322.7
00A3B3A4E0CAED11A62CD892C0003F2A;FC081C55582CED11A62CD892C0003F2A;2025-05-13;-2.0;-351.14
65B614E9CC3FFE11F1557891FE695689;FC081C55582CED11A62CD892C0003F2A;2025-05-13;-2.0;-1760.14
0D4B22D9186B1E1143F0668E4200EF5A;FC081C55582CED11A62CD892C0003F2A;2025-05-13;-2.0;-563.6
777B755F3B91BE11BE2110650500675A;FC081C55582CED11A62CD892C0003F2A;2025-05-13;-2.0;-159.26
5794B8ED7942FE1191EE10650500CCB9;FC081C55582CED11A62CD892C0003F2A;2025-05-13;-2.0;-313.08
C3A2CBD89E0D7E110819BB65050039AA;FC081C55582CED11A62CD892C0003F2A;2025-05-13;-2.0;-22.02
965DF47B7D948E113835BB6505003DAA;FC081C55582CED11A62CD892C0003F2A;2025-05-13;-2.0;-1200.0
725A9F8DFA156E11B7B78A650500BC08;FC081C55582CED11A62CD892C0003F2A;2025-05-13;-2.0;-472.18
A6AD2AE7DF0EEE1191EE1065050029B9;FC081C55582CED11A62CD892C0003F2A;2025-05-13;-8.0;-1228.78
3FA9E7AFC19EBE11877210650500DF59;B0BDDED34CC83E11052F6792C000B249;2025-05-13;-2.0;-55.72
0DD5EF339753EE11B1AD1065050086EA;B0BDDED34CC83E11052F6792C000B249;2025-05-13;-14.0;-154.7
64C5195257363E11052F6792C000FF39;B0BDDED34CC83E11052F6792C000B249;2025-05-13;-8.0;-202.56
E24334C29BF22E1143F0668E4200C71A;B0BDDED34CC83E11052F6792C000B249;2025-05-13;-2.0;-568.76
B50CC478AB547E11B7B78A650500ED08;B0BDDED34CC83E11052F6792C000B249;2025-05-13;-2.0;-1273.78
4575F60297F37E11B7B78A650500DD08;B0BDDED34CC83E11052F6792C000B249;2025-05-13;-2.0;-397.56
4838747444AE9E117260106505001C4A;B0BDDED34CC83E11052F6792C000B249;2025-05-13;-2.0;-292.78
8765B5E89B547E11B7B78A650500ED08;B0BDDED34CC83E11052F6792C000B249;2025-05-13;-2.0;-575.56
0E108DE8FF214E1142D58A650500DB08;B0BDDED34CC83E11052F6792C000B249;2025-05-13;-4.0;-488.56
441C1346E3D9DE11406610650500B14A;B0BDDED34CC83E11052F6792C000B249;2025-05-13;-2.0;-118.78
D18BB1230709FD11A4A96492C000AA89;B0BDDED34CC83E11052F6792C000B249;2025-05-13;-6.0;-635.04
C6018428F0CAED11A62CD892C0003F2A;B0BDDED34CC83E11052F6792C000B249;2025-05-13;-10.0;-1375.5
F9A66B13FF986E11B7B78A650500BC08;B0BDDED34CC83E11052F6792C000B249;2025-05-13;-48.0;-996.48
3EFA26AD28E4CE11ADB3106505000DA8;B0BDDED34CC83E11052F6792C000B249;2025-05-13;-2.0;-328.08
17F6096E3CBD7E110819BB65050039AA;B0BDDED34CC83E11052F6792C000B249;2025-05-13;-2.0;-161.16
748F73B62056BE118772106505005559;B0BDDED34CC83E11052F6792C000B249;2025-05-13;-6.0;-818.28
917F3CB29A827E11B7B78A650500DD08;B0BDDED34CC83E11052F6792C000B249;2025-05-13;-8.0;-1100.4
E77E119F66137E11B7B78A650500DD08;B0BDDED34CC83E11052F6792C000B249;2025-05-13;-2.0;-36.66
2489CCD7C9BF0E1123F0668E42005B38;B0BDDED34CC83E11052F6792C000B249;2025-05-13;-16.0;-373.88
E63FAEB9B7E4DE11ADB31065050031C8;B0BDDED34CC83E11052F6792C000B249;2025-05-13;-2.0;-432.72
26018428F0CAED11A62CD892C0003F2A;B0BDDED34CC83E11052F6792C000B249;2025-05-13;-4.0;-583.32
539DEFCDF77DFE1158A3BB3DBE8E1489;B0BDDED34CC83E11052F6792C000B249;2025-05-13;-2.0;-278.52
339032F28ABAFE11128010650500E819;B0BDDED34CC83E11052F6792C000B249;2025-05-13;-6.0;-188.16
78EC8BA1DF886E11B7B78A650500BC08;B0BDDED34CC83E11052F6792C000B249;2025-05-13;-2.0;-465.12
2ACF8F6A4EED7E110819BB65050039AA;B0BDDED34CC83E11052F6792C000B249;2025-05-13;-8.0;-332.52
60523887FAC1FE1191EE106505002CB9;B0BDDED34CC83E11052F6792C000B249;2025-05-13;-4.0;-1040.12
6F9B040CFEB61E1143F0668E4200EE89;B0BDDED34CC83E11052F6792C000B249;2025-05-13;-4.0;-88.94
34B5FC4033E88E11F243BB650500BE3B;B0BDDED34CC83E11052F6792C000B249;2025-05-13;-2.0;-389.16
5547DBC607F1DE11ADB3106505005DB8;B0BDDED34CC83E11052F6792C000B249;2025-05-13;-2.0;-214.46
8A713DFA2142CE118772106505008469;B0BDDED34CC83E11052F6792C000B249;2025-05-13;-2.0;-322.0
44182321229EBE11877210650500DF59;B0BDDED34CC83E11052F6792C000B249;2025-05-13;-10.0;-278.6
C0876D0839667E11B7B78A650500ED08;B0BDDED34CC83E11052F6792C000B249;2025-05-13;-4.0;-219.64
8097C6F800A4DE11ADB310650500D0C8;B0BDDED34CC83E11052F6792C000B249;2025-05-13;-2.0;-882.06
5077C4B5BA25EE11B1AD10650500D8EA;B0BDDED34CC83E11052F6792C000B249;2025-05-13;-2.0;-212.18
99E00D88A0CAED11A62CD892C0003F2A;B0BDDED34CC83E11052F6792C000B249;2025-05-13;-4.0;-152.6
1B4F278C0ADEAE11BE2110650500E35A;B0BDDED34CC83E11052F6792C000B249;2025-05-13;-2.0;-74.3
08D6E37B383EFE11F1557891FE690589;B0BDDED34CC83E11052F6792C000B249;2025-05-13;-2.0;-303.6
9F012534327DCE11ADB31065050007B8;B0BDDED34CC83E11052F6792C000B249;2025-05-13;-2.0;-105.2
C965E30DC8B00F11F1557891FE693889;B0BDDED34CC83E11052F6792C000B249;2025-05-13;-2.0;-66.92
67DC0BE73ED5AE11BE2110650500784A;B0BDDED34CC83E11052F6792C000B249;2025-05-13;-2.0;-137.8
0142D703DE82DE11ADB3106505001EB8;B0BDDED34CC83E11052F6792C000B249;2025-05-13;-2.0;-52.74
09B3436BE358FE11128010650500D819;B0BDDED34CC83E11052F6792C000B249;2025-05-13;-4.0;-377.88
9F6D0F4C8EA3FD110DC22A92C000C499;B0BDDED34CC83E11052F6792C000B249;2025-05-13;-2.0;-610.02
81EA321C575FFE11F1557891FE697689;B0BDDED34CC83E11052F6792C000B249;2025-05-13;-2.0;-78.0
BA3F9014F3D9DE11406610650500B14A;B0BDDED34CC83E11052F6792C000B249;2025-05-13;-2.0;-94.7
8AD16D440ABBFD11A4A96492C000CB59;B0BDDED34CC83E11052F6792C000B249;2025-05-13;-4.0;-745.36
CDE36A66D343FE1191EE106505001EB9;B0BDDED34CC83E11052F6792C000B249;2025-05-13;-2.0;-181.04
00D80587C80FEE1191EE1065050029B9;B0BDDED34CC83E11052F6792C000B249;2025-05-13;-2.0;-445.5
97CD8EB858797E110819BB65050019AA;B0BDDED34CC83E11052F6792C000B249;2025-05-13;-6.0;-814.1999999999999
D93CA31C4547EE1191EE10650500E6B9;B0BDDED34CC83E11052F6792C000B249;2025-05-13;-2.0;-1485.12
18F9A5D06F466E11B7B78A650500BC08;B0BDDED34CC83E11052F6792C000B249;2025-05-13;-4.0;-278.24
66A05155F92E6E11B7B78A6505003D08;B0BDDED34CC83E11052F6792C000B249;2025-05-13;-6.0;-300.48
097F2782A830FE1191EE106505002AB9;B0BDDED34CC83E11052F6792C000B249;2025-05-13;-2.0;-12.24
7065C7223E405E1142D58A650500BC08;B0BDDED34CC83E11052F6792C000B249;2025-05-13;-2.0;-319.8
55654862F3485E1142D58A650500DC08;B0BDDED34CC83E11052F6792C000B249;2025-05-13;-2.0;-234.6
ABAA5B94B04BFD11A4A96492C0006F3B;B0BDDED34CC83E11052F6792C000B249;2025-05-13;-6.0;-1589.3999999999999
46B486E755C45E1142D58A650500DC08;B0BDDED34CC83E11052F6792C000B249;2025-05-13;-4.0;-264.84
8E1319174575EE1191EE10650500D4B9;B0BDDED34CC83E11052F6792C000B249;2025-05-13;-2.0;-382.9
099C53538ABAFE11128010650500E819;B0BDDED34CC83E11052F6792C000B249;2025-05-13;-12.0;-355.68
7B6D6B85ADBE5E1142D58A6505006D08;B0BDDED34CC83E11052F6792C000B249;2025-05-13;-2.0;-594.56
AC724BC241CAED11A62CD892C0003F2A;B0BDDED34CC83E11052F6792C000B249;2025-05-13;-2.0;-1654.02
1160F5CB3A2E6E11B7B78A6505003D08;B0BDDED34CC83E11052F6792C000B249;2025-05-13;-2.0;-231.0
675C1FD4AFB0FE1191EE10650500DAB9;B0BDDED34CC83E11052F6792C000B249;2025-05-13;-6.0;-720.0
82461B565BC7CE11ADB3106505007FA8;B0BDDED34CC83E11052F6792C000B249;2025-05-13;-2.0;-142.84
0E3D292624789E11525010650500D84A;B0BDDED34CC83E11052F6792C000B249;2025-05-13;-2.0;-37.72
9F43BE35C0CAED11A62CD892C0003F2A;B0BDDED34CC83E11052F6792C000B249;2025-05-13;-2.0;-218.98
4C1A9220AC82DE11ADB3106505001EB8;B0BDDED34CC83E11052F6792C000B249;2025-05-13;-2.0;-423.34
11A39B4ED0CAED11A62CD892C0003F2A;B0BDDED34CC83E11052F6792C000B249;2025-05-13;-2.0;-973.92
3EE4E88AC7E4DE11ADB31065050031C8;B0BDDED34CC83E11052F6792C000B249;2025-05-13;-2.0;-432.42
AF76BE47BFCCDE11406610650500B54A;B0BDDED34CC83E11052F6792C000B249;2025-05-13;-2.0;-852.14
30F58BA801F0EE114066106505001B4A;B0BDDED34CC83E11052F6792C000B249;2025-05-13;-2.0;-76.72
96F4A717C124EE11B1AD1065050087EA;B0BDDED34CC83E11052F6792C000B249;2025-05-13;-4.0;-1912.96
F7DE744FAC58FE11128010650500D819;B0BDDED34CC83E11052F6792C000B249;2025-05-13;-4.0;-264.0
52CBB8981C93FE1191EE106505009EB9;B0BDDED34CC83E11052F6792C000B249;2025-05-13;-2.0;-273.44
CCFB1FD4AFB0FE1191EE10650500DAB9;B0BDDED34CC83E11052F6792C000B249;2025-05-13;-4.0;-180.0
962D89ED994EFD11A4A96492C0006D28;B0BDDED34CC83E11052F6792C000B249;2025-05-13;-2.0;-312.56
572D4523DFD2FE1191EE106505009DB9;B0BDDED34CC83E11052F6792C000B249;2025-05-13;-2.0;-938.0
B581E2B738138E110223BB6505005BAA;B0BDDED34CC83E11052F6792C000B249;2025-05-13;-2.0;-787.32
C6ACAC2CED456E11B7B78A650500BC08;B0BDDED34CC83E11052F6792C000B249;2025-05-13;-2.0;-324.4
6892EF874CE1EE114066106505006C4A;B0BDDED34CC83E11052F6792C000B249;2025-05-13;-4.0;-135.34
F2BFD5DCC691FE1191EE10650500EBB9;B0BDDED34CC83E11052F6792C000B249;2025-05-13;-2.0;-65.86
81CF5FCF20CAED11A62CD892C0003F2A;B0BDDED34CC83E11052F6792C000B249;2025-05-13;-2.0;-124.0
AA7572B42AA5FE1191EE1065050041C9;B0BDDED34CC83E11052F6792C000B249;2025-05-13;-2.0;-216.0
38864DDF50667E11B7B78A650500ED08;B0BDDED34CC83E11052F6792C000B249;2025-05-13;-4.0;-1132.0
BE044D3564B8FE11128010650500D819;B0BDDED34CC83E11052F6792C000B249;2025-05-13;-2.0;-320.0
583B896886838E113835BB6505000CAA;B0BDDED34CC83E11052F6792C000B249;2025-05-13;-2.0;-67.08
566A054C1A5FFE11F1557891FE697689;B0BDDED34CC83E11052F6792C000B249;2025-05-13;-2.0;-226.3
17B2A660D6C1AE11726010650500105A;B0BDDED34CC83E11052F6792C000B249;2025-05-13;-2.0;-1224.94
C54D94EA6DE1FE1191EE106505005CB9;B0BDDED34CC83E11052F6792C000B249;2025-05-13;-2.0;-425.26
388242019A3BED11A62CD892C0003F2A;B0BDDED34CC83E11052F6792C000B249;2025-05-13;-2.0;-286.48
34F1F7FBECCE6E11B7B78A6505008D08;B0BDDED34CC83E11052F6792C000B249;2025-05-13;-2.0;-276.28
9929F74ABE61EE11406610650500BB4A;B0BDDED34CC83E11052F6792C000B249;2025-05-13;-2.0;-46.1
E093ADF2A2C79E11554010650500724B;B0BDDED34CC83E11052F6792C000B249;2025-05-13;-2.0;-938.96
339B3B5E29199E11525010650500B94A;B0BDDED34CC83E11052F6792C000B249;2025-05-13;-2.0;-159.38
1CF5EBC551CAED11A62CD892C0003F2A;B0BDDED34CC83E11052F6792C000B249;2025-05-13;-2.0;-421.18
E951BDBC4D7AFE11128010650500E819;B0BDDED34CC83E11052F6792C000B249;2025-05-13;-2.0;-31.96
2FB8FC78CDFFBE11877210650500A169;B0BDDED34CC83E11052F6792C000B249;2025-05-13;-2.0;-469.0
D48930DBBD1EFE11F1557891FE69E489;B0BDDED34CC83E11052F6792C000B249;2025-05-13;-2.0;-627.14
60BA59F21C7C9E11726010650500494A;44673735EAF46E11B7B78A650500BC08;2025-05-13;-2.0;-273.8
DD53D47D6CFA7E110819BB65050039AA;44673735EAF46E11B7B78A650500BC08;2025-05-13;-2.0;-537.24
053956F7E770BE11BE2110650500F55A;44673735EAF46E11B7B78A650500BC08;2025-05-13;-10.0;-104.64
7EC8264C3CE76E11B7B78A650500BC08;44673735EAF46E11B7B78A650500BC08;2025-05-13;-2.0;-254.88
B9FC4D247A21BE11BE2110650500D65A;44673735EAF46E11B7B78A650500BC08;2025-05-13;-2.0;-433.84
3E7842E6A642EE11406610650500DC4A;44673735EAF46E11B7B78A650500BC08;2025-05-13;-6.0;-490.68
7BB8CA6CAC456E11B7B78A650500BC08;44673735EAF46E11B7B78A650500BC08;2025-05-13;-4.0;-54.8
D1BC77B37696DE11ADB31065050053C8;44673735EAF46E11B7B78A650500BC08;2025-05-13;-6.0;-1719.74
70B10018A812CE118772106505005469;44673735EAF46E11B7B78A650500BC08;2025-05-13;-2.0;-810.0
2A6562D6E770BE11BE2110650500F55A;44673735EAF46E11B7B78A650500BC08;2025-05-13;-6.0;-780.8399999999999
DEEAF414F342EE11406610650500DC4A;44673735EAF46E11B7B78A650500BC08;2025-05-13;-2.0;-149.24
C181BA22C6CABE118772106505000B59;44673735EAF46E11B7B78A650500BC08;2025-05-13;-8.0;-2029.2
AB4583BE45CF8E11F243BB650500084B;44673735EAF46E11B7B78A650500BC08;2025-05-13;-6.0;-236.32000000000002
83DB6294A42AFE11128010650500E819;44673735EAF46E11B7B78A650500BC08;2025-05-13;-4.0;-188.0
0D4DE77554DCAE11BE2110650500515A;44673735EAF46E11B7B78A650500BC08;2025-05-13;-2.0;-140.0
EDD1574CE142DE11ADB310650500BDB8;44673735EAF46E11B7B78A650500BC08;2025-05-13;-2.0;-72.1
3ED3904B2E456E11B7B78A650500BC08;44673735EAF46E11B7B78A650500BC08;2025-05-13;-22.0;-3300.0
006902914575EE1191EE10650500D4B9;44673735EAF46E11B7B78A650500BC08;2025-05-13;-10.0;-355.0
15BA9111FC1EFE11F1557891FE69E489;44673735EAF46E11B7B78A650500BC08;2025-05-13;-2.0;-130.0
1FE17EB58CBFAE11BE2110650500055A;44673735EAF46E11B7B78A650500BC08;2025-05-13;-2.0;-244.74
8F14FA47EBF22E1143F0668E4200C71A;44673735EAF46E11B7B78A650500BC08;2025-05-13;-2.0;-191.5
DC0589672C8EAE11BE2110650500835A;44673735EAF46E11B7B78A650500BC08;2025-05-13;-24.0;-2803.5
5F85994CB11A8E11F243BB650500304B;44673735EAF46E11B7B78A650500BC08;2025-05-13;-14.0;-774.34
BB8C67838E3CEE1191EE1065050029B9;44673735EAF46E11B7B78A650500BC08;2025-05-13;-2.0;-248.64
17C3CFB23EA0CE118772106505008269;44673735EAF46E11B7B78A650500BC08;2025-05-13;-4.0;-107.28
5BD11A79201E6E11B7B78A6505001D08;44673735EAF46E11B7B78A650500BC08;2025-05-13;-42.0;-1188.6200000000001
1D43C859F7FCDE11406610650500E54A;44673735EAF46E11B7B78A650500BC08;2025-05-13;-2.0;-191.52
0E29B69694310F11112A674AC7E2F889;44673735EAF46E11B7B78A650500BC08;2025-05-13;-4.0;-356.0
374B53ADA5EF6E11B7B78A650500CD08;44673735EAF46E11B7B78A650500BC08;2025-05-13;-4.0;-226.76
EDA67B9E837D7E110819BB65050039AA;44673735EAF46E11B7B78A650500BC08;2025-05-13;-4.0;-204.4
531C3EAF391B8E11F243BB650500814B;44673735EAF46E11B7B78A650500BC08;2025-05-13;-4.0;-2740.0
769AD1693D456E11B7B78A650500BC08;44673735EAF46E11B7B78A650500BC08;2025-05-13;-2.0;-90.64
536B1EA79C456E11B7B78A650500BC08;44673735EAF46E11B7B78A650500BC08;2025-05-13;-2.0;-272.04
18D8A4B271D6FD110DC22A92C000D158;44673735EAF46E11B7B78A650500BC08;2025-05-13;-6.0;-397.5
5BE08E40C11A8E11F243BB650500304B;44673735EAF46E11B7B78A650500BC08;2025-05-13;-2.0;-29.56
29777127CC456E11B7B78A650500BC08;44673735EAF46E11B7B78A650500BC08;2025-05-13;-14.0;-9606.82
C97B11E98DF59E11554010650500304B;44673735EAF46E11B7B78A650500BC08;2025-05-13;-12.0;-1453.26
7EC65BF6CB70DE11ADB3106505004BB8;44673735EAF46E11B7B78A650500BC08;2025-05-13;-4.0;-2627.42
B5B2F49B3D9F7E110819BB65050039AA;44673735EAF46E11B7B78A650500BC08;2025-05-13;-12.0;-702.0799999999999
676304C34E456E11B7B78A650500BC08;44673735EAF46E11B7B78A650500BC08;2025-05-13;-60.0;-9420.0
ED816F1ECAD0FE1191EE10650500FAB9;44673735EAF46E11B7B78A650500BC08;2025-05-13;-2.0;-217.14
74D93A8F390FEE1191EE1065050029B9;44673735EAF46E11B7B78A650500BC08;2025-05-13;-32.0;-171.64
CAB9CCDB60A15E1142D58A650500BC08;44673735EAF46E11B7B78A650500BC08;2025-05-13;-2.0;-537.74
3DD31F9234627E11B7B78A650500CD08;44673735EAF46E11B7B78A650500BC08;2025-05-13;-2.0;-228.74
24C1F06BD20ADE11406610650500F14A;44673735EAF46E11B7B78A650500BC08;2025-05-13;-2.0;-206.74
892CD956A0CAED11A62CD892C0003F2A;44673735EAF46E11B7B78A650500BC08;2025-05-13;-6.0;-942.0
6FCBC46F2C456E11B7B78A650500BC08;44673735EAF46E11B7B78A650500BC08;2025-05-13;-18.0;-4795.38
5F7EFED59AE66E11B7B78A650500BC08;44673735EAF46E11B7B78A650500BC08;2025-05-13;-2.0;-2284.0
69EE76D69BBD7E110819BB65050039AA;44673735EAF46E11B7B78A650500BC08;2025-05-13;-2.0;-2380.0
923EE5BC3C456E11B7B78A650500BC08;44673735EAF46E11B7B78A650500BC08;2025-05-13;-2.0;-688.44
6ABB951BFD59BE118772106505003959;44673735EAF46E11B7B78A650500BC08;2025-05-13;-10.0;-418.0
96F75CF24E456E11B7B78A650500BC08;44673735EAF46E11B7B78A650500BC08;2025-05-13;-10.0;-6250.0
3FE3138ACBA5FE1191EE1065050041C9;44673735EAF46E11B7B78A650500BC08;2025-05-13;-2.0;-1964.0
C6ACAC2CED456E11B7B78A650500BC08;44673735EAF46E11B7B78A650500BC08;2025-05-13;-6.0;-973.1999999999999
6E679C94F40ADE11406610650500F14A;44673735EAF46E11B7B78A650500BC08;2025-05-13;-8.0;-184.0
7C076A426D7DBE118772106505007E59;44673735EAF46E11B7B78A650500BC08;2025-05-13;-6.0;-948.0
7B8221F535DB4E1142D58A6505009C08;44673735EAF46E11B7B78A650500BC08;2025-05-13;-2.0;-689.26
D8723DA83A517E11B7B78A650500CD08;44673735EAF46E11B7B78A650500BC08;2025-05-13;-2.0;-832.0
51361D8F49BFEE1191EE1065050089B9;44673735EAF46E11B7B78A650500BC08;2025-05-13;-2.0;-38.72
4939E2C83CCEAE11BE2110650500D35A;44673735EAF46E11B7B78A650500BC08;2025-05-13;-4.0;-71.2
D27CA2357FD7AE11BE21106505000B4A;44673735EAF46E11B7B78A650500BC08;2025-05-13;-16.0;-3936.0
59807996CB70DE11ADB3106505004BB8;44673735EAF46E11B7B78A650500BC08;2025-05-13;-2.0;-782.3
C7352D212DCCCE11ADB31065050026B8;44673735EAF46E11B7B78A650500BC08;2025-05-13;-2.0;-91.0
178E5826E528CE11ADB310650500EFA8;44673735EAF46E11B7B78A650500BC08;2025-05-13;-8.0;-562.4
77D8A4B271D6FD110DC22A92C000D158;44673735EAF46E11B7B78A650500BC08;2025-05-13;-2.0;-165.18
62073ECDAD8BEE1191EE1065050029B9;44673735EAF46E11B7B78A650500BC08;2025-05-13;-2.0;-184.54
101EABE02D456E11B7B78A650500BC08;44673735EAF46E11B7B78A650500BC08;2025-05-13;-2.0;-1128.0
5D9436EFCD456E11B7B78A650500BC08;44673735EAF46E11B7B78A650500BC08;2025-05-13;-2.0;-2587.76
F87FBF195FDD6E11B7B78A650500BC08;44673735EAF46E11B7B78A650500BC08;2025-05-13;-14.0;-442.82
A7203DE509AF7E110819BB65050039AA;44673735EAF46E11B7B78A650500BC08;2025-05-13;-4.0;-623.04
DE3843D18D456E11B7B78A650500BC08;44673735EAF46E11B7B78A650500BC08;2025-05-13;-2.0;-62.94
842FBFF5F0DCDE11406610650500B54A;44673735EAF46E11B7B78A650500BC08;2025-05-13;-40.0;-1584.64
12EC44B94F7FFE11F1557891FE69A689;44673735EAF46E11B7B78A650500BC08;2025-05-13;-50.0;-848.5
2921C3634E456E11B7B78A650500BC08;44673735EAF46E11B7B78A650500BC08;2025-05-13;-2.0;-1018.0
378273A4C11A8E11F243BB650500304B;44673735EAF46E11B7B78A650500BC08;2025-05-13;-2.0;-295.98
E051863185ECBE11877210650500BD59;44673735EAF46E11B7B78A650500BC08;2025-05-13;-2.0;-218.9
0245F112C8C77E110819BB65050009AA;44673735EAF46E11B7B78A650500BC08;2025-05-13;-6.0;-217.32
A603B84A71267E11B7B78A650500ED08;44673735EAF46E11B7B78A650500BC08;2025-05-13;-2.0;-140.4
CC844A839FBEEE1191EE1065050029B9;44673735EAF46E11B7B78A650500BC08;2025-05-13;-8.0;-403.7
9E2F4C9B1989EE1191EE1065050009B9;44673735EAF46E11B7B78A650500BC08;2025-05-13;-4.0;-5896.0
AC4E560F482FCE11ADB31065050049B8;44673735EAF46E11B7B78A650500BC08;2025-05-13;-2.0;-893.68
77FEA237E770BE11BE2110650500F55A;44673735EAF46E11B7B78A650500BC08;2025-05-13;-4.0;-327.98
88C401993D8F2E11052F6792C000CF39;44673735EAF46E11B7B78A650500BC08;2025-05-13;-2.0;-1145.54
67879818421A8E11F243BB650500304B;44673735EAF46E11B7B78A650500BC08;2025-05-13;-2.0;-137.74
A8F199F095D3EE11B1AD1065050027EA;44673735EAF46E11B7B78A650500BC08;2025-05-13;-2.0;-183.32
FFB6CE3DEB80DE11ADB3106505005BB8;44673735EAF46E11B7B78A650500BC08;2025-05-13;-4.0;-97.48
ECEAA9F444856E11B7B78A650500BC08;44673735EAF46E11B7B78A650500BC08;2025-05-13;-4.0;-873.38
A006B31845179E11554010650500914B;44673735EAF46E11B7B78A650500BC08;2025-05-13;-4.0;-682.7
0564AE69E158EE1191EE1065050048B9;44673735EAF46E11B7B78A650500BC08;2025-05-13;-2.0;-570.08
79B99D81CFC5EE1191EE1065050055B9;44673735EAF46E11B7B78A650500BC08;2025-05-13;-20.0;-1494.0
B3C9D397E770BE11BE2110650500F55A;44673735EAF46E11B7B78A650500BC08;2025-05-13;-6.0;-520.7
8C29D72817108E110819BB65050039AA;44673735EAF46E11B7B78A650500BC08;2025-05-13;-4.0;-241.68
692B062FD6568E11F243BB6505007B3B;44673735EAF46E11B7B78A650500BC08;2025-05-13;-2.0;-125.82
060334BDE781DE11ADB310650500CCB8;44673735EAF46E11B7B78A650500BC08;2025-05-13;-8.0;-984.0
20914C4E45CF8E11F243BB650500084B;44673735EAF46E11B7B78A650500BC08;2025-05-13;-2.0;-66.52
3FCBFF31F4029E11554010650500FA3B;44673735EAF46E11B7B78A650500BC08;2025-05-13;-2.0;-4842.96
7636E924AA21BE11BE2110650500D65A;44673735EAF46E11B7B78A650500BC08;2025-05-13;-2.0;-1494.0
45720D1B63B9BE11877210650500A959;44673735EAF46E11B7B78A650500BC08;2025-05-13;-2.0;-239.6
510C339B9C937E11B7B78A650500DD08;44673735EAF46E11B7B78A650500BC08;2025-05-13;-29.2;-2348.34
4DD5CF7ECAD0FE1191EE10650500FAB9;44673735EAF46E11B7B78A650500BC08;2025-05-13;-2.0;-297.84
1F1EB7FDB0CAED11A62CD892C0003F2A;44673735EAF46E11B7B78A650500BC08;2025-05-13;-4.0;-134.06
CC1473F3ECFBEE1191EE1065050029B9;44673735EAF46E11B7B78A650500BC08;2025-05-13;-10.0;-491.4
2FF676A9CD456E11B7B78A650500BC08;44673735EAF46E11B7B78A650500BC08;2025-05-13;-2.0;-1168.0
68621B9E72C97E110819BB65050019AA;44673735EAF46E11B7B78A650500BC08;2025-05-13;0.0;0.0
C7DA1BD4EA96FE1191EE1065050072C9;44673735EAF46E11B7B78A650500BC08;2025-05-13;-2.0;-510.0
BCEB5D8DD22BBE118772106505007B59;44673735EAF46E11B7B78A650500BC08;2025-05-13;-4.0;-259.2
108F52B9B9827E11B7B78A650500DD08;44673735EAF46E11B7B78A650500BC08;2025-05-13;-4.0;-327.52
3B6876C01EEDBE118772106505000F59;44673735EAF46E11B7B78A650500BC08;2025-05-13;-14.0;-999.76
B4F001653E456E11B7B78A650500BC08;44673735EAF46E11B7B78A650500BC08;2025-05-13;-2.0;-1056.0
82B8E25E98468E11F243BB6505006B3B;44673735EAF46E11B7B78A650500BC08;2025-05-13;-2.0;-281.4
4D97622D44E6EE1191EE1065050096B9;44673735EAF46E11B7B78A650500BC08;2025-05-13;-2.0;-114.0
54E317E520556E11B7B78A650500BC08;44673735EAF46E11B7B78A650500BC08;2025-05-13;-2.0;-253.08
1C0B74D7D0CAED11A62CD892C0003F2A;44673735EAF46E11B7B78A650500BC08;2025-05-13;-4.0;-509.24
87470954AE789E11525010650500E84A;44673735EAF46E11B7B78A650500BC08;2025-05-13;-2.0;-457.52
65B68CF552BC7E110819BB65050039AA;44673735EAF46E11B7B78A650500BC08;2025-05-13;-2.0;-91.8
96C1EF77A7A7CE11ADB3106505004FA8;44673735EAF46E11B7B78A650500BC08;2025-05-13;-2.0;-118.68
F9DC0BE73ED5AE11BE2110650500784A;44673735EAF46E11B7B78A650500BC08;2025-05-13;-2.0;-179.0
F062F194EDDECE11ADB310650500E8B8;44673735EAF46E11B7B78A650500BC08;2025-05-13;-2.0;-340.0
B8151EF2BDBDCE11ADB31065050077B8;44673735EAF46E11B7B78A650500BC08;2025-05-13;-4.0;-298.28
9DD802B84D9F7E110819BB65050039AA;44673735EAF46E11B7B78A650500BC08;2025-05-13;-2.0;-121.16
65484147C541DE11ADB3106505007CB8;44673735EAF46E11B7B78A650500BC08;2025-05-13;-2.0;-439.54
2BBC17EE6A4B3E11052F6792C000D249;44673735EAF46E11B7B78A650500BC08;2025-05-13;-4.0;-1119.22
8000588963039E115540106505004C3B;44673735EAF46E11B7B78A650500BC08;2025-05-13;-2.0;-215.46
ABA90CDB0321DE11ADB3106505003CB8;44673735EAF46E11B7B78A650500BC08;2025-05-13;-2.0;-114.0
CC560D0A1BE66E11B7B78A650500BC08;44673735EAF46E11B7B78A650500BC08;2025-05-13;4.0;2692.54
0B222E71756CEE1191EE1065050029B9;44673735EAF46E11B7B78A650500BC08;2025-05-13;2.0;5206.48
FE26E815C295FE1191EE1065050021C9;B0BDDED34CC83E11052F6792C000B249;2025-05-13;2.0;1080.0
9040B7516D42DE11ADB310650500CDB8;B0BDDED34CC83E11052F6792C000B249;2025-05-13;-2.0;-744.88
6881A0412392BE11BE2110650500A85A;44673735EAF46E11B7B78A650500BC08;2025-05-13;2.0;140.1
5B4EC3156DB0EE11406610650500DA4A;FC081C55582CED11A62CD892C0003F2A;2025-05-13;0.0;0.0
EA5D87D7A0F60E11A4A96492C0007BF8;FC081C55582CED11A62CD892C0003F2A;2025-05-13;2.0;635.16
3CA3D133B6AEEE1191EE1065050029B9;FC081C55582CED11A62CD892C0003F2A;2025-05-13;0.0;0.0
DE0C32053533FE1191EE106505000EB9;FC081C55582CED11A62CD892C0003F2A;2025-05-13;0.0;0.0
6E40B1E704B0EE11406610650500CA4A;FC081C55582CED11A62CD892C0003F2A;2025-05-13;0.0;0.0
48A4A8557348EE1191EE1065050038B9;FC081C55582CED11A62CD892C0003F2A;2025-05-13;0.0;0.0
538824D91431FE1191EE106505006BB9;FC081C55582CED11A62CD892C0003F2A;2025-05-13;0.0;0.0
84723E091F7ABE11877210650500AA59;FC081C55582CED11A62CD892C0003F2A;2025-05-13;0.0;0.0
2BBBC7E844269E11554010650500604B;FC081C55582CED11A62CD892C0003F2A;2025-05-13;0.0;0.0
96A83FCC06137E11B7B78A650500DD08;FC081C55582CED11A62CD892C0003F2A;2025-05-13;-22.0;-8172.24
C3E6F306E868FE11128010650500D819;FC081C55582CED11A62CD892C0003F2A;2025-05-13;0.0;0.0
BA95135EF513CE118772106505009569;FC081C55582CED11A62CD892C0003F2A;2025-05-13;0.0;0.0
DB95135EF513CE118772106505009569;FC081C55582CED11A62CD892C0003F2A;2025-05-13;0.0;0.0
77E356BEF513CE118772106505009569;FC081C55582CED11A62CD892C0003F2A;2025-05-13;0.0;0.0
0256F4370828EE1191EE1065050018B9;FC081C55582CED11A62CD892C0003F2A;2025-05-13;0.0;0.0
9BCB790A8616CE11ADB3106505007DA8;FC081C55582CED11A62CD892C0003F2A;2025-05-13;0.0;0.0
2C29B3A596B5FE1191EE1065050051C9;FC081C55582CED11A62CD892C0003F2A;2025-05-13;0.0;0.0
429562EC04537E11B7B78A650500DD08;44673735EAF46E11B7B78A650500BC08;2025-05-13;-8.0;-1011.0200000000001
823D5523AB35FE1191EE10650500B0C9;44673735EAF46E11B7B78A650500BC08;2025-05-13;4.0;559.52
87679A3C4752CE11877210650500A469;44673735EAF46E11B7B78A650500BC08;2025-05-13;28.0;6000.4
1E4AC696D270DE11ADB3106505003BB8;44673735EAF46E11B7B78A650500BC08;2025-05-13;28.0;4242.0
E378BDDE2EFBAE11BE2110650500405A;44673735EAF46E11B7B78A650500BC08;2025-05-13;2.0;287.1
A1AF38F5A6F5AE11BE2110650500984A;44673735EAF46E11B7B78A650500BC08;2025-05-13;300.0;10894.14
F1C5B32599DDCE11ADB31065050097B8;B0BDDED34CC83E11052F6792C000B249;2025-05-13;-22.0;-1721.56
45F74281A1C25E1142D58A650500DC08;B0BDDED34CC83E11052F6792C000B249;2025-05-13;0.0;0.0
0F480377B1C10F114EF7A826072BB989;B0BDDED34CC83E11052F6792C000B249;2025-05-13;0.0;0.0
84F103FED8D00E11A4A96492C0002019;B0BDDED34CC83E11052F6792C000B249;2025-05-13;0.0;0.0
4A93D3339BB0CE118772106505009269;B0BDDED34CC83E11052F6792C000B249;2025-05-13;0.0;0.0
4D61CD5CEB01FE1191EE106505003BB9;B0BDDED34CC83E11052F6792C000B249;2025-05-13;-8.0;-235.32
55A063D9E3968E11F243BB650500CB3B;B0BDDED34CC83E11052F6792C000B249;2025-05-13;0.0;0.0
36356B5573C5EE1191EE1065050045B9;B0BDDED34CC83E11052F6792C000B249;2025-05-13;0.0;0.0
36776AB89F09FE11128010650500E819;B0BDDED34CC83E11052F6792C000B249;2025-05-13;0.0;0.0
E443B758EFB89E11525010650500394A;B0BDDED34CC83E11052F6792C000B249;2025-05-13;0.0;0.0
A2DBB61AEAB4EE11B1AD1065050048EA;B0BDDED34CC83E11052F6792C000B249;2025-05-13;0.0;0.0
BBD7FA4EABFFBE11877210650500A169;B0BDDED34CC83E11052F6792C000B249;2025-05-13;0.0;0.0
0D59C095FB5F7E110819BB65050039AA;B0BDDED34CC83E11052F6792C000B249;2025-05-13;4.0;127.08
F0577C8C759DBE118772106505009E59;B0BDDED34CC83E11052F6792C000B249;2025-05-13;0.0;0.0
C6EA661280E2FE1191EE106505009DB9;B0BDDED34CC83E11052F6792C000B249;2025-05-13;0.0;0.0
077D684F3FE58E11F243BB650500EA3B;B0BDDED34CC83E11052F6792C000B249;2025-05-13;0.0;0.0
DC5B554FABB88E11F243BB6505008E3B;B0BDDED34CC83E11052F6792C000B249;2025-05-13;0.0;0.0
772AC45A4BB23E11052F6792C000CF39;B0BDDED34CC83E11052F6792C000B249;2025-05-13;-8.0;-999.5
5CDF9ABCA3078E11F243BB6505005C3B;44673735EAF46E11B7B78A650500BC08;2025-05-13;-2.0;-1272.8
07E3C8804B4ECE11ADB31065050028B8;FC081C55582CED11A62CD892C0003F2A;2025-05-13;0.0;0.0
9F2AF95DB32ECE11ADB310650500F7B8;FC081C55582CED11A62CD892C0003F2A;2025-05-13;0.0;0.0
F9961515C295FE1191EE1065050021C9;FC081C55582CED11A62CD892C0003F2A;2025-05-13;0.0;0.0
DC6B71C5A4EE4E1142D58A650500BC08;FC081C55582CED11A62CD892C0003F2A;2025-05-13;0.0;0.0
2040BFED67F8FE11128010650500D819;FC081C55582CED11A62CD892C0003F2A;2025-05-13;0.0;0.0
2C754762F0CAED11A62CD892C0003F2A;44673735EAF46E11B7B78A650500BC08;2025-05-13;-10.0;-970.0
D35E9808D3BC3E11052F6792C000D249;44673735EAF46E11B7B78A650500BC08;2025-05-13;156.0;11007.359999999999
7E884F7254940E11A4A96492C000067B;FC081C55582CED11A62CD892C0003F2A;2025-05-13;4.0;595.08
BD460F5EEB6DFE11F1557891FE690489;FC081C55582CED11A62CD892C0003F2A;2025-05-13;4.0;719.6
FC899ADB899C2E11052F6792C000CF39;FC081C55582CED11A62CD892C0003F2A;2025-05-13;8.0;1901.28
A07A42C65AF34E1142D58A6505002C08;FC081C55582CED11A62CD892C0003F2A;2025-05-13;6.0;1271.52
C000819A08FCFD11A4A96492C000CB59;44673735EAF46E11B7B78A650500BC08;2025-05-13;-2.0;-254.46
417E3F107946DE11ADB310650500F2C8;FC081C55582CED11A62CD892C0003F2A;2025-05-13;40.0;1689.46
6A29FA1D9B4D7E110819BB65050039AA;44673735EAF46E11B7B78A650500BC08;2025-05-13;30.0;1673.1
5A5CA666BCADBE11877210650500BE59;44673735EAF46E11B7B78A650500BC08;2025-05-13;0.0;0.0
B4438B674C456E11B7B78A650500BC08;44673735EAF46E11B7B78A650500BC08;2025-05-13;30.0;5922.76
0D5B5EC1BD010F11112A674AC7E2C889;FC081C55582CED11A62CD892C0003F2A;2025-05-13;16.0;6710.28
7331FD22BD010F11112A674AC7E2C889;FC081C55582CED11A62CD892C0003F2A;2025-05-13;16.0;5321.94
EBD25A6E878E8E11F243BB650500764B;44673735EAF46E11B7B78A650500BC08;2025-05-13;24.0;2264.16
D048350E3E4A7E110819BB65050039AA;FC081C55582CED11A62CD892C0003F2A;2025-05-13;0.0;0.0
2C618ABD5DECEE1191EE1065050029B9;FC081C55582CED11A62CD892C0003F2A;2025-05-13;0.0;0.0
8673C42422F0EE114066106505001B4A;FC081C55582CED11A62CD892C0003F2A;2025-05-13;0.0;0.0
0CDC8F087F64EE11B1AD10650500E7EA;FC081C55582CED11A62CD892C0003F2A;2025-05-13;0.0;0.0
8BD30721A4CFEE1191EE1065050099B9;FC081C55582CED11A62CD892C0003F2A;2025-05-13;6.0;1504.4
E42F2727A0651E1143F0668E4200EE89;44673735EAF46E11B7B78A650500BC08;2025-05-13;240.0;22176.0
BB3C1606DF986E11B7B78A650500BC08;FC081C55582CED11A62CD892C0003F2A;2025-05-13;128.0;2657.2799999999997
828851DC58B13E11052F6792C000CF39;FC081C55582CED11A62CD892C0003F2A;2025-05-13;10.0;761.1
7A90099C63E2DE11ADB3106505008EB8;FC081C55582CED11A62CD892C0003F2A;2025-05-13;4.0;602.24
4719182F55FDFE11F1557891FE69B489;FC081C55582CED11A62CD892C0003F2A;2025-05-13;76.0;4529.08
498E84EBBD1EFE11F1557891FE69E489;44673735EAF46E11B7B78A650500BC08;2025-05-13;80.0;5560.0
8051A93BC7E10F114EF7A826072BE989;44673735EAF46E11B7B78A650500BC08;2025-05-13;46.0;4585.74
2D3B73B38ABAFE11128010650500E819;FC081C55582CED11A62CD892C0003F2A;2025-05-13;48.0;1422.72
F78C154EEB0AFE11128010650500E819;FC081C55582CED11A62CD892C0003F2A;2025-05-13;2.0;569.1999999999999
C2E07BA3D076EE1191EE1065050026B9;B0BDDED34CC83E11052F6792C000B249;2025-05-13;16.0;2073.6400000000003
905E070584AE9E117260106505001C4A;B0BDDED34CC83E11052F6792C000B249;2025-05-13;38.0;2778.1800000000003
4D90BF0CDA65EE11B1AD1065050039EA;B0BDDED34CC83E11052F6792C000B249;2025-05-13;132.0;5188.92
3212B81CF4BA4E1142D58A6505009C08;44673735EAF46E11B7B78A650500BC08;2025-05-13;-10.0;-2484.0
8A84729998D58E11F243BB650500CA3B;B0BDDED34CC83E11052F6792C000B249;2025-05-13;144.0;13685.76
0A43A37C1A5FFE11F1557891FE697689;B0BDDED34CC83E11052F6792C000B249;2025-05-13;10.0;529.7
4AE4B5203D456E11B7B78A650500BC08;44673735EAF46E11B7B78A650500BC08;2025-05-13;40.0;2417.6
E6CA0CF52D456E11B7B78A650500BC08;44673735EAF46E11B7B78A650500BC08;2025-05-13;20.0;5485.8
E5B732FC5CFFFE11F1557891FE694789;B0BDDED34CC83E11052F6792C000B249;2025-05-13;40.0;4640.0
CCC810633392BE11BE2110650500A85A;44673735EAF46E11B7B78A650500BC08;2025-05-13;38.0;3770.7
D8C045074D05DE11ADB31065050061C8;B0BDDED34CC83E11052F6792C000B249;2025-05-13;24.0;3965.28
6948FEE04A108E110819BB65050039AA;B0BDDED34CC83E11052F6792C000B249;2025-05-13;20.0;1319.82
2CE32F23201ADE11406610650500024A;FC081C55582CED11A62CD892C0003F2A;2025-05-13;8.0;1376.62
018AA5F4F9D2DE11ADB3106505007EB8;44673735EAF46E11B7B78A650500BC08;2025-05-13;-8.0;-2992.0
A7446E61BD010F11112A674AC7E2C889;B0BDDED34CC83E11052F6792C000B249;2025-05-13;2.0;1349.76
CDB69512BD010F11112A674AC7E2C889;B0BDDED34CC83E11052F6792C000B249;2025-05-13;10.0;1373.88
27A086D3065EDE11406610650500C74A;B0BDDED34CC83E11052F6792C000B249;2025-05-13;2.0;403.2
DBDE455281082E11052F6792C0007F39;B0BDDED34CC83E11052F6792C000B249;2025-05-13;12.0;6670.56
F1A147896F45DE11ADB310650500B1C8;B0BDDED34CC83E11052F6792C000B249;2025-05-13;10.0;2643.0
B38F2D3A1AB57E11B7B78A650500ED08;FC081C55582CED11A62CD892C0003F2A;2025-05-13;0.0;0.0
F34288F6518EEE1191EE1065050029B9;FC081C55582CED11A62CD892C0003F2A;2025-05-13;0.0;0.0
5197A3B4F5B9CE11ADB310650500F1B8;44673735EAF46E11B7B78A650500BC08;2025-05-13;20.0;7004.0
5258F2FDF513CE118772106505009569;FC081C55582CED11A62CD892C0003F2A;2025-05-13;8.0;7362.24
961DE941BE31FE1191EE106505007BB9;B0BDDED34CC83E11052F6792C000B249;2025-05-13;-2.0;-150.26
DF7E934DFC56FE1191EE1065050022C9;FC081C55582CED11A62CD892C0003F2A;2025-05-13;8.0;4426.08
DC0F389159E48E113835BB6505009DAA;FC081C55582CED11A62CD892C0003F2A;2025-05-13;10.0;2928.56
FF6785D8D0CAED11A62CD892C0003F2A;FC081C55582CED11A62CD892C0003F2A;2025-05-13;8.0;1816.08
14377D17C0CAED11A62CD892C0003F2A;FC081C55582CED11A62CD892C0003F2A;2025-05-13;8.0;3127.76
0826518B3C456E11B7B78A650500BC08;44673735EAF46E11B7B78A650500BC08;2025-05-13;-6.0;-1076.1
13CA4DE38E7F6E11B7B78A650500CD08;44673735EAF46E11B7B78A650500BC08;2025-05-13;0.0;0.0
5F5A143D9CD2FE1191EE106505009DB9;44673735EAF46E11B7B78A650500BC08;2025-05-13;0.0;0.0
0BC0C39CC535DE11ADB31065050091C8;FC081C55582CED11A62CD892C0003F2A;2025-05-13;8.0;1341.74
C43ADDBE31CAED11A62CD892C0003F2A;FC081C55582CED11A62CD892C0003F2A;2025-05-13;4.0;791.54
CA1094CED81E4E1142D58A650500BC08;FC081C55582CED11A62CD892C0003F2A;2025-05-13;12.0;1120.7
441B06FC2DC0FE1191EE10650500EAB9;44673735EAF46E11B7B78A650500BC08;2025-05-13;38.0;5136.46
E959AE21D3ED7E110819BB65050039AA;44673735EAF46E11B7B78A650500BC08;2025-05-13;4.0;8544.34
E842E7FDF0CAED11A62CD892C0003F2A;FC081C55582CED11A62CD892C0003F2A;2025-05-13;8.0;1119.62
2CCA64FF5D89FE11128010650500E819;FC081C55582CED11A62CD892C0003F2A;2025-05-13;4.0;2105.26
C19507826D89FE11128010650500E819;FC081C55582CED11A62CD892C0003F2A;2025-05-13;8.0;3840.74
9FA9F02ECCFEEE1191EE1065050029B9;FC081C55582CED11A62CD892C0003F2A;2025-05-13;0.0;0.0
02EF16A58B50EE114066106505005A4A;FC081C55582CED11A62CD892C0003F2A;2025-05-13;24.0;710.16
D5D2043061D4EE11B1AD1065050068EA;B0BDDED34CC83E11052F6792C000B249;2025-05-13;18.0;1272.42
E3FF95177525CE11ADB3106505000DA8;B0BDDED34CC83E11052F6792C000B249;2025-05-13;8.0;430.05999999999995
900A8E75EAE1DE11ADB3106505004DB8;B0BDDED34CC83E11052F6792C000B249;2025-05-13;12.0;14237.62
1A4EB98E3597FE1191EE10650500C3C9;B0BDDED34CC83E11052F6792C000B249;2025-05-13;10.0;9746.16
816730F950FE5E1142D58A6505006D08;B0BDDED34CC83E11052F6792C000B249;2025-05-13;-2.0;-253.98
035FE49E2003DE11ADB310650500AEB8;FC081C55582CED11A62CD892C0003F2A;2025-05-13;-2.0;-15.8
10B60853D1E7EE1191EE10650500A7B9;FC081C55582CED11A62CD892C0003F2A;2025-05-13;-3.0;-7.52
94E448DCEA3FDE11406610650500E84A;FC081C55582CED11A62CD892C0003F2A;2025-05-13;-2.0;-86.56
2EA318B4ACE7CE11ADB3106505009FA8;FC081C55582CED11A62CD892C0003F2A;2025-05-13;-2.0;-41.46
68F81BD3FCECEE1191EE1065050029B9;FC081C55582CED11A62CD892C0003F2A;2025-05-13;-2.0;-15.92
A81FBA1E589D7E110819BB65050039AA;FC081C55582CED11A62CD892C0003F2A;2025-05-13;-2.0;-60.48
26F986E1BBB1EE114066106505001C4A;FC081C55582CED11A62CD892C0003F2A;2025-05-13;-2.0;-99.7
26F771DA6FA7FE1191EE10650500E3C9;FC081C55582CED11A62CD892C0003F2A;2025-05-13;-2.0;-354.94
DAE4F973A058EE1191EE1065050048B9;FC081C55582CED11A62CD892C0003F2A;2025-05-13;-2.0;-93.06
BC4B1BA741BFFE11F1557891FE69E689;FC081C55582CED11A62CD892C0003F2A;2025-05-13;-2.0;-125.38
AED7B52212B0EE11406610650500CA4A;FC081C55582CED11A62CD892C0003F2A;2025-05-13;-2.0;-21.74
6ADFB6749CB7FE1191EE10650500F3C9;FC081C55582CED11A62CD892C0003F2A;2025-05-13;-4.0;-140.0
9ABC4958F645AE11726010650500845A;FC081C55582CED11A62CD892C0003F2A;2025-05-13;-2.0;-3950.1
771C028040CAED11A62CD892C0003F2A;FC081C55582CED11A62CD892C0003F2A;2025-05-13;-2.0;-1696.96
7450B5F648A0EE11406610650500BA4A;FC081C55582CED11A62CD892C0003F2A;2025-05-13;-2.0;-115.02
50F822C77CA3CE118772106505005669;FC081C55582CED11A62CD892C0003F2A;2025-05-13;-2.0;-206.04
87CFDEA7CE645E1142D58A650500DC08;FC081C55582CED11A62CD892C0003F2A;2025-05-13;-4.0;-511.56
8922AE49F1521E1143F0668E42008C3B;FC081C55582CED11A62CD892C0003F2A;2025-05-13;-2.0;-416.64
EC10612044AE9E117260106505001C4A;FC081C55582CED11A62CD892C0003F2A;2025-05-13;-4.0;-585.56
03C64B4E664DEE1191EE1065050029B9;FC081C55582CED11A62CD892C0003F2A;2025-05-13;-4.0;-4254.38
0CD1E7C5064CDE11406610650500054A;FC081C55582CED11A62CD892C0003F2A;2025-05-13;-2.0;-395.4
BE280D4ACE23FD110DC22A92C000C499;FC081C55582CED11A62CD892C0003F2A;2025-05-13;-2.0;-124.56
1CD89EE302CAED11A62CD892C0003F2A;FC081C55582CED11A62CD892C0003F2A;2025-05-13;-2.0;-174.14
C297BF6A01CAED11A62CD892C0003F2A;FC081C55582CED11A62CD892C0003F2A;2025-05-13;-6.0;-1269.96
E14B39C5C0CAED11A62CD892C0003F2A;FC081C55582CED11A62CD892C0003F2A;2025-05-13;-2.0;-111.88
7B640F41D0CAED11A62CD892C0003F2A;FC081C55582CED11A62CD892C0003F2A;2025-05-13;-2.0;-192.86
C0D5AC833BF8CE11ADB31065050001B8;FC081C55582CED11A62CD892C0003F2A;2025-05-13;-4.0;-360.8
335C8EE9F7BAFE11128010650500E819;FC081C55582CED11A62CD892C0003F2A;2025-05-13;-6.0;-126.0
CC4F278C0ADEAE11BE2110650500E35A;FC081C55582CED11A62CD892C0003F2A;2025-05-13;-4.0;-97.2
7D9A96AACC2DFE11F1557891FE69B389;FC081C55582CED11A62CD892C0003F2A;2025-05-13;-2.0;-272.78
6E9FC0474A278E11F243BB6505008C3B;FC081C55582CED11A62CD892C0003F2A;2025-05-13;-2.0;-59.76
88FEEB7BF093FE1191EE106505008EB9;FC081C55582CED11A62CD892C0003F2A;2025-05-13;-4.0;-387.68
F06C36C4C0CAED11A62CD892C0003F2A;FC081C55582CED11A62CD892C0003F2A;2025-05-13;-2.0;-219.18
4B2D48227F7DCE11ADB31065050017B8;FC081C55582CED11A62CD892C0003F2A;2025-05-13;-2.0;-108.0
4A074B58DC828E110223BB650500AAAA;FC081C55582CED11A62CD892C0003F2A;2025-05-13;-2.0;-92.88
D7033A80E0CAED11A62CD892C0003F2A;FC081C55582CED11A62CD892C0003F2A;2025-05-13;-2.0;-225.38
28F47CBC4101AE117260106505001F4A;FC081C55582CED11A62CD892C0003F2A;2025-05-13;-2.0;-579.88
FAB6FA5DD1789E11525010650500D84A;FC081C55582CED11A62CD892C0003F2A;2025-05-13;-2.0;-61.7
5EA8094F4FFD9E117260106505004B4A;FC081C55582CED11A62CD892C0003F2A;2025-05-13;-4.0;-634.74
2489CCD7C9BF0E1123F0668E42005B38;FC081C55582CED11A62CD892C0003F2A;2025-05-13;-10.0;-234.08
1A3BFB376CA3DE11ADB3106505008FB8;FC081C55582CED11A62CD892C0003F2A;2025-05-13;-2.0;-50.74
716C36C4C0CAED11A62CD892C0003F2A;FC081C55582CED11A62CD892C0003F2A;2025-05-13;-2.0;-161.32
333AEAB308B13E11052F6792C000CF39;FC081C55582CED11A62CD892C0003F2A;2025-05-13;-2.0;-418.2
F266BE7EF77EFE11F1557891FE695589;FC081C55582CED11A62CD892C0003F2A;2025-05-13;-4.0;-164.44
B8D415047715CE11ADB3106505000DA8;FC081C55582CED11A62CD892C0003F2A;2025-05-13;-4.0;-948.96
BEDD534D44712E1143F0668E4200C71A;FC081C55582CED11A62CD892C0003F2A;2025-05-13;-4.0;-456.24
FC807718BF2FFE11F1557891FE694689;FC081C55582CED11A62CD892C0003F2A;2025-05-13;-2.0;-220.0
BB55546634466E11B7B78A650500BC08;FC081C55582CED11A62CD892C0003F2A;2025-05-13;-2.0;-674.14
F5C36E0D7D79FE11128010650500E819;FC081C55582CED11A62CD892C0003F2A;2025-05-13;-10.0;-678.6800000000001
812941678371FE1191EE10650500BBB9;FC081C55582CED11A62CD892C0003F2A;2025-05-13;-2.0;-137.9
537C9708B82FCE11ADB31065050049B8;FC081C55582CED11A62CD892C0003F2A;2025-05-13;-2.0;-370.96
36CE07A3698DFE11F1557891FE692489;FC081C55582CED11A62CD892C0003F2A;2025-05-13;-2.0;-155.64
084DDE41F0CAED11A62CD892C0003F2A;FC081C55582CED11A62CD892C0003F2A;2025-05-13;-2.0;-278.9
26F8D40353ED7E110819BB65050039AA;FC081C55582CED11A62CD892C0003F2A;2025-05-13;-2.0;-151.92
5CBA9617104FFE11F1557891FE695689;FC081C55582CED11A62CD892C0003F2A;2025-05-13;-2.0;-23.48
DB3E818302CAED11A62CD892C0003F2A;FC081C55582CED11A62CD892C0003F2A;2025-05-13;-6.0;-465.22
0F296F79409EBE11877210650500DF59;FC081C55582CED11A62CD892C0003F2A;2025-05-13;-2.0;-50.72
F9301C8933817E11B7B78A650500CD08;FC081C55582CED11A62CD892C0003F2A;2025-05-13;-22.0;-1562.0
AB304F11FB8DDE11406610650500A64A;FC081C55582CED11A62CD892C0003F2A;2025-05-13;-2.0;-374.3
446FDA670B34DE11ADB31065050050C8;FC081C55582CED11A62CD892C0003F2A;2025-05-13;-2.0;-516.88
50C5BD4522606E1142D58A650500AD08;FC081C55582CED11A62CD892C0003F2A;2025-05-13;-8.0;-563.8199999999999
343D0636E8F19E11554010650500DA3B;FC081C55582CED11A62CD892C0003F2A;2025-05-13;-10.0;-1155.0
18A6E868C941AE117260106505007F4A;FC081C55582CED11A62CD892C0003F2A;2025-05-13;-2.0;-33.84
43CA66BE8533AE11726010650500E15A;FC081C55582CED11A62CD892C0003F2A;2025-05-13;-2.0;-402.76
949188B43CE76E11B7B78A650500BC08;FC081C55582CED11A62CD892C0003F2A;2025-05-13;-2.0;-254.88
799C8EE9F7BAFE11128010650500E819;FC081C55582CED11A62CD892C0003F2A;2025-05-13;-4.0;-102.18
7907B8EEB8B8BE118772106505006859;FC081C55582CED11A62CD892C0003F2A;2025-05-13;-2.0;-199.08
888B3B0BF1CAED11A62CD892C0003F2A;FC081C55582CED11A62CD892C0003F2A;2025-05-13;-2.0;-175.06
E9C185AD1DC97E110819BB65050019AA;FC081C55582CED11A62CD892C0003F2A;2025-05-13;-2.0;-141.12
C4EAD3E76E180E11A4A96492C00009EB;FC081C55582CED11A62CD892C0003F2A;2025-05-13;-4.0;-231.92
3F6785D8D0CAED11A62CD892C0003F2A;FC081C55582CED11A62CD892C0003F2A;2025-05-13;-4.0;-884.64
29370348EC14CE11877210650500E669;FC081C55582CED11A62CD892C0003F2A;2025-05-13;-2.0;-431.52
3A83F8FA1BE1DE11ADB3106505004DB8;FC081C55582CED11A62CD892C0003F2A;2025-05-13;-2.0;-269.04
D951D296104FFE11F1557891FE695689;FC081C55582CED11A62CD892C0003F2A;2025-05-13;-2.0;-24.36
33756B0DA1CAED11A62CD892C0003F2A;FC081C55582CED11A62CD892C0003F2A;2025-05-13;-2.0;-228.12
88D18E6DCFD4EE11B1AD1065050078EA;FC081C55582CED11A62CD892C0003F2A;2025-05-13;-2.0;-301.1
4DC54A9225B4DE11ADB310650500F0C8;FC081C55582CED11A62CD892C0003F2A;2025-05-13;-2.0;-134.4
0C65028920C13E11052F6792C000CF39;FC081C55582CED11A62CD892C0003F2A;2025-05-13;-2.0;-262.06
68C210D451CAED11A62CD892C0003F2A;FC081C55582CED11A62CD892C0003F2A;2025-05-13;-2.0;-1239.28
94A587975EE1EE114066106505006C4A;FC081C55582CED11A62CD892C0003F2A;2025-05-13;-2.0;-719.94
27312590B0CAED11A62CD892C0003F2A;FC081C55582CED11A62CD892C0003F2A;2025-05-13;-2.0;-100.04
CA347896378B3E11052F6792C000D249;FC081C55582CED11A62CD892C0003F2A;2025-05-13;-2.0;-113.1
071EE1A4A4D3DE11ADB310650500BFB8;FC081C55582CED11A62CD892C0003F2A;2025-05-13;-4.0;-38.92
7D6FB9B5BB363E11052F6792C000FF39;FC081C55582CED11A62CD892C0003F2A;2025-05-13;-2.0;-96.56
13BB500B8FCA9E11525010650500EB4A;FC081C55582CED11A62CD892C0003F2A;2025-05-13;-8.0;-253.0
707785D8D0CAED11A62CD892C0003F2A;FC081C55582CED11A62CD892C0003F2A;2025-05-13;-4.0;-1320.0
78D74F3F637BDE11406610650500E34A;FC081C55582CED11A62CD892C0003F2A;2025-05-13;-4.0;-102.08
4575F60297F37E11B7B78A650500DD08;FC081C55582CED11A62CD892C0003F2A;2025-05-13;-2.0;-400.28
112939332CA8BE118772106505005859;FC081C55582CED11A62CD892C0003F2A;2025-05-13;-2.0;-88.6
B30DA3DE19D9FE11128010650500E819;FC081C55582CED11A62CD892C0003F2A;2025-05-13;-2.0;-359.78
16DA0D9435E9AE11BE21106505009D4A;FC081C55582CED11A62CD892C0003F2A;2025-05-13;-2.0;-221.1
25ACC61140CAED11A62CD892C0003F2A;FC081C55582CED11A62CD892C0003F2A;2025-05-13;-2.0;-4217.24
CA8FE3866C143E11052F6792C000FF39;FC081C55582CED11A62CD892C0003F2A;2025-05-13;-2.0;-598.88
12B7D8B2ACF96E11B7B78A650500BC08;FC081C55582CED11A62CD892C0003F2A;2025-05-13;-2.0;-726.38
FB1A07D9284FDE11406610650500F84A;FC081C55582CED11A62CD892C0003F2A;2025-05-13;-2.0;-3252.96
29D61DB630CBFE111280106505000919;FC081C55582CED11A62CD892C0003F2A;2025-05-13;-2.0;-214.76
ACBD467DE261AE117260106505009F4A;FC081C55582CED11A62CD892C0003F2A;2025-05-13;-2.0;-306.0
D66BAAFF68DDCE11ADB31065050097B8;FC081C55582CED11A62CD892C0003F2A;2025-05-13;-2.0;-156.94
F6940C3CB60AEE1191EE1065050009B9;FC081C55582CED11A62CD892C0003F2A;2025-05-13;-4.0;-412.2
D23CCBB77CB0DE11ADB3106505009BB8;FC081C55582CED11A62CD892C0003F2A;2025-05-13;-2.0;-557.78
F99B962D87145E1142D58A650500DC08;FC081C55582CED11A62CD892C0003F2A;2025-05-13;-2.0;-504.18
97F998016ADDFD11A4A96492C0006D28;FC081C55582CED11A62CD892C0003F2A;2025-05-13;-2.0;-397.56
1B1529E90DC2DE11ADB3106505006EB8;FC081C55582CED11A62CD892C0003F2A;2025-05-13;-2.0;-146.86
469D00437F34FE1191EE106505006FB9;FC081C55582CED11A62CD892C0003F2A;2025-05-13;-2.0;-287.5
93C4761C62CAED11A62CD892C0003F2A;FC081C55582CED11A62CD892C0003F2A;2025-05-13;-2.0;-493.86
DF4393504DEAAE11BE2110650500EE4A;FC081C55582CED11A62CD892C0003F2A;2025-05-13;-2.0;-50.18
545847226D89FE11128010650500E819;FC081C55582CED11A62CD892C0003F2A;2025-05-13;-2.0;-947.86
C941F97831E1FE1191EE106505004CB9;FC081C55582CED11A62CD892C0003F2A;2025-05-13;-2.0;-831.7
2F7D3A6376126E1142D58A650500AD08;FC081C55582CED11A62CD892C0003F2A;2025-05-13;-4.0;-258.68
AC4D455DE0CAED11A62CD892C0003F2A;FC081C55582CED11A62CD892C0003F2A;2025-05-13;-2.0;-404.52
0C411AB21106FE1191EE10650500B1C9;FC081C55582CED11A62CD892C0003F2A;2025-05-13;-4.0;-718.68
B1445E90F7EFDE11406610650500C94A;FC081C55582CED11A62CD892C0003F2A;2025-05-13;-4.0;-579.72
586CF331BDE7EE1191EE10650500B7B9;FC081C55582CED11A62CD892C0003F2A;2025-05-13;-2.0;-34.8
656CE14AB35B6E11B7B78A650500BC08;FC081C55582CED11A62CD892C0003F2A;2025-05-13;-2.0;-600.86
41240D3A68E5FE1191EE1065050091C9;FC081C55582CED11A62CD892C0003F2A;2025-05-13;-2.0;-244.56
27D831D6104FFE11F1557891FE695689;FC081C55582CED11A62CD892C0003F2A;2025-05-13;-2.0;-88.56
A3E510C0DE2DBE118772106505001E59;FC081C55582CED11A62CD892C0003F2A;2025-05-13;-4.0;-315.4
CCC365A49296DE11ADB31065050053C8;FC081C55582CED11A62CD892C0003F2A;2025-05-13;-2.0;-21.8
4397BF6A01CAED11A62CD892C0003F2A;FC081C55582CED11A62CD892C0003F2A;2025-05-13;-4.0;-511.94
665189D51DE22E1143F0668E4200C71A;FC081C55582CED11A62CD892C0003F2A;2025-05-13;-2.0;-627.2
266F8D54D2BE0E1123F0668E42005B38;FC081C55582CED11A62CD892C0003F2A;2025-05-13;-2.0;-1106.92
C5D7F3B57A841E1143F0668E4200EE89;FC081C55582CED11A62CD892C0003F2A;2025-05-13;-2.0;-219.74
0921861670C5EE1191EE1065050045B9;FC081C55582CED11A62CD892C0003F2A;2025-05-13;-2.0;-85.34
BF7EB617B8EBBE118772106505007C59;FC081C55582CED11A62CD892C0003F2A;2025-05-13;-2.0;-554.64
92069B08EB23FE1191EE10650500FDB9;FC081C55582CED11A62CD892C0003F2A;2025-05-13;-2.0;-151.74
913489B01401CE11877210650500F269;FC081C55582CED11A62CD892C0003F2A;2025-05-13;-2.0;-2199.06
2AB0BEB6104FFE11F1557891FE695689;FC081C55582CED11A62CD892C0003F2A;2025-05-13;-2.0;-24.36
9433246E88A88E11F243BB6505006E3B;FC081C55582CED11A62CD892C0003F2A;2025-05-13;-2.0;-294.94
FC325FC5C8E9FD11A4A96492C0006F3B;FC081C55582CED11A62CD892C0003F2A;2025-05-13;-4.0;-549.9
7D9A4B168BCE8E11F243BB650500C64B;FC081C55582CED11A62CD892C0003F2A;2025-05-13;-4.0;-352.76
E1E2A38201CAED11A62CD892C0003F2A;FC081C55582CED11A62CD892C0003F2A;2025-05-13;-2.0;-72.44
415C31DB3104FE1191EE106505001FB9;FC081C55582CED11A62CD892C0003F2A;2025-05-13;-2.0;-412.0
B02682CA77960E11A4A96492C0004B38;FC081C55582CED11A62CD892C0003F2A;2025-05-13;-2.0;-872.04
641DDD8EBAC9FE11128010650500E819;FC081C55582CED11A62CD892C0003F2A;2025-05-13;-2.0;-192.0
2E7AE34FE0CAED11A62CD892C0003F2A;FC081C55582CED11A62CD892C0003F2A;2025-05-13;-2.0;-221.62
418E07A3698DFE11F1557891FE692489;FC081C55582CED11A62CD892C0003F2A;2025-05-13;-2.0;-116.96
3303FE0FA0395E1142D58A650500DC08;FC081C55582CED11A62CD892C0003F2A;2025-05-13;-4.0;-4108.98
075428B061BD7E110819BB65050039AA;FC081C55582CED11A62CD892C0003F2A;2025-05-13;-2.0;-17.6
3233915D5345DE11ADB310650500A1C8;FC081C55582CED11A62CD892C0003F2A;2025-05-13;-4.0;-673.8
2BB955CA94897E110819BB65050019AA;B0BDDED34CC83E11052F6792C000B249;2025-05-13;-4.0;-157.36
B0A6B7DB01CAED11A62CD892C0003F2A;B0BDDED34CC83E11052F6792C000B249;2025-05-13;-8.0;-890.88
9FA93D1C7FB3AE11726010650500925A;B0BDDED34CC83E11052F6792C000B249;2025-05-13;-4.0;-155.54000000000002
B522D1D2432FFE11F1557891FE693689;B0BDDED34CC83E11052F6792C000B249;2025-05-13;-2.0;-21.98
972E0E6F72410F11112A674AC7E20989;B0BDDED34CC83E11052F6792C000B249;2025-05-13;-2.0;-1188.72
352E600D223C6E11B7B78A650500BC08;B0BDDED34CC83E11052F6792C000B249;2025-05-13;-2.0;-96.28
759E41C87EB9BE11877210650500B959;B0BDDED34CC83E11052F6792C000B249;2025-05-13;-82.0;-9205.68
5A3D5A4D61C89E11525010650500394A;B0BDDED34CC83E11052F6792C000B249;2025-05-13;-58.0;-1204.08
8858984A2FB96E11B7B78A650500BC08;B0BDDED34CC83E11052F6792C000B249;2025-05-13;-2.0;-248.34
022DAA7BA596DE11ADB31065050053C8;B0BDDED34CC83E11052F6792C000B249;2025-05-13;-2.0;-330.86
7F56402EE822FD110DC22A92C0006778;B0BDDED34CC83E11052F6792C000B249;2025-05-13;-2.0;-940.32
31917AB011CAED11A62CD892C0003F2A;B0BDDED34CC83E11052F6792C000B249;2025-05-13;-8.0;-1295.2
9C4F278C0ADEAE11BE2110650500E35A;B0BDDED34CC83E11052F6792C000B249;2025-05-13;-26.0;-631.8000000000001
A7F61A7D98363E11052F6792C000FF39;B0BDDED34CC83E11052F6792C000B249;2025-05-13;-4.0;-255.88
425F2E7A359BCE11ADB31065050074B8;B0BDDED34CC83E11052F6792C000B249;2025-05-13;-4.0;-1740.6
600C3381F7138E110223BB6505005BAA;B0BDDED34CC83E11052F6792C000B249;2025-05-13;-2.0;-250.0
29681D840223CE11877210650500A569;B0BDDED34CC83E11052F6792C000B249;2025-05-13;-6.0;-180.42
31663DBE50966E11B7B78A650500BC08;B0BDDED34CC83E11052F6792C000B249;2025-05-13;-2.0;-463.94
A41983C9FCFF6E11B7B78A650500CD08;B0BDDED34CC83E11052F6792C000B249;2025-05-13;-2.0;-509.72
3E1B0AEBD1CAED11A62CD892C0003F2A;B0BDDED34CC83E11052F6792C000B249;2025-05-13;-2.0;-132.54
6C1F98BA29265E1142D58A650500DC08;B0BDDED34CC83E11052F6792C000B249;2025-05-13;-12.0;-2167.92
7BF5EBC551CAED11A62CD892C0003F2A;B0BDDED34CC83E11052F6792C000B249;2025-05-13;-6.0;-1263.54
20FB7FEB72CAED11A62CD892C0003F2A;B0BDDED34CC83E11052F6792C000B249;2025-05-13;-2.0;-177.38
E72149DEBCB1EE114066106505001C4A;B0BDDED34CC83E11052F6792C000B249;2025-05-13;-4.0;-424.5
095157F9B1593E11052F6792C000D249;B0BDDED34CC83E11052F6792C000B249;2025-05-13;-2.0;-869.06
F31B09BE67ADDE11406610650500C64A;B0BDDED34CC83E11052F6792C000B249;2025-05-13;-2.0;-107.86
F7ADA524EC065E1142D58A650500DC08;B0BDDED34CC83E11052F6792C000B249;2025-05-13;-4.0;-43.36
3BB58A554D929E11554010650500CB3B;B0BDDED34CC83E11052F6792C000B249;2025-05-13;-4.0;-280.92
A152520AE0B0EE11406610650500CA4A;B0BDDED34CC83E11052F6792C000B249;2025-05-13;-2.0;-83.56
F5D17B2DE79FFE11F1557891FE69C689;B0BDDED34CC83E11052F6792C000B249;2025-05-13;-4.0;-289.36
62004ECC4F28CE11ADB310650500FFA8;B0BDDED34CC83E11052F6792C000B249;2025-05-13;-6.0;-820.14
BA0B05425FD44E1142D58A6505002C08;B0BDDED34CC83E11052F6792C000B249;2025-05-13;-6.0;-644.06
0F296F79409EBE11877210650500DF59;B0BDDED34CC83E11052F6792C000B249;2025-05-13;-4.0;-111.44
3C64A1249EF62E1143F0668E420006EB;B0BDDED34CC83E11052F6792C000B249;2025-05-13;-2.0;-214.7
D9ABFBF8D87A9E115250106505007B4A;B0BDDED34CC83E11052F6792C000B249;2025-05-13;-2.0;-202.48
7AD78863757B6E11B7B78A650500BC08;B0BDDED34CC83E11052F6792C000B249;2025-05-13;-4.0;-314.64
B23316FBBD1EFE11F1557891FE69E489;B0BDDED34CC83E11052F6792C000B249;2025-05-13;-4.0;-516.84
5ECE8753F0CAED11A62CD892C0003F2A;B0BDDED34CC83E11052F6792C000B249;2025-05-13;-2.0;-536.3
858A6214EC430E11A4A96492C00008E9;B0BDDED34CC83E11052F6792C000B249;2025-05-13;-2.0;-520.78
A4081F6757E48E113835BB6505009DAA;B0BDDED34CC83E11052F6792C000B249;2025-05-13;-8.0;-2488.0
9118A63AB78DBE118772106505008E59;B0BDDED34CC83E11052F6792C000B249;2025-05-13;-2.0;-109.08
DC2A86A2F714EE11B1AD1065050077EA;B0BDDED34CC83E11052F6792C000B249;2025-05-13;-2.0;-210.0
8AB1682917400F11F1557891FE69A789;B0BDDED34CC83E11052F6792C000B249;2025-05-13;-2.0;-455.62
CD1963AB6BBD3E11052F6792C000D249;B0BDDED34CC83E11052F6792C000B249;2025-05-13;-2.0;-50.94
C9004D8311CAED11A62CD892C0003F2A;B0BDDED34CC83E11052F6792C000B249;2025-05-13;-2.0;-695.66
40D80C62D4590E11A4A96492C0001269;B0BDDED34CC83E11052F6792C000B249;2025-05-13;-2.0;-742.0
0B32B3A7FA5C7E110819BB65050039AA;B0BDDED34CC83E11052F6792C000B249;2025-05-13;-8.0;-1053.6
BFD000CE02192E11052F6792C0007F39;B0BDDED34CC83E11052F6792C000B249;2025-05-13;-4.0;-674.56
6396BB8EEB0AFE11128010650500E819;B0BDDED34CC83E11052F6792C000B249;2025-05-13;-2.0;-83.2
28CB4EBF8E13FE1191EE10650500EDB9;B0BDDED34CC83E11052F6792C000B249;2025-05-13;-2.0;-56.0
AC6B321C575FFE11F1557891FE697689;B0BDDED34CC83E11052F6792C000B249;2025-05-13;-2.0;-30.8
FC95F1D4B873CE118772106505001669;B0BDDED34CC83E11052F6792C000B249;2025-05-13;-4.0;-1699.56
6B0AF03BCDFA3E11052F6792C000D249;B0BDDED34CC83E11052F6792C000B249;2025-05-13;-2.0;-269.04
C9537C6834AE9E117260106505001C4A;B0BDDED34CC83E11052F6792C000B249;2025-05-13;-2.0;-243.96
074672B42AA5FE1191EE1065050041C9;B0BDDED34CC83E11052F6792C000B249;2025-05-13;-2.0;-164.0
CC4F278C0ADEAE11BE2110650500E35A;B0BDDED34CC83E11052F6792C000B249;2025-05-13;-30.0;-729.0000000000001
D72D89ED994EFD11A4A96492C0006D28;B0BDDED34CC83E11052F6792C000B249;2025-05-13;-4.0;-569.44
00A3B3A4E0CAED11A62CD892C0003F2A;B0BDDED34CC83E11052F6792C000B249;2025-05-13;-4.0;-560.88
9D1957F1E0CAED11A62CD892C0003F2A;B0BDDED34CC83E11052F6792C000B249;2025-05-13;-2.0;-532.26
0EFDA876E61E4E1142D58A650500BC08;B0BDDED34CC83E11052F6792C000B249;2025-05-13;-2.0;-333.8
509E76E7640E1E1143F0668E4200502B;B0BDDED34CC83E11052F6792C000B249;2025-05-13;-2.0;-97.28
F6CDEDF7568EFE11F1557891FE696589;B0BDDED34CC83E11052F6792C000B249;2025-05-13;-2.0;-162.0
17A1D1D2432FFE11F1557891FE693689;B0BDDED34CC83E11052F6792C000B249;2025-05-13;-2.0;-35.76
AF84768C1A5FFE11F1557891FE697689;B0BDDED34CC83E11052F6792C000B249;2025-05-13;-2.0;-105.94
14F36CC31A793E11052F6792C000D249;B0BDDED34CC83E11052F6792C000B249;2025-05-13;-2.0;-732.98
A0DFA5B920842E1143F0668E420006EB;B0BDDED34CC83E11052F6792C000B249;2025-05-13;-6.0;-831.36
B27A99AAF0CAED11A62CD892C0003F2A;B0BDDED34CC83E11052F6792C000B249;2025-05-13;-2.0;-392.32
FA7A20CE8E016E1142D58A650500AD08;B0BDDED34CC83E11052F6792C000B249;2025-05-13;-2.0;-382.04
DBEE1B91FFBAED11A62CD892C0003F2A;B0BDDED34CC83E11052F6792C000B249;2025-05-13;-2.0;-402.72
052788FB35ACAE11BE2110650500115A;B0BDDED34CC83E11052F6792C000B249;2025-05-13;-2.0;-526.68
6A8BEAF01707DE11C846106505002F6A;B0BDDED34CC83E11052F6792C000B249;2025-05-13;-2.0;-241.24
5FFE8F24111EAE11BE2110650500E25A;B0BDDED34CC83E11052F6792C000B249;2025-05-13;-4.0;-644.72
7A034845CF95FE1191EE1065050031C9;B0BDDED34CC83E11052F6792C000B249;2025-05-13;-2.0;-342.06
DD3D4DF947E4DE11ADB31065050031C8;B0BDDED34CC83E11052F6792C000B249;2025-05-13;-2.0;-242.0
0A7A6FC35AF34E1142D58A6505002C08;B0BDDED34CC83E11052F6792C000B249;2025-05-13;-2.0;-423.84
005BCFB931CAED11A62CD892C0003F2A;B0BDDED34CC83E11052F6792C000B249;2025-05-13;-2.0;-182.5
D739094141CAED11A62CD892C0003F2A;B0BDDED34CC83E11052F6792C000B249;2025-05-13;-4.0;-3388.98
3BEF94F3BAF94E1142D58A6505009C08;B0BDDED34CC83E11052F6792C000B249;2025-05-13;-2.0;-239.84
9473EB04AA4FFE11F1557891FE696689;B0BDDED34CC83E11052F6792C000B249;2025-05-13;-2.0;-105.34
FB958DE325B4DE11ADB310650500F0C8;B0BDDED34CC83E11052F6792C000B249;2025-05-13;-2.0;-134.4
80E4E75BCD690E11A4A96492C0001269;B0BDDED34CC83E11052F6792C000B249;2025-05-13;-2.0;-322.34
165C11036A5D7E110819BB65050039AA;B0BDDED34CC83E11052F6792C000B249;2025-05-13;-60.0;-344.4
FCAEBA5D63820E11A4A96492C00008E9;B0BDDED34CC83E11052F6792C000B249;2025-05-13;-2.0;-167.24
7C372A2DC691FE1191EE10650500EBB9;B0BDDED34CC83E11052F6792C000B249;2025-05-13;-2.0;-133.76
B8DC8FCFE934DE11ADB31065050050C8;B0BDDED34CC83E11052F6792C000B249;2025-05-13;-2.0;-449.78
91E0588EC877DE11C84610650500BF6A;B0BDDED34CC83E11052F6792C000B249;2025-05-13;-4.0;-126.24
64851C935D51FD110DC22A92C000DD89;B0BDDED34CC83E11052F6792C000B249;2025-05-13;-4.0;-164.44
7993CFB1A4579E11554010650500E14B;B0BDDED34CC83E11052F6792C000B249;2025-05-13;-2.0;-239.68
10238C43DC828E110223BB650500AAAA;B0BDDED34CC83E11052F6792C000B249;2025-05-13;-8.0;-371.52
5990467EEB0AFE11128010650500E819;B0BDDED34CC83E11052F6792C000B249;2025-05-13;-4.0;-159.2
B629E1FDC13EDE11406610650500874A;B0BDDED34CC83E11052F6792C000B249;2025-05-13;-4.0;-145.76
9F3B5D167C1B9E115250106505004C4A;B0BDDED34CC83E11052F6792C000B249;2025-05-13;-2.0;-938.96
C0A15834E58AFE11128010650500E819;B0BDDED34CC83E11052F6792C000B249;2025-05-13;-2.0;-346.18
FAF6955D82C5EE1191EE1065050045B9;B0BDDED34CC83E11052F6792C000B249;2025-05-13;-2.0;-244.0
DAE5F7582642FE1191EE10650500CCB9;B0BDDED34CC83E11052F6792C000B249;2025-05-13;-2.0;-979.26
094F2AAEBA6BAE11BE21106505008F4A;B0BDDED34CC83E11052F6792C000B249;2025-05-13;-2.0;-83.0
D9DA2120E2798E11F243BB6505006F3B;B0BDDED34CC83E11052F6792C000B249;2025-05-13;-2.0;-538.16
14E5577E8F886E11B7B78A650500BC08;B0BDDED34CC83E11052F6792C000B249;2025-05-13;-2.0;-103.86
C1732CE36F69DE11406610650500314A;B0BDDED34CC83E11052F6792C000B249;2025-05-13;-2.0;-265.54
19FF4A7A9DB6EE1191EE1065050076B9;B0BDDED34CC83E11052F6792C000B249;2025-05-13;-2.0;-141.12
FFCDBABA6D10FE1191EE106505000AB9;44673735EAF46E11B7B78A650500BC08;2025-05-13;-2.0;-586.0
31FC1AA44C456E11B7B78A650500BC08;44673735EAF46E11B7B78A650500BC08;2025-05-13;-36.0;-1735.72
28CA0A597727CE11ADB310650500AEA8;44673735EAF46E11B7B78A650500BC08;2025-05-13;-12.0;-720.0
428F3442662BDE11406610650500734A;44673735EAF46E11B7B78A650500BC08;2025-05-13;-2.0;-396.0
7904541A2E456E11B7B78A650500BC08;44673735EAF46E11B7B78A650500BC08;2025-05-13;-28.0;-5124.0
7250D2FF807F6E11B7B78A650500CD08;44673735EAF46E11B7B78A650500BC08;2025-05-13;-103.6;-4558.4
72FD61B620556E11B7B78A650500BC08;44673735EAF46E11B7B78A650500BC08;2025-05-13;-12.0;-2424.24
CC1A95871E686E11B7B78A650500BC08;44673735EAF46E11B7B78A650500BC08;2025-05-13;-2.0;-352.98
E0F7134BAE8ADE11406610650500A24A;44673735EAF46E11B7B78A650500BC08;2025-05-13;-2.0;-297.0
F170A9F9BDD87E110819BB65050009AA;44673735EAF46E11B7B78A650500BC08;2025-05-13;-4.0;-1216.0
EAA560C089BE7E110819BB65050039AA;44673735EAF46E11B7B78A650500BC08;2025-05-13;-4.0;-992.0
A76D0C37BBB1EE114066106505001C4A;44673735EAF46E11B7B78A650500BC08;2025-05-13;-4.0;-612.3
B8E4A62AE6688E11F243BB6505001E3B;44673735EAF46E11B7B78A650500BC08;2025-05-13;-2.0;-609.32
4BA640C56AE66E11B7B78A650500BC08;44673735EAF46E11B7B78A650500BC08;2025-05-13;-10.0;-315.0
B5DDEA8ABDA86E11B7B78A650500BC08;44673735EAF46E11B7B78A650500BC08;2025-05-13;-26.0;-388.44
B3B5C79CB6B8BE118772106505006859;44673735EAF46E11B7B78A650500BC08;2025-05-13;-4.0;-316.0
770519DFC0CAED11A62CD892C0003F2A;44673735EAF46E11B7B78A650500BC08;2025-05-13;-2.0;-472.32
D0B87F65702F8E11F243BB650500374B;44673735EAF46E11B7B78A650500BC08;2025-05-13;-2.0;-271.22
5F075CA26E0D7E110819BB65050039AA;44673735EAF46E11B7B78A650500BC08;2025-05-13;-2.0;-21.28
1C0C7B7E44968E11F243BB650500CB3B;44673735EAF46E11B7B78A650500BC08;2025-05-13;-8.0;-9303.56
13A6900F46CCDE11406610650500A54A;44673735EAF46E11B7B78A650500BC08;2025-05-13;-2.0;-47.26
68C210D451CAED11A62CD892C0003F2A;44673735EAF46E11B7B78A650500BC08;2025-05-13;-2.0;-775.08
6724133ED547DE11C846106505007F6A;44673735EAF46E11B7B78A650500BC08;2025-05-13;-4.0;-252.72
E31188AEB11A8E11F243BB650500304B;44673735EAF46E11B7B78A650500BC08;2025-05-13;-2.0;-71.02
11CFF00A45CF8E11F243BB650500084B;44673735EAF46E11B7B78A650500BC08;2025-05-13;-2.0;-519.14
2F05055FCE3FAE11BE2110650500645A;44673735EAF46E11B7B78A650500BC08;2025-05-13;-4.0;-3433.74
95F8B34734885E1142D58A650500DC08;44673735EAF46E11B7B78A650500BC08;2025-05-13;-10.0;-220.0
8F50A3DA390FEE1191EE1065050029B9;44673735EAF46E11B7B78A650500BC08;2025-05-13;-2.0;-38.98
23B64E1E45B4DE11ADB310650500F0C8;44673735EAF46E11B7B78A650500BC08;2025-05-13;-4.0;-469.4
2059E1B346A27E11B7B78A650500DD08;44673735EAF46E11B7B78A650500BC08;2025-05-13;-2.0;-56.4
23FA4F0AC78CDE11406610650500554A;44673735EAF46E11B7B78A650500BC08;2025-05-13;-2.0;-1536.0
859D31FB04C9DE11406610650500A14A;44673735EAF46E11B7B78A650500BC08;2025-05-13;-8.0;-1418.48
7551B2D8EEF9FE11128010650500E819;44673735EAF46E11B7B78A650500BC08;2025-05-13;-2.0;-102.0
1D6C4738015AEE1191EE1065050009B9;44673735EAF46E11B7B78A650500BC08;2025-05-13;-2.0;-296.36
BE0DE97212EFFE11F1557891FE692789;44673735EAF46E11B7B78A650500BC08;2025-05-13;-8.0;-342.24
896B84CED87C8E11F243BB650500A34B;44673735EAF46E11B7B78A650500BC08;2025-05-13;-6.0;-369.6
9C93C67A3734DE11ADB31065050050C8;44673735EAF46E11B7B78A650500BC08;2025-05-13;-4.0;-420.0
27A74B620E456E11B7B78A650500BC08;44673735EAF46E11B7B78A650500BC08;2025-05-13;-2.0;-484.0
1BE7596EADE1FE1191EE106505005CB9;44673735EAF46E11B7B78A650500BC08;2025-05-13;-2.0;-391.08
C2440411FDCDDE11406610650500F64A;44673735EAF46E11B7B78A650500BC08;2025-05-13;-4.0;-520.4
910F7848BC42CE118772106505009469;44673735EAF46E11B7B78A650500BC08;2025-05-13;-2.0;-140.0
5663DFE355D6EE1191EE1065050096B9;44673735EAF46E11B7B78A650500BC08;2025-05-13;-2.0;-552.14
3B0102094C456E11B7B78A650500BC08;44673735EAF46E11B7B78A650500BC08;2025-05-13;-2.0;-90.14
C58B55136D7DBE118772106505007E59;44673735EAF46E11B7B78A650500BC08;2025-05-13;-2.0;-390.0
F66036F7D7A5DE11ADB31065050022C8;44673735EAF46E11B7B78A650500BC08;2025-05-13;-2.0;-1529.96
E47F698FD6568E11F243BB6505007B3B;44673735EAF46E11B7B78A650500BC08;2025-05-13;-10.0;-565.38
C68ED59292B77E110819BB65050009AA;44673735EAF46E11B7B78A650500BC08;2025-05-13;-2.0;-261.22
0A07F943AEEBCE11ADB310650500E4B8;44673735EAF46E11B7B78A650500BC08;2025-05-13;-2.0;-4044.26
E52042924E456E11B7B78A650500BC08;44673735EAF46E11B7B78A650500BC08;2025-05-13;-4.0;-3872.0
ADA5E4036085FD110DC22A92C000D158;44673735EAF46E11B7B78A650500BC08;2025-05-13;-8.0;-858.76
3D62BD8A40BB3E11052F6792C000D249;44673735EAF46E11B7B78A650500BC08;2025-05-13;-2.0;-74.76
D0FC1AA44C456E11B7B78A650500BC08;44673735EAF46E11B7B78A650500BC08;2025-05-13;-2.0;-294.84
85EE29ED3C456E11B7B78A650500BC08;44673735EAF46E11B7B78A650500BC08;2025-05-13;-8.0;-523.6
67A07996CB70DE11ADB3106505004BB8;44673735EAF46E11B7B78A650500BC08;2025-05-13;-4.0;-775.18
101278302E456E11B7B78A650500BC08;44673735EAF46E11B7B78A650500BC08;2025-05-13;-2.0;-190.74
DC5448FF4DA1EE114066106505000C4A;44673735EAF46E11B7B78A650500BC08;2025-05-13;-2.0;-2670.0
C93F26818257DE11C846106505008F6A;44673735EAF46E11B7B78A650500BC08;2025-05-13;-4.0;-739.58
0152F80946A27E11B7B78A650500DD08;44673735EAF46E11B7B78A650500BC08;2025-05-13;-2.0;-162.8
08B3550DFBAB7E110819BB65050039AA;44673735EAF46E11B7B78A650500BC08;2025-05-13;-2.0;-246.54
268F4D41FB456E11B7B78A650500BC08;44673735EAF46E11B7B78A650500BC08;2025-05-13;-2.0;-87.74
F3567A8F2E456E11B7B78A650500BC08;44673735EAF46E11B7B78A650500BC08;2025-05-13;-2.0;-252.0
3AF3557DABE1EE114066106505006C4A;44673735EAF46E11B7B78A650500BC08;2025-05-13;-2.0;-129.4
B6F5C1ADBBA8FE11128010650500D819;44673735EAF46E11B7B78A650500BC08;2025-05-13;-1.54;-2931.9
5425B47BFD456E11B7B78A650500BC08;44673735EAF46E11B7B78A650500BC08;2025-05-13;-2.0;-852.0
D0DE70D0A4ABEE1191EE1065050029B9;44673735EAF46E11B7B78A650500BC08;2025-05-13;-2.0;-206.74
05C3C57921CAED11A62CD892C0003F2A;44673735EAF46E11B7B78A650500BC08;2025-05-13;-2.0;-198.52
0FAE62918728DE11C84610650500907A;44673735EAF46E11B7B78A650500BC08;2025-05-13;-2.0;-45.08
98F276303C456E11B7B78A650500BC08;44673735EAF46E11B7B78A650500BC08;2025-05-13;-2.0;-518.2
CE2FDC1F45CF8E11F243BB650500084B;44673735EAF46E11B7B78A650500BC08;2025-05-13;-2.0;-79.38
027EC3F8F8087E110819BB65050009AA;44673735EAF46E11B7B78A650500BC08;2025-05-13;-2.0;-123.9
B2D6AFF4DAB27E11B7B78A650500DD08;44673735EAF46E11B7B78A650500BC08;2025-05-13;-2.0;-97.8
3F1BA1E07803CE118772106505008569;44673735EAF46E11B7B78A650500BC08;2025-05-13;-12.0;-1926.0
A500292FD87C8E11F243BB650500A34B;44673735EAF46E11B7B78A650500BC08;2025-05-13;-2.0;-290.6
8C5E58DA3734DE11ADB31065050050C8;44673735EAF46E11B7B78A650500BC08;2025-05-13;-2.0;-176.0
A3A5C62D0C5CCE11ADB31065050095B8;44673735EAF46E11B7B78A650500BC08;2025-05-13;-2.0;-285.48
63F804ECAD62FE1191EE10650500FCB9;44673735EAF46E11B7B78A650500BC08;2025-05-13;-2.0;-250.34
938F95CD6E29CE11ADB31065050041B8;44673735EAF46E11B7B78A650500BC08;2025-05-13;-2.0;-407.8
631E9DB11A278E11F243BB6505008C3B;44673735EAF46E11B7B78A650500BC08;2025-05-13;-4.0;-319.16
4F5C0E4E3D6D6E11B7B78A650500BC08;44673735EAF46E11B7B78A650500BC08;2025-05-13;-4.0;-113.28
BB53269FE2F17E11B7B78A650500CD08;44673735EAF46E11B7B78A650500BC08;2025-05-13;-2.0;-420.02
47173396E9456E11B7B78A650500BC08;44673735EAF46E11B7B78A650500BC08;2025-05-13;-2.0;-349.2
16AB242D45CF8E11F243BB650500084B;44673735EAF46E11B7B78A650500BC08;2025-05-13;-2.0;-42.4
21C995E2DE537E11B7B78A650500DD08;44673735EAF46E11B7B78A650500BC08;2025-05-13;-4.0;-75.98
394450AEF3399E11525010650500D94A;44673735EAF46E11B7B78A650500BC08;2025-05-13;-4.0;-5652.0
5DEFBFEFC688CE11ADB31065050070B8;44673735EAF46E11B7B78A650500BC08;2025-05-13;-2.0;-890.1
7B16E1512D456E11B7B78A650500BC08;44673735EAF46E11B7B78A650500BC08;2025-05-13;-2.0;-226.0
049DE472E0CAED11A62CD892C0003F2A;44673735EAF46E11B7B78A650500BC08;2025-05-13;-2.0;-736.0
1DDA48D9AF456E11B7B78A650500BC08;44673735EAF46E11B7B78A650500BC08;2025-05-13;-2.0;-1009.24
167F0945CD456E11B7B78A650500BC08;44673735EAF46E11B7B78A650500BC08;2025-05-13;-4.0;-220.0
6BA9E73FE0EBDE11406610650500744A;44673735EAF46E11B7B78A650500BC08;2025-05-13;-2.0;-106.44
73A27077F555BE11BE21106505002C5A;44673735EAF46E11B7B78A650500BC08;2025-05-13;-2.0;-376.58
70ACAEB805B4DE11ADB310650500F0C8;44673735EAF46E11B7B78A650500BC08;2025-05-13;-2.0;-116.16
13C05547BAB27E11B7B78A650500DD08;44673735EAF46E11B7B78A650500BC08;2025-05-13;-4.0;-975.14
8BED8D0E0E809E11F243BB650500094B;44673735EAF46E11B7B78A650500BC08;2025-05-13;-4.0;-387.12
B28381DCEB387E110819BB65050009AA;44673735EAF46E11B7B78A650500BC08;2025-05-13;-4.0;-218.36
02D91F32A8468E11F243BB6505006B3B;44673735EAF46E11B7B78A650500BC08;2025-05-13;-4.0;-562.8
9537D63E3E8DDE11406610650500A64A;44673735EAF46E11B7B78A650500BC08;2025-05-13;-2.0;-174.56
4E53DCFD9F25FE1191EE10650500A0C9;44673735EAF46E11B7B78A650500BC08;2025-05-13;-2.0;-133.88
3969DB48D397EE1191EE1065050047B9;44673735EAF46E11B7B78A650500BC08;2025-05-13;-2.0;-151.94
CCEF2E74D265BE11BE21106505003C5A;44673735EAF46E11B7B78A650500BC08;2025-05-13;-2.0;-384.66
8D51B697D7A5DE11ADB31065050022C8;44673735EAF46E11B7B78A650500BC08;2025-05-13;-2.0;-529.56
31B9EBEEFC456E11B7B78A650500BC08;44673735EAF46E11B7B78A650500BC08;2025-05-13;-6.0;-33062.4
C08123CA9AB33E11052F6792C000CF39;44673735EAF46E11B7B78A650500BC08;2025-05-13;-2.0;-420.4
4DA85DD95D456E11B7B78A650500BC08;44673735EAF46E11B7B78A650500BC08;2025-05-13;-4.0;-390.53999999999996
4B2267EF3C456E11B7B78A650500BC08;44673735EAF46E11B7B78A650500BC08;2025-05-13;-4.0;-507.88
7C43D3CD6EC7CE11ADB3106505007FA8;44673735EAF46E11B7B78A650500BC08;2025-05-13;-32.0;-989.24
B29B72C890CAED11A62CD892C0003F2A;44673735EAF46E11B7B78A650500BC08;2025-05-13;-2.0;-218.02
F3B1AAA8BEE15E1142D58A650500BC08;44673735EAF46E11B7B78A650500BC08;2025-05-13;-2.0;-84.6
F38F6413BA66CE11ADB310650500BDA8;44673735EAF46E11B7B78A650500BC08;2025-05-13;-2.0;-42.6
13F61B4B9D456E11B7B78A650500BC08;44673735EAF46E11B7B78A650500BC08;2025-05-13;-4.0;-174.84
8C956F1BCED4DE11ADB31065050021C8;44673735EAF46E11B7B78A650500BC08;2025-05-13;-2.0;-367.2
2CCC59DD7E8ADE11406610650500A24A;44673735EAF46E11B7B78A650500BC08;2025-05-13;-2.0;-1127.36
5DD723FA3933BE11BE2110650500795A;44673735EAF46E11B7B78A650500BC08;2025-05-13;-2.0;-92.64
73B8BCAA811FCE11ADB31065050029B8;44673735EAF46E11B7B78A650500BC08;2025-05-13;-2.0;-955.28
5533473BAD2ECE11ADB31065050008B8;44673735EAF46E11B7B78A650500BC08;2025-05-13;-6.0;-199.02
D744BC8D6E29CE11ADB31065050041B8;44673735EAF46E11B7B78A650500BC08;2025-05-13;-2.0;-626.66
C35228D68709DE11C84610650500B17A;44673735EAF46E11B7B78A650500BC08;2025-05-13;-2.0;-1243.7
0DDF89D16F5CCE11ADB31065050095B8;B0BDDED34CC83E11052F6792C000B249;2025-05-13;-4.0;-495.32
6DAF8A5FC0CAED11A62CD892C0003F2A;B0BDDED34CC83E11052F6792C000B249;2025-05-13;-2.0;-154.7
DF512FF7D62FFE11F1557891FE693689;44673735EAF46E11B7B78A650500BC08;2025-05-13;-2.0;-160.0
9B754762F0CAED11A62CD892C0003F2A;44673735EAF46E11B7B78A650500BC08;2025-05-13;0.0;0.0
549008398567FE1191EE1065050083C9;FC081C55582CED11A62CD892C0003F2A;2025-05-13;0.0;0.0
2DEE09BA5A0FEE1191EE1065050029B9;FC081C55582CED11A62CD892C0003F2A;2025-05-13;0.0;0.0
9C4A0377B1C10F114EF7A826072BB989;FC081C55582CED11A62CD892C0003F2A;2025-05-13;0.0;0.0
12E9A08D1728DE11C84610650500907A;FC081C55582CED11A62CD892C0003F2A;2025-05-13;0.0;0.0
355B790A8616CE11ADB3106505007DA8;FC081C55582CED11A62CD892C0003F2A;2025-05-13;0.0;0.0
E8BAACAFD8C87E110819BB65050009AA;FC081C55582CED11A62CD892C0003F2A;2025-05-13;0.0;0.0
6703ED9CCDBBDE11406610650500444A;FC081C55582CED11A62CD892C0003F2A;2025-05-13;0.0;0.0
D2B61D13477EFE11F1557891FE695589;FC081C55582CED11A62CD892C0003F2A;2025-05-13;0.0;0.0
F96DAE3F108EFE11F1557891FE696589;FC081C55582CED11A62CD892C0003F2A;2025-05-13;-2.0;-624.48
988F98AF677ADE11406610650500824A;FC081C55582CED11A62CD892C0003F2A;2025-05-13;-2.0;-895.24
58EC62B380020F114EF7A826072B0A89;FC081C55582CED11A62CD892C0003F2A;2025-05-13;0.0;0.0
36B97897710A3E11052F6792C000D249;44673735EAF46E11B7B78A650500BC08;2025-05-13;-2.0;-724.96
C6626AC0E672DE11ADB310650500FDB8;44673735EAF46E11B7B78A650500BC08;2025-05-13;-2.0;-324.0
BB06520AE042DE11ADB310650500BDB8;44673735EAF46E11B7B78A650500BC08;2025-05-13;10.0;1804.3
90D20167CBE2FE1191EE10650500ADB9;B0BDDED34CC83E11052F6792C000B249;2025-05-13;0.0;0.0
0D35F61FA0CAED11A62CD892C0003F2A;B0BDDED34CC83E11052F6792C000B249;2025-05-13;-8.0;-1229.44
9AB7B86A0EE4AE11726010650500145A;B0BDDED34CC83E11052F6792C000B249;2025-05-13;0.0;0.0
A1B7030CF107BE118772106505003659;B0BDDED34CC83E11052F6792C000B249;2025-05-13;0.0;0.0
79C90377B1C10F114EF7A826072BB989;B0BDDED34CC83E11052F6792C000B249;2025-05-13;0.0;0.0
82EDD252C7300F11F1557891FE699789;B0BDDED34CC83E11052F6792C000B249;2025-05-13;-2.0;-53.28
717D3A8D70C5EE1191EE1065050045B9;B0BDDED34CC83E11052F6792C000B249;2025-05-13;0.0;0.0
F6B0017002CAED11A62CD892C0003F2A;B0BDDED34CC83E11052F6792C000B249;2025-05-13;0.0;0.0
E5976BB8DBF7FE11128010650500D819;B0BDDED34CC83E11052F6792C000B249;2025-05-13;4.0;3590.04
93A2E5BB5BF5CE11ADB3106505007DA8;B0BDDED34CC83E11052F6792C000B249;2025-05-13;0.0;0.0
37BE3F5ECB23FE1191EE10650500FDB9;B0BDDED34CC83E11052F6792C000B249;2025-05-13;0.0;0.0
AAC16C9D6EFE8E11F243BB650500074B;B0BDDED34CC83E11052F6792C000B249;2025-05-13;0.0;0.0
0B8756870317DE11C846106505003F6A;B0BDDED34CC83E11052F6792C000B249;2025-05-13;0.0;0.0
25EA3045EA93FE1191EE106505009EB9;B0BDDED34CC83E11052F6792C000B249;2025-05-13;0.0;0.0
0EECE845EA93FE1191EE106505009EB9;B0BDDED34CC83E11052F6792C000B249;2025-05-13;0.0;0.0
59B63235EA93FE1191EE106505009EB9;B0BDDED34CC83E11052F6792C000B249;2025-05-13;0.0;0.0
341E542B42E1FE1191EE106505004CB9;B0BDDED34CC83E11052F6792C000B249;2025-05-13;-2.0;-134.54
5C3D07DC5BF5CE11ADB3106505007DA8;B0BDDED34CC83E11052F6792C000B249;2025-05-13;0.0;0.0
AEDC4EE7A0CAED11A62CD892C0003F2A;B0BDDED34CC83E11052F6792C000B249;2025-05-13;0.0;0.0
B2C0EDE9F7BB1E1143F0668E4200EF5A;B0BDDED34CC83E11052F6792C000B249;2025-05-13;-6.0;-237.42000000000002
301651D63B73CE118772106505001669;B0BDDED34CC83E11052F6792C000B249;2025-05-13;0.0;0.0
6F1E4C2180E2FE1191EE106505009DB9;B0BDDED34CC83E11052F6792C000B249;2025-05-13;0.0;0.0
E2A78382563EAE11BE2110650500135A;B0BDDED34CC83E11052F6792C000B249;2025-05-13;0.0;0.0
AF97631EB630EE114066106505002A4A;B0BDDED34CC83E11052F6792C000B249;2025-05-13;0.0;0.0
C49B72C890CAED11A62CD892C0003F2A;44673735EAF46E11B7B78A650500BC08;2025-05-13;-4.0;-404.4
F751DAD1AEAD7E110819BB65050039AA;FC081C55582CED11A62CD892C0003F2A;2025-05-13;0.0;0.0
F79001F4C295FE1191EE1065050021C9;FC081C55582CED11A62CD892C0003F2A;2025-05-13;0.0;0.0
7E331D15C295FE1191EE1065050021C9;FC081C55582CED11A62CD892C0003F2A;2025-05-13;0.0;0.0
4A670B5A4D42DE11ADB310650500CDB8;FC081C55582CED11A62CD892C0003F2A;2025-05-13;0.0;0.0
E4449B400F1ADE11406610650500124A;FC081C55582CED11A62CD892C0003F2A;2025-05-13;0.0;0.0
373AA3212B25EE11B1AD10650500D8EA;FC081C55582CED11A62CD892C0003F2A;2025-05-13;0.0;4.547473508864641e-13
2C754762F0CAED11A62CD892C0003F2A;FC081C55582CED11A62CD892C0003F2A;2025-05-13;0.0;0.0
7C2865BFD923FE1191EE10650500FDB9;FC081C55582CED11A62CD892C0003F2A;2025-05-13;0.0;0.0
EE0DEDCD2E6DFE11F1557891FE690489;FC081C55582CED11A62CD892C0003F2A;2025-05-13;0.0;0.0
197FD577A0CAED11A62CD892C0003F2A;FC081C55582CED11A62CD892C0003F2A;2025-05-13;-4.0;-794.44
4116BD74E25B6E11B7B78A650500BC08;B0BDDED34CC83E11052F6792C000B249;2025-05-13;-10.0;-1058.2
B713992A12238E117E64BB6505005BAA;B0BDDED34CC83E11052F6792C000B249;2025-05-13;66.0;7386.0
3111A93BC7E10F114EF7A826072BE989;FC081C55582CED11A62CD892C0003F2A;2025-05-13;20.0;1993.8
CD899ADB899C2E11052F6792C000CF39;FC081C55582CED11A62CD892C0003F2A;2025-05-13;4.0;950.8
E3C91A658B8DED11A62CD892C0003F2A;44673735EAF46E11B7B78A650500BC08;2025-05-13;-2.0;-450.94
D5FE46A0055F4E1142D58A650500BC08;44673735EAF46E11B7B78A650500BC08;2025-05-13;0.0;0.0
AF6A7BE2C409CE11ADB31065050011B8;44673735EAF46E11B7B78A650500BC08;2025-05-13;0.0;0.0
60F4184A028ADE11406610650500924A;44673735EAF46E11B7B78A650500BC08;2025-05-13;0.0;0.0
C658B9FA56A0EE11406610650500BA4A;44673735EAF46E11B7B78A650500BC08;2025-05-13;0.0;0.0
B4846E61BD010F11112A674AC7E2C889;FC081C55582CED11A62CD892C0003F2A;2025-05-13;4.0;2699.54
FA5DAC91BD010F11112A674AC7E2C889;FC081C55582CED11A62CD892C0003F2A;2025-05-13;8.0;3239.44
660FAC91BD010F11112A674AC7E2C889;FC081C55582CED11A62CD892C0003F2A;2025-05-13;2.0;809.86
31548AF1BD010F11112A674AC7E2C889;FC081C55582CED11A62CD892C0003F2A;2025-05-13;16.0;8330.0
82858AF1BD010F11112A674AC7E2C889;FC081C55582CED11A62CD892C0003F2A;2025-05-13;8.0;4049.3
CDB69512BD010F11112A674AC7E2C889;FC081C55582CED11A62CD892C0003F2A;2025-05-13;20.0;2747.74
3F30FD22BD010F11112A674AC7E2C889;FC081C55582CED11A62CD892C0003F2A;2025-05-13;20.0;2747.74
C486995474054E1142D58A6505002C08;44673735EAF46E11B7B78A650500BC08;2025-05-13;48.0;3730.56
48772F1D74054E1142D58A6505002C08;44673735EAF46E11B7B78A650500BC08;2025-05-13;20.0;2368.0
8CD382BF3E4A7E110819BB65050039AA;FC081C55582CED11A62CD892C0003F2A;2025-05-13;0.0;0.0
23493E0F4F14CE11877210650500E669;FC081C55582CED11A62CD892C0003F2A;2025-05-13;0.0;0.0
DA32ACA84654EE11B1AD10650500C7EA;FC081C55582CED11A62CD892C0003F2A;2025-05-13;0.0;0.0
E7E610303A0CEE1191EE1065050029B9;FC081C55582CED11A62CD892C0003F2A;2025-05-13;0.0;0.0
0CE57657F90CEE1191EE1065050029B9;FC081C55582CED11A62CD892C0003F2A;2025-05-13;0.0;0.0
C23AEAB308B13E11052F6792C000CF39;FC081C55582CED11A62CD892C0003F2A;2025-05-13;8.0;1672.8
B6842571709EBE11877210650500DF59;FC081C55582CED11A62CD892C0003F2A;2025-05-13;56.0;1560.16
33479886119EBE11877210650500DF59;FC081C55582CED11A62CD892C0003F2A;2025-05-13;56.0;1560.16
B28CA4E7DFB16E1142D58A650500AD08;FC081C55582CED11A62CD892C0003F2A;2025-05-13;10.0;3837.1
503DED0412B5DE11ADB31065050032C8;FC081C55582CED11A62CD892C0003F2A;2025-05-13;10.0;3837.1
D1C37F697F35DE11ADB310650500A1C8;FC081C55582CED11A62CD892C0003F2A;2025-05-13;4.0;469.36
6F0249E66145DE11ADB310650500A1C8;FC081C55582CED11A62CD892C0003F2A;2025-05-13;4.0;904.92
8D985F380D8FCE11ADB310650500E9B8;FC081C55582CED11A62CD892C0003F2A;2025-05-13;36.0;3140.28
F4AF71E4075DCE11ADB310650500E6B8;FC081C55582CED11A62CD892C0003F2A;2025-05-13;78.0;4436.46
7EAE6F6D55C1DE11ADB3106505001DB8;FC081C55582CED11A62CD892C0003F2A;2025-05-13;16.0;3802.56
5B5313B63DBBEE1191EE1065050029B9;B0BDDED34CC83E11052F6792C000B249;2025-05-13;10.0;4104.0
399D3706098AFE11128010650500E819;44673735EAF46E11B7B78A650500BC08;2025-05-13;-4.0;-231.36
021065333ECEAE11BE2110650500D35A;44673735EAF46E11B7B78A650500BC08;2025-05-13;-14.0;-1925.9799999999998
52DADB58A90AAE11BE2110650500CD4A;44673735EAF46E11B7B78A650500BC08;2025-05-13;-6.0;-2678.82
7517D8CC1A5FFE11F1557891FE697689;B0BDDED34CC83E11052F6792C000B249;2025-05-13;8.0;571.36
A418F960069CEE1191EE1065050029B9;B0BDDED34CC83E11052F6792C000B249;2025-05-13;10.0;662.9
6B0DF4BB3D456E11B7B78A650500BC08;44673735EAF46E11B7B78A650500BC08;2025-05-13;20.0;1034.2
676A9D494FE4FE1191EE1065050050C9;44673735EAF46E11B7B78A650500BC08;2025-05-13;-2.0;-588.9
EC5C8E76CD456E11B7B78A650500BC08;44673735EAF46E11B7B78A650500BC08;2025-05-13;12.0;8742.0
B55D58813E456E11B7B78A650500BC08;44673735EAF46E11B7B78A650500BC08;2025-05-13;4.0;1802.4399999999998
0AE4B5203D456E11B7B78A650500BC08;44673735EAF46E11B7B78A650500BC08;2025-05-13;128.0;5020.16
67F732FC5CFFFE11F1557891FE694789;B0BDDED34CC83E11052F6792C000B249;2025-05-13;20.0;1720.0
4877C406B70ECE11ADB310650500D7B8;B0BDDED34CC83E11052F6792C000B249;2025-05-13;40.0;5631.2
B67DE1C2688EED11A62CD892C000399B;44673735EAF46E11B7B78A650500BC08;2025-05-13;30.0;3216.3
923DA37CB48DFE11F1557891FE692489;44673735EAF46E11B7B78A650500BC08;2025-05-13;2.0;406.0
CA64184528D8EE1191EE10650500F8B9;44673735EAF46E11B7B78A650500BC08;2025-05-13;4.0;690.0
3AA84F16327EAE11BE2110650500635A;44673735EAF46E11B7B78A650500BC08;2025-05-13;12.0;2140.9599999999996
2E0702DFAA5DCE11ADB310650500E6B8;44673735EAF46E11B7B78A650500BC08;2025-05-13;0.0;0.0
F46720E81FD1DE11ADB3106505003DB8;B0BDDED34CC83E11052F6792C000B249;2025-05-13;10.0;3265.2
7EC491AB69FC9E11726010650500E94A;FC081C55582CED11A62CD892C0003F2A;2025-05-13;14.0;661.78
0C0C60FD6CE7CE11ADB3106505009FA8;FC081C55582CED11A62CD892C0003F2A;2025-05-13;40.0;861.78
3C4E17A90E907E11B7B78A650500CD08;B0BDDED34CC83E11052F6792C000B249;2025-05-13;38.0;3485.46
8DC36E61BD010F11112A674AC7E2C889;B0BDDED34CC83E11052F6792C000B249;2025-05-13;6.0;4049.3
C1C46E61BD010F11112A674AC7E2C889;B0BDDED34CC83E11052F6792C000B249;2025-05-13;2.0;1349.76
D0ECAC91BD010F11112A674AC7E2C889;B0BDDED34CC83E11052F6792C000B249;2025-05-13;2.0;1349.76
5BC48AF1BD010F11112A674AC7E2C889;B0BDDED34CC83E11052F6792C000B249;2025-05-13;4.0;2082.5
B5EB3EFA6310BE11BE2110650500755A;FC081C55582CED11A62CD892C0003F2A;2025-05-13;20.0;819.3
49864DBF70C28E117E64BB650500DAAA;FC081C55582CED11A62CD892C0003F2A;2025-05-13;28.0;337.18
6CEEA5C53E6DFE11F1557891FE690489;FC081C55582CED11A62CD892C0003F2A;2025-05-13;0.0;0.0
3CA1929E87D58E11F243BB650500CA3B;FC081C55582CED11A62CD892C0003F2A;2025-05-13;-2.0;-76.76
B12EEFCDF77DFE1158A3BB3DBE8E1489;B0BDDED34CC83E11052F6792C000B249;2025-05-13;-4.0;-514.8
322A87809D67EE1191EE1065050017B9;B0BDDED34CC83E11052F6792C000B249;2025-05-13;-4.0;-617.26
EC552F68FFF10F114EF7A826072B0A89;B0BDDED34CC83E11052F6792C000B249;2025-05-13;-2.0;-1527.76
CE3A8CB7C54DEE1191EE1065050029B9;FC081C55582CED11A62CD892C0003F2A;2025-05-13;20.0;354.2
E5F5605DD0CAED11A62CD892C0003F2A;FC081C55582CED11A62CD892C0003F2A;2025-05-13;8.0;8212.96
D432C5738D466E11B7B78A650500BC08;FC081C55582CED11A62CD892C0003F2A;2025-05-13;4.0;419.04
BC670700E0CAED11A62CD892C0003F2A;FC081C55582CED11A62CD892C0003F2A;2025-05-13;8.0;756.0
D704915671E19E11F243BB650500BA4B;FC081C55582CED11A62CD892C0003F2A;2025-05-13;12.0;4852.92
2BC844D3D0CAED11A62CD892C0003F2A;FC081C55582CED11A62CD892C0003F2A;2025-05-13;12.0;1239.84
88515697A1CBAE11BE2110650500FF4A;44673735EAF46E11B7B78A650500BC08;2025-05-13;0.0;0.0
39E59375470A0E11A4A96492C0001269;FC081C55582CED11A62CD892C0003F2A;2025-05-13;8.0;579.64
68F18EDD68E4DE11ADB31065050031C8;FC081C55582CED11A62CD892C0003F2A;2025-05-13;4.0;473.56
3C2F654A6F61AE11726010650500AF4A;44673735EAF46E11B7B78A650500BC08;2025-05-13;20.0;977.0
FC2F654A6F61AE11726010650500AF4A;44673735EAF46E11B7B78A650500BC08;2025-05-13;20.0;709.0
0D4386A6153B1E1143F0668E4200EF5A;FC081C55582CED11A62CD892C0003F2A;2025-05-13;12.0;1758.0
D9E59375470A0E11A4A96492C0001269;FC081C55582CED11A62CD892C0003F2A;2025-05-13;10.0;1465.0
A7F7EC04070ECE11ADB310650500D7B8;FC081C55582CED11A62CD892C0003F2A;2025-05-13;12.0;1153.2
280BF1E6BE52EE11406610650500FC4A;FC081C55582CED11A62CD892C0003F2A;2025-05-13;8.0;878.9
C4F8A9EA0EE2BE11BE2110650500195A;FC081C55582CED11A62CD892C0003F2A;2025-05-13;4.0;629.78
375C2CC80C3BBE118772106505009B59;FC081C55582CED11A62CD892C0003F2A;2025-05-13;24.0;414.48
DD83AF999CAAAE11BE21106505009E4A;B0BDDED34CC83E11052F6792C000B249;2025-05-13;4.0;702.1200000000001
1B49D2E52A74EE11B1AD10650500F7EA;B0BDDED34CC83E11052F6792C000B249;2025-05-13;12.0;831.84
52E7F1884454EE11B1AD10650500C7EA;B0BDDED34CC83E11052F6792C000B249;2025-05-13;10.0;2507.38
C25669C42106FE1191EE10650500B1C9;B0BDDED34CC83E11052F6792C000B249;2025-05-13;10.0;1213.3
3BF4E1DF5C4A3E11052F6792C000D249;FC081C55582CED11A62CD892C0003F2A;2025-05-13;80.0;1974.06
F58839F9A85B0E11A4A96492C0001269;FC081C55582CED11A62CD892C0003F2A;2025-05-13;40.0;1138.34
C5379EB26DA7FE1191EE10650500E3C9;FC081C55582CED11A62CD892C0003F2A;2025-05-13;30.0;1597.24
926023BDA3D67E11B7B78A650500ED08;FC081C55582CED11A62CD892C0003F2A;2025-05-13;-4.0;-338.68
7E3FECEE64D67E11B7B78A650500ED08;FC081C55582CED11A62CD892C0003F2A;2025-05-13;-2.0;-73.24
2D4B26118EEC9E11726010650500D94A;FC081C55582CED11A62CD892C0003F2A;2025-05-13;-2.0;-109.24
C3899A57E09FCE11ADB310650500E9B8;FC081C55582CED11A62CD892C0003F2A;2025-05-13;-2.0;-17.46
53F62079CE61EE11406610650500BB4A;FC081C55582CED11A62CD892C0003F2A;2025-05-13;-8.0;-52.34
E7078419AAB1EE114066106505001C4A;FC081C55582CED11A62CD892C0003F2A;2025-05-13;-2.0;-89.04
76589EEB412FEE1191EE1065050029B9;FC081C55582CED11A62CD892C0003F2A;2025-05-13;-2.0;-193.28
8A8157BC483EFE11F1557891FE690589;FC081C55582CED11A62CD892C0003F2A;2025-05-13;-2.0;-100.08
B57DE24741BFFE11F1557891FE69E689;FC081C55582CED11A62CD892C0003F2A;2025-05-13;-2.0;-49.58
CD1960E05EEC9E11726010650500D94A;FC081C55582CED11A62CD892C0003F2A;2025-05-13;-2.0;-86.72
96A9D61C5FB3EE11B1AD1065050007EA;FC081C55582CED11A62CD892C0003F2A;2025-05-13;-2.0;-279.2
9770DB929813EE11B1AD1065050036EA;FC081C55582CED11A62CD892C0003F2A;2025-05-13;-2.0;-82.78
6AF13C6E10D2FE1191EE106505007DB9;FC081C55582CED11A62CD892C0003F2A;2025-05-13;-2.0;-192.9
32642882663EAE11BE2110650500135A;FC081C55582CED11A62CD892C0003F2A;2025-05-13;-2.0;-24.96
E790516A93C1CE11877210650500E369;FC081C55582CED11A62CD892C0003F2A;2025-05-13;-2.0;-31.02
B6F9843DFDBEEE1191EE1065050029B9;FC081C55582CED11A62CD892C0003F2A;2025-05-13;-2.0;-158.58
5BA4B2B77019FE11128010650500E819;FC081C55582CED11A62CD892C0003F2A;2025-05-13;-2.0;-82.26
61E698B144D67E11B7B78A650500ED08;FC081C55582CED11A62CD892C0003F2A;2025-05-13;-2.0;-82.24
83DED4832EFCBE11877210650500DD59;FC081C55582CED11A62CD892C0003F2A;2025-05-13;-2.0;-26.82
C56308F05CE7CE11ADB3106505009FA8;FC081C55582CED11A62CD892C0003F2A;2025-05-13;-2.0;-44.14
0FEF367EEB0AFE11128010650500E819;FC081C55582CED11A62CD892C0003F2A;2025-05-13;-6.0;-199.79999999999998
5AF37C1F9F2DBE118772106505001E59;FC081C55582CED11A62CD892C0003F2A;2025-05-13;-6.0;-64.47999999999999
77766D2C3E9F9E117260106505005D4A;FC081C55582CED11A62CD892C0003F2A;2025-05-13;-2.0;-170.0
C1727DA71EE6DE11C846106505000F6A;FC081C55582CED11A62CD892C0003F2A;2025-05-13;-2.0;-23.66
18F9A5D06F466E11B7B78A650500BC08;FC081C55582CED11A62CD892C0003F2A;2025-05-13;-8.0;-556.48
E94FA3470C7DFE1158A3BB3DBE8E1489;FC081C55582CED11A62CD892C0003F2A;2025-05-13;-6.0;-122.94
C000819A08FCFD11A4A96492C000CB59;FC081C55582CED11A62CD892C0003F2A;2025-05-13;-2.0;-256.8
C19342792642FE1191EE10650500CCB9;FC081C55582CED11A62CD892C0003F2A;2025-05-13;-2.0;-1347.86
FB38BE140253FE1191EE106505002EB9;FC081C55582CED11A62CD892C0003F2A;2025-05-13;-4.0;-428.72
8D1EB39609BBCE11ADB310650500A4B8;FC081C55582CED11A62CD892C0003F2A;2025-05-13;-2.0;-255.2
F84C0212599EFE11F1557891FE698589;FC081C55582CED11A62CD892C0003F2A;2025-05-13;-6.0;-1674.0
57A5A574877ADE11406610650500824A;FC081C55582CED11A62CD892C0003F2A;2025-05-13;-4.0;-1337.8
B7AB793F18D2DE11ADB3106505007EB8;FC081C55582CED11A62CD892C0003F2A;2025-05-13;-12.0;-240.0
924D86E7B1BBEE1191EE1065050029B9;FC081C55582CED11A62CD892C0003F2A;2025-05-13;-2.0;-134.46
3BAC45003C6CDE11406610650500354A;FC081C55582CED11A62CD892C0003F2A;2025-05-13;-6.0;-863.38
17CB3CE8199ACE11ADB31065050013B8;FC081C55582CED11A62CD892C0003F2A;2025-05-13;-2.0;-199.56
2CE4710730267E11B7B78A650500ED08;FC081C55582CED11A62CD892C0003F2A;2025-05-13;-2.0;-156.04
61725376AF6DFE11F1557891FE690489;FC081C55582CED11A62CD892C0003F2A;2025-05-13;-2.0;-228.0
43E4F1766D6B6E11B7B78A650500BC08;FC081C55582CED11A62CD892C0003F2A;2025-05-13;-2.0;-355.84
B55BF270DFE39E115540106505007D3B;FC081C55582CED11A62CD892C0003F2A;2025-05-13;-2.0;-564.78
A5F63FAA77018E110819BB65050039AA;FC081C55582CED11A62CD892C0003F2A;2025-05-13;-12.0;-530.04
745BD54551CAED11A62CD892C0003F2A;FC081C55582CED11A62CD892C0003F2A;2025-05-13;-2.0;-370.78
FF90A4EECABFAE11BE2110650500055A;FC081C55582CED11A62CD892C0003F2A;2025-05-13;-4.4;-1299.42
5990467EEB0AFE11128010650500E819;FC081C55582CED11A62CD892C0003F2A;2025-05-13;-4.0;-146.2
46D22B59CB0E9E117260106505005B4A;FC081C55582CED11A62CD892C0003F2A;2025-05-13;-2.0;-590.2
E1204D06C4BC3E11052F6792C000D249;FC081C55582CED11A62CD892C0003F2A;2025-05-13;-6.0;-261.24
0361CD5CEB01FE1191EE106505003BB9;FC081C55582CED11A62CD892C0003F2A;2025-05-13;-4.0;-163.02
57286AC15E85DE11ADB31065050002C8;FC081C55582CED11A62CD892C0003F2A;2025-05-13;-2.0;-275.86
1B010D17782ADE11406610650500224A;FC081C55582CED11A62CD892C0003F2A;2025-05-13;-4.0;-48.96
71D8EA98F0CAED11A62CD892C0003F2A;FC081C55582CED11A62CD892C0003F2A;2025-05-13;-4.0;-317.04
2772C65EDA3DFE11F1557891FE69C389;FC081C55582CED11A62CD892C0003F2A;2025-05-13;-2.0;-210.0
55386BFA44425E1142D58A650500DC08;FC081C55582CED11A62CD892C0003F2A;2025-05-13;-2.0;-206.44
E5565E79248EFE11F1557891FE696589;FC081C55582CED11A62CD892C0003F2A;2025-05-13;-2.0;-450.54
F21EA3470C7DFE1158A3BB3DBE8E1489;FC081C55582CED11A62CD892C0003F2A;2025-05-13;-2.0;-40.98
7629F9218CA3DE11ADB3106505008FB8;FC081C55582CED11A62CD892C0003F2A;2025-05-13;-6.0;-285.0
A0AFE4EDC1AC0E11A4A96492C0001269;FC081C55582CED11A62CD892C0003F2A;2025-05-13;-2.0;-578.1
CF3C644BB3900F11F1557891FE690889;FC081C55582CED11A62CD892C0003F2A;2025-05-13;-8.0;-665.04
B1C1EB04AA4FFE11F1557891FE696689;FC081C55582CED11A62CD892C0003F2A;2025-05-13;-4.0;-242.8
7AA316FBBD1EFE11F1557891FE69E489;FC081C55582CED11A62CD892C0003F2A;2025-05-13;-2.0;-258.42
8B60EB72C400EE11406610650500E94A;FC081C55582CED11A62CD892C0003F2A;2025-05-13;-2.0;-434.74
EF8779C141CAED11A62CD892C0003F2A;FC081C55582CED11A62CD892C0003F2A;2025-05-13;-4.0;-744.04
3A8CE073DFE39E115540106505007D3B;FC081C55582CED11A62CD892C0003F2A;2025-05-13;-4.0;-1133.86
F11B8A1AACE2BE11BE2110650500195A;FC081C55582CED11A62CD892C0003F2A;2025-05-13;-2.0;-457.98
6295424F18D2DE11ADB3106505007EB8;FC081C55582CED11A62CD892C0003F2A;2025-05-13;-4.0;-80.0
CF1DE08C639F9E117260106505004D4A;FC081C55582CED11A62CD892C0003F2A;2025-05-13;-6.0;-149.39999999999998
6C6E01A0BDE7EE1191EE10650500B7B9;FC081C55582CED11A62CD892C0003F2A;2025-05-13;-2.0;-30.38
DDC67A9CC0CAED11A62CD892C0003F2A;FC081C55582CED11A62CD892C0003F2A;2025-05-13;-2.0;-196.2
CADF89D16F5CCE11ADB31065050095B8;FC081C55582CED11A62CD892C0003F2A;2025-05-13;-2.0;-52.98
4452E275A2CBFE111280106505000919;FC081C55582CED11A62CD892C0003F2A;2025-05-13;-2.0;-715.66
245003F419C60E11A4A96492C0004B38;FC081C55582CED11A62CD892C0003F2A;2025-05-13;-2.0;-861.48
9320D83931CAED11A62CD892C0003F2A;FC081C55582CED11A62CD892C0003F2A;2025-05-13;-2.0;-2099.0
2694403331CAED11A62CD892C0003F2A;FC081C55582CED11A62CD892C0003F2A;2025-05-13;-4.0;-700.68
2EB94C7C814C7E110819BB65050039AA;FC081C55582CED11A62CD892C0003F2A;2025-05-13;-2.0;-294.76
4627785B64B0EE11406610650500CA4A;FC081C55582CED11A62CD892C0003F2A;2025-05-13;-2.0;-1093.56
05D62F2F5D89FE11128010650500E819;FC081C55582CED11A62CD892C0003F2A;2025-05-13;-2.0;-389.6
0E6625AAD58FEE1191EE1065050049B9;FC081C55582CED11A62CD892C0003F2A;2025-05-13;-2.0;-850.12
A94FB74F5F5CCE11ADB31065050095B8;FC081C55582CED11A62CD892C0003F2A;2025-05-13;-2.0;-172.0
1B49D2E52A74EE11B1AD10650500F7EA;FC081C55582CED11A62CD892C0003F2A;2025-05-13;-2.0;-114.6
C15AD9FCE407DE11C846106505002F6A;FC081C55582CED11A62CD892C0003F2A;2025-05-13;-2.0;-23.66
F10CED78501ADE11406610650500024A;FC081C55582CED11A62CD892C0003F2A;2025-05-13;-2.0;-4938.78
40B605C26F4EBE118772106505008F59;FC081C55582CED11A62CD892C0003F2A;2025-05-13;-2.0;-153.24
E308CD4C71429E115540106505005B3B;FC081C55582CED11A62CD892C0003F2A;2025-05-13;-2.0;-416.76
FE31AC4136137E11B7B78A650500DD08;FC081C55582CED11A62CD892C0003F2A;2025-05-13;-8.0;-2943.2400000000002
354D6FE7DE09BE11877210650500D859;FC081C55582CED11A62CD892C0003F2A;2025-05-13;-2.0;-242.02
5FB593D71FB3AE11726010650500925A;FC081C55582CED11A62CD892C0003F2A;2025-05-13;-6.0;-220.32
D7A2D1073665FD110DC22A92C0009D7B;FC081C55582CED11A62CD892C0003F2A;2025-05-13;-2.0;-183.26
DE3E6CCB33817E11B7B78A650500CD08;FC081C55582CED11A62CD892C0003F2A;2025-05-13;-36.0;-2556.0
39C0CB8180E2FE1191EE106505009DB9;FC081C55582CED11A62CD892C0003F2A;2025-05-13;-2.0;-874.82
C17A14E9AB2B6E11B7B78A650500BC08;FC081C55582CED11A62CD892C0003F2A;2025-05-13;-2.0;-179.08
19FF4A7A9DB6EE1191EE1065050076B9;FC081C55582CED11A62CD892C0003F2A;2025-05-13;-2.0;-141.12
492E78998B206E1142D58A650500AD08;FC081C55582CED11A62CD892C0003F2A;2025-05-13;-2.0;-765.24
FEFEB10F18D2DE11ADB3106505007EB8;FC081C55582CED11A62CD892C0003F2A;2025-05-13;-6.0;-695.88
97CC8A62B257DE11C846106505008F6A;FC081C55582CED11A62CD892C0003F2A;2025-05-13;-4.0;-102.0
5F27FDFE87DC6E11B7B78A650500BC08;FC081C55582CED11A62CD892C0003F2A;2025-05-13;-8.0;-431.46000000000004
3FAA1F0AFC027E11B7B78A650500CD08;FC081C55582CED11A62CD892C0003F2A;2025-05-13;-4.0;-250.12
B1F7ACBDCA053E11052F6792C000FF39;FC081C55582CED11A62CD892C0003F2A;2025-05-13;-2.0;-287.72
7C4219A7CF2FFE11F1557891FE694689;FC081C55582CED11A62CD892C0003F2A;2025-05-13;-20.0;-1579.4
B6A3F68921500F11F1557891FE69B789;FC081C55582CED11A62CD892C0003F2A;2025-05-13;-2.0;-527.04
EB0CDF16ACA49E115540106505007E3B;FC081C55582CED11A62CD892C0003F2A;2025-05-13;-4.0;-858.64
FA71C94978DDCE11ADB31065050097B8;FC081C55582CED11A62CD892C0003F2A;2025-05-13;-2.0;-666.44
45D568BC30674E1142D58A6505002C08;FC081C55582CED11A62CD892C0003F2A;2025-05-13;-2.0;-56.08
EA7E3926B6E28E113835BB6505002BAA;FC081C55582CED11A62CD892C0003F2A;2025-05-13;-2.0;-341.04
2069B3A596B5FE1191EE1065050051C9;FC081C55582CED11A62CD892C0003F2A;2025-05-13;-2.0;-1776.58
D8D2AA1FC1CAED11A62CD892C0003F2A;FC081C55582CED11A62CD892C0003F2A;2025-05-13;-8.0;-873.24
52934C68B60C4E1142D58A650500BC08;FC081C55582CED11A62CD892C0003F2A;2025-05-13;-2.0;-190.0
4418AD0ADACDDE11406610650500F64A;FC081C55582CED11A62CD892C0003F2A;2025-05-13;-2.0;-408.7
B67B9D65008EFE11F1557891FE696589;FC081C55582CED11A62CD892C0003F2A;2025-05-13;-6.0;-715.32
FD738FF7AF85EE1191EE10650500F4B9;FC081C55582CED11A62CD892C0003F2A;2025-05-13;-2.0;-685.86
8C29B2A1EAC6EE1191EE1065050086B9;FC081C55582CED11A62CD892C0003F2A;2025-05-13;-2.0;-298.5
3AA84F16327EAE11BE2110650500635A;FC081C55582CED11A62CD892C0003F2A;2025-05-13;-2.0;-339.48
098B3B0BF1CAED11A62CD892C0003F2A;FC081C55582CED11A62CD892C0003F2A;2025-05-13;-2.0;-217.2
3A35B77118EFDE11406610650500C94A;FC081C55582CED11A62CD892C0003F2A;2025-05-13;-2.0;-161.7
FB71EA8162C5EE1191EE1065050045B9;FC081C55582CED11A62CD892C0003F2A;2025-05-13;-2.0;-504.0
9D1957F1E0CAED11A62CD892C0003F2A;FC081C55582CED11A62CD892C0003F2A;2025-05-13;-2.0;-602.48
85B13305DC15EE11B1AD10650500C8EA;FC081C55582CED11A62CD892C0003F2A;2025-05-13;-2.0;-451.44
F8F28EB23E4FBE11877210650500C069;FC081C55582CED11A62CD892C0003F2A;2025-05-13;-4.0;-1021.84
6209B51401FA8E11F243BB650500514B;FC081C55582CED11A62CD892C0003F2A;2025-05-13;-2.0;-51.38
620B73B38ABAFE11128010650500E819;FC081C55582CED11A62CD892C0003F2A;2025-05-13;-32.0;-948.48
B9BD78BD4DA1EE114066106505000C4A;FC081C55582CED11A62CD892C0003F2A;2025-05-13;-4.0;-2467.56
05B63D2329363E11052F6792C000FF39;FC081C55582CED11A62CD892C0003F2A;2025-05-13;-2.0;-72.52
27A12A76707BCE11ADB31065050044B8;FC081C55582CED11A62CD892C0003F2A;2025-05-13;-2.0;-551.2
CCE2C3C81EBBDE11406610650500444A;FC081C55582CED11A62CD892C0003F2A;2025-05-13;-2.0;-31.74
B974E61DA0CAED11A62CD892C0003F2A;FC081C55582CED11A62CD892C0003F2A;2025-05-13;-2.0;-63.5
7887A18B56AEEE1191EE1065050029B9;FC081C55582CED11A62CD892C0003F2A;2025-05-13;-2.0;-1306.08
88BA0F496AA06E1142D58A650500AD08;FC081C55582CED11A62CD892C0003F2A;2025-05-13;-2.0;-78.76
7C2BE0D0BDE7EE1191EE10650500B7B9;FC081C55582CED11A62CD892C0003F2A;2025-05-13;-4.0;-98.06
C61E8CA458C6DE11C84610650500DE6A;FC081C55582CED11A62CD892C0003F2A;2025-05-13;-2.0;-23.66
1AA5057301CAED11A62CD892C0003F2A;FC081C55582CED11A62CD892C0003F2A;2025-05-13;-4.0;-137.76
3BE5FCA9591A6E11B7B78A650500BC08;FC081C55582CED11A62CD892C0003F2A;2025-05-13;-2.0;-146.96
F6F9EB9FC62EEE1191EE1065050029B9;FC081C55582CED11A62CD892C0003F2A;2025-05-13;-4.0;-428.64
D31CA76F8CF1EE114066106505007C4A;FC081C55582CED11A62CD892C0003F2A;2025-05-13;-2.0;-106.88
66EF64A2A98C9E11726010650500594A;FC081C55582CED11A62CD892C0003F2A;2025-05-13;-2.0;-136.98
D715242F4F0D7E110819BB65050039AA;FC081C55582CED11A62CD892C0003F2A;2025-05-13;-2.0;-40.12
C42947C02524EE11B1AD1065050087EA;FC081C55582CED11A62CD892C0003F2A;2025-05-13;-2.0;-247.48
533E0427487CDE11406610650500454A;FC081C55582CED11A62CD892C0003F2A;2025-05-13;-2.0;-151.72
E3D1702A3A73CE118772106505001669;FC081C55582CED11A62CD892C0003F2A;2025-05-13;-2.0;-1175.36
F40A18BFBD31FE1191EE106505007BB9;FC081C55582CED11A62CD892C0003F2A;2025-05-13;-2.0;-2345.82
52B5BE6D667F8E11F243BB650500A74B;FC081C55582CED11A62CD892C0003F2A;2025-05-13;-2.0;-40.2
AB05CAAB58DD4E1142D58A650500BC08;FC081C55582CED11A62CD892C0003F2A;2025-05-13;-2.0;-620.0
8018E9D401CAED11A62CD892C0003F2A;FC081C55582CED11A62CD892C0003F2A;2025-05-13;-2.0;-197.9
24E95C38248EFE11F1557891FE696589;FC081C55582CED11A62CD892C0003F2A;2025-05-13;-2.0;-320.54
68C844D3D0CAED11A62CD892C0003F2A;B0BDDED34CC83E11052F6792C000B249;2025-05-13;-4.0;-303.08
91BC6E3341CAED11A62CD892C0003F2A;B0BDDED34CC83E11052F6792C000B249;2025-05-13;-2.0;-262.8
DDE0041AF2A7AE11BE2110650500BA4A;B0BDDED34CC83E11052F6792C000B249;2025-05-13;-4.0;-529.64
5FC53B86878DAE11BE2110650500325A;B0BDDED34CC83E11052F6792C000B249;2025-05-13;-4.0;-356.8
49F6C9DF7EDBBE118772106505006C59;B0BDDED34CC83E11052F6792C000B249;2025-05-13;-4.0;-133.06
376EAE3F108EFE11F1557891FE696589;B0BDDED34CC83E11052F6792C000B249;2025-05-13;-2.0;-276.78
033F6D097EC47E11B7B78A650500ED08;B0BDDED34CC83E11052F6792C000B249;2025-05-13;-6.0;-835.08
9497BF6A01CAED11A62CD892C0003F2A;B0BDDED34CC83E11052F6792C000B249;2025-05-13;-2.0;-487.24
9669C44B146B3E11052F6792C000D249;B0BDDED34CC83E11052F6792C000B249;2025-05-13;-4.0;-239.88
99F93D269FAF5E1142D58A650500AD08;B0BDDED34CC83E11052F6792C000B249;2025-05-13;-2.0;-88.2
D1B6F9AD0CA8BE118772106505005859;B0BDDED34CC83E11052F6792C000B249;2025-05-13;-4.0;-154.24
A50E8EA6F352BE11BE2110650500585A;B0BDDED34CC83E11052F6792C000B249;2025-05-13;-6.0;-212.66
56C7D916B0CAED11A62CD892C0003F2A;B0BDDED34CC83E11052F6792C000B249;2025-05-13;-6.0;-199.39999999999998
EF86251C0B104E1142D58A650500DB08;B0BDDED34CC83E11052F6792C000B249;2025-05-13;-2.0;-396.3
B9C3840F18363E11052F6792C000FF39;B0BDDED34CC83E11052F6792C000B249;2025-05-13;-2.0;-179.78
F890A43DB6CDEE1191EE1065050029B9;B0BDDED34CC83E11052F6792C000B249;2025-05-13;-2.0;-992.62
44A455F8FBF76E11B7B78A650500BC08;B0BDDED34CC83E11052F6792C000B249;2025-05-13;-2.0;-317.8
799C8EE9F7BAFE11128010650500E819;B0BDDED34CC83E11052F6792C000B249;2025-05-13;-8.0;-204.8
A73D829270BACE11ADB31065050033B8;B0BDDED34CC83E11052F6792C000B249;2025-05-13;-4.0;-390.0
77054643119EBE11877210650500DF59;B0BDDED34CC83E11052F6792C000B249;2025-05-13;-10.0;-278.6
89339619CC596E11B7B78A650500BC08;B0BDDED34CC83E11052F6792C000B249;2025-05-13;-2.0;-114.82
A0F75C1CB364AE11726010650500635A;B0BDDED34CC83E11052F6792C000B249;2025-05-13;-2.0;-482.52
3093F37765D65E1142D58A650500DC08;B0BDDED34CC83E11052F6792C000B249;2025-05-13;-2.0;-279.74
E842E7FDF0CAED11A62CD892C0003F2A;B0BDDED34CC83E11052F6792C000B249;2025-05-13;-4.0;-559.26
DAFCBFF0E0CAED11A62CD892C0003F2A;B0BDDED34CC83E11052F6792C000B249;2025-05-13;-2.0;-223.34
DC280D4ACE23FD110DC22A92C000C499;B0BDDED34CC83E11052F6792C000B249;2025-05-13;-6.0;-207.71999999999997
5101C7FFF0CAED11A62CD892C0003F2A;B0BDDED34CC83E11052F6792C000B249;2025-05-13;-12.0;-911.76
493E17D851CAED11A62CD892C0003F2A;B0BDDED34CC83E11052F6792C000B249;2025-05-13;-2.0;-1083.24
D67DDBD899363E11052F6792C000FF39;B0BDDED34CC83E11052F6792C000B249;2025-05-13;-6.0;-212.28000000000003
CFC2663A31CAED11A62CD892C0003F2A;B0BDDED34CC83E11052F6792C000B249;2025-05-13;-2.0;-500.56
3E07CDA152FD4E1142D58A650500BC08;B0BDDED34CC83E11052F6792C000B249;2025-05-13;-2.0;-402.34
EAF22A90025EFE11F1557891FE692589;B0BDDED34CC83E11052F6792C000B249;2025-05-13;-10.0;-120.9
9964119162867E11B7B78A650500ED08;B0BDDED34CC83E11052F6792C000B249;2025-05-13;-2.0;-463.92
51140DB46D79FE11128010650500E819;B0BDDED34CC83E11052F6792C000B249;2025-05-13;-4.0;-387.2
5F2785D2D0CAED11A62CD892C0003F2A;B0BDDED34CC83E11052F6792C000B249;2025-05-13;-2.0;-151.54
2BAEEE9A82E04E1142D58A650500DB08;B0BDDED34CC83E11052F6792C000B249;2025-05-13;-2.0;-244.28
0F38AF2514D7EE1191EE1065050097B9;B0BDDED34CC83E11052F6792C000B249;2025-05-13;-8.0;-247.76
11BBB6ADC691FE1191EE10650500EBB9;B0BDDED34CC83E11052F6792C000B249;2025-05-13;-2.0;-173.9
21D4662C575FFE11F1557891FE697689;B0BDDED34CC83E11052F6792C000B249;2025-05-13;-10.0;-420.0
3A332A90025EFE11F1557891FE692589;B0BDDED34CC83E11052F6792C000B249;2025-05-13;-4.0;-379.84
2F7D3A6376126E1142D58A650500AD08;B0BDDED34CC83E11052F6792C000B249;2025-05-13;-2.0;-129.34
89994B7DA0CAED11A62CD892C0003F2A;B0BDDED34CC83E11052F6792C000B249;2025-05-13;-4.0;-572.0
A6D0F6D99656DE11ADB31065050003C8;B0BDDED34CC83E11052F6792C000B249;2025-05-13;-2.0;-80.3
98375A67B5EEAE11BE2110650500F35A;B0BDDED34CC83E11052F6792C000B249;2025-05-13;-4.0;-418.44
45C26A0553435E1142D58A650500DC08;B0BDDED34CC83E11052F6792C000B249;2025-05-13;-2.0;-272.4
1125F8F901CAED11A62CD892C0003F2A;B0BDDED34CC83E11052F6792C000B249;2025-05-13;-2.0;-306.6
9E96487919DDCE11ADB31065050097B8;B0BDDED34CC83E11052F6792C000B249;2025-05-13;-2.0;-198.0
3F18D298B12AFE11128010650500E819;B0BDDED34CC83E11052F6792C000B249;2025-05-13;-2.0;-99.5
120D878EB50C7E110819BB65050039AA;B0BDDED34CC83E11052F6792C000B249;2025-05-13;-6.0;-1112.34
9AD8A4B271D6FD110DC22A92C000D158;B0BDDED34CC83E11052F6792C000B249;2025-05-13;-2.0;-236.8
A97B9914F5E6FE1191EE10650500D2C9;B0BDDED34CC83E11052F6792C000B249;2025-05-13;-2.0;-22.06
FB09AA3111CAED11A62CD892C0003F2A;B0BDDED34CC83E11052F6792C000B249;2025-05-13;-2.0;-765.24
26E40265EC20FE1191EE106505001AB9;B0BDDED34CC83E11052F6792C000B249;2025-05-13;-2.0;-56.0
D73962958D6B6E11B7B78A650500BC08;B0BDDED34CC83E11052F6792C000B249;2025-05-13;-2.0;-1048.58
469071BA258EFE11F1557891FE696589;B0BDDED34CC83E11052F6792C000B249;2025-05-13;-4.0;-1260.8
C1D32BDCFFAEDE11406610650500384A;B0BDDED34CC83E11052F6792C000B249;2025-05-13;-6.0;-180.42000000000002
53F825DDF691FE1191EE10650500EBB9;B0BDDED34CC83E11052F6792C000B249;2025-05-13;-2.0;-142.84
7D12823DE5E2DE11ADB3106505008EB8;B0BDDED34CC83E11052F6792C000B249;2025-05-13;-2.0;-301.06
4719182F55FDFE11F1557891FE69B489;B0BDDED34CC83E11052F6792C000B249;2025-05-13;-4.0;-276.52
B1C8D74B63949E115540106505004E3B;B0BDDED34CC83E11052F6792C000B249;2025-05-13;-10.0;-288.0
52303FAAB7788E11F243BB6505002E3B;B0BDDED34CC83E11052F6792C000B249;2025-05-13;-2.0;-153.9
1283222D1B6BAE11BE21106505008F4A;B0BDDED34CC83E11052F6792C000B249;2025-05-13;-2.0;-363.6
3949BFE63AC0DE11ADB310650500ABB8;B0BDDED34CC83E11052F6792C000B249;2025-05-13;-2.0;-39.64
BE3D0375C09EBE11877210650500DF59;B0BDDED34CC83E11052F6792C000B249;2025-05-13;-2.0;-55.72
E2D7F32A18B13E11052F6792C000CF39;B0BDDED34CC83E11052F6792C000B249;2025-05-13;-4.0;-1151.12
AE59ACEB697BAE11BE21106505009F4A;B0BDDED34CC83E11052F6792C000B249;2025-05-13;-2.0;-98.8
F4FA44C26BE15E1142D58A650500BC08;B0BDDED34CC83E11052F6792C000B249;2025-05-13;-4.0;-122.72
4E75995414B9FE11128010650500E819;B0BDDED34CC83E11052F6792C000B249;2025-05-13;-2.0;-601.58
E396B92DF512FE1191EE106505008CB9;B0BDDED34CC83E11052F6792C000B249;2025-05-13;-4.0;-82.72
F71074C403C2EE11B1AD10650500C5EA;B0BDDED34CC83E11052F6792C000B249;2025-05-13;-4.0;-382.8
2EA6FE26D8ED9E117260106505001B4A;B0BDDED34CC83E11052F6792C000B249;2025-05-13;-2.0;-344.0
7D89AA40BF533E11052F6792C000CF39;B0BDDED34CC83E11052F6792C000B249;2025-05-13;-2.0;-1153.66
0845A568E89DDE11406610650500B64A;B0BDDED34CC83E11052F6792C000B249;2025-05-13;-8.0;-766.48
F00B9DB14DADEE1191EE1065050029B9;B0BDDED34CC83E11052F6792C000B249;2025-05-13;-2.0;-157.62
72F2C5A27734DE11ADB31065050050C8;B0BDDED34CC83E11052F6792C000B249;2025-05-13;-2.0;-197.86
04F5F96DA6938E113835BB6505001CAA;B0BDDED34CC83E11052F6792C000B249;2025-05-13;-2.0;-849.78
3D34850F2E405E1142D58A650500BC08;B0BDDED34CC83E11052F6792C000B249;2025-05-13;-6.0;-719.52
6878578DDB32FE1191EE10650500BCB9;B0BDDED34CC83E11052F6792C000B249;2025-05-13;-2.0;-262.02
C3DC53538ABAFE11128010650500E819;B0BDDED34CC83E11052F6792C000B249;2025-05-13;-2.0;-59.28
E2C4FF2E22C18E111E1BBB65050099AA;B0BDDED34CC83E11052F6792C000B249;2025-05-13;-2.0;-368.54
9AFC45B292EE4E1142D58A650500BC08;B0BDDED34CC83E11052F6792C000B249;2025-05-13;-2.0;-628.64
D704915671E19E11F243BB650500BA4B;B0BDDED34CC83E11052F6792C000B249;2025-05-13;-2.0;-738.12
4E5C53538ABAFE11128010650500E819;B0BDDED34CC83E11052F6792C000B249;2025-05-13;-2.0;-57.6
4F8F80BCACD75E1142D58A650500DC08;B0BDDED34CC83E11052F6792C000B249;2025-05-13;-2.0;-390.62
B4D3B0467EA23E11052F6792C000CF39;B0BDDED34CC83E11052F6792C000B249;2025-05-13;-2.0;-263.62
C3855AD266397E110819BB65050009AA;B0BDDED34CC83E11052F6792C000B249;2025-05-13;-2.0;-90.84
57B7CB71BCACEE1191EE1065050029B9;B0BDDED34CC83E11052F6792C000B249;2025-05-13;-2.0;-679.32
567C8EE9F7BAFE11128010650500E819;B0BDDED34CC83E11052F6792C000B249;2025-05-13;-2.0;-51.0
5AC8B70F82DD6E11B7B78A650500BC08;B0BDDED34CC83E11052F6792C000B249;2025-05-13;-2.0;-111.9
5D9B2D2C50C1CE11877210650500E369;B0BDDED34CC83E11052F6792C000B249;2025-05-13;-2.0;-241.2
4D4F333878C45E1142D58A650500DC08;B0BDDED34CC83E11052F6792C000B249;2025-05-13;-2.0;-244.28
1B08ADF5E4F1CE118772106505002469;B0BDDED34CC83E11052F6792C000B249;2025-05-13;-4.0;-1748.0
3DD574944E462E1143F0668E420006EB;B0BDDED34CC83E11052F6792C000B249;2025-05-13;-2.0;-464.24
5D136A0377018E110819BB65050039AA;B0BDDED34CC83E11052F6792C000B249;2025-05-13;-4.0;-123.68
3CADC9CBAB74EE11B1AD10650500F7EA;B0BDDED34CC83E11052F6792C000B249;2025-05-13;-2.0;-38.84
B0E067EDE77CCE11ADB310650500B5B8;B0BDDED34CC83E11052F6792C000B249;2025-05-13;-2.0;-72.88
B67DE1C2688EED11A62CD892C000399B;B0BDDED34CC83E11052F6792C000B249;2025-05-13;-2.0;-214.42
28F5EBC551CAED11A62CD892C0003F2A;B0BDDED34CC83E11052F6792C000B249;2025-05-13;-2.0;-309.06
67283A2ADF61FE1191EE10650500BBB9;B0BDDED34CC83E11052F6792C000B249;2025-05-13;-6.0;-286.58
B019AA3111CAED11A62CD892C0003F2A;B0BDDED34CC83E11052F6792C000B249;2025-05-13;-2.0;-859.16
64F1412AC9280E11A4A96492C00009EB;B0BDDED34CC83E11052F6792C000B249;2025-05-13;-2.0;-583.5
280BF1E6BE52EE11406610650500FC4A;B0BDDED34CC83E11052F6792C000B249;2025-05-13;-4.0;-439.6
9CF930DBBD1EFE11F1557891FE69E489;B0BDDED34CC83E11052F6792C000B249;2025-05-13;-2.0;-627.14
937F32B541341E1143F0668E42008C3B;B0BDDED34CC83E11052F6792C000B249;2025-05-13;-2.0;-92.88
656DF46E9CCE6E11B7B78A6505008D08;B0BDDED34CC83E11052F6792C000B249;2025-05-13;-2.0;-135.44
26E1AFF2E97CDE11406610650500454A;B0BDDED34CC83E11052F6792C000B249;2025-05-13;-2.0;-136.76
BCFE1D61769C9E11726010650500694A;44673735EAF46E11B7B78A650500BC08;2025-05-13;-2.0;-311.66
BBD555249C456E11B7B78A650500BC08;44673735EAF46E11B7B78A650500BC08;2025-05-13;-2.0;-30.72
A76AF266F94A6E11B7B78A650500BC08;44673735EAF46E11B7B78A650500BC08;2025-05-13;-4.0;-5120.0
A396E415AA79DE11406610650500414A;44673735EAF46E11B7B78A650500BC08;2025-05-13;-16.0;-3123.62
7854AB3DD6568E11F243BB6505007B3B;44673735EAF46E11B7B78A650500BC08;2025-05-13;-14.0;-846.5800000000002
714EB1F610556E11B7B78A650500BC08;44673735EAF46E11B7B78A650500BC08;2025-05-13;-8.0;-1539.74
EEF6B9DA12238E117E64BB6505005BAA;44673735EAF46E11B7B78A650500BC08;2025-05-13;-8.0;-332.0
048B9C3BBF354E1142D58A6505002C08;44673735EAF46E11B7B78A650500BC08;2025-05-13;-2.0;-120.12
A9FB3A072E59BE118772106505003959;44673735EAF46E11B7B78A650500BC08;2025-05-13;-20.0;-950.4000000000001
061B4958E770BE11BE2110650500F55A;44673735EAF46E11B7B78A650500BC08;2025-05-13;-4.0;-33.84
96E6212CA6CABE118772106505000B59;44673735EAF46E11B7B78A650500BC08;2025-05-13;-4.0;-505.2
1624D5E2AEEBCE11ADB310650500E4B8;44673735EAF46E11B7B78A650500BC08;2025-05-13;-20.0;-2199.9
A0B7CF242E456E11B7B78A650500BC08;44673735EAF46E11B7B78A650500BC08;2025-05-13;-2.0;-353.1
DAAC7AA8BEB0DE11ADB3106505009BB8;44673735EAF46E11B7B78A650500BC08;2025-05-13;-6.0;-345.0
F6B5B6448F5DAE11BE2110650500025A;44673735EAF46E11B7B78A650500BC08;2025-05-13;-2.0;-810.0
D30E906C92E0DE11ADB310650500DBB8;44673735EAF46E11B7B78A650500BC08;2025-05-13;-6.0;-570.8
EF56646F6E08DE11C84610650500707A;44673735EAF46E11B7B78A650500BC08;2025-05-13;-2.0;-169.56
BA907F315F35CE11ADB3106505001DA8;44673735EAF46E11B7B78A650500BC08;2025-05-13;-8.0;-1370.72
F69D6C53F18E6E11B7B78A6505003D08;44673735EAF46E11B7B78A650500BC08;2025-05-13;-14.0;-12207.22
915559B666767E11B7B78A650500ED08;44673735EAF46E11B7B78A650500BC08;2025-05-13;-2.0;-219.34
A9592FB3CA086E11B7B78A650500BC08;44673735EAF46E11B7B78A650500BC08;2025-05-13;-4.0;-883.52
C39AE658D7A5DE11ADB31065050022C8;44673735EAF46E11B7B78A650500BC08;2025-05-13;-2.0;-482.12
C5A444FE4FA6DE11C84610650500BE6A;44673735EAF46E11B7B78A650500BC08;2025-05-13;-2.0;-36.0
15438B674C456E11B7B78A650500BC08;44673735EAF46E11B7B78A650500BC08;2025-05-13;-2.0;-260.12
CF203DE8AC456E11B7B78A650500BC08;44673735EAF46E11B7B78A650500BC08;2025-05-13;-4.0;-547.92
C73E1F90A4ABEE1191EE1065050029B9;44673735EAF46E11B7B78A650500BC08;2025-05-13;-10.0;-640.8
F04AE8B83332FD110DC22A92C0006778;44673735EAF46E11B7B78A650500BC08;2025-05-13;-4.0;-175.1
2726518B3C456E11B7B78A650500BC08;44673735EAF46E11B7B78A650500BC08;2025-05-13;-2.0;-369.28
F4D7E43B046B3E11052F6792C000D249;44673735EAF46E11B7B78A650500BC08;2025-05-13;-2.0;-125.68
F92F98DBEC9F7E110819BB65050039AA;44673735EAF46E11B7B78A650500BC08;2025-05-13;-4.0;-111.84
3A5B53B0F13ECE11ADB31065050008B8;44673735EAF46E11B7B78A650500BC08;2025-05-13;-6.0;-2541.0
7DC741E1C11A8E11F243BB650500304B;44673735EAF46E11B7B78A650500BC08;2025-05-13;-6.0;-104.76
AB2267EF3C456E11B7B78A650500BC08;44673735EAF46E11B7B78A650500BC08;2025-05-13;-6.0;-947.64
4E3AB6E65BCA7E110819BB65050039AA;44673735EAF46E11B7B78A650500BC08;2025-05-13;-2.0;-380.0
850731F72442EE11406610650500DC4A;44673735EAF46E11B7B78A650500BC08;2025-05-13;-8.0;-7141.68
6CC5323ECB41BE11BE2110650500075A;44673735EAF46E11B7B78A650500BC08;2025-05-13;-24.0;-1097.52
A888F3EECAD0FE1191EE10650500FAB9;44673735EAF46E11B7B78A650500BC08;2025-05-13;-2.0;-107.86
C2857A679AE66E11B7B78A650500BC08;44673735EAF46E11B7B78A650500BC08;2025-05-13;-2.0;-1156.0
A3AA0BD3CC22AE11726010650500905A;44673735EAF46E11B7B78A650500BC08;2025-05-13;-18.0;-412.3
C1077B1D5D456E11B7B78A650500BC08;44673735EAF46E11B7B78A650500BC08;2025-05-13;-16.0;-2022.3999999999999
E60CCF9DC0D6FD110DC22A92C000D158;44673735EAF46E11B7B78A650500BC08;2025-05-13;-2.0;-114.44
7C6B6DA71D9F7E110819BB65050039AA;44673735EAF46E11B7B78A650500BC08;2025-05-13;-6.0;-213.66
5CE1102ECC4CFE111280106505000919;44673735EAF46E11B7B78A650500BC08;2025-05-13;-2.0;-396.0
80D844AFDAD7CE11ADB3106505008FA8;44673735EAF46E11B7B78A650500BC08;2025-05-13;-2.0;-65.52
C13EC3D6BFFD9E117260106505004B4A;44673735EAF46E11B7B78A650500BC08;2025-05-13;-6.0;-2910.0
223F8612E89FFE11F1557891FE69C689;44673735EAF46E11B7B78A650500BC08;2025-05-13;-6.0;-1317.6
2BD9D0EE46CCDE11406610650500A54A;44673735EAF46E11B7B78A650500BC08;2025-05-13;-4.0;-96.86
BD791CE69C456E11B7B78A650500BC08;44673735EAF46E11B7B78A650500BC08;2025-05-13;-6.0;-1756.28
401F18FBF9456E11B7B78A650500BC08;44673735EAF46E11B7B78A650500BC08;2025-05-13;-14.0;-292.46000000000004
8CA23C34CC22AE11726010650500905A;44673735EAF46E11B7B78A650500BC08;2025-05-13;-2.0;-91.8
A20DED1F3C456E11B7B78A650500BC08;44673735EAF46E11B7B78A650500BC08;2025-05-13;-8.0;-1971.2
108E9723A5118E110819BB65050039AA;44673735EAF46E11B7B78A650500BC08;2025-05-13;-4.0;-711.08
1B266C8036037E11B7B78A650500DD08;44673735EAF46E11B7B78A650500BC08;2025-05-13;-2.0;-216.66
44CDF86B2C456E11B7B78A650500BC08;44673735EAF46E11B7B78A650500BC08;2025-05-13;-4.0;-1381.28
5B2525D9BB109E11F243BB650500784B;44673735EAF46E11B7B78A650500BC08;2025-05-13;-4.0;-6040.6
9F012534327DCE11ADB31065050007B8;44673735EAF46E11B7B78A650500BC08;2025-05-13;-2.0;-105.2
F82D2618FD537E11B7B78A650500DD08;44673735EAF46E11B7B78A650500BC08;2025-05-13;-8.0;-48.42
435F50F3ED456E11B7B78A650500BC08;44673735EAF46E11B7B78A650500BC08;2025-05-13;-4.0;-289.22
120C00DE6EEAAE11BE2110650500EE4A;44673735EAF46E11B7B78A650500BC08;2025-05-13;-18.0;-308.65999999999997
4DF5AA0F66449E11554010650500ED3B;44673735EAF46E11B7B78A650500BC08;2025-05-13;-2.0;-33.52
E7B77BAFE8457E11B7B78A650500ED08;44673735EAF46E11B7B78A650500BC08;2025-05-13;-2.0;-545.62
0DDB5432F45AAE11BE21106505002E4A;44673735EAF46E11B7B78A650500BC08;2025-05-13;-4.0;-1395.04
FACC7CBF91459E115540106505004F3B;44673735EAF46E11B7B78A650500BC08;2025-05-13;-2.0;-166.5
53498F0B3C9BEE1191EE1065050029B9;44673735EAF46E11B7B78A650500BC08;2025-05-13;-2.0;-1495.58
E47B282963039E115540106505004C3B;44673735EAF46E11B7B78A650500BC08;2025-05-13;-2.0;-121.08
6DB332DC22637E11B7B78A650500DD08;44673735EAF46E11B7B78A650500BC08;2025-05-13;-2.0;-568.0
6BCBC11BFC456E11B7B78A650500BC08;44673735EAF46E11B7B78A650500BC08;2025-05-13;-12.0;-5678.8
235F50F3ED456E11B7B78A650500BC08;44673735EAF46E11B7B78A650500BC08;2025-05-13;-2.0;-144.6
7864F87E22039E115540106505004C3B;44673735EAF46E11B7B78A650500BC08;2025-05-13;-8.0;-741.98
58113079ED456E11B7B78A650500BC08;44673735EAF46E11B7B78A650500BC08;2025-05-13;-4.0;-833.0
4CC5040550FE5E1142D58A6505006D08;44673735EAF46E11B7B78A650500BC08;2025-05-13;-2.0;-222.86
F480777CC6B49E115540106505008E3B;44673735EAF46E11B7B78A650500BC08;2025-05-13;-4.0;-282.28
6172F7393F896E11B7B78A650500BC08;44673735EAF46E11B7B78A650500BC08;2025-05-13;-2.0;-230.46
994AA241A84AAE11BE21106505001E4A;44673735EAF46E11B7B78A650500BC08;2025-05-13;-2.0;-170.0
BBAFBB51D5867E11B7B78A650500ED08;44673735EAF46E11B7B78A650500BC08;2025-05-13;-2.0;-122.9
F9A8248FCD456E11B7B78A650500BC08;44673735EAF46E11B7B78A650500BC08;2025-05-13;-2.0;-1588.44
0847CF8A5A8BDE11406610650500044A;44673735EAF46E11B7B78A650500BC08;2025-05-13;-6.0;-1158.0
C6B102DA8E7F6E11B7B78A650500CD08;44673735EAF46E11B7B78A650500BC08;2025-05-13;-2.0;-106.22
A24B77ECD676BE118772106505008559;44673735EAF46E11B7B78A650500BC08;2025-05-13;-2.0;-1470.4
AB0DF4BB3D456E11B7B78A650500BC08;44673735EAF46E11B7B78A650500BC08;2025-05-13;-2.0;-155.22
66958714648DFE11F1557891FE692489;44673735EAF46E11B7B78A650500BC08;2025-05-13;-2.0;-8.2
DAF50CD1E0DCDE11406610650500B54A;44673735EAF46E11B7B78A650500BC08;2025-05-13;-40.0;-6672.0
40F9CAB8E770BE11BE2110650500F55A;44673735EAF46E11B7B78A650500BC08;2025-05-13;-2.0;-18.76
DF5E4242A8F07E11B7B78A650500CD08;44673735EAF46E11B7B78A650500BC08;2025-05-13;-2.0;-191.08
759E41C87EB9BE11877210650500B959;44673735EAF46E11B7B78A650500BC08;2025-05-13;-12.0;-1347.18
D50BEE6A88000F11F1557891FE695789;44673735EAF46E11B7B78A650500BC08;2025-05-13;-2.0;-818.74
DEB64249A667BE11877210650500B659;44673735EAF46E11B7B78A650500BC08;2025-05-13;-2.0;-161.4
8D1D6F7699A9CE11ADB310650500E1B8;44673735EAF46E11B7B78A650500BC08;2025-05-13;-2.0;-109.72
771E3601BAC9FE11128010650500E819;44673735EAF46E11B7B78A650500BC08;2025-05-13;-2.0;-41.0
D1B6F9AD0CA8BE118772106505005859;44673735EAF46E11B7B78A650500BC08;2025-05-13;-2.0;-77.12
D87D496B44968E11F243BB650500CB3B;44673735EAF46E11B7B78A650500BC08;2025-05-13;-2.0;-1302.3
640980B2F7887E110819BB65050009AA;44673735EAF46E11B7B78A650500BC08;2025-05-13;-2.0;-3626.02
390FC1B3681FAE11BE2110650500345A;44673735EAF46E11B7B78A650500BC08;2025-05-13;-2.0;-285.0
54C478DF8BBBDE11406610650500444A;44673735EAF46E11B7B78A650500BC08;2025-05-13;-4.0;-745.48
D1FD61B620556E11B7B78A650500BC08;44673735EAF46E11B7B78A650500BC08;2025-05-13;-10.0;-1349.8
29C86EF2EF456E11B7B78A650500BC08;44673735EAF46E11B7B78A650500BC08;2025-05-13;-2.0;-813.1
EF2E7F82460DAE11BE2110650500915A;44673735EAF46E11B7B78A650500BC08;2025-05-13;-2.0;-1336.14
B4E3ED753D456E11B7B78A650500BC08;44673735EAF46E11B7B78A650500BC08;2025-05-13;-4.0;-584.28
3938D099C8BCEE1191EE1065050029B9;44673735EAF46E11B7B78A650500BC08;2025-05-13;-2.0;-348.0
C89C67838E3CEE1191EE1065050029B9;44673735EAF46E11B7B78A650500BC08;2025-05-13;-2.0;-218.0
CCF3C497C0CAED11A62CD892C0003F2A;44673735EAF46E11B7B78A650500BC08;2025-05-13;-2.0;-1363.96
9F9889072C8EAE11BE2110650500835A;44673735EAF46E11B7B78A650500BC08;2025-05-13;-12.0;-1356.7199999999998
90B13680881BDE11406610650500634A;44673735EAF46E11B7B78A650500BC08;2025-05-13;-2.0;-230.92
519DC998EB456E11B7B78A650500BC08;44673735EAF46E11B7B78A650500BC08;2025-05-13;-4.0;-660.4
542884624F84DE11ADB310650500C0C8;44673735EAF46E11B7B78A650500BC08;2025-05-13;-4.0;-329.42
8AEEDBF55D4DDE11406610650500564A;44673735EAF46E11B7B78A650500BC08;2025-05-13;-2.0;-136.0
C7C889ED0A37EE1191EE10650500D6B9;44673735EAF46E11B7B78A650500BC08;2025-05-13;-2.0;-138.54
4F1D6F7699A9CE11ADB310650500E1B8;44673735EAF46E11B7B78A650500BC08;2025-05-13;-4.0;-307.84
806509235E56BE118772106505006559;44673735EAF46E11B7B78A650500BC08;2025-05-13;-2.0;-137.66
E6A530BC6711AE117260106505003F4A;44673735EAF46E11B7B78A650500BC08;2025-05-13;-2.0;-701.3
781FFB92D0F27E11B7B78A650500DD08;44673735EAF46E11B7B78A650500BC08;2025-05-13;-2.0;-77.78
4EB6E7FAA1365E1142D58A650500DC08;44673735EAF46E11B7B78A650500BC08;2025-05-13;-2.0;-28.92
E96DA8EFE8F2BE11BE2110650500295A;44673735EAF46E11B7B78A650500BC08;2025-05-13;-2.0;-369.0
B3F0B5EA40C97E110819BB65050019AA;44673735EAF46E11B7B78A650500BC08;2025-05-13;-2.0;-137.3
5BFB72123A5EEE1191EE1065050029B9;44673735EAF46E11B7B78A650500BC08;2025-05-13;-2.0;-385.0
77DC431298B37E11B7B78A650500DD08;44673735EAF46E11B7B78A650500BC08;2025-05-13;-2.0;-2030.08
2EAA59F21C7C9E11726010650500494A;44673735EAF46E11B7B78A650500BC08;2025-05-13;-2.0;-115.1
840B6F7A91E8CE11ADB310650500E0B8;44673735EAF46E11B7B78A650500BC08;2025-05-13;-4.0;-85.78
A290F699F7BAFE11128010650500E819;44673735EAF46E11B7B78A650500BC08;2025-05-13;-2.0;-42.0
1498ADBB78C6DE11C84610650500DE6A;44673735EAF46E11B7B78A650500BC08;2025-05-13;-2.0;-23.66
067B1AA6C3C0BE11BE2110650500565A;44673735EAF46E11B7B78A650500BC08;2025-05-13;-2.0;-2336.0
4FD106D41FDD6E11B7B78A650500BC08;44673735EAF46E11B7B78A650500BC08;2025-05-13;-2.0;-54.66
DDCF31189AC9FE11128010650500E819;44673735EAF46E11B7B78A650500BC08;2025-05-13;-2.0;-73.8
E1A53233798AFE11128010650500E819;44673735EAF46E11B7B78A650500BC08;2025-05-13;-4.0;-1930.6
A8DDC12F390FEE1191EE1065050029B9;44673735EAF46E11B7B78A650500BC08;2025-05-13;-32.0;-1115.26
96F54E84D676BE118772106505008559;44673735EAF46E11B7B78A650500BC08;2025-05-13;-2.0;-1170.92
E12E75B014D9DE11406610650500B14A;44673735EAF46E11B7B78A650500BC08;2025-05-13;-2.0;-24.14
DD302E9CFD456E11B7B78A650500BC08;44673735EAF46E11B7B78A650500BC08;2025-05-13;-2.0;-410.0
ED5BCD796C456E11B7B78A650500BC08;44673735EAF46E11B7B78A650500BC08;2025-05-13;-2.0;-1454.12
E531F6045321AE117260106505004F4A;44673735EAF46E11B7B78A650500BC08;2025-05-13;-2.0;-2676.0
87B0AA9CDA8D7E110819BB65050039AA;44673735EAF46E11B7B78A650500BC08;2025-05-13;-2.0;-148.72
4532AA9BE8098E11F243BB650500EE3B;FC081C55582CED11A62CD892C0003F2A;2025-05-13;2.0;49.06
0BF7BB9EE342EE11406610650500DC4A;44673735EAF46E11B7B78A650500BC08;2025-05-13;2.0;341.02
911F9B6C5B4EDE11406610650500B74A;FC081C55582CED11A62CD892C0003F2A;2025-05-13;0.0;0.0
8BA429E20E6E8E11F243BB650500564B;FC081C55582CED11A62CD892C0003F2A;2025-05-13;0.0;0.0
CE0295A1D2F2EE11B1AD1065050006EA;FC081C55582CED11A62CD892C0003F2A;2025-05-13;0.0;0.0
D76CAFAF618EEE1191EE1065050029B9;FC081C55582CED11A62CD892C0003F2A;2025-05-13;0.0;0.0
259DE51BDD933E11052F6792C000CF39;FC081C55582CED11A62CD892C0003F2A;2025-05-13;0.0;0.0
4440E8A1CC32FE1191EE10650500BCB9;FC081C55582CED11A62CD892C0003F2A;2025-05-13;0.0;-9.094947017729282e-13
60D0225A3F45DE11ADB310650500B1C8;FC081C55582CED11A62CD892C0003F2A;2025-05-13;0.0;0.0
3411303EF3269E11554010650500604B;FC081C55582CED11A62CD892C0003F2A;2025-05-13;0.0;0.0
067B179ECB23FE1191EE10650500FDB9;FC081C55582CED11A62CD892C0003F2A;2025-05-13;0.0;0.0
A312FC7ADDDFEE1191EE10650500B9B9;FC081C55582CED11A62CD892C0003F2A;2025-05-13;4.0;6769.88
B31DEA27D45DBE118772106505004E59;FC081C55582CED11A62CD892C0003F2A;2025-05-13;0.0;0.0
448A5A6B948DFE11F1557891FE692489;FC081C55582CED11A62CD892C0003F2A;2025-05-13;0.0;0.0
A99B5A6B948DFE11F1557891FE692489;FC081C55582CED11A62CD892C0003F2A;2025-05-13;0.0;0.0
283C5A6B948DFE11F1557891FE692489;FC081C55582CED11A62CD892C0003F2A;2025-05-13;0.0;0.0
748ACA848BFEEE1191EE1065050029B9;FC081C55582CED11A62CD892C0003F2A;2025-05-13;0.0;0.0
C5ECE133477EFE11F1557891FE695589;FC081C55582CED11A62CD892C0003F2A;2025-05-13;0.0;0.0
64F61D13477EFE11F1557891FE695589;FC081C55582CED11A62CD892C0003F2A;2025-05-13;0.0;0.0
98EDAE3F108EFE11F1557891FE696589;FC081C55582CED11A62CD892C0003F2A;2025-05-13;0.0;0.0
C92B7B3361CBEE1191EE1065050029B9;FC081C55582CED11A62CD892C0003F2A;2025-05-13;-2.0;-300.0
8103D84DE8420F114EF7A826072B6A89;FC081C55582CED11A62CD892C0003F2A;2025-05-13;0.0;0.0
0A65CCD8B8420F114EF7A826072B6A89;FC081C55582CED11A62CD892C0003F2A;2025-05-13;0.0;0.0
E28D3A8D70C5EE1191EE1065050045B9;FC081C55582CED11A62CD892C0003F2A;2025-05-13;0.0;0.0
5E3FB89463B78E11F243BB6505003D3B;FC081C55582CED11A62CD892C0003F2A;2025-05-13;0.0;0.0
D799E0C4F5B9CE11ADB310650500F1B8;44673735EAF46E11B7B78A650500BC08;2025-05-13;14.0;3878.0
4A4869B5DC297E110819BB65050009AA;44673735EAF46E11B7B78A650500BC08;2025-05-13;-10.0;-1460.0
BF27CB7BAAE66E11B7B78A650500BC08;44673735EAF46E11B7B78A650500BC08;2025-05-13;-2.0;-538.88
80A586A8E042DE11ADB310650500BDB8;44673735EAF46E11B7B78A650500BC08;2025-05-13;6.0;1080.0
86582DA0B3F2DE11ADB3106505009EB8;44673735EAF46E11B7B78A650500BC08;2025-05-13;16.0;3618.26
3CE3B6169E338E117E64BB6505007BAA;FC081C55582CED11A62CD892C0003F2A;2025-05-13;22.0;6160.0
31690F17CBE2FE1191EE10650500ADB9;B0BDDED34CC83E11052F6792C000B249;2025-05-13;0.0;0.0
CCF904DA8A67DE11C84610650500AF6A;B0BDDED34CC83E11052F6792C000B249;2025-05-13;0.0;0.0
9C4A0377B1C10F114EF7A826072BB989;B0BDDED34CC83E11052F6792C000B249;2025-05-13;0.0;0.0
97D986DB6B34DE11ADB31065050050C8;B0BDDED34CC83E11052F6792C000B249;2025-05-13;0.0;0.0
B8597260596CCE11ADB310650500A5B8;B0BDDED34CC83E11052F6792C000B249;2025-05-13;6.0;1441.6400000000003
215DCEB0E429EE1191EE1065050009B9;B0BDDED34CC83E11052F6792C000B249;2025-05-13;0.0;0.0
EE819C8149E5AE11BE2110650500884A;B0BDDED34CC83E11052F6792C000B249;2025-05-13;0.0;0.0
39DC6B956BDF3E11F7F68A650500DB08;B0BDDED34CC83E11052F6792C000B249;2025-05-13;0.0;0.0
AD00D1129224EE11B1AD1065050087EA;B0BDDED34CC83E11052F6792C000B249;2025-05-13;0.0;0.0
2349910753F2EE11B1AD1065050006EA;B0BDDED34CC83E11052F6792C000B249;2025-05-13;0.0;0.0
8327BDF21106FE1191EE10650500B1C9;B0BDDED34CC83E11052F6792C000B249;2025-05-13;0.0;0.0
B38F2D3A1AB57E11B7B78A650500ED08;B0BDDED34CC83E11052F6792C000B249;2025-05-13;0.0;0.0
935661CEF5A78E11F243BB6505002D3B;B0BDDED34CC83E11052F6792C000B249;2025-05-13;0.0;0.0
7ADEED09B7A0EE11406610650500BA4A;B0BDDED34CC83E11052F6792C000B249;2025-05-13;0.0;0.0
A69D628F4210AE11726010650500ED4A;B0BDDED34CC83E11052F6792C000B249;2025-05-13;-4.0;-511.94
B3B135B1B6E62E1143F0668E420006EB;B0BDDED34CC83E11052F6792C000B249;2025-05-13;-4.0;-620.18
9CF1E4E181B0EE11406610650500CA4A;B0BDDED34CC83E11052F6792C000B249;2025-05-13;0.0;0.0
6F3AFEEF77BEBE118772106505000069;B0BDDED34CC83E11052F6792C000B249;2025-05-13;0.0;0.0
FEB0B377EA44FE1191EE106505007FB9;B0BDDED34CC83E11052F6792C000B249;2025-05-13;0.0;0.0
E10B96062CE1EE114066106505006C4A;B0BDDED34CC83E11052F6792C000B249;2025-05-13;0.0;0.0
033BE97FC0566E11B7B78A650500BC08;44673735EAF46E11B7B78A650500BC08;2025-05-13;-6.0;-1348.68
68C2798F4E25FE1191EE10650500A0C9;44673735EAF46E11B7B78A650500BC08;2025-05-13;-6.0;-759.5999999999999
5739B74440FFFE11F1557891FE693789;FC081C55582CED11A62CD892C0003F2A;2025-05-13;0.0;0.0
7ADEED09B7A0EE11406610650500BA4A;FC081C55582CED11A62CD892C0003F2A;2025-05-13;0.0;0.0
E653C166AF6DFE11F1557891FE690489;FC081C55582CED11A62CD892C0003F2A;2025-05-13;10.0;817.0
E5D2C166AF6DFE11F1557891FE690489;FC081C55582CED11A62CD892C0003F2A;2025-05-13;10.0;950.0
76477CFD4935EE11B1AD10650500F8EA;FC081C55582CED11A62CD892C0003F2A;2025-05-13;8.0;2848.64
D921BF547FAF5E1142D58A650500AD08;FC081C55582CED11A62CD892C0003F2A;2025-05-13;6.0;719.52
8F0270825AF34E1142D58A6505002C08;FC081C55582CED11A62CD892C0003F2A;2025-05-13;4.0;847.68
19C55F37B07E8E11F243BB650500564B;B0BDDED34CC83E11052F6792C000B249;2025-05-13;20.0;1305.2
15DDAC91BD010F11112A674AC7E2C889;FC081C55582CED11A62CD892C0003F2A;2025-05-13;4.0;1619.72
3F4EAC91BD010F11112A674AC7E2C889;FC081C55582CED11A62CD892C0003F2A;2025-05-13;2.0;809.86
4C8EAC91BD010F11112A674AC7E2C889;FC081C55582CED11A62CD892C0003F2A;2025-05-13;4.0;1619.72
734FAC91BD010F11112A674AC7E2C889;FC081C55582CED11A62CD892C0003F2A;2025-05-13;2.0;809.86
CC8ED6C1BD010F11112A674AC7E2C889;FC081C55582CED11A62CD892C0003F2A;2025-05-13;4.0;838.78
8B247AC845B4DE11ADB310650500F0C8;44673735EAF46E11B7B78A650500BC08;2025-05-13;20.0;2347.0
843928401C13EE11B1AD1065050036EA;FC081C55582CED11A62CD892C0003F2A;2025-05-13;0.0;0.0
07F21E73BFAEDE11406610650500384A;FC081C55582CED11A62CD892C0003F2A;2025-05-13;12.0;7642.68
96FAAAC4FBE15E1142D58A650500BC08;FC081C55582CED11A62CD892C0003F2A;2025-05-13;12.0;489.36
5ADE455281082E11052F6792C0007F39;FC081C55582CED11A62CD892C0003F2A;2025-05-13;-2.0;-568.82
5EECEA8F58A1CE11877210650500C369;FC081C55582CED11A62CD892C0003F2A;2025-05-13;20.0;1055.96
1745DD41E269DE11C84610650500227A;FC081C55582CED11A62CD892C0003F2A;2025-05-13;48.0;1226.8
A09DE472E0CAED11A62CD892C0003F2A;44673735EAF46E11B7B78A650500BC08;2025-05-13;4.0;1833.36
E429FDA9268EFE11F1557891FE696589;B0BDDED34CC83E11052F6792C000B249;2025-05-13;10.0;880.0
0C073E3E1D08DE11C84610650500707A;B0BDDED34CC83E11052F6792C000B249;2025-05-13;8.0;3360.0
1A11C75AE64DEE1191EE1065050029B9;B0BDDED34CC83E11052F6792C000B249;2025-05-13;10.0;529.7
A0E41C952D456E11B7B78A650500BC08;44673735EAF46E11B7B78A650500BC08;2025-05-13;72.0;9977.76
9A5C0D8F6B72BE11BE2110650500885A;B0BDDED34CC83E11052F6792C000B249;2025-05-13;48.0;2563.2
5E5DE22528D8EE1191EE10650500F8B9;44673735EAF46E11B7B78A650500BC08;2025-05-13;6.0;1035.0
5EA8094F4FFD9E117260106505004B4A;44673735EAF46E11B7B78A650500BC08;2025-05-13;16.0;2265.28
175AF9E305B4DE11ADB310650500F0C8;FC081C55582CED11A62CD892C0003F2A;2025-05-13;22.0;1277.76
48772F1D74054E1142D58A6505002C08;FC081C55582CED11A62CD892C0003F2A;2025-05-13;24.0;2841.6
9DB4568D2726EE1191EE10650500C5B9;B0BDDED34CC83E11052F6792C000B249;2025-05-13;24.0;4376.16
0CD4DEE4F630EE114066106505002A4A;FC081C55582CED11A62CD892C0003F2A;2025-05-13;6.0;362.03999999999996
811E84EBBD1EFE11F1557891FE69E489;B0BDDED34CC83E11052F6792C000B249;2025-05-13;20.0;1390.0
1E9436EFCD456E11B7B78A650500BC08;44673735EAF46E11B7B78A650500BC08;2025-05-13;-2.0;-5108.0
63536E61BD010F11112A674AC7E2C889;B0BDDED34CC83E11052F6792C000B249;2025-05-13;2.0;1349.76
31548AF1BD010F11112A674AC7E2C889;B0BDDED34CC83E11052F6792C000B249;2025-05-13;6.0;3123.74
8071FD22BD010F11112A674AC7E2C889;B0BDDED34CC83E11052F6792C000B249;2025-05-13;4.0;1330.48
B09E9B131654EE11B1AD10650500C7EA;B0BDDED34CC83E11052F6792C000B249;2025-05-13;24.0;542.88
792DB6615645BE11BE21106505001C5A;FC081C55582CED11A62CD892C0003F2A;2025-05-13;10.0;1760.06
D0C4E9E43889EE1191EE1065050009B9;B0BDDED34CC83E11052F6792C000B249;2025-05-13;4.0;2970.4
FB27C3418BEAEE1191EE1065050029B9;B0BDDED34CC83E11052F6792C000B249;2025-05-13;6.0;3714.3
92039BBCED7FFE11F1557891FE69A689;FC081C55582CED11A62CD892C0003F2A;2025-05-13;0.0;0.0
7E49D32C92611E1143F0668E42008C3B;FC081C55582CED11A62CD892C0003F2A;2025-05-13;0.0;0.0
868714E9CC3FFE11F1557891FE695689;44673735EAF46E11B7B78A650500BC08;2025-05-13;-2.0;-239.12
9967B5E70EB9FE11128010650500E819;44673735EAF46E11B7B78A650500BC08;2025-05-13;46.0;9890.0
0EFDA876E61E4E1142D58A650500BC08;44673735EAF46E11B7B78A650500BC08;2025-05-13;18.0;3004.2
A3CD4FC2860C4E1142D58A650500BC08;44673735EAF46E11B7B78A650500BC08;2025-05-13;24.0;2227.2
F9C6129DABE1EE114066106505006C4A;44673735EAF46E11B7B78A650500BC08;2025-05-13;20.0;2254.0
E23732FC5CFFFE11F1557891FE694789;FC081C55582CED11A62CD892C0003F2A;2025-05-13;40.0;1760.0
5EB5CCC08271FE1191EE10650500BBB9;FC081C55582CED11A62CD892C0003F2A;2025-05-13;4.0;3533.24
92A179CBAEABFD11A4A96492C000CB59;FC081C55582CED11A62CD892C0003F2A;2025-05-13;8.0;7343.44
2E6CF6B92C229E115540106505003B3B;FC081C55582CED11A62CD892C0003F2A;2025-05-13;4.0;1314.28
16D457CB4D7B3E11052F6792C000D249;FC081C55582CED11A62CD892C0003F2A;2025-05-13;4.0;3395.2
80D2663A31CAED11A62CD892C0003F2A;FC081C55582CED11A62CD892C0003F2A;2025-05-13;2.0;2958.04
B0BE32FD2D783E11052F6792C000B249;FC081C55582CED11A62CD892C0003F2A;2025-05-13;10.0;3236.06
E63E17D851CAED11A62CD892C0003F2A;FC081C55582CED11A62CD892C0003F2A;2025-05-13;12.0;7964.4
49C2BFA09A935E1142D58A650500DC08;FC081C55582CED11A62CD892C0003F2A;2025-05-13;8.0;3756.4
C92BAFD1D835AE11726010650500745A;FC081C55582CED11A62CD892C0003F2A;2025-05-13;4.0;5012.78
BC56BEFFB0CAED11A62CD892C0003F2A;FC081C55582CED11A62CD892C0003F2A;2025-05-13;12.0;1990.2
A9A7F42083447E11B7B78A650500ED08;44673735EAF46E11B7B78A650500BC08;2025-05-13;0.0;0.0
C76EDC4E3C456E11B7B78A650500BC08;44673735EAF46E11B7B78A650500BC08;2025-05-13;-2.0;-130.9
5022A14CA4C7DE11C84610650500107A;FC081C55582CED11A62CD892C0003F2A;2025-05-13;6.0;684.0600000000001
7B5AB005003C0E11A4A96492C0001269;FC081C55582CED11A62CD892C0003F2A;2025-05-13;22.0;2961.3399999999997
6C5FCE73ED07BE118772106505004659;FC081C55582CED11A62CD892C0003F2A;2025-05-13;4.0;1687.06
3FC19C7C3CDDAE11BE2110650500A25A;44673735EAF46E11B7B78A650500BC08;2025-05-13;20.0;1168.0
CCB1B2EFC11EAE11BE2110650500E25A;44673735EAF46E11B7B78A650500BC08;2025-05-13;20.0;1657.6
928E33A1A4B3BE11BE21106505001A5A;44673735EAF46E11B7B78A650500BC08;2025-05-13;8.0;7106.0
70CE796A0CEAEE1191EE1065050029B9;B0BDDED34CC83E11052F6792C000B249;2025-05-13;-2.0;-381.78
623F5FE0541AFE11128010650500E819;FC081C55582CED11A62CD892C0003F2A;2025-05-13;12.0;1172.4
1073B6E26D89FE11128010650500E819;FC081C55582CED11A62CD892C0003F2A;2025-05-13;4.0;1224.78
1F1EB7FDB0CAED11A62CD892C0003F2A;B0BDDED34CC83E11052F6792C000B249;2025-05-13;82.0;2752.5600000000004
CF7A0F9E01E4FE1191EE1065050040C9;B0BDDED34CC83E11052F6792C000B249;2025-05-13;6.0;2392.4
0678CBCCEC50EE114066106505005A4A;B0BDDED34CC83E11052F6792C000B249;2025-05-13;6.0;320.9
A71A21F9C7BD6E11B7B78A650500BC08;FC081C55582CED11A62CD892C0003F2A;2025-05-13;4.0;1507.86
71F60CD4DC8E0E1143F0668E42001D49;FC081C55582CED11A62CD892C0003F2A;2025-05-13;10.0;901.96
B5E3C58D0A09FD11A4A96492C000AA89;FC081C55582CED11A62CD892C0003F2A;2025-05-13;30.0;1348.62
2D99F2EC3347CE11ADB310650500CEA8;B0BDDED34CC83E11052F6792C000B249;2025-05-13;6.0;2499.74
CCE2C3C81EBBDE11406610650500444A;B0BDDED34CC83E11052F6792C000B249;2025-05-13;20.0;336.72
6008B64E81E88E11F243BB650500BE3B;FC081C55582CED11A62CD892C0003F2A;2025-05-13;-2.0;-44.38
939729D7484BBE11877210650500AB59;FC081C55582CED11A62CD892C0003F2A;2025-05-13;-4.0;-111.02
703FB252C6EA9E115250106505000C4A;FC081C55582CED11A62CD892C0003F2A;2025-05-13;-2.0;-36.4
5F1382F2E28FDE11406610650500494A;FC081C55582CED11A62CD892C0003F2A;2025-05-13;-2.0;-18.76
F25DA37DD20FCE11ADB31065050019B8;FC081C55582CED11A62CD892C0003F2A;2025-05-13;-2.0;-13.3
CF29E61E6CE1EE114066106505006C4A;FC081C55582CED11A62CD892C0003F2A;2025-05-13;-4.0;-197.48
5FFE8F24111EAE11BE2110650500E25A;FC081C55582CED11A62CD892C0003F2A;2025-05-13;-2.0;-345.34
0BF7BB9EE342EE11406610650500DC4A;FC081C55582CED11A62CD892C0003F2A;2025-05-13;-6.0;-1023.06
2BAF8A5FC0CAED11A62CD892C0003F2A;FC081C55582CED11A62CD892C0003F2A;2025-05-13;-4.0;-381.86
BA2D6C52697BAE11BE21106505009F4A;FC081C55582CED11A62CD892C0003F2A;2025-05-13;-2.0;-98.8
38DF16CEA97DEE1191EE1065050029B9;FC081C55582CED11A62CD892C0003F2A;2025-05-13;-4.0;-506.0
D78C963E01CAED11A62CD892C0003F2A;FC081C55582CED11A62CD892C0003F2A;2025-05-13;-2.0;-363.62
0D280D4ACE23FD110DC22A92C000C499;FC081C55582CED11A62CD892C0003F2A;2025-05-13;-6.0;-207.7
A63AD03DA192FE1191EE106505002DB9;FC081C55582CED11A62CD892C0003F2A;2025-05-13;-4.0;-2163.36
5B4E6AE3E60BFE11128010650500E819;FC081C55582CED11A62CD892C0003F2A;2025-05-13;-4.0;-240.76
7E69FDD391CAED11A62CD892C0003F2A;FC081C55582CED11A62CD892C0003F2A;2025-05-13;-2.0;-99.2
C0998708FFC32E1143F0668E4200C71A;FC081C55582CED11A62CD892C0003F2A;2025-05-13;-2.0;-150.32
7ED1C977227DCE11ADB31065050007B8;FC081C55582CED11A62CD892C0003F2A;2025-05-13;-4.0;-210.4
7001C28DD8FCEE1191EE1065050029B9;FC081C55582CED11A62CD892C0003F2A;2025-05-13;-2.0;-190.44
ABBB9D65008EFE11F1557891FE696589;FC081C55582CED11A62CD892C0003F2A;2025-05-13;-10.0;-1281.8000000000002
45AB1150FBE15E1142D58A650500BC08;FC081C55582CED11A62CD892C0003F2A;2025-05-13;-2.0;-416.3
8528A06E250DEE1191EE1065050029B9;FC081C55582CED11A62CD892C0003F2A;2025-05-13;-4.0;-3603.7799999999997
844267648D4EFE11F1557891FE692589;FC081C55582CED11A62CD892C0003F2A;2025-05-13;-2.0;-820.64
0EA5E4036085FD110DC22A92C000D158;FC081C55582CED11A62CD892C0003F2A;2025-05-13;-2.0;-214.68
FA176259DE79EE1191EE1065050009B9;FC081C55582CED11A62CD892C0003F2A;2025-05-13;-2.0;-503.2
D5FE46A0055F4E1142D58A650500BC08;FC081C55582CED11A62CD892C0003F2A;2025-05-13;-20.0;-2783.6000000000004
4BF1C30FDD500F11F1557891FE69C789;FC081C55582CED11A62CD892C0003F2A;2025-05-13;-4.0;-304.88
1E0EC5DFFB8C2E11052F6792C000CF39;FC081C55582CED11A62CD892C0003F2A;2025-05-13;-10.0;-1973.4
024F163511B10F114EF7A826072BA989;FC081C55582CED11A62CD892C0003F2A;2025-05-13;-2.0;-366.76
210CC07C8523DE11ADB310650500DEB8;FC081C55582CED11A62CD892C0003F2A;2025-05-13;-4.0;-171.28
36776AB89F09FE11128010650500E819;FC081C55582CED11A62CD892C0003F2A;2025-05-13;-2.0;-115.1
D0F3EB04AA4FFE11F1557891FE696689;FC081C55582CED11A62CD892C0003F2A;2025-05-13;-6.0;-316.02
D2999AF33536EE1191EE10650500D5B9;FC081C55582CED11A62CD892C0003F2A;2025-05-13;-2.0;-280.48
42CAA6DBE358FE11128010650500D819;FC081C55582CED11A62CD892C0003F2A;2025-05-13;-2.0;-118.92
499445BA0607DE11C846106505002F6A;FC081C55582CED11A62CD892C0003F2A;2025-05-13;-4.0;-47.32
F0DE0B7FEB03EE11B1AD1065050026EA;FC081C55582CED11A62CD892C0003F2A;2025-05-13;-2.0;-190.0
2E22F9F79F09FE11128010650500E819;FC081C55582CED11A62CD892C0003F2A;2025-05-13;-2.0;-142.42
09966C2B0876BE118772106505008559;FC081C55582CED11A62CD892C0003F2A;2025-05-13;-8.0;-193.6
E033F6C2D74CDE11406610650500054A;FC081C55582CED11A62CD892C0003F2A;2025-05-13;-6.0;-136.74
0BA06BDE073CBE11877210650500DC59;FC081C55582CED11A62CD892C0003F2A;2025-05-13;-4.0;-1097.18
840431D5CCEEDE11406610650500884A;FC081C55582CED11A62CD892C0003F2A;2025-05-13;-10.0;-186.64
FED315D80970BE11BE2110650500F55A;FC081C55582CED11A62CD892C0003F2A;2025-05-13;-6.0;-894.46
DBA5254C06B4DE11ADB310650500F0C8;FC081C55582CED11A62CD892C0003F2A;2025-05-13;-2.0;-367.56
2A74EB445FD44E1142D58A6505002C08;FC081C55582CED11A62CD892C0003F2A;2025-05-13;-2.0;-214.7
34D7451907A2DE11ADB3106505003EB8;FC081C55582CED11A62CD892C0003F2A;2025-05-13;-2.0;-276.72
546B556D699F7E110819BB65050039AA;FC081C55582CED11A62CD892C0003F2A;2025-05-13;-2.0;-661.9
4390B32D9972EE114066106505001D4A;FC081C55582CED11A62CD892C0003F2A;2025-05-13;-2.0;-125.8
C8A66370E922FD110DC22A92C0006778;FC081C55582CED11A62CD892C0003F2A;2025-05-13;-4.0;-1028.78
611A6603C4D1FE1191EE106505003CB9;FC081C55582CED11A62CD892C0003F2A;2025-05-13;-2.0;-49.76
5FA2D4AEF77EFE11F1557891FE695589;FC081C55582CED11A62CD892C0003F2A;2025-05-13;-2.0;-82.22
FF87027411CAED11A62CD892C0003F2A;FC081C55582CED11A62CD892C0003F2A;2025-05-13;-2.0;-637.72
BCEB523FC052DE11ADB310650500CDB8;FC081C55582CED11A62CD892C0003F2A;2025-05-13;-4.0;-102.08
5638B73388C99E115250106505009A4A;FC081C55582CED11A62CD892C0003F2A;2025-05-13;-2.0;-102.0
4CD6B2C753D0DE11ADB310650500BBB8;FC081C55582CED11A62CD892C0003F2A;2025-05-13;-2.0;-147.7
64C5195257363E11052F6792C000FF39;FC081C55582CED11A62CD892C0003F2A;2025-05-13;-8.0;-202.56
4B5EFC1702CAED11A62CD892C0003F2A;FC081C55582CED11A62CD892C0003F2A;2025-05-13;-2.0;-497.18
2C0B62D573F7DE11C84610650500507A;FC081C55582CED11A62CD892C0003F2A;2025-05-13;-2.0;-121.26
4DF5AA0F66449E11554010650500ED3B;FC081C55582CED11A62CD892C0003F2A;2025-05-13;-4.0;-66.94
DE3EAAF75D008E110819BB65050039AA;FC081C55582CED11A62CD892C0003F2A;2025-05-13;-8.0;-1331.24
65F656EC6F35DE11ADB310650500A1C8;FC081C55582CED11A62CD892C0003F2A;2025-05-13;-2.0;-233.24
E32D021100E7EE1191EE10650500A7B9;FC081C55582CED11A62CD892C0003F2A;2025-05-13;-4.0;-19.54
B816285AA44FDE11406610650500F84A;FC081C55582CED11A62CD892C0003F2A;2025-05-13;-6.0;-363.78000000000003
B9370348EC14CE11877210650500E669;FC081C55582CED11A62CD892C0003F2A;2025-05-13;-4.0;-1171.6
DB77FB76195EDE11406610650500C74A;FC081C55582CED11A62CD892C0003F2A;2025-05-13;-2.0;-139.32
A17FA74E9F4BEE1191EE1065050029B9;FC081C55582CED11A62CD892C0003F2A;2025-05-13;-4.0;-192.0
ECE41F692E458E113835BB6505001EAA;FC081C55582CED11A62CD892C0003F2A;2025-05-13;-2.0;-256.72
9C7C5488DF0EEE1191EE1065050029B9;FC081C55582CED11A62CD892C0003F2A;2025-05-13;-2.0;-582.16
FF0EFA563D427E11B7B78A650500CD08;FC081C55582CED11A62CD892C0003F2A;2025-05-13;-2.0;-289.3
708F9F968C7BDE11406610650500F34A;FC081C55582CED11A62CD892C0003F2A;2025-05-13;-4.0;-20.0
D955C19F5145DE11ADB310650500A1C8;FC081C55582CED11A62CD892C0003F2A;2025-05-13;-2.0;-354.62
5993AE4ABC07BE118772106505004659;FC081C55582CED11A62CD892C0003F2A;2025-05-13;-4.0;-87.03999999999999
DFE32E312D42FD110DC22A92C0006778;FC081C55582CED11A62CD892C0003F2A;2025-05-13;-4.0;-106.92
EDC44299B596DE11ADB31065050053C8;FC081C55582CED11A62CD892C0003F2A;2025-05-13;-6.0;-1181.7
92899F592642FE1191EE10650500CCB9;FC081C55582CED11A62CD892C0003F2A;2025-05-13;-2.0;-891.38
EB2D0179E77F8E11F243BB650500A74B;FC081C55582CED11A62CD892C0003F2A;2025-05-13;-4.0;-35.22
74FC5D6A6BE15E1142D58A650500BC08;FC081C55582CED11A62CD892C0003F2A;2025-05-13;-4.0;-249.64
552581CE1959FE11128010650500E819;FC081C55582CED11A62CD892C0003F2A;2025-05-13;-2.0;-847.8
ADCABE40ACF1EE114066106505007C4A;FC081C55582CED11A62CD892C0003F2A;2025-05-13;-2.0;-825.06
1BAC24224C50EE114066106505005A4A;FC081C55582CED11A62CD892C0003F2A;2025-05-13;-2.0;-1654.02
FB59578FED71FE1191EE10650500CBB9;FC081C55582CED11A62CD892C0003F2A;2025-05-13;-2.0;-411.16
C813F6C2D74CDE11406610650500054A;FC081C55582CED11A62CD892C0003F2A;2025-05-13;-2.0;-260.8
8A4F278C0ADEAE11BE2110650500E35A;FC081C55582CED11A62CD892C0003F2A;2025-05-13;-4.0;-118.88
5D043204158ECE11ADB31065050078B8;FC081C55582CED11A62CD892C0003F2A;2025-05-13;-20.0;-592.96
9F2A2F0DA0920E11A4A96492C00008E9;FC081C55582CED11A62CD892C0003F2A;2025-05-13;-2.0;-456.66
5B0B7F10C608BE118772106505008759;FC081C55582CED11A62CD892C0003F2A;2025-05-13;-2.0;-280.64
0D838C961CB72E11052F6792C0007F39;FC081C55582CED11A62CD892C0003F2A;2025-05-13;-12.0;-889.54
D236D8AC523C6E11B7B78A650500BC08;FC081C55582CED11A62CD892C0003F2A;2025-05-13;-2.0;-182.6
A0C7CB6C58F1EE114066106505007C4A;FC081C55582CED11A62CD892C0003F2A;2025-05-13;-4.0;-102.04
E781ADEACCC0FE1191EE10650500EAB9;FC081C55582CED11A62CD892C0003F2A;2025-05-13;-2.0;-318.3
ACC27A7E2D6C0E11A4A96492C0001269;FC081C55582CED11A62CD892C0003F2A;2025-05-13;-2.0;-422.14
9E75DC8D08F5BE11877210650500E459;FC081C55582CED11A62CD892C0003F2A;2025-05-13;-2.0;-216.42
8A1770AC7D6AFE11128010650500E819;FC081C55582CED11A62CD892C0003F2A;2025-05-13;-6.0;-22.76
F13091AE566ACE11ADB310650500D2B8;FC081C55582CED11A62CD892C0003F2A;2025-05-13;-2.0;-317.44
36683594A81E3E11052F6792C000D249;FC081C55582CED11A62CD892C0003F2A;2025-05-13;-2.0;-905.14
788A0922FEC18E113835BB650500B9AA;FC081C55582CED11A62CD892C0003F2A;2025-05-13;-4.0;-88.76
E369BA7A7A0C5E1142D58A6505000D08;FC081C55582CED11A62CD892C0003F2A;2025-05-13;-2.0;-307.24
B9491FE230DEFE11F1557891FE69C589;FC081C55582CED11A62CD892C0003F2A;2025-05-13;-2.0;-233.72
DEA276DFEE40EE114066106505004A4A;FC081C55582CED11A62CD892C0003F2A;2025-05-13;-2.0;-348.74
8FE6F22A9836CE11ADB3106505008DA8;FC081C55582CED11A62CD892C0003F2A;2025-05-13;-4.0;-506.78
0CAE71E11055DE11ADB310650500B1C8;FC081C55582CED11A62CD892C0003F2A;2025-05-13;-2.0;-229.32
B88DCB4E6BB6EE1191EE1065050076B9;FC081C55582CED11A62CD892C0003F2A;2025-05-13;-2.0;-483.78
7D74D3506896FE1191EE1065050072C9;FC081C55582CED11A62CD892C0003F2A;2025-05-13;-2.0;-479.4
08D4B1E5D4735E1142D58A650500DC08;FC081C55582CED11A62CD892C0003F2A;2025-05-13;-16.0;-283.04
A1AB47AD21AAAE11BE21106505008E4A;FC081C55582CED11A62CD892C0003F2A;2025-05-13;-6.0;-249.44
98625C38EEDDBE11877210650500FE59;FC081C55582CED11A62CD892C0003F2A;2025-05-13;-4.0;-170.4
E9153EC63B1C2E11052F6792C000CF39;FC081C55582CED11A62CD892C0003F2A;2025-05-13;-2.0;-1029.84
AB126517CEF5DE11ADB31065050092C8;FC081C55582CED11A62CD892C0003F2A;2025-05-13;-2.0;-374.14
9BC9FD3045A3EE11B1AD10650500E6EA;FC081C55582CED11A62CD892C0003F2A;2025-05-13;-2.0;-3778.16
7496F4244720DE11ADB310650500BAB8;FC081C55582CED11A62CD892C0003F2A;2025-05-13;-2.0;-584.6
1ED46C52599EFE11F1557891FE698589;FC081C55582CED11A62CD892C0003F2A;2025-05-13;-2.0;-42.0
0408D6D58D31FE1191EE106505007BB9;FC081C55582CED11A62CD892C0003F2A;2025-05-13;-2.0;-1068.4
B6F4C1DF75DB9E11726010650500784A;FC081C55582CED11A62CD892C0003F2A;2025-05-13;-6.0;-352.48
31917AB011CAED11A62CD892C0003F2A;FC081C55582CED11A62CD892C0003F2A;2025-05-13;-2.0;-309.52
9C4FFDF7EB23FE1191EE10650500FDB9;FC081C55582CED11A62CD892C0003F2A;2025-05-13;-2.0;-212.36
F79088DED0CAED11A62CD892C0003F2A;FC081C55582CED11A62CD892C0003F2A;2025-05-13;-2.0;-1619.88
4789AD8038B7DE11C84610650500007A;FC081C55582CED11A62CD892C0003F2A;2025-05-13;-2.0;-295.88
D856C77BA116FE1191EE10650500C1C9;FC081C55582CED11A62CD892C0003F2A;2025-05-13;-2.0;-449.28
A3ABEBBF9830FE1191EE106505002AB9;FC081C55582CED11A62CD892C0003F2A;2025-05-13;-4.0;-47.32
0860A30F49F2FE1191EE10650500BDB9;FC081C55582CED11A62CD892C0003F2A;2025-05-13;-2.0;-208.06
6161CBAA1EE6DE11C846106505000F6A;FC081C55582CED11A62CD892C0003F2A;2025-05-13;-2.0;-23.66
B5C1FE687853EE11B1AD1065050086EA;FC081C55582CED11A62CD892C0003F2A;2025-05-13;-2.0;-2039.02
1D3E818660A7FE1191EE10650500D3C9;FC081C55582CED11A62CD892C0003F2A;2025-05-13;-8.0;-919.52
8B0D4D1D6CF1EE114066106505007C4A;FC081C55582CED11A62CD892C0003F2A;2025-05-13;-2.0;-162.06
76D9847273D0DE11ADB310650500BBB8;FC081C55582CED11A62CD892C0003F2A;2025-05-13;-4.0;-64.12
5584C0E058B13E11052F6792C000CF39;FC081C55582CED11A62CD892C0003F2A;2025-05-13;-2.0;-75.56
1B07A4611A09DE11C84610650500B17A;B0BDDED34CC83E11052F6792C000B249;2025-05-13;-10.0;-255.0
239584FE0BAE3E11052F6792C000D249;B0BDDED34CC83E11052F6792C000B249;2025-05-13;-2.0;-236.58
0708AB7713F35E1142D58A650500DC08;B0BDDED34CC83E11052F6792C000B249;2025-05-13;-30.0;-743.4000000000001
3BE5FCA9591A6E11B7B78A650500BC08;B0BDDED34CC83E11052F6792C000B249;2025-05-13;-2.0;-146.96
C1D8EA98F0CAED11A62CD892C0003F2A;B0BDDED34CC83E11052F6792C000B249;2025-05-13;-4.0;-372.24
E38F4B4AB6D46E11B7B78A650500BC08;B0BDDED34CC83E11052F6792C000B249;2025-05-13;-2.0;-926.14
D8D2E90BBC0FAE11BE2110650500245A;B0BDDED34CC83E11052F6792C000B249;2025-05-13;-2.0;-334.88
7C670700E0CAED11A62CD892C0003F2A;B0BDDED34CC83E11052F6792C000B249;2025-05-13;-4.0;-314.4
F66DBEB8AEAC9E11726010650500894A;B0BDDED34CC83E11052F6792C000B249;2025-05-13;-4.0;-1008.08
40F32E312D42FD110DC22A92C0006778;B0BDDED34CC83E11052F6792C000B249;2025-05-13;-84.0;-1233.96
0D280D4ACE23FD110DC22A92C000C499;B0BDDED34CC83E11052F6792C000B249;2025-05-13;-2.0;-69.24
04DBB1FD5DE0CE11877210650500D269;B0BDDED34CC83E11052F6792C000B249;2025-05-13;-2.0;-766.18
54EFD822578B3E11052F6792C000D249;B0BDDED34CC83E11052F6792C000B249;2025-05-13;-2.0;-79.3
0A755B6C76070E11A4A96492C000EC6A;B0BDDED34CC83E11052F6792C000B249;2025-05-13;-2.0;-248.26
A2DDE46170EFFE11F1557891FE692789;B0BDDED34CC83E11052F6792C000B249;2025-05-13;-2.0;-222.0
5F27FDFE87DC6E11B7B78A650500BC08;B0BDDED34CC83E11052F6792C000B249;2025-05-13;-2.0;-107.86
17C75E4D560C7E110819BB65050039AA;B0BDDED34CC83E11052F6792C000B249;2025-05-13;-2.0;-628.64
E71B89FAEC839E11554010650500FC3B;B0BDDED34CC83E11052F6792C000B249;2025-05-13;-2.0;-380.84
F51CA211FCC3FE1191EE10650500DEB9;B0BDDED34CC83E11052F6792C000B249;2025-05-13;-2.0;-247.3
8E578A6EF77EFE11F1557891FE695589;B0BDDED34CC83E11052F6792C000B249;2025-05-13;-6.0;-1097.46
30679592B6AEEE1191EE1065050029B9;B0BDDED34CC83E11052F6792C000B249;2025-05-13;-2.0;-273.54
707F44C4F425CE11ADB3106505000DA8;B0BDDED34CC83E11052F6792C000B249;2025-05-13;-2.0;-30.82
80F42BDDDA5D7E110819BB65050039AA;B0BDDED34CC83E11052F6792C000B249;2025-05-13;-28.0;-980.0
D37EEDF7568EFE11F1557891FE696589;B0BDDED34CC83E11052F6792C000B249;2025-05-13;-4.0;-308.0
59EA70F0405DEE1191EE1065050029B9;B0BDDED34CC83E11052F6792C000B249;2025-05-13;-2.0;-779.26
5584C0E058B13E11052F6792C000CF39;B0BDDED34CC83E11052F6792C000B249;2025-05-13;-2.0;-75.56
94749B7B4A9FFE11F1557891FE69C689;B0BDDED34CC83E11052F6792C000B249;2025-05-13;-2.0;-210.0
AD872C5E0354DE11ADB31065050070C8;B0BDDED34CC83E11052F6792C000B249;2025-05-13;-2.0;-830.12
093508E2EF7CAE11BE2110650500E05A;B0BDDED34CC83E11052F6792C000B249;2025-05-13;-2.0;-575.56
A18750AE8222AE11726010650500805A;B0BDDED34CC83E11052F6792C000B249;2025-05-13;-6.0;-679.18
3CDC86FB3F14CE11877210650500E669;B0BDDED34CC83E11052F6792C000B249;2025-05-13;-2.0;-222.68
3CE77FFF99C61E1143F0668E4200EE89;B0BDDED34CC83E11052F6792C000B249;2025-05-13;-4.0;-784.68
468337CD542CAE11BE2110650500705A;B0BDDED34CC83E11052F6792C000B249;2025-05-13;-12.0;-2436.48
060921464F7E4E1142D58A650500BC08;B0BDDED34CC83E11052F6792C000B249;2025-05-13;-6.0;-732.84
03F2EAB12F6EFD11A4A96492C0006D28;B0BDDED34CC83E11052F6792C000B249;2025-05-13;-2.0;-549.94
3B5E021100E7EE1191EE10650500A7B9;B0BDDED34CC83E11052F6792C000B249;2025-05-13;-2.0;-7.64
758F3444707D6E11B7B78A650500BC08;B0BDDED34CC83E11052F6792C000B249;2025-05-13;-2.0;-101.8
505764FBF7138E110223BB6505005BAA;B0BDDED34CC83E11052F6792C000B249;2025-05-13;-2.0;-250.0
BDA4336C478B3E11052F6792C000D249;B0BDDED34CC83E11052F6792C000B249;2025-05-13;-2.0;-132.7
4C488B40E31DEE1191EE1065050029B9;B0BDDED34CC83E11052F6792C000B249;2025-05-13;-4.0;-292.65999999999997
44BC68D00D8FCE11ADB310650500E9B8;B0BDDED34CC83E11052F6792C000B249;2025-05-13;-4.0;-346.4
0F21F2340F0EEE1191EE1065050029B9;B0BDDED34CC83E11052F6792C000B249;2025-05-13;-2.0;-206.78
0AE20332984CEE1191EE1065050029B9;B0BDDED34CC83E11052F6792C000B249;2025-05-13;-2.0;-405.0
6804F9AA56E5EE1191EE1065050075B9;B0BDDED34CC83E11052F6792C000B249;2025-05-13;-4.0;-265.92
1E16B7296945BE11BE21106505001C5A;B0BDDED34CC83E11052F6792C000B249;2025-05-13;-2.0;-115.68
BA2D6C52697BAE11BE21106505009F4A;B0BDDED34CC83E11052F6792C000B249;2025-05-13;-4.0;-197.6
FD588E9FAD67EE1191EE1065050017B9;B0BDDED34CC83E11052F6792C000B249;2025-05-13;-2.0;-177.78
14E2538CB2BD3E11052F6792C000D249;B0BDDED34CC83E11052F6792C000B249;2025-05-13;-2.0;-160.92
E92C69CDB3F8AE11BE21106505006C4A;B0BDDED34CC83E11052F6792C000B249;2025-05-13;-2.0;-41.48
96541E39ED22FE1191EE10650500ACB9;B0BDDED34CC83E11052F6792C000B249;2025-05-13;-4.0;-703.16
6D12452A3E263E11052F6792C000FF39;B0BDDED34CC83E11052F6792C000B249;2025-05-13;-4.0;-359.56
49D52F15E0CAED11A62CD892C0003F2A;B0BDDED34CC83E11052F6792C000B249;2025-05-13;-4.0;-910.56
1B010D17782ADE11406610650500224A;B0BDDED34CC83E11052F6792C000B249;2025-05-13;-20.0;-244.6
0A4C3EE40FC18E113835BB650500B9AA;B0BDDED34CC83E11052F6792C000B249;2025-05-13;-2.0;-44.38
FB5D638BE64DEE1191EE1065050029B9;B0BDDED34CC83E11052F6792C000B249;2025-05-13;-4.0;-253.6
A1A949A50FBBEE1191EE1065050029B9;B0BDDED34CC83E11052F6792C000B249;2025-05-13;-2.0;-194.0
B4E515C781CAED11A62CD892C0003F2A;B0BDDED34CC83E11052F6792C000B249;2025-05-13;-2.0;-48.12
F43866727945BE11BE21106505001C5A;B0BDDED34CC83E11052F6792C000B249;2025-05-13;-2.0;-125.54
63365A69F7BAFE11128010650500E819;B0BDDED34CC83E11052F6792C000B249;2025-05-13;-12.0;-480.0
39E59375470A0E11A4A96492C0001269;B0BDDED34CC83E11052F6792C000B249;2025-05-13;-2.0;-143.16
A4E283E7F64BCE11ADB31065050014B8;B0BDDED34CC83E11052F6792C000B249;2025-05-13;-2.0;-2328.2
982EFA9361CBEE1191EE1065050029B9;B0BDDED34CC83E11052F6792C000B249;2025-05-13;-2.0;-210.0
50C5BD4522606E1142D58A650500AD08;B0BDDED34CC83E11052F6792C000B249;2025-05-13;-10.0;-704.76
76757CEB9DE8FD11A4A96492C000AA89;B0BDDED34CC83E11052F6792C000B249;2025-05-13;-2.0;-407.98
BFF594A2A3735E1142D58A650500DC08;B0BDDED34CC83E11052F6792C000B249;2025-05-13;-4.0;-339.44
8224EF0EE511DE11ADB3106505002CB8;B0BDDED34CC83E11052F6792C000B249;2025-05-13;-2.0;-181.36
2338300AA60BFE11128010650500E819;B0BDDED34CC83E11052F6792C000B249;2025-05-13;-2.0;-93.48
2A23FF62CEE3DE11ADB310650500DFB8;B0BDDED34CC83E11052F6792C000B249;2025-05-13;-2.0;-37.28
93C3F3EF12606E1142D58A650500AD08;B0BDDED34CC83E11052F6792C000B249;2025-05-13;-6.0;-541.38
34BCB89C1A5FFE11F1557891FE697689;B0BDDED34CC83E11052F6792C000B249;2025-05-13;-8.0;-475.12
401E81BE1965DE11ADB310650500D1C8;B0BDDED34CC83E11052F6792C000B249;2025-05-13;-2.0;-178.86
54C04F52D0CAED11A62CD892C0003F2A;B0BDDED34CC83E11052F6792C000B249;2025-05-13;-2.0;-211.68
79C19A8C87449E11554010650500ED3B;B0BDDED34CC83E11052F6792C000B249;2025-05-13;-2.0;-1336.0
9B6358F11D1B9E115250106505004C4A;B0BDDED34CC83E11052F6792C000B249;2025-05-13;-2.0;-854.56
843228161AE00F11112A674AC7E29889;B0BDDED34CC83E11052F6792C000B249;2025-05-13;-2.0;-166.7
4C373713250BFE11128010650500E819;B0BDDED34CC83E11052F6792C000B249;2025-05-13;-2.0;-155.34
CD920F2AD415AE11726010650500445A;B0BDDED34CC83E11052F6792C000B249;2025-05-13;-2.0;-292.72
B6B6EB4951CAED11A62CD892C0003F2A;B0BDDED34CC83E11052F6792C000B249;2025-05-13;-2.0;-541.06
F7A28AFCE61ECE11ADB310650500E7B8;B0BDDED34CC83E11052F6792C000B249;2025-05-13;-2.0;-658.94
4714E6FC0BC59E11554010650500FF3B;B0BDDED34CC83E11052F6792C000B249;2025-05-13;-2.0;-321.74
2CE4710730267E11B7B78A650500ED08;B0BDDED34CC83E11052F6792C000B249;2025-05-13;-2.0;-146.22
17AC19A8659BDE11406610650500144A;B0BDDED34CC83E11052F6792C000B249;2025-05-13;-4.0;-1038.72
DC8DE026E315AE11726010650500445A;B0BDDED34CC83E11052F6792C000B249;2025-05-13;-2.0;-163.82
4F9F5CBB1970BE11BE2110650500F55A;B0BDDED34CC83E11052F6792C000B249;2025-05-13;-2.0;-322.36
739ADD6EEB6DFE11F1557891FE690489;B0BDDED34CC83E11052F6792C000B249;2025-05-13;-2.0;-329.64
2303D4386BCEAE11BE2110650500D35A;B0BDDED34CC83E11052F6792C000B249;2025-05-13;-2.0;-736.0
94A5AFF9C62EEE1191EE1065050029B9;B0BDDED34CC83E11052F6792C000B249;2025-05-13;-2.0;-99.12
1C56BEFFB0CAED11A62CD892C0003F2A;B0BDDED34CC83E11052F6792C000B249;2025-05-13;-2.0;-204.22
3864C654B733AE11726010650500E15A;B0BDDED34CC83E11052F6792C000B249;2025-05-13;-2.0;-684.72
E5D60F37895EDE11406610650500C74A;B0BDDED34CC83E11052F6792C000B249;2025-05-13;-4.0;-1179.2
9004C497C0CAED11A62CD892C0003F2A;B0BDDED34CC83E11052F6792C000B249;2025-05-13;-2.0;-738.88
EA7E3926B6E28E113835BB6505002BAA;B0BDDED34CC83E11052F6792C000B249;2025-05-13;-2.0;-341.04
C4C3C57921CAED11A62CD892C0003F2A;B0BDDED34CC83E11052F6792C000B249;2025-05-13;-4.0;-315.44
896AD73D54197E110819BB65050009AA;B0BDDED34CC83E11052F6792C000B249;2025-05-13;-2.0;-370.58
65487D760CC4CE11ADB3106505000DA8;B0BDDED34CC83E11052F6792C000B249;2025-05-13;-8.0;-729.72
17756F965918DE11C84610650500807A;B0BDDED34CC83E11052F6792C000B249;2025-05-13;-2.0;-510.84
F72EDE23CA25EE11B1AD10650500D8EA;B0BDDED34CC83E11052F6792C000B249;2025-05-13;-2.0;-113.94
02B461CBD7F1EE114066106505007C4A;B0BDDED34CC83E11052F6792C000B249;2025-05-13;-2.0;-146.36
F0BF1735488E4E1142D58A650500BC08;B0BDDED34CC83E11052F6792C000B249;2025-05-13;-2.0;-62.08
4E6119FEAE14CE11877210650500E669;B0BDDED34CC83E11052F6792C000B249;2025-05-13;-2.0;-152.52
A0C1B01B55B4DE11ADB310650500F0C8;B0BDDED34CC83E11052F6792C000B249;2025-05-13;-2.0;-83.24
973F37C608138E110223BB6505005BAA;B0BDDED34CC83E11052F6792C000B249;2025-05-13;-4.0;-500.0
964F3E7BB47D8E11F243BB650500154B;B0BDDED34CC83E11052F6792C000B249;2025-05-13;-2.0;-321.2
895F319F6EEAAE11BE2110650500EE4A;44673735EAF46E11B7B78A650500BC08;2025-05-13;-2.0;-156.92
CCD58392A1567E11B7B78A650500ED08;44673735EAF46E11B7B78A650500BC08;2025-05-13;-2.0;-119.96
44348B91117B8E11F243BB650500F14B;44673735EAF46E11B7B78A650500BC08;2025-05-13;-10.0;-636.5
7C3886B6D0F27E11B7B78A650500DD08;44673735EAF46E11B7B78A650500BC08;2025-05-13;-10.0;-566.4
44F6B226E9456E11B7B78A650500BC08;44673735EAF46E11B7B78A650500BC08;2025-05-13;-2.0;-607.22
184FDB9792D08E110819BB65050039AA;44673735EAF46E11B7B78A650500BC08;2025-05-13;-6.0;-878.4000000000001
4D4DE77554DCAE11BE2110650500515A;44673735EAF46E11B7B78A650500BC08;2025-05-13;-6.0;-420.0
C1154C352D456E11B7B78A650500BC08;44673735EAF46E11B7B78A650500BC08;2025-05-13;-4.0;-604.4
B389F9917C1CBE11877210650500BC59;44673735EAF46E11B7B78A650500BC08;2025-05-13;-2.0;-494.2
77F82F21907F6E11B7B78A650500CD08;44673735EAF46E11B7B78A650500BC08;2025-05-13;-101.6;-7305.04
61B776C5E528CE11ADB310650500EFA8;44673735EAF46E11B7B78A650500BC08;2025-05-13;-12.0;-504.11999999999995
3E0A5F872DCCCE11ADB31065050026B8;44673735EAF46E11B7B78A650500BC08;2025-05-13;-14.0;-679.0
B2F06262B0A1EE11406610650500FB4A;44673735EAF46E11B7B78A650500BC08;2025-05-13;-8.0;-844.8
9771181A03078E11F243BB6505005C3B;44673735EAF46E11B7B78A650500BC08;2025-05-13;-4.0;-55.44
B11AC5BF29248E113835BB650500ACAA;44673735EAF46E11B7B78A650500BC08;2025-05-13;-2.0;-15.38
B4F811480F456E11B7B78A650500BC08;44673735EAF46E11B7B78A650500BC08;2025-05-13;-2.0;-827.4
BC52A518975A7E110819BB65050039AA;44673735EAF46E11B7B78A650500BC08;2025-05-13;-2.0;-6054.0
737ACD115CC59E11554010650500FF3B;44673735EAF46E11B7B78A650500BC08;2025-05-13;-2.0;-123.5
C6C823FA8D410F11112A674AC7E21989;44673735EAF46E11B7B78A650500BC08;2025-05-13;-10.0;-611.0
2FD4376EE2F17E11B7B78A650500CD08;44673735EAF46E11B7B78A650500BC08;2025-05-13;-2.0;-426.12
92C9D397E770BE11BE2110650500F55A;44673735EAF46E11B7B78A650500BC08;2025-05-13;-2.0;-29.36
8EAA59F21C7C9E11726010650500494A;44673735EAF46E11B7B78A650500BC08;2025-05-13;-8.0;-272.64
450BACBD2D456E11B7B78A650500BC08;44673735EAF46E11B7B78A650500BC08;2025-05-13;-10.0;-741.0
3CF1086CFADEAE11BE2110650500E35A;44673735EAF46E11B7B78A650500BC08;2025-05-13;-6.0;-6126.0
09966C2B0876BE118772106505008559;44673735EAF46E11B7B78A650500BC08;2025-05-13;-2.0;-48.4
4A12BAC636EEAE11BE2110650500F35A;44673735EAF46E11B7B78A650500BC08;2025-05-13;-14.0;-1298.38
F1EDF84C08A6BE11877210650500C559;44673735EAF46E11B7B78A650500BC08;2025-05-13;-4.0;-159.48
1B06CB1C92E0DE11ADB310650500DBB8;44673735EAF46E11B7B78A650500BC08;2025-05-13;-2.0;-2022.66
7CB1DB73721A8E11F243BB650500304B;44673735EAF46E11B7B78A650500BC08;2025-05-13;-12.0;-1057.68
FAF58FB1DC456E11B7B78A650500BC08;44673735EAF46E11B7B78A650500BC08;2025-05-13;-2.0;-140.86
F32A59F44E456E11B7B78A650500BC08;44673735EAF46E11B7B78A650500BC08;2025-05-13;-4.0;-380.0
978E69CF5C876E11B7B78A650500BC08;44673735EAF46E11B7B78A650500BC08;2025-05-13;-2.0;-140.74
FE7695A18E3CEE1191EE1065050029B9;44673735EAF46E11B7B78A650500BC08;2025-05-13;-44.0;-1958.8799999999999
F2ED4F80FA5C6E11B7B78A650500BC08;44673735EAF46E11B7B78A650500BC08;2025-05-13;-2.0;-192.8
4078D75987DEAE11BE2110650500E35A;44673735EAF46E11B7B78A650500BC08;2025-05-13;-2.0;-4016.0
43BECBDAA9363E11052F6792C000FF39;44673735EAF46E11B7B78A650500BC08;2025-05-13;-4.0;-141.52
F44136F7D7A5DE11ADB31065050022C8;44673735EAF46E11B7B78A650500BC08;2025-05-13;-2.0;-108.94
CA347896378B3E11052F6792C000D249;44673735EAF46E11B7B78A650500BC08;2025-05-13;-10.0;-565.5
773F94E812AB7E110819BB65050039AA;44673735EAF46E11B7B78A650500BC08;2025-05-13;-2.0;-1713.22
94D448A0A6507E11B7B78A650500CD08;44673735EAF46E11B7B78A650500BC08;2025-05-13;-2.0;-111.08
45779F7BB2065E1142D58A650500DC08;44673735EAF46E11B7B78A650500BC08;2025-05-13;-2.0;-68.22
11078C880EE6DE11C846106505000F6A;44673735EAF46E11B7B78A650500BC08;2025-05-13;-2.0;-22.26
91DBF98D98F07E11B7B78A650500CD08;44673735EAF46E11B7B78A650500BC08;2025-05-13;-2.0;-250.28
41CD01C39C456E11B7B78A650500BC08;44673735EAF46E11B7B78A650500BC08;2025-05-13;-12.0;-82.82
E547B8D14790DE11ADB3106505006BB8;44673735EAF46E11B7B78A650500BC08;2025-05-13;-4.0;-337.4
4640B1EF3E456E11B7B78A650500BC08;44673735EAF46E11B7B78A650500BC08;2025-05-13;-8.0;-3448.0
A4FE367EEB0AFE11128010650500E819;44673735EAF46E11B7B78A650500BC08;2025-05-13;-4.0;-54.0
17801856A6F5AE11BE2110650500984A;44673735EAF46E11B7B78A650500BC08;2025-05-13;-4.0;-90.28
63B65EB0E6568E11F243BB6505007B3B;44673735EAF46E11B7B78A650500BC08;2025-05-13;-6.0;-310.08
253956F7E770BE11BE2110650500F55A;44673735EAF46E11B7B78A650500BC08;2025-05-13;-6.0;-48.7
97CD8EB858797E110819BB65050019AA;44673735EAF46E11B7B78A650500BC08;2025-05-13;-2.0;-271.4
4F203DE8AC456E11B7B78A650500BC08;44673735EAF46E11B7B78A650500BC08;2025-05-13;-4.0;-306.36
5710ABE319C77E110819BB65050009AA;44673735EAF46E11B7B78A650500BC08;2025-05-13;-20.0;-82.0
B25559B666767E11B7B78A650500ED08;44673735EAF46E11B7B78A650500BC08;2025-05-13;-2.0;-525.7
5F9FD5800DAAAE11BE21106505009E4A;44673735EAF46E11B7B78A650500BC08;2025-05-13;-12.0;-930.0
5B16E1512D456E11B7B78A650500BC08;44673735EAF46E11B7B78A650500BC08;2025-05-13;-4.0;-300.0
C577A3943A0F9E117260106505009C4A;44673735EAF46E11B7B78A650500BC08;2025-05-13;-2.0;-96.72
8C6E2588AC456E11B7B78A650500BC08;44673735EAF46E11B7B78A650500BC08;2025-05-13;-2.0;-292.54
7ECBF27E98E66E11B7B78A650500BC08;44673735EAF46E11B7B78A650500BC08;2025-05-13;-2.0;-259.28
07AD7D7EE2DC9E11726010650500B94A;44673735EAF46E11B7B78A650500BC08;2025-05-13;-68.0;-1505.52
2492EA5B7D769E11554010650500D04B;44673735EAF46E11B7B78A650500BC08;2025-05-13;-4.0;-180.4
FB5E50A1B0A1EE11406610650500FB4A;44673735EAF46E11B7B78A650500BC08;2025-05-13;-6.0;-727.5
DC8DE026E315AE11726010650500445A;44673735EAF46E11B7B78A650500BC08;2025-05-13;-14.0;-1146.8200000000002
B8C0AEA41C68BE118772106505000859;44673735EAF46E11B7B78A650500BC08;2025-05-13;-6.0;-876.0
B5897E390586CE11ADB310650500DDA8;44673735EAF46E11B7B78A650500BC08;2025-05-13;-8.0;-179.36
74B486C0ED456E11B7B78A650500BC08;44673735EAF46E11B7B78A650500BC08;2025-05-13;-2.0;-714.7
B36B4CD558ED9E117260106505001B4A;44673735EAF46E11B7B78A650500BC08;2025-05-13;-4.0;-1212.0
E472449C97171E1143F0668E4200EE89;44673735EAF46E11B7B78A650500BC08;2025-05-13;-2.0;-53.18
A5C5195257363E11052F6792C000FF39;44673735EAF46E11B7B78A650500BC08;2025-05-13;-12.0;-730.5600000000001
30D77D6928CDCE11ADB31065050087B8;44673735EAF46E11B7B78A650500BC08;2025-05-13;-4.0;-107.48
EAC6129DABE1EE114066106505006C4A;44673735EAF46E11B7B78A650500BC08;2025-05-13;-2.0;-31.4
7E63BB661D9F7E110819BB65050039AA;44673735EAF46E11B7B78A650500BC08;2025-05-13;-6.0;-134.28
78DD3F2A0C8DDE11406610650500A64A;44673735EAF46E11B7B78A650500BC08;2025-05-13;-12.0;-498.64
A45BF3BE3C456E11B7B78A650500BC08;44673735EAF46E11B7B78A650500BC08;2025-05-13;-2.0;-372.3
C4DE78B2BA66CE11ADB310650500BDA8;44673735EAF46E11B7B78A650500BC08;2025-05-13;-6.0;-207.56
9FE7EB7A03078E11F243BB6505005C3B;44673735EAF46E11B7B78A650500BC08;2025-05-13;-4.0;-738.82
801E7FD141986E11B7B78A650500BC08;44673735EAF46E11B7B78A650500BC08;2025-05-13;-2.0;-702.16
FC624F65C40BAE11BE21106505000F4A;44673735EAF46E11B7B78A650500BC08;2025-05-13;-12.0;-636.0
F3F9A461ABFB8E11F243BB650500A24B;44673735EAF46E11B7B78A650500BC08;2025-05-13;-2.0;-111.3
4082F8C694310F11112A674AC7E2F889;44673735EAF46E11B7B78A650500BC08;2025-05-13;-2.0;-350.0
598F9C393E456E11B7B78A650500BC08;44673735EAF46E11B7B78A650500BC08;2025-05-13;-2.0;-1664.0
8F38F91281B6FE1191EE1065050092C9;44673735EAF46E11B7B78A650500BC08;2025-05-13;-2.0;-290.4
AF87C76B3DCCCE11ADB31065050026B8;44673735EAF46E11B7B78A650500BC08;2025-05-13;-10.0;-535.0
8360A9054C456E11B7B78A650500BC08;44673735EAF46E11B7B78A650500BC08;2025-05-13;-2.0;-153.04
C56242872379BE118772106505005959;44673735EAF46E11B7B78A650500BC08;2025-05-13;-10.0;-925.0
49E956D7FE456E11B7B78A650500BC08;44673735EAF46E11B7B78A650500BC08;2025-05-13;-8.0;-379.1
778C344F46CCDE11406610650500A54A;44673735EAF46E11B7B78A650500BC08;2025-05-13;-10.0;-376.5
8D783B306AD1BE11BE2110650500B75A;44673735EAF46E11B7B78A650500BC08;2025-05-13;-6.0;-786.0
07589E85F659EE1191EE1065050009B9;44673735EAF46E11B7B78A650500BC08;2025-05-13;-2.0;-307.76
2BC3EB589D3ABE118772106505005A59;44673735EAF46E11B7B78A650500BC08;2025-05-13;-2.0;-424.0
5C0AF31ECAD0FE1191EE10650500FAB9;44673735EAF46E11B7B78A650500BC08;2025-05-13;-2.0;-479.22
C451CE1B9497EE1191EE1065050047B9;44673735EAF46E11B7B78A650500BC08;2025-05-13;-2.0;-208.0
A143E8559AE66E11B7B78A650500BC08;44673735EAF46E11B7B78A650500BC08;2025-05-13;-2.0;-410.0
9FDEC36A91E4EE11B1AD1065050078EA;44673735EAF46E11B7B78A650500BC08;2025-05-13;-2.0;-178.5
9DC741E1C11A8E11F243BB650500304B;44673735EAF46E11B7B78A650500BC08;2025-05-13;-2.0;-34.0
3E3F408253735E1142D58A650500DC08;44673735EAF46E11B7B78A650500BC08;2025-05-13;-2.0;-199.66
550FEBF9F5385E1142D58A650500DC08;44673735EAF46E11B7B78A650500BC08;2025-05-13;-2.0;-333.8
490BC41B00420F114EF7A826072B5A89;44673735EAF46E11B7B78A650500BC08;2025-05-13;-8.0;-624.0
676B8EE28F3CEE1191EE1065050029B9;44673735EAF46E11B7B78A650500BC08;2025-05-13;-2.0;-6182.0
F95D850F00300F11F1557891FE698789;44673735EAF46E11B7B78A650500BC08;2025-05-13;-2.0;-173.64
A85D417E0D456E11B7B78A650500BC08;44673735EAF46E11B7B78A650500BC08;2025-05-13;-2.0;-1043.48
DE60F357AD949E115540106505006E3B;44673735EAF46E11B7B78A650500BC08;2025-05-13;-2.0;-1074.36
43C45E30A69F6E11B7B78A650500CD08;44673735EAF46E11B7B78A650500BC08;2025-05-13;-2.0;-370.96
B056629F0657FE1191EE1065050073C9;44673735EAF46E11B7B78A650500BC08;2025-05-13;-26.0;-1766.22
56DC431298B37E11B7B78A650500DD08;44673735EAF46E11B7B78A650500BC08;2025-05-13;-2.0;-172.62
451AA415F9D2DE11ADB3106505007EB8;44673735EAF46E11B7B78A650500BC08;2025-05-13;-18.0;-828.0
FCD8E2121F75CE11ADB3106505003DA8;44673735EAF46E11B7B78A650500BC08;2025-05-13;-2.0;-158.42
CC042AB7BAB27E11B7B78A650500DD08;44673735EAF46E11B7B78A650500BC08;2025-05-13;-4.0;-838.82
68B552CBC7E6FE1191EE10650500D2C9;44673735EAF46E11B7B78A650500BC08;2025-05-13;-2.0;-843.92
1E0EC5DFFB8C2E11052F6792C000CF39;44673735EAF46E11B7B78A650500BC08;2025-05-13;-2.0;-370.14
B827DAECF21DAE11BE2110650500A15A;44673735EAF46E11B7B78A650500BC08;2025-05-13;-8.0;-1279.98
6F203DE8AC456E11B7B78A650500BC08;44673735EAF46E11B7B78A650500BC08;2025-05-13;-2.0;-153.18
7F9C44B94F7FFE11F1557891FE69A689;44673735EAF46E11B7B78A650500BC08;2025-05-13;-2.0;-164.5
CCDB5432F45AAE11BE21106505002E4A;44673735EAF46E11B7B78A650500BC08;2025-05-13;-4.0;-1208.42
440740EB35B4DE11ADB310650500F0C8;44673735EAF46E11B7B78A650500BC08;2025-05-13;-2.0;-218.66
513FABBBC8C77E110819BB65050009AA;44673735EAF46E11B7B78A650500BC08;2025-05-13;-2.0;-55.0
1493157E76018E110819BB65050039AA;44673735EAF46E11B7B78A650500BC08;2025-05-13;-8.0;-523.5
1BB8CA6CAC456E11B7B78A650500BC08;44673735EAF46E11B7B78A650500BC08;2025-05-13;-2.0;-29.8
4B5462B5E98ABE11877210650500BA59;44673735EAF46E11B7B78A650500BC08;2025-05-13;-2.0;-940.1
7CDAC6695EED7E110819BB65050039AA;44673735EAF46E11B7B78A650500BC08;2025-05-13;-6.0;-243.0
978897023D456E11B7B78A650500BC08;44673735EAF46E11B7B78A650500BC08;2025-05-13;-2.0;-864.96
1F5F389B45CF8E11F243BB650500084B;44673735EAF46E11B7B78A650500BC08;2025-05-13;-2.0;-48.08
53561EA5CD456E11B7B78A650500BC08;44673735EAF46E11B7B78A650500BC08;2025-05-13;-2.0;-110.0
583CCEF6BA456E11B7B78A650500BC08;44673735EAF46E11B7B78A650500BC08;2025-05-13;-2.0;-136.0
01E611BC0C5CCE11ADB31065050095B8;44673735EAF46E11B7B78A650500BC08;2025-05-13;-2.0;-1046.0
B61B4958E770BE11BE2110650500F55A;44673735EAF46E11B7B78A650500BC08;2025-05-13;-2.0;-18.82
AA7597500D3ABE118772106505005A59;44673735EAF46E11B7B78A650500BC08;2025-05-13;-2.0;-130.36
4EA25DBF6AA1CE11877210650500C369;44673735EAF46E11B7B78A650500BC08;2025-05-13;-2.0;-338.28
BD2D79C12F83AE11726010650500525A;44673735EAF46E11B7B78A650500BC08;2025-05-13;-2.0;-660.42
C14A405380A49E115540106505006E3B;44673735EAF46E11B7B78A650500BC08;2025-05-13;-2.0;-1385.72
2A4D84A73741DE11ADB3106505007CB8;44673735EAF46E11B7B78A650500BC08;2025-05-13;-2.0;-131.86
5FFE8F24111EAE11BE2110650500E25A;44673735EAF46E11B7B78A650500BC08;2025-05-13;-2.0;-447.72
B9CE57B1490FEE1191EE1065050029B9;44673735EAF46E11B7B78A650500BC08;2025-05-13;-8.0;-107.1
775DE48DEED5FE1191EE1065050081C9;44673735EAF46E11B7B78A650500BC08;2025-05-13;-4.0;-240.0
EAC0ADA2FAD7CE11ADB3106505008FA8;44673735EAF46E11B7B78A650500BC08;2025-05-13;-2.0;-166.76
1B34F7802F36AE11BE2110650500F84A;44673735EAF46E11B7B78A650500BC08;2025-05-13;-2.0;-504.0
6E1C09489D6D6E11B7B78A650500BC08;44673735EAF46E11B7B78A650500BC08;2025-05-13;-4.0;-144.64
E226FF937046AE11BE2110650500F84A;44673735EAF46E11B7B78A650500BC08;2025-05-13;-2.0;-119.36
40F498ADCB13FE1191EE10650500EDB9;44673735EAF46E11B7B78A650500BC08;2025-05-13;-6.0;-2400.94
2A12BAC636EEAE11BE2110650500F35A;44673735EAF46E11B7B78A650500BC08;2025-05-13;-18.0;-1515.88
3B09EE6A88000F11F1557891FE695789;44673735EAF46E11B7B78A650500BC08;2025-05-13;-2.0;-669.14
C937F8964C456E11B7B78A650500BC08;44673735EAF46E11B7B78A650500BC08;2025-05-13;-2.0;-464.86
A0ACE183821A8E11F243BB650500304B;44673735EAF46E11B7B78A650500BC08;2025-05-13;-2.0;-164.78
48F551B23E456E11B7B78A650500BC08;44673735EAF46E11B7B78A650500BC08;2025-05-13;-2.0;-398.0
E1C8686A98DFCE11ADB3106505005AB8;FC081C55582CED11A62CD892C0003F2A;2025-05-13;2.0;1335.06
B8098F0B3C9BEE1191EE1065050029B9;44673735EAF46E11B7B78A650500BC08;2025-05-13;2.0;2836.0
36EE2046393ADE11406610650500324A;44673735EAF46E11B7B78A650500BC08;2025-05-13;18.0;4451.78
DFE0E2F37292FE1191EE106505002DB9;FC081C55582CED11A62CD892C0003F2A;2025-05-13;0.0;0.0
4EE79C046F34FE1191EE106505006FB9;FC081C55582CED11A62CD892C0003F2A;2025-05-13;0.0;0.0
80E79DB12B4EDE11406610650500B74A;FC081C55582CED11A62CD892C0003F2A;2025-05-13;-2.0;-435.36
3F1749C430C0EE11406610650500DA4A;FC081C55582CED11A62CD892C0003F2A;2025-05-13;0.0;0.0
C27D9A1A7348EE1191EE1065050038B9;FC081C55582CED11A62CD892C0003F2A;2025-05-13;0.0;0.0
F7990C646C1EEE1191EE1065050029B9;FC081C55582CED11A62CD892C0003F2A;2025-05-13;0.0;0.0
DBDE455281082E11052F6792C0007F39;FC081C55582CED11A62CD892C0003F2A;2025-05-13;0.0;0.0
C6C823FA8D410F11112A674AC7E21989;FC081C55582CED11A62CD892C0003F2A;2025-05-13;0.0;0.0
F3A43B996382DE11ADB3106505000EB8;FC081C55582CED11A62CD892C0003F2A;2025-05-13;0.0;0.0
2458F2FDF513CE118772106505009569;FC081C55582CED11A62CD892C0003F2A;2025-05-13;0.0;0.0
495F3C9A8E64EE11B1AD10650500E7EA;FC081C55582CED11A62CD892C0003F2A;2025-05-13;0.0;0.0
95D071BA258EFE11F1557891FE696589;FC081C55582CED11A62CD892C0003F2A;2025-05-13;0.0;0.0
D4E4BE7EF77EFE11F1557891FE695589;FC081C55582CED11A62CD892C0003F2A;2025-05-13;0.0;0.0
120B7B3361CBEE1191EE1065050029B9;FC081C55582CED11A62CD892C0003F2A;2025-05-13;0.0;0.0
958A7E125B62EE114066106505000D4A;FC081C55582CED11A62CD892C0003F2A;2025-05-13;0.0;0.0
8FC8FBA81E456E11B7B78A650500BC08;44673735EAF46E11B7B78A650500BC08;2025-05-13;-16.0;-6716.639999999999
09AF6905B00A3E11052F6792C000D249;44673735EAF46E11B7B78A650500BC08;2025-05-13;-12.0;-3267.0
55B69B5AC7797E110819BB65050019AA;44673735EAF46E11B7B78A650500BC08;2025-05-13;8.0;977.28
A691EF1A8E338E117E64BB6505007BAA;FC081C55582CED11A62CD892C0003F2A;2025-05-13;14.0;1960.0
4769CAA0EC6FEE1191EE1065050029B9;B0BDDED34CC83E11052F6792C000B249;2025-05-13;8.0;1582.1
B4A440EADDDFEE1191EE10650500B9B9;B0BDDED34CC83E11052F6792C000B249;2025-05-13;2.0;2706.2
80AF38F5A6F5AE11BE2110650500984A;44673735EAF46E11B7B78A650500BC08;2025-05-13;160.0;8316.04
6621564B02CAED11A62CD892C0003F2A;B0BDDED34CC83E11052F6792C000B249;2025-05-13;0.0;0.0
2D6622F431010F11112A674AC7E2B889;B0BDDED34CC83E11052F6792C000B249;2025-05-13;0.0;0.0
98490377B1C10F114EF7A826072BB989;B0BDDED34CC83E11052F6792C000B249;2025-05-13;0.0;0.0
F7990C646C1EEE1191EE1065050029B9;B0BDDED34CC83E11052F6792C000B249;2025-05-13;0.0;0.0
9FF985D0E429EE1191EE1065050009B9;B0BDDED34CC83E11052F6792C000B249;2025-05-13;0.0;0.0
BE01F195F1429E115540106505005B3B;B0BDDED34CC83E11052F6792C000B249;2025-05-13;0.0;0.0
F1EDF84C08A6BE11877210650500C559;B0BDDED34CC83E11052F6792C000B249;2025-05-13;0.0;0.0
C0D42E8FC1CAED11A62CD892C0003F2A;B0BDDED34CC83E11052F6792C000B249;2025-05-13;0.0;0.0
1677E18812E1FE1191EE106505004CB9;B0BDDED34CC83E11052F6792C000B249;2025-05-13;-2.0;-161.46
19B6F9A48836CE11ADB3106505008DA8;B0BDDED34CC83E11052F6792C000B249;2025-05-13;0.0;0.0
089B3045EA93FE1191EE106505009EB9;B0BDDED34CC83E11052F6792C000B249;2025-05-13;0.0;0.0
341D2C1F68DDCE11ADB31065050097B8;B0BDDED34CC83E11052F6792C000B249;2025-05-13;-2.0;-63.74
B52D66E758F1EE114066106505007C4A;B0BDDED34CC83E11052F6792C000B249;2025-05-13;0.0;0.0
AC5DA42E57788E11F243BB6505002E3B;B0BDDED34CC83E11052F6792C000B249;2025-05-13;0.0;0.0
FAE00D88A0CAED11A62CD892C0003F2A;B0BDDED34CC83E11052F6792C000B249;2025-05-13;-4.0;-265.7
61F26D5AFB5F7E110819BB65050039AA;B0BDDED34CC83E11052F6792C000B249;2025-05-13;-8.0;-350.4
0AB2738BBF13CE11877210650500A569;B0BDDED34CC83E11052F6792C000B249;2025-05-13;-4.0;-114.12
55ADFBDEFCD2FE1191EE106505009DB9;B0BDDED34CC83E11052F6792C000B249;2025-05-13;0.0;0.0
F7EE6A1AAAA2EE11B1AD10650500A5EA;B0BDDED34CC83E11052F6792C000B249;2025-05-13;2.0;7.22
FA582521E6568E11F243BB6505007B3B;44673735EAF46E11B7B78A650500BC08;2025-05-13;-18.0;-1236.94
565B876898C6DE11C84610650500DE6A;44673735EAF46E11B7B78A650500BC08;2025-05-13;-4.0;-47.32
32204C3634C26E1142D58A650500AD08;44673735EAF46E11B7B78A650500BC08;2025-05-13;144.0;24356.16
FE6785D8D0CAED11A62CD892C0003F2A;44673735EAF46E11B7B78A650500BC08;2025-05-13;-6.0;-1326.96
31F7B97FC3BC3E11052F6792C000D249;44673735EAF46E11B7B78A650500BC08;2025-05-13;210.0;14817.600000000002
7633EB04AA4FFE11F1557891FE696689;FC081C55582CED11A62CD892C0003F2A;2025-05-13;28.0;1596.56
55CC976F73C74E1142D58A6505002C08;FC081C55582CED11A62CD892C0003F2A;2025-05-13;12.0;1812.0
AA3F7DF37FAF5E1142D58A650500AD08;FC081C55582CED11A62CD892C0003F2A;2025-05-13;6.0;1139.46
8088AC04A537BE118772106505007659;FC081C55582CED11A62CD892C0003F2A;2025-05-13;4.0;759.64
11DBD1DCD0CAED11A62CD892C0003F2A;44673735EAF46E11B7B78A650500BC08;2025-05-13;-10.0;-1447.7
F78C963E01CAED11A62CD892C0003F2A;44673735EAF46E11B7B78A650500BC08;2025-05-13;0.0;0.0
201D4D72E07E8E11F243BB650500564B;44673735EAF46E11B7B78A650500BC08;2025-05-13;20.0;3837.4
D0ECAC91BD010F11112A674AC7E2C889;FC081C55582CED11A62CD892C0003F2A;2025-05-13;4.0;2699.54
BF4ED6C1BD010F11112A674AC7E2C889;FC081C55582CED11A62CD892C0003F2A;2025-05-13;4.0;838.78
E2EA5EC1BD010F11112A674AC7E2C889;FC081C55582CED11A62CD892C0003F2A;2025-05-13;4.0;838.8
6BCC5EC1BD010F11112A674AC7E2C889;FC081C55582CED11A62CD892C0003F2A;2025-05-13;16.0;7635.84
4E848AF1BD010F11112A674AC7E2C889;FC081C55582CED11A62CD892C0003F2A;2025-05-13;8.0;4165.0
52159512BD010F11112A674AC7E2C889;FC081C55582CED11A62CD892C0003F2A;2025-05-13;4.0;2024.66
A0C1B01B55B4DE11ADB310650500F0C8;44673735EAF46E11B7B78A650500BC08;2025-05-13;46.0;1914.52
FEC2A31E65B4DE11ADB310650500F0C8;44673735EAF46E11B7B78A650500BC08;2025-05-13;14.0;854.28
06DF6FD48CD1DE11ADB3106505003DB8;FC081C55582CED11A62CD892C0003F2A;2025-05-13;0.0;0.0
201D4D72E07E8E11F243BB650500564B;FC081C55582CED11A62CD892C0003F2A;2025-05-13;24.0;4604.88
7FD1C023E12FEE1191EE1065050029B9;B0BDDED34CC83E11052F6792C000B249;2025-05-13;12.0;7925.88
37308690BFC18E113835BB650500B9AA;B0BDDED34CC83E11052F6792C000B249;2025-05-13;30.0;4578.52
3D884F7254940E11A4A96492C000067B;FC081C55582CED11A62CD892C0003F2A;2025-05-13;6.0;1082.76
6A99182F55FDFE11F1557891FE69B489;FC081C55582CED11A62CD892C0003F2A;2025-05-13;56.0;3247.44
3111A93BC7E10F114EF7A826072BE989;44673735EAF46E11B7B78A650500BC08;2025-05-13;48.0;4785.12
86570A134C456E11B7B78A650500BC08;44673735EAF46E11B7B78A650500BC08;2025-05-13;-4.0;-645.26
5613B53571125E1142D58A650500DC08;B0BDDED34CC83E11052F6792C000B249;2025-05-13;10.0;362.7
F2B5243FE7910F114EF7A826072B8989;B0BDDED34CC83E11052F6792C000B249;2025-05-13;10.0;714.2
5054768C1A5FFE11F1557891FE697689;B0BDDED34CC83E11052F6792C000B249;2025-05-13;8.0;423.76000000000005
4B0DF4BB3D456E11B7B78A650500BC08;44673735EAF46E11B7B78A650500BC08;2025-05-13;24.0;994.8
61E9273C2D456E11B7B78A650500BC08;44673735EAF46E11B7B78A650500BC08;2025-05-13;18.0;2662.38
E23732FC5CFFFE11F1557891FE694789;B0BDDED34CC83E11052F6792C000B249;2025-05-13;20.0;880.0
F3768EBEFDCA9E11525010650500EB4A;B0BDDED34CC83E11052F6792C000B249;2025-05-13;32.0;3942.4
A7218C1035B4DE11ADB310650500F0C8;FC081C55582CED11A62CD892C0003F2A;2025-05-13;24.0;2272.8
BEF020C39E1EFE11F1557891FE69E489;B0BDDED34CC83E11052F6792C000B249;2025-05-13;8.0;1017.28
8152B5B71726EE1191EE10650500C5B9;B0BDDED34CC83E11052F6792C000B249;2025-05-13;12.0;2344.32
6FE3010A42708E110819BB65050039AA;B0BDDED34CC83E11052F6792C000B249;2025-05-13;20.0;2195.78
17075985CF95FE1191EE1065050031C9;FC081C55582CED11A62CD892C0003F2A;2025-05-13;4.0;5258.0
CC4AC696D270DE11ADB3106505003BB8;FC081C55582CED11A62CD892C0003F2A;2025-05-13;24.0;3763.2
B0AA28A04E456E11B7B78A650500BC08;44673735EAF46E11B7B78A650500BC08;2025-05-13;-14.0;-10710.0
24148AF1BD010F11112A674AC7E2C889;B0BDDED34CC83E11052F6792C000B249;2025-05-13;8.0;4165.0
75458AF1BD010F11112A674AC7E2C889;B0BDDED34CC83E11052F6792C000B249;2025-05-13;8.0;4049.3
45D49512BD010F11112A674AC7E2C889;B0BDDED34CC83E11052F6792C000B249;2025-05-13;4.0;2024.66
60EF16A58B50EE114066106505005A4A;B0BDDED34CC83E11052F6792C000B249;2025-05-13;6.0;127.34
3F622C003364EE11B1AD10650500D7EA;B0BDDED34CC83E11052F6792C000B249;2025-05-13;48.0;673.92
C7FAA4902B0E8E11F243BB650500D54B;B0BDDED34CC83E11052F6792C000B249;2025-05-13;4.0;2403.54
C298FDB5AB12DE11ADB3106505008DB8;FC081C55582CED11A62CD892C0003F2A;2025-05-13;0.0;0.0
02A6BE29AB12DE11ADB3106505008DB8;FC081C55582CED11A62CD892C0003F2A;2025-05-13;0.0;0.0
CAB2E94C04C33E11052F6792C000EF39;FC081C55582CED11A62CD892C0003F2A;2025-05-13;0.0;0.0
C884009EED7FFE11F1557891FE69A689;FC081C55582CED11A62CD892C0003F2A;2025-05-13;0.0;0.0
2058CEECE5A78E11F243BB6505002D3B;FC081C55582CED11A62CD892C0003F2A;2025-05-13;0.0;0.0
2B55AE4F19ADDE11406610650500C64A;FC081C55582CED11A62CD892C0003F2A;2025-05-13;0.0;0.0
DA33EA1A34C2FE1191EE106505006DB9;FC081C55582CED11A62CD892C0003F2A;2025-05-13;0.0;0.0
8005E2E5F2E2CE118772106505005569;FC081C55582CED11A62CD892C0003F2A;2025-05-13;10.0;6157.5
98A437D69BEAEE1191EE1065050029B9;B0BDDED34CC83E11052F6792C000B249;2025-05-13;-2.0;-565.8
A0F75C1CB364AE11726010650500635A;FC081C55582CED11A62CD892C0003F2A;2025-05-13;8.0;2794.24
1FC462F1CFB85E1142D58A650500DC08;FC081C55582CED11A62CD892C0003F2A;2025-05-13;24.0;7116.72
F8B3EB35545C9E11726010650500194A;FC081C55582CED11A62CD892C0003F2A;2025-05-13;8.0;6790.4
78AB4C8642DB8E11F243BB650500724B;FC081C55582CED11A62CD892C0003F2A;2025-05-13;8.0;4720.24
B12AC4A5ADECFE11F1557891FE696389;FC081C55582CED11A62CD892C0003F2A;2025-05-13;12.0;2926.68
602F795CD0CAED11A62CD892C0003F2A;FC081C55582CED11A62CD892C0003F2A;2025-05-13;12.0;4404.84
FD5345764D338E117E64BB6505007BAA;44673735EAF46E11B7B78A650500BC08;2025-05-13;0.0;0.0
EE8BA6774040EE114066106505003A4A;FC081C55582CED11A62CD892C0003F2A;2025-05-13;12.0;1547.9
EEC3D8851635DE11ADB31065050091C8;FC081C55582CED11A62CD892C0003F2A;2025-05-13;8.0;1134.88
88DDB3B8D276EE1191EE1065050026B9;FC081C55582CED11A62CD892C0003F2A;2025-05-13;22.0;3553.2999999999997
90A51D2278E4DE11ADB31065050031C8;FC081C55582CED11A62CD892C0003F2A;2025-05-13;4.0;855.42
F2B40673FF10FE1191EE106505000AB9;44673735EAF46E11B7B78A650500BC08;2025-05-13;2.0;2662.16
BD0D144103C1DE11ADB3106505001DB8;44673735EAF46E11B7B78A650500BC08;2025-05-13;16.0;12136.64
647785D8D0CAED11A62CD892C0003F2A;FC081C55582CED11A62CD892C0003F2A;2025-05-13;24.0;2066.4
AA0FB04BCA057E11B7B78A650500ED08;44673735EAF46E11B7B78A650500BC08;2025-05-13;20.0;5964.0
725507826D89FE11128010650500E819;FC081C55582CED11A62CD892C0003F2A;2025-05-13;8.0;2024.26
B3BE1EEE1065BE11BE21106505003C5A;FC081C55582CED11A62CD892C0003F2A;2025-05-13;0.0;0.0
4CC5040550FE5E1142D58A6505006D08;B0BDDED34CC83E11052F6792C000B249;2025-05-13;6.0;668.56
1D79A08BE342EE11406610650500DC4A;B0BDDED34CC83E11052F6792C000B249;2025-05-13;10.0;2718.2000000000003
7D7A887E3C8FBE118772106505001169;B0BDDED34CC83E11052F6792C000B249;2025-05-13;4.0;1331.16
F458397C4032FE1191EE10650500ACB9;B0BDDED34CC83E11052F6792C000B249;2025-05-13;8.0;404.82000000000005
45288E5316EA3E11052F6792C000D249;FC081C55582CED11A62CD892C0003F2A;2025-05-13;38.0;588.5
BBA082885A5EEE1191EE1065050029B9;FC081C55582CED11A62CD892C0003F2A;2025-05-13;4.0;4284.14
75D4642A72660E11A4A96492C0004B38;B0BDDED34CC83E11052F6792C000B249;2025-05-13;-2.0;-316.48
2303D4386BCEAE11BE2110650500D35A;FC081C55582CED11A62CD892C0003F2A;2025-05-13;-12.0;-4416.0
A8F3AA28B22AFE11128010650500E819;B0BDDED34CC83E11052F6792C000B249;2025-05-13;-4.9;-777.48
D19BB862B0CAED11A62CD892C0003F2A;FC081C55582CED11A62CD892C0003F2A;2025-05-13;-2.0;-68.02
77F128161AE00F11112A674AC7E29889;FC081C55582CED11A62CD892C0003F2A;2025-05-13;-12.0;-178.34
DE641B8339D17E11B7B78A650500CD08;FC081C55582CED11A62CD892C0003F2A;2025-05-13;-2.0;-110.34
7B27B4A671B0EE11406610650500CA4A;FC081C55582CED11A62CD892C0003F2A;2025-05-13;-2.0;-109.78
73F55FEA3974EE11B1AD10650500F7EA;FC081C55582CED11A62CD892C0003F2A;2025-05-13;-2.0;-48.0
6CEB4EBF8E13FE1191EE10650500EDB9;FC081C55582CED11A62CD892C0003F2A;2025-05-13;-2.0;-56.0
F0C2BFEC1CBE8E11F243BB650500B64B;FC081C55582CED11A62CD892C0003F2A;2025-05-13;-6.0;-55.84
4BEBD8721DA8CE11ADB310650500A0B8;FC081C55582CED11A62CD892C0003F2A;2025-05-13;-2.0;-89.24
0286D79E2CF0EE114066106505002B4A;FC081C55582CED11A62CD892C0003F2A;2025-05-13;-2.0;-163.04
9056D52CD507DE11C846106505002F6A;FC081C55582CED11A62CD892C0003F2A;2025-05-13;-2.0;-23.66
8A125A93C263CE11877210650500F569;FC081C55582CED11A62CD892C0003F2A;2025-05-13;-8.0;-950.4
CE6A15CC6F06BE118772106505000559;FC081C55582CED11A62CD892C0003F2A;2025-05-13;-2.0;-251.4
E8C3454F1035CE11ADB3106505000DA8;FC081C55582CED11A62CD892C0003F2A;2025-05-13;-2.0;-126.76
11DBD1DCD0CAED11A62CD892C0003F2A;FC081C55582CED11A62CD892C0003F2A;2025-05-13;-4.0;-581.0
C4B387F906676E11B7B78A650500BC08;FC081C55582CED11A62CD892C0003F2A;2025-05-13;-2.0;-724.46
C93F8795B623DE11ADB310650500DEB8;FC081C55582CED11A62CD892C0003F2A;2025-05-13;-4.0;-602.5
7A0F7C972D9EFE11F1557891FE698589;FC081C55582CED11A62CD892C0003F2A;2025-05-13;-2.0;-114.04
4FA6CDF56612FE1191EE106505008CB9;FC081C55582CED11A62CD892C0003F2A;2025-05-13;-2.0;-400.28
647732FC5CFFFE11F1557891FE694789;FC081C55582CED11A62CD892C0003F2A;2025-05-13;-4.0;-176.02
6945EB1C9B98FE11128010650500D819;FC081C55582CED11A62CD892C0003F2A;2025-05-13;-2.0;-163.84
BFDD8CD0DDDFDE11406610650500B94A;FC081C55582CED11A62CD892C0003F2A;2025-05-13;-2.0;-239.96
A5397F9D1034EE11B1AD1065050097EA;FC081C55582CED11A62CD892C0003F2A;2025-05-13;-2.0;-974.06
69F43F2EAB112E1143F0668E4200C71A;FC081C55582CED11A62CD892C0003F2A;2025-05-13;-2.0;-674.14
AAFD5840CA187E110819BB65050009AA;FC081C55582CED11A62CD892C0003F2A;2025-05-13;-10.0;-872.5
982950A3AA187E110819BB65050009AA;FC081C55582CED11A62CD892C0003F2A;2025-05-13;-2.0;-91.8
ECAF8A5FC0CAED11A62CD892C0003F2A;FC081C55582CED11A62CD892C0003F2A;2025-05-13;-4.0;-481.22
FDDDD82EC0CAED11A62CD892C0003F2A;FC081C55582CED11A62CD892C0003F2A;2025-05-13;-2.0;-358.22
9A7725F9B1E0DE11ADB310650500DBB8;FC081C55582CED11A62CD892C0003F2A;2025-05-13;-8.0;-899.2
84A6BE7EF77EFE11F1557891FE695589;FC081C55582CED11A62CD892C0003F2A;2025-05-13;-4.0;-164.44
410D23F994628E111E1BBB6505007AAA;FC081C55582CED11A62CD892C0003F2A;2025-05-13;-2.0;-329.16
3C4E17A90E907E11B7B78A650500CD08;FC081C55582CED11A62CD892C0003F2A;2025-05-13;-10.0;-964.64
A59F229F89AEFE11F1557891FE699589;FC081C55582CED11A62CD892C0003F2A;2025-05-13;-2.0;-899.82
483646EC64FFDE11406610650500D94A;FC081C55582CED11A62CD892C0003F2A;2025-05-13;-2.0;-284.76
BD84EB1C9B98FE11128010650500D819;FC081C55582CED11A62CD892C0003F2A;2025-05-13;-6.0;-241.74
7CF74A7B0321DE11ADB3106505003CB8;FC081C55582CED11A62CD892C0003F2A;2025-05-13;-2.0;-66.0
FB00436768332E1143F0668E4200C71A;FC081C55582CED11A62CD892C0003F2A;2025-05-13;-2.0;-449.28
F9A90CDB0321DE11ADB3106505003CB8;FC081C55582CED11A62CD892C0003F2A;2025-05-13;-2.0;-118.0
58F2EB04AA4FFE11F1557891FE696689;FC081C55582CED11A62CD892C0003F2A;2025-05-13;-6.0;-342.12
D036D81364FF4E1142D58A650500BC08;FC081C55582CED11A62CD892C0003F2A;2025-05-13;-2.0;-67.12
AD872C5E0354DE11ADB31065050070C8;FC081C55582CED11A62CD892C0003F2A;2025-05-13;-2.0;-834.42
C7BFEBC5BDB91E1143F0668E42006B8B;FC081C55582CED11A62CD892C0003F2A;2025-05-13;-4.0;-384.12
E7A6DBC6BBD4DE11ADB31065050021C8;FC081C55582CED11A62CD892C0003F2A;2025-05-13;-2.0;-369.82
1B16DD46801C3E11052F6792C000D249;FC081C55582CED11A62CD892C0003F2A;2025-05-13;-8.0;-117.6
858395229A785E1142D58A650500DC08;FC081C55582CED11A62CD892C0003F2A;2025-05-13;-2.0;-231.38
DDE9919AAF36FE1191EE1065050002C9;FC081C55582CED11A62CD892C0003F2A;2025-05-13;-18.0;-158.5
9717A1BC5D32FE1191EE10650500BCB9;FC081C55582CED11A62CD892C0003F2A;2025-05-13;-2.0;-321.22
4D7EEA51F001AE117260106505001F4A;FC081C55582CED11A62CD892C0003F2A;2025-05-13;-2.0;-293.9
8B62153200E7EE1191EE10650500A7B9;FC081C55582CED11A62CD892C0003F2A;2025-05-13;-2.0;-38.32
6EA292756D44FE1191EE106505007FB9;FC081C55582CED11A62CD892C0003F2A;2025-05-13;-10.0;-7060.0
FF91D296104FFE11F1557891FE695689;FC081C55582CED11A62CD892C0003F2A;2025-05-13;-10.0;-420.7
7AE32F23201ADE11406610650500024A;FC081C55582CED11A62CD892C0003F2A;2025-05-13;-2.0;-417.66
5FBC3D8B0F7E4E1142D58A650500BC08;FC081C55582CED11A62CD892C0003F2A;2025-05-13;-2.0;-1273.78
004539252142CE118772106505008469;FC081C55582CED11A62CD892C0003F2A;2025-05-13;-2.0;-329.04
55550A548996EE1191EE1065050056B9;FC081C55582CED11A62CD892C0003F2A;2025-05-13;-2.0;-378.64
6C1753B33AC75E1142D58A650500DC08;FC081C55582CED11A62CD892C0003F2A;2025-05-13;-2.0;-324.9
EE990BED90CAED11A62CD892C0003F2A;FC081C55582CED11A62CD892C0003F2A;2025-05-13;-2.0;-426.46
A1BDF57A1B6BAE11BE21106505008F4A;FC081C55582CED11A62CD892C0003F2A;2025-05-13;-2.0;-368.44
BCFDDA8144F1CE118772106505002469;FC081C55582CED11A62CD892C0003F2A;2025-05-13;-2.0;-1302.1
F9A1EA747D27EE1191EE10650500C6B9;FC081C55582CED11A62CD892C0003F2A;2025-05-13;-2.0;-51.48
6883CD0A469BED11A62CD892C0003F2A;FC081C55582CED11A62CD892C0003F2A;2025-05-13;-4.0;-501.32
D6107A751424EE11B1AD1065050087EA;FC081C55582CED11A62CD892C0003F2A;2025-05-13;-2.0;-395.7
EF39248CF5802E1143F0668E4200C71A;FC081C55582CED11A62CD892C0003F2A;2025-05-13;-6.0;-958.74
D48D17EE70BDBE11877210650500BE59;FC081C55582CED11A62CD892C0003F2A;2025-05-13;-2.0;-524.78
2532E78A1464AE11726010650500635A;FC081C55582CED11A62CD892C0003F2A;2025-05-13;-2.0;-291.86
16E38B3A4DBD7E110819BB65050039AA;FC081C55582CED11A62CD892C0003F2A;2025-05-13;-2.0;-25.64
80AA0C81D3C89E11525010650500394A;FC081C55582CED11A62CD892C0003F2A;2025-05-13;-2.0;-994.92
458CC3515C020F114EF7A826072B1A89;FC081C55582CED11A62CD892C0003F2A;2025-05-13;-2.0;-171.0
16E1D296104FFE11F1557891FE695689;FC081C55582CED11A62CD892C0003F2A;2025-05-13;-4.0;-35.44
AB8D9FE11911BE11BE2110650500C65A;FC081C55582CED11A62CD892C0003F2A;2025-05-13;-2.0;-319.1
C3A27F630AA07E11B7B78A650500CD08;FC081C55582CED11A62CD892C0003F2A;2025-05-13;-2.0;-1151.4
60932734301ACE11ADB31065050062B8;FC081C55582CED11A62CD892C0003F2A;2025-05-13;-2.0;-494.4
951A958001CAED11A62CD892C0003F2A;FC081C55582CED11A62CD892C0003F2A;2025-05-13;-2.0;-116.04
4E4C99696607DE11C846106505002F6A;FC081C55582CED11A62CD892C0003F2A;2025-05-13;-4.0;-44.32
55DD5F9E7AE4DE11ADB31065050031C8;FC081C55582CED11A62CD892C0003F2A;2025-05-13;-2.0;-75.02
B04D1A4AB70FDE11406610650500A84A;FC081C55582CED11A62CD892C0003F2A;2025-05-13;-2.0;-546.32
487C2942599EFE11F1557891FE698589;FC081C55582CED11A62CD892C0003F2A;2025-05-13;-2.0;-40.0
346145D7EF6AFE11128010650500E819;FC081C55582CED11A62CD892C0003F2A;2025-05-13;-2.0;-310.0
BDA4336C478B3E11052F6792C000D249;FC081C55582CED11A62CD892C0003F2A;2025-05-13;-2.0;-132.7
ED20BEB6104FFE11F1557891FE695689;FC081C55582CED11A62CD892C0003F2A;2025-05-13;-4.0;-48.72
CA8EFAE254410F11112A674AC7E20989;FC081C55582CED11A62CD892C0003F2A;2025-05-13;-2.0;-643.3
1DD0284BAC93FE1191EE106505009EB9;FC081C55582CED11A62CD892C0003F2A;2025-05-13;-2.0;-311.98
E5EC7B49AD67EE1191EE1065050017B9;FC081C55582CED11A62CD892C0003F2A;2025-05-13;-2.0;-265.66
23CB129EF77EFE11F1557891FE695589;FC081C55582CED11A62CD892C0003F2A;2025-05-13;-2.0;-82.22
0B51CD5CEB01FE1191EE106505003BB9;FC081C55582CED11A62CD892C0003F2A;2025-05-13;-4.0;-145.36
C7B55F3D708F3E11F7F68A650500DB08;FC081C55582CED11A62CD892C0003F2A;2025-05-13;-2.0;-154.06
B5EC551C5BF5CE11ADB3106505007DA8;FC081C55582CED11A62CD892C0003F2A;2025-05-13;-2.0;-659.84
9C7A9111FC1EFE11F1557891FE69E489;FC081C55582CED11A62CD892C0003F2A;2025-05-13;-2.0;-130.0
F27C4082FFB89E11525010650500394A;FC081C55582CED11A62CD892C0003F2A;2025-05-13;-2.0;-967.84
02D99AABA0CAED11A62CD892C0003F2A;FC081C55582CED11A62CD892C0003F2A;2025-05-13;-4.0;-233.64
BE7F13DEE2E3DE11ADB310650500CFB8;FC081C55582CED11A62CD892C0003F2A;2025-05-13;-2.0;-556.46
6AB3B63AC62EEE1191EE1065050029B9;FC081C55582CED11A62CD892C0003F2A;2025-05-13;-4.0;-219.12
32CB56546C8F6E11B7B78A650500CD08;FC081C55582CED11A62CD892C0003F2A;2025-05-13;-4.0;-1692.68
7DB046E8C0917E11B7B78A650500CD08;FC081C55582CED11A62CD892C0003F2A;2025-05-13;-2.0;-735.3
DC1A49A50FBBEE1191EE1065050029B9;FC081C55582CED11A62CD892C0003F2A;2025-05-13;-2.0;-194.0
09D5393C758BBE11877210650500FB59;FC081C55582CED11A62CD892C0003F2A;2025-05-13;-2.0;-229.04
ABD804ECAD62FE1191EE10650500FCB9;FC081C55582CED11A62CD892C0003F2A;2025-05-13;-2.0;-264.8
F2F89BDB7D6AFE11128010650500E819;FC081C55582CED11A62CD892C0003F2A;2025-05-13;-8.0;-134.7
A2DD54E5D0CAED11A62CD892C0003F2A;FC081C55582CED11A62CD892C0003F2A;2025-05-13;-2.0;-327.94
B0D95F1280EFFE11F1557891FE692789;FC081C55582CED11A62CD892C0003F2A;2025-05-13;-4.0;-406.4
16B7C3B4BDCFCE11ADB3106505003AB8;FC081C55582CED11A62CD892C0003F2A;2025-05-13;-6.0;-207.94
3DB0963916919E11F243BB6505005A4B;FC081C55582CED11A62CD892C0003F2A;2025-05-13;-2.0;-148.7
C759B6028D7DED11A62CD892C0003F2A;FC081C55582CED11A62CD892C0003F2A;2025-05-13;-2.0;-160.8
B2513AE95AC75E1142D58A650500DC08;FC081C55582CED11A62CD892C0003F2A;2025-05-13;-2.0;-281.92
86699F2DCECCCE11ADB31065050026B8;FC081C55582CED11A62CD892C0003F2A;2025-05-13;-2.0;-1153.38
8A8D5B098FAC9E11726010650500894A;FC081C55582CED11A62CD892C0003F2A;2025-05-13;-2.0;-336.62
67E8E5A1EDF39E115540106505008D3B;FC081C55582CED11A62CD892C0003F2A;2025-05-13;-2.0;-86.82
454012EDC877EE1191EE1065050027B9;FC081C55582CED11A62CD892C0003F2A;2025-05-13;-6.0;-1258.78
B093C4CBD1A68E11F243BB650500DB3B;FC081C55582CED11A62CD892C0003F2A;2025-05-13;-2.0;-262.42
A5815C9DA8FEFD11A4A96492C000DFF9;FC081C55582CED11A62CD892C0003F2A;2025-05-13;-6.0;-783.42
26D0FAA95A530E11A4A96492C00008E9;FC081C55582CED11A62CD892C0003F2A;2025-05-13;-2.0;-464.42
C0F2B767A4661E1143F0668E4200EE89;FC081C55582CED11A62CD892C0003F2A;2025-05-13;-2.0;-322.92
EA3685A92F94DE11ADB310650500D0C8;FC081C55582CED11A62CD892C0003F2A;2025-05-13;-2.0;-198.88
29A9F8EDAC758E113835BB6505005EAA;FC081C55582CED11A62CD892C0003F2A;2025-05-13;-2.0;-7836.0
0ED4E02A4A7D5E1142D58A6505002D08;FC081C55582CED11A62CD892C0003F2A;2025-05-13;-2.0;-329.7
A290F699F7BAFE11128010650500E819;FC081C55582CED11A62CD892C0003F2A;2025-05-13;-2.0;-41.92
8DA02CA111CAED11A62CD892C0003F2A;FC081C55582CED11A62CD892C0003F2A;2025-05-13;-2.0;-723.82
AE2F44469B37EE1191EE10650500D6B9;FC081C55582CED11A62CD892C0003F2A;2025-05-13;-2.0;-227.12
489F30271F9DEE1191EE1065050029B9;FC081C55582CED11A62CD892C0003F2A;2025-05-13;-2.0;-108.26
1D50BCE6CEE1EE114066106505006C4A;FC081C55582CED11A62CD892C0003F2A;2025-05-13;-2.0;-50.28
FD5D856D50E3DE11ADB310650500CFB8;FC081C55582CED11A62CD892C0003F2A;2025-05-13;-2.0;-519.68
B4B39A3FBAFBCE11ADB310650500F4B8;FC081C55582CED11A62CD892C0003F2A;2025-05-13;-2.0;-129.62
B13819871F9DEE1191EE1065050029B9;FC081C55582CED11A62CD892C0003F2A;2025-05-13;-2.0;-167.02
9BC8B5451A134E1142D58A6505001C08;B0BDDED34CC83E11052F6792C000B249;2025-05-13;-4.0;-1476.0
D1235EB8CC8EFE11F1557891FE697589;B0BDDED34CC83E11052F6792C000B249;2025-05-13;-4.0;-1180.0
BA4C4B91C46C6E11B7B78A650500BC08;B0BDDED34CC83E11052F6792C000B249;2025-05-13;-6.0;-579.0
4CDF87310A3EAE11BE2110650500135A;B0BDDED34CC83E11052F6792C000B249;2025-05-13;-2.0;-59.26
1B8024603062AE11726010650500D05A;B0BDDED34CC83E11052F6792C000B249;2025-05-13;-4.0;-180.26
34C04F52D0CAED11A62CD892C0003F2A;B0BDDED34CC83E11052F6792C000B249;2025-05-13;-2.0;-211.68
57A5A574877ADE11406610650500824A;B0BDDED34CC83E11052F6792C000B249;2025-05-13;-6.0;-2006.6999999999998
C72E731DD023CE11877210650500A569;B0BDDED34CC83E11052F6792C000B249;2025-05-13;-22.0;-661.54
61076332514C7E110819BB65050039AA;B0BDDED34CC83E11052F6792C000B249;2025-05-13;-4.0;-547.92
27FBE5C39B46DE11ADB310650500F2C8;B0BDDED34CC83E11052F6792C000B249;2025-05-13;-2.0;-314.22
A124E50E08449E11554010650500ED3B;B0BDDED34CC83E11052F6792C000B249;2025-05-13;-64.0;-3146.68
D2506E2A028D8E11F243BB650500254B;B0BDDED34CC83E11052F6792C000B249;2025-05-13;-2.0;-207.76
343D0636E8F19E11554010650500DA3B;B0BDDED34CC83E11052F6792C000B249;2025-05-13;-18.0;-2969.46
E4C3C57921CAED11A62CD892C0003F2A;B0BDDED34CC83E11052F6792C000B249;2025-05-13;-2.0;-225.3
F0B3034C4B100E11A4A96492C0002019;B0BDDED34CC83E11052F6792C000B249;2025-05-13;-2.0;-220.44
6E679C94F40ADE11406610650500F14A;B0BDDED34CC83E11052F6792C000B249;2025-05-13;-2.0;-46.0
2722FA2284EE4E1142D58A650500BC08;B0BDDED34CC83E11052F6792C000B249;2025-05-13;-2.0;-551.2
66D7E37B383EFE11F1557891FE690589;B0BDDED34CC83E11052F6792C000B249;2025-05-13;-2.0;-211.0
3DC33DC529265E1142D58A650500DC08;B0BDDED34CC83E11052F6792C000B249;2025-05-13;-8.0;-1445.28
537651914609BE11877210650500C859;B0BDDED34CC83E11052F6792C000B249;2025-05-13;-2.0;-390.96
A047D5CDB03D7E110819BB65050039AA;B0BDDED34CC83E11052F6792C000B249;2025-05-13;-2.0;-23.92
CEB101B1899FFE11F1557891FE69C689;B0BDDED34CC83E11052F6792C000B249;2025-05-13;-2.0;-497.44
D70519DFC0CAED11A62CD892C0003F2A;B0BDDED34CC83E11052F6792C000B249;2025-05-13;-4.0;-778.28
356B5D8371125E1142D58A650500DC08;B0BDDED34CC83E11052F6792C000B249;2025-05-13;-6.0;-202.86
293D26C3BCB1EE114066106505001C4A;B0BDDED34CC83E11052F6792C000B249;2025-05-13;-6.0;-406.08000000000004
3F15747836E2DE11ADB3106505008EB8;B0BDDED34CC83E11052F6792C000B249;2025-05-13;-2.0;-328.1
A1F4F977397BBE11877210650500EB59;B0BDDED34CC83E11052F6792C000B249;2025-05-13;-4.0;-197.26
B51589201BA8FE11128010650500D819;B0BDDED34CC83E11052F6792C000B249;2025-05-13;-2.0;-100.0
164FF067C934DE11ADB31065050050C8;B0BDDED34CC83E11052F6792C000B249;2025-05-13;-2.0;-511.78
8DE64C228ABAFE11128010650500E819;B0BDDED34CC83E11052F6792C000B249;2025-05-13;-4.0;-1574.64
9482E23955137E11B7B78A650500DD08;B0BDDED34CC83E11052F6792C000B249;2025-05-13;-2.0;-291.78
19D708750FBBEE1191EE1065050029B9;B0BDDED34CC83E11052F6792C000B249;2025-05-13;-2.0;-458.0
EC6D6B7061593E11052F6792C000D249;B0BDDED34CC83E11052F6792C000B249;2025-05-13;-4.0;-629.9
4EA80755CB63CE118772106505000669;B0BDDED34CC83E11052F6792C000B249;2025-05-13;-2.0;-118.7
8AA413FC02010F11112A674AC7E2B889;B0BDDED34CC83E11052F6792C000B249;2025-05-13;-4.0;-332.0
4F8E3999A89BEE1191EE1065050029B9;B0BDDED34CC83E11052F6792C000B249;2025-05-13;-6.0;-282.32
E8AA9A9E89FC9E11726010650500E94A;B0BDDED34CC83E11052F6792C000B249;2025-05-13;-4.0;-82.28
A620F91E019EBE11877210650500DF59;B0BDDED34CC83E11052F6792C000B249;2025-05-13;-4.0;-111.44
CF3D433B68363E11052F6792C000FF39;B0BDDED34CC83E11052F6792C000B249;2025-05-13;-4.0;-196.48
2E1A48881CF22E1143F0668E4200C71A;B0BDDED34CC83E11052F6792C000B249;2025-05-13;-2.0;-213.34
5D89695ABEB5CE11ADB3106505004DA8;B0BDDED34CC83E11052F6792C000B249;2025-05-13;-2.0;-66.42
3C3D615121C8FE11128010650500D819;B0BDDED34CC83E11052F6792C000B249;2025-05-13;-2.0;-57.48
B1D3768C1A5FFE11F1557891FE697689;B0BDDED34CC83E11052F6792C000B249;2025-05-13;-2.0;-121.98
B2A83E4CF2D2FE1191EE106505007DB9;B0BDDED34CC83E11052F6792C000B249;2025-05-13;-2.0;-36.5
335C8EE9F7BAFE11128010650500E819;B0BDDED34CC83E11052F6792C000B249;2025-05-13;-4.0;-84.0
F4F69E9F27B00F11F1557891FE693889;B0BDDED34CC83E11052F6792C000B249;2025-05-13;-2.0;-1206.46
346A6C173D027E11B7B78A650500CD08;B0BDDED34CC83E11052F6792C000B249;2025-05-13;-2.0;-189.7
DD7A82503AC0DE11ADB310650500ABB8;B0BDDED34CC83E11052F6792C000B249;2025-05-13;-10.0;-370.34
8E6E948E05B4DE11ADB310650500F0C8;B0BDDED34CC83E11052F6792C000B249;2025-05-13;-2.0;-116.16
387233DCCE80FE1191EE106505009AB9;B0BDDED34CC83E11052F6792C000B249;2025-05-13;-4.0;-512.28
E08A42E57B753E11052F6792C000FF39;B0BDDED34CC83E11052F6792C000B249;2025-05-13;-2.0;-726.2
265AABC9544DEE1191EE1065050029B9;B0BDDED34CC83E11052F6792C000B249;2025-05-13;-6.0;-86.14
6F511FFF41CAED11A62CD892C0003F2A;B0BDDED34CC83E11052F6792C000B249;2025-05-13;-2.0;-223.26
866C3997B34C2E11052F6792C000CF39;B0BDDED34CC83E11052F6792C000B249;2025-05-13;-2.0;-284.8
7B12EBF771500F11F1557891FE69B789;B0BDDED34CC83E11052F6792C000B249;2025-05-13;-2.0;-38.0
594CF229BFAF5E1142D58A650500AD08;B0BDDED34CC83E11052F6792C000B249;2025-05-13;-2.0;-324.0
2148978EF4B4DE11ADB310650500F0C8;B0BDDED34CC83E11052F6792C000B249;2025-05-13;-2.0;-116.16
5EEBC9DDC877EE1191EE1065050027B9;B0BDDED34CC83E11052F6792C000B249;2025-05-13;-2.14;-539.98
DA39BC1E81365E1142D58A650500DC08;B0BDDED34CC83E11052F6792C000B249;2025-05-13;-2.0;-480.0
09966C2B0876BE118772106505008559;B0BDDED34CC83E11052F6792C000B249;2025-05-13;-16.0;-387.2
D7E0F0474371BE11BE2110650500375A;B0BDDED34CC83E11052F6792C000B249;2025-05-13;-2.0;-577.8
3B0EFACF6C2CDE11406610650500E44A;B0BDDED34CC83E11052F6792C000B249;2025-05-13;-6.0;-920.58
205641706D52EE11406610650500FC4A;B0BDDED34CC83E11052F6792C000B249;2025-05-13;-2.0;-489.38
A6587A2041CAED11A62CD892C0003F2A;B0BDDED34CC83E11052F6792C000B249;2025-05-13;-2.0;-528.2
DF12447D4D399E11525010650500E94A;B0BDDED34CC83E11052F6792C000B249;2025-05-13;-2.0;-256.4
85FE541BBE14CE11877210650500E669;B0BDDED34CC83E11052F6792C000B249;2025-05-13;-4.0;-356.88
9B8811A4C7EFCE11ADB3106505006AB8;B0BDDED34CC83E11052F6792C000B249;2025-05-13;-2.0;-63.0
98B8E940CD2ECE11ADB31065050008B8;B0BDDED34CC83E11052F6792C000B249;2025-05-13;-2.0;-108.64
5278A1AD72B3EE11B1AD10650500F6EA;B0BDDED34CC83E11052F6792C000B249;2025-05-13;-2.0;-237.5
C95A376401CAED11A62CD892C0003F2A;B0BDDED34CC83E11052F6792C000B249;2025-05-13;-2.0;-275.8
1A9D772C0040EE114066106505003A4A;B0BDDED34CC83E11052F6792C000B249;2025-05-13;-2.0;-68.0
F9FF64DF7BCE8E11F243BB650500C64B;B0BDDED34CC83E11052F6792C000B249;2025-05-13;-2.0;-202.88
13EDC40BBE6DFE11F1557891FE690489;B0BDDED34CC83E11052F6792C000B249;2025-05-13;-2.0;-305.2
E1A45ED7F2E3DE11ADB310650500CFB8;B0BDDED34CC83E11052F6792C000B249;2025-05-13;-2.0;-248.8
9CDF16A58B50EE114066106505005A4A;B0BDDED34CC83E11052F6792C000B249;2025-05-13;-2.0;-42.44
C0B0682B0464AE11726010650500635A;B0BDDED34CC83E11052F6792C000B249;2025-05-13;-2.0;-393.86
6FB634B410CAED11A62CD892C0003F2A;B0BDDED34CC83E11052F6792C000B249;2025-05-13;-2.0;-250.32
185B9B4990CAED11A62CD892C0003F2A;B0BDDED34CC83E11052F6792C000B249;2025-05-13;-2.0;-312.32
4267F7582642FE1191EE10650500CCB9;B0BDDED34CC83E11052F6792C000B249;2025-05-13;-2.0;-800.02
F752EEED7BCEFE11F1557891FE69C589;B0BDDED34CC83E11052F6792C000B249;2025-05-13;-2.0;-2776.0
AF6724E8CC8EFE11F1557891FE697589;B0BDDED34CC83E11052F6792C000B249;2025-05-13;-2.0;-56.0
A3E510C0DE2DBE118772106505001E59;B0BDDED34CC83E11052F6792C000B249;2025-05-13;-4.0;-359.56
0A0F415F330A3E11052F6792C000D249;B0BDDED34CC83E11052F6792C000B249;2025-05-13;-2.0;-146.38
404D8C0C64FF4E1142D58A650500BC08;B0BDDED34CC83E11052F6792C000B249;2025-05-13;-2.0;-63.88
A5A139B2829BED11A62CD892C0003F2A;B0BDDED34CC83E11052F6792C000B249;2025-05-13;-2.0;-1925.9
434E3999A89BEE1191EE1065050029B9;B0BDDED34CC83E11052F6792C000B249;2025-05-13;-2.0;-184.12
CBA1ACB9F789DE11406610650500514A;B0BDDED34CC83E11052F6792C000B249;2025-05-13;-2.0;-51.0
C32E9409EC14CE11877210650500E669;B0BDDED34CC83E11052F6792C000B249;2025-05-13;-2.0;-422.54
2B8779C141CAED11A62CD892C0003F2A;B0BDDED34CC83E11052F6792C000B249;2025-05-13;-2.0;-362.04
B1F7ACBDCA053E11052F6792C000FF39;B0BDDED34CC83E11052F6792C000B249;2025-05-13;-2.0;-288.2
F60ACCD6D4F5FE1191EE10650500A1C9;B0BDDED34CC83E11052F6792C000B249;2025-05-13;-2.0;-579.52
08AA90AB0C6A9E115250106505006B4A;B0BDDED34CC83E11052F6792C000B249;2025-05-13;-2.0;-659.06
77F128161AE00F11112A674AC7E29889;B0BDDED34CC83E11052F6792C000B249;2025-05-13;-2.0;-29.72
48904BBEC0CAED11A62CD892C0003F2A;B0BDDED34CC83E11052F6792C000B249;2025-05-13;-2.0;-325.14
F585D4A2CD387E110819BB65050009AA;B0BDDED34CC83E11052F6792C000B249;2025-05-13;-2.0;-65.38
3594E7F5D035CE11ADB3106505000DA8;B0BDDED34CC83E11052F6792C000B249;2025-05-13;-2.0;-284.84
6732DB0D8F74FE1191EE10650500CFB9;B0BDDED34CC83E11052F6792C000B249;2025-05-13;-2.0;-123.6
6883CD0A469BED11A62CD892C0003F2A;B0BDDED34CC83E11052F6792C000B249;2025-05-13;-2.0;-249.62
CDB155BAA40BFE11128010650500E819;B0BDDED34CC83E11052F6792C000B249;2025-05-13;-2.0;-281.26
AC11F557695EDE11406610650500C74A;B0BDDED34CC83E11052F6792C000B249;2025-05-13;-6.0;-1263.54
FB71EA8162C5EE1191EE1065050045B9;B0BDDED34CC83E11052F6792C000B249;2025-05-13;-4.0;-1008.0
21998708FFC32E1143F0668E4200C71A;B0BDDED34CC83E11052F6792C000B249;2025-05-13;-2.0;-170.56
30EC1E9FFF29DE11C84610650500E17A;B0BDDED34CC83E11052F6792C000B249;2025-05-13;-2.0;-552.48
D035423CFC456E11B7B78A650500BC08;44673735EAF46E11B7B78A650500BC08;2025-05-13;-2.0;-459.68
8ADCFDD2EE2BBE118772106505008B59;44673735EAF46E11B7B78A650500BC08;2025-05-13;-12.0;-1786.78
4C2C200DFD456E11B7B78A650500BC08;44673735EAF46E11B7B78A650500BC08;2025-05-13;-4.0;-820.0
6EE2EFF1B0A1EE11406610650500FB4A;44673735EAF46E11B7B78A650500BC08;2025-05-13;-4.0;-476.76
D0F1E94A5A8BDE11406610650500044A;44673735EAF46E11B7B78A650500BC08;2025-05-13;-8.0;-1040.0
D72693E4CD456E11B7B78A650500BC08;44673735EAF46E11B7B78A650500BC08;2025-05-13;-2.0;-110.0
C55E2EEFDE456E11B7B78A650500BC08;44673735EAF46E11B7B78A650500BC08;2025-05-13;-84.0;-5476.8
4767B66863039E115540106505004C3B;44673735EAF46E11B7B78A650500BC08;2025-05-13;-2.0;-234.04
5EAA59F21C7C9E11726010650500494A;44673735EAF46E11B7B78A650500BC08;2025-05-13;-2.0;-114.62
4AC21FEC94E10F114EF7A826072BE989;44673735EAF46E11B7B78A650500BC08;2025-05-13;-2.0;-873.0
6C339A72E18ADE11406610650500924A;44673735EAF46E11B7B78A650500BC08;2025-05-13;-2.0;-1194.0
EB5980AE1C427E11B7B78A650500CD08;44673735EAF46E11B7B78A650500BC08;2025-05-13;-2.0;-713.0
DAF58FB1DC456E11B7B78A650500BC08;44673735EAF46E11B7B78A650500BC08;2025-05-13;-4.0;-218.96
DB5E50A1B0A1EE11406610650500FB4A;44673735EAF46E11B7B78A650500BC08;2025-05-13;-4.0;-440.92
DC9DD781433F6E11B7B78A650500CD08;44673735EAF46E11B7B78A650500BC08;2025-05-13;-2.0;-22.66
F661B8747B4F6E11B7B78A650500CD08;44673735EAF46E11B7B78A650500BC08;2025-05-13;-84.0;-498.12
382693E4CD456E11B7B78A650500BC08;44673735EAF46E11B7B78A650500BC08;2025-05-13;-4.0;-220.0
4E71D96512248E113835BB6505009CAA;44673735EAF46E11B7B78A650500BC08;2025-05-13;-32.0;-1165.7399999999998
63A6E3349C44FE1191EE106505007FB9;44673735EAF46E11B7B78A650500BC08;2025-05-13;-2.0;-365.4
6D12452A3E263E11052F6792C000FF39;44673735EAF46E11B7B78A650500BC08;2025-05-13;-2.0;-179.78
B23316FBBD1EFE11F1557891FE69E489;44673735EAF46E11B7B78A650500BC08;2025-05-13;-2.0;-258.42
CB593F7B72C97E110819BB65050019AA;44673735EAF46E11B7B78A650500BC08;2025-05-13;-18.0;-285.84
EA77304C1E456E11B7B78A650500BC08;44673735EAF46E11B7B78A650500BC08;2025-05-13;-2.0;-797.94
CD9DE51F066E9E11726010650500CB4A;44673735EAF46E11B7B78A650500BC08;2025-05-13;-2.0;-39.0
2CD58392A1567E11B7B78A650500ED08;44673735EAF46E11B7B78A650500BC08;2025-05-13;-2.0;-85.72
6D51B697D7A5DE11ADB31065050022C8;44673735EAF46E11B7B78A650500BC08;2025-05-13;-4.0;-538.1
0F27FD8A72C97E110819BB65050019AA;44673735EAF46E11B7B78A650500BC08;2025-05-13;-24.0;-315.58000000000004
B01142C8008CBE118772106505003D59;44673735EAF46E11B7B78A650500BC08;2025-05-13;-2.0;-784.08
444E3277238FCE11ADB310650500D9B8;44673735EAF46E11B7B78A650500BC08;2025-05-13;-2.0;-951.3
BE93DCFD9F25FE1191EE10650500A0C9;44673735EAF46E11B7B78A650500BC08;2025-05-13;-4.0;-402.74
00BA59F21C7C9E11726010650500494A;44673735EAF46E11B7B78A650500BC08;2025-05-13;-2.0;-128.88
F9FD29B141248E113835BB6505009CAA;44673735EAF46E11B7B78A650500BC08;2025-05-13;-6.0;-110.39999999999999
42219D8932106E1142D58A650500AD08;44673735EAF46E11B7B78A650500BC08;2025-05-13;-2.0;-184.36
A20403D0F621BE11BE2110650500D65A;44673735EAF46E11B7B78A650500BC08;2025-05-13;-2.0;-166.14
2AE4B5203D456E11B7B78A650500BC08;44673735EAF46E11B7B78A650500BC08;2025-05-13;-10.0;-537.4
C6E5E0944E456E11B7B78A650500BC08;44673735EAF46E11B7B78A650500BC08;2025-05-13;-16.0;-1080.0
DE8150A455639E11554010650500CC3B;44673735EAF46E11B7B78A650500BC08;2025-05-13;-6.0;-2166.8199999999997
4242ED15E68FEE1191EE1065050049B9;44673735EAF46E11B7B78A650500BC08;2025-05-13;-2.0;-1216.0
E7F6290DC8DA7E110819BB65050039AA;44673735EAF46E11B7B78A650500BC08;2025-05-13;-4.0;-755.36
55233BFF1CA8BE118772106505005859;44673735EAF46E11B7B78A650500BC08;2025-05-13;-2.0;-97.24
04B65EB0E6568E11F243BB6505007B3B;44673735EAF46E11B7B78A650500BC08;2025-05-13;-10.0;-593.58
FD61F64639248E113835BB650500ACAA;44673735EAF46E11B7B78A650500BC08;2025-05-13;-4.0;-85.04
F4759C2A10556E11B7B78A650500BC08;44673735EAF46E11B7B78A650500BC08;2025-05-13;-2.0;-569.22
ABD58392A1567E11B7B78A650500ED08;44673735EAF46E11B7B78A650500BC08;2025-05-13;-2.0;-61.98
76DDFC4FED456E11B7B78A650500BC08;44673735EAF46E11B7B78A650500BC08;2025-05-13;-4.0;-972.0
3B64D21F21FA8E11F243BB650500514B;44673735EAF46E11B7B78A650500BC08;2025-05-13;-2.0;-116.54
2AAE8BC94D456E11B7B78A650500BC08;44673735EAF46E11B7B78A650500BC08;2025-05-13;-2.0;-288.6
2C6E2588AC456E11B7B78A650500BC08;44673735EAF46E11B7B78A650500BC08;2025-05-13;-2.0;-313.0
B80A1CC604B89E11525010650500294A;44673735EAF46E11B7B78A650500BC08;2025-05-13;-2.0;-170.42
AEF155EB3C456E11B7B78A650500BC08;44673735EAF46E11B7B78A650500BC08;2025-05-13;-4.0;-294.3
D0444CDD7E456E11B7B78A650500BC08;44673735EAF46E11B7B78A650500BC08;2025-05-13;-10.0;-627.0
AD6AA4B92E456E11B7B78A650500BC08;44673735EAF46E11B7B78A650500BC08;2025-05-13;-8.0;-4166.42
E9DC76387DECEE1191EE1065050029B9;44673735EAF46E11B7B78A650500BC08;2025-05-13;-4.0;-1355.4
9BFAB03846A27E11B7B78A650500DD08;44673735EAF46E11B7B78A650500BC08;2025-05-13;-4.0;-261.6
56736176E770BE11BE2110650500F55A;44673735EAF46E11B7B78A650500BC08;2025-05-13;-8.0;-454.76
5557D8CB1D456E11B7B78A650500BC08;44673735EAF46E11B7B78A650500BC08;2025-05-13;-12.0;-10492.0
EFE9CAB8E770BE11BE2110650500F55A;44673735EAF46E11B7B78A650500BC08;2025-05-13;-2.0;-120.68
48654E473392BE11BE2110650500A85A;44673735EAF46E11B7B78A650500BC08;2025-05-13;-4.0;-128.68
0B7BA3AAF655BE11BE21106505002C5A;44673735EAF46E11B7B78A650500BC08;2025-05-13;-2.0;-223.28
CB868B0A43047E11B7B78A650500DD08;44673735EAF46E11B7B78A650500BC08;2025-05-13;-2.0;-1015.84
54B411B11FDD6E11B7B78A650500BC08;44673735EAF46E11B7B78A650500BC08;2025-05-13;-12.0;-256.32
89AFE694AC456E11B7B78A650500BC08;44673735EAF46E11B7B78A650500BC08;2025-05-13;-4.0;-79.06
3DF9912ED621BE11BE2110650500D65A;44673735EAF46E11B7B78A650500BC08;2025-05-13;-8.0;-936.0
70E31DD4F9CB8E11F243BB650500624B;44673735EAF46E11B7B78A650500BC08;2025-05-13;-14.0;-5236.0
8904DA618D456E11B7B78A650500BC08;44673735EAF46E11B7B78A650500BC08;2025-05-13;-4.0;-125.88
2E1BC62FE071AE11726010650500AF4A;44673735EAF46E11B7B78A650500BC08;2025-05-13;-2.0;-4714.24
6102EDDAC92F6E11B7B78A650500CD08;44673735EAF46E11B7B78A650500BC08;2025-05-13;-4.0;-229.24
C3F8FB0C2E456E11B7B78A650500BC08;44673735EAF46E11B7B78A650500BC08;2025-05-13;-20.0;-1520.0
88CD8984ABE1EE114066106505006C4A;44673735EAF46E11B7B78A650500BC08;2025-05-13;-2.0;-132.72
70E3B0C1DEF9AE11BE2110650500BD4A;44673735EAF46E11B7B78A650500BC08;2025-05-13;-4.0;-377.36
0538119280A49E115540106505006E3B;44673735EAF46E11B7B78A650500BC08;2025-05-13;-2.0;-578.48
544B8155859F6E11B7B78A650500CD08;44673735EAF46E11B7B78A650500BC08;2025-05-13;-2.0;-1510.0
F6BA35B36CE1DE11ADB3106505004DB8;44673735EAF46E11B7B78A650500BC08;2025-05-13;-8.0;-640.56
DA067B9FDD456E11B7B78A650500BC08;44673735EAF46E11B7B78A650500BC08;2025-05-13;-2.0;-2284.22
DD7686669B46DE11ADB310650500F2C8;44673735EAF46E11B7B78A650500BC08;2025-05-13;-2.0;-314.24
C3EE077F7D456E11B7B78A650500BC08;44673735EAF46E11B7B78A650500BC08;2025-05-13;-4.0;-124.8
686EDC4E3C456E11B7B78A650500BC08;44673735EAF46E11B7B78A650500BC08;2025-05-13;-4.0;-392.72
BF8036F7D7A5DE11ADB31065050022C8;44673735EAF46E11B7B78A650500BC08;2025-05-13;-2.0;-91.64
71330E5D477F8E11F243BB650500A74B;44673735EAF46E11B7B78A650500BC08;2025-05-13;-2.0;-78.4
5B54401AD0FBEE1191EE1065050029B9;44673735EAF46E11B7B78A650500BC08;2025-05-13;-2.0;-281.28
ACBF724E5D456E11B7B78A650500BC08;44673735EAF46E11B7B78A650500BC08;2025-05-13;-2.0;-828.76
98DC3E95D270DE11ADB3106505003BB8;44673735EAF46E11B7B78A650500BC08;2025-05-13;-2.0;-383.82
C420B24DE61E4E1142D58A650500BC08;44673735EAF46E11B7B78A650500BC08;2025-05-13;-2.0;-333.8
3624D5E2AEEBCE11ADB310650500E4B8;44673735EAF46E11B7B78A650500BC08;2025-05-13;-2.0;-234.92
1C577F655AE66E11B7B78A650500BC08;44673735EAF46E11B7B78A650500BC08;2025-05-13;-4.0;-142.4
9708626FCAD0FE1191EE10650500FAB9;44673735EAF46E11B7B78A650500BC08;2025-05-13;-4.0;-252.96
80F7EB7A03078E11F243BB6505005C3B;44673735EAF46E11B7B78A650500BC08;2025-05-13;-2.0;-174.54
8220D7364C456E11B7B78A650500BC08;44673735EAF46E11B7B78A650500BC08;2025-05-13;-4.0;-224.16
BB58870C03078E11F243BB6505005C3B;44673735EAF46E11B7B78A650500BC08;2025-05-13;-2.0;-871.8
C786FA88A8E9BE11877210650500E959;44673735EAF46E11B7B78A650500BC08;2025-05-13;-2.0;-210.0
39DAA76D7E8ADE11406610650500A24A;44673735EAF46E11B7B78A650500BC08;2025-05-13;-12.0;-603.18
DBFE0F1B6EEBCE11ADB310650500E4B8;44673735EAF46E11B7B78A650500BC08;2025-05-13;-2.0;-324.0
DCEC78110DF17E11B7B78A650500CD08;44673735EAF46E11B7B78A650500BC08;2025-05-13;-6.0;-77.69999999999999
509E76E7640E1E1143F0668E4200502B;44673735EAF46E11B7B78A650500BC08;2025-05-13;-2.0;-97.28
E674091C9D456E11B7B78A650500BC08;44673735EAF46E11B7B78A650500BC08;2025-05-13;-2.0;-111.32
98277BD1DD456E11B7B78A650500BC08;44673735EAF46E11B7B78A650500BC08;2025-05-13;-2.0;-724.0
4268C62B5366EE1191EE1065050016B9;44673735EAF46E11B7B78A650500BC08;2025-05-13;-2.0;-58.8
B465D76136D6EE1191EE1065050096B9;44673735EAF46E11B7B78A650500BC08;2025-05-13;-2.0;-586.52
1CD40525B0CAED11A62CD892C0003F2A;44673735EAF46E11B7B78A650500BC08;2025-05-13;-2.0;-536.4
5B688D8BB5B9CE11ADB310650500F1B8;44673735EAF46E11B7B78A650500BC08;2025-05-13;-2.0;-11.42
F9F449F499775E1142D58A650500DC08;44673735EAF46E11B7B78A650500BC08;2025-05-13;-6.0;-420.76
ED09394EB8E3BE11BE21106505005A5A;44673735EAF46E11B7B78A650500BC08;2025-05-13;-4.0;-168.06
934E3601BAC9FE11128010650500E819;44673735EAF46E11B7B78A650500BC08;2025-05-13;-2.0;-41.0
B8DC2FDC72C97E110819BB65050019AA;44673735EAF46E11B7B78A650500BC08;2025-05-13;0.0;0.0
A7EB1903BA66CE11ADB310650500BDA8;44673735EAF46E11B7B78A650500BC08;2025-05-13;-6.0;-83.18
6666E1305980FE1191EE106505008AB9;44673735EAF46E11B7B78A650500BC08;2025-05-13;-2.0;-279.6
FCC9452AC505FE1191EE1065050070C9;44673735EAF46E11B7B78A650500BC08;2025-05-13;-14.0;-1638.0
11EC19A83915CE11ADB3106505000DA8;44673735EAF46E11B7B78A650500BC08;2025-05-13;-2.0;-767.28
1F6813864D85DE11ADB31065050002C8;44673735EAF46E11B7B78A650500BC08;2025-05-13;-2.0;-165.62
61F26D5AFB5F7E110819BB65050039AA;44673735EAF46E11B7B78A650500BC08;2025-05-13;-10.0;-403.26
58277BD1DD456E11B7B78A650500BC08;44673735EAF46E11B7B78A650500BC08;2025-05-13;-4.0;-1508.0
913102CEBDDECE11ADB310650500E8B8;44673735EAF46E11B7B78A650500BC08;2025-05-13;-2.0;-547.0
310C00DE6EEAAE11BE2110650500EE4A;44673735EAF46E11B7B78A650500BC08;2025-05-13;-8.0;-141.88
33AC96012F83AE11726010650500525A;44673735EAF46E11B7B78A650500BC08;2025-05-13;-2.0;-482.4
A17ADCE697B0FE1191EE10650500CAB9;44673735EAF46E11B7B78A650500BC08;2025-05-13;-2.0;-1206.72
000D1419D9CC6E11B7B78A650500BC08;44673735EAF46E11B7B78A650500BC08;2025-05-13;-2.0;-174.0
101484503E456E11B7B78A650500BC08;44673735EAF46E11B7B78A650500BC08;2025-05-13;-4.0;-8304.0
EDA295195923FE1191EE10650500FDB9;44673735EAF46E11B7B78A650500BC08;2025-05-13;-20.0;-1427.8
8E52EC50E6568E11F243BB6505007B3B;44673735EAF46E11B7B78A650500BC08;2025-05-13;-2.0;-74.2
725559B666767E11B7B78A650500ED08;44673735EAF46E11B7B78A650500BC08;2025-05-13;-2.0;-367.58
045BF3BE3C456E11B7B78A650500BC08;44673735EAF46E11B7B78A650500BC08;2025-05-13;-4.0;-442.0
56CF95CD6E29CE11ADB31065050041B8;44673735EAF46E11B7B78A650500BC08;2025-05-13;-2.0;-438.3
14C029B21D1DDE11406610650500164A;44673735EAF46E11B7B78A650500BC08;2025-05-13;-8.0;-771.74
C0E08354BFFD9E117260106505004B4A;44673735EAF46E11B7B78A650500BC08;2025-05-13;-2.0;-662.5
E9A5103BBD456E11B7B78A650500BC08;44673735EAF46E11B7B78A650500BC08;2025-05-13;-14.0;-342.64
EBF67D3F67400F11F1557891FE69A789;44673735EAF46E11B7B78A650500BC08;2025-05-13;-4.0;-2824.0
3AA0E8E2D0458E113835BB6505000EAA;44673735EAF46E11B7B78A650500BC08;2025-05-13;-2.0;-134.3
762C770EBC787E110819BB65050009AA;44673735EAF46E11B7B78A650500BC08;2025-05-13;-2.0;-63.74
05B63D2329363E11052F6792C000FF39;44673735EAF46E11B7B78A650500BC08;2025-05-13;-2.0;-72.52
9AC0B1EBB9456E11B7B78A650500BC08;44673735EAF46E11B7B78A650500BC08;2025-05-13;-2.0;-244.0
ACE84C0834885E1142D58A650500DC08;44673735EAF46E11B7B78A650500BC08;2025-05-13;-2.0;-44.0
AB44DB3AAF456E11B7B78A650500BC08;44673735EAF46E11B7B78A650500BC08;2025-05-13;-6.0;-5833.86
84EC50CA45848E113835BB6505001DAA;44673735EAF46E11B7B78A650500BC08;2025-05-13;-2.0;-389.56
6948FEE04A108E110819BB65050039AA;44673735EAF46E11B7B78A650500BC08;2025-05-13;-18.0;-1185.78
8837CD6E94CBCE11ADB310650500B4B8;44673735EAF46E11B7B78A650500BC08;2025-05-13;-2.0;-796.0
64C5195257363E11052F6792C000FF39;44673735EAF46E11B7B78A650500BC08;2025-05-13;-4.0;-101.28
2E41CD825D31EE114066106505007B4A;44673735EAF46E11B7B78A650500BC08;2025-05-13;-2.0;-2272.0
752BC1AECDC4CE11ADB3106505000DA8;44673735EAF46E11B7B78A650500BC08;2025-05-13;-2.0;-752.0
5CC23C62713C9E11726010650500E84A;44673735EAF46E11B7B78A650500BC08;2025-05-13;-2.0;-320.0
0E12452A3E263E11052F6792C000FF39;44673735EAF46E11B7B78A650500BC08;2025-05-13;-2.0;-137.3
FB2BB701BD889E11525010650500F84A;44673735EAF46E11B7B78A650500BC08;2025-05-13;-8.0;-734.88
E9C185AD1DC97E110819BB65050019AA;B0BDDED34CC83E11052F6792C000B249;2025-05-13;-2.0;-141.12
83CC72ACC09EBE11877210650500DF59;B0BDDED34CC83E11052F6792C000B249;2025-05-13;-2.0;-55.72
5F09AA3111CAED11A62CD892C0003F2A;FC081C55582CED11A62CD892C0003F2A;2025-05-13;-2.0;-859.22
764E4448A991BE11BE2110650500675A;44673735EAF46E11B7B78A650500BC08;2025-05-13;-2.0;-826.0
7E331D15C295FE1191EE1065050021C9;B0BDDED34CC83E11052F6792C000B249;2025-05-13;-2.0;-1080.0
8A6DD158D0CAED11A62CD892C0003F2A;44673735EAF46E11B7B78A650500BC08;2025-05-13;0.0;0.0
886DD158D0CAED11A62CD892C0003F2A;44673735EAF46E11B7B78A650500BC08;2025-05-13;0.0;0.0
9669C44B146B3E11052F6792C000D249;FC081C55582CED11A62CD892C0003F2A;2025-05-13;6.0;359.82
3F8325B2B23DBE118772106505001E59;44673735EAF46E11B7B78A650500BC08;2025-05-13;-14.0;-1210.98
D2801BDA2640FE1191EE106505003AB9;FC081C55582CED11A62CD892C0003F2A;2025-05-13;0.0;0.0
DA5D774AA60BFE11128010650500E819;FC081C55582CED11A62CD892C0003F2A;2025-05-13;0.0;0.0
F17232B45FFEEE1191EE1065050029B9;FC081C55582CED11A62CD892C0003F2A;2025-05-13;0.0;0.0
5490F1D2B6AEEE1191EE1065050029B9;FC081C55582CED11A62CD892C0003F2A;2025-05-13;0.0;0.0
D68D9BC431010F11112A674AC7E2B889;FC081C55582CED11A62CD892C0003F2A;2025-05-13;0.0;0.0
75C80377B1C10F114EF7A826072BB989;FC081C55582CED11A62CD892C0003F2A;2025-05-13;0.0;0.0
CCF5F91058B03E11052F6792C000CF39;FC081C55582CED11A62CD892C0003F2A;2025-05-13;0.0;0.0
9C233FE56DEFFE11F1557891FE693789;FC081C55582CED11A62CD892C0003F2A;2025-05-13;0.0;0.0
2358F2FDF513CE118772106505009569;FC081C55582CED11A62CD892C0003F2A;2025-05-13;0.0;0.0
0C95135EF513CE118772106505009569;FC081C55582CED11A62CD892C0003F2A;2025-05-13;0.0;0.0
951EAC9BC53FCE11ADB31065050059B8;FC081C55582CED11A62CD892C0003F2A;2025-05-13;0.0;0.0
7ADCB0AF7068FE11128010650500D819;FC081C55582CED11A62CD892C0003F2A;2025-05-13;0.0;0.0
1FD25EB8CC8EFE11F1557891FE697589;FC081C55582CED11A62CD892C0003F2A;2025-05-13;0.0;0.0
D4A7F05B506AAE11BE21106505003E4A;FC081C55582CED11A62CD892C0003F2A;2025-05-13;0.0;0.0
E72EAE3F108EFE11F1557891FE696589;FC081C55582CED11A62CD892C0003F2A;2025-05-13;0.0;0.0
376EAE3F108EFE11F1557891FE696589;FC081C55582CED11A62CD892C0003F2A;2025-05-13;0.0;0.0
8E578A6EF77EFE11F1557891FE695589;FC081C55582CED11A62CD892C0003F2A;2025-05-13;0.0;0.0
40010CA07752CE11877210650500A469;44673735EAF46E11B7B78A650500BC08;2025-05-13;-14.0;-4123.0
9D6C30910ADADE11406610650500134A;44673735EAF46E11B7B78A650500BC08;2025-05-13;-18.0;-6850.08
9DA94706F2DFAE11BE2110650500255A;44673735EAF46E11B7B78A650500BC08;2025-05-13;-4.0;-838.04
0C74308A917ABE118772106505009A59;44673735EAF46E11B7B78A650500BC08;2025-05-13;-2.0;-1072.46
97C5C96F1E456E11B7B78A650500BC08;44673735EAF46E11B7B78A650500BC08;2025-05-13;6.0;1573.02
0A1A580CBC1C6E11B7B78A650500BC08;44673735EAF46E11B7B78A650500BC08;2025-05-13;-6.0;-89.28
E1AF38F5A6F5AE11BE2110650500984A;44673735EAF46E11B7B78A650500BC08;2025-05-13;300.0;10894.14
CF32AE3A2A6BFE111280106505000919;B0BDDED34CC83E11052F6792C000B249;2025-05-13;-2.0;-85.98
0B0A0377B1C10F114EF7A826072BB989;B0BDDED34CC83E11052F6792C000B249;2025-05-13;0.0;0.0
99C68089A86CCE11ADB310650500A5B8;B0BDDED34CC83E11052F6792C000B249;2025-05-13;0.0;0.0
F1FDE146C654EE11B1AD10650500C7EA;B0BDDED34CC83E11052F6792C000B249;2025-05-13;0.0;0.0
EF2B6B9C779C2E11052F6792C000CF39;B0BDDED34CC83E11052F6792C000B249;2025-05-13;0.0;0.0
BA867B38B82FCE11ADB31065050049B8;B0BDDED34CC83E11052F6792C000B249;2025-05-13;0.0;0.0
537C9708B82FCE11ADB31065050049B8;B0BDDED34CC83E11052F6792C000B249;2025-05-13;0.0;0.0
B00F6451D2798E11F243BB6505006F3B;B0BDDED34CC83E11052F6792C000B249;2025-05-13;0.0;0.0
59DDEB7BF093FE1191EE106505008EB9;B0BDDED34CC83E11052F6792C000B249;2025-05-13;0.0;5.684341886080802e-14
0B4E0D1A4A93FE1191EE106505009EB9;B0BDDED34CC83E11052F6792C000B249;2025-05-13;0.0;0.0
350D4F10C48ECE11ADB31065050078B8;B0BDDED34CC83E11052F6792C000B249;2025-05-13;-2.0;-73.74
2413F6C2D74CDE11406610650500054A;B0BDDED34CC83E11052F6792C000B249;2025-05-13;-10.0;-286.3
5BF6F22A9836CE11ADB3106505008DA8;B0BDDED34CC83E11052F6792C000B249;2025-05-13;0.0;0.0
A8257301863EAE11BE2110650500135A;B0BDDED34CC83E11052F6792C000B249;2025-05-13;2.0;36.92
022A1AE958F1EE114066106505007C4A;B0BDDED34CC83E11052F6792C000B249;2025-05-13;-2.0;-71.34
309C2C1F68DDCE11ADB31065050097B8;B0BDDED34CC83E11052F6792C000B249;2025-05-13;0.0;0.0
E6F47934763EAE11BE2110650500135A;B0BDDED34CC83E11052F6792C000B249;2025-05-13;0.0;0.0
E4D7718565E0EE114066106505000B4A;B0BDDED34CC83E11052F6792C000B249;2025-05-13;0.0;0.0
6564F3140F6CDE11406610650500354A;B0BDDED34CC83E11052F6792C000B249;2025-05-13;0.0;0.0
AF8692FC0442EE11406610650500DC4A;B0BDDED34CC83E11052F6792C000B249;2025-05-13;0.0;0.0
425F649DAB74EE11B1AD10650500F7EA;B0BDDED34CC83E11052F6792C000B249;2025-05-13;0.0;0.0
8A9FD8FFCCEEDE11406610650500884A;B0BDDED34CC83E11052F6792C000B249;2025-05-13;0.0;0.0
D857C79C42FEFE11F1557891FE69F589;FC081C55582CED11A62CD892C0003F2A;2025-05-13;36.0;14003.64
88CCF3B05A7CDE11406610650500454A;FC081C55582CED11A62CD892C0003F2A;2025-05-13;-2.0;-483.34
4622243AB7A0EE11406610650500BA4A;FC081C55582CED11A62CD892C0003F2A;2025-05-13;0.0;0.0
67CD4BD33F5A4E1142D58A6505009C08;FC081C55582CED11A62CD892C0003F2A;2025-05-13;-2.0;-174.4
BA0B5886A41ECE11ADB310650500E7B8;FC081C55582CED11A62CD892C0003F2A;2025-05-13;-4.0;-764.0
B9AD399032238E117E64BB6505005BAA;B0BDDED34CC83E11052F6792C000B249;2025-05-13;72.0;5328.0
1F4043DC6F633E11052F6792C000CF39;FC081C55582CED11A62CD892C0003F2A;2025-05-13;4.0;982.28
EE215376AF6DFE11F1557891FE690489;FC081C55582CED11A62CD892C0003F2A;2025-05-13;10.0;817.0
8CDFB110EAD3FE1191EE10650500EEB9;FC081C55582CED11A62CD892C0003F2A;2025-05-13;10.0;950.0
D3FE335EEB6DFE11F1557891FE690489;FC081C55582CED11A62CD892C0003F2A;2025-05-13;4.0;1039.6
47E2F5E995F00F11112A674AC7E2A889;44673735EAF46E11B7B78A650500BC08;2025-05-13;0.0;0.0
D817D2BB028ADE11406610650500924A;44673735EAF46E11B7B78A650500BC08;2025-05-13;0.0;1.8189894035458565e-12
0636DCAD725AAE11BE21106505002E4A;44673735EAF46E11B7B78A650500BC08;2025-05-13;0.0;0.0
A09A94DA565AAE11BE21106505002E4A;44673735EAF46E11B7B78A650500BC08;2025-05-13;-2.0;-3128.8
FD857F1977B2EE11B1AD10650500B5EA;44673735EAF46E11B7B78A650500BC08;2025-05-13;0.0;0.0
68058AF1BD010F11112A674AC7E2C889;FC081C55582CED11A62CD892C0003F2A;2025-05-13;4.0;2024.66
DAF69512BD010F11112A674AC7E2C889;FC081C55582CED11A62CD892C0003F2A;2025-05-13;40.0;5495.48
4C70FD22BD010F11112A674AC7E2C889;FC081C55582CED11A62CD892C0003F2A;2025-05-13;20.0;2747.74
2532285D5DECEE1191EE1065050029B9;FC081C55582CED11A62CD892C0003F2A;2025-05-13;0.0;0.0
6D316CF67BC8EE1191EE10650500E8B9;FC081C55582CED11A62CD892C0003F2A;2025-05-13;0.0;0.0
3D77263A378B3E11052F6792C000D249;B0BDDED34CC83E11052F6792C000B249;2025-05-13;18.0;626.22
3B4F3575178B3E11052F6792C000D249;B0BDDED34CC83E11052F6792C000B249;2025-05-13;12.0;731.16
20B68091C265BE11BE21106505003C5A;FC081C55582CED11A62CD892C0003F2A;2025-05-13;10.0;1551.18
9DAB2EE12ADFEE1191EE10650500A9B9;44673735EAF46E11B7B78A650500BC08;2025-05-13;26.0;14742.0
4D4F333878C45E1142D58A650500DC08;FC081C55582CED11A62CD892C0003F2A;2025-05-13;4.0;488.56
6D1EE57B123EDE11406610650500874A;FC081C55582CED11A62CD892C0003F2A;2025-05-13;112.0;4081.28
5E031EC32123CE11877210650500A569;FC081C55582CED11A62CD892C0003F2A;2025-05-13;100.0;3341.0
8485F319FC8FCE11ADB310650500E9B8;FC081C55582CED11A62CD892C0003F2A;2025-05-13;36.0;2449.44
2DEF07AA68B9CE11ADB310650500F1B8;FC081C55582CED11A62CD892C0003F2A;2025-05-13;18.0;4063.1400000000003
33993B4824789E11525010650500D84A;FC081C55582CED11A62CD892C0003F2A;2025-05-13;54.0;1018.44
6396BB8EEB0AFE11128010650500E819;FC081C55582CED11A62CD892C0003F2A;2025-05-13;58.0;2650.6
7410AFC583A76E11B7B78A650500BC08;44673735EAF46E11B7B78A650500BC08;2025-05-13;8.0;1940.48
260CCA38A41FEE1191EE1065050029B9;B0BDDED34CC83E11052F6792C000B249;2025-05-13;4.0;1120.0
58D45E0FB6197E110819BB65050009AA;44673735EAF46E11B7B78A650500BC08;2025-05-13;-10.0;-538.8399999999999
41321E312D08DE11C84610650500707A;B0BDDED34CC83E11052F6792C000B249;2025-05-13;12.0;5040.0
704839F4DC828E110223BB650500AAAA;B0BDDED34CC83E11052F6792C000B249;2025-05-13;10.0;464.4
C9FB46BC1A5FFE11F1557891FE697689;B0BDDED34CC83E11052F6792C000B249;2025-05-13;10.0;369.2
0AB5CF667859FE11128010650500E819;B0BDDED34CC83E11052F6792C000B249;2025-05-13;20.0;2540.0
A0C1B01B55B4DE11ADB310650500F0C8;FC081C55582CED11A62CD892C0003F2A;2025-05-13;38.0;1581.56
FEC2A31E65B4DE11ADB310650500F0C8;FC081C55582CED11A62CD892C0003F2A;2025-05-13;24.0;1464.48
0C1FEA0135B4DE11ADB310650500F0C8;FC081C55582CED11A62CD892C0003F2A;2025-05-13;24.0;2272.8
C15FC812365FFE11F1557891FE697689;FC081C55582CED11A62CD892C0003F2A;2025-05-13;20.0;1418.8000000000002
C382E9E180A00F11F1557891FE691889;B0BDDED34CC83E11052F6792C000B249;2025-05-13;8.0;1515.2
4036F47EFF30EE114066106505003A4A;FC081C55582CED11A62CD892C0003F2A;2025-05-13;20.0;584.4
C28186BB6245DE11ADB310650500A1C8;FC081C55582CED11A62CD892C0003F2A;2025-05-13;6.0;8928.64
B4846E61BD010F11112A674AC7E2C889;B0BDDED34CC83E11052F6792C000B249;2025-05-13;2.0;1349.76
DEF46E61BD010F11112A674AC7E2C889;B0BDDED34CC83E11052F6792C000B249;2025-05-13;6.0;4049.3
5E8C5EC1BD010F11112A674AC7E2C889;B0BDDED34CC83E11052F6792C000B249;2025-05-13;8.0;3817.9
07A6FFF76547EE1191EE10650500E6B9;FC081C55582CED11A62CD892C0003F2A;2025-05-13;0.0;0.0
5B66BD6D6431FE1191EE106505006BB9;FC081C55582CED11A62CD892C0003F2A;2025-05-13;0.0;0.0
A682E47E6431FE1191EE106505006BB9;FC081C55582CED11A62CD892C0003F2A;2025-05-13;0.0;0.0
552288F6518EEE1191EE1065050029B9;FC081C55582CED11A62CD892C0003F2A;2025-05-13;6.0;1087.56
721F4271E596DE11ADB31065050053C8;FC081C55582CED11A62CD892C0003F2A;2025-05-13;20.0;498.8
63153CA4F5B9CE11ADB310650500F1B8;44673735EAF46E11B7B78A650500BC08;2025-05-13;36.0;12607.2
F3768EBEFDCA9E11525010650500EB4A;FC081C55582CED11A62CD892C0003F2A;2025-05-13;32.0;3942.4
30FAC6730C217E11B7B78A650500CD08;FC081C55582CED11A62CD892C0003F2A;2025-05-13;4.0;3079.6
023BC67DFD92FE1191EE106505003DB9;FC081C55582CED11A62CD892C0003F2A;2025-05-13;10.0;2139.9
3B670700E0CAED11A62CD892C0003F2A;FC081C55582CED11A62CD892C0003F2A;2025-05-13;12.0;1134.0
96352B9AB2E88E11F243BB650500BE3B;FC081C55582CED11A62CD892C0003F2A;2025-05-13;8.0;2349.28
C9B7FCBFE0CAED11A62CD892C0003F2A;FC081C55582CED11A62CD892C0003F2A;2025-05-13;4.0;550.24
BF87027411CAED11A62CD892C0003F2A;FC081C55582CED11A62CD892C0003F2A;2025-05-13;4.0;1356.76
7F96B7DB01CAED11A62CD892C0003F2A;FC081C55582CED11A62CD892C0003F2A;2025-05-13;22.0;2463.66
442F50B37A8EDE11406610650500084A;FC081C55582CED11A62CD892C0003F2A;2025-05-13;8.0;5309.6
88C401993D8F2E11052F6792C000CF39;FC081C55582CED11A62CD892C0003F2A;2025-05-13;12.0;5476.2
E3C5F644DAE4DE11ADB31065050031C8;FC081C55582CED11A62CD892C0003F2A;2025-05-13;12.0;2167.08
FD4235D98BA3BE11BE21106505000A5A;FC081C55582CED11A62CD892C0003F2A;2025-05-13;20.0;1022.98
6918D8A129205E1142D58A650500BC08;FC081C55582CED11A62CD892C0003F2A;2025-05-13;12.0;6950.4
6ED8CA5501CAED11A62CD892C0003F2A;FC081C55582CED11A62CD892C0003F2A;2025-05-13;12.0;1187.92
A5A434F24BBFAE11BE2110650500055A;44673735EAF46E11B7B78A650500BC08;2025-05-13;4.0;3823.2
E72662DD526FEE1191EE1065050029B9;44673735EAF46E11B7B78A650500BC08;2025-05-13;98.0;4746.139999999999
89F05BAA87F00F11112A674AC7E2A889;44673735EAF46E11B7B78A650500BC08;2025-05-13;2.0;5933.0
7167BF8E608BDE11406610650500F34A;FC081C55582CED11A62CD892C0003F2A;2025-05-13;12.0;2262.0
F1928F07268C7E110819BB65050039AA;44673735EAF46E11B7B78A650500BC08;2025-05-13;196.0;10581.640000000001
099478218E7F6E11B7B78A650500CD08;44673735EAF46E11B7B78A650500BC08;2025-05-13;60.0;2982.0
140F68F0B5EF6E11B7B78A650500CD08;44673735EAF46E11B7B78A650500BC08;2025-05-13;38.0;3175.12
D0F3D02FF0410F11112A674AC7E20989;FC081C55582CED11A62CD892C0003F2A;2025-05-13;8.0;1457.9
53C317C16D89FE11128010650500E819;FC081C55582CED11A62CD892C0003F2A;2025-05-13;4.0;1034.56
40E8254C9CDFCE11ADB3106505005AB8;B0BDDED34CC83E11052F6792C000B249;2025-05-13;2.0;376.4000000000001
6630A3486BB4EE11B1AD1065050048EA;B0BDDED34CC83E11052F6792C000B249;2025-05-13;4.0;1496.84
443282060115DE11ADB31065050061C8;B0BDDED34CC83E11052F6792C000B249;2025-05-13;6.0;1406.52
095894CA24C97E110819BB65050019AA;FC081C55582CED11A62CD892C0003F2A;2025-05-13;2.0;1079.44
5BF3E2DEB265BE11BE21106505003C5A;B0BDDED34CC83E11052F6792C000B249;2025-05-13;8.0;1233.0
5490F1D2B6AEEE1191EE1065050029B9;B0BDDED34CC83E11052F6792C000B249;2025-05-13;6.0;547.98
FC1ED3A2C34DEE1191EE1065050029B9;FC081C55582CED11A62CD892C0003F2A;2025-05-13;-2.0;-128.0
C4E3C2CE69D17E11B7B78A650500CD08;FC081C55582CED11A62CD892C0003F2A;2025-05-13;-2.0;-76.62
39A009B1CE61EE11406610650500BB4A;FC081C55582CED11A62CD892C0003F2A;2025-05-13;-8.0;-72.98
885CD8721DA8CE11ADB310650500A0B8;FC081C55582CED11A62CD892C0003F2A;2025-05-13;-2.0;-84.36
38F02E6A4F09FE11128010650500E819;FC081C55582CED11A62CD892C0003F2A;2025-05-13;-2.0;-15.56
B790516A93C1CE11877210650500E369;FC081C55582CED11A62CD892C0003F2A;2025-05-13;-2.0;-40.96
00FD6FFE9E16BE118772106505001559;FC081C55582CED11A62CD892C0003F2A;2025-05-13;-2.0;-27.12
DC4732BD7EAB7E110819BB65050039AA;FC081C55582CED11A62CD892C0003F2A;2025-05-13;-2.0;-42.0
B4794D776BBD3E11052F6792C000D249;FC081C55582CED11A62CD892C0003F2A;2025-05-13;-4.0;-22.3
2887C414C87A9E115250106505007B4A;FC081C55582CED11A62CD892C0003F2A;2025-05-13;-4.0;-91.64
F1098A00CBE1EE114066106505006C4A;FC081C55582CED11A62CD892C0003F2A;2025-05-13;-2.0;-35.76
C232C3135E4DDE11406610650500564A;FC081C55582CED11A62CD892C0003F2A;2025-05-13;-2.0;-46.66
848BACF29813EE11B1AD1065050036EA;FC081C55582CED11A62CD892C0003F2A;2025-05-13;-2.0;-126.16
562DB7A0A696DE11ADB31065050053C8;FC081C55582CED11A62CD892C0003F2A;2025-05-13;-2.0;-93.74
69924638E355BE11BE21106505002C5A;FC081C55582CED11A62CD892C0003F2A;2025-05-13;-2.0;-89.54
62B4E9287DAB7E110819BB65050039AA;FC081C55582CED11A62CD892C0003F2A;2025-05-13;-6.0;-26.88
AC0ECEF0EC065E1142D58A650500DC08;FC081C55582CED11A62CD892C0003F2A;2025-05-13;-174.0;-925.6800000000001
DE1AE56F5B3BBE118772106505009B59;FC081C55582CED11A62CD892C0003F2A;2025-05-13;-2.0;-94.46
2E867EC30E3CEE1191EE1065050029B9;FC081C55582CED11A62CD892C0003F2A;2025-05-13;-2.0;-271.26
87328AB28754EE11B1AD10650500C7EA;FC081C55582CED11A62CD892C0003F2A;2025-05-13;-40.0;-472.00000000000006
3D4493066612FE1191EE106505008CB9;FC081C55582CED11A62CD892C0003F2A;2025-05-13;-2.0;-549.5
398EAD70DDD4DE11ADB31065050021C8;FC081C55582CED11A62CD892C0003F2A;2025-05-13;-2.0;-346.16
1179538AF7D1FE1191EE106505003CB9;FC081C55582CED11A62CD892C0003F2A;2025-05-13;-2.0;-218.28
4544DE59DD7ABE11877210650500AA59;FC081C55582CED11A62CD892C0003F2A;2025-05-13;-6.0;-1048.78
F91FCF29E61ECE11ADB310650500E7B8;FC081C55582CED11A62CD892C0003F2A;2025-05-13;-2.0;-658.94
5A063C888B68BE118772106505000859;FC081C55582CED11A62CD892C0003F2A;2025-05-13;-2.0;-716.6
670D35FEF1218E110819BB65050039AA;FC081C55582CED11A62CD892C0003F2A;2025-05-13;-2.0;-155.82
B960E25193688E11F243BB6505001E3B;FC081C55582CED11A62CD892C0003F2A;2025-05-13;-2.0;-71.06
BA4D625084A0EE11406610650500BA4A;FC081C55582CED11A62CD892C0003F2A;2025-05-13;-2.0;-82.52
5DC1158FEFCEFE11F1557891FE69C589;FC081C55582CED11A62CD892C0003F2A;2025-05-13;-2.0;-854.12
0B4E0D1A4A93FE1191EE106505009EB9;FC081C55582CED11A62CD892C0003F2A;2025-05-13;-6.0;-355.8
E7C5C2ECFED9DE11406610650500C14A;FC081C55582CED11A62CD892C0003F2A;2025-05-13;-4.0;-828.0
0912737CCE80FE1191EE106505009AB9;FC081C55582CED11A62CD892C0003F2A;2025-05-13;-2.0;-383.66
DA39958560CBEE1191EE1065050029B9;FC081C55582CED11A62CD892C0003F2A;2025-05-13;-4.0;-371.8
77195B37B9A86E11B7B78A650500BC08;FC081C55582CED11A62CD892C0003F2A;2025-05-13;-2.0;-95.98
738D15D820C1CE11877210650500E369;FC081C55582CED11A62CD892C0003F2A;2025-05-13;-10.0;-1842.1
345DC7F6891A6E11B7B78A650500BC08;FC081C55582CED11A62CD892C0003F2A;2025-05-13;-2.0;-421.64
D7815C9DA8FEFD11A4A96492C000DFF9;FC081C55582CED11A62CD892C0003F2A;2025-05-13;-2.0;-183.72
25F103FED8D00E11A4A96492C0002019;FC081C55582CED11A62CD892C0003F2A;2025-05-13;-2.0;-131.36
2EBA2D6D452EEE1191EE1065050029B9;FC081C55582CED11A62CD892C0003F2A;2025-05-13;-2.0;-106.58
3D623D8F87E88E11F243BB650500BE3B;FC081C55582CED11A62CD892C0003F2A;2025-05-13;-2.0;-102.0
9FA0FD18E94DFE11F1557891FE69D389;FC081C55582CED11A62CD892C0003F2A;2025-05-13;-4.0;-173.52
8073C33B2BCDDE11406610650500F64A;FC081C55582CED11A62CD892C0003F2A;2025-05-13;-4.0;-420.74
7DAA32F6DDFFFE11F1557891FE694789;FC081C55582CED11A62CD892C0003F2A;2025-05-13;-2.0;-539.0
902E58A70ED4DE11ADB31065050021C8;FC081C55582CED11A62CD892C0003F2A;2025-05-13;-2.0;-333.06
B784C81358C4EE11B1AD1065050058EA;FC081C55582CED11A62CD892C0003F2A;2025-05-13;-2.0;-202.6
7E209DFF96D28E110223BB6505000BAA;FC081C55582CED11A62CD892C0003F2A;2025-05-13;-2.0;-256.6
51D93E4EC7DE4E1142D58A650500BC08;FC081C55582CED11A62CD892C0003F2A;2025-05-13;-2.0;-206.44
25FAD0A363F7DE11C84610650500507A;FC081C55582CED11A62CD892C0003F2A;2025-05-13;-2.0;-79.8
F6F107EA01CAED11A62CD892C0003F2A;FC081C55582CED11A62CD892C0003F2A;2025-05-13;-2.0;-319.44
563397CEED71FE1191EE10650500CBB9;FC081C55582CED11A62CD892C0003F2A;2025-05-13;-2.0;-805.62
C4018428F0CAED11A62CD892C0003F2A;FC081C55582CED11A62CD892C0003F2A;2025-05-13;-6.0;-765.66
C02C9B63234FED11A62CD892C000399B;FC081C55582CED11A62CD892C0003F2A;2025-05-13;-2.0;-131.28
81B4BA927ACEEE1191EE1065050029B9;FC081C55582CED11A62CD892C0003F2A;2025-05-13;-2.0;-598.96
7CE3FEDBD9E40E11A4A96492C000067B;FC081C55582CED11A62CD892C0003F2A;2025-05-13;-4.0;-860.0
6C1F98BA29265E1142D58A650500DC08;FC081C55582CED11A62CD892C0003F2A;2025-05-13;-14.0;-2277.24
9FEE3411A1CAED11A62CD892C0003F2A;FC081C55582CED11A62CD892C0003F2A;2025-05-13;-2.0;-3482.6
0CC6A366D0CAED11A62CD892C0003F2A;FC081C55582CED11A62CD892C0003F2A;2025-05-13;-4.0;-1369.44
09005EA6BEBBDE11406610650500444A;FC081C55582CED11A62CD892C0003F2A;2025-05-13;-2.0;-471.02
270173E1EA18DE11C84610650500807A;FC081C55582CED11A62CD892C0003F2A;2025-05-13;-2.0;-238.3
0EAFE28FD0CAED11A62CD892C0003F2A;FC081C55582CED11A62CD892C0003F2A;2025-05-13;-4.0;-297.52
6DC78F32C5246E11B7B78A650500BC08;FC081C55582CED11A62CD892C0003F2A;2025-05-13;-4.0;-248.86
A57D46BC1A5FFE11F1557891FE697689;FC081C55582CED11A62CD892C0003F2A;2025-05-13;-2.0;-94.7
1497D8CC1A5FFE11F1557891FE697689;FC081C55582CED11A62CD892C0003F2A;2025-05-13;-2.0;-132.58
E6AF8A5FC0CAED11A62CD892C0003F2A;FC081C55582CED11A62CD892C0003F2A;2025-05-13;-8.0;-1303.62
3F4E02EDDD66CE11ADB310650500BDA8;FC081C55582CED11A62CD892C0003F2A;2025-05-13;-2.0;-246.92
01FB3A444A4BED11A62CD892C0003F2A;FC081C55582CED11A62CD892C0003F2A;2025-05-13;-2.0;-325.94
BE8B3B0BF1CAED11A62CD892C0003F2A;FC081C55582CED11A62CD892C0003F2A;2025-05-13;-2.0;-200.0
816730F950FE5E1142D58A6505006D08;FC081C55582CED11A62CD892C0003F2A;2025-05-13;-2.0;-253.98
8C02367FDEE2BE11BE2110650500195A;FC081C55582CED11A62CD892C0003F2A;2025-05-13;-4.0;-73.38
EE280D4ACE23FD110DC22A92C000C499;FC081C55582CED11A62CD892C0003F2A;2025-05-13;-2.0;-311.28
9A21E1F6E596DE11ADB31065050053C8;FC081C55582CED11A62CD892C0003F2A;2025-05-13;-2.0;-517.44
D2A587975EE1EE114066106505006C4A;FC081C55582CED11A62CD892C0003F2A;2025-05-13;-2.0;-1278.16
FC0B74D7D0CAED11A62CD892C0003F2A;FC081C55582CED11A62CD892C0003F2A;2025-05-13;-4.0;-513.8
D2EE879423D0DE11ADB310650500BBB8;FC081C55582CED11A62CD892C0003F2A;2025-05-13;-4.0;-279.0
E47C79C05FAAFE11128010650500E819;FC081C55582CED11A62CD892C0003F2A;2025-05-13;-2.0;-153.72
1A9E47EAD0CAED11A62CD892C0003F2A;FC081C55582CED11A62CD892C0003F2A;2025-05-13;-2.0;-196.72
B148C3C951CAED11A62CD892C0003F2A;FC081C55582CED11A62CD892C0003F2A;2025-05-13;-2.0;-324.7
1169CC655CECDE11406610650500D54A;FC081C55582CED11A62CD892C0003F2A;2025-05-13;-2.0;-385.2
BAF65DB77F0FCE11ADB31065050029B8;FC081C55582CED11A62CD892C0003F2A;2025-05-13;-2.0;-4930.16
E8370348EC14CE11877210650500E669;FC081C55582CED11A62CD892C0003F2A;2025-05-13;-2.0;-431.52
2CB24C297E256E11B7B78A650500BC08;FC081C55582CED11A62CD892C0003F2A;2025-05-13;-2.0;-1989.76
8C2B548DA1C00E11A4A96492C0002019;FC081C55582CED11A62CD892C0003F2A;2025-05-13;-2.0;-309.52
EACD934DFC56FE1191EE1065050022C9;FC081C55582CED11A62CD892C0003F2A;2025-05-13;-2.0;-956.22
9DB4568D2726EE1191EE10650500C5B9;FC081C55582CED11A62CD892C0003F2A;2025-05-13;-2.0;-405.38
D8378470DC07BE118772106505004659;FC081C55582CED11A62CD892C0003F2A;2025-05-13;-4.0;-135.22
B9B6B98D9CF1EE114066106505007C4A;FC081C55582CED11A62CD892C0003F2A;2025-05-13;-2.0;-469.04
6E3605295B768E11F243BB650500AB3B;FC081C55582CED11A62CD892C0003F2A;2025-05-13;-6.0;-498.36
336BA2D73589DE11406610650500514A;FC081C55582CED11A62CD892C0003F2A;2025-05-13;-2.0;-350.0
75F170412461EE11406610650500AB4A;FC081C55582CED11A62CD892C0003F2A;2025-05-13;-2.0;-124.98
E4F6CFA59DE9EE1191EE1065050009B9;FC081C55582CED11A62CD892C0003F2A;2025-05-13;-2.0;-101.62
E2B43FD5A0CAED11A62CD892C0003F2A;FC081C55582CED11A62CD892C0003F2A;2025-05-13;-10.0;-1330.0
E6FC2942599EFE11F1557891FE698589;FC081C55582CED11A62CD892C0003F2A;2025-05-13;-2.0;-40.0
65E1E77DC8D58E11F243BB650500CA3B;FC081C55582CED11A62CD892C0003F2A;2025-05-13;-2.0;-184.8
3B5E021100E7EE1191EE10650500A7B9;FC081C55582CED11A62CD892C0003F2A;2025-05-13;-12.0;-45.78
E951BDBC4D7AFE11128010650500E819;FC081C55582CED11A62CD892C0003F2A;2025-05-13;-2.0;-31.96
9D5B1CE180E2FE1191EE106505009DB9;FC081C55582CED11A62CD892C0003F2A;2025-05-13;-2.0;-395.94
DC5019B1D8F3DE11ADB310650500EFB8;FC081C55582CED11A62CD892C0003F2A;2025-05-13;-2.0;-640.56
4C9CDBB37D27EE1191EE10650500C6B9;FC081C55582CED11A62CD892C0003F2A;2025-05-13;-2.0;-90.5
389C517205ABEE1191EE1065050029B9;FC081C55582CED11A62CD892C0003F2A;2025-05-13;-2.0;-39.96
C3D8C1394D85DE11ADB31065050002C8;FC081C55582CED11A62CD892C0003F2A;2025-05-13;-2.0;-208.6
63CF56792642FE1191EE10650500CCB9;FC081C55582CED11A62CD892C0003F2A;2025-05-13;-4.0;-2271.94
9508402D8369DE11C84610650500227A;FC081C55582CED11A62CD892C0003F2A;2025-05-13;-2.0;-303.62
C7CBE3A152FCED11A62CD892C0003F2A;FC081C55582CED11A62CD892C0003F2A;2025-05-13;-2.0;-268.72
E77D6519E7E97E110819BB65050019AA;FC081C55582CED11A62CD892C0003F2A;2025-05-13;-2.0;-501.84
2D42EF4B16137E11B7B78A650500DD08;FC081C55582CED11A62CD892C0003F2A;2025-05-13;-2.0;-206.02
2661955DAD7ABE11877210650500AA59;FC081C55582CED11A62CD892C0003F2A;2025-05-13;-2.0;-671.56
ACAF3F1934CFFD11A4A96492C0001019;FC081C55582CED11A62CD892C0003F2A;2025-05-13;-2.0;-89.52
FCBF55D241180E11A4A96492C00009EB;FC081C55582CED11A62CD892C0003F2A;2025-05-13;-6.0;-622.38
369420550117DE11C846106505003F6A;FC081C55582CED11A62CD892C0003F2A;2025-05-13;-4.0;-1419.52
45FB32F6DDFFFE11F1557891FE694789;FC081C55582CED11A62CD892C0003F2A;2025-05-13;-4.0;-1222.24
7015C754936AAE11BE21106505003E4A;FC081C55582CED11A62CD892C0003F2A;2025-05-13;-2.0;-71.54
5E9D1CF66933BE11BE2110650500795A;FC081C55582CED11A62CD892C0003F2A;2025-05-13;-2.0;-52.42
C5917AB011CAED11A62CD892C0003F2A;FC081C55582CED11A62CD892C0003F2A;2025-05-13;-2.0;-1008.62
C0A3C6003CE7EE1191EE10650500B7B9;FC081C55582CED11A62CD892C0003F2A;2025-05-13;-2.0;-35.0
D564E44AC336AE11BE2110650500E84A;FC081C55582CED11A62CD892C0003F2A;2025-05-13;-2.0;-1747.62
957D40203E8C3E11052F6792C000D249;FC081C55582CED11A62CD892C0003F2A;2025-05-13;-2.0;-1083.24
1DA346C60EE6DE11C846106505000F6A;FC081C55582CED11A62CD892C0003F2A;2025-05-13;-6.0;-66.78
576F6988CE330E11A4A96492C00008E9;FC081C55582CED11A62CD892C0003F2A;2025-05-13;-2.0;-214.22
964CBC92A83EFE11F1557891FE690589;FC081C55582CED11A62CD892C0003F2A;2025-05-13;-2.0;-363.08
367A9617104FFE11F1557891FE695689;FC081C55582CED11A62CD892C0003F2A;2025-05-13;-6.0;-56.46
25505E0430456E11B7B78A650500BC08;FC081C55582CED11A62CD892C0003F2A;2025-05-13;-2.0;-168.1
FD588E9FAD67EE1191EE1065050017B9;FC081C55582CED11A62CD892C0003F2A;2025-05-13;-2.0;-185.32
2E23C02322F05E1142D58A650500BC08;FC081C55582CED11A62CD892C0003F2A;2025-05-13;-2.0;-876.92
272D7919BDE6EE1191EE1065050096B9;FC081C55582CED11A62CD892C0003F2A;2025-05-13;-2.0;-203.38
8C03F11A4094DE11ADB310650500C0C8;FC081C55582CED11A62CD892C0003F2A;2025-05-13;-2.0;-128.68
1274EDE583E2DE11ADB3106505008EB8;FC081C55582CED11A62CD892C0003F2A;2025-05-13;-2.0;-289.86
79B98038F5C7FE1191EE1065050004C9;FC081C55582CED11A62CD892C0003F2A;2025-05-13;-2.0;-251.82
2864EF978BCE8E11F243BB650500C64B;FC081C55582CED11A62CD892C0003F2A;2025-05-13;-2.0;-311.5
DAD2DF7B12EC6E11B7B78A650500BC08;FC081C55582CED11A62CD892C0003F2A;2025-05-13;-2.0;-126.62
781A0CC4F0CAED11A62CD892C0003F2A;FC081C55582CED11A62CD892C0003F2A;2025-05-13;-2.0;-723.34
95C86CE980917E11B7B78A650500CD08;FC081C55582CED11A62CD892C0003F2A;2025-05-13;-2.0;-181.82
4F3C7CB6F13DBE118772106505001E59;FC081C55582CED11A62CD892C0003F2A;2025-05-13;-2.0;-684.72
79D7EFC706078E11F243BB6505005C3B;FC081C55582CED11A62CD892C0003F2A;2025-05-13;-2.0;-399.84
8F1510E324FD4E1142D58A650500BC08;FC081C55582CED11A62CD892C0003F2A;2025-05-13;-2.0;-357.3
7D4AA3ABECC65E1142D58A650500DC08;FC081C55582CED11A62CD892C0003F2A;2025-05-13;-2.0;-860.76
9159F50221458E113835BB6505000EAA;FC081C55582CED11A62CD892C0003F2A;2025-05-13;-2.0;-475.2
0A5969E52EB10F114EF7A826072BB989;B0BDDED34CC83E11052F6792C000B249;2025-05-13;-2.0;-874.0
568CC15AE3E0EE114066106505000B4A;B0BDDED34CC83E11052F6792C000B249;2025-05-13;-2.0;-22.08
C56E551AA3E89E11525010650500694A;B0BDDED34CC83E11052F6792C000B249;2025-05-13;-2.0;-804.84
EE1A48881CF22E1143F0668E4200C71A;B0BDDED34CC83E11052F6792C000B249;2025-05-13;-4.0;-426.68
598A7EB17C8DED11A62CD892C0003F2A;B0BDDED34CC83E11052F6792C000B249;2025-05-13;-2.0;-383.02
5AF37C1F9F2DBE118772106505001E59;B0BDDED34CC83E11052F6792C000B249;2025-05-13;-4.0;-50.2
DF6785D8D0CAED11A62CD892C0003F2A;B0BDDED34CC83E11052F6792C000B249;2025-05-13;-2.0;-442.32
AA9BE0D4F88C9E11726010650500594A;B0BDDED34CC83E11052F6792C000B249;2025-05-13;-2.0;-463.92
BCFE1D61769C9E11726010650500694A;B0BDDED34CC83E11052F6792C000B249;2025-05-13;-4.0;-625.22
4331172115B4DE11ADB310650500F0C8;B0BDDED34CC83E11052F6792C000B249;2025-05-13;-2.0;-134.4
DE4D455DE0CAED11A62CD892C0003F2A;B0BDDED34CC83E11052F6792C000B249;2025-05-13;-2.0;-311.54
D519A5CAEE065E1142D58A650500DC08;B0BDDED34CC83E11052F6792C000B249;2025-05-13;-4.0;-149.24
7C7DFE1219E49E11554010650500CE3B;B0BDDED34CC83E11052F6792C000B249;2025-05-13;-6.0;-362.38
5C4737692A74EE11B1AD10650500F7EA;B0BDDED34CC83E11052F6792C000B249;2025-05-13;-2.0;-282.84
D56F8D54D2BE0E1123F0668E42005B38;B0BDDED34CC83E11052F6792C000B249;2025-05-13;-2.0;-860.78
7E717F77A64BCE11ADB31065050014B8;B0BDDED34CC83E11052F6792C000B249;2025-05-13;-4.0;-841.26
654B4A0311CAED11A62CD892C0003F2A;B0BDDED34CC83E11052F6792C000B249;2025-05-13;-2.0;-567.94
A8C67A9CC0CAED11A62CD892C0003F2A;B0BDDED34CC83E11052F6792C000B249;2025-05-13;-4.0;-164.36
33479886119EBE11877210650500DF59;B0BDDED34CC83E11052F6792C000B249;2025-05-13;-6.0;-167.16
886DD158D0CAED11A62CD892C0003F2A;B0BDDED34CC83E11052F6792C000B249;2025-05-13;-4.0;-461.16
1AD09E37D4F5FE1191EE10650500A1C9;B0BDDED34CC83E11052F6792C000B249;2025-05-13;-2.0;-384.52
916C36C4C0CAED11A62CD892C0003F2A;B0BDDED34CC83E11052F6792C000B249;2025-05-13;-6.0;-855.48
9DBA2BFCEF2FFE11F1557891FE694689;B0BDDED34CC83E11052F6792C000B249;2025-05-13;-2.0;-612.0
1745DD41E269DE11C84610650500227A;B0BDDED34CC83E11052F6792C000B249;2025-05-13;-16.0;-396.8
788A0922FEC18E113835BB650500B9AA;B0BDDED34CC83E11052F6792C000B249;2025-05-13;-2.0;-44.38
141ACE2F5FE95E1142D58A650500DC08;B0BDDED34CC83E11052F6792C000B249;2025-05-13;-10.0;-1918.4
0835B01A293EBE118772106505006F59;B0BDDED34CC83E11052F6792C000B249;2025-05-13;-2.0;-55.72
07AF8A5FC0CAED11A62CD892C0003F2A;B0BDDED34CC83E11052F6792C000B249;2025-05-13;-8.0;-1669.28
6B8AA93BA1CAED11A62CD892C0003F2A;B0BDDED34CC83E11052F6792C000B249;2025-05-13;-2.0;-574.0
F72B22D501CAED11A62CD892C0003F2A;B0BDDED34CC83E11052F6792C000B249;2025-05-13;-2.0;-249.7
702AECFA809EBE11877210650500DF59;B0BDDED34CC83E11052F6792C000B249;2025-05-13;-6.0;-167.16
269E2463A5E3FE1191EE10650500FEB9;B0BDDED34CC83E11052F6792C000B249;2025-05-13;-2.0;-212.28
D11808750FBBEE1191EE1065050029B9;B0BDDED34CC83E11052F6792C000B249;2025-05-13;-2.0;-174.0
38C029B21D1DDE11406610650500164A;B0BDDED34CC83E11052F6792C000B249;2025-05-13;-6.0;-463.04
9D9E942B1CC46E11B7B78A650500BC08;B0BDDED34CC83E11052F6792C000B249;2025-05-13;-2.0;-176.06
E815D75DB5934E1142D58A6505002C08;B0BDDED34CC83E11052F6792C000B249;2025-05-13;-2.0;-589.12
5742DA549832FE1191EE10650500BCB9;B0BDDED34CC83E11052F6792C000B249;2025-05-13;-4.0;-166.48
AC7C07BF37F8FE11128010650500D819;B0BDDED34CC83E11052F6792C000B249;2025-05-13;-6.0;-2868.0
3696E4E360FBEE1191EE1065050029B9;B0BDDED34CC83E11052F6792C000B249;2025-05-13;-2.0;-385.0
8485F319FC8FCE11ADB310650500E9B8;B0BDDED34CC83E11052F6792C000B249;2025-05-13;-8.0;-544.32
8878F7F172CAED11A62CD892C0003F2A;B0BDDED34CC83E11052F6792C000B249;2025-05-13;-2.0;-496.64
6398024E31CAED11A62CD892C0003F2A;B0BDDED34CC83E11052F6792C000B249;2025-05-13;-4.0;-456.0
4F6C693F24CF9E117260106505008D4A;B0BDDED34CC83E11052F6792C000B249;2025-05-13;-2.0;-152.22
1E0A0296D146FE1191EE1065050002C9;B0BDDED34CC83E11052F6792C000B249;2025-05-13;-4.0;-1071.72
99DC0BE73ED5AE11BE2110650500784A;B0BDDED34CC83E11052F6792C000B249;2025-05-13;-2.0;-148.8
AAF328E741248E113835BB6505009CAA;B0BDDED34CC83E11052F6792C000B249;2025-05-13;-2.0;-73.2
C92C6D5B01CAED11A62CD892C0003F2A;B0BDDED34CC83E11052F6792C000B249;2025-05-13;-8.0;-1171.76
DF02033D6421FE1191EE106505005BB9;B0BDDED34CC83E11052F6792C000B249;2025-05-13;-2.0;-248.2
B4C2A200FFAFFE11F1557891FE69E689;B0BDDED34CC83E11052F6792C000B249;2025-05-13;-2.0;-160.5
F99B962D87145E1142D58A650500DC08;B0BDDED34CC83E11052F6792C000B249;2025-05-13;-10.0;-2527.36
FA71C94978DDCE11ADB31065050097B8;B0BDDED34CC83E11052F6792C000B249;2025-05-13;-2.0;-666.44
434CFC634974EE11B1AD10650500F7EA;B0BDDED34CC83E11052F6792C000B249;2025-05-13;-4.0;-48.0
7ED80A67D79FFE11F1557891FE69C689;B0BDDED34CC83E11052F6792C000B249;2025-05-13;-2.0;-131.92
32447A5EE909DE11C84610650500B17A;B0BDDED34CC83E11052F6792C000B249;2025-05-13;-14.0;-357.0
36AC293D8EA23E11052F6792C000CF39;B0BDDED34CC83E11052F6792C000B249;2025-05-13;-2.0;-195.56
05B63D2329363E11052F6792C000FF39;B0BDDED34CC83E11052F6792C000B249;2025-05-13;-2.0;-82.68
2108AF3B2070DE11ADB3106505003BB8;B0BDDED34CC83E11052F6792C000B249;2025-05-13;-4.0;-845.52
5739094141CAED11A62CD892C0003F2A;B0BDDED34CC83E11052F6792C000B249;2025-05-13;-4.0;-3389.16
3308A5E062121E1143F0668E42008C3B;B0BDDED34CC83E11052F6792C000B249;2025-05-13;-6.0;-446.26
BC15C6179DB3EE11B1AD1065050007EA;B0BDDED34CC83E11052F6792C000B249;2025-05-13;-2.0;-121.78
09FE8EEC5821FE1191EE106505005BB9;B0BDDED34CC83E11052F6792C000B249;2025-05-13;-2.0;-456.66
06E7ED79A052DE11ADB310650500CDB8;B0BDDED34CC83E11052F6792C000B249;2025-05-13;-4.0;-102.0
DDD7334651CAED11A62CD892C0003F2A;B0BDDED34CC83E11052F6792C000B249;2025-05-13;-4.0;-1102.4
B51016CFBFA15E1142D58A650500BC08;B0BDDED34CC83E11052F6792C000B249;2025-05-13;-2.0;-712.4
633D0987256EEE1191EE1065050029B9;B0BDDED34CC83E11052F6792C000B249;2025-05-13;-6.0;-450.0
52DC735DB6CDEE1191EE1065050029B9;B0BDDED34CC83E11052F6792C000B249;2025-05-13;-2.0;-437.38
632F22F28ABAFE11128010650500E819;B0BDDED34CC83E11052F6792C000B249;2025-05-13;-2.0;-787.32
A41DD3EE72028E117E64BB650500E9AA;B0BDDED34CC83E11052F6792C000B249;2025-05-13;-2.0;-2966.12
B583EEBA85FEFE11F1557891FE69F589;B0BDDED34CC83E11052F6792C000B249;2025-05-13;-2.0;-354.78
164C8032A1AFFE11F1557891FE69D689;B0BDDED34CC83E11052F6792C000B249;2025-05-13;-4.0;-330.68
94303E5412EC6E11B7B78A650500BC08;B0BDDED34CC83E11052F6792C000B249;2025-05-13;-2.0;-166.84
E7B67913DA8F6E11B7B78A650500CD08;B0BDDED34CC83E11052F6792C000B249;2025-05-13;-4.0;-842.36
2DF9BA148ABAFE11128010650500E819;B0BDDED34CC83E11052F6792C000B249;2025-05-13;-6.0;-168.9
1F19457CF55ECE11ADB31065050038B8;B0BDDED34CC83E11052F6792C000B249;2025-05-13;-4.0;-1040.12
215D9C4235DFEE1191EE10650500A9B9;B0BDDED34CC83E11052F6792C000B249;2025-05-13;-2.0;-453.0
F5C7F75942405E1142D58A650500BC08;B0BDDED34CC83E11052F6792C000B249;2025-05-13;-2.0;-326.32
A2D6087492DD6E11B7B78A650500BC08;B0BDDED34CC83E11052F6792C000B249;2025-05-13;-2.0;-115.34
1FCAD50F0486CE11ADB310650500DDA8;B0BDDED34CC83E11052F6792C000B249;2025-05-13;-2.0;-243.18
68904BBEC0CAED11A62CD892C0003F2A;B0BDDED34CC83E11052F6792C000B249;2025-05-13;-2.0;-325.14
637E818660A7FE1191EE10650500D3C9;B0BDDED34CC83E11052F6792C000B249;2025-05-13;-2.0;-229.88
3AD40525B0CAED11A62CD892C0003F2A;B0BDDED34CC83E11052F6792C000B249;2025-05-13;-2.0;-536.4
E8AB27A819216E1142D58A650500AD08;B0BDDED34CC83E11052F6792C000B249;2025-05-13;-6.0;-1844.22
BB2D922A19336E11B7B78A6505003C08;B0BDDED34CC83E11052F6792C000B249;2025-05-13;-2.0;-193.08
29E3A1523364EE11B1AD10650500D7EA;B0BDDED34CC83E11052F6792C000B249;2025-05-13;-2.0;-50.4
4FC2EA7FB242DE11ADB310650500BDB8;B0BDDED34CC83E11052F6792C000B249;2025-05-13;-2.0;-304.8
8178993557F68E11F243BB6505004C3B;B0BDDED34CC83E11052F6792C000B249;2025-05-13;-2.0;-163.48
0A5048518FE1FE1191EE106505005CB9;B0BDDED34CC83E11052F6792C000B249;2025-05-13;-2.0;-68.24
A6238563D0BFFE11F1557891FE69E689;B0BDDED34CC83E11052F6792C000B249;2025-05-13;-2.0;-583.18
F66D660569CE8E11F243BB650500C64B;B0BDDED34CC83E11052F6792C000B249;2025-05-13;-2.0;-1778.48
307874AA63D2FE1191EE106505007DB9;B0BDDED34CC83E11052F6792C000B249;2025-05-13;-4.0;-114.36
C63EE0E5A257DE11C846106505008F6A;B0BDDED34CC83E11052F6792C000B249;2025-05-13;-2.0;-51.0
3E9222DA7D92EE114066106505004D4A;B0BDDED34CC83E11052F6792C000B249;2025-05-13;-2.0;-265.54
F4DB695ED0758E113835BB6505004EAA;B0BDDED34CC83E11052F6792C000B249;2025-05-13;-12.0;-2978.4
687159C800ACDE11406610650500754A;B0BDDED34CC83E11052F6792C000B249;2025-05-13;-2.0;-12.54
C19342792642FE1191EE10650500CCB9;B0BDDED34CC83E11052F6792C000B249;2025-05-13;-2.0;-1401.56
9B62CCC81E00EE11406610650500F94A;B0BDDED34CC83E11052F6792C000B249;2025-05-13;-2.0;-229.92
CE785525E75DCE11ADB310650500E6B8;B0BDDED34CC83E11052F6792C000B249;2025-05-13;-2.0;-81.1
F268A31FC8655E1142D58A650500DC08;B0BDDED34CC83E11052F6792C000B249;2025-05-13;-2.0;-68.06
376CC40BBE6DFE11F1557891FE690489;B0BDDED34CC83E11052F6792C000B249;2025-05-13;-2.0;-198.0
7FBD98BA2B9FFE11F1557891FE69C689;B0BDDED34CC83E11052F6792C000B249;2025-05-13;-2.0;-684.72
A8344894D052DE11ADB310650500CDB8;B0BDDED34CC83E11052F6792C000B249;2025-05-13;-2.0;-51.0
597DDBD899363E11052F6792C000FF39;B0BDDED34CC83E11052F6792C000B249;2025-05-13;-2.0;-70.76
11556B5573C5EE1191EE1065050045B9;B0BDDED34CC83E11052F6792C000B249;2025-05-13;-2.0;-265.54
112939332CA8BE118772106505005859;B0BDDED34CC83E11052F6792C000B249;2025-05-13;-2.0;-88.6
DFEACC2781CAED11A62CD892C0003F2A;44673735EAF46E11B7B78A650500BC08;2025-05-13;-2.0;-259.32
F8FA0E49AC456E11B7B78A650500BC08;44673735EAF46E11B7B78A650500BC08;2025-05-13;-4.0;-573.52
8070FCB7E494AE11726010650500A35A;44673735EAF46E11B7B78A650500BC08;2025-05-13;-14.0;-485.7
01BE76E2DC456E11B7B78A650500BC08;44673735EAF46E11B7B78A650500BC08;2025-05-13;-20.0;-4209.719999999999
7C990BED90CAED11A62CD892C0003F2A;44673735EAF46E11B7B78A650500BC08;2025-05-13;-4.0;-1012.84
4DD2D9C031A9EE1191EE1065050009B9;44673735EAF46E11B7B78A650500BC08;2025-05-13;-4.0;-470.16
9813657FCAD0FE1191EE10650500FAB9;44673735EAF46E11B7B78A650500BC08;2025-05-13;-14.0;-1685.1000000000001
93B65EB0E6568E11F243BB6505007B3B;44673735EAF46E11B7B78A650500BC08;2025-05-13;-6.0;-373.56
71ACEF9C7E456E11B7B78A650500BC08;44673735EAF46E11B7B78A650500BC08;2025-05-13;-108.0;-8252.28
64D59BED98F07E11B7B78A650500CD08;44673735EAF46E11B7B78A650500BC08;2025-05-13;-172.0;-3978.36
E11FF008238FCE11ADB310650500D9B8;44673735EAF46E11B7B78A650500BC08;2025-05-13;-2.0;-292.44
63D0BFDBA60C4E1142D58A650500BC08;44673735EAF46E11B7B78A650500BC08;2025-05-13;-4.0;-519.2
7DE561157946DE11ADB310650500F2C8;44673735EAF46E11B7B78A650500BC08;2025-05-13;-2.0;-84.48
6DC0BE13E1047E11B7B78A650500DD08;44673735EAF46E11B7B78A650500BC08;2025-05-13;-2.0;-1278.4
BE4D455DE0CAED11A62CD892C0003F2A;44673735EAF46E11B7B78A650500BC08;2025-05-13;-4.0;-574.12
BBDEAADDCC4CFE111280106505000919;44673735EAF46E11B7B78A650500BC08;2025-05-13;-12.0;-1992.0
E7E775736E24DE11ADB31065050040C8;44673735EAF46E11B7B78A650500BC08;2025-05-13;-2.0;-139.82
3F85994CB11A8E11F243BB650500304B;44673735EAF46E11B7B78A650500BC08;2025-05-13;-26.0;-496.85999999999996
FE4D455DE0CAED11A62CD892C0003F2A;44673735EAF46E11B7B78A650500BC08;2025-05-13;-4.0;-968.44
870B528798A05E1142D58A650500BC08;44673735EAF46E11B7B78A650500BC08;2025-05-13;-2.0;-696.0
201F18FBF9456E11B7B78A650500BC08;44673735EAF46E11B7B78A650500BC08;2025-05-13;-20.0;-290.0
64E49E6ACD456E11B7B78A650500BC08;44673735EAF46E11B7B78A650500BC08;2025-05-13;-2.0;-1944.0
97E01FBCF911BE11BE2110650500C65A;44673735EAF46E11B7B78A650500BC08;2025-05-13;-2.0;-1620.0
C20DED1F3C456E11B7B78A650500BC08;44673735EAF46E11B7B78A650500BC08;2025-05-13;-2.0;-512.8
7C32A1754C456E11B7B78A650500BC08;44673735EAF46E11B7B78A650500BC08;2025-05-13;-16.0;-672.6800000000001
3E5970882DC97E110819BB65050019AA;44673735EAF46E11B7B78A650500BC08;2025-05-13;-4.0;-282.24
72646814576ADE11406610650500724A;44673735EAF46E11B7B78A650500BC08;2025-05-13;-2.0;-90.1
BA30FC43DC456E11B7B78A650500BC08;44673735EAF46E11B7B78A650500BC08;2025-05-13;-12.0;-3569.9
2060F72BED096E11B7B78A650500BC08;44673735EAF46E11B7B78A650500BC08;2025-05-13;-24.0;-1662.48
33ACFFC03573FE1191EE106505006EB9;44673735EAF46E11B7B78A650500BC08;2025-05-13;-2.0;-2902.0
7A18EA4ECD53BE11BE2110650500A95A;44673735EAF46E11B7B78A650500BC08;2025-05-13;-2.0;-126.48
596036F7D7A5DE11ADB31065050022C8;44673735EAF46E11B7B78A650500BC08;2025-05-13;-4.0;-673.64
BF2A35EA2FC9BE11877210650500C959;44673735EAF46E11B7B78A650500BC08;2025-05-13;-16.0;-766.98
64CD26310BBD6E11B7B78A650500BC08;44673735EAF46E11B7B78A650500BC08;2025-05-13;-2.0;-1029.2
B90718E597B0FE1191EE10650500CAB9;44673735EAF46E11B7B78A650500BC08;2025-05-13;-2.0;-183.04
F2AF38F5A6F5AE11BE2110650500984A;44673735EAF46E11B7B78A650500BC08;2025-05-13;-2.0;-35.24
34E3D2A417B49E115540106505008E3B;44673735EAF46E11B7B78A650500BC08;2025-05-13;-2.0;-651.92
B9A2D871DD456E11B7B78A650500BC08;44673735EAF46E11B7B78A650500BC08;2025-05-13;-2.0;-754.0
31FC100B9497EE1191EE1065050047B9;44673735EAF46E11B7B78A650500BC08;2025-05-13;-2.0;-352.0
D4852C344D907E11B7B78A650500CD08;44673735EAF46E11B7B78A650500BC08;2025-05-13;-10.0;-1491.06
DF977ED0C98C9E11726010650500594A;44673735EAF46E11B7B78A650500BC08;2025-05-13;-2.0;-292.5
51A4FB4620556E11B7B78A650500BC08;44673735EAF46E11B7B78A650500BC08;2025-05-13;-6.0;-423.06000000000006
3A2370CED5DB7E110819BB65050039AA;44673735EAF46E11B7B78A650500BC08;2025-05-13;-2.0;-1964.98
377D7E8CF0CAED11A62CD892C0003F2A;44673735EAF46E11B7B78A650500BC08;2025-05-13;-2.0;-412.6
A1F45D80276A8E11F243BB650500A04B;44673735EAF46E11B7B78A650500BC08;2025-05-13;-2.0;-2367.92
83CF9F1F2E456E11B7B78A650500BC08;44673735EAF46E11B7B78A650500BC08;2025-05-13;-2.0;-4580.0
CC7AA77989A67E11B7B78A650500ED08;44673735EAF46E11B7B78A650500BC08;2025-05-13;-2.0;-178.54
38A9CB169C456E11B7B78A650500BC08;44673735EAF46E11B7B78A650500BC08;2025-05-13;-2.0;-763.46
502E92FF6EEAAE11BE2110650500EE4A;44673735EAF46E11B7B78A650500BC08;2025-05-13;-20.0;-184.6
8B3DC612AA97CE11ADB3106505003FA8;44673735EAF46E11B7B78A650500BC08;2025-05-13;-2.0;-572.38
2F7D3A6376126E1142D58A650500AD08;44673735EAF46E11B7B78A650500BC08;2025-05-13;-8.0;-517.36
2D7776C5E528CE11ADB310650500EFA8;44673735EAF46E11B7B78A650500BC08;2025-05-13;-4.0;-174.8
39F58DB5AC456E11B7B78A650500BC08;44673735EAF46E11B7B78A650500BC08;2025-05-13;-2.0;-86.6
38B373561D456E11B7B78A650500BC08;44673735EAF46E11B7B78A650500BC08;2025-05-13;-12.0;-3852.0
358B55136D7DBE118772106505007E59;44673735EAF46E11B7B78A650500BC08;2025-05-13;-2.0;-318.0
2F85CA1D1442DE11ADB310650500BDB8;44673735EAF46E11B7B78A650500BC08;2025-05-13;-2.0;-132.12
96D902A3047C6E11B7B78A650500BC08;44673735EAF46E11B7B78A650500BC08;2025-05-13;-2.0;-1500.0
D3B65EB0E6568E11F243BB6505007B3B;44673735EAF46E11B7B78A650500BC08;2025-05-13;-2.0;-99.9
A92B062FD6568E11F243BB6505007B3B;44673735EAF46E11B7B78A650500BC08;2025-05-13;-4.0;-305.04
588FD17C7F95FE1191EE1065050031C9;44673735EAF46E11B7B78A650500BC08;2025-05-13;-2.0;-595.4
89940A341B6BAE11BE21106505008F4A;44673735EAF46E11B7B78A650500BC08;2025-05-13;-2.0;-363.6
C3F5E415AA79DE11406610650500414A;44673735EAF46E11B7B78A650500BC08;2025-05-13;-2.0;-402.0
F47FDE7DFCF17E11B7B78A650500CD08;44673735EAF46E11B7B78A650500BC08;2025-05-13;-2.0;-96.16
E64361C1AE456E11B7B78A650500BC08;44673735EAF46E11B7B78A650500BC08;2025-05-13;-6.0;-92.82
691CB051659F6E11B7B78A650500CD08;44673735EAF46E11B7B78A650500BC08;2025-05-13;-2.0;-678.0
993F26818257DE11C846106505008F6A;44673735EAF46E11B7B78A650500BC08;2025-05-13;-2.0;-471.98
23C5195257363E11052F6792C000FF39;44673735EAF46E11B7B78A650500BC08;2025-05-13;-2.0;-179.78
5FD70DA94FE4FE1191EE1065050050C9;44673735EAF46E11B7B78A650500BC08;2025-05-13;-4.0;-1241.4
DF45255DE736FE1191EE10650500F1C9;44673735EAF46E11B7B78A650500BC08;2025-05-13;-6.0;-1655.88
1F3C03016F456E11B7B78A650500BC08;44673735EAF46E11B7B78A650500BC08;2025-05-13;-4.0;-1442.48
F6FEA237E770BE11BE2110650500F55A;44673735EAF46E11B7B78A650500BC08;2025-05-13;-2.0;-21.16
AFCBFC33500A3E11052F6792C000D249;44673735EAF46E11B7B78A650500BC08;2025-05-13;-2.0;-744.44
3DB3A91FCE456E11B7B78A650500BC08;44673735EAF46E11B7B78A650500BC08;2025-05-13;-14.0;-190.48000000000002
46B486E755C45E1142D58A650500DC08;44673735EAF46E11B7B78A650500BC08;2025-05-13;-4.0;-264.84
B311D296104FFE11F1557891FE695689;44673735EAF46E11B7B78A650500BC08;2025-05-13;-2.0;-24.36
B1122323BCBCAE11BE2110650500315A;44673735EAF46E11B7B78A650500BC08;2025-05-13;-4.0;-676.6
F5C36E0D7D79FE11128010650500E819;44673735EAF46E11B7B78A650500BC08;2025-05-13;-4.0;-271.48
175AF9E305B4DE11ADB310650500F0C8;44673735EAF46E11B7B78A650500BC08;2025-05-13;-6.0;-348.48
8ED32CEC76018E110819BB65050039AA;44673735EAF46E11B7B78A650500BC08;2025-05-13;-4.0;-233.82
1B37A649CD456E11B7B78A650500BC08;44673735EAF46E11B7B78A650500BC08;2025-05-13;-4.0;-735.8199999999999
4CCCB1E663039E115540106505004C3B;44673735EAF46E11B7B78A650500BC08;2025-05-13;-10.0;-668.6
35438B674C456E11B7B78A650500BC08;44673735EAF46E11B7B78A650500BC08;2025-05-13;-2.0;-282.16
9573211B7A6B6E11B7B78A650500BC08;44673735EAF46E11B7B78A650500BC08;2025-05-13;-2.0;-250.96
D653C6DFF0993E11052F6792C000D249;44673735EAF46E11B7B78A650500BC08;2025-05-13;-2.0;-482.2
8BD1830E31E99E11525010650500BA4A;44673735EAF46E11B7B78A650500BC08;2025-05-13;-4.0;-1578.9
08763C2280A49E115540106505006E3B;44673735EAF46E11B7B78A650500BC08;2025-05-13;-2.0;-206.84
E40596EBD9E66E11B7B78A650500BC08;44673735EAF46E11B7B78A650500BC08;2025-05-13;-6.0;-245.0
BC577F655AE66E11B7B78A650500BC08;44673735EAF46E11B7B78A650500BC08;2025-05-13;-2.0;-61.0
7CF74A7B0321DE11ADB3106505003CB8;44673735EAF46E11B7B78A650500BC08;2025-05-13;-16.0;-528.0
7ADB6E20109C7E110819BB65050039AA;44673735EAF46E11B7B78A650500BC08;2025-05-13;-2.0;-515.18
B00DD8F181E4EE11B1AD1065050078EA;44673735EAF46E11B7B78A650500BC08;2025-05-13;-4.0;-872.0
CC4CDD55AC456E11B7B78A650500BC08;44673735EAF46E11B7B78A650500BC08;2025-05-13;-2.0;-339.68
C9AB0510C76ADE11406610650500724A;44673735EAF46E11B7B78A650500BC08;2025-05-13;-2.0;-37.1
9035423CFC456E11B7B78A650500BC08;44673735EAF46E11B7B78A650500BC08;2025-05-13;-10.0;-2173.8
CD82917FD68ECE11ADB31065050078B8;44673735EAF46E11B7B78A650500BC08;2025-05-13;-2.0;-538.0
4C7BA3AAF655BE11BE21106505002C5A;44673735EAF46E11B7B78A650500BC08;2025-05-13;-2.0;-737.14
A04D7062196BEE1191EE1065050029B9;44673735EAF46E11B7B78A650500BC08;2025-05-13;-2.0;-71.1
C143E8559AE66E11B7B78A650500BC08;44673735EAF46E11B7B78A650500BC08;2025-05-13;-2.0;-774.0
BA6562D6E770BE11BE2110650500F55A;44673735EAF46E11B7B78A650500BC08;2025-05-13;-2.0;-276.62
9379BA83CEF9FE11128010650500E819;44673735EAF46E11B7B78A650500BC08;2025-05-13;-14.0;-1848.0
7093BC9054268E11F243BB6505003B3B;44673735EAF46E11B7B78A650500BC08;2025-05-13;-6.0;-224.45999999999998
086304C34E456E11B7B78A650500BC08;44673735EAF46E11B7B78A650500BC08;2025-05-13;-10.0;-2550.0
9AE8002B3C456E11B7B78A650500BC08;44673735EAF46E11B7B78A650500BC08;2025-05-13;-4.0;-840.74
684D0F16A8ABEE1191EE1065050029B9;44673735EAF46E11B7B78A650500BC08;2025-05-13;-2.0;-1194.42
85CBD582DC456E11B7B78A650500BC08;44673735EAF46E11B7B78A650500BC08;2025-05-13;-6.0;-915.7
CF60BB6F86CFAE11BE2110650500155A;44673735EAF46E11B7B78A650500BC08;2025-05-13;-4.0;-186.68
1D4C6A7E9E789E11525010650500E84A;44673735EAF46E11B7B78A650500BC08;2025-05-13;-8.0;-1142.08
9A78525C8AD6AE11BE2110650500B94A;44673735EAF46E11B7B78A650500BC08;2025-05-13;-2.0;-3889.9
7ED1C977227DCE11ADB31065050007B8;44673735EAF46E11B7B78A650500BC08;2025-05-13;-2.0;-105.2
2EA978A88ABAAE11BE2110650500AE4A;44673735EAF46E11B7B78A650500BC08;2025-05-13;-8.0;-2520.0
D21342DE1CFA7E110819BB65050039AA;44673735EAF46E11B7B78A650500BC08;2025-05-13;-2.0;-220.92
3751982A6CFA7E110819BB65050039AA;44673735EAF46E11B7B78A650500BC08;2025-05-13;-2.0;-465.26
EA8A21414653CE11877210650500E569;44673735EAF46E11B7B78A650500BC08;2025-05-13;-2.0;-1160.0
761AFCC5ACAAAE11BE21106505009E4A;44673735EAF46E11B7B78A650500BC08;2025-05-13;-4.0;-198.72
99EE18AAFD456E11B7B78A650500BC08;44673735EAF46E11B7B78A650500BC08;2025-05-13;-2.0;-466.0
3854AB3DD6568E11F243BB6505007B3B;44673735EAF46E11B7B78A650500BC08;2025-05-13;-10.0;-555.0600000000001
2797B69694310F11112A674AC7E2F889;44673735EAF46E11B7B78A650500BC08;2025-05-13;-4.0;-512.0
291DD8F181E4EE11B1AD1065050078EA;44673735EAF46E11B7B78A650500BC08;2025-05-13;-2.0;-495.0
FAD7B69694310F11112A674AC7E2F889;44673735EAF46E11B7B78A650500BC08;2025-05-13;-4.0;-570.0
317948383D456E11B7B78A650500BC08;44673735EAF46E11B7B78A650500BC08;2025-05-13;-2.0;-168.72
3C071A03578EDE11406610650500084A;44673735EAF46E11B7B78A650500BC08;2025-05-13;-2.0;-367.26
F8A4EF19E4F8AE11BE21106505006C4A;44673735EAF46E11B7B78A650500BC08;2025-05-13;-2.0;-241.9
7522F27C92E0DE11ADB310650500DBB8;44673735EAF46E11B7B78A650500BC08;2025-05-13;-4.0;-405.4
980D494F00300F11F1557891FE698789;44673735EAF46E11B7B78A650500BC08;2025-05-13;-2.0;-459.88
D564E44AC336AE11BE2110650500E84A;44673735EAF46E11B7B78A650500BC08;2025-05-13;-2.0;-1747.62
F47975AEB9456E11B7B78A650500BC08;44673735EAF46E11B7B78A650500BC08;2025-05-13;-4.0;-1249.42
E25F50F3ED456E11B7B78A650500BC08;44673735EAF46E11B7B78A650500BC08;2025-05-13;-2.0;-144.6
92EC19A83915CE11ADB3106505000DA8;44673735EAF46E11B7B78A650500BC08;2025-05-13;-2.0;-764.4
C87F84EBBD1EFE11F1557891FE69E489;44673735EAF46E11B7B78A650500BC08;2025-05-13;-6.0;-260.28
BC4BA70BC31DAE11BE2110650500A15A;44673735EAF46E11B7B78A650500BC08;2025-05-13;-6.0;-1288.38
B1C8D74B63949E115540106505004E3B;44673735EAF46E11B7B78A650500BC08;2025-05-13;-2.0;-57.6
6DE4F6072545AE11726010650500845A;44673735EAF46E11B7B78A650500BC08;2025-05-13;-6.0;-2308.2200000000003
0E746D9E96507E11B7B78A650500CD08;44673735EAF46E11B7B78A650500BC08;2025-05-13;-6.0;-296.82
A80A588CE596DE11ADB31065050053C8;44673735EAF46E11B7B78A650500BC08;2025-05-13;-4.0;-123.48
15902C50ED456E11B7B78A650500BC08;44673735EAF46E11B7B78A650500BC08;2025-05-13;-2.0;-2284.2
4801E43EC6B49E115540106505008E3B;44673735EAF46E11B7B78A650500BC08;2025-05-13;-2.0;-143.02
B56D67E8CB02CE118772106505004469;44673735EAF46E11B7B78A650500BC08;2025-05-13;-2.0;-4771.3
E23184E73EBBEE1191EE1065050029B9;44673735EAF46E11B7B78A650500BC08;2025-05-13;-2.0;-287.82
3A9BA5B288D6EE1191EE1065050096B9;44673735EAF46E11B7B78A650500BC08;2025-05-13;-2.0;-472.0
5F3C03016F456E11B7B78A650500BC08;44673735EAF46E11B7B78A650500BC08;2025-05-13;-2.0;-524.44
DF6A56559C456E11B7B78A650500BC08;44673735EAF46E11B7B78A650500BC08;2025-05-13;-4.0;-558.06
E28C1F0E1308EE1191EE10650500D7B9;44673735EAF46E11B7B78A650500BC08;2025-05-13;-2.0;-136.44
E086718F3C456E11B7B78A650500BC08;44673735EAF46E11B7B78A650500BC08;2025-05-13;-2.0;-1319.2
DAF54843272FFE11F1557891FE693689;44673735EAF46E11B7B78A650500BC08;2025-05-13;-2.0;-476.0
9E9D74142D456E11B7B78A650500BC08;44673735EAF46E11B7B78A650500BC08;2025-05-13;-2.0;-2274.0
CE3A9D65008EFE11F1557891FE696589;FC081C55582CED11A62CD892C0003F2A;2025-05-13;-2.0;-55.44
BB989B606032BE11BE2110650500285A;44673735EAF46E11B7B78A650500BC08;2025-05-13;-2.0;-1364.0
9F69E075D8DA7E110819BB65050039AA;44673735EAF46E11B7B78A650500BC08;2025-05-13;-2.0;-810.28
B78D9C347C876E11B7B78A650500BC08;44673735EAF46E11B7B78A650500BC08;2025-05-13;2.0;534.58
9035136A2DFE9E117260106505008C4A;44673735EAF46E11B7B78A650500BC08;2025-05-13;0.0;0.0
3D62BD8A40BB3E11052F6792C000D249;FC081C55582CED11A62CD892C0003F2A;2025-05-13;22.0;822.36
9E54CA91478B3E11052F6792C000D249;FC081C55582CED11A62CD892C0003F2A;2025-05-13;8.0;456.08000000000004
13E14CF7272ABE118772106505003A59;44673735EAF46E11B7B78A650500BC08;2025-05-13;-60.0;-2170.28
FF6F8FC90FC1CE11877210650500F369;44673735EAF46E11B7B78A650500BC08;2025-05-13;-2.0;-129.9
4B4FA5E5210EDE11406610650500374A;FC081C55582CED11A62CD892C0003F2A;2025-05-13;0.0;0.0
0F480377B1C10F114EF7A826072BB989;FC081C55582CED11A62CD892C0003F2A;2025-05-13;0.0;0.0
0B0A0377B1C10F114EF7A826072BB989;FC081C55582CED11A62CD892C0003F2A;2025-05-13;0.0;0.0
D193468C1C58AE11BE2110650500AB4A;FC081C55582CED11A62CD892C0003F2A;2025-05-13;0.0;0.0
FD744D7F12EC6E11B7B78A650500BC08;FC081C55582CED11A62CD892C0003F2A;2025-05-13;-12.0;-515.9
04BA665107F8FE11128010650500D819;FC081C55582CED11A62CD892C0003F2A;2025-05-13;0.0;0.0
2669098FE338CE11ADB310650500FFA8;FC081C55582CED11A62CD892C0003F2A;2025-05-13;12.0;11170.3
4769CAA0EC6FEE1191EE1065050029B9;FC081C55582CED11A62CD892C0003F2A;2025-05-13;0.0;0.0
BE32FC7ADDDFEE1191EE10650500B9B9;FC081C55582CED11A62CD892C0003F2A;2025-05-13;0.0;0.0
572DE133477EFE11F1557891FE695589;FC081C55582CED11A62CD892C0003F2A;2025-05-13;0.0;0.0
39C6D532677ADE11406610650500824A;FC081C55582CED11A62CD892C0003F2A;2025-05-13;0.0;0.0
7200806E785EDE11406610650500C74A;FC081C55582CED11A62CD892C0003F2A;2025-05-13;0.0;0.0
A3E2A9AF785EDE11406610650500C74A;FC081C55582CED11A62CD892C0003F2A;2025-05-13;0.0;0.0
0DDF89D16F5CCE11ADB31065050095B8;FC081C55582CED11A62CD892C0003F2A;2025-05-13;0.0;0.0
E2E557229CF88E11F243BB650500DE3B;44673735EAF46E11B7B78A650500BC08;2025-05-13;18.0;3857.3999999999996
961986314D58FE11128010650500D819;B0BDDED34CC83E11052F6792C000B249;2025-05-13;4.0;13114.66
12E9A08D1728DE11C84610650500907A;B0BDDED34CC83E11052F6792C000B249;2025-05-13;6.0;7685.0
50146B13B13FEE1191EE1065050029B9;44673735EAF46E11B7B78A650500BC08;2025-05-13;200.0;19451.34
F3A43B996382DE11ADB3106505000EB8;B0BDDED34CC83E11052F6792C000B249;2025-05-13;0.0;0.0
CBC572DB55137E11B7B78A650500DD08;B0BDDED34CC83E11052F6792C000B249;2025-05-13;0.0;0.0
01DE6F40885EDE11406610650500C74A;B0BDDED34CC83E11052F6792C000B249;2025-05-13;0.0;0.0
F89CDB058836CE11ADB3106505008DA8;B0BDDED34CC83E11052F6792C000B249;2025-05-13;0.0;0.0
2E23C02322F05E1142D58A650500BC08;B0BDDED34CC83E11052F6792C000B249;2025-05-13;0.0;0.0
27654C8D278FEE1191EE1065050049B9;B0BDDED34CC83E11052F6792C000B249;2025-05-13;0.0;0.0
2708C3D11224EE11B1AD1065050087EA;B0BDDED34CC83E11052F6792C000B249;2025-05-13;0.0;0.0
9ED0A9589F09FE11128010650500E819;B0BDDED34CC83E11052F6792C000B249;2025-05-13;0.0;0.0
19A76AB89F09FE11128010650500E819;B0BDDED34CC83E11052F6792C000B249;2025-05-13;0.0;5.684341886080802e-14
4622243AB7A0EE11406610650500BA4A;B0BDDED34CC83E11052F6792C000B249;2025-05-13;0.0;0.0
C0727D033533FE1191EE106505000EB9;B0BDDED34CC83E11052F6792C000B249;2025-05-13;0.0;0.0
6E40B1E704B0EE11406610650500CA4A;B0BDDED34CC83E11052F6792C000B249;2025-05-13;0.0;0.0
B7C6C6B5D77EFE11F1557891FE695589;B0BDDED34CC83E11052F6792C000B249;2025-05-13;0.0;0.0
3C0C3350C8000F11F1557891FE695789;B0BDDED34CC83E11052F6792C000B249;2025-05-13;0.0;0.0
916D9B051EE5CE11ADB3106505006DA8;B0BDDED34CC83E11052F6792C000B249;2025-05-13;0.0;0.0
3AD0EE26A373FE1191EE106505006EB9;B0BDDED34CC83E11052F6792C000B249;2025-05-13;0.0;0.0
0D69708DB2065E1142D58A650500DC08;B0BDDED34CC83E11052F6792C000B249;2025-05-13;0.0;0.0
BD77761AFC07FE1191EE1065050013C9;B0BDDED34CC83E11052F6792C000B249;2025-05-13;0.0;0.0
0F2C931097DF2E11052F6792C000CF39;B0BDDED34CC83E11052F6792C000B249;2025-05-13;0.0;0.0
6077644281B0EE11406610650500CA4A;B0BDDED34CC83E11052F6792C000B249;2025-05-13;0.0;0.0
65BC9DE2AE24DE11ADB31065050040C8;B0BDDED34CC83E11052F6792C000B249;2025-05-13;0.0;0.0
8D9179E4EA93FE1191EE106505009EB9;B0BDDED34CC83E11052F6792C000B249;2025-05-13;0.0;0.0
7994E8A4E315AE11726010650500445A;B0BDDED34CC83E11052F6792C000B249;2025-05-13;-4.0;-190.18
15F75042DD456E11B7B78A650500BC08;44673735EAF46E11B7B78A650500BC08;2025-05-13;-6.0;-12714.0
C85608106802EE114066106505008C4A;FC081C55582CED11A62CD892C0003F2A;2025-05-13;0.0;0.0
6D75352C5802EE114066106505008C4A;FC081C55582CED11A62CD892C0003F2A;2025-05-13;0.0;0.0
E9E1BCE3E1DE8E11F243BB650500D64B;FC081C55582CED11A62CD892C0003F2A;2025-05-13;0.0;0.0
5E0BF21D1CE76E11B7B78A650500BC08;44673735EAF46E11B7B78A650500BC08;2025-05-13;34.0;7555.48
4587FD357AA1CE11877210650500C369;44673735EAF46E11B7B78A650500BC08;2025-05-13;46.0;7780.4400000000005
0A9EF37B8A65EE11B1AD1065050039EA;44673735EAF46E11B7B78A650500BC08;2025-05-13;396.0;9108.0
36C8A29383C74E1142D58A6505002C08;FC081C55582CED11A62CD892C0003F2A;2025-05-13;12.0;1104.0
7C60C4CD2AFB3E11052F6792C000D249;FC081C55582CED11A62CD892C0003F2A;2025-05-13;10.0;1046.4
BCF1C6BF62CAED11A62CD892C0003F2A;FC081C55582CED11A62CD892C0003F2A;2025-05-13;4.0;1183.16
F1D9DD6EEB6DFE11F1557891FE690489;FC081C55582CED11A62CD892C0003F2A;2025-05-13;8.0;1233.44
19C55F37B07E8E11F243BB650500564B;44673735EAF46E11B7B78A650500BC08;2025-05-13;40.0;2610.4
5F6A7BE2C409CE11ADB31065050011B8;44673735EAF46E11B7B78A650500BC08;2025-05-13;0.0;0.0
4D7363CEF04DDE11406610650500464A;44673735EAF46E11B7B78A650500BC08;2025-05-13;0.0;0.0
70936E61BD010F11112A674AC7E2C889;FC081C55582CED11A62CD892C0003F2A;2025-05-13;2.0;1349.76
9A046E61BD010F11112A674AC7E2C889;FC081C55582CED11A62CD892C0003F2A;2025-05-13;4.0;2699.54
59B0FD22BD010F11112A674AC7E2C889;FC081C55582CED11A62CD892C0003F2A;2025-05-13;8.0;2660.98
BA8451495C55DE11ADB310650500C1C8;FC081C55582CED11A62CD892C0003F2A;2025-05-13;0.0;0.0
A8A426D138C6EE1191EE1065050086B9;FC081C55582CED11A62CD892C0003F2A;2025-05-13;0.0;0.0
CF96C6539410CE11877210650500C169;FC081C55582CED11A62CD892C0003F2A;2025-05-13;0.0;0.0
6A29FA1D9B4D7E110819BB65050039AA;FC081C55582CED11A62CD892C0003F2A;2025-05-13;40.0;2230.8
19C55F37B07E8E11F243BB650500564B;FC081C55582CED11A62CD892C0003F2A;2025-05-13;30.0;1957.8
B1E0BA67146B3E11052F6792C000D249;B0BDDED34CC83E11052F6792C000B249;2025-05-13;24.0;859.92
7073E631DE866E11B7B78A650500BC08;B0BDDED34CC83E11052F6792C000B249;2025-05-13;12.0;1185.6
0BC7A34A1E456E11B7B78A650500BC08;B0BDDED34CC83E11052F6792C000B249;2025-05-13;24.0;6196.8
2BC7A34A1E456E11B7B78A650500BC08;B0BDDED34CC83E11052F6792C000B249;2025-05-13;24.0;6196.8
ADFED0C5183BBE118772106505009B59;FC081C55582CED11A62CD892C0003F2A;2025-05-13;2.0;279.16
3A9221D7F367FE1191EE1065050083C9;FC081C55582CED11A62CD892C0003F2A;2025-05-13;2.0;1100.0
A4081F6757E48E113835BB6505009DAA;FC081C55582CED11A62CD892C0003F2A;2025-05-13;6.0;1866.0
245824656D44FE1191EE106505007FB9;FC081C55582CED11A62CD892C0003F2A;2025-05-13;8.0;2912.0
0E108DE8FF214E1142D58A650500DB08;FC081C55582CED11A62CD892C0003F2A;2025-05-13;2.0;244.28
F72EDE23CA25EE11B1AD10650500D8EA;FC081C55582CED11A62CD892C0003F2A;2025-05-13;8.0;455.76
4BCC105068A1CE11877210650500C369;FC081C55582CED11A62CD892C0003F2A;2025-05-13;6.0;368.94
8FEF0D3B34D99E11525010650500AA4A;44673735EAF46E11B7B78A650500BC08;2025-05-13;4.0;2078.44
06F014A4852B9E115250106505005C4A;44673735EAF46E11B7B78A650500BC08;2025-05-13;8.0;1999.84
7D02A37C1A5FFE11F1557891FE697689;B0BDDED34CC83E11052F6792C000B249;2025-05-13;10.0;473.5
98FEE6875D456E11B7B78A650500BC08;44673735EAF46E11B7B78A650500BC08;2025-05-13;12.0;2591.76
0C0DF4BB3D456E11B7B78A650500BC08;44673735EAF46E11B7B78A650500BC08;2025-05-13;24.0;2646.72
0D5C8E76CD456E11B7B78A650500BC08;44673735EAF46E11B7B78A650500BC08;2025-05-13;12.0;2397.24
4744FA69BF354E1142D58A6505002C08;FC081C55582CED11A62CD892C0003F2A;2025-05-13;22.0;1321.3200000000002
E4AAB2CCE2376E11B7B78A650500BC08;44673735EAF46E11B7B78A650500BC08;2025-05-13;-24.0;-35760.0
0D5B5EC1BD010F11112A674AC7E2C889;B0BDDED34CC83E11052F6792C000B249;2025-05-13;10.0;4193.92
82858AF1BD010F11112A674AC7E2C889;B0BDDED34CC83E11052F6792C000B249;2025-05-13;8.0;4049.3
66F0FD22BD010F11112A674AC7E2C889;B0BDDED34CC83E11052F6792C000B249;2025-05-13;8.0;2660.98
ADC4F6FF7120FE1191EE106505000AB9;FC081C55582CED11A62CD892C0003F2A;2025-05-13;4.0;372.52
C45EB47D4A20FE1191EE106505001AB9;FC081C55582CED11A62CD892C0003F2A;2025-05-13;2.0;3209.5
6571D7685B1C6E11B7B78A650500BC08;B0BDDED34CC83E11052F6792C000B249;2025-05-13;4.0;5866.24
E5B1A6AFB6736E11B7B78A6505003C08;B0BDDED34CC83E11052F6792C000B249;2025-05-13;12.0;396.1
65BC3F8D9B12DE11ADB3106505008DB8;FC081C55582CED11A62CD892C0003F2A;2025-05-13;0.0;0.0
F0D9FBED66C33E11052F6792C000EF39;FC081C55582CED11A62CD892C0003F2A;2025-05-13;0.0;0.0
F025AD4DED7FFE11F1557891FE69A689;FC081C55582CED11A62CD892C0003F2A;2025-05-13;0.0;0.0
9144009EED7FFE11F1557891FE69A689;FC081C55582CED11A62CD892C0003F2A;2025-05-13;0.0;0.0
40DEBDFD6431FE1191EE106505006BB9;FC081C55582CED11A62CD892C0003F2A;2025-05-13;0.0;0.0
19B9E4A60EA4FE1191EE1065050000C9;FC081C55582CED11A62CD892C0003F2A;2025-05-13;0.0;0.0
CFFF9F35A9BFCE11ADB3106505001AB8;FC081C55582CED11A62CD892C0003F2A;2025-05-13;0.0;0.0
6C7BE90784497E110819BB65050009AA;FC081C55582CED11A62CD892C0003F2A;2025-05-13;100.0;2423.06
2599020159FEDE11406610650500984A;FC081C55582CED11A62CD892C0003F2A;2025-05-13;14.0;1038.1
4877C406B70ECE11ADB310650500D7B8;FC081C55582CED11A62CD892C0003F2A;2025-05-13;38.0;5350.88
AFC778240ECA9E11525010650500EB4A;FC081C55582CED11A62CD892C0003F2A;2025-05-13;38.0;961.48
9A5C0D8F6B72BE11BE2110650500885A;FC081C55582CED11A62CD892C0003F2A;2025-05-13;48.0;2563.2
840E7C180733FE1191EE106505000EB9;FC081C55582CED11A62CD892C0003F2A;2025-05-13;8.0;9802.56
E2DC7D60CFB85E1142D58A650500DC08;FC081C55582CED11A62CD892C0003F2A;2025-05-13;12.0;3558.36
C8B7FCBFE0CAED11A62CD892C0003F2A;FC081C55582CED11A62CD892C0003F2A;2025-05-13;8.0;1426.56
91A1341F6CB38E113835BB6505004CAA;FC081C55582CED11A62CD892C0003F2A;2025-05-13;4.0;3164.4
56181BDBAB4B3E11052F6792C000D249;FC081C55582CED11A62CD892C0003F2A;2025-05-13;8.0;1866.24
AE424547F7CCEE1191EE1065050029B9;FC081C55582CED11A62CD892C0003F2A;2025-05-13;8.0;2422.96
C13EAFF82392BE11BE2110650500A85A;FC081C55582CED11A62CD892C0003F2A;2025-05-13;20.0;1355.18
4783DFBF8BA3BE11BE21106505000A5A;FC081C55582CED11A62CD892C0003F2A;2025-05-13;38.0;1943.58
83E9C4A5ADECFE11F1557891FE696389;FC081C55582CED11A62CD892C0003F2A;2025-05-13;48.0;5588.16
BD033BA5725B6E11B7B78A650500BC08;FC081C55582CED11A62CD892C0003F2A;2025-05-13;16.0;10935.2
514C21408EE2BE11BE2110650500195A;FC081C55582CED11A62CD892C0003F2A;2025-05-13;8.0;927.46
ABBAB48847145E1142D58A650500DC08;FC081C55582CED11A62CD892C0003F2A;2025-05-13;4.0;2179.4
A106DE105D35BE11BE21106505000C5A;44673735EAF46E11B7B78A650500BC08;2025-05-13;10.0;4937.9
37424BCE5D89FE11128010650500E819;FC081C55582CED11A62CD892C0003F2A;2025-05-13;12.0;2337.6
BFD515DE4BF27E11B7B78A650500DD08;44673735EAF46E11B7B78A650500BC08;2025-05-13;20.0;8386.0
E1D0BA96680B7E110819BB65050039AA;44673735EAF46E11B7B78A650500BC08;2025-05-13;16.0;2150.4
900E3C660DA57E11B7B78A650500ED08;44673735EAF46E11B7B78A650500BC08;2025-05-13;204.0;19992.0
BF8BC161B92F6E11B7B78A650500CD08;44673735EAF46E11B7B78A650500BC08;2025-05-13;100.0;18200.0
1EE4D02FF0410F11112A674AC7E20989;FC081C55582CED11A62CD892C0003F2A;2025-05-13;4.0;1166.0
5B0264F7503FEE1191EE1065050029B9;FC081C55582CED11A62CD892C0003F2A;2025-05-13;4.0;365.48
DD4EFCCBCE13FE1191EE10650500EDB9;FC081C55582CED11A62CD892C0003F2A;2025-05-13;8.0;2135.34
4EF00AE859278E11F243BB6505008C3B;B0BDDED34CC83E11052F6792C000B249;2025-05-13;0.0;0.0
09B751EE1F22FE1191EE10650500ACB9;B0BDDED34CC83E11052F6792C000B249;2025-05-13;4.0;709.0
FC1B1729ACA5BE11BE21106505009C5A;B0BDDED34CC83E11052F6792C000B249;2025-05-13;20.0;733.14
D57669C42106FE1191EE10650500B1C9;B0BDDED34CC83E11052F6792C000B249;2025-05-13;6.0;1010.04
0AF46A8715FAFD11A4A96492C0006F3B;FC081C55582CED11A62CD892C0003F2A;2025-05-13;50.0;1700.94
A8ED7072C89D7E110819BB65050039AA;FC081C55582CED11A62CD892C0003F2A;2025-05-13;-2.0;-174.94
490F1F0871500F11F1557891FE69B789;FC081C55582CED11A62CD892C0003F2A;2025-05-13;-2.0;-38.0
D46678A93EAFFE11F1557891FE69E689;FC081C55582CED11A62CD892C0003F2A;2025-05-13;-2.0;-21.76
7A17D43BD2FBEE1191EE1065050029B9;FC081C55582CED11A62CD892C0003F2A;2025-05-13;-2.0;-187.9
FA4E40F74CE1EE114066106505006C4A;FC081C55582CED11A62CD892C0003F2A;2025-05-13;-2.0;-67.68
1A2EBFF38EEC9E11726010650500D94A;FC081C55582CED11A62CD892C0003F2A;2025-05-13;-6.0;-436.74
3DBFDBA329D17E11B7B78A650500CD08;FC081C55582CED11A62CD892C0003F2A;2025-05-13;-2.0;-204.46
FA703E042CE1EE114066106505006C4A;FC081C55582CED11A62CD892C0003F2A;2025-05-13;-2.0;-74.06
398688DBC691FE1191EE10650500EBB9;FC081C55582CED11A62CD892C0003F2A;2025-05-13;-2.0;-29.84
310EF11D4EEC9E11726010650500D94A;FC081C55582CED11A62CD892C0003F2A;2025-05-13;-2.0;-177.86
AFB26ACEDEE3DE11ADB310650500DFB8;FC081C55582CED11A62CD892C0003F2A;2025-05-13;-10.0;-59.66
EE7C04BB5EEC9E11726010650500D94A;FC081C55582CED11A62CD892C0003F2A;2025-05-13;-2.0;-151.06
F9F71D6EA51BCE11ADB310650500D3B8;FC081C55582CED11A62CD892C0003F2A;2025-05-13;-2.0;-252.04
19E55DB7C2EFAE11BE2110650500355A;FC081C55582CED11A62CD892C0003F2A;2025-05-13;-2.0;-321.3
F8BAD7647F06BE118772106505000559;FC081C55582CED11A62CD892C0003F2A;2025-05-13;-2.0;-183.32
4F8779C141CAED11A62CD892C0003F2A;FC081C55582CED11A62CD892C0003F2A;2025-05-13;-2.0;-438.66
20D6C943FD94DE11ADB310650500D0C8;FC081C55582CED11A62CD892C0003F2A;2025-05-13;-2.0;-53.98
C61CDEC1BFD9DE11406610650500C14A;FC081C55582CED11A62CD892C0003F2A;2025-05-13;-4.0;-216.0
D519A5CAEE065E1142D58A650500DC08;FC081C55582CED11A62CD892C0003F2A;2025-05-13;-2.0;-75.22
C1D32BDCFFAEDE11406610650500384A;FC081C55582CED11A62CD892C0003F2A;2025-05-13;-2.0;-66.82
C464EB2B2EF10F114EF7A826072B0A89;FC081C55582CED11A62CD892C0003F2A;2025-05-13;-2.0;-121.2
605C851B9815CE11ADB3106505000DA8;FC081C55582CED11A62CD892C0003F2A;2025-05-13;-4.0;-73.68
7D2CFD64047D8E11F243BB650500154B;FC081C55582CED11A62CD892C0003F2A;2025-05-13;-2.0;-340.3
D884C3029873CE118772106505001669;FC081C55582CED11A62CD892C0003F2A;2025-05-13;-2.0;-242.24
1C0B74D7D0CAED11A62CD892C0003F2A;FC081C55582CED11A62CD892C0003F2A;2025-05-13;-2.0;-320.1
F585D4A2CD387E110819BB65050009AA;FC081C55582CED11A62CD892C0003F2A;2025-05-13;-4.0;-130.76
A7CA015DD8FCEE1191EE1065050029B9;FC081C55582CED11A62CD892C0003F2A;2025-05-13;-4.0;-504.0
9E64991A988AFE11128010650500E819;FC081C55582CED11A62CD892C0003F2A;2025-05-13;-8.0;-94.64
7987D09100E7EE1191EE10650500A7B9;FC081C55582CED11A62CD892C0003F2A;2025-05-13;-2.0;-20.36
163860128FD2FE1191EE106505009DB9;FC081C55582CED11A62CD892C0003F2A;2025-05-13;-4.0;-114.66
D72108E30E96BE11877210650500B559;FC081C55582CED11A62CD892C0003F2A;2025-05-13;-2.0;-312.38
94BD2C7261CBEE1191EE1065050029B9;FC081C55582CED11A62CD892C0003F2A;2025-05-13;-6.0;-270.0
A468FD9B00C28E117E64BB650500DAAA;FC081C55582CED11A62CD892C0003F2A;2025-05-13;-4.0;-183.36
39D0A43DB6CDEE1191EE1065050029B9;FC081C55582CED11A62CD892C0003F2A;2025-05-13;-2.0;-437.38
F55759B07607DE11C846106505002F6A;FC081C55582CED11A62CD892C0003F2A;2025-05-13;-2.0;-23.66
C2C804ECAD62FE1191EE10650500FCB9;FC081C55582CED11A62CD892C0003F2A;2025-05-13;-2.0;-203.08
44A455F8FBF76E11B7B78A650500BC08;FC081C55582CED11A62CD892C0003F2A;2025-05-13;-10.0;-1907.1
94FD11628BE15E1142D58A650500BC08;FC081C55582CED11A62CD892C0003F2A;2025-05-13;-2.0;-61.0
B23B48E1D7ACED11A62CD892C0003F2A;FC081C55582CED11A62CD892C0003F2A;2025-05-13;-2.0;-508.98
E0F2D4AEF77EFE11F1557891FE695589;FC081C55582CED11A62CD892C0003F2A;2025-05-13;-2.0;-82.22
47B641467711AE117260106505003F4A;FC081C55582CED11A62CD892C0003F2A;2025-05-13;-6.0;-1577.94
56E316FBBD1EFE11F1557891FE69E489;FC081C55582CED11A62CD892C0003F2A;2025-05-13;-2.0;-258.42
97B16407104FFE11F1557891FE695689;FC081C55582CED11A62CD892C0003F2A;2025-05-13;-4.0;-44.28
4794E51C1255FE1191EE10650500D0C9;FC081C55582CED11A62CD892C0003F2A;2025-05-13;-2.0;-79.64
AB889AA6B0D97E110819BB65050019AA;FC081C55582CED11A62CD892C0003F2A;2025-05-13;-4.0;-462.0
05BBAF1F6D4DDE11406610650500564A;FC081C55582CED11A62CD892C0003F2A;2025-05-13;-2.0;-127.7
CD93A5230965DE11ADB310650500D1C8;FC081C55582CED11A62CD892C0003F2A;2025-05-13;-2.0;-361.64
54F8722EB6079E11554010650500814B;FC081C55582CED11A62CD892C0003F2A;2025-05-13;-2.0;-33.34
8B247AC845B4DE11ADB310650500F0C8;FC081C55582CED11A62CD892C0003F2A;2025-05-13;-2.0;-234.7
44E881B6101ACE11ADB31065050062B8;FC081C55582CED11A62CD892C0003F2A;2025-05-13;-2.0;-494.4
3EA5E4036085FD110DC22A92C000D158;FC081C55582CED11A62CD892C0003F2A;2025-05-13;-6.0;-402.4
3C56E7023607DE11C846106505002F6A;FC081C55582CED11A62CD892C0003F2A;2025-05-13;-4.0;-47.32
D3DDABC0AA7E8E11F243BB650500664B;FC081C55582CED11A62CD892C0003F2A;2025-05-13;-2.0;-437.36
72AD0751FFC7DE11C84610650500207A;FC081C55582CED11A62CD892C0003F2A;2025-05-13;-8.0;-204.16
9C5855FC0253FE1191EE106505002EB9;FC081C55582CED11A62CD892C0003F2A;2025-05-13;-2.0;-259.82
54EFD822578B3E11052F6792C000D249;FC081C55582CED11A62CD892C0003F2A;2025-05-13;-2.0;-79.3
DD7B70A1D0E9DE11406610650500C14A;FC081C55582CED11A62CD892C0003F2A;2025-05-13;-2.0;-226.3
6B38858D7D948E113835BB6505003DAA;FC081C55582CED11A62CD892C0003F2A;2025-05-13;-2.0;-93.28
0678CBCCEC50EE114066106505005A4A;FC081C55582CED11A62CD892C0003F2A;2025-05-13;-2.0;-106.98
E231DC18704C2E11052F6792C000CF39;FC081C55582CED11A62CD892C0003F2A;2025-05-13;-2.0;-379.82
500A901300E7EE1191EE10650500A7B9;FC081C55582CED11A62CD892C0003F2A;2025-05-13;-2.0;-22.68
1F1EB7FDB0CAED11A62CD892C0003F2A;FC081C55582CED11A62CD892C0003F2A;2025-05-13;-16.0;-536.2
738AE34FE0CAED11A62CD892C0003F2A;FC081C55582CED11A62CD892C0003F2A;2025-05-13;-2.0;-212.76
F7B5FF0809CBFD11A4A96492C000CB59;FC081C55582CED11A62CD892C0003F2A;2025-05-13;-2.0;-44.54
01EDD82EC0CAED11A62CD892C0003F2A;FC081C55582CED11A62CD892C0003F2A;2025-05-13;-2.0;-412.46
703B61D20CE15E1142D58A650500BC08;FC081C55582CED11A62CD892C0003F2A;2025-05-13;-4.0;-169.04
1C56BEFFB0CAED11A62CD892C0003F2A;FC081C55582CED11A62CD892C0003F2A;2025-05-13;-2.0;-150.14
E1684B3E2233DE11ADB310650500EEB8;FC081C55582CED11A62CD892C0003F2A;2025-05-13;-2.0;-296.14
2F4F23B73FF7FD11A4A96492C000AA89;FC081C55582CED11A62CD892C0003F2A;2025-05-13;-2.0;-57.5
AF6724E8CC8EFE11F1557891FE697589;FC081C55582CED11A62CD892C0003F2A;2025-05-13;-2.0;-56.0
3AF9FB64C751AE117260106505008F4A;FC081C55582CED11A62CD892C0003F2A;2025-05-13;-2.0;-374.64
D882A200FFAFFE11F1557891FE69E689;FC081C55582CED11A62CD892C0003F2A;2025-05-13;-4.0;-321.0
0A150FF1AC112E1143F0668E4200C71A;FC081C55582CED11A62CD892C0003F2A;2025-05-13;-2.0;-674.14
29F4F53C79363E11052F6792C000FF39;FC081C55582CED11A62CD892C0003F2A;2025-05-13;-2.0;-70.76
06CA5E727D5FCE11ADB310650500A9B8;FC081C55582CED11A62CD892C0003F2A;2025-05-13;-2.0;-57.96
BA0B05425FD44E1142D58A6505002C08;FC081C55582CED11A62CD892C0003F2A;2025-05-13;-2.0;-191.68
DD0A9111FC1EFE11F1557891FE69E489;FC081C55582CED11A62CD892C0003F2A;2025-05-13;-8.0;-642.56
3E9EAC7B048FCE11ADB310650500D9B8;FC081C55582CED11A62CD892C0003F2A;2025-05-13;-2.0;-639.7
31962A6C62C02E1143F0668E4200C71A;FC081C55582CED11A62CD892C0003F2A;2025-05-13;-2.0;-1484.44
F6A493560091DE11ADB310650500DCB8;FC081C55582CED11A62CD892C0003F2A;2025-05-13;-2.0;-145.32
71A1332D25DFEE1191EE10650500A9B9;FC081C55582CED11A62CD892C0003F2A;2025-05-13;-2.0;-483.2
E815D75DB5934E1142D58A6505002C08;FC081C55582CED11A62CD892C0003F2A;2025-05-13;-2.0;-589.12
FCAEBA5D63820E11A4A96492C00008E9;FC081C55582CED11A62CD892C0003F2A;2025-05-13;-4.0;-360.56
D5A0B92BCE6AFE11128010650500E819;FC081C55582CED11A62CD892C0003F2A;2025-05-13;-2.0;-2639.46
4021332D25DFEE1191EE10650500A9B9;FC081C55582CED11A62CD892C0003F2A;2025-05-13;-2.0;-470.4
EAED74381686CE11ADB310650500DDA8;FC081C55582CED11A62CD892C0003F2A;2025-05-13;-2.0;-172.4
903118CCA257DE11C846106505008F6A;FC081C55582CED11A62CD892C0003F2A;2025-05-13;-8.0;-204.0
E42A08F801CAED11A62CD892C0003F2A;FC081C55582CED11A62CD892C0003F2A;2025-05-13;-4.0;-92.72
86B193274E458E113835BB6505001EAA;FC081C55582CED11A62CD892C0003F2A;2025-05-13;-2.0;-256.72
ED552F68FFF10F114EF7A826072B0A89;FC081C55582CED11A62CD892C0003F2A;2025-05-13;-2.0;-729.62
63D0A049DDF39E115540106505008D3B;FC081C55582CED11A62CD892C0003F2A;2025-05-13;-4.0;-175.38
DDCF31189AC9FE11128010650500E819;FC081C55582CED11A62CD892C0003F2A;2025-05-13;-2.0;-73.8
4FA461EEEDE4FE1191EE1065050050C9;FC081C55582CED11A62CD892C0003F2A;2025-05-13;-2.0;-219.52
D508EE0504A8CE11ADB31065050090B8;FC081C55582CED11A62CD892C0003F2A;2025-05-13;-2.0;-116.16
9B10C2697AEAEE1191EE1065050029B9;FC081C55582CED11A62CD892C0003F2A;2025-05-13;-2.0;-541.54
866C3997B34C2E11052F6792C000CF39;FC081C55582CED11A62CD892C0003F2A;2025-05-13;-2.0;-284.84
88D9530CC7C1EE114066106505003C4A;FC081C55582CED11A62CD892C0003F2A;2025-05-13;-2.0;-166.52
9F71044C0D4FBE11877210650500C069;FC081C55582CED11A62CD892C0003F2A;2025-05-13;-6.0;-890.42
A6D350222CECDE11406610650500D54A;FC081C55582CED11A62CD892C0003F2A;2025-05-13;-2.0;-420.46
417737989447DE11C846106505007F6A;FC081C55582CED11A62CD892C0003F2A;2025-05-13;-4.0;-418.08
8F5FD09C402EED11A62CD892C000399B;FC081C55582CED11A62CD892C0003F2A;2025-05-13;-4.0;-1530.48
E311B69AD704DE11ADB31065050010C8;FC081C55582CED11A62CD892C0003F2A;2025-05-13;-2.0;-321.44
824D260A5FBFAE11BE2110650500055A;FC081C55582CED11A62CD892C0003F2A;2025-05-13;-2.0;-118.1
8759A44AA1256E11B7B78A650500BC08;FC081C55582CED11A62CD892C0003F2A;2025-05-13;-2.0;-89.86
39FF82A311E1FE1191EE106505004CB9;FC081C55582CED11A62CD892C0003F2A;2025-05-13;-2.0;-390.52
33B8641F6BB4EE11B1AD1065050048EA;FC081C55582CED11A62CD892C0003F2A;2025-05-13;-2.0;-281.76
D09AD5655146AE11BE2110650500F84A;FC081C55582CED11A62CD892C0003F2A;2025-05-13;-4.0;-917.0
3B6C5A1A13080E11A4A96492C00009EB;FC081C55582CED11A62CD892C0003F2A;2025-05-13;-2.0;-606.84
D4969C77403ECE11ADB31065050008B8;FC081C55582CED11A62CD892C0003F2A;2025-05-13;-2.0;-614.66
F8043F2E72DAFE11128010650500E819;FC081C55582CED11A62CD892C0003F2A;2025-05-13;-2.0;-215.26
624AF463D47ADE11406610650500824A;FC081C55582CED11A62CD892C0003F2A;2025-05-13;-2.0;-926.4
B7FBCC50850BFE11128010650500E819;FC081C55582CED11A62CD892C0003F2A;2025-05-13;-2.0;-833.3
0BFD2D2B01638E111E1BBB650500BBAA;FC081C55582CED11A62CD892C0003F2A;2025-05-13;-2.0;-95.26
5ECE8753F0CAED11A62CD892C0003F2A;FC081C55582CED11A62CD892C0003F2A;2025-05-13;-2.0;-536.3
7002AE3A2A6BFE111280106505000919;FC081C55582CED11A62CD892C0003F2A;2025-05-13;-2.0;-126.2
BD1957F1E0CAED11A62CD892C0003F2A;FC081C55582CED11A62CD892C0003F2A;2025-05-13;-6.0;-1807.44
60D1090E82ABCE11ADB31065050084B8;FC081C55582CED11A62CD892C0003F2A;2025-05-13;-6.0;-137.4
2F8233F83607DE11C846106505002F6A;FC081C55582CED11A62CD892C0003F2A;2025-05-13;-2.0;-23.66
092C7EA39CF1EE114066106505007C4A;FC081C55582CED11A62CD892C0003F2A;2025-05-13;-2.0;-262.08
BFD1C858411DEE1191EE1065050029B9;FC081C55582CED11A62CD892C0003F2A;2025-05-13;-2.0;-2149.14
86DEAB1A85F48E113835BB650500ADAA;FC081C55582CED11A62CD892C0003F2A;2025-05-13;-2.0;-285.16
38600091046B3E11052F6792C000D249;FC081C55582CED11A62CD892C0003F2A;2025-05-13;-2.0;-75.08
F2D78078C6F0CE11877210650500E269;FC081C55582CED11A62CD892C0003F2A;2025-05-13;-2.0;-555.06
D01C21F4BF94DE11ADB310650500D0C8;FC081C55582CED11A62CD892C0003F2A;2025-05-13;-2.0;-198.9
BD29FE6DA488AE11BE2110650500DB4A;FC081C55582CED11A62CD892C0003F2A;2025-05-13;-2.0;-138.72
D0DB4AD961CAED11A62CD892C0003F2A;FC081C55582CED11A62CD892C0003F2A;2025-05-13;-2.0;-169.68
1BFF0450D0CAED11A62CD892C0003F2A;FC081C55582CED11A62CD892C0003F2A;2025-05-13;-2.0;-317.78
6EAC592EC1CAED11A62CD892C0003F2A;FC081C55582CED11A62CD892C0003F2A;2025-05-13;-2.0;-195.34
B422080106A2CE118772106505000569;FC081C55582CED11A62CD892C0003F2A;2025-05-13;-2.0;-2928.94
50A80A67D79FFE11F1557891FE69C689;FC081C55582CED11A62CD892C0003F2A;2025-05-13;-2.0;-131.92
FC0B74D7D0CAED11A62CD892C0003F2A;B0BDDED34CC83E11052F6792C000B249;2025-05-13;-4.0;-509.24
9E8291B9C19EBE11877210650500DF59;B0BDDED34CC83E11052F6792C000B249;2025-05-13;-2.0;-55.72
8E8A5C41ACB04E1142D58A650500DB08;B0BDDED34CC83E11052F6792C000B249;2025-05-13;-4.0;-745.02
AB1237A5ACC7BE118772106505003759;B0BDDED34CC83E11052F6792C000B249;2025-05-13;-2.0;-323.8
56E316FBBD1EFE11F1557891FE69E489;B0BDDED34CC83E11052F6792C000B249;2025-05-13;-6.0;-775.26
2A02915EE0CAED11A62CD892C0003F2A;B0BDDED34CC83E11052F6792C000B249;2025-05-13;-6.0;-501.96
33879D8A6CA49E115540106505007E3B;B0BDDED34CC83E11052F6792C000B249;2025-05-13;-4.0;-448.94
7F890DC2591A6E11B7B78A650500BC08;B0BDDED34CC83E11052F6792C000B249;2025-05-13;-4.0;-395.8
AE2C2B8E46971E1143F0668E42006B8B;B0BDDED34CC83E11052F6792C000B249;2025-05-13;-2.0;-349.84
092464D9DF61FE1191EE10650500BBB9;B0BDDED34CC83E11052F6792C000B249;2025-05-13;-2.0;-84.22
682C2393193EBE118772106505006F59;B0BDDED34CC83E11052F6792C000B249;2025-05-13;-18.0;-501.48
E136882211CAED11A62CD892C0003F2A;B0BDDED34CC83E11052F6792C000B249;2025-05-13;-8.0;-1590.3400000000001
A2684B3E2233DE11ADB310650500EEB8;B0BDDED34CC83E11052F6792C000B249;2025-05-13;-2.0;-296.14
2425831BB5939E115540106505000D3B;B0BDDED34CC83E11052F6792C000B249;2025-05-13;-2.0;-373.8
7EFA0DA789DDCE11ADB31065050097B8;B0BDDED34CC83E11052F6792C000B249;2025-05-13;-2.0;-31.94
EA4F278C0ADEAE11BE2110650500E35A;B0BDDED34CC83E11052F6792C000B249;2025-05-13;-2.0;-74.3
28CC8E31A0566E11B7B78A650500BC08;B0BDDED34CC83E11052F6792C000B249;2025-05-13;-4.0;-469.64
C96DD158D0CAED11A62CD892C0003F2A;B0BDDED34CC83E11052F6792C000B249;2025-05-13;-4.0;-520.36
93A6B7DB01CAED11A62CD892C0003F2A;B0BDDED34CC83E11052F6792C000B249;2025-05-13;-2.0;-275.98
A5B00F4DD53ACE11ADB31065050092B8;B0BDDED34CC83E11052F6792C000B249;2025-05-13;-2.0;-99.8
DA9088DED0CAED11A62CD892C0003F2A;B0BDDED34CC83E11052F6792C000B249;2025-05-13;-4.0;-384.38
C3332ADB1B6BAE11BE21106505008F4A;B0BDDED34CC83E11052F6792C000B249;2025-05-13;-2.0;-365.06
CDF25322065ECE11ADB31065050038B8;B0BDDED34CC83E11052F6792C000B249;2025-05-13;-6.0;-2137.2
C4AEA4E0A815FD110DC22A92C0009D7B;B0BDDED34CC83E11052F6792C000B249;2025-05-13;-2.0;-262.8
BFCFC0BAF739CE11ADB31065050051B8;B0BDDED34CC83E11052F6792C000B249;2025-05-13;-24.0;-931.86
EBC03F72327ABE118772106505009A59;B0BDDED34CC83E11052F6792C000B249;2025-05-13;-2.0;-984.72
EF39248CF5802E1143F0668E4200C71A;B0BDDED34CC83E11052F6792C000B249;2025-05-13;-2.0;-319.58
FED315D80970BE11BE2110650500F55A;B0BDDED34CC83E11052F6792C000B249;2025-05-13;-4.0;-485.08
5AB54DD35574FD110DC22A92C000C499;B0BDDED34CC83E11052F6792C000B249;2025-05-13;-8.0;-328.88
E8555DE604D7EE1191EE1065050097B9;B0BDDED34CC83E11052F6792C000B249;2025-05-13;-4.0;-148.6
93A88B2863F7DE11C84610650500507A;B0BDDED34CC83E11052F6792C000B249;2025-05-13;-14.0;-558.6
AE12452A3E263E11052F6792C000FF39;B0BDDED34CC83E11052F6792C000B249;2025-05-13;-2.0;-137.3
CED2FB2772FCBE11877210650500CD59;B0BDDED34CC83E11052F6792C000B249;2025-05-13;-4.0;-1365.24
9120A7FC4032FE1191EE10650500ACB9;B0BDDED34CC83E11052F6792C000B249;2025-05-13;-2.0;-203.92
5C991AF75F7E4E1142D58A650500BC08;B0BDDED34CC83E11052F6792C000B249;2025-05-13;-4.0;-1256.36
9C190A67D79FFE11F1557891FE69C689;B0BDDED34CC83E11052F6792C000B249;2025-05-13;-6.0;-342.6
8E1A48881CF22E1143F0668E4200C71A;B0BDDED34CC83E11052F6792C000B249;2025-05-13;-2.0;-213.34
9808BAC434D04E1142D58A650500DB08;B0BDDED34CC83E11052F6792C000B249;2025-05-13;-6.0;-580.8
8D3F9C6BF173EE11B1AD10650500A6EA;B0BDDED34CC83E11052F6792C000B249;2025-05-13;-2.0;-55.04
AF4BCFB931CAED11A62CD892C0003F2A;B0BDDED34CC83E11052F6792C000B249;2025-05-13;-4.0;-901.34
AB7995D2BC1EFE11F1557891FE69E489;B0BDDED34CC83E11052F6792C000B249;2025-05-13;-4.0;-749.24
4544118ADA7D6E11B7B78A650500BC08;B0BDDED34CC83E11052F6792C000B249;2025-05-13;-2.0;-133.8
259EA71EC978FE11128010650500D819;B0BDDED34CC83E11052F6792C000B249;2025-05-13;-2.0;-46.56
061D6C5D9E7E4E1142D58A650500BC08;B0BDDED34CC83E11052F6792C000B249;2025-05-13;-4.0;-399.04
0E0BEAE1AB458E113835BB6505001EAA;B0BDDED34CC83E11052F6792C000B249;2025-05-13;-2.0;-491.88
903118CCA257DE11C846106505008F6A;B0BDDED34CC83E11052F6792C000B249;2025-05-13;-6.0;-153.0
C6205609CC8EFE11F1557891FE697589;B0BDDED34CC83E11052F6792C000B249;2025-05-13;-2.0;-220.0
D4C139026BC3FE1191EE10650500DEB9;B0BDDED34CC83E11052F6792C000B249;2025-05-13;-4.0;-88.0
DC0F389159E48E113835BB6505009DAA;B0BDDED34CC83E11052F6792C000B249;2025-05-13;-2.0;-582.28
1682DFAA63D2FE1191EE106505007DB9;B0BDDED34CC83E11052F6792C000B249;2025-05-13;-8.0;-779.12
5107D298B12AFE11128010650500E819;B0BDDED34CC83E11052F6792C000B249;2025-05-13;-2.0;-75.12
214C4B77FAC1FE1191EE106505002CB9;B0BDDED34CC83E11052F6792C000B249;2025-05-13;-4.0;-1040.12
D5ECC40BBE6DFE11F1557891FE690489;B0BDDED34CC83E11052F6792C000B249;2025-05-13;-8.0;-633.6
AB7B1593B0A68E11F243BB650500DB3B;B0BDDED34CC83E11052F6792C000B249;2025-05-13;-4.0;-697.36
D8EF29E7178F0E1123F0668E42005B38;B0BDDED34CC83E11052F6792C000B249;2025-05-13;-2.0;-255.32
F80519DFC0CAED11A62CD892C0003F2A;B0BDDED34CC83E11052F6792C000B249;2025-05-13;-2.0;-443.74
E653C166AF6DFE11F1557891FE690489;B0BDDED34CC83E11052F6792C000B249;2025-05-13;-2.0;-152.0
3B3032F28ABAFE11128010650500E819;B0BDDED34CC83E11052F6792C000B249;2025-05-13;-6.0;-186.12
17EB5B5A04D7EE1191EE1065050097B9;B0BDDED34CC83E11052F6792C000B249;2025-05-13;-4.0;-118.88
888EBC77256EEE1191EE1065050029B9;B0BDDED34CC83E11052F6792C000B249;2025-05-13;-8.0;-640.0
B3B082A3041FEE1191EE1065050029B9;B0BDDED34CC83E11052F6792C000B249;2025-05-13;-2.0;-589.12
E6AF8A5FC0CAED11A62CD892C0003F2A;B0BDDED34CC83E11052F6792C000B249;2025-05-13;-8.0;-1300.56
56B6EB4951CAED11A62CD892C0003F2A;B0BDDED34CC83E11052F6792C000B249;2025-05-13;-2.0;-515.28
2D280C348FCA9E11525010650500EB4A;B0BDDED34CC83E11052F6792C000B249;2025-05-13;-6.0;-105.78
48C2943FE1221E1143F0668E42008C3B;B0BDDED34CC83E11052F6792C000B249;2025-05-13;-2.0;-516.72
8A1F57B30D3C5E1142D58A6505000D08;B0BDDED34CC83E11052F6792C000B249;2025-05-13;-4.0;-414.88
52B9E23810C13E11052F6792C000CF39;B0BDDED34CC83E11052F6792C000B249;2025-05-13;-4.0;-818.88
FFA7EDD1F0CAED11A62CD892C0003F2A;B0BDDED34CC83E11052F6792C000B249;2025-05-13;-2.0;-349.28
535C38ACF77CCE11ADB310650500B5B8;B0BDDED34CC83E11052F6792C000B249;2025-05-13;-6.0;-185.82
3EFE9CACBCC7BE118772106505003759;B0BDDED34CC83E11052F6792C000B249;2025-05-13;-2.0;-192.34
D4F45A1B91593E11052F6792C000D249;B0BDDED34CC83E11052F6792C000B249;2025-05-13;-2.0;-896.84
275F40D0D0CAED11A62CD892C0003F2A;B0BDDED34CC83E11052F6792C000B249;2025-05-13;-2.0;-211.68
06B4D3506896FE1191EE1065050072C9;B0BDDED34CC83E11052F6792C000B249;2025-05-13;-2.0;-479.4
2A8779C141CAED11A62CD892C0003F2A;B0BDDED34CC83E11052F6792C000B249;2025-05-13;-2.0;-361.82
6286A11E189BDE11406610650500144A;B0BDDED34CC83E11052F6792C000B249;2025-05-13;-4.0;-1003.68
662269CE6DB7FE1191EE10650500F3C9;B0BDDED34CC83E11052F6792C000B249;2025-05-13;-2.0;-277.8
BE4EAE8BF0CAED11A62CD892C0003F2A;B0BDDED34CC83E11052F6792C000B249;2025-05-13;-2.0;-294.46
38DF16CEA97DEE1191EE1065050029B9;B0BDDED34CC83E11052F6792C000B249;2025-05-13;-2.0;-253.0
BCE08D4E6AAF0E1123F0668E42005B38;B0BDDED34CC83E11052F6792C000B249;2025-05-13;-2.0;-732.98
BE6785D8D0CAED11A62CD892C0003F2A;B0BDDED34CC83E11052F6792C000B249;2025-05-13;-2.0;-442.28
72E41A04958BBE11877210650500FB59;B0BDDED34CC83E11052F6792C000B249;2025-05-13;-2.0;-138.02
A5F63FAA77018E110819BB65050039AA;B0BDDED34CC83E11052F6792C000B249;2025-05-13;-4.0;-122.68
B8549C2DC0CAED11A62CD892C0003F2A;B0BDDED34CC83E11052F6792C000B249;2025-05-13;-2.0;-535.2
2879DD6C4032FE1191EE10650500ACB9;B0BDDED34CC83E11052F6792C000B249;2025-05-13;-2.0;-94.56
544DDE41F0CAED11A62CD892C0003F2A;B0BDDED34CC83E11052F6792C000B249;2025-05-13;-2.0;-656.9
8FCD25FECE5BFE111280106505000919;B0BDDED34CC83E11052F6792C000B249;2025-05-13;-2.0;-114.0
47904BBEC0CAED11A62CD892C0003F2A;B0BDDED34CC83E11052F6792C000B249;2025-05-13;-2.0;-417.32
4AC9ACFFFDD9DE11406610650500C14A;B0BDDED34CC83E11052F6792C000B249;2025-05-13;-2.0;-522.0
B5B512A8DC2ECE11ADB31065050008B8;B0BDDED34CC83E11052F6792C000B249;2025-05-13;-2.0;-237.6
631E9DB11A278E11F243BB6505008C3B;B0BDDED34CC83E11052F6792C000B249;2025-05-13;-2.0;-135.56
D35E9808D3BC3E11052F6792C000D249;B0BDDED34CC83E11052F6792C000B249;2025-05-13;-2.0;-141.12
5FA7EDD1F0CAED11A62CD892C0003F2A;B0BDDED34CC83E11052F6792C000B249;2025-05-13;-2.0;-1005.7
DB77FB76195EDE11406610650500C74A;B0BDDED34CC83E11052F6792C000B249;2025-05-13;-2.0;-140.1
E76C964257E48E113835BB6505009DAA;B0BDDED34CC83E11052F6792C000B249;2025-05-13;-6.0;-1866.0
A6FDC45E3142CE118772106505008469;B0BDDED34CC83E11052F6792C000B249;2025-05-13;-2.0;-322.0
EA8A21414653CE11877210650500E569;B0BDDED34CC83E11052F6792C000B249;2025-05-13;-4.0;-2320.0
48B5C2EF3A2D8E11F243BB650500A44B;B0BDDED34CC83E11052F6792C000B249;2025-05-13;-4.0;-639.52
7F96B7DB01CAED11A62CD892C0003F2A;B0BDDED34CC83E11052F6792C000B249;2025-05-13;-4.0;-445.44
32CB56546C8F6E11B7B78A650500CD08;B0BDDED34CC83E11052F6792C000B249;2025-05-13;-2.0;-846.34
B497BF6A01CAED11A62CD892C0003F2A;B0BDDED34CC83E11052F6792C000B249;2025-05-13;-2.0;-601.38
BA2E521F8C78CE11ADB31065050060B8;B0BDDED34CC83E11052F6792C000B249;2025-05-13;-2.0;-746.14
AB4A6928DC1EFE11F1557891FE69E489;B0BDDED34CC83E11052F6792C000B249;2025-05-13;-6.0;-500.52
D48D17EE70BDBE11877210650500BE59;B0BDDED34CC83E11052F6792C000B249;2025-05-13;-2.0;-524.78
5C2EBD896AB38E113835BB6505004CAA;B0BDDED34CC83E11052F6792C000B249;2025-05-13;-2.0;-550.82
6995042F3B483E11052F6792C000B249;B0BDDED34CC83E11052F6792C000B249;2025-05-13;-2.0;-641.32
E45B49168C3FFE11F1557891FE695689;B0BDDED34CC83E11052F6792C000B249;2025-05-13;-4.0;-1135.4
1052F83FE75DCE11ADB310650500E6B8;B0BDDED34CC83E11052F6792C000B249;2025-05-13;-2.0;-81.1
3D96BDB2060DEE1191EE1065050029B9;B0BDDED34CC83E11052F6792C000B249;2025-05-13;-2.0;-137.78
67FC11839B547E11B7B78A650500ED08;B0BDDED34CC83E11052F6792C000B249;2025-05-13;-2.0;-575.56
774ADA217479FE11128010650500E819;B0BDDED34CC83E11052F6792C000B249;2025-05-13;-2.0;-2021.56
B5DA0E29F48BFE111280106505000919;B0BDDED34CC83E11052F6792C000B249;2025-05-13;-2.0;-394.02
17A6BB90A8F07E11B7B78A650500CD08;44673735EAF46E11B7B78A650500BC08;2025-05-13;-6.0;-315.66
AFFC3C198EF39E115540106505008D3B;44673735EAF46E11B7B78A650500BC08;2025-05-13;-4.0;-188.72
D2704B74F5C0BE11BE2110650500565A;44673735EAF46E11B7B78A650500BC08;2025-05-13;-2.0;-123.62
DED44E1613179E11554010650500914B;44673735EAF46E11B7B78A650500BC08;2025-05-13;-22.0;-1580.4800000000002
D8628F338C456E11B7B78A650500BC08;44673735EAF46E11B7B78A650500BC08;2025-05-13;-2.0;-638.64
90DF7E1A3694BE11BE21106505003B5A;44673735EAF46E11B7B78A650500BC08;2025-05-13;-2.0;-307.96
B23EE5BC3C456E11B7B78A650500BC08;44673735EAF46E11B7B78A650500BC08;2025-05-13;-8.0;-1215.9
EC09FC5A69079E11554010650500814B;44673735EAF46E11B7B78A650500BC08;2025-05-13;-4.0;-241.4
900C107AC1D07E11B7B78A650500CD08;44673735EAF46E11B7B78A650500BC08;2025-05-13;-10.0;-31.5
BBED8D0E0E809E11F243BB650500094B;44673735EAF46E11B7B78A650500BC08;2025-05-13;-2.0;-193.56
9D577F655AE66E11B7B78A650500BC08;44673735EAF46E11B7B78A650500BC08;2025-05-13;-2.0;-59.4
BC5FCB1BB03D7E110819BB65050039AA;44673735EAF46E11B7B78A650500BC08;2025-05-13;-4.0;-65.74000000000001
633DDBE598A05E1142D58A650500BC08;44673735EAF46E11B7B78A650500BC08;2025-05-13;-4.0;-1392.0
4CDE168900966E11B7B78A650500BC08;44673735EAF46E11B7B78A650500BC08;2025-05-13;-4.0;-411.2
704D88355BBE8E11F243BB650500B64B;44673735EAF46E11B7B78A650500BC08;2025-05-13;-4.0;-805.6
E3FE155C1C8EAE11BE2110650500835A;44673735EAF46E11B7B78A650500BC08;2025-05-13;-6.0;-381.62
D2AE95736D7DBE118772106505007E59;44673735EAF46E11B7B78A650500BC08;2025-05-13;-2.0;-488.0
35AB43A07F35DE11ADB310650500A1C8;44673735EAF46E11B7B78A650500BC08;2025-05-13;-2.0;-1019.24
9FC19C7C3CDDAE11BE2110650500A25A;44673735EAF46E11B7B78A650500BC08;2025-05-13;-2.0;-222.66
60BD259F28539E11554010650500BC3B;44673735EAF46E11B7B78A650500BC08;2025-05-13;-2.0;-1501.74
F3137EBFE6197E110819BB65050009AA;44673735EAF46E11B7B78A650500BC08;2025-05-13;-12.0;-539.26
779902914575EE1191EE10650500D4B9;44673735EAF46E11B7B78A650500BC08;2025-05-13;-26.0;-1141.4
FE7DE5041431FE1191EE106505006BB9;44673735EAF46E11B7B78A650500BC08;2025-05-13;-10.0;-1455.0
1211F18C0C67EE1191EE1065050017B9;44673735EAF46E11B7B78A650500BC08;2025-05-13;-2.0;-3668.0
7274E61DA0CAED11A62CD892C0003F2A;44673735EAF46E11B7B78A650500BC08;2025-05-13;-6.0;-778.14
9E2FDC1F45CF8E11F243BB650500084B;44673735EAF46E11B7B78A650500BC08;2025-05-13;-6.0;-220.92
3850D8297505EE11B1AD10650500A8EA;44673735EAF46E11B7B78A650500BC08;2025-05-13;-20.0;-1258.0
9607CEA2721A8E11F243BB650500304B;44673735EAF46E11B7B78A650500BC08;2025-05-13;-10.0;-505.7
0C19A1BFCAD0FE1191EE10650500FAB9;44673735EAF46E11B7B78A650500BC08;2025-05-13;-2.0;-205.74
CCE2C3C81EBBDE11406610650500444A;44673735EAF46E11B7B78A650500BC08;2025-05-13;-2.0;-30.84
DF8C20D5BFFD9E117260106505004B4A;44673735EAF46E11B7B78A650500BC08;2025-05-13;-6.0;-2445.0
1952F4E4DF096E11B7B78A650500BC08;44673735EAF46E11B7B78A650500BC08;2025-05-13;-6.0;-1325.04
F7DC0BE73ED5AE11BE2110650500784A;44673735EAF46E11B7B78A650500BC08;2025-05-13;-2.0;-159.4
6D3AE6B8CC456E11B7B78A650500BC08;44673735EAF46E11B7B78A650500BC08;2025-05-13;-6.0;-2285.56
FCA8C3A080A49E115540106505006E3B;44673735EAF46E11B7B78A650500BC08;2025-05-13;-2.0;-1414.96
2000588963039E115540106505004C3B;44673735EAF46E11B7B78A650500BC08;2025-05-13;-2.0;-122.44
1E8702D74C456E11B7B78A650500BC08;44673735EAF46E11B7B78A650500BC08;2025-05-13;-8.0;-967.32
61E3AEA7041AAE11BE2110650500DD4A;44673735EAF46E11B7B78A650500BC08;2025-05-13;-8.0;-3072.0
8C559322AE456E11B7B78A650500BC08;44673735EAF46E11B7B78A650500BC08;2025-05-13;-4.0;-61.88
F585D4A2CD387E110819BB65050009AA;44673735EAF46E11B7B78A650500BC08;2025-05-13;-2.0;-65.38
652ED80F25037E11B7B78A650500DD08;44673735EAF46E11B7B78A650500BC08;2025-05-13;-16.0;-585.92
CD5F389B45CF8E11F243BB650500084B;44673735EAF46E11B7B78A650500BC08;2025-05-13;-2.0;-39.98
7289644382E0DE11ADB310650500DBB8;44673735EAF46E11B7B78A650500BC08;2025-05-13;-2.0;-272.42
B607CEA2721A8E11F243BB650500304B;44673735EAF46E11B7B78A650500BC08;2025-05-13;-2.0;-110.82
0CB225869C456E11B7B78A650500BC08;44673735EAF46E11B7B78A650500BC08;2025-05-13;-8.0;-321.94
5A7FA42C7A09DE11C84610650500B17A;44673735EAF46E11B7B78A650500BC08;2025-05-13;-14.0;-1017.22
2B6416B4C170DE11ADB3106505003BB8;44673735EAF46E11B7B78A650500BC08;2025-05-13;-2.0;-194.98
A341FA5710556E11B7B78A650500BC08;44673735EAF46E11B7B78A650500BC08;2025-05-13;-4.0;-1128.76
4746D1099815CE11ADB3106505000DA8;44673735EAF46E11B7B78A650500BC08;2025-05-13;-2.0;-97.08
3CF310464667BE11877210650500B659;44673735EAF46E11B7B78A650500BC08;2025-05-13;-4.0;-3759.92
2F037D4657DEAE11BE2110650500E35A;44673735EAF46E11B7B78A650500BC08;2025-05-13;-6.0;-1422.0
4EF1C6894D88EE1191EE1065050098B9;44673735EAF46E11B7B78A650500BC08;2025-05-13;-2.0;-190.0
EEF676A9CD456E11B7B78A650500BC08;44673735EAF46E11B7B78A650500BC08;2025-05-13;-2.0;-254.0
D4E317E520556E11B7B78A650500BC08;44673735EAF46E11B7B78A650500BC08;2025-05-13;-2.0;-344.5
C5C7703F6EEAAE11BE2110650500EE4A;44673735EAF46E11B7B78A650500BC08;2025-05-13;-42.0;-390.5
D0B06DB05711AE117260106505003F4A;44673735EAF46E11B7B78A650500BC08;2025-05-13;-2.0;-2790.24
D2F06262B0A1EE11406610650500FB4A;44673735EAF46E11B7B78A650500BC08;2025-05-13;-4.0;-880.92
4CD58392A1567E11B7B78A650500ED08;44673735EAF46E11B7B78A650500BC08;2025-05-13;-2.0;-89.96
9CCCB0AC70B9AE11BE21106505005D4A;44673735EAF46E11B7B78A650500BC08;2025-05-13;-6.0;-156.76
7B5EFD52E0DCDE11406610650500B54A;44673735EAF46E11B7B78A650500BC08;2025-05-13;-40.0;-2332.0
B63A4B7B00A0CE118772106505007269;44673735EAF46E11B7B78A650500BC08;2025-05-13;-4.0;-76.52
C2276DAE15FC7E110819BB65050039AA;44673735EAF46E11B7B78A650500BC08;2025-05-13;-28.0;-650.7
753D091E4DA1EE114066106505000C4A;44673735EAF46E11B7B78A650500BC08;2025-05-13;0.0;0.0
27589E85F659EE1191EE1065050009B9;44673735EAF46E11B7B78A650500BC08;2025-05-13;-2.0;-364.16
C96562D6E770BE11BE2110650500F55A;44673735EAF46E11B7B78A650500BC08;2025-05-13;-2.0;-181.96
AABF40CB0E456E11B7B78A650500BC08;44673735EAF46E11B7B78A650500BC08;2025-05-13;-2.0;-1690.58
A6B000FDD22BBE118772106505007B59;44673735EAF46E11B7B78A650500BC08;2025-05-13;-2.0;-128.8
90E9236D2640FE1191EE106505003AB9;44673735EAF46E11B7B78A650500BC08;2025-05-13;-8.0;-160.0
5FC19C7C3CDDAE11BE2110650500A25A;44673735EAF46E11B7B78A650500BC08;2025-05-13;-2.0;-139.86
D438119280A49E115540106505006E3B;44673735EAF46E11B7B78A650500BC08;2025-05-13;-4.0;-1247.66
78483161A7A47E11B7B78A650500ED08;44673735EAF46E11B7B78A650500BC08;2025-05-13;-4.0;-2708.96
211BDB13721A8E11F243BB650500304B;44673735EAF46E11B7B78A650500BC08;2025-05-13;-10.0;-642.6
C80A588CE596DE11ADB31065050053C8;44673735EAF46E11B7B78A650500BC08;2025-05-13;-2.0;-80.14
D9AEA5F4B9000F11F1557891FE695789;44673735EAF46E11B7B78A650500BC08;2025-05-13;-2.0;-114.04
7A394238127DCE11ADB31065050007B8;44673735EAF46E11B7B78A650500BC08;2025-05-13;-4.0;-319.88
18B373561D456E11B7B78A650500BC08;44673735EAF46E11B7B78A650500BC08;2025-05-13;-4.0;-642.0
38817ED78BB0CE118772106505009269;44673735EAF46E11B7B78A650500BC08;2025-05-13;-7.2;-590.4
F5B988062871CE118772106505008369;44673735EAF46E11B7B78A650500BC08;2025-05-13;-4.0;-960.0
6A0E1C02AEEBCE11ADB310650500E4B8;44673735EAF46E11B7B78A650500BC08;2025-05-13;-8.0;-2203.3
64E06790AE789E11525010650500E84A;44673735EAF46E11B7B78A650500BC08;2025-05-13;-4.0;-619.2
6420E5A940FA7E110819BB65050039AA;44673735EAF46E11B7B78A650500BC08;2025-05-13;-6.0;-106.38
A7F61A7D98363E11052F6792C000FF39;44673735EAF46E11B7B78A650500BC08;2025-05-13;-10.0;-639.7
24FBA1572B917E11B7B78A650500CD08;44673735EAF46E11B7B78A650500BC08;2025-05-13;-2.0;-81.54
9C05A256CC456E11B7B78A650500BC08;44673735EAF46E11B7B78A650500BC08;2025-05-13;-2.0;-468.74
97419871AED4EE11B1AD1065050078EA;44673735EAF46E11B7B78A650500BC08;2025-05-13;-2.0;-78.8
0204A0F47678FE11128010650500D819;44673735EAF46E11B7B78A650500BC08;2025-05-13;-4.0;-1229.34
492A58E16D7DBE118772106505007E59;44673735EAF46E11B7B78A650500BC08;2025-05-13;-2.0;-240.0
825944AFDAD7CE11ADB3106505008FA8;44673735EAF46E11B7B78A650500BC08;2025-05-13;-2.0;-1773.42
2070FCB7E494AE11726010650500A35A;44673735EAF46E11B7B78A650500BC08;2025-05-13;-2.0;-108.3
FE8465783741DE11ADB3106505007CB8;44673735EAF46E11B7B78A650500BC08;2025-05-13;-2.0;-206.9
0AF3557DABE1EE114066106505006C4A;44673735EAF46E11B7B78A650500BC08;2025-05-13;-2.0;-564.0
B947B8F4B1CCEE1191EE1065050029B9;44673735EAF46E11B7B78A650500BC08;2025-05-13;-2.0;-326.4
542E61C4AFD9DE11406610650500C14A;44673735EAF46E11B7B78A650500BC08;2025-05-13;-2.0;-1601.6
0D45E61A353FCE11ADB31065050059B8;44673735EAF46E11B7B78A650500BC08;2025-05-13;-4.0;-372.0
C6D7BD3CFD456E11B7B78A650500BC08;44673735EAF46E11B7B78A650500BC08;2025-05-13;-2.0;-410.0
A227FDC17F320F114EF7A826072B5A89;44673735EAF46E11B7B78A650500BC08;2025-05-13;-2.0;-347.14
B7F3A752BA66CE11ADB310650500BDA8;44673735EAF46E11B7B78A650500BC08;2025-05-13;-2.0;-225.44
C0CD01C39C456E11B7B78A650500BC08;44673735EAF46E11B7B78A650500BC08;2025-05-13;-2.0;-366.4
8AF80D8294437E11B7B78A650500DD08;44673735EAF46E11B7B78A650500BC08;2025-05-13;-8.0;-880.64
3D577F655AE66E11B7B78A650500BC08;44673735EAF46E11B7B78A650500BC08;2025-05-13;-10.0;-300.0
91C76B849C456E11B7B78A650500BC08;44673735EAF46E11B7B78A650500BC08;2025-05-13;-4.0;-51.36
4901102ECC4CFE111280106505000919;44673735EAF46E11B7B78A650500BC08;2025-05-13;-4.0;-760.0
828E9EE7F60ADE11406610650500F14A;44673735EAF46E11B7B78A650500BC08;2025-05-13;-2.0;-2522.34
3A3EE961BD889E11525010650500F84A;44673735EAF46E11B7B78A650500BC08;2025-05-13;-2.0;-100.2
AE09CC8C1D456E11B7B78A650500BC08;44673735EAF46E11B7B78A650500BC08;2025-05-13;-2.0;-1827.0
FB989B606032BE11BE2110650500285A;44673735EAF46E11B7B78A650500BC08;2025-05-13;-6.0;-2016.0
6D4DE77554DCAE11BE2110650500515A;44673735EAF46E11B7B78A650500BC08;2025-05-13;-2.0;-148.24
AC042AB7BAB27E11B7B78A650500DD08;44673735EAF46E11B7B78A650500BC08;2025-05-13;-4.0;-1038.72
8797A389CE37FE1191EE1065050053C9;44673735EAF46E11B7B78A650500BC08;2025-05-13;-2.0;-3994.82
A3C2C0F280A49E115540106505006E3B;44673735EAF46E11B7B78A650500BC08;2025-05-13;-2.0;-2699.12
B07948383D456E11B7B78A650500BC08;44673735EAF46E11B7B78A650500BC08;2025-05-13;-2.0;-122.96
37156BEAA5EFCE11ADB3106505006AB8;44673735EAF46E11B7B78A650500BC08;2025-05-13;-6.0;-367.14
BB5E50A1B0A1EE11406610650500FB4A;44673735EAF46E11B7B78A650500BC08;2025-05-13;-2.0;-203.0
8E0A8A0DCD96BE11877210650500B559;44673735EAF46E11B7B78A650500BC08;2025-05-13;-2.0;-840.0
85BB84887A19FE11128010650500E819;44673735EAF46E11B7B78A650500BC08;2025-05-13;-2.0;-5135.08
61B7D62572907E11B7B78A650500CD08;44673735EAF46E11B7B78A650500BC08;2025-05-13;-2.0;-358.0
FEA94706F2DFAE11BE2110650500255A;44673735EAF46E11B7B78A650500BC08;2025-05-13;-2.0;-825.4
BD1C3EEF490ECE11ADB310650500D7B8;44673735EAF46E11B7B78A650500BC08;2025-05-13;-6.0;-127.26
9CDB5432F45AAE11BE21106505002E4A;44673735EAF46E11B7B78A650500BC08;2025-05-13;-6.0;-2990.88
89C86EF2EF456E11B7B78A650500BC08;44673735EAF46E11B7B78A650500BC08;2025-05-13;-4.0;-1256.56
051384389D0A6E11B7B78A650500BC08;44673735EAF46E11B7B78A650500BC08;2025-05-13;-4.0;-234.02
F4AA0BD3CC22AE11726010650500905A;44673735EAF46E11B7B78A650500BC08;2025-05-13;-2.0;-51.48
CE3637BE2CE1EE114066106505006C4A;44673735EAF46E11B7B78A650500BC08;2025-05-13;-2.0;-182.8
0A37A6317A819E11F243BB6505004A4B;44673735EAF46E11B7B78A650500BC08;2025-05-13;-2.0;-156.0
567F0945CD456E11B7B78A650500BC08;44673735EAF46E11B7B78A650500BC08;2025-05-13;-2.0;-110.0
C93EE961BD889E11525010650500F84A;44673735EAF46E11B7B78A650500BC08;2025-05-13;-6.0;-472.38
42E6BBE5DD949E115540106505006E3B;44673735EAF46E11B7B78A650500BC08;2025-05-13;-2.0;-477.32
5DFA32743E4DDE11406610650500564A;44673735EAF46E11B7B78A650500BC08;2025-05-13;-2.0;-1039.06
BED6330AC78CDE11406610650500554A;44673735EAF46E11B7B78A650500BC08;2025-05-13;-6.0;-1248.0
EDD542210C9DDE11406610650500B64A;44673735EAF46E11B7B78A650500BC08;2025-05-13;-2.0;-330.0
3D1DE032B1E19E11F243BB650500BA4B;44673735EAF46E11B7B78A650500BC08;2025-05-13;-10.0;-329.8
A42673A10E456E11B7B78A650500BC08;44673735EAF46E11B7B78A650500BC08;2025-05-13;-2.0;-1126.0
F5F18BC1419EBE11877210650500DF59;B0BDDED34CC83E11052F6792C000B249;2025-05-13;-4.0;-111.44
69507DCEFD52EE11406610650500FC4A;B0BDDED34CC83E11052F6792C000B249;2025-05-13;-2.0;-160.64
DC4153D90ECA9E11525010650500EB4A;B0BDDED34CC83E11052F6792C000B249;2025-05-13;-2.0;-44.4
628935AEEC96BE11877210650500B559;44673735EAF46E11B7B78A650500BC08;2025-05-13;2.0;134.36
EB5AC5F46923FE1191EE10650500FDB9;44673735EAF46E11B7B78A650500BC08;2025-05-13;6.0;235.44
6B2267EF3C456E11B7B78A650500BC08;44673735EAF46E11B7B78A650500BC08;2025-05-13;2.0;284.2
848C963E01CAED11A62CD892C0003F2A;44673735EAF46E11B7B78A650500BC08;2025-05-13;0.0;0.0
99BC135AA60BFE11128010650500E819;FC081C55582CED11A62CD892C0003F2A;2025-05-13;0.0;0.0
49DB634AA60BFE11128010650500E819;FC081C55582CED11A62CD892C0003F2A;2025-05-13;0.0;0.0
D51FEACAEA7E8E11F243BB650500664B;FC081C55582CED11A62CD892C0003F2A;2025-05-13;0.0;0.0
A62B3A445FFEEE1191EE1065050029B9;FC081C55582CED11A62CD892C0003F2A;2025-05-13;0.0;0.0
BCD80C646C1EEE1191EE1065050029B9;FC081C55582CED11A62CD892C0003F2A;2025-05-13;0.0;0.0
21C1AE3A2A6BFE111280106505000919;FC081C55582CED11A62CD892C0003F2A;2025-05-13;-4.0;-249.86
DFD9790A8616CE11ADB3106505007DA8;FC081C55582CED11A62CD892C0003F2A;2025-05-13;0.0;0.0
4A08937DD4568E11F243BB6505007B3B;FC081C55582CED11A62CD892C0003F2A;2025-05-13;0.0;0.0
1343D84DE8420F114EF7A826072B6A89;FC081C55582CED11A62CD892C0003F2A;2025-05-13;0.0;0.0
0DC5DC01B3F2DE11ADB3106505009EB8;44673735EAF46E11B7B78A650500BC08;2025-05-13;-22.0;-5016.0
50F3CD2DD672DE11ADB310650500FDB8;44673735EAF46E11B7B78A650500BC08;2025-05-13;-10.0;-1680.0
E594DE0CC7797E110819BB65050019AA;44673735EAF46E11B7B78A650500BC08;2025-05-13;14.0;1838.1999999999998
42CA4D974487EE1191EE1065050037B9;44673735EAF46E11B7B78A650500BC08;2025-05-13;-8.0;-1404.0
937C57271E456E11B7B78A650500BC08;44673735EAF46E11B7B78A650500BC08;2025-05-13;-2.0;-1143.28
A746C477CBE2FE1191EE10650500ADB9;B0BDDED34CC83E11052F6792C000B249;2025-05-13;0.0;0.0
103622F431010F11112A674AC7E2B889;B0BDDED34CC83E11052F6792C000B249;2025-05-13;0.0;0.0
70FE3058512ECE11ADB310650500F7B8;B0BDDED34CC83E11052F6792C000B249;2025-05-13;-38.0;-2539.96
D564E44AC336AE11BE2110650500E84A;B0BDDED34CC83E11052F6792C000B249;2025-05-13;0.0;0.0
7C7475DFE831DE11ADB3106505006CB8;B0BDDED34CC83E11052F6792C000B249;2025-05-13;0.0;0.0
21C08E2F2317DE11C846106505003F6A;B0BDDED34CC83E11052F6792C000B249;2025-05-13;-10.0;-2292.26
15BC523A43735E1142D58A650500DC08;B0BDDED34CC83E11052F6792C000B249;2025-05-13;0.0;0.0
74476AB89F09FE11128010650500E819;B0BDDED34CC83E11052F6792C000B249;2025-05-13;0.0;0.0
E0B46A90AB12DE11ADB3106505008DB8;B0BDDED34CC83E11052F6792C000B249;2025-05-13;0.0;0.0
5AC3CC23AB12DE11ADB3106505008DB8;B0BDDED34CC83E11052F6792C000B249;2025-05-13;0.0;0.0
2A1D2017B7A0EE11406610650500BA4A;B0BDDED34CC83E11052F6792C000B249;2025-05-13;0.0;0.0
259DE51BDD933E11052F6792C000CF39;B0BDDED34CC83E11052F6792C000B249;2025-05-13;0.0;0.0
D04BB3B57AB38E113835BB6505004CAA;B0BDDED34CC83E11052F6792C000B249;2025-05-13;-2.0;-83.0
05C794AC59DDCE11ADB31065050097B8;B0BDDED34CC83E11052F6792C000B249;2025-05-13;-10.0;-327.38
C0BAF11D9CE3DE11ADB310650500DFB8;B0BDDED34CC83E11052F6792C000B249;2025-05-13;0.0;0.0
24046E0D7D79FE11128010650500E819;B0BDDED34CC83E11052F6792C000B249;2025-05-13;-4.0;-103.2
E6DB71C77DE1EE114066106505006C4A;B0BDDED34CC83E11052F6792C000B249;2025-05-13;0.0;0.0
47E4335E3A34DE11ADB31065050050C8;B0BDDED34CC83E11052F6792C000B249;2025-05-13;0.0;0.0
9E64991A988AFE11128010650500E819;44673735EAF46E11B7B78A650500BC08;2025-05-13;-8.0;-94.64
F3EA6A911C5CCE11ADB31065050095B8;44673735EAF46E11B7B78A650500BC08;2025-05-13;-12.0;-8076.0
973E44397DE1EE114066106505006C4A;FC081C55582CED11A62CD892C0003F2A;2025-05-13;0.0;0.0
B79F42DC7E1ADE11406610650500124A;FC081C55582CED11A62CD892C0003F2A;2025-05-13;0.0;0.0
78CB224102EF2E11052F6792C000CF39;FC081C55582CED11A62CD892C0003F2A;2025-05-13;0.0;0.0
B975424700B3FD110DC22A92C000C499;FC081C55582CED11A62CD892C0003F2A;2025-05-13;-20.0;-428.12
88E3EB2B2EF10F114EF7A826072B0A89;44673735EAF46E11B7B78A650500BC08;2025-05-13;18.0;1090.8
2FC1A93BC7E10F114EF7A826072BE989;FC081C55582CED11A62CD892C0003F2A;2025-05-13;22.0;2193.18
9E35EFC7A537BE118772106505007659;FC081C55582CED11A62CD892C0003F2A;2025-05-13;6.0;1473.42
7435D3500B839E11554010650500FC3B;FC081C55582CED11A62CD892C0003F2A;2025-05-13;4.0;914.28
E6D40B501BFB3E11052F6792C000D249;FC081C55582CED11A62CD892C0003F2A;2025-05-13;10.0;1046.4
A77FB6755AF34E1142D58A6505002C08;FC081C55582CED11A62CD892C0003F2A;2025-05-13;6.0;1271.52
EB356E61BD010F11112A674AC7E2C889;FC081C55582CED11A62CD892C0003F2A;2025-05-13;8.0;5399.08
7808F4C2BC6DEE1191EE1065050029B9;FC081C55582CED11A62CD892C0003F2A;2025-05-13;0.0;0.0
F7C799C012F0EE114066106505001B4A;FC081C55582CED11A62CD892C0003F2A;2025-05-13;0.0;0.0
63D0BFDBA60C4E1142D58A650500BC08;B0BDDED34CC83E11052F6792C000B249;2025-05-13;24.0;3115.2
C6566F8BEF638E117E64BB650500BBAA;44673735EAF46E11B7B78A650500BC08;2025-05-13;20.0;12210.0
1FBF65FFCC47CE11ADB310650500DEA8;B0BDDED34CC83E11052F6792C000B249;2025-05-13;-2.0;-393.14
29DFA11EDF986E11B7B78A650500BC08;FC081C55582CED11A62CD892C0003F2A;2025-05-13;112.0;2325.12
45489844023EDE11406610650500874A;FC081C55582CED11A62CD892C0003F2A;2025-05-13;96.0;3498.2400000000002
E484C0E058B13E11052F6792C000CF39;FC081C55582CED11A62CD892C0003F2A;2025-05-13;10.0;761.1
44BC68D00D8FCE11ADB310650500E9B8;FC081C55582CED11A62CD892C0003F2A;2025-05-13;12.0;1039.2
4E5C53538ABAFE11128010650500E819;FC081C55582CED11A62CD892C0003F2A;2025-05-13;44.0;1307.52
CBA1ACB9F789DE11406610650500514A;FC081C55582CED11A62CD892C0003F2A;2025-05-13;48.0;1223.92
9B6358F11D1B9E115250106505004C4A;44673735EAF46E11B7B78A650500BC08;2025-05-13;8.0;3418.24
16AB37742AA5FE1191EE1065050041C9;B0BDDED34CC83E11052F6792C000B249;2025-05-13;6.0;696.0
FD0E37D8256EEE1191EE1065050029B9;B0BDDED34CC83E11052F6792C000B249;2025-05-13;6.0;528.0
D843699B917ABE118772106505009A59;44673735EAF46E11B7B78A650500BC08;2025-05-13;-6.0;-3089.2200000000003
B498617997639E11554010650500CC3B;44673735EAF46E11B7B78A650500BC08;2025-05-13;-4.0;-636.8
7ABB46BC1A5FFE11F1557891FE697689;B0BDDED34CC83E11052F6792C000B249;2025-05-13;10.0;369.2
766E653D7FF0AE117260106505001F4A;44673735EAF46E11B7B78A650500BC08;2025-05-13;18.0;3081.96
825A61C936F29E115540106505003C3B;44673735EAF46E11B7B78A650500BC08;2025-05-13;-8.0;-1160.74
DC74CEFA72C97E110819BB65050019AA;44673735EAF46E11B7B78A650500BC08;2025-05-13;-22.0;-370.70000000000005
9A694F0002CF7E110819BB65050039AA;44673735EAF46E11B7B78A650500BC08;2025-05-13;-40.0;-762.28
81E9273C2D456E11B7B78A650500BC08;44673735EAF46E11B7B78A650500BC08;2025-05-13;24.0;2127.84
086EC99C2D456E11B7B78A650500BC08;44673735EAF46E11B7B78A650500BC08;2025-05-13;24.0;2348.4
2EAF5F01D0637E11B7B78A650500DD08;B0BDDED34CC83E11052F6792C000B249;2025-05-13;20.0;1151.0
48AFB10F18D2DE11ADB3106505007EB8;44673735EAF46E11B7B78A650500BC08;2025-05-13;46.0;4420.139999999999
BEF020C39E1EFE11F1557891FE69E489;44673735EAF46E11B7B78A650500BC08;2025-05-13;12.0;1613.28
B1A302F8BFE34E1142D58A6505002C08;FC081C55582CED11A62CD892C0003F2A;2025-05-13;22.0;2933.48
5BB8CE1BD5230E11A4A96492C00008E9;B0BDDED34CC83E11052F6792C000B249;2025-05-13;24.0;1756.56
AD7476393CE3DE11ADB310650500DFB8;FC081C55582CED11A62CD892C0003F2A;2025-05-13;30.0;829.5
445CEACB42708E110819BB65050039AA;B0BDDED34CC83E11052F6792C000B249;2025-05-13;8.0;878.3200000000002
18426F158AB08E110819BB65050039AA;B0BDDED34CC83E11052F6792C000B249;2025-05-13;120.0;39240.0
27DB5EC1BD010F11112A674AC7E2C889;B0BDDED34CC83E11052F6792C000B249;2025-05-13;6.0;2516.36
341C5EC1BD010F11112A674AC7E2C889;B0BDDED34CC83E11052F6792C000B249;2025-05-13;6.0;2516.36
6BCC5EC1BD010F11112A674AC7E2C889;B0BDDED34CC83E11052F6792C000B249;2025-05-13;8.0;3817.9
B4CE7F967F09FE11128010650500E819;FC081C55582CED11A62CD892C0003F2A;2025-05-13;20.0;957.58
4A2E8D7E2A326E1142D58A650500AD08;FC081C55582CED11A62CD892C0003F2A;2025-05-13;0.0;0.0
62C2498417C33E11052F6792C000EF39;FC081C55582CED11A62CD892C0003F2A;2025-05-13;0.0;0.0
0C439BBCED7FFE11F1557891FE69A689;FC081C55582CED11A62CD892C0003F2A;2025-05-13;0.0;0.0
D42589EDED7FFE11F1557891FE69A689;FC081C55582CED11A62CD892C0003F2A;2025-05-13;0.0;0.0
A896BD6D6431FE1191EE106505006BB9;FC081C55582CED11A62CD892C0003F2A;2025-05-13;0.0;0.0
BE3DF5FB1D2B7E110819BB65050039AA;FC081C55582CED11A62CD892C0003F2A;2025-05-13;0.0;0.0
034C926732A0CE118772106505007269;FC081C55582CED11A62CD892C0003F2A;2025-05-13;0.0;-1.4210854715202004e-14
1DA7FBA645E3FE1191EE10650500FEB9;FC081C55582CED11A62CD892C0003F2A;2025-05-13;0.0;0.0
60C49159296DEE1191EE1065050029B9;44673735EAF46E11B7B78A650500BC08;2025-05-13;-2.0;-238.76
E38FBCE7E61E4E1142D58A650500BC08;44673735EAF46E11B7B78A650500BC08;2025-05-13;48.0;8011.2
D9F3557DABE1EE114066106505006C4A;44673735EAF46E11B7B78A650500BC08;2025-05-13;20.0;5640.0
5F9A8CB7C54DEE1191EE1065050029B9;FC081C55582CED11A62CD892C0003F2A;2025-05-13;156.0;2745.6
E5B732FC5CFFFE11F1557891FE694789;FC081C55582CED11A62CD892C0003F2A;2025-05-13;20.0;2320.0
959E552827E81E1143F0668E42006B8B;FC081C55582CED11A62CD892C0003F2A;2025-05-13;8.0;4648.88
DF96B7DB01CAED11A62CD892C0003F2A;FC081C55582CED11A62CD892C0003F2A;2025-05-13;12.0;3771.24
AE7584ED9A935E1142D58A650500DC08;FC081C55582CED11A62CD892C0003F2A;2025-05-13;16.0;7512.8
97CD8EB858797E110819BB65050019AA;FC081C55582CED11A62CD892C0003F2A;2025-05-13;70.0;11223.4
C519E62F330EEE1191EE1065050029B9;FC081C55582CED11A62CD892C0003F2A;2025-05-13;12.0;5209.68
A5EE29ED3C456E11B7B78A650500BC08;44673735EAF46E11B7B78A650500BC08;2025-05-13;-2.0;-130.9
886EDC4E3C456E11B7B78A650500BC08;44673735EAF46E11B7B78A650500BC08;2025-05-13;-12.0;-1091.4
7705DB83A9F37E11B7B78A650500DD08;44673735EAF46E11B7B78A650500BC08;2025-05-13;-8.0;-632.4
4346E028AC456E11B7B78A650500BC08;44673735EAF46E11B7B78A650500BC08;2025-05-13;0.0;0.0
502BAFCA47145E1142D58A650500DC08;FC081C55582CED11A62CD892C0003F2A;2025-05-13;4.0;2179.4
0F9C1ED072A08E110819BB65050039AA;44673735EAF46E11B7B78A650500BC08;2025-05-13;4.0;2919.8
F6420F8F5D89FE11128010650500E819;FC081C55582CED11A62CD892C0003F2A;2025-05-13;36.0;7012.8
94C762B20EE2BE11BE2110650500195A;FC081C55582CED11A62CD892C0003F2A;2025-05-13;8.0;1292.82
5351762F951CEE1191EE1065050029B9;FC081C55582CED11A62CD892C0003F2A;2025-05-13;6.0;991.1
3CD5D6068B50EE114066106505005A4A;FC081C55582CED11A62CD892C0003F2A;2025-05-13;48.0;1755.22
788F0F9C17C2FE1191EE106505006DB9;B0BDDED34CC83E11052F6792C000B249;2025-05-13;20.0;590.0
9B4D6358D0D2FE1191EE106505007DB9;B0BDDED34CC83E11052F6792C000B249;2025-05-13;6.0;898.36
9C978DEAF50BAE11BE21106505000F4A;B0BDDED34CC83E11052F6792C000B249;2025-05-13;4.0;1501.86
C42947C02524EE11B1AD1065050087EA;B0BDDED34CC83E11052F6792C000B249;2025-05-13;8.0;989.94
99CB224102EF2E11052F6792C000CF39;B0BDDED34CC83E11052F6792C000B249;2025-05-13;20.0;540.88
62E387127F0FCE11ADB31065050029B8;B0BDDED34CC83E11052F6792C000B249;2025-05-13;4.0;6272.28
B9C1C4B053DE4E1142D58A650500BC08;FC081C55582CED11A62CD892C0003F2A;2025-05-13;12.0;551.4200000000001
636BCB2053D9EE1191EE1065050009B9;FC081C55582CED11A62CD892C0003F2A;2025-05-13;4.0;911.42
CCCD4C4B701EEE1191EE1065050029B9;B0BDDED34CC83E11052F6792C000B249;2025-05-13;-8.0;-452.0
C3EF16A58B50EE114066106505005A4A;FC081C55582CED11A62CD892C0003F2A;2025-05-13;-2.0;-45.08
E12F74666A5D7E110819BB65050039AA;FC081C55582CED11A62CD892C0003F2A;2025-05-13;-22.0;-123.0
57CCAE5A05FFDE11406610650500D94A;FC081C55582CED11A62CD892C0003F2A;2025-05-13;-2.0;-15.7
50B8B7682E74FE1191EE10650500CFB9;FC081C55582CED11A62CD892C0003F2A;2025-05-13;-4.0;-119.48
80D298C3F1B2CE118772106505001569;FC081C55582CED11A62CD892C0003F2A;2025-05-13;-2.0;-42.0
C5CFE33632A0CE118772106505007269;FC081C55582CED11A62CD892C0003F2A;2025-05-13;-2.0;-23.66
9B93BC36CA3FDE11406610650500E84A;FC081C55582CED11A62CD892C0003F2A;2025-05-13;-2.0;-27.08
436C9DD22CE1EE114066106505006C4A;FC081C55582CED11A62CD892C0003F2A;2025-05-13;-2.0;-91.58
562C25422B3FDE11406610650500E84A;FC081C55582CED11A62CD892C0003F2A;2025-05-13;-2.0;-94.2
F9E9872524E58E11F243BB650500DA3B;FC081C55582CED11A62CD892C0003F2A;2025-05-13;-2.0;-61.82
E86345D1E0F0EE114066106505001B4A;FC081C55582CED11A62CD892C0003F2A;2025-05-13;-2.0;-12.54
F1A88F9455FFDE11406610650500D94A;FC081C55582CED11A62CD892C0003F2A;2025-05-13;-2.0;-61.48
C71B69A943F5DE11ADB31065050082C8;FC081C55582CED11A62CD892C0003F2A;2025-05-13;-2.0;-70.3
ED1963AB6BBD3E11052F6792C000D249;FC081C55582CED11A62CD892C0003F2A;2025-05-13;-2.0;-23.92
9D51D4938BB1EE114066106505001C4A;FC081C55582CED11A62CD892C0003F2A;2025-05-13;-2.0;-104.2
40F32E312D42FD110DC22A92C0006778;FC081C55582CED11A62CD892C0003F2A;2025-05-13;-162.0;-2379.7799999999997
C729FE666866FE1191EE1065050032C9;FC081C55582CED11A62CD892C0003F2A;2025-05-13;-8.0;-396.08
F7018428F0CAED11A62CD892C0003F2A;FC081C55582CED11A62CD892C0003F2A;2025-05-13;-2.0;-140.14
D6BC8387CA18DE11C84610650500807A;FC081C55582CED11A62CD892C0003F2A;2025-05-13;-6.0;-1982.88
49E9B353985DED11A62CD892C0003F2A;FC081C55582CED11A62CD892C0003F2A;2025-05-13;-4.0;-1760.92
E3AEAC8B7F968E11F243BB650500DB3B;FC081C55582CED11A62CD892C0003F2A;2025-05-13;-1.9000000000000001;-343.94000000000005
B812270E1814EE11B1AD1065050077EA;FC081C55582CED11A62CD892C0003F2A;2025-05-13;-8.0;-939.7
903B32F6DDFFFE11F1557891FE694789;FC081C55582CED11A62CD892C0003F2A;2025-05-13;-2.0;-539.0
D0803D3F44CAFE11128010650500E819;FC081C55582CED11A62CD892C0003F2A;2025-05-13;-2.0;-210.16
64DD96928FCA9E11525010650500EB4A;FC081C55582CED11A62CD892C0003F2A;2025-05-13;-12.0;-211.56
A3D1BEEF787CDE11406610650500454A;FC081C55582CED11A62CD892C0003F2A;2025-05-13;-2.0;-264.34
88D83925201ACE11ADB31065050062B8;FC081C55582CED11A62CD892C0003F2A;2025-05-13;-2.0;-356.14
26111B863AA4DE11ADB310650500E0C8;FC081C55582CED11A62CD892C0003F2A;2025-05-13;-2.0;-219.28
A4FE367EEB0AFE11128010650500E819;FC081C55582CED11A62CD892C0003F2A;2025-05-13;-4.0;-51.2
DF38C3C951CAED11A62CD892C0003F2A;FC081C55582CED11A62CD892C0003F2A;2025-05-13;-2.0;-207.64
AAFAF8801BA8FE11128010650500D819;FC081C55582CED11A62CD892C0003F2A;2025-05-13;-4.0;-506.24
AF518E303FE2BE11BE2110650500195A;FC081C55582CED11A62CD892C0003F2A;2025-05-13;-8.0;-82.18
61076332514C7E110819BB65050039AA;FC081C55582CED11A62CD892C0003F2A;2025-05-13;-4.0;-608.8
6B513538C32ECE11ADB310650500F7B8;FC081C55582CED11A62CD892C0003F2A;2025-05-13;-2.0;-349.92
5D136A0377018E110819BB65050039AA;FC081C55582CED11A62CD892C0003F2A;2025-05-13;-20.0;-856.9000000000001
AE999137CACDDE11406610650500F64A;FC081C55582CED11A62CD892C0003F2A;2025-05-13;-4.0;-309.76
2D280C348FCA9E11525010650500EB4A;FC081C55582CED11A62CD892C0003F2A;2025-05-13;-8.0;-141.04
067CA95F3AA4DE11ADB310650500E0C8;FC081C55582CED11A62CD892C0003F2A;2025-05-13;-2.0;-161.08
5533473BAD2ECE11ADB31065050008B8;FC081C55582CED11A62CD892C0003F2A;2025-05-13;-8.0;-318.56
16BE27BA4EE2BE11BE2110650500195A;FC081C55582CED11A62CD892C0003F2A;2025-05-13;-2.0;-275.28
2E0702DFAA5DCE11ADB310650500E6B8;FC081C55582CED11A62CD892C0003F2A;2025-05-13;-4.0;-385.04
E8AB27A819216E1142D58A650500AD08;FC081C55582CED11A62CD892C0003F2A;2025-05-13;-2.0;-614.74
E92C69CDB3F8AE11BE21106505006C4A;FC081C55582CED11A62CD892C0003F2A;2025-05-13;-12.0;-246.71999999999997
6FA5057301CAED11A62CD892C0003F2A;FC081C55582CED11A62CD892C0003F2A;2025-05-13;-4.0;-138.48
085798F4E23D7E110819BB65050039AA;FC081C55582CED11A62CD892C0003F2A;2025-05-13;-2.0;-3541.86
704839F4DC828E110223BB650500AAAA;FC081C55582CED11A62CD892C0003F2A;2025-05-13;-4.0;-185.76
2756C0B7506AFE11128010650500E819;FC081C55582CED11A62CD892C0003F2A;2025-05-13;-2.0;-191.24
62004ECC4F28CE11ADB310650500FFA8;FC081C55582CED11A62CD892C0003F2A;2025-05-13;-2.0;-364.5
2D549E3F293EAE11BE2110650500135A;FC081C55582CED11A62CD892C0003F2A;2025-05-13;-2.0;-451.98
01F24C7598C6EE1191EE1065050086B9;FC081C55582CED11A62CD892C0003F2A;2025-05-13;-2.0;-1994.78
3BD66BB2297E8E11F243BB650500664B;FC081C55582CED11A62CD892C0003F2A;2025-05-13;-2.0;-207.12
08E077B82642FE1191EE10650500CCB9;FC081C55582CED11A62CD892C0003F2A;2025-05-13;-2.0;-1747.18
5613B53571125E1142D58A650500DC08;FC081C55582CED11A62CD892C0003F2A;2025-05-13;-2.0;-72.54
EE7B7986B33ABE118772106505004A59;FC081C55582CED11A62CD892C0003F2A;2025-05-13;-2.0;-661.46
A25B922418CBCE11ADB310650500B4B8;FC081C55582CED11A62CD892C0003F2A;2025-05-13;-2.0;-550.0
A651E5ED6EEDBE118772106505000F59;FC081C55582CED11A62CD892C0003F2A;2025-05-13;-2.0;-305.2
9FA93D1C7FB3AE11726010650500925A;FC081C55582CED11A62CD892C0003F2A;2025-05-13;-4.0;-155.52
1951FC7FF1CAED11A62CD892C0003F2A;FC081C55582CED11A62CD892C0003F2A;2025-05-13;-2.0;-293.1
A054EB1C9B98FE11128010650500D819;FC081C55582CED11A62CD892C0003F2A;2025-05-13;-10.0;-644.8999999999999
6C95D37F73167E11B7B78A650500ED08;FC081C55582CED11A62CD892C0003F2A;2025-05-13;-28.0;-1128.4
B51D541BC5F1CE118772106505002469;FC081C55582CED11A62CD892C0003F2A;2025-05-13;-2.0;-851.6
5699AD758A22DE11ADB3106505009DB8;FC081C55582CED11A62CD892C0003F2A;2025-05-13;-2.0;-94.7
A64F995015D65E1142D58A650500DC08;FC081C55582CED11A62CD892C0003F2A;2025-05-13;-2.0;-6856.32
10408075414C7E110819BB65050039AA;FC081C55582CED11A62CD892C0003F2A;2025-05-13;-4.0;-346.6
DCD1DC24D1CAED11A62CD892C0003F2A;FC081C55582CED11A62CD892C0003F2A;2025-05-13;-2.0;-126.26
CEFD78AF2AC75E1142D58A650500DC08;FC081C55582CED11A62CD892C0003F2A;2025-05-13;-6.0;-743.2
2A5E26A38CC2DE11ADB3106505006EB8;FC081C55582CED11A62CD892C0003F2A;2025-05-13;-2.84;-1093.88
908A2BFCEF2FFE11F1557891FE694689;FC081C55582CED11A62CD892C0003F2A;2025-05-13;-2.0;-578.34
C1A760CE1A7D2E11052F6792C000CF39;FC081C55582CED11A62CD892C0003F2A;2025-05-13;-2.0;-162.8
2EA517318754EE11B1AD10650500C7EA;FC081C55582CED11A62CD892C0003F2A;2025-05-13;-12.0;-2102.3
D3CC46F65C59BE118772106505003959;FC081C55582CED11A62CD892C0003F2A;2025-05-13;-2.0;-934.04
071F44F1CDE5BE11BE2110650500EC5A;FC081C55582CED11A62CD892C0003F2A;2025-05-13;-2.0;-417.0
1CF5EBC551CAED11A62CD892C0003F2A;FC081C55582CED11A62CD892C0003F2A;2025-05-13;-4.0;-842.36
C576B8B88D36DE11ADB310650500E2C8;FC081C55582CED11A62CD892C0003F2A;2025-05-13;-2.0;-296.14
21998708FFC32E1143F0668E4200C71A;FC081C55582CED11A62CD892C0003F2A;2025-05-13;-6.0;-508.8
9C1F9EEEDD500F11F1557891FE69C789;FC081C55582CED11A62CD892C0003F2A;2025-05-13;-10.0;-164.78
8746C2E55F4EBE118772106505008F59;FC081C55582CED11A62CD892C0003F2A;2025-05-13;-2.0;-191.8
DE4D455DE0CAED11A62CD892C0003F2A;FC081C55582CED11A62CD892C0003F2A;2025-05-13;-4.0;-574.12
F741CB149A278E11F243BB6505008C3B;FC081C55582CED11A62CD892C0003F2A;2025-05-13;-4.0;-129.0
74F2E8F75EE2BE11BE2110650500195A;FC081C55582CED11A62CD892C0003F2A;2025-05-13;-2.0;-256.0
8EED1833E4AEDE11406610650500284A;FC081C55582CED11A62CD892C0003F2A;2025-05-13;-2.0;-181.8
68904BBEC0CAED11A62CD892C0003F2A;FC081C55582CED11A62CD892C0003F2A;2025-05-13;-2.0;-325.64
5C978DEAF50BAE11BE21106505000F4A;FC081C55582CED11A62CD892C0003F2A;2025-05-13;-2.0;-594.18
5EED1833E4AEDE11406610650500284A;FC081C55582CED11A62CD892C0003F2A;2025-05-13;-2.0;-185.14
4F96DD71E426EE1191EE10650500C5B9;FC081C55582CED11A62CD892C0003F2A;2025-05-13;-2.0;-882.06
D215998D70E87E110819BB65050009AA;FC081C55582CED11A62CD892C0003F2A;2025-05-13;-2.0;-100.42
C91AECD7A32ECE11ADB310650500F7B8;FC081C55582CED11A62CD892C0003F2A;2025-05-13;-2.0;-349.92
339B3B5E29199E11525010650500B94A;FC081C55582CED11A62CD892C0003F2A;2025-05-13;-2.0;-149.8
8E0B4CBFB0D06E1142D58A650500AD08;FC081C55582CED11A62CD892C0003F2A;2025-05-13;-4.0;-136.7
5178C674BB596E11B7B78A650500BC08;FC081C55582CED11A62CD892C0003F2A;2025-05-13;-8.0;-534.08
D2B931026CB4AE11726010650500D35A;FC081C55582CED11A62CD892C0003F2A;2025-05-13;-2.0;-158.24
EAF22A90025EFE11F1557891FE692589;FC081C55582CED11A62CD892C0003F2A;2025-05-13;-6.0;-72.58
E2404E00B0CAED11A62CD892C0003F2A;FC081C55582CED11A62CD892C0003F2A;2025-05-13;-2.0;-338.62
3E3F408253735E1142D58A650500DC08;FC081C55582CED11A62CD892C0003F2A;2025-05-13;-4.0;-339.44
4A6D438153D0DE11ADB310650500BBB8;FC081C55582CED11A62CD892C0003F2A;2025-05-13;-2.0;-147.7
9D3A3E8BE3900F11F1557891FE690889;FC081C55582CED11A62CD892C0003F2A;2025-05-13;-2.0;-313.98
F15BC4795366EE1191EE1065050016B9;FC081C55582CED11A62CD892C0003F2A;2025-05-13;-4.0;-117.6
8B4B1CDE6F0FCE11ADB31065050029B8;FC081C55582CED11A62CD892C0003F2A;2025-05-13;-2.0;-2316.24
A3A127FB3C6CCE11ADB310650500A5B8;FC081C55582CED11A62CD892C0003F2A;2025-05-13;-2.0;-101.12
C87F84EBBD1EFE11F1557891FE69E489;FC081C55582CED11A62CD892C0003F2A;2025-05-13;-2.0;-86.76
006CA6C26DA7FE1191EE10650500E3C9;FC081C55582CED11A62CD892C0003F2A;2025-05-13;-2.0;-92.76
C04E2C4EAD315E1142D58A650500BC08;FC081C55582CED11A62CD892C0003F2A;2025-05-13;-2.0;-372.02
7CE4C517DF35DE11ADB310650500A1C8;FC081C55582CED11A62CD892C0003F2A;2025-05-13;-2.0;-308.3
EB0DB622F112EE114066106505009C4A;FC081C55582CED11A62CD892C0003F2A;2025-05-13;-2.0;-65.2
AF92BD38B4CBCE11ADB310650500B4B8;FC081C55582CED11A62CD892C0003F2A;2025-05-13;-6.0;-1890.0
F39AEA49438A9E115250106505008B4A;FC081C55582CED11A62CD892C0003F2A;2025-05-13;-2.0;-161.14
D378CA52088ECE11ADB31065050078B8;FC081C55582CED11A62CD892C0003F2A;2025-05-13;-2.0;-438.92
E0CE8C366B34DE11ADB31065050050C8;FC081C55582CED11A62CD892C0003F2A;2025-05-13;-2.0;-132.72
89F47C83D1AB7E110819BB65050039AA;FC081C55582CED11A62CD892C0003F2A;2025-05-13;-2.0;-964.94
3BD0C2697AEAEE1191EE1065050029B9;FC081C55582CED11A62CD892C0003F2A;2025-05-13;-2.0;-932.04
0BA64A347D27EE1191EE10650500C6B9;FC081C55582CED11A62CD892C0003F2A;2025-05-13;-2.0;-20.4
DE0A23497C7BDE11406610650500F34A;FC081C55582CED11A62CD892C0003F2A;2025-05-13;-2.0;-9.8
8B31112B77049E115540106505009D3B;FC081C55582CED11A62CD892C0003F2A;2025-05-13;-2.0;-1089.18
67F724E8CC8EFE11F1557891FE697589;FC081C55582CED11A62CD892C0003F2A;2025-05-13;-8.0;-224.0
AA5560BEE92FCE11ADB31065050049B8;FC081C55582CED11A62CD892C0003F2A;2025-05-13;-2.0;-490.38
398863FE58F1EE114066106505007C4A;FC081C55582CED11A62CD892C0003F2A;2025-05-13;-2.0;-51.62
E6393F983BFA6E11B7B78A650500BC08;FC081C55582CED11A62CD892C0003F2A;2025-05-13;-2.0;-259.04
435D60DEC09FDE11406610650500594A;FC081C55582CED11A62CD892C0003F2A;2025-05-13;-4.0;-152.5
A97A5FA5CB427E11B7B78A650500CD08;FC081C55582CED11A62CD892C0003F2A;2025-05-13;-2.0;-369.1
E8196547C9CC1E1143F0668E4200502B;FC081C55582CED11A62CD892C0003F2A;2025-05-13;-2.0;-591.78
54A5C96A667F8E11F243BB650500A74B;FC081C55582CED11A62CD892C0003F2A;2025-05-13;-4.0;-77.34
DD379EF168DDDE11406610650500074A;FC081C55582CED11A62CD892C0003F2A;2025-05-13;-6.0;-833.8799999999999
D24DDE41F0CAED11A62CD892C0003F2A;FC081C55582CED11A62CD892C0003F2A;2025-05-13;-2.0;-323.28
C4E267CA41010F11112A674AC7E2B889;FC081C55582CED11A62CD892C0003F2A;2025-05-13;-2.0;-117.9
A688FB5F34627E11B7B78A650500CD08;FC081C55582CED11A62CD892C0003F2A;2025-05-13;-6.0;-1043.2
9BF675350F70DE11ADB3106505004BB8;FC081C55582CED11A62CD892C0003F2A;2025-05-13;-2.0;-186.02
2535E1C768A0EE11406610650500BA4A;FC081C55582CED11A62CD892C0003F2A;2025-05-13;-2.0;-293.8
29DC02A5DE82DE11ADB3106505001EB8;FC081C55582CED11A62CD892C0003F2A;2025-05-13;-2.0;-57.14
8DB0752648FF5E1142D58A650500AD08;FC081C55582CED11A62CD892C0003F2A;2025-05-13;-2.0;-459.22
CB318C6BEFBAED11A62CD892C0003F2A;FC081C55582CED11A62CD892C0003F2A;2025-05-13;-2.0;-342.92
1754EC664533FE1191EE106505000EB9;FC081C55582CED11A62CD892C0003F2A;2025-05-13;-2.0;-986.58
73A6B7DB01CAED11A62CD892C0003F2A;FC081C55582CED11A62CD892C0003F2A;2025-05-13;-2.0;-275.98
FB1C6BBD0EEC9E11726010650500D94A;FC081C55582CED11A62CD892C0003F2A;2025-05-13;-4.0;-3500.44
BC296445F0CAED11A62CD892C0003F2A;FC081C55582CED11A62CD892C0003F2A;2025-05-13;-2.0;-796.22
32C28F7A4DEABE118772106505003B59;FC081C55582CED11A62CD892C0003F2A;2025-05-13;-4.0;-446.98
B995B0107F37FE1191EE1065050053C9;FC081C55582CED11A62CD892C0003F2A;2025-05-13;-2.0;-78.56
91E0AB337315EE11B1AD10650500B8EA;FC081C55582CED11A62CD892C0003F2A;2025-05-13;-2.0;-98.4
8C6FE014EDB89E11525010650500394A;FC081C55582CED11A62CD892C0003F2A;2025-05-13;-6.0;-288.12
BBB6089FDE2ECE11ADB31065050008B8;FC081C55582CED11A62CD892C0003F2A;2025-05-13;-2.0;-322.0
580519DFC0CAED11A62CD892C0003F2A;FC081C55582CED11A62CD892C0003F2A;2025-05-13;-4.0;-689.64
28A6A7BA3F5A4E1142D58A6505009C08;FC081C55582CED11A62CD892C0003F2A;2025-05-13;-2.0;-129.84
B0626AA70607DE11C846106505002F6A;FC081C55582CED11A62CD892C0003F2A;2025-05-13;-2.0;-24.5
444B2D8E48797E110819BB65050019AA;FC081C55582CED11A62CD892C0003F2A;2025-05-13;-2.0;-1214.88
E7404E00B0CAED11A62CD892C0003F2A;FC081C55582CED11A62CD892C0003F2A;2025-05-13;-2.0;-96.2
D9E6E2D6FF82DE11ADB3106505001EB8;FC081C55582CED11A62CD892C0003F2A;2025-05-13;-2.0;-353.08
71E0978E1607DE11C846106505002F6A;FC081C55582CED11A62CD892C0003F2A;2025-05-13;-2.0;-22.16
09FE8EEC5821FE1191EE106505005BB9;FC081C55582CED11A62CD892C0003F2A;2025-05-13;-2.0;-412.56
E11C234788EFCE11ADB3106505006AB8;FC081C55582CED11A62CD892C0003F2A;2025-05-13;-2.0;-51.24
E60D0212599EFE11F1557891FE698589;FC081C55582CED11A62CD892C0003F2A;2025-05-13;-2.0;-558.0
07DC66FE5AC1BE11BE2110650500A75A;FC081C55582CED11A62CD892C0003F2A;2025-05-13;-2.0;-63.24
1D43866C49CA2E11052F6792C0007F39;FC081C55582CED11A62CD892C0003F2A;2025-05-13;-2.0;-298.1
81518FCBF1163E11052F6792C000FF39;B0BDDED34CC83E11052F6792C000B249;2025-05-13;-2.0;-175.18
EF93B3A4E0CAED11A62CD892C0003F2A;B0BDDED34CC83E11052F6792C000B249;2025-05-13;-2.0;-797.16
F7018428F0CAED11A62CD892C0003F2A;B0BDDED34CC83E11052F6792C000B249;2025-05-13;-2.0;-140.14
4EB6E7FAA1365E1142D58A650500DC08;B0BDDED34CC83E11052F6792C000B249;2025-05-13;-8.0;-125.52
02426C3F0CBE8E11F243BB650500B64B;B0BDDED34CC83E11052F6792C000B249;2025-05-13;-2.0;-143.02
3BD3841652DC4E1142D58A650500BC08;B0BDDED34CC83E11052F6792C000B249;2025-05-13;-2.0;-173.0
950D640201CAED11A62CD892C0003F2A;B0BDDED34CC83E11052F6792C000B249;2025-05-13;-2.0;-139.98
98134D9DDAC2DE11ADB3106505006EB8;B0BDDED34CC83E11052F6792C000B249;2025-05-13;-2.0;-82.9
9DC3F4D09CF57E11B7B78A650500ED08;B0BDDED34CC83E11052F6792C000B249;2025-05-13;-8.0;-825.78
414C1C118FE1FE1191EE106505005CB9;B0BDDED34CC83E11052F6792C000B249;2025-05-13;-2.0;-82.72
75910467E200FE1191EE10650500E9B9;B0BDDED34CC83E11052F6792C000B249;2025-05-13;-2.0;-171.76
94E515C781CAED11A62CD892C0003F2A;B0BDDED34CC83E11052F6792C000B249;2025-05-13;-2.0;-48.12
3CDEBE2515B4DE11ADB310650500F0C8;B0BDDED34CC83E11052F6792C000B249;2025-05-13;-2.0;-134.4
D11007EC0ADEAE11BE2110650500E35A;B0BDDED34CC83E11052F6792C000B249;2025-05-13;-24.0;-583.2
62B4E9287DAB7E110819BB65050039AA;B0BDDED34CC83E11052F6792C000B249;2025-05-13;-2.0;-8.96
7484C0E058B13E11052F6792C000CF39;B0BDDED34CC83E11052F6792C000B249;2025-05-13;-2.0;-152.22
21C622E2BF43EE11B1AD1065050076EA;B0BDDED34CC83E11052F6792C000B249;2025-05-13;-4.0;-46.4
A4C2358232B72E11052F6792C0007F39;B0BDDED34CC83E11052F6792C000B249;2025-05-13;-2.0;-237.58
0B1F6EDA63E61E1143F0668E4200EE89;B0BDDED34CC83E11052F6792C000B249;2025-05-13;-20.0;-470.08000000000004
14B135B1B6E62E1143F0668E420006EB;B0BDDED34CC83E11052F6792C000B249;2025-05-13;-2.0;-196.3
D38D1C8C9CA9DE11406610650500814A;B0BDDED34CC83E11052F6792C000B249;2025-05-13;-8.0;-204.0
EC9A707F8CA49E115540106505007E3B;B0BDDED34CC83E11052F6792C000B249;2025-05-13;-2.0;-502.92
5CCA65E97CEABE118772106505003B59;B0BDDED34CC83E11052F6792C000B249;2025-05-13;-2.0;-509.36
127A99AAF0CAED11A62CD892C0003F2A;B0BDDED34CC83E11052F6792C000B249;2025-05-13;-2.0;-811.32
C35C6B5091CAED11A62CD892C0003F2A;B0BDDED34CC83E11052F6792C000B249;2025-05-13;-2.0;-628.0
B201EB23E38D9E117260106505009A4A;B0BDDED34CC83E11052F6792C000B249;2025-05-13;-4.0;-958.88
9BA8CEEF923C6E11B7B78A650500BC08;B0BDDED34CC83E11052F6792C000B249;2025-05-13;-4.0;-127.46
756ED27D93F50E11A4A96492C0004B38;B0BDDED34CC83E11052F6792C000B249;2025-05-13;-6.0;-460.98
505C0AEB10FBEE1191EE1065050029B9;B0BDDED34CC83E11052F6792C000B249;2025-05-13;-4.0;-123.2
2A6F9C7A999D3E11052F6792C000D249;B0BDDED34CC83E11052F6792C000B249;2025-05-13;-2.0;-139.56
9B042FCCDCD4DE11ADB31065050021C8;B0BDDED34CC83E11052F6792C000B249;2025-05-13;-2.0;-216.68
AD71371EA7075E1142D58A650500DC08;B0BDDED34CC83E11052F6792C000B249;2025-05-13;-2.0;-1204.54
C71AC1A77C3FFE11F1557891FE695689;B0BDDED34CC83E11052F6792C000B249;2025-05-13;-2.0;-505.78
A8F78DB29DFDCE11ADB310650500C7B8;B0BDDED34CC83E11052F6792C000B249;2025-05-13;-4.0;-525.6
93B02F9745867E11B7B78A650500ED08;B0BDDED34CC83E11052F6792C000B249;2025-05-13;-2.0;-386.78
595B14E9307ABE118772106505009A59;B0BDDED34CC83E11052F6792C000B249;2025-05-13;-4.0;-647.6
16DA0D9435E9AE11BE21106505009D4A;B0BDDED34CC83E11052F6792C000B249;2025-05-13;-4.0;-650.28
19C12097599D3E11052F6792C000D249;B0BDDED34CC83E11052F6792C000B249;2025-05-13;-2.0;-109.24
65F04127ACD75E1142D58A650500DC08;B0BDDED34CC83E11052F6792C000B249;2025-05-13;-2.0;-248.58
FEA4A5C4D74CEE1191EE1065050029B9;B0BDDED34CC83E11052F6792C000B249;2025-05-13;-4.0;-243.24
E45B781DC1D6FD110DC22A92C000D158;B0BDDED34CC83E11052F6792C000B249;2025-05-13;-2.0;-198.24
8E4BCFB931CAED11A62CD892C0003F2A;B0BDDED34CC83E11052F6792C000B249;2025-05-13;-2.0;-358.8
725573D32273EE11B1AD10650500A6EA;B0BDDED34CC83E11052F6792C000B249;2025-05-13;-2.0;-163.38
4A309450B47DFD11A4A96492C0006D28;B0BDDED34CC83E11052F6792C000B249;2025-05-13;-2.0;-306.4
F331461F94EAFD11A4A96492C0006F3B;B0BDDED34CC83E11052F6792C000B249;2025-05-13;-2.0;-376.84
4CDE168900966E11B7B78A650500BC08;B0BDDED34CC83E11052F6792C000B249;2025-05-13;-2.0;-205.6
FB00436768332E1143F0668E4200C71A;B0BDDED34CC83E11052F6792C000B249;2025-05-13;-4.0;-898.56
7CF74A7B0321DE11ADB3106505003CB8;B0BDDED34CC83E11052F6792C000B249;2025-05-13;-10.0;-330.0
14FE05E58402EE114066106505008C4A;B0BDDED34CC83E11052F6792C000B249;2025-05-13;-2.0;-475.22
EF8779C141CAED11A62CD892C0003F2A;B0BDDED34CC83E11052F6792C000B249;2025-05-13;-2.0;-362.04
C5F5A0E25988CE11ADB31065050070B8;B0BDDED34CC83E11052F6792C000B249;2025-05-13;-2.0;-291.34
7ACBF8275C400E11A4A96492C0002019;B0BDDED34CC83E11052F6792C000B249;2025-05-13;-4.0;-390.74
6A12AE306E3CEE1191EE1065050029B9;B0BDDED34CC83E11052F6792C000B249;2025-05-13;-14.0;-549.4
EB0784AC1A5FFE11F1557891FE697689;B0BDDED34CC83E11052F6792C000B249;2025-05-13;-2.0;-112.18
1DB82793775CEE1191EE1065050029B9;B0BDDED34CC83E11052F6792C000B249;2025-05-13;-2.0;-296.58
3DE5B7D369A55E1142D58A650500DC08;B0BDDED34CC83E11052F6792C000B249;2025-05-13;-2.0;-388.02
E463CF97B28A3E11052F6792C000D249;B0BDDED34CC83E11052F6792C000B249;2025-05-13;-4.0;-525.6
AE8E9D2507511E1143F0668E42008C3B;B0BDDED34CC83E11052F6792C000B249;2025-05-13;-8.0;-1909.82
53A1E9ECF153FE1191EE106505002EB9;B0BDDED34CC83E11052F6792C000B249;2025-05-13;-8.0;-769.98
760D51FABDCFCE11ADB3106505003AB8;B0BDDED34CC83E11052F6792C000B249;2025-05-13;-2.0;-69.22
510EB5DBC2DF4E1142D58A650500BC08;B0BDDED34CC83E11052F6792C000B249;2025-05-13;-2.0;-206.44
4CF28DA0FF95BE11BE21106505008C5A;B0BDDED34CC83E11052F6792C000B249;2025-05-13;-2.0;-544.0
71E2C75836AA3E11052F6792C000D249;B0BDDED34CC83E11052F6792C000B249;2025-05-13;-4.0;-842.36
9DCB0E913EDBBE118772106505006C59;B0BDDED34CC83E11052F6792C000B249;2025-05-13;-2.0;-270.34
27D831D6104FFE11F1557891FE695689;B0BDDED34CC83E11052F6792C000B249;2025-05-13;-2.0;-88.56
39A009B1CE61EE11406610650500BB4A;B0BDDED34CC83E11052F6792C000B249;2025-05-13;-2.0;-18.24
620448EA86B5EE1191EE1065050035B9;B0BDDED34CC83E11052F6792C000B249;2025-05-13;-6.0;-364.86
B3A6B7DB01CAED11A62CD892C0003F2A;B0BDDED34CC83E11052F6792C000B249;2025-05-13;-4.0;-1315.96
5983A34AFD00FD11A62CD892C000399B;B0BDDED34CC83E11052F6792C000B249;2025-05-13;-2.0;-421.18
3DF9912ED621BE11BE2110650500D65A;B0BDDED34CC83E11052F6792C000B249;2025-05-13;-2.0;-234.0
8E4181F2C4FD5E1142D58A6505002D08;B0BDDED34CC83E11052F6792C000B249;2025-05-13;-2.0;-722.94
A1F225C8F61E4E1142D58A650500BC08;B0BDDED34CC83E11052F6792C000B249;2025-05-13;-2.0;-333.8
F7A4FCE301CAED11A62CD892C0003F2A;B0BDDED34CC83E11052F6792C000B249;2025-05-13;-2.0;-193.92
9430B1FCF502EE114066106505008C4A;B0BDDED34CC83E11052F6792C000B249;2025-05-13;-2.0;-170.1
5AF0F2E4EA244E1142D58A6505002C08;B0BDDED34CC83E11052F6792C000B249;2025-05-13;-2.0;-100.16
C31089E6E6BD9E11726010650500DA4A;B0BDDED34CC83E11052F6792C000B249;2025-05-13;-6.0;-330.0
3AF65CD85EB5CE11ADB3106505004DA8;B0BDDED34CC83E11052F6792C000B249;2025-05-13;-2.0;-259.96
74B135B1B6E62E1143F0668E420006EB;B0BDDED34CC83E11052F6792C000B249;2025-05-13;-2.0;-196.34
C6D0AC0CA454EE11B1AD10650500C7EA;B0BDDED34CC83E11052F6792C000B249;2025-05-13;-2.0;-447.9
C5FC30C110E1DE11ADB3106505003DB8;B0BDDED34CC83E11052F6792C000B249;2025-05-13;-2.0;-184.2
441680FFD6893E11052F6792C000D249;B0BDDED34CC83E11052F6792C000B249;2025-05-13;-2.0;-109.74
39934F2383D0FD11A62CD892C000D159;B0BDDED34CC83E11052F6792C000B249;2025-05-13;-2.0;-99.82
2EBF1EC7A570AE117260106505006E4A;B0BDDED34CC83E11052F6792C000B249;2025-05-13;-2.0;-973.92
EE7092A311E1FE1191EE106505004CB9;B0BDDED34CC83E11052F6792C000B249;2025-05-13;-2.0;-752.16
C332636C77018E110819BB65050039AA;B0BDDED34CC83E11052F6792C000B249;2025-05-13;-4.0;-123.68
DE406E779A8DBE118772106505008E59;B0BDDED34CC83E11052F6792C000B249;2025-05-13;-4.0;-112.84
5C0B030D71365E1142D58A650500DC08;B0BDDED34CC83E11052F6792C000B249;2025-05-13;-6.0;-693.0
2B0951A354A1BE11BE2110650500775A;B0BDDED34CC83E11052F6792C000B249;2025-05-13;-2.0;-201.96
1E5C36C4C0CAED11A62CD892C0003F2A;B0BDDED34CC83E11052F6792C000B249;2025-05-13;-2.0;-365.46
6F1F795CD0CAED11A62CD892C0003F2A;B0BDDED34CC83E11052F6792C000B249;2025-05-13;-2.0;-177.4
36798CFB7ABAAE11BE2110650500AE4A;B0BDDED34CC83E11052F6792C000B249;2025-05-13;-4.0;-160.0
077A2D18FC510F11112A674AC7E22989;B0BDDED34CC83E11052F6792C000B249;2025-05-13;-2.0;-291.2
A9AFE694AC456E11B7B78A650500BC08;44673735EAF46E11B7B78A650500BC08;2025-05-13;-4.0;-80.12
0D8776C5E528CE11ADB310650500EFA8;44673735EAF46E11B7B78A650500BC08;2025-05-13;-6.0;-278.94
E5F85CDB3104BE11BE21106505007A5A;44673735EAF46E11B7B78A650500BC08;2025-05-13;-108.0;-3932.28
A3134A47CE456E11B7B78A650500BC08;44673735EAF46E11B7B78A650500BC08;2025-05-13;-2.0;-49.2
5C32A1754C456E11B7B78A650500BC08;44673735EAF46E11B7B78A650500BC08;2025-05-13;-4.0;-362.1
F2A9466B4CFDBE118772106505001F59;44673735EAF46E11B7B78A650500BC08;2025-05-13;-18.0;-363.22
E5A0174DF343FE1191EE106505001EB9;44673735EAF46E11B7B78A650500BC08;2025-05-13;-2.0;-213.14
6A2BB701BD889E11525010650500F84A;44673735EAF46E11B7B78A650500BC08;2025-05-13;-4.0;-1531.76
7E2797A0D2A7FE1191EE10650500D3C9;44673735EAF46E11B7B78A650500BC08;2025-05-13;-2.0;-643.28
4AB22E7B3A95DE11ADB31065050012C8;44673735EAF46E11B7B78A650500BC08;2025-05-13;-4.0;-215.48
125559B666767E11B7B78A650500ED08;44673735EAF46E11B7B78A650500BC08;2025-05-13;-4.0;-522.16
943E93D61D769E11554010650500D04B;44673735EAF46E11B7B78A650500BC08;2025-05-13;-8.0;-409.44
7B3FAFDC0FE4AE11726010650500145A;44673735EAF46E11B7B78A650500BC08;2025-05-13;-6.0;-110.42
5B8D326ED6568E11F243BB6505007B3B;44673735EAF46E11B7B78A650500BC08;2025-05-13;-12.0;-847.0800000000002
5428CBF36DE0CE11877210650500D269;44673735EAF46E11B7B78A650500BC08;2025-05-13;-2.0;-1541.4
D92F1EB1CEE1FE1191EE106505005CB9;44673735EAF46E11B7B78A650500BC08;2025-05-13;-2.0;-5300.0
E913FAB6CC456E11B7B78A650500BC08;44673735EAF46E11B7B78A650500BC08;2025-05-13;-10.0;-2607.64
6A6562D6E770BE11BE2110650500F55A;44673735EAF46E11B7B78A650500BC08;2025-05-13;-2.0;-223.34
DA17619EC688CE11ADB31065050070B8;44673735EAF46E11B7B78A650500BC08;2025-05-13;-2.0;-131.64
5D8A4630EA456E11B7B78A650500BC08;44673735EAF46E11B7B78A650500BC08;2025-05-13;-2.0;-122.4
82E709C0F69FAE11BE2110650500D45A;44673735EAF46E11B7B78A650500BC08;2025-05-13;-2.0;-952.02
DC5C44B94F7FFE11F1557891FE69A689;44673735EAF46E11B7B78A650500BC08;2025-05-13;-18.0;-1432.08
6C95D37F73167E11B7B78A650500ED08;44673735EAF46E11B7B78A650500BC08;2025-05-13;-10.0;-435.0
972693E4CD456E11B7B78A650500BC08;44673735EAF46E11B7B78A650500BC08;2025-05-13;-4.0;-220.0
616B96C200E7EE1191EE10650500A7B9;44673735EAF46E11B7B78A650500BC08;2025-05-13;-2.0;-7.66
6064110910556E11B7B78A650500BC08;44673735EAF46E11B7B78A650500BC08;2025-05-13;-22.0;-4004.2
AC4FBD828009AE11BE21106505007C4A;44673735EAF46E11B7B78A650500BC08;2025-05-13;-2.0;-352.02
157EA1718762CE11877210650500B469;44673735EAF46E11B7B78A650500BC08;2025-05-13;-8.0;-1200.0
3A29DD479C456E11B7B78A650500BC08;44673735EAF46E11B7B78A650500BC08;2025-05-13;-24.0;-368.64
9A063548A42AFE11128010650500E819;44673735EAF46E11B7B78A650500BC08;2025-05-13;-4.0;-204.0
CD6AA4B92E456E11B7B78A650500BC08;44673735EAF46E11B7B78A650500BC08;2025-05-13;-4.0;-2121.7
DB2F654A6F61AE11726010650500AF4A;44673735EAF46E11B7B78A650500BC08;2025-05-13;-2.0;-94.16
192B062FD6568E11F243BB6505007B3B;44673735EAF46E11B7B78A650500BC08;2025-05-13;-8.0;-448.28
63365A69F7BAFE11128010650500E819;44673735EAF46E11B7B78A650500BC08;2025-05-13;-6.0;-240.0
23B6A025A5309E11F243BB650500984B;44673735EAF46E11B7B78A650500BC08;2025-05-13;-24.0;-1943.48
E8C33C9DD6568E11F243BB6505007B3B;44673735EAF46E11B7B78A650500BC08;2025-05-13;-12.0;-540.5999999999999
5E112F60FE456E11B7B78A650500BC08;44673735EAF46E11B7B78A650500BC08;2025-05-13;-4.0;-2013.68
A80D4DBDCAD0FE1191EE10650500FAB9;44673735EAF46E11B7B78A650500BC08;2025-05-13;-2.0;-508.54
C6F5C1F49C456E11B7B78A650500BC08;44673735EAF46E11B7B78A650500BC08;2025-05-13;-22.0;-188.54000000000002
BD577F655AE66E11B7B78A650500BC08;44673735EAF46E11B7B78A650500BC08;2025-05-13;-2.0;-74.0
14440411FDCDDE11406610650500F64A;44673735EAF46E11B7B78A650500BC08;2025-05-13;-2.0;-280.4
9E78B3CD4F456E11B7B78A650500BC08;44673735EAF46E11B7B78A650500BC08;2025-05-13;-2.0;-43.86
56DDFC4FED456E11B7B78A650500BC08;44673735EAF46E11B7B78A650500BC08;2025-05-13;-2.0;-480.0
E039331F7D456E11B7B78A650500BC08;44673735EAF46E11B7B78A650500BC08;2025-05-13;-26.0;-811.2
A349042A5A8BDE11406610650500044A;44673735EAF46E11B7B78A650500BC08;2025-05-13;-8.0;-2016.0
21F75E3934885E1142D58A650500DC08;44673735EAF46E11B7B78A650500BC08;2025-05-13;-2.0;-40.0
75438B674C456E11B7B78A650500BC08;44673735EAF46E11B7B78A650500BC08;2025-05-13;-4.0;-641.46
B284E8CF89098E11F243BB650500EE3B;44673735EAF46E11B7B78A650500BC08;2025-05-13;-2.0;-226.64
55F57A9DAC456E11B7B78A650500BC08;44673735EAF46E11B7B78A650500BC08;2025-05-13;-4.0;-1295.04
5AE6855EE3B89E11525010650500294A;44673735EAF46E11B7B78A650500BC08;2025-05-13;-4.0;-55.76
912D371F46CCDE11406610650500A54A;44673735EAF46E11B7B78A650500BC08;2025-05-13;-8.0;-485.76
FC2E5119AF456E11B7B78A650500BC08;44673735EAF46E11B7B78A650500BC08;2025-05-13;-4.0;-847.2
0C2637BE2CE1EE114066106505006C4A;44673735EAF46E11B7B78A650500BC08;2025-05-13;-2.0;-762.0
B7B5073B2C147E11B7B78A650500ED08;44673735EAF46E11B7B78A650500BC08;2025-05-13;-14.0;-1876.0
11A4FB4620556E11B7B78A650500BC08;44673735EAF46E11B7B78A650500BC08;2025-05-13;-6.0;-239.96000000000004
97403614D0F27E11B7B78A650500DD08;44673735EAF46E11B7B78A650500BC08;2025-05-13;-8.0;-580.0
588A44CED6568E11F243BB6505007B3B;44673735EAF46E11B7B78A650500BC08;2025-05-13;-4.0;-335.48
A5C9898F9A456E11B7B78A650500BC08;44673735EAF46E11B7B78A650500BC08;2025-05-13;-2.0;-1225.44
D284E8CF89098E11F243BB650500EE3B;44673735EAF46E11B7B78A650500BC08;2025-05-13;-2.0;-179.74
600A07A13D456E11B7B78A650500BC08;44673735EAF46E11B7B78A650500BC08;2025-05-13;-2.0;-89.08
0383BD34C090BE11BE2110650500165A;44673735EAF46E11B7B78A650500BC08;2025-05-13;-8.0;-1520.0
81764DAE24639E11554010650500CC3B;44673735EAF46E11B7B78A650500BC08;2025-05-13;-2.0;-73.18
5336F3FAF1F78E11F243BB6505008D3B;44673735EAF46E11B7B78A650500BC08;2025-05-13;-20.0;-2260.0
63AEBA9F16E05E1142D58A650500BC08;44673735EAF46E11B7B78A650500BC08;2025-05-13;-2.0;-94.36
ADB5F1A24E8DDE11406610650500A64A;44673735EAF46E11B7B78A650500BC08;2025-05-13;-4.0;-2536.0
D44A8F3C7B09AE11BE21106505008C4A;44673735EAF46E11B7B78A650500BC08;2025-05-13;-2.0;-278.28
1B01A32FBC38CE11ADB31065050000B8;44673735EAF46E11B7B78A650500BC08;2025-05-13;-2.0;-745.18
965868D986838E113835BB6505000CAA;44673735EAF46E11B7B78A650500BC08;2025-05-13;-8.0;-268.32
45600F02421C6E11B7B78A650500BC08;44673735EAF46E11B7B78A650500BC08;2025-05-13;-2.0;-260.36
E97C4871CC07BE118772106505004659;44673735EAF46E11B7B78A650500BC08;2025-05-13;-20.0;-442.12
74AE9438226AFE11128010650500E819;44673735EAF46E11B7B78A650500BC08;2025-05-13;-2.0;-12.32
AB13FE4F0442DE11ADB310650500BDB8;44673735EAF46E11B7B78A650500BC08;2025-05-13;-4.0;-78.48
F20C437EBD096E11B7B78A650500BC08;44673735EAF46E11B7B78A650500BC08;2025-05-13;-10.0;-294.7
8376033300C80E11A4A96492C0001269;44673735EAF46E11B7B78A650500BC08;2025-05-13;-2.0;-187.9
299EFFC3B10FFE11F1557891FE690689;44673735EAF46E11B7B78A650500BC08;2025-05-13;-2.0;-936.72
381EDC6E8F456E11B7B78A650500BC08;44673735EAF46E11B7B78A650500BC08;2025-05-13;-30.0;-273.9
307A56559C456E11B7B78A650500BC08;44673735EAF46E11B7B78A650500BC08;2025-05-13;-12.0;-2413.32
D658514838FCEE1191EE1065050029B9;44673735EAF46E11B7B78A650500BC08;2025-05-13;-2.0;-320.02
8EE2C4F619A47E11B7B78A650500ED08;44673735EAF46E11B7B78A650500BC08;2025-05-13;-2.0;-506.66
A9384A7B0321DE11ADB3106505003CB8;44673735EAF46E11B7B78A650500BC08;2025-05-13;-2.0;-120.0
EC7844273DCCCE11ADB31065050026B8;44673735EAF46E11B7B78A650500BC08;2025-05-13;-2.0;-78.0
8E28D2EB92E0DE11ADB310650500DBB8;44673735EAF46E11B7B78A650500BC08;2025-05-13;-2.0;-2083.36
C1A8C7036A0C5E1142D58A6505000D08;44673735EAF46E11B7B78A650500BC08;2025-05-13;-2.0;-307.24
9E54CA91478B3E11052F6792C000D249;44673735EAF46E11B7B78A650500BC08;2025-05-13;-8.0;-456.08
78375A67B5EEAE11BE2110650500F35A;44673735EAF46E11B7B78A650500BC08;2025-05-13;-4.0;-204.0
84990EFE31EBDE11406610650500744A;44673735EAF46E11B7B78A650500BC08;2025-05-13;-2.0;-322.78
0139331F7D456E11B7B78A650500BC08;44673735EAF46E11B7B78A650500BC08;2025-05-13;-4.0;-124.8
D624D5E2AEEBCE11ADB310650500E4B8;44673735EAF46E11B7B78A650500BC08;2025-05-13;-6.0;-283.8
B97FCA99990FEE1191EE1065050029B9;44673735EAF46E11B7B78A650500BC08;2025-05-13;-4.0;-1440.0
E4349E308D456E11B7B78A650500BC08;44673735EAF46E11B7B78A650500BC08;2025-05-13;-2.0;-177.6
814063099D8BEE1191EE1065050029B9;44673735EAF46E11B7B78A650500BC08;2025-05-13;-2.0;-143.08
2A13FAB6CC456E11B7B78A650500BC08;44673735EAF46E11B7B78A650500BC08;2025-05-13;-6.0;-3230.88
8A1F25958954FE1191EE106505008FB9;44673735EAF46E11B7B78A650500BC08;2025-05-13;-2.0;-80.06
72C9D397E770BE11BE2110650500F55A;44673735EAF46E11B7B78A650500BC08;2025-05-13;-2.0;-39.28
3BB22E7B3A95DE11ADB31065050012C8;44673735EAF46E11B7B78A650500BC08;2025-05-13;-6.0;-1072.1399999999999
F3D39F8925037E11B7B78A650500DD08;44673735EAF46E11B7B78A650500BC08;2025-05-13;-2.0;-103.96
C61E8CA458C6DE11C84610650500DE6A;44673735EAF46E11B7B78A650500BC08;2025-05-13;-2.0;-23.66
31F853CE53E0DE11ADB310650500DBB8;44673735EAF46E11B7B78A650500BC08;2025-05-13;-2.0;-106.0
D2F14B15A9C1EE114066106505003C4A;44673735EAF46E11B7B78A650500BC08;2025-05-13;-2.0;-47.38
FD8702D74C456E11B7B78A650500BC08;44673735EAF46E11B7B78A650500BC08;2025-05-13;-4.0;-496.5
3F20078F2B3A9E115250106505002B4A;44673735EAF46E11B7B78A650500BC08;2025-05-13;-2.0;-751.4
751D0690E1809E11F243BB650500F84B;44673735EAF46E11B7B78A650500BC08;2025-05-13;-4.0;-374.96
67DC0BE73ED5AE11BE2110650500784A;44673735EAF46E11B7B78A650500BC08;2025-05-13;-4.0;-275.6
A2AEB1B0C11A8E11F243BB650500304B;44673735EAF46E11B7B78A650500BC08;2025-05-13;-2.0;-35.56
B2B287231D96BE11877210650500B559;44673735EAF46E11B7B78A650500BC08;2025-05-13;-2.0;-142.94
228EF1CCEC7F6E11B7B78A650500CD08;44673735EAF46E11B7B78A650500BC08;2025-05-13;-26.0;-2391.06
F72AB93B390FEE1191EE1065050029B9;44673735EAF46E11B7B78A650500BC08;2025-05-13;-2.0;-132.92
B7173396E9456E11B7B78A650500BC08;44673735EAF46E11B7B78A650500BC08;2025-05-13;-2.0;-583.84
6E2FDC1F45CF8E11F243BB650500084B;44673735EAF46E11B7B78A650500BC08;2025-05-13;-2.0;-61.32
9E4D455DE0CAED11A62CD892C0003F2A;44673735EAF46E11B7B78A650500BC08;2025-05-13;-2.0;-287.06
B3228416AE789E11525010650500E84A;44673735EAF46E11B7B78A650500BC08;2025-05-13;-2.0;-645.0
B816285AA44FDE11406610650500F84A;44673735EAF46E11B7B78A650500BC08;2025-05-13;-2.0;-121.26
17C6E67B7EEDBE118772106505000F59;44673735EAF46E11B7B78A650500BC08;2025-05-13;-8.0;-188.12
618FCC456923FE1191EE10650500FDB9;44673735EAF46E11B7B78A650500BC08;2025-05-13;-10.0;-279.04
64DD96928FCA9E11525010650500EB4A;44673735EAF46E11B7B78A650500BC08;2025-05-13;-14.0;-246.82
367A9617104FFE11F1557891FE695689;44673735EAF46E11B7B78A650500BC08;2025-05-13;-2.0;-18.82
4555D3753195EE1191EE1065050005B9;44673735EAF46E11B7B78A650500BC08;2025-05-13;-2.0;-520.0
6AFA6BA697B0FE1191EE10650500CAB9;44673735EAF46E11B7B78A650500BC08;2025-05-13;-2.0;-763.98
2276436B0651AE117260106505008F4A;44673735EAF46E11B7B78A650500BC08;2025-05-13;-2.0;-222.68
E936E415AA79DE11406610650500414A;44673735EAF46E11B7B78A650500BC08;2025-05-13;-4.0;-376.0
F0FC1AA44C456E11B7B78A650500BC08;44673735EAF46E11B7B78A650500BC08;2025-05-13;-2.0;-278.06
93032E5C45CF8E11F243BB650500084B;44673735EAF46E11B7B78A650500BC08;2025-05-13;-2.0;-60.38
7C33A200FFAFFE11F1557891FE69E689;44673735EAF46E11B7B78A650500BC08;2025-05-13;-2.0;-160.5
A9A3EC7E34885E1142D58A650500DC08;44673735EAF46E11B7B78A650500BC08;2025-05-13;-2.0;-40.0
C130925975AE0E1143F0668E42001D49;44673735EAF46E11B7B78A650500BC08;2025-05-13;-2.0;-60.9
19596318D7079E11554010650500814B;44673735EAF46E11B7B78A650500BC08;2025-05-13;-2.0;-127.7
0E6625AAD58FEE1191EE1065050049B9;44673735EAF46E11B7B78A650500BC08;2025-05-13;-2.0;-850.12
7C9CD6FD566FAE11BE2110650500945A;44673735EAF46E11B7B78A650500BC08;2025-05-13;-4.0;-1405.9
20418AB4286ADE11406610650500724A;44673735EAF46E11B7B78A650500BC08;2025-05-13;-16.0;-784.96
240E4364CA41EE114066106505008B4A;44673735EAF46E11B7B78A650500BC08;2025-05-13;-2.0;-190.64
F39A8F53066FAE11BE2110650500945A;44673735EAF46E11B7B78A650500BC08;2025-05-13;-2.0;-106.72
79B9C19C2CF2CE118772106505007569;44673735EAF46E11B7B78A650500BC08;2025-05-13;-2.0;-297.2
A68216967923FE1191EE10650500FDB9;44673735EAF46E11B7B78A650500BC08;2025-05-13;-10.0;-418.53999999999996
CD4DE77554DCAE11BE2110650500515A;44673735EAF46E11B7B78A650500BC08;2025-05-13;-2.0;-140.0
144A9111FC1EFE11F1557891FE69E489;44673735EAF46E11B7B78A650500BC08;2025-05-13;-2.0;-128.16
34573481866ABE118772106505008A59;44673735EAF46E11B7B78A650500BC08;2025-05-13;-2.0;-528.0
69CDB042A33EAE11BE2110650500135A;44673735EAF46E11B7B78A650500BC08;2025-05-13;-2.0;-274.0
6CC7DAA46923FE1191EE10650500FDB9;44673735EAF46E11B7B78A650500BC08;2025-05-13;-12.0;-418.08
2489CCD7C9BF0E1123F0668E42005B38;44673735EAF46E11B7B78A650500BC08;2025-05-13;-2.0;-47.04
E6573FE0F9C87E110819BB65050009AA;44673735EAF46E11B7B78A650500BC08;2025-05-13;-2.0;-82.0
D63DD8746C28BE11877210650500B759;44673735EAF46E11B7B78A650500BC08;2025-05-13;-2.0;-488.62
874B874C22238E117E64BB6505005BAA;44673735EAF46E11B7B78A650500BC08;2025-05-13;-2.0;-131.0
28912E5BCED4DE11ADB31065050021C8;44673735EAF46E11B7B78A650500BC08;2025-05-13;-2.0;-367.2
DAA936AD7E968E11F243BB650500DB3B;44673735EAF46E11B7B78A650500BC08;2025-05-13;-2.0;-107.2
8F6085239F886E11B7B78A650500BC08;44673735EAF46E11B7B78A650500BC08;2025-05-13;-2.0;-127.62
F816BA2E3D9F7E110819BB65050039AA;44673735EAF46E11B7B78A650500BC08;2025-05-13;-2.0;-112.88
0FF676A9CD456E11B7B78A650500BC08;44673735EAF46E11B7B78A650500BC08;2025-05-13;-2.0;-548.0
FAE00D88A0CAED11A62CD892C0003F2A;44673735EAF46E11B7B78A650500BC08;2025-05-13;-4.0;-265.70000000000005
E62352B9AC456E11B7B78A650500BC08;44673735EAF46E11B7B78A650500BC08;2025-05-13;-2.0;-190.28
8A5B1C8EDCFBEE1191EE1065050029B9;44673735EAF46E11B7B78A650500BC08;2025-05-13;-2.0;-77.36
60F7EB7A03078E11F243BB6505005C3B;44673735EAF46E11B7B78A650500BC08;2025-05-13;-2.0;-218.98
7E47F7893131FE1191EE106505006BB9;FC081C55582CED11A62CD892C0003F2A;2025-05-13;-2.0;-409.34
AB6D3ADEAB2B6E11B7B78A650500BC08;FC081C55582CED11A62CD892C0003F2A;2025-05-13;-2.0;-179.08
2E7212047046AE11BE2110650500F84A;44673735EAF46E11B7B78A650500BC08;2025-05-13;2.0;328.04
