item_id;location_id;trans_date;qty;cost_amount
3E68ED68E602EE114066106505008C4A;B0BDDED34CC83E11052F6792C000B249;2025-06-10;6.0;329.4
0F5A86C882D2FE1191EE106505007DB9;B0BDDED34CC83E11052F6792C000B249;2025-06-10;10.0;4276.8
15186898638ADE11406610650500924A;B0BDDED34CC83E11052F6792C000B249;2025-06-10;14.0;1527.4
DC1575A63E040F114EF7A826072BAC89;B0BDDED34CC83E11052F6792C000B249;2025-06-10;4.0;1785.6
B6D475A63E040F114EF7A826072BAC89;B0BDDED34CC83E11052F6792C000B249;2025-06-10;6.0;374.4
B63484C872CAED11A62CD892C0003F2A;B0BDDED34CC83E11052F6792C000B249;2025-06-10;10.0;1114.74
363484C872CAED11A62CD892C0003F2A;B0BDDED34CC83E11052F6792C000B249;2025-06-10;10.0;1114.74
373484C872CAED11A62CD892C0003F2A;B0BDDED34CC83E11052F6792C000B249;2025-06-10;10.0;1114.74
7C1500AC34425E1142D58A650500DC08;B0BDDED34CC83E11052F6792C000B249;2025-06-10;10.0;1032.22
1A105354ED456E11B7B78A650500BC08;44673735EAF46E11B7B78A650500BC08;2025-06-10;0.0;0.0
A109CFC34E1FCE11ADB31065050039B8;44673735EAF46E11B7B78A650500BC08;2025-06-10;0.0;0.0
2CE1D899E9517E11B7B78A650500CD08;44673735EAF46E11B7B78A650500BC08;2025-06-10;0.0;0.0
1578ED68E602EE114066106505008C4A;FC081C55582CED11A62CD892C0003F2A;2025-06-10;8.0;428.0
2BECD7BFC688CE11ADB31065050070B8;44673735EAF46E11B7B78A650500BC08;2025-06-10;-2.0;-287.98
6360A9054C456E11B7B78A650500BC08;44673735EAF46E11B7B78A650500BC08;2025-06-10;-2.0;-144.18
6B75E87070CAED11A62CD892C0003F2A;44673735EAF46E11B7B78A650500BC08;2025-06-10;-20.0;-1395.76
50A39B4ED0CAED11A62CD892C0003F2A;FC081C55582CED11A62CD892C0003F2A;2025-06-10;6.0;3866.42
A8AE11171F27EE1191EE10650500C6B9;FC081C55582CED11A62CD892C0003F2A;2025-06-10;12.0;3087.4
B5A304EAEFBAED11A62CD892C0003F2A;FC081C55582CED11A62CD892C0003F2A;2025-06-10;4.0;2263.76
2D1C72CA74520F114EF7A826072B7A89;44673735EAF46E11B7B78A650500BC08;2025-06-10;0.0;0.0
A1C8C522166E9E11726010650500CB4A;44673735EAF46E11B7B78A650500BC08;2025-06-10;0.0;0.0
D9505CABA02F8E11F243BB650500374B;44673735EAF46E11B7B78A650500BC08;2025-06-10;0.0;0.0
B2646814576ADE11406610650500724A;44673735EAF46E11B7B78A650500BC08;2025-06-10;0.0;0.0
35E57582166E9E11726010650500CB4A;44673735EAF46E11B7B78A650500BC08;2025-06-10;0.0;0.0
7EB234A014D9DE11406610650500B14A;44673735EAF46E11B7B78A650500BC08;2025-06-10;0.0;0.0
26E57582166E9E11726010650500CB4A;44673735EAF46E11B7B78A650500BC08;2025-06-10;0.0;0.0
86F5605DD0CAED11A62CD892C0003F2A;FC081C55582CED11A62CD892C0003F2A;2025-06-10;6.0;3459.18
320CBAFEC9B7FE1191EE10650500F3C9;FC081C55582CED11A62CD892C0003F2A;2025-06-10;18.0;5823.54
388539FB0564AE11726010650500635A;FC081C55582CED11A62CD892C0003F2A;2025-06-10;18.0;4446.18
3CC5901E320CAE11BE2110650500405A;B0BDDED34CC83E11052F6792C000B249;2025-06-10;20.0;4940.0
0BB8CE1BD5230E11A4A96492C00008E9;B0BDDED34CC83E11052F6792C000B249;2025-06-10;2.0;328.76
BAB5D848B1BBEE1191EE1065050029B9;B0BDDED34CC83E11052F6792C000B249;2025-06-10;30.0;2828.7
DAB5D848B1BBEE1191EE1065050029B9;B0BDDED34CC83E11052F6792C000B249;2025-06-10;16.0;1508.64
7A0F7C972D9EFE11F1557891FE698589;44673735EAF46E11B7B78A650500BC08;2025-06-10;50.0;2851.0
2165A9D094520F114EF7A826072B7A89;FC081C55582CED11A62CD892C0003F2A;2025-06-10;4.0;2760.34
E8D5A9D094520F114EF7A826072B7A89;FC081C55582CED11A62CD892C0003F2A;2025-06-10;2.0;1380.18
BA2477F094520F114EF7A826072B7A89;FC081C55582CED11A62CD892C0003F2A;2025-06-10;2.0;1528.8
68FEA237E770BE11BE2110650500F55A;44673735EAF46E11B7B78A650500BC08;2025-06-10;30.0;2484.1400000000003
C0F9CAB8E770BE11BE2110650500F55A;44673735EAF46E11B7B78A650500BC08;2025-06-10;40.0;288.26
AF4CEB903C456E11B7B78A650500BC08;44673735EAF46E11B7B78A650500BC08;2025-06-10;36.0;13647.460000000001
B831728E7C456E11B7B78A650500BC08;44673735EAF46E11B7B78A650500BC08;2025-06-10;26.0;3020.0000000000005
FC8C3B7101CAED11A62CD892C0003F2A;FC081C55582CED11A62CD892C0003F2A;2025-06-10;0.0;30.420000000000016
5022857200E7EE1191EE10650500A7B9;FC081C55582CED11A62CD892C0003F2A;2025-06-10;100.0;803.88
0106CC3200E7EE1191EE10650500A7B9;B0BDDED34CC83E11052F6792C000B249;2025-06-10;60.0;236.34
8B33172986D7CE11ADB3106505008FA8;44673735EAF46E11B7B78A650500BC08;2025-06-10;60.0;3954.0
EA51CD5CEB01FE1191EE106505003BB9;B0BDDED34CC83E11052F6792C000B249;2025-06-10;-2.0;-47.86
F0317019FD53BE11BE2110650500A95A;B0BDDED34CC83E11052F6792C000B249;2025-06-10;0.0;0.0
598D11C11B278E11F243BB6505008C3B;B0BDDED34CC83E11052F6792C000B249;2025-06-10;0.0;0.0
1ED74CF065317E11B7B78A650500CD08;44673735EAF46E11B7B78A650500BC08;2025-06-10;12.0;5560.16
1D05A256CC456E11B7B78A650500BC08;44673735EAF46E11B7B78A650500BC08;2025-06-10;26.0;8386.62
955105F17696DE11ADB31065050053C8;44673735EAF46E11B7B78A650500BC08;2025-06-10;6.0;9207.46
428E9EE7F60ADE11406610650500F14A;44673735EAF46E11B7B78A650500BC08;2025-06-10;4.0;3260.1399999999994
B564184528D8EE1191EE10650500F8B9;44673735EAF46E11B7B78A650500BC08;2025-06-10;2.0;345.0
69DF7570F76DCE11ADB310650500F6B8;B0BDDED34CC83E11052F6792C000B249;2025-06-10;0.0;0.0
97679C8AEAB4EE11B1AD1065050048EA;B0BDDED34CC83E11052F6792C000B249;2025-06-10;0.0;0.0
947ABEBFDE9F8E11F243BB650500D74B;B0BDDED34CC83E11052F6792C000B249;2025-06-10;0.0;0.0
B585D8268BB88E11F243BB6505008E3B;B0BDDED34CC83E11052F6792C000B249;2025-06-10;-2.0;-128.68
9FC4B2FC1D456E11B7B78A650500BC08;44673735EAF46E11B7B78A650500BC08;2025-06-10;-2.0;-2034.0
F44F021146385E1142D58A650500DC08;44673735EAF46E11B7B78A650500BC08;2025-06-10;-18.0;-496.79999999999995
8DD5112F9A456E11B7B78A650500BC08;44673735EAF46E11B7B78A650500BC08;2025-06-10;20.0;8148.28
257F1A61E61ECE11ADB310650500E7B8;44673735EAF46E11B7B78A650500BC08;2025-06-10;0.0;2.2737367544323206e-13
8D808FE747CBCE11ADB310650500B4B8;44673735EAF46E11B7B78A650500BC08;2025-06-10;0.0;0.0
1DEE923578C1FE1191EE106505002CB9;44673735EAF46E11B7B78A650500BC08;2025-06-10;0.0;0.0
18F068E9B60C4E1142D58A650500BC08;44673735EAF46E11B7B78A650500BC08;2025-06-10;12.0;1593.6
78C6129DABE1EE114066106505006C4A;44673735EAF46E11B7B78A650500BC08;2025-06-10;10.0;1719.0000000000002
3D8CE826B33ABE118772106505004A59;FC081C55582CED11A62CD892C0003F2A;2025-06-10;0.0;0.0
5E7B7986B33ABE118772106505004A59;FC081C55582CED11A62CD892C0003F2A;2025-06-10;0.0;0.0
7C000C96A1130F114EF7A826072B6B89;FC081C55582CED11A62CD892C0003F2A;2025-06-10;0.0;0.0
7F64ACFFC62EEE1191EE1065050029B9;FC081C55582CED11A62CD892C0003F2A;2025-06-10;0.0;0.0
B8301C6E90FE5E1142D58A6505006D08;FC081C55582CED11A62CD892C0003F2A;2025-06-10;2.0;554.22
184C9C8BD30A3E11052F6792C000D249;44673735EAF46E11B7B78A650500BC08;2025-06-10;6.0;1768.14
05035BF6DD456E11B7B78A650500BC08;44673735EAF46E11B7B78A650500BC08;2025-06-10;6.0;8765.06
C5035BF6DD456E11B7B78A650500BC08;44673735EAF46E11B7B78A650500BC08;2025-06-10;12.0;8172.6
CB0DF4BB3D456E11B7B78A650500BC08;44673735EAF46E11B7B78A650500BC08;2025-06-10;46.0;3446.16
E001A23578C1FE1191EE106505002CB9;44673735EAF46E11B7B78A650500BC08;2025-06-10;0.0;0.0
604A048444B7DE11C84610650500007A;44673735EAF46E11B7B78A650500BC08;2025-06-10;0.0;0.0
38225581B8F2FE1191EE10650500BDB9;FC081C55582CED11A62CD892C0003F2A;2025-06-10;0.0;0.0
A02014AD043E9E117260106505008B4A;B0BDDED34CC83E11052F6792C000B249;2025-06-10;2.0;140.0
4BF72E5DC335DE11ADB31065050091C8;FC081C55582CED11A62CD892C0003F2A;2025-06-10;24.0;1441.44
EBD25A6E878E8E11F243BB650500764B;FC081C55582CED11A62CD892C0003F2A;2025-06-10;24.0;2264.16
B2276702A18ADE11406610650500924A;44673735EAF46E11B7B78A650500BC08;2025-06-10;-2.0;-2288.0
EF7589417479FE11128010650500E819;B0BDDED34CC83E11052F6792C000B249;2025-06-10;0.0;0.0
1DA634AD6104FE1191EE106505001FB9;B0BDDED34CC83E11052F6792C000B249;2025-06-10;0.0;-5.684341886080802e-14
F8183AEA62DDFE11F1557891FE698489;B0BDDED34CC83E11052F6792C000B249;2025-06-10;0.0;0.0
AC0A9856A1130F114EF7A826072B6B89;B0BDDED34CC83E11052F6792C000B249;2025-06-10;0.0;0.0
CF8A9856A1130F114EF7A826072B6B89;B0BDDED34CC83E11052F6792C000B249;2025-06-10;0.0;0.0
209D907C0C93FE1191EE106505009EB9;B0BDDED34CC83E11052F6792C000B249;2025-06-10;0.0;0.0
9772997C0C93FE1191EE106505009EB9;B0BDDED34CC83E11052F6792C000B249;2025-06-10;0.0;0.0
B3B1677FD5A0EE11406610650500BA4A;B0BDDED34CC83E11052F6792C000B249;2025-06-10;0.0;0.0
21C1AE3A2A6BFE111280106505000919;B0BDDED34CC83E11052F6792C000B249;2025-06-10;-10.0;-624.6600000000001
A633AE3A2A6BFE111280106505000919;B0BDDED34CC83E11052F6792C000B249;2025-06-10;0.0;0.0
9FA3AE3A2A6BFE111280106505000919;B0BDDED34CC83E11052F6792C000B249;2025-06-10;0.0;0.0
9B3D0598DF0EEE1191EE1065050029B9;B0BDDED34CC83E11052F6792C000B249;2025-06-10;0.0;0.0
C072DC754D85EE1191EE10650500F4B9;B0BDDED34CC83E11052F6792C000B249;2025-06-10;0.0;0.0
EEEE801AE9DEEE1191EE1065050029B9;B0BDDED34CC83E11052F6792C000B249;2025-06-10;0.0;0.0
0AFD87DD640D9E11726010650500F94A;B0BDDED34CC83E11052F6792C000B249;2025-06-10;0.0;0.0
420181BB9D1DDE11406610650500164A;B0BDDED34CC83E11052F6792C000B249;2025-06-10;0.0;0.0
DDFE9F4455D6EE1191EE1065050096B9;FC081C55582CED11A62CD892C0003F2A;2025-06-10;0.0;0.0
D7FB1E07008F3E11F7F68A650500DB08;FC081C55582CED11A62CD892C0003F2A;2025-06-10;-14.0;-5273.6
668904ECAD62FE1191EE10650500FCB9;FC081C55582CED11A62CD892C0003F2A;2025-06-10;8.0;818.64
421822AAF192FE1191EE106505002DB9;FC081C55582CED11A62CD892C0003F2A;2025-06-10;48.0;3898.56
D72822AAF192FE1191EE106505002DB9;FC081C55582CED11A62CD892C0003F2A;2025-06-10;48.0;3950.88
A4CDABCB78A05E1142D58A650500BC08;44673735EAF46E11B7B78A650500BC08;2025-06-10;6.0;5160.0
E91A4E5D1D456E11B7B78A650500BC08;44673735EAF46E11B7B78A650500BC08;2025-06-10;-4.0;-14708.0
ACABDB0D222DFE11F1557891FE69A389;FC081C55582CED11A62CD892C0003F2A;2025-06-10;10.0;759.12
6ECFE5548C88EE1191EE1065050098B9;B0BDDED34CC83E11052F6792C000B249;2025-06-10;0.0;0.0
4EF6AD764D4EFE11F1557891FE692589;FC081C55582CED11A62CD892C0003F2A;2025-06-10;6.0;2007.44
8686AD764D4EFE11F1557891FE692589;B0BDDED34CC83E11052F6792C000B249;2025-06-10;6.0;2007.44
C0B8BE46AF6DFE11F1557891FE690489;FC081C55582CED11A62CD892C0003F2A;2025-06-10;8.0;957.6
543F335EEB6DFE11F1557891FE690489;FC081C55582CED11A62CD892C0003F2A;2025-06-10;4.0;1039.6
F9FFEEF23E405E1142D58A650500BC08;FC081C55582CED11A62CD892C0003F2A;2025-06-10;4.0;639.6
3DBD62ACDC79EE1191EE1065050009B9;44673735EAF46E11B7B78A650500BC08;2025-06-10;0.0;0.0
94F65BF6CB70DE11ADB3106505004BB8;44673735EAF46E11B7B78A650500BC08;2025-06-10;12.0;16785.28
505764FBF7138E110223BB6505005BAA;FC081C55582CED11A62CD892C0003F2A;2025-06-10;4.0;500.0
EF3BA4B818138E110223BB6505005BAA;FC081C55582CED11A62CD892C0003F2A;2025-06-10;4.0;500.0
973F37C608138E110223BB6505005BAA;FC081C55582CED11A62CD892C0003F2A;2025-06-10;6.0;750.0
227770F124789E11525010650500D84A;FC081C55582CED11A62CD892C0003F2A;2025-06-10;68.0;1282.48
FCEC30D9A257DE11C846106505008F6A;FC081C55582CED11A62CD892C0003F2A;2025-06-10;48.0;1224.0
2DD7C50AF502AE11726010650500605A;44673735EAF46E11B7B78A650500BC08;2025-06-10;-8.0;-828.96
62D988FE84F59E11554010650500204B;44673735EAF46E11B7B78A650500BC08;2025-06-10;40.0;4382.0
B392D63AE277CE11ADB3106505000FA8;FC081C55582CED11A62CD892C0003F2A;2025-06-10;-2.0;-955.92
7F925E31A4A4FE1191EE10650500FFB9;FC081C55582CED11A62CD892C0003F2A;2025-06-10;-6.0;-1669.36
8F3C321BD77A9E115250106505007B4A;FC081C55582CED11A62CD892C0003F2A;2025-06-10;-2.0;-559.42
0A755B6C76070E11A4A96492C000EC6A;FC081C55582CED11A62CD892C0003F2A;2025-06-10;-2.0;-248.2
38133FAD632ECE11ADB310650500F7B8;FC081C55582CED11A62CD892C0003F2A;2025-06-10;16.0;4592.0
6B8AD1E56AD7CE11ADB3106505008FA8;44673735EAF46E11B7B78A650500BC08;2025-06-10;6.0;23262.88
D61C26490EDFDE11406610650500B94A;44673735EAF46E11B7B78A650500BC08;2025-06-10;10.0;13315.380000000001
0EE904AF6F6DFE11F1557891FE690489;44673735EAF46E11B7B78A650500BC08;2025-06-10;14.0;5879.14
70AF17A33765DE11ADB310650500D1C8;FC081C55582CED11A62CD892C0003F2A;2025-06-10;12.0;1391.04
80299D55B5A0AE11726010650500AE4A;B0BDDED34CC83E11052F6792C000B249;2025-06-10;6.0;1404.0
E9C185AD1DC97E110819BB65050019AA;44673735EAF46E11B7B78A650500BC08;2025-06-10;-26.0;-1834.5600000000002
05AFB34C6628CE11ADB310650500EFA8;44673735EAF46E11B7B78A650500BC08;2025-06-10;-2.0;-267.0
8E6E948E05B4DE11ADB310650500F0C8;44673735EAF46E11B7B78A650500BC08;2025-06-10;-2.0;-116.16
6D12E924262FFE11F1557891FE693689;44673735EAF46E11B7B78A650500BC08;2025-06-10;-6.0;-1204.1999999999998
C266E415AA79DE11406610650500414A;44673735EAF46E11B7B78A650500BC08;2025-06-10;-2.0;-337.0
8BF727F18754EE11B1AD10650500C7EA;44673735EAF46E11B7B78A650500BC08;2025-06-10;-2.0;-168.3
BB6562D6E770BE11BE2110650500F55A;44673735EAF46E11B7B78A650500BC08;2025-06-10;-2.0;-26.96
E6E5E0944E456E11B7B78A650500BC08;44673735EAF46E11B7B78A650500BC08;2025-06-10;-20.0;-1210.62
E6F5C1F49C456E11B7B78A650500BC08;44673735EAF46E11B7B78A650500BC08;2025-06-10;-14.0;-203.34
9C500F5D4F456E11B7B78A650500BC08;44673735EAF46E11B7B78A650500BC08;2025-06-10;-8.0;-296.84
69D8E87694CFEE1191EE1065050099B9;44673735EAF46E11B7B78A650500BC08;2025-06-10;-2.0;-678.08
9BD555249C456E11B7B78A650500BC08;44673735EAF46E11B7B78A650500BC08;2025-06-10;-8.0;-81.92
1053C097DB41BE11BE2110650500075A;44673735EAF46E11B7B78A650500BC08;2025-06-10;-6.0;-312.36
D7B955C12D937E11B7B78A650500DD08;44673735EAF46E11B7B78A650500BC08;2025-06-10;-2.0;-1155.18
CAE699AFEDD97E110819BB65050019AA;44673735EAF46E11B7B78A650500BC08;2025-06-10;-4.0;-1159.44
844000D3FBCEAE11BE2110650500D35A;44673735EAF46E11B7B78A650500BC08;2025-06-10;-2.0;-84.0
99D1EFF1B0A1EE11406610650500FB4A;44673735EAF46E11B7B78A650500BC08;2025-06-10;-2.0;-558.08
62469E05C11A8E11F243BB650500304B;44673735EAF46E11B7B78A650500BC08;2025-06-10;-2.0;-105.98
BA98531A3734DE11ADB31065050050C8;44673735EAF46E11B7B78A650500BC08;2025-06-10;-6.0;-894.0
7F9760CE1A7D2E11052F6792C000CF39;44673735EAF46E11B7B78A650500BC08;2025-06-10;-2.0;-77.0
188BDF31DAD0FE1191EE10650500FAB9;44673735EAF46E11B7B78A650500BC08;2025-06-10;-2.0;-168.04
6A243917D004FE1191EE106505001FB9;44673735EAF46E11B7B78A650500BC08;2025-06-10;-8.0;-754.76
236B0A42721A8E11F243BB650500304B;44673735EAF46E11B7B78A650500BC08;2025-06-10;-4.0;-197.04
21911B48466BDE11406610650500D34A;44673735EAF46E11B7B78A650500BC08;2025-06-10;-2.0;-92.16
FEC85311C11A8E11F243BB650500304B;44673735EAF46E11B7B78A650500BC08;2025-06-10;-2.0;-27.62
7B848DB2E0DCDE11406610650500B54A;44673735EAF46E11B7B78A650500BC08;2025-06-10;-20.0;-2360.0
BFA0D48D37E8EE1191EE1065050009B9;44673735EAF46E11B7B78A650500BC08;2025-06-10;-2.0;-1760.0
73ABBE73C1567E11B7B78A650500ED08;44673735EAF46E11B7B78A650500BC08;2025-06-10;-2.0;-513.44
19FF4A7A9DB6EE1191EE1065050076B9;44673735EAF46E11B7B78A650500BC08;2025-06-10;-2.0;-141.12
2A27DB9F4D456E11B7B78A650500BC08;44673735EAF46E11B7B78A650500BC08;2025-06-10;-8.0;-278.08
87177591BA66CE11ADB310650500BDA8;44673735EAF46E11B7B78A650500BC08;2025-06-10;-2.0;-819.74
79100EB1E2447E11B7B78A650500ED08;44673735EAF46E11B7B78A650500BC08;2025-06-10;-4.0;-130.72
5FC53B86878DAE11BE2110650500325A;44673735EAF46E11B7B78A650500BC08;2025-06-10;-4.0;-343.52
EE990BED90CAED11A62CD892C0003F2A;44673735EAF46E11B7B78A650500BC08;2025-06-10;-8.0;-1440.0
3BE67D317183FE1191EE106505007EB9;44673735EAF46E11B7B78A650500BC08;2025-06-10;-4.0;-251.02
FC2E65DAF998EE1191EE10650500A8B9;44673735EAF46E11B7B78A650500BC08;2025-06-10;-6.0;-878.0
F6F30411FDCDDE11406610650500F64A;44673735EAF46E11B7B78A650500BC08;2025-06-10;-2.0;-337.0
321991B0E6E7CE11ADB3106505009FA8;44673735EAF46E11B7B78A650500BC08;2025-06-10;-2.0;-136.0
E545B2E38044FE1191EE106505006FB9;44673735EAF46E11B7B78A650500BC08;2025-06-10;-2.0;-179.14
F404885023DB8E11F243BB650500724B;44673735EAF46E11B7B78A650500BC08;2025-06-10;-16.0;-712.8
D8EBE0F05980FE1191EE106505008AB9;44673735EAF46E11B7B78A650500BC08;2025-06-10;-4.0;-559.64
72AEB1B0C11A8E11F243BB650500304B;44673735EAF46E11B7B78A650500BC08;2025-06-10;-4.0;-68.88
DB6CD3F9577F8E11F243BB650500A74B;44673735EAF46E11B7B78A650500BC08;2025-06-10;-2.0;-127.22
B3390B7886AA7E110819BB65050039AA;44673735EAF46E11B7B78A650500BC08;2025-06-10;-2.0;-300.34
2A16E1512D456E11B7B78A650500BC08;44673735EAF46E11B7B78A650500BC08;2025-06-10;-6.0;-840.0
A124E50E08449E11554010650500ED3B;44673735EAF46E11B7B78A650500BC08;2025-06-10;-4.0;-196.66
A5F30411FDCDDE11406610650500F64A;44673735EAF46E11B7B78A650500BC08;2025-06-10;-2.0;-298.0
4C26195195D3EE11B1AD1065050027EA;44673735EAF46E11B7B78A650500BC08;2025-06-10;-2.0;-183.32
67DF8B324790DE11ADB3106505006BB8;44673735EAF46E11B7B78A650500BC08;2025-06-10;-12.0;-568.04
A3D9992DC2EFFE11F1557891FE692789;44673735EAF46E11B7B78A650500BC08;2025-06-10;-2.0;-368.06
8A1117FDF9456E11B7B78A650500BC08;44673735EAF46E11B7B78A650500BC08;2025-06-10;-6.0;-296.54
A624D5E2AEEBCE11ADB310650500E4B8;44673735EAF46E11B7B78A650500BC08;2025-06-10;-8.0;-229.88
C474163B30556E11B7B78A650500BC08;44673735EAF46E11B7B78A650500BC08;2025-06-10;-2.0;-180.98
F3F7BAF94D417E11B7B78A650500CD08;44673735EAF46E11B7B78A650500BC08;2025-06-10;-2.0;-87.84
381225E676A1CE11877210650500C369;44673735EAF46E11B7B78A650500BC08;2025-06-10;-2.0;-790.0
5DF3E4246FFEFE11F1557891FE690689;44673735EAF46E11B7B78A650500BC08;2025-06-10;-2.0;-110.0
63C0462596C0DE11ADB310650500ABB8;44673735EAF46E11B7B78A650500BC08;2025-06-10;-2.0;-200.0
0D0589672C8EAE11BE2110650500835A;44673735EAF46E11B7B78A650500BC08;2025-06-10;-2.0;-465.22
38DA5648DA5F3E11F7F68A650500DB08;44673735EAF46E11B7B78A650500BC08;2025-06-10;-2.0;-115.56
AE0039F34D456E11B7B78A650500BC08;44673735EAF46E11B7B78A650500BC08;2025-06-10;-2.0;-253.8
1B8D326ED6568E11F243BB6505007B3B;44673735EAF46E11B7B78A650500BC08;2025-06-10;-2.0;-122.12
FCD2D9C031A9EE1191EE1065050009B9;44673735EAF46E11B7B78A650500BC08;2025-06-10;-4.0;-310.76
94303E5412EC6E11B7B78A650500BC08;44673735EAF46E11B7B78A650500BC08;2025-06-10;-4.0;-333.66
C88BE0D1490FEE1191EE1065050029B9;44673735EAF46E11B7B78A650500BC08;2025-06-10;-8.0;-36.94
566E904DC1CADE11406610650500F24A;44673735EAF46E11B7B78A650500BC08;2025-06-10;-6.0;-3234.02
0E74C9EE00300F11F1557891FE698789;44673735EAF46E11B7B78A650500BC08;2025-06-10;-2.0;-596.26
87B995D2BC1EFE11F1557891FE69E489;44673735EAF46E11B7B78A650500BC08;2025-06-10;-2.0;-179.0
CD4A76D36D7DBE118772106505007E59;44673735EAF46E11B7B78A650500BC08;2025-06-10;-2.0;-182.0
F4F75042DD456E11B7B78A650500BC08;44673735EAF46E11B7B78A650500BC08;2025-06-10;-2.0;-1414.0
B0B500D55AE66E11B7B78A650500BC08;44673735EAF46E11B7B78A650500BC08;2025-06-10;-2.0;-60.4
10B210CC4CA8FE11128010650500D819;44673735EAF46E11B7B78A650500BC08;2025-06-10;-4.0;-298.98
061D8523891CFE111280106505000919;44673735EAF46E11B7B78A650500BC08;2025-06-10;-2.0;-366.0
567C8EE9F7BAFE11128010650500E819;44673735EAF46E11B7B78A650500BC08;2025-06-10;-2.0;-51.0
A66210CC4CA8FE11128010650500D819;44673735EAF46E11B7B78A650500BC08;2025-06-10;-4.0;-283.74
6433DB5453E58E11F243BB650500DA3B;44673735EAF46E11B7B78A650500BC08;2025-06-10;-8.0;-120.56
D3A9A415F9D2DE11ADB3106505007EB8;44673735EAF46E11B7B78A650500BC08;2025-06-10;-20.0;-440.0
9A2820AD7A819E11F243BB6505004A4B;44673735EAF46E11B7B78A650500BC08;2025-06-10;-2.0;-234.0
D0DF7E1A3694BE11BE21106505003B5A;44673735EAF46E11B7B78A650500BC08;2025-06-10;-8.0;-1295.16
7C4970F1B4677E110819BB650500E8AA;44673735EAF46E11B7B78A650500BC08;2025-06-10;-4.0;-640.0
D6303B9DCB020F114EF7A826072B1A89;44673735EAF46E11B7B78A650500BC08;2025-06-10;-2.0;-146.0
7E02A93BC7E10F114EF7A826072BE989;44673735EAF46E11B7B78A650500BC08;2025-06-10;-2.0;-271.3
F1B16BEEDC410F11112A674AC7E21989;44673735EAF46E11B7B78A650500BC08;2025-06-10;-2.0;-620.06
2AD265DC9AB6DE11C84610650500CE6A;44673735EAF46E11B7B78A650500BC08;2025-06-10;-2.0;-786.0
A937F8964C456E11B7B78A650500BC08;44673735EAF46E11B7B78A650500BC08;2025-06-10;-2.0;-100.92
9D68FCBE5F2FAE11BE2110650500545A;44673735EAF46E11B7B78A650500BC08;2025-06-10;-2.0;-808.0
2562A2F5D1F17E11B7B78A650500CD08;44673735EAF46E11B7B78A650500BC08;2025-06-10;-2.0;-32.94
D62980E27046AE11BE2110650500F84A;44673735EAF46E11B7B78A650500BC08;2025-06-10;-2.0;-84.7
6E782E50DBBE9E117260106505003C4A;44673735EAF46E11B7B78A650500BC08;2025-06-10;-2.0;-986.68
9EB47197179A7E110819BB65050039AA;44673735EAF46E11B7B78A650500BC08;2025-06-10;-2.0;-750.0
D110A3F7D4A7CE11ADB3106505004FA8;44673735EAF46E11B7B78A650500BC08;2025-06-10;-2.0;-1039.76
010E98BA2B9FFE11F1557891FE69C689;44673735EAF46E11B7B78A650500BC08;2025-06-10;-2.0;-684.72
88463EB6CBA5FE1191EE1065050041C9;44673735EAF46E11B7B78A650500BC08;2025-06-10;-2.0;-526.0
92500F37118C7E110819BB65050039AA;44673735EAF46E11B7B78A650500BC08;2025-06-10;-4.0;-2448.0
110092A08D456E11B7B78A650500BC08;44673735EAF46E11B7B78A650500BC08;2025-06-10;-2.0;-177.6
372B6357AC456E11B7B78A650500BC08;44673735EAF46E11B7B78A650500BC08;2025-06-10;-2.0;-1306.66
D88F65B12D456E11B7B78A650500BC08;44673735EAF46E11B7B78A650500BC08;2025-06-10;-40.0;-880.0
AD4EF1BF06CCDE11406610650500A54A;44673735EAF46E11B7B78A650500BC08;2025-06-10;-4.0;-1660.0
D3F6A7DF9BF08E110819BB65050039AA;44673735EAF46E11B7B78A650500BC08;2025-06-10;-2.0;-123.86
964B5A1C66CFAE11BE2110650500155A;44673735EAF46E11B7B78A650500BC08;2025-06-10;-4.0;-500.92
3AFE6DB100E9DE11406610650500C14A;44673735EAF46E11B7B78A650500BC08;2025-06-10;-2.0;-187.08
9E86D93AC894BE11BE21106505003B5A;44673735EAF46E11B7B78A650500BC08;2025-06-10;-4.0;-640.0
3712F1EB8F5DAE11BE2110650500025A;44673735EAF46E11B7B78A650500BC08;2025-06-10;-2.0;-3114.0
E9ECEE54CE0BEE1191EE1065050029B9;44673735EAF46E11B7B78A650500BC08;2025-06-10;-2.0;-131.74
9E263F674879DE11406610650500414A;44673735EAF46E11B7B78A650500BC08;2025-06-10;-2.0;-628.8
C95954CF76018E110819BB65050039AA;44673735EAF46E11B7B78A650500BC08;2025-06-10;-4.0;-252.52
EFC6EFFDFB456E11B7B78A650500BC08;44673735EAF46E11B7B78A650500BC08;2025-06-10;-2.0;-7056.0
F4A64256B8AFDE11406610650500794A;FC081C55582CED11A62CD892C0003F2A;2025-06-10;-2.0;-24.02
AEDF67094AFEDE11406610650500984A;FC081C55582CED11A62CD892C0003F2A;2025-06-10;-2.0;-39.26
E9D34F404EB88E11F243BB6505008E3B;FC081C55582CED11A62CD892C0003F2A;2025-06-10;-2.0;-59.14
BCA9CF4E6BBD3E11052F6792C000D249;FC081C55582CED11A62CD892C0003F2A;2025-06-10;-2.0;-30.14
F570B49806A17E11B7B78A650500CD08;FC081C55582CED11A62CD892C0003F2A;2025-06-10;-4.0;-36.8
F9A1D2CACCA3DE11ADB3106505008FB8;FC081C55582CED11A62CD892C0003F2A;2025-06-10;-2.0;-66.58
4E2438C92277BE11877210650500C659;FC081C55582CED11A62CD892C0003F2A;2025-06-10;-2.0;-138.48
4B58DBE1689D7E110819BB65050039AA;FC081C55582CED11A62CD892C0003F2A;2025-06-10;-2.0;-116.48
1890516A93C1CE11877210650500E369;FC081C55582CED11A62CD892C0003F2A;2025-06-10;-2.0;-36.7
6732DB0D8F74FE1191EE10650500CFB9;FC081C55582CED11A62CD892C0003F2A;2025-06-10;-2.0;-123.6
86A7375E689D7E110819BB65050039AA;FC081C55582CED11A62CD892C0003F2A;2025-06-10;-2.0;-94.26
7E668584DD55EE11B1AD1065050029EA;FC081C55582CED11A62CD892C0003F2A;2025-06-10;-2.0;-189.44
0A282CFF889D7E110819BB65050039AA;FC081C55582CED11A62CD892C0003F2A;2025-06-10;-6.0;-331.5
739729D7484BBE11877210650500AB59;FC081C55582CED11A62CD892C0003F2A;2025-06-10;-2.0;-12.76
FE6EB68DD1C67E11B7B78A650500ED08;FC081C55582CED11A62CD892C0003F2A;2025-06-10;-4.0;-150.32
E9E790703FE58E11F243BB650500EA3B;FC081C55582CED11A62CD892C0003F2A;2025-06-10;-2.0;-105.98
B585D8268BB88E11F243BB6505008E3B;FC081C55582CED11A62CD892C0003F2A;2025-06-10;-2.0;-128.68
E42AAE4708A0EE11406610650500BA4A;FC081C55582CED11A62CD892C0003F2A;2025-06-10;-2.0;-1228.96
5A41F86E15781E1143F0668E42006B8B;FC081C55582CED11A62CD892C0003F2A;2025-06-10;-2.0;-492.26
4A1970C9A1DCFD11A4A96492C000CB59;FC081C55582CED11A62CD892C0003F2A;2025-06-10;-2.0;-276.28
66A5D3699C738E117E64BB650500CBAA;FC081C55582CED11A62CD892C0003F2A;2025-06-10;-2.0;-189.38
970DED0C933CBE11877210650500DC59;FC081C55582CED11A62CD892C0003F2A;2025-06-10;-2.0;-321.88
9AA9440FED71FE1191EE10650500CBB9;FC081C55582CED11A62CD892C0003F2A;2025-06-10;-2.0;-199.58
D344D13BB7EA0E11A4A96492C0001269;FC081C55582CED11A62CD892C0003F2A;2025-06-10;-4.0;-747.2
DD048979F7BAFE11128010650500E819;FC081C55582CED11A62CD892C0003F2A;2025-06-10;-2.0;-102.0
5C63DD9371491E1143F0668E42006B8B;FC081C55582CED11A62CD892C0003F2A;2025-06-10;-10.0;-959.2
AE19021D75310F11112A674AC7E2F889;FC081C55582CED11A62CD892C0003F2A;2025-06-10;-8.0;-591.26
F905B5273705EE11B1AD10650500A8EA;FC081C55582CED11A62CD892C0003F2A;2025-06-10;-2.0;-305.1
8D988563B0566E11B7B78A650500BC08;FC081C55582CED11A62CD892C0003F2A;2025-06-10;-4.0;-899.12
346A6C173D027E11B7B78A650500CD08;FC081C55582CED11A62CD892C0003F2A;2025-06-10;-2.0;-189.7
6A32F2340F0EEE1191EE1065050029B9;FC081C55582CED11A62CD892C0003F2A;2025-06-10;-4.0;-479.92
1BDFAF65A0FFFE11F1557891FE693789;FC081C55582CED11A62CD892C0003F2A;2025-06-10;-2.0;-293.48
10BC1FE758EBFE111280106505000919;FC081C55582CED11A62CD892C0003F2A;2025-06-10;-2.0;-912.18
67FD07A3698DFE11F1557891FE692489;FC081C55582CED11A62CD892C0003F2A;2025-06-10;-2.0;-142.18
540EF294E0758E113835BB6505004EAA;FC081C55582CED11A62CD892C0003F2A;2025-06-10;-2.0;-496.4
1DAEBE2097A20E11A4A96492C00008E9;FC081C55582CED11A62CD892C0003F2A;2025-06-10;-2.0;-184.0
AFF0C7FFF0CAED11A62CD892C0003F2A;FC081C55582CED11A62CD892C0003F2A;2025-06-10;-2.0;-245.62
2148978EF4B4DE11ADB310650500F0C8;FC081C55582CED11A62CD892C0003F2A;2025-06-10;-6.0;-348.48
D653C6DFF0993E11052F6792C000D249;FC081C55582CED11A62CD892C0003F2A;2025-06-10;-2.0;-537.0
725573D32273EE11B1AD10650500A6EA;FC081C55582CED11A62CD892C0003F2A;2025-06-10;-4.0;-327.32
535C38ACF77CCE11ADB310650500B5B8;FC081C55582CED11A62CD892C0003F2A;2025-06-10;-6.0;-218.64
B51A958001CAED11A62CD892C0003F2A;FC081C55582CED11A62CD892C0003F2A;2025-06-10;-6.0;-308.18
DBFE181D6BA4DE11ADB310650500E0C8;FC081C55582CED11A62CD892C0003F2A;2025-06-10;-4.0;-524.74
8765B5E89B547E11B7B78A650500ED08;FC081C55582CED11A62CD892C0003F2A;2025-06-10;-2.0;-767.42
043077E71C2EFE11F1557891FE69F489;FC081C55582CED11A62CD892C0003F2A;2025-06-10;-2.0;-132.0
87E018F1486BFE111280106505000919;FC081C55582CED11A62CD892C0003F2A;2025-06-10;-2.0;-409.4
327785D8D0CAED11A62CD892C0003F2A;FC081C55582CED11A62CD892C0003F2A;2025-06-10;-2.0;-815.2
7904541A2E456E11B7B78A650500BC08;FC081C55582CED11A62CD892C0003F2A;2025-06-10;-2.0;-390.0
E66C3997B34C2E11052F6792C000CF39;FC081C55582CED11A62CD892C0003F2A;2025-06-10;-4.0;-569.6
DEF067C899E4DE11ADB31065050031C8;FC081C55582CED11A62CD892C0003F2A;2025-06-10;-2.0;-295.56
A2B392074B90AE117260106505009E4A;FC081C55582CED11A62CD892C0003F2A;2025-06-10;-2.0;-431.86
55FBE33DB7329E115540106505004B3B;FC081C55582CED11A62CD892C0003F2A;2025-06-10;-2.0;-1684.1
14788295AE9BBE118772106505001C59;FC081C55582CED11A62CD892C0003F2A;2025-06-10;-2.0;-78.12
7048225BA968FE11128010650500D819;FC081C55582CED11A62CD892C0003F2A;2025-06-10;-6.0;-826.2
AEDC4EE7A0CAED11A62CD892C0003F2A;FC081C55582CED11A62CD892C0003F2A;2025-06-10;-8.0;-803.32
63F2C550069CEE1191EE1065050029B9;FC081C55582CED11A62CD892C0003F2A;2025-06-10;-2.0;-142.84
FF96B7DB01CAED11A62CD892C0003F2A;FC081C55582CED11A62CD892C0003F2A;2025-06-10;-2.0;-224.7
4F8DE472E0CAED11A62CD892C0003F2A;FC081C55582CED11A62CD892C0003F2A;2025-06-10;-2.0;-517.0
6FA86E4A43E3DE11ADB310650500CFB8;FC081C55582CED11A62CD892C0003F2A;2025-06-10;-2.0;-170.52
1EF6920059393E11052F6792C000D249;FC081C55582CED11A62CD892C0003F2A;2025-06-10;-2.0;-201.84
14B135B1B6E62E1143F0668E420006EB;FC081C55582CED11A62CD892C0003F2A;2025-06-10;-4.0;-354.74
E102D25FFF4A8E11F243BB650500804B;FC081C55582CED11A62CD892C0003F2A;2025-06-10;-2.0;-314.72
568B0DB336257E11B7B78A650500ED08;FC081C55582CED11A62CD892C0003F2A;2025-06-10;-2.0;-960.36
93085DF3CFD68E11F243BB6505002C3B;FC081C55582CED11A62CD892C0003F2A;2025-06-10;-2.0;-255.82
671A19C2B6E66E11B7B78A650500BC08;FC081C55582CED11A62CD892C0003F2A;2025-06-10;-6.0;-392.04
C3C3F6D360FBEE1191EE1065050029B9;FC081C55582CED11A62CD892C0003F2A;2025-06-10;-2.0;-381.52
D8F38758C8049E115540106505009D3B;FC081C55582CED11A62CD892C0003F2A;2025-06-10;-2.0;-488.92
531F756AFB8BDE11406610650500044A;FC081C55582CED11A62CD892C0003F2A;2025-06-10;-2.0;-162.36
85B2D67308E4DE11ADB31065050031C8;FC081C55582CED11A62CD892C0003F2A;2025-06-10;-2.0;-256.58
A62845952442DE11ADB310650500BDB8;FC081C55582CED11A62CD892C0003F2A;2025-06-10;-6.0;-335.4
5101C7FFF0CAED11A62CD892C0003F2A;FC081C55582CED11A62CD892C0003F2A;2025-06-10;-4.0;-303.92
5DA6B3586D4DDE11406610650500564A;FC081C55582CED11A62CD892C0003F2A;2025-06-10;-10.0;-662.5
130DD8C0CCD4DE11ADB31065050021C8;FC081C55582CED11A62CD892C0003F2A;2025-06-10;-2.0;-333.38
EE724BC241CAED11A62CD892C0003F2A;FC081C55582CED11A62CD892C0003F2A;2025-06-10;-2.0;-1654.02
C457D8CC1A5FFE11F1557891FE697689;FC081C55582CED11A62CD892C0003F2A;2025-06-10;-4.0;-265.16
E7E624E8CC8EFE11F1557891FE697589;FC081C55582CED11A62CD892C0003F2A;2025-06-10;-12.0;-720.0
98C9CF7E10439E115540106505009C3B;FC081C55582CED11A62CD892C0003F2A;2025-06-10;-4.0;-379.4
CB2724E8CC8EFE11F1557891FE697589;FC081C55582CED11A62CD892C0003F2A;2025-06-10;-12.0;-700.0
C5F5A0E25988CE11ADB31065050070B8;FC081C55582CED11A62CD892C0003F2A;2025-06-10;-2.0;-275.16
245D730BEF71AE11726010650500BF4A;FC081C55582CED11A62CD892C0003F2A;2025-06-10;-2.0;-293.48
B13242F6104FFE11F1557891FE695689;FC081C55582CED11A62CD892C0003F2A;2025-06-10;-2.0;-22.14
C045435A6BF7FE11128010650500D819;FC081C55582CED11A62CD892C0003F2A;2025-06-10;-2.0;-313.66
B396285BF4E3FE1191EE10650500FEB9;FC081C55582CED11A62CD892C0003F2A;2025-06-10;-2.0;-629.18
EE02AD7036FAEE1191EE1065050029B9;FC081C55582CED11A62CD892C0003F2A;2025-06-10;-2.0;-2225.86
646A9369DD29CE11ADB31065050041B8;FC081C55582CED11A62CD892C0003F2A;2025-06-10;-2.0;-3299.86
24155BD1E08F2E11052F6792C000CF39;FC081C55582CED11A62CD892C0003F2A;2025-06-10;-2.0;-1140.84
D08F42DC7E1ADE11406610650500124A;FC081C55582CED11A62CD892C0003F2A;2025-06-10;-2.0;-839.74
E7653116AB4ACE11ADB310650500B2B8;FC081C55582CED11A62CD892C0003F2A;2025-06-10;-4.0;-209.22
6DAB0F43D0CAED11A62CD892C0003F2A;FC081C55582CED11A62CD892C0003F2A;2025-06-10;-6.0;-487.66
8313C334BD2ECE11ADB31065050008B8;FC081C55582CED11A62CD892C0003F2A;2025-06-10;-2.0;-79.64
2133F6C2D74CDE11406610650500054A;FC081C55582CED11A62CD892C0003F2A;2025-06-10;-2.0;-45.58
C55AC83F914E0E1143F0668E42001D49;FC081C55582CED11A62CD892C0003F2A;2025-06-10;-2.0;-442.8
DD7A82503AC0DE11ADB310650500ABB8;FC081C55582CED11A62CD892C0003F2A;2025-06-10;-6.0;-222.21999999999997
59C0B7EFAA1DFD11A4A96492C000CB59;FC081C55582CED11A62CD892C0003F2A;2025-06-10;-2.0;-286.0
D8445055C2420F114EF7A826072B5A89;FC081C55582CED11A62CD892C0003F2A;2025-06-10;-2.0;-1960.98
6D929C5D463CBE11877210650500DC59;FC081C55582CED11A62CD892C0003F2A;2025-06-10;-4.0;-679.22
4F6C693F24CF9E117260106505008D4A;FC081C55582CED11A62CD892C0003F2A;2025-06-10;-2.0;-152.22
BEE4A3AF1B16EE1191EE10650500B5B9;FC081C55582CED11A62CD892C0003F2A;2025-06-10;-2.0;-468.18
46CFA3470C7DFE1158A3BB3DBE8E1489;FC081C55582CED11A62CD892C0003F2A;2025-06-10;-2.0;-41.0
660CB01370E90E11A4A96492C0001269;FC081C55582CED11A62CD892C0003F2A;2025-06-10;-2.0;-628.64
510EB5DBC2DF4E1142D58A650500BC08;FC081C55582CED11A62CD892C0003F2A;2025-06-10;-2.0;-206.44
58D136B6F8DEEE1191EE1065050029B9;FC081C55582CED11A62CD892C0003F2A;2025-06-10;-2.0;-3551.4
FD0CFF169E675E1142D58A650500DC08;FC081C55582CED11A62CD892C0003F2A;2025-06-10;-2.0;-3976.62
C4BD1CCDE9E2FE1191EE10650500ADB9;FC081C55582CED11A62CD892C0003F2A;2025-06-10;-2.0;-634.86
E9D3AA86C70F9E117260106505009C4A;FC081C55582CED11A62CD892C0003F2A;2025-06-10;-2.0;-151.12
972810EAF8C6DE11C84610650500DE6A;FC081C55582CED11A62CD892C0003F2A;2025-06-10;-4.0;-49.0
C912D50894628E111E1BBB6505007AAA;B0BDDED34CC83E11052F6792C000B249;2025-06-10;-2.0;-333.0
5C6FFA221CA75E1142D58A650500DC08;B0BDDED34CC83E11052F6792C000B249;2025-06-10;-2.0;-260.8
9BEE4A75B6CE8E11F243BB650500C64B;B0BDDED34CC83E11052F6792C000B249;2025-06-10;-4.0;-352.76
95FC551C5BF5CE11ADB3106505007DA8;B0BDDED34CC83E11052F6792C000B249;2025-06-10;-2.0;-1094.6
93CE5D260EDEFE11F1557891FE69D589;B0BDDED34CC83E11052F6792C000B249;2025-06-10;-2.0;-111.88
3B61F8905918DE11C84610650500807A;B0BDDED34CC83E11052F6792C000B249;2025-06-10;-2.0;-846.74
F034436BE358FE11128010650500D819;B0BDDED34CC83E11052F6792C000B249;2025-06-10;-4.0;-55.58
7A0C8AFE43735E1142D58A650500DC08;B0BDDED34CC83E11052F6792C000B249;2025-06-10;-2.0;-169.72
E27D5947E38CDE11406610650500554A;B0BDDED34CC83E11052F6792C000B249;2025-06-10;-2.0;-364.0
BC029BACADBCAE11BE2110650500315A;B0BDDED34CC83E11052F6792C000B249;2025-06-10;-4.0;-981.84
C2C8F81C7578FE11128010650500D819;B0BDDED34CC83E11052F6792C000B249;2025-06-10;-2.0;-171.4
FCD1DC24D1CAED11A62CD892C0003F2A;B0BDDED34CC83E11052F6792C000B249;2025-06-10;-2.0;-92.76
8376033300C80E11A4A96492C0001269;B0BDDED34CC83E11052F6792C000B249;2025-06-10;-30.0;-2818.5
76D0FAA95A530E11A4A96492C00008E9;B0BDDED34CC83E11052F6792C000B249;2025-06-10;-2.0;-352.96
0133F6C2D74CDE11406610650500054A;B0BDDED34CC83E11052F6792C000B249;2025-06-10;-2.0;-45.58
11970D706D399E11525010650500E94A;B0BDDED34CC83E11052F6792C000B249;2025-06-10;-2.0;-151.06
60669C36F3800F11F1557891FE69F789;B0BDDED34CC83E11052F6792C000B249;2025-06-10;-8.0;-49.48
C4DC9914F9A3FE1191EE10650500AEB9;B0BDDED34CC83E11052F6792C000B249;2025-06-10;-2.0;-119.78
3F8150A455639E11554010650500CC3B;B0BDDED34CC83E11052F6792C000B249;2025-06-10;-4.0;-146.66
C420189432A0CE118772106505007269;B0BDDED34CC83E11052F6792C000B249;2025-06-10;-2.0;-31.0
FB2129BDF215EE11B1AD10650500B8EA;B0BDDED34CC83E11052F6792C000B249;2025-06-10;-2.0;-177.18
9EFAB501B0CAED11A62CD892C0003F2A;B0BDDED34CC83E11052F6792C000B249;2025-06-10;-6.0;-275.1
5EA0BB5F01CAED11A62CD892C0003F2A;B0BDDED34CC83E11052F6792C000B249;2025-06-10;-4.0;-368.0
E83F9C0623C50E11A4A96492C00060C8;B0BDDED34CC83E11052F6792C000B249;2025-06-10;-2.0;-379.28
FB0B74D7D0CAED11A62CD892C0003F2A;B0BDDED34CC83E11052F6792C000B249;2025-06-10;-2.0;-253.02
DB4F278C0ADEAE11BE2110650500E35A;B0BDDED34CC83E11052F6792C000B249;2025-06-10;-2.0;-74.3
180519DFC0CAED11A62CD892C0003F2A;B0BDDED34CC83E11052F6792C000B249;2025-06-10;-6.0;-1150.98
548618F44C0D7E110819BB65050039AA;B0BDDED34CC83E11052F6792C000B249;2025-06-10;-2.0;-315.14
8CC025D20273EE11B1AD10650500A6EA;B0BDDED34CC83E11052F6792C000B249;2025-06-10;-2.0;-119.7
17EA1C361195EE1191EE1065050005B9;B0BDDED34CC83E11052F6792C000B249;2025-06-10;-2.0;-62.32
ACF74A7B0321DE11ADB3106505003CB8;B0BDDED34CC83E11052F6792C000B249;2025-06-10;-2.0;-110.0
27B8E75D6345DE11ADB310650500A1C8;B0BDDED34CC83E11052F6792C000B249;2025-06-10;-2.0;-402.9
7FB1F06BD20ADE11406610650500F14A;B0BDDED34CC83E11052F6792C000B249;2025-06-10;-2.0;-206.74
D036D81364FF4E1142D58A650500BC08;B0BDDED34CC83E11052F6792C000B249;2025-06-10;-6.0;-201.46
C98B82692642FE1191EE10650500CCB9;B0BDDED34CC83E11052F6792C000B249;2025-06-10;-4.0;-6649.16
2C24818FED71FE1191EE10650500CBB9;B0BDDED34CC83E11052F6792C000B249;2025-06-10;-2.0;-487.86
B29FCD43A7075E1142D58A650500DC08;B0BDDED34CC83E11052F6792C000B249;2025-06-10;-2.0;-1233.76
1F280D4ACE23FD110DC22A92C000C499;B0BDDED34CC83E11052F6792C000B249;2025-06-10;-4.0;-498.48
5A8889AA63D2FE1191EE106505007DB9;B0BDDED34CC83E11052F6792C000B249;2025-06-10;-16.0;-641.92
33C7E9D701500F11F1557891FE69B789;B0BDDED34CC83E11052F6792C000B249;2025-06-10;-2.0;-2495.22
501539BF01F42E1143F0668E420006EB;B0BDDED34CC83E11052F6792C000B249;2025-06-10;-2.0;-851.6
8B33172986D7CE11ADB3106505008FA8;B0BDDED34CC83E11052F6792C000B249;2025-06-10;-2.0;-131.8
8A4F278C0ADEAE11BE2110650500E35A;B0BDDED34CC83E11052F6792C000B249;2025-06-10;-6.0;-178.32
2772C65EDA3DFE11F1557891FE69C389;B0BDDED34CC83E11052F6792C000B249;2025-06-10;-4.0;-420.0
82C73616F61E4E1142D58A650500BC08;B0BDDED34CC83E11052F6792C000B249;2025-06-10;-2.0;-333.8
797EFBDEFCD2FE1191EE106505009DB9;B0BDDED34CC83E11052F6792C000B249;2025-06-10;-2.0;-231.6
CEE4D31BF6C1EE114066106505003C4A;B0BDDED34CC83E11052F6792C000B249;2025-06-10;-4.0;-333.2
4ED4AF859A1B8E11F243BB650500814B;B0BDDED34CC83E11052F6792C000B249;2025-06-10;-2.0;-2363.34
0CB5D848B1BBEE1191EE1065050029B9;B0BDDED34CC83E11052F6792C000B249;2025-06-10;-4.0;-339.2
B5CC8032A1AFFE11F1557891FE69D689;B0BDDED34CC83E11052F6792C000B249;2025-06-10;-2.0;-55.38
05F5605DD0CAED11A62CD892C0003F2A;B0BDDED34CC83E11052F6792C000B249;2025-06-10;-2.0;-1211.32
5450B5F648A0EE11406610650500BA4A;B0BDDED34CC83E11052F6792C000B249;2025-06-10;-2.0;-82.08
3EC35FC9E6C10E11A4A96492C0002019;B0BDDED34CC83E11052F6792C000B249;2025-06-10;-4.0;-341.56
DDC54CC3F58EFE11F1557891FE696589;B0BDDED34CC83E11052F6792C000B249;2025-06-10;-4.0;-168.0
55A47EAFED71FE1191EE10650500CBB9;B0BDDED34CC83E11052F6792C000B249;2025-06-10;-2.0;-763.92
01F7ACBDCA053E11052F6792C000FF39;B0BDDED34CC83E11052F6792C000B249;2025-06-10;-2.0;-311.54
AF518E303FE2BE11BE2110650500195A;B0BDDED34CC83E11052F6792C000B249;2025-06-10;-2.0;-20.54
4E5EF9CF7DFDCE11ADB310650500C7B8;B0BDDED34CC83E11052F6792C000B249;2025-06-10;-2.0;-48.6
53F62079CE61EE11406610650500BB4A;B0BDDED34CC83E11052F6792C000B249;2025-06-10;-4.0;-26.16
24E672B42AA5FE1191EE1065050041C9;B0BDDED34CC83E11052F6792C000B249;2025-06-10;-2.0;-164.0
F6BA35B36CE1DE11ADB3106505004DB8;B0BDDED34CC83E11052F6792C000B249;2025-06-10;-2.0;-160.14
EA4831D6104FFE11F1557891FE695689;B0BDDED34CC83E11052F6792C000B249;2025-06-10;-2.0;-53.14
6DC20A91FAE1DE11ADB3106505004DB8;B0BDDED34CC83E11052F6792C000B249;2025-06-10;-2.0;-457.58
C1D65036DE75FD110DC22A92C000D158;B0BDDED34CC83E11052F6792C000B249;2025-06-10;-2.0;-45.02
FE5D716FA06C3E11052F6792C000D249;B0BDDED34CC83E11052F6792C000B249;2025-06-10;-4.0;-1276.36
6ED8E69FDAC2DE11ADB3106505006EB8;B0BDDED34CC83E11052F6792C000B249;2025-06-10;-2.0;-123.0
134632E5A36BCE11ADB31065050034B8;B0BDDED34CC83E11052F6792C000B249;2025-06-10;-2.0;-94.0
D26AB7B500556E11B7B78A650500BC08;B0BDDED34CC83E11052F6792C000B249;2025-06-10;-2.0;-220.86
9B26705D2640FE1191EE106505003AB9;B0BDDED34CC83E11052F6792C000B249;2025-06-10;-4.0;-408.0
7B9437400502EE114066106505008C4A;FC081C55582CED11A62CD892C0003F2A;2025-06-10;2.0;438.72
0EA5E4036085FD110DC22A92C000D158;B0BDDED34CC83E11052F6792C000B249;2025-06-10;10.0;1073.44
B096DD9944425E1142D58A650500DC08;B0BDDED34CC83E11052F6792C000B249;2025-06-10;10.0;1032.22
55735F635872EE114066106505001D4A;B0BDDED34CC83E11052F6792C000B249;2025-06-10;10.0;1527.66
4FF822A564DF6E11B7B78A650500CD08;B0BDDED34CC83E11052F6792C000B249;2025-06-10;8.0;551.08
A29DE472E0CAED11A62CD892C0003F2A;FC081C55582CED11A62CD892C0003F2A;2025-06-10;8.0;3176.16
DF6785D8D0CAED11A62CD892C0003F2A;FC081C55582CED11A62CD892C0003F2A;2025-06-10;8.0;1954.58
C4C5F1DC01CAED11A62CD892C0003F2A;FC081C55582CED11A62CD892C0003F2A;2025-06-10;6.0;2225.44
B0A6B7DB01CAED11A62CD892C0003F2A;FC081C55582CED11A62CD892C0003F2A;2025-06-10;20.0;2245.58
414EE78DC4F8AE11BE21106505006C4A;FC081C55582CED11A62CD892C0003F2A;2025-06-10;12.0;21986.94
8D7A56F8FE3CEE1191EE1065050029B9;44673735EAF46E11B7B78A650500BC08;2025-06-10;0.0;0.0
3EA23C34CC22AE11726010650500905A;44673735EAF46E11B7B78A650500BC08;2025-06-10;0.0;0.0
5D9E767F066E9E11726010650500CB4A;44673735EAF46E11B7B78A650500BC08;2025-06-10;0.0;0.0
381862CB378C9E11726010650500594A;FC081C55582CED11A62CD892C0003F2A;2025-06-10;6.0;2229.3999999999996
FE4D0478A66E0E1143F0668E42001D49;B0BDDED34CC83E11052F6792C000B249;2025-06-10;40.0;4520.0
4525A9D094520F114EF7A826072B7A89;FC081C55582CED11A62CD892C0003F2A;2025-06-10;2.0;1380.18
72A477F094520F114EF7A826072B7A89;FC081C55582CED11A62CD892C0003F2A;2025-06-10;4.0;3057.62
CFE9CAB8E770BE11BE2110650500F55A;44673735EAF46E11B7B78A650500BC08;2025-06-10;18.0;1265.28
2FCBC46F2C456E11B7B78A650500BC08;44673735EAF46E11B7B78A650500BC08;2025-06-10;40.0;11004.980000000001
FEB6649C3C70DE11ADB3106505004BB8;44673735EAF46E11B7B78A650500BC08;2025-06-10;40.0;10671.76
464CDF4C3C456E11B7B78A650500BC08;44673735EAF46E11B7B78A650500BC08;2025-06-10;20.0;5981.96
4DC4776C1ED97E110819BB65050019AA;44673735EAF46E11B7B78A650500BC08;2025-06-10;32.0;5919.16
4199B0CC30F5CE11ADB3106505006DA8;44673735EAF46E11B7B78A650500BC08;2025-06-10;20.0;3172.0
E2613EA650420F114EF7A826072B5A89;44673735EAF46E11B7B78A650500BC08;2025-06-10;8.0;679.3
1ADF92728C456E11B7B78A650500BC08;44673735EAF46E11B7B78A650500BC08;2025-06-10;92.0;836.02
3CC5901E320CAE11BE2110650500405A;FC081C55582CED11A62CD892C0003F2A;2025-06-10;46.0;11362.0
6ED8CA5501CAED11A62CD892C0003F2A;44673735EAF46E11B7B78A650500BC08;2025-06-10;12.0;1188.0
1F2EC697F8A30F114EF7A826072B2C89;44673735EAF46E11B7B78A650500BC08;2025-06-10;8.0;940.8
0D95A9D094520F114EF7A826072B7A89;B0BDDED34CC83E11052F6792C000B249;2025-06-10;4.0;2760.34
E8D5A9D094520F114EF7A826072B7A89;B0BDDED34CC83E11052F6792C000B249;2025-06-10;2.0;1380.16
68C6A9D094520F114EF7A826072B7A89;B0BDDED34CC83E11052F6792C000B249;2025-06-10;4.0;2760.34
FD3B97376D530F114EF7A826072BCB89;FC081C55582CED11A62CD892C0003F2A;2025-06-10;40.0;232.12
230B97376D530F114EF7A826072BCB89;44673735EAF46E11B7B78A650500BC08;2025-06-10;40.0;241.5
B53770FFA392FE1191EE106505002DB9;44673735EAF46E11B7B78A650500BC08;2025-06-10;20.0;1651.54
839F91F0F08ADE11406610650500924A;44673735EAF46E11B7B78A650500BC08;2025-06-10;30.0;2998.96
74BEBBF07A89EE1191EE1065050009B9;FC081C55582CED11A62CD892C0003F2A;2025-06-10;4.0;705.2
38663A0FFE9F8E11F243BB650500D74B;B0BDDED34CC83E11052F6792C000B249;2025-06-10;0.0;0.0
FDE3AEF1E30BEE1191EE1065050029B9;B0BDDED34CC83E11052F6792C000B249;2025-06-10;0.0;0.0
FA3F2866D62CFE111280106505000919;B0BDDED34CC83E11052F6792C000B249;2025-06-10;0.0;0.0
74DC7B10BDE1EE114066106505006C4A;FC081C55582CED11A62CD892C0003F2A;2025-06-10;-6.0;-2828.1
85A7DE6B5B185E1142D58A650500DC08;44673735EAF46E11B7B78A650500BC08;2025-06-10;0.0;0.0
4B84A70DAC97DE11C84610650500EF6A;FC081C55582CED11A62CD892C0003F2A;2025-06-10;4.0;1282.36
CEE4D31BF6C1EE114066106505003C4A;44673735EAF46E11B7B78A650500BC08;2025-06-10;36.0;2998.8
F12D6F8747CBCE11ADB310650500B4B8;FC081C55582CED11A62CD892C0003F2A;2025-06-10;0.0;0.0
95D23B27A083FE1191EE106505007EB9;FC081C55582CED11A62CD892C0003F2A;2025-06-10;0.0;0.0
A30D4F96A1130F114EF7A826072B6B89;FC081C55582CED11A62CD892C0003F2A;2025-06-10;0.0;0.0
E21B9856A1130F114EF7A826072B6B89;FC081C55582CED11A62CD892C0003F2A;2025-06-10;0.0;0.0
6EDBEA4BC2FBEE1191EE1065050029B9;FC081C55582CED11A62CD892C0003F2A;2025-06-10;0.0;0.0
5363E5C15D13FE1191EE10650500EDB9;FC081C55582CED11A62CD892C0003F2A;2025-06-10;0.0;0.0
6FF3317E395EDE11406610650500C74A;FC081C55582CED11A62CD892C0003F2A;2025-06-10;0.0;0.0
B842133C6C62FE1191EE10650500FCB9;FC081C55582CED11A62CD892C0003F2A;2025-06-10;0.0;0.0
253F683E40A20F114EF7A826072BDA89;FC081C55582CED11A62CD892C0003F2A;2025-06-10;0.0;0.0
EA90FCFE521ADE11406610650500024A;FC081C55582CED11A62CD892C0003F2A;2025-06-10;0.0;0.0
65628496DD456E11B7B78A650500BC08;44673735EAF46E11B7B78A650500BC08;2025-06-10;6.0;4086.32
95902C50ED456E11B7B78A650500BC08;44673735EAF46E11B7B78A650500BC08;2025-06-10;4.0;1325.42
A82D1E8C65B4DE11ADB310650500F0C8;44673735EAF46E11B7B78A650500BC08;2025-06-10;66.0;4027.3199999999997
4331172115B4DE11ADB310650500F0C8;44673735EAF46E11B7B78A650500BC08;2025-06-10;38.0;2553.6
9C9A321C575FFE11F1557891FE697689;B0BDDED34CC83E11052F6792C000B249;2025-06-10;6.0;1650.0
E000588963039E115540106505004C3B;44673735EAF46E11B7B78A650500BC08;2025-06-10;0.0;0.0
B358344EB11A8E11F243BB650500304B;44673735EAF46E11B7B78A650500BC08;2025-06-10;0.0;0.0
1DF69640EA5D7E110819BB65050039AA;FC081C55582CED11A62CD892C0003F2A;2025-06-10;10.0;1400.0
EE215376AF6DFE11F1557891FE690489;B0BDDED34CC83E11052F6792C000B249;2025-06-10;-4.0;-326.8
EFE914265F66DE11ADB31065050023C8;44673735EAF46E11B7B78A650500BC08;2025-06-10;10.0;3204.92
C486995474054E1142D58A6505002C08;FC081C55582CED11A62CD892C0003F2A;2025-06-10;24.0;1865.28
AD8FC812365FFE11F1557891FE697689;FC081C55582CED11A62CD892C0003F2A;2025-06-10;22.0;1568.1200000000001
ECD58392A1567E11B7B78A650500ED08;44673735EAF46E11B7B78A650500BC08;2025-06-10;-12.0;-751.6800000000001
F344DE59DD7ABE11877210650500AA59;B0BDDED34CC83E11052F6792C000B249;2025-06-10;0.0;0.0
6A34FF7CDD7ABE11877210650500AA59;B0BDDED34CC83E11052F6792C000B249;2025-06-10;0.0;0.0
0252627EFA719E11F243BB6505003A4B;B0BDDED34CC83E11052F6792C000B249;2025-06-10;0.0;0.0
F04D0D04F81CEE1191EE1065050029B9;B0BDDED34CC83E11052F6792C000B249;2025-06-10;0.0;0.0
4B8C54E18120FE1191EE106505000AB9;B0BDDED34CC83E11052F6792C000B249;2025-06-10;0.0;0.0
7ADCB0AF7068FE11128010650500D819;B0BDDED34CC83E11052F6792C000B249;2025-06-10;0.0;0.0
37FEE5DC7A74EE11B1AD10650500F7EA;B0BDDED34CC83E11052F6792C000B249;2025-06-10;0.0;0.0
BF08E772DB297E110819BB65050009AA;B0BDDED34CC83E11052F6792C000B249;2025-06-10;0.0;0.0
1C797DAEC12AFE11128010650500E819;B0BDDED34CC83E11052F6792C000B249;2025-06-10;0.0;0.0
22DDB89479EDFE11F1557891FE69A489;B0BDDED34CC83E11052F6792C000B249;2025-06-10;0.0;0.0
18D2B6FA3D85EE1191EE10650500F4B9;B0BDDED34CC83E11052F6792C000B249;2025-06-10;0.0;0.0
A443D8CD3BE1EE114066106505006C4A;B0BDDED34CC83E11052F6792C000B249;2025-06-10;0.0;-2.2737367544323206e-13
45E97076A709CE11ADB31065050011B8;B0BDDED34CC83E11052F6792C000B249;2025-06-10;0.0;0.0
ACA6DEB6A709CE11ADB31065050011B8;B0BDDED34CC83E11052F6792C000B249;2025-06-10;0.0;0.0
1783B9296622CE118772106505006469;B0BDDED34CC83E11052F6792C000B249;2025-06-10;0.0;0.0
7858A06E250DEE1191EE1065050029B9;B0BDDED34CC83E11052F6792C000B249;2025-06-10;0.0;0.0
67EA5FA18D60BE11BE2110650500E55A;B0BDDED34CC83E11052F6792C000B249;2025-06-10;-2.0;-152.0
60E1A9CB5C3FFE11F1557891FE695689;B0BDDED34CC83E11052F6792C000B249;2025-06-10;0.0;0.0
BA0E3402A89D7E110819BB65050039AA;B0BDDED34CC83E11052F6792C000B249;2025-06-10;0.0;0.0
75F744BE0F72CE11877210650500D469;B0BDDED34CC83E11052F6792C000B249;2025-06-10;0.0;0.0
043442EEEFB9BE11877210650500B959;B0BDDED34CC83E11052F6792C000B249;2025-06-10;0.0;0.0
3A21A9589F09FE11128010650500E819;B0BDDED34CC83E11052F6792C000B249;2025-06-10;20.0;1518.28
68A8CB71EC456E11B7B78A650500BC08;44673735EAF46E11B7B78A650500BC08;2025-06-10;2.0;4617.36
AD1B6CC080E2FE1191EE106505009DB9;FC081C55582CED11A62CD892C0003F2A;2025-06-10;4.0;2033.4
3D061BC39E74FE1191EE10650500CFB9;FC081C55582CED11A62CD892C0003F2A;2025-06-10;18.0;579.7800000000001
38BFB442CDB88E11F243BB6505008E3B;FC081C55582CED11A62CD892C0003F2A;2025-06-10;8.0;118.68
598D11C11B278E11F243BB6505008C3B;FC081C55582CED11A62CD892C0003F2A;2025-06-10;16.0;406.08000000000004
8CA04A2DD8D9BE11877210650500D959;FC081C55582CED11A62CD892C0003F2A;2025-06-10;2.0;521.04
78455C872185EE1191EE10650500E4B9;FC081C55582CED11A62CD892C0003F2A;2025-06-10;0.0;0.0
022056D11F3FBE11877210650500B069;FC081C55582CED11A62CD892C0003F2A;2025-06-10;0.0;0.0
0C899508D1D38E113835BB6505006CAA;FC081C55582CED11A62CD892C0003F2A;2025-06-10;0.0;0.0
DA65897F0256BE118772106505005559;FC081C55582CED11A62CD892C0003F2A;2025-06-10;0.0;0.0
E29F19C48B72FE1191EE106505000DB9;B0BDDED34CC83E11052F6792C000B249;2025-06-10;8.0;5357.44
B096DD9944425E1142D58A650500DC08;44673735EAF46E11B7B78A650500BC08;2025-06-10;10.0;1032.22
4307C51D222DFE11F1557891FE69A389;FC081C55582CED11A62CD892C0003F2A;2025-06-10;20.0;1120.26
58F5F9B888F20F114EF7A826072B4B89;FC081C55582CED11A62CD892C0003F2A;2025-06-10;6.0;2707.88
49F5BCEF58A1CE11877210650500C369;B0BDDED34CC83E11052F6792C000B249;2025-06-10;-18.0;-655.56
6BDAA0425C930F114EF7A826072B1C89;B0BDDED34CC83E11052F6792C000B249;2025-06-10;48.0;3839.04
06087A350DDDFE11F1557891FE699489;FC081C55582CED11A62CD892C0003F2A;2025-06-10;0.0;0.0
A4F533626EA20F114EF7A826072BEA89;FC081C55582CED11A62CD892C0003F2A;2025-06-10;4.0;838.8
3E860F5EEB6DFE11F1557891FE690489;FC081C55582CED11A62CD892C0003F2A;2025-06-10;4.0;719.6
1C0BB911BAF94E1142D58A6505009C08;FC081C55582CED11A62CD892C0003F2A;2025-06-10;2.0;299.8
2088AC04A537BE118772106505007659;FC081C55582CED11A62CD892C0003F2A;2025-06-10;4.0;759.64
2E7EA45992758E113835BB6505004EAA;FC081C55582CED11A62CD892C0003F2A;2025-06-10;-4.0;-291.84
0BAAD47894520F114EF7A826072B7A89;FC081C55582CED11A62CD892C0003F2A;2025-06-10;2.0;1660.0
9669C44B146B3E11052F6792C000D249;44673735EAF46E11B7B78A650500BC08;2025-06-10;36.0;2158.92
3B4F3575178B3E11052F6792C000D249;44673735EAF46E11B7B78A650500BC08;2025-06-10;12.0;731.16
A866BB83F2798E11F243BB6505006F3B;FC081C55582CED11A62CD892C0003F2A;2025-06-10;-2.0;-274.06
901A1F6291CAED11A62CD892C0003F2A;FC081C55582CED11A62CD892C0003F2A;2025-06-10;-2.0;-400.0
3BB997867E089E11554010650500D24B;FC081C55582CED11A62CD892C0003F2A;2025-06-10;12.0;6336.0
2BC3BD2764B13E11052F6792C000CF39;FC081C55582CED11A62CD892C0003F2A;2025-06-10;18.0;9504.0
2ED3F8A3BD74AE11726010650500835A;FC081C55582CED11A62CD892C0003F2A;2025-06-10;10.0;6120.0
02F662639D578E11F243BB650500CC3B;B0BDDED34CC83E11052F6792C000B249;2025-06-10;0.0;0.0
C81C028040CAED11A62CD892C0003F2A;B0BDDED34CC83E11052F6792C000B249;2025-06-10;0.0;0.0
324675368F5BFE111280106505000919;FC081C55582CED11A62CD892C0003F2A;2025-06-10;2.0;819.48
098847966AD7CE11ADB3106505008FA8;44673735EAF46E11B7B78A650500BC08;2025-06-10;6.0;26583.82
FC2D79C12F83AE11726010650500525A;44673735EAF46E11B7B78A650500BC08;2025-06-10;20.0;10566.900000000001
276518D7F245DE11ADB310650500A1C8;FC081C55582CED11A62CD892C0003F2A;2025-06-10;12.0;734.58
667F1E1363F1CE118772106505002469;FC081C55582CED11A62CD892C0003F2A;2025-06-10;6.0;6094.98
B3E1CA4D6D456E11B7B78A650500BC08;44673735EAF46E11B7B78A650500BC08;2025-06-10;-30.0;-663.22
25360C1333D0DE11ADB310650500BBB8;44673735EAF46E11B7B78A650500BC08;2025-06-10;-2.0;-186.76
6B7D6544821A8E11F243BB650500304B;44673735EAF46E11B7B78A650500BC08;2025-06-10;-4.0;-1117.76
D994717AABE4DE11ADB31065050031C8;44673735EAF46E11B7B78A650500BC08;2025-06-10;-4.0;-1119.18
24C9D397E770BE11BE2110650500F55A;44673735EAF46E11B7B78A650500BC08;2025-06-10;-6.0;-853.96
034D7062196BEE1191EE1065050029B9;44673735EAF46E11B7B78A650500BC08;2025-06-10;-2.0;-71.1
3CDEBE2515B4DE11ADB310650500F0C8;44673735EAF46E11B7B78A650500BC08;2025-06-10;-4.0;-268.8
50AA28A04E456E11B7B78A650500BC08;44673735EAF46E11B7B78A650500BC08;2025-06-10;-4.0;-1488.0
E40BACBD2D456E11B7B78A650500BC08;44673735EAF46E11B7B78A650500BC08;2025-06-10;-6.0;-208.20000000000002
D907F943AEEBCE11ADB310650500E4B8;44673735EAF46E11B7B78A650500BC08;2025-06-10;-2.0;-2302.56
04886C40D5385E1142D58A650500DC08;44673735EAF46E11B7B78A650500BC08;2025-06-10;-4.0;-667.6
A1154C352D456E11B7B78A650500BC08;44673735EAF46E11B7B78A650500BC08;2025-06-10;-4.0;-609.6
C38EDC5C9C456E11B7B78A650500BC08;44673735EAF46E11B7B78A650500BC08;2025-06-10;-2.0;-16.42
AE9889072C8EAE11BE2110650500835A;44673735EAF46E11B7B78A650500BC08;2025-06-10;-6.0;-321.21999999999997
4340C10AD1EFAE11BE2110650500355A;44673735EAF46E11B7B78A650500BC08;2025-06-10;-2.0;-410.0
FE7FC8AA466BDE11406610650500D34A;44673735EAF46E11B7B78A650500BC08;2025-06-10;-2.0;-58.54
C3AE95736D7DBE118772106505007E59;44673735EAF46E11B7B78A650500BC08;2025-06-10;-2.0;-170.0
17810056E797FE1191EE10650500C3C9;44673735EAF46E11B7B78A650500BC08;2025-06-10;-2.0;-680.0
7C361686AC456E11B7B78A650500BC08;44673735EAF46E11B7B78A650500BC08;2025-06-10;-10.0;-348.46000000000004
54049FCA8D3A7E110819BB65050039AA;44673735EAF46E11B7B78A650500BC08;2025-06-10;-6.0;-180.24
05BBAF1F6D4DDE11406610650500564A;44673735EAF46E11B7B78A650500BC08;2025-06-10;-4.0;-226.8
D6BCF4881BE66E11B7B78A650500BC08;44673735EAF46E11B7B78A650500BC08;2025-06-10;-4.0;-235.92
7395F55B3BD6AE11BE2110650500B94A;44673735EAF46E11B7B78A650500BC08;2025-06-10;-6.0;-960.0
AEE70492F45AAE11BE21106505002E4A;44673735EAF46E11B7B78A650500BC08;2025-06-10;-2.0;-868.88
AECBC46F2C456E11B7B78A650500BC08;44673735EAF46E11B7B78A650500BC08;2025-06-10;-2.0;-676.48
9E58FF5B85D8CE11ADB310650500D0B8;44673735EAF46E11B7B78A650500BC08;2025-06-10;-2.0;-158.9
7073E631DE866E11B7B78A650500BC08;44673735EAF46E11B7B78A650500BC08;2025-06-10;-2.0;-197.6
1C56653C2B7FAE11BE2110650500B45A;44673735EAF46E11B7B78A650500BC08;2025-06-10;-20.0;-7720.0
9BDDE6F1BA456E11B7B78A650500BC08;44673735EAF46E11B7B78A650500BC08;2025-06-10;-4.0;-125.92
95CA74C7908DCE11ADB31065050017B8;44673735EAF46E11B7B78A650500BC08;2025-06-10;-2.0;-7306.0
1160F5CB3A2E6E11B7B78A6505003D08;44673735EAF46E11B7B78A650500BC08;2025-06-10;-8.0;-832.0
121AA55FC688CE11ADB31065050070B8;44673735EAF46E11B7B78A650500BC08;2025-06-10;-2.0;-74.22
A800D00CAAD17E11B7B78A650500CD08;44673735EAF46E11B7B78A650500BC08;2025-06-10;-2.0;-997.2
ED0CAC04DBAF7E110819BB65050039AA;44673735EAF46E11B7B78A650500BC08;2025-06-10;-24.0;-13055.12
5A03DC6A9C456E11B7B78A650500BC08;44673735EAF46E11B7B78A650500BC08;2025-06-10;-10.0;-1574.8
D25559B666767E11B7B78A650500ED08;44673735EAF46E11B7B78A650500BC08;2025-06-10;-2.0;-230.88
55114DFC0F8BFE111280106505000919;44673735EAF46E11B7B78A650500BC08;2025-06-10;-4.0;-495.38
26B66A281AE66E11B7B78A650500BC08;44673735EAF46E11B7B78A650500BC08;2025-06-10;-2.0;-1256.28
D831728E7C456E11B7B78A650500BC08;44673735EAF46E11B7B78A650500BC08;2025-06-10;-14.0;-2062.56
078979CF390FEE1191EE1065050029B9;44673735EAF46E11B7B78A650500BC08;2025-06-10;-12.0;-144.16
98C33C9DD6568E11F243BB6505007B3B;44673735EAF46E11B7B78A650500BC08;2025-06-10;-4.0;-291.4
56E9A93546A27E11B7B78A650500DD08;44673735EAF46E11B7B78A650500BC08;2025-06-10;-4.0;-158.0
677C451FC688CE11ADB31065050070B8;44673735EAF46E11B7B78A650500BC08;2025-06-10;-2.0;-63.54
620DED1F3C456E11B7B78A650500BC08;44673735EAF46E11B7B78A650500BC08;2025-06-10;-4.0;-680.0
4F9FF7581E5ADE11406610650500624A;44673735EAF46E11B7B78A650500BC08;2025-06-10;-2.0;-195.24
0E601AEF5D94DE11ADB310650500D0C8;44673735EAF46E11B7B78A650500BC08;2025-06-10;-2.0;-182.9
A572CFA08B56BE118772106505006559;44673735EAF46E11B7B78A650500BC08;2025-06-10;-2.0;-4438.84
4928B01D0C5CCE11ADB31065050095B8;44673735EAF46E11B7B78A650500BC08;2025-06-10;-2.0;-615.38
FF9889072C8EAE11BE2110650500835A;44673735EAF46E11B7B78A650500BC08;2025-06-10;-14.0;-515.2
BB99173959B1EE114066106505001C4A;44673735EAF46E11B7B78A650500BC08;2025-06-10;-2.0;-76.26
F744B8D0CF18FE11128010650500D819;44673735EAF46E11B7B78A650500BC08;2025-06-10;-2.0;-1012.0
518E5826E528CE11ADB310650500EFA8;44673735EAF46E11B7B78A650500BC08;2025-06-10;-2.0;-113.48
C46C872F2138CE11ADB310650500FFA8;44673735EAF46E11B7B78A650500BC08;2025-06-10;-2.0;-2382.92
9234C1554A2A9E115250106505001B4A;44673735EAF46E11B7B78A650500BC08;2025-06-10;-4.0;-494.8
CB31F727BCADBE11877210650500BE59;44673735EAF46E11B7B78A650500BC08;2025-06-10;-2.0;-1478.94
13B077DC44E6EE1191EE1065050096B9;44673735EAF46E11B7B78A650500BC08;2025-06-10;-6.0;-258.0
288AC96C066E9E11726010650500CB4A;44673735EAF46E11B7B78A650500BC08;2025-06-10;-2.0;-86.32
A039331F7D456E11B7B78A650500BC08;44673735EAF46E11B7B78A650500BC08;2025-06-10;-2.0;-62.4
BB8A38CA2CFA7E110819BB65050039AA;44673735EAF46E11B7B78A650500BC08;2025-06-10;-2.0;-465.32
8BD2D9C031A9EE1191EE1065050009B9;44673735EAF46E11B7B78A650500BC08;2025-06-10;-2.0;-143.44
5624D5E2AEEBCE11ADB310650500E4B8;44673735EAF46E11B7B78A650500BC08;2025-06-10;-2.0;-425.7
04F7AD160B488E11F243BB650500FD3B;44673735EAF46E11B7B78A650500BC08;2025-06-10;-2.0;-798.0
0FEF367EEB0AFE11128010650500E819;44673735EAF46E11B7B78A650500BC08;2025-06-10;-4.0;-159.2
6A16E1512D456E11B7B78A650500BC08;44673735EAF46E11B7B78A650500BC08;2025-06-10;-12.0;-3912.0
A79EB71C3DE0CE11877210650500D269;44673735EAF46E11B7B78A650500BC08;2025-06-10;-2.0;-655.6
AC26195195D3EE11B1AD1065050027EA;44673735EAF46E11B7B78A650500BC08;2025-06-10;-2.0;-183.32
39448024D004FE1191EE106505001FB9;44673735EAF46E11B7B78A650500BC08;2025-06-10;-2.0;-147.18
7FEA32743E4DDE11406610650500564A;44673735EAF46E11B7B78A650500BC08;2025-06-10;-2.0;-993.0
D0971ECABDB9FE11128010650500E819;44673735EAF46E11B7B78A650500BC08;2025-06-10;-2.0;-338.0
C37EA6598318BE118772106505009759;44673735EAF46E11B7B78A650500BC08;2025-06-10;-2.0;-142.08
94137EBFE6197E110819BB65050009AA;44673735EAF46E11B7B78A650500BC08;2025-06-10;-2.0;-41.92
60F9CAB8E770BE11BE2110650500F55A;44673735EAF46E11B7B78A650500BC08;2025-06-10;-2.0;-18.3
3E2F47E1F6E10F114EF7A826072BE989;44673735EAF46E11B7B78A650500BC08;2025-06-10;-10.0;-990.0
1BEB92E0D2A7FE1191EE10650500D3C9;44673735EAF46E11B7B78A650500BC08;2025-06-10;-2.0;-584.8
A9E5CF7ECAD0FE1191EE10650500FAB9;44673735EAF46E11B7B78A650500BC08;2025-06-10;-4.0;-383.58
257AE3CDCD769E11554010650500D04B;44673735EAF46E11B7B78A650500BC08;2025-06-10;-4.0;-434.6
B03637BE2CE1EE114066106505006C4A;44673735EAF46E11B7B78A650500BC08;2025-06-10;-2.0;-362.4
BFEF2DEF5CFA7E110819BB65050039AA;44673735EAF46E11B7B78A650500BC08;2025-06-10;-4.0;-1257.4
0E9FAD61C550CE118772106505001269;44673735EAF46E11B7B78A650500BC08;2025-06-10;-2.0;-228.2
9FFEDD26973C7E110819BB65050039AA;44673735EAF46E11B7B78A650500BC08;2025-06-10;-2.0;-191.3
20D5DC01B3F2DE11ADB3106505009EB8;44673735EAF46E11B7B78A650500BC08;2025-06-10;-2.0;-318.0
010F84EBBD1EFE11F1557891FE69E489;44673735EAF46E11B7B78A650500BC08;2025-06-10;-2.0;-139.0
6D2B063E9F4BEE1191EE1065050029B9;44673735EAF46E11B7B78A650500BC08;2025-06-10;-4.0;-157.28
F004127797B0FE1191EE10650500CAB9;44673735EAF46E11B7B78A650500BC08;2025-06-10;-2.0;-109.46
BE5D134965B4DE11ADB310650500F0C8;44673735EAF46E11B7B78A650500BC08;2025-06-10;-2.0;-83.24
8874EF736104FE1191EE106505001FB9;44673735EAF46E11B7B78A650500BC08;2025-06-10;-2.0;-411.98
229409CEF9456E11B7B78A650500BC08;44673735EAF46E11B7B78A650500BC08;2025-06-10;-4.0;-460.94
3B913D931589DE11406610650500514A;44673735EAF46E11B7B78A650500BC08;2025-06-10;-2.0;-670.0
C19645C26407DE11C846106505002F6A;44673735EAF46E11B7B78A650500BC08;2025-06-10;-4.0;-576.0
AA5EFD52E0DCDE11406610650500B54A;44673735EAF46E11B7B78A650500BC08;2025-06-10;-200.0;-34891.74
1A55E4C243530F114EF7A826072BBB89;44673735EAF46E11B7B78A650500BC08;2025-06-10;-8.0;-1825.56
59375A67B5EEAE11BE2110650500F35A;44673735EAF46E11B7B78A650500BC08;2025-06-10;-4.0;-240.0
DAA9F45553DB8E11F243BB650500724B;44673735EAF46E11B7B78A650500BC08;2025-06-10;-2.0;-625.92
B51C1CA3F36A6E11B7B78A650500BC08;44673735EAF46E11B7B78A650500BC08;2025-06-10;-2.0;-204.54
862352B9AC456E11B7B78A650500BC08;44673735EAF46E11B7B78A650500BC08;2025-06-10;-8.0;-2052.56
69EC4AF6BA05CE11ADB3106505000DA8;44673735EAF46E11B7B78A650500BC08;2025-06-10;-12.0;-2488.16
7C71AD349F9BCE11ADB31065050084B8;44673735EAF46E11B7B78A650500BC08;2025-06-10;-2.0;-1150.68
ED6F119F6544DE11ADB31065050060C8;44673735EAF46E11B7B78A650500BC08;2025-06-10;-2.0;-579.8
2F8CF45E31C7DE11C84610650500107A;44673735EAF46E11B7B78A650500BC08;2025-06-10;-10.0;-233.68
AC83FE991B2BFE11128010650500E819;44673735EAF46E11B7B78A650500BC08;2025-06-10;-2.0;-120.0
874E46AD76CFAE11BE2110650500155A;44673735EAF46E11B7B78A650500BC08;2025-06-10;-2.0;-325.74
5CFD2D1DCD53BE11BE2110650500A95A;44673735EAF46E11B7B78A650500BC08;2025-06-10;-2.0;-386.64
E0AF38F5A6F5AE11BE2110650500984A;44673735EAF46E11B7B78A650500BC08;2025-06-10;-2.0;-104.88
B8FEB6B0EAF6DE11C846106505001F6A;44673735EAF46E11B7B78A650500BC08;2025-06-10;-2.0;-340.46
D718BFA84333AE11726010650500E15A;44673735EAF46E11B7B78A650500BC08;2025-06-10;-2.0;-19.18
4EB731BB5CDBFE111280106505000919;44673735EAF46E11B7B78A650500BC08;2025-06-10;-6.0;-929.96
AFE931D6104FFE11F1557891FE695689;44673735EAF46E11B7B78A650500BC08;2025-06-10;-2.0;-57.4
03D466C863039E115540106505004C3B;44673735EAF46E11B7B78A650500BC08;2025-06-10;-10.0;-1865.7
A6763C2280A49E115540106505006E3B;44673735EAF46E11B7B78A650500BC08;2025-06-10;-2.0;-886.5
11AF38F5A6F5AE11BE2110650500984A;44673735EAF46E11B7B78A650500BC08;2025-06-10;-2.0;-104.46
1CD555249C456E11B7B78A650500BC08;44673735EAF46E11B7B78A650500BC08;2025-06-10;-8.0;-143.72
25B254D0821A8E11F243BB650500304B;44673735EAF46E11B7B78A650500BC08;2025-06-10;-2.0;-492.04
D4B5B252EA244E1142D58A6505002C08;44673735EAF46E11B7B78A650500BC08;2025-06-10;-4.0;-200.32
6A9D3F4CAD5DEE1191EE1065050029B9;44673735EAF46E11B7B78A650500BC08;2025-06-10;-6.0;-1071.72
597A618FAC456E11B7B78A650500BC08;44673735EAF46E11B7B78A650500BC08;2025-06-10;-2.0;-125.0
9FC3E90E21FA8E11F243BB650500514B;44673735EAF46E11B7B78A650500BC08;2025-06-10;-6.0;-133.14000000000001
4B3E753DC9FB3E11052F6792C000D249;44673735EAF46E11B7B78A650500BC08;2025-06-10;-2.0;-420.4
276CF331BDE7EE1191EE10650500B7B9;44673735EAF46E11B7B78A650500BC08;2025-06-10;-4.0;-93.62
800A07A13D456E11B7B78A650500BC08;44673735EAF46E11B7B78A650500BC08;2025-06-10;-2.0;-140.64
1D8A4C5799815E1142D58A650500BC08;44673735EAF46E11B7B78A650500BC08;2025-06-10;-6.0;-418.74
4C1FF1DEF356DE11ADB31065050003C8;44673735EAF46E11B7B78A650500BC08;2025-06-10;-2.0;-56.0
1CCB17FFD6568E11F243BB6505007B3B;44673735EAF46E11B7B78A650500BC08;2025-06-10;-2.0;-102.82
05CBB776B2C10F114EF7A826072BB989;44673735EAF46E11B7B78A650500BC08;2025-06-10;-2.0;-213.58
799C8EE9F7BAFE11128010650500E819;44673735EAF46E11B7B78A650500BC08;2025-06-10;-4.0;-102.4
4FCB7A20F6197E110819BB65050009AA;44673735EAF46E11B7B78A650500BC08;2025-06-10;-4.0;-70.0
43C2C0F280A49E115540106505006E3B;44673735EAF46E11B7B78A650500BC08;2025-06-10;-2.0;-1075.86
2EFA401CB577CE11ADB3106505000FA8;44673735EAF46E11B7B78A650500BC08;2025-06-10;-2.0;-3980.0
062352B9AC456E11B7B78A650500BC08;44673735EAF46E11B7B78A650500BC08;2025-06-10;-2.0;-164.84
2D4DE77554DCAE11BE2110650500515A;44673735EAF46E11B7B78A650500BC08;2025-06-10;-2.0;-140.0
44F832D6B9456E11B7B78A650500BC08;44673735EAF46E11B7B78A650500BC08;2025-06-10;-2.0;-365.32
81CB94DF01BB8E11F243BB650500424B;FC081C55582CED11A62CD892C0003F2A;2025-06-10;-4.0;-383.34
2A23FF62CEE3DE11ADB310650500DFB8;FC081C55582CED11A62CD892C0003F2A;2025-06-10;-2.0;-37.28
FE6EE3415AF20F114EF7A826072B4B89;FC081C55582CED11A62CD892C0003F2A;2025-06-10;-2.0;-76.0
BDD07003F1B2CE118772106505001569;FC081C55582CED11A62CD892C0003F2A;2025-06-10;-2.0;-92.0
C2BDE24741BFFE11F1557891FE69E689;FC081C55582CED11A62CD892C0003F2A;2025-06-10;-2.0;-265.88
E173A17CC3D67E11B7B78A650500ED08;FC081C55582CED11A62CD892C0003F2A;2025-06-10;-4.0;-157.72
F1687BD3689D7E110819BB65050039AA;FC081C55582CED11A62CD892C0003F2A;2025-06-10;-2.0;-105.72
651E7207F7DD8E11F243BB650500954B;FC081C55582CED11A62CD892C0003F2A;2025-06-10;-6.0;-84.0
B242C1017B5FCE11ADB310650500A9B8;FC081C55582CED11A62CD892C0003F2A;2025-06-10;-2.0;-54.0
AED078668B50EE114066106505005A4A;FC081C55582CED11A62CD892C0003F2A;2025-06-10;-2.0;-34.3
DDFACF899758DE11C84610650500D07A;FC081C55582CED11A62CD892C0003F2A;2025-06-10;-2.0;-174.22
85A9AFA771500F11F1557891FE69B789;FC081C55582CED11A62CD892C0003F2A;2025-06-10;-4.0;-76.0
642FECCD146DCE11ADB310650500F6B8;FC081C55582CED11A62CD892C0003F2A;2025-06-10;-2.0;-62.14
3F43F1CE8B3FDE11406610650500E84A;FC081C55582CED11A62CD892C0003F2A;2025-06-10;-2.0;-107.2
AB89ABC9544DEE1191EE1065050029B9;FC081C55582CED11A62CD892C0003F2A;2025-06-10;-2.0;-109.3
6BAB5CCC563EAE11BE2110650500135A;FC081C55582CED11A62CD892C0003F2A;2025-06-10;-2.0;-49.06
4AA803C58240EE114066106505003A4A;FC081C55582CED11A62CD892C0003F2A;2025-06-10;-2.0;-124.78
CC5A4B7A80FB9E11726010650500984A;FC081C55582CED11A62CD892C0003F2A;2025-06-10;-4.0;-213.66
B2E5A90EC691FE1191EE10650500EBB9;FC081C55582CED11A62CD892C0003F2A;2025-06-10;-2.0;-185.96
94CF5FCF20CAED11A62CD892C0003F2A;FC081C55582CED11A62CD892C0003F2A;2025-06-10;-2.0;-124.0
5EFF4BD24579FE11128010650500E819;FC081C55582CED11A62CD892C0003F2A;2025-06-10;-8.0;-291.52
06DDD91EC2C88E11F243BB6505008E3B;FC081C55582CED11A62CD892C0003F2A;2025-06-10;-4.0;-135.04
E4A3B3A4E0CAED11A62CD892C0003F2A;FC081C55582CED11A62CD892C0003F2A;2025-06-10;-4.0;-1995.0
D4B84A220B0F5E1142D58A6505008D08;FC081C55582CED11A62CD892C0003F2A;2025-06-10;-2.0;-476.18
4CDE168900966E11B7B78A650500BC08;FC081C55582CED11A62CD892C0003F2A;2025-06-10;-8.0;-822.4
FD7EAFA8E4E6AE11BE2110650500C94A;FC081C55582CED11A62CD892C0003F2A;2025-06-10;-2.0;-211.18
9AB7B86A0EE4AE11726010650500145A;FC081C55582CED11A62CD892C0003F2A;2025-06-10;-4.0;-107.04
48AFB10F18D2DE11ADB3106505007EB8;FC081C55582CED11A62CD892C0003F2A;2025-06-10;-12.0;-1153.08
D6281D253056FE1191EE1065050012C9;FC081C55582CED11A62CD892C0003F2A;2025-06-10;-2.0;-532.22
EF93B3A4E0CAED11A62CD892C0003F2A;FC081C55582CED11A62CD892C0003F2A;2025-06-10;-2.0;-998.34
F523550101CAED11A62CD892C0003F2A;FC081C55582CED11A62CD892C0003F2A;2025-06-10;-2.0;-549.3
AE2FF38963DE4E1142D58A650500BC08;FC081C55582CED11A62CD892C0003F2A;2025-06-10;-2.0;-75.28
809DE472E0CAED11A62CD892C0003F2A;FC081C55582CED11A62CD892C0003F2A;2025-06-10;-2.0;-517.0
18130C4601CAED11A62CD892C0003F2A;FC081C55582CED11A62CD892C0003F2A;2025-06-10;-2.0;-170.2
E1F8E1D5C6C5BE11BE2110650500BC5A;FC081C55582CED11A62CD892C0003F2A;2025-06-10;-2.0;-946.98
90C51D81CF496E11B7B78A650500BC08;FC081C55582CED11A62CD892C0003F2A;2025-06-10;-2.0;-482.4
2BC1D86E597BAE11BE21106505009F4A;FC081C55582CED11A62CD892C0003F2A;2025-06-10;-4.0;-197.6
7994E8A4E315AE11726010650500445A;FC081C55582CED11A62CD892C0003F2A;2025-06-10;-8.0;-380.36
0E8BC5E4005A8E11F243BB650500804B;FC081C55582CED11A62CD892C0003F2A;2025-06-10;-2.0;-327.12
984F7C972D9EFE11F1557891FE698589;FC081C55582CED11A62CD892C0003F2A;2025-06-10;-2.0;-114.04
C58FC32CCA9EFE11F1557891FE698589;FC081C55582CED11A62CD892C0003F2A;2025-06-10;-4.0;-171.0
CC12452A3E263E11052F6792C000FF39;FC081C55582CED11A62CD892C0003F2A;2025-06-10;-4.0;-243.52
85725B9EC32ECE11ADB310650500F7B8;FC081C55582CED11A62CD892C0003F2A;2025-06-10;-2.0;-969.84
7C4BCFB931CAED11A62CD892C0003F2A;FC081C55582CED11A62CD892C0003F2A;2025-06-10;-4.0;-8639.04
25D875608167FE1191EE1065050083C9;FC081C55582CED11A62CD892C0003F2A;2025-06-10;-2.0;-8362.82
E5917AB011CAED11A62CD892C0003F2A;FC081C55582CED11A62CD892C0003F2A;2025-06-10;-4.0;-1371.72
2C739186DEF5DE11ADB31065050092C8;FC081C55582CED11A62CD892C0003F2A;2025-06-10;-2.0;-402.56
0AB2738BBF13CE11877210650500A569;FC081C55582CED11A62CD892C0003F2A;2025-06-10;-8.0;-228.22
B0DD372C2CA5FE1191EE1065050041C9;FC081C55582CED11A62CD892C0003F2A;2025-06-10;-2.0;-463.9
AED5F47349CE8E11F243BB650500C64B;FC081C55582CED11A62CD892C0003F2A;2025-06-10;-2.0;-117.84
08D33220EDE3DE11ADB310650500DFB8;FC081C55582CED11A62CD892C0003F2A;2025-06-10;-4.0;-388.96
2AD8B73C1255FE1191EE10650500D0C9;FC081C55582CED11A62CD892C0003F2A;2025-06-10;-2.0;-79.62
1A37955D82C5EE1191EE1065050045B9;FC081C55582CED11A62CD892C0003F2A;2025-06-10;-10.0;-620.0
A1777E74FF15EE11B1AD10650500C8EA;FC081C55582CED11A62CD892C0003F2A;2025-06-10;-2.0;-183.74
6A581F3A6340FE1191EE106505003AB9;FC081C55582CED11A62CD892C0003F2A;2025-06-10;-2.0;-310.04
9F0A1F6291CAED11A62CD892C0003F2A;FC081C55582CED11A62CD892C0003F2A;2025-06-10;-2.0;-348.18
CE71B03C697FEE1191EE1065050039B9;FC081C55582CED11A62CD892C0003F2A;2025-06-10;-4.0;-743.36
B0FD43466F466E11B7B78A650500BC08;FC081C55582CED11A62CD892C0003F2A;2025-06-10;-2.0;-174.44
39767FA96A1B8E11F243BB650500814B;FC081C55582CED11A62CD892C0003F2A;2025-06-10;-2.0;-242.54
B78C963E01CAED11A62CD892C0003F2A;FC081C55582CED11A62CD892C0003F2A;2025-06-10;-2.0;-284.48
BEEB1359A884EE11B1AD1065050008EA;FC081C55582CED11A62CD892C0003F2A;2025-06-10;-2.0;-407.66
651D05A70EDEFE11F1557891FE69D589;FC081C55582CED11A62CD892C0003F2A;2025-06-10;-4.0;-107.64
F059B7392BD92E11052F6792C0007F39;FC081C55582CED11A62CD892C0003F2A;2025-06-10;-2.0;-210.94
2BA4DA8E78C6DE11C84610650500DE6A;FC081C55582CED11A62CD892C0003F2A;2025-06-10;-2.0;-23.66
8837CD6E94CBCE11ADB310650500B4B8;FC081C55582CED11A62CD892C0003F2A;2025-06-10;-2.0;-796.0
8928ED19CC8EFE11F1557891FE697589;FC081C55582CED11A62CD892C0003F2A;2025-06-10;-2.0;-530.0
42B0BB5F01CAED11A62CD892C0003F2A;FC081C55582CED11A62CD892C0003F2A;2025-06-10;-2.0;-337.28
350D4F10C48ECE11ADB31065050078B8;FC081C55582CED11A62CD892C0003F2A;2025-06-10;-4.0;-147.5
3DA9DEC1A4365E1142D58A650500DC08;FC081C55582CED11A62CD892C0003F2A;2025-06-10;-2.0;-295.44
6B23154BEAA07E11B7B78A650500CD08;FC081C55582CED11A62CD892C0003F2A;2025-06-10;-4.0;-508.0
11F0AD0C2BA9CE11ADB310650500E1B8;FC081C55582CED11A62CD892C0003F2A;2025-06-10;-2.0;-69.32
6D1FE3DCCD2AFE11128010650500E819;FC081C55582CED11A62CD892C0003F2A;2025-06-10;-2.0;-807.9
7DB322C1AA5DCE11ADB310650500E6B8;FC081C55582CED11A62CD892C0003F2A;2025-06-10;-2.0;-257.24
BBD752164C63CE118772106505000669;FC081C55582CED11A62CD892C0003F2A;2025-06-10;-2.0;-31.94
CC7AA77989A67E11B7B78A650500ED08;FC081C55582CED11A62CD892C0003F2A;2025-06-10;-2.0;-189.36
3E2E841399B1EE114066106505001C4A;FC081C55582CED11A62CD892C0003F2A;2025-06-10;-4.0;-991.56
C4EB88A3A9B1EE114066106505001C4A;FC081C55582CED11A62CD892C0003F2A;2025-06-10;-2.0;-351.76
663126810479BE118772106505005959;FC081C55582CED11A62CD892C0003F2A;2025-06-10;-2.0;-457.9
10A329BE25F81E1143F0668E42006B8B;FC081C55582CED11A62CD892C0003F2A;2025-06-10;-2.0;-241.2
AF97BF35F7EDDE11406610650500174A;FC081C55582CED11A62CD892C0003F2A;2025-06-10;-2.0;-297.04
57F9C092BA278E11F243BB6505008C3B;FC081C55582CED11A62CD892C0003F2A;2025-06-10;-2.0;-27.86
8C4CDDD3365C1E1143F0668E4200502B;FC081C55582CED11A62CD892C0003F2A;2025-06-10;-2.0;-254.38
02AD66D925DFEE1191EE10650500A9B9;FC081C55582CED11A62CD892C0003F2A;2025-06-10;-2.0;-664.4
A9FB2942599EFE11F1557891FE698589;FC081C55582CED11A62CD892C0003F2A;2025-06-10;-2.0;-42.0
2ACA09FDAF4B6E11B7B78A650500BC08;FC081C55582CED11A62CD892C0003F2A;2025-06-10;-2.0;-590.98
63FDBD05B4C7DE11C84610650500107A;FC081C55582CED11A62CD892C0003F2A;2025-06-10;-2.0;-315.56
0C3E2FFD81CAED11A62CD892C0003F2A;FC081C55582CED11A62CD892C0003F2A;2025-06-10;-2.0;-138.52
4B1448FF4DA1EE114066106505000C4A;FC081C55582CED11A62CD892C0003F2A;2025-06-10;-2.0;-3652.0
9BD62E9560A3DE11ADB3106505007FB8;FC081C55582CED11A62CD892C0003F2A;2025-06-10;-4.0;-1108.56
4CCA44A7113FEE1191EE1065050029B9;FC081C55582CED11A62CD892C0003F2A;2025-06-10;-2.0;-626.48
3FA9E7AFC19EBE11877210650500DF59;FC081C55582CED11A62CD892C0003F2A;2025-06-10;-6.0;-167.16
ECE5C7CAB3133E11052F6792C000CF39;FC081C55582CED11A62CD892C0003F2A;2025-06-10;-2.0;-316.9
37455139187CCE11ADB310650500B5B8;FC081C55582CED11A62CD892C0003F2A;2025-06-10;-2.0;-72.88
7A02D5469DE9EE1191EE1065050009B9;FC081C55582CED11A62CD892C0003F2A;2025-06-10;-2.0;-42.64
0B1F6EDA63E61E1143F0668E4200EE89;FC081C55582CED11A62CD892C0003F2A;2025-06-10;-4.0;-95.96
5B688D8BB5B9CE11ADB310650500F1B8;FC081C55582CED11A62CD892C0003F2A;2025-06-10;-2.0;-7.22
4676F638527ABE118772106505009A59;FC081C55582CED11A62CD892C0003F2A;2025-06-10;-2.0;-1225.7
08AA90AB0C6A9E115250106505006B4A;FC081C55582CED11A62CD892C0003F2A;2025-06-10;-2.0;-659.06
380519DFC0CAED11A62CD892C0003F2A;FC081C55582CED11A62CD892C0003F2A;2025-06-10;-2.0;-525.58
5E1B0AEBD1CAED11A62CD892C0003F2A;FC081C55582CED11A62CD892C0003F2A;2025-06-10;-12.0;-694.24
E72426962F94DE11ADB310650500D0C8;FC081C55582CED11A62CD892C0003F2A;2025-06-10;-2.0;-2079.32
CCE142F6104FFE11F1557891FE695689;FC081C55582CED11A62CD892C0003F2A;2025-06-10;-2.0;-22.14
63763D0A932FFE11F1557891FE693689;FC081C55582CED11A62CD892C0003F2A;2025-06-10;-2.0;-2778.78
959C186DC1A76E11B7B78A650500BC08;FC081C55582CED11A62CD892C0003F2A;2025-06-10;-2.0;-344.72
00FB517205ABEE1191EE1065050029B9;FC081C55582CED11A62CD892C0003F2A;2025-06-10;-12.0;-239.76000000000002
B1977393E2EA3E11052F6792C000D249;FC081C55582CED11A62CD892C0003F2A;2025-06-10;-2.0;-131.62
AB71065EF846DE11ADB310650500F2C8;FC081C55582CED11A62CD892C0003F2A;2025-06-10;-2.0;-359.14
6FC9EB2D0DFB5E1142D58A6505000D08;FC081C55582CED11A62CD892C0003F2A;2025-06-10;-2.0;-241.68
BC8C3B7101CAED11A62CD892C0003F2A;FC081C55582CED11A62CD892C0003F2A;2025-06-10;-4.0;-346.64
8279EB397589DE11406610650500514A;FC081C55582CED11A62CD892C0003F2A;2025-06-10;-2.0;-251.88
9EA5E4036085FD110DC22A92C000D158;B0BDDED34CC83E11052F6792C000B249;2025-06-10;-6.0;-644.06
EF8ADF6CBDF88E11F243BB650500DE3B;B0BDDED34CC83E11052F6792C000B249;2025-06-10;-2.0;-36.92
B0BE32FD2D783E11052F6792C000B249;B0BDDED34CC83E11052F6792C000B249;2025-06-10;-2.0;-516.24
C297BF6A01CAED11A62CD892C0003F2A;B0BDDED34CC83E11052F6792C000B249;2025-06-10;-2.0;-495.44
D1F581B6617EEE1191EE1065050029B9;B0BDDED34CC83E11052F6792C000B249;2025-06-10;-2.0;-1414.18
152EE55D2640FE1191EE106505003AB9;B0BDDED34CC83E11052F6792C000B249;2025-06-10;-6.0;-595.5600000000001
8B440417DB90EE11406610650500AA4A;B0BDDED34CC83E11052F6792C000B249;2025-06-10;-2.0;-470.12
0A66393D2640FE1191EE106505003AB9;B0BDDED34CC83E11052F6792C000B249;2025-06-10;-2.0;-154.0
FBA365098876BE118772106505008559;B0BDDED34CC83E11052F6792C000B249;2025-06-10;-2.0;-72.1
F3E982F87EFE9E117260106505008C4A;B0BDDED34CC83E11052F6792C000B249;2025-06-10;-2.0;-324.08
02AACC72E1537E11B7B78A650500DD08;B0BDDED34CC83E11052F6792C000B249;2025-06-10;-8.0;-218.5
DA65897F0256BE118772106505005559;B0BDDED34CC83E11052F6792C000B249;2025-06-10;-2.0;-161.62
3F30FD22BD010F11112A674AC7E2C889;B0BDDED34CC83E11052F6792C000B249;2025-06-10;-2.0;-274.78
6E4FA836229EBE11877210650500DF59;B0BDDED34CC83E11052F6792C000B249;2025-06-10;-4.0;-111.44
4F6488E72EB91E1143F0668E42006B8B;B0BDDED34CC83E11052F6792C000B249;2025-06-10;-4.0;-127.42
38D310796A787E110819BB65050009AA;B0BDDED34CC83E11052F6792C000B249;2025-06-10;-2.0;-527.32
7DE561157946DE11ADB310650500F2C8;B0BDDED34CC83E11052F6792C000B249;2025-06-10;-8.0;-337.88
7373F46EA877DE11C84610650500BF6A;B0BDDED34CC83E11052F6792C000B249;2025-06-10;-8.0;-204.0
72AD0751FFC7DE11C84610650500207A;B0BDDED34CC83E11052F6792C000B249;2025-06-10;-4.0;-102.0
E033F6C2D74CDE11406610650500054A;B0BDDED34CC83E11052F6792C000B249;2025-06-10;-2.0;-45.58
52F06262B0A1EE11406610650500FB4A;B0BDDED34CC83E11052F6792C000B249;2025-06-10;-2.0;-278.4
01EB9770F1B0EE11406610650500CA4A;B0BDDED34CC83E11052F6792C000B249;2025-06-10;-4.0;-195.64
7C439A624F49AE11BE2110650500DC4A;B0BDDED34CC83E11052F6792C000B249;2025-06-10;-2.0;-116.38
417E3F107946DE11ADB310650500F2C8;B0BDDED34CC83E11052F6792C000B249;2025-06-10;-6.0;-253.42
4001BEB6104FFE11F1557891FE695689;B0BDDED34CC83E11052F6792C000B249;2025-06-10;-4.0;-48.72
ABC14F841FD1DE11ADB3106505003DB8;B0BDDED34CC83E11052F6792C000B249;2025-06-10;-6.0;-1830.0
569D7A7FEF986E11B7B78A650500BC08;B0BDDED34CC83E11052F6792C000B249;2025-06-10;-32.0;-664.3199999999999
06F014A4852B9E115250106505005C4A;B0BDDED34CC83E11052F6792C000B249;2025-06-10;-2.0;-328.98
F0906599F17CEE1191EE1065050029B9;B0BDDED34CC83E11052F6792C000B249;2025-06-10;-6.0;-7813.22
5EFF4BD24579FE11128010650500E819;B0BDDED34CC83E11052F6792C000B249;2025-06-10;-2.0;-72.88
01441300A019FE11128010650500E819;B0BDDED34CC83E11052F6792C000B249;2025-06-10;-2.0;-491.56
7A536A5BE6EDDE11406610650500174A;B0BDDED34CC83E11052F6792C000B249;2025-06-10;-2.0;-384.74
2D4B0DAA63D2FE1191EE106505007DB9;B0BDDED34CC83E11052F6792C000B249;2025-06-10;-4.0;-160.48
89732A90025EFE11F1557891FE692589;B0BDDED34CC83E11052F6792C000B249;2025-06-10;-2.0;-109.82
42A8ED7CFFE1EE114066106505006C4A;B0BDDED34CC83E11052F6792C000B249;2025-06-10;-4.0;-368.0
F7EEFA3F2F43FE1191EE106505002EB9;B0BDDED34CC83E11052F6792C000B249;2025-06-10;-4.0;-648.0
B94CE0818869FE11128010650500E819;B0BDDED34CC83E11052F6792C000B249;2025-06-10;-4.0;-1703.58
144A9111FC1EFE11F1557891FE69E489;B0BDDED34CC83E11052F6792C000B249;2025-06-10;-2.0;-128.16
6D81D5353931DE11ADB3106505006CB8;B0BDDED34CC83E11052F6792C000B249;2025-06-10;-2.0;-66.62
38DA5648DA5F3E11F7F68A650500DB08;B0BDDED34CC83E11052F6792C000B249;2025-06-10;-2.0;-115.56
44F5DE95BE2AFE11128010650500E819;B0BDDED34CC83E11052F6792C000B249;2025-06-10;-2.0;-226.58
DD042F328EE1EE114066106505006C4A;B0BDDED34CC83E11052F6792C000B249;2025-06-10;-4.0;-478.48
A7218C1035B4DE11ADB310650500F0C8;B0BDDED34CC83E11052F6792C000B249;2025-06-10;-2.0;-189.4
8D985F380D8FCE11ADB310650500E9B8;B0BDDED34CC83E11052F6792C000B249;2025-06-10;-2.0;-174.46
647732FC5CFFFE11F1557891FE694789;B0BDDED34CC83E11052F6792C000B249;2025-06-10;-4.0;-176.0
BF9C6C2CFE163E11052F6792C000FF39;B0BDDED34CC83E11052F6792C000B249;2025-06-10;-4.0;-250.56
CF6CCCECA96EAE11BE2110650500535A;B0BDDED34CC83E11052F6792C000B249;2025-06-10;-2.0;-361.32
7EF5EBC551CAED11A62CD892C0003F2A;B0BDDED34CC83E11052F6792C000B249;2025-06-10;-2.0;-437.62
63CF56792642FE1191EE10650500CCB9;B0BDDED34CC83E11052F6792C000B249;2025-06-10;-4.0;-2271.94
0BE6BDF7D2EA3E11052F6792C000D249;B0BDDED34CC83E11052F6792C000B249;2025-06-10;-2.0;-356.46
34A3B3B0CF00EE11406610650500F94A;B0BDDED34CC83E11052F6792C000B249;2025-06-10;-2.0;-28.46
1630EF96DB63CE118772106505000669;B0BDDED34CC83E11052F6792C000B249;2025-06-10;-2.0;-118.7
67A6D63B2D027E11B7B78A650500CD08;B0BDDED34CC83E11052F6792C000B249;2025-06-10;-2.0;-276.88
83C713B23364EE11B1AD10650500D7EA;B0BDDED34CC83E11052F6792C000B249;2025-06-10;-2.0;-75.36
C0CDE11B55E0EE114066106505000B4A;B0BDDED34CC83E11052F6792C000B249;2025-06-10;-8.0;-1006.48
16E5C461DE300F11F1557891FE699789;B0BDDED34CC83E11052F6792C000B249;2025-06-10;-2.0;-268.94
17F107EA01CAED11A62CD892C0003F2A;B0BDDED34CC83E11052F6792C000B249;2025-06-10;-2.0;-531.6
31F7B97FC3BC3E11052F6792C000D249;B0BDDED34CC83E11052F6792C000B249;2025-06-10;-2.0;-119.8
2A322D630C20FE1191EE106505001AB9;B0BDDED34CC83E11052F6792C000B249;2025-06-10;-8.0;-1506.32
02F7046B6D4DDE11406610650500564A;B0BDDED34CC83E11052F6792C000B249;2025-06-10;-2.0;-133.5
2E7AE34FE0CAED11A62CD892C0003F2A;B0BDDED34CC83E11052F6792C000B249;2025-06-10;-2.0;-277.02
DFE0C77BC124EE11B1AD1065050087EA;B0BDDED34CC83E11052F6792C000B249;2025-06-10;-2.0;-341.14
DAD16D440ABBFD11A4A96492C000CB59;B0BDDED34CC83E11052F6792C000B249;2025-06-10;-2.0;-437.68
BE4D455DE0CAED11A62CD892C0003F2A;B0BDDED34CC83E11052F6792C000B249;2025-06-10;-2.0;-287.06
1D0B74D7D0CAED11A62CD892C0003F2A;B0BDDED34CC83E11052F6792C000B249;2025-06-10;-2.0;-281.32
553E5BB720EDFE11F1557891FE699489;B0BDDED34CC83E11052F6792C000B249;2025-06-10;-2.0;-422.66
684F5DF76C40EE114066106505004A4A;B0BDDED34CC83E11052F6792C000B249;2025-06-10;-2.0;-576.62
8E3C90F55EFDCE11ADB310650500C7B8;B0BDDED34CC83E11052F6792C000B249;2025-06-10;-2.0;-294.46
C4580886E34C7E110819BB65050039AA;B0BDDED34CC83E11052F6792C000B249;2025-06-10;-2.0;-344.46
D9932D5E68DDCE11ADB31065050097B8;B0BDDED34CC83E11052F6792C000B249;2025-06-10;-2.0;-85.24
DFD3CA5EC7E97E110819BB65050019AA;B0BDDED34CC83E11052F6792C000B249;2025-06-10;-2.0;-581.4
3376033300C80E11A4A96492C0001269;B0BDDED34CC83E11052F6792C000B249;2025-06-10;-2.0;-148.9
62590D9CCDBDCE11ADB31065050077B8;B0BDDED34CC83E11052F6792C000B249;2025-06-10;-2.0;-228.94
59C66A46B371FE1191EE10650500BBB9;B0BDDED34CC83E11052F6792C000B249;2025-06-10;-2.0;-142.82
C64097A563DDFE11F1557891FE698489;B0BDDED34CC83E11052F6792C000B249;2025-06-10;-2.0;-517.28
E42F2727A0651E1143F0668E4200EE89;B0BDDED34CC83E11052F6792C000B249;2025-06-10;92.0;6800.639999999999
AC38E545E015EE11B1AD10650500B8EA;B0BDDED34CC83E11052F6792C000B249;2025-06-10;12.0;2251.2
1A5A688AC2DF4E1142D58A650500BC08;B0BDDED34CC83E11052F6792C000B249;2025-06-10;12.0;1238.64
A0B0BB5F01CAED11A62CD892C0003F2A;FC081C55582CED11A62CD892C0003F2A;2025-06-10;-4.0;-1017.12
ADA37168E0A1DE11ADB310650500ECB8;44673735EAF46E11B7B78A650500BC08;2025-06-10;0.0;0.0
C5C94F48E0A1DE11ADB310650500ECB8;44673735EAF46E11B7B78A650500BC08;2025-06-10;0.0;0.0
8B56F0FF6544DE11ADB31065050060C8;44673735EAF46E11B7B78A650500BC08;2025-06-10;0.0;0.0
7073E631DE866E11B7B78A650500BC08;FC081C55582CED11A62CD892C0003F2A;2025-06-10;8.0;790.4
3DC741E1C11A8E11F243BB650500304B;44673735EAF46E11B7B78A650500BC08;2025-06-10;-4.0;-47.6
15137EBFE6197E110819BB65050009AA;44673735EAF46E11B7B78A650500BC08;2025-06-10;-8.0;-257.76
0BB144EDB11A8E11F243BB650500304B;44673735EAF46E11B7B78A650500BC08;2025-06-10;-2.0;-120.0
AB7B1593B0A68E11F243BB650500DB3B;FC081C55582CED11A62CD892C0003F2A;2025-06-10;36.0;6270.58
11A39B4ED0CAED11A62CD892C0003F2A;FC081C55582CED11A62CD892C0003F2A;2025-06-10;4.0;2577.6
FE6785D8D0CAED11A62CD892C0003F2A;FC081C55582CED11A62CD892C0003F2A;2025-06-10;6.0;1465.94
C955A13924817E11B7B78A650500CD08;FC081C55582CED11A62CD892C0003F2A;2025-06-10;8.0;2379.86
3FC6EE7903315E1142D58A650500BC08;FC081C55582CED11A62CD892C0003F2A;2025-06-10;8.0;1999.12
9697BF6A01CAED11A62CD892C0003F2A;FC081C55582CED11A62CD892C0003F2A;2025-06-10;20.0;3315.0
A3FBB782BFCA9E11525010650500EB4A;FC081C55582CED11A62CD892C0003F2A;2025-06-10;12.0;2305.18
392601DEA199FD11A4A96492C0006F3B;FC081C55582CED11A62CD892C0003F2A;2025-06-10;4.0;2665.0599999999995
BCFE1D61769C9E11726010650500694A;FC081C55582CED11A62CD892C0003F2A;2025-06-10;22.0;3692.16
F320D83931CAED11A62CD892C0003F2A;FC081C55582CED11A62CD892C0003F2A;2025-06-10;40.0;2020.86
CA7A56F8FE3CEE1191EE1065050029B9;44673735EAF46E11B7B78A650500BC08;2025-06-10;0.0;0.0
A2361D8F49BFEE1191EE1065050089B9;44673735EAF46E11B7B78A650500BC08;2025-06-10;0.0;0.0
AE4D0478A66E0E1143F0668E42001D49;B0BDDED34CC83E11052F6792C000B249;2025-06-10;6.0;851.34
F547068C4D05DE11ADB31065050061C8;B0BDDED34CC83E11052F6792C000B249;2025-06-10;2.0;330.44000000000005
0D95A9D094520F114EF7A826072B7A89;FC081C55582CED11A62CD892C0003F2A;2025-06-10;4.0;2760.34
F0BA41EFC688CE11ADB31065050070B8;44673735EAF46E11B7B78A650500BC08;2025-06-10;80.0;10562.539999999999
AAED77918754EE11B1AD10650500C7EA;FC081C55582CED11A62CD892C0003F2A;2025-06-10;12.0;3412.8
E2D90FCF2C456E11B7B78A650500BC08;44673735EAF46E11B7B78A650500BC08;2025-06-10;38.0;11170.439999999999
264CDF4C3C456E11B7B78A650500BC08;44673735EAF46E11B7B78A650500BC08;2025-06-10;18.0;4748.24
2A322D630C20FE1191EE106505001AB9;FC081C55582CED11A62CD892C0003F2A;2025-06-10;22.0;4142.38
EE08E9D401CAED11A62CD892C0003F2A;44673735EAF46E11B7B78A650500BC08;2025-06-10;12.0;1188.0
B073300E36385E1142D58A650500DC08;44673735EAF46E11B7B78A650500BC08;2025-06-10;176.0;8624.0
035529DD70F9EE1191EE1065050009B9;44673735EAF46E11B7B78A650500BC08;2025-06-10;0.0;0.0
49777127CC456E11B7B78A650500BC08;44673735EAF46E11B7B78A650500BC08;2025-06-10;34.0;32584.84
43215D3528D8EE1191EE10650500F8B9;44673735EAF46E11B7B78A650500BC08;2025-06-10;2.0;396.76
3B144E7F21FA8E11F243BB650500514B;44673735EAF46E11B7B78A650500BC08;2025-06-10;20.0;457.76
A039715B1A7CDE11406610650500454A;B0BDDED34CC83E11052F6792C000B249;2025-06-10;-4.0;-673.56
3ADBD14391D5AE11BE2110650500684A;B0BDDED34CC83E11052F6792C000B249;2025-06-10;0.0;0.0
24EC4EE7A0CAED11A62CD892C0003F2A;B0BDDED34CC83E11052F6792C000B249;2025-06-10;0.0;0.0
3C9C6A371ABAFE11128010650500E819;B0BDDED34CC83E11052F6792C000B249;2025-06-10;0.0;0.0
452934CF4040EE114066106505003A4A;B0BDDED34CC83E11052F6792C000B249;2025-06-10;0.0;0.0
B0798FE4F3C2FE1191EE106505006DB9;B0BDDED34CC83E11052F6792C000B249;2025-06-10;0.0;0.0
0F8CD1D478C1FE1191EE106505002CB9;44673735EAF46E11B7B78A650500BC08;2025-06-10;0.0;0.0
1D34EE4BE5385E1142D58A650500DC08;44673735EAF46E11B7B78A650500BC08;2025-06-10;24.0;4005.6
22D097AD84E8EE1191EE1065050009B9;44673735EAF46E11B7B78A650500BC08;2025-06-10;12.0;3564.0
0BC7A34A1E456E11B7B78A650500BC08;44673735EAF46E11B7B78A650500BC08;2025-06-10;44.0;11360.800000000001
72C5473B5CEC9E11726010650500D94A;FC081C55582CED11A62CD892C0003F2A;2025-06-10;0.0;-2.2737367544323206e-13
D4852C344D907E11B7B78A650500CD08;B0BDDED34CC83E11052F6792C000B249;2025-06-10;10.0;1490.0
1B507996CB70DE11ADB3106505004BB8;44673735EAF46E11B7B78A650500BC08;2025-06-10;0.0;-4.547473508864641e-13
FF907996CB70DE11ADB3106505004BB8;44673735EAF46E11B7B78A650500BC08;2025-06-10;0.0;9.094947017729282e-13
7D4C9F36A1130F114EF7A826072B6B89;FC081C55582CED11A62CD892C0003F2A;2025-06-10;0.0;0.0
659DDAC30031DE11ADB3106505005CB8;FC081C55582CED11A62CD892C0003F2A;2025-06-10;0.0;0.0
E09D0AEC4C62FE1191EE10650500FCB9;FC081C55582CED11A62CD892C0003F2A;2025-06-10;0.0;0.0
33094AE51DDECE11ADB310650500E8B8;FC081C55582CED11A62CD892C0003F2A;2025-06-10;0.0;0.0
2DAF457A7CE87E110819BB65050009AA;FC081C55582CED11A62CD892C0003F2A;2025-06-10;0.0;0.0
F41A321C575FFE11F1557891FE697689;B0BDDED34CC83E11052F6792C000B249;2025-06-10;14.0;4634.0
A1BB321C575FFE11F1557891FE697689;FC081C55582CED11A62CD892C0003F2A;2025-06-10;20.0;1462.8
052D862A028ADE11406610650500924A;44673735EAF46E11B7B78A650500BC08;2025-06-10;0.0;3.637978807091713e-12
40F400467F09FE11128010650500E819;B0BDDED34CC83E11052F6792C000B249;2025-06-10;-2.0;-93.24
D91E0AC5CE04BE11BE21106505008A5A;B0BDDED34CC83E11052F6792C000B249;2025-06-10;-2.0;-648.66
67E961B2E5A0EE11406610650500BA4A;B0BDDED34CC83E11052F6792C000B249;2025-06-10;0.0;0.0
7002AE3A2A6BFE111280106505000919;B0BDDED34CC83E11052F6792C000B249;2025-06-10;0.0;0.0
DA176259DE79EE1191EE1065050009B9;B0BDDED34CC83E11052F6792C000B249;2025-06-10;0.0;0.0
7970DB929813EE11B1AD1065050036EA;B0BDDED34CC83E11052F6792C000B249;2025-06-10;0.0;-1.1368683772161603e-13
A1D5DC01B3F2DE11ADB3106505009EB8;B0BDDED34CC83E11052F6792C000B249;2025-06-10;0.0;0.0
B101F7AB0E5FCE11ADB310650500A9B8;B0BDDED34CC83E11052F6792C000B249;2025-06-10;0.0;0.0
059B52AD19E5AE11BE2110650500884A;B0BDDED34CC83E11052F6792C000B249;2025-06-10;0.0;0.0
82F7D367FEDDBE11877210650500FE59;B0BDDED34CC83E11052F6792C000B249;2025-06-10;0.0;0.0
671F9F4455D6EE1191EE1065050096B9;FC081C55582CED11A62CD892C0003F2A;2025-06-10;0.0;0.0
E8AA9A9E89FC9E11726010650500E94A;FC081C55582CED11A62CD892C0003F2A;2025-06-10;20.0;411.4
5AEC2C1F68DDCE11ADB31065050097B8;FC081C55582CED11A62CD892C0003F2A;2025-06-10;10.0;270.9
E40CAAFF68DDCE11ADB31065050097B8;FC081C55582CED11A62CD892C0003F2A;2025-06-10;20.0;854.0
8A149D4288A05E1142D58A650500BC08;B0BDDED34CC83E11052F6792C000B249;2025-06-10;2.0;1720.0
9EA5E4036085FD110DC22A92C000D158;44673735EAF46E11B7B78A650500BC08;2025-06-10;10.0;1073.44
7E9D74142D456E11B7B78A650500BC08;44673735EAF46E11B7B78A650500BC08;2025-06-10;-4.0;-5990.0
96166AB89F09FE11128010650500E819;FC081C55582CED11A62CD892C0003F2A;2025-06-10;10.0;759.12
D404885023DB8E11F243BB650500724B;44673735EAF46E11B7B78A650500BC08;2025-06-10;-40.0;-1573.2
6B77AF526C4FBE11877210650500C069;B0BDDED34CC83E11052F6792C000B249;2025-06-10;-10.0;-1440.8
EA726A28EF2CDE11406610650500E44A;FC081C55582CED11A62CD892C0003F2A;2025-06-10;2.0;4162.34
A6803C2C5B48DE11C84610650500C07A;FC081C55582CED11A62CD892C0003F2A;2025-06-10;96.0;6666.18
6F884F7254940E11A4A96492C000067B;FC081C55582CED11A62CD892C0003F2A;2025-06-10;4.0;595.08
2E6015003E405E1142D58A650500BC08;FC081C55582CED11A62CD892C0003F2A;2025-06-10;4.0;599.6
3E86C123BAF94E1142D58A6505009C08;FC081C55582CED11A62CD892C0003F2A;2025-06-10;4.0;599.6
3BEF94F3BAF94E1142D58A6505009C08;FC081C55582CED11A62CD892C0003F2A;2025-06-10;4.0;599.6
3C54CA6A12D18E113835BB650500B9AA;44673735EAF46E11B7B78A650500BC08;2025-06-10;20.0;1033.2
01BFE77501AEDE11406610650500284A;44673735EAF46E11B7B78A650500BC08;2025-06-10;6.0;8950.82
E57D1D64EE6CDE11406610650500354A;FC081C55582CED11A62CD892C0003F2A;2025-06-10;2.0;1305.92
8DE64C228ABAFE11128010650500E819;FC081C55582CED11A62CD892C0003F2A;2025-06-10;4.0;1574.64
54EFD822578B3E11052F6792C000D249;44673735EAF46E11B7B78A650500BC08;2025-06-10;24.0;951.6
5C401491BD74AE11726010650500835A;FC081C55582CED11A62CD892C0003F2A;2025-06-10;6.0;3894.0
325ECEDC4439BE118772106505000959;44673735EAF46E11B7B78A650500BC08;2025-06-10;0.0;0.0
BD2B956E45010F11112A674AC7E2B889;B0BDDED34CC83E11052F6792C000B249;2025-06-10;0.0;0.0
8D2CF03D29457E11B7B78A650500ED08;44673735EAF46E11B7B78A650500BC08;2025-06-10;4.0;8708.0
23F0929123578E11F243BB650500BC3B;44673735EAF46E11B7B78A650500BC08;2025-06-10;4.0;2132.0
EC630AC46AD7CE11ADB3106505008FA8;44673735EAF46E11B7B78A650500BC08;2025-06-10;10.0;22091.1
F9A8FD7D1423CE11877210650500A569;44673735EAF46E11B7B78A650500BC08;2025-06-10;30.0;12624.7
03216AA7A812CE118772106505005469;44673735EAF46E11B7B78A650500BC08;2025-06-10;4.0;1034.0
ACDA8D8B428E6E11B7B78A6505003D08;44673735EAF46E11B7B78A650500BC08;2025-06-10;10.0;6326.0
69D0664A2021CE118772106505001369;FC081C55582CED11A62CD892C0003F2A;2025-06-10;2.0;851.3
7CF6557C0D456E11B7B78A650500BC08;44673735EAF46E11B7B78A650500BC08;2025-06-10;100.0;31851.28
A9EA8EAF7C456E11B7B78A650500BC08;44673735EAF46E11B7B78A650500BC08;2025-06-10;16.0;4550.88
216E684067D3AE11726010650500B25A;FC081C55582CED11A62CD892C0003F2A;2025-06-10;10.0;1126.5
C51AFEC5B348EE1191EE1065050038B9;FC081C55582CED11A62CD892C0003F2A;2025-06-10;2.0;3969.46
9C3D7FF09EEDBE118772106505000F59;44673735EAF46E11B7B78A650500BC08;2025-06-10;-4.0;-147.72
E27D6712A505FE1191EE1065050070C9;44673735EAF46E11B7B78A650500BC08;2025-06-10;-2.0;-216.0
459B72C890CAED11A62CD892C0003F2A;44673735EAF46E11B7B78A650500BC08;2025-06-10;-6.0;-513.36
2D18EBE9D11BEE1191EE1065050029B9;44673735EAF46E11B7B78A650500BC08;2025-06-10;-4.0;-1224.0
910C00DE6EEAAE11BE2110650500EE4A;44673735EAF46E11B7B78A650500BC08;2025-06-10;-14.0;-140.52
C11D707E6EEAAE11BE2110650500EE4A;44673735EAF46E11B7B78A650500BC08;2025-06-10;-2.0;-44.0
FD3F5DCBC35FEE1191EE1065050029B9;44673735EAF46E11B7B78A650500BC08;2025-06-10;-2.0;-1032.88
6C2125C9B49DFE11F1557891FE693489;44673735EAF46E11B7B78A650500BC08;2025-06-10;-2.0;-480.0
C78F65B12D456E11B7B78A650500BC08;44673735EAF46E11B7B78A650500BC08;2025-06-10;-26.0;-4893.18
E73B2E641431FE1191EE106505006BB9;44673735EAF46E11B7B78A650500BC08;2025-06-10;-2.0;-197.6
2A79254529DDCE11ADB31065050097B8;44673735EAF46E11B7B78A650500BC08;2025-06-10;-6.0;-900.0
B46F71DDD6CD6E11B7B78A650500BC08;44673735EAF46E11B7B78A650500BC08;2025-06-10;-4.0;-214.0
FB907F315F35CE11ADB3106505001DA8;44673735EAF46E11B7B78A650500BC08;2025-06-10;-2.0;-241.84
CE81543543D0DE11ADB310650500BBB8;44673735EAF46E11B7B78A650500BC08;2025-06-10;-4.0;-373.52
CAFFF5A4868C7E110819BB65050039AA;44673735EAF46E11B7B78A650500BC08;2025-06-10;-2.0;-81.2
DD74FAA18C456E11B7B78A650500BC08;44673735EAF46E11B7B78A650500BC08;2025-06-10;-2.0;-370.64
99AD37D0B56FBE11877210650500E069;44673735EAF46E11B7B78A650500BC08;2025-06-10;-10.0;-370.0
307C04770126BE118772106505001559;44673735EAF46E11B7B78A650500BC08;2025-06-10;-10.0;-636.5
46881F4B13D0DE11ADB310650500BBB8;44673735EAF46E11B7B78A650500BC08;2025-06-10;-6.0;-486.6
036B0A42721A8E11F243BB650500304B;44673735EAF46E11B7B78A650500BC08;2025-06-10;-8.0;-362.32
FADCFDD2EE2BBE118772106505008B59;44673735EAF46E11B7B78A650500BC08;2025-06-10;-12.0;-1330.7800000000002
22C0565E2E456E11B7B78A650500BC08;44673735EAF46E11B7B78A650500BC08;2025-06-10;-24.0;-2355.24
D2A3EF6E4D456E11B7B78A650500BC08;44673735EAF46E11B7B78A650500BC08;2025-06-10;-2.0;-979.72
4B69C63A94309E11F243BB650500984B;44673735EAF46E11B7B78A650500BC08;2025-06-10;-2.0;-147.3
140F999C45848E113835BB6505001DAA;44673735EAF46E11B7B78A650500BC08;2025-06-10;-2.0;-419.64
9170636724C26E1142D58A650500AD08;44673735EAF46E11B7B78A650500BC08;2025-06-10;-8.0;-1019.52
99AFED5D653DDE11406610650500364A;44673735EAF46E11B7B78A650500BC08;2025-06-10;-4.0;-106.04
EF81679C8B7ECE11ADB31065050068B8;44673735EAF46E11B7B78A650500BC08;2025-06-10;-4.0;-1256.0
0AF69A97D397EE1191EE1065050047B9;44673735EAF46E11B7B78A650500BC08;2025-06-10;-2.0;-452.0
5C6E0CC4A9300F11F1557891FE699789;44673735EAF46E11B7B78A650500BC08;2025-06-10;-2.0;-505.6
262056DBC35FEE1191EE1065050029B9;44673735EAF46E11B7B78A650500BC08;2025-06-10;-4.0;-1962.26
468337CD542CAE11BE2110650500705A;44673735EAF46E11B7B78A650500BC08;2025-06-10;-8.0;-1624.32
87EEF41D2AE66E11B7B78A650500BC08;44673735EAF46E11B7B78A650500BC08;2025-06-10;-2.0;-368.6
D170FCB7E494AE11726010650500A35A;44673735EAF46E11B7B78A650500BC08;2025-06-10;-2.0;-244.84
CF9889072C8EAE11BE2110650500835A;44673735EAF46E11B7B78A650500BC08;2025-06-10;-10.0;-2326.1000000000004
977175FC22238E117E64BB6505005BAA;44673735EAF46E11B7B78A650500BC08;2025-06-10;-4.0;-584.0
7B4583BE45CF8E11F243BB650500084B;44673735EAF46E11B7B78A650500BC08;2025-06-10;-4.0;-185.42000000000002
B6E4E4C243530F114EF7A826072BBB89;44673735EAF46E11B7B78A650500BC08;2025-06-10;-4.0;-860.94
3FD8ECB887DEAE11BE2110650500E35A;44673735EAF46E11B7B78A650500BC08;2025-06-10;-2.0;-2038.0
99B2EB789C456E11B7B78A650500BC08;44673735EAF46E11B7B78A650500BC08;2025-06-10;-8.0;-435.36
BC0096BF6315EE11B1AD10650500B8EA;44673735EAF46E11B7B78A650500BC08;2025-06-10;-2.0;-283.2
D2300AAC44E6EE1191EE1065050096B9;44673735EAF46E11B7B78A650500BC08;2025-06-10;-2.0;-44.0
C8C1EFE6AC456E11B7B78A650500BC08;44673735EAF46E11B7B78A650500BC08;2025-06-10;-36.0;-1295.04
B8F8E0A6C6E3AE11726010650500C25A;44673735EAF46E11B7B78A650500BC08;2025-06-10;-4.0;-96.0
F754AB3DD6568E11F243BB6505007B3B;44673735EAF46E11B7B78A650500BC08;2025-06-10;-4.0;-213.24
F8CE11B603B89E11525010650500294A;44673735EAF46E11B7B78A650500BC08;2025-06-10;-2.0;-131.52
02D840504C456E11B7B78A650500BC08;44673735EAF46E11B7B78A650500BC08;2025-06-10;-4.0;-821.3
E0B345B4AA79DE11406610650500414A;44673735EAF46E11B7B78A650500BC08;2025-06-10;-12.0;-1152.0
B86A3D723E8BEE1191EE1065050029B9;44673735EAF46E11B7B78A650500BC08;2025-06-10;-2.0;-509.58
CBB0016BE789EE1191EE1065050009B9;44673735EAF46E11B7B78A650500BC08;2025-06-10;-2.0;-50.6
67EA5FA18D60BE11BE2110650500E55A;44673735EAF46E11B7B78A650500BC08;2025-06-10;-8.0;-608.0
9D2B0D9631197E110819BB65050009AA;44673735EAF46E11B7B78A650500BC08;2025-06-10;-2.0;-2190.64
F1764DAE24639E11554010650500CC3B;44673735EAF46E11B7B78A650500BC08;2025-06-10;-2.0;-193.36
CA121823781FAE11BE2110650500345A;44673735EAF46E11B7B78A650500BC08;2025-06-10;-4.0;-296.0
72F06262B0A1EE11406610650500FB4A;44673735EAF46E11B7B78A650500BC08;2025-06-10;-2.0;-361.92
DA28D17AB9407E11B7B78A650500CD08;44673735EAF46E11B7B78A650500BC08;2025-06-10;-400.0;-7235.9800000000005
E289FCF22E61EE11406610650500BB4A;44673735EAF46E11B7B78A650500BC08;2025-06-10;-4.0;-2991.6
41F9CAB8E770BE11BE2110650500F55A;44673735EAF46E11B7B78A650500BC08;2025-06-10;-2.0;-14.14
38D11EDAC550CE118772106505001269;44673735EAF46E11B7B78A650500BC08;2025-06-10;-2.0;-228.2
E82A58E16D7DBE118772106505007E59;44673735EAF46E11B7B78A650500BC08;2025-06-10;-4.0;-300.0
F420BBDA1CFA7E110819BB65050039AA;44673735EAF46E11B7B78A650500BC08;2025-06-10;-2.0;-140.72
91130EC80E907E11B7B78A650500CD08;44673735EAF46E11B7B78A650500BC08;2025-06-10;-12.0;-1100.68
0CE914265F66DE11ADB31065050023C8;44673735EAF46E11B7B78A650500BC08;2025-06-10;-2.0;-475.84
85EDA01AE43ACE11ADB31065050092B8;44673735EAF46E11B7B78A650500BC08;2025-06-10;-2.0;-42.2
C74A87086E06FE1191EE10650500C1C9;44673735EAF46E11B7B78A650500BC08;2025-06-10;-2.0;-680.0
2148978EF4B4DE11ADB310650500F0C8;44673735EAF46E11B7B78A650500BC08;2025-06-10;-4.0;-232.32
504D2BC194437E11B7B78A650500DD08;44673735EAF46E11B7B78A650500BC08;2025-06-10;-4.0;-440.32
0583A1DF105DEE1191EE1065050029B9;44673735EAF46E11B7B78A650500BC08;2025-06-10;-2.0;-67.52
D26AB7B500556E11B7B78A650500BC08;44673735EAF46E11B7B78A650500BC08;2025-06-10;-2.0;-220.86
5596E37B383EFE11F1557891FE690589;44673735EAF46E11B7B78A650500BC08;2025-06-10;-2.0;-213.4
66A8B69694310F11112A674AC7E2F889;44673735EAF46E11B7B78A650500BC08;2025-06-10;-4.0;-292.0
D294A19AB552AE11726010650500C05A;44673735EAF46E11B7B78A650500BC08;2025-06-10;-14.0;-854.0
7EF0C4F931307E11B7B78A650500CD08;44673735EAF46E11B7B78A650500BC08;2025-06-10;-4.0;-675.58
6E6B2845604F6E11B7B78A650500CD08;44673735EAF46E11B7B78A650500BC08;2025-06-10;-6.0;-118.5
F6BCF4881BE66E11B7B78A650500BC08;44673735EAF46E11B7B78A650500BC08;2025-06-10;-10.0;-589.8
710332DA8D410F11112A674AC7E21989;44673735EAF46E11B7B78A650500BC08;2025-06-10;-2.0;-45.5
C3D8C1394D85DE11ADB31065050002C8;44673735EAF46E11B7B78A650500BC08;2025-06-10;-2.0;-208.6
2773FB2B1C84FE1191EE10650500DFB9;44673735EAF46E11B7B78A650500BC08;2025-06-10;-2.0;-1382.0
F3356D0E4D456E11B7B78A650500BC08;44673735EAF46E11B7B78A650500BC08;2025-06-10;-2.0;-737.02
84EE077F7D456E11B7B78A650500BC08;44673735EAF46E11B7B78A650500BC08;2025-06-10;-4.0;-26.0
664D8701D2A7FE1191EE10650500D3C9;44673735EAF46E11B7B78A650500BC08;2025-06-10;-2.0;-689.72
79F0313630556E11B7B78A650500BC08;44673735EAF46E11B7B78A650500BC08;2025-06-10;-2.0;-368.1
A474163B30556E11B7B78A650500BC08;44673735EAF46E11B7B78A650500BC08;2025-06-10;-2.0;-186.92
8B9A732C14BEEE1191EE1065050029B9;44673735EAF46E11B7B78A650500BC08;2025-06-10;-2.0;-230.44
973A29A13392BE11BE2110650500A85A;44673735EAF46E11B7B78A650500BC08;2025-06-10;-2.0;-64.36
F6F75CF24E456E11B7B78A650500BC08;44673735EAF46E11B7B78A650500BC08;2025-06-10;-2.0;-1632.0
FB0EAADDCC4CFE111280106505000919;44673735EAF46E11B7B78A650500BC08;2025-06-10;-8.0;-1392.0
9C577F655AE66E11B7B78A650500BC08;44673735EAF46E11B7B78A650500BC08;2025-06-10;-4.0;-139.6
BCF04DC9CC3FFE11F1557891FE695689;44673735EAF46E11B7B78A650500BC08;2025-06-10;-2.0;-520.3
4294F80B58138E117E64BB6505004BAA;44673735EAF46E11B7B78A650500BC08;2025-06-10;-4.0;-433.44
D88F2344C11A8E11F243BB650500304B;44673735EAF46E11B7B78A650500BC08;2025-06-10;-2.0;-64.92
3966912E7C456E11B7B78A650500BC08;44673735EAF46E11B7B78A650500BC08;2025-06-10;-4.0;-593.4
2F28738B09378E11F243BB6505009C3B;44673735EAF46E11B7B78A650500BC08;2025-06-10;-2.0;-293.12
69BC745D6309AE11BE21106505007C4A;44673735EAF46E11B7B78A650500BC08;2025-06-10;-2.0;-182.4
F42748CCDC9F7E110819BB65050039AA;44673735EAF46E11B7B78A650500BC08;2025-06-10;-4.0;-184.32
0F5878DAA9098E11F243BB650500EE3B;44673735EAF46E11B7B78A650500BC08;2025-06-10;-4.0;-376.36
9C2399A60207BE118772106505003659;44673735EAF46E11B7B78A650500BC08;2025-06-10;-3.0;-494.94
642A59F44E456E11B7B78A650500BC08;44673735EAF46E11B7B78A650500BC08;2025-06-10;-64.0;-768.38
6C7458BD99AC7E110819BB65050039AA;44673735EAF46E11B7B78A650500BC08;2025-06-10;-6.0;-20.4
CE52EC50E6568E11F243BB6505007B3B;44673735EAF46E11B7B78A650500BC08;2025-06-10;-4.0;-172.68
B34AAA1562CBFE111280106505000919;44673735EAF46E11B7B78A650500BC08;2025-06-10;-2.0;-2093.72
72B3B62E7E8ADE11406610650500A24A;44673735EAF46E11B7B78A650500BC08;2025-06-10;-6.0;-9250.46
3007D2D20E456E11B7B78A650500BC08;44673735EAF46E11B7B78A650500BC08;2025-06-10;-2.0;-2918.0
667775EA9D456E11B7B78A650500BC08;44673735EAF46E11B7B78A650500BC08;2025-06-10;-8.0;-452.96
7B6749D341AA6E11B7B78A650500BC08;44673735EAF46E11B7B78A650500BC08;2025-06-10;-2.0;-105.0
7C439A624F49AE11BE2110650500DC4A;44673735EAF46E11B7B78A650500BC08;2025-06-10;-2.0;-116.38
0F8CF45E31C7DE11C84610650500107A;44673735EAF46E11B7B78A650500BC08;2025-06-10;-10.0;-219.06
85C7703F6EEAAE11BE2110650500EE4A;44673735EAF46E11B7B78A650500BC08;2025-06-10;-12.0;-339.12
5A219D349EE2BE11BE2110650500195A;44673735EAF46E11B7B78A650500BC08;2025-06-10;-2.0;-29.48
3229A1BFCAD0FE1191EE10650500FAB9;44673735EAF46E11B7B78A650500BC08;2025-06-10;-2.0;-282.6
BBCB17FFD6568E11F243BB6505007B3B;44673735EAF46E11B7B78A650500BC08;2025-06-10;-2.0;-109.76
00BA875F4B72BE11BE2110650500885A;44673735EAF46E11B7B78A650500BC08;2025-06-10;-2.0;-197.3
0BFC4D247A21BE11BE2110650500D65A;44673735EAF46E11B7B78A650500BC08;2025-06-10;-2.0;-433.84
3AA8C1813D4BEE1191EE1065050029B9;44673735EAF46E11B7B78A650500BC08;2025-06-10;-2.0;-235.48
1C251A8DFF537E11B7B78A650500DD08;44673735EAF46E11B7B78A650500BC08;2025-06-10;-2.0;-8140.0
802BC84E19AF7E110819BB65050039AA;44673735EAF46E11B7B78A650500BC08;2025-06-10;-4.0;-1124.84
A8D8D3E6104FFE11F1557891FE695689;44673735EAF46E11B7B78A650500BC08;2025-06-10;-2.0;-26.56
1A03DC6A9C456E11B7B78A650500BC08;44673735EAF46E11B7B78A650500BC08;2025-06-10;-10.0;-1378.34
4F43FDABF90EED11A62CD892C000399B;44673735EAF46E11B7B78A650500BC08;2025-06-10;-2.0;-563.08
106265483915CE11ADB3106505000DA8;44673735EAF46E11B7B78A650500BC08;2025-06-10;-4.0;-1161.48
F3D7F6328D456E11B7B78A650500BC08;44673735EAF46E11B7B78A650500BC08;2025-06-10;-4.0;-126.24
BF36E415AA79DE11406610650500414A;44673735EAF46E11B7B78A650500BC08;2025-06-10;-2.0;-264.0
770ED6C599FC9E11726010650500E94A;FC081C55582CED11A62CD892C0003F2A;2025-06-10;-2.0;-127.44
9790516A93C1CE11877210650500E369;FC081C55582CED11A62CD892C0003F2A;2025-06-10;-6.0;-122.88
444FAD4C900DBE11877210650500DD59;FC081C55582CED11A62CD892C0003F2A;2025-06-10;-6.0;-18.44
66C0C4803722DE11ADB3106505009DB8;FC081C55582CED11A62CD892C0003F2A;2025-06-10;-2.0;-178.02
F2AD502BDC065E1142D58A650500DC08;FC081C55582CED11A62CD892C0003F2A;2025-06-10;-270.0;-810.0
7A6D6A73DCC1CE11877210650500F369;FC081C55582CED11A62CD892C0003F2A;2025-06-10;-2.0;-240.14
09D785ECFCA3DE11ADB3106505008FB8;FC081C55582CED11A62CD892C0003F2A;2025-06-10;-2.0;-132.8
E5190FC03364EE11B1AD10650500D7EA;FC081C55582CED11A62CD892C0003F2A;2025-06-10;-2.0;-47.28
BEC88C6A663EAE11BE2110650500135A;FC081C55582CED11A62CD892C0003F2A;2025-06-10;-2.0;-24.96
1A9D772C0040EE114066106505003A4A;FC081C55582CED11A62CD892C0003F2A;2025-06-10;-2.0;-68.0
A80AC546F173EE11B1AD10650500A6EA;FC081C55582CED11A62CD892C0003F2A;2025-06-10;-2.0;-150.4
C2C8F81C7578FE11128010650500D819;FC081C55582CED11A62CD892C0003F2A;2025-06-10;-2.0;-166.9
94303E5412EC6E11B7B78A650500BC08;FC081C55582CED11A62CD892C0003F2A;2025-06-10;-4.0;-333.65999999999997
017F1053EFAF5E1142D58A650500AD08;FC081C55582CED11A62CD892C0003F2A;2025-06-10;-4.0;-498.64
FBD9D40C0CFEDE11406610650500984A;FC081C55582CED11A62CD892C0003F2A;2025-06-10;-2.0;-476.18
EB3860F06D89FE11128010650500E819;FC081C55582CED11A62CD892C0003F2A;2025-06-10;-2.0;-695.46
5150F012C7C4AE11726010650500E35A;FC081C55582CED11A62CD892C0003F2A;2025-06-10;-2.0;-373.6
DC8DE026E315AE11726010650500445A;FC081C55582CED11A62CD892C0003F2A;2025-06-10;-16.0;-1310.64
6F04438E2B34DE11ADB31065050050C8;FC081C55582CED11A62CD892C0003F2A;2025-06-10;-2.0;-416.06
377D7E8CF0CAED11A62CD892C0003F2A;FC081C55582CED11A62CD892C0003F2A;2025-06-10;-2.0;-320.84
3EA0829B05E6AE11BE2110650500C94A;FC081C55582CED11A62CD892C0003F2A;2025-06-10;-6.0;-540.46
B5E4A4586A100E11A4A96492C0002019;FC081C55582CED11A62CD892C0003F2A;2025-06-10;-2.0;-284.0
744E57E6D410CE11877210650500C169;FC081C55582CED11A62CD892C0003F2A;2025-06-10;-2.0;-263.94
E7164409D533FE1191EE106505000EB9;FC081C55582CED11A62CD892C0003F2A;2025-06-10;-6.0;-3240.0
ACCC55E22F2CDE11406610650500E44A;FC081C55582CED11A62CD892C0003F2A;2025-06-10;-6.0;-539.34
D10B6D9DFA768E11F243BB650500AB3B;FC081C55582CED11A62CD892C0003F2A;2025-06-10;-2.0;-126.26
EA51CD5CEB01FE1191EE106505003BB9;FC081C55582CED11A62CD892C0003F2A;2025-06-10;-2.0;-47.86
AB89E479AE40EE114066106505004A4A;FC081C55582CED11A62CD892C0003F2A;2025-06-10;-8.0;-1272.92
78AEFCCBCE13FE1191EE10650500EDB9;FC081C55582CED11A62CD892C0003F2A;2025-06-10;-2.0;-313.0
9B1474380E17CE11ADB3106505009EA8;FC081C55582CED11A62CD892C0003F2A;2025-06-10;-2.0;-1092.0
ADEB853E0CFEDE11406610650500984A;FC081C55582CED11A62CD892C0003F2A;2025-06-10;-2.0;-478.8
7357CADF84DDBE11877210650500EE59;FC081C55582CED11A62CD892C0003F2A;2025-06-10;-8.0;-465.84
0BEF8E7E968B3E11052F6792C000D249;FC081C55582CED11A62CD892C0003F2A;2025-06-10;-2.0;-73.8
D2D5AA80405DEE1191EE1065050029B9;FC081C55582CED11A62CD892C0003F2A;2025-06-10;-2.0;-779.28
EFC80C62D4590E11A4A96492C0001269;FC081C55582CED11A62CD892C0003F2A;2025-06-10;-2.0;-370.68
28DF895C1A5FFE11F1557891FE697689;FC081C55582CED11A62CD892C0003F2A;2025-06-10;-2.0;-142.84
BB3B2942599EFE11F1557891FE698589;FC081C55582CED11A62CD892C0003F2A;2025-06-10;-2.0;-400.0
E290A0487A8BDE11406610650500044A;FC081C55582CED11A62CD892C0003F2A;2025-06-10;-2.0;-156.12
76757CEB9DE8FD11A4A96492C000AA89;FC081C55582CED11A62CD892C0003F2A;2025-06-10;-4.0;-919.12
E14E3F107946DE11ADB310650500F2C8;FC081C55582CED11A62CD892C0003F2A;2025-06-10;-2.0;-37.38
071517B0686BAE11BE21106505008F4A;FC081C55582CED11A62CD892C0003F2A;2025-06-10;-2.0;-2066.0
5252E7BD13B78E11F243BB6505003D3B;FC081C55582CED11A62CD892C0003F2A;2025-06-10;-2.0;-62.36
8B2D9D4479B1EE114066106505001C4A;FC081C55582CED11A62CD892C0003F2A;2025-06-10;-4.0;-632.96
F76E7A96098AFE11128010650500E819;FC081C55582CED11A62CD892C0003F2A;2025-06-10;-2.0;-1400.86
47548F31D6C5BE11BE2110650500BC5A;FC081C55582CED11A62CD892C0003F2A;2025-06-10;-2.0;-946.98
B4D3B0467EA23E11052F6792C000CF39;FC081C55582CED11A62CD892C0003F2A;2025-06-10;-2.0;-261.32
4AA238198E74FE1191EE10650500CFB9;FC081C55582CED11A62CD892C0003F2A;2025-06-10;-2.0;-540.0
403D254B51B39E115540106505002D3B;FC081C55582CED11A62CD892C0003F2A;2025-06-10;-2.0;-405.78
95DA4B385F6A2E11052F6792C0007F39;FC081C55582CED11A62CD892C0003F2A;2025-06-10;-2.0;-111.08
B320D83931CAED11A62CD892C0003F2A;FC081C55582CED11A62CD892C0003F2A;2025-06-10;-2.0;-3693.32
9F96B7DB01CAED11A62CD892C0003F2A;FC081C55582CED11A62CD892C0003F2A;2025-06-10;-4.0;-1068.52
F1DB6C71D034FE1191EE106505005FB9;FC081C55582CED11A62CD892C0003F2A;2025-06-10;-4.0;-580.0
0F106DB008E4DE11ADB31065050031C8;FC081C55582CED11A62CD892C0003F2A;2025-06-10;-2.0;-292.28
7814B8872BA9CE11ADB310650500E1B8;FC081C55582CED11A62CD892C0003F2A;2025-06-10;-2.0;-69.28
97419871AED4EE11B1AD1065050078EA;FC081C55582CED11A62CD892C0003F2A;2025-06-10;-2.0;-86.68
535082154E76AE11BE2110650500494A;FC081C55582CED11A62CD892C0003F2A;2025-06-10;-2.0;-598.48
0EFF7304D75F5E1142D58A6505008D08;FC081C55582CED11A62CD892C0003F2A;2025-06-10;-2.0;-2346.66
61750F2D20CAED11A62CD892C0003F2A;FC081C55582CED11A62CD892C0003F2A;2025-06-10;-2.0;-118.0
F458397C4032FE1191EE10650500ACB9;FC081C55582CED11A62CD892C0003F2A;2025-06-10;-2.0;-101.2
CF32AE3A2A6BFE111280106505000919;FC081C55582CED11A62CD892C0003F2A;2025-06-10;-2.0;-85.98
735DE598C01C3E11052F6792C000D249;FC081C55582CED11A62CD892C0003F2A;2025-06-10;-2.0;-66.0
EB0784AC1A5FFE11F1557891FE697689;FC081C55582CED11A62CD892C0003F2A;2025-06-10;-2.0;-112.18
A4E093C00424EE11B1AD1065050087EA;FC081C55582CED11A62CD892C0003F2A;2025-06-10;-2.0;-225.52
2054D59AEAB4EE11B1AD1065050048EA;FC081C55582CED11A62CD892C0003F2A;2025-06-10;-4.0;-289.66
3D2DB69DED94DE11ADB310650500D0C8;FC081C55582CED11A62CD892C0003F2A;2025-06-10;-2.0;-51.06
F235CA7A0285EE1191EE10650500E4B9;FC081C55582CED11A62CD892C0003F2A;2025-06-10;-2.0;-376.86
A55C5135183BBE118772106505009B59;FC081C55582CED11A62CD892C0003F2A;2025-06-10;-2.0;-200.02
8C4D129EF77EFE11F1557891FE695589;FC081C55582CED11A62CD892C0003F2A;2025-06-10;-4.0;-164.44
9B9D9174CCACEE1191EE1065050029B9;FC081C55582CED11A62CD892C0003F2A;2025-06-10;-2.0;-325.6
FEA50C0470FBDE11406610650500844A;FC081C55582CED11A62CD892C0003F2A;2025-06-10;-2.0;-362.72
C63EE0E5A257DE11C846106505008F6A;FC081C55582CED11A62CD892C0003F2A;2025-06-10;-2.0;-51.0
BA490D2DD562CE11877210650500B469;FC081C55582CED11A62CD892C0003F2A;2025-06-10;-2.0;-817.9
1A56F7582642FE1191EE10650500CCB9;FC081C55582CED11A62CD892C0003F2A;2025-06-10;-2.0;-947.88
D8A092A311E1FE1191EE106505004CB9;FC081C55582CED11A62CD892C0003F2A;2025-06-10;-2.0;-671.72
B7EAC9E24C0F5E1142D58A6505008D08;FC081C55582CED11A62CD892C0003F2A;2025-06-10;-2.0;-219.78
619177B82642FE1191EE10650500CCB9;FC081C55582CED11A62CD892C0003F2A;2025-06-10;-2.0;-1691.2
5D6F723925802E1143F0668E4200C71A;FC081C55582CED11A62CD892C0003F2A;2025-06-10;-4.0;-200.8
C21D462FA0638E111E1BBB650500BBAA;FC081C55582CED11A62CD892C0003F2A;2025-06-10;-2.0;-39.84
05328AB28754EE11B1AD10650500C7EA;FC081C55582CED11A62CD892C0003F2A;2025-06-10;-2.0;-169.18
34CF5FCF20CAED11A62CD892C0003F2A;FC081C55582CED11A62CD892C0003F2A;2025-06-10;-44.0;-308.0
6AE514F8223C6E11B7B78A650500BC08;FC081C55582CED11A62CD892C0003F2A;2025-06-10;-2.0;-111.96
9EBD5A06D343FE1191EE106505001EB9;FC081C55582CED11A62CD892C0003F2A;2025-06-10;-2.0;-393.14
CF86F83DF462CE11877210650500B469;FC081C55582CED11A62CD892C0003F2A;2025-06-10;-2.0;-325.8
96DED9DE90CAED11A62CD892C0003F2A;FC081C55582CED11A62CD892C0003F2A;2025-06-10;-2.0;-133.58
A7A8E1F7EF71AE11726010650500BF4A;FC081C55582CED11A62CD892C0003F2A;2025-06-10;-2.0;-303.84
C266CB6C4CA49E115540106505007E3B;FC081C55582CED11A62CD892C0003F2A;2025-06-10;-4.0;-446.02
577689A5CCEABE118772106505003B59;FC081C55582CED11A62CD892C0003F2A;2025-06-10;-2.0;-204.88
E98C1F4D4F82DE11ADB3106505001EB8;FC081C55582CED11A62CD892C0003F2A;2025-06-10;-2.0;-682.62
F4C8FABB64B0EE11406610650500CA4A;FC081C55582CED11A62CD892C0003F2A;2025-06-10;-2.0;-987.0
CCAD1BFEBF3FFE11F1557891FE695689;FC081C55582CED11A62CD892C0003F2A;2025-06-10;-16.0;-1713.6
6DCB0E913EDBBE118772106505006C59;FC081C55582CED11A62CD892C0003F2A;2025-06-10;-2.0;-226.24
8F3ACCD6D4F5FE1191EE10650500A1C9;FC081C55582CED11A62CD892C0003F2A;2025-06-10;-2.0;-579.52
75871A274654EE11B1AD10650500C7EA;FC081C55582CED11A62CD892C0003F2A;2025-06-10;-2.0;-1661.78
F100A7C2B60A0E11A4A96492C0001269;FC081C55582CED11A62CD892C0003F2A;2025-06-10;-2.0;-615.44
CC7874C898E3FE1191EE10650500FEB9;FC081C55582CED11A62CD892C0003F2A;2025-06-10;-4.0;-234.44
A5FC6FE23F5A4E1142D58A6505009C08;FC081C55582CED11A62CD892C0003F2A;2025-06-10;-2.0;-180.84
BF4E6B4A8CF57E11B7B78A650500ED08;FC081C55582CED11A62CD892C0003F2A;2025-06-10;-2.0;-206.44
AD5E1CCDE9E2FE1191EE10650500ADB9;FC081C55582CED11A62CD892C0003F2A;2025-06-10;-2.0;-858.54
9A287741A4A4FE1191EE10650500FFB9;FC081C55582CED11A62CD892C0003F2A;2025-06-10;-2.0;-258.16
28C3CFD63B5C7E110819BB65050039AA;FC081C55582CED11A62CD892C0003F2A;2025-06-10;-2.0;-43.34
7737900B9E80FE1191EE106505009AB9;FC081C55582CED11A62CD892C0003F2A;2025-06-10;-2.0;-283.98
B2AF0601FFBAED11A62CD892C0003F2A;FC081C55582CED11A62CD892C0003F2A;2025-06-10;-2.0;-235.74
7797419B5E6ABE118772106505009A59;FC081C55582CED11A62CD892C0003F2A;2025-06-10;-2.0;-451.84
3A5A892EC023CE11877210650500A569;FC081C55582CED11A62CD892C0003F2A;2025-06-10;-4.0;-120.28
832C53538ABAFE11128010650500E819;B0BDDED34CC83E11052F6792C000B249;2025-06-10;-4.0;-118.56
0972ADEACCC0FE1191EE10650500EAB9;B0BDDED34CC83E11052F6792C000B249;2025-06-10;-2.0;-369.2
65900C42662BDE11406610650500734A;B0BDDED34CC83E11052F6792C000B249;2025-06-10;-2.0;-396.0
2EFF22F28ABAFE11128010650500E819;B0BDDED34CC83E11052F6792C000B249;2025-06-10;-4.0;-125.44
55386BFA44425E1142D58A650500DC08;B0BDDED34CC83E11052F6792C000B249;2025-06-10;-2.0;-206.44
DE433F4F5F73DE11ADB3106505004FB8;B0BDDED34CC83E11052F6792C000B249;2025-06-10;-4.0;-832.72
80F3A378A4170E11A4A96492C000EC6A;B0BDDED34CC83E11052F6792C000B249;2025-06-10;-2.0;-211.08
C5DCAB1D719EBE11877210650500DF59;B0BDDED34CC83E11052F6792C000B249;2025-06-10;-12.0;-334.32000000000005
252E7707F2CAED11A62CD892C0003F2A;B0BDDED34CC83E11052F6792C000B249;2025-06-10;-2.0;-347.64
97130C4601CAED11A62CD892C0003F2A;B0BDDED34CC83E11052F6792C000B249;2025-06-10;-2.0;-246.76
CF8459F1473EBE118772106505006F59;B0BDDED34CC83E11052F6792C000B249;2025-06-10;-4.0;-299.92
578E502DD50DEE1191EE1065050029B9;B0BDDED34CC83E11052F6792C000B249;2025-06-10;-2.0;-214.68
1119919C9064EE11B1AD10650500D7EA;B0BDDED34CC83E11052F6792C000B249;2025-06-10;-2.0;-305.54
708F9F968C7BDE11406610650500F34A;B0BDDED34CC83E11052F6792C000B249;2025-06-10;-2.0;-10.0
FB574AA2D03D7E110819BB65050039AA;B0BDDED34CC83E11052F6792C000B249;2025-06-10;-2.0;-22.38
ED20BEB6104FFE11F1557891FE695689;B0BDDED34CC83E11052F6792C000B249;2025-06-10;-2.0;-24.36
E8B3841E55C0CE11877210650500A269;B0BDDED34CC83E11052F6792C000B249;2025-06-10;-2.0;-55.68
88D18E6DCFD4EE11B1AD1065050078EA;B0BDDED34CC83E11052F6792C000B249;2025-06-10;-6.0;-903.3000000000001
7B43866C49CA2E11052F6792C0007F39;B0BDDED34CC83E11052F6792C000B249;2025-06-10;-2.0;-332.84
EE08E9D401CAED11A62CD892C0003F2A;B0BDDED34CC83E11052F6792C000B249;2025-06-10;-2.0;-198.0
38133FAD632ECE11ADB310650500F7B8;B0BDDED34CC83E11052F6792C000B249;2025-06-10;-2.0;-574.0
7BF1C6BF62CAED11A62CD892C0003F2A;B0BDDED34CC83E11052F6792C000B249;2025-06-10;-2.0;-544.18
8C9A71F0375F5E1142D58A6505008D08;B0BDDED34CC83E11052F6792C000B249;2025-06-10;-8.0;-50.42
7193A42C90458E113835BB6505000EAA;B0BDDED34CC83E11052F6792C000B249;2025-06-10;-22.0;-4181.76
B246F2D8CC8EFE11F1557891FE697589;B0BDDED34CC83E11052F6792C000B249;2025-06-10;-2.0;-393.26
D6C4D1A9542AFE11128010650500E819;B0BDDED34CC83E11052F6792C000B249;2025-06-10;-2.0;-2336.34
D955C19F5145DE11ADB310650500A1C8;B0BDDED34CC83E11052F6792C000B249;2025-06-10;-2.0;-354.62
1112A200FFAFFE11F1557891FE69E689;B0BDDED34CC83E11052F6792C000B249;2025-06-10;-8.0;-642.0
CC5C8E76CD456E11B7B78A650500BC08;B0BDDED34CC83E11052F6792C000B249;2025-06-10;-4.0;-441.76
82DD3224FA0D7E110819BB65050039AA;B0BDDED34CC83E11052F6792C000B249;2025-06-10;-2.0;-367.7
ACBFCD7E54D67E11B7B78A650500ED08;B0BDDED34CC83E11052F6792C000B249;2025-06-10;-2.0;-64.62
E0D469EE2F08DE11C84610650500707A;B0BDDED34CC83E11052F6792C000B249;2025-06-10;-2.0;-1025.18
E9A6C6356240EE114066106505003A4A;B0BDDED34CC83E11052F6792C000B249;2025-06-10;-2.0;-172.92
6C95D37F73167E11B7B78A650500ED08;B0BDDED34CC83E11052F6792C000B249;2025-06-10;-8.0;-348.0
788ACCA071125E1142D58A650500DC08;B0BDDED34CC83E11052F6792C000B249;2025-06-10;-2.0;-67.62
E7404E00B0CAED11A62CD892C0003F2A;B0BDDED34CC83E11052F6792C000B249;2025-06-10;-4.0;-216.28
2DD7C50AF502AE11726010650500605A;B0BDDED34CC83E11052F6792C000B249;2025-06-10;-2.0;-207.24
78CD6AE3E60BFE11128010650500E819;B0BDDED34CC83E11052F6792C000B249;2025-06-10;-4.0;-240.76
009BDC3256D46E11B7B78A650500BC08;B0BDDED34CC83E11052F6792C000B249;2025-06-10;-2.0;-466.82
27312590B0CAED11A62CD892C0003F2A;B0BDDED34CC83E11052F6792C000B249;2025-06-10;-2.0;-108.42
206A5A7B01F0EE114066106505001B4A;B0BDDED34CC83E11052F6792C000B249;2025-06-10;-2.0;-48.84
84A6BE7EF77EFE11F1557891FE695589;B0BDDED34CC83E11052F6792C000B249;2025-06-10;-4.0;-164.44
3E8FF86771365E1142D58A650500DC08;B0BDDED34CC83E11052F6792C000B249;2025-06-10;-14.0;-1864.8000000000002
8AFA00218D8FFE11F1557891FE69B689;B0BDDED34CC83E11052F6792C000B249;2025-06-10;-2.0;-990.66
D94274FB5C6D6E11B7B78A650500BC08;B0BDDED34CC83E11052F6792C000B249;2025-06-10;-2.0;-572.3
770519DFC0CAED11A62CD892C0003F2A;B0BDDED34CC83E11052F6792C000B249;2025-06-10;-8.0;-1534.64
6CA0DD1F2FF8AE11BE21106505007C4A;B0BDDED34CC83E11052F6792C000B249;2025-06-10;-2.0;-87.4
1DEF0327D44FFD11A4A96492C0001019;B0BDDED34CC83E11052F6792C000B249;2025-06-10;-2.0;-930.54
4B85C280AA1A7E110819BB65050029AA;B0BDDED34CC83E11052F6792C000B249;2025-06-10;-4.0;-657.96
FD003A7B4D5ADE11406610650500624A;B0BDDED34CC83E11052F6792C000B249;2025-06-10;-2.0;-854.0
97D01DB2675FFE11F1557891FE697689;B0BDDED34CC83E11052F6792C000B249;2025-06-10;-2.0;-507.86
E7C00827109ADE11406610650500A24A;B0BDDED34CC83E11052F6792C000B249;2025-06-10;-2.0;-315.44
E8425E81D1A76E11B7B78A650500BC08;B0BDDED34CC83E11052F6792C000B249;2025-06-10;-2.0;-303.64
8133259A51FBEE1191EE1065050029B9;B0BDDED34CC83E11052F6792C000B249;2025-06-10;-6.0;-76.84
78D74F3F637BDE11406610650500E34A;B0BDDED34CC83E11052F6792C000B249;2025-06-10;-2.0;-51.0
DB9F0F883B2E2E11052F6792C000CF39;B0BDDED34CC83E11052F6792C000B249;2025-06-10;-2.0;-304.34
1F8E7EC350993E11052F6792C000D249;B0BDDED34CC83E11052F6792C000B249;2025-06-10;-2.0;-732.98
679C6FE8697BAE11BE21106505009F4A;B0BDDED34CC83E11052F6792C000B249;2025-06-10;-4.0;-197.6
854C7BD955E0EE114066106505000B4A;B0BDDED34CC83E11052F6792C000B249;2025-06-10;-8.0;-926.96
7D7CD4002978FE11128010650500D819;B0BDDED34CC83E11052F6792C000B249;2025-06-10;-2.0;-76.42
8C2CE2C9D87A9E115250106505007B4A;B0BDDED34CC83E11052F6792C000B249;2025-06-10;-2.0;-80.46
BDD726ED6BBD3E11052F6792C000D249;B0BDDED34CC83E11052F6792C000B249;2025-06-10;-4.0;-81.72
8F1510E324FD4E1142D58A650500BC08;B0BDDED34CC83E11052F6792C000B249;2025-06-10;-2.0;-358.14
578EF3187348EE1191EE1065050038B9;B0BDDED34CC83E11052F6792C000B249;2025-06-10;-2.0;-1828.7
A7B667F7E04EFE11F1557891FE691589;B0BDDED34CC83E11052F6792C000B249;2025-06-10;-2.0;-275.6
4049248CF5802E1143F0668E4200C71A;B0BDDED34CC83E11052F6792C000B249;2025-06-10;-2.0;-319.58
B784C81358C4EE11B1AD1065050058EA;B0BDDED34CC83E11052F6792C000B249;2025-06-10;-2.0;-217.12
9E3CA7158A278E11F243BB6505008C3B;B0BDDED34CC83E11052F6792C000B249;2025-06-10;-2.0;-76.98
050B26DB6509AE11BE21106505007C4A;44673735EAF46E11B7B78A650500BC08;2025-06-10;2.0;578.58
48AFB10F18D2DE11ADB3106505007EB8;B0BDDED34CC83E11052F6792C000B249;2025-06-10;4.0;384.36
A59E6D4182C97E110819BB65050019AA;44673735EAF46E11B7B78A650500BC08;2025-06-10;-8.0;-73.04
6115BC8D6E29CE11ADB31065050041B8;44673735EAF46E11B7B78A650500BC08;2025-06-10;0.0;0.0
7C6DD55278EADE11406610650500234A;44673735EAF46E11B7B78A650500BC08;2025-06-10;0.0;4.547473508864641e-13
36B97897710A3E11052F6792C000D249;44673735EAF46E11B7B78A650500BC08;2025-06-10;-4.0;-1449.92
322A87809D67EE1191EE1065050017B9;B0BDDED34CC83E11052F6792C000B249;2025-06-10;8.0;1359.24
3C6E344F46CCDE11406610650500A54A;44673735EAF46E11B7B78A650500BC08;2025-06-10;-4.0;-437.02
E5F5605DD0CAED11A62CD892C0003F2A;FC081C55582CED11A62CD892C0003F2A;2025-06-10;4.0;4119.66
587457BB4D95FE1191EE1065050031C9;FC081C55582CED11A62CD892C0003F2A;2025-06-10;6.0;3275.26
8C71B89987F1EE114066106505007C4A;FC081C55582CED11A62CD892C0003F2A;2025-06-10;18.0;8463.14
F6AD25AB066E9E11726010650500CB4A;44673735EAF46E11B7B78A650500BC08;2025-06-10;0.0;0.0
29F393D4BBB9AE11BE21106505006D4A;44673735EAF46E11B7B78A650500BC08;2025-06-10;0.0;0.0
E41DCEA3772CFE111280106505000919;44673735EAF46E11B7B78A650500BC08;2025-06-10;0.0;0.0
E12E75B014D9DE11406610650500B14A;44673735EAF46E11B7B78A650500BC08;2025-06-10;0.0;0.0
D704915671E19E11F243BB650500BA4B;FC081C55582CED11A62CD892C0003F2A;2025-06-10;18.0;5823.54
26C9664F4EF9FE11128010650500E819;FC081C55582CED11A62CD892C0003F2A;2025-06-10;12.0;4507.68
8DA4A9D094520F114EF7A826072B7A89;FC081C55582CED11A62CD892C0003F2A;2025-06-10;2.0;1380.18
061B4958E770BE11BE2110650500F55A;44673735EAF46E11B7B78A650500BC08;2025-06-10;40.0;338.96000000000004
88B3BE18E494AE11726010650500A35A;44673735EAF46E11B7B78A650500BC08;2025-06-10;20.0;3534.4
79F276303C456E11B7B78A650500BC08;44673735EAF46E11B7B78A650500BC08;2025-06-10;30.0;11446.12
F4AF71E4075DCE11ADB310650500E6B8;FC081C55582CED11A62CD892C0003F2A;2025-06-10;20.0;1134.0
8D985F380D8FCE11ADB310650500E9B8;FC081C55582CED11A62CD892C0003F2A;2025-06-10;20.0;1744.6
3C5DB9CA328D8E11F243BB650500254B;FC081C55582CED11A62CD892C0003F2A;2025-06-10;6.0;748.38
4D8DECA4094EFD11A4A96492C0006D28;FC081C55582CED11A62CD892C0003F2A;2025-06-10;4.0;562.56
D1C37F697F35DE11ADB310650500A1C8;FC081C55582CED11A62CD892C0003F2A;2025-06-10;4.0;469.36
8DA4A9D094520F114EF7A826072B7A89;B0BDDED34CC83E11052F6792C000B249;2025-06-10;2.0;1380.16
1C8C3B7101CAED11A62CD892C0003F2A;FC081C55582CED11A62CD892C0003F2A;2025-06-10;0.0;0.0
5022857200E7EE1191EE10650500A7B9;44673735EAF46E11B7B78A650500BC08;2025-06-10;40.0;321.56
FD3B97376D530F114EF7A826072BCB89;B0BDDED34CC83E11052F6792C000B249;2025-06-10;40.0;232.12
9DB63EE5CC456E11B7B78A650500BC08;44673735EAF46E11B7B78A650500BC08;2025-06-10;10.0;1527.6
A0BE76E2DC456E11B7B78A650500BC08;44673735EAF46E11B7B78A650500BC08;2025-06-10;24.0;6447.84
C39AE658D7A5DE11ADB31065050022C8;44673735EAF46E11B7B78A650500BC08;2025-06-10;18.0;4340.68
EF56646F6E08DE11C84610650500707A;44673735EAF46E11B7B78A650500BC08;2025-06-10;18.0;1526.5800000000002
C7C889ED0A37EE1191EE10650500D6B9;44673735EAF46E11B7B78A650500BC08;2025-06-10;26.0;1801.62
CA64184528D8EE1191EE10650500F8B9;44673735EAF46E11B7B78A650500BC08;2025-06-10;14.0;2725.56
77DC431298B37E11B7B78A650500DD08;44673735EAF46E11B7B78A650500BC08;2025-06-10;8.0;6451.84
DAAC7AA8BEB0DE11ADB3106505009BB8;44673735EAF46E11B7B78A650500BC08;2025-06-10;98.0;5635.0
6DB332DC22637E11B7B78A650500DD08;44673735EAF46E11B7B78A650500BC08;2025-06-10;38.0;10792.0
158CFA9F427EEE1191EE1065050029B9;B0BDDED34CC83E11052F6792C000B249;2025-06-10;0.0;0.0
E2A78382563EAE11BE2110650500135A;B0BDDED34CC83E11052F6792C000B249;2025-06-10;-2.0;-49.06
EC8C0520689D7E110819BB65050039AA;B0BDDED34CC83E11052F6792C000B249;2025-06-10;0.0;0.0
AE934F1D663EAE11BE2110650500135A;B0BDDED34CC83E11052F6792C000B249;2025-06-10;-2.0;-24.96
51C9633A937A7E110819BB65050039AA;B0BDDED34CC83E11052F6792C000B249;2025-06-10;0.0;0.0
B3877A6180A49E115540106505006E3B;44673735EAF46E11B7B78A650500BC08;2025-06-10;0.0;0.0
C1077B1D5D456E11B7B78A650500BC08;44673735EAF46E11B7B78A650500BC08;2025-06-10;44.0;5561.599999999999
734637BE2CE1EE114066106505006C4A;44673735EAF46E11B7B78A650500BC08;2025-06-10;22.0;2393.6
84169B3E1E456E11B7B78A650500BC08;44673735EAF46E11B7B78A650500BC08;2025-06-10;18.0;1765.8000000000002
71D65BF6CB70DE11ADB3106505004BB8;44673735EAF46E11B7B78A650500BC08;2025-06-10;0.0;-1.8189894035458565e-12
098D4F96A1130F114EF7A826072B6B89;FC081C55582CED11A62CD892C0003F2A;2025-06-10;0.0;0.0
58EC62B380020F114EF7A826072B0A89;FC081C55582CED11A62CD892C0003F2A;2025-06-10;-500.0;-7380.0
C85B44FD8DA8CE11ADB310650500A0B8;FC081C55582CED11A62CD892C0003F2A;2025-06-10;0.0;0.0
AA53484685130F114EF7A826072B6B89;FC081C55582CED11A62CD892C0003F2A;2025-06-10;0.0;0.0
0649B32E40A20F114EF7A826072BDA89;FC081C55582CED11A62CD892C0003F2A;2025-06-10;0.0;0.0
1888B32E40A20F114EF7A826072BDA89;FC081C55582CED11A62CD892C0003F2A;2025-06-10;0.0;0.0
A4D1006C2F10FE1191EE106505000AB9;FC081C55582CED11A62CD892C0003F2A;2025-06-10;0.0;0.0
D9A8248FCD456E11B7B78A650500BC08;44673735EAF46E11B7B78A650500BC08;2025-06-10;12.0;3942.6
F9A8248FCD456E11B7B78A650500BC08;44673735EAF46E11B7B78A650500BC08;2025-06-10;6.0;4371.42
35902C50ED456E11B7B78A650500BC08;44673735EAF46E11B7B78A650500BC08;2025-06-10;18.0;6120.58
72DB203282E3DE11ADB310650500CFB8;FC081C55582CED11A62CD892C0003F2A;2025-06-10;0.0;0.0
BB394D087F7CBE118772106505003D59;44673735EAF46E11B7B78A650500BC08;2025-06-10;40.0;5222.0
9E1C1843D3B0EE11406610650500CA4A;FC081C55582CED11A62CD892C0003F2A;2025-06-10;0.0;0.0
25064A7B216BCE11ADB31065050034B8;FC081C55582CED11A62CD892C0003F2A;2025-06-10;0.0;0.0
641B86DBE277CE11ADB3106505000FA8;FC081C55582CED11A62CD892C0003F2A;2025-06-10;0.0;0.0
52DADB58A90AAE11BE2110650500CD4A;44673735EAF46E11B7B78A650500BC08;2025-06-10;36.0;16072.919999999998
117948383D456E11B7B78A650500BC08;44673735EAF46E11B7B78A650500BC08;2025-06-10;16.0;1349.76
6B0DF4BB3D456E11B7B78A650500BC08;44673735EAF46E11B7B78A650500BC08;2025-06-10;44.0;1977.3999999999999
AB0DF4BB3D456E11B7B78A650500BC08;44673735EAF46E11B7B78A650500BC08;2025-06-10;24.0;1606.38
048B9C3BBF354E1142D58A6505002C08;44673735EAF46E11B7B78A650500BC08;2025-06-10;22.0;1321.3200000000002
C486995474054E1142D58A6505002C08;44673735EAF46E11B7B78A650500BC08;2025-06-10;18.0;1398.96
21D4662C575FFE11F1557891FE697689;B0BDDED34CC83E11052F6792C000B249;2025-06-10;36.0;2232.0
E0276259DE79EE1191EE1065050009B9;44673735EAF46E11B7B78A650500BC08;2025-06-10;0.0;0.0
6A070EB478C1FE1191EE106505002CB9;44673735EAF46E11B7B78A650500BC08;2025-06-10;0.0;0.0
93F73EA1E30BEE1191EE1065050029B9;44673735EAF46E11B7B78A650500BC08;2025-06-10;0.0;0.0
47692C3EE61ECE11ADB310650500E7B8;44673735EAF46E11B7B78A650500BC08;2025-06-10;0.0;0.0
549008398567FE1191EE1065050083C9;FC081C55582CED11A62CD892C0003F2A;2025-06-10;0.0;0.0
AB2BD0101BF3DE11ADB310650500FFB8;FC081C55582CED11A62CD892C0003F2A;2025-06-10;0.0;0.0
8036CF6B811FCE11ADB31065050029B8;44673735EAF46E11B7B78A650500BC08;2025-06-10;10.0;1999.58
0CD58392A1567E11B7B78A650500ED08;44673735EAF46E11B7B78A650500BC08;2025-06-10;-8.0;-322.72
D38FA4EBE11FCE11ADB31065050029B8;B0BDDED34CC83E11052F6792C000B249;2025-06-10;0.0;0.0
BF82B37C0C93FE1191EE106505009EB9;B0BDDED34CC83E11052F6792C000B249;2025-06-10;0.0;0.0
BE27DEC397310F11112A674AC7E2F889;B0BDDED34CC83E11052F6792C000B249;2025-06-10;0.0;0.0
C34D97DEAB297E110819BB65050009AA;B0BDDED34CC83E11052F6792C000B249;2025-06-10;0.0;0.0
735290FFB79FFE11F1557891FE69C689;B0BDDED34CC83E11052F6792C000B249;2025-06-10;0.0;0.0
4075EDF8DF0EEE1191EE1065050029B9;B0BDDED34CC83E11052F6792C000B249;2025-06-10;0.0;0.0
574F07A56EA4EE11B1AD1065050038EA;B0BDDED34CC83E11052F6792C000B249;2025-06-10;0.0;0.0
D2E97076A709CE11ADB31065050011B8;B0BDDED34CC83E11052F6792C000B249;2025-06-10;0.0;0.0
8528A06E250DEE1191EE1065050029B9;B0BDDED34CC83E11052F6792C000B249;2025-06-10;0.0;0.0
CA121823781FAE11BE2110650500345A;B0BDDED34CC83E11052F6792C000B249;2025-06-10;0.0;0.0
B713992A12238E117E64BB6505005BAA;B0BDDED34CC83E11052F6792C000B249;2025-06-10;-4.0;-442.0
F9A7FE6FE3E5CE11ADB3106505006DA8;B0BDDED34CC83E11052F6792C000B249;2025-06-10;0.0;0.0
83B801D9E267FE1191EE1065050083C9;B0BDDED34CC83E11052F6792C000B249;2025-06-10;0.0;0.0
E176C72BC83C7E110819BB65050039AA;B0BDDED34CC83E11052F6792C000B249;2025-06-10;0.0;0.0
D41A18EE0F649E115540106505001E3B;B0BDDED34CC83E11052F6792C000B249;2025-06-10;0.0;0.0
2A53A7A63B9ACE11ADB31065050013B8;B0BDDED34CC83E11052F6792C000B249;2025-06-10;0.0;0.0
40B6BC2CD083FE1191EE106505007EB9;B0BDDED34CC83E11052F6792C000B249;2025-06-10;0.0;0.0
5CA56AB89F09FE11128010650500E819;B0BDDED34CC83E11052F6792C000B249;2025-06-10;12.0;1253.08
96166AB89F09FE11128010650500E819;B0BDDED34CC83E11052F6792C000B249;2025-06-10;10.0;759.14
7629F9218CA3DE11ADB3106505008FB8;FC081C55582CED11A62CD892C0003F2A;2025-06-10;120.0;5700.2
8806F22A9836CE11ADB3106505008DA8;FC081C55582CED11A62CD892C0003F2A;2025-06-10;20.0;2375.8
0F9D9BB39E74FE1191EE10650500CFB9;FC081C55582CED11A62CD892C0003F2A;2025-06-10;20.0;669.8
8543499488A05E1142D58A650500BC08;B0BDDED34CC83E11052F6792C000B249;2025-06-10;8.0;5800.0
0EC87A6769FC9E11726010650500E94A;FC081C55582CED11A62CD892C0003F2A;2025-06-10;0.0;0.0
29703465AF06FE1191EE10650500C1C9;FC081C55582CED11A62CD892C0003F2A;2025-06-10;0.0;0.0
BC78CC23B355BE11BE21106505002C5A;FC081C55582CED11A62CD892C0003F2A;2025-06-10;0.0;0.0
2069B3A596B5FE1191EE1065050051C9;FC081C55582CED11A62CD892C0003F2A;2025-06-10;0.0;0.0
F9B4A03536DEEE1191EE1065050029B9;FC081C55582CED11A62CD892C0003F2A;2025-06-10;2.0;18003.62
4EE7C51D222DFE11F1557891FE69A389;FC081C55582CED11A62CD892C0003F2A;2025-06-10;20.0;1614.42
286AA0425C930F114EF7A826072B1C89;FC081C55582CED11A62CD892C0003F2A;2025-06-10;48.0;3839.04
6CC5323ECB41BE11BE2110650500075A;44673735EAF46E11B7B78A650500BC08;2025-06-10;-156.0;-7085.039999999999
50EE8B54CEF5DE11ADB31065050092C8;B0BDDED34CC83E11052F6792C000B249;2025-06-10;-8.0;-1098.1
A111B18A5A5EEE1191EE1065050029B9;FC081C55582CED11A62CD892C0003F2A;2025-06-10;0.0;0.0
1F884F7254940E11A4A96492C000067B;FC081C55582CED11A62CD892C0003F2A;2025-06-10;2.0;297.54
8DC6AC9D4935EE11B1AD10650500F8EA;FC081C55582CED11A62CD892C0003F2A;2025-06-10;2.0;837.7
7EAE6F6D55C1DE11ADB3106505001DB8;FC081C55582CED11A62CD892C0003F2A;2025-06-10;4.0;950.6400000000001
620B73B38ABAFE11128010650500E819;FC081C55582CED11A62CD892C0003F2A;2025-06-10;44.0;1304.16
8949021D75310F11112A674AC7E2F889;44673735EAF46E11B7B78A650500BC08;2025-06-10;-2.0;-236.26
2F6AD47894520F114EF7A826072B7A89;FC081C55582CED11A62CD892C0003F2A;2025-06-10;2.0;1660.0
F4D7E43B046B3E11052F6792C000D249;44673735EAF46E11B7B78A650500BC08;2025-06-10;36.0;2262.24
82B5C6C2DB4ACE11ADB310650500B2B8;FC081C55582CED11A62CD892C0003F2A;2025-06-10;-130.0;-7369.960000000001
AAFD3999A89BEE1191EE1065050029B9;FC081C55582CED11A62CD892C0003F2A;2025-06-10;-6.0;-308.2
FB38BE140253FE1191EE106505002EB9;FC081C55582CED11A62CD892C0003F2A;2025-06-10;-2.0;-214.36
1D5B283564A96E11B7B78A650500BC08;FC081C55582CED11A62CD892C0003F2A;2025-06-10;-4.0;-259.41999999999996
2561388E81CAED11A62CD892C0003F2A;FC081C55582CED11A62CD892C0003F2A;2025-06-10;-2.0;-46.5
169C943C1724FE1191EE106505004FB9;FC081C55582CED11A62CD892C0003F2A;2025-06-10;20.0;9380.0
423908F9D7C0DE11ADB310650500ABB8;44673735EAF46E11B7B78A650500BC08;2025-06-10;0.0;-2.842170943040401e-14
C128C4D1486BFE111280106505000919;FC081C55582CED11A62CD892C0003F2A;2025-06-10;10.0;2861.08
74E7995278EADE11406610650500234A;44673735EAF46E11B7B78A650500BC08;2025-06-10;12.0;11289.22
15438B674C456E11B7B78A650500BC08;44673735EAF46E11B7B78A650500BC08;2025-06-10;14.0;1807.36
44D93A8F390FEE1191EE1065050029B9;44673735EAF46E11B7B78A650500BC08;2025-06-10;-20.0;-144.3
9345EEFAB8E97E110819BB65050019AA;44673735EAF46E11B7B78A650500BC08;2025-06-10;-8.0;-406.5
021065333ECEAE11BE2110650500D35A;44673735EAF46E11B7B78A650500BC08;2025-06-10;-20.0;-2750.0
9F012534327DCE11ADB31065050007B8;44673735EAF46E11B7B78A650500BC08;2025-06-10;-2.0;-105.2
BBD555249C456E11B7B78A650500BC08;44673735EAF46E11B7B78A650500BC08;2025-06-10;-40.0;-614.4
7C6B6DA71D9F7E110819BB65050039AA;44673735EAF46E11B7B78A650500BC08;2025-06-10;-2.0;-71.22
FA03DC6A9C456E11B7B78A650500BC08;44673735EAF46E11B7B78A650500BC08;2025-06-10;-2.0;-290.92
72722163259F9E117260106505004D4A;44673735EAF46E11B7B78A650500BC08;2025-06-10;-2.0;-1270.32
120C00DE6EEAAE11BE2110650500EE4A;44673735EAF46E11B7B78A650500BC08;2025-06-10;-30.0;-514.46
A20DED1F3C456E11B7B78A650500BC08;44673735EAF46E11B7B78A650500BC08;2025-06-10;-10.0;-2464.0
C89C67838E3CEE1191EE1065050029B9;44673735EAF46E11B7B78A650500BC08;2025-06-10;-8.0;-872.0
14346E8FA1256E11B7B78A650500BC08;44673735EAF46E11B7B78A650500BC08;2025-06-10;-2.0;-227.06
21F9CAB8E770BE11BE2110650500F55A;44673735EAF46E11B7B78A650500BC08;2025-06-10;-2.0;-25.56
915559B666767E11B7B78A650500ED08;44673735EAF46E11B7B78A650500BC08;2025-06-10;-2.0;-242.42
781FFB92D0F27E11B7B78A650500DD08;44673735EAF46E11B7B78A650500BC08;2025-06-10;-2.0;-77.78
49D8FD59CBAF7E110819BB65050039AA;44673735EAF46E11B7B78A650500BC08;2025-06-10;-10.0;-3856.2799999999997
E9C029B21D1DDE11406610650500164A;44673735EAF46E11B7B78A650500BC08;2025-06-10;-4.0;-308.72
9D9EA7825D6D6E11B7B78A650500BC08;44673735EAF46E11B7B78A650500BC08;2025-06-10;-6.0;-153.3
108E9723A5118E110819BB65050039AA;44673735EAF46E11B7B78A650500BC08;2025-06-10;-2.0;-355.54
2E8E3E087DECEE1191EE1065050029B9;44673735EAF46E11B7B78A650500BC08;2025-06-10;-2.0;-425.8
1624D5E2AEEBCE11ADB310650500E4B8;44673735EAF46E11B7B78A650500BC08;2025-06-10;-4.0;-445.14
8B31112B77049E115540106505009D3B;44673735EAF46E11B7B78A650500BC08;2025-06-10;-2.0;-1061.04
728E8576973FCE11ADB31065050059B8;44673735EAF46E11B7B78A650500BC08;2025-06-10;-2.0;-1125.86
37636B7FCE456E11B7B78A650500BC08;44673735EAF46E11B7B78A650500BC08;2025-06-10;-46.0;-1115.32
B539B25CBD1CBE11877210650500BC59;44673735EAF46E11B7B78A650500BC08;2025-06-10;-2.0;-946.28
F92F98DBEC9F7E110819BB65050039AA;44673735EAF46E11B7B78A650500BC08;2025-06-10;-2.0;-55.92
CF203DE8AC456E11B7B78A650500BC08;44673735EAF46E11B7B78A650500BC08;2025-06-10;-8.0;-1095.9
784399AC9E456E11B7B78A650500BC08;44673735EAF46E11B7B78A650500BC08;2025-06-10;-8.0;-210.4
9F9889072C8EAE11BE2110650500835A;44673735EAF46E11B7B78A650500BC08;2025-06-10;-10.0;-1130.6
0AE4B5203D456E11B7B78A650500BC08;44673735EAF46E11B7B78A650500BC08;2025-06-10;-6.0;-235.32
A624EB2B2EF10F114EF7A826072B0A89;44673735EAF46E11B7B78A650500BC08;2025-06-10;-2.0;-121.2
5396E415AA79DE11406610650500414A;44673735EAF46E11B7B78A650500BC08;2025-06-10;-12.0;-2160.92
FB6B2EE12ADFEE1191EE10650500A9B9;44673735EAF46E11B7B78A650500BC08;2025-06-10;-6.0;-2654.4
BA907F315F35CE11ADB3106505001DA8;44673735EAF46E11B7B78A650500BC08;2025-06-10;-6.0;-1028.04
B457ECE62A819E11F243BB6505004A4B;44673735EAF46E11B7B78A650500BC08;2025-06-10;-8.0;-416.0
13A27077F555BE11BE21106505002C5A;44673735EAF46E11B7B78A650500BC08;2025-06-10;-4.0;-619.48
C73E1F90A4ABEE1191EE1065050029B9;44673735EAF46E11B7B78A650500BC08;2025-06-10;-4.0;-284.8
9730EBDC5A23AE11726010650500D15A;44673735EAF46E11B7B78A650500BC08;2025-06-10;-10.0;-644.3000000000001
A9FB3A072E59BE118772106505003959;44673735EAF46E11B7B78A650500BC08;2025-06-10;-6.0;-285.12
4B5CA666BCADBE11877210650500BE59;44673735EAF46E11B7B78A650500BC08;2025-06-10;-2.0;-202.0
65349E308D456E11B7B78A650500BC08;44673735EAF46E11B7B78A650500BC08;2025-06-10;-4.0;-355.2
CD5D1F518805FE1191EE1065050070C9;44673735EAF46E11B7B78A650500BC08;2025-06-10;-6.0;-614.04
EEF6B9DA12238E117E64BB6505005BAA;44673735EAF46E11B7B78A650500BC08;2025-06-10;-2.0;-75.0
390FC1B3681FAE11BE2110650500345A;44673735EAF46E11B7B78A650500BC08;2025-06-10;-2.0;-285.14
BBE755821CEEDE11406610650500884A;44673735EAF46E11B7B78A650500BC08;2025-06-10;-2.0;-199.62
A24B77ECD676BE118772106505008559;44673735EAF46E11B7B78A650500BC08;2025-06-10;-2.0;-1465.66
A2AC96012F83AE11726010650500525A;44673735EAF46E11B7B78A650500BC08;2025-06-10;-4.0;-1233.92
AE28EBE9D11BEE1191EE1065050029B9;44673735EAF46E11B7B78A650500BC08;2025-06-10;-2.0;-112.54
E1A53233798AFE11128010650500E819;44673735EAF46E11B7B78A650500BC08;2025-06-10;-2.0;-865.36
E3D90FCF2C456E11B7B78A650500BC08;44673735EAF46E11B7B78A650500BC08;2025-06-10;-2.0;-682.84
3AA84F16327EAE11BE2110650500635A;44673735EAF46E11B7B78A650500BC08;2025-06-10;-6.0;-960.0
6520B4FF13DB8E11F243BB650500724B;44673735EAF46E11B7B78A650500BC08;2025-06-10;-8.0;-251.84
7854AB3DD6568E11F243BB6505007B3B;44673735EAF46E11B7B78A650500BC08;2025-06-10;-4.0;-241.88
80D844AFDAD7CE11ADB3106505008FA8;44673735EAF46E11B7B78A650500BC08;2025-06-10;-2.0;-65.52
1B266C8036037E11B7B78A650500DD08;44673735EAF46E11B7B78A650500BC08;2025-06-10;-2.0;-216.6
C96913AFD8087E110819BB65050009AA;44673735EAF46E11B7B78A650500BC08;2025-06-10;-4.0;-668.8
FB54DC73F7385E1142D58A650500DC08;44673735EAF46E11B7B78A650500BC08;2025-06-10;-6.0;-579.6
C16FBEF2028ADE11406610650500924A;44673735EAF46E11B7B78A650500BC08;2025-06-10;-6.0;-310.8
A396E415AA79DE11406610650500414A;44673735EAF46E11B7B78A650500BC08;2025-06-10;-8.0;-1564.0
3DA6029B11EFEE1191EE10650500B9B9;44673735EAF46E11B7B78A650500BC08;2025-06-10;-2.0;-1412.6
369DE105C170DE11ADB3106505003BB8;44673735EAF46E11B7B78A650500BC08;2025-06-10;-4.0;-1943.48
A50CCF9DC0D6FD110DC22A92C000D158;44673735EAF46E11B7B78A650500BC08;2025-06-10;-2.0;-133.26
E3C91A658B8DED11A62CD892C0003F2A;44673735EAF46E11B7B78A650500BC08;2025-06-10;-2.0;-450.94
714EB1F610556E11B7B78A650500BC08;44673735EAF46E11B7B78A650500BC08;2025-06-10;-4.0;-769.88
97A08DB18C82DE11ADB3106505001EB8;44673735EAF46E11B7B78A650500BC08;2025-06-10;-10.0;-239.7
490423707EEAAE11BE2110650500EE4A;44673735EAF46E11B7B78A650500BC08;2025-06-10;-8.0;-131.46
850731F72442EE11406610650500DC4A;44673735EAF46E11B7B78A650500BC08;2025-06-10;-2.0;-1785.44
51BFE77501AEDE11406610650500284A;44673735EAF46E11B7B78A650500BC08;2025-06-10;-2.0;-180.84
401F18FBF9456E11B7B78A650500BC08;44673735EAF46E11B7B78A650500BC08;2025-06-10;-4.0;-88.58
BBFCC4EB340BAE11BE21106505000F4A;44673735EAF46E11B7B78A650500BC08;2025-06-10;-4.0;-124.12
2EAA59F21C7C9E11726010650500494A;44673735EAF46E11B7B78A650500BC08;2025-06-10;-2.0;-115.0
CCE0884F88B37E11B7B78A650500DD08;44673735EAF46E11B7B78A650500BC08;2025-06-10;-2.0;-2453.42
421A5F1280EFFE11F1557891FE692789;44673735EAF46E11B7B78A650500BC08;2025-06-10;-4.0;-325.12
4049248CF5802E1143F0668E4200C71A;44673735EAF46E11B7B78A650500BC08;2025-06-10;-2.0;-319.58
A89893EDB8E3BE11BE21106505005A5A;44673735EAF46E11B7B78A650500BC08;2025-06-10;-4.0;-98.34
AED34E6E383EFE11F1557891FE690589;44673735EAF46E11B7B78A650500BC08;2025-06-10;-2.0;-3397.16
7DC741E1C11A8E11F243BB650500304B;44673735EAF46E11B7B78A650500BC08;2025-06-10;-4.0;-69.84
4EB6E7FAA1365E1142D58A650500DC08;44673735EAF46E11B7B78A650500BC08;2025-06-10;-8.0;-125.52
B2E00B7EBAC9FE11128010650500E819;44673735EAF46E11B7B78A650500BC08;2025-06-10;-2.0;-102.0
3FB2EFD32AF1EE114066106505007C4A;44673735EAF46E11B7B78A650500BC08;2025-06-10;-4.0;-398.72
54C478DF8BBBDE11406610650500444A;44673735EAF46E11B7B78A650500BC08;2025-06-10;-2.0;-372.74
03EFE2E8ACBEEE1191EE1065050029B9;44673735EAF46E11B7B78A650500BC08;2025-06-10;-2.0;-274.0
EE98005185B30F114EF7A826072B3C89;44673735EAF46E11B7B78A650500BC08;2025-06-10;-2.0;-700.8
C6626AC0E672DE11ADB310650500FDB8;44673735EAF46E11B7B78A650500BC08;2025-06-10;-2.0;-323.92
CD6C918663039E115540106505004C3B;44673735EAF46E11B7B78A650500BC08;2025-06-10;-2.0;-761.6
BD791CE69C456E11B7B78A650500BC08;44673735EAF46E11B7B78A650500BC08;2025-06-10;-4.0;-1171.1799999999998
33A9466B4CFDBE118772106505001F59;44673735EAF46E11B7B78A650500BC08;2025-06-10;-2.0;-95.14
5252830334627E11B7B78A650500CD08;44673735EAF46E11B7B78A650500BC08;2025-06-10;-2.0;-364.6
993F0BD9DE7F6E11B7B78A650500CD08;44673735EAF46E11B7B78A650500BC08;2025-06-10;-4.0;-374.84
8655D3753195EE1191EE1065050005B9;44673735EAF46E11B7B78A650500BC08;2025-06-10;-2.0;-380.0
4A390DA94FE4FE1191EE1065050050C9;44673735EAF46E11B7B78A650500BC08;2025-06-10;-2.0;-132.86
3BEF540555639E11554010650500CC3B;44673735EAF46E11B7B78A650500BC08;2025-06-10;-2.0;-314.86
A767B66863039E115540106505004C3B;44673735EAF46E11B7B78A650500BC08;2025-06-10;-2.0;-143.1
7864F87E22039E115540106505004C3B;44673735EAF46E11B7B78A650500BC08;2025-06-10;-2.0;-185.5
5B06C958D397EE1191EE1065050047B9;44673735EAF46E11B7B78A650500BC08;2025-06-10;-4.0;-316.0
5DDF5E834E1FCE11ADB31065050039B8;44673735EAF46E11B7B78A650500BC08;2025-06-10;-6.0;-199.5
24EE077F7D456E11B7B78A650500BC08;44673735EAF46E11B7B78A650500BC08;2025-06-10;-4.0;-124.8
17BF99F199456E11B7B78A650500BC08;44673735EAF46E11B7B78A650500BC08;2025-06-10;-2.0;-2171.74
14137EBFE6197E110819BB65050009AA;44673735EAF46E11B7B78A650500BC08;2025-06-10;-2.0;-123.82
8CA23C34CC22AE11726010650500905A;44673735EAF46E11B7B78A650500BC08;2025-06-10;-2.0;-109.1
A9592FB3CA086E11B7B78A650500BC08;44673735EAF46E11B7B78A650500BC08;2025-06-10;-2.0;-441.76
3A868FCA694CDE11406610650500054A;44673735EAF46E11B7B78A650500BC08;2025-06-10;-2.0;-1711.1
48772F1D74054E1142D58A6505002C08;44673735EAF46E11B7B78A650500BC08;2025-06-10;-2.0;-236.8
223F8612E89FFE11F1557891FE69C689;44673735EAF46E11B7B78A650500BC08;2025-06-10;-2.0;-439.2
E7B77BAFE8457E11B7B78A650500ED08;44673735EAF46E11B7B78A650500BC08;2025-06-10;-2.0;-545.62
8359B4691DE6DE11C846106505000F6A;44673735EAF46E11B7B78A650500BC08;2025-06-10;-2.0;-326.78
593881156923FE1191EE10650500FDB9;44673735EAF46E11B7B78A650500BC08;2025-06-10;-4.0;-94.82
F2D93A8F390FEE1191EE1065050029B9;44673735EAF46E11B7B78A650500BC08;2025-06-10;-28.0;-397.24
11F55FEA3974EE11B1AD10650500F7EA;FC081C55582CED11A62CD892C0003F2A;2025-06-10;-2.0;-50.0
49864DBF70C28E117E64BB650500DAAA;FC081C55582CED11A62CD892C0003F2A;2025-06-10;-2.0;-26.1
32642882663EAE11BE2110650500135A;FC081C55582CED11A62CD892C0003F2A;2025-06-10;-2.0;-24.96
926023BDA3D67E11B7B78A650500ED08;FC081C55582CED11A62CD892C0003F2A;2025-06-10;-4.0;-338.68
DD26C3BAB1E7EE1191EE10650500A7B9;FC081C55582CED11A62CD892C0003F2A;2025-06-10;-2.0;-353.16
7E3FECEE64D67E11B7B78A650500ED08;FC081C55582CED11A62CD892C0003F2A;2025-06-10;-2.0;-73.26
E790516A93C1CE11877210650500E369;FC081C55582CED11A62CD892C0003F2A;2025-06-10;-2.0;-31.02
CAEA96458B50EE114066106505005A4A;FC081C55582CED11A62CD892C0003F2A;2025-06-10;-4.0;-94.94
6CA0DD1F2FF8AE11BE21106505007C4A;FC081C55582CED11A62CD892C0003F2A;2025-06-10;-2.0;-87.4
6C72A0F13364EE11B1AD10650500D7EA;FC081C55582CED11A62CD892C0003F2A;2025-06-10;-2.0;-50.4
EBB4EA11BBB88E11F243BB6505008E3B;FC081C55582CED11A62CD892C0003F2A;2025-06-10;-2.0;-143.86
E9ABC560D62EEE1191EE1065050029B9;FC081C55582CED11A62CD892C0003F2A;2025-06-10;-2.0;-117.56
C440A38D5FB3EE11B1AD1065050007EA;FC081C55582CED11A62CD892C0003F2A;2025-06-10;-8.0;-1289.76
F8E58985F1C67E11B7B78A650500ED08;FC081C55582CED11A62CD892C0003F2A;2025-06-10;-4.0;-233.8
245003F419C60E11A4A96492C0004B38;FC081C55582CED11A62CD892C0003F2A;2025-06-10;-2.0;-517.0
D09AE5DC7276EE1191EE1065050026B9;FC081C55582CED11A62CD892C0003F2A;2025-06-10;-4.0;-672.54
F58839F9A85B0E11A4A96492C0001269;FC081C55582CED11A62CD892C0003F2A;2025-06-10;-14.0;-398.42
FD8AC87FED71FE1191EE10650500CBB9;FC081C55582CED11A62CD892C0003F2A;2025-06-10;-2.0;-364.42
9E07E00161D4EE11B1AD1065050068EA;FC081C55582CED11A62CD892C0003F2A;2025-06-10;-2.0;-149.8
0361CD5CEB01FE1191EE106505003BB9;FC081C55582CED11A62CD892C0003F2A;2025-06-10;-2.0;-81.52
21F2C0C426F49E11554010650500DE3B;FC081C55582CED11A62CD892C0003F2A;2025-06-10;-2.0;-176.64
EF8ADF6CBDF88E11F243BB650500DE3B;FC081C55582CED11A62CD892C0003F2A;2025-06-10;-4.0;-73.84
716978022DAF9E117260106505006D4A;FC081C55582CED11A62CD892C0003F2A;2025-06-10;-2.0;-321.24
7EF5EBC551CAED11A62CD892C0003F2A;FC081C55582CED11A62CD892C0003F2A;2025-06-10;-4.0;-875.24
3AA84F16327EAE11BE2110650500635A;FC081C55582CED11A62CD892C0003F2A;2025-06-10;-4.0;-683.3
55386BFA44425E1142D58A650500DC08;FC081C55582CED11A62CD892C0003F2A;2025-06-10;-2.0;-206.44
57A5A574877ADE11406610650500824A;FC081C55582CED11A62CD892C0003F2A;2025-06-10;-4.0;-1672.24
2D2BD7B95C40EE114066106505004A4A;FC081C55582CED11A62CD892C0003F2A;2025-06-10;-2.0;-444.76
FEFEB10F18D2DE11ADB3106505007EB8;FC081C55582CED11A62CD892C0003F2A;2025-06-10;-20.0;-2319.6
71D8EA98F0CAED11A62CD892C0003F2A;FC081C55582CED11A62CD892C0003F2A;2025-06-10;-4.0;-413.36
BA9A0BEBAB46DE11ADB310650500F2C8;FC081C55582CED11A62CD892C0003F2A;2025-06-10;-2.0;-378.4
85A233DCCE80FE1191EE106505009AB9;FC081C55582CED11A62CD892C0003F2A;2025-06-10;-2.0;-242.54
E3556097B373FE1191EE106505006EB9;FC081C55582CED11A62CD892C0003F2A;2025-06-10;-2.0;-227.74
55654862F3485E1142D58A650500DC08;FC081C55582CED11A62CD892C0003F2A;2025-06-10;-4.0;-464.4
9FF706407592FE1191EE106505002DB9;FC081C55582CED11A62CD892C0003F2A;2025-06-10;-2.0;-440.56
7A0831FDC242EE11406610650500DC4A;FC081C55582CED11A62CD892C0003F2A;2025-06-10;-2.0;-279.54
7CF8516FF3CBFE111280106505000919;FC081C55582CED11A62CD892C0003F2A;2025-06-10;-2.0;-1172.88
1CF92449ED22FE1191EE10650500ACB9;FC081C55582CED11A62CD892C0003F2A;2025-06-10;-8.0;-499.96
D843E157C8D65E1142D58A650500DC08;FC081C55582CED11A62CD892C0003F2A;2025-06-10;-2.0;-962.44
F0906599F17CEE1191EE1065050029B9;FC081C55582CED11A62CD892C0003F2A;2025-06-10;-2.0;-2848.84
C32145D7EF6AFE11128010650500E819;FC081C55582CED11A62CD892C0003F2A;2025-06-10;-6.0;-1320.0
CF3C644BB3900F11F1557891FE690889;FC081C55582CED11A62CD892C0003F2A;2025-06-10;-2.0;-166.26
3E8FF86771365E1142D58A650500DC08;FC081C55582CED11A62CD892C0003F2A;2025-06-10;-4.0;-532.8
3FAA1F0AFC027E11B7B78A650500CD08;FC081C55582CED11A62CD892C0003F2A;2025-06-10;-2.0;-125.06
FE31AC4136137E11B7B78A650500DD08;FC081C55582CED11A62CD892C0003F2A;2025-06-10;-2.0;-605.9
47AE7A96098AFE11128010650500E819;FC081C55582CED11A62CD892C0003F2A;2025-06-10;-2.0;-1398.0
EC3011D62BC47E11B7B78A650500ED08;FC081C55582CED11A62CD892C0003F2A;2025-06-10;-2.0;-907.18
7C2BE0D0BDE7EE1191EE10650500B7B9;FC081C55582CED11A62CD892C0003F2A;2025-06-10;-2.0;-49.02
CF1DE08C639F9E117260106505004D4A;FC081C55582CED11A62CD892C0003F2A;2025-06-10;-4.0;-99.6
2168C3B68EF58E11F243BB650500FA3B;FC081C55582CED11A62CD892C0003F2A;2025-06-10;-2.0;-260.58
6907DDE6AFD34E1142D58A6505002C08;FC081C55582CED11A62CD892C0003F2A;2025-06-10;-2.0;-454.06
06E3F68921500F11F1557891FE69B789;FC081C55582CED11A62CD892C0003F2A;2025-06-10;-2.0;-680.4
5FB593D71FB3AE11726010650500925A;FC081C55582CED11A62CD892C0003F2A;2025-06-10;-2.0;-73.44
C19342792642FE1191EE10650500CCB9;FC081C55582CED11A62CD892C0003F2A;2025-06-10;-4.0;-2741.54
6F0249E66145DE11ADB310650500A1C8;FC081C55582CED11A62CD892C0003F2A;2025-06-10;-2.0;-452.46
3111A93BC7E10F114EF7A826072BE989;FC081C55582CED11A62CD892C0003F2A;2025-06-10;-2.0;-199.38
3714554E087EFE11F1557891FE695589;FC081C55582CED11A62CD892C0003F2A;2025-06-10;-2.0;-299.2
493E17D851CAED11A62CD892C0003F2A;FC081C55582CED11A62CD892C0003F2A;2025-06-10;-2.0;-858.02
2694403331CAED11A62CD892C0003F2A;FC081C55582CED11A62CD892C0003F2A;2025-06-10;-2.0;-350.34
854A8CDA8076DE11ADB31065050023C8;FC081C55582CED11A62CD892C0003F2A;2025-06-10;-2.0;-295.84
3BD8C1A77C3FFE11F1557891FE695689;FC081C55582CED11A62CD892C0003F2A;2025-06-10;-2.0;-645.58
2BC844D3D0CAED11A62CD892C0003F2A;FC081C55582CED11A62CD892C0003F2A;2025-06-10;-4.0;-373.7
7488BE1F90638E111E1BBB650500BBAA;FC081C55582CED11A62CD892C0003F2A;2025-06-10;-2.0;-168.6
DD2E6D0AC79ACE11ADB31065050013B8;FC081C55582CED11A62CD892C0003F2A;2025-06-10;-2.0;-501.78
2B23E5EBF89DDE11406610650500B64A;FC081C55582CED11A62CD892C0003F2A;2025-06-10;-2.0;-270.84
6B2A5E9522968E11F243BB650500CB3B;FC081C55582CED11A62CD892C0003F2A;2025-06-10;-2.0;-139.48
957A99AAF0CAED11A62CD892C0003F2A;FC081C55582CED11A62CD892C0003F2A;2025-06-10;-2.0;-1303.32
F751DAD1AEAD7E110819BB65050039AA;FC081C55582CED11A62CD892C0003F2A;2025-06-10;-2.0;-764.7
EF2B6B9C779C2E11052F6792C000CF39;FC081C55582CED11A62CD892C0003F2A;2025-06-10;-2.0;-455.62
E81448FF4DA1EE114066106505000C4A;FC081C55582CED11A62CD892C0003F2A;2025-06-10;-4.0;-5447.58
6D6D98A75843DE11ADB3106505000FB8;FC081C55582CED11A62CD892C0003F2A;2025-06-10;-2.0;-695.04
1F72FB0361CBEE1191EE1065050029B9;FC081C55582CED11A62CD892C0003F2A;2025-06-10;-2.0;-56.0
B883E5C15D13FE1191EE10650500EDB9;FC081C55582CED11A62CD892C0003F2A;2025-06-10;-2.0;-547.46
45B4A5FA1BEA5E1142D58A6505000D08;FC081C55582CED11A62CD892C0003F2A;2025-06-10;-2.0;-378.18
2F7C7C97ABF6AE11BE2110650500E94A;FC081C55582CED11A62CD892C0003F2A;2025-06-10;-2.0;-456.7
D4E15932D4D8CE11ADB310650500D0B8;FC081C55582CED11A62CD892C0003F2A;2025-06-10;-2.0;-912.74
D2B54FC269BF9E117260106505007D4A;FC081C55582CED11A62CD892C0003F2A;2025-06-10;-2.0;-143.46
7D2FCC4EC13E0E1143F0668E42001D49;FC081C55582CED11A62CD892C0003F2A;2025-06-10;-2.0;-643.16
09054A1A5D8E6E11B7B78A6505003D08;FC081C55582CED11A62CD892C0003F2A;2025-06-10;-2.0;-303.8
D005709CA90FDE11406610650500A84A;FC081C55582CED11A62CD892C0003F2A;2025-06-10;-2.0;-1471.04
A4C04F52D0CAED11A62CD892C0003F2A;FC081C55582CED11A62CD892C0003F2A;2025-06-10;-2.0;-217.66
39E59375470A0E11A4A96492C0001269;FC081C55582CED11A62CD892C0003F2A;2025-06-10;-2.0;-144.88
5F27FDFE87DC6E11B7B78A650500BC08;FC081C55582CED11A62CD892C0003F2A;2025-06-10;-2.0;-107.86
6A0D640201CAED11A62CD892C0003F2A;FC081C55582CED11A62CD892C0003F2A;2025-06-10;-2.0;-298.5
5990467EEB0AFE11128010650500E819;FC081C55582CED11A62CD892C0003F2A;2025-06-10;-6.0;-238.79999999999998
79C3EEBA85FEFE11F1557891FE69F589;FC081C55582CED11A62CD892C0003F2A;2025-06-10;-2.0;-226.72
9917DF2A887CCE11ADB310650500B5B8;FC081C55582CED11A62CD892C0003F2A;2025-06-10;-2.0;-61.94
B974E61DA0CAED11A62CD892C0003F2A;FC081C55582CED11A62CD892C0003F2A;2025-06-10;-2.0;-63.5
7E1B0AEBD1CAED11A62CD892C0003F2A;FC081C55582CED11A62CD892C0003F2A;2025-06-10;-12.0;-803.58
1B010D17782ADE11406610650500224A;FC081C55582CED11A62CD892C0003F2A;2025-06-10;-2.0;-24.46
8F124DE0CBC46E11B7B78A650500BC08;FC081C55582CED11A62CD892C0003F2A;2025-06-10;-4.0;-156.92
149BAAFF68DDCE11ADB31065050097B8;FC081C55582CED11A62CD892C0003F2A;2025-06-10;-2.0;-93.32
C060B4B3C533FE1191EE106505000EB9;FC081C55582CED11A62CD892C0003F2A;2025-06-10;-2.0;-1333.98
B7AB793F18D2DE11ADB3106505007EB8;FC081C55582CED11A62CD892C0003F2A;2025-06-10;-2.0;-40.0
0AD1419F90F23E11052F6792C000CF39;FC081C55582CED11A62CD892C0003F2A;2025-06-10;-2.0;-242.08
00DE2CCF781F8E11F243BB650500274B;FC081C55582CED11A62CD892C0003F2A;2025-06-10;-2.0;-228.94
5AF37C1F9F2DBE118772106505001E59;FC081C55582CED11A62CD892C0003F2A;2025-06-10;-2.0;-25.1
4143955E5DE0CE11877210650500D269;FC081C55582CED11A62CD892C0003F2A;2025-06-10;-4.0;-375.42
4B3FF1D710BEDE11406610650500384A;FC081C55582CED11A62CD892C0003F2A;2025-06-10;-6.0;-200.46
7AA316FBBD1EFE11F1557891FE69E489;FC081C55582CED11A62CD892C0003F2A;2025-06-10;-2.0;-258.42
C3C2E99CE0A6DE11ADB31065050063C8;FC081C55582CED11A62CD892C0003F2A;2025-06-10;-2.0;-30.4
1FF7FC289F900F11F1557891FE691889;FC081C55582CED11A62CD892C0003F2A;2025-06-10;-2.0;-186.82
A273F5EFBEDC9E11726010650500C94A;FC081C55582CED11A62CD892C0003F2A;2025-06-10;-2.0;-309.78
06587A2041CAED11A62CD892C0003F2A;B0BDDED34CC83E11052F6792C000B249;2025-06-10;-2.0;-422.56
FB441B4DBD18EE1191EE10650500F7B9;B0BDDED34CC83E11052F6792C000B249;2025-06-10;-2.0;-470.14
67F732FC5CFFFE11F1557891FE694789;B0BDDED34CC83E11052F6792C000B249;2025-06-10;-6.0;-516.0
C3DC53538ABAFE11128010650500E819;B0BDDED34CC83E11052F6792C000B249;2025-06-10;-10.0;-296.4
4719182F55FDFE11F1557891FE69B489;B0BDDED34CC83E11052F6792C000B249;2025-06-10;-4.0;-258.4
11D93E8BE3900F11F1557891FE690889;B0BDDED34CC83E11052F6792C000B249;2025-06-10;-2.0;-588.88
DAFCBFF0E0CAED11A62CD892C0003F2A;B0BDDED34CC83E11052F6792C000B249;2025-06-10;-2.0;-235.7
B0779100832B8E11F243BB650500914B;B0BDDED34CC83E11052F6792C000B249;2025-06-10;-2.0;-401.52
9AFC45B292EE4E1142D58A650500BC08;B0BDDED34CC83E11052F6792C000B249;2025-06-10;-2.0;-421.18
EAF22A90025EFE11F1557891FE692589;B0BDDED34CC83E11052F6792C000B249;2025-06-10;-100.0;-1163.0
22AF03F5A537FD110DC22A92C000D158;B0BDDED34CC83E11052F6792C000B249;2025-06-10;-2.0;-280.98
710332DA8D410F11112A674AC7E21989;B0BDDED34CC83E11052F6792C000B249;2025-06-10;-4.0;-91.0
E2D7F32A18B13E11052F6792C000CF39;B0BDDED34CC83E11052F6792C000B249;2025-06-10;-2.0;-767.42
9492D0A83394DE11ADB310650500C0C8;B0BDDED34CC83E11052F6792C000B249;2025-06-10;-2.0;-661.3
493E17D851CAED11A62CD892C0003F2A;B0BDDED34CC83E11052F6792C000B249;2025-06-10;-2.0;-763.98
DDE0041AF2A7AE11BE2110650500BA4A;B0BDDED34CC83E11052F6792C000B249;2025-06-10;-4.0;-529.64
77054643119EBE11877210650500DF59;B0BDDED34CC83E11052F6792C000B249;2025-06-10;-8.0;-211.76
06CA5E727D5FCE11ADB310650500A9B8;B0BDDED34CC83E11052F6792C000B249;2025-06-10;-2.0;-62.7
D3CC46F65C59BE118772106505003959;B0BDDED34CC83E11052F6792C000B249;2025-06-10;-2.0;-919.24
3313E5BB5BF5CE11ADB3106505007DA8;B0BDDED34CC83E11052F6792C000B249;2025-06-10;-2.0;-457.64
3949BFE63AC0DE11ADB310650500ABB8;B0BDDED34CC83E11052F6792C000B249;2025-06-10;-6.0;-118.94
64F1412AC9280E11A4A96492C00009EB;B0BDDED34CC83E11052F6792C000B249;2025-06-10;-2.0;-379.28
F46720E81FD1DE11ADB3106505003DB8;B0BDDED34CC83E11052F6792C000B249;2025-06-10;-6.0;-1830.0
2EA6FE26D8ED9E117260106505001B4A;B0BDDED34CC83E11052F6792C000B249;2025-06-10;-2.0;-324.0
73A936FF2364EE11B1AD10650500D7EA;B0BDDED34CC83E11052F6792C000B249;2025-06-10;-2.0;-62.0
5AC8B70F82DD6E11B7B78A650500BC08;B0BDDED34CC83E11052F6792C000B249;2025-06-10;-4.0;-223.78
2BA00134F6EA9E115250106505000C4A;B0BDDED34CC83E11052F6792C000B249;2025-06-10;-2.0;-158.36
4E5C53538ABAFE11128010650500E819;B0BDDED34CC83E11052F6792C000B249;2025-06-10;-8.0;-237.12
B9C3840F18363E11052F6792C000FF39;B0BDDED34CC83E11052F6792C000B249;2025-06-10;-4.0;-342.52
7CB192A311E1FE1191EE106505004CB9;B0BDDED34CC83E11052F6792C000B249;2025-06-10;-2.0;-422.44
F4FA44C26BE15E1142D58A650500BC08;B0BDDED34CC83E11052F6792C000B249;2025-06-10;-2.0;-62.1
78D5B01A0223CE11877210650500A569;B0BDDED34CC83E11052F6792C000B249;2025-06-10;-14.0;-467.74
DC9AE3C90383AE11726010650500425A;B0BDDED34CC83E11052F6792C000B249;2025-06-10;-4.0;-282.24
280BF1E6BE52EE11406610650500FC4A;B0BDDED34CC83E11052F6792C000B249;2025-06-10;-2.0;-218.96
0D35F61FA0CAED11A62CD892C0003F2A;B0BDDED34CC83E11052F6792C000B249;2025-06-10;-2.0;-307.36
4D4F333878C45E1142D58A650500DC08;B0BDDED34CC83E11052F6792C000B249;2025-06-10;-2.0;-305.34
5541C7AA4109EE1191EE1065050009B9;B0BDDED34CC83E11052F6792C000B249;2025-06-10;-4.0;-875.24
C1D32BDCFFAEDE11406610650500384A;B0BDDED34CC83E11052F6792C000B249;2025-06-10;-14.0;-467.74
CFC2663A31CAED11A62CD892C0003F2A;B0BDDED34CC83E11052F6792C000B249;2025-06-10;-2.0;-540.14
B43669584FC70E11A4A96492C000EC6A;B0BDDED34CC83E11052F6792C000B249;2025-06-10;-2.0;-858.02
6BEBE596FB913E11052F6792C000CF39;B0BDDED34CC83E11052F6792C000B249;2025-06-10;-8.0;-4224.0
0845A568E89DDE11406610650500B64A;B0BDDED34CC83E11052F6792C000B249;2025-06-10;-2.0;-191.62
B2C0EDE9F7BB1E1143F0668E4200EF5A;B0BDDED34CC83E11052F6792C000B249;2025-06-10;-8.0;-316.56
FBC37041DEE2BE11BE2110650500195A;B0BDDED34CC83E11052F6792C000B249;2025-06-10;-2.0;-32.42
558B0C85F203EE11B1AD1065050016EA;B0BDDED34CC83E11052F6792C000B249;2025-06-10;-2.0;-495.24
D67DDBD899363E11052F6792C000FF39;B0BDDED34CC83E11052F6792C000B249;2025-06-10;-2.0;-70.76
6ED8CA5501CAED11A62CD892C0003F2A;B0BDDED34CC83E11052F6792C000B249;2025-06-10;-2.0;-189.12
5086591FDB6BFE111280106505000919;B0BDDED34CC83E11052F6792C000B249;2025-06-10;-2.0;-2480.0
F3FC07DC5BF5CE11ADB3106505007DA8;B0BDDED34CC83E11052F6792C000B249;2025-06-10;-2.0;-471.08
EC647CBEB36BCE11ADB31065050034B8;B0BDDED34CC83E11052F6792C000B249;2025-06-10;-2.0;-94.0
8F0270825AF34E1142D58A6505002C08;B0BDDED34CC83E11052F6792C000B249;2025-06-10;-2.0;-423.84
C23AEAB308B13E11052F6792C000CF39;B0BDDED34CC83E11052F6792C000B249;2025-06-10;-2.0;-418.2
A50E8EA6F352BE11BE2110650500585A;B0BDDED34CC83E11052F6792C000B249;2025-06-10;-4.0;-141.78
D2884BB7DD151E1143F0668E4200EE89;B0BDDED34CC83E11052F6792C000B249;2025-06-10;-2.0;-637.56
B67DE1C2688EED11A62CD892C000399B;B0BDDED34CC83E11052F6792C000B249;2025-06-10;-2.0;-214.42
843233F82642FE1191EE10650500CCB9;B0BDDED34CC83E11052F6792C000B249;2025-06-10;-2.0;-2446.06
53F825DDF691FE1191EE10650500EBB9;B0BDDED34CC83E11052F6792C000B249;2025-06-10;-2.0;-142.84
6E813AA964A27E11B7B78A650500DD08;B0BDDED34CC83E11052F6792C000B249;2025-06-10;-4.0;-638.9
A0F75C1CB364AE11726010650500635A;B0BDDED34CC83E11052F6792C000B249;2025-06-10;-2.0;-523.92
B346F0F0BB3AAE11BE21106505000E4A;B0BDDED34CC83E11052F6792C000B249;2025-06-10;-2.0;-1094.24
D1B6F9AD0CA8BE118772106505005859;B0BDDED34CC83E11052F6792C000B249;2025-06-10;-2.0;-77.12
89994B7DA0CAED11A62CD892C0003F2A;B0BDDED34CC83E11052F6792C000B249;2025-06-10;-2.0;-286.0
3E2F47E1F6E10F114EF7A826072BE989;B0BDDED34CC83E11052F6792C000B249;2025-06-10;-4.0;-396.0
953A5810ACB04E1142D58A650500DB08;B0BDDED34CC83E11052F6792C000B249;2025-06-10;-2.0;-372.52
3E07CDA152FD4E1142D58A650500BC08;B0BDDED34CC83E11052F6792C000B249;2025-06-10;-2.0;-314.68
5101C7FFF0CAED11A62CD892C0003F2A;B0BDDED34CC83E11052F6792C000B249;2025-06-10;-2.0;-151.96
0F38AF2514D7EE1191EE1065050097B9;B0BDDED34CC83E11052F6792C000B249;2025-06-10;-6.0;-218.64
033F6D097EC47E11B7B78A650500ED08;B0BDDED34CC83E11052F6792C000B249;2025-06-10;-2.0;-277.8
28F5EBC551CAED11A62CD892C0003F2A;B0BDDED34CC83E11052F6792C000B249;2025-06-10;-2.0;-309.06
2BC7A34A1E456E11B7B78A650500BC08;B0BDDED34CC83E11052F6792C000B249;2025-06-10;18.0;4647.6
973484C872CAED11A62CD892C0003F2A;B0BDDED34CC83E11052F6792C000B249;2025-06-10;10.0;1114.74
9C30533744425E1142D58A650500DC08;B0BDDED34CC83E11052F6792C000B249;2025-06-10;10.0;1032.22
3D96BDB2060DEE1191EE1065050029B9;B0BDDED34CC83E11052F6792C000B249;2025-06-10;8.0;551.08
C1FB0A3A4E4CBE11877210650500FC59;44673735EAF46E11B7B78A650500BC08;2025-06-10;0.0;0.0
5DFA32743E4DDE11406610650500564A;44673735EAF46E11B7B78A650500BC08;2025-06-10;0.0;0.0
B92E96F204716E1142D58A650500AD08;FC081C55582CED11A62CD892C0003F2A;2025-06-10;10.0;12452.74
EB018935EB56FE1191EE1065050022C9;FC081C55582CED11A62CD892C0003F2A;2025-06-10;8.0;2280.38
83E9C4A5ADECFE11F1557891FE696389;FC081C55582CED11A62CD892C0003F2A;2025-06-10;100.0;8731.0
E2DC7D60CFB85E1142D58A650500DC08;FC081C55582CED11A62CD892C0003F2A;2025-06-10;4.0;1189.92
DD8051DB08300F11F1557891FE699789;FC081C55582CED11A62CD892C0003F2A;2025-06-10;8.0;2197.44
E78FF3BE066E9E11726010650500CB4A;44673735EAF46E11B7B78A650500BC08;2025-06-10;0.0;0.0
C8F393D4BBB9AE11BE21106505006D4A;44673735EAF46E11B7B78A650500BC08;2025-06-10;0.0;0.0
2070FCB7E494AE11726010650500A35A;44673735EAF46E11B7B78A650500BC08;2025-06-10;0.0;0.0
52CC9930166E9E11726010650500CB4A;44673735EAF46E11B7B78A650500BC08;2025-06-10;20.0;434.47999999999996
B23AB36E21C7DE11C84610650500107A;44673735EAF46E11B7B78A650500BC08;2025-06-10;-2.0;-13.06
9AE3B3CBE789EE1191EE1065050009B9;44673735EAF46E11B7B78A650500BC08;2025-06-10;0.0;0.0
088AC96C066E9E11726010650500CB4A;44673735EAF46E11B7B78A650500BC08;2025-06-10;60.0;1445.46
C0A248E2166E9E11726010650500CB4A;44673735EAF46E11B7B78A650500BC08;2025-06-10;0.0;0.0
840E7C180733FE1191EE106505000EB9;FC081C55582CED11A62CD892C0003F2A;2025-06-10;8.0;7352.0
C8B7FCBFE0CAED11A62CD892C0003F2A;FC081C55582CED11A62CD892C0003F2A;2025-06-10;36.0;5135.759999999999
C51B4958E770BE11BE2110650500F55A;44673735EAF46E11B7B78A650500BC08;2025-06-10;20.0;2233.7599999999998
B23EE5BC3C456E11B7B78A650500BC08;44673735EAF46E11B7B78A650500BC08;2025-06-10;18.0;2719.92
133EE5BC3C456E11B7B78A650500BC08;44673735EAF46E11B7B78A650500BC08;2025-06-10;20.0;4502.04
D8628F338C456E11B7B78A650500BC08;44673735EAF46E11B7B78A650500BC08;2025-06-10;30.0;8580.06
AFC778240ECA9E11525010650500EB4A;FC081C55582CED11A62CD892C0003F2A;2025-06-10;36.0;910.8
4877C406B70ECE11ADB310650500D7B8;FC081C55582CED11A62CD892C0003F2A;2025-06-10;42.0;5912.76
B6E72AD22392BE11BE2110650500A85A;FC081C55582CED11A62CD892C0003F2A;2025-06-10;10.0;700.48
8F947CE405777E110819BB650500E8AA;FC081C55582CED11A62CD892C0003F2A;2025-06-10;4.0;5667.42
703B61D20CE15E1142D58A650500BC08;FC081C55582CED11A62CD892C0003F2A;2025-06-10;12.0;507.12
C416A9D094520F114EF7A826072B7A89;B0BDDED34CC83E11052F6792C000B249;2025-06-10;2.0;1380.18
18B2FCD4DC8F6E11B7B78A650500CD08;FC081C55582CED11A62CD892C0003F2A;2025-06-10;-6.0;-488.40000000000003
687769AFE3FCBE11877210650500CD59;B0BDDED34CC83E11052F6792C000B249;2025-06-10;-4.0;-16.18
C033F6C2D74CDE11406610650500054A;B0BDDED34CC83E11052F6792C000B249;2025-06-10;0.0;0.0
6D3AE6B8CC456E11B7B78A650500BC08;44673735EAF46E11B7B78A650500BC08;2025-06-10;14.0;5640.42
828E9EE7F60ADE11406610650500F14A;44673735EAF46E11B7B78A650500BC08;2025-06-10;20.0;25231.92
DBB175053EF9FE11128010650500E819;44673735EAF46E11B7B78A650500BC08;2025-06-10;4.0;6931.92
1D4028C9D0E6EE1191EE1065050096B9;44673735EAF46E11B7B78A650500BC08;2025-06-10;40.0;9581.16
9C05A256CC456E11B7B78A650500BC08;44673735EAF46E11B7B78A650500BC08;2025-06-10;38.0;9444.76
3A17402F7F949E115540106505006E3B;FC081C55582CED11A62CD892C0003F2A;2025-06-10;22.0;10442.44
A6B000FDD22BBE118772106505007B59;44673735EAF46E11B7B78A650500BC08;2025-06-10;40.0;2576.0
D75EEB7BF093FE1191EE106505008EB9;B0BDDED34CC83E11052F6792C000B249;2025-06-10;0.0;0.0
995D8A44D78ECE11ADB31065050078B8;B0BDDED34CC83E11052F6792C000B249;2025-06-10;0.0;0.0
82D54EB7D0B04E1142D58A650500DB08;B0BDDED34CC83E11052F6792C000B249;2025-06-10;-2.0;-88.14
7994E8A4E315AE11726010650500445A;B0BDDED34CC83E11052F6792C000B249;2025-06-10;-2.0;-93.72
7DAA1AEE68DDCE11ADB31065050097B8;B0BDDED34CC83E11052F6792C000B249;2025-06-10;0.0;0.0
AE09CC8C1D456E11B7B78A650500BC08;44673735EAF46E11B7B78A650500BC08;2025-06-10;-2.0;-1807.28
1E8702D74C456E11B7B78A650500BC08;44673735EAF46E11B7B78A650500BC08;2025-06-10;10.0;1171.2599999999998
C42A32743E4DDE11406610650500564A;44673735EAF46E11B7B78A650500BC08;2025-06-10;-4.0;-2029.7999999999997
051384389D0A6E11B7B78A650500BC08;44673735EAF46E11B7B78A650500BC08;2025-06-10;194.0;11481.48
96FC88649A73CE118772106505001669;FC081C55582CED11A62CD892C0003F2A;2025-06-10;6.0;2311.5
07E29275D270DE11ADB3106505003BB8;44673735EAF46E11B7B78A650500BC08;2025-06-10;24.0;4596.0
CE3637BE2CE1EE114066106505006C4A;44673735EAF46E11B7B78A650500BC08;2025-06-10;22.0;2010.8
E2E557229CF88E11F243BB650500DE3B;44673735EAF46E11B7B78A650500BC08;2025-06-10;20.0;4286.0
5A48D425D6DFAE11BE2110650500255A;FC081C55582CED11A62CD892C0003F2A;2025-06-10;0.0;0.0
EE7C04BB5EEC9E11726010650500D94A;FC081C55582CED11A62CD892C0003F2A;2025-06-10;0.0;0.0
51DA9856A1130F114EF7A826072B6B89;FC081C55582CED11A62CD892C0003F2A;2025-06-10;0.0;0.0
97DB9856A1130F114EF7A826072B6B89;FC081C55582CED11A62CD892C0003F2A;2025-06-10;0.0;0.0
0EC462F2CF10FE1191EE106505000AB9;FC081C55582CED11A62CD892C0003F2A;2025-06-10;0.0;0.0
EAE0FA3AD996BE11877210650500B559;FC081C55582CED11A62CD892C0003F2A;2025-06-10;0.0;0.0
AFC3342FE3B78E11F243BB6505003D3B;FC081C55582CED11A62CD892C0003F2A;2025-06-10;-2.0;-1551.1
98FD683E40A20F114EF7A826072BDA89;FC081C55582CED11A62CD892C0003F2A;2025-06-10;0.0;0.0
3086246BA30A3E11052F6792C000D249;44673735EAF46E11B7B78A650500BC08;2025-06-10;6.0;1248.98
77A7782C0E456E11B7B78A650500BC08;44673735EAF46E11B7B78A650500BC08;2025-06-10;10.0;6989.98
BB7837B5B685FE1191EE1065050011C9;44673735EAF46E11B7B78A650500BC08;2025-06-10;6.0;6450.04
96D05CFFDD456E11B7B78A650500BC08;44673735EAF46E11B7B78A650500BC08;2025-06-10;4.0;1360.12
48B38A88DD456E11B7B78A650500BC08;44673735EAF46E11B7B78A650500BC08;2025-06-10;-8.0;-12123.74
1495F64F2945BE11BE21106505001C5A;FC081C55582CED11A62CD892C0003F2A;2025-06-10;0.0;0.0
E395F64F2945BE11BE21106505001C5A;FC081C55582CED11A62CD892C0003F2A;2025-06-10;0.0;0.0
0C0DF4BB3D456E11B7B78A650500BC08;44673735EAF46E11B7B78A650500BC08;2025-06-10;18.0;1686.7
0C1FEA0135B4DE11ADB310650500F0C8;44673735EAF46E11B7B78A650500BC08;2025-06-10;24.0;2272.8
0086BE47BFCCDE11406610650500B54A;44673735EAF46E11B7B78A650500BC08;2025-06-10;0.0;0.0
74F8990578C1FE1191EE106505002CB9;44673735EAF46E11B7B78A650500BC08;2025-06-10;0.0;0.0
34A0A23578C1FE1191EE106505002CB9;44673735EAF46E11B7B78A650500BC08;2025-06-10;0.0;9.094947017729282e-13
0B8B73113EA0CE118772106505008269;44673735EAF46E11B7B78A650500BC08;2025-06-10;0.0;0.0
099F0719B8779E11554010650500124B;44673735EAF46E11B7B78A650500BC08;2025-06-10;-2.0;-1910.0
E4AAB2CCE2376E11B7B78A650500BC08;44673735EAF46E11B7B78A650500BC08;2025-06-10;-2.0;-2980.0
7779607DCECCCE11ADB31065050026B8;B0BDDED34CC83E11052F6792C000B249;2025-06-10;10.0;586.38
AEE914265F66DE11ADB31065050023C8;44673735EAF46E11B7B78A650500BC08;2025-06-10;10.0;3133.68
4744FA69BF354E1142D58A6505002C08;FC081C55582CED11A62CD892C0003F2A;2025-06-10;22.0;1321.3200000000002
2BB955CA94897E110819BB65050019AA;FC081C55582CED11A62CD892C0003F2A;2025-06-10;54.0;2124.36
60F1988F2A158E113835BB650500DDAA;44673735EAF46E11B7B78A650500BC08;2025-06-10;-6.0;-523.98
8BD58392A1567E11B7B78A650500ED08;44673735EAF46E11B7B78A650500BC08;2025-06-10;-6.0;-180.24
CBD58392A1567E11B7B78A650500ED08;44673735EAF46E11B7B78A650500BC08;2025-06-10;-2.0;-60.88
774ADA217479FE11128010650500E819;B0BDDED34CC83E11052F6792C000B249;2025-06-10;0.0;0.0
0CB80C68E6310F11112A674AC7E2F889;B0BDDED34CC83E11052F6792C000B249;2025-06-10;0.0;0.0
9F2129BDF215EE11B1AD10650500B8EA;B0BDDED34CC83E11052F6792C000B249;2025-06-10;-4.0;-321.6199999999999
37CFC6AC38CE8E11F243BB650500C64B;B0BDDED34CC83E11052F6792C000B249;2025-06-10;0.0;0.0
9540B976B4568E11F243BB6505007B3B;B0BDDED34CC83E11052F6792C000B249;2025-06-10;-2.0;-302.4
600190FFB79FFE11F1557891FE69C689;B0BDDED34CC83E11052F6792C000B249;2025-06-10;0.0;0.0
5ACCE59A81E3DE11ADB310650500CFB8;B0BDDED34CC83E11052F6792C000B249;2025-06-10;0.0;0.0
447E2FF5BA510F11112A674AC7E22989;B0BDDED34CC83E11052F6792C000B249;2025-06-10;0.0;0.0
4DD683E0BDDFDE11406610650500B94A;B0BDDED34CC83E11052F6792C000B249;2025-06-10;0.0;0.0
F5904244EFBCAE11BE2110650500315A;B0BDDED34CC83E11052F6792C000B249;2025-06-10;0.0;0.0
98E468FFD31E3E11052F6792C000D249;B0BDDED34CC83E11052F6792C000B249;2025-06-10;0.0;0.0
421C21F2159DFE11F1557891FE693489;B0BDDED34CC83E11052F6792C000B249;2025-06-10;-2.0;-24.88
6E057AC7D8420F114EF7A826072B6A89;B0BDDED34CC83E11052F6792C000B249;2025-06-10;0.0;0.0
56E515FDA3C0FE1191EE10650500DAB9;B0BDDED34CC83E11052F6792C000B249;2025-06-10;0.0;0.0
B2CC63C3D3C0FE1191EE10650500DAB9;B0BDDED34CC83E11052F6792C000B249;2025-06-10;0.0;0.0
9ED0A9589F09FE11128010650500E819;B0BDDED34CC83E11052F6792C000B249;2025-06-10;6.0;470.08
19A76AB89F09FE11128010650500E819;B0BDDED34CC83E11052F6792C000B249;2025-06-10;10.0;598.14
070F9F4455D6EE1191EE1065050096B9;FC081C55582CED11A62CD892C0003F2A;2025-06-10;0.0;0.0
B931BF7EEB456E11B7B78A650500BC08;44673735EAF46E11B7B78A650500BC08;2025-06-10;20.0;3911.4
198B0946CF95FE1191EE1065050031C9;FC081C55582CED11A62CD892C0003F2A;2025-06-10;40.0;14482.4
824D260A5FBFAE11BE2110650500055A;FC081C55582CED11A62CD892C0003F2A;2025-06-10;40.0;2362.0
359DEF550DDDFE11F1557891FE699489;44673735EAF46E11B7B78A650500BC08;2025-06-10;0.0;0.0
ABA209160EDEFE11F1557891FE69D589;44673735EAF46E11B7B78A650500BC08;2025-06-10;0.0;0.0
644930C26C4FBE11877210650500C069;B0BDDED34CC83E11052F6792C000B249;2025-06-10;8.0;2474.8
C1AAA0425C930F114EF7A826072B1C89;FC081C55582CED11A62CD892C0003F2A;2025-06-10;48.0;3839.04
3B381960786BFE111280106505000919;B0BDDED34CC83E11052F6792C000B249;2025-06-10;8.0;5105.64
62C6AD764D4EFE11F1557891FE692589;FC081C55582CED11A62CD892C0003F2A;2025-06-10;4.0;1338.3
1CA3ADA888F20F114EF7A826072B4B89;FC081C55582CED11A62CD892C0003F2A;2025-06-10;6.0;2527.36
E2D5AD764D4EFE11F1557891FE692589;B0BDDED34CC83E11052F6792C000B249;2025-06-10;4.0;1338.3
50EE8B54CEF5DE11ADB31065050092C8;FC081C55582CED11A62CD892C0003F2A;2025-06-10;8.0;1098.1
A7CA015DD8FCEE1191EE1065050029B9;FC081C55582CED11A62CD892C0003F2A;2025-06-10;10.0;1260.0
A7E669326EA20F114EF7A826072BEA89;FC081C55582CED11A62CD892C0003F2A;2025-06-10;4.0;838.8
F1D9DD6EEB6DFE11F1557891FE690489;FC081C55582CED11A62CD892C0003F2A;2025-06-10;10.0;1541.8
8BB9D47894520F114EF7A826072B7A89;FC081C55582CED11A62CD892C0003F2A;2025-06-10;4.0;3320.0
A20269A28EF58E11F243BB650500FA3B;FC081C55582CED11A62CD892C0003F2A;2025-06-10;-2.0;-269.8
A4081F6757E48E113835BB6505009DAA;FC081C55582CED11A62CD892C0003F2A;2025-06-10;22.0;6842.0
59D15B003F5F9E117260106505000D4A;B0BDDED34CC83E11052F6792C000B249;2025-06-10;0.0;0.0
D7FC3C78637DCE11ADB31065050007B8;44673735EAF46E11B7B78A650500BC08;2025-06-10;0.0;0.0
D456D628B8EBBE118772106505007C59;44673735EAF46E11B7B78A650500BC08;2025-06-10;0.0;0.0
86C5DF8BC7CBCE11ADB310650500B4B8;44673735EAF46E11B7B78A650500BC08;2025-06-10;0.0;0.0
0D5B5EC1BD010F11112A674AC7E2C889;B0BDDED34CC83E11052F6792C000B249;2025-06-10;0.0;0.0
53D5EA5663299E11525010650500C94A;44673735EAF46E11B7B78A650500BC08;2025-06-10;8.0;4037.06
FE7DE5041431FE1191EE106505006BB9;44673735EAF46E11B7B78A650500BC08;2025-06-10;-2.0;-291.0
1C2A5BC56AD7CE11ADB3106505008FA8;44673735EAF46E11B7B78A650500BC08;2025-06-10;8.0;11402.86
534BFAE1D6CABE118772106505000B59;44673735EAF46E11B7B78A650500BC08;2025-06-10;12.0;3728.4
18F3CA7AB6D2CE118772106505004569;FC081C55582CED11A62CD892C0003F2A;2025-06-10;2.0;764.1
425CC0ECC806DE11ADB310650500A2C8;FC081C55582CED11A62CD892C0003F2A;2025-06-10;6.0;7273.82
130754EE7C456E11B7B78A650500BC08;44673735EAF46E11B7B78A650500BC08;2025-06-10;20.0;2457.72
A6F745A38C456E11B7B78A650500BC08;44673735EAF46E11B7B78A650500BC08;2025-06-10;10.0;2041.1
00F9D7708C456E11B7B78A650500BC08;44673735EAF46E11B7B78A650500BC08;2025-06-10;10.0;2566.96
22AF03F5A537FD110DC22A92C000D158;FC081C55582CED11A62CD892C0003F2A;2025-06-10;-2.0;-280.32
72E4AFF1486BFE111280106505000919;FC081C55582CED11A62CD892C0003F2A;2025-06-10;4.0;2468.74
B63A4B7B00A0CE118772106505007269;44673735EAF46E11B7B78A650500BC08;2025-06-10;-14.0;-255.22000000000003
D2704B74F5C0BE11BE2110650500565A;44673735EAF46E11B7B78A650500BC08;2025-06-10;-10.0;-618.1
7B5EFD52E0DCDE11406610650500B54A;44673735EAF46E11B7B78A650500BC08;2025-06-10;-60.0;-3498.02
5E0BF21D1CE76E11B7B78A650500BC08;44673735EAF46E11B7B78A650500BC08;2025-06-10;-6.0;-1333.32
123E61050D3FFE11F1557891FE695689;44673735EAF46E11B7B78A650500BC08;2025-06-10;-2.0;-3641.38
17A6BB90A8F07E11B7B78A650500CD08;44673735EAF46E11B7B78A650500BC08;2025-06-10;-8.0;-398.72
7F7849C0D2A7FE1191EE10650500D3C9;44673735EAF46E11B7B78A650500BC08;2025-06-10;-2.0;-669.08
DED44E1613179E11554010650500914B;44673735EAF46E11B7B78A650500BC08;2025-06-10;-8.0;-574.72
5FDCB6B84E8BEE1191EE1065050029B9;44673735EAF46E11B7B78A650500BC08;2025-06-10;-6.0;-1678.6799999999998
427067329C456E11B7B78A650500BC08;44673735EAF46E11B7B78A650500BC08;2025-06-10;-4.0;-116.56
CE84D83D0F0BAE11BE21106505001F4A;44673735EAF46E11B7B78A650500BC08;2025-06-10;-2.0;-496.7
8FADBF65B685FE1191EE1065050011C9;44673735EAF46E11B7B78A650500BC08;2025-06-10;-2.0;-3265.68
4CD58392A1567E11B7B78A650500ED08;44673735EAF46E11B7B78A650500BC08;2025-06-10;-2.0;-92.22
D5384A7B0321DE11ADB3106505003CB8;44673735EAF46E11B7B78A650500BC08;2025-06-10;-10.0;-600.0
2A05039F6A92DE11ADB3106505002EB8;44673735EAF46E11B7B78A650500BC08;2025-06-10;-8.0;-540.28
F3137EBFE6197E110819BB65050009AA;44673735EAF46E11B7B78A650500BC08;2025-06-10;-10.0;-449.74
C605254C9E456E11B7B78A650500BC08;44673735EAF46E11B7B78A650500BC08;2025-06-10;-2.0;-52.6
58E6398D30556E11B7B78A650500BC08;44673735EAF46E11B7B78A650500BC08;2025-06-10;-2.0;-692.98
D8121261FDA1EE114066106505000C4A;44673735EAF46E11B7B78A650500BC08;2025-06-10;-2.0;-1278.14
0A9EF37B8A65EE11B1AD1065050039EA;44673735EAF46E11B7B78A650500BC08;2025-06-10;-20.0;-460.0
B76E9945F659EE1191EE1065050009B9;44673735EAF46E11B7B78A650500BC08;2025-06-10;-2.0;-630.94
4587FD357AA1CE11877210650500C369;44673735EAF46E11B7B78A650500BC08;2025-06-10;-4.0;-676.56
5F4EFD566FD8CE11ADB310650500E0B8;44673735EAF46E11B7B78A650500BC08;2025-06-10;-4.0;-1513.6599999999999
C6D7BD3CFD456E11B7B78A650500BC08;44673735EAF46E11B7B78A650500BC08;2025-06-10;-2.0;-410.0
D64BC93B02885E1142D58A650500DC08;44673735EAF46E11B7B78A650500BC08;2025-06-10;-10.0;-625.04
D58EBDFA1D456E11B7B78A650500BC08;44673735EAF46E11B7B78A650500BC08;2025-06-10;-4.0;-9160.0
93AA7E39CE456E11B7B78A650500BC08;44673735EAF46E11B7B78A650500BC08;2025-06-10;-4.0;-305.2
39A8248FCD456E11B7B78A650500BC08;44673735EAF46E11B7B78A650500BC08;2025-06-10;-2.0;-3688.36
4CDE168900966E11B7B78A650500BC08;44673735EAF46E11B7B78A650500BC08;2025-06-10;-4.0;-411.2
D9AEA5F4B9000F11F1557891FE695789;44673735EAF46E11B7B78A650500BC08;2025-06-10;-8.0;-456.16
53F0786EDB997E110819BB65050019AA;44673735EAF46E11B7B78A650500BC08;2025-06-10;-2.0;-300.7
9F713A41D7B8BE118772106505006859;44673735EAF46E11B7B78A650500BC08;2025-06-10;-2.0;-100.46
4D028A0DADE1FE1191EE106505005CB9;44673735EAF46E11B7B78A650500BC08;2025-06-10;-4.0;-733.74
42E6BBE5DD949E115540106505006E3B;44673735EAF46E11B7B78A650500BC08;2025-06-10;-2.0;-502.64
B4C716D859B1EE114066106505001C4A;44673735EAF46E11B7B78A650500BC08;2025-06-10;-2.0;-38.0
85D9B0A5DCFBEE1191EE1065050029B9;44673735EAF46E11B7B78A650500BC08;2025-06-10;-2.0;-682.5
D2F06262B0A1EE11406610650500FB4A;44673735EAF46E11B7B78A650500BC08;2025-06-10;-2.0;-440.64
2BAA8FE1E35FEE1191EE1065050029B9;44673735EAF46E11B7B78A650500BC08;2025-06-10;-4.0;-206.12
8FDC6078A2E0DE11ADB310650500DBB8;44673735EAF46E11B7B78A650500BC08;2025-06-10;-2.0;-286.0
2F037D4657DEAE11BE2110650500E35A;44673735EAF46E11B7B78A650500BC08;2025-06-10;-2.0;-486.0
779902914575EE1191EE10650500D4B9;44673735EAF46E11B7B78A650500BC08;2025-06-10;-6.0;-263.4
A655D3753195EE1191EE1065050005B9;44673735EAF46E11B7B78A650500BC08;2025-06-10;-2.0;-540.0
8797A389CE37FE1191EE1065050053C9;44673735EAF46E11B7B78A650500BC08;2025-06-10;-2.0;-3994.82
97419871AED4EE11B1AD1065050078EA;44673735EAF46E11B7B78A650500BC08;2025-06-10;-2.0;-86.68
B52C099EAB98EE1191EE10650500A8B9;44673735EAF46E11B7B78A650500BC08;2025-06-10;-2.0;-783.82
AC52DD0C0405DE11ADB31065050051C8;44673735EAF46E11B7B78A650500BC08;2025-06-10;-4.0;-538.6
2DE60F09FEC1CE11877210650500F369;44673735EAF46E11B7B78A650500BC08;2025-06-10;-68.0;-2526.7
129B30C2979ABE11877210650500CA59;44673735EAF46E11B7B78A650500BC08;2025-06-10;-2.0;-498.18
8C26195195D3EE11B1AD1065050027EA;44673735EAF46E11B7B78A650500BC08;2025-06-10;-2.0;-183.32
FDBF5FCF20CAED11A62CD892C0003F2A;44673735EAF46E11B7B78A650500BC08;2025-06-10;-2.0;-106.0
98FEE6875D456E11B7B78A650500BC08;44673735EAF46E11B7B78A650500BC08;2025-06-10;-2.0;-431.96
900C107AC1D07E11B7B78A650500CD08;44673735EAF46E11B7B78A650500BC08;2025-06-10;-2.0;-6.48
3EDF2DBC8E456E11B7B78A650500BC08;44673735EAF46E11B7B78A650500BC08;2025-06-10;-2.0;-574.0
27ABCFB52884EE11B1AD1065050008EA;44673735EAF46E11B7B78A650500BC08;2025-06-10;-2.0;-243.2
D507820BD72EFE11F1557891FE69F489;44673735EAF46E11B7B78A650500BC08;2025-06-10;-2.0;-264.0
F6DDF0E966C37E11B7B78A650500DD08;44673735EAF46E11B7B78A650500BC08;2025-06-10;-4.0;-480.8
10995F76A646CE11ADB3106505008DA8;44673735EAF46E11B7B78A650500BC08;2025-06-10;-2.0;-174.62
BF8653EED30A3E11052F6792C000D249;44673735EAF46E11B7B78A650500BC08;2025-06-10;-2.0;-693.4
772AC45A4BB23E11052F6792C000CF39;44673735EAF46E11B7B78A650500BC08;2025-06-10;-2.0;-249.88
F5DA31BDB27D8E11F243BB650500154B;44673735EAF46E11B7B78A650500BC08;2025-06-10;-4.0;-275.53999999999996
2DF0631100C01E1143F0668E42008C3B;44673735EAF46E11B7B78A650500BC08;2025-06-10;-2.0;-326.44
86A450476FFEFE11F1557891FE690689;44673735EAF46E11B7B78A650500BC08;2025-06-10;-4.0;-220.0
FF2C6BDA03078E11F243BB6505005C3B;44673735EAF46E11B7B78A650500BC08;2025-06-10;-2.0;-63.32
6B2267EF3C456E11B7B78A650500BC08;44673735EAF46E11B7B78A650500BC08;2025-06-10;-4.0;-562.22
12FD61B620556E11B7B78A650500BC08;44673735EAF46E11B7B78A650500BC08;2025-06-10;-2.0;-479.52
7955255D3039EE1191EE1065050009B9;44673735EAF46E11B7B78A650500BC08;2025-06-10;-6.0;-496.98
89994B7DA0CAED11A62CD892C0003F2A;44673735EAF46E11B7B78A650500BC08;2025-06-10;-6.0;-858.0
00F914265F66DE11ADB31065050023C8;44673735EAF46E11B7B78A650500BC08;2025-06-10;-2.0;-672.06
32B5C4C1166E9E11726010650500CB4A;44673735EAF46E11B7B78A650500BC08;2025-06-10;-6.0;-590.64
DB077A316CC3FE1191EE10650500DEB9;44673735EAF46E11B7B78A650500BC08;2025-06-10;-2.0;-137.04
AFFC3C198EF39E115540106505008D3B;44673735EAF46E11B7B78A650500BC08;2025-06-10;-4.0;-188.72
DCD31F9234627E11B7B78A650500CD08;44673735EAF46E11B7B78A650500BC08;2025-06-10;-2.0;-162.72
F12B0DC8862FFE11F1557891FE693689;44673735EAF46E11B7B78A650500BC08;2025-06-10;-2.0;-678.0
A106DE105D35BE11BE21106505000C5A;44673735EAF46E11B7B78A650500BC08;2025-06-10;-2.0;-987.58
FD69173959B1EE114066106505001C4A;44673735EAF46E11B7B78A650500BC08;2025-06-10;-2.0;-50.58
B130B6E525B4DE11ADB310650500F0C8;44673735EAF46E11B7B78A650500BC08;2025-06-10;-2.0;-134.4
E109D0A02EA27E11B7B78A650500DD08;44673735EAF46E11B7B78A650500BC08;2025-06-10;-4.0;-192.32
652ED80F25037E11B7B78A650500DD08;44673735EAF46E11B7B78A650500BC08;2025-06-10;-18.0;-659.16
64851C935D51FD110DC22A92C000DD89;44673735EAF46E11B7B78A650500BC08;2025-06-10;-4.0;-164.44
FEA94706F2DFAE11BE2110650500255A;44673735EAF46E11B7B78A650500BC08;2025-06-10;-4.0;-1650.8
83EE077F7D456E11B7B78A650500BC08;44673735EAF46E11B7B78A650500BC08;2025-06-10;-8.0;-249.6
0E52EC50E6568E11F243BB6505007B3B;44673735EAF46E11B7B78A650500BC08;2025-06-10;-2.0;-145.9
F6DBC16F18C6DE11C84610650500DE6A;44673735EAF46E11B7B78A650500BC08;2025-06-10;-4.0;-47.32
C8221F7F45CF8E11F243BB650500084B;44673735EAF46E11B7B78A650500BC08;2025-06-10;-2.0;-89.52
B45D493F8F456E11B7B78A650500BC08;44673735EAF46E11B7B78A650500BC08;2025-06-10;-2.0;-21.78
0F3453A763039E115540106505004C3B;44673735EAF46E11B7B78A650500BC08;2025-06-10;-2.0;-60.84
A1B16FFB390FEE1191EE1065050029B9;44673735EAF46E11B7B78A650500BC08;2025-06-10;-2.0;-180.54
5D8B995C92E0DE11ADB310650500DBB8;44673735EAF46E11B7B78A650500BC08;2025-06-10;-2.0;-198.54
CA88FE56FBDBBE118772106505006C59;44673735EAF46E11B7B78A650500BC08;2025-06-10;-2.0;-342.0
97B0659548329E115540106505004B3B;44673735EAF46E11B7B78A650500BC08;2025-06-10;-6.0;-2010.0
EEF676A9CD456E11B7B78A650500BC08;44673735EAF46E11B7B78A650500BC08;2025-06-10;-2.0;-280.0
61E3AEA7041AAE11BE2110650500DD4A;44673735EAF46E11B7B78A650500BC08;2025-06-10;-2.0;-768.0
567F0945CD456E11B7B78A650500BC08;44673735EAF46E11B7B78A650500BC08;2025-06-10;-2.0;-120.0
4C7AB2A516DB8E11F243BB650500724B;44673735EAF46E11B7B78A650500BC08;2025-06-10;-2.0;-3384.0
900E3C660DA57E11B7B78A650500ED08;44673735EAF46E11B7B78A650500BC08;2025-06-10;-4.0;-392.0
0CB225869C456E11B7B78A650500BC08;44673735EAF46E11B7B78A650500BC08;2025-06-10;-8.0;-321.94
0D5C8E76CD456E11B7B78A650500BC08;44673735EAF46E11B7B78A650500BC08;2025-06-10;-2.0;-399.54
83365B4D4E968E11F243BB650500DB3B;44673735EAF46E11B7B78A650500BC08;2025-06-10;-2.0;-86.82
24FBA1572B917E11B7B78A650500CD08;44673735EAF46E11B7B78A650500BC08;2025-06-10;-4.0;-168.58
07719A32662BDE11406610650500734A;44673735EAF46E11B7B78A650500BC08;2025-06-10;-4.0;-1038.4
0034A856DB456E11B7B78A650500BC08;44673735EAF46E11B7B78A650500BC08;2025-06-10;-2.0;-246.5
F30319B5C422BE11BE2110650500185A;44673735EAF46E11B7B78A650500BC08;2025-06-10;-2.0;-377.9
BF8BC161B92F6E11B7B78A650500CD08;44673735EAF46E11B7B78A650500BC08;2025-06-10;-4.0;-728.0
B8DF676623900F11F1557891FE690889;44673735EAF46E11B7B78A650500BC08;2025-06-10;-2.0;-526.0
22B356467946DE11ADB310650500F2C8;44673735EAF46E11B7B78A650500BC08;2025-06-10;-2.0;-84.48
C93EE961BD889E11525010650500F84A;44673735EAF46E11B7B78A650500BC08;2025-06-10;-2.0;-158.1
ACDBB0F084EBDE11406610650500744A;44673735EAF46E11B7B78A650500BC08;2025-06-10;-2.0;-1668.06
DF8C20D5BFFD9E117260106505004B4A;44673735EAF46E11B7B78A650500BC08;2025-06-10;-4.0;-1630.0
F5D17B2DE79FFE11F1557891FE69C689;44673735EAF46E11B7B78A650500BC08;2025-06-10;-2.0;-144.68
E443B758EFB89E11525010650500394A;44673735EAF46E11B7B78A650500BC08;2025-06-10;-2.0;-1174.88
2DE64AEE62608E110819BB65050039AA;44673735EAF46E11B7B78A650500BC08;2025-06-10;-2.0;-45.28
545E99104DFFFE11F1557891FE694789;44673735EAF46E11B7B78A650500BC08;2025-06-10;-2.0;-434.6
A4EF60EBDACDDE11406610650500F64A;44673735EAF46E11B7B78A650500BC08;2025-06-10;-2.0;-560.48
CC303F6FB6197E110819BB65050009AA;44673735EAF46E11B7B78A650500BC08;2025-06-10;-2.0;-115.32
EFD932DC9D30DE11ADB310650500EAB8;FC081C55582CED11A62CD892C0003F2A;2025-06-10;-2.0;-178.0
1A2EBFF38EEC9E11726010650500D94A;FC081C55582CED11A62CD892C0003F2A;2025-06-10;-4.0;-291.16
38AD04ACC691FE1191EE10650500EBB9;FC081C55582CED11A62CD892C0003F2A;2025-06-10;-2.0;-27.8
34E383856E74FE1191EE10650500CFB9;FC081C55582CED11A62CD892C0003F2A;2025-06-10;-2.0;-69.12
A8ED7072C89D7E110819BB65050039AA;FC081C55582CED11A62CD892C0003F2A;2025-06-10;-4.0;-349.88
7A17D43BD2FBEE1191EE1065050029B9;FC081C55582CED11A62CD892C0003F2A;2025-06-10;-4.0;-375.78
6A29FA1D9B4D7E110819BB65050039AA;FC081C55582CED11A62CD892C0003F2A;2025-06-10;-2.0;-121.76
C464EB2B2EF10F114EF7A826072B0A89;FC081C55582CED11A62CD892C0003F2A;2025-06-10;-4.0;-242.4
BE01F195F1429E115540106505005B3B;FC081C55582CED11A62CD892C0003F2A;2025-06-10;-10.0;-295.14
35B1BBFC9642EE11406610650500DC4A;FC081C55582CED11A62CD892C0003F2A;2025-06-10;-2.0;-1663.02
FB4B0EAC17C2FE1191EE106505006DB9;FC081C55582CED11A62CD892C0003F2A;2025-06-10;-2.0;-179.3
8BAFE28FD0CAED11A62CD892C0003F2A;FC081C55582CED11A62CD892C0003F2A;2025-06-10;-2.0;-259.5
BD033BA5725B6E11B7B78A650500BC08;FC081C55582CED11A62CD892C0003F2A;2025-06-10;-2.0;-1161.86
04C7341B7CEEED11A62CD892C000399B;FC081C55582CED11A62CD892C0003F2A;2025-06-10;-4.0;-500.0
D519A5CAEE065E1142D58A650500DC08;FC081C55582CED11A62CD892C0003F2A;2025-06-10;-2.0;-75.52
6FF1EAAD716CEE1191EE1065050029B9;FC081C55582CED11A62CD892C0003F2A;2025-06-10;-4.0;-1269.74
C14E6B0BCED4DE11ADB31065050021C8;FC081C55582CED11A62CD892C0003F2A;2025-06-10;-2.0;-363.6
2108AF3B2070DE11ADB3106505003BB8;FC081C55582CED11A62CD892C0003F2A;2025-06-10;-6.0;-799.1999999999999
DD0A9111FC1EFE11F1557891FE69E489;FC081C55582CED11A62CD892C0003F2A;2025-06-10;-2.0;-160.64
2694943F787CCE11ADB310650500B5B8;FC081C55582CED11A62CD892C0003F2A;2025-06-10;-2.0;-72.88
7BCFAAAA4A18DE11C84610650500807A;FC081C55582CED11A62CD892C0003F2A;2025-06-10;-2.0;-706.04
1F1EB7FDB0CAED11A62CD892C0003F2A;FC081C55582CED11A62CD892C0003F2A;2025-06-10;-30.0;-1007.04
4FA461EEEDE4FE1191EE1065050050C9;FC081C55582CED11A62CD892C0003F2A;2025-06-10;-2.0;-219.5
54EFD822578B3E11052F6792C000D249;FC081C55582CED11A62CD892C0003F2A;2025-06-10;-4.0;-158.6
80D45AFE3361FE1191EE10650500ABB9;FC081C55582CED11A62CD892C0003F2A;2025-06-10;-2.0;-715.24
362B22D501CAED11A62CD892C0003F2A;FC081C55582CED11A62CD892C0003F2A;2025-06-10;-2.0;-249.9
F0317019FD53BE11BE2110650500A95A;FC081C55582CED11A62CD892C0003F2A;2025-06-10;-2.0;-59.14
0552922868A0EE11406610650500BA4A;FC081C55582CED11A62CD892C0003F2A;2025-06-10;-2.0;-260.58
AF4BCFB931CAED11A62CD892C0003F2A;FC081C55582CED11A62CD892C0003F2A;2025-06-10;-2.0;-490.04
30E155A600C13E11052F6792C000CF39;FC081C55582CED11A62CD892C0003F2A;2025-06-10;-2.0;-402.04
D57A4B9DDC93FE1191EE106505009EB9;FC081C55582CED11A62CD892C0003F2A;2025-06-10;-2.0;-498.56
A6D350222CECDE11406610650500D54A;FC081C55582CED11A62CD892C0003F2A;2025-06-10;-2.0;-420.46
D0976399FC410F11112A674AC7E21989;FC081C55582CED11A62CD892C0003F2A;2025-06-10;-2.0;-150.5
D780E2E04579FE11128010650500E819;FC081C55582CED11A62CD892C0003F2A;2025-06-10;-18.0;-534.96
7D2CFD64047D8E11F243BB650500154B;FC081C55582CED11A62CD892C0003F2A;2025-06-10;-2.0;-354.96
4021332D25DFEE1191EE10650500A9B9;FC081C55582CED11A62CD892C0003F2A;2025-06-10;-2.0;-664.4
FB49F59C2FFFBE11877210650500A169;FC081C55582CED11A62CD892C0003F2A;2025-06-10;-2.0;-471.34
E7E69B30FB03EE11B1AD1065050026EA;FC081C55582CED11A62CD892C0003F2A;2025-06-10;-4.0;-326.4
D56812CD101ACE11ADB31065050062B8;FC081C55582CED11A62CD892C0003F2A;2025-06-10;-2.0;-494.4
A565F308113FEE1191EE1065050029B9;FC081C55582CED11A62CD892C0003F2A;2025-06-10;-2.0;-748.42
E815D75DB5934E1142D58A6505002C08;FC081C55582CED11A62CD892C0003F2A;2025-06-10;-2.0;-822.8
6D3FD688862CBE11877210650500CC59;FC081C55582CED11A62CD892C0003F2A;2025-06-10;-2.0;-583.44
58AC21A3A87CCE11ADB310650500B5B8;FC081C55582CED11A62CD892C0003F2A;2025-06-10;-2.0;-72.88
473F82DD068BBE11877210650500FB59;FC081C55582CED11A62CD892C0003F2A;2025-06-10;-2.0;-191.16
0674E500A371FE1191EE10650500BBB9;FC081C55582CED11A62CD892C0003F2A;2025-06-10;-20.0;-1044.46
ADBD29D603CAED11A62CD892C0003F2A;FC081C55582CED11A62CD892C0003F2A;2025-06-10;-2.0;-206.0
FD744D7F12EC6E11B7B78A650500BC08;FC081C55582CED11A62CD892C0003F2A;2025-06-10;-6.0;-257.94
32204C3634C26E1142D58A650500AD08;FC081C55582CED11A62CD892C0003F2A;2025-06-10;-2.0;-338.28
88D9530CC7C1EE114066106505003C4A;FC081C55582CED11A62CD892C0003F2A;2025-06-10;-2.0;-166.52
BD296445F0CAED11A62CD892C0003F2A;FC081C55582CED11A62CD892C0003F2A;2025-06-10;-2.0;-796.22
0CAB1CA94D2B7E110819BB65050039AA;FC081C55582CED11A62CD892C0003F2A;2025-06-10;-2.0;-417.38
233BDF8AC0BEAE11BE2110650500B35A;FC081C55582CED11A62CD892C0003F2A;2025-06-10;-2.0;-160.76
D7399EE3D0FDDE11406610650500274A;FC081C55582CED11A62CD892C0003F2A;2025-06-10;-2.0;-706.04
0DC8F8D079B1EE114066106505001C4A;FC081C55582CED11A62CD892C0003F2A;2025-06-10;-4.0;-632.96
DA39BC1E81365E1142D58A650500DC08;FC081C55582CED11A62CD892C0003F2A;2025-06-10;-6.0;-1248.48
0DAB0F43D0CAED11A62CD892C0003F2A;FC081C55582CED11A62CD892C0003F2A;2025-06-10;-2.0;-375.02
98780A3AC0679E11554010650500F14B;FC081C55582CED11A62CD892C0003F2A;2025-06-10;-2.0;-122.18
29F4F53C79363E11052F6792C000FF39;FC081C55582CED11A62CD892C0003F2A;2025-06-10;-2.0;-70.76
5325DA368FEBDE11406610650500844A;FC081C55582CED11A62CD892C0003F2A;2025-06-10;-2.0;-362.72
806FCBA84733FE1191EE106505000EB9;FC081C55582CED11A62CD892C0003F2A;2025-06-10;-2.0;-281.18
72FCBEBF18AB6E11B7B78A650500BC08;FC081C55582CED11A62CD892C0003F2A;2025-06-10;-2.0;-373.1
10C936FFC1700E11A4A96492C0002019;FC081C55582CED11A62CD892C0003F2A;2025-06-10;-2.0;-113.76
D0DB4AD961CAED11A62CD892C0003F2A;FC081C55582CED11A62CD892C0003F2A;2025-06-10;-2.0;-168.04
4581E2C0541AFE11128010650500E819;FC081C55582CED11A62CD892C0003F2A;2025-06-10;-6.0;-646.84
F7C4C0B7506AFE11128010650500E819;FC081C55582CED11A62CD892C0003F2A;2025-06-10;-4.0;-173.8
98B44A3264A27E11B7B78A650500DD08;FC081C55582CED11A62CD892C0003F2A;2025-06-10;-2.0;-269.42
069646A59B82DE11ADB3106505001EB8;FC081C55582CED11A62CD892C0003F2A;2025-06-10;-2.0;-310.98
D884C3029873CE118772106505001669;FC081C55582CED11A62CD892C0003F2A;2025-06-10;-2.0;-242.06
FF1D02BDD0F6EE1191EE1065050096B9;FC081C55582CED11A62CD892C0003F2A;2025-06-10;-2.0;-400.0
59F0BB721CC46E11B7B78A650500BC08;FC081C55582CED11A62CD892C0003F2A;2025-06-10;-2.0;-196.9
EAE56E97501ACE11ADB31065050062B8;FC081C55582CED11A62CD892C0003F2A;2025-06-10;-2.0;-380.1
6EAC592EC1CAED11A62CD892C0003F2A;FC081C55582CED11A62CD892C0003F2A;2025-06-10;-4.0;-390.68
90384A7B0321DE11ADB3106505003CB8;FC081C55582CED11A62CD892C0003F2A;2025-06-10;-2.0;-110.0
C2120B04BB733E11052F6792C000CF39;FC081C55582CED11A62CD892C0003F2A;2025-06-10;-2.0;-158.38
3C13771CEFEBDE11406610650500844A;FC081C55582CED11A62CD892C0003F2A;2025-06-10;-2.0;-300.68
9EFAB501B0CAED11A62CD892C0003F2A;FC081C55582CED11A62CD892C0003F2A;2025-06-10;-2.0;-91.7
F7B5FF0809CBFD11A4A96492C000CB59;FC081C55582CED11A62CD892C0003F2A;2025-06-10;-4.0;-89.08
A633AE3A2A6BFE111280106505000919;FC081C55582CED11A62CD892C0003F2A;2025-06-10;-2.0;-357.08
315FCFB3E673AE11726010650500325A;FC081C55582CED11A62CD892C0003F2A;2025-06-10;-4.0;-380.32
4769CAA0EC6FEE1191EE1065050029B9;FC081C55582CED11A62CD892C0003F2A;2025-06-10;-2.0;-394.24
0A150FF1AC112E1143F0668E4200C71A;FC081C55582CED11A62CD892C0003F2A;2025-06-10;-2.0;-674.14
F55759B07607DE11C846106505002F6A;FC081C55582CED11A62CD892C0003F2A;2025-06-10;-2.0;-23.66
FF77820BD72EFE11F1557891FE69F489;FC081C55582CED11A62CD892C0003F2A;2025-06-10;-2.0;-464.0
C1D32BDCFFAEDE11406610650500384A;FC081C55582CED11A62CD892C0003F2A;2025-06-10;-2.0;-66.82
D6C7B4BE21DCDE11406610650500B54A;FC081C55582CED11A62CD892C0003F2A;2025-06-10;-4.0;-585.0
1E9974C898E3FE1191EE10650500FEB9;FC081C55582CED11A62CD892C0003F2A;2025-06-10;-2.0;-140.66
022014EF95844E1142D58A6505002C08;FC081C55582CED11A62CD892C0003F2A;2025-06-10;-2.0;-319.8
C167090D586FBE11877210650500E069;FC081C55582CED11A62CD892C0003F2A;2025-06-10;-2.0;-131.26
5F3842259FB96E11B7B78A650500BC08;FC081C55582CED11A62CD892C0003F2A;2025-06-10;-2.0;-414.02
866C3997B34C2E11052F6792C000CF39;FC081C55582CED11A62CD892C0003F2A;2025-06-10;-2.0;-284.8
7002AE3A2A6BFE111280106505000919;FC081C55582CED11A62CD892C0003F2A;2025-06-10;-2.0;-133.76
561A0CC4F0CAED11A62CD892C0003F2A;FC081C55582CED11A62CD892C0003F2A;2025-06-10;-2.0;-610.46
51DF1C876BA4DE11ADB310650500E0C8;FC081C55582CED11A62CD892C0003F2A;2025-06-10;-2.0;-243.5
EEE27EB319E49E11554010650500CE3B;FC081C55582CED11A62CD892C0003F2A;2025-06-10;-2.0;-120.8
7F56402EE822FD110DC22A92C0006778;FC081C55582CED11A62CD892C0003F2A;2025-06-10;-2.0;-629.94
47A247434719DE11C84610650500C17A;FC081C55582CED11A62CD892C0003F2A;2025-06-10;-2.0;-843.66
F6A493560091DE11ADB310650500DCB8;FC081C55582CED11A62CD892C0003F2A;2025-06-10;-2.0;-152.96
903118CCA257DE11C846106505008F6A;FC081C55582CED11A62CD892C0003F2A;2025-06-10;-2.0;-51.0
9CB65BEF4A075E1142D58A650500DC08;FC081C55582CED11A62CD892C0003F2A;2025-06-10;-2.0;-132.26
8BB2B97E8BCE1E1143F0668E4200502B;FC081C55582CED11A62CD892C0003F2A;2025-06-10;-4.0;-318.48
A5384A7B0321DE11ADB3106505003CB8;B0BDDED34CC83E11052F6792C000B249;2025-06-10;-2.0;-164.0
EF3BBD0134FD4E1142D58A650500BC08;B0BDDED34CC83E11052F6792C000B249;2025-06-10;-2.0;-358.14
1DEA48450B630F114EF7A826072BDB89;B0BDDED34CC83E11052F6792C000B249;2025-06-10;-2.0;-376.0
6918D8A129205E1142D58A650500BC08;B0BDDED34CC83E11052F6792C000B249;2025-06-10;-2.0;-810.88
B1E0BA67146B3E11052F6792C000D249;B0BDDED34CC83E11052F6792C000B249;2025-06-10;-2.0;-71.66
F5F18BC1419EBE11877210650500DF59;B0BDDED34CC83E11052F6792C000B249;2025-06-10;-20.0;-557.2
99F156AE877F8E11F243BB650500A74B;B0BDDED34CC83E11052F6792C000B249;2025-06-10;-4.0;-54.18
A80784041C2D4E1142D58A650500BC08;B0BDDED34CC83E11052F6792C000B249;2025-06-10;-6.0;-151.32
3B3032F28ABAFE11128010650500E819;B0BDDED34CC83E11052F6792C000B249;2025-06-10;-4.0;-125.44
3AD0EE26A373FE1191EE106505006EB9;B0BDDED34CC83E11052F6792C000B249;2025-06-10;-2.0;-303.68
454012EDC877EE1191EE1065050027B9;B0BDDED34CC83E11052F6792C000B249;2025-06-10;-2.6;-559.98
E7C138AC243C2E11052F6792C000CF39;B0BDDED34CC83E11052F6792C000B249;2025-06-10;-2.0;-447.46
09E32F23201ADE11406610650500024A;B0BDDED34CC83E11052F6792C000B249;2025-06-10;-2.0;-180.06
28CC8E31A0566E11B7B78A650500BC08;B0BDDED34CC83E11052F6792C000B249;2025-06-10;-8.0;-1127.04
2A2B48450B630F114EF7A826072BDB89;B0BDDED34CC83E11052F6792C000B249;2025-06-10;-2.0;-336.0
4544118ADA7D6E11B7B78A650500BC08;B0BDDED34CC83E11052F6792C000B249;2025-06-10;-6.0;-401.42
09B751EE1F22FE1191EE10650500ACB9;B0BDDED34CC83E11052F6792C000B249;2025-06-10;-2.0;-354.5
1F43BE35C0CAED11A62CD892C0003F2A;B0BDDED34CC83E11052F6792C000B249;2025-06-10;-2.0;-204.22
65BC9DE2AE24DE11ADB31065050040C8;B0BDDED34CC83E11052F6792C000B249;2025-06-10;-2.0;-344.26
E83E669409FEFD11A4A96492C000DFF9;B0BDDED34CC83E11052F6792C000B249;2025-06-10;-4.0;-131.0
BB6A7AF34686CE11ADB310650500DDA8;B0BDDED34CC83E11052F6792C000B249;2025-06-10;-2.0;-54.52
D2EE879423D0DE11ADB310650500BBB8;B0BDDED34CC83E11052F6792C000B249;2025-06-10;-2.0;-139.5
BB14C5A07F2DBE118772106505001E59;B0BDDED34CC83E11052F6792C000B249;2025-06-10;-2.0;-466.48
67FC11839B547E11B7B78A650500ED08;B0BDDED34CC83E11052F6792C000B249;2025-06-10;-2.0;-767.42
AB7B1593B0A68E11F243BB650500DB3B;B0BDDED34CC83E11052F6792C000B249;2025-06-10;-2.0;-348.68
EFA15376AF6DFE11F1557891FE690489;B0BDDED34CC83E11052F6792C000B249;2025-06-10;-2.0;-152.0
F8D6DEC397310F11112A674AC7E2F889;B0BDDED34CC83E11052F6792C000B249;2025-06-10;-2.0;-64.02
B215291F5D48EE1191EE1065050048B9;B0BDDED34CC83E11052F6792C000B249;2025-06-10;-4.0;-196.0
1B4793699709CE11ADB31065050011B8;B0BDDED34CC83E11052F6792C000B249;2025-06-10;-2.0;-53.16
18757CEB9DE8FD11A4A96492C000AA89;B0BDDED34CC83E11052F6792C000B249;2025-06-10;-2.0;-131.32
B63A4B7B00A0CE118772106505007269;B0BDDED34CC83E11052F6792C000B249;2025-06-10;-12.0;-229.56
4E71D96512248E113835BB6505009CAA;B0BDDED34CC83E11052F6792C000B249;2025-06-10;-6.0;-218.57999999999998
19DD0C3751CAED11A62CD892C0003F2A;B0BDDED34CC83E11052F6792C000B249;2025-06-10;-2.0;-519.34
092464D9DF61FE1191EE10650500BBB9;B0BDDED34CC83E11052F6792C000B249;2025-06-10;-2.0;-84.2
377D7E8CF0CAED11A62CD892C0003F2A;B0BDDED34CC83E11052F6792C000B249;2025-06-10;-2.0;-343.1
5AB54DD35574FD110DC22A92C000C499;B0BDDED34CC83E11052F6792C000B249;2025-06-10;-6.0;-246.66
7739094141CAED11A62CD892C0003F2A;B0BDDED34CC83E11052F6792C000B249;2025-06-10;-4.0;-3711.12
48B5C2EF3A2D8E11F243BB650500A44B;B0BDDED34CC83E11052F6792C000B249;2025-06-10;-2.0;-319.76
5ABA43A8EC14CE11877210650500E669;B0BDDED34CC83E11052F6792C000B249;2025-06-10;-2.0;-230.5
B5CE98BA2B9FFE11F1557891FE69C689;B0BDDED34CC83E11052F6792C000B249;2025-06-10;-2.0;-566.0
AAFC1ACAC0566E11B7B78A650500BC08;B0BDDED34CC83E11052F6792C000B249;2025-06-10;-2.0;-281.76
D6DBCF28747FCE11ADB310650500C9B8;B0BDDED34CC83E11052F6792C000B249;2025-06-10;-4.0;-145.76
3E468F15EC40EE114066106505004A4A;B0BDDED34CC83E11052F6792C000B249;2025-06-10;-2.0;-446.8
E76C964257E48E113835BB6505009DAA;B0BDDED34CC83E11052F6792C000B249;2025-06-10;-2.0;-622.0
A6FDC45E3142CE118772106505008469;B0BDDED34CC83E11052F6792C000B249;2025-06-10;-2.0;-304.0
7F96B7DB01CAED11A62CD892C0003F2A;B0BDDED34CC83E11052F6792C000B249;2025-06-10;-2.0;-223.84
C9BA0F08E2CAED11A62CD892C0003F2A;B0BDDED34CC83E11052F6792C000B249;2025-06-10;-4.0;-664.96
01DE6F40885EDE11406610650500C74A;B0BDDED34CC83E11052F6792C000B249;2025-06-10;-2.0;-230.12
DA9088DED0CAED11A62CD892C0003F2A;B0BDDED34CC83E11052F6792C000B249;2025-06-10;-6.0;-578.52
903118CCA257DE11C846106505008F6A;B0BDDED34CC83E11052F6792C000B249;2025-06-10;-10.0;-255.0
C4546055E1CAED11A62CD892C0003F2A;B0BDDED34CC83E11052F6792C000B249;2025-06-10;-8.0;-71.16
BA2E521F8C78CE11ADB31065050060B8;B0BDDED34CC83E11052F6792C000B249;2025-06-10;-2.0;-746.14
B167F59B53285E1142D58A650500DC08;B0BDDED34CC83E11052F6792C000B249;2025-06-10;-2.0;-544.08
7D57605FED71FE1191EE10650500CBB9;B0BDDED34CC83E11052F6792C000B249;2025-06-10;-2.0;-462.18
17EB5B5A04D7EE1191EE1065050097B9;B0BDDED34CC83E11052F6792C000B249;2025-06-10;-4.0;-148.6
EA4F278C0ADEAE11BE2110650500E35A;B0BDDED34CC83E11052F6792C000B249;2025-06-10;-4.0;-148.6
378AEB04847C2E11052F6792C000CF39;B0BDDED34CC83E11052F6792C000B249;2025-06-10;-2.0;-144.0
F527297049FFFE11F1557891FE694789;B0BDDED34CC83E11052F6792C000B249;2025-06-10;-2.0;-118.44
ED5AD75F66F86E11B7B78A650500BC08;B0BDDED34CC83E11052F6792C000B249;2025-06-10;-2.0;-40.66
AE12452A3E263E11052F6792C000FF39;B0BDDED34CC83E11052F6792C000B249;2025-06-10;-4.0;-274.6
535C38ACF77CCE11ADB310650500B5B8;B0BDDED34CC83E11052F6792C000B249;2025-06-10;-2.0;-72.88
089C592ACED4DE11ADB31065050021C8;B0BDDED34CC83E11052F6792C000B249;2025-06-10;-2.0;-330.18
7F890DC2591A6E11B7B78A650500BC08;B0BDDED34CC83E11052F6792C000B249;2025-06-10;-4.0;-395.8
631E9DB11A278E11F243BB6505008C3B;B0BDDED34CC83E11052F6792C000B249;2025-06-10;-2.0;-159.58
5DA6B3586D4DDE11406610650500564A;B0BDDED34CC83E11052F6792C000B249;2025-06-10;-2.0;-132.5
3466037B3F9CDE11406610650500754A;B0BDDED34CC83E11052F6792C000B249;2025-06-10;-2.0;-258.78
A4316DC2DEDC9E11726010650500C94A;B0BDDED34CC83E11052F6792C000B249;2025-06-10;-2.0;-86.76
FFA7EDD1F0CAED11A62CD892C0003F2A;B0BDDED34CC83E11052F6792C000B249;2025-06-10;-2.0;-623.7
ECA9CF4E6BBD3E11052F6792C000D249;B0BDDED34CC83E11052F6792C000B249;2025-06-10;-2.0;-29.82
E653C166AF6DFE11F1557891FE690489;B0BDDED34CC83E11052F6792C000B249;2025-06-10;-8.0;-653.6
B5DA0E29F48BFE111280106505000919;B0BDDED34CC83E11052F6792C000B249;2025-06-10;-2.0;-394.02
2425831BB5939E115540106505000D3B;B0BDDED34CC83E11052F6792C000B249;2025-06-10;-2.0;-460.16
227DB89C1A5FFE11F1557891FE697689;B0BDDED34CC83E11052F6792C000B249;2025-06-10;-2.0;-135.78
279ABECC31993E11052F6792C000D249;B0BDDED34CC83E11052F6792C000B249;2025-06-10;-2.0;-476.8
5A5627ADC0CAED11A62CD892C0003F2A;B0BDDED34CC83E11052F6792C000B249;2025-06-10;-4.0;-1141.12
B5B512A8DC2ECE11ADB31065050008B8;B0BDDED34CC83E11052F6792C000B249;2025-06-10;-2.0;-237.6
E6AF8A5FC0CAED11A62CD892C0003F2A;B0BDDED34CC83E11052F6792C000B249;2025-06-10;-2.0;-325.14
6489EDCDEE2FEE1191EE1065050029B9;B0BDDED34CC83E11052F6792C000B249;2025-06-10;-2.0;-71.48
FC0B74D7D0CAED11A62CD892C0003F2A;B0BDDED34CC83E11052F6792C000B249;2025-06-10;-2.0;-281.32
A2597EEBFA3DFE11F1557891FE69C389;B0BDDED34CC83E11052F6792C000B249;2025-06-10;-2.0;-254.8
26228801D0993E11052F6792C000D249;B0BDDED34CC83E11052F6792C000B249;2025-06-10;2.0;314.2
CCEAAFE4C8BCEE1191EE1065050029B9;B0BDDED34CC83E11052F6792C000B249;2025-06-10;4.0;774.4
2C2E044394AE9E117260106505001C4A;B0BDDED34CC83E11052F6792C000B249;2025-06-10;52.0;6343.48
A729A1082814EE11B1AD1065050077EA;B0BDDED34CC83E11052F6792C000B249;2025-06-10;20.0;2349.0
86BE5C8D13844E1142D58A6505002C08;B0BDDED34CC83E11052F6792C000B249;2025-06-10;10.0;1211.04
BDA94706F2DFAE11BE2110650500255A;44673735EAF46E11B7B78A650500BC08;2025-06-10;0.0;0.0
9DF6A71D02238E117E64BB6505005BAA;44673735EAF46E11B7B78A650500BC08;2025-06-10;-24.0;-3120.0
98625C38EEDDBE11877210650500FE59;44673735EAF46E11B7B78A650500BC08;2025-06-10;0.0;0.0
BB56F0FF6544DE11ADB31065050060C8;44673735EAF46E11B7B78A650500BC08;2025-06-10;0.0;0.0
E28C7F65B8EBBE118772106505007C59;B0BDDED34CC83E11052F6792C000B249;2025-06-10;8.0;2433.64
CF877CEFDC67EE1191EE1065050017B9;B0BDDED34CC83E11052F6792C000B249;2025-06-10;12.0;695.9
79B9C19C2CF2CE118772106505007569;FC081C55582CED11A62CD892C0003F2A;2025-06-10;6.0;891.6
31A39B4ED0CAED11A62CD892C0003F2A;FC081C55582CED11A62CD892C0003F2A;2025-06-10;6.0;3866.42
D37B59210A7D5E1142D58A6505002D08;FC081C55582CED11A62CD892C0003F2A;2025-06-10;4.0;5424.4
38CE1601F87D5E1142D58A6505002D08;FC081C55582CED11A62CD892C0003F2A;2025-06-10;4.0;4977.14
AA17619EC688CE11ADB31065050070B8;44673735EAF46E11B7B78A650500BC08;2025-06-10;0.0;0.0
20A248E2166E9E11726010650500CB4A;44673735EAF46E11B7B78A650500BC08;2025-06-10;0.0;0.0
F2CC9930166E9E11726010650500CB4A;44673735EAF46E11B7B78A650500BC08;2025-06-10;0.0;0.0
84361D8F49BFEE1191EE1065050089B9;44673735EAF46E11B7B78A650500BC08;2025-06-10;0.0;0.0
8A02796C1F3CEE1191EE1065050029B9;44673735EAF46E11B7B78A650500BC08;2025-06-10;-2.0;-31.22
D5EE245014D9DE11406610650500B14A;44673735EAF46E11B7B78A650500BC08;2025-06-10;0.0;0.0
0B951FA014D9DE11406610650500B14A;44673735EAF46E11B7B78A650500BC08;2025-06-10;0.0;0.0
0E9DE51F066E9E11726010650500CB4A;44673735EAF46E11B7B78A650500BC08;2025-06-10;0.0;0.0
7697BF6A01CAED11A62CD892C0003F2A;FC081C55582CED11A62CD892C0003F2A;2025-06-10;20.0;5316.0
655326BBD25E3E11052F6792C000D249;FC081C55582CED11A62CD892C0003F2A;2025-06-10;8.0;3005.12
7B46E50C923D7E110819BB65050039AA;FC081C55582CED11A62CD892C0003F2A;2025-06-10;12.0;27178.08
0D08A44ED638EE1191EE1065050028B9;FC081C55582CED11A62CD892C0003F2A;2025-06-10;10.0;7119.6
F2B377F094520F114EF7A826072B7A89;FC081C55582CED11A62CD892C0003F2A;2025-06-10;2.0;1380.18
DEE377F094520F114EF7A826072B7A89;FC081C55582CED11A62CD892C0003F2A;2025-06-10;2.0;1528.8
28FEA237E770BE11BE2110650500F55A;44673735EAF46E11B7B78A650500BC08;2025-06-10;20.0;2405.1400000000003
08BC77918754EE11B1AD10650500C7EA;FC081C55582CED11A62CD892C0003F2A;2025-06-10;10.0;3132.8
29EE6A484654EE11B1AD10650500C7EA;FC081C55582CED11A62CD892C0003F2A;2025-06-10;6.0;4854.96
1CDB44B94F7FFE11F1557891FE69A689;44673735EAF46E11B7B78A650500BC08;2025-06-10;306.0;3887.7599999999998
C10D0F358C456E11B7B78A650500BC08;44673735EAF46E11B7B78A650500BC08;2025-06-10;20.0;5252.48
4A1C3B3B0D456E11B7B78A650500BC08;44673735EAF46E11B7B78A650500BC08;2025-06-10;8.0;11774.960000000001
AECAE1297195EE1191EE1065050005B9;FC081C55582CED11A62CD892C0003F2A;2025-06-10;2.0;867.98
3E6B6C983392BE11BE2110650500A85A;FC081C55582CED11A62CD892C0003F2A;2025-06-10;8.0;793.8199999999999
F6BA35B36CE1DE11ADB3106505004DB8;FC081C55582CED11A62CD892C0003F2A;2025-06-10;38.0;3042.6600000000003
1CAAD7F4EF35DE11ADB310650500A1C8;FC081C55582CED11A62CD892C0003F2A;2025-06-10;8.0;899.04
29438B850CE15E1142D58A650500BC08;FC081C55582CED11A62CD892C0003F2A;2025-06-10;12.0;432.6
A331461F94EAFD11A4A96492C0006F3B;44673735EAF46E11B7B78A650500BC08;2025-06-10;12.0;2025.6
AF08E9D401CAED11A62CD892C0003F2A;44673735EAF46E11B7B78A650500BC08;2025-06-10;12.0;1188.0
0ED8CA5501CAED11A62CD892C0003F2A;44673735EAF46E11B7B78A650500BC08;2025-06-10;12.0;1188.0
A018E9D401CAED11A62CD892C0003F2A;44673735EAF46E11B7B78A650500BC08;2025-06-10;12.0;1188.0
4B26872078DDCE11ADB31065050097B8;FC081C55582CED11A62CD892C0003F2A;2025-06-10;18.0;885.06
59D4EA126C456E11B7B78A650500BC08;44673735EAF46E11B7B78A650500BC08;2025-06-10;24.0;4803.0
91031D9FFFD7EE1191EE10650500A7B9;FC081C55582CED11A62CD892C0003F2A;2025-06-10;40.0;614.82
ADF691DCC60C4E1142D58A650500BC08;44673735EAF46E11B7B78A650500BC08;2025-06-10;2.0;389.8
876FBF7867788E11F243BB6505002E3B;B0BDDED34CC83E11052F6792C000B249;2025-06-10;0.0;0.0
0114DDD38754EE11B1AD10650500C7EA;44673735EAF46E11B7B78A650500BC08;2025-06-10;10.0;3233.1
55CF2851DC456E11B7B78A650500BC08;44673735EAF46E11B7B78A650500BC08;2025-06-10;18.0;2297.1
AFAE76E2DC456E11B7B78A650500BC08;44673735EAF46E11B7B78A650500BC08;2025-06-10;32.0;3587.44
7E1C1F0E1308EE1191EE10650500D7B9;44673735EAF46E11B7B78A650500BC08;2025-06-10;14.0;8634.68
7C05A256CC456E11B7B78A650500BC08;44673735EAF46E11B7B78A650500BC08;2025-06-10;58.0;7106.84
8CBA5E1F7AEAEE1191EE1065050029B9;FC081C55582CED11A62CD892C0003F2A;2025-06-10;6.0;2171.14
3E70562DB9CDEE1191EE1065050029B9;44673735EAF46E11B7B78A650500BC08;2025-06-10;10.0;1114.0
BE31BE9DB9CDEE1191EE1065050029B9;44673735EAF46E11B7B78A650500BC08;2025-06-10;10.0;4121.0
2CC0C09275E0EE114066106505000B4A;B0BDDED34CC83E11052F6792C000B249;2025-06-10;0.0;0.0
219DD72987C2FE1191EE106505006DB9;B0BDDED34CC83E11052F6792C000B249;2025-06-10;-6.0;-112.86
074B68E5563EAE11BE2110650500135A;B0BDDED34CC83E11052F6792C000B249;2025-06-10;-2.0;-45.74
E5B3E40A4044FE1191EE106505006FB9;B0BDDED34CC83E11052F6792C000B249;2025-06-10;0.0;0.0
912EFBDEFCD2FE1191EE106505009DB9;B0BDDED34CC83E11052F6792C000B249;2025-06-10;0.0;0.0
40A88B52BFA08E110819BB65050039AA;44673735EAF46E11B7B78A650500BC08;2025-06-10;-2.0;-630.9
0FD932743E4DDE11406610650500564A;44673735EAF46E11B7B78A650500BC08;2025-06-10;6.0;6780.02
A4B2F164FEBEEE1191EE1065050029B9;B0BDDED34CC83E11052F6792C000B249;2025-06-10;0.0;0.0
F7A28AFCE61ECE11ADB310650500E7B8;44673735EAF46E11B7B78A650500BC08;2025-06-10;0.0;0.0
21276259DE79EE1191EE1065050009B9;44673735EAF46E11B7B78A650500BC08;2025-06-10;0.0;0.0
EA4B2330F61E4E1142D58A650500BC08;44673735EAF46E11B7B78A650500BC08;2025-06-10;22.0;3671.7999999999997
82C73616F61E4E1142D58A650500BC08;44673735EAF46E11B7B78A650500BC08;2025-06-10;42.0;7009.8
A1F225C8F61E4E1142D58A650500BC08;44673735EAF46E11B7B78A650500BC08;2025-06-10;30.0;5007.0
BB6490A6B60C4E1142D58A650500BC08;44673735EAF46E11B7B78A650500BC08;2025-06-10;22.0;1727.0
1E53F9237752CE11877210650500A469;44673735EAF46E11B7B78A650500BC08;2025-06-10;22.0;6479.0
C3C6A3B4F5B9CE11ADB310650500F1B8;44673735EAF46E11B7B78A650500BC08;2025-06-10;-2.0;-700.3999999999996
CF49BAC0889D7E110819BB65050039AA;FC081C55582CED11A62CD892C0003F2A;2025-06-10;0.0;0.0
8504885023DB8E11F243BB650500724B;44673735EAF46E11B7B78A650500BC08;2025-06-10;-2.0;-163.81999999999994
374B9F36A1130F114EF7A826072B6B89;FC081C55582CED11A62CD892C0003F2A;2025-06-10;0.0;0.0
6444D15CB0FFFE11F1557891FE693789;FC081C55582CED11A62CD892C0003F2A;2025-06-10;0.0;0.0
8ABF0C27C2A2CE118772106505000569;FC081C55582CED11A62CD892C0003F2A;2025-06-10;0.0;0.0
0932637C4739CE11ADB31065050051B8;FC081C55582CED11A62CD892C0003F2A;2025-06-10;0.0;0.0
45E865724AEEBE118772106505004069;FC081C55582CED11A62CD892C0003F2A;2025-06-10;0.0;0.0
A89284BB701EEE1191EE1065050029B9;FC081C55582CED11A62CD892C0003F2A;2025-06-10;8.0;638.4
7122F66BF1167E11B7B78A650500ED08;FC081C55582CED11A62CD892C0003F2A;2025-06-10;0.0;0.0
2747BBD7B82FCE11ADB31065050049B8;FC081C55582CED11A62CD892C0003F2A;2025-06-10;-2.0;-1593.74
2110A97CFCC92E11052F6792C0007F39;FC081C55582CED11A62CD892C0003F2A;2025-06-10;0.0;0.0
2349910753F2EE11B1AD1065050006EA;FC081C55582CED11A62CD892C0003F2A;2025-06-10;0.0;0.0
DB42963FB37D8E11F243BB650500154B;FC081C55582CED11A62CD892C0003F2A;2025-06-10;0.0;0.0
7F871D3283F1BE11BE2110650500D75A;FC081C55582CED11A62CD892C0003F2A;2025-06-10;-2.0;-263.18
1CA670716F5CCE11ADB31065050095B8;FC081C55582CED11A62CD892C0003F2A;2025-06-10;0.0;-9.094947017729282e-13
9C2294035BE1EE114066106505006C4A;44673735EAF46E11B7B78A650500BC08;2025-06-10;6.0;8046.72
38CE6BF48F7CBE118772106505003D59;44673735EAF46E11B7B78A650500BC08;2025-06-10;48.0;10454.4
FB958DE325B4DE11ADB310650500F0C8;44673735EAF46E11B7B78A650500BC08;2025-06-10;42.0;2822.3999999999996
805B2067015AEE1191EE1065050009B9;44673735EAF46E11B7B78A650500BC08;2025-06-10;0.0;0.0
058A36BF3183FE1191EE106505007EB9;B0BDDED34CC83E11052F6792C000B249;2025-06-10;20.0;2041.4
185AD5378009FE11128010650500D819;FC081C55582CED11A62CD892C0003F2A;2025-06-10;0.0;-1.8189894035458565e-12
8606A23AECFBEE1191EE1065050029B9;44673735EAF46E11B7B78A650500BC08;2025-06-10;-14.0;-1041.96
49E9B353985DED11A62CD892C0003F2A;B0BDDED34CC83E11052F6792C000B249;2025-06-10;-2.0;-656.82
59A7F136D265BE11BE21106505003C5A;B0BDDED34CC83E11052F6792C000B249;2025-06-10;0.0;0.0
374B9F36A1130F114EF7A826072B6B89;B0BDDED34CC83E11052F6792C000B249;2025-06-10;0.0;0.0
0F8C9F36A1130F114EF7A826072B6B89;B0BDDED34CC83E11052F6792C000B249;2025-06-10;0.0;0.0
90DC9F36A1130F114EF7A826072B6B89;B0BDDED34CC83E11052F6792C000B249;2025-06-10;0.0;0.0
B4162586A1130F114EF7A826072B6B89;B0BDDED34CC83E11052F6792C000B249;2025-06-10;0.0;0.0
9F6EEB7BF093FE1191EE106505008EB9;B0BDDED34CC83E11052F6792C000B249;2025-06-10;0.0;0.0
155362DEC62CBE11877210650500CC59;B0BDDED34CC83E11052F6792C000B249;2025-06-10;0.0;0.0
0D64D15CB0FFFE11F1557891FE693789;B0BDDED34CC83E11052F6792C000B249;2025-06-10;0.0;0.0
D1CE2DF5D7696E11B7B78A650500BC08;B0BDDED34CC83E11052F6792C000B249;2025-06-10;0.0;0.0
B77D36C76B75CE11ADB3106505003DA8;B0BDDED34CC83E11052F6792C000B249;2025-06-10;0.0;0.0
D9CA78B75D42DE11ADB310650500CDB8;B0BDDED34CC83E11052F6792C000B249;2025-06-10;0.0;0.0
C54641363D85EE1191EE10650500F4B9;B0BDDED34CC83E11052F6792C000B249;2025-06-10;0.0;0.0
90B327034D85EE1191EE10650500F4B9;B0BDDED34CC83E11052F6792C000B249;2025-06-10;0.0;0.0
6B734D70EB719E11F243BB6505003A4B;B0BDDED34CC83E11052F6792C000B249;2025-06-10;0.0;0.0
F0FC7DD63ECEAE11BE2110650500D35A;B0BDDED34CC83E11052F6792C000B249;2025-06-10;0.0;0.0
2F9E2FF5BA510F11112A674AC7E22989;B0BDDED34CC83E11052F6792C000B249;2025-06-10;0.0;0.0
EBB4EA11BBB88E11F243BB6505008E3B;B0BDDED34CC83E11052F6792C000B249;2025-06-10;-2.0;-143.86
EB3BDB0D222DFE11F1557891FE69A389;B0BDDED34CC83E11052F6792C000B249;2025-06-10;20.0;1272.3
CD86C51D222DFE11F1557891FE69A389;B0BDDED34CC83E11052F6792C000B249;2025-06-10;30.0;1737.4
88C6C51D222DFE11F1557891FE69A389;B0BDDED34CC83E11052F6792C000B249;2025-06-10;20.0;1062.12
C877C51D222DFE11F1557891FE69A389;B0BDDED34CC83E11052F6792C000B249;2025-06-10;10.0;531.06
83B7C51D222DFE11F1557891FE69A389;B0BDDED34CC83E11052F6792C000B249;2025-06-10;30.0;1707.22
701F9F4455D6EE1191EE1065050096B9;FC081C55582CED11A62CD892C0003F2A;2025-06-10;0.0;0.0
D7A1B38EBB82DE11ADB3106505001EB8;B0BDDED34CC83E11052F6792C000B249;2025-06-10;26.0;610.8799999999999
D65B363FB4DD6E11B7B78A650500BC08;44673735EAF46E11B7B78A650500BC08;2025-06-10;96.0;21048.0
3164458C4685FE1191EE1065050011C9;FC081C55582CED11A62CD892C0003F2A;2025-06-10;8.0;2399.44
A94296B04FF0EE114066106505002B4A;FC081C55582CED11A62CD892C0003F2A;2025-06-10;4.0;674.28
D75CFDF99CF1EE114066106505007C4A;FC081C55582CED11A62CD892C0003F2A;2025-06-10;4.0;584.32
0AF5BCEF58A1CE11877210650500C369;FC081C55582CED11A62CD892C0003F2A;2025-06-10;8.0;493.28
796BD6CCD3856E11B7B78A650500BC08;FC081C55582CED11A62CD892C0003F2A;2025-06-10;10.0;439.7
C1D65036DE75FD110DC22A92C000D158;FC081C55582CED11A62CD892C0003F2A;2025-06-10;140.0;3211.58
A3C7215259098E11F243BB650500EE3B;FC081C55582CED11A62CD892C0003F2A;2025-06-10;0.0;0.0
4C80191D8F74FE1191EE10650500CFB9;FC081C55582CED11A62CD892C0003F2A;2025-06-10;0.0;0.0
DD3689417479FE11128010650500E819;FC081C55582CED11A62CD892C0003F2A;2025-06-10;0.0;1.1368683772161603e-13
83C6D9E07479FE11128010650500E819;FC081C55582CED11A62CD892C0003F2A;2025-06-10;0.0;0.0
8543499488A05E1142D58A650500BC08;FC081C55582CED11A62CD892C0003F2A;2025-06-10;2.0;1450.0
9C30533744425E1142D58A650500DC08;44673735EAF46E11B7B78A650500BC08;2025-06-10;10.0;1032.22
88C6C51D222DFE11F1557891FE69A389;FC081C55582CED11A62CD892C0003F2A;2025-06-10;20.0;1062.12
201ECFEEB026BE118772106505001559;44673735EAF46E11B7B78A650500BC08;2025-06-10;4.0;4408.0
1D17DB95B026BE118772106505001559;44673735EAF46E11B7B78A650500BC08;2025-06-10;4.0;4408.0
65D45D5F596C8E11F243BB650500734B;FC081C55582CED11A62CD892C0003F2A;2025-06-10;10.0;1140.0
A34569326EA20F114EF7A826072BEA89;FC081C55582CED11A62CD892C0003F2A;2025-06-10;4.0;838.8
AA3633626EA20F114EF7A826072BEA89;FC081C55582CED11A62CD892C0003F2A;2025-06-10;4.0;838.8
A08633626EA20F114EF7A826072BEA89;FC081C55582CED11A62CD892C0003F2A;2025-06-10;4.0;838.8
A4B167C5FBFEDE11406610650500984A;FC081C55582CED11A62CD892C0003F2A;2025-06-10;2.0;360.0
161EF2FFAAF94E1142D58A6505009C08;FC081C55582CED11A62CD892C0003F2A;2025-06-10;2.0;316.34000000000003
0758F75B7EA23E11052F6792C000CF39;FC081C55582CED11A62CD892C0003F2A;2025-06-10;4.0;950.64
13FE4AEC4052DE11ADB310650500CDB8;FC081C55582CED11A62CD892C0003F2A;2025-06-10;6.0;2982.84
433AD47894520F114EF7A826072B7A89;FC081C55582CED11A62CD892C0003F2A;2025-06-10;4.0;3320.0
DE907E1CB0EFEE1191EE10650500B9B9;FC081C55582CED11A62CD892C0003F2A;2025-06-10;-4.0;-4456.18
064AD03DCFDDAE11BE2110650500A25A;FC081C55582CED11A62CD892C0003F2A;2025-06-10;-2.0;-433.76
7F20EF05C4B88E11F243BB6505007E3B;FC081C55582CED11A62CD892C0003F2A;2025-06-10;-2.0;-233.3
CEB0EF80D5D61E1143F0668E4200EE89;44673735EAF46E11B7B78A650500BC08;2025-06-10;10.0;7150.0
E76C964257E48E113835BB6505009DAA;FC081C55582CED11A62CD892C0003F2A;2025-06-10;22.0;6842.0
942E9409EC14CE11877210650500E669;B0BDDED34CC83E11052F6792C000B249;2025-06-10;0.0;1.1368683772161603e-13
555081D1CAD0BE11BE2110650500765A;44673735EAF46E11B7B78A650500BC08;2025-06-10;10.0;6944.0
A7DB4E8EAD148E113835BB6505009CAA;44673735EAF46E11B7B78A650500BC08;2025-06-10;6.0;1884.0
D1CA74F56AD7CE11ADB3106505008FA8;44673735EAF46E11B7B78A650500BC08;2025-06-10;8.0;29212.379999999997
B3DDBABA6D10FE1191EE106505000AB9;44673735EAF46E11B7B78A650500BC08;2025-06-10;8.0;5349.219999999999
CF17727D0C5CCE11ADB31065050095B8;44673735EAF46E11B7B78A650500BC08;2025-06-10;8.0;3595.6400000000003
FAECE89A33257E11B7B78A650500ED08;44673735EAF46E11B7B78A650500BC08;2025-06-10;8.0;8623.28
BA74406976CABE118772106505000B59;44673735EAF46E11B7B78A650500BC08;2025-06-10;2.0;2024.0
B58EBDFA1D456E11B7B78A650500BC08;44673735EAF46E11B7B78A650500BC08;2025-06-10;-4.0;-7680.0
37AD7D7EE2DC9E11726010650500B94A;44673735EAF46E11B7B78A650500BC08;2025-06-10;-96.0;-2186.12
B9C3840F18363E11052F6792C000FF39;44673735EAF46E11B7B78A650500BC08;2025-06-10;-14.0;-1258.46
73390B7886AA7E110819BB65050039AA;44673735EAF46E11B7B78A650500BC08;2025-06-10;-2.0;-602.74
A57424025EEEDE11406610650500884A;44673735EAF46E11B7B78A650500BC08;2025-06-10;-4.0;-3217.42
FD4235D98BA3BE11BE21106505000A5A;44673735EAF46E11B7B78A650500BC08;2025-06-10;-4.0;-204.57999999999998
D53DDEE17B4F6E11B7B78A650500CD08;44673735EAF46E11B7B78A650500BC08;2025-06-10;-208.0;-715.52
9CC9CBD168400F11F1557891FE69A789;44673735EAF46E11B7B78A650500BC08;2025-06-10;-2.0;-28.4
E5C7703F6EEAAE11BE2110650500EE4A;44673735EAF46E11B7B78A650500BC08;2025-06-10;-10.0;-111.94
94156BEAA5EFCE11ADB3106505006AB8;44673735EAF46E11B7B78A650500BC08;2025-06-10;-2.0;-220.16
462352B9AC456E11B7B78A650500BC08;44673735EAF46E11B7B78A650500BC08;2025-06-10;-8.0;-1317.2
4AAC77918754EE11B1AD10650500C7EA;44673735EAF46E11B7B78A650500BC08;2025-06-10;-2.0;-746.94
19C3840F18363E11052F6792C000FF39;44673735EAF46E11B7B78A650500BC08;2025-06-10;-18.0;-1043.82
E8DEE6074C456E11B7B78A650500BC08;44673735EAF46E11B7B78A650500BC08;2025-06-10;-2.0;-305.06
4DC5DC01B3F2DE11ADB3106505009EB8;44673735EAF46E11B7B78A650500BC08;2025-06-10;-2.0;-336.0
984EEDD864D08E110819BB65050039AA;44673735EAF46E11B7B78A650500BC08;2025-06-10;-2.0;-245.0
60B15D3EDF456E11B7B78A650500BC08;44673735EAF46E11B7B78A650500BC08;2025-06-10;-2.0;-134.42
35137EBFE6197E110819BB65050009AA;44673735EAF46E11B7B78A650500BC08;2025-06-10;-8.0;-398.16
A92A9D81CFC5EE1191EE1065050055B9;44673735EAF46E11B7B78A650500BC08;2025-06-10;-60.0;-1104.0
03FCB11E072FFE11F1557891FE693689;44673735EAF46E11B7B78A650500BC08;2025-06-10;-2.0;-136.0
F906F2FAFEA57E11B7B78A650500ED08;44673735EAF46E11B7B78A650500BC08;2025-06-10;-2.0;-66.12
086EDC4E3C456E11B7B78A650500BC08;44673735EAF46E11B7B78A650500BC08;2025-06-10;-16.0;-1169.6
3E00FFF2E13D7E110819BB65050039AA;44673735EAF46E11B7B78A650500BC08;2025-06-10;-2.0;-4998.0
5C4E676623900F11F1557891FE690889;44673735EAF46E11B7B78A650500BC08;2025-06-10;-2.0;-496.0
9CE313194FDD6E11B7B78A650500BC08;44673735EAF46E11B7B78A650500BC08;2025-06-10;-36.0;-832.68
B6AD25AB066E9E11726010650500CB4A;44673735EAF46E11B7B78A650500BC08;2025-06-10;-2.0;-61.06
21C1AE3A2A6BFE111280106505000919;44673735EAF46E11B7B78A650500BC08;2025-06-10;-6.0;-374.78000000000003
81B598A8E3879E11554010650500224B;44673735EAF46E11B7B78A650500BC08;2025-06-10;-2.0;-338.68
0DB2BF7D53E0DE11ADB310650500DBB8;44673735EAF46E11B7B78A650500BC08;2025-06-10;-2.0;-60.0
7CD687CFF2B6FE1191EE1065050092C9;44673735EAF46E11B7B78A650500BC08;2025-06-10;-6.0;-1264.14
FD076A426D7DBE118772106505007E59;44673735EAF46E11B7B78A650500BC08;2025-06-10;-2.0;-260.0
32810D0D4ECF7E110819BB65050039AA;44673735EAF46E11B7B78A650500BC08;2025-06-10;-32.0;-8928.0
FBAFBB51D5867E11B7B78A650500ED08;44673735EAF46E11B7B78A650500BC08;2025-06-10;-2.0;-136.04
6D6DDB2962230F114EF7A826072B7B89;44673735EAF46E11B7B78A650500BC08;2025-06-10;-6.0;-293.08
E5F28F56FC4F6E11B7B78A650500CD08;44673735EAF46E11B7B78A650500BC08;2025-06-10;-2.0;-313.96
F42A6CE7135D5E1142D58A6505002D08;44673735EAF46E11B7B78A650500BC08;2025-06-10;-2.0;-784.2
6319A4E2A84AAE11BE21106505001E4A;44673735EAF46E11B7B78A650500BC08;2025-06-10;-2.0;-244.0
7CBDF248DC197E110819BB65050009AA;44673735EAF46E11B7B78A650500BC08;2025-06-10;-8.0;-719.12
A45AF0CF2D456E11B7B78A650500BC08;44673735EAF46E11B7B78A650500BC08;2025-06-10;-6.0;-195.42000000000002
0D80B9BFC1758E113835BB6505004EAA;44673735EAF46E11B7B78A650500BC08;2025-06-10;-2.0;-226.34
6AE4B5203D456E11B7B78A650500BC08;44673735EAF46E11B7B78A650500BC08;2025-06-10;-2.0;-155.92
2DAF77B03A0F9E117260106505009C4A;44673735EAF46E11B7B78A650500BC08;2025-06-10;-8.0;-430.32
2B7A56F8FE3CEE1191EE1065050029B9;44673735EAF46E11B7B78A650500BC08;2025-06-10;-2.0;-108.04
C2E168CCA2AE9E117260106505001C4A;44673735EAF46E11B7B78A650500BC08;2025-06-10;-2.0;-297.92
679C6FE8697BAE11BE21106505009F4A;44673735EAF46E11B7B78A650500BC08;2025-06-10;-2.0;-98.8
717ADCE697B0FE1191EE10650500CAB9;44673735EAF46E11B7B78A650500BC08;2025-06-10;-6.0;-275.9
AAEFEAF5B0E68E11F243BB6505002C3B;44673735EAF46E11B7B78A650500BC08;2025-06-10;-2.0;-527.28
A618F6757505EE11B1AD10650500A8EA;44673735EAF46E11B7B78A650500BC08;2025-06-10;-132.0;-6322.8
B5007E2FAA488E11F243BB650500FD3B;44673735EAF46E11B7B78A650500BC08;2025-06-10;-2.0;-38.26
A32A89D9ED456E11B7B78A650500BC08;44673735EAF46E11B7B78A650500BC08;2025-06-10;-6.0;-1538.52
CF57AA554E456E11B7B78A650500BC08;44673735EAF46E11B7B78A650500BC08;2025-06-10;-72.0;-1872.0
C572E05E066E9E11726010650500CB4A;44673735EAF46E11B7B78A650500BC08;2025-06-10;-2.0;-63.64
C1764DAE24639E11554010650500CC3B;44673735EAF46E11B7B78A650500BC08;2025-06-10;-4.0;-237.28
620973973E8BEE1191EE1065050029B9;44673735EAF46E11B7B78A650500BC08;2025-06-10;-4.0;-1054.44
ACA14867009FDE11406610650500594A;44673735EAF46E11B7B78A650500BC08;2025-06-10;-2.0;-557.78
13D60FB07F34FE1191EE106505006FB9;44673735EAF46E11B7B78A650500BC08;2025-06-10;-2.0;-27297.0
64E3BB9B30556E11B7B78A650500BC08;44673735EAF46E11B7B78A650500BC08;2025-06-10;-2.0;-338.76
A79BADAE35AE4E1142D58A650500BC08;44673735EAF46E11B7B78A650500BC08;2025-06-10;-4.0;-199.6
C4F93B3DDF61EE11406610650500BB4A;44673735EAF46E11B7B78A650500BC08;2025-06-10;-2.0;-1078.0
02BFBFF5F0DCDE11406610650500B54A;44673735EAF46E11B7B78A650500BC08;2025-06-10;-24.0;-813.6
7DA9C3C0D2A7FE1191EE10650500D3C9;44673735EAF46E11B7B78A650500BC08;2025-06-10;-2.0;-612.32
BE044D3564B8FE11128010650500D819;44673735EAF46E11B7B78A650500BC08;2025-06-10;-2.0;-320.0
E5380D7C51089E11554010650500C24B;44673735EAF46E11B7B78A650500BC08;2025-06-10;-6.0;-1301.52
51399CFCCF456E11B7B78A650500BC08;44673735EAF46E11B7B78A650500BC08;2025-06-10;-2.0;-74.62
EAFDA01AE43ACE11ADB31065050092B8;44673735EAF46E11B7B78A650500BC08;2025-06-10;-2.0;-228.7
42C6C6DB07456E11B7B78A650500BC08;44673735EAF46E11B7B78A650500BC08;2025-06-10;-2.0;-146.38
26228801D0993E11052F6792C000D249;44673735EAF46E11B7B78A650500BC08;2025-06-10;-2.0;-314.2
78E82DF417197E110819BB65050009AA;44673735EAF46E11B7B78A650500BC08;2025-06-10;-2.0;-157.42
86B48E443E3EDE11406610650500974A;44673735EAF46E11B7B78A650500BC08;2025-06-10;-6.0;-864.86
E96562D6E770BE11BE2110650500F55A;44673735EAF46E11B7B78A650500BC08;2025-06-10;-2.0;-224.38
AE1B8A54FE456E11B7B78A650500BC08;44673735EAF46E11B7B78A650500BC08;2025-06-10;-6.0;-412.68
123542F2DF61EE11406610650500BB4A;44673735EAF46E11B7B78A650500BC08;2025-06-10;-2.0;-670.0
47C15F079308DE11C84610650500607A;44673735EAF46E11B7B78A650500BC08;2025-06-10;-2.0;-89.84
B920C0573E456E11B7B78A650500BC08;44673735EAF46E11B7B78A650500BC08;2025-06-10;-2.0;-606.0
792FBFF5F0DCDE11406610650500B54A;44673735EAF46E11B7B78A650500BC08;2025-06-10;-14.0;-308.0
E4920F1D0C68BE118772106505000859;44673735EAF46E11B7B78A650500BC08;2025-06-10;-2.0;-1248.0
FEFEB10F18D2DE11ADB3106505007EB8;44673735EAF46E11B7B78A650500BC08;2025-06-10;-2.0;-231.96
B77133724AE66E11B7B78A650500BC08;44673735EAF46E11B7B78A650500BC08;2025-06-10;-2.0;-190.4
A0CD01C39C456E11B7B78A650500BC08;44673735EAF46E11B7B78A650500BC08;2025-06-10;-2.0;-257.0
ED4DE77554DCAE11BE2110650500515A;44673735EAF46E11B7B78A650500BC08;2025-06-10;-8.0;-592.96
84BC032AFCFF6E11B7B78A650500CD08;44673735EAF46E11B7B78A650500BC08;2025-06-10;-2.0;-774.86
A445661AEACB8E11F243BB650500624B;44673735EAF46E11B7B78A650500BC08;2025-06-10;-4.0;-234.18
755CE9CF1016FE1191EE10650500C1C9;44673735EAF46E11B7B78A650500BC08;2025-06-10;-2.0;-694.18
A133217CBDDAFE11128010650500E819;44673735EAF46E11B7B78A650500BC08;2025-06-10;-2.0;-739.56
E81DD8F181E4EE11B1AD1065050078EA;44673735EAF46E11B7B78A650500BC08;2025-06-10;-2.0;-317.52
CC314665D491DE11ADB310650500DCB8;44673735EAF46E11B7B78A650500BC08;2025-06-10;-2.0;-978.0
7E57F14CAEA6DE11C84610650500BE6A;44673735EAF46E11B7B78A650500BC08;2025-06-10;-4.0;-1056.0
8542B3BA4FDD6E11B7B78A650500BC08;44673735EAF46E11B7B78A650500BC08;2025-06-10;-2.0;-48.66
2AF34C346D7DBE118772106505007E59;44673735EAF46E11B7B78A650500BC08;2025-06-10;-2.0;-260.0
4FFF79F2D5DB7E110819BB65050039AA;44673735EAF46E11B7B78A650500BC08;2025-06-10;-2.0;-446.84
57B15988074DFE11F1557891FE69D389;44673735EAF46E11B7B78A650500BC08;2025-06-10;-10.0;-3812.7999999999997
0894AE62BC88EE1191EE1065050098B9;44673735EAF46E11B7B78A650500BC08;2025-06-10;-2.0;-87.98
6396BB8EEB0AFE11128010650500E819;44673735EAF46E11B7B78A650500BC08;2025-06-10;-6.0;-274.20000000000005
90C5EAAA5A8BDE11406610650500044A;44673735EAF46E11B7B78A650500BC08;2025-06-10;-2.0;-354.0
F92BE8AFF1CF7E110819BB65050039AA;44673735EAF46E11B7B78A650500BC08;2025-06-10;-2.0;-273.0
227A9E7ADE456E11B7B78A650500BC08;44673735EAF46E11B7B78A650500BC08;2025-06-10;-6.0;-692.88
1DA0A65C35CCDE11406610650500A54A;44673735EAF46E11B7B78A650500BC08;2025-06-10;-2.0;-591.38
08174D2A70EDBE11877210650500FE59;44673735EAF46E11B7B78A650500BC08;2025-06-10;-4.0;-1238.4
4FAA59F21C7C9E11726010650500494A;44673735EAF46E11B7B78A650500BC08;2025-06-10;-2.0;-99.26
AEDCC768C4BC3E11052F6792C000D249;44673735EAF46E11B7B78A650500BC08;2025-06-10;-4.0;-294.88
7FAA59F21C7C9E11726010650500494A;44673735EAF46E11B7B78A650500BC08;2025-06-10;-2.0;-123.66
7357CADF84DDBE11877210650500EE59;44673735EAF46E11B7B78A650500BC08;2025-06-10;-2.0;-116.46
CC12452A3E263E11052F6792C000FF39;44673735EAF46E11B7B78A650500BC08;2025-06-10;-4.0;-243.52
BE6FB9B5BB363E11052F6792C000FF39;44673735EAF46E11B7B78A650500BC08;2025-06-10;-2.0;-108.16
345902914575EE1191EE10650500D4B9;44673735EAF46E11B7B78A650500BC08;2025-06-10;-2.0;-40.0
1CF5B55C7F5DAE11BE2110650500025A;44673735EAF46E11B7B78A650500BC08;2025-06-10;-2.0;-1804.0
7F6FE70180A49E115540106505006E3B;44673735EAF46E11B7B78A650500BC08;2025-06-10;-2.0;-482.42
DC2D0C5C50A37E11B7B78A650500DD08;44673735EAF46E11B7B78A650500BC08;2025-06-10;-2.0;-2193.54
B478FC289F900F11F1557891FE691889;44673735EAF46E11B7B78A650500BC08;2025-06-10;-4.0;-401.72
A20EF28D8F7CBE118772106505003D59;44673735EAF46E11B7B78A650500BC08;2025-06-10;-2.0;-504.0
6DFB21A8CC327E11B7B78A650500CD08;44673735EAF46E11B7B78A650500BC08;2025-06-10;-10.0;-2678.9
DA9027DAEC9F7E110819BB65050039AA;44673735EAF46E11B7B78A650500BC08;2025-06-10;-2.0;-43.46
73326194F9D2DE11ADB3106505007EB8;44673735EAF46E11B7B78A650500BC08;2025-06-10;-10.0;-2470.0
BDF2479E3510BE11BE2110650500755A;FC081C55582CED11A62CD892C0003F2A;2025-06-10;-2.0;-104.48
AE1814807A5D7E110819BB65050039AA;FC081C55582CED11A62CD892C0003F2A;2025-06-10;-4.0;-38.32
728DBE2311BB8E11F243BB650500424B;FC081C55582CED11A62CD892C0003F2A;2025-06-10;-6.0;-548.6
91E23F1711FBEE1191EE1065050029B9;FC081C55582CED11A62CD892C0003F2A;2025-06-10;-2.0;-94.86
9A7CB52F58A1CE11877210650500C369;FC081C55582CED11A62CD892C0003F2A;2025-06-10;-2.0;-88.94
4374BF496BBD3E11052F6792C000D249;FC081C55582CED11A62CD892C0003F2A;2025-06-10;-4.0;-25.06
F71074C403C2EE11B1AD10650500C5EA;FC081C55582CED11A62CD892C0003F2A;2025-06-10;-4.0;-413.6
B5D116CE58A1CE11877210650500C369;FC081C55582CED11A62CD892C0003F2A;2025-06-10;-2.0;-73.32
E98C2405194EDE11406610650500B74A;FC081C55582CED11A62CD892C0003F2A;2025-06-10;-2.0;-88.86
9F8A40588CAB7E110819BB65050039AA;FC081C55582CED11A62CD892C0003F2A;2025-06-10;-10.0;-17.1
58CBBF6D34D67E11B7B78A650500ED08;FC081C55582CED11A62CD892C0003F2A;2025-06-10;-2.0;-97.8
D4FFA460763EAE11BE2110650500135A;FC081C55582CED11A62CD892C0003F2A;2025-06-10;-2.0;-24.96
756491A43CD4CE11ADB3106505000DA8;FC081C55582CED11A62CD892C0003F2A;2025-06-10;-2.0;-24.0
040F7376AC1BAE11BE21106505002F4A;FC081C55582CED11A62CD892C0003F2A;2025-06-10;-6.0;-47.7
6177CC9EFEB3EE11B1AD1065050007EA;FC081C55582CED11A62CD892C0003F2A;2025-06-10;-2.0;-231.88
6E10C087E568DE11C84610650500E07A;FC081C55582CED11A62CD892C0003F2A;2025-06-10;-2.0;-60.34
D1F5EA1705EB4E1142D58A6505009C08;FC081C55582CED11A62CD892C0003F2A;2025-06-10;-2.0;-163.22
1CBB4A92DDA11E1143F0668E42008C3B;FC081C55582CED11A62CD892C0003F2A;2025-06-10;-2.0;-253.34
0D69708DB2065E1142D58A650500DC08;FC081C55582CED11A62CD892C0003F2A;2025-06-10;-12.0;-1442.84
871FEA3C6C62FE1191EE10650500FCB9;FC081C55582CED11A62CD892C0003F2A;2025-06-10;-2.0;-824.76
7328A78BAFE95E1142D58A650500DC08;FC081C55582CED11A62CD892C0003F2A;2025-06-10;-4.0;-487.04
857D2942599EFE11F1557891FE698589;FC081C55582CED11A62CD892C0003F2A;2025-06-10;-2.0;-42.0
E96B877A988AFE11128010650500E819;FC081C55582CED11A62CD892C0003F2A;2025-06-10;-4.0;-55.6
7C65028920C13E11052F6792C000CF39;FC081C55582CED11A62CD892C0003F2A;2025-06-10;-2.0;-957.22
49D52F15E0CAED11A62CD892C0003F2A;FC081C55582CED11A62CD892C0003F2A;2025-06-10;-8.0;-1818.84
4714E6FC0BC59E11554010650500FF3B;FC081C55582CED11A62CD892C0003F2A;2025-06-10;-4.0;-643.46
ACDCFC5CF276AE11BE2110650500394A;FC081C55582CED11A62CD892C0003F2A;2025-06-10;-2.0;-503.0
BDAD53E25FAF5E1142D58A650500AD08;FC081C55582CED11A62CD892C0003F2A;2025-06-10;-4.0;-441.72
D7DBF37184410F11112A674AC7E20989;FC081C55582CED11A62CD892C0003F2A;2025-06-10;-2.0;-522.4
9A39160301CAED11A62CD892C0003F2A;FC081C55582CED11A62CD892C0003F2A;2025-06-10;-4.0;-220.04
4599061176208E110819BB65050039AA;FC081C55582CED11A62CD892C0003F2A;2025-06-10;-2.0;-269.84
DC4153D90ECA9E11525010650500EB4A;FC081C55582CED11A62CD892C0003F2A;2025-06-10;-4.0;-97.68
19C3840F18363E11052F6792C000FF39;FC081C55582CED11A62CD892C0003F2A;2025-06-10;-2.0;-121.76
79C19A8C87449E11554010650500ED3B;FC081C55582CED11A62CD892C0003F2A;2025-06-10;-6.0;-4008.0
D1DCD3D450917E11B7B78A650500CD08;FC081C55582CED11A62CD892C0003F2A;2025-06-10;-2.0;-531.08
16D2311DA869FE11128010650500E819;FC081C55582CED11A62CD892C0003F2A;2025-06-10;-6.0;-2123.22
F6555D3D50A15E1142D58A650500BC08;FC081C55582CED11A62CD892C0003F2A;2025-06-10;-2.0;-122.5
4B85C280AA1A7E110819BB65050029AA;FC081C55582CED11A62CD892C0003F2A;2025-06-10;-2.0;-473.76
70438F60AF16CE11ADB3106505008DA8;FC081C55582CED11A62CD892C0003F2A;2025-06-10;-4.0;-766.88
C90D640201CAED11A62CD892C0003F2A;FC081C55582CED11A62CD892C0003F2A;2025-06-10;-4.0;-145.0
565BD54551CAED11A62CD892C0003F2A;FC081C55582CED11A62CD892C0003F2A;2025-06-10;-2.0;-487.86
631E9DB11A278E11F243BB6505008C3B;FC081C55582CED11A62CD892C0003F2A;2025-06-10;-6.0;-478.74
C786FA88A8E9BE11877210650500E959;FC081C55582CED11A62CD892C0003F2A;2025-06-10;-8.0;-924.0
853F24C63AD67E11B7B78A650500ED08;FC081C55582CED11A62CD892C0003F2A;2025-06-10;-6.0;-1453.96
988C3B7101CAED11A62CD892C0003F2A;FC081C55582CED11A62CD892C0003F2A;2025-06-10;-2.0;-286.68
8CA0D619FFBAED11A62CD892C0003F2A;FC081C55582CED11A62CD892C0003F2A;2025-06-10;-2.0;-1513.84
C9E938250DDDFE11F1557891FE699489;FC081C55582CED11A62CD892C0003F2A;2025-06-10;-2.0;-803.26
B2C0EDE9F7BB1E1143F0668E4200EF5A;FC081C55582CED11A62CD892C0003F2A;2025-06-10;-4.0;-158.28
2D3A676F8DF88E11F243BB650500DE3B;FC081C55582CED11A62CD892C0003F2A;2025-06-10;-2.0;-329.74
79D1419F90F23E11052F6792C000CF39;FC081C55582CED11A62CD892C0003F2A;2025-06-10;-2.0;-208.8
D6A4FCE301CAED11A62CD892C0003F2A;FC081C55582CED11A62CD892C0003F2A;2025-06-10;-2.0;-214.14
FCC67A9CC0CAED11A62CD892C0003F2A;FC081C55582CED11A62CD892C0003F2A;2025-06-10;-2.0;-170.3
A4B45D2AF1EABE118772106505002B59;FC081C55582CED11A62CD892C0003F2A;2025-06-10;-2.0;-222.6
EF920D2C12047E11B7B78A650500DD08;FC081C55582CED11A62CD892C0003F2A;2025-06-10;-2.0;-613.66
605D54D8506AFE11128010650500E819;FC081C55582CED11A62CD892C0003F2A;2025-06-10;-2.0;-114.3
B077225BA968FE11128010650500D819;FC081C55582CED11A62CD892C0003F2A;2025-06-10;-6.0;-620.88
6FE9E56EED71FE1191EE10650500CBB9;FC081C55582CED11A62CD892C0003F2A;2025-06-10;-2.0;-323.8
21D4F919B0E14E1142D58A650500DB08;FC081C55582CED11A62CD892C0003F2A;2025-06-10;-2.0;-638.18
FEFCABD98C37EE1191EE10650500D6B9;FC081C55582CED11A62CD892C0003F2A;2025-06-10;-4.0;-895.4
86D855EF967F8E11F243BB650500A74B;FC081C55582CED11A62CD892C0003F2A;2025-06-10;-4.0;-30.8
D0DE70D0A4ABEE1191EE1065050029B9;FC081C55582CED11A62CD892C0003F2A;2025-06-10;-4.0;-413.48
567C8EE9F7BAFE11128010650500E819;FC081C55582CED11A62CD892C0003F2A;2025-06-10;-4.0;-102.0
4531BE2C4933BE11BE2110650500795A;FC081C55582CED11A62CD892C0003F2A;2025-06-10;-2.0;-27.98
8220724E7F2DBE118772106505001E59;FC081C55582CED11A62CD892C0003F2A;2025-06-10;-2.0;-417.08
223EE9252FE2BE11BE2110650500195A;FC081C55582CED11A62CD892C0003F2A;2025-06-10;-2.0;-15.26
B1B7955D82C5EE1191EE1065050045B9;FC081C55582CED11A62CD892C0003F2A;2025-06-10;-2.0;-360.0
CD62D4AEF77EFE11F1557891FE695589;FC081C55582CED11A62CD892C0003F2A;2025-06-10;-4.0;-164.44
F1C5B32599DDCE11ADB31065050097B8;FC081C55582CED11A62CD892C0003F2A;2025-06-10;-2.0;-157.06
7B8CE0DCCDEAAE11BE2110650500EE4A;FC081C55582CED11A62CD892C0003F2A;2025-06-10;-2.0;-97.94
0008AB291959FE11128010650500E819;FC081C55582CED11A62CD892C0003F2A;2025-06-10;-2.0;-879.2
243591929EFDCE11ADB310650500C7B8;FC081C55582CED11A62CD892C0003F2A;2025-06-10;-4.0;-629.72
6126BE7EF77EFE11F1557891FE695589;FC081C55582CED11A62CD892C0003F2A;2025-06-10;-2.0;-82.22
3B4F3575178B3E11052F6792C000D249;FC081C55582CED11A62CD892C0003F2A;2025-06-10;-2.0;-121.86
C92C6D5B01CAED11A62CD892C0003F2A;FC081C55582CED11A62CD892C0003F2A;2025-06-10;-2.0;-292.94
69F4EC664533FE1191EE106505000EB9;FC081C55582CED11A62CD892C0003F2A;2025-06-10;-4.0;-917.08
9801E86BFD94DE11ADB310650500D0C8;FC081C55582CED11A62CD892C0003F2A;2025-06-10;-4.0;-106.6
DF5E225D0FC6BE11877210650500F559;FC081C55582CED11A62CD892C0003F2A;2025-06-10;-2.0;-1491.66
C3D9F219C8ABAE11BE2110650500DF4A;FC081C55582CED11A62CD892C0003F2A;2025-06-10;-2.0;-347.12
FAE54B0C0900CE11877210650500B169;FC081C55582CED11A62CD892C0003F2A;2025-06-10;-2.0;-392.94
468337CD542CAE11BE2110650500705A;FC081C55582CED11A62CD892C0003F2A;2025-06-10;-2.0;-406.08
9F6585DAD4C2FE1191EE106505006DB9;FC081C55582CED11A62CD892C0003F2A;2025-06-10;-2.0;-701.16
C2EACFC6DDE6DE11C846106505000F6A;FC081C55582CED11A62CD892C0003F2A;2025-06-10;-2.0;-24.5
C76376D283028E117E64BB650500E9AA;FC081C55582CED11A62CD892C0003F2A;2025-06-10;-2.0;-219.56
24CB52DF0BC2DE11ADB3106505006EB8;FC081C55582CED11A62CD892C0003F2A;2025-06-10;-2.0;-2402.04
A4C2358232B72E11052F6792C0007F39;FC081C55582CED11A62CD892C0003F2A;2025-06-10;-2.0;-236.54
2486D18743FDDE11406610650500274A;FC081C55582CED11A62CD892C0003F2A;2025-06-10;-2.0;-178.38
147B1D6276CCEE1191EE1065050029B9;FC081C55582CED11A62CD892C0003F2A;2025-06-10;-4.0;-863.84
1BE7BDF13EDBBE118772106505006C59;FC081C55582CED11A62CD892C0003F2A;2025-06-10;-2.0;-434.2
48A6A05B45DFEE1191EE10650500A9B9;FC081C55582CED11A62CD892C0003F2A;2025-06-10;-2.0;-213.2
846BF351A4A4FE1191EE10650500FFB9;FC081C55582CED11A62CD892C0003F2A;2025-06-10;-2.0;-292.78
802CFC11E719DE11C84610650500C17A;FC081C55582CED11A62CD892C0003F2A;2025-06-10;-2.0;-298.16
7484C0E058B13E11052F6792C000CF39;FC081C55582CED11A62CD892C0003F2A;2025-06-10;-2.0;-152.22
1CCBC1A83A2D8E11F243BB650500A44B;FC081C55582CED11A62CD892C0003F2A;2025-06-10;-4.0;-304.44
CE36424CC67F7E110819BB65050039AA;FC081C55582CED11A62CD892C0003F2A;2025-06-10;-2.0;-40.2
3ACACF4956E2DE11ADB3106505008EB8;FC081C55582CED11A62CD892C0003F2A;2025-06-10;-6.0;-1944.0
C17F5346CFAF5E1142D58A650500AD08;FC081C55582CED11A62CD892C0003F2A;2025-06-10;-2.0;-260.54
34BB75583DBFBE118772106505005169;FC081C55582CED11A62CD892C0003F2A;2025-06-10;-2.0;-287.36
A7300CB81607DE11C846106505002F6A;FC081C55582CED11A62CD892C0003F2A;2025-06-10;-2.0;-23.66
A19D2F7CB0EFEE1191EE10650500B9B9;FC081C55582CED11A62CD892C0003F2A;2025-06-10;-2.0;-3236.26
26A7A7982642FE1191EE10650500CCB9;FC081C55582CED11A62CD892C0003F2A;2025-06-10;-2.0;-2260.34
B7163C04560B4E1142D58A6505009C08;FC081C55582CED11A62CD892C0003F2A;2025-06-10;-4.0;-138.12
8F14FA47EBF22E1143F0668E4200C71A;FC081C55582CED11A62CD892C0003F2A;2025-06-10;-2.0;-191.5
99DFC4E971365E1142D58A650500DC08;FC081C55582CED11A62CD892C0003F2A;2025-06-10;-4.0;-532.8
AF6938250DDDFE11F1557891FE699489;FC081C55582CED11A62CD892C0003F2A;2025-06-10;-2.0;-803.28
2D8503F7B9A93E11052F6792C000D249;FC081C55582CED11A62CD892C0003F2A;2025-06-10;-16.0;-1351.44
A8E5B7C6F8DEEE1191EE1065050029B9;FC081C55582CED11A62CD892C0003F2A;2025-06-10;-2.0;-3651.4
0DCB0E913EDBBE118772106505006C59;FC081C55582CED11A62CD892C0003F2A;2025-06-10;-2.0;-201.22
83F61D722CC46E11B7B78A650500BC08;FC081C55582CED11A62CD892C0003F2A;2025-06-10;-2.0;-196.9
FEA4A5C4D74CEE1191EE1065050029B9;FC081C55582CED11A62CD892C0003F2A;2025-06-10;-4.0;-243.24
1A917B2DE79FFE11F1557891FE69C689;FC081C55582CED11A62CD892C0003F2A;2025-06-10;-2.0;-163.44
DFD92D1340CAED11A62CD892C0003F2A;FC081C55582CED11A62CD892C0003F2A;2025-06-10;-2.0;-1209.56
2BE8262069018E110819BB65050039AA;FC081C55582CED11A62CD892C0003F2A;2025-06-10;-10.0;-236.58
F3C2322FD924CE11877210650500F669;FC081C55582CED11A62CD892C0003F2A;2025-06-10;-2.0;-406.4
F7CFEAE9D233DE11ADB310650500EEB8;B0BDDED34CC83E11052F6792C000B249;2025-06-10;-2.0;-94.7
735129D11706BE11877210650500F459;B0BDDED34CC83E11052F6792C000B249;2025-06-10;-4.0;-4433.52
B16D3CB4CB297E110819BB65050009AA;B0BDDED34CC83E11052F6792C000B249;2025-06-10;-2.0;-2933.26
FDBF5FCF20CAED11A62CD892C0003F2A;B0BDDED34CC83E11052F6792C000B249;2025-06-10;-8.0;-424.0
AE3E4838D14FFE11F1557891FE695689;B0BDDED34CC83E11052F6792C000B249;2025-06-10;-2.0;-1643.38
AE19021D75310F11112A674AC7E2F889;B0BDDED34CC83E11052F6792C000B249;2025-06-10;-4.0;-295.62
8ABA43A8EC14CE11877210650500E669;B0BDDED34CC83E11052F6792C000B249;2025-06-10;-4.0;-523.84
FCC67A9CC0CAED11A62CD892C0003F2A;B0BDDED34CC83E11052F6792C000B249;2025-06-10;-6.0;-510.90000000000003
517785D8D0CAED11A62CD892C0003F2A;B0BDDED34CC83E11052F6792C000B249;2025-06-10;-4.0;-818.8
844000D3FBCEAE11BE2110650500D35A;B0BDDED34CC83E11052F6792C000B249;2025-06-10;-6.0;-252.0
ECAFFB05BC8FBE118772106505001169;B0BDDED34CC83E11052F6792C000B249;2025-06-10;-2.0;-609.92
21FAAA661F34AE11726010650500335A;B0BDDED34CC83E11052F6792C000B249;2025-06-10;-2.0;-440.5
F44F021146385E1142D58A650500DC08;B0BDDED34CC83E11052F6792C000B249;2025-06-10;-2.0;-55.2
08A96DEB38B18E11A442BB65050079AA;B0BDDED34CC83E11052F6792C000B249;2025-06-10;-4.0;-198.56
3BAAC7B5998DFE11F1557891FE692489;B0BDDED34CC83E11052F6792C000B249;2025-06-10;-2.0;-190.08
F2BFF67FDBD00F1158A3BB3DBE8E7889;B0BDDED34CC83E11052F6792C000B249;2025-06-10;-2.0;-82.56
47B9FA705FAAFE11128010650500E819;B0BDDED34CC83E11052F6792C000B249;2025-06-10;-2.0;-153.74
22B356467946DE11ADB310650500F2C8;B0BDDED34CC83E11052F6792C000B249;2025-06-10;-10.0;-422.36
15ED082CB3DFEE1191EE10650500A9B9;B0BDDED34CC83E11052F6792C000B249;2025-06-10;-2.0;-80.32
9DEBE596FB913E11052F6792C000CF39;B0BDDED34CC83E11052F6792C000B249;2025-06-10;-2.0;-1556.0
7274E61DA0CAED11A62CD892C0003F2A;B0BDDED34CC83E11052F6792C000B249;2025-06-10;-8.0;-1037.52
99DFC4E971365E1142D58A650500DC08;B0BDDED34CC83E11052F6792C000B249;2025-06-10;-30.0;-5872.32
A80AC546F173EE11B1AD10650500A6EA;B0BDDED34CC83E11052F6792C000B249;2025-06-10;-2.0;-151.32
0FEF367EEB0AFE11128010650500E819;B0BDDED34CC83E11052F6792C000B249;2025-06-10;-2.0;-79.6
0E91BF666DC2DE11ADB3106505006EB8;B0BDDED34CC83E11052F6792C000B249;2025-06-10;-2.0;-176.36
A7E59375470A0E11A4A96492C0001269;B0BDDED34CC83E11052F6792C000B249;2025-06-10;-2.0;-100.42
F4316CAC2C2DFE11F1557891FE69B389;B0BDDED34CC83E11052F6792C000B249;2025-06-10;-2.0;-327.6
94A6D0F5F4A00E11A4A96492C0002019;B0BDDED34CC83E11052F6792C000B249;2025-06-10;-2.0;-323.8
1141B2928EAFEE1191EE1065050079B9;B0BDDED34CC83E11052F6792C000B249;2025-06-10;-2.0;-587.1
07DC66FE5AC1BE11BE2110650500A75A;B0BDDED34CC83E11052F6792C000B249;2025-06-10;-12.0;-379.5
D11B912A5737CE11ADB310650500BEA8;B0BDDED34CC83E11052F6792C000B249;2025-06-10;-16.0;-481.12
37C3840F18363E11052F6792C000FF39;B0BDDED34CC83E11052F6792C000B249;2025-06-10;-2.0;-179.78
D58A6214EC430E11A4A96492C00008E9;B0BDDED34CC83E11052F6792C000B249;2025-06-10;-2.0;-390.58
A1EE3D300087CE11ADB3106505001FA8;B0BDDED34CC83E11052F6792C000B249;2025-06-10;-2.0;-172.0
C5312590B0CAED11A62CD892C0003F2A;B0BDDED34CC83E11052F6792C000B249;2025-06-10;-2.0;-201.66
AB528362E60F9E117260106505009C4A;B0BDDED34CC83E11052F6792C000B249;2025-06-10;-2.0;-324.08
A7B53E24174E2E11052F6792C000CF39;B0BDDED34CC83E11052F6792C000B249;2025-06-10;-2.0;-730.76
DE9D0E0362B7BE118772106505001759;B0BDDED34CC83E11052F6792C000B249;2025-06-10;-4.0;-227.24
61E93C3D91CAED11A62CD892C0003F2A;B0BDDED34CC83E11052F6792C000B249;2025-06-10;-2.0;-117.22
1350B5F648A0EE11406610650500BA4A;B0BDDED34CC83E11052F6792C000B249;2025-06-10;-2.0;-107.12
456835D353F2EE11B1AD1065050006EA;B0BDDED34CC83E11052F6792C000B249;2025-06-10;-2.0;-169.32
23CB129EF77EFE11F1557891FE695589;B0BDDED34CC83E11052F6792C000B249;2025-06-10;-2.0;-82.22
7CBDF248DC197E110819BB65050009AA;B0BDDED34CC83E11052F6792C000B249;2025-06-10;-2.0;-171.26
0253DCF3C5F2FE1191EE10650500BDB9;B0BDDED34CC83E11052F6792C000B249;2025-06-10;-4.0;-611.06
56345DB5CF95FE1191EE1065050031C9;B0BDDED34CC83E11052F6792C000B249;2025-06-10;-2.0;-238.44
4D7DCD106380FE1191EE106505008AB9;B0BDDED34CC83E11052F6792C000B249;2025-06-10;-4.0;-1688.36
8DFF0450D0CAED11A62CD892C0003F2A;B0BDDED34CC83E11052F6792C000B249;2025-06-10;-2.0;-199.46
822F3AF8123EDE11406610650500874A;B0BDDED34CC83E11052F6792C000B249;2025-06-10;-2.0;-69.24
3A1A0E02A3CAED11A62CD892C0003F2A;B0BDDED34CC83E11052F6792C000B249;2025-06-10;-2.0;-67.6
5F25ED3582EE0E1123F0668E42005B38;B0BDDED34CC83E11052F6792C000B249;2025-06-10;-2.0;-93.74
6E754762F0CAED11A62CD892C0003F2A;B0BDDED34CC83E11052F6792C000B249;2025-06-10;-4.0;-219.88
F3B1AAA8BEE15E1142D58A650500BC08;B0BDDED34CC83E11052F6792C000B249;2025-06-10;-2.0;-84.6
5E1B0AEBD1CAED11A62CD892C0003F2A;B0BDDED34CC83E11052F6792C000B249;2025-06-10;-12.0;-693.92
F984B4F14607DE11C846106505002F6A;B0BDDED34CC83E11052F6792C000B249;2025-06-10;-2.0;-34.86
8313C334BD2ECE11ADB31065050008B8;B0BDDED34CC83E11052F6792C000B249;2025-06-10;-2.0;-79.64
F822E9ECF153FE1191EE106505002EB9;B0BDDED34CC83E11052F6792C000B249;2025-06-10;-2.0;-185.98
336316E511BD3E11052F6792C000D249;B0BDDED34CC83E11052F6792C000B249;2025-06-10;-4.0;-85.34
884DDE41F0CAED11A62CD892C0003F2A;B0BDDED34CC83E11052F6792C000B249;2025-06-10;-2.0;-287.04
11DBD1DCD0CAED11A62CD892C0003F2A;B0BDDED34CC83E11052F6792C000B249;2025-06-10;-2.0;-289.54
60F15376AF6DFE11F1557891FE690489;B0BDDED34CC83E11052F6792C000B249;2025-06-10;-4.0;-304.0
785BD54551CAED11A62CD892C0003F2A;B0BDDED34CC83E11052F6792C000B249;2025-06-10;-2.0;-484.62
AB889AA6B0D97E110819BB65050019AA;B0BDDED34CC83E11052F6792C000B249;2025-06-10;-2.0;-329.36
359D99104DFFFE11F1557891FE694789;B0BDDED34CC83E11052F6792C000B249;2025-06-10;-2.0;-119.84
75EF8C7617F48E113835BB650500ADAA;B0BDDED34CC83E11052F6792C000B249;2025-06-10;-2.0;-654.08
BB1E9BB39E74FE1191EE10650500CFB9;B0BDDED34CC83E11052F6792C000B249;2025-06-10;-2.0;-25.18
497EC6546717FE1191EE1065050023C9;B0BDDED34CC83E11052F6792C000B249;2025-06-10;-2.0;-1436.92
E3B03A5913FDDE11406610650500274A;B0BDDED34CC83E11052F6792C000B249;2025-06-10;-2.0;-461.44
2B3723FA8D410F11112A674AC7E21989;B0BDDED34CC83E11052F6792C000B249;2025-06-10;-2.0;-78.2
DDAD821A593B7E110819BB65050039AA;B0BDDED34CC83E11052F6792C000B249;2025-06-10;-4.0;-323.16
D281E1A2A5938E113835BB6505001CAA;B0BDDED34CC83E11052F6792C000B249;2025-06-10;-4.0;-200.18
640861F3480EBE118772106505002F59;B0BDDED34CC83E11052F6792C000B249;2025-06-10;-2.0;-295.92
3460F0B96AA06E1142D58A650500AD08;B0BDDED34CC83E11052F6792C000B249;2025-06-10;-4.0;-370.0
2A46750DF425CE11ADB3106505000DA8;B0BDDED34CC83E11052F6792C000B249;2025-06-10;-2.0;-30.82
380BD9AC7B948E113835BB6505003DAA;B0BDDED34CC83E11052F6792C000B249;2025-06-10;-2.0;-279.74
CBAF0DB7699D3E11052F6792C000D249;B0BDDED34CC83E11052F6792C000B249;2025-06-10;-2.0;-113.44
5976B97FBF45DE11ADB310650500B1C8;B0BDDED34CC83E11052F6792C000B249;2025-06-10;-2.0;-266.42
87C844D3D0CAED11A62CD892C0003F2A;B0BDDED34CC83E11052F6792C000B249;2025-06-10;-2.0;-479.44
6A768BB74052DE11ADB310650500CDB8;B0BDDED34CC83E11052F6792C000B249;2025-06-10;-2.0;-994.28
840431D5CCEEDE11406610650500884A;B0BDDED34CC83E11052F6792C000B249;2025-06-10;-2.0;-37.32
6C70870A45FFDE11406610650500D94A;B0BDDED34CC83E11052F6792C000B249;2025-06-10;-2.0;-145.16
8DD4E747813A7E110819BB65050029AA;B0BDDED34CC83E11052F6792C000B249;2025-06-10;-2.0;-1048.58
940AEDF7C2867E11B7B78A650500ED08;B0BDDED34CC83E11052F6792C000B249;2025-06-10;-2.0;-64.84
E35BF3BE3C456E11B7B78A650500BC08;44673735EAF46E11B7B78A650500BC08;2025-06-10;4.0;414.8
31E0C570FAE1DE11ADB3106505004DB8;FC081C55582CED11A62CD892C0003F2A;2025-06-10;2.0;6554.92
8A84729998D58E11F243BB650500CA3B;B0BDDED34CC83E11052F6792C000B249;2025-06-10;70.0;7585.92
BD1EDB94E3ACEE1191EE1065050029B9;B0BDDED34CC83E11052F6792C000B249;2025-06-10;6.0;2883.6
C9537C6834AE9E117260106505001C4A;B0BDDED34CC83E11052F6792C000B249;2025-06-10;62.0;7562.76
8F5575A63E040F114EF7A826072BAC89;B0BDDED34CC83E11052F6792C000B249;2025-06-10;4.0;1785.6
0EFDA876E61E4E1142D58A650500BC08;B0BDDED34CC83E11052F6792C000B249;2025-06-10;22.0;3671.7999999999997
BA0B05425FD44E1142D58A6505002C08;B0BDDED34CC83E11052F6792C000B249;2025-06-10;20.0;2146.86
90EF135D29A0AE11726010650500AE4A;44673735EAF46E11B7B78A650500BC08;2025-06-10;-2.0;-977.2
EAA560C089BE7E110819BB65050039AA;44673735EAF46E11B7B78A650500BC08;2025-06-10;-2.0;-496.0
26228801D0993E11052F6792C000D249;FC081C55582CED11A62CD892C0003F2A;2025-06-10;12.0;1885.2
31FC1AA44C456E11B7B78A650500BC08;44673735EAF46E11B7B78A650500BC08;2025-06-10;130.0;6231.42
E5DCF28329936E11B7B78A6505003C08;FC081C55582CED11A62CD892C0003F2A;2025-06-10;6.0;4503.72
5077C4B5BA25EE11B1AD10650500D8EA;FC081C55582CED11A62CD892C0003F2A;2025-06-10;6.0;636.62
B2E4D683E0CAED11A62CD892C0003F2A;FC081C55582CED11A62CD892C0003F2A;2025-06-10;6.0;2029.76
B79088DED0CAED11A62CD892C0003F2A;FC081C55582CED11A62CD892C0003F2A;2025-06-10;8.0;12840.38
96AD25AB066E9E11726010650500CB4A;44673735EAF46E11B7B78A650500BC08;2025-06-10;0.0;0.0
977C451FC688CE11ADB31065050070B8;44673735EAF46E11B7B78A650500BC08;2025-06-10;-4.0;-130.3
57AD25AB066E9E11726010650500CB4A;44673735EAF46E11B7B78A650500BC08;2025-06-10;-2.0;-37.3
5C05BE8D066E9E11726010650500CB4A;44673735EAF46E11B7B78A650500BC08;2025-06-10;0.0;0.0
32CC9930166E9E11726010650500CB4A;44673735EAF46E11B7B78A650500BC08;2025-06-10;0.0;0.0
05F5605DD0CAED11A62CD892C0003F2A;FC081C55582CED11A62CD892C0003F2A;2025-06-10;10.0;5765.299999999999
3520D83931CAED11A62CD892C0003F2A;FC081C55582CED11A62CD892C0003F2A;2025-06-10;6.0;7513.5
D8C045074D05DE11ADB31065050061C8;B0BDDED34CC83E11052F6792C000B249;2025-06-10;16.0;2643.5200000000004
8051A93BC7E10F114EF7A826072BE989;44673735EAF46E11B7B78A650500BC08;2025-06-10;20.0;1993.8
8C86A9D094520F114EF7A826072B7A89;FC081C55582CED11A62CD892C0003F2A;2025-06-10;4.0;2760.34
5DEFBFEFC688CE11ADB31065050070B8;44673735EAF46E11B7B78A650500BC08;2025-06-10;20.0;6980.0599999999995
FADF92728C456E11B7B78A650500BC08;44673735EAF46E11B7B78A650500BC08;2025-06-10;20.0;6940.719999999999
4719182F55FDFE11F1557891FE69B489;FC081C55582CED11A62CD892C0003F2A;2025-06-10;24.0;1441.6800000000003
5547DBC607F1DE11ADB3106505005DB8;FC081C55582CED11A62CD892C0003F2A;2025-06-10;18.0;1930.1399999999999
88D18E6DCFD4EE11B1AD1065050078EA;FC081C55582CED11A62CD892C0003F2A;2025-06-10;8.0;1204.4
D2506E2A028D8E11F243BB650500254B;FC081C55582CED11A62CD892C0003F2A;2025-06-10;12.0;1246.56
8A86BF0DC6EEBE118772106505004069;B0BDDED34CC83E11052F6792C000B249;2025-06-10;-2.0;-29.58
82B0D28D3C456E11B7B78A650500BC08;44673735EAF46E11B7B78A650500BC08;2025-06-10;0.0;0.0
F7D58714648DFE11F1557891FE692489;B0BDDED34CC83E11052F6792C000B249;2025-06-10;40.0;241.52
19182E82D0993E11052F6792C000D249;44673735EAF46E11B7B78A650500BC08;2025-06-10;24.0;3770.4
3212B81CF4BA4E1142D58A6505009C08;44673735EAF46E11B7B78A650500BC08;2025-06-10;24.0;5961.6
AF8C0762D7788E11F243BB6505002E3B;B0BDDED34CC83E11052F6792C000B249;2025-06-10;0.0;0.0
89228DA74BDADE11406610650500134A;44673735EAF46E11B7B78A650500BC08;2025-06-10;-656.0;-162463.2
EF5B371C4E37FE1191EE1065050053C9;44673735EAF46E11B7B78A650500BC08;2025-06-10;8.0;1048.12
DC05A256CC456E11B7B78A650500BC08;44673735EAF46E11B7B78A650500BC08;2025-06-10;10.0;4819.2
F66036F7D7A5DE11ADB31065050022C8;44673735EAF46E11B7B78A650500BC08;2025-06-10;10.0;7652.32
7BF58FB1DC456E11B7B78A650500BC08;44673735EAF46E11B7B78A650500BC08;2025-06-10;40.0;2197.52
3869397282CAED11A62CD892C0003F2A;FC081C55582CED11A62CD892C0003F2A;2025-06-10;2.0;651.62
E743A78DB9CDEE1191EE1065050029B9;44673735EAF46E11B7B78A650500BC08;2025-06-10;10.0;1265.0
D97A47BDB9CDEE1191EE1065050029B9;44673735EAF46E11B7B78A650500BC08;2025-06-10;10.0;1286.0
44B5E5205B93FE1191EE106505009EB9;B0BDDED34CC83E11052F6792C000B249;2025-06-10;0.0;0.0
00BA1CE180E2FE1191EE106505009DB9;B0BDDED34CC83E11052F6792C000B249;2025-06-10;0.0;0.0
5833E3CE54C67E11B7B78A650500ED08;B0BDDED34CC83E11052F6792C000B249;2025-06-10;0.0;0.0
D4FFA460763EAE11BE2110650500135A;B0BDDED34CC83E11052F6792C000B249;2025-06-10;-2.0;-24.96
AC8CE0DCCDEAAE11BE2110650500EE4A;B0BDDED34CC83E11052F6792C000B249;2025-06-10;0.0;0.0
CD04445C03BDCE11ADB31065050067B8;B0BDDED34CC83E11052F6792C000B249;2025-06-10;0.0;0.0
772AC45A4BB23E11052F6792C000CF39;B0BDDED34CC83E11052F6792C000B249;2025-06-10;0.0;0.0
F170A9F9BDD87E110819BB65050009AA;44673735EAF46E11B7B78A650500BC08;2025-06-10;0.0;0.0
6A2AC696D270DE11ADB3106505003BB8;44673735EAF46E11B7B78A650500BC08;2025-06-10;24.0;4596.0
443637BE2CE1EE114066106505006C4A;44673735EAF46E11B7B78A650500BC08;2025-06-10;24.0;1653.6
429562EC04537E11B7B78A650500DD08;44673735EAF46E11B7B78A650500BC08;2025-06-10;22.0;2888.6
FE3C4F96A1130F114EF7A826072B6B89;FC081C55582CED11A62CD892C0003F2A;2025-06-10;0.0;0.0
02AACC72E1537E11B7B78A650500DD08;FC081C55582CED11A62CD892C0003F2A;2025-06-10;-2.0;-55.66
1A0662F2CF10FE1191EE106505000AB9;FC081C55582CED11A62CD892C0003F2A;2025-06-10;0.0;0.0
983F22AA137C1E1143F0668E4200502B;FC081C55582CED11A62CD892C0003F2A;2025-06-10;0.0;0.0
87E236375EE1EE114066106505006C4A;FC081C55582CED11A62CD892C0003F2A;2025-06-10;0.0;0.0
810D69907F0FCE11ADB31065050029B8;FC081C55582CED11A62CD892C0003F2A;2025-06-10;0.0;0.0
4EE7359B43F2EE11B1AD1065050006EA;FC081C55582CED11A62CD892C0003F2A;2025-06-10;0.0;0.0
67C8B32E40A20F114EF7A826072BDA89;FC081C55582CED11A62CD892C0003F2A;2025-06-10;0.0;0.0
63B554505E5D9E117260106505006A4A;44673735EAF46E11B7B78A650500BC08;2025-06-10;6.0;13208.18
70ACAEB805B4DE11ADB310650500F0C8;44673735EAF46E11B7B78A650500BC08;2025-06-10;22.0;1277.76
EBD25A6E878E8E11F243BB650500764B;44673735EAF46E11B7B78A650500BC08;2025-06-10;22.0;2075.48
23B64E1E45B4DE11ADB310650500F0C8;44673735EAF46E11B7B78A650500BC08;2025-06-10;44.0;5163.400000000001
85FB321C575FFE11F1557891FE697689;B0BDDED34CC83E11052F6792C000B249;2025-06-10;2.0;205.4
3EFE6F0BBD09FE11128010650500E819;FC081C55582CED11A62CD892C0003F2A;2025-06-10;0.0;0.0
EE6FE70180A49E115540106505006E3B;44673735EAF46E11B7B78A650500BC08;2025-06-10;0.0;0.0
78176259DE79EE1191EE1065050009B9;44673735EAF46E11B7B78A650500BC08;2025-06-10;0.0;0.0
16FA023273C49E115540106505009E3B;44673735EAF46E11B7B78A650500BC08;2025-06-10;0.0;0.0
FBE5D0134183FE1191EE106505007EB9;B0BDDED34CC83E11052F6792C000B249;2025-06-10;10.0;1640.5
33B8272BA2CAED11A62CD892C0003F2A;FC081C55582CED11A62CD892C0003F2A;2025-06-10;0.0;1.8189894035458565e-12
32215FCC499FFE11F1557891FE69C689;44673735EAF46E11B7B78A650500BC08;2025-06-10;12.0;10731.56
A2963AAEC9240F114EF7A826072BCC89;44673735EAF46E11B7B78A650500BC08;2025-06-10;2.0;17965.0
41DC225B5F7CBE118772106505003D59;44673735EAF46E11B7B78A650500BC08;2025-06-10;20.0;1997.0
6656CF6B811FCE11ADB31065050029B8;44673735EAF46E11B7B78A650500BC08;2025-06-10;10.0;3204.92
3E983AEA62DDFE11F1557891FE698489;B0BDDED34CC83E11052F6792C000B249;2025-06-10;0.0;0.0
930BDC1673C5EE1191EE1065050045B9;B0BDDED34CC83E11052F6792C000B249;2025-06-10;0.0;0.0
4D61CD5CEB01FE1191EE106505003BB9;B0BDDED34CC83E11052F6792C000B249;2025-06-10;0.0;0.0
A537B28C0C93FE1191EE106505009EB9;B0BDDED34CC83E11052F6792C000B249;2025-06-10;0.0;0.0
D6BAC2A85755BE11BE21106505002C5A;B0BDDED34CC83E11052F6792C000B249;2025-06-10;0.0;0.0
DFAF7B165D42DE11ADB310650500CDB8;B0BDDED34CC83E11052F6792C000B249;2025-06-10;0.0;0.0
98F24E474D85EE1191EE10650500F4B9;B0BDDED34CC83E11052F6792C000B249;2025-06-10;-2.0;-622.18
ECCE86B9DE79EE1191EE1065050009B9;B0BDDED34CC83E11052F6792C000B249;2025-06-10;0.0;1.1368683772161603e-13
18154CAC6622CE118772106505006469;B0BDDED34CC83E11052F6792C000B249;2025-06-10;0.0;0.0
0CC7A06E250DEE1191EE1065050029B9;B0BDDED34CC83E11052F6792C000B249;2025-06-10;0.0;0.0
2C1D2FF5BA510F11112A674AC7E22989;B0BDDED34CC83E11052F6792C000B249;2025-06-10;0.0;0.0
8E1E2FF5BA510F11112A674AC7E22989;B0BDDED34CC83E11052F6792C000B249;2025-06-10;0.0;0.0
3947040063269E11554010650500604B;B0BDDED34CC83E11052F6792C000B249;2025-06-10;0.0;0.0
A8ED7072C89D7E110819BB65050039AA;B0BDDED34CC83E11052F6792C000B249;2025-06-10;0.0;0.0
EB2606AF9371FE1191EE10650500BBB9;B0BDDED34CC83E11052F6792C000B249;2025-06-10;0.0;0.0
1A2EBFF38EEC9E11726010650500D94A;B0BDDED34CC83E11052F6792C000B249;2025-06-10;0.0;0.0
17A1D1D2432FFE11F1557891FE693689;B0BDDED34CC83E11052F6792C000B249;2025-06-10;0.0;0.0
320FD6BB9D1DDE11406610650500164A;B0BDDED34CC83E11052F6792C000B249;2025-06-10;0.0;0.0
C7A40D625E7B9E11525010650500CC4A;B0BDDED34CC83E11052F6792C000B249;2025-06-10;0.0;0.0
91176AB89F09FE11128010650500E819;B0BDDED34CC83E11052F6792C000B249;2025-06-10;10.0;759.14
013FC117D265BE11BE21106505003C5A;FC081C55582CED11A62CD892C0003F2A;2025-06-10;0.0;0.0
E02EBB088371FE1191EE10650500BBB9;FC081C55582CED11A62CD892C0003F2A;2025-06-10;10.0;713.76
D66BAAFF68DDCE11ADB31065050097B8;FC081C55582CED11A62CD892C0003F2A;2025-06-10;8.0;676.26
9637C41B93938E113835BB6505001CAA;FC081C55582CED11A62CD892C0003F2A;2025-06-10;0.0;0.0
2B8F040C88A05E1142D58A650500BC08;44673735EAF46E11B7B78A650500BC08;2025-06-10;2.0;1180.0
80185902E4940E11A4A96492C000067B;FC081C55582CED11A62CD892C0003F2A;2025-06-10;0.0;-1.1368683772161603e-13
5CA56AB89F09FE11128010650500E819;FC081C55582CED11A62CD892C0003F2A;2025-06-10;12.0;1253.08
2A37AD764D4EFE11F1557891FE692589;B0BDDED34CC83E11052F6792C000B249;2025-06-10;6.0;2108.54
8E2AA0425C930F114EF7A826072B1C89;B0BDDED34CC83E11052F6792C000B249;2025-06-10;48.0;3839.04
BB773CD81040EE114066106505003A4A;FC081C55582CED11A62CD892C0003F2A;2025-06-10;10.0;5362.86
A98569326EA20F114EF7A826072BEA89;FC081C55582CED11A62CD892C0003F2A;2025-06-10;4.0;838.8
AB5669326EA20F114EF7A826072BEA89;FC081C55582CED11A62CD892C0003F2A;2025-06-10;4.0;838.8
A1A669326EA20F114EF7A826072BEA89;FC081C55582CED11A62CD892C0003F2A;2025-06-10;4.0;838.8
166A5B926EA20F114EF7A826072BEA89;FC081C55582CED11A62CD892C0003F2A;2025-06-10;4.0;838.8
BD460F5EEB6DFE11F1557891FE690489;FC081C55582CED11A62CD892C0003F2A;2025-06-10;4.0;719.6
D19F4E93A5844E1142D58A6505002C08;FC081C55582CED11A62CD892C0003F2A;2025-06-10;4.0;639.6
95ADAFBEAAA07E11B7B78A650500CD08;FC081C55582CED11A62CD892C0003F2A;2025-06-10;-2.0;-119.42
F78C154EEB0AFE11128010650500E819;FC081C55582CED11A62CD892C0003F2A;2025-06-10;10.0;2990.4
3F6785D8D0CAED11A62CD892C0003F2A;FC081C55582CED11A62CD892C0003F2A;2025-06-10;-2.0;-487.08
36A71960786BFE111280106505000919;B0BDDED34CC83E11052F6792C000B249;2025-06-10;0.0;0.0
59D15B003F5F9E117260106505000D4A;44673735EAF46E11B7B78A650500BC08;2025-06-10;0.0;0.0
394450AEF3399E11525010650500D94A;44673735EAF46E11B7B78A650500BC08;2025-06-10;6.0;8478.0
87FD402EE8FCDE11406610650500E54A;FC081C55582CED11A62CD892C0003F2A;2025-06-10;6.0;6765.08
8C56CDF9A89BEE1191EE1065050029B9;FC081C55582CED11A62CD892C0003F2A;2025-06-10;4.0;2123.9
D43CAB9D61CFCE11ADB3106505002AB8;FC081C55582CED11A62CD892C0003F2A;2025-06-10;2.0;2016.0
C1CC4D4875DD6E11B7B78A650500BC08;FC081C55582CED11A62CD892C0003F2A;2025-06-10;8.0;3688.06
B4438B674C456E11B7B78A650500BC08;44673735EAF46E11B7B78A650500BC08;2025-06-10;20.0;4007.3999999999996
638A32108C456E11B7B78A650500BC08;44673735EAF46E11B7B78A650500BC08;2025-06-10;8.0;3379.26
28CA0A597727CE11ADB310650500AEA8;44673735EAF46E11B7B78A650500BC08;2025-06-10;-18.0;-1270.08
0BB22E7B3A95DE11ADB31065050012C8;44673735EAF46E11B7B78A650500BC08;2025-06-10;-2.0;-285.64
25B08DAEE8ED9E117260106505001B4A;44673735EAF46E11B7B78A650500BC08;2025-06-10;-2.0;-408.0
5C69F3F2372FFE11F1557891FE693689;44673735EAF46E11B7B78A650500BC08;2025-06-10;-2.0;-660.0
0FDD64A24B1B9E115250106505004C4A;44673735EAF46E11B7B78A650500BC08;2025-06-10;-2.0;-600.0
D4C2C0F280A49E115540106505006E3B;44673735EAF46E11B7B78A650500BC08;2025-06-10;-2.0;-716.1
08329A0F46CCDE11406610650500A54A;44673735EAF46E11B7B78A650500BC08;2025-06-10;-4.0;-108.04
7904541A2E456E11B7B78A650500BC08;44673735EAF46E11B7B78A650500BC08;2025-06-10;-14.0;-2562.0
0F44BE7F89456E11B7B78A650500BC08;44673735EAF46E11B7B78A650500BC08;2025-06-10;-4.0;-2247.96
72FD61B620556E11B7B78A650500BC08;44673735EAF46E11B7B78A650500BC08;2025-06-10;-2.0;-404.04
F4E3ED753D456E11B7B78A650500BC08;44673735EAF46E11B7B78A650500BC08;2025-06-10;-2.0;-292.14
A76D0C37BBB1EE114066106505001C4A;44673735EAF46E11B7B78A650500BC08;2025-06-10;-6.0;-918.0
7C43D3CD6EC7CE11ADB3106505007FA8;44673735EAF46E11B7B78A650500BC08;2025-06-10;-24.0;-741.84
DBF6C15D4FF3FE1191EE106505001FB9;44673735EAF46E11B7B78A650500BC08;2025-06-10;-2.0;-10887.76
C2BBC60CD621AE117260106505004F4A;44673735EAF46E11B7B78A650500BC08;2025-06-10;-58.0;-4519.84
DF027D0BFD456E11B7B78A650500BC08;44673735EAF46E11B7B78A650500BC08;2025-06-10;-2.0;-1288.0
B5DDEA8ABDA86E11B7B78A650500BC08;44673735EAF46E11B7B78A650500BC08;2025-06-10;-20.0;-298.8
E1B1B1688DC4FD110DC22A92C0009D7B;44673735EAF46E11B7B78A650500BC08;2025-06-10;-2.0;-324.0
1E302E9CFD456E11B7B78A650500BC08;44673735EAF46E11B7B78A650500BC08;2025-06-10;-2.0;-1156.0
D35E9808D3BC3E11052F6792C000D249;44673735EAF46E11B7B78A650500BC08;2025-06-10;-20.0;-1411.2
AF1E9C0BB0CAED11A62CD892C0003F2A;44673735EAF46E11B7B78A650500BC08;2025-06-10;-4.0;-53.52
441B06FC2DC0FE1191EE10650500EAB9;44673735EAF46E11B7B78A650500BC08;2025-06-10;-6.0;-811.02
7250D2FF807F6E11B7B78A650500CD08;44673735EAF46E11B7B78A650500BC08;2025-06-10;-44.0;-1936.0
FCEB5D8DD22BBE118772106505007B59;44673735EAF46E11B7B78A650500BC08;2025-06-10;-2.0;-124.2
27DAC997E0638E111E1BBB650500BBAA;44673735EAF46E11B7B78A650500BC08;2025-06-10;-2.0;-219.54
A500292FD87C8E11F243BB650500A34B;44673735EAF46E11B7B78A650500BC08;2025-06-10;-2.0;-290.6
4F354191576BEE1191EE1065050029B9;44673735EAF46E11B7B78A650500BC08;2025-06-10;-8.0;-7804.0
8F203DE8AC456E11B7B78A650500BC08;44673735EAF46E11B7B78A650500BC08;2025-06-10;-6.0;-3227.46
2059E1B346A27E11B7B78A650500DD08;44673735EAF46E11B7B78A650500BC08;2025-06-10;-4.0;-112.8
4B2267EF3C456E11B7B78A650500BC08;44673735EAF46E11B7B78A650500BC08;2025-06-10;-10.0;-1283.26
13A6900F46CCDE11406610650500A54A;44673735EAF46E11B7B78A650500BC08;2025-06-10;-4.0;-94.52
13CA4DE38E7F6E11B7B78A650500CD08;44673735EAF46E11B7B78A650500BC08;2025-06-10;-10.0;-913.1
63032E5C45CF8E11F243BB650500084B;44673735EAF46E11B7B78A650500BC08;2025-06-10;-4.0;-130.28
9CF930DBBD1EFE11F1557891FE69E489;44673735EAF46E11B7B78A650500BC08;2025-06-10;-2.0;-627.14
8F50A3DA390FEE1191EE1065050029B9;44673735EAF46E11B7B78A650500BC08;2025-06-10;-2.0;-38.98
08801856A6F5AE11BE2110650500984A;44673735EAF46E11B7B78A650500BC08;2025-06-10;-2.0;-142.96
E598EC10F100EE11406610650500E94A;44673735EAF46E11B7B78A650500BC08;2025-06-10;-4.0;-608.0
71F27A255D56FE1191EE1065050022C9;44673735EAF46E11B7B78A650500BC08;2025-06-10;-2.0;-1660.0
985D91B0E5385E1142D58A650500DC08;44673735EAF46E11B7B78A650500BC08;2025-06-10;-4.0;-667.6
894F120FD9456E11B7B78A650500BC08;44673735EAF46E11B7B78A650500BC08;2025-06-10;-2.0;-249.62
94D2B2295CF2CE118772106505007569;44673735EAF46E11B7B78A650500BC08;2025-06-10;-2.0;-567.2
428F3442662BDE11406610650500734A;44673735EAF46E11B7B78A650500BC08;2025-06-10;-2.0;-396.0
F021E6155915CE11ADB3106505000DA8;44673735EAF46E11B7B78A650500BC08;2025-06-10;-2.0;-27.24
3F1BA1E07803CE118772106505008569;44673735EAF46E11B7B78A650500BC08;2025-06-10;-16.0;-2576.0
D23C8DE08959FE11128010650500E819;44673735EAF46E11B7B78A650500BC08;2025-06-10;-4.0;-341.2
14A9D3E6104FFE11F1557891FE695689;44673735EAF46E11B7B78A650500BC08;2025-06-10;-8.0;-194.8
5019CA742392BE11BE2110650500A85A;44673735EAF46E11B7B78A650500BC08;2025-06-10;-2.0;-106.82
498E84EBBD1EFE11F1557891FE69E489;44673735EAF46E11B7B78A650500BC08;2025-06-10;-8.0;-556.0
EF55FF554667BE11877210650500B659;44673735EAF46E11B7B78A650500BC08;2025-06-10;-2.0;-261.0
0826518B3C456E11B7B78A650500BC08;44673735EAF46E11B7B78A650500BC08;2025-06-10;-8.0;-1434.8
B165459B3E456E11B7B78A650500BC08;44673735EAF46E11B7B78A650500BC08;2025-06-10;-2.0;-514.7
47173396E9456E11B7B78A650500BC08;44673735EAF46E11B7B78A650500BC08;2025-06-10;-4.0;-698.4
155C918710F27E11B7B78A650500DD08;44673735EAF46E11B7B78A650500BC08;2025-06-10;-4.0;-168.0
9B82D4E74AAEBE11877210650500FF59;44673735EAF46E11B7B78A650500BC08;2025-06-10;-2.0;-593.54
4B56F2C40B7DFE1158A3BB3DBE8E1489;44673735EAF46E11B7B78A650500BC08;2025-06-10;-2.0;-3435.92
C68ED59292B77E110819BB65050009AA;44673735EAF46E11B7B78A650500BC08;2025-06-10;-2.0;-261.22
F6555D3D50A15E1142D58A650500BC08;44673735EAF46E11B7B78A650500BC08;2025-06-10;-4.0;-245.0
C2440411FDCDDE11406610650500F64A;44673735EAF46E11B7B78A650500BC08;2025-06-10;-2.0;-260.2
8914E203CC758E113835BB6505005EAA;44673735EAF46E11B7B78A650500BC08;2025-06-10;-2.0;-2000.0
859D31FB04C9DE11406610650500A14A;44673735EAF46E11B7B78A650500BC08;2025-06-10;-2.0;-354.62
2087EB18DF9CEE1191EE1065050029B9;44673735EAF46E11B7B78A650500BC08;2025-06-10;-2.0;-67.52
4E53DCFD9F25FE1191EE10650500A0C9;44673735EAF46E11B7B78A650500BC08;2025-06-10;-8.0;-535.52
B4399BE2AA098E11F243BB650500EE3B;44673735EAF46E11B7B78A650500BC08;2025-06-10;-2.0;-95.28
AF4510B9CFE34E1142D58A6505002C08;44673735EAF46E11B7B78A650500BC08;2025-06-10;-4.0;-157.36
0A6B84CED87C8E11F243BB650500A34B;44673735EAF46E11B7B78A650500BC08;2025-06-10;-2.0;-200.6
C000819A08FCFD11A4A96492C000CB59;44673735EAF46E11B7B78A650500BC08;2025-06-10;-2.0;-254.46
B28381DCEB387E110819BB65050009AA;44673735EAF46E11B7B78A650500BC08;2025-06-10;-4.0;-218.36
018AA5F4F9D2DE11ADB3106505007EB8;44673735EAF46E11B7B78A650500BC08;2025-06-10;-26.0;-9724.0
E11C234788EFCE11ADB3106505006AB8;44673735EAF46E11B7B78A650500BC08;2025-06-10;-4.0;-104.62
F2CD3C6AD4A7CE11ADB3106505004FA8;44673735EAF46E11B7B78A650500BC08;2025-06-10;-2.0;-1040.0
2091D506CD769E11554010650500D04B;44673735EAF46E11B7B78A650500BC08;2025-06-10;-4.0;-342.48
3D62BD8A40BB3E11052F6792C000D249;44673735EAF46E11B7B78A650500BC08;2025-06-10;-2.0;-74.76
E42F2727A0651E1143F0668E4200EE89;44673735EAF46E11B7B78A650500BC08;2025-06-10;-2.0;-184.8
8FE2D3BB4AF9EE1191EE1065050009B9;44673735EAF46E11B7B78A650500BC08;2025-06-10;-2.0;-5177.24
95F8B34734885E1142D58A650500DC08;44673735EAF46E11B7B78A650500BC08;2025-06-10;-8.0;-176.0
8A26EC7F68DDCE11ADB31065050097B8;44673735EAF46E11B7B78A650500BC08;2025-06-10;-2.0;-73.76
6774091C9D456E11B7B78A650500BC08;44673735EAF46E11B7B78A650500BC08;2025-06-10;-8.0;-579.42
13772192BA66CE11ADB310650500BDA8;44673735EAF46E11B7B78A650500BC08;2025-06-10;-4.0;-395.82
3AF3557DABE1EE114066106505006C4A;44673735EAF46E11B7B78A650500BC08;2025-06-10;-2.0;-129.4
4AE4B5203D456E11B7B78A650500BC08;44673735EAF46E11B7B78A650500BC08;2025-06-10;-6.0;-362.64
C93F26818257DE11C846106505008F6A;44673735EAF46E11B7B78A650500BC08;2025-06-10;-2.0;-369.78
CCC810633392BE11BE2110650500A85A;44673735EAF46E11B7B78A650500BC08;2025-06-10;-2.0;-198.46
3557D8CB1D456E11B7B78A650500BC08;44673735EAF46E11B7B78A650500BC08;2025-06-10;-2.0;-1390.0
351B90756A23AE11726010650500D15A;44673735EAF46E11B7B78A650500BC08;2025-06-10;-2.0;-148.16
B4C17954DD2DAE11BE2110650500C15A;44673735EAF46E11B7B78A650500BC08;2025-06-10;-2.0;-3873.0
11CFF00A45CF8E11F243BB650500084B;44673735EAF46E11B7B78A650500BC08;2025-06-10;-4.0;-903.0
65D407DF7D456E11B7B78A650500BC08;44673735EAF46E11B7B78A650500BC08;2025-06-10;-2.0;-12.4
2C41062CCAA07E11B7B78A650500CD08;44673735EAF46E11B7B78A650500BC08;2025-06-10;-2.0;-173.14
1C0C7B7E44968E11F243BB650500CB3B;44673735EAF46E11B7B78A650500BC08;2025-06-10;-2.0;-2325.9
B789167525037E11B7B78A650500DD08;44673735EAF46E11B7B78A650500BC08;2025-06-10;-6.0;-219.71999999999997
8A9FD8FFCCEEDE11406610650500884A;44673735EAF46E11B7B78A650500BC08;2025-06-10;-2.0;-26.52
D8BAD8B11CA5FE1191EE1065050041C9;44673735EAF46E11B7B78A650500BC08;2025-06-10;-2.0;-418.0
18B47AB710556E11B7B78A650500BC08;44673735EAF46E11B7B78A650500BC08;2025-06-10;-4.0;-1140.48
4A18EA4ECD53BE11BE2110650500A95A;44673735EAF46E11B7B78A650500BC08;2025-06-10;-4.0;-239.24
C80423707EEAAE11BE2110650500EE4A;44673735EAF46E11B7B78A650500BC08;2025-06-10;-12.0;-149.9
F3567A8F2E456E11B7B78A650500BC08;44673735EAF46E11B7B78A650500BC08;2025-06-10;-4.0;-504.0
03C32697BBAF7E110819BB65050039AA;44673735EAF46E11B7B78A650500BC08;2025-06-10;-2.0;-651.88
8C956F1BCED4DE11ADB31065050021C8;44673735EAF46E11B7B78A650500BC08;2025-06-10;-2.0;-367.2
4FB4BF9E862B8E11F243BB650500914B;44673735EAF46E11B7B78A650500BC08;2025-06-10;-2.0;-209.14
A1AF38F5A6F5AE11BE2110650500984A;44673735EAF46E11B7B78A650500BC08;2025-06-10;-4.0;-145.26
5E4A76D36D7DBE118772106505007E59;44673735EAF46E11B7B78A650500BC08;2025-06-10;-4.0;-332.0
4FA80DA94FE4FE1191EE1065050050C9;44673735EAF46E11B7B78A650500BC08;2025-06-10;-2.0;-95.04
7B6562D6E770BE11BE2110650500F55A;44673735EAF46E11B7B78A650500BC08;2025-06-10;-2.0;-28.42
B42FECCA9C456E11B7B78A650500BC08;44673735EAF46E11B7B78A650500BC08;2025-06-10;-4.0;-592.46
CE2FDC1F45CF8E11F243BB650500084B;44673735EAF46E11B7B78A650500BC08;2025-06-10;-2.0;-78.5
5197A3B4F5B9CE11ADB310650500F1B8;44673735EAF46E11B7B78A650500BC08;2025-06-10;-2.0;-700.4
1E43EBA198B37E11B7B78A650500DD08;44673735EAF46E11B7B78A650500BC08;2025-06-10;-2.0;-134.24
C5DC24DD1E456E11B7B78A650500BC08;44673735EAF46E11B7B78A650500BC08;2025-06-10;-4.0;-429.66
130D2C0802DAFE11128010650500E819;44673735EAF46E11B7B78A650500BC08;2025-06-10;-4.0;-6708.0
BC15C6179DB3EE11B1AD1065050007EA;FC081C55582CED11A62CD892C0003F2A;2025-06-10;-4.0;-180.5
DD61E765B8AFDE11406610650500794A;FC081C55582CED11A62CD892C0003F2A;2025-06-10;-2.0;-48.72
61C283856E74FE1191EE10650500CFB9;FC081C55582CED11A62CD892C0003F2A;2025-06-10;-2.0;-69.12
116CB8E4255DBE118772106505004E59;FC081C55582CED11A62CD892C0003F2A;2025-06-10;-2.0;-87.18
3F60A6B2DBB1EE114066106505001C4A;FC081C55582CED11A62CD892C0003F2A;2025-06-10;-2.0;-139.94
0D6795AC483EFE11F1557891FE690589;FC081C55582CED11A62CD892C0003F2A;2025-06-10;-2.0;-26.0
D106D75D90900F11F1557891FE690889;FC081C55582CED11A62CD892C0003F2A;2025-06-10;-2.0;-119.56
0D89B04A6BBD3E11052F6792C000D249;FC081C55582CED11A62CD892C0003F2A;2025-06-10;-10.0;-68.96
28E7019311BD3E11052F6792C000D249;FC081C55582CED11A62CD892C0003F2A;2025-06-10;-2.0;-66.48
015A2CECCBB88E11F243BB6505008E3B;FC081C55582CED11A62CD892C0003F2A;2025-06-10;-2.0;-198.2
26F771DA6FA7FE1191EE10650500E3C9;FC081C55582CED11A62CD892C0003F2A;2025-06-10;-2.0;-354.94
BB3C1606DF986E11B7B78A650500BC08;FC081C55582CED11A62CD892C0003F2A;2025-06-10;-2.0;-41.52
53C5692A8F00EE11406610650500F94A;FC081C55582CED11A62CD892C0003F2A;2025-06-10;-2.0;-95.52
E421178BB0CAED11A62CD892C0003F2A;FC081C55582CED11A62CD892C0003F2A;2025-06-10;-2.0;-1016.74
BC029BACADBCAE11BE2110650500315A;FC081C55582CED11A62CD892C0003F2A;2025-06-10;-10.0;-2454.6
F56376DDFD92FE1191EE106505003DB9;FC081C55582CED11A62CD892C0003F2A;2025-06-10;-2.0;-859.26
2489CCD7C9BF0E1123F0668E42005B38;FC081C55582CED11A62CD892C0003F2A;2025-06-10;-6.0;-140.46
51CA1EBF7D6B6E11B7B78A650500BC08;FC081C55582CED11A62CD892C0003F2A;2025-06-10;-2.0;-1048.58
180519DFC0CAED11A62CD892C0003F2A;FC081C55582CED11A62CD892C0003F2A;2025-06-10;-4.0;-767.32
F266BE7EF77EFE11F1557891FE695589;FC081C55582CED11A62CD892C0003F2A;2025-06-10;-4.0;-164.44
C0D5AC833BF8CE11ADB31065050001B8;FC081C55582CED11A62CD892C0003F2A;2025-06-10;-2.0;-180.4
E9C185AD1DC97E110819BB65050019AA;FC081C55582CED11A62CD892C0003F2A;2025-06-10;-6.0;-423.36
335C8EE9F7BAFE11128010650500E819;FC081C55582CED11A62CD892C0003F2A;2025-06-10;-4.0;-84.0
A7B667F7E04EFE11F1557891FE691589;FC081C55582CED11A62CD892C0003F2A;2025-06-10;-2.0;-275.58
8FCD25FECE5BFE111280106505000919;FC081C55582CED11A62CD892C0003F2A;2025-06-10;-2.0;-114.0
868714E9CC3FFE11F1557891FE695689;FC081C55582CED11A62CD892C0003F2A;2025-06-10;-2.0;-194.76
7780D296104FFE11F1557891FE695689;FC081C55582CED11A62CD892C0003F2A;2025-06-10;-2.0;-24.36
F00BCC30F935FE1191EE10650500B0C9;FC081C55582CED11A62CD892C0003F2A;2025-06-10;-2.0;-585.8
54B8CAC2733CBE11877210650500DC59;FC081C55582CED11A62CD892C0003F2A;2025-06-10;-2.0;-353.84
002866AC21CAED11A62CD892C0003F2A;FC081C55582CED11A62CD892C0003F2A;2025-06-10;-2.0;-511.3
CA5A87605596DE11ADB31065050053C8;FC081C55582CED11A62CD892C0003F2A;2025-06-10;-2.0;-233.94
27312590B0CAED11A62CD892C0003F2A;FC081C55582CED11A62CD892C0003F2A;2025-06-10;-4.0;-200.08
C0087DC13663EE11B1AD1065050096EA;FC081C55582CED11A62CD892C0003F2A;2025-06-10;-2.0;-770.7
F0BF1735488E4E1142D58A650500BC08;FC081C55582CED11A62CD892C0003F2A;2025-06-10;-2.0;-62.08
F4247666A678EE1191EE1065050078B9;FC081C55582CED11A62CD892C0003F2A;2025-06-10;-2.0;-352.1
0601FBB1EAC6EE1191EE1065050086B9;FC081C55582CED11A62CD892C0003F2A;2025-06-10;-2.0;-407.84
333AEAB308B13E11052F6792C000CF39;FC081C55582CED11A62CD892C0003F2A;2025-06-10;-2.0;-418.2
F19833D55D74FE1191EE10650500CFB9;FC081C55582CED11A62CD892C0003F2A;2025-06-10;-2.0;-292.08
E842E7FDF0CAED11A62CD892C0003F2A;FC081C55582CED11A62CD892C0003F2A;2025-06-10;-2.0;-280.32
3EF4CA6D7FD2FE1191EE106505009DB9;FC081C55582CED11A62CD892C0003F2A;2025-06-10;-2.0;-410.16
F9301C8933817E11B7B78A650500CD08;FC081C55582CED11A62CD892C0003F2A;2025-06-10;-12.0;-852.0
DFFDBBD20057DE11C846106505008F6A;FC081C55582CED11A62CD892C0003F2A;2025-06-10;-2.0;-168.94
608F1A05D2DCDE11406610650500B54A;FC081C55582CED11A62CD892C0003F2A;2025-06-10;-2.0;-844.54
50C5BD4522606E1142D58A650500AD08;FC081C55582CED11A62CD892C0003F2A;2025-06-10;-4.0;-281.9
36CE07A3698DFE11F1557891FE692489;FC081C55582CED11A62CD892C0003F2A;2025-06-10;-8.0;-622.56
C9004D8311CAED11A62CD892C0003F2A;FC081C55582CED11A62CD892C0003F2A;2025-06-10;-2.0;-796.22
D596351023CCCE11ADB31065050016B8;FC081C55582CED11A62CD892C0003F2A;2025-06-10;-2.0;-284.0
1278EDB4487CCE11ADB310650500B5B8;FC081C55582CED11A62CD892C0003F2A;2025-06-10;-4.0;-145.76
E220FB349562CE11877210650500B469;FC081C55582CED11A62CD892C0003F2A;2025-06-10;-4.0;-628.8
418E07A3698DFE11F1557891FE692489;FC081C55582CED11A62CD892C0003F2A;2025-06-10;-4.0;-232.04
60E344D7527ABE118772106505009A59;FC081C55582CED11A62CD892C0003F2A;2025-06-10;-2.0;-976.28
D37A3E8BE3900F11F1557891FE690889;FC081C55582CED11A62CD892C0003F2A;2025-06-10;-2.0;-313.98
89EEAF964D7F8E11F243BB650500A74B;FC081C55582CED11A62CD892C0003F2A;2025-06-10;-2.0;-171.22
EC10612044AE9E117260106505001C4A;FC081C55582CED11A62CD892C0003F2A;2025-06-10;-2.0;-292.78
949188B43CE76E11B7B78A650500BC08;FC081C55582CED11A62CD892C0003F2A;2025-06-10;-2.0;-254.88
0473303C5D3D7E110819BB65050039AA;FC081C55582CED11A62CD892C0003F2A;2025-06-10;-2.0;-754.2
24C1F06BD20ADE11406610650500F14A;FC081C55582CED11A62CD892C0003F2A;2025-06-10;-4.0;-413.48
17C8353BE0CAED11A62CD892C0003F2A;FC081C55582CED11A62CD892C0003F2A;2025-06-10;-2.0;-638.18
1CD89EE302CAED11A62CD892C0003F2A;FC081C55582CED11A62CD892C0003F2A;2025-06-10;-2.0;-172.24
FC899ADB899C2E11052F6792C000CF39;FC081C55582CED11A62CD892C0003F2A;2025-06-10;-2.0;-475.32
DE0C32053533FE1191EE106505000EB9;FC081C55582CED11A62CD892C0003F2A;2025-06-10;-20.0;-2368.6
707785D8D0CAED11A62CD892C0003F2A;FC081C55582CED11A62CD892C0003F2A;2025-06-10;-4.0;-1320.0
DA9FF523CDC3AE11726010650500A25A;FC081C55582CED11A62CD892C0003F2A;2025-06-10;-2.0;-475.66
A2A3B3A4E0CAED11A62CD892C0003F2A;FC081C55582CED11A62CD892C0003F2A;2025-06-10;-4.0;-1544.8
0C65028920C13E11052F6792C000CF39;FC081C55582CED11A62CD892C0003F2A;2025-06-10;-2.0;-262.06
6946CEEEEA6CCE11ADB310650500A5B8;FC081C55582CED11A62CD892C0003F2A;2025-06-10;-2.0;-118.78
7450B5F648A0EE11406610650500BA4A;FC081C55582CED11A62CD892C0003F2A;2025-06-10;-2.0;-115.02
AB304F11FB8DDE11406610650500A64A;FC081C55582CED11A62CD892C0003F2A;2025-06-10;-4.0;-748.6
DF4393504DEAAE11BE2110650500EE4A;FC081C55582CED11A62CD892C0003F2A;2025-06-10;-4.0;-100.36
68C210D451CAED11A62CD892C0003F2A;FC081C55582CED11A62CD892C0003F2A;2025-06-10;-2.0;-867.5
7D0E4497937FCE11ADB310650500C9B8;FC081C55582CED11A62CD892C0003F2A;2025-06-10;-2.0;-61.94
DB3E818302CAED11A62CD892C0003F2A;FC081C55582CED11A62CD892C0003F2A;2025-06-10;-2.0;-143.4
398DA6E4A9B1EE114066106505001C4A;FC081C55582CED11A62CD892C0003F2A;2025-06-10;-2.0;-234.36
B1C8D74B63949E115540106505004E3B;FC081C55582CED11A62CD892C0003F2A;2025-06-10;-4.0;-115.2
E1B1B1688DC4FD110DC22A92C0009D7B;FC081C55582CED11A62CD892C0003F2A;2025-06-10;-2.0;-324.0
5C3524A5143CBE11877210650500DC59;FC081C55582CED11A62CD892C0003F2A;2025-06-10;-2.0;-447.82
7688315170EFFE11F1557891FE692789;FC081C55582CED11A62CD892C0003F2A;2025-06-10;-2.0;-210.0
B500C0C02F22FE1191EE10650500ACB9;FC081C55582CED11A62CD892C0003F2A;2025-06-10;-2.0;-84.24
0F970211069CEE1191EE1065050029B9;FC081C55582CED11A62CD892C0003F2A;2025-06-10;-2.0;-112.18
06F014A4852B9E115250106505005C4A;FC081C55582CED11A62CD892C0003F2A;2025-06-10;-2.0;-329.34
E17D2FF5BA510F11112A674AC7E22989;FC081C55582CED11A62CD892C0003F2A;2025-06-10;-2.0;-219.32
641DDD8EBAC9FE11128010650500E819;FC081C55582CED11A62CD892C0003F2A;2025-06-10;-2.0;-192.0
A98C963E01CAED11A62CD892C0003F2A;FC081C55582CED11A62CD892C0003F2A;2025-06-10;-2.0;-205.88
CFD3CBF90DC2DE11ADB3106505006EB8;FC081C55582CED11A62CD892C0003F2A;2025-06-10;-2.0;-146.86
45E81D4775553E11052F6792C000FF39;FC081C55582CED11A62CD892C0003F2A;2025-06-10;-12.0;-902.32
FBB8EC90EDDE8E11F243BB650500E64B;FC081C55582CED11A62CD892C0003F2A;2025-06-10;-2.0;-281.32
C74E69B5A99FBE118772106505002169;FC081C55582CED11A62CD892C0003F2A;2025-06-10;-2.0;-645.92
58656097B373FE1191EE106505006EB9;FC081C55582CED11A62CD892C0003F2A;2025-06-10;-2.0;-278.8
C9DA60155C57DE11C846106505009F6A;FC081C55582CED11A62CD892C0003F2A;2025-06-10;-6.0;-2726.48
575C6F999786CE11ADB310650500DDA8;FC081C55582CED11A62CD892C0003F2A;2025-06-10;-2.0;-17.4
C5359F831635DE11ADB31065050091C8;FC081C55582CED11A62CD892C0003F2A;2025-06-10;-2.0;-263.04
0F38438847FF4E1142D58A650500BC08;FC081C55582CED11A62CD892C0003F2A;2025-06-10;-2.0;-64.84
3D929C5D463CBE11877210650500DC59;FC081C55582CED11A62CD892C0003F2A;2025-06-10;-8.0;-1302.14
2CC6E9B24058FE11128010650500D819;FC081C55582CED11A62CD892C0003F2A;2025-06-10;-2.0;-587.48
CA1094CED81E4E1142D58A650500BC08;FC081C55582CED11A62CD892C0003F2A;2025-06-10;-2.0;-186.78
CEC43663ECE7EE1191EE10650500B7B9;FC081C55582CED11A62CD892C0003F2A;2025-06-10;-2.0;-14.0
AB13FE4F0442DE11ADB310650500BDB8;FC081C55582CED11A62CD892C0003F2A;2025-06-10;-2.0;-39.24
3FC7F7582642FE1191EE10650500CCB9;FC081C55582CED11A62CD892C0003F2A;2025-06-10;-2.0;-826.52
C941F97831E1FE1191EE106505004CB9;FC081C55582CED11A62CD892C0003F2A;2025-06-10;-2.0;-664.52
E347C2150DDDFE11F1557891FE699489;FC081C55582CED11A62CD892C0003F2A;2025-06-10;-2.0;-724.9
33D5A8D9B877DE11C84610650500BF6A;FC081C55582CED11A62CD892C0003F2A;2025-06-10;-2.0;-51.0
AAB3BD84ADFC1E1143F0668E4200502B;FC081C55582CED11A62CD892C0003F2A;2025-06-10;-2.0;-726.8
A5D6CDAB497AFE11128010650500E819;FC081C55582CED11A62CD892C0003F2A;2025-06-10;-2.0;-460.56
C1F54BF1C19EBE11877210650500DF59;FC081C55582CED11A62CD892C0003F2A;2025-06-10;-6.0;-167.16
6787805F4C53AE11726010650500125A;FC081C55582CED11A62CD892C0003F2A;2025-06-10;-2.0;-148.88
F5C36E0D7D79FE11128010650500E819;FC081C55582CED11A62CD892C0003F2A;2025-06-10;-2.0;-135.74
B2EBBDB4FF920F114EF7A826072BDA89;FC081C55582CED11A62CD892C0003F2A;2025-06-10;-2.0;-1171.52
6D61B1E4E0C5EE1191EE1065050045B9;FC081C55582CED11A62CD892C0003F2A;2025-06-10;-2.0;-81.46
9D6E9871EFBFCE11ADB3106505002AB8;FC081C55582CED11A62CD892C0003F2A;2025-06-10;-2.0;-1816.5
FDD5B0F47200EE11406610650500E94A;FC081C55582CED11A62CD892C0003F2A;2025-06-10;-2.0;-183.4
DE2FCD3DF3BEEE1191EE1065050029B9;FC081C55582CED11A62CD892C0003F2A;2025-06-10;-2.0;-124.14
246E802BAC93FE1191EE106505009EB9;FC081C55582CED11A62CD892C0003F2A;2025-06-10;-4.0;-452.0
A80784041C2D4E1142D58A650500BC08;FC081C55582CED11A62CD892C0003F2A;2025-06-10;-2.0;-63.82
828851DC58B13E11052F6792C000CF39;FC081C55582CED11A62CD892C0003F2A;2025-06-10;-4.0;-304.44
33756B0DA1CAED11A62CD892C0003F2A;FC081C55582CED11A62CD892C0003F2A;2025-06-10;-2.0;-228.12
0F296F79409EBE11877210650500DF59;FC081C55582CED11A62CD892C0003F2A;2025-06-10;-8.0;-217.88
E0D361DA67E48E113835BB6505009DAA;B0BDDED34CC83E11052F6792C000B249;2025-06-10;-6.0;-1866.0
F1C5B32599DDCE11ADB31065050097B8;B0BDDED34CC83E11052F6792C000B249;2025-06-10;-4.0;-314.12
9B2D4ACB9B547E11B7B78A650500ED08;B0BDDED34CC83E11052F6792C000B249;2025-06-10;-2.0;-767.42
4D90BF0CDA65EE11B1AD1065050039EA;B0BDDED34CC83E11052F6792C000B249;2025-06-10;-8.0;-314.48
9BB58A554D929E11554010650500CB3B;B0BDDED34CC83E11052F6792C000B249;2025-06-10;-20.0;-1391.0
C3491A43A3E2DE11ADB3106505008EB8;B0BDDED34CC83E11052F6792C000B249;2025-06-10;-2.0;-381.08
FC08D74EF0A7FE1191EE10650500D3C9;B0BDDED34CC83E11052F6792C000B249;2025-06-10;-2.0;-592.94
5990467EEB0AFE11128010650500E819;B0BDDED34CC83E11052F6792C000B249;2025-06-10;-2.0;-79.6
9CDBEE16B2C88E11F243BB6505008E3B;B0BDDED34CC83E11052F6792C000B249;2025-06-10;-2.0;-164.14
25EACAAFEA387E110819BB65050009AA;B0BDDED34CC83E11052F6792C000B249;2025-06-10;-2.0;-90.44
F6F4C6AE3E62FE1191EE10650500FCB9;B0BDDED34CC83E11052F6792C000B249;2025-06-10;-2.0;-403.86
094F2AAEBA6BAE11BE21106505008F4A;B0BDDED34CC83E11052F6792C000B249;2025-06-10;-2.0;-83.0
756491A43CD4CE11ADB3106505000DA8;B0BDDED34CC83E11052F6792C000B249;2025-06-10;-2.0;-24.0
2C754762F0CAED11A62CD892C0003F2A;B0BDDED34CC83E11052F6792C000B249;2025-06-10;-2.0;-194.0
737D891A6E3C9E11726010650500F84A;B0BDDED34CC83E11052F6792C000B249;2025-06-10;-2.0;-2350.36
E5EC7B49AD67EE1191EE1065050017B9;B0BDDED34CC83E11052F6792C000B249;2025-06-10;-6.0;-741.4
584399AC9E456E11B7B78A650500BC08;B0BDDED34CC83E11052F6792C000B249;2025-06-10;-6.0;-157.8
F04AE8B83332FD110DC22A92C0006778;B0BDDED34CC83E11052F6792C000B249;2025-06-10;-2.0;-87.88
254AB66D1D027E11B7B78A650500CD08;B0BDDED34CC83E11052F6792C000B249;2025-06-10;-2.0;-252.82
5FFE8F24111EAE11BE2110650500E25A;B0BDDED34CC83E11052F6792C000B249;2025-06-10;-2.0;-479.64
CADF89D16F5CCE11ADB31065050095B8;B0BDDED34CC83E11052F6792C000B249;2025-06-10;-4.0;-105.96
4690C8920EADAE11BE2110650500625A;B0BDDED34CC83E11052F6792C000B249;2025-06-10;-2.0;-294.08
005BCFB931CAED11A62CD892C0003F2A;B0BDDED34CC83E11052F6792C000B249;2025-06-10;-4.0;-365.04
F52F897AC8EA5E1142D58A6505000D08;B0BDDED34CC83E11052F6792C000B249;2025-06-10;-2.0;-210.56
7BFBD00B6CB4AE11726010650500D35A;B0BDDED34CC83E11052F6792C000B249;2025-06-10;-2.0;-178.24
B2B3EB04AA4FFE11F1557891FE696689;B0BDDED34CC83E11052F6792C000B249;2025-06-10;-4.0;-210.68
BCC50F5EEB6DFE11F1557891FE690489;B0BDDED34CC83E11052F6792C000B249;2025-06-10;-2.0;-359.8
6B0AF03BCDFA3E11052F6792C000D249;B0BDDED34CC83E11052F6792C000B249;2025-06-10;-2.0;-336.24
9118A63AB78DBE118772106505008E59;B0BDDED34CC83E11052F6792C000B249;2025-06-10;-2.0;-92.7
D704662C575FFE11F1557891FE697689;B0BDDED34CC83E11052F6792C000B249;2025-06-10;-2.0;-66.0
22B0BB5F01CAED11A62CD892C0003F2A;B0BDDED34CC83E11052F6792C000B249;2025-06-10;-6.0;-1068.0
0ED4E02A4A7D5E1142D58A6505002D08;B0BDDED34CC83E11052F6792C000B249;2025-06-10;-2.0;-246.2
D040617691CAED11A62CD892C0003F2A;B0BDDED34CC83E11052F6792C000B249;2025-06-10;-2.0;-400.0
6A8BEAF01707DE11C846106505002F6A;B0BDDED34CC83E11052F6792C000B249;2025-06-10;-2.0;-225.7
D2AA53BBBC8FBE118772106505001169;B0BDDED34CC83E11052F6792C000B249;2025-06-10;-2.0;-685.96
CBD294D26F45DE11ADB310650500B1C8;B0BDDED34CC83E11052F6792C000B249;2025-06-10;-2.0;-614.2
00A3B3A4E0CAED11A62CD892C0003F2A;B0BDDED34CC83E11052F6792C000B249;2025-06-10;-4.0;-701.04
7F56402EE822FD110DC22A92C0006778;B0BDDED34CC83E11052F6792C000B249;2025-06-10;-2.0;-629.94
9F846D9A313D7E110819BB65050039AA;B0BDDED34CC83E11052F6792C000B249;2025-06-10;-4.0;-166.64
F2DE99104DFFFE11F1557891FE694789;B0BDDED34CC83E11052F6792C000B249;2025-06-10;-2.0;-266.5
5A3D5A4D61C89E11525010650500394A;B0BDDED34CC83E11052F6792C000B249;2025-06-10;-14.0;-290.64
F31B09BE67ADDE11406610650500C64A;B0BDDED34CC83E11052F6792C000B249;2025-06-10;-2.0;-107.86
DBAAE3CDD50CFD11A4A96492C000CB59;B0BDDED34CC83E11052F6792C000B249;2025-06-10;-2.0;-437.68
077D684F3FE58E11F243BB650500EA3B;B0BDDED34CC83E11052F6792C000B249;2025-06-10;-2.0;-129.64
165C11036A5D7E110819BB65050039AA;B0BDDED34CC83E11052F6792C000B249;2025-06-10;-14.0;-80.36
8B31112B77049E115540106505009D3B;B0BDDED34CC83E11052F6792C000B249;2025-06-10;-2.0;-1072.76
64851C935D51FD110DC22A92C000DD89;B0BDDED34CC83E11052F6792C000B249;2025-06-10;-2.0;-85.76
2B0D58ADA29DFE11F1557891FE693489;B0BDDED34CC83E11052F6792C000B249;2025-06-10;-2.0;-519.34
4BD67EC30E3CEE1191EE1065050029B9;B0BDDED34CC83E11052F6792C000B249;2025-06-10;-2.0;-106.88
A09DE472E0CAED11A62CD892C0003F2A;B0BDDED34CC83E11052F6792C000B249;2025-06-10;-2.0;-517.0
41C20D5C3CB1AE11726010650500005A;B0BDDED34CC83E11052F6792C000B249;2025-06-10;-2.0;-88.68
A256E37B383EFE11F1557891FE690589;B0BDDED34CC83E11052F6792C000B249;2025-06-10;-6.0;-415.79999999999995
C13611AE6D7ABE11877210650500AA59;B0BDDED34CC83E11052F6792C000B249;2025-06-10;-2.0;-212.56
511CF229863EAE11BE2110650500135A;B0BDDED34CC83E11052F6792C000B249;2025-06-10;-2.0;-24.96
E5B732FC5CFFFE11F1557891FE694789;B0BDDED34CC83E11052F6792C000B249;2025-06-10;-2.0;-232.0
2A1FA1F56BCEAE11BE2110650500D35A;B0BDDED34CC83E11052F6792C000B249;2025-06-10;-4.0;-1440.0
19FF4A7A9DB6EE1191EE1065050076B9;B0BDDED34CC83E11052F6792C000B249;2025-06-10;-4.0;-282.24
92C8BD650EADAE11BE2110650500625A;B0BDDED34CC83E11052F6792C000B249;2025-06-10;-4.0;-631.8
A4081F6757E48E113835BB6505009DAA;B0BDDED34CC83E11052F6792C000B249;2025-06-10;-2.0;-622.0
FAF6955D82C5EE1191EE1065050045B9;B0BDDED34CC83E11052F6792C000B249;2025-06-10;-2.0;-244.0
C0D5AAC1BCACEE1191EE1065050029B9;B0BDDED34CC83E11052F6792C000B249;2025-06-10;-2.0;-2049.58
94B6EB4951CAED11A62CD892C0003F2A;B0BDDED34CC83E11052F6792C000B249;2025-06-10;-2.0;-611.08
6396BB8EEB0AFE11128010650500E819;B0BDDED34CC83E11052F6792C000B249;2025-06-10;-2.0;-91.4
6DAF8A5FC0CAED11A62CD892C0003F2A;B0BDDED34CC83E11052F6792C000B249;2025-06-10;-2.0;-153.58
D4147C450DDDFE11F1557891FE699489;B0BDDED34CC83E11052F6792C000B249;2025-06-10;-2.0;-866.4
CC4F278C0ADEAE11BE2110650500E35A;B0BDDED34CC83E11052F6792C000B249;2025-06-10;-4.0;-97.2
2532E78A1464AE11726010650500635A;B0BDDED34CC83E11052F6792C000B249;2025-06-10;-2.0;-295.42
D1F078AFED71FE1191EE10650500CBB9;B0BDDED34CC83E11052F6792C000B249;2025-06-10;-4.0;-1527.84
D3DB00220F6CDE11406610650500354A;B0BDDED34CC83E11052F6792C000B249;2025-06-10;-4.0;-359.52
91E0588EC877DE11C84610650500BF6A;B0BDDED34CC83E11052F6792C000B249;2025-06-10;-6.0;-153.0
DC2A86A2F714EE11B1AD1065050077EA;B0BDDED34CC83E11052F6792C000B249;2025-06-10;-2.0;-220.0
2DA9618F7FB3EE11B1AD1065050007EA;B0BDDED34CC83E11052F6792C000B249;2025-06-10;-2.0;-1070.48
509E76E7640E1E1143F0668E4200502B;B0BDDED34CC83E11052F6792C000B249;2025-06-10;-2.0;-97.28
D3A4CFB8B43D8E11F243BB650500B44B;B0BDDED34CC83E11052F6792C000B249;2025-06-10;-2.0;-188.48
BFD000CE02192E11052F6792C0007F39;B0BDDED34CC83E11052F6792C000B249;2025-06-10;-2.0;-337.28
7AD78863757B6E11B7B78A650500BC08;B0BDDED34CC83E11052F6792C000B249;2025-06-10;-2.0;-160.42
2BB955CA94897E110819BB65050019AA;B0BDDED34CC83E11052F6792C000B249;2025-06-10;-2.0;-78.68
F02FCABC4678EE1191EE1065050078B9;B0BDDED34CC83E11052F6792C000B249;2025-06-10;-2.0;-188.94
20AE39457108CE11ADB310650500BFA8;44673735EAF46E11B7B78A650500BC08;2025-06-10;2.0;317.18
4DA5E4036085FD110DC22A92C000D158;B0BDDED34CC83E11052F6792C000B249;2025-06-10;10.0;1073.44
05D896181950FD11A62CD892C000499B;B0BDDED34CC83E11052F6792C000B249;2025-06-10;10.0;1114.74
5EC700335FD44E1142D58A6505002C08;B0BDDED34CC83E11052F6792C000B249;2025-06-10;10.0;1073.44
A3E6EC7278EADE11406610650500234A;44673735EAF46E11B7B78A650500BC08;2025-06-10;0.0;0.0
AFFAC749116AAE11BE21106505003E4A;44673735EAF46E11B7B78A650500BC08;2025-06-10;-2.0;-137.9
CC1A4D1EB9281E1143F0668E42006B8B;FC081C55582CED11A62CD892C0003F2A;2025-06-10;8.0;13444.96
D90C4CF61680BE11BE2110650500065A;FC081C55582CED11A62CD892C0003F2A;2025-06-10;4.0;757.86
608444C0C60C4E1142D58A650500BC08;FC081C55582CED11A62CD892C0003F2A;2025-06-10;12.0;7324.96
45DC72CA74520F114EF7A826072B7A89;44673735EAF46E11B7B78A650500BC08;2025-06-10;0.0;0.0
E2AA0BD3CC22AE11726010650500905A;44673735EAF46E11B7B78A650500BC08;2025-06-10;0.0;0.0
ECA23C34CC22AE11726010650500905A;44673735EAF46E11B7B78A650500BC08;2025-06-10;0.0;0.0
4A02796C1F3CEE1191EE1065050029B9;44673735EAF46E11B7B78A650500BC08;2025-06-10;0.0;0.0
A0A248E2166E9E11726010650500CB4A;44673735EAF46E11B7B78A650500BC08;2025-06-10;-4.0;-535.46
4F5B0B5E73AB8E11F243BB650500324B;FC081C55582CED11A62CD892C0003F2A;2025-06-10;8.0;4612.24
F903401A2F34AE11726010650500335A;FC081C55582CED11A62CD892C0003F2A;2025-06-10;8.0;1762.0
B497BF6A01CAED11A62CD892C0003F2A;FC081C55582CED11A62CD892C0003F2A;2025-06-10;40.0;10632.0
1F7BC7EFA70ECE11ADB310650500D7B8;B0BDDED34CC83E11052F6792C000B249;2025-06-10;38.0;4154.16
60A248E2166E9E11726010650500CB4A;44673735EAF46E11B7B78A650500BC08;2025-06-10;20.0;2546.52
9DC86F7D25030F114EF7A826072B5B89;44673735EAF46E11B7B78A650500BC08;2025-06-10;10.0;13350.0
88EA8EAF7C456E11B7B78A650500BC08;44673735EAF46E11B7B78A650500BC08;2025-06-10;16.0;3884.66
248A32108C456E11B7B78A650500BC08;44673735EAF46E11B7B78A650500BC08;2025-06-10;18.0;5405.06
20F9D7708C456E11B7B78A650500BC08;44673735EAF46E11B7B78A650500BC08;2025-06-10;14.0;4762.1
A4CDF86B2C456E11B7B78A650500BC08;44673735EAF46E11B7B78A650500BC08;2025-06-10;10.0;9254.28
FE3EFC4C3C56FE1191EE1065050022C9;FC081C55582CED11A62CD892C0003F2A;2025-06-10;2.0;1097.66
2EAF5F01D0637E11B7B78A650500DD08;FC081C55582CED11A62CD892C0003F2A;2025-06-10;120.0;6906.0
9BFF0450D0CAED11A62CD892C0003F2A;FC081C55582CED11A62CD892C0003F2A;2025-06-10;-2.0;-317.78
FD3B97376D530F114EF7A826072BCB89;44673735EAF46E11B7B78A650500BC08;2025-06-10;60.0;348.18
163F11B200E7EE1191EE10650500A7B9;44673735EAF46E11B7B78A650500BC08;2025-06-10;100.0;653.36
163F11B200E7EE1191EE10650500A7B9;B0BDDED34CC83E11052F6792C000B249;2025-06-10;80.0;522.7
8033F6C2D74CDE11406610650500054A;B0BDDED34CC83E11052F6792C000B249;2025-06-10;0.0;0.0
85624B00B392FE1191EE106505002DB9;44673735EAF46E11B7B78A650500BC08;2025-06-10;20.0;4134.16
80BE76E2DC456E11B7B78A650500BC08;44673735EAF46E11B7B78A650500BC08;2025-06-10;32.0;8255.74
DA1C1F0E1308EE1191EE10650500D7B9;44673735EAF46E11B7B78A650500BC08;2025-06-10;16.0;6525.0
DA75E4DE5129DE11C84610650500D17A;44673735EAF46E11B7B78A650500BC08;2025-06-10;4.0;7623.64
C5BBE9E75EED7E110819BB65050039AA;B0BDDED34CC83E11052F6792C000B249;2025-06-10;0.0;0.0
59BE3355EA93FE1191EE106505009EB9;B0BDDED34CC83E11052F6792C000B249;2025-06-10;0.0;0.0
32EE2CC6D596DE11ADB31065050053C8;B0BDDED34CC83E11052F6792C000B249;2025-06-10;0.0;0.0
0B832D5E68DDCE11ADB31065050097B8;B0BDDED34CC83E11052F6792C000B249;2025-06-10;0.0;0.0
F1A147896F45DE11ADB310650500B1C8;FC081C55582CED11A62CD892C0003F2A;2025-06-10;-2.0;-528.6
848C3CAFD61ECE11ADB310650500E7B8;44673735EAF46E11B7B78A650500BC08;2025-06-10;0.0;0.0
933AC696D270DE11ADB3106505003BB8;44673735EAF46E11B7B78A650500BC08;2025-06-10;12.0;2298.0
D62A38250DDDFE11F1557891FE699489;FC081C55582CED11A62CD892C0003F2A;2025-06-10;0.0;0.0
5EC65BF6CB70DE11ADB3106505004BB8;44673735EAF46E11B7B78A650500BC08;2025-06-10;0.0;0.0
D7962586A1130F114EF7A826072B6B89;FC081C55582CED11A62CD892C0003F2A;2025-06-10;0.0;0.0
CB14D15CB0FFFE11F1557891FE693789;FC081C55582CED11A62CD892C0003F2A;2025-06-10;0.0;0.0
42E3484685130F114EF7A826072B6B89;FC081C55582CED11A62CD892C0003F2A;2025-06-10;0.0;0.0
34A587975EE1EE114066106505006C4A;FC081C55582CED11A62CD892C0003F2A;2025-06-10;0.0;0.0
5589B32E40A20F114EF7A826072BDA89;FC081C55582CED11A62CD892C0003F2A;2025-06-10;0.0;0.0
B609B32E40A20F114EF7A826072BDA89;FC081C55582CED11A62CD892C0003F2A;2025-06-10;0.0;0.0
882348EF5F5CCE11ADB31065050095B8;FC081C55582CED11A62CD892C0003F2A;2025-06-10;0.0;0.0
03C3C4D2689ACE11ADB31065050013B8;44673735EAF46E11B7B78A650500BC08;2025-06-10;4.0;10317.92
022B15FE5487EE1191EE1065050037B9;44673735EAF46E11B7B78A650500BC08;2025-06-10;6.0;8523.44
399CDAFF0DDECE11ADB310650500E8B8;FC081C55582CED11A62CD892C0003F2A;2025-06-10;0.0;0.0
DB9DD049FCDECE11ADB310650500E8B8;FC081C55582CED11A62CD892C0003F2A;2025-06-10;0.0;0.0
A7C936C4B8F7FE11128010650500D819;FC081C55582CED11A62CD892C0003F2A;2025-06-10;0.0;0.0
C15FC812365FFE11F1557891FE697689;44673735EAF46E11B7B78A650500BC08;2025-06-10;46.0;3291.76
8F84662C575FFE11F1557891FE697689;B0BDDED34CC83E11052F6792C000B249;2025-06-10;4.0;468.0
358CCFFAED641E1143F0668E42008C3B;FC081C55582CED11A62CD892C0003F2A;2025-06-10;-8.0;-600.6
CCFE7FE747CBCE11ADB310650500B4B8;44673735EAF46E11B7B78A650500BC08;2025-06-10;0.0;0.0
FA176259DE79EE1191EE1065050009B9;44673735EAF46E11B7B78A650500BC08;2025-06-10;0.0;0.0
5E891FA7BFCCDE11406610650500B54A;44673735EAF46E11B7B78A650500BC08;2025-06-10;0.0;0.0
767025A6E6C99E115250106505009A4A;44673735EAF46E11B7B78A650500BC08;2025-06-10;0.0;0.0
398784DE3A2E6E11B7B78A6505003D08;44673735EAF46E11B7B78A650500BC08;2025-06-10;-56.0;-7196.0
A371F1EE04D1FE1191EE106505003CB9;FC081C55582CED11A62CD892C0003F2A;2025-06-10;0.0;0.0
A875FFA380A49E115540106505006E3B;44673735EAF46E11B7B78A650500BC08;2025-06-10;-4.0;-3326.94
0F9889072C8EAE11BE2110650500835A;44673735EAF46E11B7B78A650500BC08;2025-06-10;-2.0;-1048.56
E8F2520A542AFE11128010650500E819;B0BDDED34CC83E11052F6792C000B249;2025-06-10;0.0;0.0
BE30270C9BEAEE1191EE1065050029B9;B0BDDED34CC83E11052F6792C000B249;2025-06-10;0.0;0.0
9BB955D47A93FE1191EE106505009EB9;B0BDDED34CC83E11052F6792C000B249;2025-06-10;0.0;0.0
AEB8DED47A93FE1191EE106505009EB9;B0BDDED34CC83E11052F6792C000B249;2025-06-10;0.0;0.0
495F3C9A8E64EE11B1AD10650500E7EA;B0BDDED34CC83E11052F6792C000B249;2025-06-10;0.0;0.0
D1C2A918BE010F11112A674AC7E2C889;B0BDDED34CC83E11052F6792C000B249;2025-06-10;0.0;0.0
03628211B602EE114066106505008C4A;B0BDDED34CC83E11052F6792C000B249;2025-06-10;0.0;0.0
41FC2FF5BA510F11112A674AC7E22989;B0BDDED34CC83E11052F6792C000B249;2025-06-10;0.0;0.0
F2AD502BDC065E1142D58A650500DC08;B0BDDED34CC83E11052F6792C000B249;2025-06-10;-262.0;-786.0
98821DCBD083FE1191EE106505007EB9;B0BDDED34CC83E11052F6792C000B249;2025-06-10;0.0;0.0
4F5697DAD71BDE11406610650500634A;B0BDDED34CC83E11052F6792C000B249;2025-06-10;0.0;0.0
0928C51D222DFE11F1557891FE69A389;B0BDDED34CC83E11052F6792C000B249;2025-06-10;10.0;949.2
FA63DFE355D6EE1191EE1065050096B9;FC081C55582CED11A62CD892C0003F2A;2025-06-10;0.0;0.0
F931BF7EEB456E11B7B78A650500BC08;44673735EAF46E11B7B78A650500BC08;2025-06-10;16.0;1741.92
BCF722AAF192FE1191EE106505002DB9;FC081C55582CED11A62CD892C0003F2A;2025-06-10;38.0;2097.98
A60124C57525CE11ADB3106505000DA8;FC081C55582CED11A62CD892C0003F2A;2025-06-10;26.0;4839.94
06CB18B55B53EE11B1AD1065050086EA;FC081C55582CED11A62CD892C0003F2A;2025-06-10;0.0;0.0
057703D1714BEE1191EE1065050029B9;FC081C55582CED11A62CD892C0003F2A;2025-06-10;0.0;-4.547473508864641e-13
42B158B398A05E1142D58A650500BC08;FC081C55582CED11A62CD892C0003F2A;2025-06-10;44.0;13508.0
CC58BD89448FDE11406610650500494A;FC081C55582CED11A62CD892C0003F2A;2025-06-10;0.0;-1.1368683772161603e-13
1C7232DA8D410F11112A674AC7E21989;44673735EAF46E11B7B78A650500BC08;2025-06-10;0.0;0.0
363484C872CAED11A62CD892C0003F2A;44673735EAF46E11B7B78A650500BC08;2025-06-10;10.0;1114.74
FCA66AB89F09FE11128010650500E819;FC081C55582CED11A62CD892C0003F2A;2025-06-10;20.0;1708.34
7031D8E44ADDDE11406610650500074A;B0BDDED34CC83E11052F6792C000B249;2025-06-10;0.0;0.0
ADFCF31EEE41BE11BE2110650500075A;44673735EAF46E11B7B78A650500BC08;2025-06-10;2.0;1806.36
6F931D9B5A819E11F243BB6505004A4B;44673735EAF46E11B7B78A650500BC08;2025-06-10;-16.0;-656.0
8C38BC55C366DE11ADB31065050013C8;B0BDDED34CC83E11052F6792C000B249;2025-06-10;-4.0;-783.96
DD2A09FB596C8E11F243BB650500734B;FC081C55582CED11A62CD892C0003F2A;2025-06-10;10.0;1140.0
A6C633626EA20F114EF7A826072BEA89;FC081C55582CED11A62CD892C0003F2A;2025-06-10;4.0;838.8
0188AC04A537BE118772106505007659;FC081C55582CED11A62CD892C0003F2A;2025-06-10;2.0;519.8
4C921D64A537BE118772106505007659;FC081C55582CED11A62CD892C0003F2A;2025-06-10;4.0;1039.6
3D34850F2E405E1142D58A650500BC08;FC081C55582CED11A62CD892C0003F2A;2025-06-10;2.0;359.76
76D3C2554F2FAE11BE2110650500545A;44673735EAF46E11B7B78A650500BC08;2025-06-10;0.0;0.0
99020AE15D4DDE11406610650500564A;44673735EAF46E11B7B78A650500BC08;2025-06-10;-4.0;-1666.0
EB689109E1CAED11A62CD892C0003F2A;FC081C55582CED11A62CD892C0003F2A;2025-06-10;-14.0;-3599.66
1A234B135CFD7E110819BB65050039AA;B0BDDED34CC83E11052F6792C000B249;2025-06-10;-4.0;-442.0
0D35F61FA0CAED11A62CD892C0003F2A;FC081C55582CED11A62CD892C0003F2A;2025-06-10;-16.0;-2458.88
CDA3E09D9D0CFE111280106505000919;FC081C55582CED11A62CD892C0003F2A;2025-06-10;-2.0;-746.44
1D927A51E806DE11ADB310650500A2C8;FC081C55582CED11A62CD892C0003F2A;2025-06-10;6.0;4174.9
5DF039856AD7CE11ADB3106505008FA8;44673735EAF46E11B7B78A650500BC08;2025-06-10;4.0;19013.66
4569D6CD908FCE11ADB310650500D9B8;B0BDDED34CC83E11052F6792C000B249;2025-06-10;2.0;3153.34
57F7B21EA3F1BE11BE2110650500D75A;FC081C55582CED11A62CD892C0003F2A;2025-06-10;2.0;1593.84
79F5605DD0CAED11A62CD892C0003F2A;FC081C55582CED11A62CD892C0003F2A;2025-06-10;-2.0;-851.0
6354EC21212FEE1191EE1065050029B9;FC081C55582CED11A62CD892C0003F2A;2025-06-10;-4.0;-469.65999999999997
FB361686AC456E11B7B78A650500BC08;44673735EAF46E11B7B78A650500BC08;2025-06-10;-4.0;-134.8
8F8708B6A6F5AE11BE2110650500984A;44673735EAF46E11B7B78A650500BC08;2025-06-10;-4.0;-331.08
5DFC974FF1CF7E110819BB65050039AA;44673735EAF46E11B7B78A650500BC08;2025-06-10;-2.0;-313.42
CD076A426D7DBE118772106505007E59;44673735EAF46E11B7B78A650500BC08;2025-06-10;-4.0;-372.0
D3EAE09E58D00E11A4A96492C0002019;44673735EAF46E11B7B78A650500BC08;2025-06-10;-4.0;-954.12
5EF99D81CFC5EE1191EE1065050055B9;44673735EAF46E11B7B78A650500BC08;2025-06-10;-22.0;-2398.0
BBCCB1E663039E115540106505004C3B;44673735EAF46E11B7B78A650500BC08;2025-06-10;-2.0;-82.76
486EDC4E3C456E11B7B78A650500BC08;44673735EAF46E11B7B78A650500BC08;2025-06-10;-4.0;-312.8
14E5577E8F886E11B7B78A650500BC08;44673735EAF46E11B7B78A650500BC08;2025-06-10;-10.0;-638.1
CEE17B471392BE11BE2110650500A85A;44673735EAF46E11B7B78A650500BC08;2025-06-10;-2.0;-227.22
A3E510C0DE2DBE118772106505001E59;44673735EAF46E11B7B78A650500BC08;2025-06-10;-18.0;-1541.34
59277BD1DD456E11B7B78A650500BC08;44673735EAF46E11B7B78A650500BC08;2025-06-10;-2.0;-724.0
5FD37B03C11A8E11F243BB650500304B;44673735EAF46E11B7B78A650500BC08;2025-06-10;-30.0;-446.09999999999997
968BDF31DAD0FE1191EE10650500FAB9;44673735EAF46E11B7B78A650500BC08;2025-06-10;-2.0;-81.08
AE69AFD9B5F0BE11BE2110650500965A;44673735EAF46E11B7B78A650500BC08;2025-06-10;-14.0;-1022.0
EE418A00535B6E11B7B78A650500BC08;44673735EAF46E11B7B78A650500BC08;2025-06-10;-2.0;-422.0
7ACD676623900F11F1557891FE690889;44673735EAF46E11B7B78A650500BC08;2025-06-10;-2.0;-418.0
68AAF0E63861CE118772106505007369;44673735EAF46E11B7B78A650500BC08;2025-06-10;-2.0;-718.0
3D1AD477795EEE1191EE1065050029B9;44673735EAF46E11B7B78A650500BC08;2025-06-10;-2.0;-1034.74
09880D13E0DCDE11406610650500B54A;44673735EAF46E11B7B78A650500BC08;2025-06-10;-30.0;-3525.0
5D220D9AC8C7FE1191EE1065050004C9;44673735EAF46E11B7B78A650500BC08;2025-06-10;-2.0;-485.66
1797E37B383EFE11F1557891FE690589;44673735EAF46E11B7B78A650500BC08;2025-06-10;-2.0;-193.0
050BACBD2D456E11B7B78A650500BC08;44673735EAF46E11B7B78A650500BC08;2025-06-10;-12.0;-560.4
9F814C4E45CF8E11F243BB650500084B;44673735EAF46E11B7B78A650500BC08;2025-06-10;-2.0;-73.32
B6E72AD22392BE11BE2110650500A85A;44673735EAF46E11B7B78A650500BC08;2025-06-10;-4.0;-280.2
57FEA237E770BE11BE2110650500F55A;44673735EAF46E11B7B78A650500BC08;2025-06-10;-2.0;-88.54
37C3840F18363E11052F6792C000FF39;44673735EAF46E11B7B78A650500BC08;2025-06-10;-8.0;-719.12
1C800A2CE8A47E11B7B78A650500ED08;44673735EAF46E11B7B78A650500BC08;2025-06-10;-10.0;-1191.2
38600091046B3E11052F6792C000D249;44673735EAF46E11B7B78A650500BC08;2025-06-10;-2.0;-75.08
501B55DC43D0DE11ADB310650500BBB8;44673735EAF46E11B7B78A650500BC08;2025-06-10;-10.0;-933.8
67F5C1F49C456E11B7B78A650500BC08;44673735EAF46E11B7B78A650500BC08;2025-06-10;-8.0;-985.68
03E154EB78F00F11112A674AC7E2A889;44673735EAF46E11B7B78A650500BC08;2025-06-10;-6.0;-645.42
6F571ADEAF45DE11ADB310650500B1C8;44673735EAF46E11B7B78A650500BC08;2025-06-10;-2.0;-756.62
D3137EBFE6197E110819BB65050009AA;44673735EAF46E11B7B78A650500BC08;2025-06-10;-2.0;-49.9
FF027D0BFD456E11B7B78A650500BC08;44673735EAF46E11B7B78A650500BC08;2025-06-10;-2.0;-2950.0
C5BBE9E75EED7E110819BB65050039AA;44673735EAF46E11B7B78A650500BC08;2025-06-10;-2.0;-82.8
C464EB2B2EF10F114EF7A826072B0A89;44673735EAF46E11B7B78A650500BC08;2025-06-10;-4.0;-242.4
9AD8A4B271D6FD110DC22A92C000D158;44673735EAF46E11B7B78A650500BC08;2025-06-10;-6.0;-710.4000000000001
198EB87A983E7E110819BB65050039AA;44673735EAF46E11B7B78A650500BC08;2025-06-10;-8.0;-1088.72
666B6A1F00300F11F1557891FE698789;44673735EAF46E11B7B78A650500BC08;2025-06-10;-2.0;-310.58
87F5C1F49C456E11B7B78A650500BC08;44673735EAF46E11B7B78A650500BC08;2025-06-10;-4.0;-685.08
84697977EB456E11B7B78A650500BC08;44673735EAF46E11B7B78A650500BC08;2025-06-10;-2.0;-1226.2
4F1A48881CF22E1143F0668E4200C71A;44673735EAF46E11B7B78A650500BC08;2025-06-10;-2.0;-266.68
7E74FAA18C456E11B7B78A650500BC08;44673735EAF46E11B7B78A650500BC08;2025-06-10;-4.0;-936.1
BB43F8C694310F11112A674AC7E2F889;44673735EAF46E11B7B78A650500BC08;2025-06-10;-6.0;-960.0
659474D023D0DE11ADB310650500BBB8;44673735EAF46E11B7B78A650500BC08;2025-06-10;-8.0;-622.76
B5EF20F62F51CE118772106505006369;44673735EAF46E11B7B78A650500BC08;2025-06-10;-2.0;-1217.3
6220D7364C456E11B7B78A650500BC08;44673735EAF46E11B7B78A650500BC08;2025-06-10;-2.0;-221.56
4ED53103D004FE1191EE106505001FB9;44673735EAF46E11B7B78A650500BC08;2025-06-10;-2.0;-169.28
D117EEEEB517FE1191EE1065050023C9;44673735EAF46E11B7B78A650500BC08;2025-06-10;-4.0;-737.04
63A0DE37A094DE11ADB310650500C0C8;44673735EAF46E11B7B78A650500BC08;2025-06-10;-4.0;-1180.8
A7A8CB71EC456E11B7B78A650500BC08;44673735EAF46E11B7B78A650500BC08;2025-06-10;-2.0;-1680.0
78277BD1DD456E11B7B78A650500BC08;44673735EAF46E11B7B78A650500BC08;2025-06-10;-2.0;-1506.0
8B2267EF3C456E11B7B78A650500BC08;44673735EAF46E11B7B78A650500BC08;2025-06-10;-2.0;-291.38
FC39F31DAF13CE11877210650500A569;44673735EAF46E11B7B78A650500BC08;2025-06-10;-4.0;-109.46
EF1DF9AD5FDD6E11B7B78A650500BC08;44673735EAF46E11B7B78A650500BC08;2025-06-10;-4.0;-149.12
AA12BAC636EEAE11BE2110650500F35A;44673735EAF46E11B7B78A650500BC08;2025-06-10;-6.0;-593.48
040FD835CEF39E115540106505008D3B;44673735EAF46E11B7B78A650500BC08;2025-06-10;-2.0;-1133.76
03AE95736D7DBE118772106505007E59;44673735EAF46E11B7B78A650500BC08;2025-06-10;-2.0;-418.0
10A8D9EBC5B30F114EF7A826072B3C89;44673735EAF46E11B7B78A650500BC08;2025-06-10;-2.0;-1864.0
56C29006CFACEE1191EE1065050029B9;44673735EAF46E11B7B78A650500BC08;2025-06-10;-2.0;-238.0
39F5605DD0CAED11A62CD892C0003F2A;44673735EAF46E11B7B78A650500BC08;2025-06-10;-2.0;-1459.24
661B4958E770BE11BE2110650500F55A;44673735EAF46E11B7B78A650500BC08;2025-06-10;-2.0;-21.58
67FFE566D1747E11B7B78A650500ED08;44673735EAF46E11B7B78A650500BC08;2025-06-10;-8.0;-5666.32
C67CA5BB6811FE1191EE106505004BB9;44673735EAF46E11B7B78A650500BC08;2025-06-10;-2.0;-552.72
4A475C7445AE4E1142D58A650500BC08;44673735EAF46E11B7B78A650500BC08;2025-06-10;-6.0;-299.4
78187995E528CE11ADB310650500EFA8;44673735EAF46E11B7B78A650500BC08;2025-06-10;-2.0;-91.36
FC32A1754C456E11B7B78A650500BC08;44673735EAF46E11B7B78A650500BC08;2025-06-10;-2.0;-91.3
5FEA5AF81C84FE1191EE10650500DFB9;44673735EAF46E11B7B78A650500BC08;2025-06-10;-2.0;-1393.8
BFEC4A8EEBA8BE118772106505005859;44673735EAF46E11B7B78A650500BC08;2025-06-10;-2.0;-53.06
1D537CF95816DE11ADB310650500B2C8;44673735EAF46E11B7B78A650500BC08;2025-06-10;-2.0;-103.06
0C228DAEB8E3BE11BE21106505005A5A;44673735EAF46E11B7B78A650500BC08;2025-06-10;-2.0;-166.62
0BA804ECAD62FE1191EE10650500FCB9;44673735EAF46E11B7B78A650500BC08;2025-06-10;-2.0;-185.18
50648DB2E0DCDE11406610650500B54A;44673735EAF46E11B7B78A650500BC08;2025-06-10;-84.0;-4351.2
31A4FB4620556E11B7B78A650500BC08;44673735EAF46E11B7B78A650500BC08;2025-06-10;-2.0;-132.76
D588C87E7F95FE1191EE1065050031C9;44673735EAF46E11B7B78A650500BC08;2025-06-10;-2.0;-972.94
5BE4AAB2A9098E11F243BB650500EE3B;44673735EAF46E11B7B78A650500BC08;2025-06-10;-2.0;-106.72
97FEA237E770BE11BE2110650500F55A;44673735EAF46E11B7B78A650500BC08;2025-06-10;-4.0;-259.68
662A5F2B00556E11B7B78A650500BC08;44673735EAF46E11B7B78A650500BC08;2025-06-10;-16.0;-205.28
7170FCB7E494AE11726010650500A35A;44673735EAF46E11B7B78A650500BC08;2025-06-10;-4.0;-391.18
EAF3127797B0FE1191EE10650500CAB9;44673735EAF46E11B7B78A650500BC08;2025-06-10;-4.0;-491.74
7AD4A808E6B5EE1191EE1065050035B9;44673735EAF46E11B7B78A650500BC08;2025-06-10;-2.0;-238.4
9B8C67838E3CEE1191EE1065050029B9;44673735EAF46E11B7B78A650500BC08;2025-06-10;-2.0;-183.12
7B37A649CD456E11B7B78A650500BC08;44673735EAF46E11B7B78A650500BC08;2025-06-10;-2.0;-1468.0
D4E3ED753D456E11B7B78A650500BC08;44673735EAF46E11B7B78A650500BC08;2025-06-10;-8.0;-1168.54
45649EAA09AF7E110819BB65050039AA;44673735EAF46E11B7B78A650500BC08;2025-06-10;-18.0;-5612.280000000001
6EB9A84E2263CE11877210650500F569;44673735EAF46E11B7B78A650500BC08;2025-06-10;-4.0;-351.62
8E1B8A54FE456E11B7B78A650500BC08;44673735EAF46E11B7B78A650500BC08;2025-06-10;-8.0;-439.12
34D9FBFFA909CE11ADB31065050011B8;44673735EAF46E11B7B78A650500BC08;2025-06-10;-2.0;-128.58
FD567AFA9497EE1191EE1065050047B9;44673735EAF46E11B7B78A650500BC08;2025-06-10;-2.0;-244.0
625CA5855F096E11B7B78A650500BC08;44673735EAF46E11B7B78A650500BC08;2025-06-10;-4.0;-586.8
5B6562D6E770BE11BE2110650500F55A;44673735EAF46E11B7B78A650500BC08;2025-06-10;-2.0;-31.68
FB5B6582A8910F114EF7A826072B8989;44673735EAF46E11B7B78A650500BC08;2025-06-10;-8.0;-46.68
FF13657FCAD0FE1191EE10650500FAB9;44673735EAF46E11B7B78A650500BC08;2025-06-10;-2.0;-138.52
48F25758BEC0AE11726010650500DE4A;44673735EAF46E11B7B78A650500BC08;2025-06-10;-2.0;-19.22
E19409CEF9456E11B7B78A650500BC08;44673735EAF46E11B7B78A650500BC08;2025-06-10;-2.0;-141.36
724FCE1FD6CABE118772106505000B59;44673735EAF46E11B7B78A650500BC08;2025-06-10;-2.0;-378.0
4851C67F46CCDE11406610650500A54A;44673735EAF46E11B7B78A650500BC08;2025-06-10;-2.0;-148.84
93EEFCBB059BDE11406610650500144A;44673735EAF46E11B7B78A650500BC08;2025-06-10;-2.0;-157.28
3B37A649CD456E11B7B78A650500BC08;44673735EAF46E11B7B78A650500BC08;2025-06-10;-2.0;-3232.0
417E3F107946DE11ADB310650500F2C8;44673735EAF46E11B7B78A650500BC08;2025-06-10;-2.0;-84.48
A4C2C0F280A49E115540106505006E3B;44673735EAF46E11B7B78A650500BC08;2025-06-10;-2.0;-716.1
F7D37A5DC691FE1191EE10650500EBB9;FC081C55582CED11A62CD892C0003F2A;2025-06-10;-2.0;-39.1
06E9ABC9544DEE1191EE1065050029B9;FC081C55582CED11A62CD892C0003F2A;2025-06-10;-2.0;-110.74
D78F9D2B4F09FE11128010650500E819;FC081C55582CED11A62CD892C0003F2A;2025-06-10;-4.0;-67.94
94D116CE58A1CE11877210650500C369;FC081C55582CED11A62CD892C0003F2A;2025-06-10;-2.0;-66.48
EA5515D57654EE11B1AD10650500C7EA;FC081C55582CED11A62CD892C0003F2A;2025-06-10;-2.0;-30.66
92A0CF3DD9FC9E11726010650500E94A;FC081C55582CED11A62CD892C0003F2A;2025-06-10;-2.0;-82.16
4E641DD9E3FCBE11877210650500CD59;FC081C55582CED11A62CD892C0003F2A;2025-06-10;-2.0;-17.46
BAC1F99F04D2FE1191EE106505007DB9;FC081C55582CED11A62CD892C0003F2A;2025-06-10;-2.0;-133.88
93E7B7682E74FE1191EE10650500CFB9;FC081C55582CED11A62CD892C0003F2A;2025-06-10;-4.0;-119.48
18426F158AB08E110819BB65050039AA;FC081C55582CED11A62CD892C0003F2A;2025-06-10;-6.0;-1962.0
B22C7ACE1978FE11128010650500D819;FC081C55582CED11A62CD892C0003F2A;2025-06-10;-2.0;-65.86
2EC1A37C1A5FFE11F1557891FE697689;FC081C55582CED11A62CD892C0003F2A;2025-06-10;-2.0;-110.74
84B226A01DDA1E1143F0668E4200FBFB;FC081C55582CED11A62CD892C0003F2A;2025-06-10;-2.0;-350.94
7E1EA5A1801C3E11052F6792C000D249;FC081C55582CED11A62CD892C0003F2A;2025-06-10;-2.0;-29.4
D9B41A4A988AFE11128010650500E819;FC081C55582CED11A62CD892C0003F2A;2025-06-10;-2.0;-23.66
60EA07B4FC98FE11128010650500D819;FC081C55582CED11A62CD892C0003F2A;2025-06-10;-6.0;-684.0
6D12452A3E263E11052F6792C000FF39;FC081C55582CED11A62CD892C0003F2A;2025-06-10;-6.0;-539.34
D5D2043061D4EE11B1AD1065050068EA;FC081C55582CED11A62CD892C0003F2A;2025-06-10;-10.0;-706.9
62E387127F0FCE11ADB31065050029B8;FC081C55582CED11A62CD892C0003F2A;2025-06-10;-2.0;-3136.14
98F9AC063877DE11C84610650500BF6A;FC081C55582CED11A62CD892C0003F2A;2025-06-10;-2.0;-2591.86
090EAA6127F1DE11ADB3106505005DB8;FC081C55582CED11A62CD892C0003F2A;2025-06-10;-2.0;-7533.42
12C509462074EE11B1AD10650500E7EA;FC081C55582CED11A62CD892C0003F2A;2025-06-10;-6.0;-1466.8000000000002
BF821838E0949E115540106505004E3B;FC081C55582CED11A62CD892C0003F2A;2025-06-10;-2.0;-268.3
8376033300C80E11A4A96492C0001269;FC081C55582CED11A62CD892C0003F2A;2025-06-10;-6.0;-563.5
63F804ECAD62FE1191EE10650500FCB9;FC081C55582CED11A62CD892C0003F2A;2025-06-10;-4.0;-489.76
E976B8D80742FE1191EE10650500CCB9;FC081C55582CED11A62CD892C0003F2A;2025-06-10;-2.0;-1164.94
A7EE9E68D2001E1143F0668E42007A39;FC081C55582CED11A62CD892C0003F2A;2025-06-10;-2.0;-296.36
6DDBB3755D74FE1191EE10650500CFB9;FC081C55582CED11A62CD892C0003F2A;2025-06-10;-2.0;-374.66
09A88383B89DDE11406610650500B64A;FC081C55582CED11A62CD892C0003F2A;2025-06-10;-2.0;-273.64
85FE541BBE14CE11877210650500E669;FC081C55582CED11A62CD892C0003F2A;2025-06-10;-2.0;-179.54
F5DE6785DBB91E1143F0668E42006B8B;FC081C55582CED11A62CD892C0003F2A;2025-06-10;-12.0;-1191.3
52BC0A2547FF4E1142D58A650500BC08;FC081C55582CED11A62CD892C0003F2A;2025-06-10;-14.0;-158.02
C5587A2041CAED11A62CD892C0003F2A;FC081C55582CED11A62CD892C0003F2A;2025-06-10;-2.0;-528.2
50CFC4A58D5A8E11F243BB650500904B;FC081C55582CED11A62CD892C0003F2A;2025-06-10;-4.0;-258.38
D35E9808D3BC3E11052F6792C000D249;FC081C55582CED11A62CD892C0003F2A;2025-06-10;-2.0;-141.12
A2BA84E9890A1E1143F0668E42009D5A;FC081C55582CED11A62CD892C0003F2A;2025-06-10;-4.0;-979.38
4E6BC894ED76AE11BE2110650500494A;FC081C55582CED11A62CD892C0003F2A;2025-06-10;-8.0;-120.02
545138298A22DE11ADB3106505009DB8;FC081C55582CED11A62CD892C0003F2A;2025-06-10;-2.0;-94.7
915F5C2F18D2DE11ADB3106505007EB8;FC081C55582CED11A62CD892C0003F2A;2025-06-10;-10.0;-210.0
562B22D501CAED11A62CD892C0003F2A;FC081C55582CED11A62CD892C0003F2A;2025-06-10;-2.0;-249.9
97679C8AEAB4EE11B1AD1065050048EA;FC081C55582CED11A62CD892C0003F2A;2025-06-10;-2.0;-100.64
C6566F8BEF638E117E64BB650500BBAA;FC081C55582CED11A62CD892C0003F2A;2025-06-10;-2.0;-976.8
4A873A50AD32BE11BE2110650500385A;FC081C55582CED11A62CD892C0003F2A;2025-06-10;-2.0;-478.36
CA0D7B0DF8F00F11112A674AC7E2A889;FC081C55582CED11A62CD892C0003F2A;2025-06-10;-2.0;-1410.44
4F9F5CBB1970BE11BE2110650500F55A;FC081C55582CED11A62CD892C0003F2A;2025-06-10;-2.0;-345.34
24D41ADF0256BE118772106505005559;FC081C55582CED11A62CD892C0003F2A;2025-06-10;-6.0;-446.66
E8B3841E55C0CE11877210650500A269;FC081C55582CED11A62CD892C0003F2A;2025-06-10;-2.0;-55.68
80E4E75BCD690E11A4A96492C0001269;FC081C55582CED11A62CD892C0003F2A;2025-06-10;-2.0;-322.34
A53FF153AF2C9E11726010650500E84A;FC081C55582CED11A62CD892C0003F2A;2025-06-10;-2.0;-192.34
FDD9D4E5F8D91E1143F0668E42009D5A;FC081C55582CED11A62CD892C0003F2A;2025-06-10;-2.0;-1155.8
7C33A200FFAFFE11F1557891FE69E689;FC081C55582CED11A62CD892C0003F2A;2025-06-10;-4.0;-321.0
2F9F2064316F9E117260106505000D4A;FC081C55582CED11A62CD892C0003F2A;2025-06-10;-2.0;-5940.84
A87DFEEE1BDF8E11F243BB650500284B;FC081C55582CED11A62CD892C0003F2A;2025-06-10;-2.0;-743.46
89994B7DA0CAED11A62CD892C0003F2A;FC081C55582CED11A62CD892C0003F2A;2025-06-10;-2.0;-286.0
8D9E5A06D343FE1191EE106505001EB9;FC081C55582CED11A62CD892C0003F2A;2025-06-10;-2.0;-597.72
A50E8EA6F352BE11BE2110650500585A;FC081C55582CED11A62CD892C0003F2A;2025-06-10;-4.0;-141.62
5D89695ABEB5CE11ADB3106505004DA8;FC081C55582CED11A62CD892C0003F2A;2025-06-10;-2.0;-61.48
940BC74B39C6DE11C84610650500DE6A;FC081C55582CED11A62CD892C0003F2A;2025-06-10;-2.0;-23.66
C3F1412AC9280E11A4A96492C00009EB;FC081C55582CED11A62CD892C0003F2A;2025-06-10;-2.0;-519.34
F286AAB219CE8E11F243BB650500C64B;FC081C55582CED11A62CD892C0003F2A;2025-06-10;-4.0;-178.48
339332DAACECDE11406610650500D54A;FC081C55582CED11A62CD892C0003F2A;2025-06-10;-2.0;-265.46
6229763B5BCD4E1142D58A650500BC08;FC081C55582CED11A62CD892C0003F2A;2025-06-10;-2.0;-857.74
7C09442379B1EE114066106505001C4A;FC081C55582CED11A62CD892C0003F2A;2025-06-10;-4.0;-632.96
E08C7642B99FBE118772106505002169;FC081C55582CED11A62CD892C0003F2A;2025-06-10;-2.0;-549.26
1DAE206DFA854E1142D58A6505002C08;FC081C55582CED11A62CD892C0003F2A;2025-06-10;-2.0;-668.94
661BDA8FCC8F6E11B7B78A650500CD08;FC081C55582CED11A62CD892C0003F2A;2025-06-10;-2.0;-202.9
E3C91A658B8DED11A62CD892C0003F2A;FC081C55582CED11A62CD892C0003F2A;2025-06-10;-4.0;-703.48
6C750FF65E40EE114066106505004A4A;FC081C55582CED11A62CD892C0003F2A;2025-06-10;-2.0;-446.34
4DA746991D52EE11406610650500FC4A;FC081C55582CED11A62CD892C0003F2A;2025-06-10;-2.0;-378.6
189A8D469DE9EE1191EE1065050009B9;FC081C55582CED11A62CD892C0003F2A;2025-06-10;-2.0;-45.8
98535C7E45010F11112A674AC7E2B889;FC081C55582CED11A62CD892C0003F2A;2025-06-10;-2.0;-809.86
4115C985C07BCE11ADB31065050044B8;FC081C55582CED11A62CD892C0003F2A;2025-06-10;-2.0;-589.12
2360E8216B34DE11ADB31065050050C8;FC081C55582CED11A62CD892C0003F2A;2025-06-10;-2.0;-167.04
6E835DFA62DDFE11F1557891FE698489;FC081C55582CED11A62CD892C0003F2A;2025-06-10;-2.0;-1106.74
1F2EC697F8A30F114EF7A826072B2C89;FC081C55582CED11A62CD892C0003F2A;2025-06-10;-2.0;-235.82
66CEF2EFF7EAEE1191EE1065050019B9;FC081C55582CED11A62CD892C0003F2A;2025-06-10;-2.0;-805.88
1EB7380BBED3FD110DC22A92C000C499;FC081C55582CED11A62CD892C0003F2A;2025-06-10;-2.0;-458.72
658B0513E5CAFE11128010650500E819;FC081C55582CED11A62CD892C0003F2A;2025-06-10;-4.0;-607.74
7F599C0883735E1142D58A650500DC08;FC081C55582CED11A62CD892C0003F2A;2025-06-10;-2.0;-420.28
FE15F8F901CAED11A62CD892C0003F2A;FC081C55582CED11A62CD892C0003F2A;2025-06-10;-2.0;-245.28
717D3A8D70C5EE1191EE1065050045B9;FC081C55582CED11A62CD892C0003F2A;2025-06-10;-2.0;-70.74
80E73D6FB942FE1191EE10650500CCB9;FC081C55582CED11A62CD892C0003F2A;2025-06-10;-2.0;-3224.72
1BF5AAF98DF0EE114066106505002B4A;FC081C55582CED11A62CD892C0003F2A;2025-06-10;-2.0;-248.76
80FD18C02B5ADE11406610650500624A;FC081C55582CED11A62CD892C0003F2A;2025-06-10;-2.0;-540.86
99CBACC7B5DD2E11052F6792C000CF39;FC081C55582CED11A62CD892C0003F2A;2025-06-10;-2.0;-214.7
82FB956CADE4AE11726010650500145A;FC081C55582CED11A62CD892C0003F2A;2025-06-10;-2.0;-170.3
E18C19E3A1CAED11A62CD892C0003F2A;FC081C55582CED11A62CD892C0003F2A;2025-06-10;-2.0;-391.38
DE433F4F5F73DE11ADB3106505004FB8;FC081C55582CED11A62CD892C0003F2A;2025-06-10;-2.0;-430.24
69659CC4D0CAED11A62CD892C0003F2A;FC081C55582CED11A62CD892C0003F2A;2025-06-10;-2.0;-310.28
B1280737B0985E1142D58A650500DC08;FC081C55582CED11A62CD892C0003F2A;2025-06-10;-2.0;-722.96
A79BADAE35AE4E1142D58A650500BC08;FC081C55582CED11A62CD892C0003F2A;2025-06-10;-2.0;-99.8
9B042FCCDCD4DE11ADB31065050021C8;FC081C55582CED11A62CD892C0003F2A;2025-06-10;-2.0;-270.84
973A29A13392BE11BE2110650500A85A;FC081C55582CED11A62CD892C0003F2A;2025-06-10;-4.0;-128.66
550D640201CAED11A62CD892C0003F2A;FC081C55582CED11A62CD892C0003F2A;2025-06-10;-2.0;-161.06
FD9F408FAA2EBE118772106505005F59;FC081C55582CED11A62CD892C0003F2A;2025-06-10;-2.0;-136.84
9B7049F5D3CAED11A62CD892C0003F2A;FC081C55582CED11A62CD892C0003F2A;2025-06-10;-2.0;-443.44
6EAC472A9795DE11ADB31065050012C8;FC081C55582CED11A62CD892C0003F2A;2025-06-10;-4.0;-290.78
5C2EBD896AB38E113835BB6505004CAA;FC081C55582CED11A62CD892C0003F2A;2025-06-10;-2.0;-466.48
A297BF6A01CAED11A62CD892C0003F2A;FC081C55582CED11A62CD892C0003F2A;2025-06-10;-2.0;-253.36
F4A951A07E85DE11ADB31065050002C8;FC081C55582CED11A62CD892C0003F2A;2025-06-10;-2.0;-328.3
C72E731DD023CE11877210650500A569;FC081C55582CED11A62CD892C0003F2A;2025-06-10;-6.0;-200.46
E9652E2659E9FD11A4A96492C0006F3B;FC081C55582CED11A62CD892C0003F2A;2025-06-10;-2.0;-209.02
464C129EF77EFE11F1557891FE695589;FC081C55582CED11A62CD892C0003F2A;2025-06-10;-2.0;-82.22
E7BC77918754EE11B1AD10650500C7EA;FC081C55582CED11A62CD892C0003F2A;2025-06-10;-2.0;-436.64
BC3CDCD35F28CE11ADB310650500FFA8;FC081C55582CED11A62CD892C0003F2A;2025-06-10;-2.0;-273.38
559F84B1D507DE11C846106505002F6A;FC081C55582CED11A62CD892C0003F2A;2025-06-10;-2.0;-31.8
0CC5F8677F54DE11ADB31065050080C8;FC081C55582CED11A62CD892C0003F2A;2025-06-10;-2.0;-134.34
7DD731B28CA4DE11ADB310650500E0C8;B0BDDED34CC83E11052F6792C000B249;2025-06-10;-2.0;-150.94
4DF5AA0F66449E11554010650500ED3B;B0BDDED34CC83E11052F6792C000B249;2025-06-10;-2.0;-33.52
3C3B8C58FC05FD110DC22A92C0009D7B;B0BDDED34CC83E11052F6792C000B249;2025-06-10;-2.0;-552.22
FA4BCFB931CAED11A62CD892C0003F2A;B0BDDED34CC83E11052F6792C000B249;2025-06-10;-4.0;-4818.32
5527B94BCED4DE11ADB31065050021C8;B0BDDED34CC83E11052F6792C000B249;2025-06-10;-4.0;-734.4
7BCFAAAA4A18DE11C84610650500807A;B0BDDED34CC83E11052F6792C000B249;2025-06-10;-2.0;-706.04
A0BE60F1BC5A3E11052F6792C000D249;B0BDDED34CC83E11052F6792C000B249;2025-06-10;-2.0;-522.12
AB304F11FB8DDE11406610650500A64A;B0BDDED34CC83E11052F6792C000B249;2025-06-10;-4.0;-748.6
049DE472E0CAED11A62CD892C0003F2A;B0BDDED34CC83E11052F6792C000B249;2025-06-10;-4.0;-1472.0
0912737CCE80FE1191EE106505009AB9;B0BDDED34CC83E11052F6792C000B249;2025-06-10;-4.0;-767.32
1DC67A9CC0CAED11A62CD892C0003F2A;B0BDDED34CC83E11052F6792C000B249;2025-06-10;-4.0;-292.8
69A60A677946DE11ADB310650500F2C8;B0BDDED34CC83E11052F6792C000B249;2025-06-10;-6.0;-404.62
AF1DCEDCED8F2E11052F6792C000CF39;B0BDDED34CC83E11052F6792C000B249;2025-06-10;-2.0;-504.9
3A5A892EC023CE11877210650500A569;B0BDDED34CC83E11052F6792C000B249;2025-06-10;-8.0;-240.56
8013D1728A278E11F243BB6505008C3B;B0BDDED34CC83E11052F6792C000B249;2025-06-10;-2.0;-122.82
345DC7F6891A6E11B7B78A650500BC08;B0BDDED34CC83E11052F6792C000B249;2025-06-10;-6.0;-1264.92
79C7D916B0CAED11A62CD892C0003F2A;B0BDDED34CC83E11052F6792C000B249;2025-06-10;-2.0;-225.72
97461FAF7CF39E115540106505008D3B;B0BDDED34CC83E11052F6792C000B249;2025-06-10;-2.0;-363.02
75CE6698295EDE11406610650500C74A;B0BDDED34CC83E11052F6792C000B249;2025-06-10;-2.0;-104.5
620B73B38ABAFE11128010650500E819;B0BDDED34CC83E11052F6792C000B249;2025-06-10;-14.0;-414.96
177D9224AA8FBE118772106505001169;B0BDDED34CC83E11052F6792C000B249;2025-06-10;-2.0;-42.0
751D00437F34FE1191EE106505006FB9;B0BDDED34CC83E11052F6792C000B249;2025-06-10;-2.0;-989.42
FAB6FA5DD1789E11525010650500D84A;B0BDDED34CC83E11052F6792C000B249;2025-06-10;-2.0;-62.24
C7CF01810BF8CE11ADB31065050001B8;B0BDDED34CC83E11052F6792C000B249;2025-06-10;-2.0;-202.4
E3556097B373FE1191EE106505006EB9;B0BDDED34CC83E11052F6792C000B249;2025-06-10;-2.0;-227.74
54A95A82885EDE11406610650500C74A;B0BDDED34CC83E11052F6792C000B249;2025-06-10;-4.0;-462.62
D5FE46A0055F4E1142D58A650500BC08;B0BDDED34CC83E11052F6792C000B249;2025-06-10;-2.0;-347.76
993B2D59F7C7BE118772106505003759;B0BDDED34CC83E11052F6792C000B249;2025-06-10;-2.0;-183.14
39EADAF43DBCAE11BE2110650500315A;B0BDDED34CC83E11052F6792C000B249;2025-06-10;-2.0;-221.6
4397BF6A01CAED11A62CD892C0003F2A;B0BDDED34CC83E11052F6792C000B249;2025-06-10;-4.0;-525.2
C7BE5D652772EE114066106505001D4A;B0BDDED34CC83E11052F6792C000B249;2025-06-10;-2.0;-652.64
FD3D4F1797788E11F243BB6505002E3B;B0BDDED34CC83E11052F6792C000B249;2025-06-10;-2.0;-163.36
98E00D88A0CAED11A62CD892C0003F2A;B0BDDED34CC83E11052F6792C000B249;2025-06-10;-4.0;-127.76
F4F9EAA0A2ABCE11ADB31065050084B8;B0BDDED34CC83E11052F6792C000B249;2025-06-10;-2.0;-562.1
4701451DDD30DE11ADB310650500EAB8;B0BDDED34CC83E11052F6792C000B249;2025-06-10;-2.0;-431.56
7D8EE35A89C08E110819BB65050039AA;B0BDDED34CC83E11052F6792C000B249;2025-06-10;-2.0;-679.78
BAFAB69DE1A83E11052F6792C000B249;B0BDDED34CC83E11052F6792C000B249;2025-06-10;-2.0;-493.46
59384B52B7474E1142D58A6505002C08;B0BDDED34CC83E11052F6792C000B249;2025-06-10;-2.0;-48.6
651E7207F7DD8E11F243BB650500954B;B0BDDED34CC83E11052F6792C000B249;2025-06-10;-2.0;-28.0
7A1111598A692E11052F6792C0007F39;B0BDDED34CC83E11052F6792C000B249;2025-06-10;-2.0;-35.52
8919B39B05586E11B7B78A650500BC08;B0BDDED34CC83E11052F6792C000B249;2025-06-10;-4.0;-102.0
8C02367FDEE2BE11BE2110650500195A;B0BDDED34CC83E11052F6792C000B249;2025-06-10;-2.0;-36.68
2CC1F06BD20ADE11406610650500F14A;B0BDDED34CC83E11052F6792C000B249;2025-06-10;-6.0;-620.22
7395F55B3BD6AE11BE2110650500B94A;B0BDDED34CC83E11052F6792C000B249;2025-06-10;-4.0;-680.0
9E54CA91478B3E11052F6792C000D249;B0BDDED34CC83E11052F6792C000B249;2025-06-10;-2.0;-114.02
CFA1EF9132DFEE1191EE10650500A9B9;B0BDDED34CC83E11052F6792C000B249;2025-06-10;-2.0;-431.3
419C7098DF29DE11C84610650500E17A;B0BDDED34CC83E11052F6792C000B249;2025-06-10;-2.0;-552.48
450FC208B869FE11128010650500E819;B0BDDED34CC83E11052F6792C000B249;2025-06-10;-2.0;-417.46
E3F3436BE358FE11128010650500D819;B0BDDED34CC83E11052F6792C000B249;2025-06-10;-4.0;-55.58
437416CB6052EE11406610650500EC4A;B0BDDED34CC83E11052F6792C000B249;2025-06-10;-2.0;-350.02
0A384A7B0321DE11ADB3106505003CB8;B0BDDED34CC83E11052F6792C000B249;2025-06-10;-16.0;-1472.0
45288E5316EA3E11052F6792C000D249;B0BDDED34CC83E11052F6792C000B249;2025-06-10;-2.0;-31.54
CF87FFC8B565DE11ADB310650500D1C8;B0BDDED34CC83E11052F6792C000B249;2025-06-10;-2.0;-305.34
D882A200FFAFFE11F1557891FE69E689;B0BDDED34CC83E11052F6792C000B249;2025-06-10;-2.0;-160.5
EA578A90C1CAED11A62CD892C0003F2A;B0BDDED34CC83E11052F6792C000B249;2025-06-10;-2.0;-98.26
61775064D6B9FD11A4A96492C0006F3B;B0BDDED34CC83E11052F6792C000B249;2025-06-10;-2.0;-1375.16
54EBB0687B5EEE1191EE1065050029B9;B0BDDED34CC83E11052F6792C000B249;2025-06-10;-2.0;-133.2
2982D1DB796BEE1191EE1065050029B9;B0BDDED34CC83E11052F6792C000B249;2025-06-10;-2.0;-683.82
C4286DD7F5497E110819BB65050009AA;B0BDDED34CC83E11052F6792C000B249;2025-06-10;-2.0;-192.88
792A88EF81CAED11A62CD892C0003F2A;B0BDDED34CC83E11052F6792C000B249;2025-06-10;-2.0;-62.0
E9684DC528B13E11052F6792C000CF39;B0BDDED34CC83E11052F6792C000B249;2025-06-10;-6.0;-2302.2599999999998
09E8FDA9268EFE11F1557891FE696589;B0BDDED34CC83E11052F6792C000B249;2025-06-10;-4.0;-352.0
193C46BC1A5FFE11F1557891FE697689;B0BDDED34CC83E11052F6792C000B249;2025-06-10;-4.0;-147.68
A789BA148ABAFE11128010650500E819;B0BDDED34CC83E11052F6792C000B249;2025-06-10;-2.0;-56.3
F15D1F78E1CAED11A62CD892C0003F2A;B0BDDED34CC83E11052F6792C000B249;2025-06-10;-8.0;-70.8
7697BF6A01CAED11A62CD892C0003F2A;B0BDDED34CC83E11052F6792C000B249;2025-06-10;-4.0;-1044.44
55A4C6789109AE11BE21106505007C4A;B0BDDED34CC83E11052F6792C000B249;2025-06-10;-6.0;-250.20000000000002
BB3E61227E48DE11C84610650500C07A;B0BDDED34CC83E11052F6792C000B249;2025-06-10;-2.0;-1354.0
D329023EF123CE11877210650500A569;B0BDDED34CC83E11052F6792C000B249;2025-06-10;-8.0;-267.28
2BC3BD2764B13E11052F6792C000CF39;B0BDDED34CC83E11052F6792C000B249;2025-06-10;-6.0;-3168.0
166C973F6A48FD11A4A96492C000AA89;B0BDDED34CC83E11052F6792C000B249;2025-06-10;-2.0;-281.06
F7BAE937B99CBE118772106505005D59;B0BDDED34CC83E11052F6792C000B249;2025-06-10;-2.0;-374.4
BB3C1606DF986E11B7B78A650500BC08;B0BDDED34CC83E11052F6792C000B249;2025-06-10;-16.0;-332.16
1B65084853D9EE1191EE1065050009B9;B0BDDED34CC83E11052F6792C000B249;2025-06-10;-2.0;-152.7
2C93ABC2C7788E11F243BB6505002E3B;B0BDDED34CC83E11052F6792C000B249;2025-06-10;-4.0;-215.76
BBD752164C63CE118772106505000669;B0BDDED34CC83E11052F6792C000B249;2025-06-10;-2.0;-31.94
B36C7E9693615E1142D58A650500BC08;B0BDDED34CC83E11052F6792C000B249;2025-06-10;-4.0;-47.12
0AE4B5203D456E11B7B78A650500BC08;B0BDDED34CC83E11052F6792C000B249;2025-06-10;-6.0;-235.32
7904541A2E456E11B7B78A650500BC08;B0BDDED34CC83E11052F6792C000B249;2025-06-10;-4.0;-780.0
E2E078668B50EE114066106505005A4A;B0BDDED34CC83E11052F6792C000B249;2025-06-10;-2.0;-47.48
175AF9E305B4DE11ADB310650500F0C8;B0BDDED34CC83E11052F6792C000B249;2025-06-10;-2.0;-116.16
AC0C1F6B5C817E11B7B78A650500CD08;B0BDDED34CC83E11052F6792C000B249;2025-06-10;-2.0;-402.88
91D65036DE75FD110DC22A92C000D158;B0BDDED34CC83E11052F6792C000B249;2025-06-10;-2.0;-39.18
BC9C530E8FCA9E11525010650500EB4A;B0BDDED34CC83E11052F6792C000B249;2025-06-10;-6.0;-189.76
402D380A0D3C5E1142D58A6505000D08;B0BDDED34CC83E11052F6792C000B249;2025-06-10;-2.0;-259.3
DE15F8F901CAED11A62CD892C0003F2A;B0BDDED34CC83E11052F6792C000B249;2025-06-10;-2.0;-465.12
EC9EB9966C2CDE11406610650500E44A;B0BDDED34CC83E11052F6792C000B249;2025-06-10;-4.0;-506.4
48A4A8557348EE1191EE1065050038B9;B0BDDED34CC83E11052F6792C000B249;2025-06-10;-4.0;-3083.92
CE492F594D32FE1191EE10650500BCB9;B0BDDED34CC83E11052F6792C000B249;2025-06-10;-4.0;-1789.66
C786FA88A8E9BE11877210650500E959;B0BDDED34CC83E11052F6792C000B249;2025-06-10;72.0;8316.0
B812270E1814EE11B1AD1065050077EA;B0BDDED34CC83E11052F6792C000B249;2025-06-10;10.0;1174.5
C0D5AC833BF8CE11ADB31065050001B8;B0BDDED34CC83E11052F6792C000B249;2025-06-10;80.0;8240.0
8B8E4B31972F6E11B7B78A650500CD08;44673735EAF46E11B7B78A650500BC08;2025-06-10;0.0;0.0
6826B17C2C40EE114066106505004A4A;44673735EAF46E11B7B78A650500BC08;2025-06-10;-6.0;-972.0
2D69C4D1486BFE111280106505000919;B0BDDED34CC83E11052F6792C000B249;2025-06-10;0.0;0.0
F0C79FB7F634DE11ADB31065050050C8;FC081C55582CED11A62CD892C0003F2A;2025-06-10;12.0;4537.2
B019AA3111CAED11A62CD892C0003F2A;FC081C55582CED11A62CD892C0003F2A;2025-06-10;6.0;3662.48
59B862AE7FCA9E11525010650500EB4A;FC081C55582CED11A62CD892C0003F2A;2025-06-10;20.0;6067.42
20074E729F4DDE11406610650500564A;FC081C55582CED11A62CD892C0003F2A;2025-06-10;12.0;1347.36
E88EB7DDA222AE11726010650500805A;FC081C55582CED11A62CD892C0003F2A;2025-06-10;20.0;2276.88
42C8C522166E9E11726010650500CB4A;44673735EAF46E11B7B78A650500BC08;2025-06-10;0.0;0.0
25AA0BD3CC22AE11726010650500905A;44673735EAF46E11B7B78A650500BC08;2025-06-10;0.0;0.0
79F393D4BBB9AE11BE21106505006D4A;44673735EAF46E11B7B78A650500BC08;2025-06-10;0.0;0.0
F53AB36E21C7DE11C84610650500107A;44673735EAF46E11B7B78A650500BC08;2025-06-10;0.0;0.0
E0A248E2166E9E11726010650500CB4A;44673735EAF46E11B7B78A650500BC08;2025-06-10;0.0;0.0
E786CBBFAAE93E11052F6792C000D249;FC081C55582CED11A62CD892C0003F2A;2025-06-10;12.0;5016.12
B1B21CD7FA44BE11BE2110650500DA5A;FC081C55582CED11A62CD892C0003F2A;2025-06-10;12.0;4507.68
149D7A087A947E11B7B78A650500ED08;B0BDDED34CC83E11052F6792C000B249;2025-06-10;6.0;514.02
ACC27A7E2D6C0E11A4A96492C0001269;B0BDDED34CC83E11052F6792C000B249;2025-06-10;4.0;844.36
5ED477F094520F114EF7A826072B7A89;FC081C55582CED11A62CD892C0003F2A;2025-06-10;2.0;1528.8
3A1577F094520F114EF7A826072B7A89;FC081C55582CED11A62CD892C0003F2A;2025-06-10;2.0;1528.8
CECBC46F2C456E11B7B78A650500BC08;44673735EAF46E11B7B78A650500BC08;2025-06-10;20.0;8045.5199999999995
70B8E84E7C2EFE11F1557891FE69F489;44673735EAF46E11B7B78A650500BC08;2025-06-10;144.0;1274.76
4FC8FECA2705EE11B1AD10650500A8EA;FC081C55582CED11A62CD892C0003F2A;2025-06-10;6.0;917.58
3E85051EC589CE11ADB310650500B1B8;FC081C55582CED11A62CD892C0003F2A;2025-06-10;0.0;0.0
A056A9D094520F114EF7A826072B7A89;B0BDDED34CC83E11052F6792C000B249;2025-06-10;2.0;1380.18
DEE377F094520F114EF7A826072B7A89;B0BDDED34CC83E11052F6792C000B249;2025-06-10;2.0;1528.8
5C8C3B7101CAED11A62CD892C0003F2A;FC081C55582CED11A62CD892C0003F2A;2025-06-10;-6.0;-511.8599999999999
7BFF0450D0CAED11A62CD892C0003F2A;FC081C55582CED11A62CD892C0003F2A;2025-06-10;-2.0;-317.78
B345EBCF1D027E11B7B78A650500CD08;B0BDDED34CC83E11052F6792C000B249;2025-06-10;-2.0;-252.82
470E24039FCBBE118772106505005C59;B0BDDED34CC83E11052F6792C000B249;2025-06-10;-2.0;-41.4
0106CC3200E7EE1191EE10650500A7B9;FC081C55582CED11A62CD892C0003F2A;2025-06-10;80.0;315.12
4012697300E7EE1191EE10650500A7B9;FC081C55582CED11A62CD892C0003F2A;2025-06-10;38.0;617.76
D1BFBF08107A7E110819BB65050039AA;44673735EAF46E11B7B78A650500BC08;2025-06-10;22.0;4263.599999999999
C7F241B30684DE11ADB310650500B0C8;44673735EAF46E11B7B78A650500BC08;2025-06-10;20.0;4830.0
01E14C3D64A1BE11BE2110650500775A;B0BDDED34CC83E11052F6792C000B249;2025-06-10;0.0;0.0
8319D2EF21FA8E11F243BB650500514B;44673735EAF46E11B7B78A650500BC08;2025-06-10;36.0;1074.0600000000002
F9771F94DAB27E11B7B78A650500DD08;44673735EAF46E11B7B78A650500BC08;2025-06-10;4.0;1702.08
C393B2FACED4DE11ADB31065050021C8;B0BDDED34CC83E11052F6792C000B249;2025-06-10;0.0;0.0
6B101D755907FE1191EE1065050013C9;B0BDDED34CC83E11052F6792C000B249;2025-06-10;0.0;0.0
73228585A1256E11B7B78A650500BC08;B0BDDED34CC83E11052F6792C000B249;2025-06-10;-2.0;-59.48
A8627C8DD8D9BE11877210650500D959;B0BDDED34CC83E11052F6792C000B249;2025-06-10;-2.0;-81.72
D3B16672E31DEE1191EE1065050029B9;44673735EAF46E11B7B78A650500BC08;2025-06-10;-2.0;-3212.0
4030FA0D3B80DE11ADB3106505005BB8;FC081C55582CED11A62CD892C0003F2A;2025-06-10;-2.0;-848.3
F586EF13BA456E11B7B78A650500BC08;44673735EAF46E11B7B78A650500BC08;2025-06-10;84.0;5867.34
9C353FFC5D0A6E11B7B78A650500BC08;44673735EAF46E11B7B78A650500BC08;2025-06-10;96.0;12197.42
A889990578C1FE1191EE106505002CB9;44673735EAF46E11B7B78A650500BC08;2025-06-10;0.0;0.0
E33A990578C1FE1191EE106505002CB9;44673735EAF46E11B7B78A650500BC08;2025-06-10;0.0;0.0
1569B09FEF95BE11BE21106505008C5A;B0BDDED34CC83E11052F6792C000B249;2025-06-10;10.0;1380.0
D4A07996CB70DE11ADB3106505004BB8;44673735EAF46E11B7B78A650500BC08;2025-06-10;10.0;7870.7400000000025
808C4F96A1130F114EF7A826072B6B89;FC081C55582CED11A62CD892C0003F2A;2025-06-10;0.0;0.0
745B9856A1130F114EF7A826072B6B89;FC081C55582CED11A62CD892C0003F2A;2025-06-10;0.0;0.0
039562F2CF10FE1191EE106505000AB9;FC081C55582CED11A62CD892C0003F2A;2025-06-10;0.0;0.0
1FBCB358F8420F114EF7A826072B6A89;FC081C55582CED11A62CD892C0003F2A;2025-06-10;0.0;0.0
CCCD4C4B701EEE1191EE1065050029B9;FC081C55582CED11A62CD892C0003F2A;2025-06-10;0.0;0.0
E02E6449B8CE8E11F243BB650500C64B;FC081C55582CED11A62CD892C0003F2A;2025-06-10;0.0;0.0
747F683E40A20F114EF7A826072BDA89;FC081C55582CED11A62CD892C0003F2A;2025-06-10;0.0;0.0
19A8248FCD456E11B7B78A650500BC08;44673735EAF46E11B7B78A650500BC08;2025-06-10;6.0;5612.9
D4B5AA284E5D9E117260106505006A4A;44673735EAF46E11B7B78A650500BC08;2025-06-10;12.0;3294.72
68B38A88DD456E11B7B78A650500BC08;44673735EAF46E11B7B78A650500BC08;2025-06-10;4.0;6415.48
B187187074DECE11ADB310650500D8B8;FC081C55582CED11A62CD892C0003F2A;2025-06-10;0.0;0.0
9F1D2592EA0CEE1191EE1065050029B9;FC081C55582CED11A62CD892C0003F2A;2025-06-10;0.0;0.0
A61096F35D456E11B7B78A650500BC08;44673735EAF46E11B7B78A650500BC08;2025-06-10;16.0;10230.24
FD44662C575FFE11F1557891FE697689;FC081C55582CED11A62CD892C0003F2A;2025-06-10;2.0;1100.0
8F76BE47BFCCDE11406610650500B54A;44673735EAF46E11B7B78A650500BC08;2025-06-10;0.0;1.1368683772161603e-13
FD600477AE854E1142D58A6505002C08;44673735EAF46E11B7B78A650500BC08;2025-06-10;-2.0;-92.5
59D25827CE854E1142D58A6505002C08;44673735EAF46E11B7B78A650500BC08;2025-06-10;0.0;0.0
E14EBAFE1B4CFE111280106505000919;44673735EAF46E11B7B78A650500BC08;2025-06-10;0.0;0.0
CDB331404E456E11B7B78A650500BC08;44673735EAF46E11B7B78A650500BC08;2025-06-10;-14.0;-8666.0
70ACAEB805B4DE11ADB310650500F0C8;FC081C55582CED11A62CD892C0003F2A;2025-06-10;24.0;1393.92
726F2C0C3BE00F11112A674AC7E29889;44673735EAF46E11B7B78A650500BC08;2025-06-10;-2.0;-650.98
BECE8C4AB6AEEE1191EE1065050029B9;B0BDDED34CC83E11052F6792C000B249;2025-06-10;0.0;0.0
C8494A182769BE118772106505004959;B0BDDED34CC83E11052F6792C000B249;2025-06-10;0.0;0.0
19572A5C9388AE11BE2110650500DB4A;B0BDDED34CC83E11052F6792C000B249;2025-06-10;0.0;0.0
CB14D15CB0FFFE11F1557891FE693789;B0BDDED34CC83E11052F6792C000B249;2025-06-10;0.0;0.0
E11290FFB79FFE11F1557891FE69C689;B0BDDED34CC83E11052F6792C000B249;2025-06-10;0.0;0.0
6AD9EBDF3D85EE1191EE10650500F4B9;B0BDDED34CC83E11052F6792C000B249;2025-06-10;0.0;0.0
36A3BA15509DDE11406610650500A64A;B0BDDED34CC83E11052F6792C000B249;2025-06-10;0.0;0.0
75F75042DD456E11B7B78A650500BC08;B0BDDED34CC83E11052F6792C000B249;2025-06-10;0.0;0.0
EEF6B9DA12238E117E64BB6505005BAA;B0BDDED34CC83E11052F6792C000B249;2025-06-10;-2.0;-84.0
8F53A0011E5FCE11ADB310650500A9B8;B0BDDED34CC83E11052F6792C000B249;2025-06-10;0.0;0.0
A3FD2FF5BA510F11112A674AC7E22989;B0BDDED34CC83E11052F6792C000B249;2025-06-10;0.0;0.0
AC0ECEF0EC065E1142D58A650500DC08;B0BDDED34CC83E11052F6792C000B249;2025-06-10;-84.0;-446.88000000000005
18F2D6FB458FDE11406610650500494A;B0BDDED34CC83E11052F6792C000B249;2025-06-10;0.0;0.0
ACABDB0D222DFE11F1557891FE69A389;B0BDDED34CC83E11052F6792C000B249;2025-06-10;10.0;759.14
1F6A662D222DFE11F1557891FE69A389;B0BDDED34CC83E11052F6792C000B249;2025-06-10;30.0;1737.4
FF9E86B00FC18E113835BB650500B9AA;B0BDDED34CC83E11052F6792C000B249;2025-06-10;92.0;2041.4400000000003
06D87580008F3E11F7F68A650500DB08;FC081C55582CED11A62CD892C0003F2A;2025-06-10;14.0;5273.6
931B69AFBBE1EE114066106505006C4A;FC081C55582CED11A62CD892C0003F2A;2025-06-10;24.0;390.88
687925459CF1EE114066106505007C4A;FC081C55582CED11A62CD892C0003F2A;2025-06-10;8.0;811.2
095AF6DD7942FE1191EE10650500CCB9;FC081C55582CED11A62CD892C0003F2A;2025-06-10;4.0;717.92
6BACA03FED53BE11BE2110650500A95A;FC081C55582CED11A62CD892C0003F2A;2025-06-10;30.0;1226.36
47A2D4320317DE11C846106505003F6A;FC081C55582CED11A62CD892C0003F2A;2025-06-10;6.0;1147.02
BF1A86318931DE11ADB3106505006CB8;44673735EAF46E11B7B78A650500BC08;2025-06-10;-10.0;-16150.24
A3899BB57654EE11B1AD10650500C7EA;FC081C55582CED11A62CD892C0003F2A;2025-06-10;0.0;0.0
8F54A13B64D9DE11406610650500B14A;44673735EAF46E11B7B78A650500BC08;2025-06-10;10.0;1095.04
C877C51D222DFE11F1557891FE69A389;FC081C55582CED11A62CD892C0003F2A;2025-06-10;20.0;1062.12
1F6A662D222DFE11F1557891FE69A389;FC081C55582CED11A62CD892C0003F2A;2025-06-10;10.0;579.14
40128496D087FE1191EE10650500A3C9;B0BDDED34CC83E11052F6792C000B249;2025-06-10;0.0;0.0
DD77B689D6C99E115250106505009A4A;44673735EAF46E11B7B78A650500BC08;2025-06-10;4.0;2394.0
A520B4FF13DB8E11F243BB650500724B;44673735EAF46E11B7B78A650500BC08;2025-06-10;-2.0;-72.92
0979BE46AF6DFE11F1557891FE690489;FC081C55582CED11A62CD892C0003F2A;2025-06-10;10.0;1197.0
3D060F5EEB6DFE11F1557891FE690489;FC081C55582CED11A62CD892C0003F2A;2025-06-10;4.0;719.6
632F22F28ABAFE11128010650500E819;FC081C55582CED11A62CD892C0003F2A;2025-06-10;2.0;787.32
C3DC53538ABAFE11128010650500E819;FC081C55582CED11A62CD892C0003F2A;2025-06-10;96.0;2845.44
BE044D3564B8FE11128010650500D819;FC081C55582CED11A62CD892C0003F2A;2025-06-10;-4.0;-600.0
E0D361DA67E48E113835BB6505009DAA;FC081C55582CED11A62CD892C0003F2A;2025-06-10;24.0;7464.0
10AD776184EBDE11406610650500744A;FC081C55582CED11A62CD892C0003F2A;2025-06-10;-20.0;-1944.8
756BD58E45010F11112A674AC7E2B889;B0BDDED34CC83E11052F6792C000B249;2025-06-10;0.0;0.0
4500292FD87C8E11F243BB650500A34B;B0BDDED34CC83E11052F6792C000B249;2025-06-10;0.0;0.0
354A21ED85309E11F243BB650500984B;44673735EAF46E11B7B78A650500BC08;2025-06-10;6.0;4680.0
7A3A74F56AD7CE11ADB3106505008FA8;44673735EAF46E11B7B78A650500BC08;2025-06-10;6.0;15516.099999999999
73216AA7A812CE118772106505005469;44673735EAF46E11B7B78A650500BC08;2025-06-10;4.0;3492.0
1BDF92728C456E11B7B78A650500BC08;44673735EAF46E11B7B78A650500BC08;2025-06-10;40.0;4906.32
3C1DF7115305DE11ADB31065050051C8;FC081C55582CED11A62CD892C0003F2A;2025-06-10;6.0;610.4
4B4E06C31700EE11406610650500E94A;44673735EAF46E11B7B78A650500BC08;2025-06-10;-8.0;-12241.02
4DC42F37FD6CDE11406610650500354A;FC081C55582CED11A62CD892C0003F2A;2025-06-10;4.0;4480.04
E177D12BE042DE11ADB310650500BDB8;44673735EAF46E11B7B78A650500BC08;2025-06-10;-8.0;-1488.0
8D988563B0566E11B7B78A650500BC08;44673735EAF46E11B7B78A650500BC08;2025-06-10;-4.0;-899.12
26B5931B19AF7E110819BB65050039AA;44673735EAF46E11B7B78A650500BC08;2025-06-10;-8.0;-1185.64
DB034B431FE2BE11BE2110650500195A;44673735EAF46E11B7B78A650500BC08;2025-06-10;-2.0;-22.38
84E3BB9B30556E11B7B78A650500BC08;44673735EAF46E11B7B78A650500BC08;2025-06-10;-6.0;-1502.32
C1F9CAB8E770BE11BE2110650500F55A;44673735EAF46E11B7B78A650500BC08;2025-06-10;-22.0;-237.42
CE578A90C1CAED11A62CD892C0003F2A;44673735EAF46E11B7B78A650500BC08;2025-06-10;-4.0;-210.22
D2AA7E39CE456E11B7B78A650500BC08;44673735EAF46E11B7B78A650500BC08;2025-06-10;-4.0;-336.0
8064110910556E11B7B78A650500BC08;44673735EAF46E11B7B78A650500BC08;2025-06-10;-6.0;-1130.84
61C22ADD9505FE1191EE1065050070C9;44673735EAF46E11B7B78A650500BC08;2025-06-10;-6.0;-1033.74
D3634CEAF4339E115540106505008C3B;44673735EAF46E11B7B78A650500BC08;2025-06-10;-6.0;-396.78
87328AB28754EE11B1AD10650500C7EA;44673735EAF46E11B7B78A650500BC08;2025-06-10;-24.0;-283.20000000000005
D5902C50ED456E11B7B78A650500BC08;44673735EAF46E11B7B78A650500BC08;2025-06-10;-2.0;-2284.2
523A159F06A7BE118772106505000759;44673735EAF46E11B7B78A650500BC08;2025-06-10;-6.0;-426.0
DD48D97E2E130F114EF7A826072B7B89;44673735EAF46E11B7B78A650500BC08;2025-06-10;-2.0;-338.28
2BC1D86E597BAE11BE21106505009F4A;44673735EAF46E11B7B78A650500BC08;2025-06-10;-4.0;-197.6
786CF331BDE7EE1191EE10650500B7B9;44673735EAF46E11B7B78A650500BC08;2025-06-10;-2.0;-52.72
CFA666230657FE1191EE1065050073C9;44673735EAF46E11B7B78A650500BC08;2025-06-10;-2.0;-250.24
0FD44E1613179E11554010650500914B;44673735EAF46E11B7B78A650500BC08;2025-06-10;-6.0;-431.04
DFBAF8801BA8FE11128010650500D819;44673735EAF46E11B7B78A650500BC08;2025-06-10;-4.0;-783.12
D671181A03078E11F243BB6505005C3B;44673735EAF46E11B7B78A650500BC08;2025-06-10;-4.0;-79.86
129AA1DB5EB1FE1191EE106505001CB9;44673735EAF46E11B7B78A650500BC08;2025-06-10;-2.0;-1219.98
F5548DB2E0DCDE11406610650500B54A;44673735EAF46E11B7B78A650500BC08;2025-06-10;-38.8;-3251.44
71E4ED82FAD7CE11ADB3106505008FA8;44673735EAF46E11B7B78A650500BC08;2025-06-10;-8.0;-635.36
BD04127797B0FE1191EE10650500CAB9;44673735EAF46E11B7B78A650500BC08;2025-06-10;-2.0;-97.86
2F736DA23A158E113835BB650500DDAA;44673735EAF46E11B7B78A650500BC08;2025-06-10;-2.0;-254.04
F3BA1261322B7E110819BB65050039AA;44673735EAF46E11B7B78A650500BC08;2025-06-10;-2.0;-897.16
542EF1FEA42AFE11128010650500E819;44673735EAF46E11B7B78A650500BC08;2025-06-10;-2.0;-185.4
90645A907C008E110819BB65050039AA;44673735EAF46E11B7B78A650500BC08;2025-06-10;-2.0;-431.64
2A002C1DFCFA8E11F243BB650500614B;44673735EAF46E11B7B78A650500BC08;2025-06-10;-6.0;-1709.16
A5A444FE4FA6DE11C84610650500BE6A;44673735EAF46E11B7B78A650500BC08;2025-06-10;-10.0;-4800.0
1A9D5005AEEDBE118772106505000F59;44673735EAF46E11B7B78A650500BC08;2025-06-10;-4.0;-195.38
D10D9F3F7628CE11ADB310650500EFA8;44673735EAF46E11B7B78A650500BC08;2025-06-10;-6.0;-279.0
F9B60FEC21AD7E110819BB65050039AA;44673735EAF46E11B7B78A650500BC08;2025-06-10;-2.0;-288.34
072FBFF5F0DCDE11406610650500B54A;44673735EAF46E11B7B78A650500BC08;2025-06-10;-8.0;-501.72
B32BCBD28E3CEE1191EE1065050029B9;44673735EAF46E11B7B78A650500BC08;2025-06-10;-6.0;-372.96
C8311A5E272FFE11F1557891FE693689;44673735EAF46E11B7B78A650500BC08;2025-06-10;-2.0;-522.2
1369F59E2C456E11B7B78A650500BC08;44673735EAF46E11B7B78A650500BC08;2025-06-10;-8.0;-1701.62
D7CF39191BE66E11B7B78A650500BC08;44673735EAF46E11B7B78A650500BC08;2025-06-10;-2.0;-152.3
D400292FD87C8E11F243BB650500A34B;44673735EAF46E11B7B78A650500BC08;2025-06-10;-4.0;-352.8
C9966CDCB8A47E11B7B78A650500ED08;44673735EAF46E11B7B78A650500BC08;2025-06-10;-4.0;-220.0
46B63D2329363E11052F6792C000FF39;44673735EAF46E11B7B78A650500BC08;2025-06-10;-2.0;-70.76
A0B6F13AAB01AE117260106505002F4A;44673735EAF46E11B7B78A650500BC08;2025-06-10;-4.0;-4084.0
2F28106B94688E11F243BB6505001E3B;44673735EAF46E11B7B78A650500BC08;2025-06-10;-2.0;-1680.44
ACCC55E22F2CDE11406610650500E44A;44673735EAF46E11B7B78A650500BC08;2025-06-10;-4.0;-359.56
5599B561ECFBEE1191EE1065050029B9;44673735EAF46E11B7B78A650500BC08;2025-06-10;-2.0;-83.86
083ED3FCBEB0DE11ADB3106505009BB8;44673735EAF46E11B7B78A650500BC08;2025-06-10;-2.0;-115.0
C07BE0DB5D85DE11ADB31065050002C8;44673735EAF46E11B7B78A650500BC08;2025-06-10;-6.0;-149.7
51CB4FFDD6568E11F243BB6505007B3B;44673735EAF46E11B7B78A650500BC08;2025-06-10;-2.0;-109.42
4BC6129DABE1EE114066106505006C4A;44673735EAF46E11B7B78A650500BC08;2025-06-10;-4.0;-114.8
8EA94706F2DFAE11BE2110650500255A;44673735EAF46E11B7B78A650500BC08;2025-06-10;-2.0;-632.28
953697D19BFF6E11B7B78A650500CD08;44673735EAF46E11B7B78A650500BC08;2025-06-10;-16.0;-418.0
0818A5E46C6E7E110819BB65050039AA;44673735EAF46E11B7B78A650500BC08;2025-06-10;-2.0;-104.66
3F3E60D66FD8CE11ADB310650500E0B8;44673735EAF46E11B7B78A650500BC08;2025-06-10;-2.0;-715.34
F78B93BA0BD66E11B7B78A650500BC08;44673735EAF46E11B7B78A650500BC08;2025-06-10;-2.0;-132.5
16D716D859B1EE114066106505001C4A;44673735EAF46E11B7B78A650500BC08;2025-06-10;-2.0;-36.54
D9956F1BCED4DE11ADB31065050021C8;44673735EAF46E11B7B78A650500BC08;2025-06-10;-2.0;-367.2
52BC0A2547FF4E1142D58A650500BC08;44673735EAF46E11B7B78A650500BC08;2025-06-10;-4.0;-35.22
82FEF1C229B90E11A4A96492C0001269;44673735EAF46E11B7B78A650500BC08;2025-06-10;-2.0;-286.0
6C94CAAF3C387E110819BB65050009AA;44673735EAF46E11B7B78A650500BC08;2025-06-10;-2.0;-220.9
29CDB042A33EAE11BE2110650500135A;44673735EAF46E11B7B78A650500BC08;2025-06-10;-2.0;-274.0
5F9CC838EB456E11B7B78A650500BC08;44673735EAF46E11B7B78A650500BC08;2025-06-10;-2.0;-5193.0
24EC4EE7A0CAED11A62CD892C0003F2A;44673735EAF46E11B7B78A650500BC08;2025-06-10;-2.0;-83.28
FD0C8FC2A5E05E1142D58A650500BC08;44673735EAF46E11B7B78A650500BC08;2025-06-10;-2.0;-224.56
94CF5FCF20CAED11A62CD892C0003F2A;44673735EAF46E11B7B78A650500BC08;2025-06-10;-2.0;-124.0
831406A876A1CE11877210650500C369;44673735EAF46E11B7B78A650500BC08;2025-06-10;-4.0;-1580.0
290360EC8AE66E11B7B78A650500BC08;44673735EAF46E11B7B78A650500BC08;2025-06-10;-4.0;-1025.68
E29B72C890CAED11A62CD892C0003F2A;44673735EAF46E11B7B78A650500BC08;2025-06-10;-4.0;-1719.0
5150F3DB53478E11F243BB650500AC3B;44673735EAF46E11B7B78A650500BC08;2025-06-10;-4.0;-440.0
CF3D433B68363E11052F6792C000FF39;44673735EAF46E11B7B78A650500BC08;2025-06-10;-4.0;-190.24
73630C8ED431BE11BE2110650500E65A;44673735EAF46E11B7B78A650500BC08;2025-06-10;-4.0;-526.0
5F0DA681721A8E11F243BB650500304B;44673735EAF46E11B7B78A650500BC08;2025-06-10;-4.0;-127.68
ADBB604D0F8BFE111280106505000919;44673735EAF46E11B7B78A650500BC08;2025-06-10;-2.0;-247.68
743956F7E770BE11BE2110650500F55A;44673735EAF46E11B7B78A650500BC08;2025-06-10;-8.0;-75.32
9D076A426D7DBE118772106505007E59;44673735EAF46E11B7B78A650500BC08;2025-06-10;-2.0;-160.0
4B28DFED4E37FE1191EE1065050053C9;44673735EAF46E11B7B78A650500BC08;2025-06-10;-6.0;-648.26
8B96AF8AC9456E11B7B78A650500BC08;44673735EAF46E11B7B78A650500BC08;2025-06-10;2.0;106.0
4125BA1279278E11F243BB6505008C3B;44673735EAF46E11B7B78A650500BC08;2025-06-10;-2.0;-140.74
AE59ACEB697BAE11BE21106505009F4A;44673735EAF46E11B7B78A650500BC08;2025-06-10;-2.0;-98.8
BE4F52191C456E11B7B78A650500BC08;44673735EAF46E11B7B78A650500BC08;2025-06-10;-2.0;-781.92
528EF3BE6102CE118772106505003469;44673735EAF46E11B7B78A650500BC08;2025-06-10;-20.0;-2363.5
BB356221CFC5EE1191EE1065050055B9;44673735EAF46E11B7B78A650500BC08;2025-06-10;-12.0;-4404.0
C52352B9AC456E11B7B78A650500BC08;44673735EAF46E11B7B78A650500BC08;2025-06-10;-2.0;-130.06
B713992A12238E117E64BB6505005BAA;44673735EAF46E11B7B78A650500BC08;2025-06-10;-10.0;-1105.0
92AF19DBF356DE11ADB31065050003C8;44673735EAF46E11B7B78A650500BC08;2025-06-10;-2.0;-76.0
B769A52E781ABE118772106505002A59;44673735EAF46E11B7B78A650500BC08;2025-06-10;-4.0;-863.96
74BD8984ABE1EE114066106505006C4A;44673735EAF46E11B7B78A650500BC08;2025-06-10;-6.0;-289.8
D7173396E9456E11B7B78A650500BC08;44673735EAF46E11B7B78A650500BC08;2025-06-10;-2.0;-762.26
797A618FAC456E11B7B78A650500BC08;44673735EAF46E11B7B78A650500BC08;2025-06-10;-4.0;-314.16
8E990BED90CAED11A62CD892C0003F2A;44673735EAF46E11B7B78A650500BC08;2025-06-10;-2.0;-403.1
082057E87F7CBE118772106505003D59;44673735EAF46E11B7B78A650500BC08;2025-06-10;-6.0;-156.72
3173CAC5880AEE1191EE1065050009B9;44673735EAF46E11B7B78A650500BC08;2025-06-10;-4.0;-117.12
EA3BA37D6E29CE11ADB31065050041B8;44673735EAF46E11B7B78A650500BC08;2025-06-10;-2.0;-568.38
518EED922700FE1191EE10650500E9B9;44673735EAF46E11B7B78A650500BC08;2025-06-10;-2.0;-900.6
845AF0CF2D456E11B7B78A650500BC08;44673735EAF46E11B7B78A650500BC08;2025-06-10;-2.0;-43.92
C9F34C346D7DBE118772106505007E59;44673735EAF46E11B7B78A650500BC08;2025-06-10;-2.0;-258.0
0BEF8E7E968B3E11052F6792C000D249;44673735EAF46E11B7B78A650500BC08;2025-06-10;-2.0;-73.8
47F4F53C79363E11052F6792C000FF39;44673735EAF46E11B7B78A650500BC08;2025-06-10;-2.0;-62.06
E1B618F4AC456E11B7B78A650500BC08;44673735EAF46E11B7B78A650500BC08;2025-06-10;-2.0;-562.28
79DCBB3222010F11112A674AC7E2B889;44673735EAF46E11B7B78A650500BC08;2025-06-10;-4.0;-1400.8
84D4432D3E456E11B7B78A650500BC08;44673735EAF46E11B7B78A650500BC08;2025-06-10;-4.0;-936.0
C00A07A13D456E11B7B78A650500BC08;44673735EAF46E11B7B78A650500BC08;2025-06-10;-2.0;-195.7
0CBDE176DD8A7E110819BB65050039AA;44673735EAF46E11B7B78A650500BC08;2025-06-10;-6.0;-284.7
7B43866C49CA2E11052F6792C0007F39;44673735EAF46E11B7B78A650500BC08;2025-06-10;-4.0;-602.42
9DCF5FB1CE0BEE1191EE1065050029B9;44673735EAF46E11B7B78A650500BC08;2025-06-10;-8.0;-291.76
2E19C983AF4A8E11F243BB650500804B;44673735EAF46E11B7B78A650500BC08;2025-06-10;-2.0;-839.8
CC4AC696D270DE11ADB3106505003BB8;44673735EAF46E11B7B78A650500BC08;2025-06-10;-2.0;-313.6
5AF0F2E4EA244E1142D58A6505002C08;44673735EAF46E11B7B78A650500BC08;2025-06-10;-4.0;-178.88
49C33C9DD6568E11F243BB6505007B3B;44673735EAF46E11B7B78A650500BC08;2025-06-10;-4.0;-139.38
CD103770B4EDDE11406610650500174A;44673735EAF46E11B7B78A650500BC08;2025-06-10;-2.0;-589.72
70D93A8F390FEE1191EE1065050029B9;44673735EAF46E11B7B78A650500BC08;2025-06-10;-28.0;-248.2
A1F9CAB8E770BE11BE2110650500F55A;44673735EAF46E11B7B78A650500BC08;2025-06-10;-2.0;-20.04
BF08D97E2E130F114EF7A826072B7B89;44673735EAF46E11B7B78A650500BC08;2025-06-10;-2.0;-254.88
153C558A5BF6DE11C846106505001F6A;44673735EAF46E11B7B78A650500BC08;2025-06-10;-2.0;-388.0
D9A93B3B81600F11F1557891FE69C789;FC081C55582CED11A62CD892C0003F2A;2025-06-10;-2.0;-174.0
7FFC86E81EF5DE11ADB31065050092C8;FC081C55582CED11A62CD892C0003F2A;2025-06-10;-2.0;-167.98
5D08C4976A4EDE11406610650500B74A;FC081C55582CED11A62CD892C0003F2A;2025-06-10;-2.0;-104.36
110EC55A103CDE11406610650500E44A;FC081C55582CED11A62CD892C0003F2A;2025-06-10;-2.0;-141.3
74D116CE58A1CE11877210650500C369;FC081C55582CED11A62CD892C0003F2A;2025-06-10;-2.0;-56.34
17EB678DF996BE11877210650500B559;FC081C55582CED11A62CD892C0003F2A;2025-06-10;-2.0;-27.06
362ED45AA355BE11BE21106505002C5A;FC081C55582CED11A62CD892C0003F2A;2025-06-10;-4.0;-416.0
9D5778A93EAFFE11F1557891FE69E689;FC081C55582CED11A62CD892C0003F2A;2025-06-10;-2.0;-15.52
8327A7A380ACDE11406610650500754A;FC081C55582CED11A62CD892C0003F2A;2025-06-10;-2.0;-64.14
521F6E42E455BE11BE21106505002C5A;FC081C55582CED11A62CD892C0003F2A;2025-06-10;-2.0;-208.02
EB6AACF29813EE11B1AD1065050036EA;FC081C55582CED11A62CD892C0003F2A;2025-06-10;-2.0;-110.88
408D93D25592BE11BE2110650500A85A;FC081C55582CED11A62CD892C0003F2A;2025-06-10;-2.0;-196.98
4755EDEE71BFFE11F1557891FE69E689;FC081C55582CED11A62CD892C0003F2A;2025-06-10;-2.0;-35.9
DC5B554FABB88E11F243BB6505008E3B;FC081C55582CED11A62CD892C0003F2A;2025-06-10;-4.0;-444.88
68C844D3D0CAED11A62CD892C0003F2A;FC081C55582CED11A62CD892C0003F2A;2025-06-10;-4.0;-303.08
BD3FE6E26A767E11B7B78A650500ED08;FC081C55582CED11A62CD892C0003F2A;2025-06-10;-2.0;-279.36
EAC16437E3DDBE11877210650500EE59;FC081C55582CED11A62CD892C0003F2A;2025-06-10;-4.0;-258.24
2C4F31C65596DE11ADB31065050053C8;FC081C55582CED11A62CD892C0003F2A;2025-06-10;-2.0;-393.9
4BC78250995BEE1191EE1065050029B9;FC081C55582CED11A62CD892C0003F2A;2025-06-10;-4.8;-4775.5
3949BFE63AC0DE11ADB310650500ABB8;FC081C55582CED11A62CD892C0003F2A;2025-06-10;-6.0;-131.0
11970D706D399E11525010650500E94A;FC081C55582CED11A62CD892C0003F2A;2025-06-10;-2.0;-151.06
536A64C1AAD7CE11ADB3106505008FA8;FC081C55582CED11A62CD892C0003F2A;2025-06-10;-2.0;-489.44
CBAF0DB7699D3E11052F6792C000D249;FC081C55582CED11A62CD892C0003F2A;2025-06-10;-2.0;-113.44
7AB132602040EE114066106505003A4A;FC081C55582CED11A62CD892C0003F2A;2025-06-10;-4.0;-267.2
6995042F3B483E11052F6792C000B249;FC081C55582CED11A62CD892C0003F2A;2025-06-10;-2.0;-554.68
DDD7334651CAED11A62CD892C0003F2A;FC081C55582CED11A62CD892C0003F2A;2025-06-10;-2.0;-717.88
A353BAFBB412AE11726010650500705A;FC081C55582CED11A62CD892C0003F2A;2025-06-10;-2.0;-351.7
49B347FF8B888E11F243BB6505004E3B;FC081C55582CED11A62CD892C0003F2A;2025-06-10;-4.0;-342.24
B389315170EFFE11F1557891FE692789;FC081C55582CED11A62CD892C0003F2A;2025-06-10;-2.0;-132.0
B1E0BA67146B3E11052F6792C000D249;FC081C55582CED11A62CD892C0003F2A;2025-06-10;-4.0;-143.32
B35B3B8E99C08E110819BB65050039AA;FC081C55582CED11A62CD892C0003F2A;2025-06-10;-2.0;-476.18
EBFBD80C6F466E11B7B78A650500BC08;FC081C55582CED11A62CD892C0003F2A;2025-06-10;-2.0;-139.12
BFC65DB3A1B0EE11406610650500CA4A;FC081C55582CED11A62CD892C0003F2A;2025-06-10;-2.0;-229.74
767C59F9460B4E1142D58A6505009C08;FC081C55582CED11A62CD892C0003F2A;2025-06-10;-4.0;-338.12
5D5233F82642FE1191EE10650500CCB9;FC081C55582CED11A62CD892C0003F2A;2025-06-10;-2.0;-3013.12
F99E6F88AFE95E1142D58A650500DC08;FC081C55582CED11A62CD892C0003F2A;2025-06-10;-4.0;-667.2
272C647BACAAAE11BE21106505009E4A;FC081C55582CED11A62CD892C0003F2A;2025-06-10;-2.0;-64.72
8596233FCF986E11B7B78A650500BC08;FC081C55582CED11A62CD892C0003F2A;2025-06-10;-6.0;-124.56
D78C129EF77EFE11F1557891FE695589;FC081C55582CED11A62CD892C0003F2A;2025-06-10;-4.0;-164.44
028818F9E64DEE1191EE1065050029B9;FC081C55582CED11A62CD892C0003F2A;2025-06-10;-2.0;-105.94
E74507AE87E32E1143F0668E4200C71A;FC081C55582CED11A62CD892C0003F2A;2025-06-10;-2.0;-912.7
A09DE472E0CAED11A62CD892C0003F2A;FC081C55582CED11A62CD892C0003F2A;2025-06-10;-4.0;-1034.0
B642E9E180A00F11F1557891FE691889;FC081C55582CED11A62CD892C0003F2A;2025-06-10;-2.0;-378.8
B91673C1B4DCAE11BE2110650500515A;FC081C55582CED11A62CD892C0003F2A;2025-06-10;-2.0;-160.76
1367E4C6AE3C9E11726010650500F84A;FC081C55582CED11A62CD892C0003F2A;2025-06-10;-2.0;-310.74
FAF6955D82C5EE1191EE1065050045B9;FC081C55582CED11A62CD892C0003F2A;2025-06-10;-6.0;-732.0
28E249F29B23FE1191EE10650500FDB9;FC081C55582CED11A62CD892C0003F2A;2025-06-10;-2.0;-122.56
BC556C52599EFE11F1557891FE698589;FC081C55582CED11A62CD892C0003F2A;2025-06-10;-2.0;-176.0
84E6FDC17F320F114EF7A826072B5A89;FC081C55582CED11A62CD892C0003F2A;2025-06-10;-2.0;-229.28
829E3CDCE1EDFE11F1557891FE699489;FC081C55582CED11A62CD892C0003F2A;2025-06-10;-8.0;-880.0
ABC6953C5BE15E1142D58A650500BC08;FC081C55582CED11A62CD892C0003F2A;2025-06-10;-4.0;-115.18
95F2F0F8E0446E11B7B78A650500BC08;FC081C55582CED11A62CD892C0003F2A;2025-06-10;-2.0;-867.5
4EB6E7FAA1365E1142D58A650500DC08;FC081C55582CED11A62CD892C0003F2A;2025-06-10;-14.0;-219.66
70A76EE2378B3E11052F6792C000D249;FC081C55582CED11A62CD892C0003F2A;2025-06-10;-2.0;-68.5
BFDE9136EF35DE11ADB310650500A1C8;FC081C55582CED11A62CD892C0003F2A;2025-06-10;-6.0;-769.08
7F3539E9D2040F114EF7A826072B9C89;FC081C55582CED11A62CD892C0003F2A;2025-06-10;-2.0;-983.32
8E97AF138C7A2E11052F6792C0007F39;FC081C55582CED11A62CD892C0003F2A;2025-06-10;-2.0;-484.04
3ECD899433CF3E11F7F68A650500DB08;FC081C55582CED11A62CD892C0003F2A;2025-06-10;-2.0;-221.9
73342D2100E7EE1191EE10650500A7B9;FC081C55582CED11A62CD892C0003F2A;2025-06-10;-2.0;-7.44
3376DFB9044C7E110819BB65050039AA;FC081C55582CED11A62CD892C0003F2A;2025-06-10;-2.0;-1318.6
0190824BE010EE11406610650500F94A;FC081C55582CED11A62CD892C0003F2A;2025-06-10;-4.0;-1008.76
ABEA9DF9ED18EE1191EE10650500F7B9;FC081C55582CED11A62CD892C0003F2A;2025-06-10;-2.0;-1522.42
2950F967EC14CE11877210650500E669;FC081C55582CED11A62CD892C0003F2A;2025-06-10;-4.0;-420.08
0B9BA23602CAED11A62CD892C0003F2A;FC081C55582CED11A62CD892C0003F2A;2025-06-10;-4.0;-631.5
7B8C3B7101CAED11A62CD892C0003F2A;FC081C55582CED11A62CD892C0003F2A;2025-06-10;-8.0;-693.28
18E1F5071AF1EE114066106505007C4A;FC081C55582CED11A62CD892C0003F2A;2025-06-10;-2.0;-183.42
F4DB695ED0758E113835BB6505004EAA;FC081C55582CED11A62CD892C0003F2A;2025-06-10;-4.0;-992.8
E938FC289F900F11F1557891FE691889;FC081C55582CED11A62CD892C0003F2A;2025-06-10;-2.0;-186.82
3D04F268651ECE11ADB310650500E7B8;FC081C55582CED11A62CD892C0003F2A;2025-06-10;-2.0;-341.64
A124E50E08449E11554010650500ED3B;FC081C55582CED11A62CD892C0003F2A;2025-06-10;-14.0;-688.32
445CEACB42708E110819BB65050039AA;FC081C55582CED11A62CD892C0003F2A;2025-06-10;-8.0;-737.1
BBBA3B43C38ADE11406610650500924A;FC081C55582CED11A62CD892C0003F2A;2025-06-10;-2.0;-719.78
14CC17E14064EE11B1AD10650500D7EA;FC081C55582CED11A62CD892C0003F2A;2025-06-10;-2.0;-413.24
1FC942A8BBD4DE11ADB31065050021C8;FC081C55582CED11A62CD892C0003F2A;2025-06-10;-2.0;-372.64
8847DE790E877E110819BB65050009AA;FC081C55582CED11A62CD892C0003F2A;2025-06-10;-4.0;-315.4
BB58F75B9F45DE11ADB310650500B1C8;FC081C55582CED11A62CD892C0003F2A;2025-06-10;-2.0;-417.88
11E7DA5511CAED11A62CD892C0003F2A;FC081C55582CED11A62CD892C0003F2A;2025-06-10;-2.0;-712.02
6E679C94F40ADE11406610650500F14A;FC081C55582CED11A62CD892C0003F2A;2025-06-10;-4.0;-92.0
24EC4EE7A0CAED11A62CD892C0003F2A;FC081C55582CED11A62CD892C0003F2A;2025-06-10;-2.0;-83.28
51ADEA7CEB8DED11A62CD892C0003F2A;FC081C55582CED11A62CD892C0003F2A;2025-06-10;-2.0;-353.32
389FF908AAE4DE11ADB31065050031C8;FC081C55582CED11A62CD892C0003F2A;2025-06-10;-2.0;-93.78
06C711AA10FFFE11F1557891FE693789;FC081C55582CED11A62CD892C0003F2A;2025-06-10;-2.0;-86.36
AECFBF2A9B09AE11BE21106505008C4A;FC081C55582CED11A62CD892C0003F2A;2025-06-10;-2.0;-377.36
DFECCCBACD7ABE11877210650500AA59;FC081C55582CED11A62CD892C0003F2A;2025-06-10;-2.0;-362.1
010F49E63AE6FD110DC22A92C000D158;FC081C55582CED11A62CD892C0003F2A;2025-06-10;-2.0;-2084.6
2D08097C0110EE11406610650500F94A;FC081C55582CED11A62CD892C0003F2A;2025-06-10;-2.0;-479.64
CA72E5457076DE11ADB31065050023C8;FC081C55582CED11A62CD892C0003F2A;2025-06-10;-2.0;-295.86
0640AEE438B4EE11B1AD1065050048EA;FC081C55582CED11A62CD892C0003F2A;2025-06-10;-2.0;-1339.0
0BDE9EEEDD500F11F1557891FE69C789;FC081C55582CED11A62CD892C0003F2A;2025-06-10;-2.0;-33.88
832CA1D1D1A60E11A4A96492C0004B38;FC081C55582CED11A62CD892C0003F2A;2025-06-10;-4.0;-632.92
5C3E07A3698DFE11F1557891FE692489;FC081C55582CED11A62CD892C0003F2A;2025-06-10;-2.0;-147.34
42DD54E5D0CAED11A62CD892C0003F2A;FC081C55582CED11A62CD892C0003F2A;2025-06-10;-6.0;-981.78
5F9FD5800DAAAE11BE21106505009E4A;FC081C55582CED11A62CD892C0003F2A;2025-06-10;-2.0;-141.0
A5B00F4DD53ACE11ADB31065050092B8;FC081C55582CED11A62CD892C0003F2A;2025-06-10;-2.0;-99.8
72FCFD90BDE7EE1191EE10650500B7B9;FC081C55582CED11A62CD892C0003F2A;2025-06-10;-2.0;-62.38
DA0DFCF68E9DFE11F1557891FE694489;FC081C55582CED11A62CD892C0003F2A;2025-06-10;-2.0;-2399.12
CACD6AB1B9939E115540106505000D3B;FC081C55582CED11A62CD892C0003F2A;2025-06-10;-2.0;-108.0
CF8424B759B1EE114066106505001C4A;FC081C55582CED11A62CD892C0003F2A;2025-06-10;-2.0;-316.48
AE59ACEB697BAE11BE21106505009F4A;FC081C55582CED11A62CD892C0003F2A;2025-06-10;-2.0;-98.8
DCBDD0038C96BE11877210650500B559;FC081C55582CED11A62CD892C0003F2A;2025-06-10;-2.0;-328.96
F2D4FCA5196CCE11ADB310650500A5B8;FC081C55582CED11A62CD892C0003F2A;2025-06-10;-2.0;-2277.34
FBCEF4D87E63FD110DC22A92C000C499;FC081C55582CED11A62CD892C0003F2A;2025-06-10;-6.0;-143.82
AFBC4A53D547EE1191EE10650500E6B9;FC081C55582CED11A62CD892C0003F2A;2025-06-10;-4.0;-115.6
BF6E6FD0C7788E11F243BB6505002E3B;FC081C55582CED11A62CD892C0003F2A;2025-06-10;-6.0;-199.26
96D375B7F462CE11877210650500B469;FC081C55582CED11A62CD892C0003F2A;2025-06-10;-2.0;-311.4
8919B39B05586E11B7B78A650500BC08;FC081C55582CED11A62CD892C0003F2A;2025-06-10;-2.0;-51.0
D058CABBDC476E11B7B78A650500BC08;FC081C55582CED11A62CD892C0003F2A;2025-06-10;-2.0;-825.44
E8110F3314D7EE1191EE1065050097B9;FC081C55582CED11A62CD892C0003F2A;2025-06-10;-4.0;-123.88
A4AC102E6A18DE11C84610650500807A;FC081C55582CED11A62CD892C0003F2A;2025-06-10;-2.0;-225.3
9D11D13F8A785E1142D58A650500DC08;FC081C55582CED11A62CD892C0003F2A;2025-06-10;-2.0;-211.36
8AF880B1008F3E11F7F68A650500DB08;FC081C55582CED11A62CD892C0003F2A;2025-06-10;-2.0;-539.9
FA5DEC0DF0CAED11A62CD892C0003F2A;FC081C55582CED11A62CD892C0003F2A;2025-06-10;-2.0;-518.86
B00F6451D2798E11F243BB6505006F3B;FC081C55582CED11A62CD892C0003F2A;2025-06-10;-2.0;-164.14
B7647290E09FCE11ADB310650500E9B8;FC081C55582CED11A62CD892C0003F2A;2025-06-10;-2.0;-758.36
982A8C7B58C6DE11C84610650500DE6A;FC081C55582CED11A62CD892C0003F2A;2025-06-10;-2.0;-35.42
4294F80B58138E117E64BB6505004BAA;FC081C55582CED11A62CD892C0003F2A;2025-06-10;-2.0;-216.82
9345EEFAB8E97E110819BB65050019AA;FC081C55582CED11A62CD892C0003F2A;2025-06-10;-6.0;-365.38
2539BBD261CBEE1191EE1065050029B9;FC081C55582CED11A62CD892C0003F2A;2025-06-10;-2.0;-56.0
DDFAB501B0CAED11A62CD892C0003F2A;B0BDDED34CC83E11052F6792C000B249;2025-06-10;-4.0;-198.34
7DDF31366E1D4E1142D58A650500BC08;B0BDDED34CC83E11052F6792C000B249;2025-06-10;-2.0;-691.36
E708AA2CF4EBDE11406610650500744A;B0BDDED34CC83E11052F6792C000B249;2025-06-10;-2.0;-154.3
FE4E1498DA7E8E11F243BB650500664B;B0BDDED34CC83E11052F6792C000B249;2025-06-10;-6.0;-679.94
8FEF0D3B34D99E11525010650500AA4A;B0BDDED34CC83E11052F6792C000B249;2025-06-10;-2.0;-693.58
A807D74C6FE0EE114066106505001B4A;B0BDDED34CC83E11052F6792C000B249;2025-06-10;-2.0;-556.4
FE4D455DE0CAED11A62CD892C0003F2A;B0BDDED34CC83E11052F6792C000B249;2025-06-10;-4.0;-968.44
6E81B8B19E016E1142D58A650500AD08;B0BDDED34CC83E11052F6792C000B249;2025-06-10;-2.0;-382.04
37455139187CCE11ADB310650500B5B8;B0BDDED34CC83E11052F6792C000B249;2025-06-10;-2.0;-72.88
CB318C6BEFBAED11A62CD892C0003F2A;B0BDDED34CC83E11052F6792C000B249;2025-06-10;-2.0;-320.92
F9301C8933817E11B7B78A650500CD08;B0BDDED34CC83E11052F6792C000B249;2025-06-10;-12.0;-852.0
86004D8311CAED11A62CD892C0003F2A;B0BDDED34CC83E11052F6792C000B249;2025-06-10;-2.0;-796.22
FB0EB98E3597FE1191EE10650500C3C9;B0BDDED34CC83E11052F6792C000B249;2025-06-10;-4.0;-2949.9
33993B4824789E11525010650500D84A;B0BDDED34CC83E11052F6792C000B249;2025-06-10;-16.0;-301.76
C8B7FCBFE0CAED11A62CD892C0003F2A;B0BDDED34CC83E11052F6792C000B249;2025-06-10;-2.0;-285.32
10FEC76AEEF1CE118772106505003469;B0BDDED34CC83E11052F6792C000B249;2025-06-10;-2.0;-235.64
72F60CD4DC8E0E1143F0668E42001D49;B0BDDED34CC83E11052F6792C000B249;2025-06-10;-2.0;-63.42
40E5F28F1F22FE1191EE10650500ACB9;B0BDDED34CC83E11052F6792C000B249;2025-06-10;-2.0;-389.58
80F89D87CC839E11554010650500FC3B;B0BDDED34CC83E11052F6792C000B249;2025-06-10;-4.0;-1166.52
8B9A732C14BEEE1191EE1065050029B9;B0BDDED34CC83E11052F6792C000B249;2025-06-10;-2.0;-230.44
1F3FA457417B8E11F243BB650500F14B;B0BDDED34CC83E11052F6792C000B249;2025-06-10;-4.0;-460.32
3201C7FFF0CAED11A62CD892C0003F2A;B0BDDED34CC83E11052F6792C000B249;2025-06-10;-4.0;-163.68
3A5E667029ADDE11406610650500C64A;B0BDDED34CC83E11052F6792C000B249;2025-06-10;-2.0;-104.82
765ED1CF2BC6AE11BE2110650500A94A;B0BDDED34CC83E11052F6792C000B249;2025-06-10;-6.0;-124.78
5DC1158FEFCEFE11F1557891FE69C589;B0BDDED34CC83E11052F6792C000B249;2025-06-10;-2.0;-854.12
01E84F7A73A6DE11ADB31065050063C8;B0BDDED34CC83E11052F6792C000B249;2025-06-10;-2.0;-42.42
67ACBA0B7092DE11ADB3106505001EB8;B0BDDED34CC83E11052F6792C000B249;2025-06-10;-2.0;-140.08
202C9E6028407E11B7B78A650500CD08;B0BDDED34CC83E11052F6792C000B249;2025-06-10;-2.0;-397.52
B8C0B7EFAA1DFD11A4A96492C000CB59;B0BDDED34CC83E11052F6792C000B249;2025-06-10;-2.0;-366.9
C464EB2B2EF10F114EF7A826072B0A89;B0BDDED34CC83E11052F6792C000B249;2025-06-10;-2.0;-121.2
C0351ED68F54DE11ADB31065050080C8;B0BDDED34CC83E11052F6792C000B249;2025-06-10;-4.0;-268.68
7B74C76F33983E11052F6792C000B249;B0BDDED34CC83E11052F6792C000B249;2025-06-10;-2.0;-751.28
E7692174C0128E110223BB6505000AAA;B0BDDED34CC83E11052F6792C000B249;2025-06-10;-2.0;-420.74
FE6785D8D0CAED11A62CD892C0003F2A;B0BDDED34CC83E11052F6792C000B249;2025-06-10;-2.0;-487.08
069B72C890CAED11A62CD892C0003F2A;B0BDDED34CC83E11052F6792C000B249;2025-06-10;-2.0;-177.3
F523550101CAED11A62CD892C0003F2A;B0BDDED34CC83E11052F6792C000B249;2025-06-10;-2.0;-549.3
4CEBE596FB913E11052F6792C000CF39;B0BDDED34CC83E11052F6792C000B249;2025-06-10;-2.0;-1556.0
79D1419F90F23E11052F6792C000CF39;B0BDDED34CC83E11052F6792C000B249;2025-06-10;-2.0;-204.4
AC734C6AEC96BE11877210650500B559;B0BDDED34CC83E11052F6792C000B249;2025-06-10;-2.0;-169.1
F9FD29B141248E113835BB6505009CAA;B0BDDED34CC83E11052F6792C000B249;2025-06-10;-2.0;-36.8
1A37955D82C5EE1191EE1065050045B9;B0BDDED34CC83E11052F6792C000B249;2025-06-10;-4.0;-248.0
611BC93EEB6DFE11F1557891FE690489;B0BDDED34CC83E11052F6792C000B249;2025-06-10;-2.0;-598.32
D52178D322A8CE11ADB31065050090B8;B0BDDED34CC83E11052F6792C000B249;2025-06-10;-2.0;-1731.56
9AFA2BFCEF2FFE11F1557891FE694689;B0BDDED34CC83E11052F6792C000B249;2025-06-10;-2.0;-612.0
FBC29FD722CDAE11BE2110650500825A;B0BDDED34CC83E11052F6792C000B249;2025-06-10;-2.0;-78.4
D0DE70D0A4ABEE1191EE1065050029B9;B0BDDED34CC83E11052F6792C000B249;2025-06-10;-2.0;-206.74
15465FAD3AC0DE11ADB310650500ABB8;B0BDDED34CC83E11052F6792C000B249;2025-06-10;-4.0;-160.26
1C0B74D7D0CAED11A62CD892C0003F2A;B0BDDED34CC83E11052F6792C000B249;2025-06-10;-4.0;-509.24
A05BCFB931CAED11A62CD892C0003F2A;B0BDDED34CC83E11052F6792C000B249;2025-06-10;-2.0;-329.26
5C63DD9371491E1143F0668E42006B8B;B0BDDED34CC83E11052F6792C000B249;2025-06-10;-10.0;-959.2
AA3F7DF37FAF5E1142D58A650500AD08;B0BDDED34CC83E11052F6792C000B249;2025-06-10;-2.0;-379.82
16D364641E97DE11C84610650500EF6A;B0BDDED34CC83E11052F6792C000B249;2025-06-10;-2.0;-188.16
472D7919BDE6EE1191EE1065050096B9;B0BDDED34CC83E11052F6792C000B249;2025-06-10;-2.0;-221.58
23BFF0EBD9733E11052F6792C000CF39;B0BDDED34CC83E11052F6792C000B249;2025-06-10;-2.0;-157.38
D19BB862B0CAED11A62CD892C0003F2A;B0BDDED34CC83E11052F6792C000B249;2025-06-10;-2.0;-68.02
B36E116CDB63CE118772106505000669;B0BDDED34CC83E11052F6792C000B249;2025-06-10;-2.0;-118.7
6F3995AC483EFE11F1557891FE690589;B0BDDED34CC83E11052F6792C000B249;2025-06-10;-10.0;-139.96
BF4E6B4A8CF57E11B7B78A650500ED08;B0BDDED34CC83E11052F6792C000B249;2025-06-10;-2.0;-206.46
E3226739BA6BAE11BE21106505008F4A;B0BDDED34CC83E11052F6792C000B249;2025-06-10;-8.0;-331.2
19C3840F18363E11052F6792C000FF39;B0BDDED34CC83E11052F6792C000B249;2025-06-10;-4.0;-231.96
F320D83931CAED11A62CD892C0003F2A;B0BDDED34CC83E11052F6792C000B249;2025-06-10;-2.0;-92.04
B02682CA77960E11A4A96492C0004B38;B0BDDED34CC83E11052F6792C000B249;2025-06-10;-4.0;-1308.16
9917DF2A887CCE11ADB310650500B5B8;B0BDDED34CC83E11052F6792C000B249;2025-06-10;-2.0;-72.88
3D642C75EAC7FE1191EE1065050004C9;B0BDDED34CC83E11052F6792C000B249;2025-06-10;-2.0;-384.28
78CB224102EF2E11052F6792C000CF39;B0BDDED34CC83E11052F6792C000B249;2025-06-10;-2.0;-101.18
CAACB70E4EB88E11F243BB6505008E3B;B0BDDED34CC83E11052F6792C000B249;2025-06-10;-2.0;-60.14
6D929C5D463CBE11877210650500DC59;B0BDDED34CC83E11052F6792C000B249;2025-06-10;-2.0;-339.62
215EA3470C7DFE1158A3BB3DBE8E1489;B0BDDED34CC83E11052F6792C000B249;2025-06-10;-2.0;-40.98
473B611FE6C75E1142D58A650500DC08;B0BDDED34CC83E11052F6792C000B249;2025-06-10;-4.0;-87.0
D5BDD24C19216E1142D58A650500AD08;B0BDDED34CC83E11052F6792C000B249;2025-06-10;-2.0;-657.14
15459644CB05FD110DC22A92C0009D7B;B0BDDED34CC83E11052F6792C000B249;2025-06-10;-2.0;-552.22
E484C0E058B13E11052F6792C000CF39;B0BDDED34CC83E11052F6792C000B249;2025-06-10;-2.0;-152.22
965DF47B7D948E113835BB6505003DAA;B0BDDED34CC83E11052F6792C000B249;2025-06-10;-2.0;-1056.0
C4E9631F9CDFCE11ADB3106505005AB8;B0BDDED34CC83E11052F6792C000B249;2025-06-10;-2.0;-248.52
73AA73AEB646CE11ADB3106505008DA8;B0BDDED34CC83E11052F6792C000B249;2025-06-10;-2.0;-182.14
3D388DD72B674E1142D58A6505002C08;B0BDDED34CC83E11052F6792C000B249;2025-06-10;-2.0;-611.72
E2E6A4596315EE11B1AD10650500B8EA;44673735EAF46E11B7B78A650500BC08;2025-06-10;-2.0;-11600.0
19182E82D0993E11052F6792C000D249;B0BDDED34CC83E11052F6792C000B249;2025-06-10;6.0;942.6
EA4B2330F61E4E1142D58A650500BC08;B0BDDED34CC83E11052F6792C000B249;2025-06-10;10.0;1669.0
EE87D288DCE87E110819BB65050009AA;FC081C55582CED11A62CD892C0003F2A;2025-06-10;2.0;413.38
929699FC6DE88E11F243BB650500CE3B;B0BDDED34CC83E11052F6792C000B249;2025-06-10;10.0;1013.8
D67F0338238FCE11ADB310650500D9B8;44673735EAF46E11B7B78A650500BC08;2025-06-10;0.0;0.0
102184E73EBBEE1191EE1065050029B9;44673735EAF46E11B7B78A650500BC08;2025-06-10;-4.0;-497.96
0B17619EC688CE11ADB31065050070B8;44673735EAF46E11B7B78A650500BC08;2025-06-10;-2.0;-119.54
6FC051DB08300F11F1557891FE699789;FC081C55582CED11A62CD892C0003F2A;2025-06-10;6.0;1569.1
57F107EA01CAED11A62CD892C0003F2A;FC081C55582CED11A62CD892C0003F2A;2025-06-10;16.0;2652.0
095C72CA74520F114EF7A826072B7A89;44673735EAF46E11B7B78A650500BC08;2025-06-10;0.0;0.0
815D72CA74520F114EF7A826072B7A89;44673735EAF46E11B7B78A650500BC08;2025-06-10;0.0;0.0
B78FF3BE066E9E11726010650500CB4A;44673735EAF46E11B7B78A650500BC08;2025-06-10;0.0;0.0
851D87B6972CFE111280106505000919;44673735EAF46E11B7B78A650500BC08;2025-06-10;0.0;0.0
F50ACCB014D9DE11406610650500B14A;44673735EAF46E11B7B78A650500BC08;2025-06-10;0.0;0.0
D5E57582166E9E11726010650500CB4A;44673735EAF46E11B7B78A650500BC08;2025-06-10;0.0;0.0
AEDA9FA79B5FBE11877210650500D069;FC081C55582CED11A62CD892C0003F2A;2025-06-10;20.0;4405.0
9497BF6A01CAED11A62CD892C0003F2A;FC081C55582CED11A62CD892C0003F2A;2025-06-10;16.0;4252.8
17F107EA01CAED11A62CD892C0003F2A;FC081C55582CED11A62CD892C0003F2A;2025-06-10;24.0;6379.2
4029C31D5970BE11BE2110650500F55A;B0BDDED34CC83E11052F6792C000B249;2025-06-10;4.0;1746.32
0910BA7BB78EED11A62CD892C000399B;B0BDDED34CC83E11052F6792C000B249;2025-06-10;10.0;1133.1999999999998
261B4958E770BE11BE2110650500F55A;44673735EAF46E11B7B78A650500BC08;2025-06-10;20.0;180.98
4AFBE535BBB9AE11BE21106505006D4A;44673735EAF46E11B7B78A650500BC08;2025-06-10;20.0;206.89999999999998
0FCBC46F2C456E11B7B78A650500BC08;44673735EAF46E11B7B78A650500BC08;2025-06-10;40.0;9795.8
3E8702D74C456E11B7B78A650500BC08;44673735EAF46E11B7B78A650500BC08;2025-06-10;60.0;6815.599999999999
8E5A8CB7C54DEE1191EE1065050029B9;FC081C55582CED11A62CD892C0003F2A;2025-06-10;40.0;880.0
AD6EFDC2BF1BFE11128010650500E819;FC081C55582CED11A62CD892C0003F2A;2025-06-10;20.0;986.0
CEE17B471392BE11BE2110650500A85A;FC081C55582CED11A62CD892C0003F2A;2025-06-10;8.0;908.94
BE80BFC40D8FCE11ADB310650500E9B8;FC081C55582CED11A62CD892C0003F2A;2025-06-10;40.0;3464.0
DD042F328EE1EE114066106505006C4A;FC081C55582CED11A62CD892C0003F2A;2025-06-10;6.0;717.72
72A477F094520F114EF7A826072B7A89;B0BDDED34CC83E11052F6792C000B249;2025-06-10;4.0;3057.62
8B2C1CF4B3937E11B7B78A650500DD08;44673735EAF46E11B7B78A650500BC08;2025-06-10;8.0;8360.8
5BFF0450D0CAED11A62CD892C0003F2A;FC081C55582CED11A62CD892C0003F2A;2025-06-10;-2.0;-317.78
18EE1F869A278E11F243BB6505008C3B;B0BDDED34CC83E11052F6792C000B249;2025-06-10;0.0;0.0
CB7BCC437696DE11ADB31065050053C8;44673735EAF46E11B7B78A650500BC08;2025-06-10;10.0;1064.86
26DF8B324790DE11ADB3106505006BB8;44673735EAF46E11B7B78A650500BC08;2025-06-10;100.0;4405.46
2D3AE6B8CC456E11B7B78A650500BC08;44673735EAF46E11B7B78A650500BC08;2025-06-10;24.0;8287.18
628E9EE7F60ADE11406610650500F14A;44673735EAF46E11B7B78A650500BC08;2025-06-10;10.0;9500.94
F9B72DC395317E11B7B78A650500CD08;44673735EAF46E11B7B78A650500BC08;2025-06-10;16.0;2113.36
F664184528D8EE1191EE10650500F8B9;44673735EAF46E11B7B78A650500BC08;2025-06-10;2.0;396.76
331565E232AAAE11BE21106505008E4A;44673735EAF46E11B7B78A650500BC08;2025-06-10;0.0;0.0
1CEB5D8DD22BBE118772106505007B59;44673735EAF46E11B7B78A650500BC08;2025-06-10;196.0;6056.4
A5D407DF7D456E11B7B78A650500BC08;44673735EAF46E11B7B78A650500BC08;2025-06-10;200.0;1240.0
1B6C8EB465E0EE114066106505000B4A;B0BDDED34CC83E11052F6792C000B249;2025-06-10;0.0;0.0
F7B9B031FF13CE11877210650500A569;B0BDDED34CC83E11052F6792C000B249;2025-06-10;-2.0;-91.42
CA61CB8180E2FE1191EE106505009DB9;B0BDDED34CC83E11052F6792C000B249;2025-06-10;0.0;0.0
F5C36E0D7D79FE11128010650500E819;B0BDDED34CC83E11052F6792C000B249;2025-06-10;0.0;0.0
03EE1F4D1EE88E11F243BB650500CE3B;B0BDDED34CC83E11052F6792C000B249;2025-06-10;0.0;0.0
C9FA32743E4DDE11406610650500564A;44673735EAF46E11B7B78A650500BC08;2025-06-10;4.0;1138.96
9ECBF27E98E66E11B7B78A650500BC08;44673735EAF46E11B7B78A650500BC08;2025-06-10;120.0;16535.48
3499C794171ECE11ADB310650500E7B8;44673735EAF46E11B7B78A650500BC08;2025-06-10;0.0;-3.410605131648481e-13
E128F5E1F61E4E1142D58A650500BC08;44673735EAF46E11B7B78A650500BC08;2025-06-10;24.0;4005.6
338F71D8E13E4E1142D58A650500BC08;44673735EAF46E11B7B78A650500BC08;2025-06-10;18.0;3004.2
9CF2C1FDABE1EE114066106505006C4A;44673735EAF46E11B7B78A650500BC08;2025-06-10;24.0;914.4
5BEECB2AFC59CE11ADB31065050081B8;44673735EAF46E11B7B78A650500BC08;2025-06-10;0.0;0.0
B26B0A42721A8E11F243BB650500304B;44673735EAF46E11B7B78A650500BC08;2025-06-10;-6.0;-273.1200000000001
12CC4F96A1130F114EF7A826072B6B89;FC081C55582CED11A62CD892C0003F2A;2025-06-10;0.0;0.0
069B9856A1130F114EF7A826072B6B89;FC081C55582CED11A62CD892C0003F2A;2025-06-10;0.0;0.0
5E62A918BE010F11112A674AC7E2C889;FC081C55582CED11A62CD892C0003F2A;2025-06-10;0.0;0.0
07B904ECAD62FE1191EE10650500FCB9;FC081C55582CED11A62CD892C0003F2A;2025-06-10;0.0;0.0
9C978DEAF50BAE11BE21106505000F4A;FC081C55582CED11A62CD892C0003F2A;2025-06-10;0.0;0.0
CF0A3BF75EE1EE114066106505006C4A;FC081C55582CED11A62CD892C0003F2A;2025-06-10;0.0;0.0
95DBD5B5B371FE1191EE10650500BBB9;FC081C55582CED11A62CD892C0003F2A;2025-06-10;0.0;0.0
15602D226642FE1191EE10650500CCB9;FC081C55582CED11A62CD892C0003F2A;2025-06-10;0.0;0.0
D5FE683E40A20F114EF7A826072BDA89;FC081C55582CED11A62CD892C0003F2A;2025-06-10;0.0;0.0
2DD4EDEE71BFFE11F1557891FE69E689;FC081C55582CED11A62CD892C0003F2A;2025-06-10;0.0;0.0
94539EBECD456E11B7B78A650500BC08;44673735EAF46E11B7B78A650500BC08;2025-06-10;4.0;10196.12
76003B5ECD456E11B7B78A650500BC08;44673735EAF46E11B7B78A650500BC08;2025-06-10;6.0;2377.58
16D2373DBA858E113835BB6505006EAA;44673735EAF46E11B7B78A650500BC08;2025-06-10;12.0;18042.56
3EAD02694E5D9E117260106505006A4A;44673735EAF46E11B7B78A650500BC08;2025-06-10;6.0;5266.8
C35BC3C16FFEFE11F1557891FE690689;44673735EAF46E11B7B78A650500BC08;2025-06-10;88.0;4840.0
F0FC7DD63ECEAE11BE2110650500D35A;44673735EAF46E11B7B78A650500BC08;2025-06-10;-2.0;-112.0
A1BB321C575FFE11F1557891FE697689;B0BDDED34CC83E11052F6792C000B249;2025-06-10;26.0;1794.0
85FB321C575FFE11F1557891FE697689;FC081C55582CED11A62CD892C0003F2A;2025-06-10;16.0;1264.0
9FAE7431B61ECE11ADB310650500E7B8;44673735EAF46E11B7B78A650500BC08;2025-06-10;0.0;0.0
C1A81FA7BFCCDE11406610650500B54A;44673735EAF46E11B7B78A650500BC08;2025-06-10;0.0;0.0
D9C99CE964DAED11A62CD892C0003F2A;FC081C55582CED11A62CD892C0003F2A;2025-06-10;0.0;0.0
CF6362591BAAFE11128010650500E819;FC081C55582CED11A62CD892C0003F2A;2025-06-10;0.0;0.0
E1A53233798AFE11128010650500E819;FC081C55582CED11A62CD892C0003F2A;2025-06-10;0.0;0.0
572676865F66DE11ADB31065050023C8;44673735EAF46E11B7B78A650500BC08;2025-06-10;6.0;2624.98
F92676865F66DE11ADB31065050023C8;44673735EAF46E11B7B78A650500BC08;2025-06-10;4.0;1961.62
213496E65F66DE11ADB31065050023C8;44673735EAF46E11B7B78A650500BC08;2025-06-10;4.0;2913.92
303872335D456E11B7B78A650500BC08;44673735EAF46E11B7B78A650500BC08;2025-06-10;-38.0;-446.5
274EDF46CA7E8E11F243BB650500664B;B0BDDED34CC83E11052F6792C000B249;2025-06-10;0.0;0.0
D6A87B6772B78E11F243BB6505003D3B;B0BDDED34CC83E11052F6792C000B249;2025-06-10;0.0;0.0
B271725E6CE7CE11ADB3106505009FA8;B0BDDED34CC83E11052F6792C000B249;2025-06-10;0.0;0.0
21980C68E6310F11112A674AC7E2F889;B0BDDED34CC83E11052F6792C000B249;2025-06-10;0.0;0.0
C98289292DEFFE11F1557891FE693789;B0BDDED34CC83E11052F6792C000B249;2025-06-10;0.0;0.0
6444D15CB0FFFE11F1557891FE693789;B0BDDED34CC83E11052F6792C000B249;2025-06-10;0.0;0.0
DDD439C6D8E1DE11ADB3106505004DB8;B0BDDED34CC83E11052F6792C000B249;2025-06-10;0.0;0.0
936A3E0A9ED03E11052F6792C000CF39;B0BDDED34CC83E11052F6792C000B249;2025-06-10;0.0;0.0
074D2FF5BA510F11112A674AC7E22989;B0BDDED34CC83E11052F6792C000B249;2025-06-10;0.0;0.0
C8CD2FF5BA510F11112A674AC7E22989;B0BDDED34CC83E11052F6792C000B249;2025-06-10;0.0;0.0
5AEC2C1F68DDCE11ADB31065050097B8;B0BDDED34CC83E11052F6792C000B249;2025-06-10;0.0;0.0
B261A9589F09FE11128010650500E819;B0BDDED34CC83E11052F6792C000B249;2025-06-10;10.0;636.16
FCA66AB89F09FE11128010650500E819;B0BDDED34CC83E11052F6792C000B249;2025-06-10;10.0;854.16
4307C51D222DFE11F1557891FE69A389;B0BDDED34CC83E11052F6792C000B249;2025-06-10;20.0;1120.26
543A662D222DFE11F1557891FE69A389;B0BDDED34CC83E11052F6792C000B249;2025-06-10;20.0;1062.12
ADFCF31EEE41BE11BE2110650500075A;FC081C55582CED11A62CD892C0003F2A;2025-06-10;-2.0;-1806.36
1CD610ECDC52EE11406610650500FC4A;FC081C55582CED11A62CD892C0003F2A;2025-06-10;0.0;-5.684341886080802e-14
D2EA740B635DEE1191EE1065050029B9;44673735EAF46E11B7B78A650500BC08;2025-06-10;54.0;12075.480000000001
D8FB9C94CC22AE11726010650500905A;FC081C55582CED11A62CD892C0003F2A;2025-06-10;0.0;0.0
C033F6C2D74CDE11406610650500054A;FC081C55582CED11A62CD892C0003F2A;2025-06-10;48.0;2623.78
247CCE2F8391EE11406610650500EB4A;FC081C55582CED11A62CD892C0003F2A;2025-06-10;6.0;1056.12
F213F8D0DCC3EE11B1AD1065050017EA;FC081C55582CED11A62CD892C0003F2A;2025-06-10;2.0;1228.74
BDF06BE681E3DE11ADB310650500CFB8;FC081C55582CED11A62CD892C0003F2A;2025-06-10;40.0;2391.42
3BF553BD54D6EE1191EE1065050096B9;B0BDDED34CC83E11052F6792C000B249;2025-06-10;6.0;4914.0
D9F051010BFDCE11ADB310650500C7B8;FC081C55582CED11A62CD892C0003F2A;2025-06-10;0.0;0.0
22799DD3B835EE11B1AD10650500F8EA;FC081C55582CED11A62CD892C0003F2A;2025-06-10;0.0;0.0
42B158B398A05E1142D58A650500BC08;44673735EAF46E11B7B78A650500BC08;2025-06-10;6.0;1842.0
EAB2231D7337BE118772106505007659;FC081C55582CED11A62CD892C0003F2A;2025-06-10;0.0;0.0
B63484C872CAED11A62CD892C0003F2A;44673735EAF46E11B7B78A650500BC08;2025-06-10;10.0;1114.74
FA37940A3E456E11B7B78A650500BC08;44673735EAF46E11B7B78A650500BC08;2025-06-10;-4.0;-2220.0
CA6B84CED87C8E11F243BB650500A34B;44673735EAF46E11B7B78A650500BC08;2025-06-10;-2.0;-172.0
F7E3ADA888F20F114EF7A826072B4B89;FC081C55582CED11A62CD892C0003F2A;2025-06-10;6.0;2707.88
4EF6AD764D4EFE11F1557891FE692589;B0BDDED34CC83E11052F6792C000B249;2025-06-10;6.0;2007.44
93120AE7489D7E110819BB65050039AA;B0BDDED34CC83E11052F6792C000B249;2025-06-10;-20.0;-1927.44
9698A416CFACEE1191EE1065050029B9;44673735EAF46E11B7B78A650500BC08;2025-06-10;-16.0;-2784.0
3DB87A350DDDFE11F1557891FE699489;FC081C55582CED11A62CD892C0003F2A;2025-06-10;0.0;0.0
9D2E8486AF6DFE11F1557891FE690489;FC081C55582CED11A62CD892C0003F2A;2025-06-10;10.0;1140.0
4B0852C679FCEE1191EE1065050029B9;FC081C55582CED11A62CD892C0003F2A;2025-06-10;10.0;1140.0
271757D679FCEE1191EE1065050029B9;FC081C55582CED11A62CD892C0003F2A;2025-06-10;10.0;1140.0
BEC60F5EEB6DFE11F1557891FE690489;FC081C55582CED11A62CD892C0003F2A;2025-06-10;2.0;359.8
2F4A49CEC2638E11B1E5BB650500BBAA;FC081C55582CED11A62CD892C0003F2A;2025-06-10;-30.0;-480.58
156EDA903A630F114EF7A826072BDB89;FC081C55582CED11A62CD892C0003F2A;2025-06-10;-2.0;-59.28
9EC65BF6CB70DE11ADB3106505004BB8;44673735EAF46E11B7B78A650500BC08;2025-06-10;12.0;6915.9
FEC65BF6CB70DE11ADB3106505004BB8;44673735EAF46E11B7B78A650500BC08;2025-06-10;22.0;12229.16
8321178BB0CAED11A62CD892C0003F2A;FC081C55582CED11A62CD892C0003F2A;2025-06-10;8.0;4615.08
0E3D292624789E11525010650500D84A;FC081C55582CED11A62CD892C0003F2A;2025-06-10;128.0;2414.08
B1E0BA67146B3E11052F6792C000D249;44673735EAF46E11B7B78A650500BC08;2025-06-10;18.0;644.94
993B2D59F7C7BE118772106505003759;FC081C55582CED11A62CD892C0003F2A;2025-06-10;-22.0;-2014.46
10E000CE02192E11052F6792C0007F39;FC081C55582CED11A62CD892C0003F2A;2025-06-10;-10.0;-1907.1
194745E91D95FE1191EE1065050031C9;FC081C55582CED11A62CD892C0003F2A;2025-06-10;-2.0;-372.28
CCFC2A5277E48E113835BB6505009DAA;FC081C55582CED11A62CD892C0003F2A;2025-06-10;16.0;4976.0
FD003A7B4D5ADE11406610650500624A;FC081C55582CED11A62CD892C0003F2A;2025-06-10;6.0;2562.0
AACEDF3CE2B28E117E64BB650500CAAA;B0BDDED34CC83E11052F6792C000B249;2025-06-10;0.0;0.0
447785D8D0CAED11A62CD892C0003F2A;FC081C55582CED11A62CD892C0003F2A;2025-06-10;-14.0;-1981.7199999999998
6FFE9F8E92B47E11B7B78A650500ED08;44673735EAF46E11B7B78A650500BC08;2025-06-10;10.0;7640.0
1675D360BD148E113835BB6505009CAA;44673735EAF46E11B7B78A650500BC08;2025-06-10;6.0;2022.0
65173CD6E0A57E11B7B78A650500ED08;44673735EAF46E11B7B78A650500BC08;2025-06-10;6.0;6737.139999999999
0D67C5CD53937E11B7B78A650500DD08;44673735EAF46E11B7B78A650500BC08;2025-06-10;4.0;3764.0
59A94AED2AA7DE11C84610650500FF6A;FC081C55582CED11A62CD892C0003F2A;2025-06-10;6.0;3311.72
9E74FAA18C456E11B7B78A650500BC08;44673735EAF46E11B7B78A650500BC08;2025-06-10;16.0;5777.36
05134FF3304CFE111280106505000919;B0BDDED34CC83E11052F6792C000B249;2025-06-10;6.0;3057.76
E0AFE8898284DE11ADB310650500B0C8;44673735EAF46E11B7B78A650500BC08;2025-06-10;-4.0;-201.6
2961BBF7F62FFE11F1557891FE693689;44673735EAF46E11B7B78A650500BC08;2025-06-10;-4.0;-280.0
6B8A12CEF37C6E11B7B78A650500BC08;44673735EAF46E11B7B78A650500BC08;2025-06-10;-8.0;-3880.0
46A90C9EB8648E113835BB650500FCAA;44673735EAF46E11B7B78A650500BC08;2025-06-10;-230.0;-4140.0
81BD434BF77A9E115250106505007B4A;44673735EAF46E11B7B78A650500BC08;2025-06-10;-2.0;-746.56
31EC3EEF490ECE11ADB310650500D7B8;44673735EAF46E11B7B78A650500BC08;2025-06-10;-4.0;-125.08
45CDA0898EF39E115540106505008D3B;44673735EAF46E11B7B78A650500BC08;2025-06-10;-2.0;-224.56
2111127EDCFDCE11ADB310650500C7B8;44673735EAF46E11B7B78A650500BC08;2025-06-10;-6.0;-198.0
102FB4D6C4AA7E110819BB65050039AA;44673735EAF46E11B7B78A650500BC08;2025-06-10;-8.0;-79.1
B049BD7C6D456E11B7B78A650500BC08;44673735EAF46E11B7B78A650500BC08;2025-06-10;-326.0;-2934.0
335559B666767E11B7B78A650500ED08;44673735EAF46E11B7B78A650500BC08;2025-06-10;-2.0;-300.1
49F01180C8A47E11B7B78A650500ED08;44673735EAF46E11B7B78A650500BC08;2025-06-10;-2.0;-138.7
B960E25193688E11F243BB6505001E3B;44673735EAF46E11B7B78A650500BC08;2025-06-10;-2.0;-71.06
95AADC67FE456E11B7B78A650500BC08;44673735EAF46E11B7B78A650500BC08;2025-06-10;-2.0;-67.16
EEDB5ACB1B84BE11BE21106505002B5A;44673735EAF46E11B7B78A650500BC08;2025-06-10;-2.0;-312.82
7B1ADFD934937E11B7B78A650500DD08;44673735EAF46E11B7B78A650500BC08;2025-06-10;-14.0;-389.6
62590D9CCDBDCE11ADB31065050077B8;44673735EAF46E11B7B78A650500BC08;2025-06-10;-2.0;-228.96
34567A8F2E456E11B7B78A650500BC08;44673735EAF46E11B7B78A650500BC08;2025-06-10;-8.0;-1168.0
FD13DC9FB3B09E11F243BB650500394B;44673735EAF46E11B7B78A650500BC08;2025-06-10;-22.0;-1100.0
BFD5CF7ECAD0FE1191EE10650500FAB9;44673735EAF46E11B7B78A650500BC08;2025-06-10;-4.0;-344.32000000000005
ED80D2766EEDBE118772106505000F59;44673735EAF46E11B7B78A650500BC08;2025-06-10;-10.0;-310.26
62186D999C456E11B7B78A650500BC08;44673735EAF46E11B7B78A650500BC08;2025-06-10;-80.0;-1094.74
44E49E6ACD456E11B7B78A650500BC08;44673735EAF46E11B7B78A650500BC08;2025-06-10;-2.0;-922.0
36E8FAC871417E11B7B78A650500CD08;44673735EAF46E11B7B78A650500BC08;2025-06-10;-2.0;-182.0
D8D45E0FB6197E110819BB65050009AA;44673735EAF46E11B7B78A650500BC08;2025-06-10;-2.0;-106.22
54EC2E244A35BE11BE21106505000C5A;44673735EAF46E11B7B78A650500BC08;2025-06-10;-4.0;-112.0
E45127FF681FAE11BE2110650500345A;44673735EAF46E11B7B78A650500BC08;2025-06-10;-6.0;-834.0
A3D010729DDFDE11406610650500B94A;44673735EAF46E11B7B78A650500BC08;2025-06-10;-2.0;-1796.56
D6FEA237E770BE11BE2110650500F55A;44673735EAF46E11B7B78A650500BC08;2025-06-10;-4.0;-52.540000000000006
B559173959B1EE114066106505001C4A;44673735EAF46E11B7B78A650500BC08;2025-06-10;-6.0;-175.85999999999999
33561EA5CD456E11B7B78A650500BC08;44673735EAF46E11B7B78A650500BC08;2025-06-10;-2.0;-120.0
FF814C4E45CF8E11F243BB650500084B;44673735EAF46E11B7B78A650500BC08;2025-06-10;-4.0;-152.52
460365FCED456E11B7B78A650500BC08;44673735EAF46E11B7B78A650500BC08;2025-06-10;-2.0;-505.2
C7FE87EE749F9E117260106505004D4A;44673735EAF46E11B7B78A650500BC08;2025-06-10;-6.0;-550.74
2D280C348FCA9E11525010650500EB4A;44673735EAF46E11B7B78A650500BC08;2025-06-10;-4.0;-70.52
AE94F3FA10556E11B7B78A650500BC08;44673735EAF46E11B7B78A650500BC08;2025-06-10;-2.0;-445.24
AC58514838FCEE1191EE1065050029B9;44673735EAF46E11B7B78A650500BC08;2025-06-10;-2.0;-379.0
6ACED1DD7AE66E11B7B78A650500BC08;44673735EAF46E11B7B78A650500BC08;2025-06-10;-2.0;-120.0
E3E3BB9B30556E11B7B78A650500BC08;44673735EAF46E11B7B78A650500BC08;2025-06-10;-4.0;-384.94
569B72C890CAED11A62CD892C0003F2A;44673735EAF46E11B7B78A650500BC08;2025-06-10;-2.0;-567.14
389970448754EE11B1AD10650500C7EA;44673735EAF46E11B7B78A650500BC08;2025-06-10;-2.0;-36.78
BDA4336C478B3E11052F6792C000D249;44673735EAF46E11B7B78A650500BC08;2025-06-10;-6.0;-398.1
4CD78DFC538F8E11F243BB650500B74B;44673735EAF46E11B7B78A650500BC08;2025-06-10;-6.0;-708.0
867C66A9B2C0AE11726010650500CE4A;44673735EAF46E11B7B78A650500BC08;2025-06-10;-4.0;-223.44
9A92C04E999A7E110819BB65050039AA;44673735EAF46E11B7B78A650500BC08;2025-06-10;-2.0;-314.78
1A77C08362F6AE11BE2110650500D94A;44673735EAF46E11B7B78A650500BC08;2025-06-10;-4.0;-1322.92
A1B4CD08E5796E11B7B78A650500BC08;44673735EAF46E11B7B78A650500BC08;2025-06-10;-4.0;-793.72
8FCD25FECE5BFE111280106505000919;44673735EAF46E11B7B78A650500BC08;2025-06-10;-2.0;-114.0
B15559B666767E11B7B78A650500ED08;44673735EAF46E11B7B78A650500BC08;2025-06-10;-8.0;-1310.72
D4759C2A10556E11B7B78A650500BC08;44673735EAF46E11B7B78A650500BC08;2025-06-10;-8.0;-2276.9
79375A67B5EEAE11BE2110650500F35A;44673735EAF46E11B7B78A650500BC08;2025-06-10;-4.0;-248.0
29C33C9DD6568E11F243BB6505007B3B;44673735EAF46E11B7B78A650500BC08;2025-06-10;-4.0;-203.56
033DC3D54575EE1191EE10650500D4B9;44673735EAF46E11B7B78A650500BC08;2025-06-10;-10.0;-546.0
A0C092ECBDDAFE11128010650500E819;44673735EAF46E11B7B78A650500BC08;2025-06-10;-2.0;-948.88
1EF8F98FC688CE11ADB31065050070B8;44673735EAF46E11B7B78A650500BC08;2025-06-10;-4.0;-222.76
5074223212167E11B7B78A650500ED08;44673735EAF46E11B7B78A650500BC08;2025-06-10;-10.0;-60.300000000000004
DAEA38667E456E11B7B78A650500BC08;44673735EAF46E11B7B78A650500BC08;2025-06-10;-2.0;-529.2
6CD31F9234627E11B7B78A650500CD08;44673735EAF46E11B7B78A650500BC08;2025-06-10;-2.0;-124.6
DFA77E6846120F114EF7A826072B2A89;44673735EAF46E11B7B78A650500BC08;2025-06-10;-2.0;-513.28
262DC58CEE456E11B7B78A650500BC08;44673735EAF46E11B7B78A650500BC08;2025-06-10;-8.0;-745.84
FC080E97B465CE11ADB3106505002DA8;44673735EAF46E11B7B78A650500BC08;2025-06-10;-20.0;-1513.46
6CB042CE6F90CE118772106505007269;44673735EAF46E11B7B78A650500BC08;2025-06-10;-2.0;-435.98
D87D6734CDA86E11B7B78A650500BC08;44673735EAF46E11B7B78A650500BC08;2025-06-10;-80.0;-1472.58
B3137EBFE6197E110819BB65050009AA;44673735EAF46E11B7B78A650500BC08;2025-06-10;-2.0;-34.2
31ED32FE87B49E115540106505008E3B;44673735EAF46E11B7B78A650500BC08;2025-06-10;-2.0;-400.3
B3FA392F3CE76E11B7B78A650500BC08;44673735EAF46E11B7B78A650500BC08;2025-06-10;-2.0;-338.28
D10C7ACFF79ACE11ADB31065050013B8;44673735EAF46E11B7B78A650500BC08;2025-06-10;-2.0;-1161.22
FDA87E5C45B4DE11ADB310650500F0C8;44673735EAF46E11B7B78A650500BC08;2025-06-10;-2.0;-234.7
18CE6BF48F7CBE118772106505003D59;44673735EAF46E11B7B78A650500BC08;2025-06-10;-2.0;-716.48
DDA1E9D87EE58E11F243BB650500EA3B;44673735EAF46E11B7B78A650500BC08;2025-06-10;-4.0;-1842.52
E31D850F00300F11F1557891FE698789;44673735EAF46E11B7B78A650500BC08;2025-06-10;-2.0;-734.66
5CF448ED45CF8E11F243BB650500084B;44673735EAF46E11B7B78A650500BC08;2025-06-10;-2.0;-82.38
A055F6CC8D97DE11C84610650500EF6A;44673735EAF46E11B7B78A650500BC08;2025-06-10;-10.0;-359.98
F94AE5A855130F114EF7A826072B6B89;44673735EAF46E11B7B78A650500BC08;2025-06-10;-4.0;-90.24
2DD5112F9A456E11B7B78A650500BC08;44673735EAF46E11B7B78A650500BC08;2025-06-10;-2.0;-371.64
4C96ECDA50A15E1142D58A650500BC08;44673735EAF46E11B7B78A650500BC08;2025-06-10;-4.0;-280.6
EAE699AFEDD97E110819BB65050019AA;44673735EAF46E11B7B78A650500BC08;2025-06-10;-2.0;-400.3
B9505CABA02F8E11F243BB650500374B;44673735EAF46E11B7B78A650500BC08;2025-06-10;-4.0;-114.36
71AF38F5A6F5AE11BE2110650500984A;44673735EAF46E11B7B78A650500BC08;2025-06-10;-4.0;-204.12
3A6B84CED87C8E11F243BB650500A34B;44673735EAF46E11B7B78A650500BC08;2025-06-10;-4.0;-408.0
4A16E1512D456E11B7B78A650500BC08;44673735EAF46E11B7B78A650500BC08;2025-06-10;-6.0;-1218.0
159EBFF5F0DCDE11406610650500B54A;44673735EAF46E11B7B78A650500BC08;2025-06-10;-2.0;-44.4
102EF5A7983E7E110819BB65050039AA;44673735EAF46E11B7B78A650500BC08;2025-06-10;-2.0;-765.58
CAED4AFBDAB27E11B7B78A650500DD08;44673735EAF46E11B7B78A650500BC08;2025-06-10;-2.0;-99.92
69B373561D456E11B7B78A650500BC08;44673735EAF46E11B7B78A650500BC08;2025-06-10;-4.0;-1048.0
40B4BA3ED4BBEE1191EE1065050029B9;44673735EAF46E11B7B78A650500BC08;2025-06-10;-2.0;-144.0
A22A4EF94C4A7E110819BB65050039AA;44673735EAF46E11B7B78A650500BC08;2025-06-10;-2.0;-2838.0
DF16F9B3CBFCEE1191EE1065050029B9;44673735EAF46E11B7B78A650500BC08;2025-06-10;-2.0;-3034.0
0F59EDCDEE2FEE1191EE1065050029B9;44673735EAF46E11B7B78A650500BC08;2025-06-10;-2.0;-310.38
9865CD2FDC9F7E110819BB65050039AA;44673735EAF46E11B7B78A650500BC08;2025-06-10;-4.0;-121.02
9003A200FFAFFE11F1557891FE69E689;44673735EAF46E11B7B78A650500BC08;2025-06-10;-2.0;-160.5
242FBA0ACD456E11B7B78A650500BC08;44673735EAF46E11B7B78A650500BC08;2025-06-10;-2.0;-488.0
CD995D931EBD7E110819BB65050039AA;44673735EAF46E11B7B78A650500BC08;2025-06-10;-2.0;-15.26
3F191B1B408ADE11406610650500924A;44673735EAF46E11B7B78A650500BC08;2025-06-10;-18.0;-1908.0
043B1705BF896E11B7B78A650500BC08;44673735EAF46E11B7B78A650500BC08;2025-06-10;-2.0;-286.98
FF6A56559C456E11B7B78A650500BC08;44673735EAF46E11B7B78A650500BC08;2025-06-10;-2.0;-398.64
C910B67219A47E11B7B78A650500ED08;44673735EAF46E11B7B78A650500BC08;2025-06-10;-2.0;-318.54
BA3EE961BD889E11525010650500F84A;44673735EAF46E11B7B78A650500BC08;2025-06-10;-2.0;-291.08
4500292FD87C8E11F243BB650500A34B;44673735EAF46E11B7B78A650500BC08;2025-06-10;-4.0;-398.4
5A204DC9CC3FFE11F1557891FE695689;44673735EAF46E11B7B78A650500BC08;2025-06-10;-2.0;-58.84
5831728E7C456E11B7B78A650500BC08;44673735EAF46E11B7B78A650500BC08;2025-06-10;-6.0;-2093.78
DC55C8318BB27E11B7B78A650500DD08;44673735EAF46E11B7B78A650500BC08;2025-06-10;-2.0;-29156.0
60E0F27C92E0DE11ADB310650500DBB8;44673735EAF46E11B7B78A650500BC08;2025-06-10;-2.0;-205.3
CD5F9BBC8AB8BE118772106505006859;44673735EAF46E11B7B78A650500BC08;2025-06-10;-20.0;-208.0
61CD8984ABE1EE114066106505006C4A;44673735EAF46E11B7B78A650500BC08;2025-06-10;-2.0;-180.0
C53254256B9D9E11726010650500BA4A;44673735EAF46E11B7B78A650500BC08;2025-06-10;-4.0;-704.96
9F8150A455639E11554010650500CC3B;44673735EAF46E11B7B78A650500BC08;2025-06-10;-2.0;-275.1
33FC55E6CD456E11B7B78A650500BC08;44673735EAF46E11B7B78A650500BC08;2025-06-10;-2.0;-2823.82
BE4A76D36D7DBE118772106505007E59;44673735EAF46E11B7B78A650500BC08;2025-06-10;-2.0;-272.0
18D45E0FB6197E110819BB65050009AA;44673735EAF46E11B7B78A650500BC08;2025-06-10;-2.0;-62.06
7ADF92728C456E11B7B78A650500BC08;44673735EAF46E11B7B78A650500BC08;2025-06-10;2.0;288.12
8D1E371F46CCDE11406610650500A54A;44673735EAF46E11B7B78A650500BC08;2025-06-10;-2.0;-140.14
FD43EBA198B37E11B7B78A650500DD08;44673735EAF46E11B7B78A650500BC08;2025-06-10;-2.0;-130.12
9EECEA8F58A1CE11877210650500C369;FC081C55582CED11A62CD892C0003F2A;2025-06-10;-2.0;-129.82
085895AC483EFE11F1557891FE690589;FC081C55582CED11A62CD892C0003F2A;2025-06-10;-2.0;-30.0
13AC48A80529EE1191EE1065050009B9;FC081C55582CED11A62CD892C0003F2A;2025-06-10;-2.0;-471.82
56AB34AB3974EE11B1AD10650500F7EA;FC081C55582CED11A62CD892C0003F2A;2025-06-10;-2.0;-324.0
A65FC1167A5D7E110819BB65050039AA;FC081C55582CED11A62CD892C0003F2A;2025-06-10;-4.0;-16.16
994DC4FD431E7E110819BB65050039AA;FC081C55582CED11A62CD892C0003F2A;2025-06-10;-2.0;-130.98
607D8370D3C2FE1191EE106505006DB9;FC081C55582CED11A62CD892C0003F2A;2025-06-10;-2.0;-86.02
01EB9770F1B0EE11406610650500CA4A;FC081C55582CED11A62CD892C0003F2A;2025-06-10;-2.0;-97.82
540E1AAE4C2BFE11128010650500E819;FC081C55582CED11A62CD892C0003F2A;2025-06-10;-2.0;-540.28
E3621668E312EE114066106505009C4A;FC081C55582CED11A62CD892C0003F2A;2025-06-10;-2.0;-222.0
C4C76D10845AEE1191EE1065050009B9;FC081C55582CED11A62CD892C0003F2A;2025-06-10;-2.0;-54.32
D3EDA56426AA3E11052F6792C000D249;FC081C55582CED11A62CD892C0003F2A;2025-06-10;-2.0;-1008.62
7A2F772E1BBE8E11F243BB650500B64B;FC081C55582CED11A62CD892C0003F2A;2025-06-10;-2.0;-500.84
C02F795CD0CAED11A62CD892C0003F2A;FC081C55582CED11A62CD892C0003F2A;2025-06-10;-4.0;-1420.08
EA8A21414653CE11877210650500E569;FC081C55582CED11A62CD892C0003F2A;2025-06-10;-2.0;-1160.0
55401A66EED5FE1191EE1065050081C9;FC081C55582CED11A62CD892C0003F2A;2025-06-10;-2.0;-73.28
E0A70CE3F1429E115540106505005B3B;FC081C55582CED11A62CD892C0003F2A;2025-06-10;-10.0;-122.94
7193A42C90458E113835BB6505000EAA;FC081C55582CED11A62CD892C0003F2A;2025-06-10;-4.0;-728.88
3ECD056BDFDD2E11052F6792C000CF39;FC081C55582CED11A62CD892C0003F2A;2025-06-10;-4.0;-1124.0
2AE59375470A0E11A4A96492C0001269;FC081C55582CED11A62CD892C0003F2A;2025-06-10;-2.0;-293.0
B51589201BA8FE11128010650500D819;FC081C55582CED11A62CD892C0003F2A;2025-06-10;-4.0;-200.0
D8EC091991CDEE1191EE1065050029B9;FC081C55582CED11A62CD892C0003F2A;2025-06-10;-4.0;-1373.98
915809939D81BE11BE2110650500575A;FC081C55582CED11A62CD892C0003F2A;2025-06-10;-2.0;-241.14
CDE36A66D343FE1191EE106505001EB9;FC081C55582CED11A62CD892C0003F2A;2025-06-10;-4.0;-271.56
2DA90CDB0321DE11ADB3106505003CB8;FC081C55582CED11A62CD892C0003F2A;2025-06-10;-2.0;-146.0
57E515C781CAED11A62CD892C0003F2A;FC081C55582CED11A62CD892C0003F2A;2025-06-10;-4.0;-96.19999999999999
4371A3E4D81E4E1142D58A650500BC08;FC081C55582CED11A62CD892C0003F2A;2025-06-10;-2.0;-796.4
A1E566E92848CE11ADB31065050010B8;FC081C55582CED11A62CD892C0003F2A;2025-06-10;-4.0;-690.68
38B41004801C3E11052F6792C000D249;FC081C55582CED11A62CD892C0003F2A;2025-06-10;-2.0;-31.8
46B63D2329363E11052F6792C000FF39;FC081C55582CED11A62CD892C0003F2A;2025-06-10;-2.0;-70.76
1D0B74D7D0CAED11A62CD892C0003F2A;FC081C55582CED11A62CD892C0003F2A;2025-06-10;-4.0;-562.64
A323BB53F425CE11ADB3106505000DA8;FC081C55582CED11A62CD892C0003F2A;2025-06-10;-2.0;-30.82
B281659FF7D1FE1191EE106505003CB9;FC081C55582CED11A62CD892C0003F2A;2025-06-10;-14.0;-846.0
B63A4B7B00A0CE118772106505007269;FC081C55582CED11A62CD892C0003F2A;2025-06-10;-8.0;-153.04
F9C81E2ACDD4DE11ADB31065050021C8;FC081C55582CED11A62CD892C0003F2A;2025-06-10;-2.0;-606.02
28122AB4BEA6DE11C84610650500BE6A;FC081C55582CED11A62CD892C0003F2A;2025-06-10;-2.0;-500.02
3B61F8905918DE11C84610650500807A;FC081C55582CED11A62CD892C0003F2A;2025-06-10;-4.0;-1693.52
CC397DAEC12AFE11128010650500E819;FC081C55582CED11A62CD892C0003F2A;2025-06-10;-2.0;-471.14
6489EDCDEE2FEE1191EE1065050029B9;FC081C55582CED11A62CD892C0003F2A;2025-06-10;-6.0;-214.64
DA993E8BE3900F11F1557891FE690889;FC081C55582CED11A62CD892C0003F2A;2025-06-10;-2.0;-588.88
288D6DAFE1CAED11A62CD892C0003F2A;FC081C55582CED11A62CD892C0003F2A;2025-06-10;-2.0;-351.92
D2AF6191301ACE11ADB31065050062B8;FC081C55582CED11A62CD892C0003F2A;2025-06-10;-2.0;-494.4
5D7BC1B3A795DE11ADB31065050012C8;FC081C55582CED11A62CD892C0003F2A;2025-06-10;-2.0;-142.8
D55577F7CA200F11F1557891FE698789;FC081C55582CED11A62CD892C0003F2A;2025-06-10;-2.0;-408.0
1677F7893131FE1191EE106505006BB9;FC081C55582CED11A62CD892C0003F2A;2025-06-10;-2.0;-388.08
4F6488E72EB91E1143F0668E42006B8B;FC081C55582CED11A62CD892C0003F2A;2025-06-10;-8.0;-263.18
E42F2727A0651E1143F0668E4200EE89;FC081C55582CED11A62CD892C0003F2A;2025-06-10;-6.0;-443.52
A16AF43D35DB4E1142D58A6505009C08;FC081C55582CED11A62CD892C0003F2A;2025-06-10;-2.0;-1791.92
214C4B77FAC1FE1191EE106505002CB9;FC081C55582CED11A62CD892C0003F2A;2025-06-10;-2.0;-712.4
1C797DAEC12AFE11128010650500E819;FC081C55582CED11A62CD892C0003F2A;2025-06-10;-2.0;-464.22
09659CC4D0CAED11A62CD892C0003F2A;FC081C55582CED11A62CD892C0003F2A;2025-06-10;-6.0;-510.64
B7AF756AFB8BDE11406610650500044A;FC081C55582CED11A62CD892C0003F2A;2025-06-10;-2.0;-320.04
B43669584FC70E11A4A96492C000EC6A;FC081C55582CED11A62CD892C0003F2A;2025-06-10;-2.0;-858.02
C9FB46BC1A5FFE11F1557891FE697689;FC081C55582CED11A62CD892C0003F2A;2025-06-10;-2.0;-73.84
2361A2B438B4DE11ADB310650500F0C8;FC081C55582CED11A62CD892C0003F2A;2025-06-10;-2.0;-438.9
9E53F5769783FD110DC22A92C000C499;FC081C55582CED11A62CD892C0003F2A;2025-06-10;-2.0;-264.0
84FF41FB73C74E1142D58A6505002C08;FC081C55582CED11A62CD892C0003F2A;2025-06-10;-2.0;-290.0
910D1A1363497E110819BB65050009AA;FC081C55582CED11A62CD892C0003F2A;2025-06-10;-4.0;-316.82
F92BE0D0BDE7EE1191EE10650500B7B9;FC081C55582CED11A62CD892C0003F2A;2025-06-10;-2.0;-46.8
CDBF9DB6DD6FAE11BE2110650500A45A;FC081C55582CED11A62CD892C0003F2A;2025-06-10;-2.0;-504.38
7B6D6B85ADBE5E1142D58A6505006D08;FC081C55582CED11A62CD892C0003F2A;2025-06-10;-4.0;-1034.0
14F0332D25DFEE1191EE10650500A9B9;FC081C55582CED11A62CD892C0003F2A;2025-06-10;-2.0;-664.4
9178836BBCDDFE11F1557891FE699489;FC081C55582CED11A62CD892C0003F2A;2025-06-10;-2.0;-1176.02
D428258BEAEF4E1142D58A650500BC08;FC081C55582CED11A62CD892C0003F2A;2025-06-10;-4.0;-616.24
A331461F94EAFD11A4A96492C0006F3B;FC081C55582CED11A62CD892C0003F2A;2025-06-10;-2.0;-338.56
3A8FE3866C143E11052F6792C000FF39;FC081C55582CED11A62CD892C0003F2A;2025-06-10;-2.0;-449.16
39934F2383D0FD11A62CD892C000D159;FC081C55582CED11A62CD892C0003F2A;2025-06-10;-2.0;-99.82
7A394238127DCE11ADB31065050007B8;FC081C55582CED11A62CD892C0003F2A;2025-06-10;-2.0;-159.94
547A48FB6946DE11ADB310650500F2C8;FC081C55582CED11A62CD892C0003F2A;2025-06-10;-2.0;-26.26
708A4CFC41CAED11A62CD892C0003F2A;FC081C55582CED11A62CD892C0003F2A;2025-06-10;-2.0;-737.66
2D4DA3DE19D9FE11128010650500E819;FC081C55582CED11A62CD892C0003F2A;2025-06-10;-2.0;-359.78
9F6541330EBD7E110819BB65050039AA;FC081C55582CED11A62CD892C0003F2A;2025-06-10;-6.0;-58.800000000000004
4B3E818302CAED11A62CD892C0003F2A;FC081C55582CED11A62CD892C0003F2A;2025-06-10;-2.0;-147.88
A0C9821A6AA06E1142D58A650500AD08;FC081C55582CED11A62CD892C0003F2A;2025-06-10;-2.0;-592.06
F45F3CDCE1EDFE11F1557891FE699489;FC081C55582CED11A62CD892C0003F2A;2025-06-10;-4.0;-338.4
84B20C336BCEAE11BE2110650500D35A;FC081C55582CED11A62CD892C0003F2A;2025-06-10;-2.0;-396.0
AFCF9E1A988AFE11128010650500E819;FC081C55582CED11A62CD892C0003F2A;2025-06-10;-4.0;-47.32
2AFF857838CE8E11F243BB650500C64B;FC081C55582CED11A62CD892C0003F2A;2025-06-10;-2.0;-114.12
9D939815DEE2BE11BE2110650500195A;FC081C55582CED11A62CD892C0003F2A;2025-06-10;-2.0;-35.72
18757CEB9DE8FD11A4A96492C000AA89;FC081C55582CED11A62CD892C0003F2A;2025-06-10;-2.0;-119.02
A57D9925AAB39E115540106505003D3B;FC081C55582CED11A62CD892C0003F2A;2025-06-10;-4.0;-327.72
97461FAF7CF39E115540106505008D3B;FC081C55582CED11A62CD892C0003F2A;2025-06-10;-2.0;-363.08
61B7D62572907E11B7B78A650500CD08;FC081C55582CED11A62CD892C0003F2A;2025-06-10;-2.0;-358.0
9B1EB13888ABAE11BE2110650500DF4A;FC081C55582CED11A62CD892C0003F2A;2025-06-10;-2.0;-271.94
AE12452A3E263E11052F6792C000FF39;FC081C55582CED11A62CD892C0003F2A;2025-06-10;-2.0;-137.3
0D4C5A39949BCE11ADB31065050074B8;FC081C55582CED11A62CD892C0003F2A;2025-06-10;-2.0;-180.32
7447236E2E99CE11ADB310650500D1B8;FC081C55582CED11A62CD892C0003F2A;2025-06-10;-2.0;-65.46
C1D8EA98F0CAED11A62CD892C0003F2A;FC081C55582CED11A62CD892C0003F2A;2025-06-10;-2.0;-173.92
66964F4A1DC96E11B7B78A650500BC08;FC081C55582CED11A62CD892C0003F2A;2025-06-10;-2.0;-247.06
BE5D134965B4DE11ADB310650500F0C8;FC081C55582CED11A62CD892C0003F2A;2025-06-10;-6.0;-249.71999999999997
8DFF0450D0CAED11A62CD892C0003F2A;FC081C55582CED11A62CD892C0003F2A;2025-06-10;-2.0;-265.94
3D4C154EEB0AFE11128010650500E819;FC081C55582CED11A62CD892C0003F2A;2025-06-10;-2.0;-276.8
FB0B74D7D0CAED11A62CD892C0003F2A;FC081C55582CED11A62CD892C0003F2A;2025-06-10;-2.0;-281.32
2DEAE43E0ABCEE1191EE1065050029B9;FC081C55582CED11A62CD892C0003F2A;2025-06-10;-2.0;-6234.72
EAED1BFEBF3FFE11F1557891FE695689;FC081C55582CED11A62CD892C0003F2A;2025-06-10;-2.0;-214.2
0179FFD43EFBEE1191EE1065050029B9;FC081C55582CED11A62CD892C0003F2A;2025-06-10;-2.0;-1978.56
1A18E793D57EFE11F1557891FE695589;FC081C55582CED11A62CD892C0003F2A;2025-06-10;-2.0;-476.78
CB5AB005003C0E11A4A96492C0001269;FC081C55582CED11A62CD892C0003F2A;2025-06-10;-2.0;-269.84
2C93ABC2C7788E11F243BB6505002E3B;FC081C55582CED11A62CD892C0003F2A;2025-06-10;-4.0;-215.76
8F97974F8715CE11ADB3106505000DA8;FC081C55582CED11A62CD892C0003F2A;2025-06-10;-2.0;-643.14
E136882211CAED11A62CD892C0003F2A;FC081C55582CED11A62CD892C0003F2A;2025-06-10;-2.0;-330.44
E8565A313EDBBE118772106505006C59;FC081C55582CED11A62CD892C0003F2A;2025-06-10;-4.0;-605.04
94220CC67C937E11B7B78A650500DD08;FC081C55582CED11A62CD892C0003F2A;2025-06-10;-2.0;-239.7
333807BE5DE0CE11877210650500D269;FC081C55582CED11A62CD892C0003F2A;2025-06-10;-4.0;-529.98
382847CCB5807E11B7B78A650500CD08;FC081C55582CED11A62CD892C0003F2A;2025-06-10;-4.0;-158.66
5EA1E87BC208DE11C84610650500607A;FC081C55582CED11A62CD892C0003F2A;2025-06-10;-4.0;-102.0
3EC0EDE2C70FDE11406610650500A84A;FC081C55582CED11A62CD892C0003F2A;2025-06-10;-2.0;-789.0
0E098DA186D46E11B7B78A650500BC08;FC081C55582CED11A62CD892C0003F2A;2025-06-10;-2.0;-430.86
7D4D0644B7696E11B7B78A650500BC08;FC081C55582CED11A62CD892C0003F2A;2025-06-10;-2.0;-181.24
3DCF75669972EE114066106505001D4A;FC081C55582CED11A62CD892C0003F2A;2025-06-10;-4.0;-223.4
D329023EF123CE11877210650500A569;FC081C55582CED11A62CD892C0003F2A;2025-06-10;-4.0;-133.64
875D2CD7F607DE11C846106505002F6A;B0BDDED34CC83E11052F6792C000B249;2025-06-10;-2.0;-11.2
97F998016ADDFD11A4A96492C0006D28;B0BDDED34CC83E11052F6792C000B249;2025-06-10;-2.0;-330.44
CF1DE08C639F9E117260106505004D4A;B0BDDED34CC83E11052F6792C000B249;2025-06-10;-6.0;-149.4
5293ED836366EE1191EE1065050016B9;B0BDDED34CC83E11052F6792C000B249;2025-06-10;-2.0;-196.0
9CC9CBD168400F11F1557891FE69A789;B0BDDED34CC83E11052F6792C000B249;2025-06-10;-18.0;-255.6
5E15F8F901CAED11A62CD892C0003F2A;B0BDDED34CC83E11052F6792C000B249;2025-06-10;-4.0;-490.56
22C914DF2364EE11B1AD10650500D7EA;B0BDDED34CC83E11052F6792C000B249;2025-06-10;-2.0;-107.52
5E031EC32123CE11877210650500A569;B0BDDED34CC83E11052F6792C000B249;2025-06-10;-8.0;-267.28
2D3B73B38ABAFE11128010650500E819;B0BDDED34CC83E11052F6792C000B249;2025-06-10;-52.0;-1541.28
915735412AB57E11B7B78A650500ED08;B0BDDED34CC83E11052F6792C000B249;2025-06-10;-2.0;-396.36
5F84CC30B1A83E11052F6792C000B249;B0BDDED34CC83E11052F6792C000B249;2025-06-10;-2.0;-441.94
24D1265821E19E11F243BB650500BA4B;B0BDDED34CC83E11052F6792C000B249;2025-06-10;-2.0;-1475.98
E03BEA817EC47E11B7B78A650500ED08;B0BDDED34CC83E11052F6792C000B249;2025-06-10;-2.0;-277.8
E60CCF9DC0D6FD110DC22A92C000D158;B0BDDED34CC83E11052F6792C000B249;2025-06-10;-2.0;-100.88
EE280D4ACE23FD110DC22A92C000C499;B0BDDED34CC83E11052F6792C000B249;2025-06-10;-2.0;-311.52
A2DD54E5D0CAED11A62CD892C0003F2A;B0BDDED34CC83E11052F6792C000B249;2025-06-10;-2.0;-327.26
52BC0A2547FF4E1142D58A650500BC08;B0BDDED34CC83E11052F6792C000B249;2025-06-10;-8.0;-70.42
687539341767BE11877210650500B659;B0BDDED34CC83E11052F6792C000B249;2025-06-10;-2.0;-168.06
DD6A2D3F700DBE11877210650500DD59;B0BDDED34CC83E11052F6792C000B249;2025-06-10;-4.0;-59.4
7200806E785EDE11406610650500C74A;B0BDDED34CC83E11052F6792C000B249;2025-06-10;-2.0;-231.66
2B4C393759A59E11554010650500CF3B;B0BDDED34CC83E11052F6792C000B249;2025-06-10;-2.0;-83.44
252DC40BBE6DFE11F1557891FE690489;B0BDDED34CC83E11052F6792C000B249;2025-06-10;-6.0;-638.4
A65FC1167A5D7E110819BB65050039AA;B0BDDED34CC83E11052F6792C000B249;2025-06-10;-2.0;-2.54
36AA1B6D2C7ABE11877210650500AA59;B0BDDED34CC83E11052F6792C000B249;2025-06-10;-8.0;-373.84
36683594A81E3E11052F6792C000D249;B0BDDED34CC83E11052F6792C000B249;2025-06-10;-2.0;-905.14
1D6450C8DF0EEE1191EE1065050029B9;B0BDDED34CC83E11052F6792C000B249;2025-06-10;-2.0;-384.7
C0F2B767A4661E1143F0668E4200EE89;B0BDDED34CC83E11052F6792C000B249;2025-06-10;-2.0;-322.58
58AC21A3A87CCE11ADB310650500B5B8;B0BDDED34CC83E11052F6792C000B249;2025-06-10;-8.0;-291.52
F3E0CA9FCE09BE11877210650500D859;B0BDDED34CC83E11052F6792C000B249;2025-06-10;-2.0;-296.46
97CC8A62B257DE11C846106505008F6A;B0BDDED34CC83E11052F6792C000B249;2025-06-10;-6.0;-153.0
2A74EB445FD44E1142D58A6505002C08;B0BDDED34CC83E11052F6792C000B249;2025-06-10;-2.0;-214.7
C3CC756FD0C89E11525010650500394A;B0BDDED34CC83E11052F6792C000B249;2025-06-10;-6.0;-975.42
5D7BC1B3A795DE11ADB31065050012C8;B0BDDED34CC83E11052F6792C000B249;2025-06-10;-8.0;-571.2
200B5712963EAE11BE2110650500135A;B0BDDED34CC83E11052F6792C000B249;2025-06-10;-2.0;-43.82
CA347896378B3E11052F6792C000D249;B0BDDED34CC83E11052F6792C000B249;2025-06-10;-4.0;-226.2
E02476B08092DE11ADB3106505001EB8;B0BDDED34CC83E11052F6792C000B249;2025-06-10;-2.0;-191.74
0ED1D899951AFE11128010650500E819;B0BDDED34CC83E11052F6792C000B249;2025-06-10;-2.0;-153.4
051814E9CC3FFE11F1557891FE695689;B0BDDED34CC83E11052F6792C000B249;2025-06-10;-2.0;-1880.56
FEC298C3F1B2CE118772106505001569;B0BDDED34CC83E11052F6792C000B249;2025-06-10;-2.0;-42.0
638095B234D04E1142D58A650500DB08;B0BDDED34CC83E11052F6792C000B249;2025-06-10;-2.0;-236.2
235A9EACB4E9AE11BE21106505009D4A;B0BDDED34CC83E11052F6792C000B249;2025-06-10;-4.0;-1034.0
F0AC6DBFCF52EE11406610650500FC4A;B0BDDED34CC83E11052F6792C000B249;2025-06-10;-4.0;-355.4
4E98CB4091663E11052F6792C000FF39;B0BDDED34CC83E11052F6792C000B249;2025-06-10;-6.0;-1224.66
A371F1EE04D1FE1191EE106505003CB9;B0BDDED34CC83E11052F6792C000B249;2025-06-10;-2.0;-1201.44
9320D83931CAED11A62CD892C0003F2A;B0BDDED34CC83E11052F6792C000B249;2025-06-10;-2.0;-2255.76
984F1F0871500F11F1557891FE69B789;B0BDDED34CC83E11052F6792C000B249;2025-06-10;-2.0;-38.0
7E10A66FC2D94E1142D58A6505009C08;B0BDDED34CC83E11052F6792C000B249;2025-06-10;-2.0;-128.0
80B12581E983DE11ADB3106505005FB8;B0BDDED34CC83E11052F6792C000B249;2025-06-10;-2.0;-236.94
31DD54E5D0CAED11A62CD892C0003F2A;B0BDDED34CC83E11052F6792C000B249;2025-06-10;-2.0;-417.08
AB4F278C0ADEAE11BE2110650500E35A;B0BDDED34CC83E11052F6792C000B249;2025-06-10;-4.0;-148.6
60D0225A3F45DE11ADB310650500B1C8;B0BDDED34CC83E11052F6792C000B249;2025-06-10;-2.0;-1031.74
42B0BB5F01CAED11A62CD892C0003F2A;B0BDDED34CC83E11052F6792C000B249;2025-06-10;-2.0;-337.28
92688FE4F3C2FE1191EE106505006DB9;B0BDDED34CC83E11052F6792C000B249;2025-06-10;-2.0;-135.08
14F1412AC9280E11A4A96492C00009EB;B0BDDED34CC83E11052F6792C000B249;2025-06-10;-2.0;-484.62
BACFA18967730F1158A3BB3DBE8EEB89;B0BDDED34CC83E11052F6792C000B249;2025-06-10;-2.0;-1575.38
797049F5D3CAED11A62CD892C0003F2A;B0BDDED34CC83E11052F6792C000B249;2025-06-10;-2.0;-773.2
3FB81AB50DAAFE11128010650500E819;B0BDDED34CC83E11052F6792C000B249;2025-06-10;-2.0;-209.5
F65BC1E1D0CAED11A62CD892C0003F2A;B0BDDED34CC83E11052F6792C000B249;2025-06-10;-2.0;-386.08
10B7EDD1F0CAED11A62CD892C0003F2A;B0BDDED34CC83E11052F6792C000B249;2025-06-10;-2.0;-792.62
7C9FA0DA736F1E1143F0668E4200AE5A;B0BDDED34CC83E11052F6792C000B249;2025-06-10;-2.0;-120.26
561A958001CAED11A62CD892C0003F2A;B0BDDED34CC83E11052F6792C000B249;2025-06-10;-2.0;-115.94
F93465D731CAED11A62CD892C0003F2A;B0BDDED34CC83E11052F6792C000B249;2025-06-10;-2.0;-481.6
E8DBCF22EBAF7E110819BB65050039AA;44673735EAF46E11B7B78A650500BC08;2025-06-10;2.0;1998.68
2C8C4BE6D30A3E11052F6792C000D249;44673735EAF46E11B7B78A650500BC08;2025-06-10;0.0;0.0
347AF9020E456E11B7B78A650500BC08;44673735EAF46E11B7B78A650500BC08;2025-06-10;0.0;0.0
D000B470B84AAE11BE21106505001E4A;44673735EAF46E11B7B78A650500BC08;2025-06-10;0.0;0.0
C7F241B30684DE11ADB310650500B0C8;FC081C55582CED11A62CD892C0003F2A;2025-06-10;4.0;966.0
1D8F9CC910556E11B7B78A650500BC08;44673735EAF46E11B7B78A650500BC08;2025-06-10;-2.0;-460.26
049DE472E0CAED11A62CD892C0003F2A;FC081C55582CED11A62CD892C0003F2A;2025-06-10;10.0;3970.2
A05BCFB931CAED11A62CD892C0003F2A;FC081C55582CED11A62CD892C0003F2A;2025-06-10;52.0;8588.24
F0A6B7DB01CAED11A62CD892C0003F2A;FC081C55582CED11A62CD892C0003F2A;2025-06-10;16.0;1796.46
4AEF394451CAED11A62CD892C0003F2A;FC081C55582CED11A62CD892C0003F2A;2025-06-10;12.0;6195.38
9FF4D792714BEE1191EE1065050029B9;B0BDDED34CC83E11052F6792C000B249;2025-06-10;0.0;1.1368683772161603e-13
D68FF3BE066E9E11726010650500CB4A;44673735EAF46E11B7B78A650500BC08;2025-06-10;0.0;0.0
21FAAA661F34AE11726010650500335A;FC081C55582CED11A62CD892C0003F2A;2025-06-10;8.0;1762.0
8FA02CA111CAED11A62CD892C0003F2A;FC081C55582CED11A62CD892C0003F2A;2025-06-10;10.0;4180.1
BF96B7DB01CAED11A62CD892C0003F2A;FC081C55582CED11A62CD892C0003F2A;2025-06-10;16.0;4274.08
4B17EDADD6CCDE11406610650500A54A;FC081C55582CED11A62CD892C0003F2A;2025-06-10;16.0;4582.24
C10EC8E677F1EE114066106505007C4A;FC081C55582CED11A62CD892C0003F2A;2025-06-10;8.0;3005.12
BECB22B34D05DE11ADB31065050061C8;B0BDDED34CC83E11052F6792C000B249;2025-06-10;2.0;314.05999999999995
FAB5D848B1BBEE1191EE1065050029B9;B0BDDED34CC83E11052F6792C000B249;2025-06-10;34.0;2883.2
343956F7E770BE11BE2110650500F55A;44673735EAF46E11B7B78A650500BC08;2025-06-10;18.0;2090.2999999999997
6FCBC46F2C456E11B7B78A650500BC08;44673735EAF46E11B7B78A650500BC08;2025-06-10;176.0;46768.3
23D4F886E736FE1191EE10650500F1C9;44673735EAF46E11B7B78A650500BC08;2025-06-10;120.0;30263.780000000002
923EE5BC3C456E11B7B78A650500BC08;44673735EAF46E11B7B78A650500BC08;2025-06-10;22.0;7888.179999999999
E6570A134C456E11B7B78A650500BC08;44673735EAF46E11B7B78A650500BC08;2025-06-10;20.0;7666.58
12EC44B94F7FFE11F1557891FE69A689;44673735EAF46E11B7B78A650500BC08;2025-06-10;216.0;3692.28
1D8E11FC84410F11112A674AC7E20989;FC081C55582CED11A62CD892C0003F2A;2025-06-10;12.0;1232.76
8AE6E15ECEC3FE1191EE10650500DEB9;FC081C55582CED11A62CD892C0003F2A;2025-06-10;12.0;1320.24
3A1577F094520F114EF7A826072B7A89;B0BDDED34CC83E11052F6792C000B249;2025-06-10;2.0;1528.8
38B89EFBB1C25E1142D58A650500DC08;B0BDDED34CC83E11052F6792C000B249;2025-06-10;-0.6;-426.32
230B97376D530F114EF7A826072BCB89;FC081C55582CED11A62CD892C0003F2A;2025-06-10;40.0;241.52
230B97376D530F114EF7A826072BCB89;B0BDDED34CC83E11052F6792C000B249;2025-06-10;40.0;241.5
C6ACAC2CED456E11B7B78A650500BC08;44673735EAF46E11B7B78A650500BC08;2025-06-10;48.0;7785.6
80F42BDDDA5D7E110819BB65050039AA;FC081C55582CED11A62CD892C0003F2A;2025-06-10;734.0;20090.0
BF6E6FD0C7788E11F243BB6505002E3B;B0BDDED34CC83E11052F6792C000B249;2025-06-10;0.0;0.0
58EC62B380020F114EF7A826072B0A89;B0BDDED34CC83E11052F6792C000B249;2025-06-10;-200.0;-2952.0
E39E77918754EE11B1AD10650500C7EA;44673735EAF46E11B7B78A650500BC08;2025-06-10;20.0;9398.4
6AF07D4CBDDAFE11128010650500E819;44673735EAF46E11B7B78A650500BC08;2025-06-10;10.0;3157.94
F66136F7D7A5DE11ADB31065050022C8;44673735EAF46E11B7B78A650500BC08;2025-06-10;10.0;766.06
D1BC77B37696DE11ADB31065050053C8;44673735EAF46E11B7B78A650500BC08;2025-06-10;42.0;12041.4
0A13FAB6CC456E11B7B78A650500BC08;44673735EAF46E11B7B78A650500BC08;2025-06-10;52.0;20784.24
29777127CC456E11B7B78A650500BC08;44673735EAF46E11B7B78A650500BC08;2025-06-10;32.0;21964.68
CC844A839FBEEE1191EE1065050029B9;44673735EAF46E11B7B78A650500BC08;2025-06-10;34.0;1804.04
BC05A256CC456E11B7B78A650500BC08;44673735EAF46E11B7B78A650500BC08;2025-06-10;20.0;7268.0
52CBB8981C93FE1191EE106505009EB9;B0BDDED34CC83E11052F6792C000B249;2025-06-10;0.0;0.0
D3CDEB7BF093FE1191EE106505008EB9;B0BDDED34CC83E11052F6792C000B249;2025-06-10;0.0;0.0
CD1960E05EEC9E11726010650500D94A;B0BDDED34CC83E11052F6792C000B249;2025-06-10;0.0;0.0
BEC88C6A663EAE11BE2110650500135A;B0BDDED34CC83E11052F6792C000B249;2025-06-10;-2.0;-24.96
93E017215711AE117260106505003F4A;44673735EAF46E11B7B78A650500BC08;2025-06-10;0.0;0.0
8AC6129DABE1EE114066106505006C4A;44673735EAF46E11B7B78A650500BC08;2025-06-10;24.0;547.2
B349615C5D456E11B7B78A650500BC08;44673735EAF46E11B7B78A650500BC08;2025-06-10;36.0;5428.799999999999
B4A07996CB70DE11ADB3106505004BB8;44673735EAF46E11B7B78A650500BC08;2025-06-10;0.0;0.0
DEE733462B917E11B7B78A650500CD08;FC081C55582CED11A62CD892C0003F2A;2025-06-10;-2.0;-75.86
24FBA1572B917E11B7B78A650500CD08;FC081C55582CED11A62CD892C0003F2A;2025-06-10;-4.0;-182.16
1892A918BE010F11112A674AC7E2C889;FC081C55582CED11A62CD892C0003F2A;2025-06-10;0.0;0.0
2EDAA6E92022EE11406610650500AC4A;FC081C55582CED11A62CD892C0003F2A;2025-06-10;0.0;0.0
D0611DC16642FE1191EE10650500CCB9;FC081C55582CED11A62CD892C0003F2A;2025-06-10;0.0;0.0
5D3AB32E40A20F114EF7A826072BDA89;FC081C55582CED11A62CD892C0003F2A;2025-06-10;0.0;0.0
C3BF683E40A20F114EF7A826072BDA89;FC081C55582CED11A62CD892C0003F2A;2025-06-10;0.0;0.0
0A77B1D40E65BE11BE21106505004C5A;FC081C55582CED11A62CD892C0003F2A;2025-06-10;0.0;0.0
6F571ADEAF45DE11ADB310650500B1C8;FC081C55582CED11A62CD892C0003F2A;2025-06-10;0.0;0.0
FD9436EFCD456E11B7B78A650500BC08;44673735EAF46E11B7B78A650500BC08;2025-06-10;18.0;28133.039999999997
6EF64E6A72B28E117E64BB650500CAAA;44673735EAF46E11B7B78A650500BC08;2025-06-10;6.0;17184.84
12B02F153A0ABE118772106505001A59;44673735EAF46E11B7B78A650500BC08;2025-06-10;6.0;14889.6
0B5FF4C0EEF2DE11ADB310650500AEB8;FC081C55582CED11A62CD892C0003F2A;2025-06-10;0.0;0.0
907948383D456E11B7B78A650500BC08;44673735EAF46E11B7B78A650500BC08;2025-06-10;20.0;983.68
AD8FC812365FFE11F1557891FE697689;44673735EAF46E11B7B78A650500BC08;2025-06-10;44.0;3148.6400000000003
81EA321C575FFE11F1557891FE697689;B0BDDED34CC83E11052F6792C000B249;2025-06-10;28.0;1092.0
9C9A321C575FFE11F1557891FE697689;FC081C55582CED11A62CD892C0003F2A;2025-06-10;8.0;2200.0
21D4662C575FFE11F1557891FE697689;FC081C55582CED11A62CD892C0003F2A;2025-06-10;8.0;624.0
2D3F7FE747CBCE11ADB310650500B4B8;44673735EAF46E11B7B78A650500BC08;2025-06-10;0.0;2.2737367544323206e-13
4F981FA7BFCCDE11406610650500B54A;44673735EAF46E11B7B78A650500BC08;2025-06-10;0.0;0.0
87A1914AA2CAED11A62CD892C0003F2A;FC081C55582CED11A62CD892C0003F2A;2025-06-10;0.0;0.0
7BC9FD3045A3EE11B1AD10650500E6EA;FC081C55582CED11A62CD892C0003F2A;2025-06-10;0.0;0.0
3C6DDA4DCECCCE11ADB31065050026B8;B0BDDED34CC83E11052F6792C000B249;2025-06-10;10.0;830.62
A779607DCECCCE11ADB31065050026B8;B0BDDED34CC83E11052F6792C000B249;2025-06-10;10.0;830.64
A82D1E8C65B4DE11ADB310650500F0C8;FC081C55582CED11A62CD892C0003F2A;2025-06-10;22.0;1342.44
23B64E1E45B4DE11ADB310650500F0C8;FC081C55582CED11A62CD892C0003F2A;2025-06-10;24.0;2816.4
CC1473F3ECFBEE1191EE1065050029B9;44673735EAF46E11B7B78A650500BC08;2025-06-10;-2.0;-89.7
2DD58392A1567E11B7B78A650500ED08;44673735EAF46E11B7B78A650500BC08;2025-06-10;-2.0;-144.54
73D7D6A0BAC9FE11128010650500E819;44673735EAF46E11B7B78A650500BC08;2025-06-10;18.0;369.0
BE098674B2C2EE11B1AD10650500C5EA;B0BDDED34CC83E11052F6792C000B249;2025-06-10;0.0;0.0
1BC99856A1130F114EF7A826072B6B89;B0BDDED34CC83E11052F6792C000B249;2025-06-10;0.0;0.0
06A289292DEFFE11F1557891FE693789;B0BDDED34CC83E11052F6792C000B249;2025-06-10;0.0;0.0
A9C61CF081FA8E11F243BB650500514B;B0BDDED34CC83E11052F6792C000B249;2025-06-10;0.0;9.094947017729282e-13
5228E53788F98E11F243BB650500104B;B0BDDED34CC83E11052F6792C000B249;2025-06-10;0.0;0.0
5928761AFC07FE1191EE1065050013C9;B0BDDED34CC83E11052F6792C000B249;2025-06-10;0.0;0.0
141D2C1F68DDCE11ADB31065050097B8;B0BDDED34CC83E11052F6792C000B249;2025-06-10;-2.0;-63.74
192BA227F6430F114EF7A826072BAB89;B0BDDED34CC83E11052F6792C000B249;2025-06-10;0.0;0.0
C2A3450BB857FE1191EE1065050073C9;B0BDDED34CC83E11052F6792C000B249;2025-06-10;0.0;0.0
6591A9589F09FE11128010650500E819;B0BDDED34CC83E11052F6792C000B249;2025-06-10;10.0;598.14
58466AB89F09FE11128010650500E819;B0BDDED34CC83E11052F6792C000B249;2025-06-10;10.0;854.18
3B766AB89F09FE11128010650500E819;B0BDDED34CC83E11052F6792C000B249;2025-06-10;8.0;683.34
BD3BB2501FE1EE114066106505006C4A;FC081C55582CED11A62CD892C0003F2A;2025-06-10;10.0;229.1
36C88590FF73EE11B1AD10650500B6EA;FC081C55582CED11A62CD892C0003F2A;2025-06-10;0.0;0.0
573484C872CAED11A62CD892C0003F2A;44673735EAF46E11B7B78A650500BC08;2025-06-10;8.0;891.8
119C4CA844425E1142D58A650500DC08;44673735EAF46E11B7B78A650500BC08;2025-06-10;10.0;1032.22
051BA0425C930F114EF7A826072B1C89;FC081C55582CED11A62CD892C0003F2A;2025-06-10;48.0;3839.04
AE4BA0425C930F114EF7A826072B1C89;FC081C55582CED11A62CD892C0003F2A;2025-06-10;48.0;3839.04
24C7FD0AC026BE118772106505001559;44673735EAF46E11B7B78A650500BC08;2025-06-10;12.0;13680.0
CE06AD764D4EFE11F1557891FE692589;FC081C55582CED11A62CD892C0003F2A;2025-06-10;8.0;2676.6
3073ADA888F20F114EF7A826072B4B89;FC081C55582CED11A62CD892C0003F2A;2025-06-10;4.0;1684.9
3436F9B888F20F114EF7A826072B4B89;FC081C55582CED11A62CD892C0003F2A;2025-06-10;6.0;2707.9
285DEF550DDDFE11F1557891FE699489;44673735EAF46E11B7B78A650500BC08;2025-06-10;0.0;0.0
93120AE7489D7E110819BB65050039AA;FC081C55582CED11A62CD892C0003F2A;2025-06-10;20.0;1927.44
051BA0425C930F114EF7A826072B1C89;B0BDDED34CC83E11052F6792C000B249;2025-06-10;48.0;3839.04
53120B04BB733E11052F6792C000CF39;FC081C55582CED11A62CD892C0003F2A;2025-06-10;-80.0;-5861.5599999999995
8C38BC55C366DE11ADB31065050013C8;FC081C55582CED11A62CD892C0003F2A;2025-06-10;4.0;783.96
ADF469326EA20F114EF7A826072BEA89;FC081C55582CED11A62CD892C0003F2A;2025-06-10;4.0;838.8
EC45E74225F70E11A4A96492C00009EB;FC081C55582CED11A62CD892C0003F2A;2025-06-10;4.0;968.08
BCC50F5EEB6DFE11F1557891FE690489;FC081C55582CED11A62CD892C0003F2A;2025-06-10;4.0;719.6
9973FFF1BAF94E1142D58A6505009C08;FC081C55582CED11A62CD892C0003F2A;2025-06-10;6.0;899.4
540ED453DA0E8E11F243BB650500D54B;FC081C55582CED11A62CD892C0003F2A;2025-06-10;-2.0;-525.78
4E7DF767DAA07E11B7B78A650500CD08;FC081C55582CED11A62CD892C0003F2A;2025-06-10;-2.0;-318.86
59807996CB70DE11ADB3106505004BB8;44673735EAF46E11B7B78A650500BC08;2025-06-10;16.0;5914.68
7395F55B3BD6AE11BE2110650500B94A;FC081C55582CED11A62CD892C0003F2A;2025-06-10;-12.0;-2048.28
35F54139D4568E11F243BB6505007B3B;FC081C55582CED11A62CD892C0003F2A;2025-06-10;-2.0;-267.74
5A671960786BFE111280106505000919;B0BDDED34CC83E11052F6792C000B249;2025-06-10;0.0;0.0
1C19926CCD769E11554010650500D04B;44673735EAF46E11B7B78A650500BC08;2025-06-10;-2.0;-229.04
935ECEDC4439BE118772106505000959;44673735EAF46E11B7B78A650500BC08;2025-06-10;0.0;0.0
4D93549D0BC47E11B7B78A650500ED08;44673735EAF46E11B7B78A650500BC08;2025-06-10;0.0;0.0
9915B4B982C7DE11C84610650500107A;FC081C55582CED11A62CD892C0003F2A;2025-06-10;6.0;2062.22
69EE76D69BBD7E110819BB65050039AA;44673735EAF46E11B7B78A650500BC08;2025-06-10;4.0;4316.0
72EDBC1C908FCE11ADB310650500D9B8;B0BDDED34CC83E11052F6792C000B249;2025-06-10;2.0;3153.34
5C8D355625B6BE11877210650500D559;44673735EAF46E11B7B78A650500BC08;2025-06-10;14.0;2736.58
BF56A7020AF53E11052F6792C000FF39;FC081C55582CED11A62CD892C0003F2A;2025-06-10;6.0;1922.2600000000002
AFE9D7708C456E11B7B78A650500BC08;44673735EAF46E11B7B78A650500BC08;2025-06-10;10.0;2985.4
1097D3418C456E11B7B78A650500BC08;44673735EAF46E11B7B78A650500BC08;2025-06-10;16.0;2827.78
A51AFEC5B348EE1191EE1065050038B9;FC081C55582CED11A62CD892C0003F2A;2025-06-10;2.0;3759.32
A603B84A71267E11B7B78A650500ED08;44673735EAF46E11B7B78A650500BC08;2025-06-10;-2.0;-140.4
6E679C94F40ADE11406610650500F14A;44673735EAF46E11B7B78A650500BC08;2025-06-10;-8.0;-184.0
5BD11A79201E6E11B7B78A6505001D08;44673735EAF46E11B7B78A650500BC08;2025-06-10;-28.0;-666.4000000000001
727FB0493D9F7E110819BB65050039AA;44673735EAF46E11B7B78A650500BC08;2025-06-10;-10.0;-778.4000000000001
96DC431298B37E11B7B78A650500DD08;44673735EAF46E11B7B78A650500BC08;2025-06-10;-2.0;-241.82
4939E2C83CCEAE11BE2110650500D35A;44673735EAF46E11B7B78A650500BC08;2025-06-10;-4.0;-71.2
31365BACB11A8E11F243BB650500304B;44673735EAF46E11B7B78A650500BC08;2025-06-10;-2.0;-41.12
33710D5B10556E11B7B78A650500BC08;44673735EAF46E11B7B78A650500BC08;2025-06-10;-2.0;-591.96
45720D1B63B9BE11877210650500A959;44673735EAF46E11B7B78A650500BC08;2025-06-10;-20.0;-2396.0
178E5826E528CE11ADB310650500EFA8;44673735EAF46E11B7B78A650500BC08;2025-06-10;-2.0;-147.76
A45330814471FE1191EE10650500BBB9;44673735EAF46E11B7B78A650500BC08;2025-06-10;-2.0;-422.2
510C339B9C937E11B7B78A650500DD08;44673735EAF46E11B7B78A650500BC08;2025-06-10;-18.0;-1504.08
0245F112C8C77E110819BB65050009AA;44673735EAF46E11B7B78A650500BC08;2025-06-10;-30.0;-1086.6
8C29D72817108E110819BB65050039AA;44673735EAF46E11B7B78A650500BC08;2025-06-10;-2.0;-120.84
92646814576ADE11406610650500724A;44673735EAF46E11B7B78A650500BC08;2025-06-10;-2.0;-131.88
9E073B271836CE11ADB3106505008DA8;44673735EAF46E11B7B78A650500BC08;2025-06-10;-2.0;-197.0
060334BDE781DE11ADB310650500CCB8;44673735EAF46E11B7B78A650500BC08;2025-06-10;-8.0;-984.0
374B53ADA5EF6E11B7B78A650500CD08;44673735EAF46E11B7B78A650500BC08;2025-06-10;-14.0;-793.66
4D97622D44E6EE1191EE1065050096B9;44673735EAF46E11B7B78A650500BC08;2025-06-10;-2.0;-114.0
6C6E2588AC456E11B7B78A650500BC08;44673735EAF46E11B7B78A650500BC08;2025-06-10;-2.0;-321.96
ACB2FEBA47E4DE11ADB31065050031C8;44673735EAF46E11B7B78A650500BC08;2025-06-10;-2.0;-630.14
8BED71512CF9EE1191EE1065050009B9;44673735EAF46E11B7B78A650500BC08;2025-06-10;-2.0;-542.56
531C3EAF391B8E11F243BB650500814B;44673735EAF46E11B7B78A650500BC08;2025-06-10;-2.0;-1370.68
006902914575EE1191EE10650500D4B9;44673735EAF46E11B7B78A650500BC08;2025-06-10;-22.0;-781.0
D1E666DF7D769E11554010650500D04B;44673735EAF46E11B7B78A650500BC08;2025-06-10;-2.0;-79.04
972B6357AC456E11B7B78A650500BC08;44673735EAF46E11B7B78A650500BC08;2025-06-10;-8.0;-564.8
97B4340EC1758E113835BB6505004EAA;44673735EAF46E11B7B78A650500BC08;2025-06-10;-2.0;-180.34
9FFF488963039E115540106505004C3B;44673735EAF46E11B7B78A650500BC08;2025-06-10;-2.0;-198.56
105BFEB295339E115540106505008C3B;44673735EAF46E11B7B78A650500BC08;2025-06-10;-2.0;-67.44
A1014B358AD17E11B7B78A650500CD08;44673735EAF46E11B7B78A650500BC08;2025-06-10;-4.0;-672.0
0E29B69694310F11112A674AC7E2F889;44673735EAF46E11B7B78A650500BC08;2025-06-10;-2.0;-178.0
6EA30455F659EE1191EE1065050009B9;44673735EAF46E11B7B78A650500BC08;2025-06-10;-2.0;-901.02
EDA67B9E837D7E110819BB65050039AA;44673735EAF46E11B7B78A650500BC08;2025-06-10;-8.0;-408.8
D27CA2357FD7AE11BE21106505000B4A;44673735EAF46E11B7B78A650500BC08;2025-06-10;-6.0;-1476.0
A6BBE0C4F5B9CE11ADB310650500F1B8;44673735EAF46E11B7B78A650500BC08;2025-06-10;-2.0;-577.8
98D54DEC9D6D6E11B7B78A650500BC08;44673735EAF46E11B7B78A650500BC08;2025-06-10;-2.0;-72.32
2CF448ED45CF8E11F243BB650500084B;44673735EAF46E11B7B78A650500BC08;2025-06-10;-6.0;-209.44
681A1AD5EC4F6E11B7B78A650500CD08;44673735EAF46E11B7B78A650500BC08;2025-06-10;-2.0;-271.32
198F65B12D456E11B7B78A650500BC08;44673735EAF46E11B7B78A650500BC08;2025-06-10;-2.8;-138.6
1C0C1DBA327DCE11ADB31065050007B8;44673735EAF46E11B7B78A650500BC08;2025-06-10;-2.0;-159.94
8DDC5F73932ABE118772106505003A59;44673735EAF46E11B7B78A650500BC08;2025-06-10;-2.0;-371.62
1D57A43A2392BE11BE2110650500A85A;44673735EAF46E11B7B78A650500BC08;2025-06-10;-4.0;-156.28
EC0C162D3D907E11B7B78A650500CD08;44673735EAF46E11B7B78A650500BC08;2025-06-10;-6.0;-894.0
E051863185ECBE11877210650500BD59;44673735EAF46E11B7B78A650500BC08;2025-06-10;-6.0;-658.74
76EB203F00300F11F1557891FE698789;44673735EAF46E11B7B78A650500BC08;2025-06-10;-2.0;-702.32
4EDDF423F61E4E1142D58A650500BC08;44673735EAF46E11B7B78A650500BC08;2025-06-10;-2.0;-333.8
BE4DC6FD2E456E11B7B78A650500BC08;44673735EAF46E11B7B78A650500BC08;2025-06-10;-8.0;-320.0
9CC2CD657C56BE118772106505006559;44673735EAF46E11B7B78A650500BC08;2025-06-10;-2.0;-1445.0
B8918056E142DE11ADB310650500BDB8;44673735EAF46E11B7B78A650500BC08;2025-06-10;-2.0;-72.1
83DB6294A42AFE11128010650500E819;44673735EAF46E11B7B78A650500BC08;2025-06-10;-2.0;-94.0
49CDE97212EFFE11F1557891FE692789;44673735EAF46E11B7B78A650500BC08;2025-06-10;-2.0;-758.42
539B72C890CAED11A62CD892C0003F2A;44673735EAF46E11B7B78A650500BC08;2025-06-10;-2.0;-690.24
0A4CB8C9CB02CE118772106505004469;44673735EAF46E11B7B78A650500BC08;2025-06-10;-2.0;-6096.06
6DCFC176C0D2FE1191EE106505007DB9;44673735EAF46E11B7B78A650500BC08;2025-06-10;-2.0;-390.72
3B6876C01EEDBE118772106505000F59;44673735EAF46E11B7B78A650500BC08;2025-06-10;-18.0;-1362.32
C76EC99C2D456E11B7B78A650500BC08;44673735EAF46E11B7B78A650500BC08;2025-06-10;-2.0;-495.34
E12609A40C98EE1191EE10650500A8B9;44673735EAF46E11B7B78A650500BC08;2025-06-10;-4.0;-987.36
06AB287F94688E11F243BB6505001E3B;44673735EAF46E11B7B78A650500BC08;2025-06-10;-2.0;-1119.22
74BAF01887527E11B7B78A650500CD08;44673735EAF46E11B7B78A650500BC08;2025-06-10;-2.0;-2966.14
676304C34E456E11B7B78A650500BC08;44673735EAF46E11B7B78A650500BC08;2025-06-10;-8.0;-1284.0
550DEBDC390FEE1191EE1065050029B9;44673735EAF46E11B7B78A650500BC08;2025-06-10;-8.0;-166.10000000000002
282F91B81148EE1191EE1065050038B9;44673735EAF46E11B7B78A650500BC08;2025-06-10;-2.0;-94.0
84D59BED98F07E11B7B78A650500CD08;44673735EAF46E11B7B78A650500BC08;2025-06-10;-8.0;-247.92
ABA90CDB0321DE11ADB3106505003CB8;44673735EAF46E11B7B78A650500BC08;2025-06-10;-4.0;-228.0
439940DDED67EE1191EE1065050017B9;44673735EAF46E11B7B78A650500BC08;2025-06-10;-2.0;-6666.0
4D8CF45E31C7DE11C84610650500107A;44673735EAF46E11B7B78A650500BC08;2025-06-10;-4.0;-39.62
B3C9D397E770BE11BE2110650500F55A;44673735EAF46E11B7B78A650500BC08;2025-06-10;-2.0;-194.74
1C0B74D7D0CAED11A62CD892C0003F2A;44673735EAF46E11B7B78A650500BC08;2025-06-10;-2.0;-254.62
62073ECDAD8BEE1191EE1065050029B9;44673735EAF46E11B7B78A650500BC08;2025-06-10;-2.0;-226.62
3FE3138ACBA5FE1191EE1065050041C9;44673735EAF46E11B7B78A650500BC08;2025-06-10;-2.0;-1964.0
5C141AB4A5E05E1142D58A650500BC08;44673735EAF46E11B7B78A650500BC08;2025-06-10;-2.0;-224.56
7002AE3A2A6BFE111280106505000919;44673735EAF46E11B7B78A650500BC08;2025-06-10;-2.0;-126.2
0675FC27F29DFE11F1557891FE693489;44673735EAF46E11B7B78A650500BC08;2025-06-10;-4.0;-2398.38
77D8A4B271D6FD110DC22A92C000D158;44673735EAF46E11B7B78A650500BC08;2025-06-10;-2.0;-165.18
FB99EE6A88000F11F1557891FE695789;44673735EAF46E11B7B78A650500BC08;2025-06-10;-2.0;-424.44
72BD69038A11FE1191EE106505004BB9;44673735EAF46E11B7B78A650500BC08;2025-06-10;-2.0;-1545.28
0564AE69E158EE1191EE1065050048B9;44673735EAF46E11B7B78A650500BC08;2025-06-10;-2.0;-570.06
AB4583BE45CF8E11F243BB650500084B;44673735EAF46E11B7B78A650500BC08;2025-06-10;-2.0;-77.9
0D4DE77554DCAE11BE2110650500515A;44673735EAF46E11B7B78A650500BC08;2025-06-10;-2.0;-140.0
F87FBF195FDD6E11B7B78A650500BC08;44673735EAF46E11B7B78A650500BC08;2025-06-10;-8.0;-253.04
769AD1693D456E11B7B78A650500BC08;44673735EAF46E11B7B78A650500BC08;2025-06-10;-2.0;-90.64
11AA89BFD672DE11ADB310650500FDB8;44673735EAF46E11B7B78A650500BC08;2025-06-10;-2.0;-320.0
74D93A8F390FEE1191EE1065050029B9;44673735EAF46E11B7B78A650500BC08;2025-06-10;-100.0;-556.24
A8F199F095D3EE11B1AD1065050027EA;44673735EAF46E11B7B78A650500BC08;2025-06-10;-2.0;-183.32
DEE733462B917E11B7B78A650500CD08;44673735EAF46E11B7B78A650500BC08;2025-06-10;-2.0;-73.38
101EABE02D456E11B7B78A650500BC08;44673735EAF46E11B7B78A650500BC08;2025-06-10;-2.0;-1128.0
B78AE0C4F5B9CE11ADB310650500F1B8;44673735EAF46E11B7B78A650500BC08;2025-06-10;-2.0;-554.0
C7DA1BD4EA96FE1191EE1065050072C9;44673735EAF46E11B7B78A650500BC08;2025-06-10;-2.0;-510.0
7BB8CA6CAC456E11B7B78A650500BC08;44673735EAF46E11B7B78A650500BC08;2025-06-10;-2.0;-27.4
A7203DE509AF7E110819BB65050039AA;44673735EAF46E11B7B78A650500BC08;2025-06-10;-4.0;-623.04
445CEACB42708E110819BB65050039AA;44673735EAF46E11B7B78A650500BC08;2025-06-10;-4.0;-438.08000000000004
7636E924AA21BE11BE2110650500D65A;44673735EAF46E11B7B78A650500BC08;2025-06-10;-2.0;-1494.0
FBD35C4C2BC59E11554010650500FF3B;44673735EAF46E11B7B78A650500BC08;2025-06-10;-2.0;-192.72
3ED3904B2E456E11B7B78A650500BC08;44673735EAF46E11B7B78A650500BC08;2025-06-10;-6.0;-900.0
62154759730A3E11052F6792C000D249;44673735EAF46E11B7B78A650500BC08;2025-06-10;-2.0;-825.14
36FA87CF1DD00F11112A674AC7E28889;44673735EAF46E11B7B78A650500BC08;2025-06-10;-128.0;-30345.58
163E4BD62CE7EE1191EE10650500B7B9;44673735EAF46E11B7B78A650500BC08;2025-06-10;-4.0;-47.32
547B282963039E115540106505004C3B;44673735EAF46E11B7B78A650500BC08;2025-06-10;-6.0;-501.66
9482E23955137E11B7B78A650500DD08;44673735EAF46E11B7B78A650500BC08;2025-06-10;-2.0;-298.26
BF2509A16A23AE11726010650500D15A;44673735EAF46E11B7B78A650500BC08;2025-06-10;-2.0;-128.24
09425DFC432ABE118772106505003A59;44673735EAF46E11B7B78A650500BC08;2025-06-10;-2.0;-156.92
A88EED5D653DDE11406610650500364A;44673735EAF46E11B7B78A650500BC08;2025-06-10;-2.0;-453.4
1B9EBFF5F0DCDE11406610650500B54A;44673735EAF46E11B7B78A650500BC08;2025-06-10;-2.0;-65.92
DB71BF7839C6DE11C84610650500DE6A;44673735EAF46E11B7B78A650500BC08;2025-06-10;-2.0;-23.66
FB9713AB0D456E11B7B78A650500BC08;44673735EAF46E11B7B78A650500BC08;2025-06-10;-2.0;-2056.74
B0AF38F5A6F5AE11BE2110650500984A;44673735EAF46E11B7B78A650500BC08;2025-06-10;-2.0;-103.78
6F260505FF84DE11ADB310650500C0C8;44673735EAF46E11B7B78A650500BC08;2025-06-10;-2.0;-1592.9
632533D283C5AE11BE2110650500484A;44673735EAF46E11B7B78A650500BC08;2025-06-10;-2.0;-358.42
D2BC0541508EFE11F1557891FE696589;44673735EAF46E11B7B78A650500BC08;2025-06-10;-2.0;-234.58
FFB6CE3DEB80DE11ADB3106505005BB8;44673735EAF46E11B7B78A650500BC08;2025-06-10;-2.0;-48.74
3B17619EC688CE11ADB31065050070B8;44673735EAF46E11B7B78A650500BC08;2025-06-10;-2.0;-150.94
B9FC4D247A21BE11BE2110650500D65A;44673735EAF46E11B7B78A650500BC08;2025-06-10;-4.0;-867.68
C88AC96C066E9E11726010650500CB4A;44673735EAF46E11B7B78A650500BC08;2025-06-10;-2.0;-65.08
C0DC225B5F7CBE118772106505003D59;44673735EAF46E11B7B78A650500BC08;2025-06-10;-2.0;-190.0
79B99D81CFC5EE1191EE1065050055B9;44673735EAF46E11B7B78A650500BC08;2025-06-10;-42.6;-3182.2200000000003
5F85994CB11A8E11F243BB650500304B;44673735EAF46E11B7B78A650500BC08;2025-06-10;-2.0;-110.62
EBB94D048C456E11B7B78A650500BC08;44673735EAF46E11B7B78A650500BC08;2025-06-10;-2.0;-343.7
77FEA237E770BE11BE2110650500F55A;44673735EAF46E11B7B78A650500BC08;2025-06-10;-2.0;-187.02
C957CDF14AE66E11B7B78A650500BC08;44673735EAF46E11B7B78A650500BC08;2025-06-10;-2.0;-1037.0
FF507936CCFDCE11ADB310650500C7B8;44673735EAF46E11B7B78A650500BC08;2025-06-10;-2.0;-518.0
97C200C9D11BEE1191EE1065050029B9;44673735EAF46E11B7B78A650500BC08;2025-06-10;-4.0;-1492.0
69D6F02A1DC0FE1191EE10650500EAB9;44673735EAF46E11B7B78A650500BC08;2025-06-10;-4.0;-112.32
F6DC431298B37E11B7B78A650500DD08;44673735EAF46E11B7B78A650500BC08;2025-06-10;-2.0;-1179.62
2CAFD870DAD0FE1191EE10650500FAB9;44673735EAF46E11B7B78A650500BC08;2025-06-10;-2.0;-236.24
10E000CE02192E11052F6792C0007F39;44673735EAF46E11B7B78A650500BC08;2025-06-10;-2.0;-508.56
A006B31845179E11554010650500914B;44673735EAF46E11B7B78A650500BC08;2025-06-10;-2.0;-339.46
DC0589672C8EAE11BE2110650500835A;44673735EAF46E11B7B78A650500BC08;2025-06-10;-2.0;-226.12
13E4C8736752CE11877210650500A469;44673735EAF46E11B7B78A650500BC08;2025-06-10;-2.0;-516.4
1E76FF75660BAE11BE21106505000F4A;44673735EAF46E11B7B78A650500BC08;2025-06-10;-2.0;-266.66
32469E05C11A8E11F243BB650500304B;44673735EAF46E11B7B78A650500BC08;2025-06-10;-2.0;-105.98
F2BC54E18120FE1191EE106505000AB9;FC081C55582CED11A62CD892C0003F2A;2025-06-10;-4.0;-302.84
F0F55FEA3974EE11B1AD10650500F7EA;FC081C55582CED11A62CD892C0003F2A;2025-06-10;-4.0;-48.0
6E6B2869F0BB8E11F243BB650500424B;FC081C55582CED11A62CD892C0003F2A;2025-06-10;-2.0;-210.42
7F07EC2F93D67E11B7B78A650500ED08;FC081C55582CED11A62CD892C0003F2A;2025-06-10;-4.0;-142.46
165C11036A5D7E110819BB65050039AA;FC081C55582CED11A62CD892C0003F2A;2025-06-10;-54.0;-368.22
E2A0EDEDF0BB8E11F243BB650500424B;FC081C55582CED11A62CD892C0003F2A;2025-06-10;-2.0;-498.28
90668B8E2E56BE118772106505006559;FC081C55582CED11A62CD892C0003F2A;2025-06-10;-2.0;-178.0
D4E9AFA771500F11F1557891FE69B789;FC081C55582CED11A62CD892C0003F2A;2025-06-10;-2.0;-24.0
C228B7D771500F11F1557891FE69B789;FC081C55582CED11A62CD892C0003F2A;2025-06-10;-2.0;-38.0
F792A779B6EBEE1191EE1065050029B9;FC081C55582CED11A62CD892C0003F2A;2025-06-10;-2.0;-129.32
33D30F173B38BE11877210650500C759;FC081C55582CED11A62CD892C0003F2A;2025-06-10;-2.0;-98.18
7D2A9BB57654EE11B1AD10650500C7EA;FC081C55582CED11A62CD892C0003F2A;2025-06-10;-2.0;-25.86
9CD5D6068B50EE114066106505005A4A;FC081C55582CED11A62CD892C0003F2A;2025-06-10;-2.0;-79.8
BE762A66BCF6AE11BE2110650500E94A;FC081C55582CED11A62CD892C0003F2A;2025-06-10;-2.0;-168.0
02BEA12619B00F11F1557891FE693889;FC081C55582CED11A62CD892C0003F2A;2025-06-10;-2.0;-99.8
88544E734974EE11B1AD10650500F7EA;FC081C55582CED11A62CD892C0003F2A;2025-06-10;-2.0;-24.0
49469CD57CB2CE118772106505002569;FC081C55582CED11A62CD892C0003F2A;2025-06-10;-2.0;-149.98
1E16B7296945BE11BE21106505001C5A;FC081C55582CED11A62CD892C0003F2A;2025-06-10;-2.0;-115.68
5660FE7C932EDE11406610650500774A;FC081C55582CED11A62CD892C0003F2A;2025-06-10;-8.0;-378.56
569D7A7FEF986E11B7B78A650500BC08;FC081C55582CED11A62CD892C0003F2A;2025-06-10;-4.0;-83.04
2A62F68921500F11F1557891FE69B789;FC081C55582CED11A62CD892C0003F2A;2025-06-10;-2.0;-781.3
F0577C8C759DBE118772106505009E59;FC081C55582CED11A62CD892C0003F2A;2025-06-10;-8.0;-523.84
BC9C530E8FCA9E11525010650500EB4A;FC081C55582CED11A62CD892C0003F2A;2025-06-10;-2.0;-63.26
A8249902C43D8E11F243BB650500B44B;FC081C55582CED11A62CD892C0003F2A;2025-06-10;-2.0;-220.02
91D65036DE75FD110DC22A92C000D158;FC081C55582CED11A62CD892C0003F2A;2025-06-10;-10.0;-195.88
B92FCA5B1E2F8E11F243BB650500474B;FC081C55582CED11A62CD892C0003F2A;2025-06-10;-4.0;-335.8
08587A2041CAED11A62CD892C0003F2A;FC081C55582CED11A62CD892C0003F2A;2025-06-10;-2.0;-422.56
00A3B3A4E0CAED11A62CD892C0003F2A;FC081C55582CED11A62CD892C0003F2A;2025-06-10;-2.0;-351.12
BFD000CE02192E11052F6792C0007F39;FC081C55582CED11A62CD892C0003F2A;2025-06-10;-2.0;-337.28
E6529578A6208E110819BB65050039AA;FC081C55582CED11A62CD892C0003F2A;2025-06-10;-2.0;-476.86
3201C7FFF0CAED11A62CD892C0003F2A;FC081C55582CED11A62CD892C0003F2A;2025-06-10;-2.0;-102.16
8B05BDD29C8DED11A62CD892C0003F2A;FC081C55582CED11A62CD892C0003F2A;2025-06-10;-2.0;-384.52
829DD5F63589DE11406610650500514A;FC081C55582CED11A62CD892C0003F2A;2025-06-10;-2.0;-350.0
7405F68F5F5CCE11ADB31065050095B8;FC081C55582CED11A62CD892C0003F2A;2025-06-10;-2.0;-2262.32
55A063D9E3968E11F243BB650500CB3B;FC081C55582CED11A62CD892C0003F2A;2025-06-10;-2.0;-212.9
8D6F0999DEF5DE11ADB31065050092C8;FC081C55582CED11A62CD892C0003F2A;2025-06-10;-2.0;-402.58
22B0BB5F01CAED11A62CD892C0003F2A;FC081C55582CED11A62CD892C0003F2A;2025-06-10;-8.0;-1424.0
32716CB14579FE11128010650500E819;FC081C55582CED11A62CD892C0003F2A;2025-06-10;-6.0;-218.64
FB11619AC3D5CE11ADB3106505005DA8;FC081C55582CED11A62CD892C0003F2A;2025-06-10;-8.0;-4078.8
9A087B7A10C9BE11877210650500B959;FC081C55582CED11A62CD892C0003F2A;2025-06-10;-2.0;-109.9
2FD20E8773D0DE11ADB310650500BBB8;FC081C55582CED11A62CD892C0003F2A;2025-06-10;-4.0;-57.52
427310B7F5CD2E11052F6792C000CF39;FC081C55582CED11A62CD892C0003F2A;2025-06-10;-2.0;-817.6
7895C2150DDDFE11F1557891FE699489;FC081C55582CED11A62CD892C0003F2A;2025-06-10;-2.0;-724.9
746284D0DFBBFE111280106505000919;FC081C55582CED11A62CD892C0003F2A;2025-06-10;-2.0;-166.06
ABA78A089421FE1191EE106505005BB9;FC081C55582CED11A62CD892C0003F2A;2025-06-10;-2.0;-397.98
1D02F2340F0EEE1191EE1065050029B9;FC081C55582CED11A62CD892C0003F2A;2025-06-10;-2.0;-239.96
1553524500B7FE1191EE10650500E3C9;FC081C55582CED11A62CD892C0003F2A;2025-06-10;-4.0;-4031.12
8071FD22BD010F11112A674AC7E2C889;FC081C55582CED11A62CD892C0003F2A;2025-06-10;-2.0;-665.24
4BB186443767BE11877210650500B659;FC081C55582CED11A62CD892C0003F2A;2025-06-10;-2.0;-167.92
A2D9273D31458E113835BB6505000EAA;FC081C55582CED11A62CD892C0003F2A;2025-06-10;-2.0;-274.82
16283935E145DE11ADB310650500A1C8;FC081C55582CED11A62CD892C0003F2A;2025-06-10;-2.0;-183.42
8033F6C2D74CDE11406610650500054A;FC081C55582CED11A62CD892C0003F2A;2025-06-10;-4.0;-84.32
6E057AC7D8420F114EF7A826072B6A89;FC081C55582CED11A62CD892C0003F2A;2025-06-10;-4.0;-375.32
380C5E21AA3EED11A62CD892C000399B;FC081C55582CED11A62CD892C0003F2A;2025-06-10;-4.0;-93.82
39F5605DD0CAED11A62CD892C0003F2A;FC081C55582CED11A62CD892C0003F2A;2025-06-10;-4.0;-2365.6
ACF74A7B0321DE11ADB3106505003CB8;FC081C55582CED11A62CD892C0003F2A;2025-06-10;-6.0;-330.0
F988DD2604699E115250106505001A4A;FC081C55582CED11A62CD892C0003F2A;2025-06-10;-2.0;-239.62
F07F08177A767E11B7B78A650500ED08;FC081C55582CED11A62CD892C0003F2A;2025-06-10;-2.0;-279.36
7B43866C49CA2E11052F6792C0007F39;FC081C55582CED11A62CD892C0003F2A;2025-06-10;-4.0;-602.4200000000001
CB8B19FD79B1EE114066106505001C4A;FC081C55582CED11A62CD892C0003F2A;2025-06-10;-4.0;-256.96
3EC35FC9E6C10E11A4A96492C0002019;FC081C55582CED11A62CD892C0003F2A;2025-06-10;-8.0;-683.12
A6238563D0BFFE11F1557891FE69E689;FC081C55582CED11A62CD892C0003F2A;2025-06-10;-2.0;-583.18
5A3D5A4D61C89E11525010650500394A;FC081C55582CED11A62CD892C0003F2A;2025-06-10;-8.0;-166.08
49684E133137EE1191EE10650500C6B9;FC081C55582CED11A62CD892C0003F2A;2025-06-10;-2.0;-169.1
27E403BF78E2DE11ADB3106505008EB8;FC081C55582CED11A62CD892C0003F2A;2025-06-10;-2.0;-233.0
91EABB561EE4AE11726010650500145A;FC081C55582CED11A62CD892C0003F2A;2025-06-10;-2.0;-124.68
4EAF4D49FCA86E11B7B78A650500BC08;FC081C55582CED11A62CD892C0003F2A;2025-06-10;-2.0;-775.1
5829A2130CEAEE1191EE1065050029B9;FC081C55582CED11A62CD892C0003F2A;2025-06-10;-2.0;-853.0
9A8EDD1091A6DE11ADB31065050063C8;FC081C55582CED11A62CD892C0003F2A;2025-06-10;-2.0;-29.18
235A9EACB4E9AE11BE21106505009D4A;FC081C55582CED11A62CD892C0003F2A;2025-06-10;-2.0;-517.0
2D5CCA3AF2F8AE11BE21106505006C4A;FC081C55582CED11A62CD892C0003F2A;2025-06-10;-4.0;-977.34
AB2C6D5B01CAED11A62CD892C0003F2A;FC081C55582CED11A62CD892C0003F2A;2025-06-10;-2.0;-427.82
8B9A732C14BEEE1191EE1065050029B9;FC081C55582CED11A62CD892C0003F2A;2025-06-10;-4.0;-463.44
81B598A8E3879E11554010650500224B;FC081C55582CED11A62CD892C0003F2A;2025-06-10;-2.0;-338.68
469AF7ADCC15EE11B1AD10650500C8EA;FC081C55582CED11A62CD892C0003F2A;2025-06-10;-2.0;-352.12
FF888E96CBD4DE11ADB31065050021C8;FC081C55582CED11A62CD892C0003F2A;2025-06-10;-2.0;-333.36
7B9BB93EC1AB7E110819BB65050039AA;FC081C55582CED11A62CD892C0003F2A;2025-06-10;-2.0;-553.42
45720D1B63B9BE11877210650500A959;FC081C55582CED11A62CD892C0003F2A;2025-06-10;-2.0;-239.6
0CC9A7DD69B1EE114066106505001C4A;FC081C55582CED11A62CD892C0003F2A;2025-06-10;-2.0;-316.48
861AE7F591CAED11A62CD892C0003F2A;FC081C55582CED11A62CD892C0003F2A;2025-06-10;-2.0;-564.0
C517A2F52AF1EE114066106505007C4A;FC081C55582CED11A62CD892C0003F2A;2025-06-10;-2.0;-131.42
7908F7BBF4E3FE1191EE10650500FEB9;FC081C55582CED11A62CD892C0003F2A;2025-06-10;-2.0;-232.14
AFD20C1F21CAED11A62CD892C0003F2A;FC081C55582CED11A62CD892C0003F2A;2025-06-10;-2.0;-138.06
0C4F278C0ADEAE11BE2110650500E35A;FC081C55582CED11A62CD892C0003F2A;2025-06-10;-12.0;-221.4
5061DAAB0CC46E11B7B78A650500BC08;FC081C55582CED11A62CD892C0003F2A;2025-06-10;-2.0;-196.9
632533D283C5AE11BE2110650500484A;FC081C55582CED11A62CD892C0003F2A;2025-06-10;-10.0;-1745.14
41761D13477EFE11F1557891FE695589;FC081C55582CED11A62CD892C0003F2A;2025-06-10;-2.0;-165.0
32447A5EE909DE11C84610650500B17A;FC081C55582CED11A62CD892C0003F2A;2025-06-10;-4.0;-102.0
BCDB9CDFCD00EE11406610650500F94A;FC081C55582CED11A62CD892C0003F2A;2025-06-10;-2.0;-128.0
9430B1FCF502EE114066106505008C4A;FC081C55582CED11A62CD892C0003F2A;2025-06-10;-2.0;-170.1
CDFE90248F4B6E11B7B78A650500BC08;FC081C55582CED11A62CD892C0003F2A;2025-06-10;-2.0;-385.34
AA7684FBE61ECE11ADB310650500E7B8;FC081C55582CED11A62CD892C0003F2A;2025-06-10;-2.0;-658.96
D19CCCF8C623DE11ADB310650500DEB8;FC081C55582CED11A62CD892C0003F2A;2025-06-10;-2.0;-437.62
27E722AAF192FE1191EE106505002DB9;FC081C55582CED11A62CD892C0003F2A;2025-06-10;-2.0;-77.9
2EE51D13477EFE11F1557891FE695589;FC081C55582CED11A62CD892C0003F2A;2025-06-10;-2.0;-720.0
36C279B05FAAFE11128010650500E819;FC081C55582CED11A62CD892C0003F2A;2025-06-10;-2.0;-153.72
1796B4A20DE3DE11ADB310650500DFB8;FC081C55582CED11A62CD892C0003F2A;2025-06-10;-2.0;-296.76
2E1473A8DDE6DE11C846106505000F6A;FC081C55582CED11A62CD892C0003F2A;2025-06-10;-4.0;-47.32
8451F37474F4DE11ADB31065050041C8;FC081C55582CED11A62CD892C0003F2A;2025-06-10;-2.0;-223.18
BC0096BF6315EE11B1AD10650500B8EA;FC081C55582CED11A62CD892C0003F2A;2025-06-10;-2.0;-283.22
163E4BD62CE7EE1191EE10650500B7B9;FC081C55582CED11A62CD892C0003F2A;2025-06-10;-8.0;-94.64
9EDEFDFC222DFE11F1557891FE69A389;FC081C55582CED11A62CD892C0003F2A;2025-06-10;-4.0;-231.9
DB034B431FE2BE11BE2110650500195A;FC081C55582CED11A62CD892C0003F2A;2025-06-10;-2.0;-22.4
A1592EF5F6E89E11525010650500694A;FC081C55582CED11A62CD892C0003F2A;2025-06-10;-2.0;-1270.88
AAE7BDF13EDBBE118772106505006C59;FC081C55582CED11A62CD892C0003F2A;2025-06-10;-2.0;-343.92
63365A69F7BAFE11128010650500E819;FC081C55582CED11A62CD892C0003F2A;2025-06-10;-2.0;-80.0
F01BF3A9DB2BBE118772106505008B59;FC081C55582CED11A62CD892C0003F2A;2025-06-10;-2.0;-695.04
837CEB5FC7DE4E1142D58A650500BC08;FC081C55582CED11A62CD892C0003F2A;2025-06-10;-2.0;-206.44
F8301A904E06FE1191EE10650500C1C9;FC081C55582CED11A62CD892C0003F2A;2025-06-10;-4.0;-862.62
034D7062196BEE1191EE1065050029B9;FC081C55582CED11A62CD892C0003F2A;2025-06-10;-2.0;-71.1
98E59375470A0E11A4A96492C0001269;FC081C55582CED11A62CD892C0003F2A;2025-06-10;-4.0;-200.8
D9932D5E68DDCE11ADB31065050097B8;FC081C55582CED11A62CD892C0003F2A;2025-06-10;-2.0;-68.1
D82AD5C98EDFEE1191EE10650500B9B9;FC081C55582CED11A62CD892C0003F2A;2025-06-10;-2.0;-3264.3
0258252DAC5A3E11052F6792C000D249;FC081C55582CED11A62CD892C0003F2A;2025-06-10;-2.0;-484.62
67ACBA0B7092DE11ADB3106505001EB8;FC081C55582CED11A62CD892C0003F2A;2025-06-10;-2.0;-175.1
4FB7820BD72EFE11F1557891FE69F489;FC081C55582CED11A62CD892C0003F2A;2025-06-10;-2.0;-464.0
7C439A624F49AE11BE2110650500DC4A;FC081C55582CED11A62CD892C0003F2A;2025-06-10;-2.0;-116.38
8950F967EC14CE11877210650500E669;FC081C55582CED11A62CD892C0003F2A;2025-06-10;-2.0;-250.32
FBC37041DEE2BE11BE2110650500195A;FC081C55582CED11A62CD892C0003F2A;2025-06-10;-2.0;-32.42
D1B930983B3D5E1142D58A6505002D08;FC081C55582CED11A62CD892C0003F2A;2025-06-10;-4.0;-157.86
3A332A90025EFE11F1557891FE692589;FC081C55582CED11A62CD892C0003F2A;2025-06-10;-2.0;-189.88
3C4797C5F467FE1191EE1065050083C9;FC081C55582CED11A62CD892C0003F2A;2025-06-10;-2.0;-3153.38
043442EEEFB9BE11877210650500B959;FC081C55582CED11A62CD892C0003F2A;2025-06-10;-2.0;-165.24
A52E7707F2CAED11A62CD892C0003F2A;FC081C55582CED11A62CD892C0003F2A;2025-06-10;-4.0;-119.14
425F2E7A359BCE11ADB31065050074B8;FC081C55582CED11A62CD892C0003F2A;2025-06-10;-2.0;-765.24
72B7B4BE21DCDE11406610650500B54A;FC081C55582CED11A62CD892C0003F2A;2025-06-10;-4.0;-734.24
624771335395AE11726010650500E45A;FC081C55582CED11A62CD892C0003F2A;2025-06-10;-2.0;-807.56
0F9FF0D205ABEE1191EE1065050029B9;FC081C55582CED11A62CD892C0003F2A;2025-06-10;-2.0;-39.96
F580857200E7EE1191EE10650500A7B9;FC081C55582CED11A62CD892C0003F2A;2025-06-10;-2.0;-36.86
787D7E8CF0CAED11A62CD892C0003F2A;B0BDDED34CC83E11052F6792C000B249;2025-06-10;-2.0;-706.4
4AE3CBF90DC2DE11ADB3106505006EB8;B0BDDED34CC83E11052F6792C000B249;2025-06-10;-2.0;-88.14
F7DE744FAC58FE11128010650500D819;B0BDDED34CC83E11052F6792C000B249;2025-06-10;-2.0;-132.0
F7B5FF0809CBFD11A4A96492C000CB59;B0BDDED34CC83E11052F6792C000B249;2025-06-10;-2.0;-44.54
44182321229EBE11877210650500DF59;B0BDDED34CC83E11052F6792C000B249;2025-06-10;-4.0;-111.44
B8F8E0A6C6E3AE11726010650500C25A;B0BDDED34CC83E11052F6792C000B249;2025-06-10;-2.0;-48.0
66E86399FC410F11112A674AC7E21989;B0BDDED34CC83E11052F6792C000B249;2025-06-10;-2.0;-246.18
339032F28ABAFE11128010650500E819;B0BDDED34CC83E11052F6792C000B249;2025-06-10;-4.0;-125.44
42B158B398A05E1142D58A650500BC08;B0BDDED34CC83E11052F6792C000B249;2025-06-10;-4.0;-1135.9
45720D1B63B9BE11877210650500A959;B0BDDED34CC83E11052F6792C000B249;2025-06-10;-2.0;-239.6
1B4F278C0ADEAE11BE2110650500E35A;B0BDDED34CC83E11052F6792C000B249;2025-06-10;-8.0;-297.2
421962B377B40E11A4A96492C000067B;B0BDDED34CC83E11052F6792C000B249;2025-06-10;-6.0;-79.56
26018428F0CAED11A62CD892C0003F2A;B0BDDED34CC83E11052F6792C000B249;2025-06-10;-18.0;-2099.88
D0DB4AD961CAED11A62CD892C0003F2A;B0BDDED34CC83E11052F6792C000B249;2025-06-10;-6.0;-504.1
9D4EAE8BF0CAED11A62CD892C0003F2A;B0BDDED34CC83E11052F6792C000B249;2025-06-10;-4.0;-551.2
0166377CE4126E1142D58A650500AD08;B0BDDED34CC83E11052F6792C000B249;2025-06-10;-2.0;-691.36
6585CF0302CAED11A62CD892C0003F2A;B0BDDED34CC83E11052F6792C000B249;2025-06-10;-2.0;-168.34
87AF8A5FC0CAED11A62CD892C0003F2A;B0BDDED34CC83E11052F6792C000B249;2025-06-10;-4.0;-788.04
0A9EF37B8A65EE11B1AD1065050039EA;B0BDDED34CC83E11052F6792C000B249;2025-06-10;-2.0;-46.0
60B762BAE497AE11BE2110650500AA4A;B0BDDED34CC83E11052F6792C000B249;2025-06-10;-2.0;-167.4
1160F5CB3A2E6E11B7B78A6505003D08;B0BDDED34CC83E11052F6792C000B249;2025-06-10;-2.0;-231.0
36002BFD52DC4E1142D58A650500BC08;B0BDDED34CC83E11052F6792C000B249;2025-06-10;-4.0;-362.08
8765B5E89B547E11B7B78A650500ED08;B0BDDED34CC83E11052F6792C000B249;2025-06-10;-2.0;-767.42
0E108DE8FF214E1142D58A650500DB08;B0BDDED34CC83E11052F6792C000B249;2025-06-10;-6.0;-732.84
DDC67A9CC0CAED11A62CD892C0003F2A;B0BDDED34CC83E11052F6792C000B249;2025-06-10;-2.0;-245.26
0E3D292624789E11525010650500D84A;B0BDDED34CC83E11052F6792C000B249;2025-06-10;-6.0;-113.16
183B302B9D0BDE11406610650500534A;B0BDDED34CC83E11052F6792C000B249;2025-06-10;-8.0;-240.56
53811D047946DE11ADB310650500F2C8;B0BDDED34CC83E11052F6792C000B249;2025-06-10;-14.0;-591.32
9F49B7392BD92E11052F6792C0007F39;B0BDDED34CC83E11052F6792C000B249;2025-06-10;-2.0;-1391.5
099C53538ABAFE11128010650500E819;B0BDDED34CC83E11052F6792C000B249;2025-06-10;-14.0;-414.96
800B26AD38B18E11A442BB65050079AA;B0BDDED34CC83E11052F6792C000B249;2025-06-10;-4.0;-220.8
1B9B7DB26C6FEE1191EE1065050029B9;B0BDDED34CC83E11052F6792C000B249;2025-06-10;-2.0;-174.28
4C1A9220AC82DE11ADB3106505001EB8;B0BDDED34CC83E11052F6792C000B249;2025-06-10;-2.0;-334.4
3ED7397C4032FE1191EE10650500ACB9;B0BDDED34CC83E11052F6792C000B249;2025-06-10;-4.0;-270.24
7BC9FD3045A3EE11B1AD10650500E6EA;B0BDDED34CC83E11052F6792C000B249;2025-06-10;-2.0;-2598.78
D8B400467F09FE11128010650500E819;B0BDDED34CC83E11052F6792C000B249;2025-06-10;-2.0;-93.24
917F3CB29A827E11B7B78A650500DD08;B0BDDED34CC83E11052F6792C000B249;2025-06-10;-4.0;-573.96
381862CB378C9E11726010650500594A;B0BDDED34CC83E11052F6792C000B249;2025-06-10;-2.0;-836.02
70A76EE2378B3E11052F6792C000D249;B0BDDED34CC83E11052F6792C000B249;2025-06-10;-4.0;-137.0
EEE0FF06989FBE118772106505002169;B0BDDED34CC83E11052F6792C000B249;2025-06-10;-2.0;-110.78
8759A44AA1256E11B7B78A650500BC08;B0BDDED34CC83E11052F6792C000B249;2025-06-10;-2.0;-100.18
9BD9184A3BF7FE11128010650500D819;B0BDDED34CC83E11052F6792C000B249;2025-06-10;-2.0;-1225.32
8FB7843B86C9DE11406610650500A14A;B0BDDED34CC83E11052F6792C000B249;2025-06-10;-2.0;-153.68
F080527668511E1143F0668E42008C3B;B0BDDED34CC83E11052F6792C000B249;2025-06-10;-2.0;-702.28
2489CCD7C9BF0E1123F0668E42005B38;B0BDDED34CC83E11052F6792C000B249;2025-06-10;-10.0;-231.60000000000002
09B3436BE358FE11128010650500D819;B0BDDED34CC83E11052F6792C000B249;2025-06-10;-2.0;-188.94
095B5C7F171BDE11406610650500634A;B0BDDED34CC83E11052F6792C000B249;2025-06-10;-2.0;-219.0
66A05155F92E6E11B7B78A6505003D08;B0BDDED34CC83E11052F6792C000B249;2025-06-10;-4.0;-189.44
441C1346E3D9DE11406610650500B14A;B0BDDED34CC83E11052F6792C000B249;2025-06-10;-2.0;-118.78
F12FE1C0C0F23E11052F6792C000CF39;B0BDDED34CC83E11052F6792C000B249;2025-06-10;-2.0;-214.6
99E00D88A0CAED11A62CD892C0003F2A;B0BDDED34CC83E11052F6792C000B249;2025-06-10;-2.0;-83.22
4E955E04E0CAED11A62CD892C0003F2A;B0BDDED34CC83E11052F6792C000B249;2025-06-10;-2.0;-937.28
37EDB4EDD596DE11ADB31065050053C8;B0BDDED34CC83E11052F6792C000B249;2025-06-10;-2.0;-44.36
5741096E1978FE11128010650500D819;B0BDDED34CC83E11052F6792C000B249;2025-06-10;-2.0;-561.52
97CD8EB858797E110819BB65050019AA;B0BDDED34CC83E11052F6792C000B249;2025-06-10;-6.0;-814.2
CC7022069F45DE11ADB310650500B1C8;B0BDDED34CC83E11052F6792C000B249;2025-06-10;-2.0;-262.14
368C391E4E09BE11877210650500D859;B0BDDED34CC83E11052F6792C000B249;2025-06-10;-2.0;-370.12
A8A7DC89C8D16E1142D58A650500AD08;B0BDDED34CC83E11052F6792C000B249;2025-06-10;-2.0;-2402.04
46B486E755C45E1142D58A650500DC08;B0BDDED34CC83E11052F6792C000B249;2025-06-10;-2.0;-132.42
A98C963E01CAED11A62CD892C0003F2A;B0BDDED34CC83E11052F6792C000B249;2025-06-10;-2.0;-205.86
58A3A0E00900CE11877210650500B169;B0BDDED34CC83E11052F6792C000B249;2025-06-10;-2.0;-481.78
DE121B1EDF61FE1191EE10650500BBB9;B0BDDED34CC83E11052F6792C000B249;2025-06-10;-2.0;-127.38
B75B2D5EFFEBDE11406610650500844A;B0BDDED34CC83E11052F6792C000B249;2025-06-10;-2.0;-1136.1
BBEBD6631B232E1143F0668E4200C71A;B0BDDED34CC83E11052F6792C000B249;2025-06-10;-2.0;-57.04
35C39CD922606E1142D58A650500AD08;B0BDDED34CC83E11052F6792C000B249;2025-06-10;-2.0;-350.76
CDE36A66D343FE1191EE106505001EB9;B0BDDED34CC83E11052F6792C000B249;2025-06-10;-2.0;-181.04
3471EE224CD44E1142D58A6505002C08;B0BDDED34CC83E11052F6792C000B249;2025-06-10;10.0;688.84
B6F47168E0A1DE11ADB310650500ECB8;44673735EAF46E11B7B78A650500BC08;2025-06-10;0.0;0.0
C6A3A0BECC07BE118772106505004659;44673735EAF46E11B7B78A650500BC08;2025-06-10;0.0;0.0
FD588E9FAD67EE1191EE1065050017B9;B0BDDED34CC83E11052F6792C000B249;2025-06-10;10.0;925.84
82377D17C0CAED11A62CD892C0003F2A;FC081C55582CED11A62CD892C0003F2A;2025-06-10;20.0;6113.6
7152D7FA7F06BE118772106505000559;FC081C55582CED11A62CD892C0003F2A;2025-06-10;4.0;310.2
17AFE28FD0CAED11A62CD892C0003F2A;FC081C55582CED11A62CD892C0003F2A;2025-06-10;8.0;1093.02
2E6CF6B92C229E115540106505003B3B;FC081C55582CED11A62CD892C0003F2A;2025-06-10;2.0;1227.1
FF87027411CAED11A62CD892C0003F2A;FC081C55582CED11A62CD892C0003F2A;2025-06-10;6.0;2041.68
0BA06BDE073CBE11877210650500DC59;FC081C55582CED11A62CD892C0003F2A;2025-06-10;16.0;4517.5
65487D760CC4CE11ADB3106505000DA8;B0BDDED34CC83E11052F6792C000B249;2025-06-10;0.0;0.0
CE8CF45E31C7DE11C84610650500107A;44673735EAF46E11B7B78A650500BC08;2025-06-10;0.0;0.0
92A179CBAEABFD11A4A96492C000CB59;FC081C55582CED11A62CD892C0003F2A;2025-06-10;10.0;6884.5
B0BE32FD2D783E11052F6792C000B249;FC081C55582CED11A62CD892C0003F2A;2025-06-10;20.0;5316.0
9A5C0D8F6B72BE11BE2110650500885A;B0BDDED34CC83E11052F6792C000B249;2025-06-10;24.0;1281.6
92C9D397E770BE11BE2110650500F55A;44673735EAF46E11B7B78A650500BC08;2025-06-10;30.0;399.67999999999995
0DCD77918754EE11B1AD10650500C7EA;FC081C55582CED11A62CD892C0003F2A;2025-06-10;16.0;4200.32
F76807CEDE06FE1191EE10650500C1C9;FC081C55582CED11A62CD892C0003F2A;2025-06-10;2.0;2480.54
B056629F0657FE1191EE1065050073C9;44673735EAF46E11B7B78A650500BC08;2025-06-10;200.0;13548.2
8360A9054C456E11B7B78A650500BC08;44673735EAF46E11B7B78A650500BC08;2025-06-10;92.0;6988.66
AB126517CEF5DE11ADB31065050092C8;FC081C55582CED11A62CD892C0003F2A;2025-06-10;-34.0;-6360.540000000001
E23732FC5CFFFE11F1557891FE694789;FC081C55582CED11A62CD892C0003F2A;2025-06-10;18.0;792.0
9335C2A70D460E11A4A96492C0004B38;FC081C55582CED11A62CD892C0003F2A;2025-06-10;2.0;3288.22
D955C19F5145DE11ADB310650500A1C8;FC081C55582CED11A62CD892C0003F2A;2025-06-10;24.0;4255.44
BE9BFD498EE1EE114066106505006C4A;FC081C55582CED11A62CD892C0003F2A;2025-06-10;8.0;399.84
65F656EC6F35DE11ADB310650500A1C8;FC081C55582CED11A62CD892C0003F2A;2025-06-10;4.0;466.48
8C86A9D094520F114EF7A826072B7A89;B0BDDED34CC83E11052F6792C000B249;2025-06-10;4.0;2760.34
F2B377F094520F114EF7A826072B7A89;B0BDDED34CC83E11052F6792C000B249;2025-06-10;2.0;1380.18
7D318018EB23FE1191EE10650500FDB9;FC081C55582CED11A62CD892C0003F2A;2025-06-10;0.0;0.0
A60CA6D3D4388E11F243BB650500DD3B;FC081C55582CED11A62CD892C0003F2A;2025-06-10;0.0;0.0
F7D58714648DFE11F1557891FE692489;44673735EAF46E11B7B78A650500BC08;2025-06-10;40.0;241.52
3B5E021100E7EE1191EE10650500A7B9;B0BDDED34CC83E11052F6792C000B249;2025-06-10;20.0;107.36
FAF58FB1DC456E11B7B78A650500BC08;44673735EAF46E11B7B78A650500BC08;2025-06-10;48.0;3381.76
F44136F7D7A5DE11ADB31065050022C8;44673735EAF46E11B7B78A650500BC08;2025-06-10;20.0;1143.38
3789DC69F39CDE11406610650500654A;FC081C55582CED11A62CD892C0003F2A;2025-06-10;8.0;1448.84
7D577F655AE66E11B7B78A650500BC08;44673735EAF46E11B7B78A650500BC08;2025-06-10;200.0;6040.0
04EE077F7D456E11B7B78A650500BC08;44673735EAF46E11B7B78A650500BC08;2025-06-10;200.0;6240.0
08D5B41DDDB89E11525010650500394A;B0BDDED34CC83E11052F6792C000B249;2025-06-10;0.0;0.0
D031BAF71ABAFE11128010650500E819;B0BDDED34CC83E11052F6792C000B249;2025-06-10;0.0;0.0
CA277CB182F3FE1191EE106505000FB9;B0BDDED34CC83E11052F6792C000B249;2025-06-10;0.0;0.0
7AC0B1EBB9456E11B7B78A650500BC08;44673735EAF46E11B7B78A650500BC08;2025-06-10;-2.0;-204.14
68E0DC5C30556E11B7B78A650500BC08;44673735EAF46E11B7B78A650500BC08;2025-06-10;-2.0;-506.28
0EFDA876E61E4E1142D58A650500BC08;44673735EAF46E11B7B78A650500BC08;2025-06-10;22.0;3671.7999999999997
550FEBF9F5385E1142D58A650500DC08;44673735EAF46E11B7B78A650500BC08;2025-06-10;8.0;1335.1999999999998
F9C6129DABE1EE114066106505006C4A;44673735EAF46E11B7B78A650500BC08;2025-06-10;22.0;2479.4
2A3BD0D4F5B9CE11ADB310650500F1B8;44673735EAF46E11B7B78A650500BC08;2025-06-10;24.0;4454.4
88584AE94D12EE11406610650500AC4A;FC081C55582CED11A62CD892C0003F2A;2025-06-10;0.0;0.0
31A07996CB70DE11ADB3106505004BB8;44673735EAF46E11B7B78A650500BC08;2025-06-10;10.0;5805.74
EDD05A2CDF5DEE1191EE1065050029B9;FC081C55582CED11A62CD892C0003F2A;2025-06-10;0.0;0.0
5ACB9F36A1130F114EF7A826072B6B89;FC081C55582CED11A62CD892C0003F2A;2025-06-10;0.0;0.0
6511AA5961CAED11A62CD892C0003F2A;FC081C55582CED11A62CD892C0003F2A;2025-06-10;-4.0;-435.68
A3AA00F905E28E11996DBB6505001BAA;FC081C55582CED11A62CD892C0003F2A;2025-06-10;-2.0;-60.22
62E562F2CF10FE1191EE106505000AB9;FC081C55582CED11A62CD892C0003F2A;2025-06-10;0.0;0.0
458A1977AC62FE1191EE10650500FCB9;FC081C55582CED11A62CD892C0003F2A;2025-06-10;0.0;0.0
6647ECD834968E11F243BB650500CB3B;FC081C55582CED11A62CD892C0003F2A;2025-06-10;0.0;0.0
60D0225A3F45DE11ADB310650500B1C8;FC081C55582CED11A62CD892C0003F2A;2025-06-10;-6.0;-3095.2200000000003
7C7E9CD479037E11B7B78A650500DD08;44673735EAF46E11B7B78A650500BC08;2025-06-10;6.0;1053.36
DCD13DA75FACEE1191EE1065050029B9;44673735EAF46E11B7B78A650500BC08;2025-06-10;12.0;7930.32
74B486C0ED456E11B7B78A650500BC08;44673735EAF46E11B7B78A650500BC08;2025-06-10;6.0;2040.2
94B486C0ED456E11B7B78A650500BC08;44673735EAF46E11B7B78A650500BC08;2025-06-10;6.0;6450.04
F3F9A461ABFB8E11F243BB650500A24B;44673735EAF46E11B7B78A650500BC08;2025-06-10;48.0;2671.2
8B247AC845B4DE11ADB310650500F0C8;44673735EAF46E11B7B78A650500BC08;2025-06-10;46.0;5398.1
ECCE86B9DE79EE1191EE1065050009B9;44673735EAF46E11B7B78A650500BC08;2025-06-10;0.0;0.0
D0F724B8D6C99E115250106505009A4A;44673735EAF46E11B7B78A650500BC08;2025-06-10;0.0;0.0
26331FF997430F114EF7A826072BAB89;B0BDDED34CC83E11052F6792C000B249;2025-06-10;24.0;2085.6
80F42BDDDA5D7E110819BB65050039AA;B0BDDED34CC83E11052F6792C000B249;2025-06-10;-48.0;-1680.0
175AF9E305B4DE11ADB310650500F0C8;FC081C55582CED11A62CD892C0003F2A;2025-06-10;24.0;1393.92
D219FDA4B2C2EE11B1AD10650500C5EA;B0BDDED34CC83E11052F6792C000B249;2025-06-10;0.0;0.0
E8DD1AFC65ABEE1191EE1065050029B9;B0BDDED34CC83E11052F6792C000B249;2025-06-10;0.0;0.0
16693AEA62DDFE11F1557891FE698489;B0BDDED34CC83E11052F6792C000B249;2025-06-10;0.0;0.0
5E62A918BE010F11112A674AC7E2C889;B0BDDED34CC83E11052F6792C000B249;2025-06-10;0.0;0.0
5F27FDFE87DC6E11B7B78A650500BC08;B0BDDED34CC83E11052F6792C000B249;2025-06-10;-6.0;-342.96
F2419713B7696E11B7B78A650500BC08;B0BDDED34CC83E11052F6792C000B249;2025-06-10;0.0;0.0
7221645AC7696E11B7B78A650500BC08;B0BDDED34CC83E11052F6792C000B249;2025-06-10;0.0;0.0
4AB97DAEC12AFE11128010650500E819;B0BDDED34CC83E11052F6792C000B249;2025-06-10;0.0;0.0
3C5CD6915D42DE11ADB310650500CDB8;B0BDDED34CC83E11052F6792C000B249;2025-06-10;0.0;0.0
A571840ECB719E11F243BB6505003A4B;B0BDDED34CC83E11052F6792C000B249;2025-06-10;0.0;0.0
D4855F9C7D6F5E1142D58A6505008D08;B0BDDED34CC83E11052F6792C000B249;2025-06-10;0.0;0.0
B4AC1B0F614C7E110819BB65050039AA;B0BDDED34CC83E11052F6792C000B249;2025-06-10;0.0;0.0
97E599A28330EE114066106505002A4A;B0BDDED34CC83E11052F6792C000B249;2025-06-10;0.0;0.0
7F5871E7774F8E11F243BB650500674B;B0BDDED34CC83E11052F6792C000B249;2025-06-10;0.0;0.0
4EE7C51D222DFE11F1557891FE69A389;B0BDDED34CC83E11052F6792C000B249;2025-06-10;20.0;1614.42
0A4C3EE40FC18E113835BB650500B9AA;B0BDDED34CC83E11052F6792C000B249;2025-06-10;112.0;2571.68
022A1AE958F1EE114066106505007C4A;FC081C55582CED11A62CD892C0003F2A;2025-06-10;10.0;356.7
99CDFBDEFCD2FE1191EE106505009DB9;FC081C55582CED11A62CD892C0003F2A;2025-06-10;10.0;1179.96
AC1A37BCC2FBEE1191EE1065050029B9;FC081C55582CED11A62CD892C0003F2A;2025-06-10;0.0;0.0
119FBE81683EFE11F1557891FE690589;FC081C55582CED11A62CD892C0003F2A;2025-06-10;0.0;0.0
41D34D34B835EE11B1AD10650500F8EA;FC081C55582CED11A62CD892C0003F2A;2025-06-10;0.0;0.0
62B985A0A5ADDE11406610650500C64A;44673735EAF46E11B7B78A650500BC08;2025-06-10;-4.0;-216.12
91176AB89F09FE11128010650500E819;FC081C55582CED11A62CD892C0003F2A;2025-06-10;10.0;759.12
0356C51D222DFE11F1557891FE69A389;FC081C55582CED11A62CD892C0003F2A;2025-06-10;10.0;664.12
26331FF997430F114EF7A826072BAB89;44673735EAF46E11B7B78A650500BC08;2025-06-10;-4.0;-347.6
61B776C5E528CE11ADB310650500EFA8;44673735EAF46E11B7B78A650500BC08;2025-06-10;-2.0;-88.2
62C6AD764D4EFE11F1557891FE692589;B0BDDED34CC83E11052F6792C000B249;2025-06-10;6.0;2007.44
D95D72F5CFACEE1191EE1065050029B9;44673735EAF46E11B7B78A650500BC08;2025-06-10;-16.0;-3968.0
286AA0425C930F114EF7A826072B1C89;B0BDDED34CC83E11052F6792C000B249;2025-06-10;48.0;3839.04
D921BF547FAF5E1142D58A650500AD08;FC081C55582CED11A62CD892C0003F2A;2025-06-10;6.0;899.4
8F0270825AF34E1142D58A6505002C08;FC081C55582CED11A62CD892C0003F2A;2025-06-10;2.0;423.84
E653C166AF6DFE11F1557891FE690489;FC081C55582CED11A62CD892C0003F2A;2025-06-10;10.0;817.0
FE4E1498DA7E8E11F243BB650500664B;FC081C55582CED11A62CD892C0003F2A;2025-06-10;-4.0;-453.3
B7B0668475E58E11F243BB650500DA3B;44673735EAF46E11B7B78A650500BC08;2025-06-10;10.0;390.6
CA347896378B3E11052F6792C000D249;44673735EAF46E11B7B78A650500BC08;2025-06-10;32.0;1809.6
8081EEF86EB5CE11ADB3106505004DA8;44673735EAF46E11B7B78A650500BC08;2025-06-10;-2.0;-15668.86
7B31F727BCADBE11877210650500BE59;44673735EAF46E11B7B78A650500BC08;2025-06-10;-6.0;-3886.1
5A467A30BD877E110819BB65050009AA;FC081C55582CED11A62CD892C0003F2A;2025-06-10;-2.0;-497.16
6BEB65CDCDDFDE11406610650500B94A;FC081C55582CED11A62CD892C0003F2A;2025-06-10;-2.0;-457.26
09054A1A5D8E6E11B7B78A6505003D08;44673735EAF46E11B7B78A650500BC08;2025-06-10;0.0;0.0
777B755F3B91BE11BE2110650500675A;44673735EAF46E11B7B78A650500BC08;2025-06-10;0.0;0.0
737ACD115CC59E11554010650500FF3B;44673735EAF46E11B7B78A650500BC08;2025-06-10;0.0;0.0
188EC3CC0A96AE11BE2110650500694A;44673735EAF46E11B7B78A650500BC08;2025-06-10;0.0;0.0
5829016278EADE11406610650500234A;44673735EAF46E11B7B78A650500BC08;2025-06-10;8.0;4426.72
313A2A39CDA39E115540106505002D3B;FC081C55582CED11A62CD892C0003F2A;2025-06-10;-8.0;-2206.48
0BE56EF1428E6E11B7B78A6505003D08;44673735EAF46E11B7B78A650500BC08;2025-06-10;6.0;1728.0
08560A00689FFE11F1557891FE69C689;44673735EAF46E11B7B78A650500BC08;2025-06-10;2.0;1746.0
95719251B402EE114066106505008C4A;FC081C55582CED11A62CD892C0003F2A;2025-06-10;4.0;16274.2
B77F1E1363F1CE118772106505002469;FC081C55582CED11A62CD892C0003F2A;2025-06-10;2.0;1900.0
19F276303C456E11B7B78A650500BC08;44673735EAF46E11B7B78A650500BC08;2025-06-10;20.0;10256.580000000002
C9590A384C456E11B7B78A650500BC08;44673735EAF46E11B7B78A650500BC08;2025-06-10;20.0;3239.42
B58B0110616BCE11ADB31065050034B8;FC081C55582CED11A62CD892C0003F2A;2025-06-10;2.0;1934.08
B8DBCCC68D97DE11C84610650500EF6A;44673735EAF46E11B7B78A650500BC08;2025-06-10;-2.0;-69.68
FC624F65C40BAE11BE21106505000F4A;44673735EAF46E11B7B78A650500BC08;2025-06-10;-6.0;-318.16
AE8CED8F00BEEE1191EE1065050029B9;44673735EAF46E11B7B78A650500BC08;2025-06-10;-2.0;-992.76
A85D417E0D456E11B7B78A650500BC08;44673735EAF46E11B7B78A650500BC08;2025-06-10;-2.0;-1023.02
A5C5195257363E11052F6792C000FF39;44673735EAF46E11B7B78A650500BC08;2025-06-10;-4.0;-243.52
0BD00893C40BAE11BE21106505000F4A;44673735EAF46E11B7B78A650500BC08;2025-06-10;-4.0;-948.0
AF87C76B3DCCCE11ADB31065050026B8;44673735EAF46E11B7B78A650500BC08;2025-06-10;-4.0;-214.1
671DF668072FFE11F1557891FE693689;44673735EAF46E11B7B78A650500BC08;2025-06-10;-2.0;-198.0
07AD7D7EE2DC9E11726010650500B94A;44673735EAF46E11B7B78A650500BC08;2025-06-10;-164.0;-3630.96
41CD01C39C456E11B7B78A650500BC08;44673735EAF46E11B7B78A650500BC08;2025-06-10;-40.0;-276.09999999999997
5550B30755E9AE11BE21106505009D4A;44673735EAF46E11B7B78A650500BC08;2025-06-10;-2.0;-303.1
F2ED4F80FA5C6E11B7B78A650500BC08;44673735EAF46E11B7B78A650500BC08;2025-06-10;-8.0;-771.2
03A511BD43AA6E11B7B78A650500BC08;44673735EAF46E11B7B78A650500BC08;2025-06-10;-4.0;-115.92
B11AC5BF29248E113835BB650500ACAA;44673735EAF46E11B7B78A650500BC08;2025-06-10;-2.0;-15.38
9771181A03078E11F243BB6505005C3B;44673735EAF46E11B7B78A650500BC08;2025-06-10;-4.0;-55.44
07589E85F659EE1191EE1065050009B9;44673735EAF46E11B7B78A650500BC08;2025-06-10;-2.0;-307.76
56DC431298B37E11B7B78A650500DD08;44673735EAF46E11B7B78A650500BC08;2025-06-10;-4.0;-345.24
2AEB00C78754EE11B1AD10650500C7EA;44673735EAF46E11B7B78A650500BC08;2025-06-10;-2.0;-40.48
30D77D6928CDCE11ADB31065050087B8;44673735EAF46E11B7B78A650500BC08;2025-06-10;-6.0;-161.22
4A4869B5DC297E110819BB65050009AA;44673735EAF46E11B7B78A650500BC08;2025-06-10;-6.0;-876.0
184FDB9792D08E110819BB65050039AA;44673735EAF46E11B7B78A650500BC08;2025-06-10;-4.0;-585.6
78DD3F2A0C8DDE11406610650500A64A;44673735EAF46E11B7B78A650500BC08;2025-06-10;-8.0;-332.41999999999996
E7FDA01AE43ACE11ADB31065050092B8;44673735EAF46E11B7B78A650500BC08;2025-06-10;-2.0;-61.6
525559B666767E11B7B78A650500ED08;44673735EAF46E11B7B78A650500BC08;2025-06-10;-2.0;-411.98
E547B8D14790DE11ADB3106505006BB8;44673735EAF46E11B7B78A650500BC08;2025-06-10;-4.0;-332.34
AC6C6A1F00300F11F1557891FE698789;44673735EAF46E11B7B78A650500BC08;2025-06-10;-2.0;-845.98
3E0A5F872DCCCE11ADB31065050026B8;44673735EAF46E11B7B78A650500BC08;2025-06-10;-18.0;-873.0
598F9C393E456E11B7B78A650500BC08;44673735EAF46E11B7B78A650500BC08;2025-06-10;-2.0;-1554.0
EE333E946923FE1191EE10650500FDB9;44673735EAF46E11B7B78A650500BC08;2025-06-10;-12.0;-347.64
778C344F46CCDE11406610650500A54A;44673735EAF46E11B7B78A650500BC08;2025-06-10;-2.0;-106.74
C9537C6834AE9E117260106505001C4A;44673735EAF46E11B7B78A650500BC08;2025-06-10;-2.0;-243.96
C56242872379BE118772106505005959;44673735EAF46E11B7B78A650500BC08;2025-06-10;-14.0;-1295.0
F1EDF84C08A6BE11877210650500C559;44673735EAF46E11B7B78A650500BC08;2025-06-10;-2.0;-96.78
17D4F67B6CA8CE11ADB310650500A0B8;44673735EAF46E11B7B78A650500BC08;2025-06-10;-16.0;-2126.5
537C9708B82FCE11ADB31065050049B8;44673735EAF46E11B7B78A650500BC08;2025-06-10;-6.0;-1112.88
C592C7CD72608E110819BB65050039AA;44673735EAF46E11B7B78A650500BC08;2025-06-10;-6.0;-118.9
49E956D7FE456E11B7B78A650500BC08;44673735EAF46E11B7B78A650500BC08;2025-06-10;-2.0;-90.26
48F551B23E456E11B7B78A650500BC08;44673735EAF46E11B7B78A650500BC08;2025-06-10;-2.0;-398.0
F6C28B52160ADE11406610650500F14A;44673735EAF46E11B7B78A650500BC08;2025-06-10;-4.0;-285.64
B5897E390586CE11ADB310650500DDA8;44673735EAF46E11B7B78A650500BC08;2025-06-10;-4.0;-89.68
6F203DE8AC456E11B7B78A650500BC08;44673735EAF46E11B7B78A650500BC08;2025-06-10;-10.0;-796.76
14C2F8C694310F11112A674AC7E2F889;44673735EAF46E11B7B78A650500BC08;2025-06-10;-6.0;-1314.0
5D31ECEB1F75CE11ADB3106505003DA8;44673735EAF46E11B7B78A650500BC08;2025-06-10;-2.0;-147.36
5C2E5119AF456E11B7B78A650500BC08;44673735EAF46E11B7B78A650500BC08;2025-06-10;-2.0;-364.7
C8B77CB66FD8CE11ADB310650500E0B8;44673735EAF46E11B7B78A650500BC08;2025-06-10;-4.0;-2903.24
978E69CF5C876E11B7B78A650500BC08;44673735EAF46E11B7B78A650500BC08;2025-06-10;-10.0;-703.7
B2F06262B0A1EE11406610650500FB4A;44673735EAF46E11B7B78A650500BC08;2025-06-10;-4.0;-422.36
EDA830973CA8FE11128010650500D819;44673735EAF46E11B7B78A650500BC08;2025-06-10;-8.0;-2617.4
4FC3E055946D7E110819BB65050039AA;44673735EAF46E11B7B78A650500BC08;2025-06-10;-4.0;-588.44
4F203DE8AC456E11B7B78A650500BC08;44673735EAF46E11B7B78A650500BC08;2025-06-10;-20.0;-1531.8999999999999
A5F4D03566C98E11F243BB650500DF3B;44673735EAF46E11B7B78A650500BC08;2025-06-10;-2.0;-2156.0
A79935483EBBEE1191EE1065050029B9;44673735EAF46E11B7B78A650500BC08;2025-06-10;-4.0;-1292.18
863C7DD09C937E11B7B78A650500DD08;44673735EAF46E11B7B78A650500BC08;2025-06-10;-2.0;-430.4
7F9C44B94F7FFE11F1557891FE69A689;44673735EAF46E11B7B78A650500BC08;2025-06-10;-8.0;-658.0
5BF345B4AA79DE11406610650500414A;44673735EAF46E11B7B78A650500BC08;2025-06-10;-2.0;-291.0
5A29DD479C456E11B7B78A650500BC08;44673735EAF46E11B7B78A650500BC08;2025-06-10;-2.0;-51.42
68C2798F4E25FE1191EE10650500A0C9;44673735EAF46E11B7B78A650500BC08;2025-06-10;-2.0;-253.2
C6C823FA8D410F11112A674AC7E21989;44673735EAF46E11B7B78A650500BC08;2025-06-10;-16.0;-977.6
17801856A6F5AE11BE2110650500984A;44673735EAF46E11B7B78A650500BC08;2025-06-10;-4.0;-90.28
A1080816CD456E11B7B78A650500BC08;44673735EAF46E11B7B78A650500BC08;2025-06-10;-2.0;-110.0
620F2DBC97400F11F1557891FE69A789;44673735EAF46E11B7B78A650500BC08;2025-06-10;-2.0;-1070.0
4969DCF324937E11B7B78A650500DD08;44673735EAF46E11B7B78A650500BC08;2025-06-10;-4.0;-820.0
13A9466B4CFDBE118772106505001F59;44673735EAF46E11B7B78A650500BC08;2025-06-10;-2.0;-60.44
0C771A80CB33DE11ADB310650500FEB8;44673735EAF46E11B7B78A650500BC08;2025-06-10;-2.0;-87.24
39CFC787787DAE11BE2110650500225A;44673735EAF46E11B7B78A650500BC08;2025-06-10;-2.0;-581.4
A4EE077F7D456E11B7B78A650500BC08;44673735EAF46E11B7B78A650500BC08;2025-06-10;-2.0;-15.6
CCB1B2EFC11EAE11BE2110650500E25A;44673735EAF46E11B7B78A650500BC08;2025-06-10;-20.0;-1657.6
28798FE8D3ADCE11ADB31065050047B8;44673735EAF46E11B7B78A650500BC08;2025-06-10;-6.0;-630.0
1E0EC5DFFB8C2E11052F6792C000CF39;44673735EAF46E11B7B78A650500BC08;2025-06-10;-2.0;-370.14
CC84A2CE566ACE11ADB310650500D2B8;44673735EAF46E11B7B78A650500BC08;2025-06-10;-4.0;-793.92
CCDB5432F45AAE11BE21106505002E4A;44673735EAF46E11B7B78A650500BC08;2025-06-10;-2.0;-597.56
94D448A0A6507E11B7B78A650500CD08;44673735EAF46E11B7B78A650500BC08;2025-06-10;-4.0;-222.16
3ECE676623900F11F1557891FE690889;44673735EAF46E11B7B78A650500BC08;2025-06-10;-2.0;-666.0
75902C50ED456E11B7B78A650500BC08;44673735EAF46E11B7B78A650500BC08;2025-06-10;-4.0;-4300.02
9967B5E70EB9FE11128010650500E819;44673735EAF46E11B7B78A650500BC08;2025-06-10;-2.0;-430.0
4640B1EF3E456E11B7B78A650500BC08;44673735EAF46E11B7B78A650500BC08;2025-06-10;-4.0;-1720.0
A0E41C952D456E11B7B78A650500BC08;44673735EAF46E11B7B78A650500BC08;2025-06-10;-4.0;-554.32
86582DA0B3F2DE11ADB3106505009EB8;44673735EAF46E11B7B78A650500BC08;2025-06-10;-4.0;-912.0
77F82F21907F6E11B7B78A650500CD08;44673735EAF46E11B7B78A650500BC08;2025-06-10;-76.0;-5464.400000000001
4A12BAC636EEAE11BE2110650500F35A;44673735EAF46E11B7B78A650500BC08;2025-06-10;-6.0;-557.68
99E00D88A0CAED11A62CD892C0003F2A;44673735EAF46E11B7B78A650500BC08;2025-06-10;-4.0;-166.45999999999998
451AA415F9D2DE11ADB3106505007EB8;44673735EAF46E11B7B78A650500BC08;2025-06-10;-30.0;-1380.0
F32A59F44E456E11B7B78A650500BC08;44673735EAF46E11B7B78A650500BC08;2025-06-10;-4.0;-383.12
EAC0ADA2FAD7CE11ADB3106505008FA8;44673735EAF46E11B7B78A650500BC08;2025-06-10;-2.0;-166.74
3EAC6A1F00300F11F1557891FE698789;44673735EAF46E11B7B78A650500BC08;2025-06-10;-2.0;-1854.08
B0DF7E1A3694BE11BE21106505003B5A;44673735EAF46E11B7B78A650500BC08;2025-06-10;-8.0;-1569.8
A3CD4FC2860C4E1142D58A650500BC08;44673735EAF46E11B7B78A650500BC08;2025-06-10;-2.0;-185.6
09966C2B0876BE118772106505008559;44673735EAF46E11B7B78A650500BC08;2025-06-10;-2.0;-48.4
F9301C8933817E11B7B78A650500CD08;44673735EAF46E11B7B78A650500BC08;2025-06-10;-2.0;-142.0
C76EDC4E3C456E11B7B78A650500BC08;44673735EAF46E11B7B78A650500BC08;2025-06-10;-6.0;-392.70000000000005
8D783B306AD1BE11BE2110650500B75A;44673735EAF46E11B7B78A650500BC08;2025-06-10;-8.0;-1124.0
EB0F9F52FE456E11B7B78A650500BC08;44673735EAF46E11B7B78A650500BC08;2025-06-10;-2.0;-54.6
CCD58392A1567E11B7B78A650500ED08;44673735EAF46E11B7B78A650500BC08;2025-06-10;-8.0;-479.84
4994B3CFD2C18E11A442BB65050089AA;44673735EAF46E11B7B78A650500BC08;2025-06-10;-4.0;-932.4
9FDEC36A91E4EE11B1AD1065050078EA;44673735EAF46E11B7B78A650500BC08;2025-06-10;-2.0;-180.0
C45B1F3CF356DE11ADB31065050003C8;44673735EAF46E11B7B78A650500BC08;2025-06-10;-2.0;-56.0
CBC3C87188F6DE11C846106505001F6A;44673735EAF46E11B7B78A650500BC08;2025-06-10;-2.0;-883.5
8C6E2588AC456E11B7B78A650500BC08;44673735EAF46E11B7B78A650500BC08;2025-06-10;-2.0;-292.54
FE84D83D0F0BAE11BE21106505001F4A;44673735EAF46E11B7B78A650500BC08;2025-06-10;-2.0;-993.4
139F31189AC9FE11128010650500E819;44673735EAF46E11B7B78A650500BC08;2025-06-10;-4.0;-307.6
59540026AC456E11B7B78A650500BC08;44673735EAF46E11B7B78A650500BC08;2025-06-10;-2.0;-506.38
4A5EFD52E0DCDE11406610650500B54A;44673735EAF46E11B7B78A650500BC08;2025-06-10;0.0;0.0
F15BC4795366EE1191EE1065050016B9;44673735EAF46E11B7B78A650500BC08;2025-06-10;-2.0;-58.8
6DEB1B245F66DE11ADB31065050023C8;44673735EAF46E11B7B78A650500BC08;2025-06-10;-2.0;-1605.98
371B4958E770BE11BE2110650500F55A;44673735EAF46E11B7B78A650500BC08;2025-06-10;-2.0;-141.9
2913F9A7AB9EBE11877210650500EF59;44673735EAF46E11B7B78A650500BC08;2025-06-10;-8.0;-199.42
F7A4BE130F456E11B7B78A650500BC08;44673735EAF46E11B7B78A650500BC08;2025-06-10;-4.0;-751.4
43C45E30A69F6E11B7B78A650500CD08;44673735EAF46E11B7B78A650500BC08;2025-06-10;-2.0;-380.24
B827DAECF21DAE11BE2110650500A15A;44673735EAF46E11B7B78A650500BC08;2025-06-10;-2.0;-320.0
282A3852268C7E110819BB65050039AA;44673735EAF46E11B7B78A650500BC08;2025-06-10;-2.0;-109.72
99CDB042A33EAE11BE2110650500135A;44673735EAF46E11B7B78A650500BC08;2025-06-10;-2.0;-274.0
4AED40BE810A3E11052F6792C000D249;44673735EAF46E11B7B78A650500BC08;2025-06-10;-2.0;-486.98
121FF008238FCE11ADB310650500D9B8;44673735EAF46E11B7B78A650500BC08;2025-06-10;-2.0;-1235.48
DF34C0766FD8CE11ADB310650500E0B8;44673735EAF46E11B7B78A650500BC08;2025-06-10;-2.0;-1432.02
868714E9CC3FFE11F1557891FE695689;44673735EAF46E11B7B78A650500BC08;2025-06-10;-2.0;-239.12
DDA5DFCFA7A7CE11ADB3106505004FA8;44673735EAF46E11B7B78A650500BC08;2025-06-10;-4.0;-213.28
65878B2F2E50BE11BE2110650500D55A;44673735EAF46E11B7B78A650500BC08;2025-06-10;-4.0;-354.0
DA3C3619256EEE1191EE1065050029B9;44673735EAF46E11B7B78A650500BC08;2025-06-10;-4.0;-540.0
DE8E5AF02516DE11ADB310650500B2C8;44673735EAF46E11B7B78A650500BC08;2025-06-10;-2.0;-5399.32
D1D39BD184EBDE11406610650500744A;44673735EAF46E11B7B78A650500BC08;2025-06-10;-2.0;-848.44
37AD25AB066E9E11726010650500CB4A;44673735EAF46E11B7B78A650500BC08;2025-06-10;-2.0;-48.26
C47F698FD6568E11F243BB6505007B3B;44673735EAF46E11B7B78A650500BC08;2025-06-10;-2.0;-102.52
1B16DD46801C3E11052F6792C000D249;44673735EAF46E11B7B78A650500BC08;2025-06-10;-2.0;-29.4
21E1BF76D270DE11ADB3106505003BB8;44673735EAF46E11B7B78A650500BC08;2025-06-10;-2.0;-383.0
C451CE1B9497EE1191EE1065050047B9;44673735EAF46E11B7B78A650500BC08;2025-06-10;-2.0;-208.0
62549D3A7DECEE1191EE1065050029B9;44673735EAF46E11B7B78A650500BC08;2025-06-10;-4.0;-5034.56
2FD4376EE2F17E11B7B78A650500CD08;44673735EAF46E11B7B78A650500BC08;2025-06-10;-2.0;-485.3
4838747444AE9E117260106505001C4A;44673735EAF46E11B7B78A650500BC08;2025-06-10;-2.0;-292.78
440740EB35B4DE11ADB310650500F0C8;44673735EAF46E11B7B78A650500BC08;2025-06-10;-2.0;-218.66
49AFE694AC456E11B7B78A650500BC08;44673735EAF46E11B7B78A650500BC08;2025-06-10;-2.0;-76.7
53561EA5CD456E11B7B78A650500BC08;44673735EAF46E11B7B78A650500BC08;2025-06-10;-2.0;-120.0
4078D75987DEAE11BE2110650500E35A;44673735EAF46E11B7B78A650500BC08;2025-06-10;-2.0;-4016.0
5BCECA0E3EB88E11F243BB6505008E3B;FC081C55582CED11A62CD892C0003F2A;2025-06-10;-4.0;-65.26
C420189432A0CE118772106505007269;FC081C55582CED11A62CD892C0003F2A;2025-06-10;-2.0;-31.0
FDBB89CE44D67E11B7B78A650500ED08;FC081C55582CED11A62CD892C0003F2A;2025-06-10;-8.0;-368.56
25D116CE58A1CE11877210650500C369;FC081C55582CED11A62CD892C0003F2A;2025-06-10;-2.0;-61.28
FF34396CAD5AEE1191EE1065050009B9;FC081C55582CED11A62CD892C0003F2A;2025-06-10;-2.0;-130.34
3CE3B6169E338E117E64BB6505007BAA;FC081C55582CED11A62CD892C0003F2A;2025-06-10;-4.0;-1120.0
785901A512600F11F1557891FE69C789;FC081C55582CED11A62CD892C0003F2A;2025-06-10;-2.0;-100.48
1AE76463A1FDDE11406610650500274A;FC081C55582CED11A62CD892C0003F2A;2025-06-10;-2.0;-176.36
277070370493DE11ADB3106505006FB8;FC081C55582CED11A62CD892C0003F2A;2025-06-10;-2.0;-57.82
EFCDBFE40AD2DE11ADB3106505007EB8;FC081C55582CED11A62CD892C0003F2A;2025-06-10;-4.0;-454.88
05B07C1A973C7E110819BB65050039AA;FC081C55582CED11A62CD892C0003F2A;2025-06-10;-2.0;-198.8
9170636724C26E1142D58A650500AD08;FC081C55582CED11A62CD892C0003F2A;2025-06-10;-2.0;-254.88
D5FE46A0055F4E1142D58A650500BC08;FC081C55582CED11A62CD892C0003F2A;2025-06-10;-4.0;-703.38
42D755A6172EEE1191EE1065050029B9;FC081C55582CED11A62CD892C0003F2A;2025-06-10;-2.0;-1507.84
FC1B1729ACA5BE11BE21106505009C5A;FC081C55582CED11A62CD892C0003F2A;2025-06-10;-4.0;-156.52
633DDBE598A05E1142D58A650500BC08;FC081C55582CED11A62CD892C0003F2A;2025-06-10;-4.0;-1392.0
FDBF5FCF20CAED11A62CD892C0003F2A;FC081C55582CED11A62CD892C0003F2A;2025-06-10;-4.0;-212.0
AFC17E697DB0EE11406610650500DA4A;FC081C55582CED11A62CD892C0003F2A;2025-06-10;-2.0;-1244.84
B629E1FDC13EDE11406610650500874A;FC081C55582CED11A62CD892C0003F2A;2025-06-10;-10.0;-364.4
9BEE4A75B6CE8E11F243BB650500C64B;FC081C55582CED11A62CD892C0003F2A;2025-06-10;-2.0;-151.62
9F2A2F0DA0920E11A4A96492C00008E9;FC081C55582CED11A62CD892C0003F2A;2025-06-10;-2.0;-342.5
430EC675233EDE11406610650500874A;FC081C55582CED11A62CD892C0003F2A;2025-06-10;-2.0;-180.94
A39CD36DAFD9DE11406610650500C14A;FC081C55582CED11A62CD892C0003F2A;2025-06-10;-2.0;-258.2
51140DB46D79FE11128010650500E819;FC081C55582CED11A62CD892C0003F2A;2025-06-10;-2.0;-192.96
9BC9FD3045A3EE11B1AD10650500E6EA;FC081C55582CED11A62CD892C0003F2A;2025-06-10;-2.0;-3778.14
D52A74C898E3FE1191EE10650500FEB9;FC081C55582CED11A62CD892C0003F2A;2025-06-10;-2.0;-164.12
D78C963E01CAED11A62CD892C0003F2A;FC081C55582CED11A62CD892C0003F2A;2025-06-10;-4.0;-727.24
D1B6F9AD0CA8BE118772106505005859;FC081C55582CED11A62CD892C0003F2A;2025-06-10;-2.0;-77.12
3460C0580D8D8E11F243BB650500354B;FC081C55582CED11A62CD892C0003F2A;2025-06-10;-2.0;-48.12
B816285AA44FDE11406610650500F84A;FC081C55582CED11A62CD892C0003F2A;2025-06-10;-4.0;-242.52
5596E37B383EFE11F1557891FE690589;FC081C55582CED11A62CD892C0003F2A;2025-06-10;-2.0;-275.7
8CE92FD52E0CFE111280106505000919;FC081C55582CED11A62CD892C0003F2A;2025-06-10;-2.0;-816.04
0786D6D58D31FE1191EE106505007BB9;FC081C55582CED11A62CD892C0003F2A;2025-06-10;-2.0;-1068.4
017C3D6ACC00EE11406610650500F94A;FC081C55582CED11A62CD892C0003F2A;2025-06-10;-2.0;-105.94
024F163511B10F114EF7A826072BA989;FC081C55582CED11A62CD892C0003F2A;2025-06-10;-2.0;-366.02
5F2785D2D0CAED11A62CD892C0003F2A;FC081C55582CED11A62CD892C0003F2A;2025-06-10;-2.0;-151.52
2A99396DD0F6EE1191EE1065050096B9;FC081C55582CED11A62CD892C0003F2A;2025-06-10;-4.0;-900.0
A033F6C2D74CDE11406610650500054A;FC081C55582CED11A62CD892C0003F2A;2025-06-10;-2.0;-109.32
C7EF297E24FD4E1142D58A650500BC08;FC081C55582CED11A62CD892C0003F2A;2025-06-10;-2.0;-357.3
1DE00BAB00110F11112A674AC7E2C889;FC081C55582CED11A62CD892C0003F2A;2025-06-10;-4.0;-1055.8
57AD74CA77175E1142D58A650500DC08;FC081C55582CED11A62CD892C0003F2A;2025-06-10;-2.0;-155.66
227F15251040EE114066106505003A4A;FC081C55582CED11A62CD892C0003F2A;2025-06-10;-2.0;-538.22
72D92CEE920BAE11BE21106505000F4A;FC081C55582CED11A62CD892C0003F2A;2025-06-10;-2.0;-117.06
2BAF8A5FC0CAED11A62CD892C0003F2A;FC081C55582CED11A62CD892C0003F2A;2025-06-10;-2.0;-153.36
34792A23EBF7FE11128010650500D819;FC081C55582CED11A62CD892C0003F2A;2025-06-10;-2.0;-1478.46
1E0EC5DFFB8C2E11052F6792C000CF39;FC081C55582CED11A62CD892C0003F2A;2025-06-10;-2.0;-394.68
AD135B1BC01C3E11052F6792C000D249;FC081C55582CED11A62CD892C0003F2A;2025-06-10;-2.0;-66.0
4B5E7A9937C4EE11B1AD1065050058EA;FC081C55582CED11A62CD892C0003F2A;2025-06-10;-2.0;-1205.22
6B0702CB50FE5E1142D58A6505006D08;FC081C55582CED11A62CD892C0003F2A;2025-06-10;0.0;0.0
FD3EE339506AFE11128010650500E819;FC081C55582CED11A62CD892C0003F2A;2025-06-10;-2.0;-56.54
B25110CC2040EE114066106505003A4A;FC081C55582CED11A62CD892C0003F2A;2025-06-10;-2.0;-322.0
E0AFE8898284DE11ADB310650500B0C8;FC081C55582CED11A62CD892C0003F2A;2025-06-10;-2.0;-100.8
27F3D4AEF77EFE11F1557891FE695589;FC081C55582CED11A62CD892C0003F2A;2025-06-10;-2.0;-82.22
46D01ACDBFB59E11554010650500EF3B;FC081C55582CED11A62CD892C0003F2A;2025-06-10;-2.0;-291.42
64C5195257363E11052F6792C000FF39;FC081C55582CED11A62CD892C0003F2A;2025-06-10;-2.0;-50.64
4789AD8038B7DE11C84610650500007A;FC081C55582CED11A62CD892C0003F2A;2025-06-10;-2.0;-295.88
76D9847273D0DE11ADB310650500BBB8;FC081C55582CED11A62CD892C0003F2A;2025-06-10;-2.0;-32.06
BC56BEFFB0CAED11A62CD892C0003F2A;FC081C55582CED11A62CD892C0003F2A;2025-06-10;-2.0;-331.7
08D4B1E5D4735E1142D58A650500DC08;FC081C55582CED11A62CD892C0003F2A;2025-06-10;-10.0;-176.9
7FEE70D0A4ABEE1191EE1065050029B9;FC081C55582CED11A62CD892C0003F2A;2025-06-10;-2.0;-235.72
9022A3C05FAAFE11128010650500E819;FC081C55582CED11A62CD892C0003F2A;2025-06-10;-2.0;-153.72
546B556D699F7E110819BB65050039AA;FC081C55582CED11A62CD892C0003F2A;2025-06-10;-2.0;-704.26
8FE6F22A9836CE11ADB3106505008DA8;FC081C55582CED11A62CD892C0003F2A;2025-06-10;-8.0;-1013.56
DAD59324D7B8BE118772106505006859;FC081C55582CED11A62CD892C0003F2A;2025-06-10;-2.0;-111.3
060921464F7E4E1142D58A650500BC08;FC081C55582CED11A62CD892C0003F2A;2025-06-10;-2.0;-305.34
4DF5AA0F66449E11554010650500ED3B;FC081C55582CED11A62CD892C0003F2A;2025-06-10;-8.0;-133.92
DA2EC8AD6DBFAE11BE2110650500055A;FC081C55582CED11A62CD892C0003F2A;2025-06-10;-2.0;-88.4
840431D5CCEEDE11406610650500884A;FC081C55582CED11A62CD892C0003F2A;2025-06-10;-6.0;-111.98
D2999AF33536EE1191EE10650500D5B9;FC081C55582CED11A62CD892C0003F2A;2025-06-10;-2.0;-280.46
1745DD41E269DE11C84610650500227A;FC081C55582CED11A62CD892C0003F2A;2025-06-10;-6.0;-153.0
5FA2D4AEF77EFE11F1557891FE695589;FC081C55582CED11A62CD892C0003F2A;2025-06-10;-4.0;-164.44
1ED0A2A7EFACEE1191EE1065050029B9;FC081C55582CED11A62CD892C0003F2A;2025-06-10;-2.0;-642.46
27E308F4DB371E1143F0668E42006B8B;FC081C55582CED11A62CD892C0003F2A;2025-06-10;-2.0;-663.34
1B6C8EB465E0EE114066106505000B4A;FC081C55582CED11A62CD892C0003F2A;2025-06-10;-2.0;-131.5
FE40C462F123CE11877210650500A569;FC081C55582CED11A62CD892C0003F2A;2025-06-10;-6.0;-180.42
0EAC592EC1CAED11A62CD892C0003F2A;FC081C55582CED11A62CD892C0003F2A;2025-06-10;-4.0;-446.68
44182321229EBE11877210650500DF59;FC081C55582CED11A62CD892C0003F2A;2025-06-10;-2.0;-55.72
E8B7FCBFE0CAED11A62CD892C0003F2A;FC081C55582CED11A62CD892C0003F2A;2025-06-10;-2.0;-285.32
CACC221EC877EE1191EE1065050027B9;FC081C55582CED11A62CD892C0003F2A;2025-06-10;-2.0;-469.1
74FC5D6A6BE15E1142D58A650500BC08;FC081C55582CED11A62CD892C0003F2A;2025-06-10;-2.0;-126.34
FB73436BE358FE11128010650500D819;FC081C55582CED11A62CD892C0003F2A;2025-06-10;-2.0;-29.34
09966C2B0876BE118772106505008559;FC081C55582CED11A62CD892C0003F2A;2025-06-10;-2.0;-48.4
B3917AB011CAED11A62CD892C0003F2A;FC081C55582CED11A62CD892C0003F2A;2025-06-10;-6.0;-1962.24
B5CB7BE51EE5CE11ADB3106505006DA8;FC081C55582CED11A62CD892C0003F2A;2025-06-10;-2.0;-506.3
5D9BA6398A278E11F243BB6505008C3B;FC081C55582CED11A62CD892C0003F2A;2025-06-10;-2.0;-98.62
0860A30F49F2FE1191EE10650500BDB9;FC081C55582CED11A62CD892C0003F2A;2025-06-10;-2.0;-208.06
9B8C3B7101CAED11A62CD892C0003F2A;FC081C55582CED11A62CD892C0003F2A;2025-06-10;-2.0;-173.32
8528A06E250DEE1191EE1065050029B9;FC081C55582CED11A62CD892C0003F2A;2025-06-10;-2.0;-1847.22
9D514C24B1CAED11A62CD892C0003F2A;FC081C55582CED11A62CD892C0003F2A;2025-06-10;-2.0;-189.7
FBA365098876BE118772106505008559;FC081C55582CED11A62CD892C0003F2A;2025-06-10;-2.0;-72.1
B59399AA988AFE11128010650500E819;FC081C55582CED11A62CD892C0003F2A;2025-06-10;-2.0;-23.66
CF0A8E67BC5A3E11052F6792C000D249;FC081C55582CED11A62CD892C0003F2A;2025-06-10;-2.0;-437.62
E5F8B3A596B5FE1191EE1065050051C9;FC081C55582CED11A62CD892C0003F2A;2025-06-10;-2.0;-1453.38
5584C0E058B13E11052F6792C000CF39;FC081C55582CED11A62CD892C0003F2A;2025-06-10;-2.0;-68.0
49C2BFA09A935E1142D58A650500DC08;FC081C55582CED11A62CD892C0003F2A;2025-06-10;-2.0;-751.28
7B5AB005003C0E11A4A96492C0001269;FC081C55582CED11A62CD892C0003F2A;2025-06-10;-2.0;-269.84
DCC9035FBB77EE1191EE1065050027B9;FC081C55582CED11A62CD892C0003F2A;2025-06-10;-2.0;-3440.0
6B090447460B4E1142D58A6505009C08;FC081C55582CED11A62CD892C0003F2A;2025-06-10;-8.0;-212.74
66B623CF5ED87E110819BB65050009AA;FC081C55582CED11A62CD892C0003F2A;2025-06-10;-2.0;-249.54
7187C7069B4ACE11ADB310650500B2B8;FC081C55582CED11A62CD892C0003F2A;2025-06-10;-4.0;-167.08
003302A14D62FE1191EE10650500FCB9;FC081C55582CED11A62CD892C0003F2A;2025-06-10;-2.0;-698.96
43BECBDAA9363E11052F6792C000FF39;B0BDDED34CC83E11052F6792C000B249;2025-06-10;-8.0;-267.68
2CE4710730267E11B7B78A650500ED08;B0BDDED34CC83E11052F6792C000B249;2025-06-10;-4.0;-312.08
1E16B7296945BE11BE21106505001C5A;B0BDDED34CC83E11052F6792C000B249;2025-06-10;-2.0;-115.68
E2AB054C1A5FFE11F1557891FE697689;B0BDDED34CC83E11052F6792C000B249;2025-06-10;-2.0;-101.0
53D7478B383EFE11F1557891FE690589;B0BDDED34CC83E11052F6792C000B249;2025-06-10;-2.0;-211.0
A18750AE8222AE11726010650500805A;B0BDDED34CC83E11052F6792C000B249;2025-06-10;-2.0;-226.96
E79C592ACED4DE11ADB31065050021C8;B0BDDED34CC83E11052F6792C000B249;2025-06-10;-2.0;-330.18
9CF1E4E181B0EE11406610650500CA4A;B0BDDED34CC83E11052F6792C000B249;2025-06-10;-2.0;-158.2
CF2C6D5B01CAED11A62CD892C0003F2A;B0BDDED34CC83E11052F6792C000B249;2025-06-10;-2.0;-272.16
F0BF1735488E4E1142D58A650500BC08;B0BDDED34CC83E11052F6792C000B249;2025-06-10;-10.0;-342.7
DF96B7DB01CAED11A62CD892C0003F2A;B0BDDED34CC83E11052F6792C000B249;2025-06-10;-8.0;-2074.72
ECA5E4036085FD110DC22A92C000D158;B0BDDED34CC83E11052F6792C000B249;2025-06-10;-10.0;-958.42
98A3FB39CEEFFE11F1557891FE693789;B0BDDED34CC83E11052F6792C000B249;2025-06-10;-2.0;-558.7
FB27C3418BEAEE1191EE1065050029B9;B0BDDED34CC83E11052F6792C000B249;2025-06-10;-2.0;-1238.1
1C56BEFFB0CAED11A62CD892C0003F2A;B0BDDED34CC83E11052F6792C000B249;2025-06-10;-2.0;-204.22
B4E515C781CAED11A62CD892C0003F2A;B0BDDED34CC83E11052F6792C000B249;2025-06-10;-2.0;-48.12
40F32E312D42FD110DC22A92C0006778;B0BDDED34CC83E11052F6792C000B249;2025-06-10;-80.0;-1175.2
54EFD822578B3E11052F6792C000D249;B0BDDED34CC83E11052F6792C000B249;2025-06-10;-2.0;-79.3
A69D628F4210AE11726010650500ED4A;B0BDDED34CC83E11052F6792C000B249;2025-06-10;-2.0;-257.34
1B010D17782ADE11406610650500224A;B0BDDED34CC83E11052F6792C000B249;2025-06-10;-6.0;-73.38
9520D83931CAED11A62CD892C0003F2A;B0BDDED34CC83E11052F6792C000B249;2025-06-10;-2.0;-1601.06
1A11C75AE64DEE1191EE1065050029B9;B0BDDED34CC83E11052F6792C000B249;2025-06-10;-2.0;-105.94
71F60CD4DC8E0E1143F0668E42001D49;B0BDDED34CC83E11052F6792C000B249;2025-06-10;-4.0;-304.82
B74B4A0311CAED11A62CD892C0003F2A;B0BDDED34CC83E11052F6792C000B249;2025-06-10;-2.0;-592.96
6BA3B5BB17385E1142D58A650500DC08;B0BDDED34CC83E11052F6792C000B249;2025-06-10;-2.0;-316.4
B25A3A0732047E11B7B78A650500DD08;B0BDDED34CC83E11052F6792C000B249;2025-06-10;-2.0;-686.64
9B6358F11D1B9E115250106505004C4A;B0BDDED34CC83E11052F6792C000B249;2025-06-10;-2.0;-854.56
513941A11EAFFE11F1557891FE69E689;B0BDDED34CC83E11052F6792C000B249;2025-06-10;-2.0;-17.16
9C25929B162FFE11F1557891FE693689;B0BDDED34CC83E11052F6792C000B249;2025-06-10;-2.0;-900.0
7C670700E0CAED11A62CD892C0003F2A;B0BDDED34CC83E11052F6792C000B249;2025-06-10;-4.0;-314.44
63347AE54647DE11C846106505007F6A;B0BDDED34CC83E11052F6792C000B249;2025-06-10;-2.0;-212.0
E47C79C05FAAFE11128010650500E819;B0BDDED34CC83E11052F6792C000B249;2025-06-10;-2.0;-153.74
F741CB149A278E11F243BB6505008C3B;B0BDDED34CC83E11052F6792C000B249;2025-06-10;-2.0;-64.5
44BC68D00D8FCE11ADB310650500E9B8;B0BDDED34CC83E11052F6792C000B249;2025-06-10;-4.0;-346.4
9DB4568D2726EE1191EE10650500C5B9;B0BDDED34CC83E11052F6792C000B249;2025-06-10;-2.0;-324.0
7CE3FEDBD9E40E11A4A96492C000067B;B0BDDED34CC83E11052F6792C000B249;2025-06-10;-4.0;-860.0
DD836CEC975CEE1191EE1065050029B9;B0BDDED34CC83E11052F6792C000B249;2025-06-10;-2.0;-2465.38
A976FB84D6E66E11B7B78A650500BC08;B0BDDED34CC83E11052F6792C000B249;2025-06-10;-2.0;-239.52
2338300AA60BFE11128010650500E819;B0BDDED34CC83E11052F6792C000B249;2025-06-10;-6.0;-280.44
F73159E86589DE11406610650500514A;B0BDDED34CC83E11052F6792C000B249;2025-06-10;-2.0;-498.44
4D736EC196BD9E11726010650500DA4A;B0BDDED34CC83E11052F6792C000B249;2025-06-10;-2.0;-218.0
468337CD542CAE11BE2110650500705A;B0BDDED34CC83E11052F6792C000B249;2025-06-10;-2.0;-406.08
BA2D6C52697BAE11BE21106505009F4A;B0BDDED34CC83E11052F6792C000B249;2025-06-10;-4.0;-197.6
5584C0E058B13E11052F6792C000CF39;B0BDDED34CC83E11052F6792C000B249;2025-06-10;-2.0;-75.56
B80F13832A6FFD11A4A96492C0001019;B0BDDED34CC83E11052F6792C000B249;2025-06-10;-2.0;-737.68
2303D4386BCEAE11BE2110650500D35A;B0BDDED34CC83E11052F6792C000B249;2025-06-10;-2.0;-736.0
FDC6EEC9CC930F114EF7A826072B1C89;B0BDDED34CC83E11052F6792C000B249;2025-06-10;-2.0;-1178.24
28C3CFD63B5C7E110819BB65050039AA;B0BDDED34CC83E11052F6792C000B249;2025-06-10;-2.0;-43.34
D95C8B02C379BE118772106505005959;B0BDDED34CC83E11052F6792C000B249;2025-06-10;-4.0;-528.12
69405B4FDFC18E113835BB650500B9AA;B0BDDED34CC83E11052F6792C000B249;2025-06-10;-2.0;-1346.62
208742EDC8E3FE1191EE10650500FEB9;B0BDDED34CC83E11052F6792C000B249;2025-06-10;-2.0;-57.54
A1A949A50FBBEE1191EE1065050029B9;B0BDDED34CC83E11052F6792C000B249;2025-06-10;-2.0;-194.0
093508E2EF7CAE11BE2110650500E05A;B0BDDED34CC83E11052F6792C000B249;2025-06-10;-2.0;-767.42
B89E87C0F0CAED11A62CD892C0003F2A;B0BDDED34CC83E11052F6792C000B249;2025-06-10;-2.0;-601.28
73A6B7DB01CAED11A62CD892C0003F2A;B0BDDED34CC83E11052F6792C000B249;2025-06-10;-2.0;-275.98
0708AB7713F35E1142D58A650500DC08;B0BDDED34CC83E11052F6792C000B249;2025-06-10;-4.0;-99.12
51A39B4ED0CAED11A62CD892C0003F2A;B0BDDED34CC83E11052F6792C000B249;2025-06-10;-4.0;-2656.28
7D0B74D7D0CAED11A62CD892C0003F2A;B0BDDED34CC83E11052F6792C000B249;2025-06-10;-2.0;-254.62
D0C69D4AFD43FE1191EE106505002EB9;B0BDDED34CC83E11052F6792C000B249;2025-06-10;-2.0;-161.4
F903401A2F34AE11726010650500335A;B0BDDED34CC83E11052F6792C000B249;2025-06-10;-2.0;-405.68
C1D8EA98F0CAED11A62CD892C0003F2A;B0BDDED34CC83E11052F6792C000B249;2025-06-10;-2.0;-186.12
006CA6C26DA7FE1191EE10650500E3C9;B0BDDED34CC83E11052F6792C000B249;2025-06-10;-2.0;-92.76
9DD726ED6BBD3E11052F6792C000D249;B0BDDED34CC83E11052F6792C000B249;2025-06-10;-4.0;-83.2
8443D8CD3BE1EE114066106505006C4A;B0BDDED34CC83E11052F6792C000B249;2025-06-10;-2.0;-261.7
93C3F3EF12606E1142D58A650500AD08;B0BDDED34CC83E11052F6792C000B249;2025-06-10;-2.0;-188.24
45F5605DD0CAED11A62CD892C0003F2A;B0BDDED34CC83E11052F6792C000B249;2025-06-10;-2.0;-1092.64
1578ED68E602EE114066106505008C4A;B0BDDED34CC83E11052F6792C000B249;2025-06-10;-2.0;-107.0
124ECA4CF203EE11B1AD1065050016EA;B0BDDED34CC83E11052F6792C000B249;2025-06-10;-4.0;-872.68
2A2183EF78EFCE11ADB3106505006AB8;B0BDDED34CC83E11052F6792C000B249;2025-06-10;-6.0;-163.14
1B07A4611A09DE11C84610650500B17A;B0BDDED34CC83E11052F6792C000B249;2025-06-10;-4.0;-102.0
007160F58B28EE1191EE1065050018B9;B0BDDED34CC83E11052F6792C000B249;2025-06-10;-2.0;-556.02
C45F318915095E1142D58A650500DC08;B0BDDED34CC83E11052F6792C000B249;2025-06-10;-2.0;-1046.08
7025CA7F56D46E11B7B78A650500BC08;B0BDDED34CC83E11052F6792C000B249;2025-06-10;-2.0;-291.26
4CCD12589C3CEE1191EE1065050029B9;B0BDDED34CC83E11052F6792C000B249;2025-06-10;-2.0;-129.54
245003F419C60E11A4A96492C0004B38;B0BDDED34CC83E11052F6792C000B249;2025-06-10;-2.0;-517.0
6F4DB9DDE0CAED11A62CD892C0003F2A;B0BDDED34CC83E11052F6792C000B249;2025-06-10;-2.0;-629.94
478786C6ACB04E1142D58A650500DB08;FC081C55582CED11A62CD892C0003F2A;2025-06-10;2.0;192.04
57A5A574877ADE11406610650500824A;B0BDDED34CC83E11052F6792C000B249;2025-06-10;2.0;1003.34
95CF1A04C5F2FE1191EE10650500BDB9;B0BDDED34CC83E11052F6792C000B249;2025-06-10;10.0;1527.66
1860BEFA33844E1142D58A6505002C08;B0BDDED34CC83E11052F6792C000B249;2025-06-10;10.0;1073.44
F4A32D58E0A1DE11ADB310650500ECB8;44673735EAF46E11B7B78A650500BC08;2025-06-10;0.0;0.0
E6A0DE37A094DE11ADB310650500C0C8;44673735EAF46E11B7B78A650500BC08;2025-06-10;0.0;0.0
957F0945CD456E11B7B78A650500BC08;44673735EAF46E11B7B78A650500BC08;2025-06-10;0.0;-5.684341886080802e-14
23887921BD67EE1191EE1065050017B9;B0BDDED34CC83E11052F6792C000B249;2025-06-10;6.0;555.5
5FE17EB58CBFAE11BE2110650500055A;44673735EAF46E11B7B78A650500BC08;2025-06-10;-4.0;-611.44
02E92A6A7439BE118772106505000959;FC081C55582CED11A62CD892C0003F2A;2025-06-10;8.0;842.12
5D315AAD9222AE11726010650500805A;FC081C55582CED11A62CD892C0003F2A;2025-06-10;12.0;1366.14
4A17619EC688CE11ADB31065050070B8;44673735EAF46E11B7B78A650500BC08;2025-06-10;0.0;0.0
09F393D4BBB9AE11BE21106505006D4A;44673735EAF46E11B7B78A650500BC08;2025-06-10;0.0;0.0
13CC9930166E9E11726010650500CB4A;44673735EAF46E11B7B78A650500BC08;2025-06-10;0.0;0.0
B8FB9C94CC22AE11726010650500905A;44673735EAF46E11B7B78A650500BC08;2025-06-10;-4.0;-542.98
54361D8F49BFEE1191EE1065050089B9;44673735EAF46E11B7B78A650500BC08;2025-06-10;0.0;0.0
7D0B74D7D0CAED11A62CD892C0003F2A;FC081C55582CED11A62CD892C0003F2A;2025-06-10;18.0;2531.8799999999997
8DA02CA111CAED11A62CD892C0003F2A;FC081C55582CED11A62CD892C0003F2A;2025-06-10;4.0;1896.46
AA2E88FF8C7C9E11726010650500494A;FC081C55582CED11A62CD892C0003F2A;2025-06-10;12.0;5937.24
A056A9D094520F114EF7A826072B7A89;FC081C55582CED11A62CD892C0003F2A;2025-06-10;2.0;1380.18
68C6A9D094520F114EF7A826072B7A89;FC081C55582CED11A62CD892C0003F2A;2025-06-10;4.0;2760.34
20F9CAB8E770BE11BE2110650500F55A;44673735EAF46E11B7B78A650500BC08;2025-06-10;20.0;170.96
E51B4958E770BE11BE2110650500F55A;44673735EAF46E11B7B78A650500BC08;2025-06-10;20.0;3082.2000000000003
D0496F7D25030F114EF7A826072B5B89;44673735EAF46E11B7B78A650500BC08;2025-06-10;10.0;13350.0
86570A134C456E11B7B78A650500BC08;44673735EAF46E11B7B78A650500BC08;2025-06-10;36.0;5794.04
3E74FAA18C456E11B7B78A650500BC08;44673735EAF46E11B7B78A650500BC08;2025-06-10;20.0;4814.7
0B22BDA7A11B6E11B7B78A650500BC08;FC081C55582CED11A62CD892C0003F2A;2025-06-10;2.0;173.78
647732FC5CFFFE11F1557891FE694789;FC081C55582CED11A62CD892C0003F2A;2025-06-10;18.0;792.0
6A99182F55FDFE11F1557891FE69B489;FC081C55582CED11A62CD892C0003F2A;2025-06-10;56.0;3247.44
E2C4FF2E22C18E111E1BBB65050099AA;FC081C55582CED11A62CD892C0003F2A;2025-06-10;8.0;1474.16
4525A9D094520F114EF7A826072B7A89;B0BDDED34CC83E11052F6792C000B249;2025-06-10;2.0;1380.16
6943869E6BF1EE114066106505007C4A;FC081C55582CED11A62CD892C0003F2A;2025-06-10;0.0;0.0
3BFF0450D0CAED11A62CD892C0003F2A;FC081C55582CED11A62CD892C0003F2A;2025-06-10;-2.0;-317.78
5022857200E7EE1191EE10650500A7B9;B0BDDED34CC83E11052F6792C000B249;2025-06-10;60.0;482.34
A033F6C2D74CDE11406610650500054A;B0BDDED34CC83E11052F6792C000B249;2025-06-10;0.0;0.0
A8DC76387DECEE1191EE1065050029B9;44673735EAF46E11B7B78A650500BC08;2025-06-10;20.0;5284.74
E9DC76387DECEE1191EE1065050029B9;44673735EAF46E11B7B78A650500BC08;2025-06-10;8.0;2711.88
31D1AC08F3D4EE11B1AD1065050068EA;44673735EAF46E11B7B78A650500BC08;2025-06-10;14.0;3017.72
BF8036F7D7A5DE11ADB31065050022C8;44673735EAF46E11B7B78A650500BC08;2025-06-10;68.0;3117.08
D0444CDD7E456E11B7B78A650500BC08;44673735EAF46E11B7B78A650500BC08;2025-06-10;20.0;1254.0
29ECF0E70F456E11B7B78A650500BC08;44673735EAF46E11B7B78A650500BC08;2025-06-10;20.0;3406.0
1677E18812E1FE1191EE106505004CB9;B0BDDED34CC83E11052F6792C000B249;2025-06-10;0.0;0.0
3FB596305B93FE1191EE106505009EB9;B0BDDED34CC83E11052F6792C000B249;2025-06-10;0.0;0.0
5885CDC5B371FE1191EE10650500BBB9;B0BDDED34CC83E11052F6792C000B249;2025-06-10;0.0;0.0
61F26D5AFB5F7E110819BB65050039AA;B0BDDED34CC83E11052F6792C000B249;2025-06-10;-4.0;-175.2
87EF3E628DB88E11F243BB6505008E3B;B0BDDED34CC83E11052F6792C000B249;2025-06-10;0.0;0.0
2E1BC62FE071AE11726010650500AF4A;44673735EAF46E11B7B78A650500BC08;2025-06-10;-2.0;-4714.24
EA77304C1E456E11B7B78A650500BC08;44673735EAF46E11B7B78A650500BC08;2025-06-10;40.0;16130.84
9B237A487148EE1191EE1065050038B9;44673735EAF46E11B7B78A650500BC08;2025-06-10;24.0;6053.0
AD6AA4B92E456E11B7B78A650500BC08;44673735EAF46E11B7B78A650500BC08;2025-06-10;46.0;23430.26
64E37C532B7AFE11128010650500E819;FC081C55582CED11A62CD892C0003F2A;2025-06-10;0.0;0.0
0CA81FA7BFCCDE11406610650500B54A;44673735EAF46E11B7B78A650500BC08;2025-06-10;0.0;0.0
DA176259DE79EE1191EE1065050009B9;44673735EAF46E11B7B78A650500BC08;2025-06-10;0.0;-2.2737367544323206e-13
70E31DD4F9CB8E11F243BB650500624B;44673735EAF46E11B7B78A650500BC08;2025-06-10;-16.0;-5169.6
59C7257B62E6AE11BE2110650500C94A;FC081C55582CED11A62CD892C0003F2A;2025-06-10;8.0;1060.4
C420B24DE61E4E1142D58A650500BC08;44673735EAF46E11B7B78A650500BC08;2025-06-10;12.0;2002.8
0C70813DABE1EE114066106505006C4A;44673735EAF46E11B7B78A650500BC08;2025-06-10;12.0;3903.6
55B69B5AC7797E110819BB65050019AA;44673735EAF46E11B7B78A650500BC08;2025-06-10;24.0;3151.2
839F1A05D2DCDE11406610650500B54A;FC081C55582CED11A62CD892C0003F2A;2025-06-10;0.0;0.0
B07C40126050EE114066106505004A4A;FC081C55582CED11A62CD892C0003F2A;2025-06-10;0.0;0.0
0E400C96A1130F114EF7A826072B6B89;FC081C55582CED11A62CD892C0003F2A;2025-06-10;0.0;0.0
23F3D15CB0FFFE11F1557891FE693789;FC081C55582CED11A62CD892C0003F2A;2025-06-10;0.0;0.0
D049E24C91CAED11A62CD892C0003F2A;FC081C55582CED11A62CD892C0003F2A;2025-06-10;0.0;0.0
578F837DF2D2FE1191EE106505007DB9;FC081C55582CED11A62CD892C0003F2A;2025-06-10;0.0;0.0
6316201ACABFAE11BE2110650500055A;FC081C55582CED11A62CD892C0003F2A;2025-06-10;0.0;0.0
1D79A08BE342EE11406610650500DC4A;FC081C55582CED11A62CD892C0003F2A;2025-06-10;-6.0;-1630.92
7AFF3B7079DB9E11726010650500784A;FC081C55582CED11A62CD892C0003F2A;2025-06-10;0.0;0.0
C1C1938CD3C4EE11B1AD1065050058EA;FC081C55582CED11A62CD892C0003F2A;2025-06-10;0.0;0.0
A4C9B32E40A20F114EF7A826072BDA89;FC081C55582CED11A62CD892C0003F2A;2025-06-10;0.0;0.0
E73E683E40A20F114EF7A826072BDA89;FC081C55582CED11A62CD892C0003F2A;2025-06-10;0.0;0.0
176026FD6F45DE11ADB310650500B1C8;FC081C55582CED11A62CD892C0003F2A;2025-06-10;0.0;0.0
98D1FD995FACEE1191EE1065050029B9;44673735EAF46E11B7B78A650500BC08;2025-06-10;8.0;15048.0
DA067B9FDD456E11B7B78A650500BC08;44673735EAF46E11B7B78A650500BC08;2025-06-10;6.0;6450.04
17164AABFA488E11F243BB650500FD3B;44673735EAF46E11B7B78A650500BC08;2025-06-10;12.0;2121.72
16123AF3C402EE114066106505008C4A;FC081C55582CED11A62CD892C0003F2A;2025-06-10;0.0;0.0
4B0DF4BB3D456E11B7B78A650500BC08;44673735EAF46E11B7B78A650500BC08;2025-06-10;38.0;1336.34
A0C1B01B55B4DE11ADB310650500F0C8;44673735EAF46E11B7B78A650500BC08;2025-06-10;88.0;3662.56
FEC2A31E65B4DE11ADB310650500F0C8;44673735EAF46E11B7B78A650500BC08;2025-06-10;70.0;4271.4
2BB955CA94897E110819BB65050019AA;44673735EAF46E11B7B78A650500BC08;2025-06-10;54.0;2124.36
0AE46024DFE34E1142D58A6505002C08;44673735EAF46E11B7B78A650500BC08;2025-06-10;54.0;2124.36
0FFF169D028ADE11406610650500924A;44673735EAF46E11B7B78A650500BC08;2025-06-10;0.0;0.0
B0991FA7BFCCDE11406610650500B54A;44673735EAF46E11B7B78A650500BC08;2025-06-10;0.0;-2.2737367544323206e-13
661FB3E16E854E1142D58A6505002C08;44673735EAF46E11B7B78A650500BC08;2025-06-10;0.0;0.0
3FD9825A5B185E1142D58A650500DC08;44673735EAF46E11B7B78A650500BC08;2025-06-10;-2.0;-94.16
699102ABB50CCE11ADB31065050005B8;44673735EAF46E11B7B78A650500BC08;2025-06-10;-4.0;-4008.66
C3EE077F7D456E11B7B78A650500BC08;44673735EAF46E11B7B78A650500BC08;2025-06-10;-12.0;-374.4
0C6DDA4DCECCCE11ADB31065050026B8;B0BDDED34CC83E11052F6792C000B249;2025-06-10;10.0;830.62
A691EF1A8E338E117E64BB6505007BAA;FC081C55582CED11A62CD892C0003F2A;2025-06-10;10.0;1750.0
6EE05376AF6DFE11F1557891FE690489;B0BDDED34CC83E11052F6792C000B249;2025-06-10;0.0;0.0
B82676865F66DE11ADB31065050023C8;44673735EAF46E11B7B78A650500BC08;2025-06-10;6.0;2716.54
0DCB0E913EDBBE118772106505006C59;B0BDDED34CC83E11052F6792C000B249;2025-06-10;0.0;0.0
CDB155BAA40BFE11128010650500E819;B0BDDED34CC83E11052F6792C000B249;2025-06-10;0.0;0.0
3E4A9856A1130F114EF7A826072B6B89;B0BDDED34CC83E11052F6792C000B249;2025-06-10;0.0;0.0
C6C823FA8D410F11112A674AC7E21989;B0BDDED34CC83E11052F6792C000B249;2025-06-10;-16.0;-977.6
0C0E64F47A93FE1191EE106505009EB9;B0BDDED34CC83E11052F6792C000B249;2025-06-10;0.0;0.0
1892A918BE010F11112A674AC7E2C889;B0BDDED34CC83E11052F6792C000B249;2025-06-10;0.0;0.0
501B3090D7696E11B7B78A650500BC08;B0BDDED34CC83E11052F6792C000B249;2025-06-10;0.0;0.0
C7DE402BF64BCE11ADB31065050014B8;B0BDDED34CC83E11052F6792C000B249;2025-06-10;0.0;0.0
9C7B56E68DB6EE1191EE1065050076B9;B0BDDED34CC83E11052F6792C000B249;2025-06-10;0.0;0.0
9ACEEB5DBB297E110819BB65050009AA;B0BDDED34CC83E11052F6792C000B249;2025-06-10;0.0;0.0
86E515FDA3C0FE1191EE10650500DAB9;B0BDDED34CC83E11052F6792C000B249;2025-06-10;0.0;0.0
6CC79D91486BFE111280106505000919;B0BDDED34CC83E11052F6792C000B249;2025-06-10;4.0;2229.46
37308690BFC18E113835BB650500B9AA;B0BDDED34CC83E11052F6792C000B249;2025-06-10;28.0;4273.3
950B4C36B4579E11554010650500E14B;FC081C55582CED11A62CD892C0003F2A;2025-06-10;14.0;2233.14
0B8756870317DE11C846106505003F6A;FC081C55582CED11A62CD892C0003F2A;2025-06-10;8.0;3330.96
D681D5353931DE11ADB3106505006CB8;FC081C55582CED11A62CD892C0003F2A;2025-06-10;4.0;234.33999999999997
BBE64C69F1C67E11B7B78A650500ED08;FC081C55582CED11A62CD892C0003F2A;2025-06-10;0.0;0.0
F12B6E3436E13E11052F6792C000CF39;FC081C55582CED11A62CD892C0003F2A;2025-06-10;0.0;0.0
3BF553BD54D6EE1191EE1065050096B9;FC081C55582CED11A62CD892C0003F2A;2025-06-10;10.0;8190.0
C53C430D64D9DE11406610650500B14A;44673735EAF46E11B7B78A650500BC08;2025-06-10;10.0;1095.04
EB3BDB0D222DFE11F1557891FE69A389;FC081C55582CED11A62CD892C0003F2A;2025-06-10;10.0;636.16
9FA0FD18E94DFE11F1557891FE69D389;B0BDDED34CC83E11052F6792C000B249;2025-06-10;0.0;5.684341886080802e-14
392473A4E528CE11ADB310650500EFA8;44673735EAF46E11B7B78A650500BC08;2025-06-10;-2.0;-290.92
8686AD764D4EFE11F1557891FE692589;FC081C55582CED11A62CD892C0003F2A;2025-06-10;6.0;2007.44
CE06AD764D4EFE11F1557891FE692589;B0BDDED34CC83E11052F6792C000B249;2025-06-10;8.0;2676.6
6AB3B63AC62EEE1191EE1065050029B9;FC081C55582CED11A62CD892C0003F2A;2025-06-10;0.0;0.0
5E89B5B27A1B8E11F243BB650500814B;44673735EAF46E11B7B78A650500BC08;2025-06-10;0.0;0.0
E1CBA0425C930F114EF7A826072B1C89;B0BDDED34CC83E11052F6792C000B249;2025-06-10;48.0;3839.04
20CDE16DD8FCEE1191EE1065050029B9;FC081C55582CED11A62CD892C0003F2A;2025-06-10;10.0;1620.0
8EF9BE46AF6DFE11F1557891FE690489;FC081C55582CED11A62CD892C0003F2A;2025-06-10;10.0;1197.0
AC0733626EA20F114EF7A826072BEA89;FC081C55582CED11A62CD892C0003F2A;2025-06-10;4.0;838.8
B2EC674674940E11A4A96492C000067B;FC081C55582CED11A62CD892C0003F2A;2025-06-10;4.0;595.08
3D884F7254940E11A4A96492C000067B;FC081C55582CED11A62CD892C0003F2A;2025-06-10;2.0;375.28
3C850F5EEB6DFE11F1557891FE690489;FC081C55582CED11A62CD892C0003F2A;2025-06-10;2.0;359.8
AA3F7DF37FAF5E1142D58A650500AD08;FC081C55582CED11A62CD892C0003F2A;2025-06-10;4.0;759.64
A20403D0F621BE11BE2110650500D65A;44673735EAF46E11B7B78A650500BC08;2025-06-10;-6.0;-504.0
67F9D47894520F114EF7A826072B7A89;FC081C55582CED11A62CD892C0003F2A;2025-06-10;4.0;3320.0
21172C68E51ECE11ADB310650500E7B8;FC081C55582CED11A62CD892C0003F2A;2025-06-10;-4.0;-636.9200000000001
2DEBE596FB913E11052F6792C000CF39;FC081C55582CED11A62CD892C0003F2A;2025-06-10;16.0;6384.0
2A1FA1F56BCEAE11BE2110650500D35A;FC081C55582CED11A62CD892C0003F2A;2025-06-10;22.0;7920.0
2303D4386BCEAE11BE2110650500D35A;FC081C55582CED11A62CD892C0003F2A;2025-06-10;24.0;8832.0
760DEA0C2F3ACE11ADB310650500A2B8;B0BDDED34CC83E11052F6792C000B249;2025-06-10;0.0;0.0
F270F3733E456E11B7B78A650500BC08;44673735EAF46E11B7B78A650500BC08;2025-06-10;4.0;980.0
3D0167F43F5F9E117260106505000D4A;44673735EAF46E11B7B78A650500BC08;2025-06-10;10.0;905.5
720499866AD7CE11ADB3106505008FA8;44673735EAF46E11B7B78A650500BC08;2025-06-10;8.0;17520.64
4E11E7D6FC7A6E11B7B78A650500BC08;44673735EAF46E11B7B78A650500BC08;2025-06-10;58.0;7153.120000000001
8220D7364C456E11B7B78A650500BC08;44673735EAF46E11B7B78A650500BC08;2025-06-10;72.0;4020.48
D2F85D4FD583CE118772106505002669;FC081C55582CED11A62CD892C0003F2A;2025-06-10;2.0;824.18
79D1EFF1B0A1EE11406610650500FB4A;44673735EAF46E11B7B78A650500BC08;2025-06-10;-2.0;-424.52
6102EDDAC92F6E11B7B78A650500CD08;44673735EAF46E11B7B78A650500BC08;2025-06-10;-2.0;-114.62
1CD40525B0CAED11A62CD892C0003F2A;44673735EAF46E11B7B78A650500BC08;2025-06-10;-2.0;-536.4
DBBBEF58D12B7E110819BB65050039AA;44673735EAF46E11B7B78A650500BC08;2025-06-10;-4.0;-332.0
FD61F64639248E113835BB650500ACAA;44673735EAF46E11B7B78A650500BC08;2025-06-10;-4.0;-85.04
C6E5E0944E456E11B7B78A650500BC08;44673735EAF46E11B7B78A650500BC08;2025-06-10;-12.0;-823.34
D583371720556E11B7B78A650500BC08;44673735EAF46E11B7B78A650500BC08;2025-06-10;-6.0;-2213.7599999999998
371644CE7DC7DE11C84610650500207A;44673735EAF46E11B7B78A650500BC08;2025-06-10;-6.0;-342.29999999999995
E80A588CE596DE11ADB31065050053C8;44673735EAF46E11B7B78A650500BC08;2025-06-10;-2.0;-113.6
B6EC7AF6E9A7DE11C84610650500FF6A;44673735EAF46E11B7B78A650500BC08;2025-06-10;-6.0;-271.18
64F6B226E9456E11B7B78A650500BC08;44673735EAF46E11B7B78A650500BC08;2025-06-10;-2.0;-758.22
F661B8747B4F6E11B7B78A650500CD08;44673735EAF46E11B7B78A650500BC08;2025-06-10;-98.0;-581.14
48654E473392BE11BE2110650500A85A;44673735EAF46E11B7B78A650500BC08;2025-06-10;-2.0;-64.34
31F7B97FC3BC3E11052F6792C000D249;44673735EAF46E11B7B78A650500BC08;2025-06-10;-40.0;-2822.4
DF69943E316C8E11F243BB650500534B;44673735EAF46E11B7B78A650500BC08;2025-06-10;-4.0;-441.88
6EB60AE49AE66E11B7B78A650500BC08;44673735EAF46E11B7B78A650500BC08;2025-06-10;-2.0;-372.0
64C5195257363E11052F6792C000FF39;44673735EAF46E11B7B78A650500BC08;2025-06-10;-4.0;-96.48
AE8FDD0B811FCE11ADB31065050029B8;44673735EAF46E11B7B78A650500BC08;2025-06-10;-2.0;-4764.22
F9FD29B141248E113835BB6505009CAA;44673735EAF46E11B7B78A650500BC08;2025-06-10;-4.0;-73.6
D2EE879423D0DE11ADB310650500BBB8;44673735EAF46E11B7B78A650500BC08;2025-06-10;-4.0;-307.04
C55E2EEFDE456E11B7B78A650500BC08;44673735EAF46E11B7B78A650500BC08;2025-06-10;-80.0;-5216.0
79CA388D51496E11B7B78A650500BC08;44673735EAF46E11B7B78A650500BC08;2025-06-10;-2.0;-514.0
AC2C200DFD456E11B7B78A650500BC08;44673735EAF46E11B7B78A650500BC08;2025-06-10;-2.0;-2510.0
AB20E4EC6412AE11726010650500705A;44673735EAF46E11B7B78A650500BC08;2025-06-10;-14.0;-4950.68
D4CB1674D664BE11BE2110650500FA5A;44673735EAF46E11B7B78A650500BC08;2025-06-10;-10.0;-1700.0
8FAA72CC44E6EE1191EE1065050096B9;44673735EAF46E11B7B78A650500BC08;2025-06-10;-4.0;-152.0
F38C2D4A811FCE11ADB31065050029B8;44673735EAF46E11B7B78A650500BC08;2025-06-10;-2.0;-597.96
CAB7EB18DF9CEE1191EE1065050029B9;44673735EAF46E11B7B78A650500BC08;2025-06-10;-6.0;-688.04
9BFAB03846A27E11B7B78A650500DD08;44673735EAF46E11B7B78A650500BC08;2025-06-10;-6.0;-392.4
F2561EA5CD456E11B7B78A650500BC08;44673735EAF46E11B7B78A650500BC08;2025-06-10;-20.0;-1200.0
76DDFC4FED456E11B7B78A650500BC08;44673735EAF46E11B7B78A650500BC08;2025-06-10;-2.0;-486.0
7A29DD479C456E11B7B78A650500BC08;44673735EAF46E11B7B78A650500BC08;2025-06-10;-2.0;-85.66
DE8150A455639E11554010650500CC3B;44673735EAF46E11B7B78A650500BC08;2025-06-10;-4.0;-1473.6399999999999
A00A07A13D456E11B7B78A650500BC08;44673735EAF46E11B7B78A650500BC08;2025-06-10;-2.0;-165.14
C67F99DFE6B49E115540106505008E3B;44673735EAF46E11B7B78A650500BC08;2025-06-10;-2.0;-172.04
0F6463B224937E11B7B78A650500DD08;44673735EAF46E11B7B78A650500BC08;2025-06-10;-2.0;-1130.0
1F6813864D85DE11ADB31065050002C8;44673735EAF46E11B7B78A650500BC08;2025-06-10;-4.0;-331.24
762C770EBC787E110819BB65050009AA;44673735EAF46E11B7B78A650500BC08;2025-06-10;-6.0;-191.2
0B2267EF3C456E11B7B78A650500BC08;44673735EAF46E11B7B78A650500BC08;2025-06-10;-2.0;-237.56
F523550101CAED11A62CD892C0003F2A;44673735EAF46E11B7B78A650500BC08;2025-06-10;-2.0;-411.98
C786FA88A8E9BE11877210650500E959;44673735EAF46E11B7B78A650500BC08;2025-06-10;-2.0;-231.0
8520B4FF13DB8E11F243BB650500724B;44673735EAF46E11B7B78A650500BC08;2025-06-10;-6.0;-230.7
382693E4CD456E11B7B78A650500BC08;44673735EAF46E11B7B78A650500BC08;2025-06-10;-2.0;-110.06
2FD20E8773D0DE11ADB310650500BBB8;44673735EAF46E11B7B78A650500BC08;2025-06-10;-20.0;-287.6
6D12452A3E263E11052F6792C000FF39;44673735EAF46E11B7B78A650500BC08;2025-06-10;-4.0;-359.56
80AF38F5A6F5AE11BE2110650500984A;44673735EAF46E11B7B78A650500BC08;2025-06-10;-2.0;-104.88
BC32A1754C456E11B7B78A650500BC08;44673735EAF46E11B7B78A650500BC08;2025-06-10;-12.0;-832.48
A47517318754EE11B1AD10650500C7EA;44673735EAF46E11B7B78A650500BC08;2025-06-10;-2.0;-597.56
285DA64F45B4DE11ADB310650500F0C8;44673735EAF46E11B7B78A650500BC08;2025-06-10;-6.0;-704.0999999999999
7CBA894198B37E11B7B78A650500DD08;44673735EAF46E11B7B78A650500BC08;2025-06-10;-2.0;-237.16
4E71D96512248E113835BB6505009CAA;44673735EAF46E11B7B78A650500BC08;2025-06-10;-38.0;-1384.32
3624D5E2AEEBCE11ADB310650500E4B8;44673735EAF46E11B7B78A650500BC08;2025-06-10;-2.0;-248.38
E7F6290DC8DA7E110819BB65050039AA;44673735EAF46E11B7B78A650500BC08;2025-06-10;-6.0;-1133.04
19540026AC456E11B7B78A650500BC08;44673735EAF46E11B7B78A650500BC08;2025-06-10;-10.0;-1102.94
8776371E51FA8E11F243BB650500514B;44673735EAF46E11B7B78A650500BC08;2025-06-10;-2.0;-58.34
9898D2291D9F7E110819BB65050039AA;44673735EAF46E11B7B78A650500BC08;2025-06-10;-2.0;-94.76
AA0FB04BCA057E11B7B78A650500ED08;44673735EAF46E11B7B78A650500BC08;2025-06-10;-2.0;-596.4
3DF9912ED621BE11BE2110650500D65A;44673735EAF46E11B7B78A650500BC08;2025-06-10;-6.0;-738.0
0D09FC5A69079E11554010650500814B;44673735EAF46E11B7B78A650500BC08;2025-06-10;-2.0;-2003.98
EBF67D3F67400F11F1557891FE69A789;44673735EAF46E11B7B78A650500BC08;2025-06-10;-2.0;-1412.0
EFE9CAB8E770BE11BE2110650500F55A;44673735EAF46E11B7B78A650500BC08;2025-06-10;-4.0;-315.3
6D51B697D7A5DE11ADB31065050022C8;44673735EAF46E11B7B78A650500BC08;2025-06-10;-2.0;-269.04
B465D76136D6EE1191EE1065050096B9;44673735EAF46E11B7B78A650500BC08;2025-06-10;-4.0;-1173.04
AEF155EB3C456E11B7B78A650500BC08;44673735EAF46E11B7B78A650500BC08;2025-06-10;-4.0;-297.6
432521586F799E115250106505003A4A;44673735EAF46E11B7B78A650500BC08;2025-06-10;-2.0;-435.98
1C577F655AE66E11B7B78A650500BC08;44673735EAF46E11B7B78A650500BC08;2025-06-10;-4.0;-142.4
F42EE9302DCA7E110819BB65050039AA;44673735EAF46E11B7B78A650500BC08;2025-06-10;-6.0;-353.1
A4C9C9BFA392FE1191EE106505002DB9;44673735EAF46E11B7B78A650500BC08;2025-06-10;-2.0;-192.64
8D1C5836992F6E11B7B78A650500CD08;44673735EAF46E11B7B78A650500BC08;2025-06-10;-4.0;-16.84
2E4DE77554DCAE11BE2110650500515A;44673735EAF46E11B7B78A650500BC08;2025-06-10;-2.0;-223.54
0C9A8BB02A300F11F1557891FE699789;44673735EAF46E11B7B78A650500BC08;2025-06-10;-8.0;-12865.6
32204C3634C26E1142D58A650500AD08;44673735EAF46E11B7B78A650500BC08;2025-06-10;-12.0;-2029.6799999999998
BE93DCFD9F25FE1191EE10650500A0C9;44673735EAF46E11B7B78A650500BC08;2025-06-10;-2.0;-201.38
F78C963E01CAED11A62CD892C0003F2A;44673735EAF46E11B7B78A650500BC08;2025-06-10;-2.0;-466.18
9708626FCAD0FE1191EE10650500FAB9;44673735EAF46E11B7B78A650500BC08;2025-06-10;-2.0;-140.42
EECB7A20F6197E110819BB65050009AA;44673735EAF46E11B7B78A650500BC08;2025-06-10;-4.0;-290.56
20387DFFA392FE1191EE106505002DB9;44673735EAF46E11B7B78A650500BC08;2025-06-10;-2.0;-376.22
E7E69B30FB03EE11B1AD1065050026EA;44673735EAF46E11B7B78A650500BC08;2025-06-10;-2.0;-163.2
8E52EC50E6568E11F243BB6505007B3B;44673735EAF46E11B7B78A650500BC08;2025-06-10;-4.0;-148.52
509E76E7640E1E1143F0668E4200502B;44673735EAF46E11B7B78A650500BC08;2025-06-10;-2.0;-96.9
785581FEBB6A9E115250106505006B4A;44673735EAF46E11B7B78A650500BC08;2025-06-10;-4.0;-511.0
B2C9D0D7BF9CFD11A4A96492C000CB59;44673735EAF46E11B7B78A650500BC08;2025-06-10;-2.0;-605.78
D0CFF00A45CF8E11F243BB650500084B;44673735EAF46E11B7B78A650500BC08;2025-06-10;-4.0;-814.66
824CE53C762B8E11F243BB650500914B;44673735EAF46E11B7B78A650500BC08;2025-06-10;-2.0;-136.56
DBFE0F1B6EEBCE11ADB310650500E4B8;44673735EAF46E11B7B78A650500BC08;2025-06-10;-4.0;-648.2
05B63D2329363E11052F6792C000FF39;44673735EAF46E11B7B78A650500BC08;2025-06-10;-2.0;-78.18
9118A63AB78DBE118772106505008E59;44673735EAF46E11B7B78A650500BC08;2025-06-10;-2.0;-92.7
43AA0BD3CC22AE11726010650500905A;44673735EAF46E11B7B78A650500BC08;2025-06-10;-2.0;-354.82
F11B64B33CD97E110819BB65050019AA;44673735EAF46E11B7B78A650500BC08;2025-06-10;-2.0;-536.06
3D928FA3DC456E11B7B78A650500BC08;44673735EAF46E11B7B78A650500BC08;2025-06-10;-6.0;-615.12
4242ED15E68FEE1191EE1065050049B9;44673735EAF46E11B7B78A650500BC08;2025-06-10;-2.0;-1216.74
22A7B94BCED4DE11ADB31065050021C8;44673735EAF46E11B7B78A650500BC08;2025-06-10;-4.0;-734.4
24BA31EA390FEE1191EE1065050029B9;44673735EAF46E11B7B78A650500BC08;2025-06-10;-6.0;-98.6
A5384A7B0321DE11ADB3106505003CB8;44673735EAF46E11B7B78A650500BC08;2025-06-10;-2.0;-164.0
CB868B0A43047E11B7B78A650500DD08;44673735EAF46E11B7B78A650500BC08;2025-06-10;-4.0;-2031.72
67D14D233431BE11BE2110650500E65A;44673735EAF46E11B7B78A650500BC08;2025-06-10;-22.0;-2821.5
09AF6905B00A3E11052F6792C000D249;44673735EAF46E11B7B78A650500BC08;2025-06-10;-2.0;-544.5
E9A5103BBD456E11B7B78A650500BC08;44673735EAF46E11B7B78A650500BC08;2025-06-10;-6.0;-146.94
06711DE98C456E11B7B78A650500BC08;44673735EAF46E11B7B78A650500BC08;2025-06-10;-2.0;-179.2
CD52EC50E6568E11F243BB6505007B3B;44673735EAF46E11B7B78A650500BC08;2025-06-10;-4.0;-258.48
000D1419D9CC6E11B7B78A650500BC08;44673735EAF46E11B7B78A650500BC08;2025-06-10;-2.0;-174.0
237CFD80AE456E11B7B78A650500BC08;44673735EAF46E11B7B78A650500BC08;2025-06-10;-2.0;-22.66
3C361686AC456E11B7B78A650500BC08;44673735EAF46E11B7B78A650500BC08;2025-06-10;-2.0;-76.7
B0AF58B0AA1B8E11F243BB650500814B;44673735EAF46E11B7B78A650500BC08;2025-06-10;-2.0;-5695.8
F6BA35B36CE1DE11ADB3106505004DB8;44673735EAF46E11B7B78A650500BC08;2025-06-10;-4.0;-320.28
7D0589672C8EAE11BE2110650500835A;44673735EAF46E11B7B78A650500BC08;2025-06-10;-2.0;-797.54
845D0DB41C63CE118772106505000669;44673735EAF46E11B7B78A650500BC08;2025-06-10;-2.0;-192.1
14C029B21D1DDE11406610650500164A;44673735EAF46E11B7B78A650500BC08;2025-06-10;-8.0;-733.78
D20F5FD5E00A3E11052F6792C000D249;44673735EAF46E11B7B78A650500BC08;2025-06-10;-2.0;-906.76
80F7EB7A03078E11F243BB6505005C3B;44673735EAF46E11B7B78A650500BC08;2025-06-10;-2.0;-174.54
101484503E456E11B7B78A650500BC08;44673735EAF46E11B7B78A650500BC08;2025-06-10;-2.0;-4157.74
3AA0E8E2D0458E113835BB6505000EAA;44673735EAF46E11B7B78A650500BC08;2025-06-10;-2.0;-134.3
475B9B4990CAED11A62CD892C0003F2A;44673735EAF46E11B7B78A650500BC08;2025-06-10;-2.0;-168.84
F4CD8984ABE1EE114066106505006C4A;44673735EAF46E11B7B78A650500BC08;2025-06-10;-2.0;-128.0
D861A2FDB79FAE11BE2110650500D45A;44673735EAF46E11B7B78A650500BC08;2025-06-10;-2.0;-785.4
B0AA28A04E456E11B7B78A650500BC08;44673735EAF46E11B7B78A650500BC08;2025-06-10;-4.0;-3060.0
8FC8FBA81E456E11B7B78A650500BC08;44673735EAF46E11B7B78A650500BC08;2025-06-10;-2.0;-881.58
CD9DE51F066E9E11726010650500CB4A;44673735EAF46E11B7B78A650500BC08;2025-06-10;-2.0;-39.02
4C6E2588AC456E11B7B78A650500BC08;44673735EAF46E11B7B78A650500BC08;2025-06-10;-2.0;-439.44
725559B666767E11B7B78A650500ED08;44673735EAF46E11B7B78A650500BC08;2025-06-10;-2.0;-419.14
4EAF4D49FCA86E11B7B78A650500BC08;44673735EAF46E11B7B78A650500BC08;2025-06-10;-2.0;-775.1
91316F588F886E11B7B78A650500BC08;44673735EAF46E11B7B78A650500BC08;2025-06-10;-2.0;-113.06
183710D807C8BE118772106505007859;44673735EAF46E11B7B78A650500BC08;2025-06-10;-252.0;-41819.880000000005
FB2BB701BD889E11525010650500F84A;44673735EAF46E11B7B78A650500BC08;2025-06-10;-2.0;-184.0
73F55FEA3974EE11B1AD10650500F7EA;FC081C55582CED11A62CD892C0003F2A;2025-06-10;-2.0;-48.0
8014E56DBB98FE11128010650500D819;FC081C55582CED11A62CD892C0003F2A;2025-06-10;-4.0;-133.62
A34403D57DAB7E110819BB65050039AA;FC081C55582CED11A62CD892C0003F2A;2025-06-10;-18.0;-42.84
D19BB862B0CAED11A62CD892C0003F2A;FC081C55582CED11A62CD892C0003F2A;2025-06-10;-16.0;-544.18
0613D51E2ABFAE11BE2110650500055A;FC081C55582CED11A62CD892C0003F2A;2025-06-10;-2.0;-106.82
8B0A08A641AD7E110819BB65050039AA;FC081C55582CED11A62CD892C0003F2A;2025-06-10;-2.0;-255.64
60669C36F3800F11F1557891FE69F789;FC081C55582CED11A62CD892C0003F2A;2025-06-10;-14.0;-86.74
1C4DDDC841BFFE11F1557891FE69E689;FC081C55582CED11A62CD892C0003F2A;2025-06-10;-2.0;-125.52
54859C87CDB88E11F243BB6505008E3B;FC081C55582CED11A62CD892C0003F2A;2025-06-10;-2.0;-23.1
77F128161AE00F11112A674AC7E29889;FC081C55582CED11A62CD892C0003F2A;2025-06-10;-8.0;-118.88
F07BD049C89D7E110819BB65050039AA;FC081C55582CED11A62CD892C0003F2A;2025-06-10;-2.0;-167.58
D57283856E74FE1191EE10650500CFB9;FC081C55582CED11A62CD892C0003F2A;2025-06-10;-4.0;-138.24
53E3D56ECDE88E11F243BB650500CE3B;FC081C55582CED11A62CD892C0003F2A;2025-06-10;-2.0;-159.5
318F9ECCC09FDE11406610650500594A;FC081C55582CED11A62CD892C0003F2A;2025-06-10;-4.0;-167.96
D7FAB12DDF30EE114066106505003A4A;FC081C55582CED11A62CD892C0003F2A;2025-06-10;-2.0;-52.36
8A9FD8FFCCEEDE11406610650500884A;FC081C55582CED11A62CD892C0003F2A;2025-06-10;-2.0;-26.52
A4CDABCB78A05E1142D58A650500BC08;FC081C55582CED11A62CD892C0003F2A;2025-06-10;-2.0;-1720.0
7DD731B28CA4DE11ADB310650500E0C8;FC081C55582CED11A62CD892C0003F2A;2025-06-10;-2.0;-150.94
23CB129EF77EFE11F1557891FE695589;FC081C55582CED11A62CD892C0003F2A;2025-06-10;-6.0;-246.66
BECB22B34D05DE11ADB31065050061C8;FC081C55582CED11A62CD892C0003F2A;2025-06-10;-2.0;-314.06
11DBD1DCD0CAED11A62CD892C0003F2A;FC081C55582CED11A62CD892C0003F2A;2025-06-10;-2.0;-290.08
731F64BA605E2E11052F6792C000CF39;FC081C55582CED11A62CD892C0003F2A;2025-06-10;-2.0;-867.5
80B46476DED4DE11ADB31065050021C8;FC081C55582CED11A62CD892C0003F2A;2025-06-10;-2.0;-329.4
A0F75C1CB364AE11726010650500635A;FC081C55582CED11A62CD892C0003F2A;2025-06-10;-2.0;-523.92
DA92A519CEEFFE11F1557891FE693789;FC081C55582CED11A62CD892C0003F2A;2025-06-10;-2.0;-543.6
DC1A49A50FBBEE1191EE1065050029B9;FC081C55582CED11A62CD892C0003F2A;2025-06-10;-2.0;-194.0
F3A43B996382DE11ADB3106505000EB8;FC081C55582CED11A62CD892C0003F2A;2025-06-10;-2.0;-817.6
ABD804ECAD62FE1191EE10650500FCB9;FC081C55582CED11A62CD892C0003F2A;2025-06-10;-2.0;-264.78
F8C77A350DDDFE11F1557891FE699489;FC081C55582CED11A62CD892C0003F2A;2025-06-10;-2.0;-803.28
CBB225A8B6D1AE11726010650500205A;FC081C55582CED11A62CD892C0003F2A;2025-06-10;-2.0;-400.3
9C2399A60207BE118772106505003659;FC081C55582CED11A62CD892C0003F2A;2025-06-10;-2.0;-329.96
89CE218065F2EE11B1AD1065050006EA;FC081C55582CED11A62CD892C0003F2A;2025-06-10;-2.0;-856.94
C6C823FA8D410F11112A674AC7E21989;FC081C55582CED11A62CD892C0003F2A;2025-06-10;-8.0;-488.8
F7892213A3FF7E110819BB65050039AA;FC081C55582CED11A62CD892C0003F2A;2025-06-10;-2.0;-139.56
068C88AF803D7E110819BB65050039AA;FC081C55582CED11A62CD892C0003F2A;2025-06-10;-4.0;-45.78
951A958001CAED11A62CD892C0003F2A;FC081C55582CED11A62CD892C0003F2A;2025-06-10;-2.0;-116.48
483646EC64FFDE11406610650500D94A;FC081C55582CED11A62CD892C0003F2A;2025-06-10;-2.0;-284.74
66CC2FF5BA510F11112A674AC7E22989;FC081C55582CED11A62CD892C0003F2A;2025-06-10;-2.0;-263.2
9E4D455DE0CAED11A62CD892C0003F2A;FC081C55582CED11A62CD892C0003F2A;2025-06-10;-2.0;-287.06
7CF74A7B0321DE11ADB3106505003CB8;FC081C55582CED11A62CD892C0003F2A;2025-06-10;-4.0;-132.0
7A0F7C972D9EFE11F1557891FE698589;FC081C55582CED11A62CD892C0003F2A;2025-06-10;-2.0;-114.04
E6A530BC6711AE117260106505003F4A;FC081C55582CED11A62CD892C0003F2A;2025-06-10;-2.0;-701.3
267F32B541341E1143F0668E42008C3B;FC081C55582CED11A62CD892C0003F2A;2025-06-10;-20.0;-928.8
91917AB011CAED11A62CD892C0003F2A;FC081C55582CED11A62CD892C0003F2A;2025-06-10;-2.0;-476.18
16E38B3A4DBD7E110819BB65050039AA;FC081C55582CED11A62CD892C0003F2A;2025-06-10;-2.0;-25.64
AD872C5E0354DE11ADB31065050070C8;FC081C55582CED11A62CD892C0003F2A;2025-06-10;-4.0;-1677.8600000000001
964F3E7BB47D8E11F243BB650500154B;FC081C55582CED11A62CD892C0003F2A;2025-06-10;-2.0;-324.9
70B7EDD1F0CAED11A62CD892C0003F2A;FC081C55582CED11A62CD892C0003F2A;2025-06-10;-4.0;-1584.86
4E5A5F7AA3F3FE1191EE106505000FB9;FC081C55582CED11A62CD892C0003F2A;2025-06-10;-2.0;-221.26
AAFD5840CA187E110819BB65050009AA;FC081C55582CED11A62CD892C0003F2A;2025-06-10;-2.0;-151.2
5D16EB76D195EE1191EE1065050005B9;FC081C55582CED11A62CD892C0003F2A;2025-06-10;-2.0;-219.7
2ABB9C481C809E11F243BB650500094B;FC081C55582CED11A62CD892C0003F2A;2025-06-10;-2.0;-1568.28
72BE4835A869FE11128010650500E819;FC081C55582CED11A62CD892C0003F2A;2025-06-10;-2.0;-707.74
23821BB60420DE11ADB310650500BAB8;FC081C55582CED11A62CD892C0003F2A;2025-06-10;-2.0;-265.2
4E7A8CB7C54DEE1191EE1065050029B9;FC081C55582CED11A62CD892C0003F2A;2025-06-10;-6.0;-221.76
FDDDD82EC0CAED11A62CD892C0003F2A;FC081C55582CED11A62CD892C0003F2A;2025-06-10;-4.0;-716.8
E28D1FFC8605EE11B1AD10650500A8EA;FC081C55582CED11A62CD892C0003F2A;2025-06-10;-2.0;-230.22
1B16DD46801C3E11052F6792C000D249;FC081C55582CED11A62CD892C0003F2A;2025-06-10;-2.0;-29.4
EE990BED90CAED11A62CD892C0003F2A;FC081C55582CED11A62CD892C0003F2A;2025-06-10;-2.0;-360.0
646DDB885979DE11406610650500414A;FC081C55582CED11A62CD892C0003F2A;2025-06-10;-2.0;-140.0
4E98CB4091663E11052F6792C000FF39;FC081C55582CED11A62CD892C0003F2A;2025-06-10;-2.0;-326.58
DF10F07564878E11F243BB650500FC3B;FC081C55582CED11A62CD892C0003F2A;2025-06-10;-2.0;-369.92
2BBFF4148CA7FE1191EE10650500E3C9;FC081C55582CED11A62CD892C0003F2A;2025-06-10;-2.0;-440.1
EBC4EB1C9B98FE11128010650500D819;FC081C55582CED11A62CD892C0003F2A;2025-06-10;-2.0;-160.06
2C4DEFCDF77DFE1158A3BB3DBE8E1489;FC081C55582CED11A62CD892C0003F2A;2025-06-10;-4.0;-618.92
9FB6329BDC839E11554010650500FC3B;FC081C55582CED11A62CD892C0003F2A;2025-06-10;-2.0;-583.26
84A6BE7EF77EFE11F1557891FE695589;FC081C55582CED11A62CD892C0003F2A;2025-06-10;-2.0;-82.22
6E7F8E97A20BAE11BE21106505000F4A;FC081C55582CED11A62CD892C0003F2A;2025-06-10;-2.0;-117.06
8CC025D20273EE11B1AD10650500A6EA;FC081C55582CED11A62CD892C0003F2A;2025-06-10;-2.0;-120.42
F2F89BDB7D6AFE11128010650500E819;FC081C55582CED11A62CD892C0003F2A;2025-06-10;-2.0;-33.68
30F40DED41CAED11A62CD892C0003F2A;FC081C55582CED11A62CD892C0003F2A;2025-06-10;-2.0;-497.22
2645FD3156CE8E11F243BB650500C64B;FC081C55582CED11A62CD892C0003F2A;2025-06-10;-4.0;-311.12
C2AC8F62E719DE11C84610650500C17A;FC081C55582CED11A62CD892C0003F2A;2025-06-10;-2.0;-865.38
37DF6B0BCED4DE11ADB31065050021C8;FC081C55582CED11A62CD892C0003F2A;2025-06-10;-2.0;-367.2
46EBB8246B34DE11ADB31065050050C8;FC081C55582CED11A62CD892C0003F2A;2025-06-10;-2.0;-169.68
5B352AE8D673AE11726010650500325A;FC081C55582CED11A62CD892C0003F2A;2025-06-10;-4.0;-284.82
86946A0DB54CCE11ADB31065050075B8;FC081C55582CED11A62CD892C0003F2A;2025-06-10;-6.0;-422.7
FB00436768332E1143F0668E4200C71A;FC081C55582CED11A62CD892C0003F2A;2025-06-10;-2.0;-449.28
B9905635FF1FCE11ADB31065050039B8;FC081C55582CED11A62CD892C0003F2A;2025-06-10;-2.0;-229.08
96EDE97230CAED11A62CD892C0003F2A;FC081C55582CED11A62CD892C0003F2A;2025-06-10;-2.0;-668.92
F890A43DB6CDEE1191EE1065050029B9;FC081C55582CED11A62CD892C0003F2A;2025-06-10;-2.0;-992.62
A2DD54E5D0CAED11A62CD892C0003F2A;FC081C55582CED11A62CD892C0003F2A;2025-06-10;-2.0;-327.22
F81BAA01294A1E1143F0668E4200FBFB;FC081C55582CED11A62CD892C0003F2A;2025-06-10;-4.0;-429.38
69318F3ADE059E115540106505000F3B;FC081C55582CED11A62CD892C0003F2A;2025-06-10;-2.0;-357.62
2351D3A45815CE11ADB3106505000DA8;FC081C55582CED11A62CD892C0003F2A;2025-06-10;-2.0;-15.9
AF7564DCAD62FE1191EE10650500FCB9;FC081C55582CED11A62CD892C0003F2A;2025-06-10;-2.0;-241.44
16B7C3B4BDCFCE11ADB3106505003AB8;FC081C55582CED11A62CD892C0003F2A;2025-06-10;-2.0;-69.34
736028161F47CE11ADB310650500DEA8;FC081C55582CED11A62CD892C0003F2A;2025-06-10;-2.0;-867.02
B0E084D0DFBBFE111280106505000919;FC081C55582CED11A62CD892C0003F2A;2025-06-10;-2.0;-166.06
331565E232AAAE11BE21106505008E4A;FC081C55582CED11A62CD892C0003F2A;2025-06-10;-4.0;-316.82
A7218C1035B4DE11ADB310650500F0C8;FC081C55582CED11A62CD892C0003F2A;2025-06-10;-2.0;-189.4
C7B55F3D708F3E11F7F68A650500DB08;FC081C55582CED11A62CD892C0003F2A;2025-06-10;-2.0;-154.06
0AE46024DFE34E1142D58A6505002C08;FC081C55582CED11A62CD892C0003F2A;2025-06-10;-2.0;-78.68
AD336A66D343FE1191EE106505001EB9;FC081C55582CED11A62CD892C0003F2A;2025-06-10;-2.0;-257.9
9F0B74D7D0CAED11A62CD892C0003F2A;FC081C55582CED11A62CD892C0003F2A;2025-06-10;-2.0;-780.0
1717526C6945BE11BE21106505001C5A;FC081C55582CED11A62CD892C0003F2A;2025-06-10;-2.0;-132.84
D036D81364FF4E1142D58A650500BC08;FC081C55582CED11A62CD892C0003F2A;2025-06-10;-2.0;-67.12
85AD1C3C57E44E1142D58A6505002C08;FC081C55582CED11A62CD892C0003F2A;2025-06-10;-4.0;-79.76
9178A929B72DED11A62CD892C0003F2A;FC081C55582CED11A62CD892C0003F2A;2025-06-10;-8.0;-441.14
AC11F557695EDE11406610650500C74A;FC081C55582CED11A62CD892C0003F2A;2025-06-10;-2.0;-628.64
02A6BE29AB12DE11ADB3106505008DB8;FC081C55582CED11A62CD892C0003F2A;2025-06-10;-2.0;-967.7
ED5552380502EE114066106505008C4A;FC081C55582CED11A62CD892C0003F2A;2025-06-10;-2.0;-443.9
5FBC3D8B0F7E4E1142D58A650500BC08;FC081C55582CED11A62CD892C0003F2A;2025-06-10;-2.0;-1273.78
40B6BC2CD083FE1191EE106505007EB9;FC081C55582CED11A62CD892C0003F2A;2025-06-10;-2.0;-241.04
80AA0C81D3C89E11525010650500394A;FC081C55582CED11A62CD892C0003F2A;2025-06-10;-2.0;-994.92
89904BBEC0CAED11A62CD892C0003F2A;FC081C55582CED11A62CD892C0003F2A;2025-06-10;-2.0;-386.4
8FB1EA747D27EE1191EE10650500C6B9;FC081C55582CED11A62CD892C0003F2A;2025-06-10;-2.0;-145.96
78F97DAEC12AFE11128010650500E819;FC081C55582CED11A62CD892C0003F2A;2025-06-10;-2.0;-719.76
2018E9D401CAED11A62CD892C0003F2A;FC081C55582CED11A62CD892C0003F2A;2025-06-10;-2.0;-198.06
D3033A80E0CAED11A62CD892C0003F2A;FC081C55582CED11A62CD892C0003F2A;2025-06-10;-2.0;-298.58
5F25ED3582EE0E1123F0668E42005B38;FC081C55582CED11A62CD892C0003F2A;2025-06-10;-2.0;-93.74
4A4F38444C415E1142D58A650500BC08;FC081C55582CED11A62CD892C0003F2A;2025-06-10;-2.0;-654.08
62AE4246B7A0EE11406610650500BA4A;FC081C55582CED11A62CD892C0003F2A;2025-06-10;-2.0;-170.2
858395229A785E1142D58A650500DC08;FC081C55582CED11A62CD892C0003F2A;2025-06-10;-4.0;-462.74
C759B6028D7DED11A62CD892C0003F2A;FC081C55582CED11A62CD892C0003F2A;2025-06-10;-4.0;-328.54
0ED4E02A4A7D5E1142D58A6505002D08;FC081C55582CED11A62CD892C0003F2A;2025-06-10;-2.0;-246.2
5AD119110F70DE11ADB3106505004BB8;FC081C55582CED11A62CD892C0003F2A;2025-06-10;-2.0;-456.38
C8A985B261CBEE1191EE1065050029B9;FC081C55582CED11A62CD892C0003F2A;2025-06-10;-2.0;-160.0
BFDD8CD0DDDFDE11406610650500B94A;FC081C55582CED11A62CD892C0003F2A;2025-06-10;-2.0;-263.34
B12AC4A5ADECFE11F1557891FE696389;FC081C55582CED11A62CD892C0003F2A;2025-06-10;-2.0;-658.1
366CF5F70621AE117260106505004F4A;FC081C55582CED11A62CD892C0003F2A;2025-06-10;-2.0;-33.22
9B4C369F7EF2FD110DC22A92C000C499;FC081C55582CED11A62CD892C0003F2A;2025-06-10;-4.0;-214.3
400E3BDEB75CEE1191EE1065050029B9;FC081C55582CED11A62CD892C0003F2A;2025-06-10;-2.0;-3568.68
D1400672989FBE118772106505002169;B0BDDED34CC83E11052F6792C000B249;2025-06-10;-2.0;-92.4
6E679C94F40ADE11406610650500F14A;B0BDDED34CC83E11052F6792C000B249;2025-06-10;-4.0;-92.0
0C4F278C0ADEAE11BE2110650500E35A;B0BDDED34CC83E11052F6792C000B249;2025-06-10;-24.0;-442.79999999999995
A124E50E08449E11554010650500ED3B;B0BDDED34CC83E11052F6792C000B249;2025-06-10;-28.0;-1376.68
8A858CC65DC2DE11ADB3106505006EB8;B0BDDED34CC83E11052F6792C000B249;2025-06-10;-2.0;-721.32
59489E4DF124EE11B1AD1065050087EA;B0BDDED34CC83E11052F6792C000B249;2025-06-10;-2.0;-176.06
509BCE03DF52EE11406610650500FC4A;B0BDDED34CC83E11052F6792C000B249;2025-06-10;-2.0;-144.16
45489844023EDE11406610650500874A;B0BDDED34CC83E11052F6792C000B249;2025-06-10;-2.0;-72.88
4BF72E5DC335DE11ADB31065050091C8;B0BDDED34CC83E11052F6792C000B249;2025-06-10;-2.0;-120.12
0AB2738BBF13CE11877210650500A569;B0BDDED34CC83E11052F6792C000B249;2025-06-10;-6.0;-171.16
B975424700B3FD110DC22A92C000C499;B0BDDED34CC83E11052F6792C000B249;2025-06-10;-2.0;-42.6
8FA02CA111CAED11A62CD892C0003F2A;B0BDDED34CC83E11052F6792C000B249;2025-06-10;-6.0;-2282.7
5551BA759272CE11877210650500C469;B0BDDED34CC83E11052F6792C000B249;2025-06-10;-2.0;-1686.02
E97C4871CC07BE118772106505004659;B0BDDED34CC83E11052F6792C000B249;2025-06-10;-2.0;-48.04
8DE64C228ABAFE11128010650500E819;B0BDDED34CC83E11052F6792C000B249;2025-06-10;-2.0;-787.32
9CDF16A58B50EE114066106505005A4A;B0BDDED34CC83E11052F6792C000B249;2025-06-10;-2.0;-42.46
CEB101B1899FFE11F1557891FE69C689;B0BDDED34CC83E11052F6792C000B249;2025-06-10;-2.0;-497.44
2D42EF4B16137E11B7B78A650500DD08;B0BDDED34CC83E11052F6792C000B249;2025-06-10;-6.0;-668.0
1B49BCD31AF1EE114066106505007C4A;B0BDDED34CC83E11052F6792C000B249;2025-06-10;-2.0;-125.76
8A6DD158D0CAED11A62CD892C0003F2A;B0BDDED34CC83E11052F6792C000B249;2025-06-10;-2.0;-451.84
AA92DB144EED7E110819BB65050039AA;B0BDDED34CC83E11052F6792C000B249;2025-06-10;-2.0;-625.0
DD2E6D0AC79ACE11ADB31065050013B8;B0BDDED34CC83E11052F6792C000B249;2025-06-10;-2.0;-514.18
C72E731DD023CE11877210650500A569;B0BDDED34CC83E11052F6792C000B249;2025-06-10;-20.0;-668.2
DA39BC1E81365E1142D58A650500DC08;B0BDDED34CC83E11052F6792C000B249;2025-06-10;-4.0;-832.32
205641706D52EE11406610650500FC4A;B0BDDED34CC83E11052F6792C000B249;2025-06-10;-2.0;-489.38
CF3D433B68363E11052F6792C000FF39;B0BDDED34CC83E11052F6792C000B249;2025-06-10;-2.0;-89.96
A3E510C0DE2DBE118772106505001E59;B0BDDED34CC83E11052F6792C000B249;2025-06-10;-4.0;-342.52
8E6E948E05B4DE11ADB310650500F0C8;B0BDDED34CC83E11052F6792C000B249;2025-06-10;-2.0;-116.16
837CEB5FC7DE4E1142D58A650500BC08;B0BDDED34CC83E11052F6792C000B249;2025-06-10;-2.0;-206.44
867C66A9B2C0AE11726010650500CE4A;B0BDDED34CC83E11052F6792C000B249;2025-06-10;-4.0;-223.44
A6587A2041CAED11A62CD892C0003F2A;B0BDDED34CC83E11052F6792C000B249;2025-06-10;-2.0;-528.2
570CDB2441CAED11A62CD892C0003F2A;B0BDDED34CC83E11052F6792C000B249;2025-06-10;-2.0;-285.04
DF12447D4D399E11525010650500E94A;B0BDDED34CC83E11052F6792C000B249;2025-06-10;-2.0;-190.36
F7EE6A1AAAA2EE11B1AD10650500A5EA;B0BDDED34CC83E11052F6792C000B249;2025-06-10;-4.0;-14.46
809DE472E0CAED11A62CD892C0003F2A;B0BDDED34CC83E11052F6792C000B249;2025-06-10;-2.0;-594.56
7B0A57994A77EE1191EE1065050027B9;B0BDDED34CC83E11052F6792C000B249;2025-06-10;-2.0;-148.64
2E6015003E405E1142D58A650500BC08;B0BDDED34CC83E11052F6792C000B249;2025-06-10;-2.0;-299.8
0239715B1A7CDE11406610650500454A;B0BDDED34CC83E11052F6792C000B249;2025-06-10;-4.0;-592.96
BEF020C39E1EFE11F1557891FE69E489;B0BDDED34CC83E11052F6792C000B249;2025-06-10;-6.0;-720.0
46881F4B13D0DE11ADB310650500BBB8;B0BDDED34CC83E11052F6792C000B249;2025-06-10;-2.0;-162.2
B26FE24741BFFE11F1557891FE69E689;B0BDDED34CC83E11052F6792C000B249;2025-06-10;-4.0;-159.82
1D79A08BE342EE11406610650500DC4A;B0BDDED34CC83E11052F6792C000B249;2025-06-10;-2.0;-467.8
F8DF16A58B50EE114066106505005A4A;B0BDDED34CC83E11052F6792C000B249;2025-06-10;-2.0;-69.02
1D804AB5CF95FE1191EE1065050031C9;B0BDDED34CC83E11052F6792C000B249;2025-06-10;-2.0;-915.82
769B72C890CAED11A62CD892C0003F2A;B0BDDED34CC83E11052F6792C000B249;2025-06-10;-2.0;-185.32
293D26C3BCB1EE114066106505001C4A;B0BDDED34CC83E11052F6792C000B249;2025-06-10;-4.0;-270.72
7FCDB59D0EB89E11525010650500394A;B0BDDED34CC83E11052F6792C000B249;2025-06-10;-2.0;-256.22
4769CAA0EC6FEE1191EE1065050029B9;B0BDDED34CC83E11052F6792C000B249;2025-06-10;-2.0;-390.12
FB71EA8162C5EE1191EE1065050045B9;B0BDDED34CC83E11052F6792C000B249;2025-06-10;-2.0;-504.0
E23732FC5CFFFE11F1557891FE694789;B0BDDED34CC83E11052F6792C000B249;2025-06-10;-2.0;-88.0
9F72DFF63EA27E11B7B78A650500DD08;B0BDDED34CC83E11052F6792C000B249;2025-06-10;-2.0;-227.46
1E517712B6F07E11B7B78A650500CD08;B0BDDED34CC83E11052F6792C000B249;2025-06-10;-2.0;-70.76
2148978EF4B4DE11ADB310650500F0C8;B0BDDED34CC83E11052F6792C000B249;2025-06-10;-2.0;-116.16
2318510E68138E110223BB6505005BAA;B0BDDED34CC83E11052F6792C000B249;2025-06-10;-2.0;-986.56
0CC5F8677F54DE11ADB31065050080C8;B0BDDED34CC83E11052F6792C000B249;2025-06-10;-2.0;-134.34
69CACF74AEC81E1143F0668E42006B8B;B0BDDED34CC83E11052F6792C000B249;2025-06-10;-2.0;-554.2
E59582F75DC2DE11ADB3106505006EB8;B0BDDED34CC83E11052F6792C000B249;2025-06-10;-2.0;-721.3
455A6FDA5BDD4E1142D58A650500BC08;B0BDDED34CC83E11052F6792C000B249;2025-06-10;-2.0;-335.62
4EA80755CB63CE118772106505000669;B0BDDED34CC83E11052F6792C000B249;2025-06-10;-2.0;-118.7
8152B5B71726EE1191EE10650500C5B9;B0BDDED34CC83E11052F6792C000B249;2025-06-10;-2.0;-390.72
AB107A1E157D8E11F243BB650500154B;B0BDDED34CC83E11052F6792C000B249;2025-06-10;-2.0;-155.5
A4E787E2A00CEE1191EE1065050029B9;B0BDDED34CC83E11052F6792C000B249;2025-06-10;-2.0;-610.0
5B4E6AE3E60BFE11128010650500E819;B0BDDED34CC83E11052F6792C000B249;2025-06-10;-4.0;-240.74
A620F91E019EBE11877210650500DF59;B0BDDED34CC83E11052F6792C000B249;2025-06-10;-2.0;-55.72
98A437D69BEAEE1191EE1065050029B9;B0BDDED34CC83E11052F6792C000B249;2025-06-10;-2.0;-565.8
C7A795AC483EFE11F1557891FE690589;B0BDDED34CC83E11052F6792C000B249;2025-06-10;-6.0;-90.0
885F93486BB4EE11B1AD1065050048EA;B0BDDED34CC83E11052F6792C000B249;2025-06-10;-2.0;-449.42
FCEC30D9A257DE11C846106505008F6A;B0BDDED34CC83E11052F6792C000B249;2025-06-10;-2.0;-51.0
A0B399341B6C8E11F243BB650500734B;B0BDDED34CC83E11052F6792C000B249;2025-06-10;-2.0;-268.0
DD7A82503AC0DE11ADB310650500ABB8;B0BDDED34CC83E11052F6792C000B249;2025-06-10;-8.0;-296.28
98B8E940CD2ECE11ADB31065050008B8;B0BDDED34CC83E11052F6792C000B249;2025-06-10;-2.0;-108.64
99BC135AA60BFE11128010650500E819;B0BDDED34CC83E11052F6792C000B249;2025-06-10;-2.0;-78.9
ADB751EE1F22FE1191EE10650500ACB9;B0BDDED34CC83E11052F6792C000B249;2025-06-10;-2.0;-62.44
DC43B91FF106FE1191EE10650500B1C9;B0BDDED34CC83E11052F6792C000B249;2025-06-10;-2.0;-306.3
001AA9AB5443FE1191EE106505001EB9;B0BDDED34CC83E11052F6792C000B249;2025-06-10;-2.0;-288.62
9C3E818302CAED11A62CD892C0003F2A;B0BDDED34CC83E11052F6792C000B249;2025-06-10;-2.0;-96.9
E9C185AD1DC97E110819BB65050019AA;B0BDDED34CC83E11052F6792C000B249;2025-06-10;-2.0;-141.12
F6FC88649A73CE118772106505001669;B0BDDED34CC83E11052F6792C000B249;2025-06-10;-2.0;-838.9
C0B0682B0464AE11726010650500635A;B0BDDED34CC83E11052F6792C000B249;2025-06-10;-2.0;-393.86
87B995D2BC1EFE11F1557891FE69E489;B0BDDED34CC83E11052F6792C000B249;2025-06-10;-6.0;-594.0
AC11F557695EDE11406610650500C74A;B0BDDED34CC83E11052F6792C000B249;2025-06-10;-2.0;-421.18
D23DB89C1A5FFE11F1557891FE697689;B0BDDED34CC83E11052F6792C000B249;2025-06-10;-2.0;-178.16
201C6A371ABAFE11128010650500E819;FC081C55582CED11A62CD892C0003F2A;2025-06-10;2.0;1644.18
33527562B4677E110819BB650500E8AA;44673735EAF46E11B7B78A650500BC08;2025-06-10;20.0;540.0
04AAC77198385E1142D58A650500DC08;B0BDDED34CC83E11052F6792C000B249;2025-06-10;6.0;415.8
79B9C19C2CF2CE118772106505007569;B0BDDED34CC83E11052F6792C000B249;2025-06-10;2.0;297.2
14FE05E58402EE114066106505008C4A;B0BDDED34CC83E11052F6792C000B249;2025-06-10;24.0;4561.92
21C622E2BF43EE11B1AD1065050076EA;B0BDDED34CC83E11052F6792C000B249;2025-06-10;36.0;417.6
A1F225C8F61E4E1142D58A650500BC08;B0BDDED34CC83E11052F6792C000B249;2025-06-10;24.0;4005.6
7B1CC547E61BDE11406610650500634A;B0BDDED34CC83E11052F6792C000B249;2025-06-10;10.0;1095.04
510EB5DBC2DF4E1142D58A650500BC08;B0BDDED34CC83E11052F6792C000B249;2025-06-10;20.0;2064.42
9A694F0002CF7E110819BB65050039AA;44673735EAF46E11B7B78A650500BC08;2025-06-10;-8.0;-152.46
0DC5DC01B3F2DE11ADB3106505009EB8;44673735EAF46E11B7B78A650500BC08;2025-06-10;0.0;0.0
469C592ACED4DE11ADB31065050021C8;44673735EAF46E11B7B78A650500BC08;2025-06-10;0.0;0.0
8FD44BAEEC67EE1191EE1065050017B9;B0BDDED34CC83E11052F6792C000B249;2025-06-10;16.0;960.44
8B33172986D7CE11ADB3106505008FA8;FC081C55582CED11A62CD892C0003F2A;2025-06-10;10.0;659.0
8DCC47921C7C9E11726010650500494A;44673735EAF46E11B7B78A650500BC08;2025-06-10;-2.0;-218.96
5C9E47EAD0CAED11A62CD892C0003F2A;FC081C55582CED11A62CD892C0003F2A;2025-06-10;8.0;2424.4
9FCE8753F0CAED11A62CD892C0003F2A;FC081C55582CED11A62CD892C0003F2A;2025-06-10;6.0;2661.1
97CD8EB858797E110819BB65050019AA;FC081C55582CED11A62CD892C0003F2A;2025-06-10;44.0;5970.8
C519E62F330EEE1191EE1065050029B9;FC081C55582CED11A62CD892C0003F2A;2025-06-10;24.0;8856.24
E8AB27A819216E1142D58A650500AD08;FC081C55582CED11A62CD892C0003F2A;2025-06-10;4.0;1884.24
B420D83931CAED11A62CD892C0003F2A;FC081C55582CED11A62CD892C0003F2A;2025-06-10;6.0;6763.48
05C5F1DC01CAED11A62CD892C0003F2A;FC081C55582CED11A62CD892C0003F2A;2025-06-10;12.0;4450.88
F2A9466B4CFDBE118772106505001F59;44673735EAF46E11B7B78A650500BC08;2025-06-10;0.0;0.0
72CC9930166E9E11726010650500CB4A;44673735EAF46E11B7B78A650500BC08;2025-06-10;0.0;0.0
4E9B060C066E9E11726010650500CB4A;44673735EAF46E11B7B78A650500BC08;2025-06-10;0.0;0.0
DEEE216D9EC00E11A4A96492C0002019;FC081C55582CED11A62CD892C0003F2A;2025-06-10;12.0;5016.12
DF96B7DB01CAED11A62CD892C0003F2A;FC081C55582CED11A62CD892C0003F2A;2025-06-10;48.0;12822.24
AE7584ED9A935E1142D58A650500DC08;FC081C55582CED11A62CD892C0003F2A;2025-06-10;10.0;3756.4000000000005
5BB8CE1BD5230E11A4A96492C00008E9;B0BDDED34CC83E11052F6792C000B249;2025-06-10;8.0;585.52
69E4A9D094520F114EF7A826072B7A89;FC081C55582CED11A62CD892C0003F2A;2025-06-10;2.0;1380.18
4407A9D094520F114EF7A826072B7A89;FC081C55582CED11A62CD892C0003F2A;2025-06-10;2.0;1380.18
966477F094520F114EF7A826072B7A89;FC081C55582CED11A62CD892C0003F2A;2025-06-10;4.0;3057.62
2EA940A0166E9E11726010650500CB4A;44673735EAF46E11B7B78A650500BC08;2025-06-10;12.0;673.72
17FEA237E770BE11BE2110650500F55A;44673735EAF46E11B7B78A650500BC08;2025-06-10;16.0;160.84
81F9CAB8E770BE11BE2110650500F55A;44673735EAF46E11B7B78A650500BC08;2025-06-10;18.0;151.9
DCD928528754EE11B1AD10650500C7EA;FC081C55582CED11A62CD892C0003F2A;2025-06-10;10.0;9702.0
E39E77918754EE11B1AD10650500C7EA;FC081C55582CED11A62CD892C0003F2A;2025-06-10;20.0;9398.4
A3D90FCF2C456E11B7B78A650500BC08;44673735EAF46E11B7B78A650500BC08;2025-06-10;12.0;12493.279999999999
DC5C44B94F7FFE11F1557891FE69A689;44673735EAF46E11B7B78A650500BC08;2025-06-10;22.0;1778.1999999999998
45600F02421C6E11B7B78A650500BC08;44673735EAF46E11B7B78A650500BC08;2025-06-10;98.0;12796.2
75438B674C456E11B7B78A650500BC08;44673735EAF46E11B7B78A650500BC08;2025-06-10;62.0;9887.419999999998
0AB5CF667859FE11128010650500E819;FC081C55582CED11A62CD892C0003F2A;2025-06-10;18.0;2286.0
44BC68D00D8FCE11ADB310650500E9B8;FC081C55582CED11A62CD892C0003F2A;2025-06-10;28.0;2424.8
7CE4C517DF35DE11ADB310650500A1C8;FC081C55582CED11A62CD892C0003F2A;2025-06-10;4.0;616.6
962D89ED994EFD11A4A96492C0006D28;FC081C55582CED11A62CD892C0003F2A;2025-06-10;8.0;1250.24
D9E6E2D6FF82DE11ADB3106505001EB8;FC081C55582CED11A62CD892C0003F2A;2025-06-10;6.0;1058.46
FED6A495CA25EE11B1AD10650500D8EA;FC081C55582CED11A62CD892C0003F2A;2025-06-10;6.0;342.0
2165A9D094520F114EF7A826072B7A89;B0BDDED34CC83E11052F6792C000B249;2025-06-10;4.0;2760.34
229582050ABCEE1191EE1065050029B9;FC081C55582CED11A62CD892C0003F2A;2025-06-10;0.0;0.0
1893FF713925EE11B1AD10650500D8EA;B0BDDED34CC83E11052F6792C000B249;2025-06-10;-2.0;-1512.58
91031D9FFFD7EE1191EE10650500A7B9;44673735EAF46E11B7B78A650500BC08;2025-06-10;40.0;614.8
79B9C19C2CF2CE118772106505007569;44673735EAF46E11B7B78A650500BC08;2025-06-10;26.0;3863.6
1578ED68E602EE114066106505008C4A;44673735EAF46E11B7B78A650500BC08;2025-06-10;20.0;1070.0
B326B8DBE1C30F114EF7A826072B4C89;B0BDDED34CC83E11052F6792C000B249;2025-06-10;0.0;0.0
05C794AC59DDCE11ADB31065050097B8;B0BDDED34CC83E11052F6792C000B249;2025-06-10;-8.0;-261.9
05328AB28754EE11B1AD10650500C7EA;44673735EAF46E11B7B78A650500BC08;2025-06-10;30.0;2508.0
E913FAB6CC456E11B7B78A650500BC08;44673735EAF46E11B7B78A650500BC08;2025-06-10;8.0;2086.86
2A13FAB6CC456E11B7B78A650500BC08;44673735EAF46E11B7B78A650500BC08;2025-06-10;68.0;36629.53999999999
EC844A839FBEEE1191EE1065050029B9;44673735EAF46E11B7B78A650500BC08;2025-06-10;20.0;1273.42
1BF58FB1DC456E11B7B78A650500BC08;44673735EAF46E11B7B78A650500BC08;2025-06-10;20.0;2789.32
E51301FC1443FE1191EE106505001EB9;B0BDDED34CC83E11052F6792C000B249;2025-06-10;0.0;0.0
24046E0D7D79FE11128010650500E819;B0BDDED34CC83E11052F6792C000B249;2025-06-10;-4.0;-103.2
179D99A27A2CBE11877210650500CC59;B0BDDED34CC83E11052F6792C000B249;2025-06-10;0.0;0.0
E6DB71C77DE1EE114066106505006C4A;B0BDDED34CC83E11052F6792C000B249;2025-06-10;-4.0;-220.0
AE7A6532A72EAE11BE2110650500035A;B0BDDED34CC83E11052F6792C000B249;2025-06-10;0.0;0.0
31110BAB00110F11112A674AC7E2C889;FC081C55582CED11A62CD892C0003F2A;2025-06-10;-2.0;-527.9
57B64420BDE1EE114066106505006C4A;FC081C55582CED11A62CD892C0003F2A;2025-06-10;-6.0;-2828.1
D843699B917ABE118772106505009A59;44673735EAF46E11B7B78A650500BC08;2025-06-10;40.0;19384.64
3C442D3AAB04BE11BE21106505008A5A;44673735EAF46E11B7B78A650500BC08;2025-06-10;0.0;0.0
2C2FA4B5835AAE11BE21106505002E4A;FC081C55582CED11A62CD892C0003F2A;2025-06-10;6.0;2233.86
EC68E5C5F4C6DE11C84610650500DE6A;FC081C55582CED11A62CD892C0003F2A;2025-06-10;0.0;0.0
0C2637BE2CE1EE114066106505006C4A;44673735EAF46E11B7B78A650500BC08;2025-06-10;12.0;4842.0
E594DE0CC7797E110819BB65050019AA;44673735EAF46E11B7B78A650500BC08;2025-06-10;24.0;3151.2
F57E6E57CB70DE11ADB3106505004BB8;44673735EAF46E11B7B78A650500BC08;2025-06-10;0.0;0.0
DBBB4F96A1130F114EF7A826072B6B89;FC081C55582CED11A62CD892C0003F2A;2025-06-10;0.0;0.0
6DFB4F96A1130F114EF7A826072B6B89;FC081C55582CED11A62CD892C0003F2A;2025-06-10;0.0;0.0
C88B9F36A1130F114EF7A826072B6B89;FC081C55582CED11A62CD892C0003F2A;2025-06-10;0.0;0.0
291C9856A1130F114EF7A826072B6B89;FC081C55582CED11A62CD892C0003F2A;2025-06-10;0.0;0.0
E064484685130F114EF7A826072B6B89;FC081C55582CED11A62CD892C0003F2A;2025-06-10;0.0;0.0
9124484685130F114EF7A826072B6B89;FC081C55582CED11A62CD892C0003F2A;2025-06-10;0.0;0.0
8B46D8EAE4F00F11112A674AC7E2A889;FC081C55582CED11A62CD892C0003F2A;2025-06-10;0.0;0.0
C435634D7642EE11406610650500DC4A;FC081C55582CED11A62CD892C0003F2A;2025-06-10;0.0;0.0
471DFA9F73C5AE11BE2110650500484A;FC081C55582CED11A62CD892C0003F2A;2025-06-10;0.0;0.0
8B4B1CDE6F0FCE11ADB31065050029B8;FC081C55582CED11A62CD892C0003F2A;2025-06-10;0.0;0.0
511F00C547FBBE118772106505008C59;FC081C55582CED11A62CD892C0003F2A;2025-06-10;0.0;0.0
E6393F983BFA6E11B7B78A650500BC08;FC081C55582CED11A62CD892C0003F2A;2025-06-10;0.0;0.0
261C0486D30A3E11052F6792C000D249;44673735EAF46E11B7B78A650500BC08;2025-06-10;6.0;1501.24
DCCE1E8B8D48EE1191EE1065050048B9;44673735EAF46E11B7B78A650500BC08;2025-06-10;358.0;16110.0
C2946F0E7CE87E110819BB65050009AA;FC081C55582CED11A62CD892C0003F2A;2025-06-10;0.0;0.0
57D74A26B651AE117260106505008F4A;44673735EAF46E11B7B78A650500BC08;2025-06-10;-2.0;-29.48
4FCB68F25929FE11128010650500E819;44673735EAF46E11B7B78A650500BC08;2025-06-10;0.0;0.0
B820BC535929FE11128010650500E819;44673735EAF46E11B7B78A650500BC08;2025-06-10;0.0;0.0
0334CBFA0141FE1191EE106505007BB9;FC081C55582CED11A62CD892C0003F2A;2025-06-10;-4.0;-539.04
1F4C28534A32FE1191EE10650500BCB9;FC081C55582CED11A62CD892C0003F2A;2025-06-10;0.0;0.0
2CE914265F66DE11ADB31065050023C8;44673735EAF46E11B7B78A650500BC08;2025-06-10;14.0;4107.44
013FC117D265BE11BE21106505003C5A;B0BDDED34CC83E11052F6792C000B249;2025-06-10;-2.0;-384.64
E6E80C68E6310F11112A674AC7E2F889;B0BDDED34CC83E11052F6792C000B249;2025-06-10;0.0;0.0
9B583AEA62DDFE11F1557891FE698489;B0BDDED34CC83E11052F6792C000B249;2025-06-10;0.0;0.0
295F3C9A8E64EE11B1AD10650500E7EA;B0BDDED34CC83E11052F6792C000B249;2025-06-10;0.0;0.0
63C4F93A10FFFE11F1557891FE693789;B0BDDED34CC83E11052F6792C000B249;2025-06-10;0.0;0.0
8818ECFE32163E11052F6792C000FF39;B0BDDED34CC83E11052F6792C000B249;2025-06-10;0.0;0.0
67BAC2A85755BE11BE21106505002C5A;B0BDDED34CC83E11052F6792C000B249;2025-06-10;-2.0;-2200.46
CC397DAEC12AFE11128010650500E819;B0BDDED34CC83E11052F6792C000B249;2025-06-10;0.0;1.1368683772161603e-13
96E97076A709CE11ADB31065050011B8;B0BDDED34CC83E11052F6792C000B249;2025-06-10;0.0;0.0
94356F5BE0510F11112A674AC7E21989;B0BDDED34CC83E11052F6792C000B249;2025-06-10;0.0;-2.2737367544323206e-13
66CC2FF5BA510F11112A674AC7E22989;B0BDDED34CC83E11052F6792C000B249;2025-06-10;0.0;0.0
E17D2FF5BA510F11112A674AC7E22989;B0BDDED34CC83E11052F6792C000B249;2025-06-10;0.0;0.0
CC9D2FF5BA510F11112A674AC7E22989;B0BDDED34CC83E11052F6792C000B249;2025-06-10;0.0;0.0
43E5898C9514AE11726010650500035A;B0BDDED34CC83E11052F6792C000B249;2025-06-10;0.0;0.0
83365B4D4E968E11F243BB650500DB3B;B0BDDED34CC83E11052F6792C000B249;2025-06-10;0.0;0.0
3D6888C43B9ACE11ADB31065050013B8;B0BDDED34CC83E11052F6792C000B249;2025-06-10;0.0;0.0
5362362BE42FEE1191EE1065050029B9;B0BDDED34CC83E11052F6792C000B249;2025-06-10;0.0;0.0
DE4018A32D1DDE11406610650500164A;B0BDDED34CC83E11052F6792C000B249;2025-06-10;0.0;0.0
C368C51D222DFE11F1557891FE69A389;B0BDDED34CC83E11052F6792C000B249;2025-06-10;20.0;1424.36
BCE5FC4F2AF1EE114066106505007C4A;FC081C55582CED11A62CD892C0003F2A;2025-06-10;0.0;0.0
A447B6F594C98E11F243BB650500DF3B;44673735EAF46E11B7B78A650500BC08;2025-06-10;36.0;17757.0
5885CDC5B371FE1191EE10650500BBB9;FC081C55582CED11A62CD892C0003F2A;2025-06-10;4.0;567.88
AEBFF2C71ABAFE11128010650500E819;FC081C55582CED11A62CD892C0003F2A;2025-06-10;2.0;1572.04
F58688C87945BE11BE21106505001C5A;FC081C55582CED11A62CD892C0003F2A;2025-06-10;10.0;452.6
D66D78792495FE1191EE1065050021C9;44673735EAF46E11B7B78A650500BC08;2025-06-10;-2.0;-3027.74
6451F636CB70DE11ADB3106505004BB8;44673735EAF46E11B7B78A650500BC08;2025-06-10;-6.0;-6068.84
F5C4C9FE66F7DE11C84610650500507A;FC081C55582CED11A62CD892C0003F2A;2025-06-10;0.0;0.0
973484C872CAED11A62CD892C0003F2A;44673735EAF46E11B7B78A650500BC08;2025-06-10;10.0;1114.74
0D8776C5E528CE11ADB310650500EFA8;44673735EAF46E11B7B78A650500BC08;2025-06-10;-8.0;-371.92
4555D3753195EE1191EE1065050005B9;44673735EAF46E11B7B78A650500BC08;2025-06-10;-6.0;-1560.0
0677AD764D4EFE11F1557891FE692589;B0BDDED34CC83E11052F6792C000B249;2025-06-10;6.0;2108.54
6B77AF526C4FBE11877210650500C069;FC081C55582CED11A62CD892C0003F2A;2025-06-10;10.0;1440.8
49F5BCEF58A1CE11877210650500C369;FC081C55582CED11A62CD892C0003F2A;2025-06-10;18.0;655.56
F3EA6A911C5CCE11ADB31065050095B8;44673735EAF46E11B7B78A650500BC08;2025-06-10;-8.0;-5384.0
BB773CD81040EE114066106505003A4A;B0BDDED34CC83E11052F6792C000B249;2025-06-10;-10.0;-5362.86
AFC569326EA20F114EF7A826072BEA89;FC081C55582CED11A62CD892C0003F2A;2025-06-10;4.0;838.8
E6D40B501BFB3E11052F6792C000D249;FC081C55582CED11A62CD892C0003F2A;2025-06-10;8.0;984.72
F3D39F8925037E11B7B78A650500DD08;44673735EAF46E11B7B78A650500BC08;2025-06-10;0.0;0.0
4E5C53538ABAFE11128010650500E819;FC081C55582CED11A62CD892C0003F2A;2025-06-10;48.0;1422.72
9E54CA91478B3E11052F6792C000D249;44673735EAF46E11B7B78A650500BC08;2025-06-10;36.0;2052.36
BE3DF5FB1D2B7E110819BB65050039AA;FC081C55582CED11A62CD892C0003F2A;2025-06-10;-2.0;-643.5
C6566F8BEF638E117E64BB650500BBAA;44673735EAF46E11B7B78A650500BC08;2025-06-10;10.0;4884.0
2ECE86B9DE79EE1191EE1065050009B9;44673735EAF46E11B7B78A650500BC08;2025-06-10;0.0;0.0
48A71F3DCECCCE11ADB31065050026B8;B0BDDED34CC83E11052F6792C000B249;2025-06-10;0.0;0.0
C850F967EC14CE11877210650500E669;B0BDDED34CC83E11052F6792C000B249;2025-06-10;0.0;0.0
D3F3D755F74BCE11ADB31065050014B8;44673735EAF46E11B7B78A650500BC08;2025-06-10;0.0;0.0
671DF668072FFE11F1557891FE693689;B0BDDED34CC83E11052F6792C000B249;2025-06-10;0.0;0.0
0139331F7D456E11B7B78A650500BC08;44673735EAF46E11B7B78A650500BC08;2025-06-10;0.0;0.0
AA5A9432AC456E11B7B78A650500BC08;44673735EAF46E11B7B78A650500BC08;2025-06-10;8.0;4055.12
5F38ACA56AD7CE11ADB3106505008FA8;44673735EAF46E11B7B78A650500BC08;2025-06-10;6.0;26286.339999999997
1BCDBABA6D10FE1191EE106505000AB9;44673735EAF46E11B7B78A650500BC08;2025-06-10;4.0;2576.0
333EE5BC3C456E11B7B78A650500BC08;44673735EAF46E11B7B78A650500BC08;2025-06-10;16.0;9530.7
3F1D7EC4408FCE11ADB310650500D9B8;FC081C55582CED11A62CD892C0003F2A;2025-06-10;2.0;3277.9
D44A8F3C7B09AE11BE21106505008C4A;44673735EAF46E11B7B78A650500BC08;2025-06-10;-2.0;-285.4
E8C33C9DD6568E11F243BB6505007B3B;44673735EAF46E11B7B78A650500BC08;2025-06-10;-6.0;-270.29999999999995
E62352B9AC456E11B7B78A650500BC08;44673735EAF46E11B7B78A650500BC08;2025-06-10;-10.0;-1047.42
943E93D61D769E11554010650500D04B;44673735EAF46E11B7B78A650500BC08;2025-06-10;-14.0;-716.52
A9AFE694AC456E11B7B78A650500BC08;44673735EAF46E11B7B78A650500BC08;2025-06-10;-42.0;-925.5400000000001
17C6E67B7EEDBE118772106505000F59;44673735EAF46E11B7B78A650500BC08;2025-06-10;-6.0;-143.1
E5F85CDB3104BE11BE21106505007A5A;44673735EAF46E11B7B78A650500BC08;2025-06-10;-64.0;-2426.8799999999997
B10F31189AC9FE11128010650500E819;44673735EAF46E11B7B78A650500BC08;2025-06-10;-2.0;-153.8
814063099D8BEE1191EE1065050029B9;44673735EAF46E11B7B78A650500BC08;2025-06-10;-2.0;-143.08
6319D2EF21FA8E11F243BB650500514B;44673735EAF46E11B7B78A650500BC08;2025-06-10;-2.0;-54.72
E2D303CC45CF8E11F243BB650500084B;44673735EAF46E11B7B78A650500BC08;2025-06-10;-8.0;-286.3
CA02B7DF066E9E11726010650500CB4A;44673735EAF46E11B7B78A650500BC08;2025-06-10;-4.0;-133.94
81E9273C2D456E11B7B78A650500BC08;44673735EAF46E11B7B78A650500BC08;2025-06-10;-4.0;-354.64
E5A0174DF343FE1191EE106505001EB9;44673735EAF46E11B7B78A650500BC08;2025-06-10;-2.0;-218.46
6A2BB701BD889E11525010650500F84A;44673735EAF46E11B7B78A650500BC08;2025-06-10;-2.0;-766.46
B1B46221CFC5EE1191EE1065050055B9;44673735EAF46E11B7B78A650500BC08;2025-06-10;-46.0;-10023.4
ED5AC725A9775E1142D58A650500DC08;44673735EAF46E11B7B78A650500BC08;2025-06-10;-8.0;-561.02
93032E5C45CF8E11F243BB650500084B;44673735EAF46E11B7B78A650500BC08;2025-06-10;-2.0;-56.88
AFFEC072AC8BEE1191EE1065050029B9;44673735EAF46E11B7B78A650500BC08;2025-06-10;-4.0;-676.56
A3134A47CE456E11B7B78A650500BC08;44673735EAF46E11B7B78A650500BC08;2025-06-10;-4.0;-98.4
A41983C9FCFF6E11B7B78A650500CD08;44673735EAF46E11B7B78A650500BC08;2025-06-10;-2.0;-509.72
D0CB4FFDD6568E11F243BB6505007B3B;44673735EAF46E11B7B78A650500BC08;2025-06-10;-2.0;-123.82
125559B666767E11B7B78A650500ED08;44673735EAF46E11B7B78A650500BC08;2025-06-10;-4.0;-464.74
144A9111FC1EFE11F1557891FE69E489;44673735EAF46E11B7B78A650500BC08;2025-06-10;-6.0;-384.48
A3A5AD9345DB7E110819BB65050039AA;44673735EAF46E11B7B78A650500BC08;2025-06-10;-2.0;-75.88
A5C9898F9A456E11B7B78A650500BC08;44673735EAF46E11B7B78A650500BC08;2025-06-10;-6.0;-3740.32
F13091AE566ACE11ADB310650500D2B8;44673735EAF46E11B7B78A650500BC08;2025-06-10;-2.0;-272.8
EC7844273DCCCE11ADB31065050026B8;44673735EAF46E11B7B78A650500BC08;2025-06-10;-10.0;-390.0
59F58DB5AC456E11B7B78A650500BC08;44673735EAF46E11B7B78A650500BC08;2025-06-10;-6.0;-303.86
3BB22E7B3A95DE11ADB31065050012C8;44673735EAF46E11B7B78A650500BC08;2025-06-10;-8.0;-1429.52
A0F7EB7A03078E11F243BB6505005C3B;44673735EAF46E11B7B78A650500BC08;2025-06-10;-2.0;-271.14
A2AEB1B0C11A8E11F243BB650500304B;44673735EAF46E11B7B78A650500BC08;2025-06-10;-6.0;-106.68
5F1514A15C1C6E11B7B78A650500BC08;44673735EAF46E11B7B78A650500BC08;2025-06-10;-8.0;-870.96
F9A90CDB0321DE11ADB3106505003CB8;44673735EAF46E11B7B78A650500BC08;2025-06-10;-2.0;-118.0
8376033300C80E11A4A96492C0001269;44673735EAF46E11B7B78A650500BC08;2025-06-10;-2.0;-187.9
766E653D7FF0AE117260106505001F4A;44673735EAF46E11B7B78A650500BC08;2025-06-10;-2.0;-342.44
3D0589672C8EAE11BE2110650500835A;44673735EAF46E11B7B78A650500BC08;2025-06-10;-2.0;-772.62
751D0690E1809E11F243BB650500F84B;44673735EAF46E11B7B78A650500BC08;2025-06-10;-2.0;-187.48
97403614D0F27E11B7B78A650500DD08;44673735EAF46E11B7B78A650500BC08;2025-06-10;-6.0;-435.0
E936E415AA79DE11406610650500414A;44673735EAF46E11B7B78A650500BC08;2025-06-10;-4.0;-376.0
23B6A025A5309E11F243BB650500984B;44673735EAF46E11B7B78A650500BC08;2025-06-10;-46.0;-3725.08
5AC4BBDF390FEE1191EE1065050029B9;44673735EAF46E11B7B78A650500BC08;2025-06-10;-36.0;-518.72
C130925975AE0E1143F0668E42001D49;44673735EAF46E11B7B78A650500BC08;2025-06-10;-2.0;-50.68
6E05D6D85923FE1191EE10650500FDB9;44673735EAF46E11B7B78A650500BC08;2025-06-10;-32.0;-2321.72
7FD37B03C11A8E11F243BB650500304B;44673735EAF46E11B7B78A650500BC08;2025-06-10;-2.0;-56.0
63365A69F7BAFE11128010650500E819;44673735EAF46E11B7B78A650500BC08;2025-06-10;-10.0;-400.0
31D640AFF62FFE11F1557891FE693689;44673735EAF46E11B7B78A650500BC08;2025-06-10;-2.0;-160.0
6C88F3EECAD0FE1191EE10650500FAB9;44673735EAF46E11B7B78A650500BC08;2025-06-10;-2.0;-216.86
4FB7820BD72EFE11F1557891FE69F489;44673735EAF46E11B7B78A650500BC08;2025-06-10;-2.0;-464.0
A9384A7B0321DE11ADB3106505003CB8;44673735EAF46E11B7B78A650500BC08;2025-06-10;-2.0;-120.0
3FB64249A667BE11877210650500B659;44673735EAF46E11B7B78A650500BC08;2025-06-10;-2.0;-167.2
D658514838FCEE1191EE1065050029B9;44673735EAF46E11B7B78A650500BC08;2025-06-10;-2.0;-320.02
E6573FE0F9C87E110819BB65050009AA;44673735EAF46E11B7B78A650500BC08;2025-06-10;-16.0;-832.0
C6F5C1F49C456E11B7B78A650500BC08;44673735EAF46E11B7B78A650500BC08;2025-06-10;-34.0;-291.47999999999996
56B3DAD9D11BEE1191EE1065050029B9;44673735EAF46E11B7B78A650500BC08;2025-06-10;-4.0;-225.08
19596318D7079E11554010650500814B;44673735EAF46E11B7B78A650500BC08;2025-06-10;-8.0;-510.8
BEF020C39E1EFE11F1557891FE69E489;44673735EAF46E11B7B78A650500BC08;2025-06-10;-2.0;-268.88
A578A6276C876E11B7B78A650500BC08;44673735EAF46E11B7B78A650500BC08;2025-06-10;-8.0;-1861.04
5FDAE40A3B63CE118772106505000669;44673735EAF46E11B7B78A650500BC08;2025-06-10;-2.0;-158.54
B37AF9020E456E11B7B78A650500BC08;44673735EAF46E11B7B78A650500BC08;2025-06-10;-2.0;-556.0
B4D466C863039E115540106505004C3B;44673735EAF46E11B7B78A650500BC08;2025-06-10;-6.0;-1681.5400000000002
0383BD34C090BE11BE2110650500165A;44673735EAF46E11B7B78A650500BC08;2025-06-10;-2.0;-399.0
F4137EBFE6197E110819BB65050009AA;44673735EAF46E11B7B78A650500BC08;2025-06-10;-4.0;-79.88
F20C437EBD096E11B7B78A650500BC08;44673735EAF46E11B7B78A650500BC08;2025-06-10;-4.0;-117.88
3A29DD479C456E11B7B78A650500BC08;44673735EAF46E11B7B78A650500BC08;2025-06-10;-34.0;-522.4
A5EE29ED3C456E11B7B78A650500BC08;44673735EAF46E11B7B78A650500BC08;2025-06-10;-2.0;-130.9
D423A65232893E11052F6792C000D249;44673735EAF46E11B7B78A650500BC08;2025-06-10;-2.0;-258.56
5AE6855EE3B89E11525010650500294A;44673735EAF46E11B7B78A650500BC08;2025-06-10;-4.0;-45.7
BADCFDD2EE2BBE118772106505008B59;44673735EAF46E11B7B78A650500BC08;2025-06-10;-2.0;-170.64
A049248CF5802E1143F0668E4200C71A;44673735EAF46E11B7B78A650500BC08;2025-06-10;-2.0;-319.58
B9BDD52C81CAED11A62CD892C0003F2A;44673735EAF46E11B7B78A650500BC08;2025-06-10;-2.0;-377.42
886EDC4E3C456E11B7B78A650500BC08;44673735EAF46E11B7B78A650500BC08;2025-06-10;-6.0;-545.7
A9408B085CC59E11554010650500FF3B;44673735EAF46E11B7B78A650500BC08;2025-06-10;-2.0;-157.7
0F2409E2259DFE11F1557891FE693489;44673735EAF46E11B7B78A650500BC08;2025-06-10;-2.0;-168.74
D63DD8746C28BE11877210650500B759;44673735EAF46E11B7B78A650500BC08;2025-06-10;-8.0;-2196.88
00CA495F43530F114EF7A826072BBB89;44673735EAF46E11B7B78A650500BC08;2025-06-10;-2.0;-469.8
E247820BD72EFE11F1557891FE69F489;44673735EAF46E11B7B78A650500BC08;2025-06-10;-2.0;-264.0
5598857859B1EE114066106505001C4A;44673735EAF46E11B7B78A650500BC08;2025-06-10;-2.0;-179.4
BA7B00D10A1D8E11F243BB650500944B;44673735EAF46E11B7B78A650500BC08;2025-06-10;-2.0;-570.0
912D371F46CCDE11406610650500A54A;44673735EAF46E11B7B78A650500BC08;2025-06-10;-6.0;-519.8199999999999
50F3CD2DD672DE11ADB310650500FDB8;44673735EAF46E11B7B78A650500BC08;2025-06-10;-4.0;-672.0
BF52AA61A340FE1191EE106505003AB9;44673735EAF46E11B7B78A650500BC08;2025-06-10;-2.0;-1215.66
7624D5E2AEEBCE11ADB310650500E4B8;44673735EAF46E11B7B78A650500BC08;2025-06-10;-30.0;-694.66
6EA940A0166E9E11726010650500CB4A;44673735EAF46E11B7B78A650500BC08;2025-06-10;-4.0;-86.74
C7BB064DB639CE11ADB31065050051B8;44673735EAF46E11B7B78A650500BC08;2025-06-10;-2.0;-436.0
81B16FFB390FEE1191EE1065050029B9;44673735EAF46E11B7B78A650500BC08;2025-06-10;-2.0;-794.28
B7B5073B2C147E11B7B78A650500ED08;44673735EAF46E11B7B78A650500BC08;2025-06-10;-18.0;-2412.0
413780369DE9EE1191EE1065050009B9;44673735EAF46E11B7B78A650500BC08;2025-06-10;-2.0;-121.64
A38EDC5C9C456E11B7B78A650500BC08;44673735EAF46E11B7B78A650500BC08;2025-06-10;-6.0;-30.96
80EAB217CDFBEE1191EE1065050029B9;44673735EAF46E11B7B78A650500BC08;2025-06-10;-2.0;-14592.8
588A44CED6568E11F243BB6505007B3B;44673735EAF46E11B7B78A650500BC08;2025-06-10;-4.0;-335.48
7B938024D004FE1191EE106505001FB9;44673735EAF46E11B7B78A650500BC08;2025-06-10;-2.0;-140.76
C39811B7D004FE1191EE106505001FB9;44673735EAF46E11B7B78A650500BC08;2025-06-10;-4.0;-433.4
B498617997639E11554010650500CC3B;44673735EAF46E11B7B78A650500BC08;2025-06-10;-2.0;-282.8
0FF676A9CD456E11B7B78A650500BC08;44673735EAF46E11B7B78A650500BC08;2025-06-10;-2.0;-602.0
190798E1721A8E11F243BB650500304B;44673735EAF46E11B7B78A650500BC08;2025-06-10;-2.0;-105.3
6017CFFD8E84BE11BE21106505002B5A;44673735EAF46E11B7B78A650500BC08;2025-06-10;-6.0;-4301.32
CF228A9FF6108E110819BB65050039AA;44673735EAF46E11B7B78A650500BC08;2025-06-10;-2.0;-55.54
B77061CD2D86FE1191EE1065050062C9;44673735EAF46E11B7B78A650500BC08;2025-06-10;-2.0;-280.0
33F264AC8AC5CE11ADB3106505005DA8;44673735EAF46E11B7B78A650500BC08;2025-06-10;-2.0;-882.84
381EDC6E8F456E11B7B78A650500BC08;44673735EAF46E11B7B78A650500BC08;2025-06-10;-4.0;-36.52
FA4E10899D5DEE1191EE1065050029B9;44673735EAF46E11B7B78A650500BC08;2025-06-10;-2.0;-1266.0
72D9C696D270DE11ADB3106505003BB8;44673735EAF46E11B7B78A650500BC08;2025-06-10;-2.0;-383.0
1B01A32FBC38CE11ADB31065050000B8;44673735EAF46E11B7B78A650500BC08;2025-06-10;-2.0;-745.18
88C24747CD456E11B7B78A650500BC08;44673735EAF46E11B7B78A650500BC08;2025-06-10;-2.0;-286.1
DA17619EC688CE11ADB31065050070B8;44673735EAF46E11B7B78A650500BC08;2025-06-10;-4.0;-312.5
382F65CCA8910F114EF7A826072B8989;44673735EAF46E11B7B78A650500BC08;2025-06-10;-4.0;-76.56
42CA4D974487EE1191EE1065050037B9;44673735EAF46E11B7B78A650500BC08;2025-06-10;-2.0;-351.0
81764DAE24639E11554010650500CC3B;44673735EAF46E11B7B78A650500BC08;2025-06-10;-4.0;-146.36
84D466C863039E115540106505004C3B;44673735EAF46E11B7B78A650500BC08;2025-06-10;-2.0;-507.08
D67DDBD899363E11052F6792C000FF39;44673735EAF46E11B7B78A650500BC08;2025-06-10;-2.0;-70.76
04C84F0AC78CDE11406610650500554A;44673735EAF46E11B7B78A650500BC08;2025-06-10;-2.0;-1120.0
E38FBCE7E61E4E1142D58A650500BC08;44673735EAF46E11B7B78A650500BC08;2025-06-10;-24.0;-4005.6
645BF3BE3C456E11B7B78A650500BC08;44673735EAF46E11B7B78A650500BC08;2025-06-10;-2.0;-273.7
5428CBF36DE0CE11877210650500D269;44673735EAF46E11B7B78A650500BC08;2025-06-10;-2.0;-1541.4
F39A8F53066FAE11BE2110650500945A;44673735EAF46E11B7B78A650500BC08;2025-06-10;-8.0;-427.28
A15CC2D2F712CE118772106505005469;44673735EAF46E11B7B78A650500BC08;2025-06-10;-2.0;-716.98
66A05155F92E6E11B7B78A6505003D08;44673735EAF46E11B7B78A650500BC08;2025-06-10;-4.0;-189.44
201337643E4DDE11406610650500564A;44673735EAF46E11B7B78A650500BC08;2025-06-10;-2.0;-784.66
FD8702D74C456E11B7B78A650500BC08;44673735EAF46E11B7B78A650500BC08;2025-06-10;-2.0;-249.18
BA2D6C52697BAE11BE21106505009F4A;44673735EAF46E11B7B78A650500BC08;2025-06-10;-4.0;-190.8
9F2D344F46CCDE11406610650500A54A;44673735EAF46E11B7B78A650500BC08;2025-06-10;-2.0;-105.56
27A154EB78F00F11112A674AC7E2A889;44673735EAF46E11B7B78A650500BC08;2025-06-10;-4.0;-215.2
64DD96928FCA9E11525010650500EB4A;44673735EAF46E11B7B78A650500BC08;2025-06-10;-4.0;-70.52
192B062FD6568E11F243BB6505007B3B;44673735EAF46E11B7B78A650500BC08;2025-06-10;-2.0;-112.1
2FF82942099BEE1191EE1065050029B9;44673735EAF46E11B7B78A650500BC08;2025-06-10;-2.0;-1779.96
69CDB042A33EAE11BE2110650500135A;44673735EAF46E11B7B78A650500BC08;2025-06-10;-2.0;-274.0
C19F78B2BA66CE11ADB310650500BDA8;44673735EAF46E11B7B78A650500BC08;2025-06-10;-2.0;-46.9
585BBA356923FE1191EE10650500FDB9;44673735EAF46E11B7B78A650500BC08;2025-06-10;-8.0;-203.6
3EC347F6BF6E8E11F243BB650500564B;44673735EAF46E11B7B78A650500BC08;2025-06-10;-4.0;-243.84
F252830334627E11B7B78A650500CD08;44673735EAF46E11B7B78A650500BC08;2025-06-10;-2.0;-418.78
7420DC8AE312EE114066106505009C4A;FC081C55582CED11A62CD892C0003F2A;2025-06-10;-2.0;-238.0
973E44397DE1EE114066106505006C4A;FC081C55582CED11A62CD892C0003F2A;2025-06-10;-2.0;-73.88
3FFB29C5A9BFCE11ADB3106505001AB8;FC081C55582CED11A62CD892C0003F2A;2025-06-10;-2.0;-112.8
EAF22A90025EFE11F1557891FE692589;FC081C55582CED11A62CD892C0003F2A;2025-06-10;-28.0;-325.64
50B8B7682E74FE1191EE10650500CFB9;FC081C55582CED11A62CD892C0003F2A;2025-06-10;-2.0;-59.74
DF92A563D1E7EE1191EE10650500A7B9;FC081C55582CED11A62CD892C0003F2A;2025-06-10;-4.0;-12.44
CEF05198233EDE11406610650500874A;FC081C55582CED11A62CD892C0003F2A;2025-06-10;-2.0;-69.38
E12F74666A5D7E110819BB65050039AA;FC081C55582CED11A62CD892C0003F2A;2025-06-10;-94.0;-516.58
BC06A53074D67E11B7B78A650500ED08;FC081C55582CED11A62CD892C0003F2A;2025-06-10;-2.0;-64.68
9D51D4938BB1EE114066106505001C4A;FC081C55582CED11A62CD892C0003F2A;2025-06-10;-2.0;-104.22
B9EA33799AA2EE11B1AD10650500A5EA;FC081C55582CED11A62CD892C0003F2A;2025-06-10;-8.0;-1327.44
40351F4101BB8E11F243BB650500424B;FC081C55582CED11A62CD892C0003F2A;2025-06-10;-4.0;-333.82
65487D760CC4CE11ADB3106505000DA8;FC081C55582CED11A62CD892C0003F2A;2025-06-10;-2.0;-182.42
8B8BC78C2F10FE1191EE106505000AB9;FC081C55582CED11A62CD892C0003F2A;2025-06-10;-2.0;-273.86
3CD5D6068B50EE114066106505005A4A;FC081C55582CED11A62CD892C0003F2A;2025-06-10;-2.0;-73.14
5876581E4DBD7E110819BB65050039AA;FC081C55582CED11A62CD892C0003F2A;2025-06-10;-2.0;-21.8
40F32E312D42FD110DC22A92C0006778;FC081C55582CED11A62CD892C0003F2A;2025-06-10;-50.0;-734.5
29DFA11EDF986E11B7B78A650500BC08;FC081C55582CED11A62CD892C0003F2A;2025-06-10;-4.0;-83.04
117F2EE2CD322E1143F0668E4200C71A;FC081C55582CED11A62CD892C0003F2A;2025-06-10;-2.0;-422.56
A054EB1C9B98FE11128010650500D819;FC081C55582CED11A62CD892C0003F2A;2025-06-10;-6.0;-386.93999999999994
60619F7EAAB45E1142D58A650500DC08;FC081C55582CED11A62CD892C0003F2A;2025-06-10;-2.0;-1888.82
CD28836BBCDDFE11F1557891FE699489;FC081C55582CED11A62CD892C0003F2A;2025-06-10;-2.0;-1178.38
528F035F6933BE11BE2110650500795A;FC081C55582CED11A62CD892C0003F2A;2025-06-10;-4.0;-304.1
6B06820BD8393E11052F6792C000D249;FC081C55582CED11A62CD892C0003F2A;2025-06-10;-2.0;-930.62
DD379EF168DDDE11406610650500074A;FC081C55582CED11A62CD892C0003F2A;2025-06-10;-8.0;-1111.84
45489844023EDE11406610650500874A;FC081C55582CED11A62CD892C0003F2A;2025-06-10;-6.0;-218.64
F45B395DA9FB7E110819BB65050039AA;FC081C55582CED11A62CD892C0003F2A;2025-06-10;-2.0;-216.9
CFD155A600C13E11052F6792C000CF39;FC081C55582CED11A62CD892C0003F2A;2025-06-10;-2.0;-365.62
82FD7EDCF37DCE11ADB31065050007B8;FC081C55582CED11A62CD892C0003F2A;2025-06-10;-2.0;-110.9
4666C20758E00F11112A674AC7E29889;FC081C55582CED11A62CD892C0003F2A;2025-06-10;-2.0;-2152.76
EAC68FCA5C8F6E11B7B78A650500CD08;FC081C55582CED11A62CD892C0003F2A;2025-06-10;-4.0;-1384.92
E8196547C9CC1E1143F0668E4200502B;FC081C55582CED11A62CD892C0003F2A;2025-06-10;-4.0;-1206.82
61C50DD90A59AE11BE2110650500EC4A;FC081C55582CED11A62CD892C0003F2A;2025-06-10;-6.0;-274.44
317BADA17345DE11ADB310650500A1C8;FC081C55582CED11A62CD892C0003F2A;2025-06-10;-2.0;-208.42
B595B3DA674BCE11ADB31065050014B8;FC081C55582CED11A62CD892C0003F2A;2025-06-10;-4.0;-977.64
834178105340EE114066106505003A4A;FC081C55582CED11A62CD892C0003F2A;2025-06-10;-2.0;-119.22
9BF675350F70DE11ADB3106505004BB8;FC081C55582CED11A62CD892C0003F2A;2025-06-10;-4.0;-372.06
64DD96928FCA9E11525010650500EB4A;FC081C55582CED11A62CD892C0003F2A;2025-06-10;-16.0;-282.08
07DC66FE5AC1BE11BE2110650500A75A;FC081C55582CED11A62CD892C0003F2A;2025-06-10;-8.0;-253.0
3139AB107F85EE1191EE10650500F4B9;FC081C55582CED11A62CD892C0003F2A;2025-06-10;-2.0;-706.04
0AA5C53319730F1158A3BB3DBE8EEB89;FC081C55582CED11A62CD892C0003F2A;2025-06-10;-2.0;-348.1
074672B42AA5FE1191EE1065050041C9;FC081C55582CED11A62CD892C0003F2A;2025-06-10;-2.0;-164.0
006CA6C26DA7FE1191EE10650500E3C9;FC081C55582CED11A62CD892C0003F2A;2025-06-10;-2.0;-90.82
A688FB5F34627E11B7B78A650500CD08;FC081C55582CED11A62CD892C0003F2A;2025-06-10;-2.0;-347.7
E8569ACD716CEE1191EE1065050029B9;FC081C55582CED11A62CD892C0003F2A;2025-06-10;-2.0;-946.02
501539BF01F42E1143F0668E420006EB;FC081C55582CED11A62CD892C0003F2A;2025-06-10;-4.0;-1703.2
BC296445F0CAED11A62CD892C0003F2A;FC081C55582CED11A62CD892C0003F2A;2025-06-10;-8.0;-3184.88
C4C3C57921CAED11A62CD892C0003F2A;FC081C55582CED11A62CD892C0003F2A;2025-06-10;-2.0;-157.72
5C3D98BA2B9FFE11F1557891FE69C689;FC081C55582CED11A62CD892C0003F2A;2025-06-10;-2.0;-466.48
F741CB149A278E11F243BB6505008C3B;FC081C55582CED11A62CD892C0003F2A;2025-06-10;-4.0;-129.0
54A5C96A667F8E11F243BB650500A74B;FC081C55582CED11A62CD892C0003F2A;2025-06-10;-2.0;-38.66
56744C4F99B1EE114066106505001C4A;FC081C55582CED11A62CD892C0003F2A;2025-06-10;-2.0;-292.94
36B5ED3878DDDE11406610650500074A;FC081C55582CED11A62CD892C0003F2A;2025-06-10;-2.0;-694.92
3BE578FF9E09BE11877210650500D859;FC081C55582CED11A62CD892C0003F2A;2025-06-10;0.0;0.0
86004D8311CAED11A62CD892C0003F2A;FC081C55582CED11A62CD892C0003F2A;2025-06-10;-2.0;-796.22
8EB5F16B5040EE114066106505003A4A;FC081C55582CED11A62CD892C0003F2A;2025-06-10;-4.0;-386.8
D4C2CAA61F47CE11ADB310650500DEA8;FC081C55582CED11A62CD892C0003F2A;2025-06-10;-2.0;-786.12
E2404E00B0CAED11A62CD892C0003F2A;FC081C55582CED11A62CD892C0003F2A;2025-06-10;-4.0;-677.96
49E9B353985DED11A62CD892C0003F2A;FC081C55582CED11A62CD892C0003F2A;2025-06-10;-2.0;-656.84
0DB4821F6410BE11BE2110650500755A;FC081C55582CED11A62CD892C0003F2A;2025-06-10;-2.0;-105.3
B995B0107F37FE1191EE1065050053C9;FC081C55582CED11A62CD892C0003F2A;2025-06-10;-2.0;-78.56
F5C342B9FC6AFE11128010650500E819;FC081C55582CED11A62CD892C0003F2A;2025-06-10;-2.0;-421.24
30FACC2781CAED11A62CD892C0003F2A;FC081C55582CED11A62CD892C0003F2A;2025-06-10;-2.0;-48.08
9CB1C858411DEE1191EE1065050029B9;FC081C55582CED11A62CD892C0003F2A;2025-06-10;-2.0;-1916.32
6C95D37F73167E11B7B78A650500ED08;FC081C55582CED11A62CD892C0003F2A;2025-06-10;-14.0;-609.0
08739A1D21CAED11A62CD892C0003F2A;FC081C55582CED11A62CD892C0003F2A;2025-06-10;-2.0;-340.74
125BD54551CAED11A62CD892C0003F2A;FC081C55582CED11A62CD892C0003F2A;2025-06-10;-2.0;-527.64
9003A200FFAFFE11F1557891FE69E689;FC081C55582CED11A62CD892C0003F2A;2025-06-10;-4.0;-321.0
E0CE8C366B34DE11ADB31065050050C8;FC081C55582CED11A62CD892C0003F2A;2025-06-10;-2.0;-134.0
A942E7FDF0CAED11A62CD892C0003F2A;FC081C55582CED11A62CD892C0003F2A;2025-06-10;-2.0;-280.36
9E3AD6E5226AFE11128010650500E819;FC081C55582CED11A62CD892C0003F2A;2025-06-10;-2.0;-130.48
9C1F9EEEDD500F11F1557891FE69C789;FC081C55582CED11A62CD892C0003F2A;2025-06-10;-2.0;-32.96
71B97A350DDDFE11F1557891FE699489;FC081C55582CED11A62CD892C0003F2A;2025-06-10;-2.0;-454.98
FA184EB34FE39E115540106505007D3B;FC081C55582CED11A62CD892C0003F2A;2025-06-10;-2.0;-886.66
D215998D70E87E110819BB65050009AA;FC081C55582CED11A62CD892C0003F2A;2025-06-10;-4.0;-251.36
AAD125477E271E1143F0668E42006B8B;FC081C55582CED11A62CD892C0003F2A;2025-06-10;-4.0;-265.15999999999997
C0BD09666015DE11ADB31065050061C8;FC081C55582CED11A62CD892C0003F2A;2025-06-10;-2.0;-1070.62
BBB6089FDE2ECE11ADB31065050008B8;FC081C55582CED11A62CD892C0003F2A;2025-06-10;-2.0;-322.0
B3B1677FD5A0EE11406610650500BA4A;FC081C55582CED11A62CD892C0003F2A;2025-06-10;-2.0;-115.96
554190FFB79FFE11F1557891FE69C689;FC081C55582CED11A62CD892C0003F2A;2025-06-10;-2.0;-756.34
4AE7BDF13EDBBE118772106505006C59;FC081C55582CED11A62CD892C0003F2A;2025-06-10;-2.0;-277.58
FF90065732106E1142D58A650500AD08;FC081C55582CED11A62CD892C0003F2A;2025-06-10;-4.0;-372.64
6EB9FFE5DFCA9E11525010650500EB4A;FC081C55582CED11A62CD892C0003F2A;2025-06-10;-2.0;-379.94
D3CC46F65C59BE118772106505003959;FC081C55582CED11A62CD892C0003F2A;2025-06-10;-2.0;-919.24
DAFCBFF0E0CAED11A62CD892C0003F2A;FC081C55582CED11A62CD892C0003F2A;2025-06-10;-2.0;-223.04
646F86B8FAE1DE11ADB3106505004DB8;FC081C55582CED11A62CD892C0003F2A;2025-06-10;-2.0;-5269.68
1B49BCD31AF1EE114066106505007C4A;FC081C55582CED11A62CD892C0003F2A;2025-06-10;-2.0;-125.72
CBA1ACB9F789DE11406610650500514A;FC081C55582CED11A62CD892C0003F2A;2025-06-10;-4.0;-102.08
2A9D8AA9BFAEDE11406610650500384A;FC081C55582CED11A62CD892C0003F2A;2025-06-10;-2.0;-767.42
ABAD621652EB0E11A4A96492C0001269;FC081C55582CED11A62CD892C0003F2A;2025-06-10;-2.0;-351.0
AC6B321C575FFE11F1557891FE697689;FC081C55582CED11A62CD892C0003F2A;2025-06-10;-2.0;-30.8
22498500C79FFE11F1557891FE69C689;FC081C55582CED11A62CD892C0003F2A;2025-06-10;-2.0;-801.26
11E0D76E4644DE11ADB31065050060C8;FC081C55582CED11A62CD892C0003F2A;2025-06-10;-2.0;-320.2
468C9E36B19EED11A62CD892C000399B;FC081C55582CED11A62CD892C0003F2A;2025-06-10;-2.0;-131.28
F40133F82642FE1191EE10650500CCB9;FC081C55582CED11A62CD892C0003F2A;2025-06-10;-2.0;-2367.68
84401EBB15B8FE11128010650500D819;FC081C55582CED11A62CD892C0003F2A;2025-06-10;-4.0;-448.26
F0DD54E5D0CAED11A62CD892C0003F2A;B0BDDED34CC83E11052F6792C000B249;2025-06-10;-2.0;-417.08
C332636C77018E110819BB65050039AA;B0BDDED34CC83E11052F6792C000B249;2025-06-10;-4.0;-176.68
2721F7A53FBDCE11ADB31065050077B8;B0BDDED34CC83E11052F6792C000B249;2025-06-10;-2.0;-2916.1
3542737CCE80FE1191EE106505009AB9;B0BDDED34CC83E11052F6792C000B249;2025-06-10;-2.0;-344.84
8FD67002DFD2FE1191EE106505009DB9;B0BDDED34CC83E11052F6792C000B249;2025-06-10;-2.0;-938.0
163860128FD2FE1191EE106505009DB9;B0BDDED34CC83E11052F6792C000B249;2025-06-10;-2.0;-45.58
A651E5ED6EEDBE118772106505000F59;B0BDDED34CC83E11052F6792C000B249;2025-06-10;-4.0;-487.04
E45B781DC1D6FD110DC22A92C000D158;B0BDDED34CC83E11052F6792C000B249;2025-06-10;-2.0;-198.24
31110BAB00110F11112A674AC7E2C889;B0BDDED34CC83E11052F6792C000B249;2025-06-10;-4.0;-1055.8
8E4BCFB931CAED11A62CD892C0003F2A;B0BDDED34CC83E11052F6792C000B249;2025-06-10;-2.0;-358.84
3A4C02558A28EE1191EE1065050018B9;B0BDDED34CC83E11052F6792C000B249;2025-06-10;-2.0;-134.86
760D51FABDCFCE11ADB3106505003AB8;B0BDDED34CC83E11052F6792C000B249;2025-06-10;-2.0;-69.48
195E2ADE50F8CE11ADB310650500F0B8;B0BDDED34CC83E11052F6792C000B249;2025-06-10;-2.0;-152.92
E12F74666A5D7E110819BB65050039AA;B0BDDED34CC83E11052F6792C000B249;2025-06-10;-30.0;-161.10000000000002
EF93B3A4E0CAED11A62CD892C0003F2A;B0BDDED34CC83E11052F6792C000B249;2025-06-10;-2.0;-999.16
F58839F9A85B0E11A4A96492C0001269;B0BDDED34CC83E11052F6792C000B249;2025-06-10;-2.0;-54.18
4CDE168900966E11B7B78A650500BC08;B0BDDED34CC83E11052F6792C000B249;2025-06-10;-4.0;-411.2
C4D5D6068B50EE114066106505005A4A;B0BDDED34CC83E11052F6792C000B249;2025-06-10;-4.0;-84.9
143C89BA90CAED11A62CD892C0003F2A;B0BDDED34CC83E11052F6792C000B249;2025-06-10;-8.0;-4623.780000000001
70FE3058512ECE11ADB310650500F7B8;B0BDDED34CC83E11052F6792C000B249;2025-06-10;-24.0;-1604.2
2EAF5F01D0637E11B7B78A650500DD08;B0BDDED34CC83E11052F6792C000B249;2025-06-10;-2.0;-115.1
18426F158AB08E110819BB65050039AA;B0BDDED34CC83E11052F6792C000B249;2025-06-10;-2.0;-654.0
388539FB0564AE11726010650500635A;B0BDDED34CC83E11052F6792C000B249;2025-06-10;-2.0;-484.34
405726D86BBD3E11052F6792C000D249;B0BDDED34CC83E11052F6792C000B249;2025-06-10;-2.0;-36.64
3BD3841652DC4E1142D58A650500BC08;B0BDDED34CC83E11052F6792C000B249;2025-06-10;-2.0;-165.82
77195B37B9A86E11B7B78A650500BC08;B0BDDED34CC83E11052F6792C000B249;2025-06-10;-2.0;-95.84
1CA670716F5CCE11ADB31065050095B8;B0BDDED34CC83E11052F6792C000B249;2025-06-10;-4.0;-1933.88
9A7725F9B1E0DE11ADB310650500DBB8;B0BDDED34CC83E11052F6792C000B249;2025-06-10;-2.0;-224.8
FB00436768332E1143F0668E4200C71A;B0BDDED34CC83E11052F6792C000B249;2025-06-10;-2.0;-449.28
7CF74A7B0321DE11ADB3106505003CB8;B0BDDED34CC83E11052F6792C000B249;2025-06-10;-6.0;-198.0
3B4ABC630CC46E11B7B78A650500BC08;B0BDDED34CC83E11052F6792C000B249;2025-06-10;-4.0;-393.8
93B900CEFA5C7E110819BB65050039AA;B0BDDED34CC83E11052F6792C000B249;2025-06-10;-4.0;-650.64
5AF0F2E4EA244E1142D58A6505002C08;B0BDDED34CC83E11052F6792C000B249;2025-06-10;-2.0;-100.16
EEE27EB319E49E11554010650500CE3B;B0BDDED34CC83E11052F6792C000B249;2025-06-10;-2.0;-120.48
867E0188F61BDE11406610650500634A;B0BDDED34CC83E11052F6792C000B249;2025-06-10;-2.0;-195.54
A3908946B0E14E1142D58A650500DB08;B0BDDED34CC83E11052F6792C000B249;2025-06-10;-4.0;-1276.36
91861D13775CEE1191EE1065050029B9;B0BDDED34CC83E11052F6792C000B249;2025-06-10;-2.0;-127.5
179F13DA891A6E11B7B78A650500BC08;B0BDDED34CC83E11052F6792C000B249;2025-06-10;-2.0;-421.66
67B2AB456DC2DE11ADB3106505006EB8;B0BDDED34CC83E11052F6792C000B249;2025-06-10;-2.0;-177.2
9C7A9111FC1EFE11F1557891FE69E489;B0BDDED34CC83E11052F6792C000B249;2025-06-10;-2.0;-130.0
BFC65DB3A1B0EE11406610650500CA4A;B0BDDED34CC83E11052F6792C000B249;2025-06-10;-2.0;-229.74
3B695AEB01B72E11052F6792C0007F39;B0BDDED34CC83E11052F6792C000B249;2025-06-10;-2.0;-152.72
756ED27D93F50E11A4A96492C0004B38;B0BDDED34CC83E11052F6792C000B249;2025-06-10;-2.0;-204.88
4EB6E7FAA1365E1142D58A650500DC08;B0BDDED34CC83E11052F6792C000B249;2025-06-10;-4.0;-62.8
390519DFC0CAED11A62CD892C0003F2A;B0BDDED34CC83E11052F6792C000B249;2025-06-10;-4.0;-772.16
4A309450B47DFD11A4A96492C0006D28;B0BDDED34CC83E11052F6792C000B249;2025-06-10;-4.0;-490.56
14B135B1B6E62E1143F0668E420006EB;B0BDDED34CC83E11052F6792C000B249;2025-06-10;-2.0;-196.3
6A12AE306E3CEE1191EE1065050029B9;B0BDDED34CC83E11052F6792C000B249;2025-06-10;-2.0;-78.48
16AB37742AA5FE1191EE1065050041C9;B0BDDED34CC83E11052F6792C000B249;2025-06-10;-2.0;-232.0
908A2BFCEF2FFE11F1557891FE694689;B0BDDED34CC83E11052F6792C000B249;2025-06-10;-2.0;-578.34
E94A9A70B7E4DE11ADB31065050031C8;B0BDDED34CC83E11052F6792C000B249;2025-06-10;-2.0;-270.32
75E34EC2E530EE114066106505002A4A;B0BDDED34CC83E11052F6792C000B249;2025-06-10;-2.0;-85.0
9C56BEFFB0CAED11A62CD892C0003F2A;B0BDDED34CC83E11052F6792C000B249;2025-06-10;-2.0;-465.68
A95B9B4990CAED11A62CD892C0003F2A;B0BDDED34CC83E11052F6792C000B249;2025-06-10;-2.0;-240.6
458A1977AC62FE1191EE10650500FCB9;B0BDDED34CC83E11052F6792C000B249;2025-06-10;-2.0;-698.96
72F06262B0A1EE11406610650500FB4A;B0BDDED34CC83E11052F6792C000B249;2025-06-10;-2.0;-361.92
24587A2041CAED11A62CD892C0003F2A;B0BDDED34CC83E11052F6792C000B249;2025-06-10;-2.0;-528.2
5593A8ED335DEE1191EE1065050029B9;B0BDDED34CC83E11052F6792C000B249;2025-06-10;-2.0;-158.72
259DE51BDD933E11052F6792C000CF39;B0BDDED34CC83E11052F6792C000B249;2025-06-10;-2.0;-656.54
F18F170C65ABEE1191EE1065050029B9;B0BDDED34CC83E11052F6792C000B249;2025-06-10;-2.0;-39.08
9BD62E9560A3DE11ADB3106505007FB8;B0BDDED34CC83E11052F6792C000B249;2025-06-10;-2.0;-528.64
D564E44AC336AE11BE2110650500E84A;B0BDDED34CC83E11052F6792C000B249;2025-06-10;-2.0;-1645.7
721ADD6EEB6DFE11F1557891FE690489;B0BDDED34CC83E11052F6792C000B249;2025-06-10;-2.0;-308.36
526370D84459CE11ADB31065050071B8;B0BDDED34CC83E11052F6792C000B249;2025-06-10;-6.0;-260.04
39882B78D76CAE11BE2110650500C05A;B0BDDED34CC83E11052F6792C000B249;2025-06-10;-2.0;-437.62
C92D7919BDE6EE1191EE1065050096B9;B0BDDED34CC83E11052F6792C000B249;2025-06-10;-2.0;-284.18
E463CF97B28A3E11052F6792C000D249;B0BDDED34CC83E11052F6792C000B249;2025-06-10;-4.0;-523.74
F7018428F0CAED11A62CD892C0003F2A;B0BDDED34CC83E11052F6792C000B249;2025-06-10;-2.0;-146.18
3C3C707766F86E11B7B78A650500BC08;B0BDDED34CC83E11052F6792C000B249;2025-06-10;-2.0;-40.66
0D9FB255236BCE11ADB31065050034B8;B0BDDED34CC83E11052F6792C000B249;2025-06-10;-2.0;-94.0
0B1F6EDA63E61E1143F0668E4200EE89;B0BDDED34CC83E11052F6792C000B249;2025-06-10;-2.0;-47.98
39A009B1CE61EE11406610650500BB4A;B0BDDED34CC83E11052F6792C000B249;2025-06-10;-2.0;-18.24
7484C0E058B13E11052F6792C000CF39;B0BDDED34CC83E11052F6792C000B249;2025-06-10;-2.0;-152.22
63D0BFDBA60C4E1142D58A650500BC08;B0BDDED34CC83E11052F6792C000B249;2025-06-10;-2.0;-259.6
10995F76A646CE11ADB3106505008DA8;B0BDDED34CC83E11052F6792C000B249;2025-06-10;-2.0;-182.14
1FBF65FFCC47CE11ADB310650500DEA8;B0BDDED34CC83E11052F6792C000B249;2025-06-10;-2.0;-394.02
65F04127ACD75E1142D58A650500DC08;B0BDDED34CC83E11052F6792C000B249;2025-06-10;-2.0;-198.84
EBBBCE601CB1EE114066106505001C4A;B0BDDED34CC83E11052F6792C000B249;2025-06-10;-2.0;-102.72
A4C2358232B72E11052F6792C0007F39;B0BDDED34CC83E11052F6792C000B249;2025-06-10;-2.0;-237.6
FC2EFC7012163E11052F6792C000FF39;B0BDDED34CC83E11052F6792C000B249;2025-06-10;-2.0;-175.18
7A30FC43DC456E11B7B78A650500BC08;44673735EAF46E11B7B78A650500BC08;2025-06-10;2.0;377.72
C7F241B30684DE11ADB310650500B0C8;B0BDDED34CC83E11052F6792C000B249;2025-06-10;4.0;966.0
CEB0EF80D5D61E1143F0668E4200EE89;B0BDDED34CC83E11052F6792C000B249;2025-06-10;6.0;4290.0
72C6DDA882D2FE1191EE106505007DB9;B0BDDED34CC83E11052F6792C000B249;2025-06-10;16.0;6842.88
07F12D93DAF8CE11ADB31065050001B8;B0BDDED34CC83E11052F6792C000B249;2025-06-10;80.0;7520.0
04886C40D5385E1142D58A650500DC08;B0BDDED34CC83E11052F6792C000B249;2025-06-10;12.0;2002.8
AB4FA973E61BDE11406610650500634A;B0BDDED34CC83E11052F6792C000B249;2025-06-10;8.0;876.04
A9FB1D78E61BDE11406610650500634A;B0BDDED34CC83E11052F6792C000B249;2025-06-10;10.0;1095.04
2AD06B7E8BA07E11B7B78A650500CD08;44673735EAF46E11B7B78A650500BC08;2025-06-10;-2.0;-1050.0
34A2F97831E1FE1191EE106505004CB9;FC081C55582CED11A62CD892C0003F2A;2025-06-10;4.0;823.58
5EAA17C65FE39E115540106505007D3B;FC081C55582CED11A62CD892C0003F2A;2025-06-10;12.0;7065.84
6FAC2271E0CAED11A62CD892C0003F2A;FC081C55582CED11A62CD892C0003F2A;2025-06-10;10.0;3683.68
8E4BCFB931CAED11A62CD892C0003F2A;FC081C55582CED11A62CD892C0003F2A;2025-06-10;70.0;13297.58
CD920F2AD415AE11726010650500445A;FC081C55582CED11A62CD892C0003F2A;2025-06-10;16.0;2462.28
8397BF6A01CAED11A62CD892C0003F2A;FC081C55582CED11A62CD892C0003F2A;2025-06-10;22.0;5738.82
D320D83931CAED11A62CD892C0003F2A;FC081C55582CED11A62CD892C0003F2A;2025-06-10;20.0;24699.84
631D72CA74520F114EF7A826072B7A89;44673735EAF46E11B7B78A650500BC08;2025-06-10;0.0;0.0
279C72CA74520F114EF7A826072B7A89;44673735EAF46E11B7B78A650500BC08;2025-06-10;0.0;0.0
215EAADAA0B20F114EF7A826072BEA89;44673735EAF46E11B7B78A650500BC08;2025-06-10;0.0;0.0
53A9466B4CFDBE118772106505001F59;44673735EAF46E11B7B78A650500BC08;2025-06-10;0.0;0.0
09B43957E494AE11726010650500A35A;44673735EAF46E11B7B78A650500BC08;2025-06-10;0.0;0.0
543AB36E21C7DE11C84610650500107A;44673735EAF46E11B7B78A650500BC08;2025-06-10;0.0;0.0
2FC1A93BC7E10F114EF7A826072BE989;44673735EAF46E11B7B78A650500BC08;2025-06-10;20.0;1993.8
C416A9D094520F114EF7A826072B7A89;FC081C55582CED11A62CD892C0003F2A;2025-06-10;2.0;1380.18
853956F7E770BE11BE2110650500F55A;44673735EAF46E11B7B78A650500BC08;2025-06-10;40.0;324.44
29425DFC432ABE118772106505003A59;44673735EAF46E11B7B78A650500BC08;2025-06-10;20.0;4447.16
A88AC96C066E9E11726010650500CB4A;44673735EAF46E11B7B78A650500BC08;2025-06-10;20.0;746.52
66073A49E736FE1191EE10650500F1C9;44673735EAF46E11B7B78A650500BC08;2025-06-10;20.0;5481.74
AC9A260E0D456E11B7B78A650500BC08;44673735EAF46E11B7B78A650500BC08;2025-06-10;8.0;10907.5
1DB3910DBC05DE11ADB31065050061C8;FC081C55582CED11A62CD892C0003F2A;2025-06-10;10.0;3260.0
AA5FB6749CB7FE1191EE10650500F3C9;FC081C55582CED11A62CD892C0003F2A;2025-06-10;30.0;1050.0
7D12823DE5E2DE11ADB3106505008EB8;FC081C55582CED11A62CD892C0003F2A;2025-06-10;8.0;1204.24
69E4A9D094520F114EF7A826072B7A89;B0BDDED34CC83E11052F6792C000B249;2025-06-10;2.0;1380.16
BA2477F094520F114EF7A826072B7A89;B0BDDED34CC83E11052F6792C000B249;2025-06-10;2.0;1528.8
309C2C1F68DDCE11ADB31065050097B8;FC081C55582CED11A62CD892C0003F2A;2025-06-10;0.0;0.0
71E97FBFB17CEE1191EE1065050029B9;FC081C55582CED11A62CD892C0003F2A;2025-06-10;-2.0;-1372.2400000000014
F7D58714648DFE11F1557891FE692489;FC081C55582CED11A62CD892C0003F2A;2025-06-10;60.0;362.26
E32D021100E7EE1191EE10650500A7B9;44673735EAF46E11B7B78A650500BC08;2025-06-10;80.0;459.36
E32D021100E7EE1191EE10650500A7B9;B0BDDED34CC83E11052F6792C000B249;2025-06-10;80.0;459.36
9B76C90BEDF39E115540106505008D3B;B0BDDED34CC83E11052F6792C000B249;2025-06-10;0.0;0.0
007267F61B278E11F243BB6505008C3B;B0BDDED34CC83E11052F6792C000B249;2025-06-10;0.0;0.0
0B64D21F21FA8E11F243BB650500514B;44673735EAF46E11B7B78A650500BC08;2025-06-10;40.0;1097.1999999999998
06DF8B324790DE11ADB3106505006BB8;44673735EAF46E11B7B78A650500BC08;2025-06-10;96.0;3219.04
E0E83C693A278E11F243BB6505008C3B;B0BDDED34CC83E11052F6792C000B249;2025-06-10;0.0;0.0
60555AF2DF11DE11ADB3106505003CB8;B0BDDED34CC83E11052F6792C000B249;2025-06-10;0.0;0.0
EFDAAA51DACDDE11406610650500F64A;44673735EAF46E11B7B78A650500BC08;2025-06-10;6.0;3207.24
2EBA84C0E26AAE11BE21106505003E4A;44673735EAF46E11B7B78A650500BC08;2025-06-10;32.0;7605.06
72EABD3764DD6E11B7B78A650500BC08;44673735EAF46E11B7B78A650500BC08;2025-06-10;0.0;0.0
5E00A23578C1FE1191EE106505002CB9;44673735EAF46E11B7B78A650500BC08;2025-06-10;-2.0;-2231.999999999999
A35EA6B4E61E4E1142D58A650500BC08;44673735EAF46E11B7B78A650500BC08;2025-06-10;18.0;3004.2
2BC7A34A1E456E11B7B78A650500BC08;44673735EAF46E11B7B78A650500BC08;2025-06-10;46.0;11877.2
4BC7A34A1E456E11B7B78A650500BC08;44673735EAF46E11B7B78A650500BC08;2025-06-10;24.0;6196.8
46562586A1130F114EF7A826072B6B89;FC081C55582CED11A62CD892C0003F2A;2025-06-10;0.0;0.0
EB0C9F36A1130F114EF7A826072B6B89;FC081C55582CED11A62CD892C0003F2A;2025-06-10;0.0;0.0
D1C2A918BE010F11112A674AC7E2C889;FC081C55582CED11A62CD892C0003F2A;2025-06-10;0.0;0.0
260229394AEEBE118772106505004069;FC081C55582CED11A62CD892C0003F2A;2025-06-10;0.0;0.0
4F9904ECAD62FE1191EE10650500FCB9;FC081C55582CED11A62CD892C0003F2A;2025-06-10;0.0;0.0
A0B00B390742FE1191EE10650500CCB9;FC081C55582CED11A62CD892C0003F2A;2025-06-10;0.0;0.0
EB654B3C1F11DE11ADB3106505003CB8;FC081C55582CED11A62CD892C0003F2A;2025-06-10;0.0;1.8189894035458565e-12
86BE683E40A20F114EF7A826072BDA89;FC081C55582CED11A62CD892C0003F2A;2025-06-10;0.0;0.0
4AF3DDFBBA858E113835BB6505006EAA;44673735EAF46E11B7B78A650500BC08;2025-06-10;12.0;7930.32
41DEBF65B685FE1191EE1065050011C9;44673735EAF46E11B7B78A650500BC08;2025-06-10;6.0;3009.6
835F50F3ED456E11B7B78A650500BC08;44673735EAF46E11B7B78A650500BC08;2025-06-10;-8.0;-652.08
AE203BCB05B4DE11ADB310650500F0C8;44673735EAF46E11B7B78A650500BC08;2025-06-10;24.0;1393.92
862F7FE747CBCE11ADB310650500B4B8;44673735EAF46E11B7B78A650500BC08;2025-06-10;0.0;0.0
2086BE47BFCCDE11406610650500B54A;44673735EAF46E11B7B78A650500BC08;2025-06-10;0.0;0.0
9151A23578C1FE1191EE106505002CB9;44673735EAF46E11B7B78A650500BC08;2025-06-10;0.0;0.0
3AE5F2AED6C99E115250106505009A4A;44673735EAF46E11B7B78A650500BC08;2025-06-10;0.0;0.0
3D3E01D072039E115540106505004C3B;44673735EAF46E11B7B78A650500BC08;2025-06-10;0.0;0.0
5A08EEEEE4C6DE11C84610650500DE6A;44673735EAF46E11B7B78A650500BC08;2025-06-10;8.0;1232.48
F095BA2D8DC7DE11C84610650500207A;44673735EAF46E11B7B78A650500BC08;2025-06-10;40.0;4975.96
FB958DE325B4DE11ADB310650500F0C8;FC081C55582CED11A62CD892C0003F2A;2025-06-10;46.0;3091.2
9348E95883B77E110819BB65050009AA;44673735EAF46E11B7B78A650500BC08;2025-06-10;-6.0;-619.2
48BA821ED817FE1191EE1065050023C9;44673735EAF46E11B7B78A650500BC08;2025-06-10;8.0;1032.68
2661955DAD7ABE11877210650500AA59;B0BDDED34CC83E11052F6792C000B249;2025-06-10;0.0;0.0
2F9F2064316F9E117260106505000D4A;B0BDDED34CC83E11052F6792C000B249;2025-06-10;0.0;0.0
E95DB0AF7068FE11128010650500D819;B0BDDED34CC83E11052F6792C000B249;2025-06-10;0.0;0.0
23F3D15CB0FFFE11F1557891FE693789;B0BDDED34CC83E11052F6792C000B249;2025-06-10;0.0;0.0
236A3E0A9ED03E11052F6792C000CF39;B0BDDED34CC83E11052F6792C000B249;2025-06-10;0.0;0.0
0F722AF20C297E110819BB65050009AA;B0BDDED34CC83E11052F6792C000B249;2025-06-10;0.0;0.0
216C22B6A709CE11ADB31065050011B8;B0BDDED34CC83E11052F6792C000B249;2025-06-10;0.0;0.0
9863E41DCB719E11F243BB6505003A4B;B0BDDED34CC83E11052F6792C000B249;2025-06-10;0.0;0.0
B049BD7C6D456E11B7B78A650500BC08;B0BDDED34CC83E11052F6792C000B249;2025-06-10;-10.0;-81.0
367468B1016E3E11052F6792C000D249;B0BDDED34CC83E11052F6792C000B249;2025-06-10;0.0;0.0
81C96E869C01AE117260106505002F4A;B0BDDED34CC83E11052F6792C000B249;2025-06-10;0.0;0.0
CEB037039F949E115540106505006E3B;B0BDDED34CC83E11052F6792C000B249;2025-06-10;0.0;0.0
9679028A41AD7E110819BB65050039AA;B0BDDED34CC83E11052F6792C000B249;2025-06-10;0.0;0.0
45C3A7D674DDFE11F1557891FE698489;B0BDDED34CC83E11052F6792C000B249;2025-06-10;0.0;0.0
62711DCBD083FE1191EE106505007EB9;B0BDDED34CC83E11052F6792C000B249;2025-06-10;0.0;0.0
0356C51D222DFE11F1557891FE69A389;B0BDDED34CC83E11052F6792C000B249;2025-06-10;10.0;664.1
60FCD678098FEE1191EE1065050049B9;FC081C55582CED11A62CD892C0003F2A;2025-06-10;40.0;3619.48
39C52ACDC3D67E11B7B78A650500ED08;FC081C55582CED11A62CD892C0003F2A;2025-06-10;20.0;813.0
2F478A00CBE1EE114066106505006C4A;FC081C55582CED11A62CD892C0003F2A;2025-06-10;24.0;659.34
9039F1ED9F25FE1191EE10650500A0C9;44673735EAF46E11B7B78A650500BC08;2025-06-10;-2.0;-103.88
AFF589417479FE11128010650500E819;FC081C55582CED11A62CD892C0003F2A;2025-06-10;0.0;-8.526512829121202e-14
473C281B0DDECE11ADB310650500E8B8;FC081C55582CED11A62CD892C0003F2A;2025-06-10;0.0;-6.821210263296962e-13
05B4951F765BCE11ADB31065050024B8;FC081C55582CED11A62CD892C0003F2A;2025-06-10;-2.0;-2600.04
26457C450DDDFE11F1557891FE699489;44673735EAF46E11B7B78A650500BC08;2025-06-10;0.0;0.0
0E91BF666DC2DE11ADB3106505006EB8;FC081C55582CED11A62CD892C0003F2A;2025-06-10;0.0;0.0
8E2AA0425C930F114EF7A826072B1C89;FC081C55582CED11A62CD892C0003F2A;2025-06-10;48.0;3839.04
AA46AD764D4EFE11F1557891FE692589;FC081C55582CED11A62CD892C0003F2A;2025-06-10;8.0;2676.6
AA46AD764D4EFE11F1557891FE692589;B0BDDED34CC83E11052F6792C000B249;2025-06-10;6.0;2007.44
C1AAA0425C930F114EF7A826072B1C89;B0BDDED34CC83E11052F6792C000B249;2025-06-10;48.0;3839.04
AE4BA0425C930F114EF7A826072B1C89;B0BDDED34CC83E11052F6792C000B249;2025-06-10;48.0;3839.04
6793C166AF6DFE11F1557891FE690489;FC081C55582CED11A62CD892C0003F2A;2025-06-10;10.0;817.0
6F615376AF6DFE11F1557891FE690489;FC081C55582CED11A62CD892C0003F2A;2025-06-10;10.0;817.0
EFA15376AF6DFE11F1557891FE690489;FC081C55582CED11A62CD892C0003F2A;2025-06-10;10.0;817.0
98C1EDB6604F6E11B7B78A650500CD08;44673735EAF46E11B7B78A650500BC08;2025-06-10;0.0;0.0
F270FD2AAD829E11554010650500BB3B;B0BDDED34CC83E11052F6792C000B249;2025-06-10;-36.0;-2844.0
AE19021D75310F11112A674AC7E2F889;44673735EAF46E11B7B78A650500BC08;2025-06-10;-36.0;-2660.6
BF49E1719E31FE1191EE106505007BB9;B0BDDED34CC83E11052F6792C000B249;2025-06-10;18.0;1777.84
70A76EE2378B3E11052F6792C000D249;44673735EAF46E11B7B78A650500BC08;2025-06-10;22.0;753.5
38C8F15F7742EE11406610650500DC4A;FC081C55582CED11A62CD892C0003F2A;2025-06-10;4.0;2340.0
48C6344699930E11A4A96492C00008E9;FC081C55582CED11A62CD892C0003F2A;2025-06-10;-8.0;-3060.96
97945CE29E669E11554010650500C04B;FC081C55582CED11A62CD892C0003F2A;2025-06-10;-10.0;-1370.12
C35C6B5091CAED11A62CD892C0003F2A;FC081C55582CED11A62CD892C0003F2A;2025-06-10;-2.0;-628.0
E84748850F82DE11ADB3106505001EB8;44673735EAF46E11B7B78A650500BC08;2025-06-10;4.0;2866.88
5FE039856AD7CE11ADB3106505008FA8;44673735EAF46E11B7B78A650500BC08;2025-06-10;6.0;18785.48
C7E2C9A66AD7CE11ADB3106505008FA8;44673735EAF46E11B7B78A650500BC08;2025-06-10;2.0;6635.7
D876B898128E6E11B7B78A6505003D08;44673735EAF46E11B7B78A650500BC08;2025-06-10;8.0;3480.36
7EAD502D30F5CE11ADB3106505006DA8;44673735EAF46E11B7B78A650500BC08;2025-06-10;10.0;1510.7599999999998
4B9C3F028C456E11B7B78A650500BC08;44673735EAF46E11B7B78A650500BC08;2025-06-10;14.0;2489.6000000000004
302E92FF6EEAAE11BE2110650500EE4A;44673735EAF46E11B7B78A650500BC08;2025-06-10;-24.0;-122.08
5BAD3F9617C9DE11406610650500A14A;44673735EAF46E11B7B78A650500BC08;2025-06-10;-12.0;-2987.68
CEF155EB3C456E11B7B78A650500BC08;44673735EAF46E11B7B78A650500BC08;2025-06-10;-6.0;-558.0
24A79ED2DE2CDE11406610650500E44A;44673735EAF46E11B7B78A650500BC08;2025-06-10;-140.0;-1700.58
EEECE7FCD30A3E11052F6792C000D249;44673735EAF46E11B7B78A650500BC08;2025-06-10;-2.0;-1148.66
29FC4690F8AF7E110819BB65050039AA;44673735EAF46E11B7B78A650500BC08;2025-06-10;-2.0;-162.56
43A27077F555BE11BE21106505002C5A;44673735EAF46E11B7B78A650500BC08;2025-06-10;-2.0;-312.1
FD59A4FF7A8BDE11406610650500044A;44673735EAF46E11B7B78A650500BC08;2025-06-10;-6.0;-1494.0
753DC3D54575EE1191EE10650500D4B9;44673735EAF46E11B7B78A650500BC08;2025-06-10;-4.0;-295.2
322676865F66DE11ADB31065050023C8;44673735EAF46E11B7B78A650500BC08;2025-06-10;-2.0;-950.78
5497EA2F7A8BDE11406610650500044A;44673735EAF46E11B7B78A650500BC08;2025-06-10;-2.0;-266.0
E1204D06C4BC3E11052F6792C000D249;44673735EAF46E11B7B78A650500BC08;2025-06-10;-2.0;-87.08
C3044B37BB41BE11BE2110650500075A;44673735EAF46E11B7B78A650500BC08;2025-06-10;-20.0;-789.72
EE4A76D36D7DBE118772106505007E59;44673735EAF46E11B7B78A650500BC08;2025-06-10;-2.0;-258.0
AB12612FF3676E11B7B78A650500BC08;44673735EAF46E11B7B78A650500BC08;2025-06-10;-2.0;-840.94
05C2C0F280A49E115540106505006E3B;44673735EAF46E11B7B78A650500BC08;2025-06-10;-2.0;-1281.66
E27D7C23D6CD6E11B7B78A650500BC08;44673735EAF46E11B7B78A650500BC08;2025-06-10;-2.0;-65.4
D3390B7886AA7E110819BB65050039AA;44673735EAF46E11B7B78A650500BC08;2025-06-10;-4.0;-1044.72
69DEE6074C456E11B7B78A650500BC08;44673735EAF46E11B7B78A650500BC08;2025-06-10;-4.0;-956.98
F027F48E7505EE11B1AD10650500A8EA;44673735EAF46E11B7B78A650500BC08;2025-06-10;-378.20000000000005;-9946.66
2FE1FA0473F7DE11C84610650500507A;44673735EAF46E11B7B78A650500BC08;2025-06-10;-2.0;-149.44
7BF3E7F6E0F0DE11ADB310650500EBB8;44673735EAF46E11B7B78A650500BC08;2025-06-10;-4.0;-4694.76
8F2CE61456999E115250106505005A4A;44673735EAF46E11B7B78A650500BC08;2025-06-10;-2.0;-980.8
F33956F7E770BE11BE2110650500F55A;44673735EAF46E11B7B78A650500BC08;2025-06-10;-4.0;-463.70000000000005
94E39BDF036FAE11BE2110650500945A;44673735EAF46E11B7B78A650500BC08;2025-06-10;-2.0;-634.92
3D4A76D36D7DBE118772106505007E59;44673735EAF46E11B7B78A650500BC08;2025-06-10;-14.0;-517.98
25616E18B5FC7E110819BB65050039AA;44673735EAF46E11B7B78A650500BC08;2025-06-10;-16.0;-98.88
1AD35D3779457E11B7B78A650500ED08;44673735EAF46E11B7B78A650500BC08;2025-06-10;-2.0;-179.4
58F2EB04AA4FFE11F1557891FE696689;44673735EAF46E11B7B78A650500BC08;2025-06-10;-4.0;-228.08
B775680E0F5CCE11ADB31065050095B8;44673735EAF46E11B7B78A650500BC08;2025-06-10;-4.0;-303.12
DF3FAE015FDD6E11B7B78A650500BC08;44673735EAF46E11B7B78A650500BC08;2025-06-10;-16.0;-409.76000000000005
49596318D7079E11554010650500814B;44673735EAF46E11B7B78A650500BC08;2025-06-10;-2.0;-124.62
1C0F950291148E113835BB6505008CAA;44673735EAF46E11B7B78A650500BC08;2025-06-10;-4.0;-397.79999999999995
F7774E73907F6E11B7B78A650500CD08;44673735EAF46E11B7B78A650500BC08;2025-06-10;-432.6;-42784.14
5A34ED0827E10F114EF7A826072BE989;44673735EAF46E11B7B78A650500BC08;2025-06-10;-2.0;-884.52
E247B8D14790DE11ADB3106505006BB8;44673735EAF46E11B7B78A650500BC08;2025-06-10;-4.0;-185.26
6835D7B40653CE11877210650500E569;44673735EAF46E11B7B78A650500BC08;2025-06-10;-2.0;-558.8
6AD10360207E8E11F243BB650500564B;44673735EAF46E11B7B78A650500BC08;2025-06-10;-10.0;-1434.8
16FBEABD7C456E11B7B78A650500BC08;44673735EAF46E11B7B78A650500BC08;2025-06-10;-16.0;-1527.2
70E0AB734C456E11B7B78A650500BC08;44673735EAF46E11B7B78A650500BC08;2025-06-10;-2.0;-768.8
3661B6EC4E5ADE11406610650500624A;44673735EAF46E11B7B78A650500BC08;2025-06-10;-2.0;-199.88
4744FA69BF354E1142D58A6505002C08;44673735EAF46E11B7B78A650500BC08;2025-06-10;-2.0;-120.12
2E8518B6A8910F114EF7A826072B8989;44673735EAF46E11B7B78A650500BC08;2025-06-10;-14.0;-932.8199999999999
3AD35D3779457E11B7B78A650500ED08;44673735EAF46E11B7B78A650500BC08;2025-06-10;-4.0;-618.62
1B4793699709CE11ADB31065050011B8;44673735EAF46E11B7B78A650500BC08;2025-06-10;-2.0;-57.78
DC9AE3C90383AE11726010650500425A;44673735EAF46E11B7B78A650500BC08;2025-06-10;-12.0;-720.0
30A889072C8EAE11BE2110650500835A;44673735EAF46E11B7B78A650500BC08;2025-06-10;-8.0;-436.8
C68A7B51558B7E110819BB65050039AA;44673735EAF46E11B7B78A650500BC08;2025-06-10;-2.0;-2031.72
06C7703F6EEAAE11BE2110650500EE4A;44673735EAF46E11B7B78A650500BC08;2025-06-10;-10.0;-92.36
C3E49E6ACD456E11B7B78A650500BC08;44673735EAF46E11B7B78A650500BC08;2025-06-10;-2.0;-2099.5
9769B17336037E11B7B78A650500DD08;44673735EAF46E11B7B78A650500BC08;2025-06-10;-2.0;-309.02
5EC4171AFC9F7E110819BB65050039AA;44673735EAF46E11B7B78A650500BC08;2025-06-10;-20.0;-274.8
CFC9FD12FAD7CE11ADB3106505008FA8;44673735EAF46E11B7B78A650500BC08;2025-06-10;-2.0;-206.08
42824C573F45DE11ADB310650500B1C8;44673735EAF46E11B7B78A650500BC08;2025-06-10;-2.0;-278.38
50D5DC01B3F2DE11ADB3106505009EB8;44673735EAF46E11B7B78A650500BC08;2025-06-10;-2.0;-382.0
308BDF31DAD0FE1191EE10650500FAB9;44673735EAF46E11B7B78A650500BC08;2025-06-10;-4.0;-3248.88
0DB4821F6410BE11BE2110650500755A;44673735EAF46E11B7B78A650500BC08;2025-06-10;-8.0;-421.2
37DC431298B37E11B7B78A650500DD08;44673735EAF46E11B7B78A650500BC08;2025-06-10;-2.0;-1107.96
3C6B0DF0E9456E11B7B78A650500BC08;44673735EAF46E11B7B78A650500BC08;2025-06-10;-2.0;-331.96
9E8BF9F42E456E11B7B78A650500BC08;44673735EAF46E11B7B78A650500BC08;2025-06-10;-6.0;-954.0
1C00651F476BEE1191EE1065050029B9;44673735EAF46E11B7B78A650500BC08;2025-06-10;-2.0;-1926.0
BDC53847FB456E11B7B78A650500BC08;44673735EAF46E11B7B78A650500BC08;2025-06-10;-2.0;-1020.0
18DC5DC24039EE1191EE1065050009B9;44673735EAF46E11B7B78A650500BC08;2025-06-10;-2.0;-441.46
CEE19BF2952AFE11128010650500E819;44673735EAF46E11B7B78A650500BC08;2025-06-10;-2.0;-527.4
D3C603B13EA7FE1191EE10650500E3C9;44673735EAF46E11B7B78A650500BC08;2025-06-10;-2.0;-580.88
44F75893CFA1AE11726010650500FF4A;44673735EAF46E11B7B78A650500BC08;2025-06-10;-4.0;-309.68
ED848DB2E0DCDE11406610650500B54A;44673735EAF46E11B7B78A650500BC08;2025-06-10;-20.0;-1438.0
680423707EEAAE11BE2110650500EE4A;44673735EAF46E11B7B78A650500BC08;2025-06-10;-4.0;-50.16
A0CD8F0F05D08E110819BB65050039AA;44673735EAF46E11B7B78A650500BC08;2025-06-10;-2.0;-659.4
D1FCFFFA9365BE11BE21106505003C5A;44673735EAF46E11B7B78A650500BC08;2025-06-10;-2.0;-1868.3
D57F0945CD456E11B7B78A650500BC08;44673735EAF46E11B7B78A650500BC08;2025-06-10;-2.0;-110.0
AAF8D2F0D5B30F114EF7A826072B3C89;44673735EAF46E11B7B78A650500BC08;2025-06-10;-2.0;-540.0
B923865A3F16CE11ADB3106505008DA8;44673735EAF46E11B7B78A650500BC08;2025-06-10;-2.0;-780.22
796B8506779ABE11877210650500CA59;44673735EAF46E11B7B78A650500BC08;2025-06-10;-6.0;-2064.48
8169AC07DF54EE11B1AD10650500D7EA;44673735EAF46E11B7B78A650500BC08;2025-06-10;-2.0;-205.84
47929A896E06FE1191EE10650500C1C9;44673735EAF46E11B7B78A650500BC08;2025-06-10;-6.0;-360.0
D2D466C863039E115540106505004C3B;44673735EAF46E11B7B78A650500BC08;2025-06-10;-2.0;-268.14
9DA3F9A034B0FE1191EE10650500CAB9;44673735EAF46E11B7B78A650500BC08;2025-06-10;-2.0;-160.4
6741B1CFF79ACE11ADB31065050013B8;44673735EAF46E11B7B78A650500BC08;2025-06-10;-2.0;-1064.98
3A1C44B94F7FFE11F1557891FE69A689;44673735EAF46E11B7B78A650500BC08;2025-06-10;-4.0;-293.84
2EFB2A15A6B8BE118772106505006859;44673735EAF46E11B7B78A650500BC08;2025-06-10;-4.0;-316.0
3D04E2DD5678EE1191EE1065050078B9;44673735EAF46E11B7B78A650500BC08;2025-06-10;-4.0;-237.08
3B7847C2AEEBCE11ADB310650500E4B8;44673735EAF46E11B7B78A650500BC08;2025-06-10;-2.0;-335.52
E5DC24DD1E456E11B7B78A650500BC08;44673735EAF46E11B7B78A650500BC08;2025-06-10;-2.0;-736.92
20AF32FC91AA6E11B7B78A650500BC08;44673735EAF46E11B7B78A650500BC08;2025-06-10;-2.0;-156.0
92912948DEA2CE118772106505001569;44673735EAF46E11B7B78A650500BC08;2025-06-10;-2.0;-678.2
CF13657FCAD0FE1191EE10650500FAB9;44673735EAF46E11B7B78A650500BC08;2025-06-10;-6.0;-321.04
46D844AFDAD7CE11ADB3106505008FA8;44673735EAF46E11B7B78A650500BC08;2025-06-10;-2.0;-83.52
EA41849FA515AE11726010650500445A;44673735EAF46E11B7B78A650500BC08;2025-06-10;-2.0;-6357.6
7E1C52D25D456E11B7B78A650500BC08;44673735EAF46E11B7B78A650500BC08;2025-06-10;-4.0;-37.76
E94E60D66FD8CE11ADB310650500E0B8;44673735EAF46E11B7B78A650500BC08;2025-06-10;-2.0;-280.0
9165459B3E456E11B7B78A650500BC08;44673735EAF46E11B7B78A650500BC08;2025-06-10;-2.0;-1278.0
EB26495CF9456E11B7B78A650500BC08;44673735EAF46E11B7B78A650500BC08;2025-06-10;-6.0;-187.24
85D7172ECC42CE118772106505009469;44673735EAF46E11B7B78A650500BC08;2025-06-10;-4.0;-1032.0
CBDCA87C632B7E110819BB65050039AA;44673735EAF46E11B7B78A650500BC08;2025-06-10;-2.0;-901.0
3085D08D4C618E110819BB65050039AA;44673735EAF46E11B7B78A650500BC08;2025-06-10;-2.0;-577.06
BCD6A64AD6CD6E11B7B78A650500BC08;44673735EAF46E11B7B78A650500BC08;2025-06-10;-4.0;-508.0
4A9DC488A59A7E110819BB65050039AA;44673735EAF46E11B7B78A650500BC08;2025-06-10;-2.0;-2420.0
86FD0775AF886E11B7B78A650500BC08;44673735EAF46E11B7B78A650500BC08;2025-06-10;-4.0;-605.64
DFCECEFF53E0DE11ADB310650500DBB8;44673735EAF46E11B7B78A650500BC08;2025-06-10;-2.0;-128.6
0BAAB333D6B4EE11B1AD1065050048EA;44673735EAF46E11B7B78A650500BC08;2025-06-10;-2.0;-92.0
F8801856A6F5AE11BE2110650500984A;44673735EAF46E11B7B78A650500BC08;2025-06-10;-2.0;-287.28
64918C502B589E11554010650500334B;44673735EAF46E11B7B78A650500BC08;2025-06-10;-2.0;-590.4
F6EB710B2E777E110819BB650500E8AA;44673735EAF46E11B7B78A650500BC08;2025-06-10;-2.0;-248.64
EE4849B8C4848E113835BB6505001DAA;44673735EAF46E11B7B78A650500BC08;2025-06-10;-2.0;-371.86
192173D9E358BE11877210650500E759;44673735EAF46E11B7B78A650500BC08;2025-06-10;-8.0;-355.84
A72FCDC64678EE1191EE1065050078B9;44673735EAF46E11B7B78A650500BC08;2025-06-10;-2.0;-144.02
C7B0AA9CDA8D7E110819BB65050039AA;44673735EAF46E11B7B78A650500BC08;2025-06-10;-2.0;-276.4
387E0110748CDE11406610650500554A;44673735EAF46E11B7B78A650500BC08;2025-06-10;-8.0;-1928.66
A0E967BC904D7E110819BB65050039AA;44673735EAF46E11B7B78A650500BC08;2025-06-10;-12.0;-528.0
6F9889072C8EAE11BE2110650500835A;44673735EAF46E11B7B78A650500BC08;2025-06-10;-2.0;-104.0
850BACBD2D456E11B7B78A650500BC08;44673735EAF46E11B7B78A650500BC08;2025-06-10;-2.0;-263.0
D1C4C9EE00300F11F1557891FE698789;44673735EAF46E11B7B78A650500BC08;2025-06-10;-2.0;-944.14
B7085E9E6B6B6E11B7B78A650500BC08;44673735EAF46E11B7B78A650500BC08;2025-06-10;-6.0;-288.28
D38FA4EBE11FCE11ADB31065050029B8;FC081C55582CED11A62CD892C0003F2A;2025-06-10;-2.0;-6.72
F32A3B3B81600F11F1557891FE69C789;FC081C55582CED11A62CD892C0003F2A;2025-06-10;-2.0;-139.9
C2C7B7682E74FE1191EE10650500CFB9;FC081C55582CED11A62CD892C0003F2A;2025-06-10;-2.0;-59.74
55383ECA4F09FE11128010650500E819;FC081C55582CED11A62CD892C0003F2A;2025-06-10;-2.0;-27.1
282CFD43D1E7EE1191EE10650500A7B9;FC081C55582CED11A62CD892C0003F2A;2025-06-10;-2.0;-2.18
99F95BE4297BBE11877210650500EB59;FC081C55582CED11A62CD892C0003F2A;2025-06-10;-4.0;-105.24
F438947F7120FE1191EE106505000AB9;FC081C55582CED11A62CD892C0003F2A;2025-06-10;-2.0;-40.1
9CE3B16DC89D7E110819BB65050039AA;FC081C55582CED11A62CD892C0003F2A;2025-06-10;-4.0;-322.4
A4AEDABA91600F11F1557891FE69C789;FC081C55582CED11A62CD892C0003F2A;2025-06-10;-2.0;-172.56
2A1A180C1BF20F114EF7A826072B4B89;FC081C55582CED11A62CD892C0003F2A;2025-06-10;-2.0;-111.74
0A5048518FE1FE1191EE106505005CB9;FC081C55582CED11A62CD892C0003F2A;2025-06-10;-2.0;-68.22
71EFD0AC608BDE11406610650500F34A;FC081C55582CED11A62CD892C0003F2A;2025-06-10;-2.0;-486.92
AF7CA68CA45CEE1191EE1065050029B9;FC081C55582CED11A62CD892C0003F2A;2025-06-10;-2.0;-4157.7
DF642B99BF66EE1191EE1065050026B9;FC081C55582CED11A62CD892C0003F2A;2025-06-10;-2.0;-75.36
AD578A3013798E11F243BB6505006F3B;FC081C55582CED11A62CD892C0003F2A;2025-06-10;-2.0;-636.12
7274E61DA0CAED11A62CD892C0003F2A;FC081C55582CED11A62CD892C0003F2A;2025-06-10;-4.0;-518.76
3542737CCE80FE1191EE106505009AB9;FC081C55582CED11A62CD892C0003F2A;2025-06-10;-2.0;-358.1
15ED082CB3DFEE1191EE10650500A9B9;FC081C55582CED11A62CD892C0003F2A;2025-06-10;-2.0;-80.32
1B08ADF5E4F1CE118772106505002469;FC081C55582CED11A62CD892C0003F2A;2025-06-10;-2.0;-874.0
5A70E9491E17CE11ADB3106505009EA8;FC081C55582CED11A62CD892C0003F2A;2025-06-10;-6.0;-640.74
15465FAD3AC0DE11ADB310650500ABB8;FC081C55582CED11A62CD892C0003F2A;2025-06-10;-4.0;-160.26
E83E669409FEFD11A4A96492C000DFF9;FC081C55582CED11A62CD892C0003F2A;2025-06-10;-4.0;-131.0
0776B8B88D36DE11ADB310650500E2C8;FC081C55582CED11A62CD892C0003F2A;2025-06-10;-4.0;-592.28
1F6DBE0A81365E1142D58A650500DC08;FC081C55582CED11A62CD892C0003F2A;2025-06-10;-2.0;-820.8
1E6707E5737A7E110819BB65050039AA;FC081C55582CED11A62CD892C0003F2A;2025-06-10;-2.0;-111.8
256370B9559DFE11F1557891FE693489;FC081C55582CED11A62CD892C0003F2A;2025-06-10;-2.0;-21.0
48F6648C7D7E4E1142D58A650500BC08;FC081C55582CED11A62CD892C0003F2A;2025-06-10;-2.0;-232.06
F9A66B13FF986E11B7B78A650500BC08;FC081C55582CED11A62CD892C0003F2A;2025-06-10;-4.0;-83.04
CFC2663A31CAED11A62CD892C0003F2A;FC081C55582CED11A62CD892C0003F2A;2025-06-10;-2.0;-540.14
8949021D75310F11112A674AC7E2F889;FC081C55582CED11A62CD892C0003F2A;2025-06-10;-2.0;-236.26
105D455DE0CAED11A62CD892C0003F2A;FC081C55582CED11A62CD892C0003F2A;2025-06-10;-2.0;-554.68
79DCF3A122C18E111E1BBB65050099AA;FC081C55582CED11A62CD892C0003F2A;2025-06-10;-2.0;-317.04
21C08E2F2317DE11C846106505003F6A;FC081C55582CED11A62CD892C0003F2A;2025-06-10;-6.0;-1538.44
7B8221F535DB4E1142D58A6505009C08;FC081C55582CED11A62CD892C0003F2A;2025-06-10;-4.0;-1378.52
096E4835A869FE11128010650500E819;FC081C55582CED11A62CD892C0003F2A;2025-06-10;-4.0;-989.52
75137B0C52CAED11A62CD892C0003F2A;FC081C55582CED11A62CD892C0003F2A;2025-06-10;-88.0;-471.68
64587A2041CAED11A62CD892C0003F2A;FC081C55582CED11A62CD892C0003F2A;2025-06-10;-2.0;-422.56
0A5834BC496CCE11ADB310650500A5B8;FC081C55582CED11A62CD892C0003F2A;2025-06-10;-2.0;-172.2
5C61FEF8B8B37E11B7B78A650500DD08;FC081C55582CED11A62CD892C0003F2A;2025-06-10;-2.0;-1383.98
844000D3FBCEAE11BE2110650500D35A;FC081C55582CED11A62CD892C0003F2A;2025-06-10;-10.0;-420.0
48C2943FE1221E1143F0668E42008C3B;FC081C55582CED11A62CD892C0003F2A;2025-06-10;-2.0;-516.72
9A69FF13694B6E11B7B78A650500BC08;FC081C55582CED11A62CD892C0003F2A;2025-06-10;-10.0;-2052.1
1ECE8753F0CAED11A62CD892C0003F2A;FC081C55582CED11A62CD892C0003F2A;2025-06-10;-8.0;-1394.3999999999999
BBD4185A5DBBEE1191EE1065050029B9;FC081C55582CED11A62CD892C0003F2A;2025-06-10;-2.0;-1136.0
662269CE6DB7FE1191EE10650500F3C9;FC081C55582CED11A62CD892C0003F2A;2025-06-10;-2.0;-322.0
B39700A82686CE11ADB310650500DDA8;FC081C55582CED11A62CD892C0003F2A;2025-06-10;-2.0;-26.98
43DC7C2BDCFDFD11A4A96492C0006D28;FC081C55582CED11A62CD892C0003F2A;2025-06-10;-2.0;-377.84
4AB97DAEC12AFE11128010650500E819;FC081C55582CED11A62CD892C0003F2A;2025-06-10;-8.0;-1391.1599999999999
B478FC289F900F11F1557891FE691889;FC081C55582CED11A62CD892C0003F2A;2025-06-10;-4.0;-401.72
6E754762F0CAED11A62CD892C0003F2A;FC081C55582CED11A62CD892C0003F2A;2025-06-10;-8.0;-437.16
4D1931D6104FFE11F1557891FE695689;FC081C55582CED11A62CD892C0003F2A;2025-06-10;-4.0;-155.8
5E9E10AFF173EE11B1AD10650500A6EA;FC081C55582CED11A62CD892C0003F2A;2025-06-10;-6.0;-201.16
59C7D916B0CAED11A62CD892C0003F2A;FC081C55582CED11A62CD892C0003F2A;2025-06-10;-4.0;-320.04
5EC700335FD44E1142D58A6505002C08;FC081C55582CED11A62CD892C0003F2A;2025-06-10;-4.0;-429.38
099C53538ABAFE11128010650500E819;FC081C55582CED11A62CD892C0003F2A;2025-06-10;-4.0;-118.56
E79BDED6A094DE11ADB310650500C0C8;FC081C55582CED11A62CD892C0003F2A;2025-06-10;-2.0;-405.0
FD44A0D2B1CAED11A62CD892C0003F2A;FC081C55582CED11A62CD892C0003F2A;2025-06-10;-2.0;-193.94
CBD4D5891EF10F114EF7A826072B0A89;FC081C55582CED11A62CD892C0003F2A;2025-06-10;-4.0;-1449.48
69A16E4971728E110223BB6505008AAA;FC081C55582CED11A62CD892C0003F2A;2025-06-10;-2.0;-462.9
760D51FABDCFCE11ADB3106505003AB8;FC081C55582CED11A62CD892C0003F2A;2025-06-10;-2.0;-69.58
7C7475DFE831DE11ADB3106505006CB8;FC081C55582CED11A62CD892C0003F2A;2025-06-10;-2.0;-2672.2
92B581246AB45E1142D58A650500DC08;FC081C55582CED11A62CD892C0003F2A;2025-06-10;-4.0;-845.12
274FD604CFBD3E11052F6792C000D249;FC081C55582CED11A62CD892C0003F2A;2025-06-10;-2.0;-1180.12
94635EB8CC8EFE11F1557891FE697589;FC081C55582CED11A62CD892C0003F2A;2025-06-10;-2.0;-350.0
E58BFB301256BE118772106505005559;FC081C55582CED11A62CD892C0003F2A;2025-06-10;-12.0;-1096.84
822F3AF8123EDE11406610650500874A;FC081C55582CED11A62CD892C0003F2A;2025-06-10;-4.0;-145.76
0D150FF1AC112E1143F0668E4200C71A;FC081C55582CED11A62CD892C0003F2A;2025-06-10;-6.0;-2022.42
0DAF8A5FC0CAED11A62CD892C0003F2A;FC081C55582CED11A62CD892C0003F2A;2025-06-10;-2.0;-153.36
CF07E864E2F17E11B7B78A650500CD08;FC081C55582CED11A62CD892C0003F2A;2025-06-10;-2.0;-805.54
0CB5D848B1BBEE1191EE1065050029B9;FC081C55582CED11A62CD892C0003F2A;2025-06-10;-2.0;-169.6
3B51F2340F0EEE1191EE1065050029B9;FC081C55582CED11A62CD892C0003F2A;2025-06-10;-2.0;-411.48
EC3AF351A4A4FE1191EE10650500FFB9;FC081C55582CED11A62CD892C0003F2A;2025-06-10;-2.0;-198.32
C71AC1A77C3FFE11F1557891FE695689;FC081C55582CED11A62CD892C0003F2A;2025-06-10;-2.0;-505.78
4939E2C83CCEAE11BE2110650500D35A;FC081C55582CED11A62CD892C0003F2A;2025-06-10;-2.0;-35.6
9CDBEE16B2C88E11F243BB6505008E3B;FC081C55582CED11A62CD892C0003F2A;2025-06-10;-2.0;-164.14
FC39F31DAF13CE11877210650500A569;FC081C55582CED11A62CD892C0003F2A;2025-06-10;-6.0;-164.2
C104CE609C37EE1191EE10650500D6B9;FC081C55582CED11A62CD892C0003F2A;2025-06-10;-2.0;-447.7
3B03F11A4094DE11ADB310650500C0C8;FC081C55582CED11A62CD892C0003F2A;2025-06-10;-2.0;-296.02
1611AF91956BFD11A4A96492C000CB59;FC081C55582CED11A62CD892C0003F2A;2025-06-10;-6.0;-1608.8999999999999
69460226377BAE11BE21106505009F4A;FC081C55582CED11A62CD892C0003F2A;2025-06-10;-2.0;-224.2
D14487106B930F114EF7A826072B1C89;FC081C55582CED11A62CD892C0003F2A;2025-06-10;-4.0;-142.84
A985BB7287C23E11052F6792C000CF39;FC081C55582CED11A62CD892C0003F2A;2025-06-10;-4.0;-129.46
82D7E35E6200EE11406610650500E94A;FC081C55582CED11A62CD892C0003F2A;2025-06-10;-2.0;-330.68
37C12DAA99B1EE114066106505001C4A;FC081C55582CED11A62CD892C0003F2A;2025-06-10;-2.0;-447.7
80F89D87CC839E11554010650500FC3B;FC081C55582CED11A62CD892C0003F2A;2025-06-10;-2.0;-583.26
1407991F0AEBED11A62CD892C0003F2A;FC081C55582CED11A62CD892C0003F2A;2025-06-10;-4.0;-393.28
BA045D4710B65E1142D58A650500DC08;FC081C55582CED11A62CD892C0003F2A;2025-06-10;-2.0;-758.1
6089BECDF864FD110DC22A92C000C499;FC081C55582CED11A62CD892C0003F2A;2025-06-10;-2.0;-331.3
EF9E0BF8B67F8E11F243BB650500A74B;FC081C55582CED11A62CD892C0003F2A;2025-06-10;-2.0;-30.42
5EF4E6B8506AFE11128010650500E819;FC081C55582CED11A62CD892C0003F2A;2025-06-10;-8.0;-369.6
46D2FEBA47E4DE11ADB31065050031C8;FC081C55582CED11A62CD892C0003F2A;2025-06-10;-4.0;-2478.62
78005E43D99DDE11406610650500B64A;FC081C55582CED11A62CD892C0003F2A;2025-06-10;-2.0;-142.96
3E2F47E1F6E10F114EF7A826072BE989;FC081C55582CED11A62CD892C0003F2A;2025-06-10;-2.0;-198.0
1797E37B383EFE11F1557891FE690589;FC081C55582CED11A62CD892C0003F2A;2025-06-10;-2.0;-193.0
93261BFD42578E11F243BB650500BC3B;FC081C55582CED11A62CD892C0003F2A;2025-06-10;-4.0;-239.04
18154CAC6622CE118772106505006469;FC081C55582CED11A62CD892C0003F2A;2025-06-10;-6.0;-662.02
3D2D7DC22E2FEE1191EE1065050029B9;FC081C55582CED11A62CD892C0003F2A;2025-06-10;-6.0;-6746.959999999999
2B904BBEC0CAED11A62CD892C0003F2A;FC081C55582CED11A62CD892C0003F2A;2025-06-10;-2.0;-325.1
C5E7AE87917BDE11406610650500E34A;FC081C55582CED11A62CD892C0003F2A;2025-06-10;-2.0;-531.0
CA4DF58260DCDE11406610650500B54A;FC081C55582CED11A62CD892C0003F2A;2025-06-10;-4.0;-515.6
E6B63D2329363E11052F6792C000FF39;FC081C55582CED11A62CD892C0003F2A;2025-06-10;-2.0;-70.76
5AC8B70F82DD6E11B7B78A650500BC08;FC081C55582CED11A62CD892C0003F2A;2025-06-10;-2.0;-117.72
79AC0BCD9C12DE11ADB3106505008DB8;FC081C55582CED11A62CD892C0003F2A;2025-06-10;-2.0;-3461.12
F021E6155915CE11ADB3106505000DA8;FC081C55582CED11A62CD892C0003F2A;2025-06-10;-2.0;-27.24
E2FA76424644DE11ADB31065050060C8;FC081C55582CED11A62CD892C0003F2A;2025-06-10;-2.0;-320.2
EEA8C529DECBBE118772106505005C59;FC081C55582CED11A62CD892C0003F2A;2025-06-10;-2.0;-559.94
E2BD5C53ADA9EE1191EE1065050009B9;FC081C55582CED11A62CD892C0003F2A;2025-06-10;-2.0;-469.18
CA2C6D5B01CAED11A62CD892C0003F2A;FC081C55582CED11A62CD892C0003F2A;2025-06-10;-2.0;-103.58
BB0FA3470C7DFE1158A3BB3DBE8E1489;FC081C55582CED11A62CD892C0003F2A;2025-06-10;-2.0;-40.98
F9A7FE6FE3E5CE11ADB3106505006DA8;FC081C55582CED11A62CD892C0003F2A;2025-06-10;-2.0;-1481.58
3865C9FB1123CE11877210650500A569;FC081C55582CED11A62CD892C0003F2A;2025-06-10;-8.0;-267.28
4544118ADA7D6E11B7B78A650500BC08;FC081C55582CED11A62CD892C0003F2A;2025-06-10;-12.0;-831.1
B33E1CCDE9E2FE1191EE10650500ADB9;FC081C55582CED11A62CD892C0003F2A;2025-06-10;-2.0;-858.58
5F2727F18754EE11B1AD10650500C7EA;FC081C55582CED11A62CD892C0003F2A;2025-06-10;-4.0;-329.24
19F2DB55CBE00F11112A674AC7E29889;FC081C55582CED11A62CD892C0003F2A;2025-06-10;-2.0;-256.04
D8CE4A0034EDDE11406610650500174A;FC081C55582CED11A62CD892C0003F2A;2025-06-10;-2.0;-297.96
383904EBD719DE11C84610650500C17A;FC081C55582CED11A62CD892C0003F2A;2025-06-10;-2.0;-298.16
E7F8ECCFED71FE1191EE10650500CBB9;FC081C55582CED11A62CD892C0003F2A;2025-06-10;-4.0;-1832.12
9C64A1249EF62E1143F0668E420006EB;FC081C55582CED11A62CD892C0003F2A;2025-06-10;-2.0;-191.68
4A344FB1D562CE11877210650500B469;FC081C55582CED11A62CD892C0003F2A;2025-06-10;-2.0;-2318.4
A5C5195257363E11052F6792C000FF39;FC081C55582CED11A62CD892C0003F2A;2025-06-10;-2.0;-121.76
D4F45A1B91593E11052F6792C000D249;FC081C55582CED11A62CD892C0003F2A;2025-06-10;-2.0;-889.42
2981885B23FDDE11406610650500274A;FC081C55582CED11A62CD892C0003F2A;2025-06-10;-2.0;-161.78
6BF63EC99448EE1191EE1065050038B9;FC081C55582CED11A62CD892C0003F2A;2025-06-10;-2.0;-1695.3
C69DB38E9795DE11ADB31065050012C8;B0BDDED34CC83E11052F6792C000B249;2025-06-10;-10.0;-714.0
82E213D5C11B6E11B7B78A650500BC08;B0BDDED34CC83E11052F6792C000B249;2025-06-10;-2.0;-294.38
0C27FAD5D8EA5E1142D58A6505000D08;B0BDDED34CC83E11052F6792C000B249;2025-06-10;-2.0;-117.64
1F6DBE0A81365E1142D58A650500DC08;B0BDDED34CC83E11052F6792C000B249;2025-06-10;-2.0;-820.44
CFD155A600C13E11052F6792C000CF39;B0BDDED34CC83E11052F6792C000B249;2025-06-10;-4.0;-731.24
0F59EDCDEE2FEE1191EE1065050029B9;B0BDDED34CC83E11052F6792C000B249;2025-06-10;-2.0;-310.36
A290F699F7BAFE11128010650500E819;B0BDDED34CC83E11052F6792C000B249;2025-06-10;-2.0;-42.0
C942E7FDF0CAED11A62CD892C0003F2A;B0BDDED34CC83E11052F6792C000B249;2025-06-10;-2.0;-266.88
E908AEF57654EE11B1AD10650500C7EA;B0BDDED34CC83E11052F6792C000B249;2025-06-10;-2.0;-69.8
3DC915D7D77DFE1158A3BB3DBE8E1489;B0BDDED34CC83E11052F6792C000B249;2025-06-10;-2.0;-331.62
F9DD638BE64DEE1191EE1065050029B9;B0BDDED34CC83E11052F6792C000B249;2025-06-10;-2.0;-142.84
CF86F83DF462CE11877210650500B469;B0BDDED34CC83E11052F6792C000B249;2025-06-10;-2.0;-330.04
BC684DC528B13E11052F6792C000CF39;B0BDDED34CC83E11052F6792C000B249;2025-06-10;-4.0;-151.12
2133F6C2D74CDE11406610650500054A;B0BDDED34CC83E11052F6792C000B249;2025-06-10;-2.0;-45.58
622BB5EEEF15EE11B1AD10650500C8EA;B0BDDED34CC83E11052F6792C000B249;2025-06-10;-2.0;-141.18
559F84B1D507DE11C846106505002F6A;B0BDDED34CC83E11052F6792C000B249;2025-06-10;-4.0;-63.6
227770F124789E11525010650500D84A;B0BDDED34CC83E11052F6792C000B249;2025-06-10;-2.0;-37.72
CD817CAC3C56FE1191EE1065050022C9;B0BDDED34CC83E11052F6792C000B249;2025-06-10;-2.0;-1188.88
033BE97FC0566E11B7B78A650500BC08;B0BDDED34CC83E11052F6792C000B249;2025-06-10;-2.0;-449.56
CCFC2A5277E48E113835BB6505009DAA;B0BDDED34CC83E11052F6792C000B249;2025-06-10;-6.0;-1866.0
891607D1D8B63E11052F6792C000FF39;B0BDDED34CC83E11052F6792C000B249;2025-06-10;-2.0;-438.72
102ADFB541E9DE11406610650500C14A;B0BDDED34CC83E11052F6792C000B249;2025-06-10;-4.0;-157.28
123E61050D3FFE11F1557891FE695689;B0BDDED34CC83E11052F6792C000B249;2025-06-10;-2.0;-3641.36
B2CDCBEB7D49AE11BE2110650500DC4A;B0BDDED34CC83E11052F6792C000B249;2025-06-10;-6.0;-1248.48
83DED4832EFCBE11877210650500DD59;B0BDDED34CC83E11052F6792C000B249;2025-06-10;-6.0;-81.32
7E47F7893131FE1191EE106505006BB9;B0BDDED34CC83E11052F6792C000B249;2025-06-10;-2.0;-409.34
BA1330024DADEE1191EE1065050029B9;B0BDDED34CC83E11052F6792C000B249;2025-06-10;-2.0;-21.02
7FEE70D0A4ABEE1191EE1065050029B9;B0BDDED34CC83E11052F6792C000B249;2025-06-10;-2.0;-235.72
3BB997867E089E11554010650500D24B;B0BDDED34CC83E11052F6792C000B249;2025-06-10;-6.0;-3312.0
2A79254529DDCE11ADB31065050097B8;B0BDDED34CC83E11052F6792C000B249;2025-06-10;-4.0;-600.0
71D8EA98F0CAED11A62CD892C0003F2A;B0BDDED34CC83E11052F6792C000B249;2025-06-10;-6.0;-475.56
E8605376AF6DFE11F1557891FE690489;B0BDDED34CC83E11052F6792C000B249;2025-06-10;-2.0;-151.58
A5C5195257363E11052F6792C000FF39;B0BDDED34CC83E11052F6792C000B249;2025-06-10;-6.0;-365.28
C000819A08FCFD11A4A96492C000CB59;B0BDDED34CC83E11052F6792C000B249;2025-06-10;-2.0;-255.34
69F43F2EAB112E1143F0668E4200C71A;B0BDDED34CC83E11052F6792C000B249;2025-06-10;-2.0;-674.14
318B9260A019FE11128010650500E819;B0BDDED34CC83E11052F6792C000B249;2025-06-10;-2.0;-1397.58
BE6FB9B5BB363E11052F6792C000FF39;B0BDDED34CC83E11052F6792C000B249;2025-06-10;-4.0;-216.32
AA2C800C02B0EE11406610650500CA4A;B0BDDED34CC83E11052F6792C000B249;2025-06-10;-2.0;-37.04
AE2FF38963DE4E1142D58A650500BC08;B0BDDED34CC83E11052F6792C000B249;2025-06-10;-6.0;-208.42000000000002
304AC696D270DE11ADB3106505003BB8;B0BDDED34CC83E11052F6792C000B249;2025-06-10;-2.0;-313.6
A5B6E1263597FE1191EE10650500C3C9;B0BDDED34CC83E11052F6792C000B249;2025-06-10;-4.0;-1165.1
0ED8CA5501CAED11A62CD892C0003F2A;B0BDDED34CC83E11052F6792C000B249;2025-06-10;-2.0;-198.0
DA695AEB01B72E11052F6792C0007F39;B0BDDED34CC83E11052F6792C000B249;2025-06-10;-2.0;-120.4
70CAE6115F00EE11406610650500F94A;B0BDDED34CC83E11052F6792C000B249;2025-06-10;-2.0;-231.1
D3EA427F81CAED11A62CD892C0003F2A;B0BDDED34CC83E11052F6792C000B249;2025-06-10;-2.0;-100.0
347D7E8CF0CAED11A62CD892C0003F2A;B0BDDED34CC83E11052F6792C000B249;2025-06-10;-2.0;-509.84
4B3FF1D710BEDE11406610650500384A;B0BDDED34CC83E11052F6792C000B249;2025-06-10;-4.0;-120.28
DB9C305862065E1142D58A650500DC08;B0BDDED34CC83E11052F6792C000B249;2025-06-10;-6.0;-443.04
E9EBF3F79560EE114066106505006A4A;B0BDDED34CC83E11052F6792C000B249;2025-06-10;-2.0;-986.76
94E8007791D5AE11BE2110650500684A;B0BDDED34CC83E11052F6792C000B249;2025-06-10;-2.0;-635.98
69673713250BFE11128010650500E819;B0BDDED34CC83E11052F6792C000B249;2025-06-10;-4.0;-310.68
7004A787624FBE11877210650500B069;B0BDDED34CC83E11052F6792C000B249;2025-06-10;-4.0;-1275.64
2BFD49D87983FD110DC22A92C000C499;B0BDDED34CC83E11052F6792C000B249;2025-06-10;-2.0;-440.0
A39CD36DAFD9DE11406610650500C14A;B0BDDED34CC83E11052F6792C000B249;2025-06-10;-2.0;-258.2
B78AB989268EFE11F1557891FE696589;B0BDDED34CC83E11052F6792C000B249;2025-06-10;-2.0;-194.0
FB157C99164CCE11ADB31065050075B8;B0BDDED34CC83E11052F6792C000B249;2025-06-10;-2.0;-113.4
D4A4FCE301CAED11A62CD892C0003F2A;B0BDDED34CC83E11052F6792C000B249;2025-06-10;-2.0;-131.02
EF574BC5F3940E11A4A96492C000067B;B0BDDED34CC83E11052F6792C000B249;2025-06-10;-2.0;-374.96
B89351EB12B0EE11406610650500CA4A;B0BDDED34CC83E11052F6792C000B249;2025-06-10;-2.0;-93.66
1ECE8753F0CAED11A62CD892C0003F2A;B0BDDED34CC83E11052F6792C000B249;2025-06-10;-2.0;-375.42
F266BE7EF77EFE11F1557891FE695589;B0BDDED34CC83E11052F6792C000B249;2025-06-10;-2.0;-82.22
CD42A93BC7E10F114EF7A826072BE989;B0BDDED34CC83E11052F6792C000B249;2025-06-10;-2.0;-271.3
0B5C3710943CBE11877210650500DC59;B0BDDED34CC83E11052F6792C000B249;2025-06-10;-2.0;-602.14
1CDA137A9DFDCE11ADB310650500C7B8;B0BDDED34CC83E11052F6792C000B249;2025-06-10;-6.0;-734.4000000000001
D59AE99EF0446E11B7B78A650500BC08;B0BDDED34CC83E11052F6792C000B249;2025-06-10;-2.0;-858.02
BB0FA3470C7DFE1158A3BB3DBE8E1489;B0BDDED34CC83E11052F6792C000B249;2025-06-10;-2.0;-40.98
E45D4DF947E4DE11ADB31065050031C8;B0BDDED34CC83E11052F6792C000B249;2025-06-10;-2.0;-242.0
C999396DD0F6EE1191EE1065050096B9;B0BDDED34CC83E11052F6792C000B249;2025-06-10;-4.0;-800.0
3DF87C92AD459E115540106505005F3B;B0BDDED34CC83E11052F6792C000B249;2025-06-10;-2.0;-329.4
EE102B47F0638E111E1BBB650500BBAA;B0BDDED34CC83E11052F6792C000B249;2025-06-10;-2.0;-79.66
D74735B41055DE11ADB310650500B1C8;B0BDDED34CC83E11052F6792C000B249;2025-06-10;-2.0;-172.0
1E0EC5DFFB8C2E11052F6792C000CF39;B0BDDED34CC83E11052F6792C000B249;2025-06-10;-2.0;-370.14
A95D86B30C7DFE1158A3BB3DBE8E1489;B0BDDED34CC83E11052F6792C000B249;2025-06-10;-2.0;-294.4
52FF8E37D4F5FE1191EE10650500A1C9;B0BDDED34CC83E11052F6792C000B249;2025-06-10;-2.0;-154.52
64D59BED98F07E11B7B78A650500CD08;B0BDDED34CC83E11052F6792C000B249;2025-06-10;-30.0;-693.9
E0A70CE3F1429E115540106505005B3B;B0BDDED34CC83E11052F6792C000B249;2025-06-10;-2.0;-24.58
2A99396DD0F6EE1191EE1065050096B9;B0BDDED34CC83E11052F6792C000B249;2025-06-10;-4.0;-800.0
4312B76A049CDE11406610650500654A;B0BDDED34CC83E11052F6792C000B249;2025-06-10;-2.0;-448.88
AC3CB84DD421FE1191EE106505005BB9;B0BDDED34CC83E11052F6792C000B249;2025-06-10;-2.0;-365.38
375C2CC80C3BBE118772106505009B59;B0BDDED34CC83E11052F6792C000B249;2025-06-10;-2.0;-34.54
5D315AAD9222AE11726010650500805A;B0BDDED34CC83E11052F6792C000B249;2025-06-10;-2.0;-226.96
C32145D7EF6AFE11128010650500E819;B0BDDED34CC83E11052F6792C000B249;2025-06-10;-2.0;-440.0
B25BC1E1D0CAED11A62CD892C0003F2A;B0BDDED34CC83E11052F6792C000B249;2025-06-10;-2.0;-699.76
B6A9116E2D839E11554010650500FC3B;B0BDDED34CC83E11052F6792C000B249;2025-06-10;-2.0;-524.26
C35BF3BE3C456E11B7B78A650500BC08;44673735EAF46E11B7B78A650500BC08;2025-06-10;2.0;214.2
988F98AF677ADE11406610650500824A;B0BDDED34CC83E11052F6792C000B249;2025-06-10;14.0;5013.400000000001
02E3AB188402EE114066106505008C4A;B0BDDED34CC83E11052F6792C000B249;2025-06-10;12.0;2358.72
41321E312D08DE11C84610650500707A;B0BDDED34CC83E11052F6792C000B249;2025-06-10;6.0;2520.0
784399AC9E456E11B7B78A650500BC08;B0BDDED34CC83E11052F6792C000B249;2025-06-10;40.0;1052.0
A3CD4FC2860C4E1142D58A650500BC08;B0BDDED34CC83E11052F6792C000B249;2025-06-10;24.0;2227.2
5B173FAD7A8BDE11406610650500044A;44673735EAF46E11B7B78A650500BC08;2025-06-10;0.0;0.0
F9956F1BCED4DE11ADB31065050021C8;44673735EAF46E11B7B78A650500BC08;2025-06-10;0.0;0.0
9D1F77F1EC67EE1191EE1065050017B9;B0BDDED34CC83E11052F6792C000B249;2025-06-10;6.0;598.26
6CD241B30684DE11ADB310650500B0C8;FC081C55582CED11A62CD892C0003F2A;2025-06-10;4.0;586.4
684DDD9A2AB00F11F1557891FE693889;FC081C55582CED11A62CD892C0003F2A;2025-06-10;8.0;772.26
DA5FCBC5F425FD110DC22A92C0009D7B;FC081C55582CED11A62CD892C0003F2A;2025-06-10;6.0;1351.14
6918D8A129205E1142D58A650500BC08;FC081C55582CED11A62CD892C0003F2A;2025-06-10;12.0;4865.28
023BC67DFD92FE1191EE106505003DB9;FC081C55582CED11A62CD892C0003F2A;2025-06-10;4.0;863.12
3B670700E0CAED11A62CD892C0003F2A;FC081C55582CED11A62CD892C0003F2A;2025-06-10;10.0;948.04
CBD9B58A69EF0E1143F0668E42007A39;FC081C55582CED11A62CD892C0003F2A;2025-06-10;6.0;923.36
F6F107EA01CAED11A62CD892C0003F2A;FC081C55582CED11A62CD892C0003F2A;2025-06-10;16.0;2652.0
7F96B7DB01CAED11A62CD892C0003F2A;FC081C55582CED11A62CD892C0003F2A;2025-06-10;36.0;4042.06
85757CEB9DE8FD11A4A96492C000AA89;FC081C55582CED11A62CD892C0003F2A;2025-06-10;8.0;6831.94
11B5C4C1166E9E11726010650500CB4A;44673735EAF46E11B7B78A650500BC08;2025-06-10;0.0;0.0
72646814576ADE11406610650500724A;44673735EAF46E11B7B78A650500BC08;2025-06-10;0.0;0.0
9EA23C34CC22AE11726010650500905A;44673735EAF46E11B7B78A650500BC08;2025-06-10;0.0;0.0
F5EE245014D9DE11406610650500B14A;44673735EAF46E11B7B78A650500BC08;2025-06-10;0.0;0.0
45F5605DD0CAED11A62CD892C0003F2A;FC081C55582CED11A62CD892C0003F2A;2025-06-10;8.0;4612.24
FC0B74D7D0CAED11A62CD892C0003F2A;FC081C55582CED11A62CD892C0003F2A;2025-06-10;20.0;2813.2
781A0CC4F0CAED11A62CD892C0003F2A;FC081C55582CED11A62CD892C0003F2A;2025-06-10;12.0;5016.12
0DD9B58A69EF0E1143F0668E42007A39;FC081C55582CED11A62CD892C0003F2A;2025-06-10;14.0;3458.14
1F96B7DB01CAED11A62CD892C0003F2A;FC081C55582CED11A62CD892C0003F2A;2025-06-10;4.0;1099.0
0AB5CF667859FE11128010650500E819;B0BDDED34CC83E11052F6792C000B249;2025-06-10;24.0;3048.0
461B4958E770BE11BE2110650500F55A;44673735EAF46E11B7B78A650500BC08;2025-06-10;38.0;333.06
67328AB28754EE11B1AD10650500C7EA;FC081C55582CED11A62CD892C0003F2A;2025-06-10;100.0;2376.0
DF45255DE736FE1191EE10650500F1C9;44673735EAF46E11B7B78A650500BC08;2025-06-10;32.0;8869.64
55438B674C456E11B7B78A650500BC08;44673735EAF46E11B7B78A650500BC08;2025-06-10;40.0;5961.22
D7C896D48C456E11B7B78A650500BC08;44673735EAF46E11B7B78A650500BC08;2025-06-10;120.0;42144.7
610B56AD0D456E11B7B78A650500BC08;44673735EAF46E11B7B78A650500BC08;2025-06-10;40.0;4321.719999999999
1F7BC7EFA70ECE11ADB310650500D7B8;FC081C55582CED11A62CD892C0003F2A;2025-06-10;40.0;4372.8
A29C76A400CAED11A62CD892C0003F2A;FC081C55582CED11A62CD892C0003F2A;2025-06-10;2.0;289.52
FF7D67D4B07AFE11128010650500E819;FC081C55582CED11A62CD892C0003F2A;2025-06-10;2.0;2073.24
2DEF07AA68B9CE11ADB310650500F1B8;FC081C55582CED11A62CD892C0003F2A;2025-06-10;16.0;3611.68
C9A62E83A6EF8E11F243BB650500384B;FC081C55582CED11A62CD892C0003F2A;2025-06-10;6.0;634.08
4407A9D094520F114EF7A826072B7A89;B0BDDED34CC83E11052F6792C000B249;2025-06-10;2.0;1380.18
966477F094520F114EF7A826072B7A89;B0BDDED34CC83E11052F6792C000B249;2025-06-10;4.0;3057.6
5ED477F094520F114EF7A826072B7A89;B0BDDED34CC83E11052F6792C000B249;2025-06-10;2.0;1528.8
953CECC63F12AE11726010650500805A;44673735EAF46E11B7B78A650500BC08;2025-06-10;0.0;-1.1368683772161603e-13
3B5E021100E7EE1191EE10650500A7B9;FC081C55582CED11A62CD892C0003F2A;2025-06-10;40.0;214.72
163F11B200E7EE1191EE10650500A7B9;FC081C55582CED11A62CD892C0003F2A;2025-06-10;80.0;522.7
0106CC3200E7EE1191EE10650500A7B9;44673735EAF46E11B7B78A650500BC08;2025-06-10;80.0;315.12
1FFEB44CFFC7EE1191EE1065050097B9;44673735EAF46E11B7B78A650500BC08;2025-06-10;24.0;2776.8
D653C6DFF0993E11052F6792C000D249;44673735EAF46E11B7B78A650500BC08;2025-06-10;20.0;5370.0
8178993557F68E11F243BB6505004C3B;B0BDDED34CC83E11052F6792C000B249;2025-06-10;0.0;0.0
E28C1F0E1308EE1191EE10650500D7B9;44673735EAF46E11B7B78A650500BC08;2025-06-10;20.0;1441.08
BA30FC43DC456E11B7B78A650500BC08;44673735EAF46E11B7B78A650500BC08;2025-06-10;28.0;8332.26
19A6C7D9BC08DE11C84610650500707A;44673735EAF46E11B7B78A650500BC08;2025-06-10;20.0;4257.4
E4D7718565E0EE114066106505000B4A;B0BDDED34CC83E11052F6792C000B249;2025-06-10;0.0;0.0
1DE139E2BB23FE1191EE10650500FDB9;B0BDDED34CC83E11052F6792C000B249;2025-06-10;0.0;0.0
9B354D1B3A278E11F243BB6505008C3B;B0BDDED34CC83E11052F6792C000B249;2025-06-10;0.0;0.0
4FE941A11EAFFE11F1557891FE69E689;B0BDDED34CC83E11052F6792C000B249;2025-06-10;-2.0;-38.96
C1F0D6C510CAED11A62CD892C0003F2A;B0BDDED34CC83E11052F6792C000B249;2025-06-10;0.0;0.0
9EAFD42E358EBE11877210650500CF59;44673735EAF46E11B7B78A650500BC08;2025-06-10;-10.0;-6017.9400000000005
39880D13E0DCDE11406610650500B54A;44673735EAF46E11B7B78A650500BC08;2025-06-10;-100.0;-16900.0
CE6437643E4DDE11406610650500564A;44673735EAF46E11B7B78A650500BC08;2025-06-10;6.0;2996.9
0078C4F478C1FE1191EE106505002CB9;44673735EAF46E11B7B78A650500BC08;2025-06-10;0.0;0.0
63D0BFDBA60C4E1142D58A650500BC08;44673735EAF46E11B7B78A650500BC08;2025-06-10;-8.0;-1038.4
6DE880B9E61E4E1142D58A650500BC08;44673735EAF46E11B7B78A650500BC08;2025-06-10;24.0;4005.6
83A2BE66F5385E1142D58A650500DC08;44673735EAF46E11B7B78A650500BC08;2025-06-10;12.0;2002.8
40010CA07752CE11877210650500A469;44673735EAF46E11B7B78A650500BC08;2025-06-10;22.0;6479.0
63153CA4F5B9CE11ADB310650500F1B8;44673735EAF46E11B7B78A650500BC08;2025-06-10;18.0;6303.6
6829CD8A7732DE11ADB310650500ADB8;FC081C55582CED11A62CD892C0003F2A;2025-06-10;0.0;0.0
16A07996CB70DE11ADB3106505004BB8;44673735EAF46E11B7B78A650500BC08;2025-06-10;0.0;2.2737367544323206e-13
4A7B4F96A1130F114EF7A826072B6B89;FC081C55582CED11A62CD892C0003F2A;2025-06-10;0.0;0.0
0D64D15CB0FFFE11F1557891FE693789;FC081C55582CED11A62CD892C0003F2A;2025-06-10;0.0;0.0
CF6CCCECA96EAE11BE2110650500535A;FC081C55582CED11A62CD892C0003F2A;2025-06-10;0.0;0.0
766AFF5DEBA4EE11B1AD1065050038EA;FC081C55582CED11A62CD892C0003F2A;2025-06-10;0.0;0.0
BAF65DB77F0FCE11ADB31065050029B8;FC081C55582CED11A62CD892C0003F2A;2025-06-10;0.0;0.0
377E683E40A20F114EF7A826072BDA89;FC081C55582CED11A62CD892C0003F2A;2025-06-10;0.0;0.0
AC7AB32E40A20F114EF7A826072BDA89;FC081C55582CED11A62CD892C0003F2A;2025-06-10;0.0;0.0
2FCB0BFAE147CE11ADB310650500CEA8;FC081C55582CED11A62CD892C0003F2A;2025-06-10;0.0;0.0
A45677766B8EDE11406610650500084A;44673735EAF46E11B7B78A650500BC08;2025-06-10;12.0;22572.0
DF977ED0C98C9E11726010650500594A;44673735EAF46E11B7B78A650500BC08;2025-06-10;28.0;4095.0
E927DB9F4D456E11B7B78A650500BC08;44673735EAF46E11B7B78A650500BC08;2025-06-10;20.0;1571.6
317948383D456E11B7B78A650500BC08;44673735EAF46E11B7B78A650500BC08;2025-06-10;20.0;1349.76
8B0DF4BB3D456E11B7B78A650500BC08;44673735EAF46E11B7B78A650500BC08;2025-06-10;18.0;978.86
A7218C1035B4DE11ADB310650500F0C8;44673735EAF46E11B7B78A650500BC08;2025-06-10;22.0;2083.4
D817D2BB028ADE11406610650500924A;44673735EAF46E11B7B78A650500BC08;2025-06-10;0.0;3.637978807091713e-12
B142E711F61ECE11ADB310650500E7B8;44673735EAF46E11B7B78A650500BC08;2025-06-10;0.0;-4.547473508864641e-13
BD36355CB61ECE11ADB310650500E7B8;44673735EAF46E11B7B78A650500BC08;2025-06-10;0.0;-4.547473508864641e-13
877F923578C1FE1191EE106505002CB9;44673735EAF46E11B7B78A650500BC08;2025-06-10;0.0;0.0
E022348640C0EE11406610650500DA4A;FC081C55582CED11A62CD892C0003F2A;2025-06-10;0.0;0.0
ED1474CAE287CE11ADB3106505001FA8;B0BDDED34CC83E11052F6792C000B249;2025-06-10;8.0;1068.08
3CE3B6169E338E117E64BB6505007BAA;B0BDDED34CC83E11052F6792C000B249;2025-06-10;4.0;1120.0
7C32A1754C456E11B7B78A650500BC08;44673735EAF46E11B7B78A650500BC08;2025-06-10;-36.0;-1505.04
A056CF6B811FCE11ADB31065050029B8;44673735EAF46E11B7B78A650500BC08;2025-06-10;12.0;4218.34
A0C1B01B55B4DE11ADB310650500F0C8;FC081C55582CED11A62CD892C0003F2A;2025-06-10;46.0;1914.52
048B9C3BBF354E1142D58A6505002C08;FC081C55582CED11A62CD892C0003F2A;2025-06-10;24.0;1441.44
0C1FEA0135B4DE11ADB310650500F0C8;FC081C55582CED11A62CD892C0003F2A;2025-06-10;24.0;2272.8
C15FC812365FFE11F1557891FE697689;FC081C55582CED11A62CD892C0003F2A;2025-06-10;22.0;1574.3200000000002
8CD58392A1567E11B7B78A650500ED08;44673735EAF46E11B7B78A650500BC08;2025-06-10;-2.0;-100.78
44B21A7AA2C2EE11B1AD10650500C5EA;B0BDDED34CC83E11052F6792C000B249;2025-06-10;0.0;0.0
D713519E6EDCDE11406610650500C54A;B0BDDED34CC83E11052F6792C000B249;2025-06-10;0.0;0.0
5490F1D2B6AEEE1191EE1065050029B9;B0BDDED34CC83E11052F6792C000B249;2025-06-10;0.0;0.0
A15F64F47A93FE1191EE106505009EB9;B0BDDED34CC83E11052F6792C000B249;2025-06-10;0.0;0.0
C949DA65E5A0EE11406610650500BA4A;B0BDDED34CC83E11052F6792C000B249;2025-06-10;0.0;0.0
DFD9790A8616CE11ADB3106505007DA8;B0BDDED34CC83E11052F6792C000B249;2025-06-10;0.0;0.0
A6450420E64BCE11ADB31065050014B8;B0BDDED34CC83E11052F6792C000B249;2025-06-10;0.0;0.0
554190FFB79FFE11F1557891FE69C689;B0BDDED34CC83E11052F6792C000B249;2025-06-10;0.0;0.0
80C1AF5FDF0EEE1191EE1065050029B9;B0BDDED34CC83E11052F6792C000B249;2025-06-10;0.0;0.0
29F8673035FE5E1142D58A6505006D08;B0BDDED34CC83E11052F6792C000B249;2025-06-10;0.0;0.0
73759C798EAD7E110819BB65050039AA;B0BDDED34CC83E11052F6792C000B249;2025-06-10;0.0;0.0
3CDC9CBB6F25FE1191EE10650500A0C9;B0BDDED34CC83E11052F6792C000B249;2025-06-10;-2.0;-244.02
0ACE2FF5BA510F11112A674AC7E22989;B0BDDED34CC83E11052F6792C000B249;2025-06-10;-2.0;-118.60000000000002
14F71DA9E9DEEE1191EE1065050029B9;B0BDDED34CC83E11052F6792C000B249;2025-06-10;0.0;0.0
1F18EBD3E9A6BE11877210650500C559;B0BDDED34CC83E11052F6792C000B249;2025-06-10;0.0;0.0
022A1AE958F1EE114066106505007C4A;B0BDDED34CC83E11052F6792C000B249;2025-06-10;0.0;0.0
25B82CB8D94D2E11052F6792C000CF39;B0BDDED34CC83E11052F6792C000B249;2025-06-10;0.0;0.0
5204A7D674DDFE11F1557891FE698489;B0BDDED34CC83E11052F6792C000B249;2025-06-10;0.0;0.0
5663DFE355D6EE1191EE1065050096B9;FC081C55582CED11A62CD892C0003F2A;2025-06-10;0.0;0.0
788A0922FEC18E113835BB650500B9AA;B0BDDED34CC83E11052F6792C000B249;2025-06-10;36.0;842.0
3E84A3FAEB456E11B7B78A650500BC08;44673735EAF46E11B7B78A650500BC08;2025-06-10;10.0;2126.8
9E8BC8692642FE1191EE10650500CCB9;FC081C55582CED11A62CD892C0003F2A;2025-06-10;12.0;23100.56
E2B43FD5A0CAED11A62CD892C0003F2A;FC081C55582CED11A62CD892C0003F2A;2025-06-10;16.0;2128.0
14346E8FA1256E11B7B78A650500BC08;FC081C55582CED11A62CD892C0003F2A;2025-06-10;40.0;4540.88
8968D6DE34D67E11B7B78A650500ED08;FC081C55582CED11A62CD892C0003F2A;2025-06-10;20.0;802.34
B790516A93C1CE11877210650500E369;FC081C55582CED11A62CD892C0003F2A;2025-06-10;18.0;368.64000000000004
161D08B90656DE11ADB31065050003C8;FC081C55582CED11A62CD892C0003F2A;2025-06-10;0.0;0.0
83B7C51D222DFE11F1557891FE69A389;FC081C55582CED11A62CD892C0003F2A;2025-06-10;30.0;1707.22
F50A19DB4DB99E115250106505008A4A;44673735EAF46E11B7B78A650500BC08;2025-06-10;4.0;3952.0
6BDAA0425C930F114EF7A826072B1C89;FC081C55582CED11A62CD892C0003F2A;2025-06-10;48.0;3839.04
488BA0425C930F114EF7A826072B1C89;FC081C55582CED11A62CD892C0003F2A;2025-06-10;48.0;3839.04
E1CBA0425C930F114EF7A826072B1C89;FC081C55582CED11A62CD892C0003F2A;2025-06-10;48.0;3839.04
DA4D455DE0CAED11A62CD892C0003F2A;44673735EAF46E11B7B78A650500BC08;2025-06-10;12.0;10249.2
488BA0425C930F114EF7A826072B1C89;B0BDDED34CC83E11052F6792C000B249;2025-06-10;48.0;3839.04
2F71B94F36E29E115540106505002C3B;FC081C55582CED11A62CD892C0003F2A;2025-06-10;20.0;9607.92
556D8486AF6DFE11F1557891FE690489;FC081C55582CED11A62CD892C0003F2A;2025-06-10;10.0;1140.0
A7B469326EA20F114EF7A826072BEA89;FC081C55582CED11A62CD892C0003F2A;2025-06-10;4.0;838.8
A51669326EA20F114EF7A826072BEA89;FC081C55582CED11A62CD892C0003F2A;2025-06-10;4.0;838.8
D3FE335EEB6DFE11F1557891FE690489;FC081C55582CED11A62CD892C0003F2A;2025-06-10;4.0;1039.6
CF78AC04A537BE118772106505007659;FC081C55582CED11A62CD892C0003F2A;2025-06-10;4.0;759.64
EE215376AF6DFE11F1557891FE690489;FC081C55582CED11A62CD892C0003F2A;2025-06-10;10.0;817.0
D605F68F5F5CCE11ADB31065050095B8;FC081C55582CED11A62CD892C0003F2A;2025-06-10;-2.0;-246.7
6396BB8EEB0AFE11128010650500E819;FC081C55582CED11A62CD892C0003F2A;2025-06-10;30.0;1400.4
EA3F4A2031D1DE11ADB3106505002DB8;FC081C55582CED11A62CD892C0003F2A;2025-06-10;2.0;183.5
33993B4824789E11525010650500D84A;FC081C55582CED11A62CD892C0003F2A;2025-06-10;64.0;1207.04
63CF56792642FE1191EE10650500CCB9;FC081C55582CED11A62CD892C0003F2A;2025-06-10;-14.0;-7951.84
ACAF3F1934CFFD11A4A96492C0001019;FC081C55582CED11A62CD892C0003F2A;2025-06-10;-6.0;-268.58
CF76BE47BFCCDE11406610650500B54A;44673735EAF46E11B7B78A650500BC08;2025-06-10;0.0;0.0
87C9FB600BC47E11B7B78A650500ED08;B0BDDED34CC83E11052F6792C000B249;2025-06-10;0.0;0.0
071C028040CAED11A62CD892C0003F2A;44673735EAF46E11B7B78A650500BC08;2025-06-10;0.0;0.0
83CF9F1F2E456E11B7B78A650500BC08;44673735EAF46E11B7B78A650500BC08;2025-06-10;10.0;18729.68
BA2DD6CE722B7E110819BB65050039AA;44673735EAF46E11B7B78A650500BC08;2025-06-10;6.0;872.94
39FA0E49AC456E11B7B78A650500BC08;44673735EAF46E11B7B78A650500BC08;2025-06-10;0.0;258.9800000000001
0BC8A8B66AD7CE11ADB3106505008FA8;44673735EAF46E11B7B78A650500BC08;2025-06-10;6.0;24687.120000000003
A58813C66AD7CE11ADB3106505008FA8;44673735EAF46E11B7B78A650500BC08;2025-06-10;4.0;28710.0
7449CCC0859F6E11B7B78A650500CD08;44673735EAF46E11B7B78A650500BC08;2025-06-10;4.0;2303.62
960B56101765DE11ADB310650500D1C8;FC081C55582CED11A62CD892C0003F2A;2025-06-10;18.0;2309.76
FC432FF461A6DE11ADB31065050063C8;FC081C55582CED11A62CD892C0003F2A;2025-06-10;12.0;6046.52
7137432D78D1BE11BE2110650500B75A;FC081C55582CED11A62CD892C0003F2A;2025-06-10;4.0;11110.84
7BDB2D841F456E11B7B78A650500BC08;44673735EAF46E11B7B78A650500BC08;2025-06-10;-2.0;-51.34
71ACEF9C7E456E11B7B78A650500BC08;44673735EAF46E11B7B78A650500BC08;2025-06-10;-4.0;-305.64
3854AB3DD6568E11F243BB6505007B3B;44673735EAF46E11B7B78A650500BC08;2025-06-10;-6.0;-333.06
AC4CDD55AC456E11B7B78A650500BC08;44673735EAF46E11B7B78A650500BC08;2025-06-10;-2.0;-657.86
01CD01C39C456E11B7B78A650500BC08;44673735EAF46E11B7B78A650500BC08;2025-06-10;-2.0;-795.64
1445CD5B08B4EE11B1AD1065050048EA;44673735EAF46E11B7B78A650500BC08;2025-06-10;-2.0;-555.12
A04D7062196BEE1191EE1065050029B9;44673735EAF46E11B7B78A650500BC08;2025-06-10;-2.0;-71.1
834A7A192CBE9E117260106505003C4A;44673735EAF46E11B7B78A650500BC08;2025-06-10;-4.0;-948.02
A62352B9AC456E11B7B78A650500BC08;44673735EAF46E11B7B78A650500BC08;2025-06-10;-6.0;-445.94
34E3D2A417B49E115540106505008E3B;44673735EAF46E11B7B78A650500BC08;2025-06-10;-4.0;-1425.96
DE340411FDCDDE11406610650500F64A;44673735EAF46E11B7B78A650500BC08;2025-06-10;-4.0;-361.6
9AE8002B3C456E11B7B78A650500BC08;44673735EAF46E11B7B78A650500BC08;2025-06-10;-8.0;-1690.84
0E04E7F6E0F0DE11ADB310650500EBB8;44673735EAF46E11B7B78A650500BC08;2025-06-10;-6.0;-3527.1400000000003
93B65EB0E6568E11F243BB6505007B3B;44673735EAF46E11B7B78A650500BC08;2025-06-10;-2.0;-124.52
831D676636EEAE11BE2110650500F35A;44673735EAF46E11B7B78A650500BC08;2025-06-10;-6.0;-505.32
2EA978A88ABAAE11BE2110650500AE4A;44673735EAF46E11B7B78A650500BC08;2025-06-10;-2.0;-630.0
54A5C96A667F8E11F243BB650500A74B;44673735EAF46E11B7B78A650500BC08;2025-06-10;-2.0;-38.68
ACA055EDC304CE11877210650500C669;44673735EAF46E11B7B78A650500BC08;2025-06-10;-2.0;-585.92
870B528798A05E1142D58A650500BC08;44673735EAF46E11B7B78A650500BC08;2025-06-10;-4.0;-1392.0
A8EA8EAF7C456E11B7B78A650500BC08;44673735EAF46E11B7B78A650500BC08;2025-06-10;-4.0;-1133.0
4F28738B09378E11F243BB6505009C3B;44673735EAF46E11B7B78A650500BC08;2025-06-10;-4.0;-141.48
7C04DDD38754EE11B1AD10650500C7EA;44673735EAF46E11B7B78A650500BC08;2025-06-10;-2.0;-66.88
EA8A21414653CE11877210650500E569;44673735EAF46E11B7B78A650500BC08;2025-06-10;-2.0;-1160.0
4C7BA3AAF655BE11BE21106505002C5A;44673735EAF46E11B7B78A650500BC08;2025-06-10;-2.0;-737.14
BC4BA70BC31DAE11BE2110650500A15A;44673735EAF46E11B7B78A650500BC08;2025-06-10;-2.0;-429.46
3E5970882DC97E110819BB65050019AA;44673735EAF46E11B7B78A650500BC08;2025-06-10;-6.0;-423.36
1CB1F6F322A5BE11BE21106505008C5A;44673735EAF46E11B7B78A650500BC08;2025-06-10;-2.0;-206.14
C3F5E415AA79DE11406610650500414A;44673735EAF46E11B7B78A650500BC08;2025-06-10;-8.0;-1608.0
E7E775736E24DE11ADB31065050040C8;44673735EAF46E11B7B78A650500BC08;2025-06-10;-2.0;-140.26
C65BA70FEB21DE11ADB3106505005CB8;44673735EAF46E11B7B78A650500BC08;2025-06-10;-2.0;-1140.0
E11FF008238FCE11ADB310650500D9B8;44673735EAF46E11B7B78A650500BC08;2025-06-10;-2.0;-292.44
08763C2280A49E115540106505006E3B;44673735EAF46E11B7B78A650500BC08;2025-06-10;-2.0;-206.84
7EE70492F45AAE11BE21106505002E4A;44673735EAF46E11B7B78A650500BC08;2025-06-10;-4.0;-1536.02
42186D999C456E11B7B78A650500BC08;44673735EAF46E11B7B78A650500BC08;2025-06-10;-28.0;-406.68
79B2EB789C456E11B7B78A650500BC08;44673735EAF46E11B7B78A650500BC08;2025-06-10;-4.0;-157.56
D4852C344D907E11B7B78A650500CD08;44673735EAF46E11B7B78A650500BC08;2025-06-10;-4.0;-596.0
322E4301BA6BFE111280106505000919;44673735EAF46E11B7B78A650500BC08;2025-06-10;-2.0;-1900.0
2060F72BED096E11B7B78A650500BC08;44673735EAF46E11B7B78A650500BC08;2025-06-10;-10.0;-692.7
B1122323BCBCAE11BE2110650500315A;44673735EAF46E11B7B78A650500BC08;2025-06-10;-10.0;-1691.5
5F3C03016F456E11B7B78A650500BC08;44673735EAF46E11B7B78A650500BC08;2025-06-10;-2.0;-519.78
ADCF1029C7420F114EF7A826072B6A89;44673735EAF46E11B7B78A650500BC08;2025-06-10;-2.0;-367.36
502E92FF6EEAAE11BE2110650500EE4A;44673735EAF46E11B7B78A650500BC08;2025-06-10;-66.0;-609.18
97AE8CE70888BE118772106505002859;44673735EAF46E11B7B78A650500BC08;2025-06-10;-4.0;-2832.2
140F68F0B5EF6E11B7B78A650500CD08;44673735EAF46E11B7B78A650500BC08;2025-06-10;-6.0;-525.0
EF3D8845DB020F114EF7A826072B1A89;44673735EAF46E11B7B78A650500BC08;2025-06-10;-6.0;-336.0
625D050FC688CE11ADB31065050070B8;44673735EAF46E11B7B78A650500BC08;2025-06-10;-2.0;-58.6
DF6A56559C456E11B7B78A650500BC08;44673735EAF46E11B7B78A650500BC08;2025-06-10;-14.0;-1952.58
4C384147C541DE11ADB3106505007CB8;44673735EAF46E11B7B78A650500BC08;2025-06-10;-4.0;-627.2
EF57F9006032BE11BE2110650500285A;44673735EAF46E11B7B78A650500BC08;2025-06-10;-4.0;-652.0
3DEE248187A7CE11ADB3106505004FA8;44673735EAF46E11B7B78A650500BC08;2025-06-10;-2.0;-48.16
7CF74A7B0321DE11ADB3106505003CB8;44673735EAF46E11B7B78A650500BC08;2025-06-10;-18.0;-594.0
C3F1950C86730F1158A3BB3DBE8EEB89;44673735EAF46E11B7B78A650500BC08;2025-06-10;-2.0;-210.0
4726518B3C456E11B7B78A650500BC08;44673735EAF46E11B7B78A650500BC08;2025-06-10;-2.0;-700.66
96D902A3047C6E11B7B78A650500BC08;44673735EAF46E11B7B78A650500BC08;2025-06-10;-2.0;-1500.0
9DAD8984ABE1EE114066106505006C4A;44673735EAF46E11B7B78A650500BC08;2025-06-10;-2.0;-210.0
BDA4BA3ED4BBEE1191EE1065050029B9;44673735EAF46E11B7B78A650500BC08;2025-06-10;-2.0;-260.0
0B1B98467A189E11554010650500E24B;44673735EAF46E11B7B78A650500BC08;2025-06-10;-6.0;-249.36
89940A341B6BAE11BE21106505008F4A;44673735EAF46E11B7B78A650500BC08;2025-06-10;-2.0;-363.6
3AE8B69694310F11112A674AC7E2F889;44673735EAF46E11B7B78A650500BC08;2025-06-10;-4.0;-396.0
64E49E6ACD456E11B7B78A650500BC08;44673735EAF46E11B7B78A650500BC08;2025-06-10;-2.0;-1944.0
C6E9464D72C97E110819BB65050019AA;44673735EAF46E11B7B78A650500BC08;2025-06-10;-4.0;-627.96
C1080816CD456E11B7B78A650500BC08;44673735EAF46E11B7B78A650500BC08;2025-06-10;-2.0;-110.0
3D3259281EEDBE118772106505000F59;44673735EAF46E11B7B78A650500BC08;2025-06-10;-20.0;-1513.48
B953936998420F114EF7A826072B6A89;44673735EAF46E11B7B78A650500BC08;2025-06-10;-8.0;-3028.96
A06F39BC390FEE1191EE1065050029B9;44673735EAF46E11B7B78A650500BC08;2025-06-10;-24.0;-133.16
F1928F07268C7E110819BB65050039AA;44673735EAF46E11B7B78A650500BC08;2025-06-10;-12.0;-647.88
64D59BED98F07E11B7B78A650500CD08;44673735EAF46E11B7B78A650500BC08;2025-06-10;-56.0;-1295.28
98D45E0FB6197E110819BB65050009AA;44673735EAF46E11B7B78A650500BC08;2025-06-10;-2.0;-113.46
F8FA0E49AC456E11B7B78A650500BC08;44673735EAF46E11B7B78A650500BC08;2025-06-10;-4.0;-777.08
086304C34E456E11B7B78A650500BC08;44673735EAF46E11B7B78A650500BC08;2025-06-10;-12.0;-3180.0
074C44CA878DAE11BE2110650500325A;44673735EAF46E11B7B78A650500BC08;2025-06-10;-2.0;-468.62
B8B492D2AE789E11525010650500E84A;44673735EAF46E11B7B78A650500BC08;2025-06-10;-4.0;-646.72
1962DDCB2FC3AE11726010650500A25A;44673735EAF46E11B7B78A650500BC08;2025-06-10;-2.0;-771.5
2D7776C5E528CE11ADB310650500EFA8;44673735EAF46E11B7B78A650500BC08;2025-06-10;-4.0;-183.64
FF3453A763039E115540106505004C3B;44673735EAF46E11B7B78A650500BC08;2025-06-10;-6.0;-279.96
CBF82313028ADE11406610650500924A;44673735EAF46E11B7B78A650500BC08;2025-06-10;-2.0;-370.2
1B37A649CD456E11B7B78A650500BC08;44673735EAF46E11B7B78A650500BC08;2025-06-10;-4.0;-736.0
8ED32CEC76018E110819BB65050039AA;44673735EAF46E11B7B78A650500BC08;2025-06-10;-2.0;-117.02
1D4C6A7E9E789E11525010650500E84A;44673735EAF46E11B7B78A650500BC08;2025-06-10;-2.0;-285.52
8E87459A0AA07E11B7B78A650500CD08;44673735EAF46E11B7B78A650500BC08;2025-06-10;-2.0;-372.12
2562A50B2022EE11406610650500AC4A;44673735EAF46E11B7B78A650500BC08;2025-06-10;-2.0;-683.06
2F85CA1D1442DE11ADB310650500BDB8;44673735EAF46E11B7B78A650500BC08;2025-06-10;-2.0;-132.12
645618E597B0FE1191EE10650500CAB9;44673735EAF46E11B7B78A650500BC08;2025-06-10;-2.0;-1526.86
175AF9E305B4DE11ADB310650500F0C8;44673735EAF46E11B7B78A650500BC08;2025-06-10;-4.0;-232.32
9DA94706F2DFAE11BE2110650500255A;44673735EAF46E11B7B78A650500BC08;2025-06-10;-2.0;-419.02
33ACFFC03573FE1191EE106505006EB9;44673735EAF46E11B7B78A650500BC08;2025-06-10;-2.0;-2902.0
97E01FBCF911BE11BE2110650500C65A;44673735EAF46E11B7B78A650500BC08;2025-06-10;-2.0;-1620.0
A3EE077F7D456E11B7B78A650500BC08;44673735EAF46E11B7B78A650500BC08;2025-06-10;-2.0;-62.4
6BDE083CCF456E11B7B78A650500BC08;44673735EAF46E11B7B78A650500BC08;2025-06-10;-2.0;-84.24
CC4CDD55AC456E11B7B78A650500BC08;44673735EAF46E11B7B78A650500BC08;2025-06-10;-2.0;-339.68
DA8D203F00300F11F1557891FE698789;44673735EAF46E11B7B78A650500BC08;2025-06-10;-2.0;-126.4
C76424025EEEDE11406610650500884A;44673735EAF46E11B7B78A650500BC08;2025-06-10;-2.0;-2150.72
E72662DD526FEE1191EE1065050029B9;44673735EAF46E11B7B78A650500BC08;2025-06-10;-4.0;-193.26
30BDAB4867B8FE11128010650500D819;44673735EAF46E11B7B78A650500BC08;2025-06-10;-2.0;-8846.36
23C5195257363E11052F6792C000FF39;44673735EAF46E11B7B78A650500BC08;2025-06-10;-2.0;-179.78
9813657FCAD0FE1191EE10650500FAB9;44673735EAF46E11B7B78A650500BC08;2025-06-10;-2.0;-240.74
4F0BBD3DA0F27E11B7B78A650500DD08;44673735EAF46E11B7B78A650500BC08;2025-06-10;-4.0;-1037.2
F00092A08D456E11B7B78A650500BC08;44673735EAF46E11B7B78A650500BC08;2025-06-10;-2.0;-177.6
9379BA83CEF9FE11128010650500E819;44673735EAF46E11B7B78A650500BC08;2025-06-10;-6.0;-720.0
A4E3BB9B30556E11B7B78A650500BC08;44673735EAF46E11B7B78A650500BC08;2025-06-10;-4.0;-1356.96
291DD8F181E4EE11B1AD1065050078EA;44673735EAF46E11B7B78A650500BC08;2025-06-10;-2.0;-506.0
61076332514C7E110819BB65050039AA;44673735EAF46E11B7B78A650500BC08;2025-06-10;-2.0;-273.96
D4A233B9B6F3BE11BE21106505006A5A;44673735EAF46E11B7B78A650500BC08;2025-06-10;-2.0;-62.22
7A7C5951E3999E115250106505005A4A;44673735EAF46E11B7B78A650500BC08;2025-06-10;-16.0;-3075.32
9268B69694310F11112A674AC7E2F889;44673735EAF46E11B7B78A650500BC08;2025-06-10;-2.0;-300.0
D7DB1AEDE4EFAE11BE2110650500355A;44673735EAF46E11B7B78A650500BC08;2025-06-10;-2.0;-5040.62
12F40FEABFFD9E117260106505004B4A;44673735EAF46E11B7B78A650500BC08;2025-06-10;-2.0;-615.0
F51AC937F1065E1142D58A650500DC08;44673735EAF46E11B7B78A650500BC08;2025-06-10;-8.0;-235.98
2BA9232CF8AF7E110819BB65050039AA;44673735EAF46E11B7B78A650500BC08;2025-06-10;-4.0;-650.46
99EE18AAFD456E11B7B78A650500BC08;44673735EAF46E11B7B78A650500BC08;2025-06-10;-2.0;-466.0
993F26818257DE11C846106505008F6A;44673735EAF46E11B7B78A650500BC08;2025-06-10;-4.0;-929.72
9573211B7A6B6E11B7B78A650500BC08;44673735EAF46E11B7B78A650500BC08;2025-06-10;-2.0;-250.96
E6D7BD3CFD456E11B7B78A650500BC08;44673735EAF46E11B7B78A650500BC08;2025-06-10;-2.0;-852.0
3F85994CB11A8E11F243BB650500304B;44673735EAF46E11B7B78A650500BC08;2025-06-10;-2.0;-38.22
C2AEB1B0C11A8E11F243BB650500304B;44673735EAF46E11B7B78A650500BC08;2025-06-10;-4.0;-71.12
5E6EDBBE9F25FE1191EE10650500A0C9;44673735EAF46E11B7B78A650500BC08;2025-06-10;-8.0;-957.48
B6FEA237E770BE11BE2110650500F55A;44673735EAF46E11B7B78A650500BC08;2025-06-10;-6.0;-66.62
93216AA7A812CE118772106505005469;44673735EAF46E11B7B78A650500BC08;2025-06-10;-2.0;-762.0
D10C00DE6EEAAE11BE2110650500EE4A;44673735EAF46E11B7B78A650500BC08;2025-06-10;-16.0;-284.94
97C5C96F1E456E11B7B78A650500BC08;44673735EAF46E11B7B78A650500BC08;2025-06-10;-8.0;-2097.36
292FCF35D491DE11ADB310650500DCB8;44673735EAF46E11B7B78A650500BC08;2025-06-10;-20.0;-791.2
4E2E1F8610C28E117E64BB650500DAAA;44673735EAF46E11B7B78A650500BC08;2025-06-10;-2.0;-49.26
AC0ECEF0EC065E1142D58A650500DC08;FC081C55582CED11A62CD892C0003F2A;2025-06-10;-126.0;-670.3199999999999
7BF8ACFF0CADEE1191EE1065050029B9;FC081C55582CED11A62CD892C0003F2A;2025-06-10;-2.0;-164.8
4036F47EFF30EE114066106505003A4A;FC081C55582CED11A62CD892C0003F2A;2025-06-10;-2.0;-58.44
A02014AD043E9E117260106505008B4A;FC081C55582CED11A62CD892C0003F2A;2025-06-10;-2.0;-140.0
31FFAA80FF30EE114066106505003A4A;FC081C55582CED11A62CD892C0003F2A;2025-06-10;-2.0;-135.16
BF842895A9BFCE11ADB3106505001AB8;FC081C55582CED11A62CD892C0003F2A;2025-06-10;-2.0;-112.82
788334471AFC9E11726010650500E94A;FC081C55582CED11A62CD892C0003F2A;2025-06-10;-2.0;-39.16
D4A7F05B506AAE11BE21106505003E4A;FC081C55582CED11A62CD892C0003F2A;2025-06-10;-2.0;-306.88
AF648DE0E9183E11052F6792C000B249;FC081C55582CED11A62CD892C0003F2A;2025-06-10;-4.0;-1861.24
F6FFE3D7D99DDE11406610650500B64A;FC081C55582CED11A62CD892C0003F2A;2025-06-10;-2.0;-217.76
2A79254529DDCE11ADB31065050097B8;FC081C55582CED11A62CD892C0003F2A;2025-06-10;-6.0;-900.0
A8660539EA630F114EF7A826072BDB89;FC081C55582CED11A62CD892C0003F2A;2025-06-10;-2.0;-675.52
31663DBE50966E11B7B78A650500BC08;FC081C55582CED11A62CD892C0003F2A;2025-06-10;-2.0;-324.9
AEDCC768C4BC3E11052F6792C000D249;FC081C55582CED11A62CD892C0003F2A;2025-06-10;-2.0;-147.44
8DA4A40EAA4A7E110819BB65050039AA;FC081C55582CED11A62CD892C0003F2A;2025-06-10;-1.6;-1471.7
0912737CCE80FE1191EE106505009AB9;FC081C55582CED11A62CD892C0003F2A;2025-06-10;-4.0;-767.32
FEC2A31E65B4DE11ADB310650500F0C8;FC081C55582CED11A62CD892C0003F2A;2025-06-10;-2.0;-122.04
264D60FBC62EEE1191EE1065050029B9;FC081C55582CED11A62CD892C0003F2A;2025-06-10;-2.0;-140.18
4C44B0AC5D3D7E110819BB65050039AA;FC081C55582CED11A62CD892C0003F2A;2025-06-10;-4.0;-1508.4
5D4C5410B853EE11B1AD1065050086EA;FC081C55582CED11A62CD892C0003F2A;2025-06-10;-2.0;-340.74
B355ED7CA70FDE11406610650500A84A;FC081C55582CED11A62CD892C0003F2A;2025-06-10;-2.0;-430.32
0B4E0D1A4A93FE1191EE106505009EB9;FC081C55582CED11A62CD892C0003F2A;2025-06-10;-4.0;-237.2
FA65ED4652B7BE118772106505001759;FC081C55582CED11A62CD892C0003F2A;2025-06-10;-4.0;-150.7
03444D4BCEF5DE11ADB31065050092C8;FC081C55582CED11A62CD892C0003F2A;2025-06-10;-4.0;-757.58
7A056969FED90E11A4A96492C0001269;FC081C55582CED11A62CD892C0003F2A;2025-06-10;-2.0;-611.34
532D7E192CB0CE118772106505009269;FC081C55582CED11A62CD892C0003F2A;2025-06-10;-2.0;-630.2
738D15D820C1CE11877210650500E369;FC081C55582CED11A62CD892C0003F2A;2025-06-10;-2.0;-276.32
AE99F3ACE4E3FE1191EE10650500FEB9;FC081C55582CED11A62CD892C0003F2A;2025-06-10;-2.0;-263.78
E6FC2942599EFE11F1557891FE698589;FC081C55582CED11A62CD892C0003F2A;2025-06-10;-4.0;-82.0
C9847141DEE1EE114066106505006C4A;FC081C55582CED11A62CD892C0003F2A;2025-06-10;-2.0;-51.62
6D1EE57B123EDE11406610650500874A;FC081C55582CED11A62CD892C0003F2A;2025-06-10;-8.0;-291.52
ABA05376AF6DFE11F1557891FE690489;FC081C55582CED11A62CD892C0003F2A;2025-06-10;-2.0;-163.4
9DB4568D2726EE1191EE10650500C5B9;FC081C55582CED11A62CD892C0003F2A;2025-06-10;-2.0;-324.0
59929EB04623DE11ADB310650500DEB8;FC081C55582CED11A62CD892C0003F2A;2025-06-10;-2.0;-487.6
DAD2DF7B12EC6E11B7B78A650500BC08;FC081C55582CED11A62CD892C0003F2A;2025-06-10;-4.0;-280.98
D26AB7B500556E11B7B78A650500BC08;FC081C55582CED11A62CD892C0003F2A;2025-06-10;-4.0;-441.72
FA0D129EF77EFE11F1557891FE695589;FC081C55582CED11A62CD892C0003F2A;2025-06-10;-2.0;-82.22
B8D5845781518E110819BB65050039AA;FC081C55582CED11A62CD892C0003F2A;2025-06-10;-2.0;-141.12
0EAFE28FD0CAED11A62CD892C0003F2A;FC081C55582CED11A62CD892C0003F2A;2025-06-10;-2.0;-148.76
AD4131719F8BBE118772106505000C59;FC081C55582CED11A62CD892C0003F2A;2025-06-10;-2.0;-240.12
DA39958560CBEE1191EE1065050029B9;FC081C55582CED11A62CD892C0003F2A;2025-06-10;-2.0;-185.9
1179538AF7D1FE1191EE106505003CB9;FC081C55582CED11A62CD892C0003F2A;2025-06-10;-12.0;-1155.6
C041EAA500CAED11A62CD892C0003F2A;FC081C55582CED11A62CD892C0003F2A;2025-06-10;-2.0;-555.98
A84A23E3FB930F114EF7A826072B1C89;FC081C55582CED11A62CD892C0003F2A;2025-06-10;-2.0;-1000.42
D00294EB2772EE114066106505001D4A;FC081C55582CED11A62CD892C0003F2A;2025-06-10;-2.0;-522.12
8FB58F6876807E11B7B78A650500CD08;FC081C55582CED11A62CD892C0003F2A;2025-06-10;-2.0;-401.52
6E3605295B768E11F243BB650500AB3B;FC081C55582CED11A62CD892C0003F2A;2025-06-10;-2.0;-165.76
8C03F11A4094DE11ADB310650500C0C8;FC081C55582CED11A62CD892C0003F2A;2025-06-10;-2.0;-128.68
1274EDE583E2DE11ADB3106505008EB8;FC081C55582CED11A62CD892C0003F2A;2025-06-10;-2.0;-289.86
B2E00B7EBAC9FE11128010650500E819;FC081C55582CED11A62CD892C0003F2A;2025-06-10;-2.0;-102.0
28F5EBC551CAED11A62CD892C0003F2A;FC081C55582CED11A62CD892C0003F2A;2025-06-10;-2.0;-411.64
4838747444AE9E117260106505001C4A;FC081C55582CED11A62CD892C0003F2A;2025-06-10;-2.0;-292.78
E459D3A1D1AB7E110819BB65050039AA;FC081C55582CED11A62CD892C0003F2A;2025-06-10;-2.0;-964.94
711279C147763E11052F6792C000FF39;FC081C55582CED11A62CD892C0003F2A;2025-06-10;-2.0;-841.56
C3D8C1394D85DE11ADB31065050002C8;FC081C55582CED11A62CD892C0003F2A;2025-06-10;-2.0;-208.6
753BF8801BA8FE11128010650500D819;FC081C55582CED11A62CD892C0003F2A;2025-06-10;-2.0;-295.38
6B0AF03BCDFA3E11052F6792C000D249;FC081C55582CED11A62CD892C0003F2A;2025-06-10;-2.0;-336.2
EE477273F507DE11C846106505002F6A;FC081C55582CED11A62CD892C0003F2A;2025-06-10;-2.0;-23.66
F91FCF29E61ECE11ADB310650500E7B8;FC081C55582CED11A62CD892C0003F2A;2025-06-10;-2.0;-658.94
2F85CA1D1442DE11ADB310650500BDB8;FC081C55582CED11A62CD892C0003F2A;2025-06-10;-2.0;-132.12
2E1BE51EC8E3FE1191EE10650500FEB9;FC081C55582CED11A62CD892C0003F2A;2025-06-10;-2.0;-810.48
8622810E2A74EE11B1AD10650500F7EA;FC081C55582CED11A62CD892C0003F2A;2025-06-10;-2.0;-155.82
9669C44B146B3E11052F6792C000D249;FC081C55582CED11A62CD892C0003F2A;2025-06-10;-6.0;-359.82
5AF8672D4A075E1142D58A650500DC08;FC081C55582CED11A62CD892C0003F2A;2025-06-10;-4.0;-265.38
151738EFCC4BFD11A4A96492C0006F3B;FC081C55582CED11A62CD892C0003F2A;2025-06-10;-4.0;-223.26
0ACF256FF3D99E11525010650500AA4A;FC081C55582CED11A62CD892C0003F2A;2025-06-10;-4.0;-1688.36
EE280D4ACE23FD110DC22A92C000C499;FC081C55582CED11A62CD892C0003F2A;2025-06-10;-2.0;-314.3
DFA57CA3ACB04E1142D58A650500DB08;FC081C55582CED11A62CD892C0003F2A;2025-06-10;-4.0;-545.2
B2CDCBEB7D49AE11BE2110650500DC4A;FC081C55582CED11A62CD892C0003F2A;2025-06-10;-6.0;-1248.48
C4018428F0CAED11A62CD892C0003F2A;FC081C55582CED11A62CD892C0003F2A;2025-06-10;-2.0;-266.46
6DB33790BDE7EE1191EE10650500B7B9;FC081C55582CED11A62CD892C0003F2A;2025-06-10;-2.0;-184.36
C81EB338B5F5FE1191EE10650500A1C9;FC081C55582CED11A62CD892C0003F2A;2025-06-10;-4.0;-527.36
DA4D455DE0CAED11A62CD892C0003F2A;FC081C55582CED11A62CD892C0003F2A;2025-06-10;-2.0;-1708.2
F7B9B031FF13CE11877210650500A569;FC081C55582CED11A62CD892C0003F2A;2025-06-10;-2.0;-91.42
3F8B80CEC7B8BE118772106505006859;FC081C55582CED11A62CD892C0003F2A;2025-06-10;-2.0;-167.76
21E7AE87917BDE11406610650500E34A;FC081C55582CED11A62CD892C0003F2A;2025-06-10;-2.0;-536.4
2D037A53DF11DE11ADB3106505003CB8;FC081C55582CED11A62CD892C0003F2A;2025-06-10;-2.0;-299.2
25FAD0A363F7DE11C84610650500507A;FC081C55582CED11A62CD892C0003F2A;2025-06-10;-2.0;-79.8
5E031EC32123CE11877210650500A569;FC081C55582CED11A62CD892C0003F2A;2025-06-10;-6.0;-200.46
0133F6C2D74CDE11406610650500054A;FC081C55582CED11A62CD892C0003F2A;2025-06-10;-2.0;-45.58
D11B912A5737CE11ADB310650500BEA8;FC081C55582CED11A62CD892C0003F2A;2025-06-10;-4.0;-120.28
79D7EFC706078E11F243BB6505005C3B;FC081C55582CED11A62CD892C0003F2A;2025-06-10;-6.0;-1844.26
FD4235D98BA3BE11BE21106505000A5A;FC081C55582CED11A62CD892C0003F2A;2025-06-10;-2.0;-102.3
AB528362E60F9E117260106505009C4A;FC081C55582CED11A62CD892C0003F2A;2025-06-10;-2.0;-323.68
718FB541C3E16E1142D58A650500AD08;FC081C55582CED11A62CD892C0003F2A;2025-06-10;-2.0;-422.56
14917AB011CAED11A62CD892C0003F2A;FC081C55582CED11A62CD892C0003F2A;2025-06-10;-2.0;-654.08
B80519DFC0CAED11A62CD892C0003F2A;FC081C55582CED11A62CD892C0003F2A;2025-06-10;-2.0;-383.66
5822D57464410F11112A674AC7E20989;FC081C55582CED11A62CD892C0003F2A;2025-06-10;-2.0;-715.84
389C517205ABEE1191EE1065050029B9;FC081C55582CED11A62CD892C0003F2A;2025-06-10;-4.0;-79.92
B068D5B09562CE11877210650500B469;FC081C55582CED11A62CD892C0003F2A;2025-06-10;-2.0;-320.4
2F30AB0C2EDAFE11128010650500E819;FC081C55582CED11A62CD892C0003F2A;2025-06-10;-4.0;-1438.42
9855571106CFAE11BE2110650500155A;FC081C55582CED11A62CD892C0003F2A;2025-06-10;-2.0;-64.96
65E1E77DC8D58E11F243BB650500CA3B;FC081C55582CED11A62CD892C0003F2A;2025-06-10;-2.0;-147.84
568CC15AE3E0EE114066106505000B4A;B0BDDED34CC83E11052F6792C000B249;2025-06-10;-2.0;-22.06
425F649DAB74EE11B1AD10650500F7EA;B0BDDED34CC83E11052F6792C000B249;2025-06-10;-2.0;-112.06
4F6C693F24CF9E117260106505008D4A;B0BDDED34CC83E11052F6792C000B249;2025-06-10;-2.0;-152.22
7EF230C0B0039E115540106505004C3B;B0BDDED34CC83E11052F6792C000B249;2025-06-10;-2.0;-445.68
E8AB27A819216E1142D58A650500AD08;B0BDDED34CC83E11052F6792C000B249;2025-06-10;-2.0;-657.14
F7580D9C4109EE1191EE1065050009B9;B0BDDED34CC83E11052F6792C000B249;2025-06-10;-4.0;-875.24
B595B3DA674BCE11ADB31065050014B8;B0BDDED34CC83E11052F6792C000B249;2025-06-10;-2.0;-488.82
F99B962D87145E1142D58A650500DC08;B0BDDED34CC83E11052F6792C000B249;2025-06-10;-8.0;-2030.4
D8B1108E0D65BE11BE21106505004C5A;B0BDDED34CC83E11052F6792C000B249;2025-06-10;-4.0;-13.76
F7B2E5BB5BF5CE11ADB3106505007DA8;B0BDDED34CC83E11052F6792C000B249;2025-06-10;-2.0;-189.2
7EB168189C3CEE1191EE1065050029B9;B0BDDED34CC83E11052F6792C000B249;2025-06-10;-2.0;-27.62
C021831633435E1142D58A650500DC08;B0BDDED34CC83E11052F6792C000B249;2025-06-10;-2.0;-367.6
9F96B7DB01CAED11A62CD892C0003F2A;B0BDDED34CC83E11052F6792C000B249;2025-06-10;-2.0;-518.68
141ACE2F5FE95E1142D58A650500DC08;B0BDDED34CC83E11052F6792C000B249;2025-06-10;-2.0;-525.58
0835B01A293EBE118772106505006F59;B0BDDED34CC83E11052F6792C000B249;2025-06-10;-2.0;-55.72
0F578A90C1CAED11A62CD892C0003F2A;B0BDDED34CC83E11052F6792C000B249;2025-06-10;-4.0;-261.82
AE7584ED9A935E1142D58A650500DC08;B0BDDED34CC83E11052F6792C000B249;2025-06-10;-2.0;-751.28
68F9FF8D55E0EE114066106505000B4A;B0BDDED34CC83E11052F6792C000B249;2025-06-10;-12.0;-1783.1999999999998
71723E7165F2EE11B1AD1065050006EA;B0BDDED34CC83E11052F6792C000B249;2025-06-10;-2.0;-856.94
2108AF3B2070DE11ADB3106505003BB8;B0BDDED34CC83E11052F6792C000B249;2025-06-10;-20.0;-3445.72
2413F6C2D74CDE11406610650500054A;B0BDDED34CC83E11052F6792C000B249;2025-06-10;-2.0;-57.26
C19342792642FE1191EE10650500CCB9;B0BDDED34CC83E11052F6792C000B249;2025-06-10;-6.0;-4043.6
FDBC7ACFBD31FE1191EE106505007BB9;B0BDDED34CC83E11052F6792C000B249;2025-06-10;-2.0;-280.72
597DDBD899363E11052F6792C000FF39;B0BDDED34CC83E11052F6792C000B249;2025-06-10;-2.0;-70.76
3308A5E062121E1143F0668E42008C3B;B0BDDED34CC83E11052F6792C000B249;2025-06-10;-8.0;-476.16
7FBD98BA2B9FFE11F1557891FE69C689;B0BDDED34CC83E11052F6792C000B249;2025-06-10;-2.0;-684.72
8BDBFC3CA7329E115540106505004B3B;B0BDDED34CC83E11052F6792C000B249;2025-06-10;-2.0;-163.4
A500292FD87C8E11F243BB650500A34B;B0BDDED34CC83E11052F6792C000B249;2025-06-10;-2.0;-268.8
D519A5CAEE065E1142D58A650500DC08;B0BDDED34CC83E11052F6792C000B249;2025-06-10;-2.0;-75.52
3D77263A378B3E11052F6792C000D249;B0BDDED34CC83E11052F6792C000B249;2025-06-10;-4.0;-139.16
BCFE1D61769C9E11726010650500694A;B0BDDED34CC83E11052F6792C000B249;2025-06-10;-2.0;-334.48
C63EE0E5A257DE11C846106505008F6A;B0BDDED34CC83E11052F6792C000B249;2025-06-10;-2.0;-51.0
4331172115B4DE11ADB310650500F0C8;B0BDDED34CC83E11052F6792C000B249;2025-06-10;-2.0;-134.4
5742DA549832FE1191EE10650500BCB9;B0BDDED34CC83E11052F6792C000B249;2025-06-10;-4.0;-166.48
A8C67A9CC0CAED11A62CD892C0003F2A;B0BDDED34CC83E11052F6792C000B249;2025-06-10;-8.0;-342.88
D907545F2893DE11ADB3106505006FB8;B0BDDED34CC83E11052F6792C000B249;2025-06-10;-2.0;-343.12
79D63F9A7224EE11B1AD1065050087EA;B0BDDED34CC83E11052F6792C000B249;2025-06-10;-8.0;-230.24
27E308F4DB371E1143F0668E42006B8B;B0BDDED34CC83E11052F6792C000B249;2025-06-10;-2.0;-522.42
BCEB523FC052DE11ADB310650500CDB8;B0BDDED34CC83E11052F6792C000B249;2025-06-10;-2.0;-51.0
7B2843CF9371FE1191EE10650500BBB9;B0BDDED34CC83E11052F6792C000B249;2025-06-10;-2.0;-146.98
E815D75DB5934E1142D58A6505002C08;B0BDDED34CC83E11052F6792C000B249;2025-06-10;-4.0;-1636.44
BD296445F0CAED11A62CD892C0003F2A;B0BDDED34CC83E11052F6792C000B249;2025-06-10;-2.0;-796.22
9DD155A600C13E11052F6792C000CF39;B0BDDED34CC83E11052F6792C000B249;2025-06-10;-2.0;-1351.1
AA9BE0D4F88C9E11726010650500594A;B0BDDED34CC83E11052F6792C000B249;2025-06-10;-2.0;-463.92
886DD158D0CAED11A62CD892C0003F2A;B0BDDED34CC83E11052F6792C000B249;2025-06-10;-2.0;-230.58
A8344894D052DE11ADB310650500CDB8;B0BDDED34CC83E11052F6792C000B249;2025-06-10;-2.0;-51.0
AA8E6AE3E60BFE11128010650500E819;B0BDDED34CC83E11052F6792C000B249;2025-06-10;-2.0;-199.58
307874AA63D2FE1191EE106505007DB9;B0BDDED34CC83E11052F6792C000B249;2025-06-10;-6.0;-171.54
5C4737692A74EE11B1AD10650500F7EA;B0BDDED34CC83E11052F6792C000B249;2025-06-10;-2.0;-282.84
91F1AE306E3CEE1191EE1065050029B9;B0BDDED34CC83E11052F6792C000B249;2025-06-10;-2.0;-78.58
F98EB97DCCE1EE114066106505006C4A;B0BDDED34CC83E11052F6792C000B249;2025-06-10;-2.0;-68.48
466A0FDB3FC8EE1191EE10650500E8B9;B0BDDED34CC83E11052F6792C000B249;2025-06-10;-4.0;-454.4
8D70E92A9E09BE11877210650500D859;B0BDDED34CC83E11052F6792C000B249;2025-06-10;-2.0;-509.26
FA71C94978DDCE11ADB31065050097B8;B0BDDED34CC83E11052F6792C000B249;2025-06-10;-2.0;-666.44
4340C10AD1EFAE11BE2110650500355A;B0BDDED34CC83E11052F6792C000B249;2025-06-10;-2.0;-410.0
7D43866C49CA2E11052F6792C0007F39;B0BDDED34CC83E11052F6792C000B249;2025-06-10;-2.0;-248.56
4D1931D6104FFE11F1557891FE695689;B0BDDED34CC83E11052F6792C000B249;2025-06-10;-4.0;-155.8
C9FB46BC1A5FFE11F1557891FE697689;B0BDDED34CC83E11052F6792C000B249;2025-06-10;-2.0;-73.84
CF29E61E6CE1EE114066106505006C4A;B0BDDED34CC83E11052F6792C000B249;2025-06-10;-2.0;-98.74
09FE8EEC5821FE1191EE106505005BB9;B0BDDED34CC83E11052F6792C000B249;2025-06-10;-4.0;-913.32
EF1B28FB55E0EE114066106505000B4A;B0BDDED34CC83E11052F6792C000B249;2025-06-10;-8.0;-828.08
40E8254C9CDFCE11ADB3106505005AB8;B0BDDED34CC83E11052F6792C000B249;2025-06-10;-2.0;-376.4
27463F78D34DEE1191EE1065050029B9;B0BDDED34CC83E11052F6792C000B249;2025-06-10;-2.0;-336.6
B00F6451D2798E11F243BB6505006F3B;B0BDDED34CC83E11052F6792C000B249;2025-06-10;-2.0;-164.14
F8A4EF19E4F8AE11BE21106505006C4A;B0BDDED34CC83E11052F6792C000B249;2025-06-10;-2.0;-218.92
4B3F22AA137C1E1143F0668E4200502B;B0BDDED34CC83E11052F6792C000B249;2025-06-10;-2.0;-17.5
0FE8AA63236BCE11ADB31065050034B8;B0BDDED34CC83E11052F6792C000B249;2025-06-10;-2.0;-94.0
72D84F520430EE114066106505002A4A;B0BDDED34CC83E11052F6792C000B249;2025-06-10;-2.0;-102.26
32447A5EE909DE11C84610650500B17A;B0BDDED34CC83E11052F6792C000B249;2025-06-10;-2.0;-51.0
112939332CA8BE118772106505005859;B0BDDED34CC83E11052F6792C000B249;2025-06-10;-2.0;-88.6
518FC26D3108DE11C84610650500607A;B0BDDED34CC83E11052F6792C000B249;2025-06-10;-2.0;-1409.14
FC42A200FFAFFE11F1557891FE69E689;B0BDDED34CC83E11052F6792C000B249;2025-06-10;-2.0;-148.0
8AF9A9AB5443FE1191EE106505001EB9;B0BDDED34CC83E11052F6792C000B249;2025-06-10;-2.0;-239.68
07AF8A5FC0CAED11A62CD892C0003F2A;B0BDDED34CC83E11052F6792C000B249;2025-06-10;-2.0;-642.14
1745DD41E269DE11C84610650500227A;B0BDDED34CC83E11052F6792C000B249;2025-06-10;-6.0;-148.8
C4932FC86EF3EE11B1AD1065050057EA;B0BDDED34CC83E11052F6792C000B249;2025-06-10;-2.0;-58.64
481607D1D8B63E11052F6792C000FF39;B0BDDED34CC83E11052F6792C000B249;2025-06-10;-2.0;-438.72
191B9DC4E1CBBE118772106505004C59;B0BDDED34CC83E11052F6792C000B249;2025-06-10;-2.0;-106.74
108EA5E5210EDE11406610650500374A;B0BDDED34CC83E11052F6792C000B249;2025-06-10;-2.0;-491.08
94303E5412EC6E11B7B78A650500BC08;B0BDDED34CC83E11052F6792C000B249;2025-06-10;-2.0;-166.82
A732E2CAC4FD5E1142D58A6505002D08;B0BDDED34CC83E11052F6792C000B249;2025-06-10;-2.0;-566.12
77B94D4A3412EE114066106505009C4A;B0BDDED34CC83E11052F6792C000B249;2025-06-10;-2.0;-311.86
AC7C07BF37F8FE11128010650500D819;B0BDDED34CC83E11052F6792C000B249;2025-06-10;-2.0;-956.0
F5C7F75942405E1142D58A650500BC08;B0BDDED34CC83E11052F6792C000B249;2025-06-10;-2.0;-326.34
C92C6D5B01CAED11A62CD892C0003F2A;B0BDDED34CC83E11052F6792C000B249;2025-06-10;-2.0;-292.94
C20DED1F3C456E11B7B78A650500BC08;44673735EAF46E11B7B78A650500BC08;2025-06-10;2.0;512.8
