item_id;location_id;trans_date;qty;cost_amount
2259C096AB44BE11BE2110650500DA5A;44673735EAF46E11B7B78A650500BC08;2025-07-10;4.0;20248.0
E281E360C7E17E11B7B78A650500CD08;FC081C55582CED11A62CD892C0003F2A;2025-07-10;0.0;0.0
C060B4B3C533FE1191EE106505000EB9;FC081C55582CED11A62CD892C0003F2A;2025-07-10;0.0;0.0
641B86DBE277CE11ADB3106505000FA8;FC081C55582CED11A62CD892C0003F2A;2025-07-10;-2.0;-587.78
89EE482A8EDFEE1191EE10650500B9B9;FC081C55582CED11A62CD892C0003F2A;2025-07-10;0.0;0.0
C440A38D5FB3EE11B1AD1065050007EA;FC081C55582CED11A62CD892C0003F2A;2025-07-10;0.0;0.0
533E0427487CDE11406610650500454A;FC081C55582CED11A62CD892C0003F2A;2025-07-10;0.0;0.0
2D2BD7B95C40EE114066106505004A4A;FC081C55582CED11A62CD892C0003F2A;2025-07-10;0.0;0.0
7629F9218CA3DE11ADB3106505008FB8;FC081C55582CED11A62CD892C0003F2A;2025-07-10;-4.0;-190.0
E9A6C6356240EE114066106505003A4A;FC081C55582CED11A62CD892C0003F2A;2025-07-10;0.0;0.0
A9C83E346040EE114066106505003A4A;FC081C55582CED11A62CD892C0003F2A;2025-07-10;0.0;0.0
149BAAFF68DDCE11ADB31065050097B8;FC081C55582CED11A62CD892C0003F2A;2025-07-10;0.0;0.0
6CA0DD1F2FF8AE11BE21106505007C4A;FC081C55582CED11A62CD892C0003F2A;2025-07-10;0.0;0.0
567724ADC4968E11F243BB650500CB3B;FC081C55582CED11A62CD892C0003F2A;2025-07-10;0.0;0.0
32642882663EAE11BE2110650500135A;FC081C55582CED11A62CD892C0003F2A;2025-07-10;0.0;0.0
0F9D9BB39E74FE1191EE10650500CFB9;FC081C55582CED11A62CD892C0003F2A;2025-07-10;0.0;0.0
E790516A93C1CE11877210650500E369;FC081C55582CED11A62CD892C0003F2A;2025-07-10;-2.0;-31.02
96A9D61C5FB3EE11B1AD1065050007EA;FC081C55582CED11A62CD892C0003F2A;2025-07-10;0.0;0.0
926023BDA3D67E11B7B78A650500ED08;FC081C55582CED11A62CD892C0003F2A;2025-07-10;0.0;0.0
74079ACA0009AE11BE21106505007C4A;44673735EAF46E11B7B78A650500BC08;2025-07-10;-2.0;-11216.06
048B9C3BBF354E1142D58A6505002C08;44673735EAF46E11B7B78A650500BC08;2025-07-10;44.0;2642.6400000000003
5252830334627E11B7B78A650500CD08;44673735EAF46E11B7B78A650500BC08;2025-07-10;22.0;4009.5800000000004
E7B77BAFE8457E11B7B78A650500ED08;44673735EAF46E11B7B78A650500BC08;2025-07-10;22.0;6000.3
8C63693F2B140F114EF7A826072BBC89;FC081C55582CED11A62CD892C0003F2A;2025-07-10;30.0;1271.7
5D09394EB8E3BE11BE21106505005A5A;44673735EAF46E11B7B78A650500BC08;2025-07-10;0.0;0.0
73549EE2E9456E11B7B78A650500BC08;44673735EAF46E11B7B78A650500BC08;2025-07-10;0.0;0.0
10BE7588E9456E11B7B78A650500BC08;44673735EAF46E11B7B78A650500BC08;2025-07-10;0.0;0.0
A9592FB3CA086E11B7B78A650500BC08;44673735EAF46E11B7B78A650500BC08;2025-07-10;0.0;-9.094947017729282e-13
570B4FC0DEDFDE11406610650500B94A;44673735EAF46E11B7B78A650500BC08;2025-07-10;0.0;0.0
323D872F2138CE11ADB310650500FFA8;44673735EAF46E11B7B78A650500BC08;2025-07-10;0.0;0.0
ADBC13446DCF8E11F243BB650500184B;44673735EAF46E11B7B78A650500BC08;2025-07-10;0.0;0.0
A8DAA76D7E8ADE11406610650500A24A;44673735EAF46E11B7B78A650500BC08;2025-07-10;0.0;0.0
899893EDB8E3BE11BE21106505005A5A;44673735EAF46E11B7B78A650500BC08;2025-07-10;0.0;0.0
86D887F15E22AE11726010650500905A;44673735EAF46E11B7B78A650500BC08;2025-07-10;0.0;0.0
AC24AEC5FC91DE11ADB310650500ECB8;44673735EAF46E11B7B78A650500BC08;2025-07-10;0.0;0.0
E5BFD13AB880DE11ADB3106505005BB8;44673735EAF46E11B7B78A650500BC08;2025-07-10;0.0;0.0
819F78B2BA66CE11ADB310650500BDA8;44673735EAF46E11B7B78A650500BC08;2025-07-10;0.0;0.0
5DDF5E834E1FCE11ADB31065050039B8;44673735EAF46E11B7B78A650500BC08;2025-07-10;-6.0;-199.5
3B84A752BA66CE11ADB310650500BDA8;44673735EAF46E11B7B78A650500BC08;2025-07-10;0.0;0.0
CE3565873BADEE1191EE1065050029B9;FC081C55582CED11A62CD892C0003F2A;2025-07-10;0.0;0.0
0A35FDBB5C440F114EF7A826072BFC89;FC081C55582CED11A62CD892C0003F2A;2025-07-10;0.0;0.0
723C97EB5C440F114EF7A826072BFC89;FC081C55582CED11A62CD892C0003F2A;2025-07-10;0.0;0.0
8A592FEB5C440F114EF7A826072BFC89;FC081C55582CED11A62CD892C0003F2A;2025-07-10;0.0;0.0
D0748CCC6CB50F114EF7A826072BCE89;44673735EAF46E11B7B78A650500BC08;2025-07-10;8.0;14000.0
91B2E91CBEB40F114EF7A826072B8D89;B0BDDED34CC83E11052F6792C000B249;2025-07-10;72.0;4310.82
6A326F8978540F114EF7A826072B0D89;B0BDDED34CC83E11052F6792C000B249;2025-07-10;120.0;5685.0
A99260E978540F114EF7A826072B0D89;B0BDDED34CC83E11052F6792C000B249;2025-07-10;120.0;5987.02
A20DC4F978540F114EF7A826072B0D89;B0BDDED34CC83E11052F6792C000B249;2025-07-10;120.0;2018.6
CE69679436A0EE11406610650500BA4A;FC081C55582CED11A62CD892C0003F2A;2025-07-10;0.0;0.0
D4C8C698527ABE118772106505009A59;FC081C55582CED11A62CD892C0003F2A;2025-07-10;0.0;0.0
C42947C02524EE11B1AD1065050087EA;FC081C55582CED11A62CD892C0003F2A;2025-07-10;0.0;0.0
A5B6E1263597FE1191EE10650500C3C9;FC081C55582CED11A62CD892C0003F2A;2025-07-10;0.0;0.0
7D89AA40BF533E11052F6792C000CF39;B0BDDED34CC83E11052F6792C000B249;2025-07-10;4.0;1633.68
E7672BA05557AE11BE21106505005A4A;B0BDDED34CC83E11052F6792C000B249;2025-07-10;24.0;7839.36
BB9A74BAB8A92E11052F6792C0007F39;FC081C55582CED11A62CD892C0003F2A;2025-07-10;0.0;0.0
39D402DBBEB40F114EF7A826072B8D89;FC081C55582CED11A62CD892C0003F2A;2025-07-10;24.0;3796.84
46300BEBBEB40F114EF7A826072B8D89;FC081C55582CED11A62CD892C0003F2A;2025-07-10;48.0;3267.58
478D930CBEB40F114EF7A826072B8D89;FC081C55582CED11A62CD892C0003F2A;2025-07-10;48.0;1824.2
C62926EC2E6A2E11052F6792C0007F39;B0BDDED34CC83E11052F6792C000B249;2025-07-10;4.0;1565.6000000000001
8B6F1E74F711AE117260106505003F4A;B0BDDED34CC83E11052F6792C000B249;2025-07-10;4.0;914.96
D93AB3F5395EDE11406610650500C74A;B0BDDED34CC83E11052F6792C000B249;2025-07-10;12.0;3026.28
120D878EB50C7E110819BB65050039AA;B0BDDED34CC83E11052F6792C000B249;2025-07-10;6.0;1551.36
9AFC45B292EE4E1142D58A650500BC08;B0BDDED34CC83E11052F6792C000B249;2025-07-10;8.0;2665.52
B00323A756E54E1142D58A6505002C08;FC081C55582CED11A62CD892C0003F2A;2025-07-10;14.0;1689.24
2A2183EF78EFCE11ADB3106505006AB8;FC081C55582CED11A62CD892C0003F2A;2025-07-10;-62.0;-1685.72
0AE4B5203D456E11B7B78A650500BC08;44673735EAF46E11B7B78A650500BC08;2025-07-10;-10.0;-392.2
F7E6760DA2CAED11A62CD892C0003F2A;FC081C55582CED11A62CD892C0003F2A;2025-07-10;6.0;2987.1
B1B7955D82C5EE1191EE1065050045B9;B0BDDED34CC83E11052F6792C000B249;2025-07-10;18.0;3240.0
B17402C77742EE11406610650500DC4A;FC081C55582CED11A62CD892C0003F2A;2025-07-10;16.0;9360.0
07AE9ED4B8C50F114EF7A826072BDE89;FC081C55582CED11A62CD892C0003F2A;2025-07-10;56.0;6961.92
FB71EA8162C5EE1191EE1065050045B9;FC081C55582CED11A62CD892C0003F2A;2025-07-10;24.0;6048.0
836581CE1959FE11128010650500E819;FC081C55582CED11A62CD892C0003F2A;2025-07-10;8.0;3391.2
04F707F48E94DE11ADB310650500D0C8;FC081C55582CED11A62CD892C0003F2A;2025-07-10;8.0;1210.16
4049248CF5802E1143F0668E4200C71A;FC081C55582CED11A62CD892C0003F2A;2025-07-10;16.0;2556.64
7590B1D13DF2FD110DC22A92C000C499;FC081C55582CED11A62CD892C0003F2A;2025-07-10;20.0;2131.6
608F5443FF0ACE11ADB31065050062B8;FC081C55582CED11A62CD892C0003F2A;2025-07-10;6.0;1850.46
98CDE9B3B49BCE11ADB31065050074B8;FC081C55582CED11A62CD892C0003F2A;2025-07-10;8.0;1009.84
442835D5BD5C7E110819BB65050039AA;FC081C55582CED11A62CD892C0003F2A;2025-07-10;12.0;2118.84
B00D18BE2918DE11C84610650500807A;FC081C55582CED11A62CD892C0003F2A;2025-07-10;2.0;368.17999999999995
7BBB37228A767E11B7B78A650500ED08;FC081C55582CED11A62CD892C0003F2A;2025-07-10;6.0;736.46
3265459B3E456E11B7B78A650500BC08;44673735EAF46E11B7B78A650500BC08;2025-07-10;-40.0;-55480.0
E9C2AD2E10510F11112A674AC7E21989;44673735EAF46E11B7B78A650500BC08;2025-07-10;2.0;3730.26
B4D3B0467EA23E11052F6792C000CF39;B0BDDED34CC83E11052F6792C000B249;2025-07-10;8.0;1054.48
BE7B661A5AADEE1191EE1065050029B9;FC081C55582CED11A62CD892C0003F2A;2025-07-10;0.0;0.0
14346E8FA1256E11B7B78A650500BC08;44673735EAF46E11B7B78A650500BC08;2025-07-10;-2.0;-227.04
6CC5323ECB41BE11BE2110650500075A;44673735EAF46E11B7B78A650500BC08;2025-07-10;372.0;17032.28
6B93F324453CFE111280106505000919;B0BDDED34CC83E11052F6792C000B249;2025-07-10;100.0;2267.44
98A15C74BF6E8E11F243BB650500564B;FC081C55582CED11A62CD892C0003F2A;2025-07-10;12.0;600.24
B12D3BC21F62FE1191EE10650500FCB9;FC081C55582CED11A62CD892C0003F2A;2025-07-10;2.0;1612.36
EF3BBD0134FD4E1142D58A650500BC08;FC081C55582CED11A62CD892C0003F2A;2025-07-10;8.0;1479.6
58C6A366D0CAED11A62CD892C0003F2A;FC081C55582CED11A62CD892C0003F2A;2025-07-10;10.0;4280.0
033F6D097EC47E11B7B78A650500ED08;FC081C55582CED11A62CD892C0003F2A;2025-07-10;16.0;2222.46
6A0D640201CAED11A62CD892C0003F2A;FC081C55582CED11A62CD892C0003F2A;2025-07-10;30.0;4404.0599999999995
05DD77918754EE11B1AD10650500C7EA;FC081C55582CED11A62CD892C0003F2A;2025-07-10;30.0;11278.2
36EAC1AECDC4CE11ADB3106505000DA8;44673735EAF46E11B7B78A650500BC08;2025-07-10;-2.0;-280.0
3F18D298B12AFE11128010650500E819;B0BDDED34CC83E11052F6792C000B249;2025-07-10;20.0;995.0
A26E60F045DE4E1142D58A650500BC08;B0BDDED34CC83E11052F6792C000B249;2025-07-10;4.0;843.1200000000001
3DD574944E462E1143F0668E420006EB;B0BDDED34CC83E11052F6792C000B249;2025-07-10;6.0;1392.72
8FB7632E42118E110819BB65050039AA;44673735EAF46E11B7B78A650500BC08;2025-07-10;40.0;4280.0
4A2BB701BD889E11525010650500F84A;44673735EAF46E11B7B78A650500BC08;2025-07-10;-4.0;-1472.88
87A74B620E456E11B7B78A650500BC08;44673735EAF46E11B7B78A650500BC08;2025-07-10;-4.0;-732.0
0B8756870317DE11C846106505003F6A;B0BDDED34CC83E11052F6792C000B249;2025-07-10;6.0;2498.22
B2C0EDE9F7BB1E1143F0668E4200EF5A;B0BDDED34CC83E11052F6792C000B249;2025-07-10;16.0;633.12
73A936FF2364EE11B1AD10650500D7EA;B0BDDED34CC83E11052F6792C000B249;2025-07-10;24.0;743.94
60FCD678098FEE1191EE1065050049B9;B0BDDED34CC83E11052F6792C000B249;2025-07-10;20.0;1809.74
E2A78382563EAE11BE2110650500135A;B0BDDED34CC83E11052F6792C000B249;2025-07-10;20.0;484.36
57F9C092BA278E11F243BB6505008C3B;B0BDDED34CC83E11052F6792C000B249;2025-07-10;42.0;585.0799999999999
422B5E201DE6DE11C846106505000F6A;B0BDDED34CC83E11052F6792C000B249;2025-07-10;6.0;630.42
AE934F1D663EAE11BE2110650500135A;B0BDDED34CC83E11052F6792C000B249;2025-07-10;10.0;124.78
15F001653E456E11B7B78A650500BC08;44673735EAF46E11B7B78A650500BC08;2025-07-10;-2.0;-978.0
D6F1858F46CCDE11406610650500A54A;44673735EAF46E11B7B78A650500BC08;2025-07-10;0.0;2.2737367544323206e-13
1F3F8D12BABD6E11B7B78A650500BC08;44673735EAF46E11B7B78A650500BC08;2025-07-10;0.0;0.0
162980E27046AE11BE2110650500F84A;44673735EAF46E11B7B78A650500BC08;2025-07-10;0.0;0.0
5931728E7C456E11B7B78A650500BC08;44673735EAF46E11B7B78A650500BC08;2025-07-10;-6.0;-1245.4600000000005
53498F0B3C9BEE1191EE1065050029B9;44673735EAF46E11B7B78A650500BC08;2025-07-10;0.0;0.0
470F98BA2B9FFE11F1557891FE69C689;B0BDDED34CC83E11052F6792C000B249;2025-07-10;16.0;3894.08
4AC393A6A709CE11ADB31065050011B8;B0BDDED34CC83E11052F6792C000B249;2025-07-10;4.0;3000.78
01EE2BC7B22AFE11128010650500E819;FC081C55582CED11A62CD892C0003F2A;2025-07-10;0.0;0.0
1C8C3B7101CAED11A62CD892C0003F2A;B0BDDED34CC83E11052F6792C000B249;2025-07-10;48.0;4159.68
45C26A0553435E1142D58A650500DC08;B0BDDED34CC83E11052F6792C000B249;2025-07-10;4.0;559.2
24EE077F7D456E11B7B78A650500BC08;44673735EAF46E11B7B78A650500BC08;2025-07-10;-4.0;-124.8
5F2785D2D0CAED11A62CD892C0003F2A;B0BDDED34CC83E11052F6792C000B249;2025-07-10;4.0;303.08000000000004
68C844D3D0CAED11A62CD892C0003F2A;B0BDDED34CC83E11052F6792C000B249;2025-07-10;16.0;1212.3200000000002
9C7214516394DE11ADB310650500C0C8;B0BDDED34CC83E11052F6792C000B249;2025-07-10;14.0;2488.08
4F8F80BCACD75E1142D58A650500DC08;B0BDDED34CC83E11052F6792C000B249;2025-07-10;12.0;2341.44
1125F8F901CAED11A62CD892C0003F2A;B0BDDED34CC83E11052F6792C000B249;2025-07-10;16.0;2452.8
AA361ADB285CEE1191EE1065050029B9;FC081C55582CED11A62CD892C0003F2A;2025-07-10;20.0;13600.78
5B7D1BC2D2F2EE11B1AD1065050006EA;FC081C55582CED11A62CD892C0003F2A;2025-07-10;12.0;3122.9
D1B6F9AD0CA8BE118772106505005859;44673735EAF46E11B7B78A650500BC08;2025-07-10;40.0;1542.4
DAB662BB285CEE1191EE1065050029B9;44673735EAF46E11B7B78A650500BC08;2025-07-10;4.0;3570.16
433662970331FE1191EE106505006BB9;44673735EAF46E11B7B78A650500BC08;2025-07-10;6.0;3261.42
197FD577A0CAED11A62CD892C0003F2A;FC081C55582CED11A62CD892C0003F2A;2025-07-10;-4.0;-794.44
D8D2AA1FC1CAED11A62CD892C0003F2A;FC081C55582CED11A62CD892C0003F2A;2025-07-10;-4.0;-491.06
40B605C26F4EBE118772106505008F59;FC081C55582CED11A62CD892C0003F2A;2025-07-10;-2.0;-153.24
4523556045A0EE11406610650500BA4A;FC081C55582CED11A62CD892C0003F2A;2025-07-10;-2.0;-1856.24
B974E61DA0CAED11A62CD892C0003F2A;FC081C55582CED11A62CD892C0003F2A;2025-07-10;-2.0;-63.5
E7C138AC243C2E11052F6792C000CF39;FC081C55582CED11A62CD892C0003F2A;2025-07-10;-2.0;-447.46
DE33538948CE8E11F243BB650500C64B;FC081C55582CED11A62CD892C0003F2A;2025-07-10;-2.0;-1067.42
92FEAE833468DE11C84610650500E07A;FC081C55582CED11A62CD892C0003F2A;2025-07-10;-2.0;-1619.82
B28CA4E7DFB16E1142D58A650500AD08;FC081C55582CED11A62CD892C0003F2A;2025-07-10;-4.0;-1534.84
DC7927C450C50E11A4A96492C00060C8;FC081C55582CED11A62CD892C0003F2A;2025-07-10;-2.0;-339.24
0FEF367EEB0AFE11128010650500E819;FC081C55582CED11A62CD892C0003F2A;2025-07-10;-2.0;-79.6
5990467EEB0AFE11128010650500E819;FC081C55582CED11A62CD892C0003F2A;2025-07-10;-8.0;-333.12
26D80AB6930D9E11726010650500F94A;FC081C55582CED11A62CD892C0003F2A;2025-07-10;-4.0;-1186.88
8C9824D254A27E11B7B78A650500DD08;FC081C55582CED11A62CD892C0003F2A;2025-07-10;-2.0;-482.4
0470B4B3C533FE1191EE106505000EB9;FC081C55582CED11A62CD892C0003F2A;2025-07-10;-12.0;-919.9
7EF91A8D5D89FE11128010650500E819;FC081C55582CED11A62CD892C0003F2A;2025-07-10;-2.0;-305.2
3A35B77118EFDE11406610650500C94A;FC081C55582CED11A62CD892C0003F2A;2025-07-10;-2.0;-161.92
05B63D2329363E11052F6792C000FF39;FC081C55582CED11A62CD892C0003F2A;2025-07-10;-2.0;-72.52
7E1B0AEBD1CAED11A62CD892C0003F2A;FC081C55582CED11A62CD892C0003F2A;2025-07-10;-4.0;-267.86
2C754762F0CAED11A62CD892C0003F2A;FC081C55582CED11A62CD892C0003F2A;2025-07-10;-4.0;-448.0
B7AB793F18D2DE11ADB3106505007EB8;FC081C55582CED11A62CD892C0003F2A;2025-07-10;-6.0;-120.0
A273F5EFBEDC9E11726010650500C94A;FC081C55582CED11A62CD892C0003F2A;2025-07-10;-4.0;-636.82
4306E2D6F4F98E11F243BB650500104B;FC081C55582CED11A62CD892C0003F2A;2025-07-10;-2.0;-532.88
5F6A73906B5A3E11052F6792C000D249;FC081C55582CED11A62CD892C0003F2A;2025-07-10;-2.0;-244.54
3111A93BC7E10F114EF7A826072BE989;FC081C55582CED11A62CD892C0003F2A;2025-07-10;-6.0;-598.14
6295424F18D2DE11ADB3106505007EB8;FC081C55582CED11A62CD892C0003F2A;2025-07-10;-4.0;-80.0
BDAA27E838050F114EF7A826072BED89;FC081C55582CED11A62CD892C0003F2A;2025-07-10;-4.0;-543.8
0CBCA68138C6EE1191EE1065050086B9;FC081C55582CED11A62CD892C0003F2A;2025-07-10;-2.0;-1022.52
E3D1702A3A73CE118772106505001669;FC081C55582CED11A62CD892C0003F2A;2025-07-10;-2.0;-1175.36
752D857794A3DE11ADB3106505007FB8;FC081C55582CED11A62CD892C0003F2A;2025-07-10;-2.0;-244.88
F21EA3470C7DFE1158A3BB3DBE8E1489;FC081C55582CED11A62CD892C0003F2A;2025-07-10;-4.0;-65.56
8D985F380D8FCE11ADB310650500E9B8;FC081C55582CED11A62CD892C0003F2A;2025-07-10;-22.0;-1919.06
5D6ECE3B445F9E11726010650500FC4A;FC081C55582CED11A62CD892C0003F2A;2025-07-10;-4.0;-772.16
5F27FDFE87DC6E11B7B78A650500BC08;FC081C55582CED11A62CD892C0003F2A;2025-07-10;-2.0;-107.86
27463F78D34DEE1191EE1065050029B9;FC081C55582CED11A62CD892C0003F2A;2025-07-10;-2.0;-336.6
05D62F2F5D89FE11128010650500E819;FC081C55582CED11A62CD892C0003F2A;2025-07-10;-8.0;-1597.4
33479886119EBE11877210650500DF59;FC081C55582CED11A62CD892C0003F2A;2025-07-10;-14.0;-390.04
9917DF2A887CCE11ADB310650500B5B8;FC081C55582CED11A62CD892C0003F2A;2025-07-10;-12.0;-404.46
5B66AB291959FE11128010650500E819;FC081C55582CED11A62CD892C0003F2A;2025-07-10;-2.0;-847.8
AC1389756077FE1191EE1065050093C9;FC081C55582CED11A62CD892C0003F2A;2025-07-10;-4.0;-1124.24
9B26705D2640FE1191EE106505003AB9;FC081C55582CED11A62CD892C0003F2A;2025-07-10;-2.0;-215.42
1C8C3B7101CAED11A62CD892C0003F2A;FC081C55582CED11A62CD892C0003F2A;2025-07-10;-10.0;-869.1
D85F2BC7B22AFE11128010650500E819;FC081C55582CED11A62CD892C0003F2A;2025-07-10;-4.4;-825.76
CF3C644BB3900F11F1557891FE690889;FC081C55582CED11A62CD892C0003F2A;2025-07-10;-38.0;-2229.84
31175E8248F20F114EF7A826072B4B89;FC081C55582CED11A62CD892C0003F2A;2025-07-10;-2.0;-51.54
98AF7716534DEE1191EE1065050029B9;FC081C55582CED11A62CD892C0003F2A;2025-07-10;-4.0;-17.72
3962C3F8DE9F8E11F243BB650500D74B;FC081C55582CED11A62CD892C0003F2A;2025-07-10;-2.0;-65.96
1CE8AFA771500F11F1557891FE69B789;FC081C55582CED11A62CD892C0003F2A;2025-07-10;-2.0;-24.0
A58FD5DCC691FE1191EE10650500EBB9;FC081C55582CED11A62CD892C0003F2A;2025-07-10;-2.0;-43.12
5BA4B2B77019FE11128010650500E819;FC081C55582CED11A62CD892C0003F2A;2025-07-10;-2.0;-82.26
C0FE426344D67E11B7B78A650500ED08;FC081C55582CED11A62CD892C0003F2A;2025-07-10;-2.0;-66.02
CD1960E05EEC9E11726010650500D94A;FC081C55582CED11A62CD892C0003F2A;2025-07-10;-10.0;-433.6
0C0C60FD6CE7CE11ADB3106505009FA8;FC081C55582CED11A62CD892C0003F2A;2025-07-10;-4.0;-86.18
EBB4EA11BBB88E11F243BB6505008E3B;FC081C55582CED11A62CD892C0003F2A;2025-07-10;-2.0;-143.86
2929AFA771500F11F1557891FE69B789;FC081C55582CED11A62CD892C0003F2A;2025-07-10;-2.0;-38.0
B62FCEDF4E3C9E11726010650500F84A;FC081C55582CED11A62CD892C0003F2A;2025-07-10;-2.0;-95.36
1D642DB93EAFFE11F1557891FE69E689;FC081C55582CED11A62CD892C0003F2A;2025-07-10;-2.0;-19.34
C908184E58A1CE11877210650500C369;FC081C55582CED11A62CD892C0003F2A;2025-07-10;-2.0;-132.46
8F39F53C03D4AE11726010650500F35A;FC081C55582CED11A62CD892C0003F2A;2025-07-10;-2.0;-12.82
B85FB04E10A1EE11406610650500FB4A;FC081C55582CED11A62CD892C0003F2A;2025-07-10;-2.0;-74.88
F8BB29C3C89D7E110819BB65050039AA;FC081C55582CED11A62CD892C0003F2A;2025-07-10;-2.0;-87.46
39FED082E7A2DE11ADB3106505003EB8;FC081C55582CED11A62CD892C0003F2A;2025-07-10;-2.0;-51.24
B6F9843DFDBEEE1191EE1065050029B9;FC081C55582CED11A62CD892C0003F2A;2025-07-10;-2.0;-154.7
61E698B144D67E11B7B78A650500ED08;FC081C55582CED11A62CD892C0003F2A;2025-07-10;-2.0;-82.24
C0E945922E130F114EF7A826072B7B89;FC081C55582CED11A62CD892C0003F2A;2025-07-10;-2.0;-52.0
5AF37C1F9F2DBE118772106505001E59;FC081C55582CED11A62CD892C0003F2A;2025-07-10;-6.0;-75.30000000000001
43CDFEC14786CE11ADB310650500DDA8;FC081C55582CED11A62CD892C0003F2A;2025-07-10;-2.0;-26.38
2F2B6B9C779C2E11052F6792C000CF39;FC081C55582CED11A62CD892C0003F2A;2025-07-10;-2.0;-174.18
DDE0041AF2A7AE11BE2110650500BA4A;FC081C55582CED11A62CD892C0003F2A;2025-07-10;-2.0;-264.54
18F9A5D06F466E11B7B78A650500BC08;FC081C55582CED11A62CD892C0003F2A;2025-07-10;-2.0;-173.9
F4AF71E4075DCE11ADB310650500E6B8;FC081C55582CED11A62CD892C0003F2A;2025-07-10;-2.0;-113.4
D432C5738D466E11B7B78A650500BC08;FC081C55582CED11A62CD892C0003F2A;2025-07-10;-2.0;-210.64
FC08D74EF0A7FE1191EE10650500D3C9;FC081C55582CED11A62CD892C0003F2A;2025-07-10;-2.0;-592.96
B6704D8DFE8C7E110819BB65050039AA;FC081C55582CED11A62CD892C0003F2A;2025-07-10;-2.0;-327.5
C000819A08FCFD11A4A96492C000CB59;FC081C55582CED11A62CD892C0003F2A;2025-07-10;-2.0;-254.82
9E6316FBBD1EFE11F1557891FE69E489;FC081C55582CED11A62CD892C0003F2A;2025-07-10;-2.0;-258.42
D9E59375470A0E11A4A96492C0001269;FC081C55582CED11A62CD892C0003F2A;2025-07-10;-2.0;-293.0
A84CFFED30750F114EF7A826072B6E89;FC081C55582CED11A62CD892C0003F2A;2025-07-10;-2.0;-301.84
CE3A8CB7C54DEE1191EE1065050029B9;FC081C55582CED11A62CD892C0003F2A;2025-07-10;-6.0;-106.26
71D8EA98F0CAED11A62CD892C0003F2A;FC081C55582CED11A62CD892C0003F2A;2025-07-10;-4.0;-413.36
1587D87F697BAE11BE21106505009F4A;FC081C55582CED11A62CD892C0003F2A;2025-07-10;-2.0;-98.8
4784E24A772A7E110819BB65050029AA;FC081C55582CED11A62CD892C0003F2A;2025-07-10;-2.0;-282.0
D704915671E19E11F243BB650500BA4B;FC081C55582CED11A62CD892C0003F2A;2025-07-10;-4.0;-1294.12
CCE2C3C81EBBDE11406610650500444A;FC081C55582CED11A62CD892C0003F2A;2025-07-10;-2.0;-30.86
AECE2A122B0E8E11F243BB650500D54B;FC081C55582CED11A62CD892C0003F2A;2025-07-10;-2.0;-592.48
5350F00C213FEE1191EE1065050029B9;FC081C55582CED11A62CD892C0003F2A;2025-07-10;-4.0;-60.52
5F88C2FE4F85EE1191EE10650500F4B9;FC081C55582CED11A62CD892C0003F2A;2025-07-10;-2.0;-1008.62
36002BFD52DC4E1142D58A650500BC08;FC081C55582CED11A62CD892C0003F2A;2025-07-10;-4.0;-363.5
9320D83931CAED11A62CD892C0003F2A;FC081C55582CED11A62CD892C0003F2A;2025-07-10;-2.0;-2255.76
65F04127ACD75E1142D58A650500DC08;FC081C55582CED11A62CD892C0003F2A;2025-07-10;-2.0;-198.84
EF8779C141CAED11A62CD892C0003F2A;FC081C55582CED11A62CD892C0003F2A;2025-07-10;-2.0;-437.4
C5379EB26DA7FE1191EE10650500E3C9;FC081C55582CED11A62CD892C0003F2A;2025-07-10;-6.0;-334.32
45D568BC30674E1142D58A6505002C08;FC081C55582CED11A62CD892C0003F2A;2025-07-10;-4.0;-141.5
450E0212599EFE11F1557891FE698589;FC081C55582CED11A62CD892C0003F2A;2025-07-10;-2.0;-558.0
F52B22D501CAED11A62CD892C0003F2A;FC081C55582CED11A62CD892C0003F2A;2025-07-10;-4.0;-499.24
80B80E8CC31F9E11726010650500AC4A;FC081C55582CED11A62CD892C0003F2A;2025-07-10;-2.0;-380.18
1797B5EAD1603E11052F6792C000CF39;FC081C55582CED11A62CD892C0003F2A;2025-07-10;-10.0;-1281.8999999999999
A468FD5B2466DE11ADB31065050013C8;FC081C55582CED11A62CD892C0003F2A;2025-07-10;-2.0;-370.56
75CE6698295EDE11406610650500C74A;FC081C55582CED11A62CD892C0003F2A;2025-07-10;-4.0;-209.0
F5F18BC1419EBE11877210650500DF59;FC081C55582CED11A62CD892C0003F2A;2025-07-10;-20.0;-529.4
37A27E4D9A630F114EF7A826072BDB89;FC081C55582CED11A62CD892C0003F2A;2025-07-10;-2.0;-297.0
0562D1D2432FFE11F1557891FE693689;FC081C55582CED11A62CD892C0003F2A;2025-07-10;-2.0;-46.56
432DDBD67B5EEE1191EE1065050029B9;FC081C55582CED11A62CD892C0003F2A;2025-07-10;-2.0;-133.2
289291095282DE11ADB3106505000EB8;FC081C55582CED11A62CD892C0003F2A;2025-07-10;-4.0;-2761.46
1B010D17782ADE11406610650500224A;FC081C55582CED11A62CD892C0003F2A;2025-07-10;-48.0;-591.26
2395ECE7D4F98E11F243BB650500104B;FC081C55582CED11A62CD892C0003F2A;2025-07-10;-4.0;-1065.76
5F8EA3470C7DFE1158A3BB3DBE8E1489;FC081C55582CED11A62CD892C0003F2A;2025-07-10;-6.0;-122.94
BB91881961FFBE118772106505009169;FC081C55582CED11A62CD892C0003F2A;2025-07-10;-4.0;-289.24
75EFBBF7B5F5FE1191EE10650500A1C9;FC081C55582CED11A62CD892C0003F2A;2025-07-10;-2.0;-327.44
47AF8A5FC0CAED11A62CD892C0003F2A;FC081C55582CED11A62CD892C0003F2A;2025-07-10;-2.0;-276.38
0B14A9ED5D89FE11128010650500E819;FC081C55582CED11A62CD892C0003F2A;2025-07-10;-2.0;-305.2
DD9E751FED71FE1191EE10650500CBB9;FC081C55582CED11A62CD892C0003F2A;2025-07-10;-2.0;-608.74
A438A9CC67F2BE11BE2110650500295A;FC081C55582CED11A62CD892C0003F2A;2025-07-10;-2.0;-610.6
31673859B586CE11ADB310650500DDA8;FC081C55582CED11A62CD892C0003F2A;2025-07-10;-2.0;-23.92
72C6DDA882D2FE1191EE106505007DB9;FC081C55582CED11A62CD892C0003F2A;2025-07-10;-2.0;-855.36
937F32B541341E1143F0668E42008C3B;FC081C55582CED11A62CD892C0003F2A;2025-07-10;-2.0;-92.88
9E07E00161D4EE11B1AD1065050068EA;FC081C55582CED11A62CD892C0003F2A;2025-07-10;-2.0;-160.18
3BE5FCA9591A6E11B7B78A650500BC08;FC081C55582CED11A62CD892C0003F2A;2025-07-10;-2.0;-161.0
280BF1E6BE52EE11406610650500FC4A;FC081C55582CED11A62CD892C0003F2A;2025-07-10;-2.0;-220.0
6661F840F0CAED11A62CD892C0003F2A;FC081C55582CED11A62CD892C0003F2A;2025-07-10;-2.0;-354.98
2621984BEB314E1142D58A650500DB08;FC081C55582CED11A62CD892C0003F2A;2025-07-10;-4.0;-519.0
D7E0F0474371BE11BE2110650500375A;FC081C55582CED11A62CD892C0003F2A;2025-07-10;-2.0;-495.04
FE09AA3111CAED11A62CD892C0003F2A;FC081C55582CED11A62CD892C0003F2A;2025-07-10;-2.0;-912.7
02F4728A9D27EE1191EE10650500C6B9;FC081C55582CED11A62CD892C0003F2A;2025-07-10;-2.0;-442.42
68F987502F039E115540106505005C3B;FC081C55582CED11A62CD892C0003F2A;2025-07-10;-2.0;-1476.98
3AA84F16327EAE11BE2110650500635A;FC081C55582CED11A62CD892C0003F2A;2025-07-10;-2.0;-340.0
2E05902431CAED11A62CD892C0003F2A;FC081C55582CED11A62CD892C0003F2A;2025-07-10;-2.0;-521.6
F58839F9A85B0E11A4A96492C0001269;FC081C55582CED11A62CD892C0003F2A;2025-07-10;-2.0;-58.12
0FC37FE70E22FE1191EE10650500ACB9;FC081C55582CED11A62CD892C0003F2A;2025-07-10;-2.0;-568.86
8018E9D401CAED11A62CD892C0003F2A;FC081C55582CED11A62CD892C0003F2A;2025-07-10;-2.0;-148.6
AB05CAAB58DD4E1142D58A650500BC08;FC081C55582CED11A62CD892C0003F2A;2025-07-10;-2.0;-652.0
FE31AC4136137E11B7B78A650500DD08;FC081C55582CED11A62CD892C0003F2A;2025-07-10;-4.0;-1353.82
53A6B7DB01CAED11A62CD892C0003F2A;FC081C55582CED11A62CD892C0003F2A;2025-07-10;-2.0;-367.96
1B67D2676DCDDE11406610650500F64A;FC081C55582CED11A62CD892C0003F2A;2025-07-10;-2.0;-637.76
7E8FA3ED4CA79E11554010650500524B;FC081C55582CED11A62CD892C0003F2A;2025-07-10;-2.0;-491.16
5A062970BEE4AE11726010650500145A;FC081C55582CED11A62CD892C0003F2A;2025-07-10;-8.0;-418.94
0D4386A6153B1E1143F0668E4200EF5A;FC081C55582CED11A62CD892C0003F2A;2025-07-10;-2.0;-293.0
9003A200FFAFFE11F1557891FE69E689;B0BDDED34CC83E11052F6792C000B249;2025-07-10;-4.0;-321.0
602270AC81CAED11A62CD892C0003F2A;B0BDDED34CC83E11052F6792C000B249;2025-07-10;-2.0;-353.72
4877C406B70ECE11ADB310650500D7B8;B0BDDED34CC83E11052F6792C000B249;2025-07-10;-2.0;-281.56
AA496D0AE69FBE118772106505002169;B0BDDED34CC83E11052F6792C000B249;2025-07-10;-2.0;-92.4
F71074C403C2EE11B1AD10650500C5EA;B0BDDED34CC83E11052F6792C000B249;2025-07-10;-4.0;-413.6
36665FA58956FE1191EE1065050022C9;B0BDDED34CC83E11052F6792C000B249;2025-07-10;-2.0;-586.28
243848E551218E110819BB65050039AA;B0BDDED34CC83E11052F6792C000B249;2025-07-10;-2.0;-586.9
C9BC4C07D0CBEE1191EE1065050029B9;B0BDDED34CC83E11052F6792C000B249;2025-07-10;-8.0;-1774.24
BBF338848ABAFE11128010650500E819;B0BDDED34CC83E11052F6792C000B249;2025-07-10;-8.0;-225.2
21D4662C575FFE11F1557891FE697689;B0BDDED34CC83E11052F6792C000B249;2025-07-10;-2.0;-120.0
0F38AF2514D7EE1191EE1065050097B9;B0BDDED34CC83E11052F6792C000B249;2025-07-10;-10.0;-294.3
B713992A12238E117E64BB6505005BAA;B0BDDED34CC83E11052F6792C000B249;2025-07-10;-6.0;-672.0
76BF564008EAEE1191EE1065050019B9;B0BDDED34CC83E11052F6792C000B249;2025-07-10;-2.0;-1634.86
030016A9E4807E11B7B78A650500CD08;B0BDDED34CC83E11052F6792C000B249;2025-07-10;-2.0;-772.92
9492D0A83394DE11ADB310650500C0C8;B0BDDED34CC83E11052F6792C000B249;2025-07-10;-2.0;-435.64
DAAD4FC3FDE4AE11726010650500145A;B0BDDED34CC83E11052F6792C000B249;2025-07-10;-4.0;-327.12
3093F37765D65E1142D58A650500DC08;B0BDDED34CC83E11052F6792C000B249;2025-07-10;-2.0;-279.74
AEDC4EE7A0CAED11A62CD892C0003F2A;B0BDDED34CC83E11052F6792C000B249;2025-07-10;-2.0;-200.82
B9C3840F18363E11052F6792C000FF39;B0BDDED34CC83E11052F6792C000B249;2025-07-10;-6.0;-513.78
498E84EBBD1EFE11F1557891FE69E489;B0BDDED34CC83E11052F6792C000B249;2025-07-10;-2.0;-139.0
3C4E17A90E907E11B7B78A650500CD08;B0BDDED34CC83E11052F6792C000B249;2025-07-10;-4.0;-330.2
8A3F22AA137C1E1143F0668E4200502B;B0BDDED34CC83E11052F6792C000B249;2025-07-10;-4.0;-146.44
B6842571709EBE11877210650500DF59;B0BDDED34CC83E11052F6792C000B249;2025-07-10;-6.0;-158.82
1E3B2E5B09DD9E117260106505000B4A;B0BDDED34CC83E11052F6792C000B249;2025-07-10;-2.0;-311.98
5101C7FFF0CAED11A62CD892C0003F2A;B0BDDED34CC83E11052F6792C000B249;2025-07-10;-8.0;-607.84
78D5B01A0223CE11877210650500A569;B0BDDED34CC83E11052F6792C000B249;2025-07-10;-30.0;-945.86
D67DDBD899363E11052F6792C000FF39;B0BDDED34CC83E11052F6792C000B249;2025-07-10;-2.0;-66.92
469071BA258EFE11F1557891FE696589;B0BDDED34CC83E11052F6792C000B249;2025-07-10;-2.0;-630.4
58B31D230F1A8E11F243BB650500404B;B0BDDED34CC83E11052F6792C000B249;2025-07-10;-2.0;-398.08
CD04329793042E1143F0668E4200C71A;B0BDDED34CC83E11052F6792C000B249;2025-07-10;-2.0;-292.72
6AB38A19BDB0EE11406610650500DA4A;B0BDDED34CC83E11052F6792C000B249;2025-07-10;-2.0;-214.0
5D088BB17BA8BE118772106505005859;B0BDDED34CC83E11052F6792C000B249;2025-07-10;-2.0;-801.66
F9DC0BE73ED5AE11BE2110650500784A;B0BDDED34CC83E11052F6792C000B249;2025-07-10;-2.0;-179.0
44A455F8FBF76E11B7B78A650500BC08;B0BDDED34CC83E11052F6792C000B249;2025-07-10;-4.0;-762.84
799C8EE9F7BAFE11128010650500E819;B0BDDED34CC83E11052F6792C000B249;2025-07-10;-2.0;-45.6
A1154C352D456E11B7B78A650500BC08;B0BDDED34CC83E11052F6792C000B249;2025-07-10;-2.0;-304.8
C1D32BDCFFAEDE11406610650500384A;B0BDDED34CC83E11052F6792C000B249;2025-07-10;-50.0;-1587.0
67F732FC5CFFFE11F1557891FE694789;B0BDDED34CC83E11052F6792C000B249;2025-07-10;-10.0;-860.0
B6DE07F7EB23FE1191EE10650500FDB9;B0BDDED34CC83E11052F6792C000B249;2025-07-10;-2.0;-312.32
A97B9914F5E6FE1191EE10650500D2C9;B0BDDED34CC83E11052F6792C000B249;2025-07-10;-2.0;-22.04
B67DE1C2688EED11A62CD892C000399B;B0BDDED34CC83E11052F6792C000B249;2025-07-10;-2.0;-214.42
11D93E8BE3900F11F1557891FE690889;B0BDDED34CC83E11052F6792C000B249;2025-07-10;-2.0;-588.88
001C3520486FCE11ADB310650500B9B8;B0BDDED34CC83E11052F6792C000B249;2025-07-10;-2.0;-1349.78
3A332A90025EFE11F1557891FE692589;B0BDDED34CC83E11052F6792C000B249;2025-07-10;-8.0;-759.68
F755790370FBEE1191EE1065050029B9;B0BDDED34CC83E11052F6792C000B249;2025-07-10;-2.0;-288.0
7410AFC583A76E11B7B78A650500BC08;B0BDDED34CC83E11052F6792C000B249;2025-07-10;-2.0;-485.12
DC280D4ACE23FD110DC22A92C000C499;B0BDDED34CC83E11052F6792C000B249;2025-07-10;-8.0;-276.96
D07C7FD8F1BD3E11052F6792C000D249;B0BDDED34CC83E11052F6792C000B249;2025-07-10;-2.0;-74.04
3E2F47E1F6E10F114EF7A826072BE989;B0BDDED34CC83E11052F6792C000B249;2025-07-10;-6.0;-594.0
CEFD78AF2AC75E1142D58A650500DC08;B0BDDED34CC83E11052F6792C000B249;2025-07-10;-2.0;-247.74
4719182F55FDFE11F1557891FE69B489;B0BDDED34CC83E11052F6792C000B249;2025-07-10;-6.0;-360.42
DD1E79FF5A2A4E1142D58A6505009C08;B0BDDED34CC83E11052F6792C000B249;2025-07-10;-2.0;-162.0
CE6A15CC6F06BE118772106505000559;B0BDDED34CC83E11052F6792C000B249;2025-07-10;-2.0;-276.52
B9FC1101D21B1E1143F0668E4200EF5A;B0BDDED34CC83E11052F6792C000B249;2025-07-10;-2.0;-429.34
8F39248CF5802E1143F0668E4200C71A;B0BDDED34CC83E11052F6792C000B249;2025-07-10;-2.0;-793.16
D101C7FFF0CAED11A62CD892C0003F2A;B0BDDED34CC83E11052F6792C000B249;2025-07-10;-8.0;-408.94
65551C7F8D510F11112A674AC7E22989;B0BDDED34CC83E11052F6792C000B249;2025-07-10;-2.0;-2701.08
E91E9EEEDD500F11F1557891FE69C789;B0BDDED34CC83E11052F6792C000B249;2025-07-10;-2.0;-25.48
EAF22A90025EFE11F1557891FE692589;B0BDDED34CC83E11052F6792C000B249;2025-07-10;-12.0;-139.56
A1BF291C7A278E11F243BB6505008C3B;B0BDDED34CC83E11052F6792C000B249;2025-07-10;-2.0;-64.34
DC746E240E3CEE1191EE1065050029B9;B0BDDED34CC83E11052F6792C000B249;2025-07-10;-2.0;-239.28
DDE0041AF2A7AE11BE2110650500BA4A;B0BDDED34CC83E11052F6792C000B249;2025-07-10;-6.0;-794.46
9416EA256CA4DE11ADB310650500E0C8;B0BDDED34CC83E11052F6792C000B249;2025-07-10;-2.0;-291.08
E2C4FF2E22C18E111E1BBB65050099AA;B0BDDED34CC83E11052F6792C000B249;2025-07-10;-2.0;-368.54
9CF6BB3F5A1B8E11F243BB650500814B;B0BDDED34CC83E11052F6792C000B249;2025-07-10;-2.0;-303.18
B59C5C3EB35AEE1191EE1065050009B9;B0BDDED34CC83E11052F6792C000B249;2025-07-10;-2.0;-212.88
CFC2663A31CAED11A62CD892C0003F2A;B0BDDED34CC83E11052F6792C000B249;2025-07-10;-4.0;-1080.28
BE3D0375C09EBE11877210650500DF59;B0BDDED34CC83E11052F6792C000B249;2025-07-10;-4.0;-105.88
636B21903C68FE11128010650500D819;B0BDDED34CC83E11052F6792C000B249;2025-07-10;-2.0;-504.02
4544DE59DD7ABE11877210650500AA59;B0BDDED34CC83E11052F6792C000B249;2025-07-10;-2.0;-261.5
721F242309A8FE11128010650500D819;B0BDDED34CC83E11052F6792C000B249;2025-07-10;-4.0;-31.5
06CA5E727D5FCE11ADB310650500A9B8;B0BDDED34CC83E11052F6792C000B249;2025-07-10;-2.0;-54.22
D1B6F9AD0CA8BE118772106505005859;B0BDDED34CC83E11052F6792C000B249;2025-07-10;-2.0;-77.12
51140DB46D79FE11128010650500E819;B0BDDED34CC83E11052F6792C000B249;2025-07-10;-2.0;-193.6
77054643119EBE11877210650500DF59;B0BDDED34CC83E11052F6792C000B249;2025-07-10;-18.0;-476.46
4D4F333878C45E1142D58A650500DC08;B0BDDED34CC83E11052F6792C000B249;2025-07-10;-2.0;-305.34
9AB7B86A0EE4AE11726010650500145A;B0BDDED34CC83E11052F6792C000B249;2025-07-10;-2.0;-53.54
D3033A80E0CAED11A62CD892C0003F2A;B0BDDED34CC83E11052F6792C000B249;2025-07-10;-2.0;-298.58
F3356D0E4D456E11B7B78A650500BC08;B0BDDED34CC83E11052F6792C000B249;2025-07-10;-2.0;-737.02
6BEBE596FB913E11052F6792C000CF39;B0BDDED34CC83E11052F6792C000B249;2025-07-10;-4.0;-2112.0
768A98A22466DE11ADB31065050013C8;B0BDDED34CC83E11052F6792C000B249;2025-07-10;-2.0;-370.56
3BB58A554D929E11554010650500CB3B;44673735EAF46E11B7B78A650500BC08;2025-07-10;-14.0;-728.0
E531F6045321AE117260106505004F4A;44673735EAF46E11B7B78A650500BC08;2025-07-10;-2.0;-2676.0
F6AD25AB066E9E11726010650500CB4A;44673735EAF46E11B7B78A650500BC08;2025-07-10;-4.0;-123.58
7C6B6DA71D9F7E110819BB65050039AA;44673735EAF46E11B7B78A650500BC08;2025-07-10;-4.0;-142.42000000000002
44D93A8F390FEE1191EE1065050029B9;44673735EAF46E11B7B78A650500BC08;2025-07-10;-4.0;-28.840000000000003
435F50F3ED456E11B7B78A650500BC08;44673735EAF46E11B7B78A650500BC08;2025-07-10;-42.0;-3331.3199999999997
4E3AB6E65BCA7E110819BB65050039AA;44673735EAF46E11B7B78A650500BC08;2025-07-10;-4.0;-760.0
3AA84F16327EAE11BE2110650500635A;44673735EAF46E11B7B78A650500BC08;2025-07-10;-20.0;-3400.0
931A2F54CCACEE1191EE1065050029B9;44673735EAF46E11B7B78A650500BC08;2025-07-10;-2.0;-177.86
840B6F7A91E8CE11ADB310650500E0B8;44673735EAF46E11B7B78A650500BC08;2025-07-10;-2.0;-45.02
480EBAFE1B4CFE111280106505000919;44673735EAF46E11B7B78A650500BC08;2025-07-10;-2.0;-2040.18
021065333ECEAE11BE2110650500D35A;44673735EAF46E11B7B78A650500BC08;2025-07-10;-14.0;-1925.0
7F2772128762CE11877210650500B469;44673735EAF46E11B7B78A650500BC08;2025-07-10;-2.0;-560.0
C73E1F90A4ABEE1191EE1065050029B9;44673735EAF46E11B7B78A650500BC08;2025-07-10;-10.0;-712.0
CD5D1F518805FE1191EE1065050070C9;44673735EAF46E11B7B78A650500BC08;2025-07-10;-6.0;-614.04
4520B4FF13DB8E11F243BB650500724B;44673735EAF46E11B7B78A650500BC08;2025-07-10;-4.0;-121.16
DE3C03016F456E11B7B78A650500BC08;44673735EAF46E11B7B78A650500BC08;2025-07-10;-2.0;-573.94
6F2A31A4AE58BE11877210650500F759;44673735EAF46E11B7B78A650500BC08;2025-07-10;-2.0;-154.44
55176C99377BAE11BE21106505009F4A;44673735EAF46E11B7B78A650500BC08;2025-07-10;-2.0;-224.2
96F8E8635D28BE11877210650500B759;44673735EAF46E11B7B78A650500BC08;2025-07-10;-2.0;-1075.76
F3D04819EC6C8E11F243BB650500734B;44673735EAF46E11B7B78A650500BC08;2025-07-10;-2.0;-60.08
EF56646F6E08DE11C84610650500707A;44673735EAF46E11B7B78A650500BC08;2025-07-10;-4.0;-339.12
BE6FE70180A49E115540106505006E3B;44673735EAF46E11B7B78A650500BC08;2025-07-10;-4.0;-3190.42
A62845952442DE11ADB310650500BDB8;44673735EAF46E11B7B78A650500BC08;2025-07-10;-10.0;-630.0
C6626AC0E672DE11ADB310650500FDB8;44673735EAF46E11B7B78A650500BC08;2025-07-10;-2.0;-324.0
401F18FBF9456E11B7B78A650500BC08;44673735EAF46E11B7B78A650500BC08;2025-07-10;-10.0;-221.42
79F276303C456E11B7B78A650500BC08;44673735EAF46E11B7B78A650500BC08;2025-07-10;-2.0;-762.86
A59E6D4182C97E110819BB65050019AA;44673735EAF46E11B7B78A650500BC08;2025-07-10;-80.0;-730.98
EAB0DD543E4DDE11406610650500564A;44673735EAF46E11B7B78A650500BC08;2025-07-10;-4.0;-1021.62
B524D5E2AEEBCE11ADB310650500E4B8;44673735EAF46E11B7B78A650500BC08;2025-07-10;-2.0;-318.66
DAAC7AA8BEB0DE11ADB3106505009BB8;44673735EAF46E11B7B78A650500BC08;2025-07-10;-16.0;-920.0
1624D5E2AEEBCE11ADB310650500E4B8;44673735EAF46E11B7B78A650500BC08;2025-07-10;-14.0;-1601.34
24B6180866CFAE11BE2110650500155A;44673735EAF46E11B7B78A650500BC08;2025-07-10;-2.0;-123.68
390FC1B3681FAE11BE2110650500345A;44673735EAF46E11B7B78A650500BC08;2025-07-10;-10.0;-1350.0
A5C7703F6EEAAE11BE2110650500EE4A;44673735EAF46E11B7B78A650500BC08;2025-07-10;-110.0;-4662.0599999999995
2EAA59F21C7C9E11726010650500494A;44673735EAF46E11B7B78A650500BC08;2025-07-10;-2.0;-111.42
7864F87E22039E115540106505004C3B;44673735EAF46E11B7B78A650500BC08;2025-07-10;-12.0;-1113.0
09C1EFE6AC456E11B7B78A650500BC08;44673735EAF46E11B7B78A650500BC08;2025-07-10;-6.0;-793.8000000000001
FACC7CBF91459E115540106505004F3B;44673735EAF46E11B7B78A650500BC08;2025-07-10;-2.0;-166.5
580720C2854AEE1191EE1065050009B9;44673735EAF46E11B7B78A650500BC08;2025-07-10;-4.0;-9921.619999999999
A20DED1F3C456E11B7B78A650500BC08;44673735EAF46E11B7B78A650500BC08;2025-07-10;-6.0;-1478.4
91E6AA7F8713CE118772106505009569;44673735EAF46E11B7B78A650500BC08;2025-07-10;-6.0;-462.18
8E05966E76730F1158A3BB3DBE8EEB89;44673735EAF46E11B7B78A650500BC08;2025-07-10;-4.0;-465.96
FEE0908B533F6E11B7B78A650500CD08;44673735EAF46E11B7B78A650500BC08;2025-07-10;-2.0;-38.2
12C1117A9138CE11ADB310650500FFA8;44673735EAF46E11B7B78A650500BC08;2025-07-10;-6.0;-573.0
4CB042CE6F90CE118772106505007269;44673735EAF46E11B7B78A650500BC08;2025-07-10;-2.0;-276.06
BA907F315F35CE11ADB3106505001DA8;44673735EAF46E11B7B78A650500BC08;2025-07-10;-4.0;-685.36
7BBE1513F4F3FE1191EE106505000FB9;44673735EAF46E11B7B78A650500BC08;2025-07-10;-2.0;-12600.0
157B282963039E115540106505004C3B;44673735EAF46E11B7B78A650500BC08;2025-07-10;-2.0;-143.04
235F50F3ED456E11B7B78A650500BC08;44673735EAF46E11B7B78A650500BC08;2025-07-10;-6.0;-433.8
421A5F1280EFFE11F1557891FE692789;44673735EAF46E11B7B78A650500BC08;2025-07-10;-2.0;-162.56
2E8042F6104FFE11F1557891FE695689;44673735EAF46E11B7B78A650500BC08;2025-07-10;-2.0;-89.66
BB394D087F7CBE118772106505003D59;44673735EAF46E11B7B78A650500BC08;2025-07-10;-2.0;-261.1
EA1AEBB305378E11F243BB6505009C3B;44673735EAF46E11B7B78A650500BC08;2025-07-10;-2.0;-1096.0
97A08DB18C82DE11ADB3106505001EB8;44673735EAF46E11B7B78A650500BC08;2025-07-10;-2.0;-47.94
A624EB2B2EF10F114EF7A826072B0A89;44673735EAF46E11B7B78A650500BC08;2025-07-10;-2.0;-121.2
955C03025B667E11B7B78A650500ED08;44673735EAF46E11B7B78A650500BC08;2025-07-10;-8.0;-395.76
6520B4FF13DB8E11F243BB650500724B;44673735EAF46E11B7B78A650500BC08;2025-07-10;-6.0;-188.88
01CAFA67C11A8E11F243BB650500304B;44673735EAF46E11B7B78A650500BC08;2025-07-10;-4.0;-353.24
781FFB92D0F27E11B7B78A650500DD08;44673735EAF46E11B7B78A650500BC08;2025-07-10;-2.0;-77.78
6DB332DC22637E11B7B78A650500DD08;44673735EAF46E11B7B78A650500BC08;2025-07-10;-4.0;-1136.0
EEF6B9DA12238E117E64BB6505005BAA;44673735EAF46E11B7B78A650500BC08;2025-07-10;-4.0;-168.0
A396E415AA79DE11406610650500414A;44673735EAF46E11B7B78A650500BC08;2025-07-10;-4.0;-720.0
3A5B53B0F13ECE11ADB31065050008B8;44673735EAF46E11B7B78A650500BC08;2025-07-10;-4.0;-1664.3
29F393D4BBB9AE11BE21106505006D4A;44673735EAF46E11B7B78A650500BC08;2025-07-10;-4.0;-143.0
65D7991766767E11B7B78A650500ED08;44673735EAF46E11B7B78A650500BC08;2025-07-10;-2.0;-911.98
F4D7E43B046B3E11052F6792C000D249;44673735EAF46E11B7B78A650500BC08;2025-07-10;-4.0;-251.36
90384A7B0321DE11ADB3106505003CB8;44673735EAF46E11B7B78A650500BC08;2025-07-10;-6.0;-330.0
97C758FCB9E66E11B7B78A650500BC08;44673735EAF46E11B7B78A650500BC08;2025-07-10;-2.0;-2468.0
B7A8AB783E456E11B7B78A650500BC08;44673735EAF46E11B7B78A650500BC08;2025-07-10;-2.0;-736.0
49F330E6FB456E11B7B78A650500BC08;44673735EAF46E11B7B78A650500BC08;2025-07-10;-2.0;-1020.0
B2E00B7EBAC9FE11128010650500E819;44673735EAF46E11B7B78A650500BC08;2025-07-10;-2.0;-102.0
E36130DB390FEE1191EE1065050029B9;44673735EAF46E11B7B78A650500BC08;2025-07-10;-2.0;-1150.06
3AE9426C9AD2DE11ADB3106505007EB8;44673735EAF46E11B7B78A650500BC08;2025-07-10;-2.0;-1395.56
80D78DBA13A4BE11BE21106505004B5A;44673735EAF46E11B7B78A650500BC08;2025-07-10;-2.0;-436.08
D5F75042DD456E11B7B78A650500BC08;44673735EAF46E11B7B78A650500BC08;2025-07-10;-2.0;-657.0
2610D6BC16718E110819BB65050039AA;44673735EAF46E11B7B78A650500BC08;2025-07-10;-6.0;-583.52
5A5704A9A667BE11877210650500B659;44673735EAF46E11B7B78A650500BC08;2025-07-10;-2.0;-907.06
B55D58813E456E11B7B78A650500BC08;44673735EAF46E11B7B78A650500BC08;2025-07-10;-2.0;-901.22
BBAFBB51D5867E11B7B78A650500ED08;44673735EAF46E11B7B78A650500BC08;2025-07-10;-2.0;-122.9
6FB73D3478DDCE11ADB31065050097B8;44673735EAF46E11B7B78A650500BC08;2025-07-10;-2.0;-1608.96
C89C67838E3CEE1191EE1065050029B9;44673735EAF46E11B7B78A650500BC08;2025-07-10;-2.0;-218.0
8036CF6B811FCE11ADB31065050029B8;44673735EAF46E11B7B78A650500BC08;2025-07-10;-2.0;-397.96
14137EBFE6197E110819BB65050009AA;44673735EAF46E11B7B78A650500BC08;2025-07-10;-2.0;-123.82
E457F42382E0DE11ADB310650500DBB8;44673735EAF46E11B7B78A650500BC08;2025-07-10;-2.0;-401.98
4148E0D56C68FE11128010650500D819;44673735EAF46E11B7B78A650500BC08;2025-07-10;-2.0;-138.0
9CE4C0041700EE11406610650500E94A;44673735EAF46E11B7B78A650500BC08;2025-07-10;0.0;0.0
850731F72442EE11406610650500DC4A;44673735EAF46E11B7B78A650500BC08;2025-07-10;-2.0;-1785.42
2726518B3C456E11B7B78A650500BC08;44673735EAF46E11B7B78A650500BC08;2025-07-10;-2.0;-368.6
A4BC032AFCFF6E11B7B78A650500CD08;44673735EAF46E11B7B78A650500BC08;2025-07-10;-2.0;-1336.74
A50CCF9DC0D6FD110DC22A92C000D158;44673735EAF46E11B7B78A650500BC08;2025-07-10;-6.0;-381.9
519DC998EB456E11B7B78A650500BC08;44673735EAF46E11B7B78A650500BC08;2025-07-10;-4.0;-660.4
223F8612E89FFE11F1557891FE69C689;44673735EAF46E11B7B78A650500BC08;2025-07-10;-2.0;-439.2
A7B0AA9CDA8D7E110819BB65050039AA;44673735EAF46E11B7B78A650500BC08;2025-07-10;-2.0;-169.06
FC577F655AE66E11B7B78A650500BC08;44673735EAF46E11B7B78A650500BC08;2025-07-10;-2.0;-59.4
49D8FD59CBAF7E110819BB65050039AA;44673735EAF46E11B7B78A650500BC08;2025-07-10;-4.0;-1542.24
C1077B1D5D456E11B7B78A650500BC08;44673735EAF46E11B7B78A650500BC08;2025-07-10;-2.0;-252.8
D1FD61B620556E11B7B78A650500BC08;44673735EAF46E11B7B78A650500BC08;2025-07-10;-4.0;-557.68
1ABDD438DAFB3E11052F6792C000D249;44673735EAF46E11B7B78A650500BC08;2025-07-10;-12.0;-334.26
6172F7393F896E11B7B78A650500BC08;44673735EAF46E11B7B78A650500BC08;2025-07-10;-2.0;-230.46
E60CCF9DC0D6FD110DC22A92C000D158;44673735EAF46E11B7B78A650500BC08;2025-07-10;-2.0;-114.44
993F0BD9DE7F6E11B7B78A650500CD08;44673735EAF46E11B7B78A650500BC08;2025-07-10;-2.0;-187.42
E26B0A42721A8E11F243BB650500304B;44673735EAF46E11B7B78A650500BC08;2025-07-10;-2.0;-93.54
9F9889072C8EAE11BE2110650500835A;44673735EAF46E11B7B78A650500BC08;2025-07-10;-4.0;-393.44
3D197076A5A2CE118772106505000569;44673735EAF46E11B7B78A650500BC08;2025-07-10;-6.0;-694.66
BB06520AE042DE11ADB310650500BDB8;44673735EAF46E11B7B78A650500BC08;2025-07-10;-2.0;-344.14
59F774234716DE11ADB310650500B2C8;44673735EAF46E11B7B78A650500BC08;2025-07-10;-2.0;-1032.34
56724960666FAE11BE2110650500945A;44673735EAF46E11B7B78A650500BC08;2025-07-10;-20.0;-3551.52
E1D840504C456E11B7B78A650500BC08;44673735EAF46E11B7B78A650500BC08;2025-07-10;-2.0;-388.74
40EA4B0B5377BE11877210650500C659;44673735EAF46E11B7B78A650500BC08;2025-07-10;-2.0;-2854.8
0CD58392A1567E11B7B78A650500ED08;44673735EAF46E11B7B78A650500BC08;2025-07-10;-2.0;-80.68
C78EA44D0F8BFE111280106505000919;44673735EAF46E11B7B78A650500BC08;2025-07-10;-2.0;-1177.0
E1A53233798AFE11128010650500E819;44673735EAF46E11B7B78A650500BC08;2025-07-10;-2.0;-865.36
FEB8CC61DE41BE11BE2110650500075A;44673735EAF46E11B7B78A650500BC08;2025-07-10;-2.0;-499.4
BF94BA3ED4BBEE1191EE1065050029B9;44673735EAF46E11B7B78A650500BC08;2025-07-10;-4.0;-280.0
A76AF266F94A6E11B7B78A650500BC08;44673735EAF46E11B7B78A650500BC08;2025-07-10;-2.0;-2560.0
84169B3E1E456E11B7B78A650500BC08;44673735EAF46E11B7B78A650500BC08;2025-07-10;-4.0;-392.4
3420D83931CAED11A62CD892C0003F2A;FC081C55582CED11A62CD892C0003F2A;2025-07-10;-2.0;-2061.62
CED30897CA200F11F1557891FE698789;FC081C55582CED11A62CD892C0003F2A;2025-07-10;-2.0;-464.0
F2D93A8F390FEE1191EE1065050029B9;44673735EAF46E11B7B78A650500BC08;2025-07-10;26.0;368.86
428F3442662BDE11406610650500734A;44673735EAF46E11B7B78A650500BC08;2025-07-10;40.0;7920.0
545019BC55E0EE114066106505000B4A;FC081C55582CED11A62CD892C0003F2A;2025-07-10;0.0;0.0
E494B3AC3508FE11128010650500D819;FC081C55582CED11A62CD892C0003F2A;2025-07-10;0.0;0.0
757918A00502EE114066106505008C4A;FC081C55582CED11A62CD892C0003F2A;2025-07-10;0.0;0.0
957918A00502EE114066106505008C4A;FC081C55582CED11A62CD892C0003F2A;2025-07-10;0.0;0.0
A2D9AD8BFEF0EE114066106505002B4A;FC081C55582CED11A62CD892C0003F2A;2025-07-10;0.0;0.0
967C472937E3FE1191EE10650500FEB9;FC081C55582CED11A62CD892C0003F2A;2025-07-10;0.0;0.0
D596351023CCCE11ADB31065050016B8;FC081C55582CED11A62CD892C0003F2A;2025-07-10;0.0;0.0
8DE9E75B2FF8AE11BE21106505007C4A;FC081C55582CED11A62CD892C0003F2A;2025-07-10;0.0;0.0
46ECEEFF7120FE1191EE106505000AB9;FC081C55582CED11A62CD892C0003F2A;2025-07-10;0.0;0.0
D3C386B6D3459E115540106505004F3B;FC081C55582CED11A62CD892C0003F2A;2025-07-10;0.0;0.0
071EE1A4A4D3DE11ADB310650500BFB8;FC081C55582CED11A62CD892C0003F2A;2025-07-10;0.0;0.0
5D47F081D23C6E11B7B78A650500BC08;FC081C55582CED11A62CD892C0003F2A;2025-07-10;0.0;0.0
2A46750DF425CE11ADB3106505000DA8;FC081C55582CED11A62CD892C0003F2A;2025-07-10;0.0;0.0
EBD25A6E878E8E11F243BB650500764B;44673735EAF46E11B7B78A650500BC08;2025-07-10;24.0;2264.16
E1884BB7DD151E1143F0668E4200EE89;FC081C55582CED11A62CD892C0003F2A;2025-07-10;16.0;5158.88
3C281BA39E7F6E11B7B78A650500CD08;44673735EAF46E11B7B78A650500BC08;2025-07-10;2.0;1315.24
8AD4693F2B140F114EF7A826072BBC89;44673735EAF46E11B7B78A650500BC08;2025-07-10;40.0;4410.0
894F120FD9456E11B7B78A650500BC08;44673735EAF46E11B7B78A650500BC08;2025-07-10;0.0;0.0
85BC61C3E9456E11B7B78A650500BC08;44673735EAF46E11B7B78A650500BC08;2025-07-10;-2.0;-674.24
1FAFB4AC7BE86E11B7B78A650500BC08;44673735EAF46E11B7B78A650500BC08;2025-07-10;0.0;9.094947017729282e-13
3152FDF39622CE118772106505006469;44673735EAF46E11B7B78A650500BC08;2025-07-10;0.0;0.0
B165459B3E456E11B7B78A650500BC08;44673735EAF46E11B7B78A650500BC08;2025-07-10;0.0;0.0
7573443D7E8ADE11406610650500A24A;44673735EAF46E11B7B78A650500BC08;2025-07-10;0.0;0.0
9C09394EB8E3BE11BE21106505005A5A;44673735EAF46E11B7B78A650500BC08;2025-07-10;0.0;0.0
2D09394EB8E3BE11BE21106505005A5A;44673735EAF46E11B7B78A650500BC08;2025-07-10;0.0;0.0
F38F6413BA66CE11ADB310650500BDA8;44673735EAF46E11B7B78A650500BC08;2025-07-10;-2.0;-42.76
A1FEEA23BA66CE11ADB310650500BDA8;44673735EAF46E11B7B78A650500BC08;2025-07-10;0.0;0.0
13772192BA66CE11ADB310650500BDA8;44673735EAF46E11B7B78A650500BC08;2025-07-10;0.0;-2.2737367544323206e-13
B9D7014803FCBE11877210650500CD59;FC081C55582CED11A62CD892C0003F2A;2025-07-10;0.0;0.0
93890F8B5C440F114EF7A826072BFC89;FC081C55582CED11A62CD892C0003F2A;2025-07-10;0.0;0.0
0B23FDBB5C440F114EF7A826072BFC89;FC081C55582CED11A62CD892C0003F2A;2025-07-10;0.0;0.0
D0FB97EB5C440F114EF7A826072BFC89;FC081C55582CED11A62CD892C0003F2A;2025-07-10;0.0;0.0
A723E90C5C440F114EF7A826072BFC89;FC081C55582CED11A62CD892C0003F2A;2025-07-10;0.0;0.0
00858CCC6CB50F114EF7A826072BCE89;44673735EAF46E11B7B78A650500BC08;2025-07-10;8.0;6800.0
F06502DBBEB40F114EF7A826072B8D89;B0BDDED34CC83E11052F6792C000B249;2025-07-10;24.0;3048.48
62FFFAEBBEB40F114EF7A826072B8D89;B0BDDED34CC83E11052F6792C000B249;2025-07-10;48.0;3267.58
573C930CBEB40F114EF7A826072B8D89;B0BDDED34CC83E11052F6792C000B249;2025-07-10;96.0;8473.18
8EBC913CBEB40F114EF7A826072B8D89;B0BDDED34CC83E11052F6792C000B249;2025-07-10;72.0;4486.2
5CDA415CBEB40F114EF7A826072B8D89;B0BDDED34CC83E11052F6792C000B249;2025-07-10;24.0;5567.22
CE613E0A78540F114EF7A826072B0D89;B0BDDED34CC83E11052F6792C000B249;2025-07-10;120.0;5414.82
072344FA2D9A9E11525010650500AB4A;FC081C55582CED11A62CD892C0003F2A;2025-07-10;0.0;0.0
810D69907F0FCE11ADB31065050029B8;FC081C55582CED11A62CD892C0003F2A;2025-07-10;0.0;0.0
C5917AB011CAED11A62CD892C0003F2A;B0BDDED34CC83E11052F6792C000B249;2025-07-10;24.0;8260.8
31917AB011CAED11A62CD892C0003F2A;B0BDDED34CC83E11052F6792C000B249;2025-07-10;8.0;1295.1999999999998
FA7A20CE8E016E1142D58A650500AD08;B0BDDED34CC83E11052F6792C000B249;2025-07-10;8.0;1497.6
D3EDA56426AA3E11052F6792C000D249;B0BDDED34CC83E11052F6792C000B249;2025-07-10;8.0;2753.6
AD1CE505FDDFDE11406610650500B94A;B0BDDED34CC83E11052F6792C000B249;2025-07-10;6.0;1877.8200000000002
588097A563DDFE11F1557891FE698489;B0BDDED34CC83E11052F6792C000B249;2025-07-10;8.0;2788.0
C1C7A8B1662BDE11406610650500734A;B0BDDED34CC83E11052F6792C000B249;2025-07-10;10.0;2790.0
153BC88E18939E115540106505000D3B;B0BDDED34CC83E11052F6792C000B249;2025-07-10;0.0;0.0
F170A9F9BDD87E110819BB65050009AA;44673735EAF46E11B7B78A650500BC08;2025-07-10;-20.0;-6083.08
2A700BEBBEB40F114EF7A826072B8D89;FC081C55582CED11A62CD892C0003F2A;2025-07-10;120.0;2175.46
634D930CBEB40F114EF7A826072B8D89;FC081C55582CED11A62CD892C0003F2A;2025-07-10;72.0;3329.16
5ECE8753F0CAED11A62CD892C0003F2A;B0BDDED34CC83E11052F6792C000B249;2025-07-10;8.0;2145.2
BFD000CE02192E11052F6792C0007F39;B0BDDED34CC83E11052F6792C000B249;2025-07-10;4.0;674.5600000000001
EFA072B41811AE117260106505003F4A;B0BDDED34CC83E11052F6792C000B249;2025-07-10;6.0;1372.44
6370328455867E11B7B78A650500ED08;B0BDDED34CC83E11052F6792C000B249;2025-07-10;4.0;819.96
858A6214EC430E11A4A96492C00008E9;B0BDDED34CC83E11052F6792C000B249;2025-07-10;2.0;623.9000000000001
7BF5EBC551CAED11A62CD892C0003F2A;B0BDDED34CC83E11052F6792C000B249;2025-07-10;4.0;1370.5
8335909E174AAE11BE21106505001E4A;44673735EAF46E11B7B78A650500BC08;2025-07-10;4.0;2256.0
2087EB18DF9CEE1191EE1065050029B9;44673735EAF46E11B7B78A650500BC08;2025-07-10;-2.0;-67.52
508051DF390FEE1191EE1065050029B9;44673735EAF46E11B7B78A650500BC08;2025-07-10;-24.0;-352.48
7904541A2E456E11B7B78A650500BC08;44673735EAF46E11B7B78A650500BC08;2025-07-10;-44.0;-8050.72
DEE17EB58CBFAE11BE2110650500055A;44673735EAF46E11B7B78A650500BC08;2025-07-10;-6.0;-497.1
1E43EBA198B37E11B7B78A650500DD08;44673735EAF46E11B7B78A650500BC08;2025-07-10;-10.0;-671.2
631E9DB11A278E11F243BB6505008C3B;44673735EAF46E11B7B78A650500BC08;2025-07-10;-4.0;-319.16
4A18EA4ECD53BE11BE2110650500A95A;44673735EAF46E11B7B78A650500BC08;2025-07-10;40.0;1923.32
060D8B81587ADE11406610650500824A;B0BDDED34CC83E11052F6792C000B249;2025-07-10;12.0;1828.8
E959AE21D3ED7E110819BB65050039AA;44673735EAF46E11B7B78A650500BC08;2025-07-10;8.0;14280.0
67A47284D1C30F114EF7A826072B4C89;44673735EAF46E11B7B78A650500BC08;2025-07-10;120.0;32400.0
F2CE77F4B8C50F114EF7A826072BDE89;FC081C55582CED11A62CD892C0003F2A;2025-07-10;40.0;4440.0
DEEF9ED4B8C50F114EF7A826072BDE89;FC081C55582CED11A62CD892C0003F2A;2025-07-10;20.0;1864.8
6030AED4B8C50F114EF7A826072BDE89;FC081C55582CED11A62CD892C0003F2A;2025-07-10;20.0;1864.8
AFED54D8506AFE11128010650500E819;FC081C55582CED11A62CD892C0003F2A;2025-07-10;60.0;5319.0
AAA6AB291959FE11128010650500E819;FC081C55582CED11A62CD892C0003F2A;2025-07-10;6.0;2331.48
93C3F3EF12606E1142D58A650500AD08;FC081C55582CED11A62CD892C0003F2A;2025-07-10;12.0;1129.44
C720291F25DFEE1191EE10650500A9B9;FC081C55582CED11A62CD892C0003F2A;2025-07-10;6.0;1359.0
8B70413822867E11B7B78A650500ED08;FC081C55582CED11A62CD892C0003F2A;2025-07-10;6.0;838.08
34ED0CA235DFEE1191EE10650500A9B9;FC081C55582CED11A62CD892C0003F2A;2025-07-10;4.0;1479.8
9BB58A554D929E11554010650500CB3B;B0BDDED34CC83E11052F6792C000B249;2025-07-10;8.0;556.4
DAE04D3035DFEE1191EE10650500A9B9;B0BDDED34CC83E11052F6792C000B249;2025-07-10;6.0;1359.0
A2404E00B0CAED11A62CD892C0003F2A;B0BDDED34CC83E11052F6792C000B249;2025-07-10;44.0;6754.4800000000005
090F525E25DFEE1191EE10650500A9B9;FC081C55582CED11A62CD892C0003F2A;2025-07-10;10.0;3322.0
BC029BACADBCAE11BE2110650500315A;FC081C55582CED11A62CD892C0003F2A;2025-07-10;12.0;4207.8
AAFF714EED71FE1191EE10650500CBB9;FC081C55582CED11A62CD892C0003F2A;2025-07-10;4.0;1918.52
50C5BD4522606E1142D58A650500AD08;FC081C55582CED11A62CD892C0003F2A;2025-07-10;140.0;11062.799999999997
849A2A198D36DE11ADB310650500E2C8;FC081C55582CED11A62CD892C0003F2A;2025-07-10;8.0;888.4
CCC810633392BE11BE2110650500A85A;44673735EAF46E11B7B78A650500BC08;2025-07-10;22.0;2046.1799999999998
13BB500B8FCA9E11525010650500EB4A;FC081C55582CED11A62CD892C0003F2A;2025-07-10;30.0;948.74
AF62AD2E10510F11112A674AC7E21989;44673735EAF46E11B7B78A650500BC08;2025-07-10;2.0;971.12
2059E1B346A27E11B7B78A650500DD08;44673735EAF46E11B7B78A650500BC08;2025-07-10;-2.0;-54.78
F2AB1E461BE5FE1191EE1065050091C9;FC081C55582CED11A62CD892C0003F2A;2025-07-10;-8.0;-833.44
3D07525F17F1DE11ADB3106505005DB8;FC081C55582CED11A62CD892C0003F2A;2025-07-10;-2.0;-6509.9
DCD44662F128FE11128010650500D819;44673735EAF46E11B7B78A650500BC08;2025-07-10;4.0;7800.0
240C3CC4FC3ABE118772106505005A59;44673735EAF46E11B7B78A650500BC08;2025-07-10;10.0;5770.0
F14E9A6598C6EE1191EE1065050086B9;FC081C55582CED11A62CD892C0003F2A;2025-07-10;6.0;10378.7
0CD1E7C5064CDE11406610650500054A;FC081C55582CED11A62CD892C0003F2A;2025-07-10;6.0;1116.0
C5D7F3B57A841E1143F0668E4200EE89;FC081C55582CED11A62CD892C0003F2A;2025-07-10;6.0;774.32
820519DFC0CAED11A62CD892C0003F2A;FC081C55582CED11A62CD892C0003F2A;2025-07-10;12.0;928.14
531C6C8E5F4EBE118772106505008F59;FC081C55582CED11A62CD892C0003F2A;2025-07-10;12.0;919.44
EB0B768F294CDE11406610650500054A;B0BDDED34CC83E11052F6792C000B249;2025-07-10;24.0;2121.36
084DDE41F0CAED11A62CD892C0003F2A;B0BDDED34CC83E11052F6792C000B249;2025-07-10;24.0;3343.2
AFD20C1F21CAED11A62CD892C0003F2A;B0BDDED34CC83E11052F6792C000B249;2025-07-10;30.0;2082.6
4DC54A9225B4DE11ADB310650500F0C8;FC081C55582CED11A62CD892C0003F2A;2025-07-10;48.0;3225.6
2E2B5D90F4F98E11F243BB650500104B;B0BDDED34CC83E11052F6792C000B249;2025-07-10;12.0;3197.28
3AF3557DABE1EE114066106505006C4A;44673735EAF46E11B7B78A650500BC08;2025-07-10;-4.0;-258.8
018AA5F4F9D2DE11ADB3106505007EB8;44673735EAF46E11B7B78A650500BC08;2025-07-10;-10.0;-3740.0
251F910F9EC79E11554010650500824B;44673735EAF46E11B7B78A650500BC08;2025-07-10;-2.0;-10725.2
55847665B42CFE111280106505000919;44673735EAF46E11B7B78A650500BC08;2025-07-10;-10.0;-8858.720000000001
EB2606AF9371FE1191EE10650500BBB9;B0BDDED34CC83E11052F6792C000B249;2025-07-10;6.0;331.02
D4FFA460763EAE11BE2110650500135A;B0BDDED34CC83E11052F6792C000B249;2025-07-10;10.0;124.78
7895E415AA79DE11406610650500414A;44673735EAF46E11B7B78A650500BC08;2025-07-10;-2.0;-366.0
1445D07598C6EE1191EE1065050086B9;44673735EAF46E11B7B78A650500BC08;2025-07-10;0.0;0.0
11FEF8C4AAB27E11B7B78A650500DD08;44673735EAF46E11B7B78A650500BC08;2025-07-10;0.0;0.0
C7C9FD12FAD7CE11ADB3106505008FA8;44673735EAF46E11B7B78A650500BC08;2025-07-10;0.0;0.0
4359B4691DE6DE11C846106505000F6A;44673735EAF46E11B7B78A650500BC08;2025-07-10;0.0;0.0
C0B31DE0879E9E117260106505000C4A;44673735EAF46E11B7B78A650500BC08;2025-07-10;0.0;0.0
755AB390C2047E11B7B78A650500DD08;44673735EAF46E11B7B78A650500BC08;2025-07-10;0.0;0.0
33937ADECA1C6E11B7B78A650500BC08;44673735EAF46E11B7B78A650500BC08;2025-07-10;0.0;0.0
ED198015450DEE1191EE1065050029B9;B0BDDED34CC83E11052F6792C000B249;2025-07-10;4.0;3297.56
8A9FD8FFCCEEDE11406610650500884A;44673735EAF46E11B7B78A650500BC08;2025-07-10;40.0;668.38
A4C04F52D0CAED11A62CD892C0003F2A;B0BDDED34CC83E11052F6792C000B249;2025-07-10;6.0;653.04
C5AB4DEE2AF1EE114066106505007C4A;44673735EAF46E11B7B78A650500BC08;2025-07-10;4.0;254.92
654D54B8C6616E1142D58A650500AD08;B0BDDED34CC83E11052F6792C000B249;2025-07-10;24.0;5234.4
ECE0FE6B37B8BE118772106505006859;FC081C55582CED11A62CD892C0003F2A;2025-07-10;34.0;10601.18
6F3A88F6DA7E8E11F243BB650500664B;FC081C55582CED11A62CD892C0003F2A;2025-07-10;20.0;1261.2
CCEF2E74D265BE11BE21106505003C5A;44673735EAF46E11B7B78A650500BC08;2025-07-10;18.0;3583.2400000000002
AA361ADB285CEE1191EE1065050029B9;44673735EAF46E11B7B78A650500BC08;2025-07-10;4.0;2720.16
084DDE41F0CAED11A62CD892C0003F2A;FC081C55582CED11A62CD892C0003F2A;2025-07-10;-2.0;-281.98
FE7524008FB3AE11726010650500925A;FC081C55582CED11A62CD892C0003F2A;2025-07-10;-2.0;-105.84
E842E7FDF0CAED11A62CD892C0003F2A;FC081C55582CED11A62CD892C0003F2A;2025-07-10;-2.0;-278.76
995E9B0F09BBCE11ADB310650500A4B8;FC081C55582CED11A62CD892C0003F2A;2025-07-10;-2.0;-255.2
B89E87C0F0CAED11A62CD892C0003F2A;FC081C55582CED11A62CD892C0003F2A;2025-07-10;-2.0;-601.12
A440134E68DDCE11ADB31065050097B8;FC081C55582CED11A62CD892C0003F2A;2025-07-10;-2.0;-666.26
AB304F11FB8DDE11406610650500A64A;FC081C55582CED11A62CD892C0003F2A;2025-07-10;-2.0;-374.3
F4F9EAA0A2ABCE11ADB31065050084B8;FC081C55582CED11A62CD892C0003F2A;2025-07-10;-2.0;-382.24
F245EDF8DF0EEE1191EE1065050029B9;FC081C55582CED11A62CD892C0003F2A;2025-07-10;-4.0;-402.54
7B640F41D0CAED11A62CD892C0003F2A;FC081C55582CED11A62CD892C0003F2A;2025-07-10;-4.0;-385.53999999999996
D2704B74F5C0BE11BE2110650500565A;FC081C55582CED11A62CD892C0003F2A;2025-07-10;-2.0;-123.62
6E40B1E704B0EE11406610650500CA4A;FC081C55582CED11A62CD892C0003F2A;2025-07-10;-2.0;-398.06
9326AC2B0ADDDE11406610650500074A;FC081C55582CED11A62CD892C0003F2A;2025-07-10;-2.0;-145.72
AC390C68E6310F11112A674AC7E2F889;FC081C55582CED11A62CD892C0003F2A;2025-07-10;-2.0;-608.34
87CFDEA7CE645E1142D58A650500DC08;FC081C55582CED11A62CD892C0003F2A;2025-07-10;-2.0;-255.78
DA9FF523CDC3AE11726010650500A25A;FC081C55582CED11A62CD892C0003F2A;2025-07-10;-2.0;-475.66
A98C963E01CAED11A62CD892C0003F2A;FC081C55582CED11A62CD892C0003F2A;2025-07-10;-2.0;-205.86
61E3AEA7041AAE11BE2110650500DD4A;FC081C55582CED11A62CD892C0003F2A;2025-07-10;-10.0;-3379.2
7450B5F648A0EE11406610650500BA4A;FC081C55582CED11A62CD892C0003F2A;2025-07-10;-2.0;-115.02
E4AFB685F1A83E11052F6792C000B249;FC081C55582CED11A62CD892C0003F2A;2025-07-10;-2.0;-475.18
F5BFCE993FBBDE11406610650500444A;FC081C55582CED11A62CD892C0003F2A;2025-07-10;-2.0;-315.94
F99B962D87145E1142D58A650500DC08;FC081C55582CED11A62CD892C0003F2A;2025-07-10;-2.0;-507.6
DE0C32053533FE1191EE106505000EB9;FC081C55582CED11A62CD892C0003F2A;2025-07-10;-2.0;-227.36
BEFE2C237E98AE11BE2110650500FB4A;FC081C55582CED11A62CD892C0003F2A;2025-07-10;-2.0;-786.42
2489CCD7C9BF0E1123F0668E42005B38;FC081C55582CED11A62CD892C0003F2A;2025-07-10;-24.0;-561.82
B2E4D683E0CAED11A62CD892C0003F2A;FC081C55582CED11A62CD892C0003F2A;2025-07-10;-2.0;-676.28
335C8EE9F7BAFE11128010650500E819;FC081C55582CED11A62CD892C0003F2A;2025-07-10;-2.0;-42.0
F9301C8933817E11B7B78A650500CD08;FC081C55582CED11A62CD892C0003F2A;2025-07-10;-32.0;-2272.0
B1C8D74B63949E115540106505004E3B;FC081C55582CED11A62CD892C0003F2A;2025-07-10;-2.0;-57.6
1C68EDF6BA78CE11ADB31065050060B8;FC081C55582CED11A62CD892C0003F2A;2025-07-10;-2.0;-169.12
317DE941BE31FE1191EE106505007BB9;FC081C55582CED11A62CD892C0003F2A;2025-07-10;-8.0;-474.98
2D3B73B38ABAFE11128010650500E819;FC081C55582CED11A62CD892C0003F2A;2025-07-10;-12.0;-355.67999999999995
B36DB7AF2A34DE11ADB31065050050C8;FC081C55582CED11A62CD892C0003F2A;2025-07-10;-2.0;-400.08
5EA8094F4FFD9E117260106505004B4A;FC081C55582CED11A62CD892C0003F2A;2025-07-10;-2.0;-252.0
333AEAB308B13E11052F6792C000CF39;FC081C55582CED11A62CD892C0003F2A;2025-07-10;-2.0;-418.2
C0D5AC833BF8CE11ADB31065050001B8;FC081C55582CED11A62CD892C0003F2A;2025-07-10;-2.0;-206.0
BB3C1606DF986E11B7B78A650500BC08;FC081C55582CED11A62CD892C0003F2A;2025-07-10;-14.0;-290.64
8152B5B71726EE1191EE10650500C5B9;FC081C55582CED11A62CD892C0003F2A;2025-07-10;-2.0;-434.0
CA5A87605596DE11ADB31065050053C8;FC081C55582CED11A62CD892C0003F2A;2025-07-10;-4.0;-467.88
68C210D451CAED11A62CD892C0003F2A;FC081C55582CED11A62CD892C0003F2A;2025-07-10;-2.0;-1239.28
EEEBEB62E8E1DE11ADB3106505004DB8;FC081C55582CED11A62CD892C0003F2A;2025-07-10;-2.0;-3247.52
66A05155F92E6E11B7B78A6505003D08;FC081C55582CED11A62CD892C0003F2A;2025-07-10;-2.0;-94.72
77E356BEF513CE118772106505009569;FC081C55582CED11A62CD892C0003F2A;2025-07-10;-2.0;-2726.38
5B9DD252C7300F11F1557891FE699789;FC081C55582CED11A62CD892C0003F2A;2025-07-10;-10.0;-471.29999999999995
1EC8E74F1C528E110223BB6505006AAA;FC081C55582CED11A62CD892C0003F2A;2025-07-10;-2.0;-252.2
EFC05652A910DE11ADB310650500AAB8;FC081C55582CED11A62CD892C0003F2A;2025-07-10;-4.0;-828.94
446FDA670B34DE11ADB31065050050C8;FC081C55582CED11A62CD892C0003F2A;2025-07-10;-4.0;-1032.88
28091FE230DEFE11F1557891FE69C589;FC081C55582CED11A62CD892C0003F2A;2025-07-10;-8.0;-569.1
D3EA427F81CAED11A62CD892C0003F2A;FC081C55582CED11A62CD892C0003F2A;2025-07-10;-2.0;-100.0
B2E96AAE590F9E117260106505009C4A;FC081C55582CED11A62CD892C0003F2A;2025-07-10;-2.0;-503.64
4397BF6A01CAED11A62CD892C0003F2A;FC081C55582CED11A62CD892C0003F2A;2025-07-10;-4.0;-527.22
7148C3C951CAED11A62CD892C0003F2A;FC081C55582CED11A62CD892C0003F2A;2025-07-10;-2.0;-260.32
C1F54BF1C19EBE11877210650500DF59;FC081C55582CED11A62CD892C0003F2A;2025-07-10;-2.0;-52.94
FF6785D8D0CAED11A62CD892C0003F2A;FC081C55582CED11A62CD892C0003F2A;2025-07-10;-4.0;-913.28
799C8EE9F7BAFE11128010650500E819;FC081C55582CED11A62CD892C0003F2A;2025-07-10;-4.0;-121.6
F450B5F648A0EE11406610650500BA4A;FC081C55582CED11A62CD892C0003F2A;2025-07-10;-2.0;-172.98
237BC1EA7DB3EE11B1AD1065050007EA;FC081C55582CED11A62CD892C0003F2A;2025-07-10;-2.0;-91.56
76E804806E3CEE1191EE1065050029B9;FC081C55582CED11A62CD892C0003F2A;2025-07-10;-2.0;-109.2
DAF4C5B6C8B00F11F1557891FE693889;FC081C55582CED11A62CD892C0003F2A;2025-07-10;-10.0;-182.42
D01D9B6F8166DE11ADB31065050013C8;FC081C55582CED11A62CD892C0003F2A;2025-07-10;-2.0;-65.28
F6910E2348F20F114EF7A826072B4B89;FC081C55582CED11A62CD892C0003F2A;2025-07-10;-2.0;-65.66
3CADC9CBAB74EE11B1AD10650500F7EA;FC081C55582CED11A62CD892C0003F2A;2025-07-10;-4.0;-77.68
2B854C27DCECEE1191EE1065050029B9;FC081C55582CED11A62CD892C0003F2A;2025-07-10;-2.0;-13.24
67C8B32E40A20F114EF7A826072BDA89;FC081C55582CED11A62CD892C0003F2A;2025-07-10;-2.0;-49.44
3790516A93C1CE11877210650500E369;FC081C55582CED11A62CD892C0003F2A;2025-07-10;-8.0;-331.92
5858DB7348F20F114EF7A826072B4B89;FC081C55582CED11A62CD892C0003F2A;2025-07-10;-2.0;-70.88
6A547A02F312EE114066106505009C4A;FC081C55582CED11A62CD892C0003F2A;2025-07-10;-2.0;-238.02
58912ECAABD17E11B7B78A650500CD08;FC081C55582CED11A62CD892C0003F2A;2025-07-10;-4.0;-259.26
B19B1042B442DE11ADB310650500BDB8;FC081C55582CED11A62CD892C0003F2A;2025-07-10;-2.0;-165.16
9EC298C3F1B2CE118772106505001569;FC081C55582CED11A62CD892C0003F2A;2025-07-10;-2.0;-42.0
4651C9B729FEDE11406610650500984A;FC081C55582CED11A62CD892C0003F2A;2025-07-10;-2.0;-95.52
F6DBDF4DDE9F8E11F243BB650500D74B;FC081C55582CED11A62CD892C0003F2A;2025-07-10;-2.0;-57.4
365FCDE248F20F114EF7A826072B4B89;FC081C55582CED11A62CD892C0003F2A;2025-07-10;-4.0;-103.08
FEECEA8F58A1CE11877210650500C369;FC081C55582CED11A62CD892C0003F2A;2025-07-10;-2.0;-99.98
7ED3EEC93EAFFE11F1557891FE69E689;FC081C55582CED11A62CD892C0003F2A;2025-07-10;-2.0;-15.54
B41116C8458BED11A62CD892C0003F2A;FC081C55582CED11A62CD892C0003F2A;2025-07-10;-2.0;-378.0
3A83F8FA1BE1DE11ADB3106505004DB8;FC081C55582CED11A62CD892C0003F2A;2025-07-10;-2.0;-336.5
DD4C6CA5D5939E115540106505000D3B;FC081C55582CED11A62CD892C0003F2A;2025-07-10;-4.0;-690.24
9DC577F7CA200F11F1557891FE698789;FC081C55582CED11A62CD892C0003F2A;2025-07-10;-2.0;-324.0
B9FC1101D21B1E1143F0668E4200EF5A;FC081C55582CED11A62CD892C0003F2A;2025-07-10;-4.0;-859.52
343D0636E8F19E11554010650500DA3B;FC081C55582CED11A62CD892C0003F2A;2025-07-10;-6.0;-693.0
89EEAF964D7F8E11F243BB650500A74B;FC081C55582CED11A62CD892C0003F2A;2025-07-10;-2.0;-171.22
6B0C2AB40972FE1191EE106505000DB9;FC081C55582CED11A62CD892C0003F2A;2025-07-10;-4.0;-335.2
E3226739BA6BAE11BE21106505008F4A;FC081C55582CED11A62CD892C0003F2A;2025-07-10;-4.0;-165.72
EE51388E81CAED11A62CD892C0003F2A;FC081C55582CED11A62CD892C0003F2A;2025-07-10;-2.0;-102.22
060D8B81587ADE11406610650500824A;FC081C55582CED11A62CD892C0003F2A;2025-07-10;-2.0;-304.8
50F822C77CA3CE118772106505005669;FC081C55582CED11A62CD892C0003F2A;2025-07-10;-2.0;-206.02
EFD52F15E0CAED11A62CD892C0003F2A;FC081C55582CED11A62CD892C0003F2A;2025-07-10;-4.0;-563.32
CA347896378B3E11052F6792C000D249;FC081C55582CED11A62CD892C0003F2A;2025-07-10;-6.0;-339.29999999999995
088BC3515C020F114EF7A826072B1A89;FC081C55582CED11A62CD892C0003F2A;2025-07-10;-2.0;-247.0
7D6FB9B5BB363E11052F6792C000FF39;FC081C55582CED11A62CD892C0003F2A;2025-07-10;-2.0;-102.28
33756B0DA1CAED11A62CD892C0003F2A;FC081C55582CED11A62CD892C0003F2A;2025-07-10;-4.0;-456.22
DECE063EA7CDFE11F1557891FE697489;FC081C55582CED11A62CD892C0003F2A;2025-07-10;-2.0;-2595.72
F83F22AA137C1E1143F0668E4200502B;FC081C55582CED11A62CD892C0003F2A;2025-07-10;-2.0;-746.2
239E8854E1B40F114EF7A826072B7D89;FC081C55582CED11A62CD892C0003F2A;2025-07-10;-2.0;-501.58
45E81D4775553E11052F6792C000FF39;FC081C55582CED11A62CD892C0003F2A;2025-07-10;-2.0;-150.38
C2E4CB89A8560E11A4A96492C0004B38;FC081C55582CED11A62CD892C0003F2A;2025-07-10;-2.0;-391.48
3FC91D223C07BE118772106505004659;FC081C55582CED11A62CD892C0003F2A;2025-07-10;-2.0;-150.5
87F3A6B886D9FE11128010650500E819;FC081C55582CED11A62CD892C0003F2A;2025-07-10;-2.0;-2177.74
DB3E818302CAED11A62CD892C0003F2A;FC081C55582CED11A62CD892C0003F2A;2025-07-10;-2.0;-143.4
DC0F389159E48E113835BB6505009DAA;FC081C55582CED11A62CD892C0003F2A;2025-07-10;-2.0;-585.1
1291DB1A4F60DE11ADB3106505003BB8;FC081C55582CED11A62CD892C0003F2A;2025-07-10;-2.0;-114.24
5BA9DA6A37635E1142D58A650500DC08;FC081C55582CED11A62CD892C0003F2A;2025-07-10;-2.0;-357.94
BE280D4ACE23FD110DC22A92C000C499;FC081C55582CED11A62CD892C0003F2A;2025-07-10;-2.0;-124.56
23B43FD5A0CAED11A62CD892C0003F2A;FC081C55582CED11A62CD892C0003F2A;2025-07-10;-2.0;-2931.0
B0B7EDD1F0CAED11A62CD892C0003F2A;FC081C55582CED11A62CD892C0003F2A;2025-07-10;-6.0;-1047.84
63EEFCBB059BDE11406610650500144A;FC081C55582CED11A62CD892C0003F2A;2025-07-10;-2.0;-154.7
B4D76399FC410F11112A674AC7E21989;FC081C55582CED11A62CD892C0003F2A;2025-07-10;-2.0;-150.48
ADDDFBFC90638E111E1BBB650500BBAA;FC081C55582CED11A62CD892C0003F2A;2025-07-10;-2.0;-178.24
4719182F55FDFE11F1557891FE69B489;FC081C55582CED11A62CD892C0003F2A;2025-07-10;-4.0;-240.28
2CCA64FF5D89FE11128010650500E819;FC081C55582CED11A62CD892C0003F2A;2025-07-10;-2.0;-1052.64
0473303C5D3D7E110819BB65050039AA;FC081C55582CED11A62CD892C0003F2A;2025-07-10;-2.0;-754.2
A3E510C0DE2DBE118772106505001E59;FC081C55582CED11A62CD892C0003F2A;2025-07-10;-8.0;-685.04
8FAD220EF634DE11ADB31065050050C8;FC081C55582CED11A62CD892C0003F2A;2025-07-10;-2.0;-718.32
080669A55EED7E110819BB65050039AA;FC081C55582CED11A62CD892C0003F2A;2025-07-10;-4.0;-166.92
17AC19A8659BDE11406610650500144A;FC081C55582CED11A62CD892C0003F2A;2025-07-10;-2.0;-559.32
27EF394451CAED11A62CD892C0003F2A;FC081C55582CED11A62CD892C0003F2A;2025-07-10;-2.0;-1239.28
AFFAC749116AAE11BE21106505003E4A;FC081C55582CED11A62CD892C0003F2A;2025-07-10;-2.0;-147.48
C297BF6A01CAED11A62CD892C0003F2A;FC081C55582CED11A62CD892C0003F2A;2025-07-10;-4.0;-871.96
F0018A6C97D40F114EF7A826072BAD89;FC081C55582CED11A62CD892C0003F2A;2025-07-10;-2.0;-190.18
544DDE41F0CAED11A62CD892C0003F2A;FC081C55582CED11A62CD892C0003F2A;2025-07-10;-2.0;-459.84
7D0E4497937FCE11ADB310650500C9B8;FC081C55582CED11A62CD892C0003F2A;2025-07-10;-6.0;-176.57999999999998
33B8272BA2CAED11A62CD892C0003F2A;FC081C55582CED11A62CD892C0003F2A;2025-07-10;-2.0;-1837.94
DE7C1604D0566E11B7B78A650500BC08;FC081C55582CED11A62CD892C0003F2A;2025-07-10;-2.0;-221.34
746C3997B34C2E11052F6792C000CF39;FC081C55582CED11A62CD892C0003F2A;2025-07-10;-2.0;-1089.8
8EC34236B6850F114EF7A826072B8E89;FC081C55582CED11A62CD892C0003F2A;2025-07-10;-4.0;-260.02
B0BE10F6B4A27E11B7B78A650500DD08;FC081C55582CED11A62CD892C0003F2A;2025-07-10;-2.0;-276.0
3A3F0929B2EF2E11052F6792C000CF39;FC081C55582CED11A62CD892C0003F2A;2025-07-10;-2.0;-458.74
3A74445DF7300F11F1557891FE699789;FC081C55582CED11A62CD892C0003F2A;2025-07-10;-8.0;-1555.2
562C601CAC62FE1191EE10650500FCB9;FC081C55582CED11A62CD892C0003F2A;2025-07-10;-2.0;-845.92
707785D8D0CAED11A62CD892C0003F2A;FC081C55582CED11A62CD892C0003F2A;2025-07-10;-2.0;-660.0
812941678371FE1191EE10650500BBB9;FC081C55582CED11A62CD892C0003F2A;2025-07-10;-4.0;-275.82
D8C2D351E240FE1191EE106505003AB9;FC081C55582CED11A62CD892C0003F2A;2025-07-10;-2.0;-890.46
9B87F2956E22FE1191EE10650500ACB9;FC081C55582CED11A62CD892C0003F2A;2025-07-10;-2.0;-253.0
EE1A48881CF22E1143F0668E4200C71A;FC081C55582CED11A62CD892C0003F2A;2025-07-10;-2.0;-213.34
E220FB349562CE11877210650500B469;FC081C55582CED11A62CD892C0003F2A;2025-07-10;-2.0;-314.4
C95A376401CAED11A62CD892C0003F2A;FC081C55582CED11A62CD892C0003F2A;2025-07-10;-2.0;-275.8
4EFA0EDE3E62FE1191EE10650500FCB9;FC081C55582CED11A62CD892C0003F2A;2025-07-10;-2.0;-424.94
1DD6EA15A4BBAE11BE2110650500EF4A;FC081C55582CED11A62CD892C0003F2A;2025-07-10;-2.0;-198.9
97F998016ADDFD11A4A96492C0006D28;FC081C55582CED11A62CD892C0003F2A;2025-07-10;-2.0;-516.22
E91E9EEEDD500F11F1557891FE69C789;FC081C55582CED11A62CD892C0003F2A;2025-07-10;-2.0;-25.48
FF875985CF95FE1191EE1065050031C9;FC081C55582CED11A62CD892C0003F2A;2025-07-10;-2.0;-197.46
71917AB011CAED11A62CD892C0003F2A;FC081C55582CED11A62CD892C0003F2A;2025-07-10;-2.0;-323.8
A80784041C2D4E1142D58A650500BC08;FC081C55582CED11A62CD892C0003F2A;2025-07-10;-4.0;-102.08
F3E982F87EFE9E117260106505008C4A;FC081C55582CED11A62CD892C0003F2A;2025-07-10;-2.0;-323.66
D7FC3C78637DCE11ADB31065050007B8;FC081C55582CED11A62CD892C0003F2A;2025-07-10;-2.0;-498.92
54B8CAC2733CBE11877210650500DC59;FC081C55582CED11A62CD892C0003F2A;2025-07-10;-2.0;-351.04
A9CE2113B23C6E11B7B78A650500BC08;FC081C55582CED11A62CD892C0003F2A;2025-07-10;-4.0;-220.78
EA5D87D7A0F60E11A4A96492C0007BF8;FC081C55582CED11A62CD892C0003F2A;2025-07-10;-4.0;-1270.32
B8D415047715CE11ADB3106505000DA8;FC081C55582CED11A62CD892C0003F2A;2025-07-10;-2.0;-474.48
B30DA3DE19D9FE11128010650500E819;FC081C55582CED11A62CD892C0003F2A;2025-07-10;-2.0;-359.78
5A3D5A4D61C89E11525010650500394A;B0BDDED34CC83E11052F6792C000B249;2025-07-10;-16.0;-332.15999999999997
8E2AA0425C930F114EF7A826072B1C89;B0BDDED34CC83E11052F6792C000B249;2025-07-10;-2.0;-159.96
7B868B8EED0FBE118772106505007069;B0BDDED34CC83E11052F6792C000B249;2025-07-10;-2.0;-4082.14
65783E4CF2D2FE1191EE106505007DB9;B0BDDED34CC83E11052F6792C000B249;2025-07-10;-2.0;-55.64
AAFD5840CA187E110819BB65050009AA;B0BDDED34CC83E11052F6792C000B249;2025-07-10;-2.0;-151.2
A4081F6757E48E113835BB6505009DAA;B0BDDED34CC83E11052F6792C000B249;2025-07-10;-2.0;-622.0
E5B732FC5CFFFE11F1557891FE694789;B0BDDED34CC83E11052F6792C000B249;2025-07-10;-14.0;-1914.0
A09DE472E0CAED11A62CD892C0003F2A;B0BDDED34CC83E11052F6792C000B249;2025-07-10;-6.0;-1551.0
CADF89D16F5CCE11ADB31065050095B8;B0BDDED34CC83E11052F6792C000B249;2025-07-10;-2.0;-52.98
6B06820BD8393E11052F6792C000D249;B0BDDED34CC83E11052F6792C000B249;2025-07-10;-2.0;-930.62
6ED52F15E0CAED11A62CD892C0003F2A;B0BDDED34CC83E11052F6792C000B249;2025-07-10;-2.0;-1364.1
DC2A86A2F714EE11B1AD1065050077EA;B0BDDED34CC83E11052F6792C000B249;2025-07-10;-2.0;-220.0
600C3381F7138E110223BB6505005BAA;B0BDDED34CC83E11052F6792C000B249;2025-07-10;-2.0;-250.0
1A4EB98E3597FE1191EE10650500C3C9;B0BDDED34CC83E11052F6792C000B249;2025-07-10;-2.0;-1949.24
FAF6955D82C5EE1191EE1065050045B9;B0BDDED34CC83E11052F6792C000B249;2025-07-10;-2.0;-244.0
A9F5EBC551CAED11A62CD892C0003F2A;B0BDDED34CC83E11052F6792C000B249;2025-07-10;-2.0;-575.88
946CFC3DA4A27E11B7B78A650500DD08;B0BDDED34CC83E11052F6792C000B249;2025-07-10;-10.0;-1605.4199999999998
EB0DB622F112EE114066106505009C4A;B0BDDED34CC83E11052F6792C000B249;2025-07-10;-2.0;-65.2
8A84729998D58E11F243BB650500CA3B;B0BDDED34CC83E11052F6792C000B249;2025-07-10;-14.0;-1330.56
E18C3E3C087A9E115250106505007B4A;B0BDDED34CC83E11052F6792C000B249;2025-07-10;-4.0;-1013.96
F04AE8B83332FD110DC22A92C0006778;B0BDDED34CC83E11052F6792C000B249;2025-07-10;-8.0;-351.54
165C11036A5D7E110819BB65050039AA;B0BDDED34CC83E11052F6792C000B249;2025-07-10;-8.0;-45.92
E9794BFC08300F11F1557891FE699789;B0BDDED34CC83E11052F6792C000B249;2025-07-10;-2.0;-447.8
B629E1FDC13EDE11406610650500874A;B0BDDED34CC83E11052F6792C000B249;2025-07-10;-2.0;-58.86
005BCFB931CAED11A62CD892C0003F2A;B0BDDED34CC83E11052F6792C000B249;2025-07-10;-6.0;-604.74
53391639CEF8AE11BE21106505007C4A;B0BDDED34CC83E11052F6792C000B249;2025-07-10;-2.0;-167.12
4DD59775CCA79E11554010650500524B;B0BDDED34CC83E11052F6792C000B249;2025-07-10;-2.0;-765.24
02ED3731B5A0AE11726010650500AE4A;B0BDDED34CC83E11052F6792C000B249;2025-07-10;-2.0;-398.0
8C3C2AC8303EDE11406610650500874A;B0BDDED34CC83E11052F6792C000B249;2025-07-10;-2.0;-245.44
5833E3CE54C67E11B7B78A650500ED08;B0BDDED34CC83E11052F6792C000B249;2025-07-10;-4.0;-733.04
F1065D3C340BEE1191EE1065050029B9;B0BDDED34CC83E11052F6792C000B249;2025-07-10;-8.0;-253.0
DD0A9111FC1EFE11F1557891FE69E489;B0BDDED34CC83E11052F6792C000B249;2025-07-10;-2.0;-160.64
8566333A8F4B6E11B7B78A650500BC08;B0BDDED34CC83E11052F6792C000B249;2025-07-10;-2.0;-289.04
80E4E75BCD690E11A4A96492C0001269;B0BDDED34CC83E11052F6792C000B249;2025-07-10;-2.0;-322.34
79DCF3A122C18E111E1BBB65050099AA;B0BDDED34CC83E11052F6792C000B249;2025-07-10;-2.0;-315.04
FD3D4DF947E4DE11ADB31065050031C8;B0BDDED34CC83E11052F6792C000B249;2025-07-10;-2.0;-242.0
4EEA8C20ED81BE11BE2110650500575A;B0BDDED34CC83E11052F6792C000B249;2025-07-10;-2.0;-152.2
29681D840223CE11877210650500A569;B0BDDED34CC83E11052F6792C000B249;2025-07-10;-40.0;-1250.58
55401A66EED5FE1191EE1065050081C9;B0BDDED34CC83E11052F6792C000B249;2025-07-10;-20.0;-783.74
B77061CD2D86FE1191EE1065050062C9;B0BDDED34CC83E11052F6792C000B249;2025-07-10;-2.0;-280.0
64851C935D51FD110DC22A92C000DD89;B0BDDED34CC83E11052F6792C000B249;2025-07-10;-2.0;-64.32
291F4FDF686BAE11BE21106505008F4A;B0BDDED34CC83E11052F6792C000B249;2025-07-10;-2.0;-536.0
F1C5B32599DDCE11ADB31065050097B8;B0BDDED34CC83E11052F6792C000B249;2025-07-10;-14.0;-1116.54
AB13FE4F0442DE11ADB310650500BDB8;B0BDDED34CC83E11052F6792C000B249;2025-07-10;-2.0;-39.24
6396BB8EEB0AFE11128010650500E819;B0BDDED34CC83E11052F6792C000B249;2025-07-10;-2.0;-91.4
D72D89ED994EFD11A4A96492C0006D28;B0BDDED34CC83E11052F6792C000B249;2025-07-10;-2.0;-284.72
D8C045074D05DE11ADB31065050061C8;B0BDDED34CC83E11052F6792C000B249;2025-07-10;-2.0;-330.44
4D90BF0CDA65EE11B1AD1065050039EA;B0BDDED34CC83E11052F6792C000B249;2025-07-10;-10.0;-393.1
B0A6B7DB01CAED11A62CD892C0003F2A;B0BDDED34CC83E11052F6792C000B249;2025-07-10;-6.0;-671.14
7AB0B18967730F1158A3BB3DBE8EEB89;B0BDDED34CC83E11052F6792C000B249;2025-07-10;-2.0;-862.08
7E8FA3ED4CA79E11554010650500524B;B0BDDED34CC83E11052F6792C000B249;2025-07-10;-4.0;-974.64
905E070584AE9E117260106505001C4A;B0BDDED34CC83E11052F6792C000B249;2025-07-10;-14.0;-1023.54
9E33E12FED71FE1191EE10650500CBB9;B0BDDED34CC83E11052F6792C000B249;2025-07-10;-2.0;-134.58
4D61CD5CEB01FE1191EE106505003BB9;B0BDDED34CC83E11052F6792C000B249;2025-07-10;-4.0;-117.68
275CF8DE01CAED11A62CD892C0003F2A;B0BDDED34CC83E11052F6792C000B249;2025-07-10;-2.0;-234.08
B056A9B2DED10E11A4A96492C0002019;B0BDDED34CC83E11052F6792C000B249;2025-07-10;-2.0;-493.36
91E0588EC877DE11C84610650500BF6A;B0BDDED34CC83E11052F6792C000B249;2025-07-10;-4.0;-102.0
8F15DEBE63EFAE11BE2110650500355A;B0BDDED34CC83E11052F6792C000B249;2025-07-10;-2.0;-295.94
6C1F98BA29265E1142D58A650500DC08;B0BDDED34CC83E11052F6792C000B249;2025-07-10;-4.0;-650.64
92C8BD650EADAE11BE2110650500625A;B0BDDED34CC83E11052F6792C000B249;2025-07-10;-2.0;-315.9
69659CC4D0CAED11A62CD892C0003F2A;B0BDDED34CC83E11052F6792C000B249;2025-07-10;-4.0;-453.92
511F7A657376AE11BE2110650500394A;B0BDDED34CC83E11052F6792C000B249;2025-07-10;-6.0;-1875.12
D25DDBD67B5EEE1191EE1065050029B9;B0BDDED34CC83E11052F6792C000B249;2025-07-10;-2.0;-115.8
2E868C6138650E11A4A96492C0001C4B;B0BDDED34CC83E11052F6792C000B249;2025-07-10;-2.0;-370.86
A7BD88D75C67EE1191EE1065050017B9;B0BDDED34CC83E11052F6792C000B249;2025-07-10;-2.0;-372.02
89E59375470A0E11A4A96492C0001269;B0BDDED34CC83E11052F6792C000B249;2025-07-10;-4.0;-286.8
D2633887FAC1FE1191EE106505002CB9;B0BDDED34CC83E11052F6792C000B249;2025-07-10;-2.0;-532.58
5990467EEB0AFE11128010650500E819;B0BDDED34CC83E11052F6792C000B249;2025-07-10;-4.0;-166.56
0F296F79409EBE11877210650500DF59;B0BDDED34CC83E11052F6792C000B249;2025-07-10;-2.0;-52.94
BB55546634466E11B7B78A650500BC08;B0BDDED34CC83E11052F6792C000B249;2025-07-10;-2.0;-532.58
9F3B5D167C1B9E115250106505004C4A;B0BDDED34CC83E11052F6792C000B249;2025-07-10;-2.0;-995.3
9118A63AB78DBE118772106505008E59;B0BDDED34CC83E11052F6792C000B249;2025-07-10;-4.0;-218.16
4310A12C4AC0DE11ADB310650500ABB8;B0BDDED34CC83E11052F6792C000B249;2025-07-10;-2.0;-133.0
9CDBEE16B2C88E11F243BB6505008E3B;B0BDDED34CC83E11052F6792C000B249;2025-07-10;-2.0;-163.34
3EEE1D9AB24F6E11B7B78A650500CD08;B0BDDED34CC83E11052F6792C000B249;2025-07-10;-2.0;-222.54
D5D2043061D4EE11B1AD1065050068EA;B0BDDED34CC83E11052F6792C000B249;2025-07-10;-2.0;-141.38
63DDB9D6E236AE11BE2110650500E84A;B0BDDED34CC83E11052F6792C000B249;2025-07-10;-4.0;-228.32
511CF229863EAE11BE2110650500135A;B0BDDED34CC83E11052F6792C000B249;2025-07-10;-2.0;-24.96
2BAF8A5FC0CAED11A62CD892C0003F2A;B0BDDED34CC83E11052F6792C000B249;2025-07-10;-2.0;-192.48
00A3B3A4E0CAED11A62CD892C0003F2A;B0BDDED34CC83E11052F6792C000B249;2025-07-10;-2.0;-280.44
B30385B9A46C6E11B7B78A650500BC08;B0BDDED34CC83E11052F6792C000B249;2025-07-10;-2.0;-193.0
807DBB39AE6BCE11ADB31065050044B8;B0BDDED34CC83E11052F6792C000B249;2025-07-10;-2.0;-509.76
B2E4D683E0CAED11A62CD892C0003F2A;B0BDDED34CC83E11052F6792C000B249;2025-07-10;-2.0;-674.04
A9408B085CC59E11554010650500FF3B;B0BDDED34CC83E11052F6792C000B249;2025-07-10;-2.0;-167.32
0DDF89D16F5CCE11ADB31065050095B8;B0BDDED34CC83E11052F6792C000B249;2025-07-10;0.0;-48.24000000000001
9C4F278C0ADEAE11BE2110650500E35A;B0BDDED34CC83E11052F6792C000B249;2025-07-10;-24.0;-583.2
C3491A43A3E2DE11ADB3106505008EB8;B0BDDED34CC83E11052F6792C000B249;2025-07-10;-2.0;-381.08
9D5B1400BD932E1143F0668E4200C71A;B0BDDED34CC83E11052F6792C000B249;2025-07-10;-2.0;-259.7
7F9760CE1A7D2E11052F6792C000CF39;B0BDDED34CC83E11052F6792C000B249;2025-07-10;-4.0;-154.0
C9537C6834AE9E117260106505001C4A;B0BDDED34CC83E11052F6792C000B249;2025-07-10;-2.0;-182.98
7B6562D6E770BE11BE2110650500F55A;44673735EAF46E11B7B78A650500BC08;2025-07-10;-2.0;-38.38
E3B4BA3ED4BBEE1191EE1065050029B9;44673735EAF46E11B7B78A650500BC08;2025-07-10;-2.0;-314.0
155C918710F27E11B7B78A650500DD08;44673735EAF46E11B7B78A650500BC08;2025-07-10;-4.0;-168.0
C000819A08FCFD11A4A96492C000CB59;44673735EAF46E11B7B78A650500BC08;2025-07-10;-4.0;-508.92
3F1BA1E07803CE118772106505008569;44673735EAF46E11B7B78A650500BC08;2025-07-10;-8.0;-1288.0
CE2FDC1F45CF8E11F243BB650500084B;44673735EAF46E11B7B78A650500BC08;2025-07-10;-2.0;-78.5
CE203DE8AC456E11B7B78A650500BC08;44673735EAF46E11B7B78A650500BC08;2025-07-10;-8.0;-613.04
65C948CDDA67DE11C84610650500AF6A;44673735EAF46E11B7B78A650500BC08;2025-07-10;-8.0;-6504.0
74F15F890080DE11ADB3106505004BB8;44673735EAF46E11B7B78A650500BC08;2025-07-10;-4.0;-209.64
0B86BE8D34E77E110819BB65050009AA;44673735EAF46E11B7B78A650500BC08;2025-07-10;-2.0;-1855.8
443637BE2CE1EE114066106505006C4A;44673735EAF46E11B7B78A650500BC08;2025-07-10;-6.0;-413.40000000000003
A017ACEA9497EE1191EE1065050047B9;44673735EAF46E11B7B78A650500BC08;2025-07-10;-2.0;-379.92
6EDD2CEAA8527E11B7B78A650500CD08;44673735EAF46E11B7B78A650500BC08;2025-07-10;-2.0;-128.0
2A9FC01E2062AE11726010650500D05A;44673735EAF46E11B7B78A650500BC08;2025-07-10;-10.0;-485.8
D35E9808D3BC3E11052F6792C000D249;44673735EAF46E11B7B78A650500BC08;2025-07-10;-14.0;-987.84
B4EDA01AE43ACE11ADB31065050092B8;44673735EAF46E11B7B78A650500BC08;2025-07-10;-4.0;-71.88
3B0102094C456E11B7B78A650500BC08;44673735EAF46E11B7B78A650500BC08;2025-07-10;-8.0;-358.65999999999997
C8801856A6F5AE11BE2110650500984A;44673735EAF46E11B7B78A650500BC08;2025-07-10;-2.0;-181.58
42AF38F5A6F5AE11BE2110650500984A;44673735EAF46E11B7B78A650500BC08;2025-07-10;-4.0;-245.28
72C4FB7C8AE66E11B7B78A650500BC08;44673735EAF46E11B7B78A650500BC08;2025-07-10;-2.0;-691.86
0D076A426D7DBE118772106505007E59;44673735EAF46E11B7B78A650500BC08;2025-07-10;-2.0;-268.0
B0E8893440F8CE11ADB310650500F0B8;44673735EAF46E11B7B78A650500BC08;2025-07-10;-2.0;-182.46
A111AE827E2EBE118772106505005F59;44673735EAF46E11B7B78A650500BC08;2025-07-10;-2.0;-414.0
64990EFE31EBDE11406610650500744A;44673735EAF46E11B7B78A650500BC08;2025-07-10;-4.0;-470.08
027EC3F8F8087E110819BB65050009AA;44673735EAF46E11B7B78A650500BC08;2025-07-10;-2.0;-123.9
7551B2D8EEF9FE11128010650500E819;44673735EAF46E11B7B78A650500BC08;2025-07-10;-2.0;-102.0
A32AB93B390FEE1191EE1065050029B9;44673735EAF46E11B7B78A650500BC08;2025-07-10;-8.0;-85.06
5197A3B4F5B9CE11ADB310650500F1B8;44673735EAF46E11B7B78A650500BC08;2025-07-10;-4.0;-1400.8
6930DB3D653DDE11406610650500364A;44673735EAF46E11B7B78A650500BC08;2025-07-10;-2.0;-288.64
5520E185FE456E11B7B78A650500BC08;44673735EAF46E11B7B78A650500BC08;2025-07-10;-2.0;-163.72
40FAD3CD653DDE11406610650500364A;44673735EAF46E11B7B78A650500BC08;2025-07-10;-40.0;-2281.4
5E4A76D36D7DBE118772106505007E59;44673735EAF46E11B7B78A650500BC08;2025-07-10;-6.0;-497.98
847C0763797BAE11BE21106505009F4A;44673735EAF46E11B7B78A650500BC08;2025-07-10;-2.0;-98.1
300D3C198EF39E115540106505008D3B;44673735EAF46E11B7B78A650500BC08;2025-07-10;-2.0;-224.56
498E84EBBD1EFE11F1557891FE69E489;44673735EAF46E11B7B78A650500BC08;2025-07-10;-6.0;-417.0
28CA0A597727CE11ADB310650500AEA8;44673735EAF46E11B7B78A650500BC08;2025-07-10;-18.0;-1270.08
31FC1AA44C456E11B7B78A650500BC08;44673735EAF46E11B7B78A650500BC08;2025-07-10;-8.0;-383.12
E11C234788EFCE11ADB3106505006AB8;44673735EAF46E11B7B78A650500BC08;2025-07-10;-4.0;-104.64
D744BC8D6E29CE11ADB31065050041B8;44673735EAF46E11B7B78A650500BC08;2025-07-10;-4.0;-1118.92
AF4510B9CFE34E1142D58A6505002C08;44673735EAF46E11B7B78A650500BC08;2025-07-10;-2.0;-78.68
5B37A649CD456E11B7B78A650500BC08;44673735EAF46E11B7B78A650500BC08;2025-07-10;-2.0;-784.0
B0B1908BB11A8E11F243BB650500304B;44673735EAF46E11B7B78A650500BC08;2025-07-10;-2.0;-256.78
2C41062CCAA07E11B7B78A650500CD08;44673735EAF46E11B7B78A650500BC08;2025-07-10;-6.0;-519.42
08B3550DFBAB7E110819BB65050039AA;44673735EAF46E11B7B78A650500BC08;2025-07-10;-2.0;-246.88
82E294B85F54DE11ADB31065050080C8;44673735EAF46E11B7B78A650500BC08;2025-07-10;-2.0;-167.92
E7CE24BD2831DE11ADB3106505006CB8;44673735EAF46E11B7B78A650500BC08;2025-07-10;-2.0;-870.0
7C43D3CD6EC7CE11ADB3106505007FA8;44673735EAF46E11B7B78A650500BC08;2025-07-10;-10.0;-309.1
6724133ED547DE11C846106505007F6A;44673735EAF46E11B7B78A650500BC08;2025-07-10;-2.0;-123.12
6EA23C34CC22AE11726010650500905A;44673735EAF46E11B7B78A650500BC08;2025-07-10;-2.0;-156.04
0152F80946A27E11B7B78A650500DD08;44673735EAF46E11B7B78A650500BC08;2025-07-10;-2.0;-152.0
5CC63D2B9497EE1191EE1065050047B9;44673735EAF46E11B7B78A650500BC08;2025-07-10;-2.0;-1627.62
1E4AC696D270DE11ADB3106505003BB8;44673735EAF46E11B7B78A650500BC08;2025-07-10;-4.0;-606.0
3557D8CB1D456E11B7B78A650500BC08;44673735EAF46E11B7B78A650500BC08;2025-07-10;-6.0;-4032.0
4A6562D6E770BE11BE2110650500F55A;44673735EAF46E11B7B78A650500BC08;2025-07-10;-2.0;-151.92
CC1A95871E686E11B7B78A650500BC08;44673735EAF46E11B7B78A650500BC08;2025-07-10;-2.0;-352.98
429562EC04537E11B7B78A650500DD08;44673735EAF46E11B7B78A650500BC08;2025-07-10;-2.0;-223.22
19182E82D0993E11052F6792C000D249;44673735EAF46E11B7B78A650500BC08;2025-07-10;-2.0;-314.2
FCEB5D8DD22BBE118772106505007B59;44673735EAF46E11B7B78A650500BC08;2025-07-10;-4.0;-248.4
11CFF00A45CF8E11F243BB650500084B;44673735EAF46E11B7B78A650500BC08;2025-07-10;-2.0;-513.42
6571D7685B1C6E11B7B78A650500BC08;44673735EAF46E11B7B78A650500BC08;2025-07-10;-2.0;-2443.82
268F4D41FB456E11B7B78A650500BC08;44673735EAF46E11B7B78A650500BC08;2025-07-10;-6.0;-263.21999999999997
7B16E1512D456E11B7B78A650500BC08;44673735EAF46E11B7B78A650500BC08;2025-07-10;-4.0;-452.0
441B06FC2DC0FE1191EE10650500EAB9;44673735EAF46E11B7B78A650500BC08;2025-07-10;-6.0;-811.02
6FED915D9D5FDE11406610650500194A;44673735EAF46E11B7B78A650500BC08;2025-07-10;-2.0;-233.22
49C1EFE6AC456E11B7B78A650500BC08;44673735EAF46E11B7B78A650500BC08;2025-07-10;-2.0;-306.76
03C32697BBAF7E110819BB65050039AA;44673735EAF46E11B7B78A650500BC08;2025-07-10;-2.0;-651.88
36BCDE7623900F11F1557891FE690889;44673735EAF46E11B7B78A650500BC08;2025-07-10;-2.0;-796.0
4E53DCFD9F25FE1191EE10650500A0C9;44673735EAF46E11B7B78A650500BC08;2025-07-10;-4.0;-294.14
B95C14EFB11A8E11F243BB650500304B;44673735EAF46E11B7B78A650500BC08;2025-07-10;-4.0;-62.76
AFE73C362A109E11F243BB650500784B;44673735EAF46E11B7B78A650500BC08;2025-07-10;-2.0;-8520.0
770519DFC0CAED11A62CD892C0003F2A;44673735EAF46E11B7B78A650500BC08;2025-07-10;-2.0;-472.32
EF5B371C4E37FE1191EE1065050053C9;44673735EAF46E11B7B78A650500BC08;2025-07-10;-2.0;-262.16
53FC55E6CD456E11B7B78A650500BC08;44673735EAF46E11B7B78A650500BC08;2025-07-10;-2.0;-781.1
16EE245014D9DE11406610650500B14A;44673735EAF46E11B7B78A650500BC08;2025-07-10;-4.0;-40.1
8F203DE8AC456E11B7B78A650500BC08;44673735EAF46E11B7B78A650500BC08;2025-07-10;-2.0;-1353.28
91EABB561EE4AE11726010650500145A;44673735EAF46E11B7B78A650500BC08;2025-07-10;-2.0;-124.68
B6B48E443E3EDE11406610650500974A;44673735EAF46E11B7B78A650500BC08;2025-07-10;-8.0;-1623.8
3B6C5A1A13080E11A4A96492C00009EB;44673735EAF46E11B7B78A650500BC08;2025-07-10;-2.0;-866.9
685FCAB86A11FE1191EE106505004BB9;44673735EAF46E11B7B78A650500BC08;2025-07-10;-4.0;-948.02
2726389CAD769E11554010650500D04B;44673735EAF46E11B7B78A650500BC08;2025-07-10;-2.0;-1107.8
0826518B3C456E11B7B78A650500BC08;44673735EAF46E11B7B78A650500BC08;2025-07-10;-2.0;-412.5
13710D5B10556E11B7B78A650500BC08;44673735EAF46E11B7B78A650500BC08;2025-07-10;-2.0;-505.78
9E6963350BC0DE11ADB310650500ABB8;44673735EAF46E11B7B78A650500BC08;2025-07-10;-2.0;-468.58
3D5B1FA2EC456E11B7B78A650500BC08;44673735EAF46E11B7B78A650500BC08;2025-07-10;-2.0;-4080.0
63032E5C45CF8E11F243BB650500084B;44673735EAF46E11B7B78A650500BC08;2025-07-10;-4.0;-130.28
8051A93BC7E10F114EF7A826072BE989;44673735EAF46E11B7B78A650500BC08;2025-07-10;-4.0;-398.76
A1AF38F5A6F5AE11BE2110650500984A;44673735EAF46E11B7B78A650500BC08;2025-07-10;-16.0;-581.04
1AD358CC390FEE1191EE1065050029B9;44673735EAF46E11B7B78A650500BC08;2025-07-10;-24.0;-219.56
8C4F4AC85FFEFE11F1557891FE690689;44673735EAF46E11B7B78A650500BC08;2025-07-10;-2.0;-110.0
F707B93D4427BE118772106505006659;44673735EAF46E11B7B78A650500BC08;2025-07-10;-2.0;-1263.64
3212B81CF4BA4E1142D58A6505009C08;44673735EAF46E11B7B78A650500BC08;2025-07-10;-2.0;-496.8
90EF135D29A0AE11726010650500AE4A;44673735EAF46E11B7B78A650500BC08;2025-07-10;-2.0;-900.6
8D51B697D7A5DE11ADB31065050022C8;44673735EAF46E11B7B78A650500BC08;2025-07-10;-2.0;-529.54
595F7200C92F6E11B7B78A650500CD08;44673735EAF46E11B7B78A650500BC08;2025-07-10;-2.0;-30.14
C80423707EEAAE11BE2110650500EE4A;44673735EAF46E11B7B78A650500BC08;2025-07-10;-48.0;-592.9200000000001
ADA5E4036085FD110DC22A92C000D158;44673735EAF46E11B7B78A650500BC08;2025-07-10;-4.0;-429.38
1D6C4738015AEE1191EE1065050009B9;44673735EAF46E11B7B78A650500BC08;2025-07-10;-4.0;-581.94
7250D2FF807F6E11B7B78A650500CD08;44673735EAF46E11B7B78A650500BC08;2025-07-10;-20.0;-880.0
71F27A255D56FE1191EE1065050022C9;44673735EAF46E11B7B78A650500BC08;2025-07-10;-2.0;-1660.0
FD7EAFA8E4E6AE11BE2110650500C94A;44673735EAF46E11B7B78A650500BC08;2025-07-10;-2.0;-249.08
5F5A143D9CD2FE1191EE106505009DB9;44673735EAF46E11B7B78A650500BC08;2025-07-10;-2.0;-238.52
597DDBD899363E11052F6792C000FF39;44673735EAF46E11B7B78A650500BC08;2025-07-10;-2.0;-70.76
F15D1F78E1CAED11A62CD892C0003F2A;44673735EAF46E11B7B78A650500BC08;2025-07-10;-22.0;-200.62
2B205C4A63039E115540106505004C3B;44673735EAF46E11B7B78A650500BC08;2025-07-10;-18.0;-585.54
C93F26818257DE11C846106505008F6A;44673735EAF46E11B7B78A650500BC08;2025-07-10;-2.0;-369.86
9964FBA937E8EE1191EE1065050009B9;44673735EAF46E11B7B78A650500BC08;2025-07-10;-2.0;-1760.0
16AB242D45CF8E11F243BB650500084B;44673735EAF46E11B7B78A650500BC08;2025-07-10;-2.0;-43.5
806142F6104FFE11F1557891FE695689;44673735EAF46E11B7B78A650500BC08;2025-07-10;-2.0;-76.38
EF55FF554667BE11877210650500B659;44673735EAF46E11B7B78A650500BC08;2025-07-10;-2.0;-261.0
3D74CEFA72C97E110819BB65050019AA;44673735EAF46E11B7B78A650500BC08;2025-07-10;-4.0;-57.24
3D62BD8A40BB3E11052F6792C000D249;44673735EAF46E11B7B78A650500BC08;2025-07-10;-10.0;-373.8
59221F7F45CF8E11F243BB650500084B;44673735EAF46E11B7B78A650500BC08;2025-07-10;-2.0;-54.9
5638B73388C99E115250106505009A4A;44673735EAF46E11B7B78A650500BC08;2025-07-10;-2.0;-102.0
27B6AB2EE1F60E11A4A96492C0007BF8;44673735EAF46E11B7B78A650500BC08;2025-07-10;-2.0;-1402.24
6B5A9432AC456E11B7B78A650500BC08;44673735EAF46E11B7B78A650500BC08;2025-07-10;-2.0;-365.18
E246E028AC456E11B7B78A650500BC08;44673735EAF46E11B7B78A650500BC08;2025-07-10;-2.0;-622.94
A59176E8BF35DE11ADB310650500A1C8;FC081C55582CED11A62CD892C0003F2A;2025-07-10;-2.0;-286.26
12196B9CB7788E11F243BB6505002E3B;FC081C55582CED11A62CD892C0003F2A;2025-07-10;-2.0;-178.12
A8D915506459DE11C84610650500127A;B0BDDED34CC83E11052F6792C000B249;2025-07-10;0.0;0.0
8FBE944DE2DFEE1191EE10650500A9B9;FC081C55582CED11A62CD892C0003F2A;2025-07-10;0.0;0.0
70962C928A460E11A4A96492C0004B38;FC081C55582CED11A62CD892C0003F2A;2025-07-10;0.0;0.0
6723632BCA248E113835BB650500ACAA;FC081C55582CED11A62CD892C0003F2A;2025-07-10;0.0;0.0
54A742F7AA52CE11877210650500A469;FC081C55582CED11A62CD892C0003F2A;2025-07-10;-2.0;-134.86
05C794AC59DDCE11ADB31065050097B8;FC081C55582CED11A62CD892C0003F2A;2025-07-10;-4.0;-146.08
A033F6C2D74CDE11406610650500054A;FC081C55582CED11A62CD892C0003F2A;2025-07-10;-2.0;-109.32
840431D5CCEEDE11406610650500884A;FC081C55582CED11A62CD892C0003F2A;2025-07-10;-4.0;-74.68
08D4B1E5D4735E1142D58A650500DC08;FC081C55582CED11A62CD892C0003F2A;2025-07-10;0.0;0.0
D22B1C2280E2FE1191EE106505009DB9;FC081C55582CED11A62CD892C0003F2A;2025-07-10;0.0;0.0
E59437400502EE114066106505008C4A;FC081C55582CED11A62CD892C0003F2A;2025-07-10;0.0;0.0
E2A78382563EAE11BE2110650500135A;FC081C55582CED11A62CD892C0003F2A;2025-07-10;0.0;0.0
92DFF36D24D67E11B7B78A650500ED08;FC081C55582CED11A62CD892C0003F2A;2025-07-10;0.0;0.0
FDBB89CE44D67E11B7B78A650500ED08;FC081C55582CED11A62CD892C0003F2A;2025-07-10;-4.0;-184.28
A890516A93C1CE11877210650500E369;FC081C55582CED11A62CD892C0003F2A;2025-07-10;0.0;0.0
F2A178CA93C1CE11877210650500E369;FC081C55582CED11A62CD892C0003F2A;2025-07-10;-2.0;-59.74
F43ABFE8F630FE1191EE106505002AB9;FC081C55582CED11A62CD892C0003F2A;2025-07-10;0.0;0.0
022A1AE958F1EE114066106505007C4A;FC081C55582CED11A62CD892C0003F2A;2025-07-10;-2.0;-71.34
2E8A84BAD9FC9E11726010650500E94A;FC081C55582CED11A62CD892C0003F2A;2025-07-10;0.0;0.0
99CDFBDEFCD2FE1191EE106505009DB9;FC081C55582CED11A62CD892C0003F2A;2025-07-10;0.0;0.0
20688A00CBE1EE114066106505006C4A;FC081C55582CED11A62CD892C0003F2A;2025-07-10;0.0;0.0
A0C7CB6C58F1EE114066106505007C4A;FC081C55582CED11A62CD892C0003F2A;2025-07-10;-6.0;-153.06
E033F6C2D74CDE11406610650500054A;FC081C55582CED11A62CD892C0003F2A;2025-07-10;0.0;0.0
8B247AC845B4DE11ADB310650500F0C8;44673735EAF46E11B7B78A650500BC08;2025-07-10;42.0;4928.700000000001
2FD4376EE2F17E11B7B78A650500CD08;44673735EAF46E11B7B78A650500BC08;2025-07-10;24.0;5822.24
7C466A3662251E1143F0668E4200EE89;B0BDDED34CC83E11052F6792C000B249;2025-07-10;4.0;900.6
3799273B4677CE11ADB3106505000FA8;B0BDDED34CC83E11052F6792C000B249;2025-07-10;10.0;1769.02
FA82BFB34E1FCE11ADB31065050039B8;44673735EAF46E11B7B78A650500BC08;2025-07-10;-2.0;-296.4
594F120FD9456E11B7B78A650500BC08;44673735EAF46E11B7B78A650500BC08;2025-07-10;0.0;0.0
9C8EFAB7E9456E11B7B78A650500BC08;44673735EAF46E11B7B78A650500BC08;2025-07-10;0.0;0.0
65BC61C3E9456E11B7B78A650500BC08;44673735EAF46E11B7B78A650500BC08;2025-07-10;0.0;0.0
1448BD4836CFAE11BE2110650500155A;44673735EAF46E11B7B78A650500BC08;2025-07-10;0.0;0.0
53304E89BE339E115540106505009C3B;44673735EAF46E11B7B78A650500BC08;2025-07-10;0.0;4.547473508864641e-13
209F78B2BA66CE11ADB310650500BDA8;44673735EAF46E11B7B78A650500BC08;2025-07-10;0.0;0.0
03C2ABA38158EE1191EE1065050048B9;44673735EAF46E11B7B78A650500BC08;2025-07-10;0.0;0.0
2308C3A68805FE1191EE1065050070C9;44673735EAF46E11B7B78A650500BC08;2025-07-10;0.0;0.0
199893EDB8E3BE11BE21106505005A5A;44673735EAF46E11B7B78A650500BC08;2025-07-10;0.0;0.0
1BA9141B60F9EE1191EE1065050009B9;44673735EAF46E11B7B78A650500BC08;2025-07-10;0.0;0.0
A19F78B2BA66CE11ADB310650500BDA8;44673735EAF46E11B7B78A650500BC08;2025-07-10;0.0;0.0
8EC696634E1FCE11ADB31065050039B8;44673735EAF46E11B7B78A650500BC08;2025-07-10;0.0;0.0
03A7DB834E1FCE11ADB31065050039B8;44673735EAF46E11B7B78A650500BC08;2025-07-10;0.0;0.0
DDA5DFCFA7A7CE11ADB3106505004FA8;44673735EAF46E11B7B78A650500BC08;2025-07-10;-2.0;-106.64
46C209F8929C7E110819BB65050039AA;44673735EAF46E11B7B78A650500BC08;2025-07-10;0.0;0.0
7477A5BBCC6DAE11BE2110650500125A;44673735EAF46E11B7B78A650500BC08;2025-07-10;-2.0;-216.74
5D082192BA66CE11ADB310650500BDA8;44673735EAF46E11B7B78A650500BC08;2025-07-10;0.0;0.0
864948BEED85EE1191EE10650500F4B9;FC081C55582CED11A62CD892C0003F2A;2025-07-10;0.0;0.0
4BBA9F2B5C440F114EF7A826072BFC89;FC081C55582CED11A62CD892C0003F2A;2025-07-10;0.0;0.0
2A0C9F2B5C440F114EF7A826072BFC89;FC081C55582CED11A62CD892C0003F2A;2025-07-10;0.0;0.0
F7B4FDBB5C440F114EF7A826072BFC89;FC081C55582CED11A62CD892C0003F2A;2025-07-10;0.0;0.0
0C43A5EC6CB50F114EF7A826072BCE89;44673735EAF46E11B7B78A650500BC08;2025-07-10;24.0;5179.2
C0458CCC6CB50F114EF7A826072BCE89;44673735EAF46E11B7B78A650500BC08;2025-07-10;8.0;9200.0
9D0402DBBEB40F114EF7A826072B8D89;B0BDDED34CC83E11052F6792C000B249;2025-07-10;48.0;2397.92
2A700BEBBEB40F114EF7A826072B8D89;B0BDDED34CC83E11052F6792C000B249;2025-07-10;120.0;2175.46
2F6B930CBEB40F114EF7A826072B8D89;B0BDDED34CC83E11052F6792C000B249;2025-07-10;96.0;5556.36
89B16F8978540F114EF7A826072B0D89;B0BDDED34CC83E11052F6792C000B249;2025-07-10;40.0;1039.46
957CB9A978540F114EF7A826072B0D89;B0BDDED34CC83E11052F6792C000B249;2025-07-10;60.0;4217.54
E28D3A8D70C5EE1191EE1065050045B9;FC081C55582CED11A62CD892C0003F2A;2025-07-10;-2.0;-70.92
FC1B1729ACA5BE11BE21106505009C5A;FC081C55582CED11A62CD892C0003F2A;2025-07-10;-30.0;-1173.9
8064693F2B140F114EF7A826072BBC89;B0BDDED34CC83E11052F6792C000B249;2025-07-10;20.0;1323.0
255B2B27F8DEEE1191EE1065050029B9;FC081C55582CED11A62CD892C0003F2A;2025-07-10;0.0;0.0
50C5BD4522606E1142D58A650500AD08;B0BDDED34CC83E11052F6792C000B249;2025-07-10;138.0;10904.759999999998
FC624F65C40BAE11BE21106505000F4A;44673735EAF46E11B7B78A650500BC08;2025-07-10;-2.0;-106.06
E5D60F37895EDE11406610650500C74A;B0BDDED34CC83E11052F6792C000B249;2025-07-10;4.0;1250.04
4B11F556C4789E11525010650500D84A;B0BDDED34CC83E11052F6792C000B249;2025-07-10;4.0;1144.68
5EA8094F4FFD9E117260106505004B4A;44673735EAF46E11B7B78A650500BC08;2025-07-10;16.0;2416.0
DC8DE026E315AE11726010650500445A;44673735EAF46E11B7B78A650500BC08;2025-07-10;68.0;5490.22
07AD7D7EE2DC9E11726010650500B94A;44673735EAF46E11B7B78A650500BC08;2025-07-10;-86.0;-2130.6800000000003
8D783B306AD1BE11BE2110650500B75A;44673735EAF46E11B7B78A650500BC08;2025-07-10;-20.0;-2810.0
B00323A756E54E1142D58A6505002C08;B0BDDED34CC83E11052F6792C000B249;2025-07-10;4.0;482.46
A1A949A50FBBEE1191EE1065050029B9;B0BDDED34CC83E11052F6792C000B249;2025-07-10;14.0;1358.0
666C88150FBBEE1191EE1065050029B9;B0BDDED34CC83E11052F6792C000B249;2025-07-10;6.0;2976.0
DA3C3619256EEE1191EE1065050029B9;44673735EAF46E11B7B78A650500BC08;2025-07-10;10.0;1350.0
16AB37742AA5FE1191EE1065050041C9;44673735EAF46E11B7B78A650500BC08;2025-07-10;10.0;1160.0
470D0987256EEE1191EE1065050029B9;44673735EAF46E11B7B78A650500BC08;2025-07-10;10.0;800.0
0AED48A670CAED11A62CD892C0003F2A;44673735EAF46E11B7B78A650500BC08;2025-07-10;4.0;2103.42
EBED8D0E0E809E11F243BB650500094B;44673735EAF46E11B7B78A650500BC08;2025-07-10;6.0;456.8599999999999
4A12BAC636EEAE11BE2110650500F35A;44673735EAF46E11B7B78A650500BC08;2025-07-10;20.0;1859.0
3B09EE6A88000F11F1557891FE695789;44673735EAF46E11B7B78A650500BC08;2025-07-10;6.0;1604.56
E47C79C05FAAFE11128010650500E819;B0BDDED34CC83E11052F6792C000B249;2025-07-10;8.0;612.42
9022A3C05FAAFE11128010650500E819;FC081C55582CED11A62CD892C0003F2A;2025-07-10;10.0;765.54
B771181A03078E11F243BB6505005C3B;44673735EAF46E11B7B78A650500BC08;2025-07-10;-2.0;-203.98
8DD878DAFCA50F114EF7A826072BBE89;44673735EAF46E11B7B78A650500BC08;2025-07-10;20.0;2592.0
24B5097AFCA50F114EF7A826072BBE89;44673735EAF46E11B7B78A650500BC08;2025-07-10;10.0;3168.0
180BBA94D1C30F114EF7A826072B4C89;44673735EAF46E11B7B78A650500BC08;2025-07-10;120.0;18856.8
DBDE455281082E11052F6792C0007F39;44673735EAF46E11B7B78A650500BC08;2025-07-10;18.0;8172.4400000000005
C6C823FA8D410F11112A674AC7E21989;44673735EAF46E11B7B78A650500BC08;2025-07-10;262.0;16008.2
64E177151EDEFE11F1557891FE69D589;FC081C55582CED11A62CD892C0003F2A;2025-07-10;40.0;4617.6
EBE4F478506AFE11128010650500E819;FC081C55582CED11A62CD892C0003F2A;2025-07-10;40.0;3121.2
EDC44299B596DE11ADB31065050053C8;FC081C55582CED11A62CD892C0003F2A;2025-07-10;20.0;3549.8
FF0EFA563D427E11B7B78A650500CD08;FC081C55582CED11A62CD892C0003F2A;2025-07-10;28.0;4050.2
529C0A7F25DFEE1191EE10650500A9B9;FC081C55582CED11A62CD892C0003F2A;2025-07-10;16.0;3624.0
70F2B767A4661E1143F0668E4200EE89;FC081C55582CED11A62CD892C0003F2A;2025-07-10;6.0;967.74
548618F44C0D7E110819BB65050039AA;FC081C55582CED11A62CD892C0003F2A;2025-07-10;12.0;1890.84
6CDD0C3751CAED11A62CD892C0003F2A;FC081C55582CED11A62CD892C0003F2A;2025-07-10;10.0;3485.0
065E089DBFDC9E11726010650500C94A;FC081C55582CED11A62CD892C0003F2A;2025-07-10;-2.0;-565.76
D2A177151EDEFE11F1557891FE69D589;B0BDDED34CC83E11052F6792C000B249;2025-07-10;4.0;444.0
3CDC86FB3F14CE11877210650500E669;B0BDDED34CC83E11052F6792C000B249;2025-07-10;12.0;1364.16
28C3CFD63B5C7E110819BB65050039AA;B0BDDED34CC83E11052F6792C000B249;2025-07-10;94.0;2036.98
02009DCE9A827E11B7B78A650500DD08;B0BDDED34CC83E11052F6792C000B249;2025-07-10;10.0;1151.3
E223E4F0D0EC4E1142D58A650500BC08;FC081C55582CED11A62CD892C0003F2A;2025-07-10;4.0;1236.44
552581CE1959FE11128010650500E819;FC081C55582CED11A62CD892C0003F2A;2025-07-10;8.0;3391.2
ECE41F692E458E113835BB6505001EAA;FC081C55582CED11A62CD892C0003F2A;2025-07-10;12.0;1540.32
7AA19B2EAB596E11B7B78A650500BC08;FC081C55582CED11A62CD892C0003F2A;2025-07-10;12.0;897.24
88A271D96F08DE11C84610650500707A;FC081C55582CED11A62CD892C0003F2A;2025-07-10;4.0;1866.52
4640B1EF3E456E11B7B78A650500BC08;44673735EAF46E11B7B78A650500BC08;2025-07-10;-8.0;-3440.0
E78791411392BE11BE2110650500A85A;44673735EAF46E11B7B78A650500BC08;2025-07-10;28.0;6362.44
76D9847273D0DE11ADB310650500BBB8;FC081C55582CED11A62CD892C0003F2A;2025-07-10;32.0;512.96
1E7BDF7FA4628E111E1BBB6505007AAA;B0BDDED34CC83E11052F6792C000B249;2025-07-10;6.0;444.32
25D3B0467EA23E11052F6792C000CF39;B0BDDED34CC83E11052F6792C000B249;2025-07-10;4.0;509.59999999999997
F61A0C13408EEE1191EE1065050029B9;FC081C55582CED11A62CD892C0003F2A;2025-07-10;0.0;0.0
04AAB2A39B4ACE11ADB310650500B2B8;FC081C55582CED11A62CD892C0003F2A;2025-07-10;0.0;0.0
450BACBD2D456E11B7B78A650500BC08;44673735EAF46E11B7B78A650500BC08;2025-07-10;-10.0;-741.0
AF87C76B3DCCCE11ADB31065050026B8;44673735EAF46E11B7B78A650500BC08;2025-07-10;-4.0;-214.0
790627430E8BEE1191EE1065050029B9;44673735EAF46E11B7B78A650500BC08;2025-07-10;-2.0;-7104.0
1ABF1DA135520F114EF7A826072B7A89;FC081C55582CED11A62CD892C0003F2A;2025-07-10;-2.0;-1047.56
7DABD52C285CEE1191EE1065050029B9;FC081C55582CED11A62CD892C0003F2A;2025-07-10;-4.0;-2720.16
0DAC507A60CADE11406610650500F24A;B0BDDED34CC83E11052F6792C000B249;2025-07-10;4.0;480.72
BC52A518975A7E110819BB65050039AA;44673735EAF46E11B7B78A650500BC08;2025-07-10;4.0;11184.0
AA7597500D3ABE118772106505005A59;44673735EAF46E11B7B78A650500BC08;2025-07-10;40.0;2840.0
FDC6EEC9CC930F114EF7A826072B1C89;B0BDDED34CC83E11052F6792C000B249;2025-07-10;0.0;0.0
8BC36436F0CAED11A62CD892C0003F2A;B0BDDED34CC83E11052F6792C000B249;2025-07-10;4.0;1032.6
7025CA7F56D46E11B7B78A650500BC08;B0BDDED34CC83E11052F6792C000B249;2025-07-10;8.0;1186.62
2BAF8A5FC0CAED11A62CD892C0003F2A;FC081C55582CED11A62CD892C0003F2A;2025-07-10;32.0;3066.44
F73159E86589DE11406610650500514A;B0BDDED34CC83E11052F6792C000B249;2025-07-10;24.0;4486.08
8C927C5DE879DE11406610650500414A;FC081C55582CED11A62CD892C0003F2A;2025-07-10;12.0;2875.68
620F2DBC97400F11F1557891FE69A789;44673735EAF46E11B7B78A650500BC08;2025-07-10;10.0;5350.0
175AF9E305B4DE11ADB310650500F0C8;FC081C55582CED11A62CD892C0003F2A;2025-07-10;20.0;1161.6000000000001
48772F1D74054E1142D58A6505002C08;FC081C55582CED11A62CD892C0003F2A;2025-07-10;24.0;2841.6
E38F4B4AB6D46E11B7B78A650500BC08;B0BDDED34CC83E11052F6792C000B249;2025-07-10;8.0;3704.56
6907DDE6AFD34E1142D58A6505002C08;B0BDDED34CC83E11052F6792C000B249;2025-07-10;24.0;4071.36
68B552CBC7E6FE1191EE10650500D2C9;44673735EAF46E11B7B78A650500BC08;2025-07-10;-4.0;-1687.84
69784EF90F82DE11ADB3106505001EB8;44673735EAF46E11B7B78A650500BC08;2025-07-10;-10.0;-7774.400000000001
2E12188C91D5AE11BE2110650500684A;B0BDDED34CC83E11052F6792C000B249;2025-07-10;6.0;1736.04
208742EDC8E3FE1191EE10650500FEB9;B0BDDED34CC83E11052F6792C000B249;2025-07-10;6.0;172.62
82FD7EDCF37DCE11ADB31065050007B8;B0BDDED34CC83E11052F6792C000B249;2025-07-10;6.0;270.2
F741CB149A278E11F243BB6505008C3B;B0BDDED34CC83E11052F6792C000B249;2025-07-10;12.0;387.0
9638119280A49E115540106505006E3B;44673735EAF46E11B7B78A650500BC08;2025-07-10;0.0;0.0
AE8CED8F00BEEE1191EE1065050029B9;44673735EAF46E11B7B78A650500BC08;2025-07-10;0.0;1.1368683772161603e-13
17AC19A8659BDE11406610650500144A;B0BDDED34CC83E11052F6792C000B249;2025-07-10;20.0;5593.2
3864C654B733AE11726010650500E15A;B0BDDED34CC83E11052F6792C000B249;2025-07-10;12.0;4378.56
CCAD46B861AB7E110819BB65050039AA;B0BDDED34CC83E11052F6792C000B249;2025-07-10;-4.0;-391.24
53E9D1DE9FF1CE118772106505003469;B0BDDED34CC83E11052F6792C000B249;2025-07-10;-2.0;-275.0
FD3EE339506AFE11128010650500E819;FC081C55582CED11A62CD892C0003F2A;2025-07-10;-10.0;-282.69999999999993
7B5EF2537E62FE1191EE10650500FCB9;44673735EAF46E11B7B78A650500BC08;2025-07-10;12.0;1588.36
02F4728A9D27EE1191EE10650500C6B9;B0BDDED34CC83E11052F6792C000B249;2025-07-10;12.0;2757.36
2705DAC345976E11B7B78A650500BC08;B0BDDED34CC83E11052F6792C000B249;2025-07-10;4.0;540.0
80AA0C81D3C89E11525010650500394A;44673735EAF46E11B7B78A650500BC08;2025-07-10;12.0;4818.12
3F3996C74B768E11F243BB650500AB3B;B0BDDED34CC83E11052F6792C000B249;2025-07-10;12.0;6234.48
E6CF24638D0ACE11ADB31065050062B8;B0BDDED34CC83E11052F6792C000B249;2025-07-10;8.0;3570.24
7907712ACF040F114EF7A826072BAC89;FC081C55582CED11A62CD892C0003F2A;2025-07-10;20.0;2354.5
D76CAFAF618EEE1191EE1065050029B9;FC081C55582CED11A62CD892C0003F2A;2025-07-10;4.0;365.32
8297BF6A01CAED11A62CD892C0003F2A;B0BDDED34CC83E11052F6792C000B249;2025-07-10;-4.0;-1623.2800000000002
FC203846A6840E11A4A96492C000067B;FC081C55582CED11A62CD892C0003F2A;2025-07-10;-2.0;-186.58
E32D021100E7EE1191EE10650500A7B9;FC081C55582CED11A62CD892C0003F2A;2025-07-10;-4.0;-19.54
5A467A30BD877E110819BB65050009AA;FC081C55582CED11A62CD892C0003F2A;2025-07-10;-2.0;-497.18
9170636724C26E1142D58A650500AD08;FC081C55582CED11A62CD892C0003F2A;2025-07-10;-4.0;-448.56
D0B3D1D2432FFE11F1557891FE693689;FC081C55582CED11A62CD892C0003F2A;2025-07-10;-2.0;-30.94
B387258D70C5EE1191EE1065050045B9;FC081C55582CED11A62CD892C0003F2A;2025-07-10;-2.0;-59.0
65CF659B9C13EE11B1AD1065050036EA;FC081C55582CED11A62CD892C0003F2A;2025-07-10;-2.0;-453.04
5FFE8F24111EAE11BE2110650500E25A;FC081C55582CED11A62CD892C0003F2A;2025-07-10;-2.0;-479.64
430EC675233EDE11406610650500874A;FC081C55582CED11A62CD892C0003F2A;2025-07-10;-2.0;-180.94
7B5AB005003C0E11A4A96492C0001269;FC081C55582CED11A62CD892C0003F2A;2025-07-10;-4.0;-537.0
86BE5C8D13844E1142D58A6505002C08;FC081C55582CED11A62CD892C0003F2A;2025-07-10;-2.0;-242.2
0D280D4ACE23FD110DC22A92C000C499;FC081C55582CED11A62CD892C0003F2A;2025-07-10;-2.0;-69.22
A100A7C2B60A0E11A4A96492C0001269;FC081C55582CED11A62CD892C0003F2A;2025-07-10;-2.0;-45.16
581A731D0A34DE11ADB31065050050C8;FC081C55582CED11A62CD892C0003F2A;2025-07-10;-2.0;-278.4
33FA56AE6979DE11406610650500414A;FC081C55582CED11A62CD892C0003F2A;2025-07-10;-2.0;-427.26
C0998708FFC32E1143F0668E4200C71A;FC081C55582CED11A62CD892C0003F2A;2025-07-10;-2.0;-150.32
8A858CC65DC2DE11ADB3106505006EB8;FC081C55582CED11A62CD892C0003F2A;2025-07-10;-2.0;-721.32
9C4FFDF7EB23FE1191EE10650500FDB9;FC081C55582CED11A62CD892C0003F2A;2025-07-10;-2.0;-212.36
8D8A674D7F3DBE118772106505002E59;FC081C55582CED11A62CD892C0003F2A;2025-07-10;-4.0;-430.34
3BD3841652DC4E1142D58A650500BC08;FC081C55582CED11A62CD892C0003F2A;2025-07-10;-2.0;-146.2
017C3D6ACC00EE11406610650500F94A;FC081C55582CED11A62CD892C0003F2A;2025-07-10;-2.0;-105.94
460CFF3888A05E1142D58A650500BC08;FC081C55582CED11A62CD892C0003F2A;2025-07-10;-2.0;-1450.0
8F08E9D401CAED11A62CD892C0003F2A;FC081C55582CED11A62CD892C0003F2A;2025-07-10;-2.0;-196.82
B88DCB4E6BB6EE1191EE1065050076B9;FC081C55582CED11A62CD892C0003F2A;2025-07-10;-2.0;-494.96
669BA63954A27E11B7B78A650500DD08;FC081C55582CED11A62CD892C0003F2A;2025-07-10;-2.0;-353.4
2DAD4A6103F81E1143F0668E42006B8B;FC081C55582CED11A62CD892C0003F2A;2025-07-10;-2.0;-211.78
0EA5E4036085FD110DC22A92C000D158;FC081C55582CED11A62CD892C0003F2A;2025-07-10;-6.0;-644.06
82331755AF2DBE118772106505001E59;FC081C55582CED11A62CD892C0003F2A;2025-07-10;-2.0;-729.76
350745E91D95FE1191EE1065050031C9;FC081C55582CED11A62CD892C0003F2A;2025-07-10;-2.0;-268.36
1E836180A7075E1142D58A650500DC08;FC081C55582CED11A62CD892C0003F2A;2025-07-10;-2.0;-428.2
8A4F278C0ADEAE11BE2110650500E35A;FC081C55582CED11A62CD892C0003F2A;2025-07-10;-4.0;-148.6
2C0B62D573F7DE11C84610650500507A;FC081C55582CED11A62CD892C0003F2A;2025-07-10;-4.0;-242.52
93B1F2340F0EEE1191EE1065050029B9;FC081C55582CED11A62CD892C0003F2A;2025-07-10;-2.0;-548.26
2A6AF9B86497FE1191EE10650500C3C9;FC081C55582CED11A62CD892C0003F2A;2025-07-10;-2.0;-215.4
9D514C24B1CAED11A62CD892C0003F2A;FC081C55582CED11A62CD892C0003F2A;2025-07-10;-2.0;-192.8
C7EF297E24FD4E1142D58A650500BC08;FC081C55582CED11A62CD892C0003F2A;2025-07-10;-6.0;-1109.6999999999998
82377D17C0CAED11A62CD892C0003F2A;FC081C55582CED11A62CD892C0003F2A;2025-07-10;-2.0;-611.36
A905F7515CE7CE11ADB3106505009FA8;FC081C55582CED11A62CD892C0003F2A;2025-07-10;-4.0;-164.36
3BFABF4F2040EE114066106505003A4A;FC081C55582CED11A62CD892C0003F2A;2025-07-10;-4.0;-150.4
0EF1A395B7B9DE11406610650500914A;FC081C55582CED11A62CD892C0003F2A;2025-07-10;-2.0;-29.34
5C5599CA12C67E11B7B78A650500ED08;FC081C55582CED11A62CD892C0003F2A;2025-07-10;-2.0;-111.26
423795AC483EFE11F1557891FE690589;FC081C55582CED11A62CD892C0003F2A;2025-07-10;-2.0;-26.0
1047D9F00A610F11112A674AC7E23989;FC081C55582CED11A62CD892C0003F2A;2025-07-10;-2.0;-72.62
A2893BDBF9BDEE1191EE1065050029B9;FC081C55582CED11A62CD892C0003F2A;2025-07-10;-6.0;-30.12
D6E0FF6B22600F11F1557891FE69C789;FC081C55582CED11A62CD892C0003F2A;2025-07-10;-2.0;-102.94
B24288F6518EEE1191EE1065050029B9;FC081C55582CED11A62CD892C0003F2A;2025-07-10;-2.0;-203.84
BE558F379166DE11ADB31065050013C8;FC081C55582CED11A62CD892C0003F2A;2025-07-10;-4.0;-230.38
7E43066013D4AE11726010650500F35A;FC081C55582CED11A62CD892C0003F2A;2025-07-10;-2.0;-12.8
3D963A89DBB1EE114066106505001C4A;FC081C55582CED11A62CD892C0003F2A;2025-07-10;-2.0;-139.72
5DD93FC9DD630F114EF7A826072BDB89;FC081C55582CED11A62CD892C0003F2A;2025-07-10;-4.0;-72.06
D236D8AC523C6E11B7B78A650500BC08;FC081C55582CED11A62CD892C0003F2A;2025-07-10;-4.0;-365.18
2E6CF6B92C229E115540106505003B3B;FC081C55582CED11A62CD892C0003F2A;2025-07-10;-4.0;-1338.24
1E5EC8ECAB4A6E11B7B78A650500BC08;FC081C55582CED11A62CD892C0003F2A;2025-07-10;-2.0;-620.0
911F9B6C5B4EDE11406610650500B74A;FC081C55582CED11A62CD892C0003F2A;2025-07-10;-2.0;-138.48
A930A50369CE8E11F243BB650500C64B;FC081C55582CED11A62CD892C0003F2A;2025-07-10;-4.0;-2484.88
DA2EC8AD6DBFAE11BE2110650500055A;FC081C55582CED11A62CD892C0003F2A;2025-07-10;-4.0;-176.8
FBA365098876BE118772106505008559;FC081C55582CED11A62CD892C0003F2A;2025-07-10;-2.0;-72.1
C9A3A281EAA07E11B7B78A650500CD08;FC081C55582CED11A62CD892C0003F2A;2025-07-10;-18.0;-1215.92
CEAC4B43C228CE11ADB310650500EFA8;FC081C55582CED11A62CD892C0003F2A;2025-07-10;-2.0;-904.26
D5FE46A0055F4E1142D58A650500BC08;FC081C55582CED11A62CD892C0003F2A;2025-07-10;-6.0;-1043.36
6BEB65CDCDDFDE11406610650500B94A;FC081C55582CED11A62CD892C0003F2A;2025-07-10;-2.0;-457.28
1D3E818660A7FE1191EE10650500D3C9;FC081C55582CED11A62CD892C0003F2A;2025-07-10;-2.0;-229.88
07F21E73BFAEDE11406610650500384A;FC081C55582CED11A62CD892C0003F2A;2025-07-10;-2.0;-891.64
8427FF4D829EBE11877210650500DF59;FC081C55582CED11A62CD892C0003F2A;2025-07-10;-4.0;-950.76
1B6C8EB465E0EE114066106505000B4A;FC081C55582CED11A62CD892C0003F2A;2025-07-10;-4.0;-263.0
832196A01B24DE11ADB31065050040C8;FC081C55582CED11A62CD892C0003F2A;2025-07-10;-2.0;-132.14
0DD5EF339753EE11B1AD1065050086EA;FC081C55582CED11A62CD892C0003F2A;2025-07-10;-2.0;-18.92
FED315D80970BE11BE2110650500F55A;FC081C55582CED11A62CD892C0003F2A;2025-07-10;-6.0;-727.62
FFD8CA5501CAED11A62CD892C0003F2A;FC081C55582CED11A62CD892C0003F2A;2025-07-10;-2.0;-336.6
060921464F7E4E1142D58A650500BC08;FC081C55582CED11A62CD892C0003F2A;2025-07-10;-2.0;-305.34
4440E8A1CC32FE1191EE10650500BCB9;FC081C55582CED11A62CD892C0003F2A;2025-07-10;-2.0;-640.48
5D9BA6398A278E11F243BB6505008C3B;FC081C55582CED11A62CD892C0003F2A;2025-07-10;-2.0;-98.62
B77061CD2D86FE1191EE1065050062C9;FC081C55582CED11A62CD892C0003F2A;2025-07-10;-6.0;-840.0
31080A45A1B40F114EF7A826072B7D89;FC081C55582CED11A62CD892C0003F2A;2025-07-10;-2.0;-152.22
B629E1FDC13EDE11406610650500874A;FC081C55582CED11A62CD892C0003F2A;2025-07-10;-2.0;-58.86
F31EEC2EED71FE1191EE10650500CBB9;FC081C55582CED11A62CD892C0003F2A;2025-07-10;-2.0;-593.82
EB7908658B93FE1191EE106505009EB9;FC081C55582CED11A62CD892C0003F2A;2025-07-10;-2.0;-100.32
895F895C1A5FFE11F1557891FE697689;FC081C55582CED11A62CD892C0003F2A;2025-07-10;-4.0;-285.68
6F82C91886C9DE11406610650500A14A;FC081C55582CED11A62CD892C0003F2A;2025-07-10;-6.0;-948.66
CACC221EC877EE1191EE1065050027B9;FC081C55582CED11A62CD892C0003F2A;2025-07-10;-6.6;-1548.02
3097027411CAED11A62CD892C0003F2A;FC081C55582CED11A62CD892C0003F2A;2025-07-10;-2.0;-680.24
BF08D97E2E130F114EF7A826072B7B89;FC081C55582CED11A62CD892C0003F2A;2025-07-10;-2.0;-224.28
5F2785D2D0CAED11A62CD892C0003F2A;FC081C55582CED11A62CD892C0003F2A;2025-07-10;-4.0;-302.9
42CAA6DBE358FE11128010650500D819;FC081C55582CED11A62CD892C0003F2A;2025-07-10;-2.0;-118.92
F66D660569CE8E11F243BB650500C64B;FC081C55582CED11A62CD892C0003F2A;2025-07-10;-2.0;-1627.02
7E69FDD391CAED11A62CD892C0003F2A;FC081C55582CED11A62CD892C0003F2A;2025-07-10;-4.0;-214.18
8764961A930D9E11726010650500F94A;FC081C55582CED11A62CD892C0003F2A;2025-07-10;-4.0;-2338.98
A17FA74E9F4BEE1191EE1065050029B9;FC081C55582CED11A62CD892C0003F2A;2025-07-10;-4.0;-192.0
9597B5EAD1603E11052F6792C000CF39;FC081C55582CED11A62CD892C0003F2A;2025-07-10;-10.0;-1943.36
182A8988394CDE11406610650500054A;FC081C55582CED11A62CD892C0003F2A;2025-07-10;-4.0;-415.2
92A179CBAEABFD11A4A96492C000CB59;FC081C55582CED11A62CD892C0003F2A;2025-07-10;-2.0;-1835.86
8F53A0011E5FCE11ADB310650500A9B8;FC081C55582CED11A62CD892C0003F2A;2025-07-10;-2.0;-1983.52
31917AB011CAED11A62CD892C0003F2A;FC081C55582CED11A62CD892C0003F2A;2025-07-10;-2.0;-323.8
3C5CD6915D42DE11ADB310650500CDB8;FC081C55582CED11A62CD892C0003F2A;2025-07-10;-2.0;-821.4
5FA2D4AEF77EFE11F1557891FE695589;FC081C55582CED11A62CD892C0003F2A;2025-07-10;-2.0;-82.22
E94A9A70B7E4DE11ADB31065050031C8;FC081C55582CED11A62CD892C0003F2A;2025-07-10;-2.0;-270.32
B89443653E99CE11ADB310650500D1B8;FC081C55582CED11A62CD892C0003F2A;2025-07-10;-2.0;-62.06
FF87027411CAED11A62CD892C0003F2A;FC081C55582CED11A62CD892C0003F2A;2025-07-10;-2.0;-679.26
09966C2B0876BE118772106505008559;FC081C55582CED11A62CD892C0003F2A;2025-07-10;-2.0;-48.4
FDD1A96E5D89FE11128010650500E819;FC081C55582CED11A62CD892C0003F2A;2025-07-10;-6.0;-1168.8000000000002
2CB6DAD5B869FE11128010650500E819;FC081C55582CED11A62CD892C0003F2A;2025-07-10;-2.0;-456.46
687539341767BE11877210650500B659;FC081C55582CED11A62CD892C0003F2A;2025-07-10;-2.0;-167.92
A973B817914FBE11877210650500B069;FC081C55582CED11A62CD892C0003F2A;2025-07-10;-2.0;-2658.9
FB6B96492252EE11406610650500EC4A;FC081C55582CED11A62CD892C0003F2A;2025-07-10;-2.0;-511.24
C5DEFCCBCE13FE1191EE10650500EDB9;FC081C55582CED11A62CD892C0003F2A;2025-07-10;-2.0;-317.98
B816285AA44FDE11406610650500F84A;FC081C55582CED11A62CD892C0003F2A;2025-07-10;-2.0;-121.26
8206F7318EEBCE11ADB310650500E4B8;FC081C55582CED11A62CD892C0003F2A;2025-07-10;-2.0;-856.3
92899F592642FE1191EE10650500CCB9;FC081C55582CED11A62CD892C0003F2A;2025-07-10;-4.0;-1782.74
C6C0B9CCEDD4DE11ADB31065050021C8;FC081C55582CED11A62CD892C0003F2A;2025-07-10;-2.0;-352.5
2A78DB8FF8C7FE1191EE1065050004C9;FC081C55582CED11A62CD892C0003F2A;2025-07-10;-2.0;-138.68
FDBF5FCF20CAED11A62CD892C0003F2A;FC081C55582CED11A62CD892C0003F2A;2025-07-10;-2.0;-106.0
B9491FE230DEFE11F1557891FE69C589;FC081C55582CED11A62CD892C0003F2A;2025-07-10;-2.0;-233.7
9CB7380BBED3FD110DC22A92C000C499;FC081C55582CED11A62CD892C0003F2A;2025-07-10;-2.0;-155.62
42BA75DC7557AE11BE21106505005A4A;FC081C55582CED11A62CD892C0003F2A;2025-07-10;-2.0;-653.28
4850C16552C1DE11ADB3106505001DB8;FC081C55582CED11A62CD892C0003F2A;2025-07-10;-2.0;-1264.68
210CC07C8523DE11ADB310650500DEB8;FC081C55582CED11A62CD892C0003F2A;2025-07-10;-2.0;-85.62
72D92CEE920BAE11BE21106505000F4A;FC081C55582CED11A62CD892C0003F2A;2025-07-10;-2.0;-117.06
E63E17D851CAED11A62CD892C0003F2A;FC081C55582CED11A62CD892C0003F2A;2025-07-10;-2.0;-1331.06
E5976BB8DBF7FE11128010650500D819;FC081C55582CED11A62CD892C0003F2A;2025-07-10;-4.0;-3210.12
54153956EFCEFE11F1557891FE69C589;FC081C55582CED11A62CD892C0003F2A;2025-07-10;-2.0;-319.76
51D81EDCC2F2DE11ADB3106505009EB8;FC081C55582CED11A62CD892C0003F2A;2025-07-10;-2.0;-794.78
64C5195257363E11052F6792C000FF39;FC081C55582CED11A62CD892C0003F2A;2025-07-10;-8.0;-202.56
9BACF127C03C9E11726010650500E84A;FC081C55582CED11A62CD892C0003F2A;2025-07-10;-2.0;-4314.04
31E0A6E1236BCE11ADB31065050034B8;FC081C55582CED11A62CD892C0003F2A;2025-07-10;-2.0;-94.0
B9370348EC14CE11877210650500E669;FC081C55582CED11A62CD892C0003F2A;2025-07-10;-2.0;-585.8
27F3D4AEF77EFE11F1557891FE695589;FC081C55582CED11A62CD892C0003F2A;2025-07-10;-2.0;-82.22
C50C3DA3DB804E1142D58A650500DB08;FC081C55582CED11A62CD892C0003F2A;2025-07-10;-2.0;-223.96
D1B6F9AD0CA8BE118772106505005859;FC081C55582CED11A62CD892C0003F2A;2025-07-10;-2.0;-77.12
93C3F3EF12606E1142D58A650500AD08;B0BDDED34CC83E11052F6792C000B249;2025-07-10;-2.0;-188.24
5B7B7425F1BD3E11052F6792C000D249;B0BDDED34CC83E11052F6792C000B249;2025-07-10;-2.0;-54.64
2A6DB5CEE0CAED11A62CD892C0003F2A;B0BDDED34CC83E11052F6792C000B249;2025-07-10;-2.0;-221.62
33756B0DA1CAED11A62CD892C0003F2A;B0BDDED34CC83E11052F6792C000B249;2025-07-10;-2.0;-249.58
4F9F5CBB1970BE11BE2110650500F55A;B0BDDED34CC83E11052F6792C000B249;2025-07-10;-4.0;-690.68
1B07A4611A09DE11C84610650500B17A;B0BDDED34CC83E11052F6792C000B249;2025-07-10;-14.0;-357.0
47D99E6F430ACE11ADB31065050052B8;B0BDDED34CC83E11052F6792C000B249;2025-07-10;-6.0;-510.0
34BCB89C1A5FFE11F1557891FE697689;B0BDDED34CC83E11052F6792C000B249;2025-07-10;-2.0;-118.78
56181BDBAB4B3E11052F6792C000D249;B0BDDED34CC83E11052F6792C000B249;2025-07-10;-2.0;-466.56
7F8CF1FFCADD8E11F243BB650500954B;B0BDDED34CC83E11052F6792C000B249;2025-07-10;-2.0;-2263.42
239584FE0BAE3E11052F6792C000D249;B0BDDED34CC83E11052F6792C000B249;2025-07-10;-2.0;-210.4
F72EDE23CA25EE11B1AD10650500D8EA;B0BDDED34CC83E11052F6792C000B249;2025-07-10;-2.0;-113.94
54EFD822578B3E11052F6792C000D249;B0BDDED34CC83E11052F6792C000B249;2025-07-10;-2.0;-79.3
0D280D4ACE23FD110DC22A92C000C499;B0BDDED34CC83E11052F6792C000B249;2025-07-10;-2.0;-69.24
A0C1B01B55B4DE11ADB310650500F0C8;B0BDDED34CC83E11052F6792C000B249;2025-07-10;-8.0;-332.96
75A6F4ADE2DFEE1191EE10650500A9B9;B0BDDED34CC83E11052F6792C000B249;2025-07-10;-6.0;-698.0799999999999
A18851DC58B13E11052F6792C000CF39;B0BDDED34CC83E11052F6792C000B249;2025-07-10;-2.0;-152.22
376757C0AD459E115540106505005F3B;B0BDDED34CC83E11052F6792C000B249;2025-07-10;-2.0;-329.4
1F1EB7FDB0CAED11A62CD892C0003F2A;B0BDDED34CC83E11052F6792C000B249;2025-07-10;-16.0;-537.08
D404E77743F2EE11B1AD1065050006EA;B0BDDED34CC83E11052F6792C000B249;2025-07-10;-4.0;-246.8
40F32E312D42FD110DC22A92C0006778;B0BDDED34CC83E11052F6792C000B249;2025-07-10;-90.0;-1322.1
E8DD1AFC65ABEE1191EE1065050029B9;B0BDDED34CC83E11052F6792C000B249;2025-07-10;-2.0;-32.22
D7D7334651CAED11A62CD892C0003F2A;B0BDDED34CC83E11052F6792C000B249;2025-07-10;-2.0;-642.5
436C9DD22CE1EE114066106505006C4A;B0BDDED34CC83E11052F6792C000B249;2025-07-10;-4.0;-183.16
8EE39330F935FE1191EE10650500B0C9;B0BDDED34CC83E11052F6792C000B249;2025-07-10;-2.0;-103.86
FDB201FC1443FE1191EE106505001EB9;B0BDDED34CC83E11052F6792C000B249;2025-07-10;-24.0;-1966.54
D6A4FCE301CAED11A62CD892C0003F2A;B0BDDED34CC83E11052F6792C000B249;2025-07-10;-2.0;-214.18
9B36CDE2311EAE11BE2110650500E25A;B0BDDED34CC83E11052F6792C000B249;2025-07-10;-2.0;-380.92
EC01F9E635B4DE11ADB310650500F0C8;B0BDDED34CC83E11052F6792C000B249;2025-07-10;-2.0;-218.66
C6CDB0C295240F114EF7A826072BCC89;B0BDDED34CC83E11052F6792C000B249;2025-07-10;-2.0;-1199.38
060921464F7E4E1142D58A650500BC08;B0BDDED34CC83E11052F6792C000B249;2025-07-10;-4.0;-610.68
DC8DE026E315AE11726010650500445A;B0BDDED34CC83E11052F6792C000B249;2025-07-10;-4.0;-322.94
1B010D17782ADE11406610650500224A;B0BDDED34CC83E11052F6792C000B249;2025-07-10;-16.0;-195.68
DFF59ABFD2855E1142D58A650500DC08;B0BDDED34CC83E11052F6792C000B249;2025-07-10;-2.0;-135.26
2E6A3DD5D0371E1143F0668E42006B8B;B0BDDED34CC83E11052F6792C000B249;2025-07-10;-2.0;-222.94
040F7376AC1BAE11BE21106505002F4A;B0BDDED34CC83E11052F6792C000B249;2025-07-10;-2.0;-17.58
9DB4568D2726EE1191EE10650500C5B9;B0BDDED34CC83E11052F6792C000B249;2025-07-10;-2.0;-324.0
6D12452A3E263E11052F6792C000FF39;B0BDDED34CC83E11052F6792C000B249;2025-07-10;-6.0;-513.78
0F15DEBE63EFAE11BE2110650500355A;B0BDDED34CC83E11052F6792C000B249;2025-07-10;-4.0;-594.68
63365A69F7BAFE11128010650500E819;B0BDDED34CC83E11052F6792C000B249;2025-07-10;-4.0;-160.0
5F27FDFE87DC6E11B7B78A650500BC08;B0BDDED34CC83E11052F6792C000B249;2025-07-10;-2.0;-113.22
B2513AE95AC75E1142D58A650500DC08;B0BDDED34CC83E11052F6792C000B249;2025-07-10;-2.0;-307.56
80F42BDDDA5D7E110819BB65050039AA;B0BDDED34CC83E11052F6792C000B249;2025-07-10;-2.0;-69.68
43BECBDAA9363E11052F6792C000FF39;B0BDDED34CC83E11052F6792C000B249;2025-07-10;-2.0;-66.92
3CE77FFF99C61E1143F0668E4200EE89;B0BDDED34CC83E11052F6792C000B249;2025-07-10;-2.0;-373.66
7A45966E76730F1158A3BB3DBE8EEB89;B0BDDED34CC83E11052F6792C000B249;2025-07-10;-2.0;-745.2
4AB71A8A0E9DEE1191EE1065050029B9;B0BDDED34CC83E11052F6792C000B249;2025-07-10;-2.0;-123.26
B09E9B131654EE11B1AD10650500C7EA;B0BDDED34CC83E11052F6792C000B249;2025-07-10;-2.0;-45.24
E92C69CDB3F8AE11BE21106505006C4A;B0BDDED34CC83E11052F6792C000B249;2025-07-10;-6.0;-124.44
964F3E7BB47D8E11F243BB650500154B;B0BDDED34CC83E11052F6792C000B249;2025-07-10;-4.0;-640.1
7ADEED09B7A0EE11406610650500BA4A;B0BDDED34CC83E11052F6792C000B249;2025-07-10;-10.0;-718.1
CF2C6D5B01CAED11A62CD892C0003F2A;B0BDDED34CC83E11052F6792C000B249;2025-07-10;-2.0;-281.74
0FD20C1F21CAED11A62CD892C0003F2A;B0BDDED34CC83E11052F6792C000B249;2025-07-10;-4.0;-241.72
DF96B7DB01CAED11A62CD892C0003F2A;B0BDDED34CC83E11052F6792C000B249;2025-07-10;-2.0;-628.54
1578ED68E602EE114066106505008C4A;B0BDDED34CC83E11052F6792C000B249;2025-07-10;-2.0;-107.0
973F37C608138E110223BB6505005BAA;B0BDDED34CC83E11052F6792C000B249;2025-07-10;-2.0;-250.0
7405D792714BEE1191EE1065050029B9;B0BDDED34CC83E11052F6792C000B249;2025-07-10;-2.0;-916.4
1D9B21903C68FE11128010650500D819;B0BDDED34CC83E11052F6792C000B249;2025-07-10;-2.0;-504.02
E429FDA9268EFE11F1557891FE696589;B0BDDED34CC83E11052F6792C000B249;2025-07-10;-2.0;-176.0
F2419713B7696E11B7B78A650500BC08;B0BDDED34CC83E11052F6792C000B249;2025-07-10;-2.0;-176.38
CCE2C3C81EBBDE11406610650500444A;B0BDDED34CC83E11052F6792C000B249;2025-07-10;-6.0;-101.02
468337CD542CAE11BE2110650500705A;B0BDDED34CC83E11052F6792C000B249;2025-07-10;-2.0;-406.08
274F9849DB0FEE1191EE1065050029B9;B0BDDED34CC83E11052F6792C000B249;2025-07-10;-2.0;-587.74
3BE5FCA9591A6E11B7B78A650500BC08;B0BDDED34CC83E11052F6792C000B249;2025-07-10;-4.0;-322.0
13FE4AEC4052DE11ADB310650500CDB8;B0BDDED34CC83E11052F6792C000B249;2025-07-10;-2.0;-994.28
82E294B85F54DE11ADB31065050080C8;B0BDDED34CC83E11052F6792C000B249;2025-07-10;-2.0;-134.34
EB0D48ACDE1DDE11406610650500164A;B0BDDED34CC83E11052F6792C000B249;2025-07-10;-2.0;-197.3
1A6F9849DB0FEE1191EE1065050029B9;B0BDDED34CC83E11052F6792C000B249;2025-07-10;-4.0;-1435.82
EBD25A6E878E8E11F243BB650500764B;B0BDDED34CC83E11052F6792C000B249;2025-07-10;-2.0;-188.68
BA2D6C52697BAE11BE21106505009F4A;B0BDDED34CC83E11052F6792C000B249;2025-07-10;-2.0;-98.8
7DBA2339559DFE11F1557891FE693489;B0BDDED34CC83E11052F6792C000B249;2025-07-10;-2.0;-265.84
5E62A918BE010F11112A674AC7E2C889;B0BDDED34CC83E11052F6792C000B249;2025-07-10;-2.0;-512.62
DC58068BC7086E11B7B78A650500BC08;B0BDDED34CC83E11052F6792C000B249;2025-07-10;-2.0;-395.64
27EF394451CAED11A62CD892C0003F2A;B0BDDED34CC83E11052F6792C000B249;2025-07-10;-2.0;-1239.28
6A95014A0B89EE1191EE1065050009B9;B0BDDED34CC83E11052F6792C000B249;2025-07-10;-2.0;-416.06
26E4AC35687CCE11ADB310650500B5B8;B0BDDED34CC83E11052F6792C000B249;2025-07-10;-4.0;-117.72
2303D4386BCEAE11BE2110650500D35A;B0BDDED34CC83E11052F6792C000B249;2025-07-10;-4.0;-1472.0
29E6175A25570E11A4A96492C000EC6A;B0BDDED34CC83E11052F6792C000B249;2025-07-10;-2.0;-668.66
E79C592ACED4DE11ADB31065050021C8;B0BDDED34CC83E11052F6792C000B249;2025-07-10;-2.0;-329.4
B3B135B1B6E62E1143F0668E420006EB;B0BDDED34CC83E11052F6792C000B249;2025-07-10;-2.0;-316.5
44BC68D00D8FCE11ADB310650500E9B8;B0BDDED34CC83E11052F6792C000B249;2025-07-10;-2.0;-173.2
0C65028920C13E11052F6792C000CF39;B0BDDED34CC83E11052F6792C000B249;2025-07-10;-2.0;-262.06
1C205C4A63039E115540106505004C3B;44673735EAF46E11B7B78A650500BC08;2025-07-10;-2.0;-189.3
CD2D8823040A3E11052F6792C000D249;44673735EAF46E11B7B78A650500BC08;2025-07-10;-2.0;-1366.86
FB5E50A1B0A1EE11406610650500FB4A;44673735EAF46E11B7B78A650500BC08;2025-07-10;-4.0;-434.0
132589DCEC9F7E110819BB65050039AA;44673735EAF46E11B7B78A650500BC08;2025-07-10;-2.0;-46.52
B056629F0657FE1191EE1065050073C9;44673735EAF46E11B7B78A650500BC08;2025-07-10;-20.0;-1337.4399999999998
4D303F6FB6197E110819BB65050009AA;44673735EAF46E11B7B78A650500BC08;2025-07-10;-2.0;-103.64
474361C1AE456E11B7B78A650500BC08;44673735EAF46E11B7B78A650500BC08;2025-07-10;-16.0;-778.72
63B65EB0E6568E11F243BB6505007B3B;44673735EAF46E11B7B78A650500BC08;2025-07-10;-2.0;-103.46
B2F06262B0A1EE11406610650500FB4A;44673735EAF46E11B7B78A650500BC08;2025-07-10;-4.0;-422.36
62E54717B3578E11F243BB650500BC3B;44673735EAF46E11B7B78A650500BC08;2025-07-10;-8.0;-12080.0
4DBBC0355F799E115250106505003A4A;44673735EAF46E11B7B78A650500BC08;2025-07-10;-2.0;-1037.0
F3F9A461ABFB8E11F243BB650500A24B;44673735EAF46E11B7B78A650500BC08;2025-07-10;-6.0;-333.9
E9F130DCABE1EE114066106505006C4A;44673735EAF46E11B7B78A650500BC08;2025-07-10;-4.0;-1118.4
4969DCF324937E11B7B78A650500DD08;44673735EAF46E11B7B78A650500BC08;2025-07-10;-2.0;-410.0
937CDE7623900F11F1557891FE690889;44673735EAF46E11B7B78A650500BC08;2025-07-10;-2.0;-764.0
41CD01C39C456E11B7B78A650500BC08;44673735EAF46E11B7B78A650500BC08;2025-07-10;-40.0;-276.1
F2ED4F80FA5C6E11B7B78A650500BC08;44673735EAF46E11B7B78A650500BC08;2025-07-10;-10.0;-964.0
C1154C352D456E11B7B78A650500BC08;44673735EAF46E11B7B78A650500BC08;2025-07-10;-2.0;-302.2
CA347896378B3E11052F6792C000D249;44673735EAF46E11B7B78A650500BC08;2025-07-10;-6.0;-339.29999999999995
D35B3EAE9EEDBE118772106505000F59;44673735EAF46E11B7B78A650500BC08;2025-07-10;-4.0;-195.38
DC8E48486C456E11B7B78A650500BC08;44673735EAF46E11B7B78A650500BC08;2025-07-10;-2.0;-382.8
C62C4885BE06EE1191EE10650500A5B9;44673735EAF46E11B7B78A650500BC08;2025-07-10;-2.0;-458.4
C47F698FD6568E11F243BB6505007B3B;44673735EAF46E11B7B78A650500BC08;2025-07-10;-4.0;-205.04
A907F943AEEBCE11ADB310650500E4B8;44673735EAF46E11B7B78A650500BC08;2025-07-10;-50.4;-6556.12
8360A9054C456E11B7B78A650500BC08;44673735EAF46E11B7B78A650500BC08;2025-07-10;-10.0;-759.2
C608E976B5F0BE11BE2110650500965A;44673735EAF46E11B7B78A650500BC08;2025-07-10;-4.0;-584.0
ABF353D39D456E11B7B78A650500BC08;44673735EAF46E11B7B78A650500BC08;2025-07-10;-2.0;-888.66
253956F7E770BE11BE2110650500F55A;44673735EAF46E11B7B78A650500BC08;2025-07-10;-18.0;-194.14
F9301C8933817E11B7B78A650500CD08;44673735EAF46E11B7B78A650500BC08;2025-07-10;-2.0;-142.0
C2BFA3CFD558BE11877210650500E759;44673735EAF46E11B7B78A650500BC08;2025-07-10;-2.0;-2564.98
26331FF997430F114EF7A826072BAB89;44673735EAF46E11B7B78A650500BC08;2025-07-10;-16.0;-1390.4
6F203DE8AC456E11B7B78A650500BC08;44673735EAF46E11B7B78A650500BC08;2025-07-10;-4.0;-336.92
A4FE367EEB0AFE11128010650500E819;44673735EAF46E11B7B78A650500BC08;2025-07-10;-4.0;-53.68
B95476024BE00F11112A674AC7E29889;44673735EAF46E11B7B78A650500BC08;2025-07-10;-2.0;-678.0
DCC03962F142DE11ADB310650500BDB8;44673735EAF46E11B7B78A650500BC08;2025-07-10;-2.0;-219.94
D1E775D84BA8BE118772106505005859;44673735EAF46E11B7B78A650500BC08;2025-07-10;-2.0;-237.28
5D0CF29CDDEDBE118772106505000F59;44673735EAF46E11B7B78A650500BC08;2025-07-10;-8.0;-571.12
C56242872379BE118772106505005959;44673735EAF46E11B7B78A650500BC08;2025-07-10;-12.0;-1116.0
FAF58FB1DC456E11B7B78A650500BC08;44673735EAF46E11B7B78A650500BC08;2025-07-10;-4.0;-281.72
4F203DE8AC456E11B7B78A650500BC08;44673735EAF46E11B7B78A650500BC08;2025-07-10;-8.0;-674.44
583CCEF6BA456E11B7B78A650500BC08;44673735EAF46E11B7B78A650500BC08;2025-07-10;-4.0;-272.0
5829016278EADE11406610650500234A;44673735EAF46E11B7B78A650500BC08;2025-07-10;-2.0;-1106.68
A0E41C952D456E11B7B78A650500BC08;44673735EAF46E11B7B78A650500BC08;2025-07-10;-4.0;-554.32
7AC0B1EBB9456E11B7B78A650500BC08;44673735EAF46E11B7B78A650500BC08;2025-07-10;-2.0;-204.14
711E94C685258E113835BB650500EDAA;44673735EAF46E11B7B78A650500BC08;2025-07-10;-2.0;-1908.98
633CBFE5BC787E110819BB65050009AA;44673735EAF46E11B7B78A650500BC08;2025-07-10;-12.0;-290.46
1BB8CA6CAC456E11B7B78A650500BC08;44673735EAF46E11B7B78A650500BC08;2025-07-10;-6.0;-89.4
78DD3F2A0C8DDE11406610650500A64A;44673735EAF46E11B7B78A650500BC08;2025-07-10;-4.0;-166.2
184FDB9792D08E110819BB65050039AA;44673735EAF46E11B7B78A650500BC08;2025-07-10;-4.0;-585.6
6D4FF49369D40F114EF7A826072BAD89;44673735EAF46E11B7B78A650500BC08;2025-07-10;-2.0;-473.54
01BD4E177B5ACE11ADB310650500C2B8;44673735EAF46E11B7B78A650500BC08;2025-07-10;-6.0;-473.64
3FC19C7C3CDDAE11BE2110650500A25A;44673735EAF46E11B7B78A650500BC08;2025-07-10;-2.0;-116.8
9CB2C3EFAC456E11B7B78A650500BC08;44673735EAF46E11B7B78A650500BC08;2025-07-10;-4.0;-125.68
CCA47C5F5BAF7E110819BB65050039AA;44673735EAF46E11B7B78A650500BC08;2025-07-10;-2.0;-793.96
895F319F6EEAAE11BE2110650500EE4A;44673735EAF46E11B7B78A650500BC08;2025-07-10;-10.0;-768.92
F7ADA524EC065E1142D58A650500DC08;44673735EAF46E11B7B78A650500BC08;2025-07-10;-4.0;-33.36
75F57A9DAC456E11B7B78A650500BC08;44673735EAF46E11B7B78A650500BC08;2025-07-10;-6.0;-996.26
513FABBBC8C77E110819BB65050009AA;44673735EAF46E11B7B78A650500BC08;2025-07-10;-2.0;-55.0
3F2C6BDA03078E11F243BB6505005C3B;44673735EAF46E11B7B78A650500BC08;2025-07-10;-2.0;-85.82
5D31ECEB1F75CE11ADB3106505003DA8;44673735EAF46E11B7B78A650500BC08;2025-07-10;-2.0;-158.42
29C96BE0014DDE11406610650500464A;44673735EAF46E11B7B78A650500BC08;2025-07-10;-2.0;-415.8
3E3F408253735E1142D58A650500DC08;44673735EAF46E11B7B78A650500BC08;2025-07-10;-2.0;-169.72
5F9FD5800DAAAE11BE21106505009E4A;44673735EAF46E11B7B78A650500BC08;2025-07-10;-4.0;-287.9
A5C5195257363E11052F6792C000FF39;44673735EAF46E11B7B78A650500BC08;2025-07-10;-2.0;-121.76
2492EA5B7D769E11554010650500D04B;44673735EAF46E11B7B78A650500BC08;2025-07-10;-4.0;-180.4
E7DDAB22C1CADE11406610650500F24A;44673735EAF46E11B7B78A650500BC08;2025-07-10;-2.0;-1078.0
E111AE827E2EBE118772106505005F59;44673735EAF46E11B7B78A650500BC08;2025-07-10;-4.0;-1068.0
49AFE694AC456E11B7B78A650500BC08;44673735EAF46E11B7B78A650500BC08;2025-07-10;-2.0;-76.76
7C9FA0DA736F1E1143F0668E4200AE5A;44673735EAF46E11B7B78A650500BC08;2025-07-10;-2.0;-105.28
074D2FF5BA510F11112A674AC7E22989;44673735EAF46E11B7B78A650500BC08;2025-07-10;-2.0;-219.32
B8892F49FF7D8E11F243BB650500254B;44673735EAF46E11B7B78A650500BC08;2025-07-10;-4.0;-446.48
4A4869B5DC297E110819BB65050009AA;44673735EAF46E11B7B78A650500BC08;2025-07-10;-16.0;-2576.0
598F9C393E456E11B7B78A650500BC08;44673735EAF46E11B7B78A650500BC08;2025-07-10;-2.0;-1664.0
298A06F23D88EE1191EE1065050098B9;44673735EAF46E11B7B78A650500BC08;2025-07-10;-2.0;-1152.0
4082F8C694310F11112A674AC7E2F889;44673735EAF46E11B7B78A650500BC08;2025-07-10;-2.0;-350.0
62B985A0A5ADDE11406610650500C64A;44673735EAF46E11B7B78A650500BC08;2025-07-10;-2.0;-108.06
2BC3EB589D3ABE118772106505005A59;44673735EAF46E11B7B78A650500BC08;2025-07-10;-2.0;-370.0
01E611BC0C5CCE11ADB31065050095B8;44673735EAF46E11B7B78A650500BC08;2025-07-10;-2.0;-904.0
68C2798F4E25FE1191EE10650500A0C9;44673735EAF46E11B7B78A650500BC08;2025-07-10;-4.0;-506.4
B11AC5BF29248E113835BB650500ACAA;44673735EAF46E11B7B78A650500BC08;2025-07-10;-4.0;-30.76
9771181A03078E11F243BB6505005C3B;44673735EAF46E11B7B78A650500BC08;2025-07-10;-12.0;-166.36
A538119280A49E115540106505006E3B;44673735EAF46E11B7B78A650500BC08;2025-07-10;-2.0;-271.14
FF2E20C24039EE1191EE1065050009B9;44673735EAF46E11B7B78A650500BC08;2025-07-10;-2.0;-348.4
F84930DBBD1EFE11F1557891FE69E489;44673735EAF46E11B7B78A650500BC08;2025-07-10;-2.0;-523.86
CCB1B2EFC11EAE11BE2110650500E25A;44673735EAF46E11B7B78A650500BC08;2025-07-10;-4.0;-331.52
FE7695A18E3CEE1191EE1065050029B9;44673735EAF46E11B7B78A650500BC08;2025-07-10;-2.0;-89.04
21E1BF76D270DE11ADB3106505003BB8;44673735EAF46E11B7B78A650500BC08;2025-07-10;-2.0;-383.0
40C06BEEDC410F11112A674AC7E21989;44673735EAF46E11B7B78A650500BC08;2025-07-10;-2.0;-340.0
43BECBDAA9363E11052F6792C000FF39;44673735EAF46E11B7B78A650500BC08;2025-07-10;-2.0;-70.76
91DBF98D98F07E11B7B78A650500CD08;44673735EAF46E11B7B78A650500BC08;2025-07-10;-2.0;-250.28
801E7FD141986E11B7B78A650500BC08;44673735EAF46E11B7B78A650500BC08;2025-07-10;-2.0;-887.42
59B2EB789C456E11B7B78A650500BC08;44673735EAF46E11B7B78A650500BC08;2025-07-10;-2.0;-66.68
3E68ED68E602EE114066106505008C4A;44673735EAF46E11B7B78A650500BC08;2025-07-10;-2.0;-109.8
C8B77CB66FD8CE11ADB310650500E0B8;44673735EAF46E11B7B78A650500BC08;2025-07-10;-2.0;-1524.0
48F551B23E456E11B7B78A650500BC08;44673735EAF46E11B7B78A650500BC08;2025-07-10;-2.0;-398.0
15DDBABA6D10FE1191EE106505000AB9;44673735EAF46E11B7B78A650500BC08;2025-07-10;-2.0;-872.0
E7FDA01AE43ACE11ADB31065050092B8;44673735EAF46E11B7B78A650500BC08;2025-07-10;-2.0;-61.6
4FDE31EFCD9F8E11F243BB650500D74B;44673735EAF46E11B7B78A650500BC08;2025-07-10;-2.0;-580.0
19F58DB5AC456E11B7B78A650500BC08;44673735EAF46E11B7B78A650500BC08;2025-07-10;-2.0;-86.6
77F82F21907F6E11B7B78A650500CD08;44673735EAF46E11B7B78A650500BC08;2025-07-10;-40.0;-2876.0
61B776C5E528CE11ADB310650500EFA8;44673735EAF46E11B7B78A650500BC08;2025-07-10;-2.0;-84.02
49E956D7FE456E11B7B78A650500BC08;44673735EAF46E11B7B78A650500BC08;2025-07-10;-4.0;-189.56
EB2A75B1821A8E11F243BB650500304B;44673735EAF46E11B7B78A650500BC08;2025-07-10;-8.0;-897.04
03A511BD43AA6E11B7B78A650500BC08;44673735EAF46E11B7B78A650500BC08;2025-07-10;-2.0;-57.96
B5897E390586CE11ADB310650500DDA8;44673735EAF46E11B7B78A650500BC08;2025-07-10;-2.0;-44.84
3E0A5F872DCCCE11ADB31065050026B8;44673735EAF46E11B7B78A650500BC08;2025-07-10;-2.0;-98.0
1ED477F7CA200F11F1557891FE698789;FC081C55582CED11A62CD892C0003F2A;2025-07-10;-2.0;-432.0
8FCBF27E98E66E11B7B78A650500BC08;44673735EAF46E11B7B78A650500BC08;2025-07-10;6.0;294.82
F8B2AF71B847AE11BE21106505004A4A;FC081C55582CED11A62CD892C0003F2A;2025-07-10;0.0;0.0
134285D780B2CE118772106505001569;FC081C55582CED11A62CD892C0003F2A;2025-07-10;0.0;0.0
7A7892DBA1459E115540106505004F3B;FC081C55582CED11A62CD892C0003F2A;2025-07-10;0.0;0.0
219693FD12C67E11B7B78A650500ED08;FC081C55582CED11A62CD892C0003F2A;2025-07-10;0.0;0.0
7DA5E38A1E8D9E11726010650500AA4A;FC081C55582CED11A62CD892C0003F2A;2025-07-10;0.0;0.0
E0F8F7168D31FE1191EE106505007BB9;FC081C55582CED11A62CD892C0003F2A;2025-07-10;-2.0;-789.7
039F21AEC109FE11128010650500D819;FC081C55582CED11A62CD892C0003F2A;2025-07-10;0.0;0.0
5660FE7C932EDE11406610650500774A;FC081C55582CED11A62CD892C0003F2A;2025-07-10;0.0;0.0
335D6A371ABAFE11128010650500E819;FC081C55582CED11A62CD892C0003F2A;2025-07-10;0.0;0.0
BAB0A7120040EE114066106505003A4A;FC081C55582CED11A62CD892C0003F2A;2025-07-10;0.0;0.0
10326A3DE9FC9E11726010650500E94A;FC081C55582CED11A62CD892C0003F2A;2025-07-10;0.0;0.0
44F8016715E88E11F243BB650500BE3B;FC081C55582CED11A62CD892C0003F2A;2025-07-10;0.0;0.0
8CD77CB182F3FE1191EE106505000FB9;FC081C55582CED11A62CD892C0003F2A;2025-07-10;0.0;0.0
1E16B7296945BE11BE21106505001C5A;FC081C55582CED11A62CD892C0003F2A;2025-07-10;0.0;0.0
610BF59B8647DE11C846106505007F6A;FC081C55582CED11A62CD892C0003F2A;2025-07-10;0.0;0.0
BD3BB2501FE1EE114066106505006C4A;FC081C55582CED11A62CD892C0003F2A;2025-07-10;0.0;0.0
C9D654298DB88E11F243BB6505008E3B;FC081C55582CED11A62CD892C0003F2A;2025-07-10;0.0;0.0
B0798FE4F3C2FE1191EE106505006DB9;FC081C55582CED11A62CD892C0003F2A;2025-07-10;0.0;0.0
17599837AB74EE11B1AD10650500F7EA;FC081C55582CED11A62CD892C0003F2A;2025-07-10;0.0;0.0
D9B50ECA7DE1EE114066106505006C4A;FC081C55582CED11A62CD892C0003F2A;2025-07-10;-4.0;-136.46
DEECEA8F58A1CE11877210650500C369;FC081C55582CED11A62CD892C0003F2A;2025-07-10;-4.0;-129.4
8033F6C2D74CDE11406610650500054A;FC081C55582CED11A62CD892C0003F2A;2025-07-10;-4.0;-91.9
91D65036DE75FD110DC22A92C000D158;FC081C55582CED11A62CD892C0003F2A;2025-07-10;-6.0;-117.52000000000001
C1F0D6C510CAED11A62CD892C0003F2A;FC081C55582CED11A62CD892C0003F2A;2025-07-10;0.0;0.0
DAAD4FC3FDE4AE11726010650500145A;FC081C55582CED11A62CD892C0003F2A;2025-07-10;0.0;0.0
91EABB561EE4AE11726010650500145A;FC081C55582CED11A62CD892C0003F2A;2025-07-10;0.0;0.0
EB6575A91EE4AE11726010650500145A;FC081C55582CED11A62CD892C0003F2A;2025-07-10;-4.0;-157.52
FFB6CE3DEB80DE11ADB3106505005BB8;44673735EAF46E11B7B78A650500BC08;2025-07-10;-2.0;-48.74
E051863185ECBE11877210650500BD59;44673735EAF46E11B7B78A650500BC08;2025-07-10;-2.0;-219.58
681A1AD5EC4F6E11B7B78A650500CD08;44673735EAF46E11B7B78A650500BC08;2025-07-10;20.0;2780.56
4CE0884F88B37E11B7B78A650500DD08;44673735EAF46E11B7B78A650500BC08;2025-07-10;10.0;3545.8
FB11619AC3D5CE11ADB3106505005DA8;FC081C55582CED11A62CD892C0003F2A;2025-07-10;20.0;10197.0
788AD9EA426A6E11B7B78A650500BC08;44673735EAF46E11B7B78A650500BC08;2025-07-10;0.0;-1.8189894035458565e-12
50BE7588E9456E11B7B78A650500BC08;44673735EAF46E11B7B78A650500BC08;2025-07-10;0.0;0.0
F9D8FE479BE86E11B7B78A650500BC08;44673735EAF46E11B7B78A650500BC08;2025-07-10;0.0;0.0
C8DCDFD36DCF8E11F243BB650500184B;44673735EAF46E11B7B78A650500BC08;2025-07-10;0.0;4.547473508864641e-13
96C1EF77A7A7CE11ADB3106505004FA8;44673735EAF46E11B7B78A650500BC08;2025-07-10;-2.0;-106.64
049A065D509CDE11406610650500654A;44673735EAF46E11B7B78A650500BC08;2025-07-10;0.0;0.0
249F78B2BA66CE11ADB310650500BDA8;44673735EAF46E11B7B78A650500BC08;2025-07-10;0.0;0.0
3DA30E934E1FCE11ADB31065050039B8;44673735EAF46E11B7B78A650500BC08;2025-07-10;0.0;0.0
F56B88B34E1FCE11ADB31065050039B8;44673735EAF46E11B7B78A650500BC08;2025-07-10;0.0;0.0
1C97F39D6D22AE11726010650500905A;44673735EAF46E11B7B78A650500BC08;2025-07-10;0.0;0.0
A17E78B2BA66CE11ADB310650500BDA8;44673735EAF46E11B7B78A650500BC08;2025-07-10;0.0;0.0
F1C12B0DDD6CEE1191EE1065050029B9;44673735EAF46E11B7B78A650500BC08;2025-07-10;0.0;0.0
FC37A633046A6E11B7B78A650500BC08;44673735EAF46E11B7B78A650500BC08;2025-07-10;0.0;0.0
DCE44E8BE9456E11B7B78A650500BC08;44673735EAF46E11B7B78A650500BC08;2025-07-10;0.0;0.0
9D6995D34E1FCE11ADB31065050039B8;44673735EAF46E11B7B78A650500BC08;2025-07-10;0.0;0.0
BD6995D34E1FCE11ADB31065050039B8;44673735EAF46E11B7B78A650500BC08;2025-07-10;0.0;0.0
C870FBAF09240F114EF7A826072BCC89;FC081C55582CED11A62CD892C0003F2A;2025-07-10;0.0;0.0
A9F0FBAF09240F114EF7A826072BCC89;FC081C55582CED11A62CD892C0003F2A;2025-07-10;0.0;0.0
4D7B9DB89C3CEE1191EE1065050029B9;FC081C55582CED11A62CD892C0003F2A;2025-07-10;0.0;0.0
300485AB5C440F114EF7A826072BFC89;FC081C55582CED11A62CD892C0003F2A;2025-07-10;0.0;0.0
104302DBBEB40F114EF7A826072B8D89;B0BDDED34CC83E11052F6792C000B249;2025-07-10;48.0;1047.64
ABBC930CBEB40F114EF7A826072B8D89;B0BDDED34CC83E11052F6792C000B249;2025-07-10;288.0;859.84
E533E91CBEB40F114EF7A826072B8D89;B0BDDED34CC83E11052F6792C000B249;2025-07-10;200.0;782.5
A06B415CBEB40F114EF7A826072B8D89;B0BDDED34CC83E11052F6792C000B249;2025-07-10;96.0;3084.46
640EC4F978540F114EF7A826072B0D89;B0BDDED34CC83E11052F6792C000B249;2025-07-10;200.0;2852.48
5E213E0A78540F114EF7A826072B0D89;B0BDDED34CC83E11052F6792C000B249;2025-07-10;60.0;3567.6
4BE7DB21B227EE1191EE10650500B6B9;B0BDDED34CC83E11052F6792C000B249;2025-07-10;80.0;933.7
481720C52A4EDE11406610650500B74A;B0BDDED34CC83E11052F6792C000B249;2025-07-10;600.0;3536.38
F1EDF84C08A6BE11877210650500C559;FC081C55582CED11A62CD892C0003F2A;2025-07-10;-2.0;-96.78
55A063D9E3968E11F243BB650500CB3B;FC081C55582CED11A62CD892C0003F2A;2025-07-10;0.0;0.0
86D5D8D9899BEE1191EE1065050029B9;44673735EAF46E11B7B78A650500BC08;2025-07-10;-8.0;-5600.0
8715693F2B140F114EF7A826072BBC89;B0BDDED34CC83E11052F6792C000B249;2025-07-10;30.0;4469.7
1D1502DBBEB40F114EF7A826072B8D89;FC081C55582CED11A62CD892C0003F2A;2025-07-10;24.0;3180.16
ABBC930CBEB40F114EF7A826072B8D89;FC081C55582CED11A62CD892C0003F2A;2025-07-10;288.0;859.84
A06B415CBEB40F114EF7A826072B8D89;FC081C55582CED11A62CD892C0003F2A;2025-07-10;96.0;3084.44
A87235AC0AF22E1143F0668E4200C71A;B0BDDED34CC83E11052F6792C000B249;2025-07-10;16.0;1745.12
8F14FA47EBF22E1143F0668E4200C71A;B0BDDED34CC83E11052F6792C000B249;2025-07-10;8.0;804.08
E772E73E495EDE11406610650500C74A;B0BDDED34CC83E11052F6792C000B249;2025-07-10;6.0;2175.3
864618E597B0FE1191EE10650500CAB9;44673735EAF46E11B7B78A650500BC08;2025-07-10;-4.0;-3701.18
72AF38F5A6F5AE11BE2110650500984A;44673735EAF46E11B7B78A650500BC08;2025-07-10;-4.0;-656.32
445CEACB42708E110819BB65050039AA;44673735EAF46E11B7B78A650500BC08;2025-07-10;-8.0;-874.04
198F65B12D456E11B7B78A650500BC08;44673735EAF46E11B7B78A650500BC08;2025-07-10;100.0;4950.0
CE9200C8EBCD4E1142D58A650500BC08;FC081C55582CED11A62CD892C0003F2A;2025-07-10;2.0;1892.54
892CD956A0CAED11A62CD892C0003F2A;44673735EAF46E11B7B78A650500BC08;2025-07-10;8.0;1256.0
8255DB043D734E1142D58A6505002C08;B0BDDED34CC83E11052F6792C000B249;2025-07-10;6.0;996.6
431D23E05C57DE11C846106505009F6A;FC081C55582CED11A62CD892C0003F2A;2025-07-10;-4.0;-5430.7
4EAF4D49FCA86E11B7B78A650500BC08;FC081C55582CED11A62CD892C0003F2A;2025-07-10;-4.0;-1550.2
ECEC9DCF76640F114EF7A826072B1D89;B0BDDED34CC83E11052F6792C000B249;2025-07-10;12.0;814.32
2A9921DA44968E11F243BB650500CB3B;44673735EAF46E11B7B78A650500BC08;2025-07-10;20.0;8992.7
B8151EF2BDBDCE11ADB31065050077B8;44673735EAF46E11B7B78A650500BC08;2025-07-10;98.0;7825.28
54E9EE6A88000F11F1557891FE695789;44673735EAF46E11B7B78A650500BC08;2025-07-10;6.0;1257.6
A3E2A9AF785EDE11406610650500C74A;B0BDDED34CC83E11052F6792C000B249;2025-07-10;10.0;1143.2
36C279B05FAAFE11128010650500E819;FC081C55582CED11A62CD892C0003F2A;2025-07-10;40.0;3062.14
E39E77918754EE11B1AD10650500C7EA;44673735EAF46E11B7B78A650500BC08;2025-07-10;38.0;17856.96
5DFB58068C456E11B7B78A650500BC08;44673735EAF46E11B7B78A650500BC08;2025-07-10;100.0;350.0
83ABC2B7AE7F6E11B7B78A650500CD08;44673735EAF46E11B7B78A650500BC08;2025-07-10;20.0;1320.76
374B53ADA5EF6E11B7B78A650500CD08;44673735EAF46E11B7B78A650500BC08;2025-07-10;198.0;10172.42
615878DAFCA50F114EF7A826072BBE89;44673735EAF46E11B7B78A650500BC08;2025-07-10;6.0;5659.2
F2C98E5BEBCD4E1142D58A650500BC08;B0BDDED34CC83E11052F6792C000B249;2025-07-10;4.0;4352.0
EC350CD5E8E1DE11ADB3106505004DB8;B0BDDED34CC83E11052F6792C000B249;2025-07-10;4.0;7501.08
416177151EDEFE11F1557891FE69D589;FC081C55582CED11A62CD892C0003F2A;2025-07-10;60.0;6660.0
F52277151EDEFE11F1557891FE69D589;FC081C55582CED11A62CD892C0003F2A;2025-07-10;60.0;6926.4
1DC67A9CC0CAED11A62CD892C0003F2A;FC081C55582CED11A62CD892C0003F2A;2025-07-10;16.0;1527.04
CC08C5BC25DFEE1191EE10650500A9B9;FC081C55582CED11A62CD892C0003F2A;2025-07-10;6.0;1993.2
F0C732FD25DFEE1191EE10650500A9B9;FC081C55582CED11A62CD892C0003F2A;2025-07-10;10.0;3322.0
917F3CB29A827E11B7B78A650500DD08;FC081C55582CED11A62CD892C0003F2A;2025-07-10;24.0;3443.76
D3DA69C967A6FE1191EE1065050082C9;FC081C55582CED11A62CD892C0003F2A;2025-07-10;8.0;1223.92
C5F979297EDC4E1142D58A650500BC08;FC081C55582CED11A62CD892C0003F2A;2025-07-10;8.0;2041.52
1C3E6E5C3E456E11B7B78A650500BC08;44673735EAF46E11B7B78A650500BC08;2025-07-10;-30.0;-24780.0
1FAFDEF96918DE11C84610650500807A;FC081C55582CED11A62CD892C0003F2A;2025-07-10;8.0;2753.6
8D5627ADC0CAED11A62CD892C0003F2A;FC081C55582CED11A62CD892C0003F2A;2025-07-10;24.0;3659.52
9F43BE35C0CAED11A62CD892C0003F2A;B0BDDED34CC83E11052F6792C000B249;2025-07-10;4.0;437.96
26018428F0CAED11A62CD892C0003F2A;B0BDDED34CC83E11052F6792C000B249;2025-07-10;36.0;5476.68
7012B499C46C6E11B7B78A650500BC08;B0BDDED34CC83E11052F6792C000B249;2025-07-10;8.0;772.0
917F3CB29A827E11B7B78A650500DD08;B0BDDED34CC83E11052F6792C000B249;2025-07-10;20.0;2869.8
B941F86E15781E1143F0668E42006B8B;FC081C55582CED11A62CD892C0003F2A;2025-07-10;24.0;5907.12
F051B525068BBE11877210650500FB59;FC081C55582CED11A62CD892C0003F2A;2025-07-10;12.0;807.36
7C22190B5A767E11B7B78A650500ED08;FC081C55582CED11A62CD892C0003F2A;2025-07-10;4.0;558.72
6671332D25DFEE1191EE10650500A9B9;FC081C55582CED11A62CD892C0003F2A;2025-07-10;4.0;1328.8
52EC0D7DEAD02E1143F0668E4200C71A;FC081C55582CED11A62CD892C0003F2A;2025-07-10;10.0;1127.4
22B0BB5F01CAED11A62CD892C0003F2A;FC081C55582CED11A62CD892C0003F2A;2025-07-10;46.0;11696.880000000001
82C530879AE10F114EF7A826072BE989;FC081C55582CED11A62CD892C0003F2A;2025-07-10;-2.0;-1224.32
2FD20E8773D0DE11ADB310650500BBB8;FC081C55582CED11A62CD892C0003F2A;2025-07-10;120.0;1725.6
BC9C530E8FCA9E11525010650500EB4A;FC081C55582CED11A62CD892C0003F2A;2025-07-10;42.0;1328.26
37EDB4EDD596DE11ADB31065050053C8;FC081C55582CED11A62CD892C0003F2A;2025-07-10;0.0;0.0
C1448723408EEE1191EE1065050029B9;FC081C55582CED11A62CD892C0003F2A;2025-07-10;0.0;0.0
539DEFCDF77DFE1158A3BB3DBE8E1489;B0BDDED34CC83E11052F6792C000B249;2025-07-10;4.0;557.04
0FEB7FEB72CAED11A62CD892C0003F2A;B0BDDED34CC83E11052F6792C000B249;2025-07-10;20.0;1773.8
ABA78A089421FE1191EE106505005BB9;FC081C55582CED11A62CD892C0003F2A;2025-07-10;24.0;4775.76
C21F495D65FC7E110819BB65050039AA;FC081C55582CED11A62CD892C0003F2A;2025-07-10;40.0;5449.2
1F980491AE3A7E110819BB65050039AA;FC081C55582CED11A62CD892C0003F2A;2025-07-10;8.0;708.1600000000001
EDD542210C9DDE11406610650500B64A;FC081C55582CED11A62CD892C0003F2A;2025-07-10;6.0;984.1800000000001
2408F29A0C9DDE11406610650500B64A;FC081C55582CED11A62CD892C0003F2A;2025-07-10;12.0;1728.0
3201C7FFF0CAED11A62CD892C0003F2A;FC081C55582CED11A62CD892C0003F2A;2025-07-10;22.0;1124.74
72E41A04958BBE11877210650500FB59;FC081C55582CED11A62CD892C0003F2A;2025-07-10;24.0;1656.0
00A3B3A4E0CAED11A62CD892C0003F2A;FC081C55582CED11A62CD892C0003F2A;2025-07-10;22.0;3084.84
032A0A470A6C8E11F243BB650500734B;44673735EAF46E11B7B78A650500BC08;2025-07-10;60.0;9840.0
101EABE02D456E11B7B78A650500BC08;44673735EAF46E11B7B78A650500BC08;2025-07-10;30.0;16920.0
08652714DAB50F114EF7A826072BCE89;FC081C55582CED11A62CD892C0003F2A;2025-07-10;30.0;33264.0
BEC92A53D2EA3E11052F6792C000D249;B0BDDED34CC83E11052F6792C000B249;2025-07-10;12.0;2138.76
D4DE097B5A540F114EF7A826072B0D89;44673735EAF46E11B7B78A650500BC08;2025-07-10;40.0;7600.0
3FE3138ACBA5FE1191EE1065050041C9;44673735EAF46E11B7B78A650500BC08;2025-07-10;2.0;1964.0
A82D1E8C65B4DE11ADB310650500F0C8;FC081C55582CED11A62CD892C0003F2A;2025-07-10;96.0;5857.92
3CDEBE2515B4DE11ADB310650500F0C8;FC081C55582CED11A62CD892C0003F2A;2025-07-10;48.0;3225.6
B349615C5D456E11B7B78A650500BC08;44673735EAF46E11B7B78A650500BC08;2025-07-10;-10.0;-1508.0
EEE0FF06989FBE118772106505002169;B0BDDED34CC83E11052F6792C000B249;2025-07-10;4.0;226.92
DB2B8055D044FE1191EE106505006FB9;B0BDDED34CC83E11052F6792C000B249;2025-07-10;10.0;571.64
181CD867763EAE11BE2110650500135A;B0BDDED34CC83E11052F6792C000B249;2025-07-10;20.0;362.6
99CDFBDEFCD2FE1191EE106505009DB9;B0BDDED34CC83E11052F6792C000B249;2025-07-10;24.0;2831.9
C0DC225B5F7CBE118772106505003D59;44673735EAF46E11B7B78A650500BC08;2025-07-10;0.0;2.2737367544323206e-13
1D5FE26869B4EE11B1AD1065050048EA;44673735EAF46E11B7B78A650500BC08;2025-07-10;0.0;2.2737367544323206e-13
11C8B08A818ADE11406610650500924A;44673735EAF46E11B7B78A650500BC08;2025-07-10;0.0;0.0
67AB595AD18ADE11406610650500924A;44673735EAF46E11B7B78A650500BC08;2025-07-10;0.0;0.0
66012D608AADEE1191EE1065050029B9;44673735EAF46E11B7B78A650500BC08;2025-07-10;0.0;0.0
540ED453DA0E8E11F243BB650500D54B;44673735EAF46E11B7B78A650500BC08;2025-07-10;0.0;0.0
AC55B4BA8D410F11112A674AC7E21989;44673735EAF46E11B7B78A650500BC08;2025-07-10;0.0;1.1368683772161603e-13
38864DDF50667E11B7B78A650500ED08;B0BDDED34CC83E11052F6792C000B249;2025-07-10;8.0;1947.04
2859A06E250DEE1191EE1065050029B9;B0BDDED34CC83E11052F6792C000B249;2025-07-10;8.0;9117.0
3EFA26AD28E4CE11ADB3106505000DA8;B0BDDED34CC83E11052F6792C000B249;2025-07-10;-2.0;-197.1
0DD9A01C97E05E1142D58A650500BC08;B0BDDED34CC83E11052F6792C000B249;2025-07-10;12.0;2244.84
77C535ADB23FFE11F1557891FE694689;44673735EAF46E11B7B78A650500BC08;2025-07-10;-2.0;-163.7
58A3A0E00900CE11877210650500B169;B0BDDED34CC83E11052F6792C000B249;2025-07-10;6.0;2223.6
87AF8A5FC0CAED11A62CD892C0003F2A;B0BDDED34CC83E11052F6792C000B249;2025-07-10;12.0;2364.12
3E7842E6A642EE11406610650500DC4A;44673735EAF46E11B7B78A650500BC08;2025-07-10;10.0;849.7
ECEAA9F444856E11B7B78A650500BC08;44673735EAF46E11B7B78A650500BC08;2025-07-10;10.0;2008.8
645CA2629CD75E1142D58A650500DC08;B0BDDED34CC83E11052F6792C000B249;2025-07-10;6.0;627.84
83865D6B4D3C9E11726010650500F84A;B0BDDED34CC83E11052F6792C000B249;2025-07-10;4.0;2924.0
1816570B285CEE1191EE1065050029B9;FC081C55582CED11A62CD892C0003F2A;2025-07-10;20.0;17850.82
CCB8F22B6BA8BE118772106505005859;44673735EAF46E11B7B78A650500BC08;2025-07-10;4.0;2261.44
82B8E25E98468E11F243BB6505006B3B;44673735EAF46E11B7B78A650500BC08;2025-07-10;-2.0;-281.4
A297BF6A01CAED11A62CD892C0003F2A;B0BDDED34CC83E11052F6792C000B249;2025-07-10;2.0;261.92
CDE36A66D343FE1191EE106505001EB9;B0BDDED34CC83E11052F6792C000B249;2025-07-10;2.0;181.04
0F59EDCDEE2FEE1191EE1065050029B9;FC081C55582CED11A62CD892C0003F2A;2025-07-10;-6.0;-919.76
C3CC756FD0C89E11525010650500394A;FC081C55582CED11A62CD892C0003F2A;2025-07-10;-8.0;-1105.52
45720D1B63B9BE11877210650500A959;FC081C55582CED11A62CD892C0003F2A;2025-07-10;-2.0;-239.6
2EBF1A1BA4D3DE11ADB310650500BFB8;FC081C55582CED11A62CD892C0003F2A;2025-07-10;-2.0;-302.24
9430B1FCF502EE114066106505008C4A;FC081C55582CED11A62CD892C0003F2A;2025-07-10;-2.0;-170.1
C130925975AE0E1143F0668E42001D49;FC081C55582CED11A62CD892C0003F2A;2025-07-10;-2.0;-60.9
E4587A2041CAED11A62CD892C0003F2A;FC081C55582CED11A62CD892C0003F2A;2025-07-10;-2.0;-422.56
87A1914AA2CAED11A62CD892C0003F2A;FC081C55582CED11A62CD892C0003F2A;2025-07-10;-6.0;-4766.16
4BB186443767BE11877210650500B659;FC081C55582CED11A62CD892C0003F2A;2025-07-10;-6.0;-403.02
3A332A90025EFE11F1557891FE692589;FC081C55582CED11A62CD892C0003F2A;2025-07-10;-2.0;-190.04
3E4DD5C9304ACE11ADB310650500A2B8;FC081C55582CED11A62CD892C0003F2A;2025-07-10;-0.6;-83.62
3EC35FC9E6C10E11A4A96492C0002019;FC081C55582CED11A62CD892C0003F2A;2025-07-10;-2.0;-170.78
9129A4572AC75E1142D58A650500DC08;FC081C55582CED11A62CD892C0003F2A;2025-07-10;-2.0;-217.86
0C624E8A398BDE11406610650500044A;FC081C55582CED11A62CD892C0003F2A;2025-07-10;-2.0;-107.84
7EFA0DA789DDCE11ADB31065050097B8;FC081C55582CED11A62CD892C0003F2A;2025-07-10;-18.0;-287.48
A6FDC45E3142CE118772106505008469;FC081C55582CED11A62CD892C0003F2A;2025-07-10;-6.0;-804.0
5C0B030D71365E1142D58A650500DC08;FC081C55582CED11A62CD892C0003F2A;2025-07-10;-6.0;-693.0
526370D84459CE11ADB31065050071B8;FC081C55582CED11A62CD892C0003F2A;2025-07-10;-2.0;-86.68
4C5E895C1A5FFE11F1557891FE697689;FC081C55582CED11A62CD892C0003F2A;2025-07-10;-2.0;-130.0
B67DE1C2688EED11A62CD892C000399B;FC081C55582CED11A62CD892C0003F2A;2025-07-10;-2.0;-214.42
1C245121A6612E1143F0668E4200C71A;FC081C55582CED11A62CD892C0003F2A;2025-07-10;-2.0;-519.64
EF55FF554667BE11877210650500B659;FC081C55582CED11A62CD892C0003F2A;2025-07-10;-2.0;-261.0
520ADB5FB0350F114EF7A826072B1E89;FC081C55582CED11A62CD892C0003F2A;2025-07-10;-4.0;-163.84
9808BAC434D04E1142D58A650500DB08;FC081C55582CED11A62CD892C0003F2A;2025-07-10;-2.0;-193.6
976E41737B85DE11ADB31065050002C8;FC081C55582CED11A62CD892C0003F2A;2025-07-10;-2.0;-900.1
5061DAAB0CC46E11B7B78A650500BC08;FC081C55582CED11A62CD892C0003F2A;2025-07-10;-2.0;-196.9
9B76C90BEDF39E115540106505008D3B;FC081C55582CED11A62CD892C0003F2A;2025-07-10;-20.0;-720.6999999999999
709197324802EE114066106505008C4A;FC081C55582CED11A62CD892C0003F2A;2025-07-10;-2.0;-701.98
CA8178555B53EE11B1AD1065050086EA;FC081C55582CED11A62CD892C0003F2A;2025-07-10;-2.0;-3291.34
819D3708B0ED7E110819BB65050039AA;FC081C55582CED11A62CD892C0003F2A;2025-07-10;-2.0;-27.06
50A284D0DFBBFE111280106505000919;FC081C55582CED11A62CD892C0003F2A;2025-07-10;-2.0;-166.06
51C9633A937A7E110819BB65050039AA;FC081C55582CED11A62CD892C0003F2A;2025-07-10;-2.0;-255.28
569D7A7FEF986E11B7B78A650500BC08;FC081C55582CED11A62CD892C0003F2A;2025-07-10;-30.0;-622.8
67ACBA0B7092DE11ADB3106505001EB8;FC081C55582CED11A62CD892C0003F2A;2025-07-10;-2.0;-140.08
8CCB04F88EDFEE1191EE10650500B9B9;FC081C55582CED11A62CD892C0003F2A;2025-07-10;-2.0;-718.98
CA786137F4F74E1142D58A6505002C08;FC081C55582CED11A62CD892C0003F2A;2025-07-10;-2.0;-1030.54
4405D5043A33BE11BE2110650500795A;FC081C55582CED11A62CD892C0003F2A;2025-07-10;-4.0;-977.84
B61149D59F2DBE118772106505001E59;FC081C55582CED11A62CD892C0003F2A;2025-07-10;-4.0;-1095.92
CB8E15AD6192FE1191EE106505002DB9;FC081C55582CED11A62CD892C0003F2A;2025-07-10;-2.0;-1511.88
5331461F94EAFD11A4A96492C0006F3B;FC081C55582CED11A62CD892C0003F2A;2025-07-10;-2.0;-335.98
9FA50D6144856E11B7B78A650500BC08;FC081C55582CED11A62CD892C0003F2A;2025-07-10;-2.0;-312.48
E9F382BBE46ABE118772106505008A59;FC081C55582CED11A62CD892C0003F2A;2025-07-10;-2.0;-344.16
27E403BF78E2DE11ADB3106505008EB8;FC081C55582CED11A62CD892C0003F2A;2025-07-10;-2.0;-233.0
67BEC53FD4CAFE11128010650500E819;FC081C55582CED11A62CD892C0003F2A;2025-07-10;-2.0;-897.5
632533D283C5AE11BE2110650500484A;FC081C55582CED11A62CD892C0003F2A;2025-07-10;-2.0;-358.42
DFF59ABFD2855E1142D58A650500DC08;FC081C55582CED11A62CD892C0003F2A;2025-07-10;-2.0;-135.26
2BF23D1FDE09BE11877210650500D859;FC081C55582CED11A62CD892C0003F2A;2025-07-10;-2.0;-403.98
165C11036A5D7E110819BB65050039AA;FC081C55582CED11A62CD892C0003F2A;2025-07-10;-64.0;-436.4
5553270D6BBD3E11052F6792C000D249;FC081C55582CED11A62CD892C0003F2A;2025-07-10;-2.0;-91.38
74A56513DCC1CE11877210650500F369;FC081C55582CED11A62CD892C0003F2A;2025-07-10;-4.0;-465.52
F48C9E9AAB74EE11B1AD10650500F7EA;FC081C55582CED11A62CD892C0003F2A;2025-07-10;-2.0;-243.04
BA110E2348F20F114EF7A826072B4B89;FC081C55582CED11A62CD892C0003F2A;2025-07-10;-2.0;-70.9
35A56513DCC1CE11877210650500F369;FC081C55582CED11A62CD892C0003F2A;2025-07-10;-2.0;-184.4
4114687F27E3FE1191EE10650500FEB9;FC081C55582CED11A62CD892C0003F2A;2025-07-10;-2.0;-246.22
9CD5D6068B50EE114066106505005A4A;FC081C55582CED11A62CD892C0003F2A;2025-07-10;-2.0;-79.8
BE762A66BCF6AE11BE2110650500E94A;FC081C55582CED11A62CD892C0003F2A;2025-07-10;-2.0;-168.0
80F42BDDDA5D7E110819BB65050039AA;FC081C55582CED11A62CD892C0003F2A;2025-07-10;-50.0;-1458.5
2AAACF1A82B0EE11406610650500CA4A;FC081C55582CED11A62CD892C0003F2A;2025-07-10;-2.0;-78.86
6E6B2869F0BB8E11F243BB650500424B;FC081C55582CED11A62CD892C0003F2A;2025-07-10;-4.0;-420.82
7F07EC2F93D67E11B7B78A650500ED08;FC081C55582CED11A62CD892C0003F2A;2025-07-10;-2.0;-71.24
93120AE7489D7E110819BB65050039AA;FC081C55582CED11A62CD892C0003F2A;2025-07-10;-2.0;-177.66
36818E834974EE11B1AD10650500F7EA;FC081C55582CED11A62CD892C0003F2A;2025-07-10;-2.0;-24.0
30F58BA801F0EE114066106505001B4A;FC081C55582CED11A62CD892C0003F2A;2025-07-10;-2.0;-76.72
0A77B1D40E65BE11BE21106505004C5A;FC081C55582CED11A62CD892C0003F2A;2025-07-10;-2.0;-41.66
CAA88A00CBE1EE114066106505006C4A;FC081C55582CED11A62CD892C0003F2A;2025-07-10;-4.0;-71.52
EA76107941BFFE11F1557891FE69E689;FC081C55582CED11A62CD892C0003F2A;2025-07-10;-2.0;-89.94
1F72309348F20F114EF7A826072B4B89;FC081C55582CED11A62CD892C0003F2A;2025-07-10;-2.0;-51.54
434CFC634974EE11B1AD10650500F7EA;FC081C55582CED11A62CD892C0003F2A;2025-07-10;-2.0;-24.0
C81C028040CAED11A62CD892C0003F2A;FC081C55582CED11A62CD892C0003F2A;2025-07-10;-4.0;-5015.42
1FB8EC74EDA3DE11ADB3106505008FB8;FC081C55582CED11A62CD892C0003F2A;2025-07-10;-2.0;-99.74
02D1069273C74E1142D58A6505002C08;FC081C55582CED11A62CD892C0003F2A;2025-07-10;-2.0;-284.0
14F1412AC9280E11A4A96492C00009EB;FC081C55582CED11A62CD892C0003F2A;2025-07-10;-2.0;-484.62
0F021DCEB7788E11F243BB6505002E3B;FC081C55582CED11A62CD892C0003F2A;2025-07-10;-2.0;-120.16
DAD16D440ABBFD11A4A96492C000CB59;FC081C55582CED11A62CD892C0003F2A;2025-07-10;-4.0;-744.04
19959F2061100E11A4A96492C0002019;FC081C55582CED11A62CD892C0003F2A;2025-07-10;-2.0;-269.5
7395F55B3BD6AE11BE2110650500B94A;FC081C55582CED11A62CD892C0003F2A;2025-07-10;-2.0;-340.0
295F3C9A8E64EE11B1AD10650500E7EA;FC081C55582CED11A62CD892C0003F2A;2025-07-10;-2.0;-134.06
EE1F795CD0CAED11A62CD892C0003F2A;FC081C55582CED11A62CD892C0003F2A;2025-07-10;-6.0;-530.42
F8CE11B603B89E11525010650500294A;FC081C55582CED11A62CD892C0003F2A;2025-07-10;-2.0;-131.52
EDBF23F38ABAAE11BE2110650500AE4A;FC081C55582CED11A62CD892C0003F2A;2025-07-10;-2.0;-149.6
AFD20C1F21CAED11A62CD892C0003F2A;FC081C55582CED11A62CD892C0003F2A;2025-07-10;-4.0;-277.48
B9C3840F18363E11052F6792C000FF39;FC081C55582CED11A62CD892C0003F2A;2025-07-10;-4.0;-342.52
9E89AA40BF533E11052F6792C000CF39;FC081C55582CED11A62CD892C0003F2A;2025-07-10;-2.0;-321.2
FE5D80E0021ADE11406610650500024A;FC081C55582CED11A62CD892C0003F2A;2025-07-10;-2.0;-2316.62
380C5E21AA3EED11A62CD892C000399B;FC081C55582CED11A62CD892C0003F2A;2025-07-10;-2.0;-49.78
07D91E1BB0566E11B7B78A650500BC08;FC081C55582CED11A62CD892C0003F2A;2025-07-10;-2.0;-306.42
AB30A63DA6B5EE1191EE1065050035B9;FC081C55582CED11A62CD892C0003F2A;2025-07-10;-4.0;-599.44
0F21F2340F0EEE1191EE1065050029B9;FC081C55582CED11A62CD892C0003F2A;2025-07-10;-2.0;-206.96
79F09C177F085E1142D58A650500DC08;FC081C55582CED11A62CD892C0003F2A;2025-07-10;-4.0;-3451.34
997E9AF26B5A4E1142D58A6505009C08;FC081C55582CED11A62CD892C0003F2A;2025-07-10;-2.0;-216.26
CCC75E977B5EEE1191EE1065050029B9;FC081C55582CED11A62CD892C0003F2A;2025-07-10;-2.0;-133.2
674C687D0B19BE11877210650500E859;FC081C55582CED11A62CD892C0003F2A;2025-07-10;-2.0;-484.62
05789FC5D6A2DE11ADB3106505003EB8;FC081C55582CED11A62CD892C0003F2A;2025-07-10;-2.0;-291.72
5A636338B12AFE11128010650500E819;FC081C55582CED11A62CD892C0003F2A;2025-07-10;-2.0;-165.02
427310B7F5CD2E11052F6792C000CF39;FC081C55582CED11A62CD892C0003F2A;2025-07-10;-2.0;-817.6
39F5605DD0CAED11A62CD892C0003F2A;FC081C55582CED11A62CD892C0003F2A;2025-07-10;-4.0;-2365.6
19FF0F153B24DE11ADB31065050040C8;FC081C55582CED11A62CD892C0003F2A;2025-07-10;-2.0;-374.3
5DE32F23201ADE11406610650500024A;FC081C55582CED11A62CD892C0003F2A;2025-07-10;-2.0;-186.0
DA9E47EAD0CAED11A62CD892C0003F2A;FC081C55582CED11A62CD892C0003F2A;2025-07-10;-4.0;-625.52
2B8BFD6C3F29BE11877210650500F859;FC081C55582CED11A62CD892C0003F2A;2025-07-10;-8.0;-1452.12
2DD7BA4DCDD4DE11ADB31065050021C8;FC081C55582CED11A62CD892C0003F2A;2025-07-10;-2.0;-263.92
8FD44BAEEC67EE1191EE1065050017B9;FC081C55582CED11A62CD892C0003F2A;2025-07-10;-4.0;-189.82
6571D7685B1C6E11B7B78A650500BC08;FC081C55582CED11A62CD892C0003F2A;2025-07-10;-2.0;-2443.82
5EC0A34011CAED11A62CD892C0003F2A;FC081C55582CED11A62CD892C0003F2A;2025-07-10;-2.0;-605.48
46C66CB929DA3E11052F6792C000D249;FC081C55582CED11A62CD892C0003F2A;2025-07-10;-4.0;-308.88
3831C99C861ECE11ADB310650500E7B8;FC081C55582CED11A62CD892C0003F2A;2025-07-10;-2.0;-1212.0
7F8CC0C96C32FE1191EE10650500BCB9;FC081C55582CED11A62CD892C0003F2A;2025-07-10;-2.0;-579.34
BAA271DE34D2FE1191EE106505007DB9;FC081C55582CED11A62CD892C0003F2A;2025-07-10;-2.0;-1751.46
83D001D9F607DE11C846106505002F6A;FC081C55582CED11A62CD892C0003F2A;2025-07-10;-2.0;-23.66
6454134AFB8BDE11406610650500044A;FC081C55582CED11A62CD892C0003F2A;2025-07-10;-2.0;-73.32
C406870E2B4EDE11406610650500B74A;FC081C55582CED11A62CD892C0003F2A;2025-07-10;-2.0;-138.48
0619F19A9D12DE11ADB3106505008DB8;FC081C55582CED11A62CD892C0003F2A;2025-07-10;-4.0;-1657.98
9E8291B9C19EBE11877210650500DF59;FC081C55582CED11A62CD892C0003F2A;2025-07-10;-12.0;-317.64
E4D7718565E0EE114066106505000B4A;FC081C55582CED11A62CD892C0003F2A;2025-07-10;-4.0;-263.0
7B43866C49CA2E11052F6792C0007F39;FC081C55582CED11A62CD892C0003F2A;2025-07-10;-2.0;-332.84
8E1A48881CF22E1143F0668E4200C71A;FC081C55582CED11A62CD892C0003F2A;2025-07-10;-2.0;-213.34
C213DBC83494FE1191EE10650500EFB9;FC081C55582CED11A62CD892C0003F2A;2025-07-10;-2.0;-1100.84
633D0987256EEE1191EE1065050029B9;FC081C55582CED11A62CD892C0003F2A;2025-07-10;-4.0;-320.0
3B689109E1CAED11A62CD892C0003F2A;FC081C55582CED11A62CD892C0003F2A;2025-07-10;-2.0;-365.0
BF96B7DB01CAED11A62CD892C0003F2A;FC081C55582CED11A62CD892C0003F2A;2025-07-10;-2.0;-534.26
78C2C61B7CA4DE11ADB310650500E0C8;FC081C55582CED11A62CD892C0003F2A;2025-07-10;-2.0;-100.94
24FBA1572B917E11B7B78A650500CD08;FC081C55582CED11A62CD892C0003F2A;2025-07-10;-12.0;-608.86
BFD000CE02192E11052F6792C0007F39;FC081C55582CED11A62CD892C0003F2A;2025-07-10;-2.0;-337.28
946CFC3DA4A27E11B7B78A650500DD08;FC081C55582CED11A62CD892C0003F2A;2025-07-10;-10.0;-1607.8400000000001
07F12D93DAF8CE11ADB31065050001B8;FC081C55582CED11A62CD892C0003F2A;2025-07-10;-2.0;-167.2
EEEA506A1F949E115540106505006E3B;FC081C55582CED11A62CD892C0003F2A;2025-07-10;-2.0;-293.24
A0D42E8FC1CAED11A62CD892C0003F2A;FC081C55582CED11A62CD892C0003F2A;2025-07-10;-2.0;-345.9
174F5C2FFDFDDE11406610650500374A;FC081C55582CED11A62CD892C0003F2A;2025-07-10;-2.0;-1076.14
A05BCFB931CAED11A62CD892C0003F2A;FC081C55582CED11A62CD892C0003F2A;2025-07-10;-2.0;-329.12
32716CB14579FE11128010650500E819;FC081C55582CED11A62CD892C0003F2A;2025-07-10;-2.0;-58.86
055BEAF260BCEE1191EE1065050029B9;FC081C55582CED11A62CD892C0003F2A;2025-07-10;-2.0;-2994.0
E222C631791C6E11B7B78A650500BC08;FC081C55582CED11A62CD892C0003F2A;2025-07-10;-2.0;-4243.12
0C4F278C0ADEAE11BE2110650500E35A;FC081C55582CED11A62CD892C0003F2A;2025-07-10;-20.0;-369.0
C10EC8E677F1EE114066106505007C4A;FC081C55582CED11A62CD892C0003F2A;2025-07-10;-2.0;-939.1
08587A2041CAED11A62CD892C0003F2A;FC081C55582CED11A62CD892C0003F2A;2025-07-10;-2.0;-422.56
375E8DAAAE52EE11406610650500FC4A;FC081C55582CED11A62CD892C0003F2A;2025-07-10;-2.0;-311.4
11EBF60EF0417E11B7B78A650500CD08;FC081C55582CED11A62CD892C0003F2A;2025-07-10;-2.4;-1972.2
787D7E8CF0CAED11A62CD892C0003F2A;FC081C55582CED11A62CD892C0003F2A;2025-07-10;-2.0;-543.24
A9CF58E21D064E1142D58A6505002C08;FC081C55582CED11A62CD892C0003F2A;2025-07-10;-2.0;-383.66
049DE472E0CAED11A62CD892C0003F2A;FC081C55582CED11A62CD892C0003F2A;2025-07-10;-2.0;-793.68
F0B13EB115D65E1142D58A650500DC08;FC081C55582CED11A62CD892C0003F2A;2025-07-10;-2.0;-7331.56
ACF74A7B0321DE11ADB3106505003CB8;FC081C55582CED11A62CD892C0003F2A;2025-07-10;-2.0;-110.0
0D12038B8CE3DE11ADB310650500DFB8;FC081C55582CED11A62CD892C0003F2A;2025-07-10;-2.0;-292.06
4E7DF767DAA07E11B7B78A650500CD08;FC081C55582CED11A62CD892C0003F2A;2025-07-10;-2.0;-318.86
7B19E58BCD10FE1191EE106505000AB9;FC081C55582CED11A62CD892C0003F2A;2025-07-10;-2.0;-270.56
DEE733462B917E11B7B78A650500CD08;FC081C55582CED11A62CD892C0003F2A;2025-07-10;-4.0;-151.72
9512E66ED1817E11B7B78A650500CD08;FC081C55582CED11A62CD892C0003F2A;2025-07-10;-2.0;-202.92
A7F61A7D98363E11052F6792C000FF39;FC081C55582CED11A62CD892C0003F2A;2025-07-10;-2.0;-127.94
1404F7AD0EEABE118772106505003B59;B0BDDED34CC83E11052F6792C000B249;2025-07-10;-2.0;-90.86
A98C963E01CAED11A62CD892C0003F2A;B0BDDED34CC83E11052F6792C000B249;2025-07-10;-4.0;-411.72
406F525E25DFEE1191EE10650500A9B9;B0BDDED34CC83E11052F6792C000B249;2025-07-10;-2.0;-453.0
08D4B1E5D4735E1142D58A650500DC08;B0BDDED34CC83E11052F6792C000B249;2025-07-10;-2.0;-33.38
BF6E6FD0C7788E11F243BB6505002E3B;B0BDDED34CC83E11052F6792C000B249;2025-07-10;-2.0;-66.42
8097C6F800A4DE11ADB310650500D0C8;B0BDDED34CC83E11052F6792C000B249;2025-07-10;-2.0;-1268.72
64C5195257363E11052F6792C000FF39;B0BDDED34CC83E11052F6792C000B249;2025-07-10;-6.0;-144.72
333159E86589DE11406610650500514A;B0BDDED34CC83E11052F6792C000B249;2025-07-10;-2.0;-498.44
B42D38801C00CE11877210650500B169;B0BDDED34CC83E11052F6792C000B249;2025-07-10;-2.0;-921.46
C6018428F0CAED11A62CD892C0003F2A;B0BDDED34CC83E11052F6792C000B249;2025-07-10;-4.0;-573.96
9BFF0450D0CAED11A62CD892C0003F2A;B0BDDED34CC83E11052F6792C000B249;2025-07-10;-2.0;-317.78
748F73B62056BE118772106505005559;B0BDDED34CC83E11052F6792C000B249;2025-07-10;-12.0;-1428.7600000000002
388242019A3BED11A62CD892C0003F2A;B0BDDED34CC83E11052F6792C000B249;2025-07-10;-6.0;-973.86
0FC4106CDA62AE11726010650500E05A;B0BDDED34CC83E11052F6792C000B249;2025-07-10;-2.0;-49.86
2F4F23B73FF7FD11A4A96492C000AA89;B0BDDED34CC83E11052F6792C000B249;2025-07-10;-2.0;-55.94
34B5FC4033E88E11F243BB650500BE3B;B0BDDED34CC83E11052F6792C000B249;2025-07-10;-2.0;-389.16
B50CC478AB547E11B7B78A650500ED08;B0BDDED34CC83E11052F6792C000B249;2025-07-10;-2.0;-1273.78
9178A929B72DED11A62CD892C0003F2A;B0BDDED34CC83E11052F6792C000B249;2025-07-10;-8.0;-433.72
562B22D501CAED11A62CD892C0003F2A;B0BDDED34CC83E11052F6792C000B249;2025-07-10;-2.0;-249.76
7BC9FD3045A3EE11B1AD10650500E6EA;B0BDDED34CC83E11052F6792C000B249;2025-07-10;-2.0;-2598.8
0E3D292624789E11525010650500D84A;B0BDDED34CC83E11052F6792C000B249;2025-07-10;-22.0;-414.91999999999996
9DE91C970F7FAE11BE2110650500B45A;B0BDDED34CC83E11052F6792C000B249;2025-07-10;-2.0;-663.44
09A88383B89DDE11406610650500B64A;B0BDDED34CC83E11052F6792C000B249;2025-07-10;-4.0;-547.28
246BFCD85592BE11BE2110650500A85A;B0BDDED34CC83E11052F6792C000B249;2025-07-10;-2.0;-151.54
45720D1B63B9BE11877210650500A959;B0BDDED34CC83E11052F6792C000B249;2025-07-10;-4.0;-479.2
2489CCD7C9BF0E1123F0668E42005B38;B0BDDED34CC83E11052F6792C000B249;2025-07-10;-24.0;-555.84
F9A90CDB0321DE11ADB3106505003CB8;B0BDDED34CC83E11052F6792C000B249;2025-07-10;-2.0;-118.0
962D89ED994EFD11A4A96492C0006D28;B0BDDED34CC83E11052F6792C000B249;2025-07-10;-2.0;-312.56
B8918056E142DE11ADB310650500BDB8;B0BDDED34CC83E11052F6792C000B249;2025-07-10;-2.0;-72.1
61C50DD90A59AE11BE2110650500EC4A;B0BDDED34CC83E11052F6792C000B249;2025-07-10;-2.0;-91.48
DD0A6194295EDE11406610650500C74A;B0BDDED34CC83E11052F6792C000B249;2025-07-10;-4.0;-278.64
CCFB1FD4AFB0FE1191EE10650500DAB9;B0BDDED34CC83E11052F6792C000B249;2025-07-10;-4.0;-180.0
556E2F111015EE11B1AD10650500B8EA;B0BDDED34CC83E11052F6792C000B249;2025-07-10;-2.0;-474.56
0E12452A3E263E11052F6792C000FF39;B0BDDED34CC83E11052F6792C000B249;2025-07-10;-4.0;-261.6
831A62A9673F8E11F243BB650500574B;B0BDDED34CC83E11052F6792C000B249;2025-07-10;-2.0;-588.54
42B158B398A05E1142D58A650500BC08;B0BDDED34CC83E11052F6792C000B249;2025-07-10;-2.0;-521.9
025E6CD597F1EE114066106505007C4A;B0BDDED34CC83E11052F6792C000B249;2025-07-10;-2.0;-2525.0
99E00D88A0CAED11A62CD892C0003F2A;B0BDDED34CC83E11052F6792C000B249;2025-07-10;-2.0;-89.7
ECE0FE6B37B8BE118772106505006859;B0BDDED34CC83E11052F6792C000B249;2025-07-10;-2.0;-623.6
46B486E755C45E1142D58A650500DC08;B0BDDED34CC83E11052F6792C000B249;2025-07-10;-2.0;-132.42
9F6D0F4C8EA3FD110DC22A92C000C499;B0BDDED34CC83E11052F6792C000B249;2025-07-10;-4.0;-1270.88
4E955E04E0CAED11A62CD892C0003F2A;B0BDDED34CC83E11052F6792C000B249;2025-07-10;-2.0;-937.28
66A05155F92E6E11B7B78A6505003D08;B0BDDED34CC83E11052F6792C000B249;2025-07-10;-8.0;-378.88
AF4510B9CFE34E1142D58A6505002C08;B0BDDED34CC83E11052F6792C000B249;2025-07-10;-2.0;-78.68
1B4F278C0ADEAE11BE2110650500E35A;B0BDDED34CC83E11052F6792C000B249;2025-07-10;-4.0;-118.88
65B614E9CC3FFE11F1557891FE695689;B0BDDED34CC83E11052F6792C000B249;2025-07-10;-2.0;-1760.14
5547DBC607F1DE11ADB3106505005DB8;B0BDDED34CC83E11052F6792C000B249;2025-07-10;-4.0;-428.92
70A76EE2378B3E11052F6792C000D249;B0BDDED34CC83E11052F6792C000B249;2025-07-10;-4.0;-137.0
4E7A8CB7C54DEE1191EE1065050029B9;B0BDDED34CC83E11052F6792C000B249;2025-07-10;-4.0;-147.84
52CBB8981C93FE1191EE106505009EB9;B0BDDED34CC83E11052F6792C000B249;2025-07-10;-2.0;-273.44
E9ED9DCF76640F114EF7A826072B1D89;B0BDDED34CC83E11052F6792C000B249;2025-07-10;-2.0;-117.22
60523887FAC1FE1191EE106505002CB9;B0BDDED34CC83E11052F6792C000B249;2025-07-10;-2.0;-520.06
79D52F15E0CAED11A62CD892C0003F2A;B0BDDED34CC83E11052F6792C000B249;2025-07-10;-2.0;-650.14
2ACF8F6A4EED7E110819BB65050039AA;B0BDDED34CC83E11052F6792C000B249;2025-07-10;-4.0;-165.6
11A39B4ED0CAED11A62CD892C0003F2A;B0BDDED34CC83E11052F6792C000B249;2025-07-10;-2.0;-835.04
DDC67A9CC0CAED11A62CD892C0003F2A;B0BDDED34CC83E11052F6792C000B249;2025-07-10;-2.0;-255.84
9A3F0929B2EF2E11052F6792C000CF39;B0BDDED34CC83E11052F6792C000B249;2025-07-10;-2.0;-376.96
F9A66B13FF986E11B7B78A650500BC08;B0BDDED34CC83E11052F6792C000B249;2025-07-10;-4.0;-83.04
35C39CD922606E1142D58A650500AD08;B0BDDED34CC83E11052F6792C000B249;2025-07-10;-2.0;-350.76
18F9A5D06F466E11B7B78A650500BC08;B0BDDED34CC83E11052F6792C000B249;2025-07-10;-2.0;-173.9
D780E2E04579FE11128010650500E819;B0BDDED34CC83E11052F6792C000B249;2025-07-10;-14.0;-520.1
33B8272BA2CAED11A62CD892C0003F2A;B0BDDED34CC83E11052F6792C000B249;2025-07-10;-4.0;-3645.14
90A2D1CACED4DE11ADB31065050021C8;B0BDDED34CC83E11052F6792C000B249;2025-07-10;-2.0;-81.16
D9E59375470A0E11A4A96492C0001269;B0BDDED34CC83E11052F6792C000B249;2025-07-10;-2.0;-292.96
60B762BAE497AE11BE2110650500AA4A;B0BDDED34CC83E11052F6792C000B249;2025-07-10;-2.0;-167.8
366491A43CD4CE11ADB3106505000DA8;B0BDDED34CC83E11052F6792C000B249;2025-07-10;-2.0;-24.0
97419871AED4EE11B1AD1065050078EA;B0BDDED34CC83E11052F6792C000B249;2025-07-10;-4.0;-173.36
A8A7DC89C8D16E1142D58A650500AD08;B0BDDED34CC83E11052F6792C000B249;2025-07-10;-2.0;-2402.04
B40A08B54896EE1191EE1065050056B9;B0BDDED34CC83E11052F6792C000B249;2025-07-10;-2.0;-920.72
8765B5E89B547E11B7B78A650500ED08;B0BDDED34CC83E11052F6792C000B249;2025-07-10;-2.0;-767.42
B5B2F49B3D9F7E110819BB65050039AA;44673735EAF46E11B7B78A650500BC08;2025-07-10;-6.0;-351.06
060334BDE781DE11ADB310650500CCB8;44673735EAF46E11B7B78A650500BC08;2025-07-10;-14.0;-1721.4399999999998
006902914575EE1191EE10650500D4B9;44673735EAF46E11B7B78A650500BC08;2025-07-10;-18.0;-639.0
309DCD960C456E11B7B78A650500BC08;44673735EAF46E11B7B78A650500BC08;2025-07-10;-2.0;-2961.6
AFF7B45827017E11B7B78A650500CD08;44673735EAF46E11B7B78A650500BC08;2025-07-10;-4.0;-173.6
1F1EB7FDB0CAED11A62CD892C0003F2A;44673735EAF46E11B7B78A650500BC08;2025-07-10;-2.0;-67.02
267CBAD8555CEE1191EE1065050029B9;44673735EAF46E11B7B78A650500BC08;2025-07-10;-10.0;-4250.0
5637CED70820DE11ADB310650500BAB8;44673735EAF46E11B7B78A650500BC08;2025-07-10;-2.0;-201.74
10E000CE02192E11052F6792C0007F39;44673735EAF46E11B7B78A650500BC08;2025-07-10;-2.0;-508.56
1E09394EB8E3BE11BE21106505005A5A;44673735EAF46E11B7B78A650500BC08;2025-07-10;-4.0;-135.82
654D84A73741DE11ADB3106505007CB8;44673735EAF46E11B7B78A650500BC08;2025-07-10;-4.0;-506.16
C181BA22C6CABE118772106505000B59;44673735EAF46E11B7B78A650500BC08;2025-07-10;-4.0;-1014.6
13338D7C02608E110819BB65050039AA;44673735EAF46E11B7B78A650500BC08;2025-07-10;-6.0;-6.0
1C0C1DBA327DCE11ADB31065050007B8;44673735EAF46E11B7B78A650500BC08;2025-07-10;-2.0;-159.94
7F63923E7AE66E11B7B78A650500BC08;44673735EAF46E11B7B78A650500BC08;2025-07-10;-12.0;-677.4200000000001
CF4CEB903C456E11B7B78A650500BC08;44673735EAF46E11B7B78A650500BC08;2025-07-10;-2.0;-795.44
058A36BF3183FE1191EE106505007EB9;44673735EAF46E11B7B78A650500BC08;2025-07-10;-2.0;-180.88
163E4BD62CE7EE1191EE10650500B7B9;44673735EAF46E11B7B78A650500BC08;2025-07-10;-2.0;-23.66
41AF38F5A6F5AE11BE2110650500984A;44673735EAF46E11B7B78A650500BC08;2025-07-10;-4.0;-208.08
73D7D6A0BAC9FE11128010650500E819;44673735EAF46E11B7B78A650500BC08;2025-07-10;-4.0;-82.0
4DD5CF7ECAD0FE1191EE10650500FAB9;44673735EAF46E11B7B78A650500BC08;2025-07-10;-4.0;-586.72
1F2C6BDA03078E11F243BB6505005C3B;44673735EAF46E11B7B78A650500BC08;2025-07-10;-2.0;-78.18
EDBF23F38ABAAE11BE2110650500AE4A;44673735EAF46E11B7B78A650500BC08;2025-07-10;-12.0;-897.5999999999999
D27CA2357FD7AE11BE21106505000B4A;44673735EAF46E11B7B78A650500BC08;2025-07-10;-8.0;-1968.0
EDD1574CE142DE11ADB310650500BDB8;44673735EAF46E11B7B78A650500BC08;2025-07-10;-2.0;-72.1
36798CFB7ABAAE11BE2110650500AE4A;44673735EAF46E11B7B78A650500BC08;2025-07-10;-2.0;-80.0
74D93A8F390FEE1191EE1065050029B9;44673735EAF46E11B7B78A650500BC08;2025-07-10;-20.0;-111.24
1E819FD679258E113835BB650500EDAA;44673735EAF46E11B7B78A650500BC08;2025-07-10;-2.0;-699.46
B5E3C58D0A09FD11A4A96492C000AA89;44673735EAF46E11B7B78A650500BC08;2025-07-10;-2.0;-77.62
6B23154BEAA07E11B7B78A650500CD08;44673735EAF46E11B7B78A650500BC08;2025-07-10;-2.0;-254.0
F833CA38A9456E11B7B78A650500BC08;44673735EAF46E11B7B78A650500BC08;2025-07-10;-2.0;-46.28
69EE76D69BBD7E110819BB65050039AA;44673735EAF46E11B7B78A650500BC08;2025-07-10;-2.0;-2380.0
1FC19C7C3CDDAE11BE2110650500A25A;44673735EAF46E11B7B78A650500BC08;2025-07-10;-6.0;-324.6
A8F199F095D3EE11B1AD1065050027EA;44673735EAF46E11B7B78A650500BC08;2025-07-10;-2.0;-183.32
889C5017DD096E11B7B78A650500BC08;44673735EAF46E11B7B78A650500BC08;2025-07-10;-8.0;-336.0
90A650B9EACB8E11F243BB650500624B;44673735EAF46E11B7B78A650500BC08;2025-07-10;-4.0;-224.74
1452B9594D40EE114066106505004A4A;44673735EAF46E11B7B78A650500BC08;2025-07-10;-4.0;-2173.38
9FA50D6144856E11B7B78A650500BC08;44673735EAF46E11B7B78A650500BC08;2025-07-10;-2.0;-312.48
149401904596DE11ADB31065050053C8;44673735EAF46E11B7B78A650500BC08;2025-07-10;-2.0;-525.34
DC0589672C8EAE11BE2110650500835A;44673735EAF46E11B7B78A650500BC08;2025-07-10;-16.0;-1573.76
7244DCE8E551AE117260106505008F4A;44673735EAF46E11B7B78A650500BC08;2025-07-10;-2.0;-286.9
B9FC4D247A21BE11BE2110650500D65A;44673735EAF46E11B7B78A650500BC08;2025-07-10;-2.0;-433.84
13E4C8736752CE11877210650500A469;44673735EAF46E11B7B78A650500BC08;2025-07-10;-4.0;-878.0
C88AC96C066E9E11726010650500CB4A;44673735EAF46E11B7B78A650500BC08;2025-07-10;-8.0;-260.34
1D57A43A2392BE11BE2110650500A85A;44673735EAF46E11B7B78A650500BC08;2025-07-10;-2.0;-78.14
2A6562D6E770BE11BE2110650500F55A;44673735EAF46E11B7B78A650500BC08;2025-07-10;-6.0;-982.1999999999999
842FBFF5F0DCDE11406610650500B54A;44673735EAF46E11B7B78A650500BC08;2025-07-10;-6.0;-237.7
AB4583BE45CF8E11F243BB650500084B;44673735EAF46E11B7B78A650500BC08;2025-07-10;-2.0;-90.08
E5580EDF02A5BE11BE21106505008C5A;44673735EAF46E11B7B78A650500BC08;2025-07-10;-20.0;-1760.0
2DD58392A1567E11B7B78A650500ED08;44673735EAF46E11B7B78A650500BC08;2025-07-10;-2.0;-144.54
8F7B105BDE456E11B7B78A650500BC08;44673735EAF46E11B7B78A650500BC08;2025-07-10;-14.0;-3825.36
FE49AE164D9F7E110819BB65050039AA;44673735EAF46E11B7B78A650500BC08;2025-07-10;-6.0;-367.68
094F2AAEBA6BAE11BE21106505008F4A;44673735EAF46E11B7B78A650500BC08;2025-07-10;-4.0;-165.6
B075901085B59E11554010650500DF3B;44673735EAF46E11B7B78A650500BC08;2025-07-10;-2.0;-577.7
4D6DB4D8D12B7E110819BB65050039AA;44673735EAF46E11B7B78A650500BC08;2025-07-10;-2.0;-343.0
7BB8CA6CAC456E11B7B78A650500BC08;44673735EAF46E11B7B78A650500BC08;2025-07-10;-2.0;-27.4
45720D1B63B9BE11877210650500A959;44673735EAF46E11B7B78A650500BC08;2025-07-10;-16.0;-1916.7999999999997
B9DBC298DEE4AE11726010650500145A;44673735EAF46E11B7B78A650500BC08;2025-07-10;-2.0;-27.98
09F2DB113F5F9E117260106505000D4A;44673735EAF46E11B7B78A650500BC08;2025-07-10;-2.0;-538.94
5C63DD9371491E1143F0668E42006B8B;44673735EAF46E11B7B78A650500BC08;2025-07-10;-2.0;-191.84
0572E05E066E9E11726010650500CB4A;44673735EAF46E11B7B78A650500BC08;2025-07-10;-2.0;-47.16
FF507936CCFDCE11ADB310650500C7B8;44673735EAF46E11B7B78A650500BC08;2025-07-10;-10.0;-2590.0
1151863185ECBE11877210650500BD59;44673735EAF46E11B7B78A650500BC08;2025-07-10;-2.0;-169.2
5C141AB4A5E05E1142D58A650500BC08;44673735EAF46E11B7B78A650500BC08;2025-07-10;-2.0;-224.56
6FCBC46F2C456E11B7B78A650500BC08;44673735EAF46E11B7B78A650500BC08;2025-07-10;-8.0;-2129.52
959470D4C170DE11ADB3106505003BB8;44673735EAF46E11B7B78A650500BC08;2025-07-10;-6.0;-2622.2400000000002
F87FBF195FDD6E11B7B78A650500BC08;44673735EAF46E11B7B78A650500BC08;2025-07-10;-4.0;-126.52
DA12B5E10CE49E11554010650500CE3B;44673735EAF46E11B7B78A650500BC08;2025-07-10;-2.0;-144.2
60BA59F21C7C9E11726010650500494A;44673735EAF46E11B7B78A650500BC08;2025-07-10;-2.0;-273.8
98D54DEC9D6D6E11B7B78A650500BC08;44673735EAF46E11B7B78A650500BC08;2025-07-10;-6.0;-229.98
AC6C34035FDD6E11B7B78A650500BC08;44673735EAF46E11B7B78A650500BC08;2025-07-10;-24.0;-792.0
3B17619EC688CE11ADB31065050070B8;44673735EAF46E11B7B78A650500BC08;2025-07-10;-2.0;-150.94
0A0F415F330A3E11052F6792C000D249;44673735EAF46E11B7B78A650500BC08;2025-07-10;-2.0;-148.52
2A146DC1AEC79E11554010650500824B;44673735EAF46E11B7B78A650500BC08;2025-07-10;-2.0;-12721.84
1F7AC89D21FA8E11F243BB650500514B;44673735EAF46E11B7B78A650500BC08;2025-07-10;-4.0;-81.56
D1BC77B37696DE11ADB31065050053C8;44673735EAF46E11B7B78A650500BC08;2025-07-10;-2.0;-573.42
CB60621797B0FE1191EE10650500CAB9;44673735EAF46E11B7B78A650500BC08;2025-07-10;-2.0;-441.98
4939E2C83CCEAE11BE2110650500D35A;44673735EAF46E11B7B78A650500BC08;2025-07-10;-12.0;-213.60000000000002
25D7991766767E11B7B78A650500ED08;44673735EAF46E11B7B78A650500BC08;2025-07-10;-4.0;-1003.44
BCEB5D8DD22BBE118772106505007B59;44673735EAF46E11B7B78A650500BC08;2025-07-10;-4.0;-259.2
510C339B9C937E11B7B78A650500DD08;44673735EAF46E11B7B78A650500BC08;2025-07-10;-14.0;-1087.1599999999999
B3C9D397E770BE11BE2110650500F55A;44673735EAF46E11B7B78A650500BC08;2025-07-10;-2.0;-194.74
D1127B2DE79FFE11F1557891FE69C689;44673735EAF46E11B7B78A650500BC08;2025-07-10;-2.0;-176.92
B22E1D675FF6AE11BE2110650500E94A;44673735EAF46E11B7B78A650500BC08;2025-07-10;-2.0;-3020.0
550DEBDC390FEE1191EE1065050029B9;44673735EAF46E11B7B78A650500BC08;2025-07-10;-4.0;-82.41999999999999
17C3CFB23EA0CE118772106505008269;44673735EAF46E11B7B78A650500BC08;2025-07-10;-2.0;-53.64
7002AE3A2A6BFE111280106505000919;44673735EAF46E11B7B78A650500BC08;2025-07-10;-2.0;-133.76
1A3D556278F6DE11C846106505001F6A;44673735EAF46E11B7B78A650500BC08;2025-07-10;-2.0;-270.0
8437016C30F5CE11ADB3106505006DA8;44673735EAF46E11B7B78A650500BC08;2025-07-10;-2.0;-320.22
A34E148FBC38CE11ADB31065050000B8;44673735EAF46E11B7B78A650500BC08;2025-07-10;-2.0;-121.72
76D00C88D672DE11ADB310650500FDB8;44673735EAF46E11B7B78A650500BC08;2025-07-10;-2.0;-328.0
EF4F322193C2FE1191EE106505006DB9;44673735EAF46E11B7B78A650500BC08;2025-07-10;-6.0;-175.62
735F676623900F11F1557891FE690889;44673735EAF46E11B7B78A650500BC08;2025-07-10;-2.0;-448.0
189C12DB783EBE118772106505006F59;44673735EAF46E11B7B78A650500BC08;2025-07-10;-2.0;-677.18
3C0EBEFDAC456E11B7B78A650500BC08;44673735EAF46E11B7B78A650500BC08;2025-07-10;-4.0;-1672.92
4EDDF423F61E4E1142D58A650500BC08;44673735EAF46E11B7B78A650500BC08;2025-07-10;-2.0;-333.8
83833DDA9497EE1191EE1065050047B9;44673735EAF46E11B7B78A650500BC08;2025-07-10;-2.0;-302.0
752CA3FFCBFEDE11406610650500984A;44673735EAF46E11B7B78A650500BC08;2025-07-10;-8.0;-123.6
69D6F02A1DC0FE1191EE10650500EAB9;44673735EAF46E11B7B78A650500BC08;2025-07-10;-6.0;-168.48
2CF448ED45CF8E11F243BB650500084B;44673735EAF46E11B7B78A650500BC08;2025-07-10;-2.0;-71.04
D242051D7EEDBE118772106505000F59;44673735EAF46E11B7B78A650500BC08;2025-07-10;-4.0;-117.08
B82C18EB69456E11B7B78A650500BC08;44673735EAF46E11B7B78A650500BC08;2025-07-10;-2.0;-1278.08
ABB0016BE789EE1191EE1065050009B9;44673735EAF46E11B7B78A650500BC08;2025-07-10;-2.0;-33.68
3B6876C01EEDBE118772106505000F59;44673735EAF46E11B7B78A650500BC08;2025-07-10;-2.0;-142.76
C76EC99C2D456E11B7B78A650500BC08;44673735EAF46E11B7B78A650500BC08;2025-07-10;-2.0;-495.34
E12609A40C98EE1191EE10650500A8B9;44673735EAF46E11B7B78A650500BC08;2025-07-10;-2.0;-493.68
9E073B271836CE11ADB3106505008DA8;44673735EAF46E11B7B78A650500BC08;2025-07-10;-2.0;-197.0
6BCCE9131EEDBE118772106505000F59;44673735EAF46E11B7B78A650500BC08;2025-07-10;-10.0;-714.12
F0D644B702010F11112A674AC7E2B889;44673735EAF46E11B7B78A650500BC08;2025-07-10;-2.0;-197.34
12EC44B94F7FFE11F1557891FE69A689;44673735EAF46E11B7B78A650500BC08;2025-07-10;-20.0;-348.0
923EE5BC3C456E11B7B78A650500BC08;44673735EAF46E11B7B78A650500BC08;2025-07-10;-2.0;-717.0
44A1955E74437E11B7B78A650500DD08;44673735EAF46E11B7B78A650500BC08;2025-07-10;-2.0;-86.38
D325B47BFD456E11B7B78A650500BC08;44673735EAF46E11B7B78A650500BC08;2025-07-10;-2.0;-980.0
60BE76E2DC456E11B7B78A650500BC08;44673735EAF46E11B7B78A650500BC08;2025-07-10;-2.0;-266.92
7EC8264C3CE76E11B7B78A650500BC08;44673735EAF46E11B7B78A650500BC08;2025-07-10;-4.0;-448.56
1C72EB04AA4FFE11F1557891FE696689;44673735EAF46E11B7B78A650500BC08;2025-07-10;-4.0;-333.88
9E2D79C12F83AE11726010650500525A;44673735EAF46E11B7B78A650500BC08;2025-07-10;-2.0;-1108.66
8F14FA47EBF22E1143F0668E4200C71A;44673735EAF46E11B7B78A650500BC08;2025-07-10;-2.0;-191.5
F270BC14B92F6E11B7B78A650500CD08;44673735EAF46E11B7B78A650500BC08;2025-07-10;-2.0;-406.0
F1994F8EA0CAED11A62CD892C0003F2A;44673735EAF46E11B7B78A650500BC08;2025-07-10;-2.0;-2302.16
FB53C874F596DE11ADB31065050053C8;44673735EAF46E11B7B78A650500BC08;2025-07-10;-2.0;-433.04
690423707EEAAE11BE2110650500EE4A;44673735EAF46E11B7B78A650500BC08;2025-07-10;-16.0;-381.56
32469E05C11A8E11F243BB650500304B;44673735EAF46E11B7B78A650500BC08;2025-07-10;-2.0;-105.98
E77E119F66137E11B7B78A650500DD08;44673735EAF46E11B7B78A650500BC08;2025-07-10;-4.0;-86.62
D2390B7886AA7E110819BB65050039AA;44673735EAF46E11B7B78A650500BC08;2025-07-10;-2.0;-1319.22
F6DC431298B37E11B7B78A650500DD08;44673735EAF46E11B7B78A650500BC08;2025-07-10;-2.0;-1179.04
A5D959C278F6DE11C846106505001F6A;44673735EAF46E11B7B78A650500BC08;2025-07-10;-2.0;-376.0
F9DC0BE73ED5AE11BE2110650500784A;44673735EAF46E11B7B78A650500BC08;2025-07-10;-2.0;-179.0
BAA7615FA9240F114EF7A826072BCC89;44673735EAF46E11B7B78A650500BC08;2025-07-10;-2.0;-145.34
071360062A098E11F243BB650500EE3B;44673735EAF46E11B7B78A650500BC08;2025-07-10;-2.0;-67.42
943956F7E770BE11BE2110650500F55A;44673735EAF46E11B7B78A650500BC08;2025-07-10;-2.0;-25.32
0245F112C8C77E110819BB65050009AA;44673735EAF46E11B7B78A650500BC08;2025-07-10;-12.0;-434.64
EA5EE864DF61EE11406610650500BB4A;44673735EAF46E11B7B78A650500BC08;2025-07-10;-2.0;-670.0
BF2509A16A23AE11726010650500D15A;44673735EAF46E11B7B78A650500BC08;2025-07-10;-2.0;-128.24
AA9204B079258E113835BB650500EDAA;44673735EAF46E11B7B78A650500BC08;2025-07-10;-2.0;-534.74
5D07C6AC91A2FE1191EE106505003DB9;44673735EAF46E11B7B78A650500BC08;2025-07-10;-2.0;-128.64
9E20A27034B0FE1191EE10650500CAB9;44673735EAF46E11B7B78A650500BC08;2025-07-10;-8.0;-357.88
C6ACAC2CED456E11B7B78A650500BC08;44673735EAF46E11B7B78A650500BC08;2025-07-10;-2.0;-324.4
F619A63802010F11112A674AC7E2B889;44673735EAF46E11B7B78A650500BC08;2025-07-10;-2.0;-766.0
88FBFB97EC020F114EF7A826072B1A89;44673735EAF46E11B7B78A650500BC08;2025-07-10;-18.0;-684.8
351D2991CC6FEE1191EE1065050029B9;44673735EAF46E11B7B78A650500BC08;2025-07-10;-2.0;-2042.0
499445BA0607DE11C846106505002F6A;44673735EAF46E11B7B78A650500BC08;2025-07-10;-2.0;-23.66
88C401993D8F2E11052F6792C000CF39;44673735EAF46E11B7B78A650500BC08;2025-07-10;-2.0;-1216.92
79B99D81CFC5EE1191EE1065050055B9;44673735EAF46E11B7B78A650500BC08;2025-07-10;-2.0;-149.4
539B72C890CAED11A62CD892C0003F2A;44673735EAF46E11B7B78A650500BC08;2025-07-10;2.0;690.24
70FD082CB3DFEE1191EE10650500A9B9;FC081C55582CED11A62CD892C0003F2A;2025-07-10;-2.0;-40.46
D824051B94AE0E1143F0668E42001D49;FC081C55582CED11A62CD892C0003F2A;2025-07-10;0.0;0.0
AEDC4EE7A0CAED11A62CD892C0003F2A;FC081C55582CED11A62CD892C0003F2A;2025-07-10;-2.0;-200.84
9F1AD9FD7942FE1191EE10650500CCB9;FC081C55582CED11A62CD892C0003F2A;2025-07-10;0.0;0.0
668904ECAD62FE1191EE10650500FCB9;FC081C55582CED11A62CD892C0003F2A;2025-07-10;0.0;0.0
00BA1CE180E2FE1191EE106505009DB9;FC081C55582CED11A62CD892C0003F2A;2025-07-10;0.0;0.0
7B9437400502EE114066106505008C4A;FC081C55582CED11A62CD892C0003F2A;2025-07-10;0.0;0.0
A151CD5CEB01FE1191EE106505003BB9;FC081C55582CED11A62CD892C0003F2A;2025-07-10;-2.0;-66.9
A56F6D8E5D66DE11ADB31065050023C8;FC081C55582CED11A62CD892C0003F2A;2025-07-10;0.0;0.0
AEDF67094AFEDE11406610650500984A;FC081C55582CED11A62CD892C0003F2A;2025-07-10;-4.0;-78.5
1890516A93C1CE11877210650500E369;FC081C55582CED11A62CD892C0003F2A;2025-07-10;0.0;0.0
CFE0A20822529E115540106505006B3B;FC081C55582CED11A62CD892C0003F2A;2025-07-10;-2.0;-128.4
904C07B61630EE114066106505002A4A;FC081C55582CED11A62CD892C0003F2A;2025-07-10;0.0;0.0
261C4C198371FE1191EE10650500BBB9;FC081C55582CED11A62CD892C0003F2A;2025-07-10;0.0;0.0
007267F61B278E11F243BB6505008C3B;FC081C55582CED11A62CD892C0003F2A;2025-07-10;-2.0;-174.04
47125DEAC3D67E11B7B78A650500ED08;FC081C55582CED11A62CD892C0003F2A;2025-07-10;0.0;0.0
0A282CFF889D7E110819BB65050039AA;FC081C55582CED11A62CD892C0003F2A;2025-07-10;0.0;0.0
4B58DBE1689D7E110819BB65050039AA;FC081C55582CED11A62CD892C0003F2A;2025-07-10;0.0;0.0
BD9EFBDEFCD2FE1191EE106505009DB9;FC081C55582CED11A62CD892C0003F2A;2025-07-10;0.0;0.0
B585D8268BB88E11F243BB6505008E3B;FC081C55582CED11A62CD892C0003F2A;2025-07-10;0.0;0.0
F636B2C10DEEDE11406610650500884A;FC081C55582CED11A62CD892C0003F2A;2025-07-10;-6.0;-635.16
259E20888371FE1191EE10650500BBB9;FC081C55582CED11A62CD892C0003F2A;2025-07-10;0.0;0.0
2133F6C2D74CDE11406610650500054A;FC081C55582CED11A62CD892C0003F2A;2025-07-10;0.0;0.0
840B6F7A91E8CE11ADB310650500E0B8;FC081C55582CED11A62CD892C0003F2A;2025-07-10;0.0;0.0
F16C82ACBC07BE118772106505004659;FC081C55582CED11A62CD892C0003F2A;2025-07-10;-8.0;-191.44
6433DB5453E58E11F243BB650500DA3B;44673735EAF46E11B7B78A650500BC08;2025-07-10;-18.0;-271.26
F778D5170BFA7E110819BB65050039AA;FC081C55582CED11A62CD892C0003F2A;2025-07-10;48.0;3686.14
9C500F5D4F456E11B7B78A650500BC08;44673735EAF46E11B7B78A650500BC08;2025-07-10;-6.0;-237.04000000000002
8BB09C1CE2F17E11B7B78A650500CD08;44673735EAF46E11B7B78A650500BC08;2025-07-10;34.0;4318.860000000001
F3F7BAF94D417E11B7B78A650500CD08;44673735EAF46E11B7B78A650500BC08;2025-07-10;20.0;875.8
F336191B22E8CE11ADB310650500E0B8;44673735EAF46E11B7B78A650500BC08;2025-07-10;6.0;623.2
CAE699AFEDD97E110819BB65050019AA;44673735EAF46E11B7B78A650500BC08;2025-07-10;20.0;5797.2
8064693F2B140F114EF7A826072BBC89;FC081C55582CED11A62CD892C0003F2A;2025-07-10;32.0;2116.8
A109CFC34E1FCE11ADB31065050039B8;44673735EAF46E11B7B78A650500BC08;2025-07-10;0.0;0.0
9E86D93AC894BE11BE21106505003B5A;44673735EAF46E11B7B78A650500BC08;2025-07-10;0.0;0.0
D1A9C7308E7CBE118772106505003D59;44673735EAF46E11B7B78A650500BC08;2025-07-10;0.0;0.0
45BC61C3E9456E11B7B78A650500BC08;44673735EAF46E11B7B78A650500BC08;2025-07-10;0.0;0.0
D05CB9922E456E11B7B78A650500BC08;44673735EAF46E11B7B78A650500BC08;2025-07-10;0.0;9.094947017729282e-13
964B5A1C66CFAE11BE2110650500155A;44673735EAF46E11B7B78A650500BC08;2025-07-10;0.0;0.0
A1BEB45E142DCE11ADB310650500A6B8;44673735EAF46E11B7B78A650500BC08;2025-07-10;-2.0;-125.0
11E57136242DCE11ADB310650500A6B8;44673735EAF46E11B7B78A650500BC08;2025-07-10;0.0;0.0
7343A752BA66CE11ADB310650500BDA8;44673735EAF46E11B7B78A650500BC08;2025-07-10;0.0;0.0
11530813BA66CE11ADB310650500BDA8;44673735EAF46E11B7B78A650500BC08;2025-07-10;0.0;0.0
CED010834E1FCE11ADB31065050039B8;44673735EAF46E11B7B78A650500BC08;2025-07-10;0.0;0.0
0705B201DC6DAE11BE2110650500125A;44673735EAF46E11B7B78A650500BC08;2025-07-10;0.0;0.0
DD6995D34E1FCE11ADB31065050039B8;44673735EAF46E11B7B78A650500BC08;2025-07-10;0.0;4.547473508864641e-13
1630FBAF09240F114EF7A826072BCC89;FC081C55582CED11A62CD892C0003F2A;2025-07-10;0.0;0.0
7BB0FBAF09240F114EF7A826072BCC89;FC081C55582CED11A62CD892C0003F2A;2025-07-10;0.0;0.0
3C57E76E55250F114EF7A826072B0E89;FC081C55582CED11A62CD892C0003F2A;2025-07-10;0.0;0.0
88CB9F2B5C440F114EF7A826072BFC89;FC081C55582CED11A62CD892C0003F2A;2025-07-10;0.0;0.0
551D9F2B5C440F114EF7A826072BFC89;FC081C55582CED11A62CD892C0003F2A;2025-07-10;0.0;0.0
7833256B5C440F114EF7A826072BFC89;FC081C55582CED11A62CD892C0003F2A;2025-07-10;0.0;0.0
1D780F8B5C440F114EF7A826072BFC89;FC081C55582CED11A62CD892C0003F2A;2025-07-10;0.0;0.0
A90685AB5C440F114EF7A826072BFC89;FC081C55582CED11A62CD892C0003F2A;2025-07-10;0.0;0.0
99F4FDBB5C440F114EF7A826072BFC89;FC081C55582CED11A62CD892C0003F2A;2025-07-10;0.0;0.0
CDD92FEB5C440F114EF7A826072BFC89;FC081C55582CED11A62CD892C0003F2A;2025-07-10;0.0;0.0
6DE9036DC691FE1191EE10650500EBB9;FC081C55582CED11A62CD892C0003F2A;2025-07-10;0.0;0.0
8FFC930CBEB40F114EF7A826072B8D89;B0BDDED34CC83E11052F6792C000B249;2025-07-10;72.0;10009.96
FE4E913CBEB40F114EF7A826072B8D89;B0BDDED34CC83E11052F6792C000B249;2025-07-10;48.0;5233.52
38F06F8978540F114EF7A826072B0D89;B0BDDED34CC83E11052F6792C000B249;2025-07-10;80.0;1071.32
F9F16F8978540F114EF7A826072B0D89;B0BDDED34CC83E11052F6792C000B249;2025-07-10;60.0;5033.14
40CE33E436A0EE11406610650500BA4A;FC081C55582CED11A62CD892C0003F2A;2025-07-10;0.0;0.0
B84043E436A0EE11406610650500BA4A;FC081C55582CED11A62CD892C0003F2A;2025-07-10;0.0;0.0
B2724ED714C2FE1191EE106505006DB9;FC081C55582CED11A62CD892C0003F2A;2025-07-10;0.0;0.0
0CD13E247AB4EE11B1AD1065050048EA;FC081C55582CED11A62CD892C0003F2A;2025-07-10;0.0;0.0
D0C3691840CF3E11F7F68A650500DB08;FC081C55582CED11A62CD892C0003F2A;2025-07-10;-80.0;-3404.8
946D6358D0D2FE1191EE106505007DB9;FC081C55582CED11A62CD892C0003F2A;2025-07-10;0.0;0.0
A55DF743C0CAED11A62CD892C0003F2A;FC081C55582CED11A62CD892C0003F2A;2025-07-10;0.0;0.0
1611AF91956BFD11A4A96492C000CB59;B0BDDED34CC83E11052F6792C000B249;2025-07-10;24.0;4505.04
91917AB011CAED11A62CD892C0003F2A;B0BDDED34CC83E11052F6792C000B249;2025-07-10;8.0;1295.2
501539BF01F42E1143F0668E420006EB;B0BDDED34CC83E11052F6792C000B249;2025-07-10;10.0;3129.7
5D96A065D09FCE11ADB310650500E9B8;B0BDDED34CC83E11052F6792C000B249;2025-07-10;4.0;1228.52
79FB01028557AE11BE21106505005A4A;B0BDDED34CC83E11052F6792C000B249;2025-07-10;12.0;3363.6
9EFAB501B0CAED11A62CD892C0003F2A;B0BDDED34CC83E11052F6792C000B249;2025-07-10;42.0;1925.7000000000003
B9C302DBBEB40F114EF7A826072B8D89;FC081C55582CED11A62CD892C0003F2A;2025-07-10;48.0;2194.6
9FAB930CBEB40F114EF7A826072B8D89;FC081C55582CED11A62CD892C0003F2A;2025-07-10;96.0;4904.48
69E1E91CBEB40F114EF7A826072B8D89;FC081C55582CED11A62CD892C0003F2A;2025-07-10;48.0;667.4
4B270C304FE3DE11ADB310650500DFB8;B0BDDED34CC83E11052F6792C000B249;2025-07-10;4.0;1166.12
D88F65B12D456E11B7B78A650500BC08;44673735EAF46E11B7B78A650500BC08;2025-07-10;156.0;3432.0
EC350CD5E8E1DE11ADB3106505004DB8;FC081C55582CED11A62CD892C0003F2A;2025-07-10;4.0;7501.08
FF3608750FBBEE1191EE1065050029B9;B0BDDED34CC83E11052F6792C000B249;2025-07-10;8.0;2080.0
D9113FBF7E657E11B7B78A650500ED08;B0BDDED34CC83E11052F6792C000B249;2025-07-10;4.0;1402.4
9B9CA03B811ADE11406610650500024A;FC081C55582CED11A62CD892C0003F2A;2025-07-10;10.0;1197.3
27D056C871EB4E1142D58A6505009C08;FC081C55582CED11A62CD892C0003F2A;2025-07-10;-2.0;-314.68
5A79BCABE042DE11ADB310650500BDB8;44673735EAF46E11B7B78A650500BC08;2025-07-10;-2.0;-372.0
7792EEBB5729EE1191EE1065050009B9;44673735EAF46E11B7B78A650500BC08;2025-07-10;10.0;3885.44
47B9FA705FAAFE11128010650500E819;FC081C55582CED11A62CD892C0003F2A;2025-07-10;10.0;765.54
6A243917D004FE1191EE106505001FB9;44673735EAF46E11B7B78A650500BC08;2025-07-10;-4.0;-386.18
B467D09ACA8F6E11B7B78A650500CD08;44673735EAF46E11B7B78A650500BC08;2025-07-10;40.0;242.2
5B0878DAFCA50F114EF7A826072BBE89;44673735EAF46E11B7B78A650500BC08;2025-07-10;10.0;4464.0
2A1195C04E040F114EF7A826072BAC89;B0BDDED34CC83E11052F6792C000B249;2025-07-10;10.0;7415.4
4616992BD0758E113835BB6505004EAA;B0BDDED34CC83E11052F6792C000B249;2025-07-10;6.0;1489.2
D5647284D1C30F114EF7A826072B4C89;44673735EAF46E11B7B78A650500BC08;2025-07-10;120.0;9747.6
B7622C77BC140F114EF7A826072BBC89;44673735EAF46E11B7B78A650500BC08;2025-07-10;300.0;9264.0
EA05ACE68E58BE11877210650500F759;44673735EAF46E11B7B78A650500BC08;2025-07-10;6.0;1072.68
2A2F9ED4B8C50F114EF7A826072BDE89;FC081C55582CED11A62CD892C0003F2A;2025-07-10;20.0;1864.8
E4C12FEF1DC96E11B7B78A650500BC08;FC081C55582CED11A62CD892C0003F2A;2025-07-10;12.0;1586.16
03E26A66D343FE1191EE106505001EB9;FC081C55582CED11A62CD892C0003F2A;2025-07-10;12.0;1514.2799999999997
0D3EE4F53C060E11A4A96492C0004B38;FC081C55582CED11A62CD892C0003F2A;2025-07-10;12.0;4323.4800000000005
756ED27D93F50E11A4A96492C0004B38;FC081C55582CED11A62CD892C0003F2A;2025-07-10;20.0;1505.8
79FB01028557AE11BE21106505005A4A;FC081C55582CED11A62CD892C0003F2A;2025-07-10;6.0;1681.8000000000002
6D12E924262FFE11F1557891FE693689;44673735EAF46E11B7B78A650500BC08;2025-07-10;-6.0;-1204.1999999999998
CC5EB4C135DFEE1191EE10650500A9B9;B0BDDED34CC83E11052F6792C000B249;2025-07-10;16.0;3624.0
75A2ABDF25DFEE1191EE10650500A9B9;B0BDDED34CC83E11052F6792C000B249;2025-07-10;4.0;906.0
548618F44C0D7E110819BB65050039AA;B0BDDED34CC83E11052F6792C000B249;2025-07-10;6.0;945.42
5652C4C2D924CE11877210650500F669;FC081C55582CED11A62CD892C0003F2A;2025-07-10;4.0;812.8
8F6A246135DFEE1191EE10650500A9B9;FC081C55582CED11A62CD892C0003F2A;2025-07-10;6.0;1359.0
E6FA479C2094DE11ADB310650500C0C8;FC081C55582CED11A62CD892C0003F2A;2025-07-10;4.0;826.12
0DED5A06D343FE1191EE106505001EB9;FC081C55582CED11A62CD892C0003F2A;2025-07-10;8.0;1572.56
7A394238127DCE11ADB31065050007B8;B0BDDED34CC83E11052F6792C000B249;2025-07-10;12.0;959.64
B3BB32F6DDFFFE11F1557891FE694789;FC081C55582CED11A62CD892C0003F2A;2025-07-10;8.0;2156.0
02E8D3C8E717BE118772106505005659;FC081C55582CED11A62CD892C0003F2A;2025-07-10;6.0;1573.32
670B0CB751CAED11A62CD892C0003F2A;FC081C55582CED11A62CD892C0003F2A;2025-07-10;4.0;1734.68
E6E5E0944E456E11B7B78A650500BC08;44673735EAF46E11B7B78A650500BC08;2025-07-10;-80.0;-4880.0
11970D706D399E11525010650500E94A;B0BDDED34CC83E11052F6792C000B249;2025-07-10;72.0;6255.06
DB6CD3F9577F8E11F243BB650500A74B;44673735EAF46E11B7B78A650500BC08;2025-07-10;10.0;697.0
CC118A93C9610F11112A674AC7E23989;FC081C55582CED11A62CD892C0003F2A;2025-07-10;-2.0;-1125.38
C912D50894628E111E1BBB6505007AAA;B0BDDED34CC83E11052F6792C000B249;2025-07-10;6.0;1051.8
E336CF38DF0EEE1191EE1065050029B9;FC081C55582CED11A62CD892C0003F2A;2025-07-10;0.0;0.0
EE990BED90CAED11A62CD892C0003F2A;44673735EAF46E11B7B78A650500BC08;2025-07-10;-4.0;-720.0
70FE3058512ECE11ADB310650500F7B8;FC081C55582CED11A62CD892C0003F2A;2025-07-10;88.0;5882.0
D15F491F19D9FE11128010650500E819;B0BDDED34CC83E11052F6792C000B249;2025-07-10;2.0;1950.62
540EF294E0758E113835BB6505004EAA;FC081C55582CED11A62CD892C0003F2A;2025-07-10;60.0;14890.48
763734854623DE11ADB310650500DEB8;FC081C55582CED11A62CD892C0003F2A;2025-07-10;6.0;1002.72
E102D25FFF4A8E11F243BB650500804B;FC081C55582CED11A62CD892C0003F2A;2025-07-10;12.0;1491.84
E03BEA817EC47E11B7B78A650500ED08;FC081C55582CED11A62CD892C0003F2A;2025-07-10;10.0;1389.04
690D640201CAED11A62CD892C0003F2A;FC081C55582CED11A62CD892C0003F2A;2025-07-10;12.0;394.68
748F73B62056BE118772106505005559;FC081C55582CED11A62CD892C0003F2A;2025-07-10;46.0;5476.96
7C4970F1B4677E110819BB650500E8AA;44673735EAF46E11B7B78A650500BC08;2025-07-10;40.0;6400.0
2148978EF4B4DE11ADB310650500F0C8;FC081C55582CED11A62CD892C0003F2A;2025-07-10;46.0;2671.6800000000003
73D1DEFE4B1C6E11B7B78A650500BC08;44673735EAF46E11B7B78A650500BC08;2025-07-10;-2.0;-294.56
C266E415AA79DE11406610650500414A;44673735EAF46E11B7B78A650500BC08;2025-07-10;-6.0;-1011.5
27EED452C0CAED11A62CD892C0003F2A;44673735EAF46E11B7B78A650500BC08;2025-07-10;20.0;2354.5
A510C67F46CCDE11406610650500A54A;44673735EAF46E11B7B78A650500BC08;2025-07-10;-4.0;-245.26
0724D5E2AEEBCE11ADB310650500E4B8;44673735EAF46E11B7B78A650500BC08;2025-07-10;-28.0;-2920.42
5E97631EB630EE114066106505002A4A;B0BDDED34CC83E11052F6792C000B249;2025-07-10;10.0;1684.9
EA6F3355EA93FE1191EE106505009EB9;B0BDDED34CC83E11052F6792C000B249;2025-07-10;10.0;414.5
EA51CD5CEB01FE1191EE106505003BB9;B0BDDED34CC83E11052F6792C000B249;2025-07-10;16.0;382.84000000000003
F0317019FD53BE11BE2110650500A95A;B0BDDED34CC83E11052F6792C000B249;2025-07-10;6.0;177.42000000000002
598D11C11B278E11F243BB6505008C3B;B0BDDED34CC83E11052F6792C000B249;2025-07-10;12.0;304.56
8CD77CB182F3FE1191EE106505000FB9;B0BDDED34CC83E11052F6792C000B249;2025-07-10;2.0;635.76
CBC1C7FDE511DE11ADB3106505002CB8;B0BDDED34CC83E11052F6792C000B249;2025-07-10;10.0;741.5
C1284AA99E789E11525010650500E84A;44673735EAF46E11B7B78A650500BC08;2025-07-10;-10.0;-1367.4
F44F021146385E1142D58A650500DC08;44673735EAF46E11B7B78A650500BC08;2025-07-10;-68.0;-1876.8000000000002
224A405380A49E115540106505006E3B;44673735EAF46E11B7B78A650500BC08;2025-07-10;0.0;0.0
29C62886F6976E11B7B78A650500BC08;44673735EAF46E11B7B78A650500BC08;2025-07-10;0.0;0.0
FC27356001189E11554010650500D24B;44673735EAF46E11B7B78A650500BC08;2025-07-10;0.0;9.094947017729282e-13
6B6887AF0D456E11B7B78A650500BC08;44673735EAF46E11B7B78A650500BC08;2025-07-10;0.0;0.0
9D002432F407DE11C846106505002F6A;44673735EAF46E11B7B78A650500BC08;2025-07-10;0.0;0.0
CA6B1F2788D6EE1191EE1065050096B9;44673735EAF46E11B7B78A650500BC08;2025-07-10;0.0;0.0
CCC3702EC100EE11406610650500E94A;44673735EAF46E11B7B78A650500BC08;2025-07-10;0.0;0.0
04124DC9CC3FFE11F1557891FE695689;44673735EAF46E11B7B78A650500BC08;2025-07-10;0.0;0.0
3EC35FC9E6C10E11A4A96492C0002019;B0BDDED34CC83E11052F6792C000B249;2025-07-10;-8.0;-683.12
B3B135B1B6E62E1143F0668E420006EB;44673735EAF46E11B7B78A650500BC08;2025-07-10;100.0;15824.32
EB5627ADC0CAED11A62CD892C0003F2A;B0BDDED34CC83E11052F6792C000B249;2025-07-10;4.0;1025.04
EA904BBEC0CAED11A62CD892C0003F2A;B0BDDED34CC83E11052F6792C000B249;2025-07-10;8.0;2568.08
FBFACA0201510F11112A674AC7E21989;44673735EAF46E11B7B78A650500BC08;2025-07-10;4.0;626.76
860A1176518EEE1191EE1065050029B9;FC081C55582CED11A62CD892C0003F2A;2025-07-10;4.0;497.4
1D1115DC156EEE1191EE1065050029B9;B0BDDED34CC83E11052F6792C000B249;2025-07-10;2.0;551.2
7B640F41D0CAED11A62CD892C0003F2A;B0BDDED34CC83E11052F6792C000B249;2025-07-10;2.0;192.88
B506F3B62EE2BE11BE2110650500195A;FC081C55582CED11A62CD892C0003F2A;2025-07-10;-4.0;-852.8399999999999
8A84729998D58E11F243BB650500CA3B;FC081C55582CED11A62CD892C0003F2A;2025-07-10;-20.0;-1900.8
1FA65C78DDDFDE11406610650500B94A;FC081C55582CED11A62CD892C0003F2A;2025-07-10;-2.0;-429.2
F765308CFEE4AE11726010650500145A;FC081C55582CED11A62CD892C0003F2A;2025-07-10;-2.0;-91.24
FF9C754712C5EE1191EE1065050045B9;FC081C55582CED11A62CD892C0003F2A;2025-07-10;-2.0;-564.58
7904541A2E456E11B7B78A650500BC08;FC081C55582CED11A62CD892C0003F2A;2025-07-10;-2.0;-390.0
C5DCAB1D719EBE11877210650500DF59;FC081C55582CED11A62CD892C0003F2A;2025-07-10;-34.0;-899.98
51B8CC9B093EBE118772106505006F59;FC081C55582CED11A62CD892C0003F2A;2025-07-10;-2.0;-55.72
5C63DD9371491E1143F0668E42006B8B;FC081C55582CED11A62CD892C0003F2A;2025-07-10;-10.0;-1199.0
B9DBC298DEE4AE11726010650500145A;FC081C55582CED11A62CD892C0003F2A;2025-07-10;-4.0;-55.96
53042786759BDE11406610650500144A;FC081C55582CED11A62CD892C0003F2A;2025-07-10;-2.0;-559.32
BE4EAE8BF0CAED11A62CD892C0003F2A;FC081C55582CED11A62CD892C0003F2A;2025-07-10;-2.0;-275.6
3DD928528754EE11B1AD10650500C7EA;FC081C55582CED11A62CD892C0003F2A;2025-07-10;-4.0;-491.02
E0BD0E44D0CAED11A62CD892C0003F2A;FC081C55582CED11A62CD892C0003F2A;2025-07-10;-2.0;-151.32
06587A2041CAED11A62CD892C0003F2A;FC081C55582CED11A62CD892C0003F2A;2025-07-10;-4.0;-1056.4
DDA0BB5F01CAED11A62CD892C0003F2A;FC081C55582CED11A62CD892C0003F2A;2025-07-10;-4.0;-324.0
531F756AFB8BDE11406610650500044A;FC081C55582CED11A62CD892C0003F2A;2025-07-10;-2.0;-162.36
568B0DB336257E11B7B78A650500ED08;FC081C55582CED11A62CD892C0003F2A;2025-07-10;-4.0;-1104.44
388539FB0564AE11726010650500635A;FC081C55582CED11A62CD892C0003F2A;2025-07-10;-2.0;-581.2
7FF90978ECB1EE114066106505001C4A;FC081C55582CED11A62CD892C0003F2A;2025-07-10;-2.0;-117.0
52FF8E37D4F5FE1191EE10650500A1C9;FC081C55582CED11A62CD892C0003F2A;2025-07-10;-4.0;-309.04
FBEC5801541AFE11128010650500E819;FC081C55582CED11A62CD892C0003F2A;2025-07-10;-4.0;-390.8
F2B7955D82C5EE1191EE1065050045B9;FC081C55582CED11A62CD892C0003F2A;2025-07-10;-4.0;-720.0
87E018F1486BFE111280106505000919;FC081C55582CED11A62CD892C0003F2A;2025-07-10;-2.0;-409.4
5AE6855EE3B89E11525010650500294A;FC081C55582CED11A62CD892C0003F2A;2025-07-10;-8.0;-99.48
B52D66E758F1EE114066106505007C4A;FC081C55582CED11A62CD892C0003F2A;2025-07-10;-2.0;-71.34
DBFE181D6BA4DE11ADB310650500E0C8;FC081C55582CED11A62CD892C0003F2A;2025-07-10;-2.0;-260.2
C55AC83F914E0E1143F0668E42001D49;FC081C55582CED11A62CD892C0003F2A;2025-07-10;-2.0;-488.74
1BDFAF65A0FFFE11F1557891FE693789;FC081C55582CED11A62CD892C0003F2A;2025-07-10;-4.0;-586.96
133FE2417AB38E113835BB6505004CAA;FC081C55582CED11A62CD892C0003F2A;2025-07-10;-2.0;-729.76
947B2BFCEF2FFE11F1557891FE694689;FC081C55582CED11A62CD892C0003F2A;2025-07-10;-4.0;-1460.2
E7F9F3679B2DDE11406610650500264A;FC081C55582CED11A62CD892C0003F2A;2025-07-10;-2.0;-160.0
75BA1AEE68DDCE11ADB31065050097B8;FC081C55582CED11A62CD892C0003F2A;2025-07-10;-2.0;-111.86
4FE941A11EAFFE11F1557891FE69E689;FC081C55582CED11A62CD892C0003F2A;2025-07-10;-2.0;-38.96
10F32E312D42FD110DC22A92C0006778;FC081C55582CED11A62CD892C0003F2A;2025-07-10;-8.0;-279.52
C43313B63DBBEE1191EE1065050029B9;FC081C55582CED11A62CD892C0003F2A;2025-07-10;-4.0;-1313.28
758F3444707D6E11B7B78A650500BC08;FC081C55582CED11A62CD892C0003F2A;2025-07-10;-4.0;-203.58
7AEA96458B50EE114066106505005A4A;FC081C55582CED11A62CD892C0003F2A;2025-07-10;-2.0;-75.92
F60A20AFF756DE11ADB31065050003C8;FC081C55582CED11A62CD892C0003F2A;2025-07-10;-4.0;-131.76
E9E790703FE58E11F243BB650500EA3B;FC081C55582CED11A62CD892C0003F2A;2025-07-10;-2.0;-105.98
C41878A93EAFFE11F1557891FE69E689;FC081C55582CED11A62CD892C0003F2A;2025-07-10;-2.0;-16.64
1B69282154D67E11B7B78A650500ED08;FC081C55582CED11A62CD892C0003F2A;2025-07-10;-2.0;-40.16
46E2291348F20F114EF7A826072B4B89;FC081C55582CED11A62CD892C0003F2A;2025-07-10;-2.0;-70.9
8ED078668B50EE114066106505005A4A;FC081C55582CED11A62CD892C0003F2A;2025-07-10;-2.0;-69.02
5BEEE3415AF20F114EF7A826072B4B89;FC081C55582CED11A62CD892C0003F2A;2025-07-10;-6.0;-96.36
8CCF951390ACDE11406610650500754A;FC081C55582CED11A62CD892C0003F2A;2025-07-10;-2.0;-164.42
EA3C3119E1698E11F243BB6505005F3B;FC081C55582CED11A62CD892C0003F2A;2025-07-10;-2.0;-108.0
AA2FE3415AF20F114EF7A826072B4B89;FC081C55582CED11A62CD892C0003F2A;2025-07-10;-6.0;-117.48
FF80B09993C1CE11877210650500E369;FC081C55582CED11A62CD892C0003F2A;2025-07-10;-2.0;-115.12
8760FFF05AF20F114EF7A826072B4B89;FC081C55582CED11A62CD892C0003F2A;2025-07-10;-2.0;-583.74
BCA9CF4E6BBD3E11052F6792C000D249;FC081C55582CED11A62CD892C0003F2A;2025-07-10;-8.0;-121.4
6732DB0D8F74FE1191EE10650500CFB9;FC081C55582CED11A62CD892C0003F2A;2025-07-10;-2.0;-123.6
84D41ADF0256BE118772106505005559;FC081C55582CED11A62CD892C0003F2A;2025-07-10;-2.0;-401.6
2EE711AABB427E11B7B78A650500CD08;FC081C55582CED11A62CD892C0003F2A;2025-07-10;-2.0;-627.36
870B528798A05E1142D58A650500BC08;FC081C55582CED11A62CD892C0003F2A;2025-07-10;-2.0;-696.0
4E04E11F299DDE11406610650500B64A;FC081C55582CED11A62CD892C0003F2A;2025-07-10;-4.0;-764.16
02314C14B7363E11052F6792C000FF39;FC081C55582CED11A62CD892C0003F2A;2025-07-10;-2.0;-115.98
4268C62B5366EE1191EE1065050016B9;FC081C55582CED11A62CD892C0003F2A;2025-07-10;-4.0;-117.6
5BFD49D87983FD110DC22A92C000C499;FC081C55582CED11A62CD892C0003F2A;2025-07-10;-2.0;-516.0
DE477518B82FCE11ADB31065050049B8;FC081C55582CED11A62CD892C0003F2A;2025-07-10;-2.0;-1497.6
8DEDC697F8A30F114EF7A826072B2C89;FC081C55582CED11A62CD892C0003F2A;2025-07-10;-2.0;-290.2
4BF72E5DC335DE11ADB31065050091C8;FC081C55582CED11A62CD892C0003F2A;2025-07-10;-2.0;-120.12
661CD5DA0B156E11B7B78A650500BC08;FC081C55582CED11A62CD892C0003F2A;2025-07-10;-4.0;-210.32
021C028040CAED11A62CD892C0003F2A;FC081C55582CED11A62CD892C0003F2A;2025-07-10;-2.0;-3512.96
5806F22A9836CE11ADB3106505008DA8;FC081C55582CED11A62CD892C0003F2A;2025-07-10;-4.0;-446.72
95555AF2DF11DE11ADB3106505003CB8;FC081C55582CED11A62CD892C0003F2A;2025-07-10;-2.0;-1305.44
F72FF53DB2ACEE1191EE1065050029B9;FC081C55582CED11A62CD892C0003F2A;2025-07-10;-10.0;-861.38
D8F38758C8049E115540106505009D3B;FC081C55582CED11A62CD892C0003F2A;2025-07-10;-2.0;-488.92
8B3F09F52034EE11B1AD1065050097EA;FC081C55582CED11A62CD892C0003F2A;2025-07-10;-2.0;-1749.48
BE6FB9B5BB363E11052F6792C000FF39;FC081C55582CED11A62CD892C0003F2A;2025-07-10;-2.0;-108.16
8C0868CF6D6F5E1142D58A6505008D08;FC081C55582CED11A62CD892C0003F2A;2025-07-10;-2.0;-218.86
C9728A45F8236E11B7B78A6505003C08;FC081C55582CED11A62CD892C0003F2A;2025-07-10;-2.0;-759.96
BA5F6E981E64EE11B1AD10650500E7EA;FC081C55582CED11A62CD892C0003F2A;2025-07-10;-2.0;-435.94
BDB484A9B608BE118772106505008759;FC081C55582CED11A62CD892C0003F2A;2025-07-10;-2.0;-246.96
DEA6F985AE0BDE11406610650500534A;FC081C55582CED11A62CD892C0003F2A;2025-07-10;-6.0;-559.54
AA9BE0D4F88C9E11726010650500594A;FC081C55582CED11A62CD892C0003F2A;2025-07-10;-2.0;-463.92
726B0946CF95FE1191EE1065050031C9;FC081C55582CED11A62CD892C0003F2A;2025-07-10;-4.0;-1351.28
44D042F6104FFE11F1557891FE695689;FC081C55582CED11A62CD892C0003F2A;2025-07-10;-2.0;-140.58
D1058E00CCACEE1191EE1065050029B9;FC081C55582CED11A62CD892C0003F2A;2025-07-10;-2.0;-298.08
0A5952EAAF05EE11B1AD10650500B8EA;FC081C55582CED11A62CD892C0003F2A;2025-07-10;-2.0;-535.56
9E3CA7158A278E11F243BB6505008C3B;FC081C55582CED11A62CD892C0003F2A;2025-07-10;-2.0;-76.98
155362DEC62CBE11877210650500CC59;FC081C55582CED11A62CD892C0003F2A;2025-07-10;-2.0;-2098.7
10238C43DC828E110223BB650500AAAA;FC081C55582CED11A62CD892C0003F2A;2025-07-10;-2.0;-92.88
98C9CF7E10439E115540106505009C3B;FC081C55582CED11A62CD892C0003F2A;2025-07-10;-2.0;-180.22
D41FDC38E2268E11F243BB6505003B3B;FC081C55582CED11A62CD892C0003F2A;2025-07-10;-2.0;-157.22
70E13EB7DCFE5E1142D58A6505006D08;FC081C55582CED11A62CD892C0003F2A;2025-07-10;-2.0;-43.98
2BAE2892984CEE1191EE1065050029B9;FC081C55582CED11A62CD892C0003F2A;2025-07-10;-4.0;-1900.68
2413F6C2D74CDE11406610650500054A;FC081C55582CED11A62CD892C0003F2A;2025-07-10;-2.0;-45.32
5CFA9F36A55EDE11406610650500C74A;FC081C55582CED11A62CD892C0003F2A;2025-07-10;-2.0;-479.86
A2B392074B90AE117260106505009E4A;FC081C55582CED11A62CD892C0003F2A;2025-07-10;-2.0;-431.86
A9F6683A25DFEE1191EE10650500A9B9;FC081C55582CED11A62CD892C0003F2A;2025-07-10;-4.0;-1328.8
C045435A6BF7FE11128010650500D819;FC081C55582CED11A62CD892C0003F2A;2025-07-10;-4.0;-501.84
6FA86E4A43E3DE11ADB310650500CFB8;FC081C55582CED11A62CD892C0003F2A;2025-07-10;-2.0;-170.52
0D60AAA7EFF67E11B7B78A650500ED08;FC081C55582CED11A62CD892C0003F2A;2025-07-10;-4.0;-597.38
320CBAFEC9B7FE1191EE10650500F3C9;FC081C55582CED11A62CD892C0003F2A;2025-07-10;-2.0;-647.06
0F80E81134250F114EF7A826072B0E89;FC081C55582CED11A62CD892C0003F2A;2025-07-10;-8.0;-1012.0
B5A304EAEFBAED11A62CD892C0003F2A;FC081C55582CED11A62CD892C0003F2A;2025-07-10;-2.0;-1128.26
632404D50269DE11C84610650500227A;FC081C55582CED11A62CD892C0003F2A;2025-07-10;-2.0;-521.68
C3F8FD905D52EE11406610650500FC4A;FC081C55582CED11A62CD892C0003F2A;2025-07-10;-2.0;-126.7
4F6C693F24CF9E117260106505008D4A;FC081C55582CED11A62CD892C0003F2A;2025-07-10;-2.0;-152.22
652F4F2962B7BE118772106505001759;FC081C55582CED11A62CD892C0003F2A;2025-07-10;-2.0;-94.92
A6CFD8BB1AF1EE114066106505007C4A;FC081C55582CED11A62CD892C0003F2A;2025-07-10;-4.0;-627.08
10BC1FE758EBFE111280106505000919;FC081C55582CED11A62CD892C0003F2A;2025-07-10;-4.0;-1824.36
5101C7FFF0CAED11A62CD892C0003F2A;FC081C55582CED11A62CD892C0003F2A;2025-07-10;-20.0;-1519.6
56D90ECE1DA15E1142D58A650500BC08;FC081C55582CED11A62CD892C0003F2A;2025-07-10;-2.0;-638.18
B0C9F0AEC6E28E113835BB6505002BAA;FC081C55582CED11A62CD892C0003F2A;2025-07-10;-2.0;-625.92
B2CC63C3D3C0FE1191EE10650500DAB9;FC081C55582CED11A62CD892C0003F2A;2025-07-10;-2.0;-92.06
BE403BE10B4EDE11406610650500B74A;FC081C55582CED11A62CD892C0003F2A;2025-07-10;-2.0;-435.34
075ABEB9764DEE1191EE1065050029B9;FC081C55582CED11A62CD892C0003F2A;2025-07-10;-2.0;-555.18
91130EC80E907E11B7B78A650500CD08;FC081C55582CED11A62CD892C0003F2A;2025-07-10;-2.0;-171.38
0571435F5FFEEE1191EE1065050029B9;FC081C55582CED11A62CD892C0003F2A;2025-07-10;-2.0;-333.88
3B7A821ED817FE1191EE1065050023C9;FC081C55582CED11A62CD892C0003F2A;2025-07-10;-2.0;-206.66
0ED1D899951AFE11128010650500E819;FC081C55582CED11A62CD892C0003F2A;2025-07-10;-2.0;-153.42
C457D8CC1A5FFE11F1557891FE697689;FC081C55582CED11A62CD892C0003F2A;2025-07-10;-2.0;-132.58
AFE6E222845FDE11406610650500094A;FC081C55582CED11A62CD892C0003F2A;2025-07-10;-2.0;-342.1
B37B22E5FCB1EE114066106505001C4A;FC081C55582CED11A62CD892C0003F2A;2025-07-10;-2.0;-311.4
50A39B4ED0CAED11A62CD892C0003F2A;FC081C55582CED11A62CD892C0003F2A;2025-07-10;-2.0;-835.04
F65071BA258EFE11F1557891FE696589;FC081C55582CED11A62CD892C0003F2A;2025-07-10;-2.0;-478.4
D8445055C2420F114EF7A826072B5A89;FC081C55582CED11A62CD892C0003F2A;2025-07-10;-2.0;-1960.98
C8C233035B630F114EF7A826072BDB89;FC081C55582CED11A62CD892C0003F2A;2025-07-10;-2.0;-697.26
EBD25A6E878E8E11F243BB650500764B;FC081C55582CED11A62CD892C0003F2A;2025-07-10;-2.0;-188.68
D8E9364B491A6E11B7B78A650500BC08;FC081C55582CED11A62CD892C0003F2A;2025-07-10;-4.0;-433.68
67FD07A3698DFE11F1557891FE692489;FC081C55582CED11A62CD892C0003F2A;2025-07-10;-2.0;-140.34
269C592ACED4DE11ADB31065050021C8;FC081C55582CED11A62CD892C0003F2A;2025-07-10;-2.0;-635.4
4517E4E7D7050F114EF7A826072BED89;FC081C55582CED11A62CD892C0003F2A;2025-07-10;-2.0;-129.82
14B135B1B6E62E1143F0668E420006EB;FC081C55582CED11A62CD892C0003F2A;2025-07-10;-2.0;-177.38
02009DCE9A827E11B7B78A650500DD08;FC081C55582CED11A62CD892C0003F2A;2025-07-10;-2.0;-210.02
043ADDBE31CAED11A62CD892C0003F2A;FC081C55582CED11A62CD892C0003F2A;2025-07-10;-2.0;-395.18
34CF5FCF20CAED11A62CD892C0003F2A;B0BDDED34CC83E11052F6792C000B249;2025-07-10;-60.0;-420.0
5450B5F648A0EE11406610650500BA4A;B0BDDED34CC83E11052F6792C000B249;2025-07-10;-2.0;-82.08
AA3157C63E000E11A4A96492C0002019;B0BDDED34CC83E11052F6792C000B249;2025-07-10;-2.0;-264.0
19BE276FC1C6BE11877210650500E559;B0BDDED34CC83E11052F6792C000B249;2025-07-10;-2.0;-72.88
D7FC1101D21B1E1143F0668E4200EF5A;B0BDDED34CC83E11052F6792C000B249;2025-07-10;-8.0;-1734.78
BFD0563AEAB4EE11B1AD1065050048EA;B0BDDED34CC83E11052F6792C000B249;2025-07-10;-2.0;-201.52
213D95192557AE11BE21106505005A4A;B0BDDED34CC83E11052F6792C000B249;2025-07-10;-2.0;-1011.9
FB0B74D7D0CAED11A62CD892C0003F2A;B0BDDED34CC83E11052F6792C000B249;2025-07-10;-2.0;-254.62
DC5D5E9E45010F11112A674AC7E2B889;B0BDDED34CC83E11052F6792C000B249;2025-07-10;-2.0;-838.78
CE578A90C1CAED11A62CD892C0003F2A;B0BDDED34CC83E11052F6792C000B249;2025-07-10;-2.0;-105.8
46B63D2329363E11052F6792C000FF39;B0BDDED34CC83E11052F6792C000B249;2025-07-10;-8.0;-200.8
5A8889AA63D2FE1191EE106505007DB9;B0BDDED34CC83E11052F6792C000B249;2025-07-10;-14.0;-561.68
688C36371835EE11B1AD10650500F8EA;B0BDDED34CC83E11052F6792C000B249;2025-07-10;-2.0;-120.28
B1E8CA5501CAED11A62CD892C0003F2A;B0BDDED34CC83E11052F6792C000B249;2025-07-10;-2.0;-336.6
D036D81364FF4E1142D58A650500BC08;B0BDDED34CC83E11052F6792C000B249;2025-07-10;-2.0;-67.16
558A0586E7EFCE11ADB3106505006AB8;B0BDDED34CC83E11052F6792C000B249;2025-07-10;-2.0;-107.46
7E64D4726DC00E11A4A96492C0002019;B0BDDED34CC83E11052F6792C000B249;2025-07-10;-2.0;-723.34
ACCC55E22F2CDE11406610650500E44A;B0BDDED34CC83E11052F6792C000B249;2025-07-10;-2.0;-171.26
B960E25193688E11F243BB6505001E3B;B0BDDED34CC83E11052F6792C000B249;2025-07-10;-2.0;-71.06
602F795CD0CAED11A62CD892C0003F2A;B0BDDED34CC83E11052F6792C000B249;2025-07-10;-4.0;-1101.2
1F8C795087E10F114EF7A826072BE989;B0BDDED34CC83E11052F6792C000B249;2025-07-10;-2.0;-192.86
C955A13924817E11B7B78A650500CD08;B0BDDED34CC83E11052F6792C000B249;2025-07-10;-2.0;-415.16
29DFA11EDF986E11B7B78A650500BC08;B0BDDED34CC83E11052F6792C000B249;2025-07-10;-6.0;-124.56
1F280D4ACE23FD110DC22A92C000C499;B0BDDED34CC83E11052F6792C000B249;2025-07-10;-2.0;-249.24
B1A79A2B51FBEE1191EE1065050029B9;B0BDDED34CC83E11052F6792C000B249;2025-07-10;-2.0;-72.5
0BA06BDE073CBE11877210650500DC59;B0BDDED34CC83E11052F6792C000B249;2025-07-10;-2.0;-562.88
48772F1D74054E1142D58A6505002C08;B0BDDED34CC83E11052F6792C000B249;2025-07-10;-4.0;-473.6
5EC0A34011CAED11A62CD892C0003F2A;B0BDDED34CC83E11052F6792C000B249;2025-07-10;-2.0;-605.48
A633AE3A2A6BFE111280106505000919;B0BDDED34CC83E11052F6792C000B249;2025-07-10;-2.0;-363.18
F82689995720DE11ADB310650500BAB8;B0BDDED34CC83E11052F6792C000B249;2025-07-10;-2.0;-926.84
79D7EFC706078E11F243BB6505005C3B;B0BDDED34CC83E11052F6792C000B249;2025-07-10;-8.0;-1599.36
678ECD45D0CAED11A62CD892C0003F2A;B0BDDED34CC83E11052F6792C000B249;2025-07-10;-2.0;-235.2
7AE3530F3A3CED11A62CD892C0003F2A;B0BDDED34CC83E11052F6792C000B249;2025-07-10;-4.0;-165.14
28E249F29B23FE1191EE10650500FDB9;B0BDDED34CC83E11052F6792C000B249;2025-07-10;-2.0;-115.2
F3F4E11D81CAED11A62CD892C0003F2A;B0BDDED34CC83E11052F6792C000B249;2025-07-10;-2.0;-303.6
175AC1A77C3FFE11F1557891FE695689;B0BDDED34CC83E11052F6792C000B249;2025-07-10;-2.0;-610.66
8376033300C80E11A4A96492C0001269;B0BDDED34CC83E11052F6792C000B249;2025-07-10;-26.0;-2442.7
F6BA35B36CE1DE11ADB3106505004DB8;B0BDDED34CC83E11052F6792C000B249;2025-07-10;-4.0;-320.28
F8EC135AA60BFE11128010650500E819;B0BDDED34CC83E11052F6792C000B249;2025-07-10;-2.0;-78.9
D7033A80E0CAED11A62CD892C0003F2A;B0BDDED34CC83E11052F6792C000B249;2025-07-10;-2.0;-236.2
5EA0BB5F01CAED11A62CD892C0003F2A;B0BDDED34CC83E11052F6792C000B249;2025-07-10;-2.0;-242.0
B36EDCF8D1CAED11A62CD892C0003F2A;B0BDDED34CC83E11052F6792C000B249;2025-07-10;-12.0;-517.84
362AD5378009FE11128010650500D819;B0BDDED34CC83E11052F6792C000B249;2025-07-10;-2.0;-6492.34
0B236338B12AFE11128010650500E819;B0BDDED34CC83E11052F6792C000B249;2025-07-10;-4.0;-259.12
87064CC3F58EFE11F1557891FE696589;B0BDDED34CC83E11052F6792C000B249;2025-07-10;-2.0;-117.96
0010A31CA0900F11F1557891FE690889;B0BDDED34CC83E11052F6792C000B249;2025-07-10;-2.0;-119.56
82C73616F61E4E1142D58A650500BC08;B0BDDED34CC83E11052F6792C000B249;2025-07-10;-2.0;-333.8
F51AC937F1065E1142D58A650500DC08;B0BDDED34CC83E11052F6792C000B249;2025-07-10;-2.0;-53.92
018201FC1443FE1191EE106505001EB9;B0BDDED34CC83E11052F6792C000B249;2025-07-10;-12.0;-1157.4
60669C36F3800F11F1557891FE69F789;B0BDDED34CC83E11052F6792C000B249;2025-07-10;-22.0;-136.07999999999998
A143955E5DE0CE11877210650500D269;B0BDDED34CC83E11052F6792C000B249;2025-07-10;-2.0;-200.38
83A6F9A48836CE11ADB3106505008DA8;B0BDDED34CC83E11052F6792C000B249;2025-07-10;-2.0;-104.54
28EB97FD4443FE1191EE106505001EB9;B0BDDED34CC83E11052F6792C000B249;2025-07-10;-2.0;-648.0
15186898638ADE11406610650500924A;B0BDDED34CC83E11052F6792C000B249;2025-07-10;-2.0;-218.2
CAB1D1177B7FAE11BE2110650500B45A;B0BDDED34CC83E11052F6792C000B249;2025-07-10;-4.0;-812.0
3C5DB9CA328D8E11F243BB650500254B;B0BDDED34CC83E11052F6792C000B249;2025-07-10;-2.0;-249.46
9B26705D2640FE1191EE106505003AB9;B0BDDED34CC83E11052F6792C000B249;2025-07-10;-2.0;-215.42
14917AB011CAED11A62CD892C0003F2A;B0BDDED34CC83E11052F6792C000B249;2025-07-10;-4.0;-1308.16
BAB5D848B1BBEE1191EE1065050029B9;B0BDDED34CC83E11052F6792C000B249;2025-07-10;-2.0;-188.58
31B983DB39E5AE11BE2110650500884A;B0BDDED34CC83E11052F6792C000B249;2025-07-10;-2.0;-151.1
3D060F5EEB6DFE11F1557891FE690489;B0BDDED34CC83E11052F6792C000B249;2025-07-10;-2.0;-359.8
CB1D83B168EFDE11406610650500C94A;B0BDDED34CC83E11052F6792C000B249;2025-07-10;-2.0;-31.9
2D5CCA3AF2F8AE11BE21106505006C4A;B0BDDED34CC83E11052F6792C000B249;2025-07-10;-4.0;-988.04
0DD9B58A69EF0E1143F0668E42007A39;B0BDDED34CC83E11052F6792C000B249;2025-07-10;-4.0;-988.04
837F9D0B8CA4DE11ADB310650500E0C8;B0BDDED34CC83E11052F6792C000B249;2025-07-10;-2.0;-19.48
77DA4B385F6A2E11052F6792C0007F39;B0BDDED34CC83E11052F6792C000B249;2025-07-10;-4.0;-175.56
B98F722FAA8EDE11406610650500084A;B0BDDED34CC83E11052F6792C000B249;2025-07-10;-2.0;-521.92
2EE711AABB427E11B7B78A650500CD08;B0BDDED34CC83E11052F6792C000B249;2025-07-10;-2.0;-470.62
E27D5947E38CDE11406610650500554A;B0BDDED34CC83E11052F6792C000B249;2025-07-10;-4.0;-582.4
B4794D776BBD3E11052F6792C000D249;B0BDDED34CC83E11052F6792C000B249;2025-07-10;-12.0;-67.34
A5917AB011CAED11A62CD892C0003F2A;B0BDDED34CC83E11052F6792C000B249;2025-07-10;-2.0;-1008.62
9F6AFD9B0629EE1191EE1065050009B9;B0BDDED34CC83E11052F6792C000B249;2025-07-10;-2.0;-534.3
4B3E818302CAED11A62CD892C0003F2A;B0BDDED34CC83E11052F6792C000B249;2025-07-10;-2.0;-130.18
A538D6B98D889E11525010650500F84A;B0BDDED34CC83E11052F6792C000B249;2025-07-10;-2.0;-501.64
7C1500AC34425E1142D58A650500DC08;B0BDDED34CC83E11052F6792C000B249;2025-07-10;-4.0;-412.88
88ABBEDB28504E1142D58A650500DB08;B0BDDED34CC83E11052F6792C000B249;2025-07-10;-2.0;-41.68
DDC0A34011CAED11A62CD892C0003F2A;B0BDDED34CC83E11052F6792C000B249;2025-07-10;-2.0;-550.94
B0BE10F6B4A27E11B7B78A650500DD08;B0BDDED34CC83E11052F6792C000B249;2025-07-10;-2.0;-275.8
8CC025D20273EE11B1AD10650500A6EA;B0BDDED34CC83E11052F6792C000B249;2025-07-10;-2.0;-121.12
E097D0AF1F22FE1191EE10650500ACB9;B0BDDED34CC83E11052F6792C000B249;2025-07-10;-2.0;-408.0
4E5EF9CF7DFDCE11ADB310650500C7B8;B0BDDED34CC83E11052F6792C000B249;2025-07-10;-12.0;-291.6
D9002F7CB596DE11ADB31065050053C8;B0BDDED34CC83E11052F6792C000B249;2025-07-10;-2.0;-678.44
FD71055B1BF46E11B7B78A650500BC08;B0BDDED34CC83E11052F6792C000B249;2025-07-10;-2.0;-194.02
E83F9C0623C50E11A4A96492C00060C8;B0BDDED34CC83E11052F6792C000B249;2025-07-10;-2.0;-379.28
65FDB72400CAED11A62CD892C0003F2A;B0BDDED34CC83E11052F6792C000B249;2025-07-10;-4.0;-408.36
1B57324D9B8ACE11ADB31065050003B8;B0BDDED34CC83E11052F6792C000B249;2025-07-10;-4.0;-133.84
4EBB986533C85E1142D58A650500DC08;B0BDDED34CC83E11052F6792C000B249;2025-07-10;-2.0;-415.16
CEE4D31BF6C1EE114066106505003C4A;B0BDDED34CC83E11052F6792C000B249;2025-07-10;-2.0;-166.6
F854E8C1691CEE1191EE1065050029B9;B0BDDED34CC83E11052F6792C000B249;2025-07-10;-2.0;-363.06
A937F8964C456E11B7B78A650500BC08;44673735EAF46E11B7B78A650500BC08;2025-07-10;-2.0;-100.92
14567A8F2E456E11B7B78A650500BC08;44673735EAF46E11B7B78A650500BC08;2025-07-10;-2.0;-754.0
B1DBF98D98F07E11B7B78A650500CD08;44673735EAF46E11B7B78A650500BC08;2025-07-10;-4.0;-734.2
2A16E1512D456E11B7B78A650500BC08;44673735EAF46E11B7B78A650500BC08;2025-07-10;-12.0;-1680.0
E9C185AD1DC97E110819BB65050019AA;44673735EAF46E11B7B78A650500BC08;2025-07-10;-20.0;-1411.2
7ECD67485BCA7E110819BB65050039AA;44673735EAF46E11B7B78A650500BC08;2025-07-10;-2.0;-380.0
FEC19C7C3CDDAE11BE2110650500A25A;44673735EAF46E11B7B78A650500BC08;2025-07-10;-2.0;-104.78
F671181A03078E11F243BB6505005C3B;44673735EAF46E11B7B78A650500BC08;2025-07-10;-2.0;-849.42
D7C4680A9C456E11B7B78A650500BC08;44673735EAF46E11B7B78A650500BC08;2025-07-10;-2.0;-136.86
A124E50E08449E11554010650500ED3B;44673735EAF46E11B7B78A650500BC08;2025-07-10;-6.0;-294.98
CF8459F1473EBE118772106505006F59;44673735EAF46E11B7B78A650500BC08;2025-07-10;-2.0;-150.0
1C609D7F21130F114EF7A826072B6B89;44673735EAF46E11B7B78A650500BC08;2025-07-10;-2.0;-5645.58
1ECE8753F0CAED11A62CD892C0003F2A;44673735EAF46E11B7B78A650500BC08;2025-07-10;-2.0;-321.78
2F38A1A41A0CEE1191EE1065050029B9;44673735EAF46E11B7B78A650500BC08;2025-07-10;-2.0;-218.0
F7F78BA5C0EB7E110819BB65050039AA;44673735EAF46E11B7B78A650500BC08;2025-07-10;-2.0;-220.92
4C26195195D3EE11B1AD1065050027EA;44673735EAF46E11B7B78A650500BC08;2025-07-10;-4.0;-366.64
E76F7E5F89098E11F243BB650500EE3B;44673735EAF46E11B7B78A650500BC08;2025-07-10;-24.0;-2722.08
C34EDF9AED456E11B7B78A650500BC08;44673735EAF46E11B7B78A650500BC08;2025-07-10;-2.0;-469.5
DB5A4C158A1C6E11B7B78A650500BC08;44673735EAF46E11B7B78A650500BC08;2025-07-10;-4.0;-224.96
BC9713AB0D456E11B7B78A650500BC08;44673735EAF46E11B7B78A650500BC08;2025-07-10;-2.0;-5123.34
A78AC96C066E9E11726010650500CB4A;44673735EAF46E11B7B78A650500BC08;2025-07-10;-2.0;-73.44
A100A7C2B60A0E11A4A96492C0001269;44673735EAF46E11B7B78A650500BC08;2025-07-10;-6.0;-135.48
63C0462596C0DE11ADB310650500ABB8;44673735EAF46E11B7B78A650500BC08;2025-07-10;-4.0;-400.0
D3DDBABA6D10FE1191EE106505000AB9;44673735EAF46E11B7B78A650500BC08;2025-07-10;-2.0;-804.0
844000D3FBCEAE11BE2110650500D35A;44673735EAF46E11B7B78A650500BC08;2025-07-10;-8.0;-336.0
16925645C96FFD11A4A96492C0001019;44673735EAF46E11B7B78A650500BC08;2025-07-10;-2.0;-260.06
236B0A42721A8E11F243BB650500304B;44673735EAF46E11B7B78A650500BC08;2025-07-10;-6.0;-295.56
8080CF0C7F95FE1191EE1065050031C9;44673735EAF46E11B7B78A650500BC08;2025-07-10;-4.0;-731.76
460F4929F68FEE1191EE1065050049B9;44673735EAF46E11B7B78A650500BC08;2025-07-10;-2.0;-1582.0
1A105354ED456E11B7B78A650500BC08;44673735EAF46E11B7B78A650500BC08;2025-07-10;-2.0;-163.02
0D0589672C8EAE11BE2110650500835A;44673735EAF46E11B7B78A650500BC08;2025-07-10;-8.0;-1616.18
BA98531A3734DE11ADB31065050050C8;44673735EAF46E11B7B78A650500BC08;2025-07-10;-4.0;-596.0
B3C0A325935DEE1191EE1065050029B9;44673735EAF46E11B7B78A650500BC08;2025-07-10;-4.0;-1307.54
F4F75042DD456E11B7B78A650500BC08;44673735EAF46E11B7B78A650500BC08;2025-07-10;-4.0;-2828.0
7B848DB2E0DCDE11406610650500B54A;44673735EAF46E11B7B78A650500BC08;2025-07-10;-22.0;-2596.0
08D4B1E5D4735E1142D58A650500DC08;44673735EAF46E11B7B78A650500BC08;2025-07-10;-4.0;-70.76
CBB4AC482D456E11B7B78A650500BC08;44673735EAF46E11B7B78A650500BC08;2025-07-10;-2.0;-164.4
8D8BC9C09E8BEE1191EE1065050029B9;44673735EAF46E11B7B78A650500BC08;2025-07-10;-2.0;-198.52
E6F5C1F49C456E11B7B78A650500BC08;44673735EAF46E11B7B78A650500BC08;2025-07-10;-6.0;-87.16
8CB12BC9C6838E113835BB6505000CAA;44673735EAF46E11B7B78A650500BC08;2025-07-10;-4.0;-337.56
1053C097DB41BE11BE2110650500075A;44673735EAF46E11B7B78A650500BC08;2025-07-10;-10.0;-520.6
70B1B895CEF39E115540106505008D3B;44673735EAF46E11B7B78A650500BC08;2025-07-10;-4.0;-227.8
D5D959C278F6DE11C846106505001F6A;44673735EAF46E11B7B78A650500BC08;2025-07-10;-4.0;-760.0
B61DE16E58150F114EF7A826072BFD89;44673735EAF46E11B7B78A650500BC08;2025-07-10;-2.0;-5710.32
2AE5A0E434885E1142D58A650500DC08;44673735EAF46E11B7B78A650500BC08;2025-07-10;-16.0;-352.0
ED3453A763039E115540106505004C3B;44673735EAF46E11B7B78A650500BC08;2025-07-10;-4.0;-115.48
6360A9054C456E11B7B78A650500BC08;44673735EAF46E11B7B78A650500BC08;2025-07-10;-2.0;-144.2
CA5A87605596DE11ADB31065050053C8;44673735EAF46E11B7B78A650500BC08;2025-07-10;-2.0;-233.94
DDA3800F2C456E11B7B78A650500BC08;44673735EAF46E11B7B78A650500BC08;2025-07-10;0.0;0.0
4C88F91281B6FE1191EE1065050092C9;44673735EAF46E11B7B78A650500BC08;2025-07-10;-2.0;-480.4
62D988FE84F59E11554010650500204B;44673735EAF46E11B7B78A650500BC08;2025-07-10;-6.0;-657.3
2B2BA290AD769E11554010650500D04B;44673735EAF46E11B7B78A650500BC08;2025-07-10;-4.0;-650.08
72F77E6846120F114EF7A826072B2A89;44673735EAF46E11B7B78A650500BC08;2025-07-10;-2.0;-298.46
9E263F674879DE11406610650500414A;44673735EAF46E11B7B78A650500BC08;2025-07-10;-2.0;-628.8
FCD2D9C031A9EE1191EE1065050009B9;44673735EAF46E11B7B78A650500BC08;2025-07-10;-2.0;-155.38
CB2B993DAC456E11B7B78A650500BC08;44673735EAF46E11B7B78A650500BC08;2025-07-10;-4.0;-450.66
7EB234A014D9DE11406610650500B14A;44673735EAF46E11B7B78A650500BC08;2025-07-10;-2.0;-19.32
AD4EF1BF06CCDE11406610650500A54A;44673735EAF46E11B7B78A650500BC08;2025-07-10;-4.0;-1660.0
C474163B30556E11B7B78A650500BC08;44673735EAF46E11B7B78A650500BC08;2025-07-10;-10.0;-904.8999999999999
5C85E049B8C77E110819BB65050009AA;44673735EAF46E11B7B78A650500BC08;2025-07-10;-4.0;-1592.0
2EBCEB5EE4549E11554010650500FD3B;44673735EAF46E11B7B78A650500BC08;2025-07-10;-40.0;-12400.0
BB6562D6E770BE11BE2110650500F55A;44673735EAF46E11B7B78A650500BC08;2025-07-10;-2.0;-26.96
79E6175A25570E11A4A96492C000EC6A;44673735EAF46E11B7B78A650500BC08;2025-07-10;-4.0;-267.44
01EFED5D653DDE11406610650500364A;44673735EAF46E11B7B78A650500BC08;2025-07-10;-4.0;-135.68
225B3474C6838E113835BB6505000CAA;44673735EAF46E11B7B78A650500BC08;2025-07-10;-6.0;-618.1800000000001
4AB809C710CAED11A62CD892C0003F2A;44673735EAF46E11B7B78A650500BC08;2025-07-10;-2.0;-365.24
7E9A218FB11A8E11F243BB650500304B;44673735EAF46E11B7B78A650500BC08;2025-07-10;-2.0;-80.76
6FCC47921C7C9E11726010650500494A;44673735EAF46E11B7B78A650500BC08;2025-07-10;-2.0;-107.96
321991B0E6E7CE11ADB3106505009FA8;44673735EAF46E11B7B78A650500BC08;2025-07-10;-6.0;-408.0
A8AEBA7DA545AE11726010650500845A;44673735EAF46E11B7B78A650500BC08;2025-07-10;-6.0;-672.84
01F5355649CF6E11B7B78A650500CD08;44673735EAF46E11B7B78A650500BC08;2025-07-10;-2.0;-300.16
52DBF98D98F07E11B7B78A650500CD08;44673735EAF46E11B7B78A650500BC08;2025-07-10;-4.0;-1741.34
1C0656F6E494AE11726010650500A35A;44673735EAF46E11B7B78A650500BC08;2025-07-10;-8.0;-218.26
0A6562D6E770BE11BE2110650500F55A;44673735EAF46E11B7B78A650500BC08;2025-07-10;-4.0;-777.86
4A13FAB6CC456E11B7B78A650500BC08;44673735EAF46E11B7B78A650500BC08;2025-07-10;-2.0;-486.22
2AA2384DE596DE11ADB31065050053C8;44673735EAF46E11B7B78A650500BC08;2025-07-10;-2.0;-141.42
B7FB9C94CC22AE11726010650500905A;44673735EAF46E11B7B78A650500BC08;2025-07-10;-2.0;-132.46
1B8D326ED6568E11F243BB6505007B3B;44673735EAF46E11B7B78A650500BC08;2025-07-10;-2.0;-122.16
7E02A93BC7E10F114EF7A826072BE989;44673735EAF46E11B7B78A650500BC08;2025-07-10;-2.0;-271.3
19FF4A7A9DB6EE1191EE1065050076B9;44673735EAF46E11B7B78A650500BC08;2025-07-10;-4.0;-240.0
09848DB2E0DCDE11406610650500B54A;44673735EAF46E11B7B78A650500BC08;2025-07-10;-20.0;-1658.0
E89C67838E3CEE1191EE1065050029B9;44673735EAF46E11B7B78A650500BC08;2025-07-10;-2.0;-313.0
22A51C7F8D510F11112A674AC7E22989;44673735EAF46E11B7B78A650500BC08;2025-07-10;-2.0;-366.46
481CFFA15980FE1191EE106505008AB9;44673735EAF46E11B7B78A650500BC08;2025-07-10;-2.0;-256.2
FF90065732106E1142D58A650500AD08;44673735EAF46E11B7B78A650500BC08;2025-07-10;-2.0;-184.36
99D1EFF1B0A1EE11406610650500FB4A;44673735EAF46E11B7B78A650500BC08;2025-07-10;-2.0;-470.14
9EB47197179A7E110819BB65050039AA;44673735EAF46E11B7B78A650500BC08;2025-07-10;-2.0;-675.0
07ABD151AEEDBE118772106505000F59;44673735EAF46E11B7B78A650500BC08;2025-07-10;-4.0;-195.38
304AC696D270DE11ADB3106505003BB8;44673735EAF46E11B7B78A650500BC08;2025-07-10;-2.0;-313.6
61080816CD456E11B7B78A650500BC08;44673735EAF46E11B7B78A650500BC08;2025-07-10;-2.0;-120.0
BFA0D48D37E8EE1191EE1065050009B9;44673735EAF46E11B7B78A650500BC08;2025-07-10;-4.0;-3520.0
1097CDD97E456E11B7B78A650500BC08;44673735EAF46E11B7B78A650500BC08;2025-07-10;-76.0;-5798.8
FEC85311C11A8E11F243BB650500304B;44673735EAF46E11B7B78A650500BC08;2025-07-10;-2.0;-27.62
9F22FC7F75ECBE11877210650500BD59;44673735EAF46E11B7B78A650500BC08;2025-07-10;-2.0;-192.34
72AEB1B0C11A8E11F243BB650500304B;44673735EAF46E11B7B78A650500BC08;2025-07-10;-4.0;-68.88
7A0F7C972D9EFE11F1557891FE698589;44673735EAF46E11B7B78A650500BC08;2025-07-10;-4.0;-228.08
1ED74CF065317E11B7B78A650500CD08;44673735EAF46E11B7B78A650500BC08;2025-07-10;-2.0;-926.42
11CB4FFDD6568E11F243BB6505007B3B;44673735EAF46E11B7B78A650500BC08;2025-07-10;-2.0;-98.9
502C906C92E0DE11ADB310650500DBB8;44673735EAF46E11B7B78A650500BC08;2025-07-10;-2.0;-280.74
83F8FB0C2E456E11B7B78A650500BC08;44673735EAF46E11B7B78A650500BC08;2025-07-10;-60.0;-4234.2
2CC75A6A18EEBE118772106505004069;44673735EAF46E11B7B78A650500BC08;2025-07-10;-2.0;-44.08
A09F5BB09E18EE1191EE1065050008B9;44673735EAF46E11B7B78A650500BC08;2025-07-10;-2.0;-905.68
194F367EEB0AFE11128010650500E819;44673735EAF46E11B7B78A650500BC08;2025-07-10;-4.0;-53.68
58DB4A9FDD096E11B7B78A650500BC08;44673735EAF46E11B7B78A650500BC08;2025-07-10;-12.0;-655.2
0E6245D97771CE118772106505008369;44673735EAF46E11B7B78A650500BC08;2025-07-10;-10.0;-2025.9
3CF0A14BBF6E8E11F243BB650500564B;44673735EAF46E11B7B78A650500BC08;2025-07-10;-10.0;-791.8
108DC527629A9E115250106505009B4A;44673735EAF46E11B7B78A650500BC08;2025-07-10;-2.0;-1217.76
BF34C0766FD8CE11ADB310650500E0B8;44673735EAF46E11B7B78A650500BC08;2025-07-10;-2.0;-3149.2
62469E05C11A8E11F243BB650500304B;44673735EAF46E11B7B78A650500BC08;2025-07-10;-2.0;-105.98
CA31F727BCADBE11877210650500BE59;44673735EAF46E11B7B78A650500BC08;2025-07-10;-2.0;-999.32
A10D0F358C456E11B7B78A650500BC08;44673735EAF46E11B7B78A650500BC08;2025-07-10;-2.0;-977.0
507A56559C456E11B7B78A650500BC08;44673735EAF46E11B7B78A650500BC08;2025-07-10;-2.0;-785.76
F565A2DE98E66E11B7B78A650500BC08;44673735EAF46E11B7B78A650500BC08;2025-07-10;-2.12;-82.56
4DF1D982821A8E11F243BB650500304B;44673735EAF46E11B7B78A650500BC08;2025-07-10;-2.0;-341.56
184C9C8BD30A3E11052F6792C000D249;44673735EAF46E11B7B78A650500BC08;2025-07-10;-2.0;-589.38
A400292FD87C8E11F243BB650500A34B;44673735EAF46E11B7B78A650500BC08;2025-07-10;-2.0;-162.8
3097CDD97E456E11B7B78A650500BC08;44673735EAF46E11B7B78A650500BC08;2025-07-10;-56.0;-3987.2
3BE67D317183FE1191EE106505007EB9;44673735EAF46E11B7B78A650500BC08;2025-07-10;-2.0;-109.18
8A1117FDF9456E11B7B78A650500BC08;44673735EAF46E11B7B78A650500BC08;2025-07-10;-6.0;-295.92
4527C649FF24EE11B1AD1065050097EA;44673735EAF46E11B7B78A650500BC08;2025-07-10;-2.0;-520.0
E723688AFBA5FE1191EE1065050041C9;44673735EAF46E11B7B78A650500BC08;2025-07-10;-2.0;-362.0
9D68FCBE5F2FAE11BE2110650500545A;44673735EAF46E11B7B78A650500BC08;2025-07-10;-2.0;-808.0
C7BFEBC5BDB91E1143F0668E42006B8B;44673735EAF46E11B7B78A650500BC08;2025-07-10;-4.0;-483.44
2AC99AABA0CAED11A62CD892C0003F2A;44673735EAF46E11B7B78A650500BC08;2025-07-10;-4.0;-256.34
F43146ABAD769E11554010650500D04B;44673735EAF46E11B7B78A650500BC08;2025-07-10;-2.0;-606.94
372B6357AC456E11B7B78A650500BC08;44673735EAF46E11B7B78A650500BC08;2025-07-10;-2.0;-1306.66
F6F30411FDCDDE11406610650500F64A;44673735EAF46E11B7B78A650500BC08;2025-07-10;-2.0;-337.0
E9ED9DCF76640F114EF7A826072B1D89;FC081C55582CED11A62CD892C0003F2A;2025-07-10;-2.0;-135.72
B29E7BD21392BE11BE2110650500A85A;44673735EAF46E11B7B78A650500BC08;2025-07-10;2.0;738.64
ADE47365F6550F114EF7A826072B4E89;44673735EAF46E11B7B78A650500BC08;2025-07-10;2.0;1990.8
78ABC7B5998DFE11F1557891FE692489;B0BDDED34CC83E11052F6792C000B249;2025-07-10;24.0;3079.3
C033F6C2D74CDE11406610650500054A;FC081C55582CED11A62CD892C0003F2A;2025-07-10;-4.0;-218.64
61F26D5AFB5F7E110819BB65050039AA;FC081C55582CED11A62CD892C0003F2A;2025-07-10;-2.0;-87.6
F3003AACE3C89E11525010650500394A;FC081C55582CED11A62CD892C0003F2A;2025-07-10;0.0;0.0
3C1042EC4685FE1191EE1065050011C9;FC081C55582CED11A62CD892C0003F2A;2025-07-10;0.0;0.0
DB41CD5CEB01FE1191EE106505003BB9;FC081C55582CED11A62CD892C0003F2A;2025-07-10;0.0;0.0
3B0ABFE8F630FE1191EE106505002AB9;FC081C55582CED11A62CD892C0003F2A;2025-07-10;0.0;0.0
0AABF564CDB88E11F243BB6505008E3B;FC081C55582CED11A62CD892C0003F2A;2025-07-10;0.0;0.0
D770BD9C689D7E110819BB65050039AA;FC081C55582CED11A62CD892C0003F2A;2025-07-10;0.0;0.0
F342FF9B889D7E110819BB65050039AA;FC081C55582CED11A62CD892C0003F2A;2025-07-10;0.0;0.0
C77F8463B4D3DE11ADB310650500BFB8;FC081C55582CED11A62CD892C0003F2A;2025-07-10;-2.0;-44.1
167918A00502EE114066106505008C4A;FC081C55582CED11A62CD892C0003F2A;2025-07-10;0.0;0.0
5833FBC6B237AE11BE21106505002A4A;FC081C55582CED11A62CD892C0003F2A;2025-07-10;0.0;0.0
927D2AE7DF0EEE1191EE1065050029B9;FC081C55582CED11A62CD892C0003F2A;2025-07-10;8.0;1420.76
EBD58392A1567E11B7B78A650500ED08;44673735EAF46E11B7B78A650500BC08;2025-07-10;18.0;707.5600000000001
8C63693F2B140F114EF7A826072BBC89;44673735EAF46E11B7B78A650500BC08;2025-07-10;40.0;1695.6
B8951708CE5DEE1191EE1065050029B9;B0BDDED34CC83E11052F6792C000B249;2025-07-10;12.0;52076.0
EB0995D34E1FCE11ADB31065050039B8;44673735EAF46E11B7B78A650500BC08;2025-07-10;0.0;0.0
05A4DC82E9456E11B7B78A650500BC08;44673735EAF46E11B7B78A650500BC08;2025-07-10;-2.0;-642.5999999999996
4E4B8B88042ABE118772106505003A59;44673735EAF46E11B7B78A650500BC08;2025-07-10;0.0;0.0
D31ED8EA526A6E11B7B78A650500BC08;44673735EAF46E11B7B78A650500BC08;2025-07-10;-2.0;-788.4
1B3B45F1BA66CE11ADB310650500BDA8;44673735EAF46E11B7B78A650500BC08;2025-07-10;0.0;0.0
3E4019609880DE11ADB3106505005BB8;44673735EAF46E11B7B78A650500BC08;2025-07-10;0.0;0.0
9B50FF26FC91DE11ADB310650500ECB8;44673735EAF46E11B7B78A650500BC08;2025-07-10;0.0;0.0
07557E99E36A6E11B7B78A650500BC08;44673735EAF46E11B7B78A650500BC08;2025-07-10;0.0;0.0
E8F62477AD319E11F243BB650500E94B;44673735EAF46E11B7B78A650500BC08;2025-07-10;0.0;0.0
55750E934E1FCE11ADB31065050039B8;44673735EAF46E11B7B78A650500BC08;2025-07-10;0.0;0.0
BB4E68534E1FCE11ADB31065050039B8;44673735EAF46E11B7B78A650500BC08;2025-07-10;0.0;0.0
9A9A230C7805FE1191EE1065050070C9;44673735EAF46E11B7B78A650500BC08;2025-07-10;0.0;0.0
BCFBCFA3630FCE11ADB31065050019B8;FC081C55582CED11A62CD892C0003F2A;2025-07-10;0.0;0.0
3F4C9F2B5C440F114EF7A826072BFC89;FC081C55582CED11A62CD892C0003F2A;2025-07-10;0.0;0.0
BEB80F8B5C440F114EF7A826072BFC89;FC081C55582CED11A62CD892C0003F2A;2025-07-10;0.0;0.0
D14485AB5C440F114EF7A826072BFC89;FC081C55582CED11A62CD892C0003F2A;2025-07-10;0.0;0.0
AC63FDBB5C440F114EF7A826072BFC89;FC081C55582CED11A62CD892C0003F2A;2025-07-10;0.0;0.0
4963E90C5C440F114EF7A826072BFC89;FC081C55582CED11A62CD892C0003F2A;2025-07-10;0.0;0.0
02A38CCC6CB50F114EF7A826072BCE89;44673735EAF46E11B7B78A650500BC08;2025-07-10;8.0;14000.0
EB248CCC6CB50F114EF7A826072BCE89;44673735EAF46E11B7B78A650500BC08;2025-07-10;8.0;14000.0
75F2E91CBEB40F114EF7A826072B8D89;B0BDDED34CC83E11052F6792C000B249;2025-07-10;216.0;2430.5
C6B3E91CBEB40F114EF7A826072B8D89;B0BDDED34CC83E11052F6792C000B249;2025-07-10;216.0;1757.7
A8316F8978540F114EF7A826072B0D89;B0BDDED34CC83E11052F6792C000B249;2025-07-10;120.0;5325.62
DA726F8978540F114EF7A826072B0D89;B0BDDED34CC83E11052F6792C000B249;2025-07-10;120.0;4471.78
B4FBB9A978540F114EF7A826072B0D89;B0BDDED34CC83E11052F6792C000B249;2025-07-10;100.0;13617.76
E63DB9A978540F114EF7A826072B0D89;B0BDDED34CC83E11052F6792C000B249;2025-07-10;120.0;2018.6
D44EC4F978540F114EF7A826072B0D89;B0BDDED34CC83E11052F6792C000B249;2025-07-10;60.0;3280.86
0CAF2E0A78540F114EF7A826072B0D89;B0BDDED34CC83E11052F6792C000B249;2025-07-10;40.0;3121.8
79D63F9A7224EE11B1AD1065050087EA;FC081C55582CED11A62CD892C0003F2A;2025-07-10;0.0;0.0
95DBD5B5B371FE1191EE10650500BBB9;FC081C55582CED11A62CD892C0003F2A;2025-07-10;0.0;0.0
F8F302575EF3EE11B1AD1065050057EA;FC081C55582CED11A62CD892C0003F2A;2025-07-10;0.0;0.0
15602D226642FE1191EE10650500CCB9;FC081C55582CED11A62CD892C0003F2A;2025-07-10;0.0;0.0
65917AB011CAED11A62CD892C0003F2A;B0BDDED34CC83E11052F6792C000B249;2025-07-10;22.0;7572.4
D4B84A220B0F5E1142D58A6505008D08;B0BDDED34CC83E11052F6792C000B249;2025-07-10;12.0;1942.8
CBC786987F8FCE11ADB310650500E9B8;B0BDDED34CC83E11052F6792C000B249;2025-07-10;24.0;1806.96
AECC4B295245DE11ADB310650500A1C8;FC081C55582CED11A62CD892C0003F2A;2025-07-10;0.0;4.547473508864641e-13
4BFA031E8430EE114066106505002A4A;B0BDDED34CC83E11052F6792C000B249;2025-07-10;0.0;0.0
2F6B930CBEB40F114EF7A826072B8D89;FC081C55582CED11A62CD892C0003F2A;2025-07-10;96.0;5556.36
73FB930CBEB40F114EF7A826072B8D89;FC081C55582CED11A62CD892C0003F2A;2025-07-10;96.0;8710.1
8EBC913CBEB40F114EF7A826072B8D89;FC081C55582CED11A62CD892C0003F2A;2025-07-10;72.0;4486.22
42B0BB5F01CAED11A62CD892C0003F2A;B0BDDED34CC83E11052F6792C000B249;2025-07-10;2.0;337.28
E947C7327DCA9E11525010650500EB4A;B0BDDED34CC83E11052F6792C000B249;2025-07-10;6.0;2043.18
D8E06A5153903E11052F6792C000CF39;FC081C55582CED11A62CD892C0003F2A;2025-07-10;28.0;3602.4
019222829A5C6E11B7B78A650500BC08;44673735EAF46E11B7B78A650500BC08;2025-07-10;-6.0;-1318.8000000000002
FD43EBA198B37E11B7B78A650500DD08;44673735EAF46E11B7B78A650500BC08;2025-07-10;-10.0;-666.8
13F7ACBDCA053E11052F6792C000FF39;B0BDDED34CC83E11052F6792C000B249;2025-07-10;18.0;2921.4
BF899CFDF4339E115540106505008C3B;44673735EAF46E11B7B78A650500BC08;2025-07-10;20.0;1606.16
1BB5599185ECBE11877210650500BD59;44673735EAF46E11B7B78A650500BC08;2025-07-10;18.0;1370.58
EDD1574CE142DE11ADB310650500BDB8;B0BDDED34CC83E11052F6792C000B249;2025-07-10;48.0;1730.4
7200806E785EDE11406610650500C74A;B0BDDED34CC83E11052F6792C000B249;2025-07-10;30.0;3429.6
389970448754EE11B1AD10650500C7EA;44673735EAF46E11B7B78A650500BC08;2025-07-10;30.0;741.0
B9505CABA02F8E11F243BB650500374B;44673735EAF46E11B7B78A650500BC08;2025-07-10;-2.0;-57.18
815D72CA74520F114EF7A826072B7A89;44673735EAF46E11B7B78A650500BC08;2025-07-10;-2.0;-2634.84
B248045A8C456E11B7B78A650500BC08;44673735EAF46E11B7B78A650500BC08;2025-07-10;10.0;2058.0
66E044E2C92F6E11B7B78A650500CD08;44673735EAF46E11B7B78A650500BC08;2025-07-10;200.0;980.0
7B1ADFD934937E11B7B78A650500DD08;44673735EAF46E11B7B78A650500BC08;2025-07-10;92.0;2178.38
B5F31DEAFCA50F114EF7A826072BBE89;44673735EAF46E11B7B78A650500BC08;2025-07-10;4.0;3888.0
8544FE0DEBCD4E1142D58A650500BC08;B0BDDED34CC83E11052F6792C000B249;2025-07-10;2.0;2547.32
F7E6760DA2CAED11A62CD892C0003F2A;B0BDDED34CC83E11052F6792C000B249;2025-07-10;6.0;2987.1
7E81D42FA83EFE11F1557891FE690589;B0BDDED34CC83E11052F6792C000B249;2025-07-10;16.0;13854.72
21A37284D1C30F114EF7A826072B4C89;44673735EAF46E11B7B78A650500BC08;2025-07-10;120.0;10140.0
65FDB72400CAED11A62CD892C0003F2A;44673735EAF46E11B7B78A650500BC08;2025-07-10;10.0;1020.9
F59A49A50FBBEE1191EE1065050029B9;FC081C55582CED11A62CD892C0003F2A;2025-07-10;12.0;3228.0
F67C54D8506AFE11128010650500E819;FC081C55582CED11A62CD892C0003F2A;2025-07-10;38.0;1740.02
DEA20982CD94DE11ADB310650500D0C8;FC081C55582CED11A62CD892C0003F2A;2025-07-10;4.0;1149.72
7A2F772E1BBE8E11F243BB650500B64B;FC081C55582CED11A62CD892C0003F2A;2025-07-10;24.0;6010.08
85BA1FF035DFEE1191EE10650500A9B9;FC081C55582CED11A62CD892C0003F2A;2025-07-10;8.0;1812.0
10E000CE02192E11052F6792C0007F39;FC081C55582CED11A62CD892C0003F2A;2025-07-10;46.0;7602.879999999999
8DFF0450D0CAED11A62CD892C0003F2A;FC081C55582CED11A62CD892C0003F2A;2025-07-10;46.0;4281.68
D8F9B7907A794E1142D58A6505005C08;FC081C55582CED11A62CD892C0003F2A;2025-07-10;20.0;4498.96
9D8144B565919E11F243BB6505005A4B;FC081C55582CED11A62CD892C0003F2A;2025-07-10;24.0;8364.0
4E98CB4091663E11052F6792C000FF39;B0BDDED34CC83E11052F6792C000B249;2025-07-10;40.0;8164.4
85BA1FF035DFEE1191EE10650500A9B9;B0BDDED34CC83E11052F6792C000B249;2025-07-10;4.0;906.0
66964F4A1DC96E11B7B78A650500BC08;FC081C55582CED11A62CD892C0003F2A;2025-07-10;12.0;1586.16
0A130C4601CAED11A62CD892C0003F2A;FC081C55582CED11A62CD892C0003F2A;2025-07-10;6.0;793.08
7193A42C90458E113835BB6505000EAA;FC081C55582CED11A62CD892C0003F2A;2025-07-10;44.0;8363.52
9CFFA2F38369DE11C84610650500227A;FC081C55582CED11A62CD892C0003F2A;2025-07-10;4.0;948.32
6E6E0CA235DFEE1191EE10650500A9B9;FC081C55582CED11A62CD892C0003F2A;2025-07-10;6.0;2989.86
14F0332D25DFEE1191EE10650500A9B9;FC081C55582CED11A62CD892C0003F2A;2025-07-10;4.0;1328.8
28122AB4BEA6DE11C84610650500BE6A;FC081C55582CED11A62CD892C0003F2A;2025-07-10;24.0;4691.52
D2AF6191301ACE11ADB31065050062B8;FC081C55582CED11A62CD892C0003F2A;2025-07-10;10.0;1932.9
44655C475091DE11ADB310650500DCB8;44673735EAF46E11B7B78A650500BC08;2025-07-10;6.0;10670.7
1F6813864D85DE11ADB31065050002C8;FC081C55582CED11A62CD892C0003F2A;2025-07-10;54.0;5632.199999999999
8242AD2E10510F11112A674AC7E21989;44673735EAF46E11B7B78A650500BC08;2025-07-10;2.0;728.34
6512AD2E10510F11112A674AC7E21989;44673735EAF46E11B7B78A650500BC08;2025-07-10;2.0;1334.04
2880F95ABB719E11F243BB6505003A4B;FC081C55582CED11A62CD892C0003F2A;2025-07-10;0.0;0.0
3E302E9CFD456E11B7B78A650500BC08;44673735EAF46E11B7B78A650500BC08;2025-07-10;-2.0;-2510.0
6E540D3A68E5FE1191EE1065050091C9;FC081C55582CED11A62CD892C0003F2A;2025-07-10;-2.0;-215.78
4FEB7FEB72CAED11A62CD892C0003F2A;B0BDDED34CC83E11052F6792C000B249;2025-07-10;10.0;1094.5
D0E20C1FDC3ABE118772106505005A59;44673735EAF46E11B7B78A650500BC08;2025-07-10;120.0;6240.0
3DAE8E31F128FE11128010650500D819;44673735EAF46E11B7B78A650500BC08;2025-07-10;12.0;3840.0
68BCE54FEC3ABE118772106505005A59;44673735EAF46E11B7B78A650500BC08;2025-07-10;20.0;3380.0
0EAFE28FD0CAED11A62CD892C0003F2A;B0BDDED34CC83E11052F6792C000B249;2025-07-10;4.0;297.52
4616992BD0758E113835BB6505004EAA;FC081C55582CED11A62CD892C0003F2A;2025-07-10;20.0;4964.3
CAB1D1177B7FAE11BE2110650500B45A;FC081C55582CED11A62CD892C0003F2A;2025-07-10;8.0;1560.0
3C54CA6A12D18E113835BB650500B9AA;FC081C55582CED11A62CD892C0003F2A;2025-07-10;12.0;619.94
DFEACC2781CAED11A62CD892C0003F2A;FC081C55582CED11A62CD892C0003F2A;2025-07-10;8.0;1037.3
B8549C2DC0CAED11A62CD892C0003F2A;FC081C55582CED11A62CD892C0003F2A;2025-07-10;12.0;2247.84
4701451DDD30DE11ADB310650500EAB8;FC081C55582CED11A62CD892C0003F2A;2025-07-10;52.0;6191.32
A58332B73E456E11B7B78A650500BC08;44673735EAF46E11B7B78A650500BC08;2025-07-10;6.0;1818.0
13368D0C35DE4E1142D58A650500BC08;B0BDDED34CC83E11052F6792C000B249;2025-07-10;6.0;1167.3
550D640201CAED11A62CD892C0003F2A;B0BDDED34CC83E11052F6792C000B249;2025-07-10;10.0;800.8000000000001
3F191B1B408ADE11406610650500924A;44673735EAF46E11B7B78A650500BC08;2025-07-10;62.0;6652.0
69B373561D456E11B7B78A650500BC08;44673735EAF46E11B7B78A650500BC08;2025-07-10;250.0;65500.0
BE5D134965B4DE11ADB310650500F0C8;FC081C55582CED11A62CD892C0003F2A;2025-07-10;44.0;1831.28
920B7F2413001E1143F0668E42007A39;B0BDDED34CC83E11052F6792C000B249;2025-07-10;12.0;3197.28
36E80585687DEE1191EE1065050029B9;B0BDDED34CC83E11052F6792C000B249;2025-07-10;8.0;2131.52
A2DD54E5D0CAED11A62CD892C0003F2A;B0BDDED34CC83E11052F6792C000B249;2025-07-10;6.0;981.78
A055F6CC8D97DE11C84610650500EF6A;44673735EAF46E11B7B78A650500BC08;2025-07-10;-28.0;-1007.94
88FEEB7BF093FE1191EE106505008EB9;B0BDDED34CC83E11052F6792C000B249;2025-07-10;4.0;305.52
9C4FFDF7EB23FE1191EE10650500FDB9;B0BDDED34CC83E11052F6792C000B249;2025-07-10;10.0;1061.8
22C914DF2364EE11B1AD10650500D7EA;B0BDDED34CC83E11052F6792C000B249;2025-07-10;24.0;1290.32
074D2FF5BA510F11112A674AC7E22989;B0BDDED34CC83E11052F6792C000B249;2025-07-10;4.0;438.64
C8CD2FF5BA510F11112A674AC7E22989;B0BDDED34CC83E11052F6792C000B249;2025-07-10;4.0;350.94
A4124C7D2B43EE11B1AD1065050076EA;B0BDDED34CC83E11052F6792C000B249;2025-07-10;6.0;2127.44
03EE1F4D1EE88E11F243BB650500CE3B;B0BDDED34CC83E11052F6792C000B249;2025-07-10;10.0;406.2
5CEB5D8DD22BBE118772106505007B59;44673735EAF46E11B7B78A650500BC08;2025-07-10;-20.0;-618.0
0F59EDCDEE2FEE1191EE1065050029B9;44673735EAF46E11B7B78A650500BC08;2025-07-10;-4.0;-598.04
6FFE9F8E92B47E11B7B78A650500ED08;44673735EAF46E11B7B78A650500BC08;2025-07-10;-4.0;-3224.0
28F551B23E456E11B7B78A650500BC08;44673735EAF46E11B7B78A650500BC08;2025-07-10;-2.0;-2430.0
D875FFA380A49E115540106505006E3B;44673735EAF46E11B7B78A650500BC08;2025-07-10;0.0;0.0
01C33A14879E9E117260106505000C4A;44673735EAF46E11B7B78A650500BC08;2025-07-10;0.0;4.547473508864641e-13
6D7F0FFF88D6EE1191EE1065050096B9;44673735EAF46E11B7B78A650500BC08;2025-07-10;0.0;0.0
E03BEA817EC47E11B7B78A650500ED08;B0BDDED34CC83E11052F6792C000B249;2025-07-10;-6.0;-835.3599999999999
65BCDB90C317DE11C846106505003F6A;44673735EAF46E11B7B78A650500BC08;2025-07-10;6.0;968.82
8922AE49F1521E1143F0668E42008C3B;B0BDDED34CC83E11052F6792C000B249;2025-07-10;10.0;2187.3
C3CC756FD0C89E11525010650500394A;B0BDDED34CC83E11052F6792C000B249;2025-07-10;82.0;11339.7
2B4C393759A59E11554010650500CF3B;B0BDDED34CC83E11052F6792C000B249;2025-07-10;6.0;250.2
5E15F8F901CAED11A62CD892C0003F2A;B0BDDED34CC83E11052F6792C000B249;2025-07-10;20.0;3066.0
CCEF2E74D265BE11BE21106505003C5A;FC081C55582CED11A62CD892C0003F2A;2025-07-10;8.0;1592.56
005CB5DBC26CEE1191EE1065050029B9;FC081C55582CED11A62CD892C0003F2A;2025-07-10;4.0;3299.72
5C90702712B10F114EF7A826072BA989;FC081C55582CED11A62CD892C0003F2A;2025-07-10;12.0;7650.34
BF538B858B28EE1191EE1065050018B9;FC081C55582CED11A62CD892C0003F2A;2025-07-10;8.0;2338.0
32B182DAF8FEDE11406610650500984A;FC081C55582CED11A62CD892C0003F2A;2025-07-10;16.0;721.02
D6909898324E9E117260106505009B4A;FC081C55582CED11A62CD892C0003F2A;2025-07-10;-2.0;-965.44
2F4A49CEC2638E11B1E5BB650500BBAA;FC081C55582CED11A62CD892C0003F2A;2025-07-10;-4.0;-64.38
D521E2E90DC2DE11ADB3106505006EB8;FC081C55582CED11A62CD892C0003F2A;2025-07-10;-2.0;-146.86
AB3E7B8F8CF57E11B7B78A650500ED08;FC081C55582CED11A62CD892C0003F2A;2025-07-10;-2.0;-206.44
EA26AB291959FE11128010650500E819;FC081C55582CED11A62CD892C0003F2A;2025-07-10;-2.0;-706.5
B63A4B7B00A0CE118772106505007269;FC081C55582CED11A62CD892C0003F2A;2025-07-10;-6.0;-109.38
18C1E48358F1DE11ADB3106505005DB8;FC081C55582CED11A62CD892C0003F2A;2025-07-10;-2.0;-1945.62
7ABC0D805026CE11ADB3106505008DA8;FC081C55582CED11A62CD892C0003F2A;2025-07-10;-2.0;-386.92
1ED9631B13836E11B7B78A6505003C08;FC081C55582CED11A62CD892C0003F2A;2025-07-10;-6.0;-451.74
1289C4DE9F48FE11128010650500D819;FC081C55582CED11A62CD892C0003F2A;2025-07-10;-2.0;-324.66
2AE59375470A0E11A4A96492C0001269;FC081C55582CED11A62CD892C0003F2A;2025-07-10;-6.0;-879.0
DB9C305862065E1142D58A650500DC08;FC081C55582CED11A62CD892C0003F2A;2025-07-10;-8.0;-590.72
E1A53233798AFE11128010650500E819;FC081C55582CED11A62CD892C0003F2A;2025-07-10;-2.0;-808.14
E598EC10F100EE11406610650500E94A;FC081C55582CED11A62CD892C0003F2A;2025-07-10;-4.0;-634.24
56C7D916B0CAED11A62CD892C0003F2A;FC081C55582CED11A62CD892C0003F2A;2025-07-10;-2.0;-66.48
899FAF65A0FFFE11F1557891FE693789;FC081C55582CED11A62CD892C0003F2A;2025-07-10;-4.0;-612.08
8813D0F7E76CAE11BE2110650500C05A;FC081C55582CED11A62CD892C0003F2A;2025-07-10;-4.0;-969.24
E27D5947E38CDE11406610650500554A;FC081C55582CED11A62CD892C0003F2A;2025-07-10;-10.0;-1456.0
9BA91128D71ECE11ADB310650500E7B8;FC081C55582CED11A62CD892C0003F2A;2025-07-10;-2.0;-496.16
F97077B82642FE1191EE10650500CCB9;FC081C55582CED11A62CD892C0003F2A;2025-07-10;-4.0;-2665.42
194745E91D95FE1191EE1065050031C9;FC081C55582CED11A62CD892C0003F2A;2025-07-10;-2.0;-377.96
2501752806332E1143F0668E4200C71A;FC081C55582CED11A62CD892C0003F2A;2025-07-10;-2.0;-380.96
A6A370B9559DFE11F1557891FE693489;FC081C55582CED11A62CD892C0003F2A;2025-07-10;-2.0;-67.16
152EE55D2640FE1191EE106505003AB9;FC081C55582CED11A62CD892C0003F2A;2025-07-10;-4.0;-386.04
3160794DCD1BFE11128010650500E819;FC081C55582CED11A62CD892C0003F2A;2025-07-10;-4.0;-1080.28
57F107EA01CAED11A62CD892C0003F2A;FC081C55582CED11A62CD892C0003F2A;2025-07-10;-4.0;-663.0
57B7CB71BCACEE1191EE1065050029B9;FC081C55582CED11A62CD892C0003F2A;2025-07-10;-2.0;-708.96
6F2A31A4AE58BE11877210650500F759;FC081C55582CED11A62CD892C0003F2A;2025-07-10;-4.0;-308.88
BE80BFC40D8FCE11ADB310650500E9B8;FC081C55582CED11A62CD892C0003F2A;2025-07-10;-8.0;-692.8
D450B5F648A0EE11406610650500BA4A;FC081C55582CED11A62CD892C0003F2A;2025-07-10;-2.0;-243.72
59BECB7004269E11554010650500604B;FC081C55582CED11A62CD892C0003F2A;2025-07-10;-2.0;-98.74
59A94AED2AA7DE11C84610650500FF6A;FC081C55582CED11A62CD892C0003F2A;2025-07-10;-4.0;-2207.82
90FF1B1F1506BE11877210650500F459;FC081C55582CED11A62CD892C0003F2A;2025-07-10;-2.0;-100.4
86F530879AE10F114EF7A826072BE989;FC081C55582CED11A62CD892C0003F2A;2025-07-10;-2.0;-1109.94
3A652E2659E9FD11A4A96492C0006F3B;FC081C55582CED11A62CD892C0003F2A;2025-07-10;-2.0;-104.3
2DB009B164C67E11B7B78A650500ED08;FC081C55582CED11A62CD892C0003F2A;2025-07-10;-2.0;-209.44
98DD0C3751CAED11A62CD892C0003F2A;FC081C55582CED11A62CD892C0003F2A;2025-07-10;-6.0;-2077.38
AC1390FFB79FFE11F1557891FE69C689;FC081C55582CED11A62CD892C0003F2A;2025-07-10;-2.0;-969.08
DB14580D5E09BE11877210650500D859;FC081C55582CED11A62CD892C0003F2A;2025-07-10;-2.0;-267.52
940AEDF7C2867E11B7B78A650500ED08;FC081C55582CED11A62CD892C0003F2A;2025-07-10;-2.0;-64.84
9687F7582642FE1191EE10650500CCB9;FC081C55582CED11A62CD892C0003F2A;2025-07-10;-2.0;-800.04
5BB8CE1BD5230E11A4A96492C00008E9;FC081C55582CED11A62CD892C0003F2A;2025-07-10;-10.0;-731.9
C0727D033533FE1191EE106505000EB9;FC081C55582CED11A62CD892C0003F2A;2025-07-10;-2.0;-420.18
214C4B77FAC1FE1191EE106505002CB9;FC081C55582CED11A62CD892C0003F2A;2025-07-10;-2.0;-520.06
050662BB0BF7FE11128010650500D819;FC081C55582CED11A62CD892C0003F2A;2025-07-10;-2.0;-740.96
38864DDF50667E11B7B78A650500ED08;FC081C55582CED11A62CD892C0003F2A;2025-07-10;-2.0;-486.76
68BFEBC5BDB91E1143F0668E42006B8B;FC081C55582CED11A62CD892C0003F2A;2025-07-10;-8.0;-259.84
84B20C336BCEAE11BE2110650500D35A;FC081C55582CED11A62CD892C0003F2A;2025-07-10;-4.0;-792.0
AB4A6928DC1EFE11F1557891FE69E489;FC081C55582CED11A62CD892C0003F2A;2025-07-10;-2.0;-166.84
E3FF95177525CE11ADB3106505000DA8;FC081C55582CED11A62CD892C0003F2A;2025-07-10;-4.0;-215.01999999999998
4534B4473B73CE118772106505001669;FC081C55582CED11A62CD892C0003F2A;2025-07-10;-2.0;-332.44
B6A6BDDC1C7B7E110819BB65050039AA;FC081C55582CED11A62CD892C0003F2A;2025-07-10;-6.0;-690.1
E649843DFDBEEE1191EE1065050029B9;FC081C55582CED11A62CD892C0003F2A;2025-07-10;-2.0;-121.08
607D8370D3C2FE1191EE106505006DB9;FC081C55582CED11A62CD892C0003F2A;2025-07-10;-2.0;-86.04
C9E4F177A083FE1191EE106505007EB9;FC081C55582CED11A62CD892C0003F2A;2025-07-10;-2.0;-178.6
62BBFD275EEC9E11726010650500D94A;FC081C55582CED11A62CD892C0003F2A;2025-07-10;-4.0;-365.16
2C7AB358ABFEDE11406610650500984A;FC081C55582CED11A62CD892C0003F2A;2025-07-10;-4.0;-68.58
6B596194FB1B9E115250106505004C4A;FC081C55582CED11A62CD892C0003F2A;2025-07-10;-2.0;-182.0
2DD4EDEE71BFFE11F1557891FE69E689;FC081C55582CED11A62CD892C0003F2A;2025-07-10;-2.0;-48.88
171DD4002978FE11128010650500D819;FC081C55582CED11A62CD892C0003F2A;2025-07-10;-12.0;-73.42
246BFCD85592BE11BE2110650500A85A;FC081C55582CED11A62CD892C0003F2A;2025-07-10;-2.0;-151.54
94A56513DCC1CE11877210650500F369;FC081C55582CED11A62CD892C0003F2A;2025-07-10;-6.0;-695.22
651476A1FC30DE11ADB310650500EAB8;FC081C55582CED11A62CD892C0003F2A;2025-07-10;-2.0;-178.0
52B202A54AB1EE114066106505001C4A;FC081C55582CED11A62CD892C0003F2A;2025-07-10;-2.0;-139.56
23D78A00CBE1EE114066106505006C4A;FC081C55582CED11A62CD892C0003F2A;2025-07-10;-2.0;-54.96
09040803F1C67E11B7B78A650500ED08;FC081C55582CED11A62CD892C0003F2A;2025-07-10;-2.0;-116.9
BE9A45922E130F114EF7A826072B7B89;FC081C55582CED11A62CD892C0003F2A;2025-07-10;-2.0;-52.0
085895AC483EFE11F1557891FE690589;FC081C55582CED11A62CD892C0003F2A;2025-07-10;-2.0;-30.0
13AC48A80529EE1191EE1065050009B9;FC081C55582CED11A62CD892C0003F2A;2025-07-10;-2.0;-471.82
A65FC1167A5D7E110819BB65050039AA;FC081C55582CED11A62CD892C0003F2A;2025-07-10;-12.0;-15.24
2748B7682E74FE1191EE10650500CFB9;FC081C55582CED11A62CD892C0003F2A;2025-07-10;-2.0;-59.74
C229B8791E1A9E115250106505000B4A;FC081C55582CED11A62CD892C0003F2A;2025-07-10;-6.0;-359.92
D9C99CE964DAED11A62CD892C0003F2A;FC081C55582CED11A62CD892C0003F2A;2025-07-10;-2.0;-1805.24
847C0763797BAE11BE21106505009F4A;FC081C55582CED11A62CD892C0003F2A;2025-07-10;-2.0;-98.1
D93AB3F5395EDE11406610650500C74A;FC081C55582CED11A62CD892C0003F2A;2025-07-10;-4.0;-1008.76
46B63D2329363E11052F6792C000FF39;FC081C55582CED11A62CD892C0003F2A;2025-07-10;-2.0;-70.76
FE0F84ACECDEBE118772106505003069;FC081C55582CED11A62CD892C0003F2A;2025-07-10;-2.0;-131.58
84FF41FB73C74E1142D58A6505002C08;FC081C55582CED11A62CD892C0003F2A;2025-07-10;-2.0;-290.0
254AB66D1D027E11B7B78A650500CD08;FC081C55582CED11A62CD892C0003F2A;2025-07-10;-2.0;-252.82
17DC4ADF3F49AE11BE2110650500DC4A;FC081C55582CED11A62CD892C0003F2A;2025-07-10;-2.0;-116.38
BF1AD9D6D0CAED11A62CD892C0003F2A;FC081C55582CED11A62CD892C0003F2A;2025-07-10;-2.0;-210.4
68A587975EE1EE114066106505006C4A;FC081C55582CED11A62CD892C0003F2A;2025-07-10;-2.0;-860.94
F92BE0D0BDE7EE1191EE10650500B7B9;FC081C55582CED11A62CD892C0003F2A;2025-07-10;-2.0;-46.8
AA763AFF22525E1142D58A650500DC08;FC081C55582CED11A62CD892C0003F2A;2025-07-10;-2.0;-379.76
0642673103377E11B7B78A650500ED08;FC081C55582CED11A62CD892C0003F2A;2025-07-10;-2.0;-159.4
5D9B5C3EB35AEE1191EE1065050009B9;FC081C55582CED11A62CD892C0003F2A;2025-07-10;-2.0;-261.24
BBEBD6631B232E1143F0668E4200C71A;FC081C55582CED11A62CD892C0003F2A;2025-07-10;-2.0;-63.26
8E896FB808B7DE11C84610650500007A;FC081C55582CED11A62CD892C0003F2A;2025-07-10;-2.0;-296.46
A37870C74BDC8E11F243BB650500244B;FC081C55582CED11A62CD892C0003F2A;2025-07-10;-2.0;-377.32
CD1F795CD0CAED11A62CD892C0003F2A;FC081C55582CED11A62CD892C0003F2A;2025-07-10;-2.0;-173.32
8CE3B22CD9320E11A4A96492C0002019;FC081C55582CED11A62CD892C0003F2A;2025-07-10;-2.0;-336.6
AFA8454FED71FE1191EE10650500CBB9;FC081C55582CED11A62CD892C0003F2A;2025-07-10;-2.0;-1042.16
41DF12DAD74BCE11ADB31065050014B8;FC081C55582CED11A62CD892C0003F2A;2025-07-10;-2.0;-1423.64
3F18D298B12AFE11128010650500E819;FC081C55582CED11A62CD892C0003F2A;2025-07-10;-2.0;-99.5
9B1EB13888ABAE11BE2110650500DF4A;FC081C55582CED11A62CD892C0003F2A;2025-07-10;-2.0;-272.0
AAF8049AAD67EE1191EE1065050017B9;FC081C55582CED11A62CD892C0003F2A;2025-07-10;-2.0;-276.74
2B7E3AF4877EFE11F1557891FE695589;FC081C55582CED11A62CD892C0003F2A;2025-07-10;-2.0;-1521.56
55401A66EED5FE1191EE1065050081C9;FC081C55582CED11A62CD892C0003F2A;2025-07-10;-6.0;-220.24
CDE36A66D343FE1191EE106505001EB9;FC081C55582CED11A62CD892C0003F2A;2025-07-10;-2.0;-181.04
09659CC4D0CAED11A62CD892C0003F2A;FC081C55582CED11A62CD892C0003F2A;2025-07-10;-2.0;-169.42
36665FA58956FE1191EE1065050022C9;FC081C55582CED11A62CD892C0003F2A;2025-07-10;-2.0;-586.28
F19011E41516DE11ADB310650500B2C8;FC081C55582CED11A62CD892C0003F2A;2025-07-10;-4.0;-901.7
D9CEEB592642FE1191EE10650500CCB9;FC081C55582CED11A62CD892C0003F2A;2025-07-10;-4.0;-836.98
A02270AC81CAED11A62CD892C0003F2A;FC081C55582CED11A62CD892C0003F2A;2025-07-10;-2.0;-96.96
F89CDB058836CE11ADB3106505008DA8;FC081C55582CED11A62CD892C0003F2A;2025-07-10;-8.0;-418.16
C3ED956DC1EDFE11F1557891FE699489;FC081C55582CED11A62CD892C0003F2A;2025-07-10;-2.0;-365.72
7447236E2E99CE11ADB310650500D1B8;FC081C55582CED11A62CD892C0003F2A;2025-07-10;-2.0;-65.46
0F25ED3582EE0E1123F0668E42005B38;FC081C55582CED11A62CD892C0003F2A;2025-07-10;-2.0;-98.74
AA933DD5919EBE11877210650500DF59;FC081C55582CED11A62CD892C0003F2A;2025-07-10;-6.0;-167.16
8E5A8CB7C54DEE1191EE1065050029B9;FC081C55582CED11A62CD892C0003F2A;2025-07-10;-6.0;-132.0
C1190C68E6310F11112A674AC7E2F889;FC081C55582CED11A62CD892C0003F2A;2025-07-10;-4.0;-1260.14
382847CCB5807E11B7B78A650500CD08;FC081C55582CED11A62CD892C0003F2A;2025-07-10;-2.0;-86.5
2C93ABC2C7788E11F243BB6505002E3B;FC081C55582CED11A62CD892C0003F2A;2025-07-10;-2.0;-107.88
AA92DB144EED7E110819BB65050039AA;FC081C55582CED11A62CD892C0003F2A;2025-07-10;-2.0;-619.2
3ECD056BDFDD2E11052F6792C000CF39;FC081C55582CED11A62CD892C0003F2A;2025-07-10;-2.0;-564.14
CB5AB005003C0E11A4A96492C0001269;FC081C55582CED11A62CD892C0003F2A;2025-07-10;-2.0;-268.9
3B32529F2E05CE11ADB3106505000DA8;FC081C55582CED11A62CD892C0003F2A;2025-07-10;-2.0;-192.96
0A384A7B0321DE11ADB3106505003CB8;FC081C55582CED11A62CD892C0003F2A;2025-07-10;-6.0;-552.0
39934F2383D0FD11A62CD892C000D159;FC081C55582CED11A62CD892C0003F2A;2025-07-10;-2.0;-99.82
22A51C7F8D510F11112A674AC7E22989;FC081C55582CED11A62CD892C0003F2A;2025-07-10;-2.0;-366.46
9F2129BDF215EE11B1AD10650500B8EA;FC081C55582CED11A62CD892C0003F2A;2025-07-10;-4.0;-321.62
544AD03DCFDDAE11BE2110650500A25A;FC081C55582CED11A62CD892C0003F2A;2025-07-10;-2.0;-344.14
B9C99CE964DAED11A62CD892C0003F2A;FC081C55582CED11A62CD892C0003F2A;2025-07-10;-4.0;-3129.5
0E3D292624789E11525010650500D84A;FC081C55582CED11A62CD892C0003F2A;2025-07-10;-2.0;-37.72
2DEAE43E0ABCEE1191EE1065050029B9;FC081C55582CED11A62CD892C0003F2A;2025-07-10;-2.0;-7556.12
F8DC2E0CA70F9E117260106505009C4A;FC081C55582CED11A62CD892C0003F2A;2025-07-10;-2.0;-349.28
5BFF0450D0CAED11A62CD892C0003F2A;FC081C55582CED11A62CD892C0003F2A;2025-07-10;-2.0;-317.78
31F12591DA5C7E110819BB65050039AA;FC081C55582CED11A62CD892C0003F2A;2025-07-10;-2.0;-373.66
FFBE891274699E115250106505001A4A;FC081C55582CED11A62CD892C0003F2A;2025-07-10;-2.0;-29.38
F7ADA524EC065E1142D58A650500DC08;FC081C55582CED11A62CD892C0003F2A;2025-07-10;-2.0;-21.68
9178836BBCDDFE11F1557891FE699489;FC081C55582CED11A62CD892C0003F2A;2025-07-10;-6.0;-3528.08
9BD4B39A31B40F114EF7A826072B7D89;FC081C55582CED11A62CD892C0003F2A;2025-07-10;-2.0;-1076.42
6ABFA83FD7D9FE11128010650500E819;FC081C55582CED11A62CD892C0003F2A;2025-07-10;-2.0;-476.82
547A48FB6946DE11ADB310650500F2C8;FC081C55582CED11A62CD892C0003F2A;2025-07-10;-2.0;-26.42
11D9321C575FFE11F1557891FE697689;FC081C55582CED11A62CD892C0003F2A;2025-07-10;-2.0;-1320.0
A53213A20A59FE11128010650500E819;FC081C55582CED11A62CD892C0003F2A;2025-07-10;-2.0;-1748.88
7D262F4DEC46FE1191EE1065050012C9;FC081C55582CED11A62CD892C0003F2A;2025-07-10;-2.0;-94.0
6CD2A519CEEFFE11F1557891FE693789;FC081C55582CED11A62CD892C0003F2A;2025-07-10;-2.0;-581.36
A1BB321C575FFE11F1557891FE697689;B0BDDED34CC83E11052F6792C000B249;2025-07-10;-6.0;-414.0
C605254C9E456E11B7B78A650500BC08;B0BDDED34CC83E11052F6792C000B249;2025-07-10;-2.0;-52.6
2A74EB445FD44E1142D58A6505002C08;B0BDDED34CC83E11052F6792C000B249;2025-07-10;-2.0;-214.68
CF1DE08C639F9E117260106505004D4A;B0BDDED34CC83E11052F6792C000B249;2025-07-10;-6.0;-149.39999999999998
D38267648D4EFE11F1557891FE692589;B0BDDED34CC83E11052F6792C000B249;2025-07-10;-2.0;-820.64
A82D1E8C65B4DE11ADB310650500F0C8;B0BDDED34CC83E11052F6792C000B249;2025-07-10;-4.0;-244.08
3E23388C83A76E11B7B78A650500BC08;B0BDDED34CC83E11052F6792C000B249;2025-07-10;-4.0;-970.24
CDD666A07CA68E11F243BB650500EB3B;B0BDDED34CC83E11052F6792C000B249;2025-07-10;-2.0;-476.86
52BC0A2547FF4E1142D58A650500BC08;B0BDDED34CC83E11052F6792C000B249;2025-07-10;-18.0;-236.7
F7B9B031FF13CE11877210650500A569;B0BDDED34CC83E11052F6792C000B249;2025-07-10;-4.0;-189.6
638095B234D04E1142D58A650500DB08;B0BDDED34CC83E11052F6792C000B249;2025-07-10;-4.0;-519.64
10E000CE02192E11052F6792C0007F39;B0BDDED34CC83E11052F6792C000B249;2025-07-10;-4.0;-762.84
133FE2417AB38E113835BB6505004CAA;B0BDDED34CC83E11052F6792C000B249;2025-07-10;-2.0;-729.76
93B1F2340F0EEE1191EE1065050029B9;B0BDDED34CC83E11052F6792C000B249;2025-07-10;-2.0;-411.2
D4B5B252EA244E1142D58A6505002C08;B0BDDED34CC83E11052F6792C000B249;2025-07-10;-2.0;-94.72
36AA1B6D2C7ABE11877210650500AA59;B0BDDED34CC83E11052F6792C000B249;2025-07-10;-2.0;-93.46
ED0AC18532B3EE11B1AD10650500F6EA;B0BDDED34CC83E11052F6792C000B249;2025-07-10;-2.0;-66.92
0F990BED90CAED11A62CD892C0003F2A;B0BDDED34CC83E11052F6792C000B249;2025-07-10;-6.0;-2053.38
5B94C20758E00F11112A674AC7E29889;B0BDDED34CC83E11052F6792C000B249;2025-07-10;-2.0;-430.24
58AC21A3A87CCE11ADB310650500B5B8;B0BDDED34CC83E11052F6792C000B249;2025-07-10;-6.0;-207.71999999999997
B21FD31D3F00EE11406610650500F94A;B0BDDED34CC83E11052F6792C000B249;2025-07-10;-16.0;-1146.56
B661336EA0900F11F1557891FE690889;B0BDDED34CC83E11052F6792C000B249;2025-07-10;-2.0;-60.86
845AF0CF2D456E11B7B78A650500BC08;B0BDDED34CC83E11052F6792C000B249;2025-07-10;-2.0;-43.92
662143E23BEBBE118772106505007C59;B0BDDED34CC83E11052F6792C000B249;2025-07-10;-4.0;-467.44
E2B43FD5A0CAED11A62CD892C0003F2A;B0BDDED34CC83E11052F6792C000B249;2025-07-10;-2.0;-266.0
59BECB7004269E11554010650500604B;B0BDDED34CC83E11052F6792C000B249;2025-07-10;-2.0;-98.74
9CC9CBD168400F11F1557891FE69A789;B0BDDED34CC83E11052F6792C000B249;2025-07-10;-12.0;-170.39999999999998
936A3E0A9ED03E11052F6792C000CF39;B0BDDED34CC83E11052F6792C000B249;2025-07-10;-2.0;-1615.22
CE90BAE237AACE11ADB31065050023B8;B0BDDED34CC83E11052F6792C000B249;2025-07-10;-2.0;-40.36
396E744FAC58FE11128010650500D819;B0BDDED34CC83E11052F6792C000B249;2025-07-10;-6.0;-396.0
AB4F278C0ADEAE11BE2110650500E35A;B0BDDED34CC83E11052F6792C000B249;2025-07-10;-4.0;-148.6
EE280D4ACE23FD110DC22A92C000C499;B0BDDED34CC83E11052F6792C000B249;2025-07-10;-2.0;-311.1
483D99A1C77CCE11ADB310650500B5B8;B0BDDED34CC83E11052F6792C000B249;2025-07-10;-14.0;-474.29999999999995
ACBD467DE261AE117260106505009F4A;B0BDDED34CC83E11052F6792C000B249;2025-07-10;-2.0;-311.98
1C069D96348FDE11406610650500494A;B0BDDED34CC83E11052F6792C000B249;2025-07-10;-2.0;-1188.0
4B1AABC9544DEE1191EE1065050029B9;B0BDDED34CC83E11052F6792C000B249;2025-07-10;-2.0;-84.44
0E098DA186D46E11B7B78A650500BC08;B0BDDED34CC83E11052F6792C000B249;2025-07-10;-2.0;-398.96
0AA5C53319730F1158A3BB3DBE8EEB89;B0BDDED34CC83E11052F6792C000B249;2025-07-10;-2.0;-348.1
934A2BFCEF2FFE11F1557891FE694689;B0BDDED34CC83E11052F6792C000B249;2025-07-10;-2.0;-578.34
2D6280087B5EEE1191EE1065050029B9;B0BDDED34CC83E11052F6792C000B249;2025-07-10;-2.0;-133.2
E02476B08092DE11ADB3106505001EB8;B0BDDED34CC83E11052F6792C000B249;2025-07-10;-2.0;-191.74
A16AF43D35DB4E1142D58A6505009C08;B0BDDED34CC83E11052F6792C000B249;2025-07-10;-4.0;-3583.84
07FC46BC1A5FFE11F1557891FE697689;B0BDDED34CC83E11052F6792C000B249;2025-07-10;-2.0;-94.7
3B4784AC1A5FFE11F1557891FE697689;B0BDDED34CC83E11052F6792C000B249;2025-07-10;-2.0;-112.18
1278EDB4487CCE11ADB310650500B5B8;B0BDDED34CC83E11052F6792C000B249;2025-07-10;-2.0;-72.88
77D88E73B19EBE11877210650500DF59;B0BDDED34CC83E11052F6792C000B249;2025-07-10;-6.0;-158.82
AD24CEC91B8E0E1143F0668E42001D49;B0BDDED34CC83E11052F6792C000B249;2025-07-10;-4.0;-1405.6
3B670700E0CAED11A62CD892C0003F2A;B0BDDED34CC83E11052F6792C000B249;2025-07-10;-4.0;-378.0
A8CE8753F0CAED11A62CD892C0003F2A;B0BDDED34CC83E11052F6792C000B249;2025-07-10;-2.0;-148.6
29F1DF00F935FE1191EE10650500B0C9;B0BDDED34CC83E11052F6792C000B249;2025-07-10;-2.0;-236.82
8AFD309C697FEE1191EE1065050039B9;B0BDDED34CC83E11052F6792C000B249;2025-07-10;-2.0;-536.36
5F84CC30B1A83E11052F6792C000B249;B0BDDED34CC83E11052F6792C000B249;2025-07-10;-2.0;-331.46
5E031EC32123CE11877210650500A569;B0BDDED34CC83E11052F6792C000B249;2025-07-10;-2.0;-57.14
EFCDBFE40AD2DE11ADB3106505007EB8;B0BDDED34CC83E11052F6792C000B249;2025-07-10;-2.0;-227.44
71330E5D477F8E11F243BB650500A74B;B0BDDED34CC83E11052F6792C000B249;2025-07-10;-2.0;-75.82
92B581246AB45E1142D58A650500DC08;B0BDDED34CC83E11052F6792C000B249;2025-07-10;-2.0;-422.56
2A68E6E4C80CEE1191EE1065050029B9;B0BDDED34CC83E11052F6792C000B249;2025-07-10;-2.0;-226.0
FB4B0EAC17C2FE1191EE106505006DB9;B0BDDED34CC83E11052F6792C000B249;2025-07-10;-2.0;-171.74
7CB5F9BB60E87E110819BB65050009AA;B0BDDED34CC83E11052F6792C000B249;2025-07-10;-2.0;-156.7
B6704D8DFE8C7E110819BB65050039AA;B0BDDED34CC83E11052F6792C000B249;2025-07-10;-2.0;-245.62
F8CE11B603B89E11525010650500294A;B0BDDED34CC83E11052F6792C000B249;2025-07-10;-2.0;-131.52
DFBAF8801BA8FE11128010650500D819;B0BDDED34CC83E11052F6792C000B249;2025-07-10;-2.0;-391.56
560F4753AD2ECE11ADB31065050008B8;B0BDDED34CC83E11052F6792C000B249;2025-07-10;-2.0;-217.8
3E5900DCE0638E111E1BBB650500BBAA;B0BDDED34CC83E11052F6792C000B249;2025-07-10;-2.0;-195.86
B2EC674674940E11A4A96492C000067B;B0BDDED34CC83E11052F6792C000B249;2025-07-10;-4.0;-595.08
97CC8A62B257DE11C846106505008F6A;B0BDDED34CC83E11052F6792C000B249;2025-07-10;-10.0;-255.0
7863D1B3863EAE11BE2110650500135A;B0BDDED34CC83E11052F6792C000B249;2025-07-10;-2.0;-24.94
561A958001CAED11A62CD892C0003F2A;B0BDDED34CC83E11052F6792C000B249;2025-07-10;-2.0;-115.9
F9A90FD3A0CAED11A62CD892C0003F2A;B0BDDED34CC83E11052F6792C000B249;2025-07-10;-2.0;-3254.06
F5C36E0D7D79FE11128010650500E819;B0BDDED34CC83E11052F6792C000B249;2025-07-10;-4.0;-271.46
169C943C1724FE1191EE106505004FB9;B0BDDED34CC83E11052F6792C000B249;2025-07-10;-2.0;-938.0
E98615238B0FAE11BE2110650500245A;B0BDDED34CC83E11052F6792C000B249;2025-07-10;-2.0;-327.86
581502B3EFAF5E1142D58A650500AD08;B0BDDED34CC83E11052F6792C000B249;2025-07-10;-2.0;-21.94
13BB500B8FCA9E11525010650500EB4A;B0BDDED34CC83E11052F6792C000B249;2025-07-10;-2.0;-63.24
2D3B73B38ABAFE11128010650500E819;B0BDDED34CC83E11052F6792C000B249;2025-07-10;-4.0;-118.56
28C53089E267FE1191EE1065050083C9;B0BDDED34CC83E11052F6792C000B249;2025-07-10;-2.0;-1500.0
46A90C9EB8648E113835BB650500FCAA;44673735EAF46E11B7B78A650500BC08;2025-07-10;-512.0;-9216.0
78D45E0FB6197E110819BB65050009AA;44673735EAF46E11B7B78A650500BC08;2025-07-10;-2.0;-90.54
B049BD7C6D456E11B7B78A650500BC08;44673735EAF46E11B7B78A650500BC08;2025-07-10;-368.0;-3313.66
B559173959B1EE114066106505001C4A;44673735EAF46E11B7B78A650500BC08;2025-07-10;-8.0;-234.48
5EC9FD12FAD7CE11ADB3106505008FA8;44673735EAF46E11B7B78A650500BC08;2025-07-10;-2.0;-344.92
BDA4336C478B3E11052F6792C000D249;44673735EAF46E11B7B78A650500BC08;2025-07-10;-6.0;-398.09999999999997
8B07F943AEEBCE11ADB310650500E4B8;44673735EAF46E11B7B78A650500BC08;2025-07-10;-2.0;-6888.12
934A5DDBA1878E11F243BB650500FC3B;44673735EAF46E11B7B78A650500BC08;2025-07-10;-2.0;-450.0
D4759C2A10556E11B7B78A650500BC08;44673735EAF46E11B7B78A650500BC08;2025-07-10;-4.0;-1132.14
B3137EBFE6197E110819BB65050009AA;44673735EAF46E11B7B78A650500BC08;2025-07-10;-2.0;-34.2
9F8150A455639E11554010650500CC3B;44673735EAF46E11B7B78A650500BC08;2025-07-10;-4.0;-559.8
A1B4CD08E5796E11B7B78A650500BC08;44673735EAF46E11B7B78A650500BC08;2025-07-10;-2.0;-389.62
9310211B9BE83E11052F6792C000D249;44673735EAF46E11B7B78A650500BC08;2025-07-10;-8.0;-718.08
26DF8B324790DE11ADB3106505006BB8;44673735EAF46E11B7B78A650500BC08;2025-07-10;-2.0;-88.1
9D4A76D36D7DBE118772106505007E59;44673735EAF46E11B7B78A650500BC08;2025-07-10;-38.0;-2127.98
A29C76A400CAED11A62CD892C0003F2A;44673735EAF46E11B7B78A650500BC08;2025-07-10;-2.0;-320.5
61F9CAB8E770BE11BE2110650500F55A;44673735EAF46E11B7B78A650500BC08;2025-07-10;-4.0;-47.72
61CD8984ABE1EE114066106505006C4A;44673735EAF46E11B7B78A650500BC08;2025-07-10;-20.0;-1495.2
62186D999C456E11B7B78A650500BC08;44673735EAF46E11B7B78A650500BC08;2025-07-10;-40.0;-547.38
2DD5112F9A456E11B7B78A650500BC08;44673735EAF46E11B7B78A650500BC08;2025-07-10;-2.0;-378.12
CA6B84CED87C8E11F243BB650500A34B;44673735EAF46E11B7B78A650500BC08;2025-07-10;-4.0;-344.0
C910B67219A47E11B7B78A650500ED08;44673735EAF46E11B7B78A650500BC08;2025-07-10;-6.0;-955.6200000000001
A55F94DC63DCDE11406610650500B54A;44673735EAF46E11B7B78A650500BC08;2025-07-10;-2.0;-2421.08
45CDA0898EF39E115540106505008D3B;44673735EAF46E11B7B78A650500BC08;2025-07-10;-4.0;-449.12
31EC3EEF490ECE11ADB310650500D7B8;44673735EAF46E11B7B78A650500BC08;2025-07-10;-2.0;-62.54
B1DBDFFBF434BE11BE2110650500BA5A;44673735EAF46E11B7B78A650500BC08;2025-07-10;-2.0;-109.0
66BB443400DA9E11525010650500EB4A;44673735EAF46E11B7B78A650500BC08;2025-07-10;-4.0;-3988.0
9865CD2FDC9F7E110819BB65050039AA;44673735EAF46E11B7B78A650500BC08;2025-07-10;-2.0;-60.46
A2B4C04DE2F17E11B7B78A650500CD08;44673735EAF46E11B7B78A650500BC08;2025-07-10;-2.0;-1430.46
B3FA392F3CE76E11B7B78A650500BC08;44673735EAF46E11B7B78A650500BC08;2025-07-10;-4.0;-676.56
6127FE0BCD769E11554010650500D04B;44673735EAF46E11B7B78A650500BC08;2025-07-10;-2.0;-177.18
16736176E770BE11BE2110650500F55A;44673735EAF46E11B7B78A650500BC08;2025-07-10;-2.0;-127.56
F6AAB8EBB11A8E11F243BB650500304B;44673735EAF46E11B7B78A650500BC08;2025-07-10;-2.0;-212.88
E128F5E1F61E4E1142D58A650500BC08;44673735EAF46E11B7B78A650500BC08;2025-07-10;-2.0;-333.8
DB9C305862065E1142D58A650500DC08;44673735EAF46E11B7B78A650500BC08;2025-07-10;-2.0;-147.68
F0FC7DD63ECEAE11BE2110650500D35A;44673735EAF46E11B7B78A650500BC08;2025-07-10;-2.0;-113.0
CE7D7EAD06D3EE11B1AD1065050027EA;44673735EAF46E11B7B78A650500BC08;2025-07-10;-24.0;-14664.0
7D6FB9B5BB363E11052F6792C000FF39;44673735EAF46E11B7B78A650500BC08;2025-07-10;-2.0;-86.94
B5EE881C0080DE11ADB3106505004BB8;44673735EAF46E11B7B78A650500BC08;2025-07-10;-6.0;-314.46
AFC778240ECA9E11525010650500EB4A;44673735EAF46E11B7B78A650500BC08;2025-07-10;-10.0;-253.0
3D6AB1B476018E110819BB65050039AA;44673735EAF46E11B7B78A650500BC08;2025-07-10;-6.0;-406.5
A8C1EFE6AC456E11B7B78A650500BC08;44673735EAF46E11B7B78A650500BC08;2025-07-10;-2.0;-90.52
C3CF9F1F2E456E11B7B78A650500BC08;44673735EAF46E11B7B78A650500BC08;2025-07-10;-6.0;-5100.0
0419D2EF21FA8E11F243BB650500514B;44673735EAF46E11B7B78A650500BC08;2025-07-10;-2.0;-66.56
FD13DC9FB3B09E11F243BB650500394B;44673735EAF46E11B7B78A650500BC08;2025-07-10;-8.0;-383.85999999999996
F9B72DC395317E11B7B78A650500CD08;44673735EAF46E11B7B78A650500BC08;2025-07-10;-2.0;-264.16
236E6445581FAE11BE2110650500345A;44673735EAF46E11B7B78A650500BC08;2025-07-10;-2.0;-230.0
1EC7E7C288D6EE1191EE1065050096B9;44673735EAF46E11B7B78A650500BC08;2025-07-10;-8.0;-1888.0
A26029B19D147E11B7B78A650500ED08;44673735EAF46E11B7B78A650500BC08;2025-07-10;-2.0;-610.6
5AF34C346D7DBE118772106505007E59;44673735EAF46E11B7B78A650500BC08;2025-07-10;-2.0;-282.0
163AB36E21C7DE11C84610650500107A;44673735EAF46E11B7B78A650500BC08;2025-07-10;-2.0;-16.12
0FCBC46F2C456E11B7B78A650500BC08;44673735EAF46E11B7B78A650500BC08;2025-07-10;-2.0;-487.64
BA3EE961BD889E11525010650500F84A;44673735EAF46E11B7B78A650500BC08;2025-07-10;-4.0;-584.0
FDB270C356D9EE1191EE1065050009B9;44673735EAF46E11B7B78A650500BC08;2025-07-10;-8.2;-959.4
BE8F119F6544DE11ADB31065050060C8;44673735EAF46E11B7B78A650500BC08;2025-07-10;-2.0;-378.02
45E156AC312CDE11406610650500D44A;44673735EAF46E11B7B78A650500BC08;2025-07-10;-2.0;-706.56
CE18B69694310F11112A674AC7E2F889;44673735EAF46E11B7B78A650500BC08;2025-07-10;-2.0;-1020.0
2D3AE6B8CC456E11B7B78A650500BC08;44673735EAF46E11B7B78A650500BC08;2025-07-10;-2.0;-690.6
102EF5A7983E7E110819BB65050039AA;44673735EAF46E11B7B78A650500BC08;2025-07-10;-4.0;-1531.16
5B0C3ACEDC410F11112A674AC7E21989;44673735EAF46E11B7B78A650500BC08;2025-07-10;-4.0;-536.0
033DC3D54575EE1191EE10650500D4B9;44673735EAF46E11B7B78A650500BC08;2025-07-10;-4.0;-218.4
8B1D5B0D1651AE117260106505008F4A;44673735EAF46E11B7B78A650500BC08;2025-07-10;-4.0;-926.56
CF1757B6ECBEEE1191EE1065050029B9;44673735EAF46E11B7B78A650500BC08;2025-07-10;-2.0;-188.92
E5E79810B2A27E11B7B78A650500DD08;44673735EAF46E11B7B78A650500BC08;2025-07-10;-4.0;-6571.56
B70E5826E528CE11ADB310650500EFA8;44673735EAF46E11B7B78A650500BC08;2025-07-10;-4.0;-176.36
917E9A3C92E0DE11ADB310650500DBB8;44673735EAF46E11B7B78A650500BC08;2025-07-10;-2.0;-704.6
95F75042DD456E11B7B78A650500BC08;44673735EAF46E11B7B78A650500BC08;2025-07-10;-6.0;-4242.0
E45127FF681FAE11BE2110650500345A;44673735EAF46E11B7B78A650500BC08;2025-07-10;-10.0;-1389.54
32AEB1B0C11A8E11F243BB650500304B;44673735EAF46E11B7B78A650500BC08;2025-07-10;-2.0;-73.6
4A16E1512D456E11B7B78A650500BC08;44673735EAF46E11B7B78A650500BC08;2025-07-10;2.0;406.0
DCECD7BFC688CE11ADB31065050070B8;44673735EAF46E11B7B78A650500BC08;2025-07-10;-4.0;-267.52
FB013B981141BE11BE2110650500F65A;44673735EAF46E11B7B78A650500BC08;2025-07-10;-2.0;-2337.24
2C28C2A619AF7E110819BB65050039AA;44673735EAF46E11B7B78A650500BC08;2025-07-10;-2.0;-162.44
901142C8008CBE118772106505003D59;44673735EAF46E11B7B78A650500BC08;2025-07-10;-2.0;-784.08
043B1705BF896E11B7B78A650500BC08;44673735EAF46E11B7B78A650500BC08;2025-07-10;-2.0;-286.98
FC080E97B465CE11ADB3106505002DA8;44673735EAF46E11B7B78A650500BC08;2025-07-10;-14.0;-999.46
8CA19DBBBE81BE11BE2110650500575A;44673735EAF46E11B7B78A650500BC08;2025-07-10;-2.0;-42.32
A5D407DF7D456E11B7B78A650500BC08;44673735EAF46E11B7B78A650500BC08;2025-07-10;-10.0;-62.0
986CE14644425E1142D58A650500DC08;44673735EAF46E11B7B78A650500BC08;2025-07-10;-4.0;-412.88
6B8A12CEF37C6E11B7B78A650500BC08;44673735EAF46E11B7B78A650500BC08;2025-07-10;-2.0;-776.0
1A77C08362F6AE11BE2110650500D94A;44673735EAF46E11B7B78A650500BC08;2025-07-10;-2.0;-660.32
9ECBF27E98E66E11B7B78A650500BC08;44673735EAF46E11B7B78A650500BC08;2025-07-10;-6.0;-826.78
CF109961CFC5EE1191EE1065050055B9;44673735EAF46E11B7B78A650500BC08;2025-07-10;-4.0;-732.8
3879268EBE0BEE1191EE1065050029B9;44673735EAF46E11B7B78A650500BC08;2025-07-10;-10.0;-264.68
0CE2FECFF79ACE11ADB31065050013B8;44673735EAF46E11B7B78A650500BC08;2025-07-10;-4.0;-2543.76
60E0F27C92E0DE11ADB310650500DBB8;44673735EAF46E11B7B78A650500BC08;2025-07-10;-2.0;-234.62
34567A8F2E456E11B7B78A650500BC08;44673735EAF46E11B7B78A650500BC08;2025-07-10;-4.0;-584.0
138EE9CC65B30F114EF7A826072B3C89;44673735EAF46E11B7B78A650500BC08;2025-07-10;-2.0;-400.0
7ADF92728C456E11B7B78A650500BC08;44673735EAF46E11B7B78A650500BC08;2025-07-10;-2.0;-288.1
1CEB5D8DD22BBE118772106505007B59;44673735EAF46E11B7B78A650500BC08;2025-07-10;-24.0;-741.6
BFD5CF7ECAD0FE1191EE10650500FAB9;44673735EAF46E11B7B78A650500BC08;2025-07-10;-2.0;-172.54
AEE833A228550F114EF7A826072B4E89;44673735EAF46E11B7B78A650500BC08;2025-07-10;-2.0;-1432.08
ED80D2766EEDBE118772106505000F59;44673735EAF46E11B7B78A650500BC08;2025-07-10;-2.0;-62.04
DF16F9B3CBFCEE1191EE1065050029B9;44673735EAF46E11B7B78A650500BC08;2025-07-10;-2.0;-3034.0
95AADC67FE456E11B7B78A650500BC08;44673735EAF46E11B7B78A650500BC08;2025-07-10;-2.0;-70.48
168F26E18257DE11C846106505008F6A;44673735EAF46E11B7B78A650500BC08;2025-07-10;-4.0;-929.7
18CE6BF48F7CBE118772106505003D59;44673735EAF46E11B7B78A650500BC08;2025-07-10;-2.0;-716.48
54EC2E244A35BE11BE21106505000C5A;44673735EAF46E11B7B78A650500BC08;2025-07-10;-8.0;-224.0
C80DD8F181E4EE11B1AD1065050078EA;44673735EAF46E11B7B78A650500BC08;2025-07-10;-6.0;-822.0
E5C8296BC7770E11A4A96492C000EC6A;44673735EAF46E11B7B78A650500BC08;2025-07-10;-2.0;-756.0
867C66A9B2C0AE11726010650500CE4A;44673735EAF46E11B7B78A650500BC08;2025-07-10;-2.0;-111.72
338F71D8E13E4E1142D58A650500BC08;44673735EAF46E11B7B78A650500BC08;2025-07-10;-2.0;-333.8
AC58514838FCEE1191EE1065050029B9;44673735EAF46E11B7B78A650500BC08;2025-07-10;-2.0;-379.0
B2B4788D45CF8E11F243BB650500084B;44673735EAF46E11B7B78A650500BC08;2025-07-10;-2.0;-122.36
78150BE545EBEE1191EE1065050029B9;44673735EAF46E11B7B78A650500BC08;2025-07-10;-24.0;-501.12
1C2BB701BD889E11525010650500F84A;44673735EAF46E11B7B78A650500BC08;2025-07-10;-2.0;-158.06
D10C7ACFF79ACE11ADB31065050013B8;44673735EAF46E11B7B78A650500BC08;2025-07-10;-4.0;-2560.8
E7006C4452B09E11F243BB650500394B;44673735EAF46E11B7B78A650500BC08;2025-07-10;-2.0;-1676.26
628BB776B2C10F114EF7A826072BB989;44673735EAF46E11B7B78A650500BC08;2025-07-10;-2.0;-252.2
6F60621797B0FE1191EE10650500CAB9;44673735EAF46E11B7B78A650500BC08;2025-07-10;-2.0;-282.32
C7FE87EE749F9E117260106505004D4A;44673735EAF46E11B7B78A650500BC08;2025-07-10;-2.0;-180.6
29C33C9DD6568E11F243BB6505007B3B;44673735EAF46E11B7B78A650500BC08;2025-07-10;-4.0;-203.56
ACF74A7B0321DE11ADB3106505003CB8;44673735EAF46E11B7B78A650500BC08;2025-07-10;-2.0;-110.0
303872335D456E11B7B78A650500BC08;44673735EAF46E11B7B78A650500BC08;2025-07-10;-8.0;-94.0
9C25929B162FFE11F1557891FE693689;44673735EAF46E11B7B78A650500BC08;2025-07-10;-2.0;-900.0
60E967BC904D7E110819BB65050039AA;44673735EAF46E11B7B78A650500BC08;2025-07-10;-2.0;-55.0
BB4646538283FE1191EE106505007EB9;44673735EAF46E11B7B78A650500BC08;2025-07-10;-2.0;-2404.02
E0AFE8898284DE11ADB310650500B0C8;44673735EAF46E11B7B78A650500BC08;2025-07-10;-2.0;-100.8
B1E0BA67146B3E11052F6792C000D249;44673735EAF46E11B7B78A650500BC08;2025-07-10;-4.0;-143.32
102FB4D6C4AA7E110819BB65050039AA;44673735EAF46E11B7B78A650500BC08;2025-07-10;-4.0;-39.54
27C6129DABE1EE114066106505006C4A;44673735EAF46E11B7B78A650500BC08;2025-07-10;-2.0;-169.4
AD913EA650420F114EF7A826072B5A89;44673735EAF46E11B7B78A650500BC08;2025-07-10;-2.0;-49.46
45056221CFC5EE1191EE1065050055B9;44673735EAF46E11B7B78A650500BC08;2025-07-10;-21.0;-6867.0
0F38438847FF4E1142D58A650500BC08;44673735EAF46E11B7B78A650500BC08;2025-07-10;-2.0;-64.84
1720A6DBE1027E11B7B78A650500CD08;44673735EAF46E11B7B78A650500BC08;2025-07-10;-2.0;-1512.0
D87D6734CDA86E11B7B78A650500BC08;44673735EAF46E11B7B78A650500BC08;2025-07-10;-30.0;-576.0
0CA0D619FFBAED11A62CD892C0003F2A;44673735EAF46E11B7B78A650500BC08;2025-07-10;-2.0;-311.98
02F5755E73530F114EF7A826072BBB89;44673735EAF46E11B7B78A650500BC08;2025-07-10;-2.0;-224.78
9A92C04E999A7E110819BB65050039AA;44673735EAF46E11B7B78A650500BC08;2025-07-10;-2.0;-314.78
46580EDF02A5BE11BE21106505008C5A;44673735EAF46E11B7B78A650500BC08;2025-07-10;-4.0;-350.12
6FDF89D16F5CCE11ADB31065050095B8;44673735EAF46E11B7B78A650500BC08;2025-07-10;-2.0;-256.88
4500292FD87C8E11F243BB650500A34B;44673735EAF46E11B7B78A650500BC08;2025-07-10;-2.0;-199.2
D2EA740B635DEE1191EE1065050029B9;44673735EAF46E11B7B78A650500BC08;2025-07-10;-2.0;-447.24
097104EEE0638E111E1BBB650500BBAA;44673735EAF46E11B7B78A650500BC08;2025-07-10;-2.0;-188.34
F14EB1F610556E11B7B78A650500BC08;44673735EAF46E11B7B78A650500BC08;2025-07-10;-4.0;-785.54
221D707E6EEAAE11BE2110650500EE4A;44673735EAF46E11B7B78A650500BC08;2025-07-10;-2.0;-83.92
B00C00DE6EEAAE11BE2110650500EE4A;44673735EAF46E11B7B78A650500BC08;2025-07-10;-24.0;-240.89999999999998
30AA4F2D21FA8E11F243BB650500514B;44673735EAF46E11B7B78A650500BC08;2025-07-10;-2.0;-33.32
0910BA7BB78EED11A62CD892C000399B;44673735EAF46E11B7B78A650500BC08;2025-07-10;-2.0;-226.64
D8D45E0FB6197E110819BB65050009AA;44673735EAF46E11B7B78A650500BC08;2025-07-10;-2.0;-106.32
3BBCE05C41446E11B7B78A650500BC08;FC081C55582CED11A62CD892C0003F2A;2025-07-10;-2.0;-843.6
B5CA74C7908DCE11ADB31065050017B8;44673735EAF46E11B7B78A650500BC08;2025-07-10;4.0;15608.0
B5458DE61A68FE11128010650500D819;FC081C55582CED11A62CD892C0003F2A;2025-07-10;0.0;0.0
891DA7C29068FE11128010650500D819;FC081C55582CED11A62CD892C0003F2A;2025-07-10;0.0;0.0
FB35DEE0E9FBCE11ADB310650500F4B8;FC081C55582CED11A62CD892C0003F2A;2025-07-10;0.0;0.0
F30D94FD2742FE1191EE10650500CCB9;FC081C55582CED11A62CD892C0003F2A;2025-07-10;0.0;0.0
4E9B04F88EDFEE1191EE10650500B9B9;FC081C55582CED11A62CD892C0003F2A;2025-07-10;0.0;0.0
FB943C598EDFEE1191EE10650500B9B9;FC081C55582CED11A62CD892C0003F2A;2025-07-10;0.0;0.0
B2C0EDE9F7BB1E1143F0668E4200EF5A;FC081C55582CED11A62CD892C0003F2A;2025-07-10;0.0;0.0
D75CFDF99CF1EE114066106505007C4A;FC081C55582CED11A62CD892C0003F2A;2025-07-10;0.0;0.0
D987E32233167E11B7B78A650500ED08;FC081C55582CED11A62CD892C0003F2A;2025-07-10;0.0;0.0
96F6F027EA44FE1191EE106505007FB9;FC081C55582CED11A62CD892C0003F2A;2025-07-10;0.0;0.0
1F80B09993C1CE11877210650500E369;FC081C55582CED11A62CD892C0003F2A;2025-07-10;0.0;0.0
D4FFA460763EAE11BE2110650500135A;FC081C55582CED11A62CD892C0003F2A;2025-07-10;0.0;0.0
EE2379C09DB88E11F243BB6505008E3B;FC081C55582CED11A62CD892C0003F2A;2025-07-10;0.0;0.0
0D69708DB2065E1142D58A650500DC08;FC081C55582CED11A62CD892C0003F2A;2025-07-10;-2.0;-272.92
796BD6CCD3856E11B7B78A650500BC08;FC081C55582CED11A62CD892C0003F2A;2025-07-10;0.0;0.0
12ED2B482CF0EE114066106505002B4A;FC081C55582CED11A62CD892C0003F2A;2025-07-10;0.0;0.0
D5F49818589D7E110819BB65050039AA;FC081C55582CED11A62CD892C0003F2A;2025-07-10;0.0;0.0
6934E2AAA3D67E11B7B78A650500ED08;FC081C55582CED11A62CD892C0003F2A;2025-07-10;0.0;0.0
FECBA578C3D67E11B7B78A650500ED08;FC081C55582CED11A62CD892C0003F2A;2025-07-10;0.0;0.0
22E12E56C3D67E11B7B78A650500ED08;FC081C55582CED11A62CD892C0003F2A;2025-07-10;-2.0;-78.86
6790516A93C1CE11877210650500E369;FC081C55582CED11A62CD892C0003F2A;2025-07-10;0.0;0.0
38DA5648DA5F3E11F7F68A650500DB08;FC081C55582CED11A62CD892C0003F2A;2025-07-10;0.0;0.0
707F44C4F425CE11ADB3106505000DA8;FC081C55582CED11A62CD892C0003F2A;2025-07-10;-2.0;-30.82
4029E4752C07BE118772106505004659;FC081C55582CED11A62CD892C0003F2A;2025-07-10;0.0;0.0
FDE236069DE9EE1191EE1065050009B9;FC081C55582CED11A62CD892C0003F2A;2025-07-10;0.0;0.0
B044DA369DE9EE1191EE1065050009B9;FC081C55582CED11A62CD892C0003F2A;2025-07-10;0.0;0.0
C5B24B3072CD4E1142D58A650500BC08;FC081C55582CED11A62CD892C0003F2A;2025-07-10;4.0;9026.34
E35BF3BE3C456E11B7B78A650500BC08;44673735EAF46E11B7B78A650500BC08;2025-07-10;-2.0;-207.4
E5F28F56FC4F6E11B7B78A650500CD08;44673735EAF46E11B7B78A650500BC08;2025-07-10;20.0;3217.46
F9635E2728E29E115540106505002C3B;44673735EAF46E11B7B78A650500BC08;2025-07-10;6.0;3170.32
ACE0884F88B37E11B7B78A650500DD08;44673735EAF46E11B7B78A650500BC08;2025-07-10;10.0;3081.6
8D94693F2B140F114EF7A826072BBC89;FC081C55582CED11A62CD892C0003F2A;2025-07-10;24.0;1638.0
0416D521C16F9E117260106505000D4A;44673735EAF46E11B7B78A650500BC08;2025-07-10;0.0;0.0
0894AE62BC88EE1191EE1065050098B9;44673735EAF46E11B7B78A650500BC08;2025-07-10;-2.0;-89.34
E8DCDFD36DCF8E11F243BB650500184B;44673735EAF46E11B7B78A650500BC08;2025-07-10;0.0;0.0
AFB935934E1FCE11ADB31065050039B8;44673735EAF46E11B7B78A650500BC08;2025-07-10;0.0;0.0
016AADAA45437E11B7B78A650500DD08;44673735EAF46E11B7B78A650500BC08;2025-07-10;0.0;0.0
2DDB20D79158EE1191EE1065050048B9;44673735EAF46E11B7B78A650500BC08;2025-07-10;0.0;0.0
A48B9F2B5C440F114EF7A826072BFC89;FC081C55582CED11A62CD892C0003F2A;2025-07-10;0.0;0.0
850585AB5C440F114EF7A826072BFC89;FC081C55582CED11A62CD892C0003F2A;2025-07-10;0.0;0.0
1A4685AB5C440F114EF7A826072BFC89;FC081C55582CED11A62CD892C0003F2A;2025-07-10;0.0;0.0
DBF48CCC6CB50F114EF7A826072BCE89;44673735EAF46E11B7B78A650500BC08;2025-07-10;8.0;14000.0
0AC2A5EC6CB50F114EF7A826072BCE89;44673735EAF46E11B7B78A650500BC08;2025-07-10;24.0;4382.4
AD3C913CBEB40F114EF7A826072B8D89;B0BDDED34CC83E11052F6792C000B249;2025-07-10;216.0;2446.8
945A415CBEB40F114EF7A826072B8D89;B0BDDED34CC83E11052F6792C000B249;2025-07-10;24.0;5567.2
B3B9BA2A78540F114EF7A826072B0D89;B0BDDED34CC83E11052F6792C000B249;2025-07-10;120.0;5478.56
4B3D96F436A0EE11406610650500BA4A;FC081C55582CED11A62CD892C0003F2A;2025-07-10;0.0;0.0
8379679436A0EE11406610650500BA4A;FC081C55582CED11A62CD892C0003F2A;2025-07-10;0.0;0.0
05815C9DA8FEFD11A4A96492C000DFF9;FC081C55582CED11A62CD892C0003F2A;2025-07-10;0.0;0.0
483E669409FEFD11A4A96492C000DFF9;FC081C55582CED11A62CD892C0003F2A;2025-07-10;-100.0;-11319.0
A6FE4F6F617ABE118772106505009A59;FC081C55582CED11A62CD892C0003F2A;2025-07-10;0.0;0.0
71917AB011CAED11A62CD892C0003F2A;B0BDDED34CC83E11052F6792C000B249;2025-07-10;8.0;1295.2
D8C421F8CCBBFD11A4A96492C000CB59;B0BDDED34CC83E11052F6792C000B249;2025-07-10;12.0;3032.76
D58A6214EC430E11A4A96492C00008E9;B0BDDED34CC83E11052F6792C000B249;2025-07-10;24.0;4807.68
BCFDDA8144F1CE118772106505002469;B0BDDED34CC83E11052F6792C000B249;2025-07-10;4.0;1914.08
428F3442662BDE11406610650500734A;B0BDDED34CC83E11052F6792C000B249;2025-07-10;20.0;3960.0
112ADE5EAC456E11B7B78A650500BC08;44673735EAF46E11B7B78A650500BC08;2025-07-10;-8.0;-9617.3
2DECC5295BDB6E11B7B78A650500BC08;44673735EAF46E11B7B78A650500BC08;2025-07-10;-4.0;-1232.52
1E7C913CBEB40F114EF7A826072B8D89;FC081C55582CED11A62CD892C0003F2A;2025-07-10;96.0;6317.88
630506F0AC028E11A442BB650500F9AA;44673735EAF46E11B7B78A650500BC08;2025-07-10;6.0;23006.26
1A09AE6FAC0EEE1191EE1065050029B9;FC081C55582CED11A62CD892C0003F2A;2025-07-10;4.0;707.62
EA4B2330F61E4E1142D58A650500BC08;44673735EAF46E11B7B78A650500BC08;2025-07-10;-20.0;-3338.0
82C73616F61E4E1142D58A650500BC08;44673735EAF46E11B7B78A650500BC08;2025-07-10;-32.0;-5340.8
E53783B0B42AFE11128010650500E819;44673735EAF46E11B7B78A650500BC08;2025-07-10;-10.0;-1085.0
9FE17EB58CBFAE11BE2110650500055A;44673735EAF46E11B7B78A650500BC08;2025-07-10;-6.0;-1204.26
449195C04E040F114EF7A826072BAC89;FC081C55582CED11A62CD892C0003F2A;2025-07-10;12.0;16346.68
6E0295C04E040F114EF7A826072BAC89;FC081C55582CED11A62CD892C0003F2A;2025-07-10;16.0;31664.42
2B96AF8AC9456E11B7B78A650500BC08;44673735EAF46E11B7B78A650500BC08;2025-07-10;-400.0;-7199.96
FB724E8DAD0BDE11406610650500534A;44673735EAF46E11B7B78A650500BC08;2025-07-10;8.0;3400.48
ABC4FA168F456E11B7B78A650500BC08;44673735EAF46E11B7B78A650500BC08;2025-07-10;10.0;3644.28
692BDC40F142DE11ADB310650500BDB8;B0BDDED34CC83E11052F6792C000B249;2025-07-10;10.0;1524.0
AFA31DEAFCA50F114EF7A826072BBE89;44673735EAF46E11B7B78A650500BC08;2025-07-10;6.0;5486.4
54A742F7AA52CE11877210650500A469;44673735EAF46E11B7B78A650500BC08;2025-07-10;12.0;809.16
618E77F4B8C50F114EF7A826072BDE89;FC081C55582CED11A62CD892C0003F2A;2025-07-10;40.0;4440.0
840F77F4B8C50F114EF7A826072BDE89;FC081C55582CED11A62CD892C0003F2A;2025-07-10;40.0;4440.0
58BE0693EE5ECE11ADB31065050048B8;FC081C55582CED11A62CD892C0003F2A;2025-07-10;12.0;357.0
307E5A06D343FE1191EE106505001EB9;FC081C55582CED11A62CD892C0003F2A;2025-07-10;4.0;661.2
8372B2EFCD42DE11ADB310650500CDB8;FC081C55582CED11A62CD892C0003F2A;2025-07-10;6.0;854.28
243591929EFDCE11ADB310650500C7B8;FC081C55582CED11A62CD892C0003F2A;2025-07-10;102.0;16057.859999999997
FCC67A9CC0CAED11A62CD892C0003F2A;FC081C55582CED11A62CD892C0003F2A;2025-07-10;10.0;1162.18
955F44D691E58E11F243BB650500DA3B;FC081C55582CED11A62CD892C0003F2A;2025-07-10;24.0;2917.2
4599061176208E110819BB65050039AA;FC081C55582CED11A62CD892C0003F2A;2025-07-10;24.0;3238.08
F497F302CB596E11B7B78A650500BC08;FC081C55582CED11A62CD892C0003F2A;2025-07-10;28.0;1600.7600000000002
06D7A2704E458E113835BB6505001EAA;FC081C55582CED11A62CD892C0003F2A;2025-07-10;6.0;770.16
A2E3A519CEEFFE11F1557891FE693789;FC081C55582CED11A62CD892C0003F2A;2025-07-10;4.0;1238.2
70438F60AF16CE11ADB3106505008DA8;FC081C55582CED11A62CD892C0003F2A;2025-07-10;24.0;4800.0
D57D7E8CF0CAED11A62CD892C0003F2A;FC081C55582CED11A62CD892C0003F2A;2025-07-10;14.0;5044.0599999999995
1FE882C764EE4E1142D58A650500BC08;FC081C55582CED11A62CD892C0003F2A;2025-07-10;8.0;2724.24
C34AC1B289AC3E11052F6792C000D249;FC081C55582CED11A62CD892C0003F2A;2025-07-10;24.0;4807.68
357CCDF9CEEFFE11F1557891FE693789;B0BDDED34CC83E11052F6792C000B249;2025-07-10;4.0;1298.6
7AA19B2EAB596E11B7B78A650500BC08;B0BDDED34CC83E11052F6792C000B249;2025-07-10;20.0;1495.4
E759B6028D7DED11A62CD892C0003F2A;B0BDDED34CC83E11052F6792C000B249;2025-07-10;48.0;4473.12
E032AE3DCD42DE11ADB310650500CDB8;FC081C55582CED11A62CD892C0003F2A;2025-07-10;8.0;1139.04
802CFC11E719DE11C84610650500C17A;FC081C55582CED11A62CD892C0003F2A;2025-07-10;12.0;1788.96
5B41332D25DFEE1191EE10650500A9B9;FC081C55582CED11A62CD892C0003F2A;2025-07-10;4.0;1328.8
A8C4431DAB454E1142D58A6505002C08;FC081C55582CED11A62CD892C0003F2A;2025-07-10;4.0;1386.56
DE8DBC8B695EDE11406610650500C74A;FC081C55582CED11A62CD892C0003F2A;2025-07-10;6.0;1551.36
6586EF13BA456E11B7B78A650500BC08;44673735EAF46E11B7B78A650500BC08;2025-07-10;-24.0;-723.6
FD4235D98BA3BE11BE21106505000A5A;44673735EAF46E11B7B78A650500BC08;2025-07-10;40.0;2045.82
5FF8A0E0C7EFCE11ADB3106505006AB8;44673735EAF46E11B7B78A650500BC08;2025-07-10;10.0;300.18
8CA0D619FFBAED11A62CD892C0003F2A;FC081C55582CED11A62CD892C0003F2A;2025-07-10;-2.0;-1513.84
D65B363FB4DD6E11B7B78A650500BC08;44673735EAF46E11B7B78A650500BC08;2025-07-10;-2.0;-438.5
DA55787356A23E11052F6792C000CF39;B0BDDED34CC83E11052F6792C000B249;2025-07-10;14.0;1573.68
A80AC546F173EE11B1AD10650500A6EA;B0BDDED34CC83E11052F6792C000B249;2025-07-10;6.0;453.94
DF5E225D0FC6BE11877210650500F559;FC081C55582CED11A62CD892C0003F2A;2025-07-10;2.0;1516.02
DBCC5B8FC5D1FE1191EE106505003CB9;44673735EAF46E11B7B78A650500BC08;2025-07-10;-2.0;-276.0
345902914575EE1191EE10650500D4B9;44673735EAF46E11B7B78A650500BC08;2025-07-10;-6.0;-120.0
871FEA3C6C62FE1191EE10650500FCB9;FC081C55582CED11A62CD892C0003F2A;2025-07-10;-2.0;-824.76
F9DBD94960CADE11406610650500F24A;B0BDDED34CC83E11052F6792C000B249;2025-07-10;4.0;480.72
6B7CA9403F42DE11ADB310650500CDB8;FC081C55582CED11A62CD892C0003F2A;2025-07-10;-2.0;-2890.9
18ABC23B9E63CE118772106505000669;FC081C55582CED11A62CD892C0003F2A;2025-07-10;-16.0;-7785.6
71FA764BBC3ABE118772106505005A59;44673735EAF46E11B7B78A650500BC08;2025-07-10;50.0;23900.0
D52460585D456E11B7B78A650500BC08;44673735EAF46E11B7B78A650500BC08;2025-07-10;-4.0;-2925.96
F1C5B32599DDCE11ADB31065050097B8;FC081C55582CED11A62CD892C0003F2A;2025-07-10;58.0;4625.62
4B96A1A5B07AFE11128010650500E819;FC081C55582CED11A62CD892C0003F2A;2025-07-10;2.0;1149.46
4F7C32CFCDF2DE11ADB310650500AEB8;FC081C55582CED11A62CD892C0003F2A;2025-07-10;8.0;4512.0
9A39160301CAED11A62CD892C0003F2A;FC081C55582CED11A62CD892C0003F2A;2025-07-10;10.0;539.7
E6CF24638D0ACE11ADB31065050062B8;FC081C55582CED11A62CD892C0003F2A;2025-07-10;8.0;3570.24
42E2A38201CAED11A62CD892C0003F2A;FC081C55582CED11A62CD892C0003F2A;2025-07-10;62.0;6658.8
32810D0D4ECF7E110819BB65050039AA;44673735EAF46E11B7B78A650500BC08;2025-07-10;64.0;18432.0
08BC77918754EE11B1AD10650500C7EA;FC081C55582CED11A62CD892C0003F2A;2025-07-10;28.0;8761.4
2972F770294CDE11406610650500054A;B0BDDED34CC83E11052F6792C000B249;2025-07-10;6.0;1415.22
11DBD1DCD0CAED11A62CD892C0003F2A;B0BDDED34CC83E11052F6792C000B249;2025-07-10;12.0;1737.2399999999998
B130B6E525B4DE11ADB310650500F0C8;FC081C55582CED11A62CD892C0003F2A;2025-07-10;48.0;3225.6
32E4596CA59BDE11406610650500144A;B0BDDED34CC83E11052F6792C000B249;2025-07-10;6.0;2392.02
1AE0B1F0DAA07E11B7B78A650500CD08;FC081C55582CED11A62CD892C0003F2A;2025-07-10;2.0;407.34
B01802A3565AFE11128010650500E819;FC081C55582CED11A62CD892C0003F2A;2025-07-10;2.0;401.4
73326194F9D2DE11ADB3106505007EB8;44673735EAF46E11B7B78A650500BC08;2025-07-10;-12.0;-2964.0
8A02796C1F3CEE1191EE1065050029B9;44673735EAF46E11B7B78A650500BC08;2025-07-10;-6.0;-96.18
90330441B8C7FE1191EE1065050004C9;44673735EAF46E11B7B78A650500BC08;2025-07-10;-4.0;-252.04
9D35008309F3DE11ADB310650500EFB8;B0BDDED34CC83E11052F6792C000B249;2025-07-10;4.0;141.64000000000001
668904ECAD62FE1191EE10650500FCB9;B0BDDED34CC83E11052F6792C000B249;2025-07-10;6.0;613.98
213DC9332596DE11ADB31065050053C8;B0BDDED34CC83E11052F6792C000B249;2025-07-10;24.0;711.38
4506263DCDEAAE11BE2110650500EE4A;B0BDDED34CC83E11052F6792C000B249;2025-07-10;6.0;195.9
C68AC2060430EE114066106505002A4A;B0BDDED34CC83E11052F6792C000B249;2025-07-10;20.0;435.8
E5B3E40A4044FE1191EE106505006FB9;B0BDDED34CC83E11052F6792C000B249;2025-07-10;12.0;4405.08
47A2D4320317DE11C846106505003F6A;B0BDDED34CC83E11052F6792C000B249;2025-07-10;6.0;1147.02
1232F8B3A7029E11554010650500FA3B;44673735EAF46E11B7B78A650500BC08;2025-07-10;0.0;0.0
6975FFA380A49E115540106505006E3B;44673735EAF46E11B7B78A650500BC08;2025-07-10;0.0;0.0
51FD61B620556E11B7B78A650500BC08;44673735EAF46E11B7B78A650500BC08;2025-07-10;-2.0;-659.28
5B975A6AD18ADE11406610650500924A;44673735EAF46E11B7B78A650500BC08;2025-07-10;0.0;0.0
1F3FA457417B8E11F243BB650500F14B;44673735EAF46E11B7B78A650500BC08;2025-07-10;0.0;0.0
6B734D70EB719E11F243BB6505003A4B;B0BDDED34CC83E11052F6792C000B249;2025-07-10;4.0;2849.58
87C844D3D0CAED11A62CD892C0003F2A;B0BDDED34CC83E11052F6792C000B249;2025-07-10;6.0;1438.32
1B68C466D74BCE11ADB31065050014B8;44673735EAF46E11B7B78A650500BC08;2025-07-10;4.0;7511.8
99DFC4E971365E1142D58A650500DC08;B0BDDED34CC83E11052F6792C000B249;2025-07-10;22.0;4650.360000000001
ED40F4D59CD75E1142D58A650500DC08;B0BDDED34CC83E11052F6792C000B249;2025-07-10;2.0;445.68
C0E7F8B9F5E6AE11BE2110650500C94A;B0BDDED34CC83E11052F6792C000B249;2025-07-10;8.0;2126.4
A383B556EB4A6E11B7B78A650500BC08;FC081C55582CED11A62CD892C0003F2A;2025-07-10;6.0;3402.0
94576CBC4D3C9E11726010650500F84A;B0BDDED34CC83E11052F6792C000B249;2025-07-10;4.0;2924.0
FEECFC364EE2BE11BE2110650500195A;FC081C55582CED11A62CD892C0003F2A;2025-07-10;-2.0;-264.78
E4E509F1690F9E117260106505009C4A;FC081C55582CED11A62CD892C0003F2A;2025-07-10;-6.0;-1866.64
811E84EBBD1EFE11F1557891FE69E489;FC081C55582CED11A62CD892C0003F2A;2025-07-10;-4.0;-278.0
3594E7F5D035CE11ADB3106505000DA8;FC081C55582CED11A62CD892C0003F2A;2025-07-10;-8.0;-1154.86
31A39B4ED0CAED11A62CD892C0003F2A;FC081C55582CED11A62CD892C0003F2A;2025-07-10;-2.0;-835.04
432B7B2E1F22FE1191EE10650500ACB9;FC081C55582CED11A62CD892C0003F2A;2025-07-10;-2.0;-461.48
96FC6A371ABAFE11128010650500E819;FC081C55582CED11A62CD892C0003F2A;2025-07-10;-2.0;-668.22
B9E4BC683CA5FE1191EE1065050041C9;FC081C55582CED11A62CD892C0003F2A;2025-07-10;-2.0;-88.34
1EF5E66C16F1CE118772106505002469;FC081C55582CED11A62CD892C0003F2A;2025-07-10;-2.0;-688.4
255557080432CE118772106505007469;FC081C55582CED11A62CD892C0003F2A;2025-07-10;-1.0;-1353.02
141D2C1F68DDCE11ADB31065050097B8;FC081C55582CED11A62CD892C0003F2A;2025-07-10;-2.0;-63.74
25FF70BD6BC6AE11BE2110650500A94A;FC081C55582CED11A62CD892C0003F2A;2025-07-10;-2.0;-549.88
D59AE99EF0446E11B7B78A650500BC08;FC081C55582CED11A62CD892C0003F2A;2025-07-10;-2.0;-763.98
BE6785D8D0CAED11A62CD892C0003F2A;FC081C55582CED11A62CD892C0003F2A;2025-07-10;-4.0;-913.28
48CC6A371ABAFE11128010650500E819;FC081C55582CED11A62CD892C0003F2A;2025-07-10;-2.0;-500.94
D1CE2DF5D7696E11B7B78A650500BC08;FC081C55582CED11A62CD892C0003F2A;2025-07-10;-2.0;-222.14
1B0F7D7C9B98FE11128010650500D819;FC081C55582CED11A62CD892C0003F2A;2025-07-10;-2.0;-270.0
EC6D6B7061593E11052F6792C000D249;FC081C55582CED11A62CD892C0003F2A;2025-07-10;-2.0;-314.94
ED38440FED71FE1191EE10650500CBB9;FC081C55582CED11A62CD892C0003F2A;2025-07-10;-2.0;-195.6
185BD54551CAED11A62CD892C0003F2A;FC081C55582CED11A62CD892C0003F2A;2025-07-10;-2.0;-484.62
D68CE0818869FE11128010650500E819;FC081C55582CED11A62CD892C0003F2A;2025-07-10;-4.0;-2879.72
8858984A2FB96E11B7B78A650500BC08;FC081C55582CED11A62CD892C0003F2A;2025-07-10;-4.0;-506.8
3265F1DEA596DE11ADB31065050053C8;FC081C55582CED11A62CD892C0003F2A;2025-07-10;-2.0;-563.96
E76C964257E48E113835BB6505009DAA;FC081C55582CED11A62CD892C0003F2A;2025-07-10;-2.0;-622.0
D73962958D6B6E11B7B78A650500BC08;FC081C55582CED11A62CD892C0003F2A;2025-07-10;-4.0;-2097.16
875D2CD7F607DE11C846106505002F6A;FC081C55582CED11A62CD892C0003F2A;2025-07-10;-10.0;-56.0
853F24C63AD67E11B7B78A650500ED08;FC081C55582CED11A62CD892C0003F2A;2025-07-10;-2.0;-581.2
ABE63F8E68DDCE11ADB31065050097B8;FC081C55582CED11A62CD892C0003F2A;2025-07-10;-4.0;-117.44
A89284BB701EEE1191EE1065050029B9;FC081C55582CED11A62CD892C0003F2A;2025-07-10;-22.0;-1755.6
2EC8CA063E7E4E1142D58A650500BC08;FC081C55582CED11A62CD892C0003F2A;2025-07-10;-2.0;-280.22
50A4AA3A587CDE11406610650500454A;FC081C55582CED11A62CD892C0003F2A;2025-07-10;-2.0;-275.1
C1D65036DE75FD110DC22A92C000D158;FC081C55582CED11A62CD892C0003F2A;2025-07-10;-2.0;-45.04
FC7C3159E67EFE11F1557891FE695589;FC081C55582CED11A62CD892C0003F2A;2025-07-10;-2.0;-158.84
9272737CCE80FE1191EE106505009AB9;FC081C55582CED11A62CD892C0003F2A;2025-07-10;-2.0;-383.66
A76C3997B34C2E11052F6792C000CF39;FC081C55582CED11A62CD892C0003F2A;2025-07-10;-2.0;-284.8
064AD03DCFDDAE11BE2110650500A25A;FC081C55582CED11A62CD892C0003F2A;2025-07-10;-4.0;-867.52
CAAA6685BA5DCE11ADB310650500E6B8;FC081C55582CED11A62CD892C0003F2A;2025-07-10;-2.0;-213.92
081E69115DC2DE11ADB3106505006EB8;FC081C55582CED11A62CD892C0003F2A;2025-07-10;-2.0;-1189.22
19995C707C82DE11ADB3106505001EB8;FC081C55582CED11A62CD892C0003F2A;2025-07-10;-2.0;-808.12
5F88DBCEC5E29E115540106505002C3B;FC081C55582CED11A62CD892C0003F2A;2025-07-10;-4.0;-1162.6399999999999
DE907E1CB0EFEE1191EE10650500B9B9;FC081C55582CED11A62CD892C0003F2A;2025-07-10;-2.0;-2228.1
E0B46A90AB12DE11ADB3106505008DB8;FC081C55582CED11A62CD892C0003F2A;2025-07-10;-2.0;-1625.52
CE36424CC67F7E110819BB65050039AA;FC081C55582CED11A62CD892C0003F2A;2025-07-10;-2.0;-86.0
86E1A97FCCEABE118772106505003B59;FC081C55582CED11A62CD892C0003F2A;2025-07-10;-4.0;-301.16
5D357C1338C6EE1191EE1065050086B9;FC081C55582CED11A62CD892C0003F2A;2025-07-10;-2.0;-1901.34
307874AA63D2FE1191EE106505007DB9;FC081C55582CED11A62CD892C0003F2A;2025-07-10;-4.0;-107.96
6AECE941BE31FE1191EE106505007BB9;FC081C55582CED11A62CD892C0003F2A;2025-07-10;-8.0;-918.3
42A8ED7CFFE1EE114066106505006C4A;FC081C55582CED11A62CD892C0003F2A;2025-07-10;-2.0;-184.0
F6BA35B36CE1DE11ADB3106505004DB8;FC081C55582CED11A62CD892C0003F2A;2025-07-10;-2.0;-160.14
468337CD542CAE11BE2110650500705A;FC081C55582CED11A62CD892C0003F2A;2025-07-10;-8.0;-1624.32
C68100E56612FE1191EE106505008CB9;FC081C55582CED11A62CD892C0003F2A;2025-07-10;-2.0;-565.44
63DDB9D6E236AE11BE2110650500E84A;FC081C55582CED11A62CD892C0003F2A;2025-07-10;-4.0;-228.28
4FB8FAED3EE2BE11BE2110650500195A;FC081C55582CED11A62CD892C0003F2A;2025-07-10;-2.0;-282.04
986AB4DF30456E11B7B78A650500BC08;FC081C55582CED11A62CD892C0003F2A;2025-07-10;-4.0;-195.16
99DFC4E971365E1142D58A650500DC08;FC081C55582CED11A62CD892C0003F2A;2025-07-10;-6.0;-799.1999999999999
59830A1788E5EE1191EE1065050075B9;FC081C55582CED11A62CD892C0003F2A;2025-07-10;-2.0;-904.5
F71074C403C2EE11B1AD10650500C5EA;FC081C55582CED11A62CD892C0003F2A;2025-07-10;-10.0;-1034.0
27A4A46A4EEC9E11726010650500D94A;FC081C55582CED11A62CD892C0003F2A;2025-07-10;-10.0;-576.7
B21FD31D3F00EE11406610650500F94A;FC081C55582CED11A62CD892C0003F2A;2025-07-10;-12.0;-859.92
B271725E6CE7CE11ADB3106505009FA8;FC081C55582CED11A62CD892C0003F2A;2025-07-10;-2.0;-104.44
7698DB7348F20F114EF7A826072B4B89;FC081C55582CED11A62CD892C0003F2A;2025-07-10;-4.0;-411.78
96C6CF0A77ADDE11406610650500C64A;FC081C55582CED11A62CD892C0003F2A;2025-07-10;-2.0;-5.2
57B86EA8A1500F11F1557891FE69B789;FC081C55582CED11A62CD892C0003F2A;2025-07-10;-2.0;-24.0
040F7376AC1BAE11BE21106505002F4A;FC081C55582CED11A62CD892C0003F2A;2025-07-10;-18.0;-143.1
97A8966532A0CE118772106505007269;FC081C55582CED11A62CD892C0003F2A;2025-07-10;-2.0;-27.94
947ABEBFDE9F8E11F243BB650500D74B;FC081C55582CED11A62CD892C0003F2A;2025-07-10;-2.0;-57.4
4672F784B0900F11F1557891FE690889;FC081C55582CED11A62CD892C0003F2A;2025-07-10;-4.0;-348.46
7D7CD4002978FE11128010650500D819;FC081C55582CED11A62CD892C0003F2A;2025-07-10;-2.0;-76.44
91E23F1711FBEE1191EE1065050029B9;FC081C55582CED11A62CD892C0003F2A;2025-07-10;-2.0;-94.86
F327DB7348F20F114EF7A826072B4B89;FC081C55582CED11A62CD892C0003F2A;2025-07-10;-2.0;-267.38
17FA941B64F4DE11ADB31065050041C8;FC081C55582CED11A62CD892C0003F2A;2025-07-10;-2.0;-217.7
8F14FA47EBF22E1143F0668E4200C71A;FC081C55582CED11A62CD892C0003F2A;2025-07-10;-2.0;-191.5
2F6AAFC0217B8E11F243BB650500F14B;FC081C55582CED11A62CD892C0003F2A;2025-07-10;-2.0;-290.1
8AEEDBF55D4DDE11406610650500564A;FC081C55582CED11A62CD892C0003F2A;2025-07-10;-4.0;-272.0
9B7AD296DDFFFE11F1557891FE694789;FC081C55582CED11A62CD892C0003F2A;2025-07-10;-2.0;-611.12
C10E4EB53FDA1E1143F0668E4200FBFB;FC081C55582CED11A62CD892C0003F2A;2025-07-10;-2.0;-1768.54
B27A99AAF0CAED11A62CD892C0003F2A;FC081C55582CED11A62CD892C0003F2A;2025-07-10;-2.0;-392.34
D7F3CAE360FBEE1191EE1065050029B9;FC081C55582CED11A62CD892C0003F2A;2025-07-10;-2.0;-373.0
7484C0E058B13E11052F6792C000CF39;FC081C55582CED11A62CD892C0003F2A;2025-07-10;-2.0;-152.22
2486D18743FDDE11406610650500274A;FC081C55582CED11A62CD892C0003F2A;2025-07-10;-2.0;-178.38
2E2824A08773FE1191EE106505006EB9;FC081C55582CED11A62CD892C0003F2A;2025-07-10;-2.0;-139.8
3B4F3575178B3E11052F6792C000D249;FC081C55582CED11A62CD892C0003F2A;2025-07-10;-2.0;-121.86
47D99E6F430ACE11ADB31065050052B8;FC081C55582CED11A62CD892C0003F2A;2025-07-10;-4.0;-340.0
8E176259DE79EE1191EE1065050009B9;FC081C55582CED11A62CD892C0003F2A;2025-07-10;-4.0;-1006.4
D0DE70D0A4ABEE1191EE1065050029B9;FC081C55582CED11A62CD892C0003F2A;2025-07-10;-2.0;-206.74
6B89386B89D40F114EF7A826072BAD89;FC081C55582CED11A62CD892C0003F2A;2025-07-10;-2.0;-234.42
631E9DB11A278E11F243BB6505008C3B;FC081C55582CED11A62CD892C0003F2A;2025-07-10;-2.0;-159.58
6F1F795CD0CAED11A62CD892C0003F2A;FC081C55582CED11A62CD892C0003F2A;2025-07-10;-4.0;-353.62
F20471B7348EFE11F1557891FE696589;FC081C55582CED11A62CD892C0003F2A;2025-07-10;-8.0;-1543.24
481D84BB0F70DE11ADB3106505004BB8;FC081C55582CED11A62CD892C0003F2A;2025-07-10;-2.0;-64.46
16D2311DA869FE11128010650500E819;FC081C55582CED11A62CD892C0003F2A;2025-07-10;-4.0;-1415.48
363F57AF5BCEAE11BE2110650500D35A;FC081C55582CED11A62CD892C0003F2A;2025-07-10;-4.0;-956.0
5375213C3104FE1191EE106505001FB9;FC081C55582CED11A62CD892C0003F2A;2025-07-10;-2.0;-34.0
AAAD9DCF76640F114EF7A826072B1D89;FC081C55582CED11A62CD892C0003F2A;2025-07-10;-2.0;-117.22
2E3852EAAF05EE11B1AD10650500B8EA;FC081C55582CED11A62CD892C0003F2A;2025-07-10;-2.0;-279.06
9B442CF9FEFBAE11BE2110650500405A;FC081C55582CED11A62CD892C0003F2A;2025-07-10;-2.0;-773.42
929DCC42456DCE11ADB310650500F6B8;FC081C55582CED11A62CD892C0003F2A;2025-07-10;-2.0;-1654.02
BD77761AFC07FE1191EE1065050013C9;FC081C55582CED11A62CD892C0003F2A;2025-07-10;-2.0;-480.66
4D924FD456938E113835BB6505001CAA;FC081C55582CED11A62CD892C0003F2A;2025-07-10;-4.0;-404.94
D8B6D2492EDFFD11A4A96492C0001019;FC081C55582CED11A62CD892C0003F2A;2025-07-10;-2.0;-494.82
3F52E5BB5BF5CE11ADB3106505007DA8;FC081C55582CED11A62CD892C0003F2A;2025-07-10;-2.0;-336.44
48A6A05B45DFEE1191EE10650500A9B9;FC081C55582CED11A62CD892C0003F2A;2025-07-10;-2.0;-213.2
8D3F9C6BF173EE11B1AD10650500A6EA;FC081C55582CED11A62CD892C0003F2A;2025-07-10;-4.0;-110.54
17D7FCFEDB8F6E11B7B78A650500CD08;FC081C55582CED11A62CD892C0003F2A;2025-07-10;-4.0;-1096.64
C07BE0DB5D85DE11ADB31065050002C8;FC081C55582CED11A62CD892C0003F2A;2025-07-10;-4.0;-99.8
0C05A5986C10FE1191EE106505000AB9;FC081C55582CED11A62CD892C0003F2A;2025-07-10;-2.0;-1686.46
1AC1ECCA6F8FFD11A4A96492C0001019;FC081C55582CED11A62CD892C0003F2A;2025-07-10;-4.0;-404.88
1CCBC1A83A2D8E11F243BB650500A44B;FC081C55582CED11A62CD892C0003F2A;2025-07-10;-2.0;-152.22
8EEED57615A0EE11406610650500BA4A;FC081C55582CED11A62CD892C0003F2A;2025-07-10;-2.0;-6815.14
ABE0C9EACED4DE11ADB31065050021C8;FC081C55582CED11A62CD892C0003F2A;2025-07-10;-2.0;-82.84
2D3A676F8DF88E11F243BB650500DE3B;FC081C55582CED11A62CD892C0003F2A;2025-07-10;-6.0;-985.3799999999999
79C19A8C87449E11554010650500ED3B;FC081C55582CED11A62CD892C0003F2A;2025-07-10;-2.0;-1336.0
9067461F0256BE118772106505005559;FC081C55582CED11A62CD892C0003F2A;2025-07-10;-6.0;-520.34
C4F3726A399DDE11406610650500B64A;FC081C55582CED11A62CD892C0003F2A;2025-07-10;-4.0;-764.16
654595263F5F9E117260106505000D4A;FC081C55582CED11A62CD892C0003F2A;2025-07-10;-2.0;-143.18
80C9AA4F687ECE11ADB31065050068B8;FC081C55582CED11A62CD892C0003F2A;2025-07-10;-2.0;-1065.98
49D52F15E0CAED11A62CD892C0003F2A;FC081C55582CED11A62CD892C0003F2A;2025-07-10;-2.0;-455.28
876FBF7867788E11F243BB6505002E3B;FC081C55582CED11A62CD892C0003F2A;2025-07-10;-2.0;-143.2
DC29F20C3104FE1191EE106505001FB9;FC081C55582CED11A62CD892C0003F2A;2025-07-10;-2.0;-33.94
2FA75203E9F20F114EF7A826072B4B89;FC081C55582CED11A62CD892C0003F2A;2025-07-10;-2.0;-453.74
0B7B2942599EFE11F1557891FE698589;FC081C55582CED11A62CD892C0003F2A;2025-07-10;-2.0;-370.0
DF83524500B7FE1191EE10650500E3C9;FC081C55582CED11A62CD892C0003F2A;2025-07-10;-8.0;-6336.56
0B7EA63568A39E115540106505001D3B;FC081C55582CED11A62CD892C0003F2A;2025-07-10;-2.0;-480.84
07AF8A5FC0CAED11A62CD892C0003F2A;FC081C55582CED11A62CD892C0003F2A;2025-07-10;-2.0;-642.42
CAC5E6193022EE11406610650500AC4A;FC081C55582CED11A62CD892C0003F2A;2025-07-10;-2.0;-238.64
B8918056E142DE11ADB310650500BDB8;FC081C55582CED11A62CD892C0003F2A;2025-07-10;-2.0;-72.1
605D54D8506AFE11128010650500E819;FC081C55582CED11A62CD892C0003F2A;2025-07-10;-8.0;-457.2
34B5FC4033E88E11F243BB650500BE3B;FC081C55582CED11A62CD892C0003F2A;2025-07-10;-2.0;-389.26
D46E21493545FE1191EE10650500C0C9;FC081C55582CED11A62CD892C0003F2A;2025-07-10;-2.0;-1082.0
421962B377B40E11A4A96492C000067B;FC081C55582CED11A62CD892C0003F2A;2025-07-10;-2.0;-28.14
BFDF3DC9CC3FFE11F1557891FE695689;FC081C55582CED11A62CD892C0003F2A;2025-07-10;-2.0;-72.5
3C0C541D348BED11A62CD892C0003F2A;FC081C55582CED11A62CD892C0003F2A;2025-07-10;-2.0;-289.02
4B7D46D553B0EE11406610650500CA4A;FC081C55582CED11A62CD892C0003F2A;2025-07-10;-2.0;-500.34
48E1AD2E10510F11112A674AC7E21989;FC081C55582CED11A62CD892C0003F2A;2025-07-10;-2.0;-1042.22
B0E067EDE77CCE11ADB310650500B5B8;FC081C55582CED11A62CD892C0003F2A;2025-07-10;-6.0;-176.58
B3EEFCBB059BDE11406610650500144A;FC081C55582CED11A62CD892C0003F2A;2025-07-10;-2.0;-157.28
266D7513BF73EE11B1AD10650500B6EA;FC081C55582CED11A62CD892C0003F2A;2025-07-10;-2.0;-503.46
3B18A200A98FDE11406610650500494A;FC081C55582CED11A62CD892C0003F2A;2025-07-10;-2.0;-2546.2
7274E61DA0CAED11A62CD892C0003F2A;B0BDDED34CC83E11052F6792C000B249;2025-07-10;-6.0;-778.14
83817B5057AEEE1191EE1065050029B9;B0BDDED34CC83E11052F6792C000B249;2025-07-10;-4.0;-324.04
37C3840F18363E11052F6792C000FF39;B0BDDED34CC83E11052F6792C000B249;2025-07-10;-2.0;-171.26
8DA4A40EAA4A7E110819BB65050039AA;B0BDDED34CC83E11052F6792C000B249;2025-07-10;-1.4;-1287.74
4DC54A9225B4DE11ADB310650500F0C8;B0BDDED34CC83E11052F6792C000B249;2025-07-10;-6.0;-403.20000000000005
CA8FE3866C143E11052F6792C000FF39;B0BDDED34CC83E11052F6792C000B249;2025-07-10;-4.0;-898.32
FBB8EC90EDDE8E11F243BB650500E64B;B0BDDED34CC83E11052F6792C000B249;2025-07-10;-2.0;-281.32
0A150FF1AC112E1143F0668E4200C71A;B0BDDED34CC83E11052F6792C000B249;2025-07-10;-2.0;-674.14
FDBF5FCF20CAED11A62CD892C0003F2A;B0BDDED34CC83E11052F6792C000B249;2025-07-10;-4.0;-212.0
6C70870A45FFDE11406610650500D94A;B0BDDED34CC83E11052F6792C000B249;2025-07-10;-2.0;-145.16
D11B912A5737CE11ADB310650500BEA8;B0BDDED34CC83E11052F6792C000B249;2025-07-10;-30.0;-952.1999999999999
BE7F13DEE2E3DE11ADB310650500CFB8;B0BDDED34CC83E11052F6792C000B249;2025-07-10;-2.0;-745.6
94A6D0F5F4A00E11A4A96492C0002019;B0BDDED34CC83E11052F6792C000B249;2025-07-10;-2.0;-323.8
B37B5054AED8BE118772106505009859;B0BDDED34CC83E11052F6792C000B249;2025-07-10;-10.0;-6545.34
7187C7069B4ACE11ADB310650500B2B8;B0BDDED34CC83E11052F6792C000B249;2025-07-10;-2.0;-76.26
E969F20C3104FE1191EE106505001FB9;B0BDDED34CC83E11052F6792C000B249;2025-07-10;-2.0;-34.2
D5CAE99D8FD1DE11ADB3106505003DB8;B0BDDED34CC83E11052F6792C000B249;2025-07-10;-2.0;-897.08
C486995474054E1142D58A6505002C08;B0BDDED34CC83E11052F6792C000B249;2025-07-10;-2.0;-155.44
8592484515118E110819BB65050039AA;B0BDDED34CC83E11052F6792C000B249;2025-07-10;-2.0;-151.8
117F2EE2CD322E1143F0668E4200C71A;B0BDDED34CC83E11052F6792C000B249;2025-07-10;-2.0;-422.56
934285D780B2CE118772106505001569;B0BDDED34CC83E11052F6792C000B249;2025-07-10;-2.0;-201.34
5F047AB248F20F114EF7A826072B4B89;B0BDDED34CC83E11052F6792C000B249;2025-07-10;-2.0;-70.9
C5312590B0CAED11A62CD892C0003F2A;B0BDDED34CC83E11052F6792C000B249;2025-07-10;-2.0;-201.66
E5190FC03364EE11B1AD10650500D7EA;B0BDDED34CC83E11052F6792C000B249;2025-07-10;-2.0;-47.28
49E9975D893FDE11406610650500E84A;B0BDDED34CC83E11052F6792C000B249;2025-07-10;-2.0;-17.38
7D88024E31CAED11A62CD892C0003F2A;B0BDDED34CC83E11052F6792C000B249;2025-07-10;-2.0;-226.2
DDA0BB5F01CAED11A62CD892C0003F2A;B0BDDED34CC83E11052F6792C000B249;2025-07-10;-4.0;-324.0
7CBDF248DC197E110819BB65050009AA;B0BDDED34CC83E11052F6792C000B249;2025-07-10;-2.0;-171.26
1816570B285CEE1191EE1065050029B9;B0BDDED34CC83E11052F6792C000B249;2025-07-10;-2.0;-1785.1
A729A1082814EE11B1AD1065050077EA;B0BDDED34CC83E11052F6792C000B249;2025-07-10;-2.0;-234.9
6E754762F0CAED11A62CD892C0003F2A;B0BDDED34CC83E11052F6792C000B249;2025-07-10;-4.0;-219.88
01F2DC147FEE4E1142D58A650500BC08;B0BDDED34CC83E11052F6792C000B249;2025-07-10;-2.0;-1229.7
497EC6546717FE1191EE1065050023C9;B0BDDED34CC83E11052F6792C000B249;2025-07-10;-2.0;-1149.54
BE5D134965B4DE11ADB310650500F0C8;B0BDDED34CC83E11052F6792C000B249;2025-07-10;-8.0;-332.96
844000D3FBCEAE11BE2110650500D35A;B0BDDED34CC83E11052F6792C000B249;2025-07-10;-8.0;-336.0
C17BBCB6A1D5AE11BE2110650500684A;B0BDDED34CC83E11052F6792C000B249;2025-07-10;-2.0;-619.56
66F0B18967730F1158A3BB3DBE8EEB89;B0BDDED34CC83E11052F6792C000B249;2025-07-10;-4.0;-1724.16
3160794DCD1BFE11128010650500E819;B0BDDED34CC83E11052F6792C000B249;2025-07-10;-4.0;-1080.28
18ABC23B9E63CE118772106505000669;B0BDDED34CC83E11052F6792C000B249;2025-07-10;-2.0;-883.22
A7F7EC04070ECE11ADB310650500D7B8;B0BDDED34CC83E11052F6792C000B249;2025-07-10;-2.0;-254.88
07DC66FE5AC1BE11BE2110650500A75A;B0BDDED34CC83E11052F6792C000B249;2025-07-10;-4.0;-126.5
10285D09BDFDED11A62CD892C000399B;B0BDDED34CC83E11052F6792C000B249;2025-07-10;-4.0;-1040.12
AB889AA6B0D97E110819BB65050019AA;B0BDDED34CC83E11052F6792C000B249;2025-07-10;-12.0;-1386.0
EBBE944DE2DFEE1191EE10650500A9B9;B0BDDED34CC83E11052F6792C000B249;2025-07-10;-2.0;-156.48
3A8FE3866C143E11052F6792C000FF39;B0BDDED34CC83E11052F6792C000B249;2025-07-10;-2.0;-449.16
DC9803F38ABAFE11128010650500E819;B0BDDED34CC83E11052F6792C000B249;2025-07-10;-2.0;-562.56
3D963A89DBB1EE114066106505001C4A;B0BDDED34CC83E11052F6792C000B249;2025-07-10;-2.0;-139.72
A89284BB701EEE1191EE1065050029B9;B0BDDED34CC83E11052F6792C000B249;2025-07-10;-8.0;-638.4
7DF2DAC0DDADAE11BE2110650500625A;B0BDDED34CC83E11052F6792C000B249;2025-07-10;-10.0;-737.98
D7A1B38EBB82DE11ADB3106505001EB8;B0BDDED34CC83E11052F6792C000B249;2025-07-10;-2.0;-45.92
F1BC357780B2CE118772106505001569;B0BDDED34CC83E11052F6792C000B249;2025-07-10;-2.0;-137.62
647B55A4657EAE11BE2110650500635A;B0BDDED34CC83E11052F6792C000B249;2025-07-10;-2.0;-373.66
0FEF367EEB0AFE11128010650500E819;B0BDDED34CC83E11052F6792C000B249;2025-07-10;-2.0;-83.28
8C9824D254A27E11B7B78A650500DD08;B0BDDED34CC83E11052F6792C000B249;2025-07-10;-2.0;-482.18
D12E65D2C70F9E117260106505009C4A;B0BDDED34CC83E11052F6792C000B249;2025-07-10;-2.0;-349.28
9CB8FABB64B0EE11406610650500CA4A;B0BDDED34CC83E11052F6792C000B249;2025-07-10;-2.0;-678.58
8313C334BD2ECE11ADB31065050008B8;B0BDDED34CC83E11052F6792C000B249;2025-07-10;-6.0;-238.92000000000002
DA993E8BE3900F11F1557891FE690889;B0BDDED34CC83E11052F6792C000B249;2025-07-10;-2.0;-588.88
C8BD7CC1E30BEE1191EE1065050029B9;B0BDDED34CC83E11052F6792C000B249;2025-07-10;-4.0;-243.6
2CD8799B2AC75E1142D58A650500DC08;B0BDDED34CC83E11052F6792C000B249;2025-07-10;-2.0;-243.5
1100819A08FCFD11A4A96492C000CB59;B0BDDED34CC83E11052F6792C000B249;2025-07-10;-2.0;-254.46
61E93C3D91CAED11A62CD892C0003F2A;B0BDDED34CC83E11052F6792C000B249;2025-07-10;-2.0;-126.86
986CE14644425E1142D58A650500DC08;B0BDDED34CC83E11052F6792C000B249;2025-07-10;-2.0;-206.44
AFE6E222845FDE11406610650500094A;B0BDDED34CC83E11052F6792C000B249;2025-07-10;-2.0;-526.3
EB3BDB0D222DFE11F1557891FE69A389;B0BDDED34CC83E11052F6792C000B249;2025-07-10;-2.0;-122.4
BC019713DDE1EE114066106505006C4A;B0BDDED34CC83E11052F6792C000B249;2025-07-10;-2.0;-186.8
FDE0EFD0B78DBE118772106505008E59;B0BDDED34CC83E11052F6792C000B249;2025-07-10;-2.0;-173.32
AD1FCE829A22DE11ADB3106505009DB8;B0BDDED34CC83E11052F6792C000B249;2025-07-10;-2.0;-94.7
446C9C199B427E11B7B78A650500CD08;B0BDDED34CC83E11052F6792C000B249;2025-07-10;-2.0;-437.78
B44BE0459AE1DE11ADB3106505004DB8;B0BDDED34CC83E11052F6792C000B249;2025-07-10;-2.0;-1002.98
E9F07EA9DB528E110223BB6505006AAA;B0BDDED34CC83E11052F6792C000B249;2025-07-10;-2.0;-275.4
89326F8D5DE0CE11877210650500D269;B0BDDED34CC83E11052F6792C000B249;2025-07-10;-2.0;-714.28
662AC45A4BB23E11052F6792C000CF39;B0BDDED34CC83E11052F6792C000B249;2025-07-10;-2.0;-679.66
711E94C685258E113835BB650500EDAA;B0BDDED34CC83E11052F6792C000B249;2025-07-10;-2.0;-1908.98
58227AB94705EE11B1AD10650500A8EA;B0BDDED34CC83E11052F6792C000B249;2025-07-10;-4.0;-605.72
E4459644CB05FD110DC22A92C0009D7B;B0BDDED34CC83E11052F6792C000B249;2025-07-10;-2.0;-920.38
5D6F723925802E1143F0668E4200C71A;B0BDDED34CC83E11052F6792C000B249;2025-07-10;-2.0;-104.62
217275ABC1A76E11B7B78A650500BC08;B0BDDED34CC83E11052F6792C000B249;2025-07-10;-2.0;-344.72
219DD72987C2FE1191EE106505006DB9;B0BDDED34CC83E11052F6792C000B249;2025-07-10;-2.0;-37.62
E4920F1D0C68BE118772106505000859;44673735EAF46E11B7B78A650500BC08;2025-07-10;-2.0;-1248.0
462352B9AC456E11B7B78A650500BC08;44673735EAF46E11B7B78A650500BC08;2025-07-10;-10.0;-1646.5
D53DDEE17B4F6E11B7B78A650500CD08;44673735EAF46E11B7B78A650500BC08;2025-07-10;-206.0;-708.64
250BACBD2D456E11B7B78A650500BC08;44673735EAF46E11B7B78A650500BC08;2025-07-10;-12.0;-729.6
44D3D4490FFEFE11F1557891FE690689;44673735EAF46E11B7B78A650500BC08;2025-07-10;-2.0;-402.58
23F859C0EC9F7E110819BB65050039AA;44673735EAF46E11B7B78A650500BC08;2025-07-10;-2.0;-120.36
0C6569AA70679E11554010650500F14B;44673735EAF46E11B7B78A650500BC08;2025-07-10;-2.0;-783.58
7CBDF248DC197E110819BB65050009AA;44673735EAF46E11B7B78A650500BC08;2025-07-10;-10.0;-856.3
717ADCE697B0FE1191EE10650500CAB9;44673735EAF46E11B7B78A650500BC08;2025-07-10;-4.0;-194.44
B9AD37D0B56FBE11877210650500E069;44673735EAF46E11B7B78A650500BC08;2025-07-10;-6.0;-462.0
2B23E5EBF89DDE11406610650500B64A;44673735EAF46E11B7B78A650500BC08;2025-07-10;-2.0;-216.68
0D80B9BFC1758E113835BB6505004EAA;44673735EAF46E11B7B78A650500BC08;2025-07-10;-2.0;-211.26
FA9AF0760B9E9E117260106505000C4A;44673735EAF46E11B7B78A650500BC08;2025-07-10;-2.0;-146.3
AD135B1BC01C3E11052F6792C000D249;44673735EAF46E11B7B78A650500BC08;2025-07-10;-2.0;-66.0
3E6B6C983392BE11BE2110650500A85A;44673735EAF46E11B7B78A650500BC08;2025-07-10;-6.0;-566.02
A1F225C8F61E4E1142D58A650500BC08;44673735EAF46E11B7B78A650500BC08;2025-07-10;-6.0;-1001.4
FDA3800F2C456E11B7B78A650500BC08;44673735EAF46E11B7B78A650500BC08;2025-07-10;-2.0;-1358.92
B9C3840F18363E11052F6792C000FF39;44673735EAF46E11B7B78A650500BC08;2025-07-10;-2.0;-171.26
E96562D6E770BE11BE2110650500F55A;44673735EAF46E11B7B78A650500BC08;2025-07-10;-4.0;-425.46000000000004
7E1EA5A1801C3E11052F6792C000D249;44673735EAF46E11B7B78A650500BC08;2025-07-10;-2.0;-29.4
6FAC2271E0CAED11A62CD892C0003F2A;44673735EAF46E11B7B78A650500BC08;2025-07-10;-2.0;-734.38
7357CADF84DDBE11877210650500EE59;44673735EAF46E11B7B78A650500BC08;2025-07-10;-6.0;-349.38
E02AFB047F6ECE11ADB31065050058B8;44673735EAF46E11B7B78A650500BC08;2025-07-10;-2.0;-868.0
BA03DC6A9C456E11B7B78A650500BC08;44673735EAF46E11B7B78A650500BC08;2025-07-10;-2.0;-255.12
A4A2AC04E5385E1142D58A650500DC08;44673735EAF46E11B7B78A650500BC08;2025-07-10;-2.0;-333.8
57B15988074DFE11F1557891FE69D389;44673735EAF46E11B7B78A650500BC08;2025-07-10;-6.0;-1983.42
4A1C3B3B0D456E11B7B78A650500BC08;44673735EAF46E11B7B78A650500BC08;2025-07-10;-2.0;-2971.6
679C6FE8697BAE11BE21106505009F4A;44673735EAF46E11B7B78A650500BC08;2025-07-10;-4.0;-197.6
11813C136DCF8E11F243BB650500184B;44673735EAF46E11B7B78A650500BC08;2025-07-10;-2.0;-361.2
3FD3DCFD9F25FE1191EE10650500A0C9;44673735EAF46E11B7B78A650500BC08;2025-07-10;-2.0;-277.16
B478FC289F900F11F1557891FE691889;44673735EAF46E11B7B78A650500BC08;2025-07-10;-2.0;-200.86
A0CD01C39C456E11B7B78A650500BC08;44673735EAF46E11B7B78A650500BC08;2025-07-10;-8.0;-1028.02
2AF34C346D7DBE118772106505007E59;44673735EAF46E11B7B78A650500BC08;2025-07-10;-2.0;-260.0
E607CEA2721A8E11F243BB650500304B;44673735EAF46E11B7B78A650500BC08;2025-07-10;-4.0;-240.48
EC78615FA9240F114EF7A826072BCC89;44673735EAF46E11B7B78A650500BC08;2025-07-10;-2.0;-145.34
1CF5B55C7F5DAE11BE2110650500025A;44673735EAF46E11B7B78A650500BC08;2025-07-10;-2.0;-1804.0
C3C6A3B4F5B9CE11ADB310650500F1B8;44673735EAF46E11B7B78A650500BC08;2025-07-10;-6.0;-2101.2
411BDB13721A8E11F243BB650500304B;44673735EAF46E11B7B78A650500BC08;2025-07-10;-4.0;-287.28
0B3302AE5D456E11B7B78A650500BC08;44673735EAF46E11B7B78A650500BC08;2025-07-10;-2.0;-582.48
86B48E443E3EDE11406610650500974A;44673735EAF46E11B7B78A650500BC08;2025-07-10;-2.0;-288.28
E17067329C456E11B7B78A650500BC08;44673735EAF46E11B7B78A650500BC08;2025-07-10;-4.0;-34.3
1E53F9237752CE11877210650500A469;44673735EAF46E11B7B78A650500BC08;2025-07-10;-4.0;-1178.0
086EDC4E3C456E11B7B78A650500BC08;44673735EAF46E11B7B78A650500BC08;2025-07-10;-6.0;-438.59999999999997
BB56F0FF6544DE11ADB31065050060C8;44673735EAF46E11B7B78A650500BC08;2025-07-10;-2.0;-475.62
D091D678C1047E11B7B78A650500DD08;44673735EAF46E11B7B78A650500BC08;2025-07-10;-2.0;-481.0
3425B47BFD456E11B7B78A650500BC08;44673735EAF46E11B7B78A650500BC08;2025-07-10;-2.0;-410.0
0C814222821A8E11F243BB650500304B;44673735EAF46E11B7B78A650500BC08;2025-07-10;-4.0;-879.88
545CE0B26D7DBE118772106505007E59;44673735EAF46E11B7B78A650500BC08;2025-07-10;-2.0;-222.0
6AE4B5203D456E11B7B78A650500BC08;44673735EAF46E11B7B78A650500BC08;2025-07-10;-4.0;-311.84
0B951FA014D9DE11406610650500B14A;44673735EAF46E11B7B78A650500BC08;2025-07-10;-2.0;-23.18
5ADE455281082E11052F6792C0007F39;44673735EAF46E11B7B78A650500BC08;2025-07-10;-2.0;-515.24
FCB1F96D4DC0FE1191EE10650500EAB9;44673735EAF46E11B7B78A650500BC08;2025-07-10;-2.0;-424.74
7E032AC442FA7E110819BB65050039AA;44673735EAF46E11B7B78A650500BC08;2025-07-10;-2.0;-1246.9
4FFF79F2D5DB7E110819BB65050039AA;44673735EAF46E11B7B78A650500BC08;2025-07-10;-4.0;-893.68
AFAE76E2DC456E11B7B78A650500BC08;44673735EAF46E11B7B78A650500BC08;2025-07-10;-4.0;-448.38
40CD01C39C456E11B7B78A650500BC08;44673735EAF46E11B7B78A650500BC08;2025-07-10;-2.0;-503.12
E2F54E894D9F7E110819BB65050039AA;44673735EAF46E11B7B78A650500BC08;2025-07-10;-6.0;-392.64
94156BEAA5EFCE11ADB3106505006AB8;44673735EAF46E11B7B78A650500BC08;2025-07-10;-2.0;-220.16
274BF8CA6CC96E11B7B78A650500BC08;44673735EAF46E11B7B78A650500BC08;2025-07-10;-14.0;-520.42
92DF77DBFD456E11B7B78A650500BC08;44673735EAF46E11B7B78A650500BC08;2025-07-10;-2.0;-466.0
9CC9CBD168400F11F1557891FE69A789;44673735EAF46E11B7B78A650500BC08;2025-07-10;-4.0;-62.0
85D7991766767E11B7B78A650500ED08;44673735EAF46E11B7B78A650500BC08;2025-07-10;-2.0;-608.28
CA0BFC6428C6DE11C84610650500DE6A;44673735EAF46E11B7B78A650500BC08;2025-07-10;-2.0;-23.66
2F4F23B73FF7FD11A4A96492C000AA89;44673735EAF46E11B7B78A650500BC08;2025-07-10;-2.0;-57.5
BE6FB9B5BB363E11052F6792C000FF39;44673735EAF46E11B7B78A650500BC08;2025-07-10;-2.0;-86.94
1CDB44B94F7FFE11F1557891FE69A689;44673735EAF46E11B7B78A650500BC08;2025-07-10;-6.0;-76.56
9CE313194FDD6E11B7B78A650500BC08;44673735EAF46E11B7B78A650500BC08;2025-07-10;-4.0;-92.52
F906F2FAFEA57E11B7B78A650500ED08;44673735EAF46E11B7B78A650500BC08;2025-07-10;-6.0;-185.10000000000002
5E62A918BE010F11112A674AC7E2C889;44673735EAF46E11B7B78A650500BC08;2025-07-10;-2.0;-512.62
653956F7E770BE11BE2110650500F55A;44673735EAF46E11B7B78A650500BC08;2025-07-10;-2.0;-16.36
9DF6A71D02238E117E64BB6505005BAA;44673735EAF46E11B7B78A650500BC08;2025-07-10;-6.0;-780.0
DBD31F9234627E11B7B78A650500CD08;44673735EAF46E11B7B78A650500BC08;2025-07-10;-2.0;-96.76
7E57F14CAEA6DE11C84610650500BE6A;44673735EAF46E11B7B78A650500BC08;2025-07-10;-4.0;-1056.0
8504885023DB8E11F243BB650500724B;44673735EAF46E11B7B78A650500BC08;2025-07-10;-4.0;-327.64
19C3840F18363E11052F6792C000FF39;44673735EAF46E11B7B78A650500BC08;2025-07-10;-4.0;-231.96
27ADD8499D456E11B7B78A650500BC08;44673735EAF46E11B7B78A650500BC08;2025-07-10;-1.0;-101.3
6CC760FC466BEE1191EE1065050029B9;44673735EAF46E11B7B78A650500BC08;2025-07-10;-10.0;-10000.0
37AD7D7EE2DC9E11726010650500B94A;44673735EAF46E11B7B78A650500BC08;2025-07-10;-6.0;-135.96
73356D0E4D456E11B7B78A650500BC08;44673735EAF46E11B7B78A650500BC08;2025-07-10;-6.0;-2039.04
D580DA1A57C5BE11BE2110650500BC5A;44673735EAF46E11B7B78A650500BC08;2025-07-10;-2.0;-548.9
527566A724F96E11B7B78A650500BC08;44673735EAF46E11B7B78A650500BC08;2025-07-10;-2.0;-209.1
38CE6BF48F7CBE118772106505003D59;44673735EAF46E11B7B78A650500BC08;2025-07-10;-4.0;-871.2
1F325514EA9C7E110819BB65050039AA;44673735EAF46E11B7B78A650500BC08;2025-07-10;-2.0;-57.94
35137EBFE6197E110819BB65050009AA;44673735EAF46E11B7B78A650500BC08;2025-07-10;-26.0;-1294.02
5B06CE70F112EE114066106505009C4A;44673735EAF46E11B7B78A650500BC08;2025-07-10;-2.0;-144.06
9A06F3B29EEDBE118772106505000F59;44673735EAF46E11B7B78A650500BC08;2025-07-10;-4.0;-139.86
AE1B8A54FE456E11B7B78A650500BC08;44673735EAF46E11B7B78A650500BC08;2025-07-10;-4.0;-275.12
6511AA5961CAED11A62CD892C0003F2A;44673735EAF46E11B7B78A650500BC08;2025-07-10;-2.0;-231.94
A618F6757505EE11B1AD10650500A8EA;44673735EAF46E11B7B78A650500BC08;2025-07-10;-70.0;-3353.0
50127D0BFD456E11B7B78A650500BC08;44673735EAF46E11B7B78A650500BC08;2025-07-10;-2.0;-410.0
21C1AE3A2A6BFE111280106505000919;44673735EAF46E11B7B78A650500BC08;2025-07-10;-2.0;-124.92
3DFC974FF1CF7E110819BB65050039AA;44673735EAF46E11B7B78A650500BC08;2025-07-10;-2.0;-111.0
EB2267EF3C456E11B7B78A650500BC08;44673735EAF46E11B7B78A650500BC08;2025-07-10;-4.0;-720.52
5ECE8753F0CAED11A62CD892C0003F2A;44673735EAF46E11B7B78A650500BC08;2025-07-10;-2.0;-536.3
CF3BB776B2C10F114EF7A826072BB989;44673735EAF46E11B7B78A650500BC08;2025-07-10;-2.0;-215.06
47C15F079308DE11C84610650500607A;44673735EAF46E11B7B78A650500BC08;2025-07-10;-2.0;-89.84
3E00FFF2E13D7E110819BB65050039AA;44673735EAF46E11B7B78A650500BC08;2025-07-10;-2.0;-4998.0
913A2ED2ABAF7E110819BB65050039AA;44673735EAF46E11B7B78A650500BC08;2025-07-10;-18.0;-4144.68
FB36E028FFB47E11B7B78A650500ED08;44673735EAF46E11B7B78A650500BC08;2025-07-10;-2.0;-263.3
C6A7CC16C422BE11BE2110650500185A;44673735EAF46E11B7B78A650500BC08;2025-07-10;-2.0;-540.22
C572E05E066E9E11726010650500CB4A;44673735EAF46E11B7B78A650500BC08;2025-07-10;-6.0;-191.02
59D4EA126C456E11B7B78A650500BC08;44673735EAF46E11B7B78A650500BC08;2025-07-10;-2.0;-321.88
82857A679AE66E11B7B78A650500BC08;44673735EAF46E11B7B78A650500BC08;2025-07-10;-2.0;-410.0
D9FA0E49AC456E11B7B78A650500BC08;44673735EAF46E11B7B78A650500BC08;2025-07-10;-2.0;-258.02
7FEE70D0A4ABEE1191EE1065050029B9;44673735EAF46E11B7B78A650500BC08;2025-07-10;-2.0;-261.9
2DCB3ACEDC410F11112A674AC7E21989;44673735EAF46E11B7B78A650500BC08;2025-07-10;-2.0;-268.0
7C05A256CC456E11B7B78A650500BC08;44673735EAF46E11B7B78A650500BC08;2025-07-10;-2.0;-245.06
03FCB11E072FFE11F1557891FE693689;44673735EAF46E11B7B78A650500BC08;2025-07-10;-2.0;-136.0
A92A9D81CFC5EE1191EE1065050055B9;44673735EAF46E11B7B78A650500BC08;2025-07-10;-110.0;-1903.0
CCAD1BFEBF3FFE11F1557891FE695689;44673735EAF46E11B7B78A650500BC08;2025-07-10;-2.0;-238.0
8542B3BA4FDD6E11B7B78A650500BC08;44673735EAF46E11B7B78A650500BC08;2025-07-10;-8.0;-194.64
02BFBFF5F0DCDE11406610650500B54A;44673735EAF46E11B7B78A650500BC08;2025-07-10;-6.0;-203.4
25B4BA3ED4BBEE1191EE1065050029B9;44673735EAF46E11B7B78A650500BC08;2025-07-10;-2.0;-132.0
DC577F655AE66E11B7B78A650500BC08;44673735EAF46E11B7B78A650500BC08;2025-07-10;-8.0;-243.2
2AD3D2D057639E11554010650500CC3B;44673735EAF46E11B7B78A650500BC08;2025-07-10;-4.0;-40.0
48BD1511858DFE11F1557891FE692489;44673735EAF46E11B7B78A650500BC08;2025-07-10;-2.0;-63.34
2DAF77B03A0F9E117260106505009C4A;44673735EAF46E11B7B78A650500BC08;2025-07-10;-8.0;-430.32
E35FFDDC632B7E110819BB65050039AA;44673735EAF46E11B7B78A650500BC08;2025-07-10;-2.0;-529.0
F1BC357780B2CE118772106505001569;44673735EAF46E11B7B78A650500BC08;2025-07-10;-2.0;-137.62
D43CECC63F12AE11726010650500805A;44673735EAF46E11B7B78A650500BC08;2025-07-10;-2.0;-212.24
A170FCB7E494AE11726010650500A35A;44673735EAF46E11B7B78A650500BC08;2025-07-10;-2.0;-232.02
E5C7703F6EEAAE11BE2110650500EE4A;44673735EAF46E11B7B78A650500BC08;2025-07-10;-6.0;-67.18
F019D09DF9456E11B7B78A650500BC08;44673735EAF46E11B7B78A650500BC08;2025-07-10;-8.0;-357.68
C2E168CCA2AE9E117260106505001C4A;44673735EAF46E11B7B78A650500BC08;2025-07-10;-2.0;-297.92
9B042FCCDCD4DE11ADB31065050021C8;44673735EAF46E11B7B78A650500BC08;2025-07-10;-4.0;-541.68
BCA23C34CC22AE11726010650500905A;44673735EAF46E11B7B78A650500BC08;2025-07-10;-2.0;-77.62
64AE02EDC877EE1191EE1065050027B9;44673735EAF46E11B7B78A650500BC08;2025-07-10;-2.8;-564.36
AF1A48881CF22E1143F0668E4200C71A;44673735EAF46E11B7B78A650500BC08;2025-07-10;-2.0;-242.42
6396BB8EEB0AFE11128010650500E819;44673735EAF46E11B7B78A650500BC08;2025-07-10;-2.0;-93.36
261BED1F4E5D9E117260106505006A4A;44673735EAF46E11B7B78A650500BC08;2025-07-10;-2.0;-1584.0
CC12452A3E263E11052F6792C000FF39;44673735EAF46E11B7B78A650500BC08;2025-07-10;-2.0;-115.98
5FF5DAAEE61E4E1142D58A650500BC08;44673735EAF46E11B7B78A650500BC08;2025-07-10;-2.0;-316.4
2A1B046DABE1EE114066106505006C4A;44673735EAF46E11B7B78A650500BC08;2025-07-10;-2.0;-354.2
CBD0A401AC456E11B7B78A650500BC08;44673735EAF46E11B7B78A650500BC08;2025-07-10;-2.0;-63.24
53BD324B03078E11F243BB6505005C3B;44673735EAF46E11B7B78A650500BC08;2025-07-10;-2.0;-56.66
C5F5A0E25988CE11ADB31065050070B8;44673735EAF46E11B7B78A650500BC08;2025-07-10;-2.0;-275.16
9572B2764BADEE1191EE1065050029B9;FC081C55582CED11A62CD892C0003F2A;2025-07-10;-2.0;-553.56
0008AB291959FE11128010650500E819;FC081C55582CED11A62CD892C0003F2A;2025-07-10;-2.0;-879.2
BFF403D211C0FE1191EE10650500DAB9;44673735EAF46E11B7B78A650500BC08;2025-07-10;4.0;31178.0
4AB809C710CAED11A62CD892C0003F2A;FC081C55582CED11A62CD892C0003F2A;2025-07-10;-2.0;-365.24
2EE38C03421ADE11406610650500024A;FC081C55582CED11A62CD892C0003F2A;2025-07-10;0.0;0.0
E846BCFD0442EE11406610650500DC4A;FC081C55582CED11A62CD892C0003F2A;2025-07-10;-2.0;-49.34
E308D6D58D31FE1191EE106505007BB9;FC081C55582CED11A62CD892C0003F2A;2025-07-10;0.0;0.0
30EA26B8FEF0EE114066106505002B4A;FC081C55582CED11A62CD892C0003F2A;2025-07-10;0.0;0.0
0674E500A371FE1191EE10650500BBB9;FC081C55582CED11A62CD892C0003F2A;2025-07-10;-2.0;-105.72
BF27761AFC07FE1191EE1065050013C9;FC081C55582CED11A62CD892C0003F2A;2025-07-10;0.0;0.0
824D260A5FBFAE11BE2110650500055A;FC081C55582CED11A62CD892C0003F2A;2025-07-10;0.0;0.0
34E383856E74FE1191EE10650500CFB9;FC081C55582CED11A62CD892C0003F2A;2025-07-10;0.0;0.0
F0317019FD53BE11BE2110650500A95A;FC081C55582CED11A62CD892C0003F2A;2025-07-10;-2.0;-59.14
82D54EB7D0B04E1142D58A650500DB08;FC081C55582CED11A62CD892C0003F2A;2025-07-10;0.0;0.0
FDE3AEF1E30BEE1191EE1065050029B9;FC081C55582CED11A62CD892C0003F2A;2025-07-10;0.0;0.0
1A2EBFF38EEC9E11726010650500D94A;FC081C55582CED11A62CD892C0003F2A;2025-07-10;-6.0;-436.74
1E9974C898E3FE1191EE10650500FEB9;FC081C55582CED11A62CD892C0003F2A;2025-07-10;0.0;0.0
9AAA69AFBBE1EE114066106505006C4A;FC081C55582CED11A62CD892C0003F2A;2025-07-10;-2.0;-32.58
2F4F23B73FF7FD11A4A96492C000AA89;FC081C55582CED11A62CD892C0003F2A;2025-07-10;0.0;0.0
13390B7886AA7E110819BB65050039AA;44673735EAF46E11B7B78A650500BC08;2025-07-10;4.0;5791.4
6E2A3887ED618E110819BB65050039AA;44673735EAF46E11B7B78A650500BC08;2025-07-10;12.0;9331.3
B091D678C1047E11B7B78A650500DD08;44673735EAF46E11B7B78A650500BC08;2025-07-10;4.0;2800.54
B167F59B53285E1142D58A650500DC08;B0BDDED34CC83E11052F6792C000B249;2025-07-10;8.0;2187.16
8995C9C0B158EE1191EE1065050048B9;44673735EAF46E11B7B78A650500BC08;2025-07-10;0.0;0.0
8E044E87226A6E11B7B78A650500BC08;44673735EAF46E11B7B78A650500BC08;2025-07-10;0.0;-4.547473508864641e-13
36D5F3E53D456E11B7B78A650500BC08;44673735EAF46E11B7B78A650500BC08;2025-07-10;0.0;0.0
B04FDC2AEEDFDE11406610650500B94A;44673735EAF46E11B7B78A650500BC08;2025-07-10;0.0;0.0
7DBC13446DCF8E11F243BB650500184B;44673735EAF46E11B7B78A650500BC08;2025-07-10;0.0;0.0
8AF80D8294437E11B7B78A650500DD08;44673735EAF46E11B7B78A650500BC08;2025-07-10;0.0;0.0
F54EA86560F9EE1191EE1065050009B9;44673735EAF46E11B7B78A650500BC08;2025-07-10;0.0;0.0
EA920813BA66CE11ADB310650500BDA8;44673735EAF46E11B7B78A650500BC08;2025-07-10;0.0;0.0
D6FBB463BE22AE11726010650500905A;44673735EAF46E11B7B78A650500BC08;2025-07-10;0.0;0.0
2A001435F9456E11B7B78A650500BC08;44673735EAF46E11B7B78A650500BC08;2025-07-10;0.0;0.0
B7F3A752BA66CE11ADB310650500BDA8;44673735EAF46E11B7B78A650500BC08;2025-07-10;0.0;0.0
F09FEA23BA66CE11ADB310650500BDA8;44673735EAF46E11B7B78A650500BC08;2025-07-10;0.0;-2.2737367544323206e-13
43572192BA66CE11ADB310650500BDA8;44673735EAF46E11B7B78A650500BC08;2025-07-10;0.0;0.0
8AED78B2BA66CE11ADB310650500BDA8;44673735EAF46E11B7B78A650500BC08;2025-07-10;0.0;0.0
8D8D3EF886E66E11B7B78A650500BC08;44673735EAF46E11B7B78A650500BC08;2025-07-10;0.0;0.0
D731FBAF09240F114EF7A826072BCC89;FC081C55582CED11A62CD892C0003F2A;2025-07-10;0.0;0.0
BF5935834991FE1191EE10650500EBB9;FC081C55582CED11A62CD892C0003F2A;2025-07-10;0.0;0.0
0BF70F8B5C440F114EF7A826072BFC89;FC081C55582CED11A62CD892C0003F2A;2025-07-10;0.0;0.0
08C585AB5C440F114EF7A826072BFC89;FC081C55582CED11A62CD892C0003F2A;2025-07-10;0.0;0.0
B16B2FEB5C440F114EF7A826072BFC89;FC081C55582CED11A62CD892C0003F2A;2025-07-10;0.0;0.0
C7310BEBBEB40F114EF7A826072B8D89;B0BDDED34CC83E11052F6792C000B249;2025-07-10;96.0;1512.74
438D913CBEB40F114EF7A826072B8D89;B0BDDED34CC83E11052F6792C000B249;2025-07-10;96.0;4034.3
11AB415CBEB40F114EF7A826072B8D89;B0BDDED34CC83E11052F6792C000B249;2025-07-10;48.0;2659.72
EA206F8978540F114EF7A826072B0D89;B0BDDED34CC83E11052F6792C000B249;2025-07-10;20.0;3217.14
4379BA2A78540F114EF7A826072B0D89;B0BDDED34CC83E11052F6792C000B249;2025-07-10;120.0;7381.18
8455DEF2224DDE11406610650500464A;44673735EAF46E11B7B78A650500BC08;2025-07-10;40.0;5252.0
5755DEF2224DDE11406610650500464A;44673735EAF46E11B7B78A650500BC08;2025-07-10;60.0;9399.0
AF2D525A3623DE11ADB310650500DEB8;FC081C55582CED11A62CD892C0003F2A;2025-07-10;0.0;0.0
E61B6EE41CE2FE1191EE10650500ADB9;FC081C55582CED11A62CD892C0003F2A;2025-07-10;0.0;0.0
86E7A0E70B0AFE11128010650500E819;FC081C55582CED11A62CD892C0003F2A;2025-07-10;0.0;0.0
AFC3342FE3B78E11F243BB6505003D3B;FC081C55582CED11A62CD892C0003F2A;2025-07-10;0.0;0.0
8D94693F2B140F114EF7A826072BBC89;B0BDDED34CC83E11052F6792C000B249;2025-07-10;20.0;1365.0
B9FDB119BA54BE11BE2110650500EA5A;44673735EAF46E11B7B78A650500BC08;2025-07-10;-2.0;-1183.3
8A1F57B30D3C5E1142D58A6505000D08;B0BDDED34CC83E11052F6792C000B249;2025-07-10;40.0;4057.2000000000003
F5B988062871CE118772106505008369;44673735EAF46E11B7B78A650500BC08;2025-07-10;-2.0;-480.0
438D913CBEB40F114EF7A826072B8D89;FC081C55582CED11A62CD892C0003F2A;2025-07-10;96.0;4034.3
F5C4BB7FED71FE1191EE10650500CBB9;B0BDDED34CC83E11052F6792C000B249;2025-07-10;8.0;3035.12
9A5C0D8F6B72BE11BE2110650500885A;44673735EAF46E11B7B78A650500BC08;2025-07-10;48.0;2563.2
8BB2B97E8BCE1E1143F0668E4200502B;FC081C55582CED11A62CD892C0003F2A;2025-07-10;32.0;2576.3
B607CEA2721A8E11F243BB650500304B;44673735EAF46E11B7B78A650500BC08;2025-07-10;-12.0;-664.92
2F037D4657DEAE11BE2110650500E35A;44673735EAF46E11B7B78A650500BC08;2025-07-10;-14.0;-3401.22
2A1195C04E040F114EF7A826072BAC89;FC081C55582CED11A62CD892C0003F2A;2025-07-10;96.0;71187.84
89994B7DA0CAED11A62CD892C0003F2A;44673735EAF46E11B7B78A650500BC08;2025-07-10;156.0;22308.0
2BD1419F90F23E11052F6792C000CF39;B0BDDED34CC83E11052F6792C000B249;2025-07-10;8.0;644.8
56A5B51CD6DEEE1191EE1065050029B9;B0BDDED34CC83E11052F6792C000B249;2025-07-10;0.0;0.0
7EDE50E8587ADE11406610650500824A;B0BDDED34CC83E11052F6792C000B249;2025-07-10;12.0;1828.8
01DE6F40885EDE11406610650500C74A;B0BDDED34CC83E11052F6792C000B249;2025-07-10;10.0;1143.2
7200806E785EDE11406610650500C74A;FC081C55582CED11A62CD892C0003F2A;2025-07-10;20.0;2286.4
A3E2A9AF785EDE11406610650500C74A;FC081C55582CED11A62CD892C0003F2A;2025-07-10;28.0;3198.2799999999997
50D7425738A17E11B7B78A650500CD08;44673735EAF46E11B7B78A650500BC08;2025-07-10;40.0;1398.04
E1D0BA96680B7E110819BB65050039AA;44673735EAF46E11B7B78A650500BC08;2025-07-10;20.0;1939.84
E32E9ED4B8C50F114EF7A826072BDE89;FC081C55582CED11A62CD892C0003F2A;2025-07-10;120.0;13318.8
64962EC9E6E66E11B7B78A650500BC08;FC081C55582CED11A62CD892C0003F2A;2025-07-10;24.0;2874.24
59F0BB721CC46E11B7B78A650500BC08;FC081C55582CED11A62CD892C0003F2A;2025-07-10;10.0;984.5
71A1332D25DFEE1191EE10650500A9B9;FC081C55582CED11A62CD892C0003F2A;2025-07-10;6.0;1993.2
E9BAA0004F1ADE11406610650500124A;FC081C55582CED11A62CD892C0003F2A;2025-07-10;8.0;1009.52
EAE56E97501ACE11ADB31065050062B8;FC081C55582CED11A62CD892C0003F2A;2025-07-10;4.0;760.1999999999999
5ECE8753F0CAED11A62CD892C0003F2A;FC081C55582CED11A62CD892C0003F2A;2025-07-10;10.0;2681.5
9B10C2697AEAEE1191EE1065050029B9;FC081C55582CED11A62CD892C0003F2A;2025-07-10;12.0;3444.24
47B641467711AE117260106505003F4A;FC081C55582CED11A62CD892C0003F2A;2025-07-10;20.0;4558.4
44A455F8FBF76E11B7B78A650500BC08;FC081C55582CED11A62CD892C0003F2A;2025-07-10;42.0;6941.759999999999
B9E9BD335B630F114EF7A826072BDB89;FC081C55582CED11A62CD892C0003F2A;2025-07-10;6.0;857.0999999999999
48C2943FE1221E1143F0668E42008C3B;B0BDDED34CC83E11052F6792C000B249;2025-07-10;6.0;1550.16
9F8F628AEC738E117E64BB650500CBAA;B0BDDED34CC83E11052F6792C000B249;2025-07-10;16.0;1421.92
21684B3E2233DE11ADB310650500EEB8;B0BDDED34CC83E11052F6792C000B249;2025-07-10;6.0;888.42
93A6B7DB01CAED11A62CD892C0003F2A;B0BDDED34CC83E11052F6792C000B249;2025-07-10;24.0;4415.52
473F82DD068BBE11877210650500FB59;FC081C55582CED11A62CD892C0003F2A;2025-07-10;8.0;764.64
86B193274E458E113835BB6505001EAA;FC081C55582CED11A62CD892C0003F2A;2025-07-10;4.0;513.44
B1E0BA67146B3E11052F6792C000D249;B0BDDED34CC83E11052F6792C000B249;2025-07-10;72.0;2579.76
6B199AD14FAFEE1191EE1065050079B9;44673735EAF46E11B7B78A650500BC08;2025-07-10;362.0;62092.32
D81A958001CAED11A62CD892C0003F2A;FC081C55582CED11A62CD892C0003F2A;2025-07-10;20.0;2151.2
DA8D42BB31CAED11A62CD892C0003F2A;FC081C55582CED11A62CD892C0003F2A;2025-07-10;8.0;1042.88
D56812CD101ACE11ADB31065050062B8;FC081C55582CED11A62CD892C0003F2A;2025-07-10;24.0;4638.96
9C1AAD9B8AF7FE11128010650500D819;FC081C55582CED11A62CD892C0003F2A;2025-07-10;-2.0;-3738.0
2E93ABEAD6E2DE11ADB3106505008EB8;B0BDDED34CC83E11052F6792C000B249;2025-07-10;0.0;0.0
CA6A8249FD311E1143F0668E42008C3B;FC081C55582CED11A62CD892C0003F2A;2025-07-10;0.0;2.2737367544323206e-13
59C7D916B0CAED11A62CD892C0003F2A;44673735EAF46E11B7B78A650500BC08;2025-07-10;-4.0;-320.12
2A05039F6A92DE11ADB3106505002EB8;44673735EAF46E11B7B78A650500BC08;2025-07-10;-2.0;-135.0
BF7EFED59AE66E11B7B78A650500BC08;44673735EAF46E11B7B78A650500BC08;2025-07-10;-2.0;-2510.0
89461ADB285CEE1191EE1065050029B9;FC081C55582CED11A62CD892C0003F2A;2025-07-10;18.0;12240.7
9A7AF005EF9CEE1191EE1065050029B9;B0BDDED34CC83E11052F6792C000B249;2025-07-10;4.0;480.72
27EED452C0CAED11A62CD892C0003F2A;B0BDDED34CC83E11052F6792C000B249;2025-07-10;10.0;1177.24
4BE11BF96F42DE11ADB310650500CDB8;FC081C55582CED11A62CD892C0003F2A;2025-07-10;-2.0;-6522.3
04C7341B7CEEED11A62CD892C000399B;FC081C55582CED11A62CD892C0003F2A;2025-07-10;40.0;5000.0
A633AE3A2A6BFE111280106505000919;FC081C55582CED11A62CD892C0003F2A;2025-07-10;80.0;14526.66
0BFD2D2B01638E111E1BBB650500BBAA;FC081C55582CED11A62CD892C0003F2A;2025-07-10;38.0;1672.56
1F1AF98CE942FE1191EE10650500CCB9;FC081C55582CED11A62CD892C0003F2A;2025-07-10;2.0;3224.72
E136882211CAED11A62CD892C0003F2A;B0BDDED34CC83E11052F6792C000B249;2025-07-10;20.0;5163.0
5B6C3D0B22047E11B7B78A650500DD08;B0BDDED34CC83E11052F6792C000B249;2025-07-10;2.0;608.78
E311B69AD704DE11ADB31065050010C8;FC081C55582CED11A62CD892C0003F2A;2025-07-10;10.0;1607.3
D3AB1E1EA2DBED11A62CD892C0003F2A;FC081C55582CED11A62CD892C0003F2A;2025-07-10;6.0;867.06
FFA7EDD1F0CAED11A62CD892C0003F2A;B0BDDED34CC83E11052F6792C000B249;2025-07-10;10.0;1746.3999999999999
245CE0B26D7DBE118772106505007E59;44673735EAF46E11B7B78A650500BC08;2025-07-10;24.0;2184.0
4460DDE597400F11F1557891FE69A789;44673735EAF46E11B7B78A650500BC08;2025-07-10;38.0;12784.0
362B22D501CAED11A62CD892C0003F2A;B0BDDED34CC83E11052F6792C000B249;2025-07-10;12.0;1497.72
03B789FAB5F0BE11BE2110650500965A;44673735EAF46E11B7B78A650500BC08;2025-07-10;20.0;2420.0
97B0659548329E115540106505004B3B;44673735EAF46E11B7B78A650500BC08;2025-07-10;12.0;4020.0
4744FA69BF354E1142D58A6505002C08;FC081C55582CED11A62CD892C0003F2A;2025-07-10;48.0;2882.88
A9D7334651CAED11A62CD892C0003F2A;B0BDDED34CC83E11052F6792C000B249;2025-07-10;6.0;782.46
3E3F408253735E1142D58A650500DC08;B0BDDED34CC83E11052F6792C000B249;2025-07-10;28.0;2795.24
A32FBA0ACD456E11B7B78A650500BC08;44673735EAF46E11B7B78A650500BC08;2025-07-10;-2.0;-2566.0
DF54721C5835FE1191EE10650500B0C9;B0BDDED34CC83E11052F6792C000B249;2025-07-10;24.0;3155.78
F8D6DEC397310F11112A674AC7E2F889;B0BDDED34CC83E11052F6792C000B249;2025-07-10;24.0;768.3
3AD0EE26A373FE1191EE106505006EB9;B0BDDED34CC83E11052F6792C000B249;2025-07-10;10.0;1518.42
6F98D0F5DBBBDE11406610650500444A;B0BDDED34CC83E11052F6792C000B249;2025-07-10;4.0;259.52
F89CDB058836CE11ADB3106505008DA8;B0BDDED34CC83E11052F6792C000B249;2025-07-10;10.0;522.7
447E2FF5BA510F11112A674AC7E22989;B0BDDED34CC83E11052F6792C000B249;2025-07-10;2.0;263.2
8DE9E75B2FF8AE11BE21106505007C4A;B0BDDED34CC83E11052F6792C000B249;2025-07-10;10.0;410.8
7994E8A4E315AE11726010650500445A;B0BDDED34CC83E11052F6792C000B249;2025-07-10;22.0;1031.0
E4AAB2CCE2376E11B7B78A650500BC08;44673735EAF46E11B7B78A650500BC08;2025-07-10;-4.0;-5960.0
F14A405380A49E115540106505006E3B;44673735EAF46E11B7B78A650500BC08;2025-07-10;0.0;0.0
69590A384C456E11B7B78A650500BC08;44673735EAF46E11B7B78A650500BC08;2025-07-10;0.0;0.0
EF5330205F8ADE11406610650500A24A;44673735EAF46E11B7B78A650500BC08;2025-07-10;0.0;0.0
9A7F0B3E46E24E1142D58A6505000C08;B0BDDED34CC83E11052F6792C000B249;2025-07-10;-4.0;-498.48
08B5AF1E03D4AE11726010650500F35A;FC081C55582CED11A62CD892C0003F2A;2025-07-10;0.0;0.0
0B8756870317DE11C846106505003F6A;44673735EAF46E11B7B78A650500BC08;2025-07-10;6.0;2498.2200000000003
EAD5918A7C8FBE118772106505001169;44673735EAF46E11B7B78A650500BC08;2025-07-10;6.0;2929.98
0AB2738BBF13CE11877210650500A569;44673735EAF46E11B7B78A650500BC08;2025-07-10;74.0;2476.8399999999997
4EF00AE859278E11F243BB6505008C3B;44673735EAF46E11B7B78A650500BC08;2025-07-10;6.0;965.76
9EBB3A61A742FE1191EE10650500CCB9;44673735EAF46E11B7B78A650500BC08;2025-07-10;4.0;1106.04
7FA8FA5B3B158E113835BB650500DDAA;44673735EAF46E11B7B78A650500BC08;2025-07-10;6.0;8781.9
44E881B6101ACE11ADB31065050062B8;FC081C55582CED11A62CD892C0003F2A;2025-07-10;-4.0;-880.98
B5D6DA8FEC423E11052F6792C000CF39;FC081C55582CED11A62CD892C0003F2A;2025-07-10;-2.0;-287.58
F7B5FF0809CBFD11A4A96492C000CB59;FC081C55582CED11A62CD892C0003F2A;2025-07-10;-18.0;-400.88
65917AB011CAED11A62CD892C0003F2A;FC081C55582CED11A62CD892C0003F2A;2025-07-10;-4.0;-1376.8
7AB3AA28B22AFE11128010650500E819;FC081C55582CED11A62CD892C0003F2A;2025-07-10;-2.0;-317.34
1F1EB7FDB0CAED11A62CD892C0003F2A;FC081C55582CED11A62CD892C0003F2A;2025-07-10;-8.0;-268.56
125F7645BF13CE11877210650500A569;FC081C55582CED11A62CD892C0003F2A;2025-07-10;-4.0;-133.88
F1D9DD6EEB6DFE11F1557891FE690489;FC081C55582CED11A62CD892C0003F2A;2025-07-10;-2.0;-308.36
7C2BBD335B630F114EF7A826072BDB89;FC081C55582CED11A62CD892C0003F2A;2025-07-10;-2.0;-240.4
77D88E73B19EBE11877210650500DF59;FC081C55582CED11A62CD892C0003F2A;2025-07-10;-2.0;-55.72
806FCBA84733FE1191EE106505000EB9;FC081C55582CED11A62CD892C0003F2A;2025-07-10;-2.0;-281.18
5742DA549832FE1191EE10650500BCB9;FC081C55582CED11A62CD892C0003F2A;2025-07-10;-2.0;-91.2
50F1B189E1027E11B7B78A650500CD08;FC081C55582CED11A62CD892C0003F2A;2025-07-10;-2.0;-378.0
6A29FA1D9B4D7E110819BB65050039AA;FC081C55582CED11A62CD892C0003F2A;2025-07-10;-4.0;-223.08
54EFD822578B3E11052F6792C000D249;FC081C55582CED11A62CD892C0003F2A;2025-07-10;-6.0;-237.89999999999998
A746C477CBE2FE1191EE10650500ADB9;FC081C55582CED11A62CD892C0003F2A;2025-07-10;-2.0;-135.52
F8CBD6192642FE1191EE10650500CCB9;FC081C55582CED11A62CD892C0003F2A;2025-07-10;-2.0;-2916.56
CF50B92BCE6AFE11128010650500E819;FC081C55582CED11A62CD892C0003F2A;2025-07-10;-2.0;-2556.76
3D62BD8A40BB3E11052F6792C000D249;FC081C55582CED11A62CD892C0003F2A;2025-07-10;-2.0;-74.76
F9E59FECA5D83E11052F6792C000B249;FC081C55582CED11A62CD892C0003F2A;2025-07-10;-2.0;-339.28
6B38858D7D948E113835BB6505003DAA;FC081C55582CED11A62CD892C0003F2A;2025-07-10;-2.0;-93.7
C441DEC503EF2E11052F6792C000CF39;FC081C55582CED11A62CD892C0003F2A;2025-07-10;-2.0;-561.86
F9BCEABACC2DFE11F1557891FE69B389;FC081C55582CED11A62CD892C0003F2A;2025-07-10;-2.0;-272.8
AF4510B9CFE34E1142D58A6505002C08;FC081C55582CED11A62CD892C0003F2A;2025-07-10;-4.0;-157.36
00437AEECE299E11525010650500D94A;FC081C55582CED11A62CD892C0003F2A;2025-07-10;-2.0;-242.82
FC95F1D4B873CE118772106505001669;FC081C55582CED11A62CD892C0003F2A;2025-07-10;-2.0;-1239.28
0181044C0D4FBE11877210650500C069;FC081C55582CED11A62CD892C0003F2A;2025-07-10;-4.0;-421.66
1C0B74D7D0CAED11A62CD892C0003F2A;FC081C55582CED11A62CD892C0003F2A;2025-07-10;-4.0;-562.64
7DA5E4036085FD110DC22A92C000D158;FC081C55582CED11A62CD892C0003F2A;2025-07-10;-4.0;-342.28
3AF9FB64C751AE117260106505008F4A;FC081C55582CED11A62CD892C0003F2A;2025-07-10;-2.0;-374.64
9E2C931097DF2E11052F6792C000CF39;FC081C55582CED11A62CD892C0003F2A;2025-07-10;-2.0;-505.16
0078C4F478C1FE1191EE106505002CB9;FC081C55582CED11A62CD892C0003F2A;2025-07-10;-2.0;-1008.98
F6A493560091DE11ADB310650500DCB8;FC081C55582CED11A62CD892C0003F2A;2025-07-10;-8.0;-611.84
AEDE1119BF43EE11B1AD1065050076EA;FC081C55582CED11A62CD892C0003F2A;2025-07-10;-12.0;-191.4
F7C4C0B7506AFE11128010650500E819;FC081C55582CED11A62CD892C0003F2A;2025-07-10;-16.0;-695.2
9A0F2C0F6A278E11F243BB6505008C3B;FC081C55582CED11A62CD892C0003F2A;2025-07-10;-14.0;-455.58000000000004
E2DC7D60CFB85E1142D58A650500DC08;FC081C55582CED11A62CD892C0003F2A;2025-07-10;-22.0;-5108.839999999999
AB889AA6B0D97E110819BB65050019AA;FC081C55582CED11A62CD892C0003F2A;2025-07-10;-8.0;-924.0
6C15FB321DE3DE11ADB310650500DFB8;FC081C55582CED11A62CD892C0003F2A;2025-07-10;-2.0;-200.56
05BBAF1F6D4DDE11406610650500564A;FC081C55582CED11A62CD892C0003F2A;2025-07-10;-2.0;-113.4
9EF3D6B7EF9CEE1191EE1065050029B9;FC081C55582CED11A62CD892C0003F2A;2025-07-10;-4.0;-482.56
6BE9B4402082DE11ADB3106505000EB8;FC081C55582CED11A62CD892C0003F2A;2025-07-10;-2.0;-85.0
39DC6B956BDF3E11F7F68A650500DB08;FC081C55582CED11A62CD892C0003F2A;2025-07-10;-2.0;-823.1
C315CD7358707E11B7B78A650500CD08;FC081C55582CED11A62CD892C0003F2A;2025-07-10;-2.0;-463.22
D884C3029873CE118772106505001669;FC081C55582CED11A62CD892C0003F2A;2025-07-10;-2.0;-242.28
9A5C0D8F6B72BE11BE2110650500885A;FC081C55582CED11A62CD892C0003F2A;2025-07-10;-2.0;-106.8
0D3057BC483EFE11F1557891FE690589;FC081C55582CED11A62CD892C0003F2A;2025-07-10;-2.0;-24.0
198A37FA29FEDE11406610650500984A;FC081C55582CED11A62CD892C0003F2A;2025-07-10;-2.0;-114.36
FA4E40F74CE1EE114066106505006C4A;FC081C55582CED11A62CD892C0003F2A;2025-07-10;-2.0;-67.68
37B37894B06AEE1191EE1065050009B9;FC081C55582CED11A62CD892C0003F2A;2025-07-10;-2.0;-114.72
EE7C04BB5EEC9E11726010650500D94A;FC081C55582CED11A62CD892C0003F2A;2025-07-10;-4.0;-302.12
A8ED7072C89D7E110819BB65050039AA;FC081C55582CED11A62CD892C0003F2A;2025-07-10;-10.0;-874.7
7CB7C903B7D1AE11726010650500205A;FC081C55582CED11A62CD892C0003F2A;2025-07-10;-2.0;-130.0
E083AB7F2E56BE118772106505006559;FC081C55582CED11A62CD892C0003F2A;2025-07-10;-2.0;-118.0
7A17D43BD2FBEE1191EE1065050029B9;FC081C55582CED11A62CD892C0003F2A;2025-07-10;-6.0;-574.36
EC8C0520689D7E110819BB65050039AA;FC081C55582CED11A62CD892C0003F2A;2025-07-10;-2.0;-81.74
F2D81AA96A4EDE11406610650500B74A;FC081C55582CED11A62CD892C0003F2A;2025-07-10;-2.0;-118.74
AFB26ACEDEE3DE11ADB310650500DFB8;FC081C55582CED11A62CD892C0003F2A;2025-07-10;-8.0;-48.06
BE40DDE248F20F114EF7A826072B4B89;FC081C55582CED11A62CD892C0003F2A;2025-07-10;-2.0;-70.9
38AD04ACC691FE1191EE10650500EBB9;FC081C55582CED11A62CD892C0003F2A;2025-07-10;-2.0;-27.8
3100B39C483EFE11F1557891FE690589;FC081C55582CED11A62CD892C0003F2A;2025-07-10;-2.0;-66.0
07AEE24741BFFE11F1557891FE69E689;FC081C55582CED11A62CD892C0003F2A;2025-07-10;-6.0;-149.6
310EF11D4EEC9E11726010650500D94A;FC081C55582CED11A62CD892C0003F2A;2025-07-10;-12.0;-1067.16
ADC4F6FF7120FE1191EE106505000AB9;FC081C55582CED11A62CD892C0003F2A;2025-07-10;-2.0;-186.26
D1CE72C8C09FCE11ADB310650500E9B8;FC081C55582CED11A62CD892C0003F2A;2025-07-10;-6.0;-121.1
4B4FA5E5210EDE11406610650500374A;FC081C55582CED11A62CD892C0003F2A;2025-07-10;-2.0;-196.24
E5B32DB93EAFFE11F1557891FE69E689;FC081C55582CED11A62CD892C0003F2A;2025-07-10;-2.0;-27.12
7D60D73865000F11F1557891FE695789;FC081C55582CED11A62CD892C0003F2A;2025-07-10;-4.0;-422.6
C8B7FCBFE0CAED11A62CD892C0003F2A;FC081C55582CED11A62CD892C0003F2A;2025-07-10;-4.0;-570.64
972E0E6F72410F11112A674AC7E20989;FC081C55582CED11A62CD892C0003F2A;2025-07-10;-2.0;-1205.86
67E4B4093EE2BE11BE2110650500195A;FC081C55582CED11A62CD892C0003F2A;2025-07-10;-2.0;-171.14
7915ED86456DCE11ADB310650500F6B8;FC081C55582CED11A62CD892C0003F2A;2025-07-10;-2.0;-1213.96
472CD02E5D2B7E110819BB65050039AA;FC081C55582CED11A62CD892C0003F2A;2025-07-10;-2.0;-407.2
58AC21A3A87CCE11ADB310650500B5B8;FC081C55582CED11A62CD892C0003F2A;2025-07-10;-8.0;-235.44
BE32FC7ADDDFEE1191EE10650500B9B9;FC081C55582CED11A62CD892C0003F2A;2025-07-10;-2.0;-3642.96
DDCF31189AC9FE11128010650500E819;FC081C55582CED11A62CD892C0003F2A;2025-07-10;-2.0;-73.8
01EDD82EC0CAED11A62CD892C0003F2A;FC081C55582CED11A62CD892C0003F2A;2025-07-10;-8.0;-2190.6
B75AC83AFB8BDE11406610650500044A;FC081C55582CED11A62CD892C0003F2A;2025-07-10;-2.0;-101.7
0E9FAD61C550CE118772106505001269;FC081C55582CED11A62CD892C0003F2A;2025-07-10;-2.0;-228.2
C791EA747D27EE1191EE10650500C6B9;FC081C55582CED11A62CD892C0003F2A;2025-07-10;-2.0;-71.26
90AC1F0C02E3DE11ADB310650500CFB8;FC081C55582CED11A62CD892C0003F2A;2025-07-10;-2.0;-400.4
A878A1BC5D32FE1191EE10650500BCB9;FC081C55582CED11A62CD892C0003F2A;2025-07-10;-2.0;-435.96
31962A6C62C02E1143F0668E4200C71A;FC081C55582CED11A62CD892C0003F2A;2025-07-10;-2.0;-1484.44
CD481511976CAE11BE2110650500C05A;FC081C55582CED11A62CD892C0003F2A;2025-07-10;-8.0;-1776.94
9E54CA91478B3E11052F6792C000D249;FC081C55582CED11A62CD892C0003F2A;2025-07-10;-4.0;-228.04
FD744D7F12EC6E11B7B78A650500BC08;FC081C55582CED11A62CD892C0003F2A;2025-07-10;-14.0;-601.92
734BE51EC8E3FE1191EE10650500FEB9;FC081C55582CED11A62CD892C0003F2A;2025-07-10;-2.0;-437.28
72DA83A561106E1142D58A650500AD08;FC081C55582CED11A62CD892C0003F2A;2025-07-10;-2.0;-365.48
EC23E09D9D0CFE111280106505000919;FC081C55582CED11A62CD892C0003F2A;2025-07-10;-2.0;-901.42
ED6391D766D6AE11BE2110650500B94A;FC081C55582CED11A62CD892C0003F2A;2025-07-10;-2.0;-530.48
C2120B04BB733E11052F6792C000CF39;FC081C55582CED11A62CD892C0003F2A;2025-07-10;-4.0;-311.32
56E316FBBD1EFE11F1557891FE69E489;FC081C55582CED11A62CD892C0003F2A;2025-07-10;-2.0;-258.42
1A8434DF20F05E1142D58A650500BC08;FC081C55582CED11A62CD892C0003F2A;2025-07-10;-2.0;-729.76
217275ABC1A76E11B7B78A650500BC08;FC081C55582CED11A62CD892C0003F2A;2025-07-10;-2.0;-344.72
662AC45A4BB23E11052F6792C000CF39;FC081C55582CED11A62CD892C0003F2A;2025-07-10;-2.0;-679.66
C8680BE491CAED11A62CD892C0003F2A;FC081C55582CED11A62CD892C0003F2A;2025-07-10;-2.0;-374.72
BE26F077BD30DE11ADB310650500EAB8;FC081C55582CED11A62CD892C0003F2A;2025-07-10;-2.0;-139.64
F72EDE23CA25EE11B1AD10650500D8EA;FC081C55582CED11A62CD892C0003F2A;2025-07-10;-2.0;-113.94
7F972B565E968E11F243BB650500DB3B;FC081C55582CED11A62CD892C0003F2A;2025-07-10;-2.0;-87.9
455A6FDA5BDD4E1142D58A650500BC08;FC081C55582CED11A62CD892C0003F2A;2025-07-10;-4.0;-670.9
878B3619256EEE1191EE1065050029B9;FC081C55582CED11A62CD892C0003F2A;2025-07-10;-4.0;-540.0
4769CAA0EC6FEE1191EE1065050029B9;FC081C55582CED11A62CD892C0003F2A;2025-07-10;-2.0;-391.68
0F7CBE53D2A08E110819BB65050039AA;FC081C55582CED11A62CD892C0003F2A;2025-07-10;-4.0;-731.68
18B2FCD4DC8F6E11B7B78A650500CD08;FC081C55582CED11A62CD892C0003F2A;2025-07-10;-2.0;-173.32
D0DB4AD961CAED11A62CD892C0003F2A;FC081C55582CED11A62CD892C0003F2A;2025-07-10;-6.0;-534.88
5F3842259FB96E11B7B78A650500BC08;FC081C55582CED11A62CD892C0003F2A;2025-07-10;-2.0;-414.02
1ED82BFBCC83FE1191EE106505008EB9;FC081C55582CED11A62CD892C0003F2A;2025-07-10;-2.0;-563.66
AFC778240ECA9E11525010650500EB4A;FC081C55582CED11A62CD892C0003F2A;2025-07-10;-2.0;-50.6
965496BE707ABE118772106505009A59;FC081C55582CED11A62CD892C0003F2A;2025-07-10;-2.0;-688.4
20E922C9E02FEE1191EE1065050029B9;FC081C55582CED11A62CD892C0003F2A;2025-07-10;-2.0;-950.56
3FF1CBD6B2ACEE1191EE1065050029B9;FC081C55582CED11A62CD892C0003F2A;2025-07-10;-6.0;-485.5
60E61F73F17F6E11B7B78A650500CD08;FC081C55582CED11A62CD892C0003F2A;2025-07-10;-4.0;-58.82
D519A5CAEE065E1142D58A650500DC08;FC081C55582CED11A62CD892C0003F2A;2025-07-10;-6.0;-230.52
63D0A049DDF39E115540106505008D3B;FC081C55582CED11A62CD892C0003F2A;2025-07-10;-2.0;-74.96
5D38F7582642FE1191EE10650500CCB9;FC081C55582CED11A62CD892C0003F2A;2025-07-10;-2.0;-2260.32
163860128FD2FE1191EE106505009DB9;FC081C55582CED11A62CD892C0003F2A;2025-07-10;-4.0;-114.66
56181BDBAB4B3E11052F6792C000D249;FC081C55582CED11A62CD892C0003F2A;2025-07-10;-2.0;-467.62
E42A08F801CAED11A62CD892C0003F2A;FC081C55582CED11A62CD892C0003F2A;2025-07-10;-2.0;-46.6
D0976399FC410F11112A674AC7E21989;FC081C55582CED11A62CD892C0003F2A;2025-07-10;-2.0;-150.48
D7A53A65BCA79E11554010650500524B;FC081C55582CED11A62CD892C0003F2A;2025-07-10;-2.0;-765.24
A6A142F6104FFE11F1557891FE695689;FC081C55582CED11A62CD892C0003F2A;2025-07-10;-2.0;-128.42
6ECFE5548C88EE1191EE1065050098B9;FC081C55582CED11A62CD892C0003F2A;2025-07-10;-2.0;-4696.92
AF6724E8CC8EFE11F1557891FE697589;FC081C55582CED11A62CD892C0003F2A;2025-07-10;-2.0;-50.0
29F4F53C79363E11052F6792C000FF39;FC081C55582CED11A62CD892C0003F2A;2025-07-10;-2.0;-66.92
33B8641F6BB4EE11B1AD1065050048EA;FC081C55582CED11A62CD892C0003F2A;2025-07-10;-4.0;-561.14
E05CFBC57F0FCE11ADB31065050029B8;FC081C55582CED11A62CD892C0003F2A;2025-07-10;-2.0;-3354.76
0C27FAD5D8EA5E1142D58A6505000D08;FC081C55582CED11A62CD892C0003F2A;2025-07-10;-2.0;-117.64
E7F4F53C79363E11052F6792C000FF39;FC081C55582CED11A62CD892C0003F2A;2025-07-10;-2.0;-70.76
2694943F787CCE11ADB310650500B5B8;FC081C55582CED11A62CD892C0003F2A;2025-07-10;-6.0;-176.58
188FA3470C7DFE1158A3BB3DBE8E1489;FC081C55582CED11A62CD892C0003F2A;2025-07-10;-6.0;-122.94
F73159E86589DE11406610650500514A;FC081C55582CED11A62CD892C0003F2A;2025-07-10;-2.0;-373.84
1CA39A798D36DE11ADB310650500E2C8;FC081C55582CED11A62CD892C0003F2A;2025-07-10;-2.0;-222.1
7002AE3A2A6BFE111280106505000919;FC081C55582CED11A62CD892C0003F2A;2025-07-10;-2.0;-133.76
D780E2E04579FE11128010650500E819;FC081C55582CED11A62CD892C0003F2A;2025-07-10;-10.0;-371.5
D01C21F4BF94DE11ADB310650500D0C8;FC081C55582CED11A62CD892C0003F2A;2025-07-10;-2.0;-198.9
67CF7A96098AFE11128010650500E819;FC081C55582CED11A62CD892C0003F2A;2025-07-10;-2.0;-720.0
A6FDC45E3142CE118772106505008469;B0BDDED34CC83E11052F6792C000B249;2025-07-10;-4.0;-536.0
E76C964257E48E113835BB6505009DAA;B0BDDED34CC83E11052F6792C000B249;2025-07-10;-10.0;-3110.0
CDF25322065ECE11ADB31065050038B8;B0BDDED34CC83E11052F6792C000B249;2025-07-10;-2.0;-520.06
073D4C975A180E11A4A96492C00009EB;B0BDDED34CC83E11052F6792C000B249;2025-07-10;-2.0;-198.08
91D7953138504E1142D58A650500DB08;B0BDDED34CC83E11052F6792C000B249;2025-07-10;-2.0;-112.42
B396285BF4E3FE1191EE10650500FEB9;B0BDDED34CC83E11052F6792C000B249;2025-07-10;-2.0;-629.18
5C991AF75F7E4E1142D58A650500BC08;B0BDDED34CC83E11052F6792C000B249;2025-07-10;-2.0;-628.18
B12AC4A5ADECFE11F1557891FE696389;B0BDDED34CC83E11052F6792C000B249;2025-07-10;-2.0;-657.88
4A074B58DC828E110223BB650500AAAA;B0BDDED34CC83E11052F6792C000B249;2025-07-10;-2.0;-92.88
DA9088DED0CAED11A62CD892C0003F2A;B0BDDED34CC83E11052F6792C000B249;2025-07-10;-2.0;-153.6
B8549C2DC0CAED11A62CD892C0003F2A;B0BDDED34CC83E11052F6792C000B249;2025-07-10;-2.0;-374.64
A08F0F2CB023CE11877210650500A569;B0BDDED34CC83E11052F6792C000B249;2025-07-10;-18.0;-571.3199999999999
BE6785D8D0CAED11A62CD892C0003F2A;B0BDDED34CC83E11052F6792C000B249;2025-07-10;-6.0;-1369.92
3BBCE05C41446E11B7B78A650500BC08;B0BDDED34CC83E11052F6792C000B249;2025-07-10;-2.0;-843.6
576F6988CE330E11A4A96492C00008E9;B0BDDED34CC83E11052F6792C000B249;2025-07-10;-6.0;-642.66
8FCD25FECE5BFE111280106505000919;B0BDDED34CC83E11052F6792C000B249;2025-07-10;-4.0;-228.0
E83E669409FEFD11A4A96492C000DFF9;B0BDDED34CC83E11052F6792C000B249;2025-07-10;-12.0;-334.68
B63A4B7B00A0CE118772106505007269;B0BDDED34CC83E11052F6792C000B249;2025-07-10;-6.0;-109.38
259EA71EC978FE11128010650500D819;B0BDDED34CC83E11052F6792C000B249;2025-07-10;-2.0;-46.56
0E0BEAE1AB458E113835BB6505001EAA;B0BDDED34CC83E11052F6792C000B249;2025-07-10;-4.0;-1260.56
EF39248CF5802E1143F0668E4200C71A;B0BDDED34CC83E11052F6792C000B249;2025-07-10;-6.0;-958.74
0F38438847FF4E1142D58A650500BC08;B0BDDED34CC83E11052F6792C000B249;2025-07-10;-2.0;-64.84
F61ABF8FD410CE11877210650500C169;B0BDDED34CC83E11052F6792C000B249;2025-07-10;-4.0;-726.32
7F890DC2591A6E11B7B78A650500BC08;B0BDDED34CC83E11052F6792C000B249;2025-07-10;-2.0;-216.84
421CAA9BE379BE118772106505005959;B0BDDED34CC83E11052F6792C000B249;2025-07-10;-2.0;-412.82
17EB5B5A04D7EE1191EE1065050097B9;B0BDDED34CC83E11052F6792C000B249;2025-07-10;-2.0;-59.44
BD77761AFC07FE1191EE1065050013C9;B0BDDED34CC83E11052F6792C000B249;2025-07-10;-2.0;-480.66
6A07685F6DC40F114EF7A826072B9D89;B0BDDED34CC83E11052F6792C000B249;2025-07-10;-2.0;-280.0
185BD54551CAED11A62CD892C0003F2A;B0BDDED34CC83E11052F6792C000B249;2025-07-10;-2.0;-339.24
471DFA9F73C5AE11BE2110650500484A;B0BDDED34CC83E11052F6792C000B249;2025-07-10;-2.0;-314.52
AB1237A5ACC7BE118772106505003759;B0BDDED34CC83E11052F6792C000B249;2025-07-10;-2.0;-323.8
BFB2C654CCACEE1191EE1065050029B9;B0BDDED34CC83E11052F6792C000B249;2025-07-10;-2.0;-262.44
6B09646391CAED11A62CD892C0003F2A;B0BDDED34CC83E11052F6792C000B249;2025-07-10;-2.0;-302.08
D6DBCF28747FCE11ADB310650500C9B8;B0BDDED34CC83E11052F6792C000B249;2025-07-10;-2.0;-69.24
9E8291B9C19EBE11877210650500DF59;B0BDDED34CC83E11052F6792C000B249;2025-07-10;-8.0;-211.76
DC0F389159E48E113835BB6505009DAA;B0BDDED34CC83E11052F6792C000B249;2025-07-10;-4.0;-1170.4
184D9DC7690F9E117260106505009C4A;B0BDDED34CC83E11052F6792C000B249;2025-07-10;-2.0;-994.22
BE15B92D98FF9E11726010650500CD4A;B0BDDED34CC83E11052F6792C000B249;2025-07-10;-2.0;-464.94
D5ECC40BBE6DFE11F1557891FE690489;B0BDDED34CC83E11052F6792C000B249;2025-07-10;-2.0;-198.0
A2597EEBFA3DFE11F1557891FE69C389;B0BDDED34CC83E11052F6792C000B249;2025-07-10;-4.0;-424.64
FC1B1729ACA5BE11BE21106505009C5A;B0BDDED34CC83E11052F6792C000B249;2025-07-10;-4.0;-156.52
BA2E521F8C78CE11ADB31065050060B8;B0BDDED34CC83E11052F6792C000B249;2025-07-10;-6.0;-2238.42
6286A11E189BDE11406610650500144A;B0BDDED34CC83E11052F6792C000B249;2025-07-10;-4.0;-1338.24
174D9E0C675EEE1191EE1065050029B9;B0BDDED34CC83E11052F6792C000B249;2025-07-10;-2.0;-768.22
3AB6D3AB85938E113835BB6505001CAA;B0BDDED34CC83E11052F6792C000B249;2025-07-10;-2.0;-100.08
350745E91D95FE1191EE1065050031C9;B0BDDED34CC83E11052F6792C000B249;2025-07-10;-4.0;-535.46
06B4D3506896FE1191EE1065050072C9;B0BDDED34CC83E11052F6792C000B249;2025-07-10;-2.0;-479.4
94C13F672AC0DE11ADB310650500ABB8;B0BDDED34CC83E11052F6792C000B249;2025-07-10;-2.0;-36.02
814D3999A89BEE1191EE1065050029B9;B0BDDED34CC83E11052F6792C000B249;2025-07-10;-6.0;-306.26
E6AF8A5FC0CAED11A62CD892C0003F2A;B0BDDED34CC83E11052F6792C000B249;2025-07-10;-6.0;-663.3
19DD0C3751CAED11A62CD892C0003F2A;B0BDDED34CC83E11052F6792C000B249;2025-07-10;-2.0;-692.46
7421D87750600F11F1557891FE69C789;B0BDDED34CC83E11052F6792C000B249;2025-07-10;-4.0;-208.0
9422080106A2CE118772106505000569;B0BDDED34CC83E11052F6792C000B249;2025-07-10;-2.0;-2422.6
5107D298B12AFE11128010650500E819;B0BDDED34CC83E11052F6792C000B249;2025-07-10;-4.0;-150.24
DB77FB76195EDE11406610650500C74A;B0BDDED34CC83E11052F6792C000B249;2025-07-10;-2.0;-104.5
54391C035B232E1143F0668E4200C71A;B0BDDED34CC83E11052F6792C000B249;2025-07-10;-4.0;-226.92
55B62ACC69DDCE11ADB31065050097B8;B0BDDED34CC83E11052F6792C000B249;2025-07-10;-4.0;-268.92
903118CCA257DE11C846106505008F6A;B0BDDED34CC83E11052F6792C000B249;2025-07-10;-4.0;-102.0
7F96B7DB01CAED11A62CD892C0003F2A;B0BDDED34CC83E11052F6792C000B249;2025-07-10;-4.0;-447.56
1B4793699709CE11ADB31065050011B8;B0BDDED34CC83E11052F6792C000B249;2025-07-10;-4.0;-110.72
7EFA0DA789DDCE11ADB31065050097B8;B0BDDED34CC83E11052F6792C000B249;2025-07-10;-8.0;-99.38000000000001
DA4D455DE0CAED11A62CD892C0003F2A;B0BDDED34CC83E11052F6792C000B249;2025-07-10;-2.0;-1708.2
F5F18BC1419EBE11877210650500DF59;B0BDDED34CC83E11052F6792C000B249;2025-07-10;-2.0;-52.94
65BC9DE2AE24DE11ADB31065050040C8;B0BDDED34CC83E11052F6792C000B249;2025-07-10;-2.0;-344.26
94220CC67C937E11B7B78A650500DD08;B0BDDED34CC83E11052F6792C000B249;2025-07-10;-2.0;-191.0
B7C6C6B5D77EFE11F1557891FE695589;B0BDDED34CC83E11052F6792C000B249;2025-07-10;-2.0;-243.28
4622243AB7A0EE11406610650500BA4A;B0BDDED34CC83E11052F6792C000B249;2025-07-10;-2.0;-266.72
D35E9808D3BC3E11052F6792C000D249;B0BDDED34CC83E11052F6792C000B249;2025-07-10;-2.0;-141.12
EFA15376AF6DFE11F1557891FE690489;B0BDDED34CC83E11052F6792C000B249;2025-07-10;-2.0;-163.4
822CE8672FD38E113835BB6505007CAA;B0BDDED34CC83E11052F6792C000B249;2025-07-10;-4.0;-4594.84
3E82156348F20F114EF7A826072B4B89;B0BDDED34CC83E11052F6792C000B249;2025-07-10;-2.0;-170.58
6489EDCDEE2FEE1191EE1065050029B9;B0BDDED34CC83E11052F6792C000B249;2025-07-10;-2.0;-71.48
87A1914AA2CAED11A62CD892C0003F2A;B0BDDED34CC83E11052F6792C000B249;2025-07-10;-2.0;-1582.24
8005E2E5F2E2CE118772106505005569;B0BDDED34CC83E11052F6792C000B249;2025-07-10;-2.0;-1077.44
F3A43B996382DE11ADB3106505000EB8;B0BDDED34CC83E11052F6792C000B249;2025-07-10;-2.0;-887.14
6E03C37E8AF08E110819BB65050039AA;B0BDDED34CC83E11052F6792C000B249;2025-07-10;-2.0;-271.68
67FC11839B547E11B7B78A650500ED08;B0BDDED34CC83E11052F6792C000B249;2025-07-10;-2.0;-767.42
6DCB0E913EDBBE118772106505006C59;B0BDDED34CC83E11052F6792C000B249;2025-07-10;-2.0;-217.2
214C4B77FAC1FE1191EE106505002CB9;B0BDDED34CC83E11052F6792C000B249;2025-07-10;-2.0;-520.06
8206F7318EEBCE11ADB310650500E4B8;B0BDDED34CC83E11052F6792C000B249;2025-07-10;-2.0;-599.42
F1200B10E246AE11BE2110650500F84A;B0BDDED34CC83E11052F6792C000B249;2025-07-10;-4.0;-648.56
51B8CC9B093EBE118772106505006F59;B0BDDED34CC83E11052F6792C000B249;2025-07-10;-4.0;-105.88
4544118ADA7D6E11B7B78A650500BC08;B0BDDED34CC83E11052F6792C000B249;2025-07-10;-2.0;-138.52
E653C166AF6DFE11F1557891FE690489;B0BDDED34CC83E11052F6792C000B249;2025-07-10;-2.0;-163.4
5AB54DD35574FD110DC22A92C000C499;B0BDDED34CC83E11052F6792C000B249;2025-07-10;-2.0;-85.76
BAEBAB49094CDE11406610650500054A;B0BDDED34CC83E11052F6792C000B249;2025-07-10;-2.0;-272.54
BC5FCB1BB03D7E110819BB65050039AA;44673735EAF46E11B7B78A650500BC08;2025-07-10;-2.0;-32.88
779902914575EE1191EE10650500D4B9;44673735EAF46E11B7B78A650500BC08;2025-07-10;-20.0;-878.0
FD69173959B1EE114066106505001C4A;44673735EAF46E11B7B78A650500BC08;2025-07-10;-6.0;-151.74
DE4D455DE0CAED11A62CD892C0003F2A;44673735EAF46E11B7B78A650500BC08;2025-07-10;-2.0;-311.54
F4AA0BD3CC22AE11726010650500905A;44673735EAF46E11B7B78A650500BC08;2025-07-10;-2.0;-51.98
0A9EF37B8A65EE11B1AD1065050039EA;44673735EAF46E11B7B78A650500BC08;2025-07-10;-16.0;-368.0
29221F7F45CF8E11F243BB650500084B;44673735EAF46E11B7B78A650500BC08;2025-07-10;-2.0;-95.1
427310B7F5CD2E11052F6792C000CF39;44673735EAF46E11B7B78A650500BC08;2025-07-10;-2.0;-887.14
83EE077F7D456E11B7B78A650500BC08;44673735EAF46E11B7B78A650500BC08;2025-07-10;-4.0;-124.8
534BFAE1D6CABE118772106505000B59;44673735EAF46E11B7B78A650500BC08;2025-07-10;-2.0;-621.4
82C57B44E5079E11554010650500814B;44673735EAF46E11B7B78A650500BC08;2025-07-10;-4.0;-491.7
5E0BF21D1CE76E11B7B78A650500BC08;44673735EAF46E11B7B78A650500BC08;2025-07-10;-12.0;-2666.64
0CB225869C456E11B7B78A650500BC08;44673735EAF46E11B7B78A650500BC08;2025-07-10;-12.0;-482.76
F4582DFEB655BE11BE21106505002C5A;44673735EAF46E11B7B78A650500BC08;2025-07-10;-6.0;-558.0
5C978DEAF50BAE11BE21106505000F4A;44673735EAF46E11B7B78A650500BC08;2025-07-10;-2.0;-605.58
0034A856DB456E11B7B78A650500BC08;44673735EAF46E11B7B78A650500BC08;2025-07-10;-6.0;-739.5
7274E61DA0CAED11A62CD892C0003F2A;44673735EAF46E11B7B78A650500BC08;2025-07-10;-4.0;-518.76
C5C7703F6EEAAE11BE2110650500EE4A;44673735EAF46E11B7B78A650500BC08;2025-07-10;-8.0;-73.46
18B373561D456E11B7B78A650500BC08;44673735EAF46E11B7B78A650500BC08;2025-07-10;-4.0;-642.0
85437A53DF11DE11ADB3106505003CB8;44673735EAF46E11B7B78A650500BC08;2025-07-10;-2.0;-426.4
E2E557229CF88E11F243BB650500DE3B;44673735EAF46E11B7B78A650500BC08;2025-07-10;-2.0;-428.6
7D05BE8D066E9E11726010650500CB4A;44673735EAF46E11B7B78A650500BC08;2025-07-10;-8.0;-118.68
78483161A7A47E11B7B78A650500ED08;44673735EAF46E11B7B78A650500BC08;2025-07-10;-2.0;-1354.48
11F0A038D397EE1191EE1065050047B9;44673735EAF46E11B7B78A650500BC08;2025-07-10;-2.0;-158.0
6B3CE69BCE67FE1191EE1065050093C9;44673735EAF46E11B7B78A650500BC08;2025-07-10;-2.0;-179.26
37156BEAA5EFCE11ADB3106505006AB8;44673735EAF46E11B7B78A650500BC08;2025-07-10;-2.0;-122.38
0C0DF4BB3D456E11B7B78A650500BC08;44673735EAF46E11B7B78A650500BC08;2025-07-10;-4.0;-388.18
89C86EF2EF456E11B7B78A650500BC08;44673735EAF46E11B7B78A650500BC08;2025-07-10;-2.0;-628.28
382D22AE94688E11F243BB6505001E3B;44673735EAF46E11B7B78A650500BC08;2025-07-10;-2.0;-1272.8
0204A0F47678FE11128010650500D819;44673735EAF46E11B7B78A650500BC08;2025-07-10;-2.0;-614.68
F3137EBFE6197E110819BB65050009AA;44673735EAF46E11B7B78A650500BC08;2025-07-10;-22.0;-988.68
FEA94706F2DFAE11BE2110650500255A;44673735EAF46E11B7B78A650500BC08;2025-07-10;-8.0;-3481.44
F30319B5C422BE11BE2110650500185A;44673735EAF46E11B7B78A650500BC08;2025-07-10;-2.0;-377.9
492A58E16D7DBE118772106505007E59;44673735EAF46E11B7B78A650500BC08;2025-07-10;-2.0;-240.0
3086246BA30A3E11052F6792C000D249;44673735EAF46E11B7B78A650500BC08;2025-07-10;-4.0;-859.2
900E3C660DA57E11B7B78A650500ED08;44673735EAF46E11B7B78A650500BC08;2025-07-10;-4.0;-392.0
1C361686AC456E11B7B78A650500BC08;44673735EAF46E11B7B78A650500BC08;2025-07-10;-2.0;-90.5
CE3637BE2CE1EE114066106505006C4A;44673735EAF46E11B7B78A650500BC08;2025-07-10;-2.0;-182.8
763AB36E21C7DE11C84610650500107A;44673735EAF46E11B7B78A650500BC08;2025-07-10;-4.0;-36.42
33477625E68ECE11ADB31065050078B8;44673735EAF46E11B7B78A650500BC08;2025-07-10;-2.0;-524.0
7A394238127DCE11ADB31065050007B8;44673735EAF46E11B7B78A650500BC08;2025-07-10;-4.0;-319.88
22E611BC0C5CCE11ADB31065050095B8;44673735EAF46E11B7B78A650500BC08;2025-07-10;-2.0;-1880.0
17A6BB90A8F07E11B7B78A650500CD08;44673735EAF46E11B7B78A650500BC08;2025-07-10;-16.0;-908.1600000000001
DE77CFAD1126BE118772106505001559;44673735EAF46E11B7B78A650500BC08;2025-07-10;-4.0;-254.66
E80423707EEAAE11BE2110650500EE4A;44673735EAF46E11B7B78A650500BC08;2025-07-10;-20.0;-366.26
A3ABEBBF9830FE1191EE106505002AB9;44673735EAF46E11B7B78A650500BC08;2025-07-10;-2.0;-23.66
06A444FE4FA6DE11C84610650500BE6A;44673735EAF46E11B7B78A650500BC08;2025-07-10;-6.0;-139.8
FE7DE5041431FE1191EE106505006BB9;44673735EAF46E11B7B78A650500BC08;2025-07-10;-2.0;-291.0
7289644382E0DE11ADB310650500DBB8;44673735EAF46E11B7B78A650500BC08;2025-07-10;-2.0;-291.22
FD3D4DF947E4DE11ADB31065050031C8;44673735EAF46E11B7B78A650500BC08;2025-07-10;-4.0;-484.0
50146B13B13FEE1191EE1065050029B9;44673735EAF46E11B7B78A650500BC08;2025-07-10;-8.0;-781.86
5FC19C7C3CDDAE11BE2110650500A25A;44673735EAF46E11B7B78A650500BC08;2025-07-10;-2.0;-139.86
107A929E28A5DE11ADB31065050022C8;44673735EAF46E11B7B78A650500BC08;2025-07-10;-2.0;-2077.8
5096C19D764E3E11052F6792C000D249;44673735EAF46E11B7B78A650500BC08;2025-07-10;-2.0;-66.92
6048EF9663208E110819BB65050039AA;44673735EAF46E11B7B78A650500BC08;2025-07-10;-2.0;-415.08
DED44E1613179E11554010650500914B;44673735EAF46E11B7B78A650500BC08;2025-07-10;-22.0;-1580.48
051384389D0A6E11B7B78A650500BC08;44673735EAF46E11B7B78A650500BC08;2025-07-10;-30.0;-1774.22
C6D7BD3CFD456E11B7B78A650500BC08;44673735EAF46E11B7B78A650500BC08;2025-07-10;-2.0;-410.02
DB205C4A63039E115540106505004C3B;44673735EAF46E11B7B78A650500BC08;2025-07-10;-2.0;-849.58
9E2FDC1F45CF8E11F243BB650500084B;44673735EAF46E11B7B78A650500BC08;2025-07-10;-2.0;-85.12
C2276DAE15FC7E110819BB65050039AA;44673735EAF46E11B7B78A650500BC08;2025-07-10;-8.0;-185.92
EB906879B5EBEE1191EE1065050029B9;44673735EAF46E11B7B78A650500BC08;2025-07-10;-2.0;-2295.0
97295CC2ECD4DE11ADB31065050021C8;44673735EAF46E11B7B78A650500BC08;2025-07-10;-2.0;-270.84
CA1A9ABBC35FEE1191EE1065050029B9;44673735EAF46E11B7B78A650500BC08;2025-07-10;-2.0;-1031.86
9C05A256CC456E11B7B78A650500BC08;44673735EAF46E11B7B78A650500BC08;2025-07-10;-2.0;-497.08
D3C9D397E770BE11BE2110650500F55A;44673735EAF46E11B7B78A650500BC08;2025-07-10;-2.0;-132.02
D9AEA5F4B9000F11F1557891FE695789;44673735EAF46E11B7B78A650500BC08;2025-07-10;-2.0;-114.04
4587FD357AA1CE11877210650500C369;44673735EAF46E11B7B78A650500BC08;2025-07-10;-6.0;-947.16
828E9EE7F60ADE11406610650500F14A;44673735EAF46E11B7B78A650500BC08;2025-07-10;-2.0;-2523.2
518E8795E039EE1191EE1065050009B9;44673735EAF46E11B7B78A650500BC08;2025-07-10;-4.0;-169.78
C93EE961BD889E11525010650500F84A;44673735EAF46E11B7B78A650500BC08;2025-07-10;-4.0;-316.0
D2704B74F5C0BE11BE2110650500565A;44673735EAF46E11B7B78A650500BC08;2025-07-10;-2.0;-123.62
7A3EE961BD889E11525010650500F84A;44673735EAF46E11B7B78A650500BC08;2025-07-10;-2.0;-292.18
95A67CB66FD8CE11ADB310650500E0B8;44673735EAF46E11B7B78A650500BC08;2025-07-10;-2.0;-1178.8
15F75042DD456E11B7B78A650500BC08;44673735EAF46E11B7B78A650500BC08;2025-07-10;-2.0;-4238.0
40BE76E2DC456E11B7B78A650500BC08;44673735EAF46E11B7B78A650500BC08;2025-07-10;-10.0;-468.02
60F1988F2A158E113835BB650500DDAA;44673735EAF46E11B7B78A650500BC08;2025-07-10;-2.0;-174.66
3850D8297505EE11B1AD10650500A8EA;44673735EAF46E11B7B78A650500BC08;2025-07-10;-41.6;-2866.24
F3C9D397E770BE11BE2110650500F55A;44673735EAF46E11B7B78A650500BC08;2025-07-10;-2.0;-241.0
7931728E7C456E11B7B78A650500BC08;44673735EAF46E11B7B78A650500BC08;2025-07-10;-2.0;-676.76
17156BEAA5EFCE11ADB3106505006AB8;44673735EAF46E11B7B78A650500BC08;2025-07-10;-2.0;-228.08
A42673A10E456E11B7B78A650500BC08;44673735EAF46E11B7B78A650500BC08;2025-07-10;-2.0;-1126.0
3EDF2DBC8E456E11B7B78A650500BC08;44673735EAF46E11B7B78A650500BC08;2025-07-10;-2.0;-574.0
FB989B606032BE11BE2110650500285A;44673735EAF46E11B7B78A650500BC08;2025-07-10;-2.0;-672.0
652ED80F25037E11B7B78A650500DD08;44673735EAF46E11B7B78A650500BC08;2025-07-10;-8.0;-292.96
B8716CFCDA8D7E110819BB65050039AA;44673735EAF46E11B7B78A650500BC08;2025-07-10;-4.0;-144.84
C605254C9E456E11B7B78A650500BC08;44673735EAF46E11B7B78A650500BC08;2025-07-10;-4.0;-105.2
90E9236D2640FE1191EE106505003AB9;44673735EAF46E11B7B78A650500BC08;2025-07-10;-6.0;-123.2
9CDB5432F45AAE11BE21106505002E4A;44673735EAF46E11B7B78A650500BC08;2025-07-10;-2.0;-986.0
BED6330AC78CDE11406610650500554A;44673735EAF46E11B7B78A650500BC08;2025-07-10;-4.0;-1000.0
FF2C6BDA03078E11F243BB6505005C3B;44673735EAF46E11B7B78A650500BC08;2025-07-10;-2.0;-63.32
92C8BD650EADAE11BE2110650500625A;44673735EAF46E11B7B78A650500BC08;2025-07-10;-4.0;-631.8
27ABCFB52884EE11B1AD1065050008EA;44673735EAF46E11B7B78A650500BC08;2025-07-10;-8.0;-972.8
FD7E8061CFC5EE1191EE1065050055B9;44673735EAF46E11B7B78A650500BC08;2025-07-10;-20.0;-2598.0
E3134A47CE456E11B7B78A650500BC08;44673735EAF46E11B7B78A650500BC08;2025-07-10;-2.0;-57.8
39F0313630556E11B7B78A650500BC08;44673735EAF46E11B7B78A650500BC08;2025-07-10;-2.0;-212.78
C21D462FA0638E111E1BBB650500BBAA;44673735EAF46E11B7B78A650500BC08;2025-07-10;-12.0;-251.14000000000001
98A5854AE670BE11BE2110650500F55A;44673735EAF46E11B7B78A650500BC08;2025-07-10;-2.0;-749.48
3D577F655AE66E11B7B78A650500BC08;44673735EAF46E11B7B78A650500BC08;2025-07-10;-2.0;-60.0
6A0E1C02AEEBCE11ADB310650500E4B8;44673735EAF46E11B7B78A650500BC08;2025-07-10;-2.0;-589.12
D2F06262B0A1EE11406610650500FB4A;44673735EAF46E11B7B78A650500BC08;2025-07-10;-2.0;-411.4
18E325DEC49E4E1142D58A650500BC08;44673735EAF46E11B7B78A650500BC08;2025-07-10;-2.0;-102.0
1E8702D74C456E11B7B78A650500BC08;44673735EAF46E11B7B78A650500BC08;2025-07-10;-12.0;-1425.04
57683CA0EAD7CE11ADB3106505008FA8;44673735EAF46E11B7B78A650500BC08;2025-07-10;15.0;1512.18
85D9B0A5DCFBEE1191EE1065050029B9;44673735EAF46E11B7B78A650500BC08;2025-07-10;2.0;1050.0
D8403F139A248E113835BB650500ACAA;FC081C55582CED11A62CD892C0003F2A;2025-07-10;-6.0;-563.7
7D8552409A248E113835BB650500ACAA;FC081C55582CED11A62CD892C0003F2A;2025-07-10;2.0;175.38
20962C928A460E11A4A96492C0004B38;FC081C55582CED11A62CD892C0003F2A;2025-07-10;0.0;0.0
8EB6F63880B2CE118772106505001569;FC081C55582CED11A62CD892C0003F2A;2025-07-10;0.0;0.0
8C678A00CBE1EE114066106505006C4A;FC081C55582CED11A62CD892C0003F2A;2025-07-10;0.0;0.0
EFAFF82280E2FE1191EE106505009DB9;FC081C55582CED11A62CD892C0003F2A;2025-07-10;0.0;0.0
1DA9A9E037F07E11B7B78A650500CD08;FC081C55582CED11A62CD892C0003F2A;2025-07-10;0.0;0.0
00CAB61AEAB4EE11B1AD1065050048EA;FC081C55582CED11A62CD892C0003F2A;2025-07-10;0.0;0.0
AF9993A5CEF0EE114066106505002B4A;FC081C55582CED11A62CD892C0003F2A;2025-07-10;0.0;0.0
EA51CD5CEB01FE1191EE106505003BB9;FC081C55582CED11A62CD892C0003F2A;2025-07-10;-2.0;-47.84
E42D6A371ABAFE11128010650500E819;FC081C55582CED11A62CD892C0003F2A;2025-07-10;0.0;0.0
E8AA9A9E89FC9E11726010650500E94A;FC081C55582CED11A62CD892C0003F2A;2025-07-10;0.0;0.0
1A9D772C0040EE114066106505003A4A;FC081C55582CED11A62CD892C0003F2A;2025-07-10;0.0;0.0
63C383856E74FE1191EE10650500CFB9;FC081C55582CED11A62CD892C0003F2A;2025-07-10;0.0;0.0
DC8DE026E315AE11726010650500445A;FC081C55582CED11A62CD892C0003F2A;2025-07-10;0.0;0.0
911EDF3CEB5F7E110819BB65050039AA;FC081C55582CED11A62CD892C0003F2A;2025-07-10;0.0;0.0
1A877C2A93D67E11B7B78A650500ED08;FC081C55582CED11A62CD892C0003F2A;2025-07-10;0.0;0.0
AF714E91B3D67E11B7B78A650500ED08;FC081C55582CED11A62CD892C0003F2A;2025-07-10;0.0;0.0
770ED6C599FC9E11726010650500E94A;FC081C55582CED11A62CD892C0003F2A;2025-07-10;0.0;0.0
E6523554C3D67E11B7B78A650500ED08;FC081C55582CED11A62CD892C0003F2A;2025-07-10;0.0;0.0
CC7874C898E3FE1191EE10650500FEB9;FC081C55582CED11A62CD892C0003F2A;2025-07-10;0.0;0.0
06FFD784F518BE118772106505009759;FC081C55582CED11A62CD892C0003F2A;2025-07-10;0.0;0.0
BEC88C6A663EAE11BE2110650500135A;FC081C55582CED11A62CD892C0003F2A;2025-07-10;0.0;0.0
9790516A93C1CE11877210650500E369;FC081C55582CED11A62CD892C0003F2A;2025-07-10;0.0;0.0
C6E6F3FB60F8CE11ADB310650500F0B8;FC081C55582CED11A62CD892C0003F2A;2025-07-10;0.0;0.0
E2EC131B9511EE114066106505004B4A;44673735EAF46E11B7B78A650500BC08;2025-07-10;-4.0;-2372.96
8EEE57A734054E1142D58A6505002C08;44673735EAF46E11B7B78A650500BC08;2025-07-10;24.0;3200.16
6ADCE8360C456E11B7B78A650500BC08;44673735EAF46E11B7B78A650500BC08;2025-07-10;-2.0;-7123.24
C8C1EFE6AC456E11B7B78A650500BC08;44673735EAF46E11B7B78A650500BC08;2025-07-10;-14.0;-553.9200000000001
463F4ABC8E7F6E11B7B78A650500CD08;44673735EAF46E11B7B78A650500BC08;2025-07-10;6.0;2942.86
B2635722AE4A7E110819BB65050039AA;44673735EAF46E11B7B78A650500BC08;2025-07-10;12.0;6949.14
394F120FD9456E11B7B78A650500BC08;44673735EAF46E11B7B78A650500BC08;2025-07-10;0.0;-1.1368683772161603e-13
5AC2EBE4E9456E11B7B78A650500BC08;44673735EAF46E11B7B78A650500BC08;2025-07-10;0.0;0.0
B8366B45E9456E11B7B78A650500BC08;44673735EAF46E11B7B78A650500BC08;2025-07-10;0.0;0.0
00636D2574437E11B7B78A650500DD08;44673735EAF46E11B7B78A650500BC08;2025-07-10;0.0;0.0
69DAA76D7E8ADE11406610650500A24A;44673735EAF46E11B7B78A650500BC08;2025-07-10;0.0;0.0
504D2BC194437E11B7B78A650500DD08;44673735EAF46E11B7B78A650500BC08;2025-07-10;0.0;0.0
7234AEC5FC91DE11ADB310650500ECB8;44673735EAF46E11B7B78A650500BC08;2025-07-10;0.0;0.0
71F496634E1FCE11ADB31065050039B8;44673735EAF46E11B7B78A650500BC08;2025-07-10;-20.0;-638.5799999999999
0226F1E76D22AE11726010650500905A;44673735EAF46E11B7B78A650500BC08;2025-07-10;0.0;0.0
00C658B532EC9E11726010650500C94A;44673735EAF46E11B7B78A650500BC08;2025-07-10;0.0;-2.2737367544323206e-13
4F6731D408B9DE11406610650500914A;FC081C55582CED11A62CD892C0003F2A;2025-07-10;0.0;0.0
35F28D8B5C440F114EF7A826072BFC89;FC081C55582CED11A62CD892C0003F2A;2025-07-10;0.0;0.0
AC380F8B5C440F114EF7A826072BFC89;FC081C55582CED11A62CD892C0003F2A;2025-07-10;0.0;0.0
57C2A2CDC691FE1191EE10650500EBB9;FC081C55582CED11A62CD892C0003F2A;2025-07-10;0.0;0.0
1D538CCC6CB50F114EF7A826072BCE89;44673735EAF46E11B7B78A650500BC08;2025-07-10;8.0;14000.0
5673E91CBEB40F114EF7A826072B8D89;B0BDDED34CC83E11052F6792C000B249;2025-07-10;200.0;1276.14
D24D913CBEB40F114EF7A826072B8D89;B0BDDED34CC83E11052F6792C000B249;2025-07-10;408.0;3535.58
7CEF2E0A78540F114EF7A826072B0D89;B0BDDED34CC83E11052F6792C000B249;2025-07-10;64.0;4240.46
E201A2B09A4EDE11406610650500B74A;B0BDDED34CC83E11052F6792C000B249;2025-07-10;400.0;2357.6
782C15D7D77DFE1158A3BB3DBE8E1489;FC081C55582CED11A62CD892C0003F2A;2025-07-10;0.0;-3.637978807091713e-12
DE796FC88BCE8E11F243BB650500C64B;FC081C55582CED11A62CD892C0003F2A;2025-07-10;0.0;0.0
0EEDCBEF23D2FE1191EE106505007DB9;FC081C55582CED11A62CD892C0003F2A;2025-07-10;0.0;0.0
F45CFE28F630FE1191EE106505002AB9;FC081C55582CED11A62CD892C0003F2A;2025-07-10;-2.0;-1839.44
1DEF0327D44FFD11A4A96492C0001019;B0BDDED34CC83E11052F6792C000B249;2025-07-10;8.0;2788.0
64994F8EA0CAED11A62CD892C0003F2A;FC081C55582CED11A62CD892C0003F2A;2025-07-10;0.0;0.0
F8043F2E72DAFE11128010650500E819;B0BDDED34CC83E11052F6792C000B249;2025-07-10;0.0;0.0
E7404E00B0CAED11A62CD892C0003F2A;B0BDDED34CC83E11052F6792C000B249;2025-07-10;26.0;1099.46
0B3302AE5D456E11B7B78A650500BC08;B0BDDED34CC83E11052F6792C000B249;2025-07-10;24.0;6989.76
22C0565E2E456E11B7B78A650500BC08;44673735EAF46E11B7B78A650500BC08;2025-07-10;-20.0;-1960.0
8DAF802FAC456E11B7B78A650500BC08;44673735EAF46E11B7B78A650500BC08;2025-07-10;-22.0;-6024.039999999999
75F2E91CBEB40F114EF7A826072B8D89;FC081C55582CED11A62CD892C0003F2A;2025-07-10;216.0;2430.52
52EC0D7DEAD02E1143F0668E4200C71A;B0BDDED34CC83E11052F6792C000B249;2025-07-10;12.0;1352.88
80B0BB5F01CAED11A62CD892C0003F2A;B0BDDED34CC83E11052F6792C000B249;2025-07-10;2.0;337.28
B12B5B7C81ACDE11406610650500754A;B0BDDED34CC83E11052F6792C000B249;2025-07-10;2.0;497.04
21BFD051C3EE4E1142D58A650500BC08;B0BDDED34CC83E11052F6792C000B249;2025-07-10;4.0;970.28
95518E8FED71FE1191EE10650500CBB9;B0BDDED34CC83E11052F6792C000B249;2025-07-10;6.0;2043.18
E0D469EE2F08DE11C84610650500707A;B0BDDED34CC83E11052F6792C000B249;2025-07-10;4.0;2192.64
57E06A5153903E11052F6792C000CF39;FC081C55582CED11A62CD892C0003F2A;2025-07-10;10.0;4181.34
468337CD542CAE11BE2110650500705A;44673735EAF46E11B7B78A650500BC08;2025-07-10;-8.0;-1624.32
D294A19AB552AE11726010650500C05A;44673735EAF46E11B7B78A650500BC08;2025-07-10;-4.0;-244.0
F358344EB11A8E11F243BB650500304B;44673735EAF46E11B7B78A650500BC08;2025-07-10;-2.0;-1062.22
B073300E36385E1142D58A650500DC08;44673735EAF46E11B7B78A650500BC08;2025-07-10;-40.0;-1960.0
5BC2D8122D456E11B7B78A650500BC08;44673735EAF46E11B7B78A650500BC08;2025-07-10;50.0;2375.0
6F7CFE3C7FE23E11052F6792C000CF39;B0BDDED34CC83E11052F6792C000B249;2025-07-10;4.0;500.0
BBD1419F90F23E11052F6792C000CF39;B0BDDED34CC83E11052F6792C000B249;2025-07-10;8.0;777.6
633D0987256EEE1191EE1065050029B9;44673735EAF46E11B7B78A650500BC08;2025-07-10;10.0;800.0
91130EC80E907E11B7B78A650500CD08;44673735EAF46E11B7B78A650500BC08;2025-07-10;16.0;1303.0
D183A1DF105DEE1191EE1065050029B9;44673735EAF46E11B7B78A650500BC08;2025-07-10;20.0;2267.8
F7892213A3FF7E110819BB65050039AA;B0BDDED34CC83E11052F6792C000B249;2025-07-10;20.0;1395.6
1A505CABA02F8E11F243BB650500374B;44673735EAF46E11B7B78A650500BC08;2025-07-10;-4.0;-203.64
AC332AAFC4EF6E11B7B78A650500CD08;44673735EAF46E11B7B78A650500BC08;2025-07-10;40.0;508.76
AE5CDF3327017E11B7B78A650500CD08;44673735EAF46E11B7B78A650500BC08;2025-07-10;20.0;826.84
70683ECAFCA50F114EF7A826072BBE89;44673735EAF46E11B7B78A650500BC08;2025-07-10;6.0;6566.4
FF9A6EDD08707E11B7B78A650500CD08;44673735EAF46E11B7B78A650500BC08;2025-07-10;24.0;1061.62
164F77F4B8C50F114EF7A826072BDE89;FC081C55582CED11A62CD892C0003F2A;2025-07-10;40.0;4440.0
F170AED4B8C50F114EF7A826072BDE89;FC081C55582CED11A62CD892C0003F2A;2025-07-10;40.0;4617.6
BCBD77F4B8C50F114EF7A826072BDE89;FC081C55582CED11A62CD892C0003F2A;2025-07-10;60.0;6926.4
A8C67A9CC0CAED11A62CD892C0003F2A;FC081C55582CED11A62CD892C0003F2A;2025-07-10;40.0;1714.4
E45B2120D2FD4E1142D58A650500BC08;FC081C55582CED11A62CD892C0003F2A;2025-07-10;12.0;2604.72
24FC1F11E6E66E11B7B78A650500BC08;FC081C55582CED11A62CD892C0003F2A;2025-07-10;22.0;2634.72
7A8A1FF035DFEE1191EE10650500A9B9;FC081C55582CED11A62CD892C0003F2A;2025-07-10;12.0;2718.0
9BD5F02F2E458E113835BB6505001EAA;FC081C55582CED11A62CD892C0003F2A;2025-07-10;14.0;1797.04
2626E69C401ACE11ADB31065050062B8;FC081C55582CED11A62CD892C0003F2A;2025-07-10;12.0;2280.6
EB20FFF04DCF3E11F7F68A650500DB08;FC081C55582CED11A62CD892C0003F2A;2025-07-10;8.0;2753.6
1A1DCBB2A60C7E110819BB65050039AA;FC081C55582CED11A62CD892C0003F2A;2025-07-10;8.0;1295.2
601929C3E11A0E11A4A96492C0001269;FC081C55582CED11A62CD892C0003F2A;2025-07-10;6.0;1123.1999999999998
577689A5CCEABE118772106505003B59;FC081C55582CED11A62CD892C0003F2A;2025-07-10;16.0;1204.64
4049248CF5802E1143F0668E4200C71A;B0BDDED34CC83E11052F6792C000B249;2025-07-10;0.0;0.0
778A347BEBAAFE11128010650500E819;FC081C55582CED11A62CD892C0003F2A;2025-07-10;4.0;357.88
4783DFBF8BA3BE11BE21106505000A5A;44673735EAF46E11B7B78A650500BC08;2025-07-10;38.0;1943.54
973A29A13392BE11BE2110650500A85A;44673735EAF46E11B7B78A650500BC08;2025-07-10;62.0;1994.54
9B1474380E17CE11ADB3106505009EA8;FC081C55582CED11A62CD892C0003F2A;2025-07-10;16.0;8736.0
A8E65E6642598E11F243BB6505004F3B;FC081C55582CED11A62CD892C0003F2A;2025-07-10;4.0;1759.92
DE77B2728EAD7E110819BB65050039AA;FC081C55582CED11A62CD892C0003F2A;2025-07-10;0.0;0.0
AB51949A4D456E11B7B78A650500BC08;44673735EAF46E11B7B78A650500BC08;2025-07-10;0.0;0.0
1DF440EADDDFEE1191EE10650500B9B9;FC081C55582CED11A62CD892C0003F2A;2025-07-10;0.0;0.0
452FA265F712CE118772106505005469;44673735EAF46E11B7B78A650500BC08;2025-07-10;-2.0;-769.06
E75902914575EE1191EE10650500D4B9;44673735EAF46E11B7B78A650500BC08;2025-07-10;-14.0;-375.20000000000005
7B7C4B00BFB59E11554010650500EF3B;FC081C55582CED11A62CD892C0003F2A;2025-07-10;40.0;1678.74
819A95426F5CCE11ADB31065050095B8;44673735EAF46E11B7B78A650500BC08;2025-07-10;14.0;1719.34
3960BF639C57DE11C846106505009F6A;FC081C55582CED11A62CD892C0003F2A;2025-07-10;-4.0;-4860.24
08652714DAB50F114EF7A826072BCE89;B0BDDED34CC83E11052F6792C000B249;2025-07-10;10.0;11088.0
94303E5412EC6E11B7B78A650500BC08;FC081C55582CED11A62CD892C0003F2A;2025-07-10;40.0;3600.24
373E31DB3104FE1191EE106505001FB9;FC081C55582CED11A62CD892C0003F2A;2025-07-10;6.0;1890.0
DD6C8A4874A1BE11BE2110650500775A;B0BDDED34CC83E11052F6792C000B249;2025-07-10;8.0;1265.84
2F51437CDDFA3E11052F6792C000D249;FC081C55582CED11A62CD892C0003F2A;2025-07-10;4.0;1911.0
7814B8872BA9CE11ADB310650500E1B8;FC081C55582CED11A62CD892C0003F2A;2025-07-10;20.0;692.46
F84ABD9B0C8DED11A62CD892C0003F2A;B0BDDED34CC83E11052F6792C000B249;2025-07-10;2.0;379.48
DD729428CBA5FE1191EE1065050041C9;44673735EAF46E11B7B78A650500BC08;2025-07-10;12.0;5304.0
F6F75CF24E456E11B7B78A650500BC08;44673735EAF46E11B7B78A650500BC08;2025-07-10;-6.0;-4896.0
36736176E770BE11BE2110650500F55A;44673735EAF46E11B7B78A650500BC08;2025-07-10;-14.0;-892.88
3BF1E4E181B0EE11406610650500CA4A;B0BDDED34CC83E11052F6792C000B249;2025-07-10;10.0;801.9
D4FD551C5BF5CE11ADB3106505007DA8;B0BDDED34CC83E11052F6792C000B249;2025-07-10;6.0;1642.62
6CA0DD1F2FF8AE11BE21106505007C4A;B0BDDED34CC83E11052F6792C000B249;2025-07-10;10.0;437.0
32FD61B620556E11B7B78A650500BC08;44673735EAF46E11B7B78A650500BC08;2025-07-10;0.0;0.0
B4DC64D54C456E11B7B78A650500BC08;44673735EAF46E11B7B78A650500BC08;2025-07-10;0.0;4.547473508864641e-13
E47A0094228ADE11406610650500924A;44673735EAF46E11B7B78A650500BC08;2025-07-10;0.0;0.0
FC47DA49A0BFBE118772106505004169;44673735EAF46E11B7B78A650500BC08;2025-07-10;0.0;0.0
C5AF8A5FC0CAED11A62CD892C0003F2A;B0BDDED34CC83E11052F6792C000B249;2025-07-10;24.0;3316.56
F059B7392BD92E11052F6792C0007F39;B0BDDED34CC83E11052F6792C000B249;2025-07-10;44.0;4637.599999999999
FD3F5DCBC35FEE1191EE1065050029B9;44673735EAF46E11B7B78A650500BC08;2025-07-10;-2.0;-1032.88
309AD8A8B23FFE11F1557891FE694689;44673735EAF46E11B7B78A650500BC08;2025-07-10;-2.0;-163.7
CCAB0F43D0CAED11A62CD892C0003F2A;B0BDDED34CC83E11052F6792C000B249;2025-07-10;6.0;942.36
B8301C6E90FE5E1142D58A6505006D08;44673735EAF46E11B7B78A650500BC08;2025-07-10;20.0;5711.18
3E8FF86771365E1142D58A650500DC08;B0BDDED34CC83E11052F6792C000B249;2025-07-10;24.0;5073.120000000001
2AF5BC41BCACEE1191EE1065050029B9;FC081C55582CED11A62CD892C0003F2A;2025-07-10;4.0;2552.3
EF6160F58B28EE1191EE1065050018B9;FC081C55582CED11A62CD892C0003F2A;2025-07-10;12.0;3571.44
A3FBB782BFCA9E11525010650500EB4A;B0BDDED34CC83E11052F6792C000B249;2025-07-10;2.0;325.0
B4D3B0467EA23E11052F6792C000CF39;FC081C55582CED11A62CD892C0003F2A;2025-07-10;-2.0;-260.66
61750F2D20CAED11A62CD892C0003F2A;FC081C55582CED11A62CD892C0003F2A;2025-07-10;-4.0;-236.0
7357CADF84DDBE11877210650500EE59;FC081C55582CED11A62CD892C0003F2A;2025-07-10;-8.0;-465.84
BF4E6B4A8CF57E11B7B78A650500ED08;FC081C55582CED11A62CD892C0003F2A;2025-07-10;-2.0;-206.44
744E57E6D410CE11877210650500C169;FC081C55582CED11A62CD892C0003F2A;2025-07-10;-2.0;-263.94
3E6E39F980CE6E11B7B78A6505008D08;FC081C55582CED11A62CD892C0003F2A;2025-07-10;-2.0;-109.78
2E6015003E405E1142D58A650500BC08;FC081C55582CED11A62CD892C0003F2A;2025-07-10;-4.0;-599.6
21C622E2BF43EE11B1AD1065050076EA;FC081C55582CED11A62CD892C0003F2A;2025-07-10;-4.0;-46.4
99607E1CB0EFEE1191EE10650500B9B9;FC081C55582CED11A62CD892C0003F2A;2025-07-10;-2.0;-2135.6
A8AEBA7DA545AE11726010650500845A;FC081C55582CED11A62CD892C0003F2A;2025-07-10;-2.0;-254.88
710E4EB53FDA1E1143F0668E4200FBFB;FC081C55582CED11A62CD892C0003F2A;2025-07-10;-4.0;-3063.94
0B832D5E68DDCE11ADB31065050097B8;FC081C55582CED11A62CD892C0003F2A;2025-07-10;-2.0;-76.66
D1DE3CDCE1EDFE11F1557891FE699489;FC081C55582CED11A62CD892C0003F2A;2025-07-10;-2.0;-280.0
A6450420E64BCE11ADB31065050014B8;FC081C55582CED11A62CD892C0003F2A;2025-07-10;-2.0;-1837.14
A0B0BB5F01CAED11A62CD892C0003F2A;FC081C55582CED11A62CD892C0003F2A;2025-07-10;-2.0;-330.56
E3213E9B0BC2DE11ADB3106505006EB8;FC081C55582CED11A62CD892C0003F2A;2025-07-10;-4.0;-2513.6
32D507826D89FE11128010650500E819;FC081C55582CED11A62CD892C0003F2A;2025-07-10;-2.0;-518.42
656DF46E9CCE6E11B7B78A6505008D08;FC081C55582CED11A62CD892C0003F2A;2025-07-10;-2.0;-132.1
F4BA2321A7E88E11F243BB650500BE3B;FC081C55582CED11A62CD892C0003F2A;2025-07-10;-2.0;-228.48
FE6785D8D0CAED11A62CD892C0003F2A;FC081C55582CED11A62CD892C0003F2A;2025-07-10;-2.0;-456.64
31D4343380E87E110819BB65050009AA;FC081C55582CED11A62CD892C0003F2A;2025-07-10;-2.0;-206.1
0BEF8E7E968B3E11052F6792C000D249;FC081C55582CED11A62CD892C0003F2A;2025-07-10;-4.0;-147.6
D20FDEA84209FE11128010650500D819;FC081C55582CED11A62CD892C0003F2A;2025-07-10;-6.0;-730.92
E471E52632106E1142D58A650500AD08;FC081C55582CED11A62CD892C0003F2A;2025-07-10;-2.0;-186.32
DED2659DC7696E11B7B78A650500BC08;FC081C55582CED11A62CD892C0003F2A;2025-07-10;-2.0;-298.46
53D7478B383EFE11F1557891FE690589;FC081C55582CED11A62CD892C0003F2A;2025-07-10;-4.0;-422.0
6DD177B82642FE1191EE10650500CCB9;FC081C55582CED11A62CD892C0003F2A;2025-07-10;-2.0;-1747.18
3938D099C8BCEE1191EE1065050029B9;FC081C55582CED11A62CD892C0003F2A;2025-07-10;-4.0;-696.0
9ADC12CFE935FE1191EE10650500B0C9;FC081C55582CED11A62CD892C0003F2A;2025-07-10;-2.0;-364.1
8F27E15ECEC3FE1191EE10650500DEB9;FC081C55582CED11A62CD892C0003F2A;2025-07-10;-6.0;-644.8199999999999
C955A13924817E11B7B78A650500CD08;FC081C55582CED11A62CD892C0003F2A;2025-07-10;-6.0;-1245.48
D93CA31C4547EE1191EE10650500E6B9;FC081C55582CED11A62CD892C0003F2A;2025-07-10;-2.0;-1485.12
BBE755821CEEDE11406610650500884A;FC081C55582CED11A62CD892C0003F2A;2025-07-10;-2.0;-199.62
1E1139D26950EE114066106505005A4A;FC081C55582CED11A62CD892C0003F2A;2025-07-10;-2.0;-2963.92
11A39B4ED0CAED11A62CD892C0003F2A;FC081C55582CED11A62CD892C0003F2A;2025-07-10;-2.0;-835.04
B77FDAE06CECDE11406610650500D54A;FC081C55582CED11A62CD892C0003F2A;2025-07-10;-2.0;-279.64
34CF5FCF20CAED11A62CD892C0003F2A;FC081C55582CED11A62CD892C0003F2A;2025-07-10;-164.0;-1148.0
934A2BFCEF2FFE11F1557891FE694689;FC081C55582CED11A62CD892C0003F2A;2025-07-10;-4.0;-1156.68
49777505D4BADE11406610650500E24A;FC081C55582CED11A62CD892C0003F2A;2025-07-10;-2.0;-1007.52
C9537C6834AE9E117260106505001C4A;FC081C55582CED11A62CD892C0003F2A;2025-07-10;-18.0;-1646.8200000000002
788F0F9C17C2FE1191EE106505006DB9;FC081C55582CED11A62CD892C0003F2A;2025-07-10;-4.0;-86.06
F2AD502BDC065E1142D58A650500DC08;FC081C55582CED11A62CD892C0003F2A;2025-07-10;-316.0;-609.88
F80519DFC0CAED11A62CD892C0003F2A;FC081C55582CED11A62CD892C0003F2A;2025-07-10;-2.0;-443.74
74FEC53FD4CAFE11128010650500E819;FC081C55582CED11A62CD892C0003F2A;2025-07-10;-2.0;-896.26
AF84768C1A5FFE11F1557891FE697689;FC081C55582CED11A62CD892C0003F2A;2025-07-10;-2.0;-105.94
94C13F672AC0DE11ADB310650500ABB8;FC081C55582CED11A62CD892C0003F2A;2025-07-10;-10.0;-183.62
28C3CFD63B5C7E110819BB65050039AA;FC081C55582CED11A62CD892C0003F2A;2025-07-10;-22.0;-476.74
1783B9296622CE118772106505006469;FC081C55582CED11A62CD892C0003F2A;2025-07-10;-2.0;-180.28
33452CA68371FE1191EE10650500BBB9;FC081C55582CED11A62CD892C0003F2A;2025-07-10;-2.0;-147.36
6B7D46D553B0EE11406610650500CA4A;FC081C55582CED11A62CD892C0003F2A;2025-07-10;-2.0;-435.1
783E818302CAED11A62CD892C0003F2A;FC081C55582CED11A62CD892C0003F2A;2025-07-10;-2.0;-233.98
A0FA956E45010F11112A674AC7E2B889;FC081C55582CED11A62CD892C0003F2A;2025-07-10;-2.0;-433.84
744F5D260EDEFE11F1557891FE69D589;FC081C55582CED11A62CD892C0003F2A;2025-07-10;-2.0;-31.0
EFC80C62D4590E11A4A96492C0001269;FC081C55582CED11A62CD892C0003F2A;2025-07-10;-4.0;-741.36
AB33D4A9DE567E11B7B78A650500ED08;FC081C55582CED11A62CD892C0003F2A;2025-07-10;-2.0;-32.0
C9B85B115AF20F114EF7A826072B4B89;FC081C55582CED11A62CD892C0003F2A;2025-07-10;-2.0;-120.06
61DEDDC85ED4EE11B1AD1065050078EA;FC081C55582CED11A62CD892C0003F2A;2025-07-10;-6.0;-182.78
44F6FD2594D3DE11ADB310650500BFB8;FC081C55582CED11A62CD892C0003F2A;2025-07-10;-4.0;-294.04
7A6D6A73DCC1CE11877210650500F369;FC081C55582CED11A62CD892C0003F2A;2025-07-10;-2.0;-240.14
826BA42EAB74EE11B1AD10650500F7EA;FC081C55582CED11A62CD892C0003F2A;2025-07-10;-2.0;-154.24
849C73217E6CDE11406610650500354A;FC081C55582CED11A62CD892C0003F2A;2025-07-10;-4.0;-194.8
F98EB97DCCE1EE114066106505006C4A;FC081C55582CED11A62CD892C0003F2A;2025-07-10;-2.0;-68.46
D0F7CD17589D7E110819BB65050039AA;FC081C55582CED11A62CD892C0003F2A;2025-07-10;-2.0;-241.22
7933309348F20F114EF7A826072B4B89;FC081C55582CED11A62CD892C0003F2A;2025-07-10;-2.0;-65.66
06C713B23364EE11B1AD10650500D7EA;FC081C55582CED11A62CD892C0003F2A;2025-07-10;-2.0;-50.4
A1E9E804E1CBBE118772106505004C59;FC081C55582CED11A62CD892C0003F2A;2025-07-10;-2.0;-81.98
36AA1B6D2C7ABE11877210650500AA59;FC081C55582CED11A62CD892C0003F2A;2025-07-10;-10.0;-468.06
5A0BAD67D041FE1191EE106505007BB9;FC081C55582CED11A62CD892C0003F2A;2025-07-10;-2.0;-80.12
60E7788EEB1B9E115250106505004C4A;FC081C55582CED11A62CD892C0003F2A;2025-07-10;-2.0;-184.0
17193D88252C9E11726010650500D84A;FC081C55582CED11A62CD892C0003F2A;2025-07-10;-6.0;-686.52
13411480F4939E115540106505000D3B;FC081C55582CED11A62CD892C0003F2A;2025-07-10;-2.0;-337.02
F2C09C7960638E111E1BBB650500BBAA;FC081C55582CED11A62CD892C0003F2A;2025-07-10;-2.0;-178.24
BA2E521F8C78CE11ADB31065050060B8;FC081C55582CED11A62CD892C0003F2A;2025-07-10;-8.0;-2984.56
AB9ADB3231CAED11A62CD892C0003F2A;FC081C55582CED11A62CD892C0003F2A;2025-07-10;-4.0;-366.52
03FA719238511E1143F0668E42008C3B;FC081C55582CED11A62CD892C0003F2A;2025-07-10;-2.0;-206.66
42600BC59607DE11C846106505002F6A;FC081C55582CED11A62CD892C0003F2A;2025-07-10;-2.0;-23.66
DA3D935957086E11B7B78A650500BC08;FC081C55582CED11A62CD892C0003F2A;2025-07-10;-8.0;-1866.44
AC90DA7DB0CAED11A62CD892C0003F2A;FC081C55582CED11A62CD892C0003F2A;2025-07-10;-10.0;-443.32
B2AF0601FFBAED11A62CD892C0003F2A;FC081C55582CED11A62CD892C0003F2A;2025-07-10;-2.0;-245.92
8EE97A350DDDFE11F1557891FE699489;FC081C55582CED11A62CD892C0003F2A;2025-07-10;-2.0;-454.96
D6DBCF28747FCE11ADB310650500C9B8;FC081C55582CED11A62CD892C0003F2A;2025-07-10;-8.0;-235.44
9AFC45B292EE4E1142D58A650500BC08;FC081C55582CED11A62CD892C0003F2A;2025-07-10;-2.0;-628.64
8D9F0194F3269E11554010650500604B;FC081C55582CED11A62CD892C0003F2A;2025-07-10;-2.0;-564.88
37377D17C0CAED11A62CD892C0003F2A;FC081C55582CED11A62CD892C0003F2A;2025-07-10;-2.0;-787.66
5AEC2C1F68DDCE11ADB31065050097B8;FC081C55582CED11A62CD892C0003F2A;2025-07-10;-8.0;-216.72
97419871AED4EE11B1AD1065050078EA;FC081C55582CED11A62CD892C0003F2A;2025-07-10;-8.0;-346.72
D52F260532A0CE118772106505007269;FC081C55582CED11A62CD892C0003F2A;2025-07-10;-2.0;-27.96
02E3AB188402EE114066106505008C4A;FC081C55582CED11A62CD892C0003F2A;2025-07-10;-4.0;-786.24
3C74F147434ACE11ADB310650500A2B8;FC081C55582CED11A62CD892C0003F2A;2025-07-10;-4.0;-390.5
F320D83931CAED11A62CD892C0003F2A;FC081C55582CED11A62CD892C0003F2A;2025-07-10;-2.0;-101.32
960EF50940DCDE11406610650500B54A;FC081C55582CED11A62CD892C0003F2A;2025-07-10;-2.0;-257.8
EB674B38D467FE1191EE1065050083C9;FC081C55582CED11A62CD892C0003F2A;2025-07-10;-2.0;-2276.82
43F4C461DE300F11F1557891FE699789;FC081C55582CED11A62CD892C0003F2A;2025-07-10;-2.0;-606.22
6DDB1BFC3F949E115540106505006E3B;FC081C55582CED11A62CD892C0003F2A;2025-07-10;-2.0;-362.24
E8ED4D40DB5CCE11ADB31065050095B8;FC081C55582CED11A62CD892C0003F2A;2025-07-10;-2.0;-766.18
4AD683E2EBC46E11B7B78A650500BC08;FC081C55582CED11A62CD892C0003F2A;2025-07-10;-2.0;-73.34
403D254B51B39E115540106505002D3B;FC081C55582CED11A62CD892C0003F2A;2025-07-10;-2.0;-378.84
C2C8F81C7578FE11128010650500D819;FC081C55582CED11A62CD892C0003F2A;2025-07-10;-2.0;-171.4
E290A0487A8BDE11406610650500044A;FC081C55582CED11A62CD892C0003F2A;2025-07-10;-4.0;-416.32
22EA427F81CAED11A62CD892C0003F2A;FC081C55582CED11A62CD892C0003F2A;2025-07-10;-2.0;-1031.02
734285D780B2CE118772106505001569;FC081C55582CED11A62CD892C0003F2A;2025-07-10;-2.0;-1199.2
8EB5C05C3E85DE11ADB31065050002C8;FC081C55582CED11A62CD892C0003F2A;2025-07-10;-2.0;-60.54
ACCC55E22F2CDE11406610650500E44A;FC081C55582CED11A62CD892C0003F2A;2025-07-10;-6.0;-513.78
0848117E0E809E11F243BB650500094B;FC081C55582CED11A62CD892C0003F2A;2025-07-10;-4.0;-385.88
9F96B7DB01CAED11A62CD892C0003F2A;FC081C55582CED11A62CD892C0003F2A;2025-07-10;-2.0;-534.26
CCAD1BFEBF3FFE11F1557891FE695689;FC081C55582CED11A62CD892C0003F2A;2025-07-10;-2.0;-214.2
DD1E79FF5A2A4E1142D58A6505009C08;FC081C55582CED11A62CD892C0003F2A;2025-07-10;-12.0;-972.0
0A6CA8CACED4DE11ADB31065050021C8;FC081C55582CED11A62CD892C0003F2A;2025-07-10;-2.0;-75.6
4A475C7445AE4E1142D58A650500BC08;FC081C55582CED11A62CD892C0003F2A;2025-07-10;-4.0;-199.6
CA829B3F2A827E11B7B78A650500DD08;FC081C55582CED11A62CD892C0003F2A;2025-07-10;-2.0;-972.76
9D5067D42CC46E11B7B78A650500BC08;FC081C55582CED11A62CD892C0003F2A;2025-07-10;-4.0;-393.8
142C8ACCEE7ABE11877210650500AA59;FC081C55582CED11A62CD892C0003F2A;2025-07-10;-4.0;-549.62
45F74281A1C25E1142D58A650500DC08;FC081C55582CED11A62CD892C0003F2A;2025-07-10;-1.8;-1145.72
F66D5F876DC2DE11ADB3106505006EB8;FC081C55582CED11A62CD892C0003F2A;2025-07-10;-2.0;-183.76
7D8D42BB31CAED11A62CD892C0003F2A;FC081C55582CED11A62CD892C0003F2A;2025-07-10;-2.0;-133.32
81CF5FCF20CAED11A62CD892C0003F2A;FC081C55582CED11A62CD892C0003F2A;2025-07-10;-2.0;-124.0
9D3BA5993A108E110819BB65050039AA;FC081C55582CED11A62CD892C0003F2A;2025-07-10;-2.0;-1598.46
D8C045074D05DE11ADB31065050061C8;FC081C55582CED11A62CD892C0003F2A;2025-07-10;-10.0;-1652.2
49D34D8A6E80FE1191EE106505009AB9;FC081C55582CED11A62CD892C0003F2A;2025-07-10;-4.0;-282.04
4A254350D6C4EE11B1AD1065050058EA;FC081C55582CED11A62CD892C0003F2A;2025-07-10;-2.0;-4029.26
EB307D22284FDE11406610650500F84A;FC081C55582CED11A62CD892C0003F2A;2025-07-10;-8.0;-1740.1
543D5F3514579E11554010650500E14B;FC081C55582CED11A62CD892C0003F2A;2025-07-10;-2.0;-342.68
D7A9897E8E765E1142D58A650500DC08;FC081C55582CED11A62CD892C0003F2A;2025-07-10;-2.0;-1748.88
F929A2635B630F114EF7A826072BDB89;FC081C55582CED11A62CD892C0003F2A;2025-07-10;-2.0;-503.2
F7FC7C234DA68E11F243BB650500EB3B;FC081C55582CED11A62CD892C0003F2A;2025-07-10;-2.0;-1548.16
6A468A2D0253FE1191EE106505002EB9;FC081C55582CED11A62CD892C0003F2A;2025-07-10;-2.0;-244.58
598C78BD4DA1EE114066106505000C4A;FC081C55582CED11A62CD892C0003F2A;2025-07-10;-12.0;-8530.84
9D9E942B1CC46E11B7B78A650500BC08;FC081C55582CED11A62CD892C0003F2A;2025-07-10;-4.0;-393.8
BCFE1D61769C9E11726010650500694A;FC081C55582CED11A62CD892C0003F2A;2025-07-10;-2.0;-335.42
E40CAAFF68DDCE11ADB31065050097B8;FC081C55582CED11A62CD892C0003F2A;2025-07-10;-2.0;-80.16
F76E7A96098AFE11128010650500E819;FC081C55582CED11A62CD892C0003F2A;2025-07-10;-2.0;-1400.86
FE338E5BC7CBCE11ADB310650500B4B8;FC081C55582CED11A62CD892C0003F2A;2025-07-10;-6.0;-759.52
767CCBE784A4FE1191EE10650500FFB9;FC081C55582CED11A62CD892C0003F2A;2025-07-10;-6.0;-1010.68
06E7ED79A052DE11ADB310650500CDB8;FC081C55582CED11A62CD892C0003F2A;2025-07-10;-4.0;-102.0
A55C5135183BBE118772106505009B59;FC081C55582CED11A62CD892C0003F2A;2025-07-10;-4.0;-431.18
E14E3F107946DE11ADB310650500F2C8;FC081C55582CED11A62CD892C0003F2A;2025-07-10;-2.0;-37.1
4A8190FFB79FFE11F1557891FE69C689;FC081C55582CED11A62CD892C0003F2A;2025-07-10;-2.0;-117.66
B712F96111510F11112A674AC7E21989;FC081C55582CED11A62CD892C0003F2A;2025-07-10;-2.0;-338.68
1EB589417479FE11128010650500E819;FC081C55582CED11A62CD892C0003F2A;2025-07-10;-2.0;-291.78
A4316DC2DEDC9E11726010650500C94A;FC081C55582CED11A62CD892C0003F2A;2025-07-10;-2.0;-78.98
0974E5A7C523FD110DC22A92C000C499;FC081C55582CED11A62CD892C0003F2A;2025-07-10;-2.0;-222.86
CC01F2464310FE1191EE10650500F9B9;FC081C55582CED11A62CD892C0003F2A;2025-07-10;-2.0;-478.4
637D7E8CF0CAED11A62CD892C0003F2A;FC081C55582CED11A62CD892C0003F2A;2025-07-10;-2.0;-437.46
2720247085B59E11554010650500DF3B;FC081C55582CED11A62CD892C0003F2A;2025-07-10;-2.0;-1604.56
5F899162C1CAED11A62CD892C0003F2A;FC081C55582CED11A62CD892C0003F2A;2025-07-10;-2.0;-278.74
D8FAE51EC8E3FE1191EE10650500FEB9;FC081C55582CED11A62CD892C0003F2A;2025-07-10;-2.0;-253.8
FD3C8324FAA9CE11ADB310650500E1B8;FC081C55582CED11A62CD892C0003F2A;2025-07-10;-2.0;-400.64
F7E2377301638E111E1BBB650500BBAA;FC081C55582CED11A62CD892C0003F2A;2025-07-10;-2.0;-93.32
E7672BA05557AE11BE21106505005A4A;FC081C55582CED11A62CD892C0003F2A;2025-07-10;-2.0;-653.28
11D93E8BE3900F11F1557891FE690889;FC081C55582CED11A62CD892C0003F2A;2025-07-10;-2.0;-588.88
E7164409D533FE1191EE106505000EB9;FC081C55582CED11A62CD892C0003F2A;2025-07-10;-2.0;-1080.0
940E0F6DBAA07E11B7B78A650500CD08;FC081C55582CED11A62CD892C0003F2A;2025-07-10;-2.0;-70.96
3A81D5353931DE11ADB3106505006CB8;FC081C55582CED11A62CD892C0003F2A;2025-07-10;-2.0;-60.32
8EE5A46E90CAED11A62CD892C0003F2A;B0BDDED34CC83E11052F6792C000B249;2025-07-10;-4.0;-822.68
3C8B3B0BF1CAED11A62CD892C0003F2A;B0BDDED34CC83E11052F6792C000B249;2025-07-10;-2.0;-262.0
55386BFA44425E1142D58A650500DC08;B0BDDED34CC83E11052F6792C000B249;2025-07-10;-2.0;-206.44
6C95D37F73167E11B7B78A650500ED08;B0BDDED34CC83E11052F6792C000B249;2025-07-10;-10.0;-435.0
E42F2727A0651E1143F0668E4200EE89;B0BDDED34CC83E11052F6792C000B249;2025-07-10;-8.0;-591.36
88D18E6DCFD4EE11B1AD1065050078EA;B0BDDED34CC83E11052F6792C000B249;2025-07-10;-2.0;-301.1
18B2FCD4DC8F6E11B7B78A650500CD08;B0BDDED34CC83E11052F6792C000B249;2025-07-10;-4.0;-346.64
AC38E545E015EE11B1AD10650500B8EA;B0BDDED34CC83E11052F6792C000B249;2025-07-10;-6.0;-900.48
88C9BDE3CBDEFE11F1557891FE69D589;B0BDDED34CC83E11052F6792C000B249;2025-07-10;-2.2;-433.52
F095BA2D8DC7DE11C84610650500207A;B0BDDED34CC83E11052F6792C000B249;2025-07-10;-2.0;-248.8
2EFF22F28ABAFE11128010650500E819;B0BDDED34CC83E11052F6792C000B249;2025-07-10;-8.0;-250.88
25B1C9E5E61BDE11406610650500634A;B0BDDED34CC83E11052F6792C000B249;2025-07-10;-2.0;-219.0
788B8246390F9E117260106505009C4A;B0BDDED34CC83E11052F6792C000B249;2025-07-10;-2.0;-346.0
D955C19F5145DE11ADB310650500A1C8;B0BDDED34CC83E11052F6792C000B249;2025-07-10;-2.0;-354.62
24EC4EE7A0CAED11A62CD892C0003F2A;B0BDDED34CC83E11052F6792C000B249;2025-07-10;-2.0;-83.3
B246F2D8CC8EFE11F1557891FE697589;B0BDDED34CC83E11052F6792C000B249;2025-07-10;-4.0;-786.54
7193A42C90458E113835BB6505000EAA;B0BDDED34CC83E11052F6792C000B249;2025-07-10;-8.0;-1520.64
75137B0C52CAED11A62CD892C0003F2A;B0BDDED34CC83E11052F6792C000B249;2025-07-10;-10.0;-53.6
53FFF290411BFE11128010650500E819;B0BDDED34CC83E11052F6792C000B249;2025-07-10;-2.0;-211.86
9EDF431BDDEABE118772106505003B59;B0BDDED34CC83E11052F6792C000B249;2025-07-10;-2.0;-29.06
A60CA6D3D4388E11F243BB650500DD3B;B0BDDED34CC83E11052F6792C000B249;2025-07-10;-2.0;-157.88
BD033BA5725B6E11B7B78A650500BC08;B0BDDED34CC83E11052F6792C000B249;2025-07-10;-2.0;-1366.9
7EE3601CEFF67E11B7B78A650500ED08;B0BDDED34CC83E11052F6792C000B249;2025-07-10;-2.0;-344.96
DB9F0F883B2E2E11052F6792C000CF39;B0BDDED34CC83E11052F6792C000B249;2025-07-10;-2.0;-304.34
206A5A7B01F0EE114066106505001B4A;B0BDDED34CC83E11052F6792C000B249;2025-07-10;-2.0;-48.84
285DA64F45B4DE11ADB310650500F0C8;B0BDDED34CC83E11052F6792C000B249;2025-07-10;-6.0;-704.0999999999999
C1F54BF1C19EBE11877210650500DF59;B0BDDED34CC83E11052F6792C000B249;2025-07-10;-10.0;-264.7
FE15F8F901CAED11A62CD892C0003F2A;B0BDDED34CC83E11052F6792C000B249;2025-07-10;-2.0;-245.28
1DC441CF7A053E11052F6792C000FF39;B0BDDED34CC83E11052F6792C000B249;2025-07-10;-2.0;-822.16
D9C784AC1A5FFE11F1557891FE697689;B0BDDED34CC83E11052F6792C000B249;2025-07-10;-2.0;-138.04
1FC462F1CFB85E1142D58A650500DC08;B0BDDED34CC83E11052F6792C000B249;2025-07-10;-2.0;-415.16
1A2C1FD4AFB0FE1191EE10650500DAB9;B0BDDED34CC83E11052F6792C000B249;2025-07-10;-2.0;-190.0
6D1EE57B123EDE11406610650500874A;B0BDDED34CC83E11052F6792C000B249;2025-07-10;-2.0;-69.24
4B85C280AA1A7E110819BB65050029AA;B0BDDED34CC83E11052F6792C000B249;2025-07-10;-4.0;-798.92
9FDA14911253FE1191EE106505002EB9;B0BDDED34CC83E11052F6792C000B249;2025-07-10;-2.0;-73.46
11BFA7E302A68E11F243BB650500DB3B;B0BDDED34CC83E11052F6792C000B249;2025-07-10;-2.0;-83.4
1F2EC697F8A30F114EF7A826072B2C89;B0BDDED34CC83E11052F6792C000B249;2025-07-10;-2.0;-176.44
4AB809C710CAED11A62CD892C0003F2A;B0BDDED34CC83E11052F6792C000B249;2025-07-10;-2.0;-365.24
D8732DB93EAFFE11F1557891FE69E689;B0BDDED34CC83E11052F6792C000B249;2025-07-10;-2.0;-27.08
380519DFC0CAED11A62CD892C0003F2A;B0BDDED34CC83E11052F6792C000B249;2025-07-10;-4.0;-767.32
8C0868CF6D6F5E1142D58A6505008D08;B0BDDED34CC83E11052F6792C000B249;2025-07-10;-2.0;-225.12
3324A1150087CE11ADB3106505001FA8;B0BDDED34CC83E11052F6792C000B249;2025-07-10;-2.0;-172.0
27312590B0CAED11A62CD892C0003F2A;B0BDDED34CC83E11052F6792C000B249;2025-07-10;-2.0;-162.12
EBF9356F1CE1EE114066106505006C4A;B0BDDED34CC83E11052F6792C000B249;2025-07-10;-4.0;-160.88
EA53EE80EC6FEE1191EE1065050029B9;B0BDDED34CC83E11052F6792C000B249;2025-07-10;-2.0;-328.52
31175E8248F20F114EF7A826072B4B89;B0BDDED34CC83E11052F6792C000B249;2025-07-10;-2.0;-51.54
3975895BF3211E1143F0668E42008C3B;B0BDDED34CC83E11052F6792C000B249;2025-07-10;-2.0;-323.8
F17C8D45297BBE11877210650500EB59;B0BDDED34CC83E11052F6792C000B249;2025-07-10;-2.0;-50.68
7BA4487C3DBCAE11BE2110650500315A;B0BDDED34CC83E11052F6792C000B249;2025-07-10;-2.0;-299.0
8BAFE28FD0CAED11A62CD892C0003F2A;B0BDDED34CC83E11052F6792C000B249;2025-07-10;-2.0;-259.5
38133FAD632ECE11ADB310650500F7B8;B0BDDED34CC83E11052F6792C000B249;2025-07-10;-4.0;-1148.0
80F3A378A4170E11A4A96492C000EC6A;B0BDDED34CC83E11052F6792C000B249;2025-07-10;-4.0;-422.16
FF87027411CAED11A62CD892C0003F2A;B0BDDED34CC83E11052F6792C000B249;2025-07-10;-6.0;-2035.1399999999999
33D5A8D9B877DE11C84610650500BF6A;B0BDDED34CC83E11052F6792C000B249;2025-07-10;-14.0;-357.0
679C6FE8697BAE11BE21106505009F4A;B0BDDED34CC83E11052F6792C000B249;2025-07-10;-2.0;-98.8
A2FC1B9F011B1E1143F0668E4200EF5A;B0BDDED34CC83E11052F6792C000B249;2025-07-10;-2.0;-384.86
45E81D4775553E11052F6792C000FF39;B0BDDED34CC83E11052F6792C000B249;2025-07-10;-4.0;-300.68
E8B3841E55C0CE11877210650500A269;B0BDDED34CC83E11052F6792C000B249;2025-07-10;-6.0;-167.04
417737989447DE11C846106505007F6A;B0BDDED34CC83E11052F6792C000B249;2025-07-10;-2.0;-209.04
C5DCAB1D719EBE11877210650500DF59;B0BDDED34CC83E11052F6792C000B249;2025-07-10;-2.0;-52.94
637D7E8CF0CAED11A62CD892C0003F2A;B0BDDED34CC83E11052F6792C000B249;2025-07-10;-2.0;-435.64
65900C42662BDE11406610650500734A;B0BDDED34CC83E11052F6792C000B249;2025-07-10;-2.0;-396.0
097104EEE0638E111E1BBB650500BBAA;B0BDDED34CC83E11052F6792C000B249;2025-07-10;-2.0;-184.76
6ABFA83FD7D9FE11128010650500E819;B0BDDED34CC83E11052F6792C000B249;2025-07-10;-2.0;-477.24
4FC8FECA2705EE11B1AD10650500A8EA;B0BDDED34CC83E11052F6792C000B249;2025-07-10;-2.0;-305.86
C941F97831E1FE1191EE106505004CB9;B0BDDED34CC83E11052F6792C000B249;2025-07-10;-2.0;-953.72
78D74F3F637BDE11406610650500E34A;B0BDDED34CC83E11052F6792C000B249;2025-07-10;-8.0;-204.0
3F8B80CEC7B8BE118772106505006859;B0BDDED34CC83E11052F6792C000B249;2025-07-10;-2.0;-167.76
0C606800D7F20F114EF7A826072B4B89;B0BDDED34CC83E11052F6792C000B249;2025-07-10;-2.0;-371.58
BC56BEFFB0CAED11A62CD892C0003F2A;B0BDDED34CC83E11052F6792C000B249;2025-07-10;-2.0;-248.78
DDF5EBC551CAED11A62CD892C0003F2A;B0BDDED34CC83E11052F6792C000B249;2025-07-10;-2.0;-628.64
CD2B2AFA6434FE1191EE106505005FB9;B0BDDED34CC83E11052F6792C000B249;2025-07-10;-4.0;-513.92
450A3DFFD31DEE1191EE1065050029B9;B0BDDED34CC83E11052F6792C000B249;2025-07-10;-8.0;-554.28
2DD7C50AF502AE11726010650500605A;B0BDDED34CC83E11052F6792C000B249;2025-07-10;-2.0;-207.24
2FD20C1F21CAED11A62CD892C0003F2A;B0BDDED34CC83E11052F6792C000B249;2025-07-10;-2.0;-138.84
9F0B74D7D0CAED11A62CD892C0003F2A;B0BDDED34CC83E11052F6792C000B249;2025-07-10;-2.0;-1010.06
770519DFC0CAED11A62CD892C0003F2A;B0BDDED34CC83E11052F6792C000B249;2025-07-10;-2.0;-525.58
F8065457C75CEE1191EE1065050029B9;B0BDDED34CC83E11052F6792C000B249;2025-07-10;0.0;0.0
D987E32233167E11B7B78A650500ED08;B0BDDED34CC83E11052F6792C000B249;2025-07-10;-6.0;-346.34
0909646391CAED11A62CD892C0003F2A;B0BDDED34CC83E11052F6792C000B249;2025-07-10;-2.0;-252.64
8EC34236B6850F114EF7A826072B8E89;B0BDDED34CC83E11052F6792C000B249;2025-07-10;-2.0;-130.0
BE80BFC40D8FCE11ADB310650500E9B8;B0BDDED34CC83E11052F6792C000B249;2025-07-10;-2.0;-173.2
F547068C4D05DE11ADB31065050061C8;B0BDDED34CC83E11052F6792C000B249;2025-07-10;-4.0;-660.88
59CD740476EDDE11406610650500174A;B0BDDED34CC83E11052F6792C000B249;2025-07-10;-2.0;-108.6
30E155A600C13E11052F6792C000CF39;B0BDDED34CC83E11052F6792C000B249;2025-07-10;-4.0;-804.06
EF2B30B1D09EBE11877210650500DF59;B0BDDED34CC83E11052F6792C000B249;2025-07-10;-2.0;-52.94
FF96B7DB01CAED11A62CD892C0003F2A;B0BDDED34CC83E11052F6792C000B249;2025-07-10;-2.0;-223.72
4DDB5432F45AAE11BE21106505002E4A;44673735EAF46E11B7B78A650500BC08;2025-07-10;-2.0;-697.58
FB907F315F35CE11ADB3106505001DA8;44673735EAF46E11B7B78A650500BC08;2025-07-10;-4.0;-483.68
D567F862A0E68E11F243BB6505002C3B;44673735EAF46E11B7B78A650500BC08;2025-07-10;-2.0;-268.5
01BFE77501AEDE11406610650500284A;44673735EAF46E11B7B78A650500BC08;2025-07-10;-2.0;-3235.34
CA121823781FAE11BE2110650500345A;44673735EAF46E11B7B78A650500BC08;2025-07-10;-4.0;-308.0
85EDA01AE43ACE11ADB31065050092B8;44673735EAF46E11B7B78A650500BC08;2025-07-10;-4.0;-84.4
F4A51B18F5FE6E11B7B78A650500BD08;44673735EAF46E11B7B78A650500BC08;2025-07-10;-2.0;-716.0
BE74FAA18C456E11B7B78A650500BC08;44673735EAF46E11B7B78A650500BC08;2025-07-10;-12.0;-7008.46
B8F8E0A6C6E3AE11726010650500C25A;44673735EAF46E11B7B78A650500BC08;2025-07-10;-36.0;-864.0
E2D90FCF2C456E11B7B78A650500BC08;44673735EAF46E11B7B78A650500BC08;2025-07-10;-2.0;-593.34
4F43FDABF90EED11A62CD892C000399B;44673735EAF46E11B7B78A650500BC08;2025-07-10;-2.0;-582.68
8B9A732C14BEEE1191EE1065050029B9;44673735EAF46E11B7B78A650500BC08;2025-07-10;-2.0;-230.44
99AFED5D653DDE11406610650500364A;44673735EAF46E11B7B78A650500BC08;2025-07-10;-2.0;-53.02
FBF4029665D9EE1191EE1065050009B9;44673735EAF46E11B7B78A650500BC08;2025-07-10;-2.0;-275.38
A8816F1ECAD0FE1191EE10650500FAB9;44673735EAF46E11B7B78A650500BC08;2025-07-10;-2.0;-422.24
89590A384C456E11B7B78A650500BC08;44673735EAF46E11B7B78A650500BC08;2025-07-10;-6.0;-1234.92
0F990BED90CAED11A62CD892C0003F2A;44673735EAF46E11B7B78A650500BC08;2025-07-10;-4.0;-1368.92
CA4F598924CDFE11F1557891FE697489;44673735EAF46E11B7B78A650500BC08;2025-07-10;-1.8;-1784.46
99AD37D0B56FBE11877210650500E069;44673735EAF46E11B7B78A650500BC08;2025-07-10;-8.0;-296.0
67EA5FA18D60BE11BE2110650500E55A;44673735EAF46E11B7B78A650500BC08;2025-07-10;-6.0;-455.86
036B0A42721A8E11F243BB650500304B;44673735EAF46E11B7B78A650500BC08;2025-07-10;-10.0;-480.09999999999997
DC4153D90ECA9E11525010650500EB4A;44673735EAF46E11B7B78A650500BC08;2025-07-10;-6.0;-142.08
AE904DFC0F8BFE111280106505000919;44673735EAF46E11B7B78A650500BC08;2025-07-10;-2.0;-1531.18
B85B9B4990CAED11A62CD892C0003F2A;44673735EAF46E11B7B78A650500BC08;2025-07-10;-6.0;-1689.18
3FD8ECB887DEAE11BE2110650500E35A;44673735EAF46E11B7B78A650500BC08;2025-07-10;-6.0;-6114.0
30926B9AE18EEE1191EE1065050029B9;44673735EAF46E11B7B78A650500BC08;2025-07-10;-2.0;-830.78
C28DAB959F9DBE11877210650500AE59;44673735EAF46E11B7B78A650500BC08;2025-07-10;-70.0;-1930.18
D404885023DB8E11F243BB650500724B;44673735EAF46E11B7B78A650500BC08;2025-07-10;-20.0;-786.6
EF81679C8B7ECE11ADB31065050068B8;44673735EAF46E11B7B78A650500BC08;2025-07-10;-4.0;-1256.0
3B144E7F21FA8E11F243BB650500514B;44673735EAF46E11B7B78A650500BC08;2025-07-10;-4.0;-91.24
87580EDF02A5BE11BE21106505008C5A;44673735EAF46E11B7B78A650500BC08;2025-07-10;-2.0;-320.0
6995042F3B483E11052F6792C000B249;44673735EAF46E11B7B78A650500BC08;2025-07-10;-6.0;-1805.58
C0F7EB7A03078E11F243BB6505005C3B;44673735EAF46E11B7B78A650500BC08;2025-07-10;-2.0;-72.74
27F5C1F49C456E11B7B78A650500BC08;44673735EAF46E11B7B78A650500BC08;2025-07-10;-8.0;-287.44
D0803D3F44CAFE11128010650500E819;44673735EAF46E11B7B78A650500BC08;2025-07-10;-2.0;-220.76
E63579C183C2FE1191EE106505006DB9;44673735EAF46E11B7B78A650500BC08;2025-07-10;-2.0;-98.74
666F71CC31DBBE118772106505005C59;44673735EAF46E11B7B78A650500BC08;2025-07-10;-4.0;-1072.8
7B4583BE45CF8E11F243BB650500084B;44673735EAF46E11B7B78A650500BC08;2025-07-10;-6.0;-275.08
BF36E415AA79DE11406610650500414A;44673735EAF46E11B7B78A650500BC08;2025-07-10;-6.0;-749.76
5990467EEB0AFE11128010650500E819;44673735EAF46E11B7B78A650500BC08;2025-07-10;-2.0;-83.28
F42748CCDC9F7E110819BB65050039AA;44673735EAF46E11B7B78A650500BC08;2025-07-10;-6.0;-276.48
227C0B8D2E09FE11128010650500E819;44673735EAF46E11B7B78A650500BC08;2025-07-10;-2.0;-261.0
2E844A839FBEEE1191EE1065050029B9;44673735EAF46E11B7B78A650500BC08;2025-07-10;-2.0;-136.22
15137EBFE6197E110819BB65050009AA;44673735EAF46E11B7B78A650500BC08;2025-07-10;-10.0;-322.2
9170636724C26E1142D58A650500AD08;44673735EAF46E11B7B78A650500BC08;2025-07-10;-10.0;-1121.4
21FAAA661F34AE11726010650500335A;44673735EAF46E11B7B78A650500BC08;2025-07-10;-2.0;-405.68
DF2C6BDA03078E11F243BB6505005C3B;44673735EAF46E11B7B78A650500BC08;2025-07-10;-2.0;-237.32
D9A2D871DD456E11B7B78A650500BC08;44673735EAF46E11B7B78A650500BC08;2025-07-10;-2.0;-1506.0
0346E028AC456E11B7B78A650500BC08;44673735EAF46E11B7B78A650500BC08;2025-07-10;-4.0;-576.84
65D768612F83AE11726010650500525A;44673735EAF46E11B7B78A650500BC08;2025-07-10;-4.0;-1501.72
7F2C6BDA03078E11F243BB6505005C3B;44673735EAF46E11B7B78A650500BC08;2025-07-10;-2.0;-156.18
642A59F44E456E11B7B78A650500BC08;44673735EAF46E11B7B78A650500BC08;2025-07-10;-34.0;-408.22
802BC84E19AF7E110819BB65050039AA;44673735EAF46E11B7B78A650500BC08;2025-07-10;-8.0;-2475.3199999999997
AAFD5840CA187E110819BB65050009AA;44673735EAF46E11B7B78A650500BC08;2025-07-10;-10.0;-872.5
426981DC21E6EE1191EE1065050096B9;44673735EAF46E11B7B78A650500BC08;2025-07-10;-8.0;-3464.0
63F8FB0C2E456E11B7B78A650500BC08;44673735EAF46E11B7B78A650500BC08;2025-07-10;-1.6;-113.54
97229AFE0148EE1191EE1065050038B9;44673735EAF46E11B7B78A650500BC08;2025-07-10;-2.0;-94.0
667775EA9D456E11B7B78A650500BC08;44673735EAF46E11B7B78A650500BC08;2025-07-10;-8.0;-452.96
4DA9E73FE0EBDE11406610650500744A;44673735EAF46E11B7B78A650500BC08;2025-07-10;-2.0;-190.22
1AC029B21D1DDE11406610650500164A;44673735EAF46E11B7B78A650500BC08;2025-07-10;-2.0;-131.62
7B6749D341AA6E11B7B78A650500BC08;44673735EAF46E11B7B78A650500BC08;2025-07-10;-4.0;-210.0
F6BCF4881BE66E11B7B78A650500BC08;44673735EAF46E11B7B78A650500BC08;2025-07-10;-6.0;-353.88
B5F57A9DAC456E11B7B78A650500BC08;44673735EAF46E11B7B78A650500BC08;2025-07-10;-2.0;-192.0
5BD44541D0F27E11B7B78A650500DD08;44673735EAF46E11B7B78A650500BC08;2025-07-10;-20.0;-554.6
16F95A0D903D7E110819BB65050039AA;44673735EAF46E11B7B78A650500BC08;2025-07-10;-2.0;-17.4
CD47D6A0BAC9FE11128010650500E819;44673735EAF46E11B7B78A650500BC08;2025-07-10;-2.0;-61.6
76736176E770BE11BE2110650500F55A;44673735EAF46E11B7B78A650500BC08;2025-07-10;-2.0;-166.46
151B4958E770BE11BE2110650500F55A;44673735EAF46E11B7B78A650500BC08;2025-07-10;-6.0;-583.9
0BC7A34A1E456E11B7B78A650500BC08;44673735EAF46E11B7B78A650500BC08;2025-07-10;-4.0;-878.0
0F6CC5E9859F6E11B7B78A650500CD08;44673735EAF46E11B7B78A650500BC08;2025-07-10;-2.0;-1274.0
845CE0B26D7DBE118772106505007E59;44673735EAF46E11B7B78A650500BC08;2025-07-10;-2.0;-320.0
9C3D7FF09EEDBE118772106505000F59;44673735EAF46E11B7B78A650500BC08;2025-07-10;-2.0;-73.86
DCB10BAEC1A2FE1191EE106505003DB9;44673735EAF46E11B7B78A650500BC08;2025-07-10;-2.0;-1476.14
CBAFD870DAD0FE1191EE10650500FAB9;44673735EAF46E11B7B78A650500BC08;2025-07-10;-10.0;-1181.14
E299268E7678EE1191EE1065050078B9;44673735EAF46E11B7B78A650500BC08;2025-07-10;-2.0;-794.9
FE4BBF3A4F60DE11ADB3106505003BB8;44673735EAF46E11B7B78A650500BC08;2025-07-10;-4.0;-222.88
2BCCB1E663039E115540106505004C3B;44673735EAF46E11B7B78A650500BC08;2025-07-10;-2.0;-96.52
F7AE356325B9BE11877210650500A959;44673735EAF46E11B7B78A650500BC08;2025-07-10;-2.0;-499.08
35582DFEB655BE11BE21106505002C5A;44673735EAF46E11B7B78A650500BC08;2025-07-10;-2.0;-227.8
2A176823CEF9FE11128010650500E819;44673735EAF46E11B7B78A650500BC08;2025-07-10;-2.0;-194.0
F3356D0E4D456E11B7B78A650500BC08;44673735EAF46E11B7B78A650500BC08;2025-07-10;-2.0;-737.02
762AB93B390FEE1191EE1065050029B9;44673735EAF46E11B7B78A650500BC08;2025-07-10;-16.0;-211.02
E82A58E16D7DBE118772106505007E59;44673735EAF46E11B7B78A650500BC08;2025-07-10;-2.0;-150.0
894C3ACEDC410F11112A674AC7E21989;44673735EAF46E11B7B78A650500BC08;2025-07-10;-2.0;-274.96
72F06262B0A1EE11406610650500FB4A;44673735EAF46E11B7B78A650500BC08;2025-07-10;-2.0;-333.0
CE52EC50E6568E11F243BB6505007B3B;44673735EAF46E11B7B78A650500BC08;2025-07-10;4.0;172.67999999999998
639611BC62FF6E11B7B78A650500CD08;44673735EAF46E11B7B78A650500BC08;2025-07-10;-2.0;-528.78
DEFBF54EC90FDE11406610650500A84A;44673735EAF46E11B7B78A650500BC08;2025-07-10;-4.0;-208.36
D179BEA9E43ACE11ADB31065050092B8;44673735EAF46E11B7B78A650500BC08;2025-07-10;-2.0;-59.76
2A79254529DDCE11ADB31065050097B8;44673735EAF46E11B7B78A650500BC08;2025-07-10;-2.0;-300.0
FADCFDD2EE2BBE118772106505008B59;44673735EAF46E11B7B78A650500BC08;2025-07-10;-2.0;-232.32
79F0313630556E11B7B78A650500BC08;44673735EAF46E11B7B78A650500BC08;2025-07-10;-2.0;-368.1
A8C13203A62FFE11F1557891FE693689;44673735EAF46E11B7B78A650500BC08;2025-07-10;-2.0;-160.0
BC2E5119AF456E11B7B78A650500BC08;44673735EAF46E11B7B78A650500BC08;2025-07-10;-4.0;-733.28
AE12452A3E263E11052F6792C000FF39;44673735EAF46E11B7B78A650500BC08;2025-07-10;-2.0;-111.18
EACFD41AB07E8E11F243BB650500564B;44673735EAF46E11B7B78A650500BC08;2025-07-10;-2.0;-355.62
D463912EFC59CE11ADB31065050081B8;44673735EAF46E11B7B78A650500BC08;2025-07-10;-16.0;-2363.82
3503EF6A988AFE11128010650500E819;44673735EAF46E11B7B78A650500BC08;2025-07-10;-2.0;-24.5
910C00DE6EEAAE11BE2110650500EE4A;44673735EAF46E11B7B78A650500BC08;2025-07-10;-20.0;-200.74
ACB1B2EFC11EAE11BE2110650500E25A;44673735EAF46E11B7B78A650500BC08;2025-07-10;-2.0;-80.76
A2469E05C11A8E11F243BB650500304B;44673735EAF46E11B7B78A650500BC08;2025-07-10;-2.0;-403.04
47A2D4320317DE11C846106505003F6A;44673735EAF46E11B7B78A650500BC08;2025-07-10;-2.0;-382.34
8D2CF03D29457E11B7B78A650500ED08;44673735EAF46E11B7B78A650500BC08;2025-07-10;-2.0;-4608.0
F754AB3DD6568E11F243BB6505007B3B;44673735EAF46E11B7B78A650500BC08;2025-07-10;-2.0;-106.62
0BB144EDB11A8E11F243BB650500304B;44673735EAF46E11B7B78A650500BC08;2025-07-10;-2.0;-120.0
0F8CF45E31C7DE11C84610650500107A;44673735EAF46E11B7B78A650500BC08;2025-07-10;-16.0;-349.82
0BE979531C7C9E11726010650500494A;44673735EAF46E11B7B78A650500BC08;2025-07-10;-4.0;-509.98
94140373C11A8E11F243BB650500304B;44673735EAF46E11B7B78A650500BC08;2025-07-10;-2.0;-179.0
8C0F02BCDD74FE1191EE10650500CFB9;44673735EAF46E11B7B78A650500BC08;2025-07-10;4.0;9446.28
C56242872379BE118772106505005959;B0BDDED34CC83E11052F6792C000B249;2025-07-10;0.0;0.0
1CC4F70BABFEDE11406610650500984A;44673735EAF46E11B7B78A650500BC08;2025-07-10;2.0;19314.0
1AF0B822662BDE11406610650500734A;44673735EAF46E11B7B78A650500BC08;2025-07-10;10.0;2790.0
01DE4A04FFB89E11525010650500394A;FC081C55582CED11A62CD892C0003F2A;2025-07-10;0.0;0.0
C2F7389C4685FE1191EE1065050011C9;FC081C55582CED11A62CD892C0003F2A;2025-07-10;0.0;0.0
97679C8AEAB4EE11B1AD1065050048EA;FC081C55582CED11A62CD892C0003F2A;2025-07-10;0.0;0.0
BCF722AAF192FE1191EE106505002DB9;FC081C55582CED11A62CD892C0003F2A;2025-07-10;0.0;0.0
F44930C26C4FBE11877210650500C069;FC081C55582CED11A62CD892C0003F2A;2025-07-10;0.0;0.0
748553B39E74FE1191EE10650500CFB9;FC081C55582CED11A62CD892C0003F2A;2025-07-10;0.0;0.0
F1A7B7682E74FE1191EE10650500CFB9;FC081C55582CED11A62CD892C0003F2A;2025-07-10;-2.0;-59.74
F5DE6785DBB91E1143F0668E42006B8B;FC081C55582CED11A62CD892C0003F2A;2025-07-10;0.0;0.0
02E9E804E1CBBE118772106505004C59;FC081C55582CED11A62CD892C0003F2A;2025-07-10;0.0;0.0
A620AE0D8F74FE1191EE10650500CFB9;FC081C55582CED11A62CD892C0003F2A;2025-07-10;0.0;0.0
302E2E872CE1EE114066106505006C4A;FC081C55582CED11A62CD892C0003F2A;2025-07-10;-2.0;-81.78
F7D6243168ADDE11406610650500C64A;FC081C55582CED11A62CD892C0003F2A;2025-07-10;-2.0;-106.74
772AC45A4BB23E11052F6792C000CF39;FC081C55582CED11A62CD892C0003F2A;2025-07-10;-4.0;-499.74
189A8D469DE9EE1191EE1065050009B9;FC081C55582CED11A62CD892C0003F2A;2025-07-10;0.0;0.0
82FB956CADE4AE11726010650500145A;FC081C55582CED11A62CD892C0003F2A;2025-07-10;-2.0;-169.62
4BF72E5DC335DE11ADB31065050091C8;44673735EAF46E11B7B78A650500BC08;2025-07-10;20.0;1201.2
73607031E788BE118772106505002859;44673735EAF46E11B7B78A650500BC08;2025-07-10;-2.0;-1039.36
67F5C1F49C456E11B7B78A650500BC08;44673735EAF46E11B7B78A650500BC08;2025-07-10;-4.0;-492.92
FB361686AC456E11B7B78A650500BC08;44673735EAF46E11B7B78A650500BC08;2025-07-10;-8.0;-296.56
DD466A3662251E1143F0668E4200EE89;FC081C55582CED11A62CD892C0003F2A;2025-07-10;8.0;2315.8199999999997
D39FB66334627E11B7B78A650500CD08;44673735EAF46E11B7B78A650500BC08;2025-07-10;48.0;2052.96
DE5E4242A8F07E11B7B78A650500CD08;44673735EAF46E11B7B78A650500BC08;2025-07-10;18.0;592.0400000000001
752EC529FE679E11554010650500024B;44673735EAF46E11B7B78A650500BC08;2025-07-10;0.0;0.0
BF897484E9456E11B7B78A650500BC08;44673735EAF46E11B7B78A650500BC08;2025-07-10;0.0;0.0
1DB6D719826A6E11B7B78A650500BC08;44673735EAF46E11B7B78A650500BC08;2025-07-10;0.0;4.547473508864641e-13
4EB58C9AB16F9E117260106505000D4A;44673735EAF46E11B7B78A650500BC08;2025-07-10;0.0;0.0
B4E326B960F9EE1191EE1065050009B9;44673735EAF46E11B7B78A650500BC08;2025-07-10;0.0;0.0
D922E2055C6DAE11BE2110650500125A;44673735EAF46E11B7B78A650500BC08;2025-07-10;0.0;0.0
2AAC8A734E1FCE11ADB31065050039B8;44673735EAF46E11B7B78A650500BC08;2025-07-10;0.0;0.0
969BB5834E1FCE11ADB31065050039B8;44673735EAF46E11B7B78A650500BC08;2025-07-10;0.0;0.0
195D1C334E1FCE11ADB31065050039B8;44673735EAF46E11B7B78A650500BC08;2025-07-10;0.0;0.0
5946288B5D22AE11726010650500905A;44673735EAF46E11B7B78A650500BC08;2025-07-10;0.0;0.0
0C228DAEB8E3BE11BE21106505005A5A;44673735EAF46E11B7B78A650500BC08;2025-07-10;0.0;0.0
DF7ADA3F8631BE11BE2110650500E65A;44673735EAF46E11B7B78A650500BC08;2025-07-10;0.0;0.0
C04B9F2B5C440F114EF7A826072BFC89;FC081C55582CED11A62CD892C0003F2A;2025-07-10;0.0;0.0
0822256B5C440F114EF7A826072BFC89;FC081C55582CED11A62CD892C0003F2A;2025-07-10;0.0;0.0
F1490F8B5C440F114EF7A826072BFC89;FC081C55582CED11A62CD892C0003F2A;2025-07-10;0.0;0.0
35C90F8B5C440F114EF7A826072BFC89;FC081C55582CED11A62CD892C0003F2A;2025-07-10;0.0;0.0
738485AB5C440F114EF7A826072BFC89;FC081C55582CED11A62CD892C0003F2A;2025-07-10;0.0;0.0
B434FDBB5C440F114EF7A826072BFC89;FC081C55582CED11A62CD892C0003F2A;2025-07-10;0.0;0.0
7EDA2FEB5C440F114EF7A826072BFC89;FC081C55582CED11A62CD892C0003F2A;2025-07-10;0.0;0.0
06E2E90C5C440F114EF7A826072BFC89;FC081C55582CED11A62CD892C0003F2A;2025-07-10;0.0;0.0
24D7F29CE3FCBE11877210650500CD59;B0BDDED34CC83E11052F6792C000B249;2025-07-10;96.0;3687.68
9FAB930CBEB40F114EF7A826072B8D89;B0BDDED34CC83E11052F6792C000B249;2025-07-10;96.0;4904.48
76FCB9A978540F114EF7A826072B0D89;B0BDDED34CC83E11052F6792C000B249;2025-07-10;60.0;3280.86
EDE03E0A78540F114EF7A826072B0D89;B0BDDED34CC83E11052F6792C000B249;2025-07-10;40.0;700.48
47C15F079308DE11C84610650500607A;FC081C55582CED11A62CD892C0003F2A;2025-07-10;0.0;0.0
818EF53188DFCE11ADB3106505005AB8;FC081C55582CED11A62CD892C0003F2A;2025-07-10;0.0;0.0
9F3361B88642EE11406610650500DC4A;FC081C55582CED11A62CD892C0003F2A;2025-07-10;-2.0;-205.56
CAEEEC2B4557AE11BE21106505005A4A;B0BDDED34CC83E11052F6792C000B249;2025-07-10;24.0;7839.36
43F86CE8DF0EEE1191EE1065050029B9;FC081C55582CED11A62CD892C0003F2A;2025-07-10;-8.0;-2151.86
1BA9359D22867E11B7B78A650500ED08;FC081C55582CED11A62CD892C0003F2A;2025-07-10;0.0;0.0
EC9EB9966C2CDE11406610650500E44A;B0BDDED34CC83E11052F6792C000B249;2025-07-10;20.0;1899.0000000000002
8FFC930CBEB40F114EF7A826072B8D89;FC081C55582CED11A62CD892C0003F2A;2025-07-10;72.0;10009.94
91B2E91CBEB40F114EF7A826072B8D89;FC081C55582CED11A62CD892C0003F2A;2025-07-10;72.0;4310.82
FE4E913CBEB40F114EF7A826072B8D89;FC081C55582CED11A62CD892C0003F2A;2025-07-10;72.0;7850.28
565BD54551CAED11A62CD892C0003F2A;B0BDDED34CC83E11052F6792C000B249;2025-07-10;4.0;1034.24
4115C985C07BCE11ADB31065050044B8;B0BDDED34CC83E11052F6792C000B249;2025-07-10;4.0;1734.68
2EAF5F01D0637E11B7B78A650500DD08;44673735EAF46E11B7B78A650500BC08;2025-07-10;20.0;1438.8
F3E06E556AE66E11B7B78A650500BC08;44673735EAF46E11B7B78A650500BC08;2025-07-10;-8.0;-336.0
BEE17EB58CBFAE11BE2110650500055A;44673735EAF46E11B7B78A650500BC08;2025-07-10;-6.0;-364.32
415077B66D734E1142D58A6505002C08;B0BDDED34CC83E11052F6792C000B249;2025-07-10;10.0;1421.0
FD0E37D8256EEE1191EE1065050029B9;44673735EAF46E11B7B78A650500BC08;2025-07-10;10.0;880.0
D45DDA5C8CB2CE118772106505002569;44673735EAF46E11B7B78A650500BC08;2025-07-10;6.0;4725.9
AA12BAC636EEAE11BE2110650500F35A;44673735EAF46E11B7B78A650500BC08;2025-07-10;60.0;5341.22
3C4E17A90E907E11B7B78A650500CD08;44673735EAF46E11B7B78A650500BC08;2025-07-10;38.0;3136.88
DA83A1DF105DEE1191EE1065050029B9;44673735EAF46E11B7B78A650500BC08;2025-07-10;40.0;633.96
130319B5C422BE11BE2110650500185A;44673735EAF46E11B7B78A650500BC08;2025-07-10;10.0;1204.4
54A95A82885EDE11406610650500C74A;B0BDDED34CC83E11052F6792C000B249;2025-07-10;26.0;2968.4
54A95A82885EDE11406610650500C74A;FC081C55582CED11A62CD892C0003F2A;2025-07-10;150.0;17148.02
42D5114E8C456E11B7B78A650500BC08;44673735EAF46E11B7B78A650500BC08;2025-07-10;10.0;1946.0
6F1862B5B9F27E11B7B78A650500DD08;44673735EAF46E11B7B78A650500BC08;2025-07-10;100.0;5908.7
DED0CDE274999E115250106505005A4A;44673735EAF46E11B7B78A650500BC08;2025-07-10;20.0;3093.3
F88BBA94D1C30F114EF7A826072B4C89;44673735EAF46E11B7B78A650500BC08;2025-07-10;120.0;4387.2
6AC952802661FE1191EE10650500ABB9;44673735EAF46E11B7B78A650500BC08;2025-07-10;120.0;22800.0
A3E6EC7278EADE11406610650500234A;44673735EAF46E11B7B78A650500BC08;2025-07-10;0.0;0.0
4284E6B8506AFE11128010650500E819;FC081C55582CED11A62CD892C0003F2A;2025-07-10;20.0;2219.4
2F2B7991C32ECE11ADB310650500F7B8;FC081C55582CED11A62CD892C0003F2A;2025-07-10;12.0;2190.36
48018428F0CAED11A62CD892C0003F2A;FC081C55582CED11A62CD892C0003F2A;2025-07-10;26.0;1821.04
52BC0A2547FF4E1142D58A650500BC08;FC081C55582CED11A62CD892C0003F2A;2025-07-10;220.0;2893.0
4A77826CCB596E11B7B78A650500BC08;FC081C55582CED11A62CD892C0003F2A;2025-07-10;20.0;1143.4
905F5A06D343FE1191EE106505001EB9;FC081C55582CED11A62CD892C0003F2A;2025-07-10;4.0;957.64
A87235AC0AF22E1143F0668E4200C71A;FC081C55582CED11A62CD892C0003F2A;2025-07-10;24.0;2617.68
729DE4ACD35C3E11052F6792C000D249;FC081C55582CED11A62CD892C0003F2A;2025-07-10;8.0;2724.24
BC3CDCD35F28CE11ADB310650500FFA8;FC081C55582CED11A62CD892C0003F2A;2025-07-10;0.0;0.0
716C36C4C0CAED11A62CD892C0003F2A;B0BDDED34CC83E11052F6792C000B249;2025-07-10;12.0;1316.52
00A774F6B46C6E11B7B78A650500BC08;B0BDDED34CC83E11052F6792C000B249;2025-07-10;12.0;1158.0
C2990D9B36F5BE11877210650500E459;44673735EAF46E11B7B78A650500BC08;2025-07-10;40.0;4366.06
37C587C81959FE11128010650500E819;FC081C55582CED11A62CD892C0003F2A;2025-07-10;0.0;0.0
88C67A9CC0CAED11A62CD892C0003F2A;FC081C55582CED11A62CD892C0003F2A;2025-07-10;6.0;381.9
D17EF5C377CBCE11ADB310650500B4B8;FC081C55582CED11A62CD892C0003F2A;2025-07-10;2.0;257.26
A2684B3E2233DE11ADB310650500EEB8;FC081C55582CED11A62CD892C0003F2A;2025-07-10;8.0;1184.56
98A3FB39CEEFFE11F1557891FE693789;FC081C55582CED11A62CD892C0003F2A;2025-07-10;8.0;2234.8
9E54CA91478B3E11052F6792C000D249;B0BDDED34CC83E11052F6792C000B249;2025-07-10;12.0;684.12
71E2C75836AA3E11052F6792C000D249;FC081C55582CED11A62CD892C0003F2A;2025-07-10;6.0;1999.14
EC9EB9966C2CDE11406610650500E44A;FC081C55582CED11A62CD892C0003F2A;2025-07-10;72.0;6836.4
C1F30C8B0583CE118772106505002669;44673735EAF46E11B7B78A650500BC08;2025-07-10;-20.0;-2253.14
CEE17B471392BE11BE2110650500A85A;44673735EAF46E11B7B78A650500BC08;2025-07-10;44.0;4999.14
B6E72AD22392BE11BE2110650500A85A;44673735EAF46E11B7B78A650500BC08;2025-07-10;26.0;1725.26
A633AE3A2A6BFE111280106505000919;44673735EAF46E11B7B78A650500BC08;2025-07-10;20.0;3631.66
9BE6E26450E2FE1191EE106505009DB9;FC081C55582CED11A62CD892C0003F2A;2025-07-10;0.0;0.0
A6E1A8E56E56BE118772106505006559;B0BDDED34CC83E11052F6792C000B249;2025-07-10;16.0;1643.2
D1AB661A5AADEE1191EE1065050029B9;FC081C55582CED11A62CD892C0003F2A;2025-07-10;0.0;0.0
050BACBD2D456E11B7B78A650500BC08;44673735EAF46E11B7B78A650500BC08;2025-07-10;-6.0;-280.20000000000005
398784DE3A2E6E11B7B78A6505003D08;44673735EAF46E11B7B78A650500BC08;2025-07-10;-62.0;-7967.0
0D35F61FA0CAED11A62CD892C0003F2A;FC081C55582CED11A62CD892C0003F2A;2025-07-10;88.0;13523.84
1EF7E1CD3104FE1191EE106505001FB9;FC081C55582CED11A62CD892C0003F2A;2025-07-10;6.0;2094.0
B0B7EDD1F0CAED11A62CD892C0003F2A;B0BDDED34CC83E11052F6792C000B249;2025-07-10;8.0;1397.12
C61A3859F5F49E11554010650500DE3B;FC081C55582CED11A62CD892C0003F2A;2025-07-10;24.0;2088.0
C39E77918754EE11B1AD10650500C7EA;FC081C55582CED11A62CD892C0003F2A;2025-07-10;24.0;7875.6
AE69AFD9B5F0BE11BE2110650500965A;44673735EAF46E11B7B78A650500BC08;2025-07-10;448.0;32704.0
D22236C1D0BFFE11F1557891FE69E689;B0BDDED34CC83E11052F6792C000B249;2025-07-10;12.0;1428.24
9F4155F3AF406E1142D58A650500AD08;B0BDDED34CC83E11052F6792C000B249;2025-07-10;8.0;978.0799999999999
E2E078668B50EE114066106505005A4A;B0BDDED34CC83E11052F6792C000B249;2025-07-10;72.0;1708.82
67C95AA70C3BBE118772106505009B59;B0BDDED34CC83E11052F6792C000B249;2025-07-10;22.0;848.26
B728B5DF0DE3DE11ADB310650500DFB8;B0BDDED34CC83E11052F6792C000B249;2025-07-10;4.0;417.08
529D25593972FE1191EE106505000DB9;B0BDDED34CC83E11052F6792C000B249;2025-07-10;20.0;1467.0
39D12025F3C2FE1191EE106505006DB9;B0BDDED34CC83E11052F6792C000B249;2025-07-10;10.0;1630.9
98D80015B93FDE11406610650500E84A;B0BDDED34CC83E11052F6792C000B249;2025-07-10;20.0;286.38
91D65036DE75FD110DC22A92C000D158;B0BDDED34CC83E11052F6792C000B249;2025-07-10;40.0;875.54
FC5FE26869B4EE11B1AD1065050048EA;44673735EAF46E11B7B78A650500BC08;2025-07-10;0.0;0.0
AB7D111480A49E115540106505006E3B;44673735EAF46E11B7B78A650500BC08;2025-07-10;0.0;0.0
45249BF57CFA7E110819BB65050039AA;44673735EAF46E11B7B78A650500BC08;2025-07-10;0.0;0.0
DC27356001189E11554010650500D24B;44673735EAF46E11B7B78A650500BC08;2025-07-10;0.0;0.0
2B6A0075C11A8E11F243BB650500304B;44673735EAF46E11B7B78A650500BC08;2025-07-10;-2.0;-257.38
AC5B291D3C456E11B7B78A650500BC08;44673735EAF46E11B7B78A650500BC08;2025-07-10;0.0;0.0
A37D3A0D9DE6DE11C846106505000F6A;44673735EAF46E11B7B78A650500BC08;2025-07-10;0.0;0.0
3D1AD477795EEE1191EE1065050029B9;44673735EAF46E11B7B78A650500BC08;2025-07-10;0.0;0.0
0D2444F7FDE6DE11C846106505000F6A;44673735EAF46E11B7B78A650500BC08;2025-07-10;0.0;0.0
D3C386B6D3459E115540106505004F3B;44673735EAF46E11B7B78A650500BC08;2025-07-10;60.0;1643.54
F4F9EAA0A2ABCE11ADB31065050084B8;B0BDDED34CC83E11052F6792C000B249;2025-07-10;20.0;3825.62
B77CC8BC6421FE1191EE106505005BB9;B0BDDED34CC83E11052F6792C000B249;2025-07-10;6.0;858.6
C4286DD7F5497E110819BB65050009AA;B0BDDED34CC83E11052F6792C000B249;2025-07-10;4.0;385.76
166C973F6A48FD11A4A96492C000AA89;B0BDDED34CC83E11052F6792C000B249;2025-07-10;4.0;562.12
D3EAE09E58D00E11A4A96492C0002019;44673735EAF46E11B7B78A650500BC08;2025-07-10;20.0;4621.68
07B904ECAD62FE1191EE10650500FCB9;44673735EAF46E11B7B78A650500BC08;2025-07-10;10.0;880.52
8EB2660E1317DE11C846106505003F6A;44673735EAF46E11B7B78A650500BC08;2025-07-10;2.0;573.46
AF7564DCAD62FE1191EE10650500FCB9;44673735EAF46E11B7B78A650500BC08;2025-07-10;10.0;1207.2
AB27D528A8C23E11052F6792C000CF39;44673735EAF46E11B7B78A650500BC08;2025-07-10;2.0;1278.1
93261BFD42578E11F243BB650500BC3B;B0BDDED34CC83E11052F6792C000B249;2025-07-10;6.0;358.56
55A4C6789109AE11BE21106505007C4A;B0BDDED34CC83E11052F6792C000B249;2025-07-10;6.0;250.2
A91B4BEA9B4A6E11B7B78A650500BC08;FC081C55582CED11A62CD892C0003F2A;2025-07-10;38.0;11514.0
3B695AEB01B72E11052F6792C0007F39;FC081C55582CED11A62CD892C0003F2A;2025-07-10;40.0;3054.4
0252627EFA719E11F243BB6505003A4B;FC081C55582CED11A62CD892C0003F2A;2025-07-10;16.0;1697.6600000000003
66B1396327AEEE1191EE1065050029B9;FC081C55582CED11A62CD892C0003F2A;2025-07-10;8.0;916.16
DD342AA207AEEE1191EE1065050029B9;FC081C55582CED11A62CD892C0003F2A;2025-07-10;6.0;2001.0
D6713137F76CAE11BE2110650500C05A;FC081C55582CED11A62CD892C0003F2A;2025-07-10;-2.0;-677.08
4310A12C4AC0DE11ADB310650500ABB8;FC081C55582CED11A62CD892C0003F2A;2025-07-10;-2.0;-133.6
339332DAACECDE11406610650500D54A;FC081C55582CED11A62CD892C0003F2A;2025-07-10;-2.0;-265.46
123E61050D3FFE11F1557891FE695689;FC081C55582CED11A62CD892C0003F2A;2025-07-10;-2.0;-3641.36
E8B3841E55C0CE11877210650500A269;FC081C55582CED11A62CD892C0003F2A;2025-07-10;-8.0;-222.72
B4320CC7A5DD2E11052F6792C000CF39;FC081C55582CED11A62CD892C0003F2A;2025-07-10;-2.0;-214.7
8376033300C80E11A4A96492C0001269;FC081C55582CED11A62CD892C0003F2A;2025-07-10;-22.0;-2072.5
E859A22DE112EE114066106505009C4A;FC081C55582CED11A62CD892C0003F2A;2025-07-10;-6.0;-179.5
A8D8D3E6104FFE11F1557891FE695689;FC081C55582CED11A62CD892C0003F2A;2025-07-10;-4.0;-53.12
6BC0AFE58443BE11BE2110650500895A;FC081C55582CED11A62CD892C0003F2A;2025-07-10;-8.0;-1445.28
A371F1EE04D1FE1191EE106505003CB9;FC081C55582CED11A62CD892C0003F2A;2025-07-10;-2.0;-1201.44
1B754762F0CAED11A62CD892C0003F2A;FC081C55582CED11A62CD892C0003F2A;2025-07-10;-2.0;-677.96
0868434CB12FFD11A4A96492C0001019;FC081C55582CED11A62CD892C0003F2A;2025-07-10;-2.0;-398.88
A047D5CDB03D7E110819BB65050039AA;FC081C55582CED11A62CD892C0003F2A;2025-07-10;-4.0;-47.82
F8EC135AA60BFE11128010650500E819;FC081C55582CED11A62CD892C0003F2A;2025-07-10;-8.0;-315.6
FC5DEC0DF0CAED11A62CD892C0003F2A;FC081C55582CED11A62CD892C0003F2A;2025-07-10;-2.0;-553.7
328B7B3361CBEE1191EE1065050029B9;FC081C55582CED11A62CD892C0003F2A;2025-07-10;-2.0;-300.0
F7BAE937B99CBE118772106505005D59;FC081C55582CED11A62CD892C0003F2A;2025-07-10;-2.0;-374.4
054DE941BE31FE1191EE106505007BB9;FC081C55582CED11A62CD892C0003F2A;2025-07-10;-2.0;-253.4
80B5F0C05FAAFE11128010650500E819;FC081C55582CED11A62CD892C0003F2A;2025-07-10;-2.0;-153.72
048377ECB400EE11406610650500E94A;FC081C55582CED11A62CD892C0003F2A;2025-07-10;-2.0;-434.74
710332DA8D410F11112A674AC7E21989;FC081C55582CED11A62CD892C0003F2A;2025-07-10;-4.0;-99.6
6EBD163D977CDE11406610650500454A;FC081C55582CED11A62CD892C0003F2A;2025-07-10;-2.0;-1538.32
D35E9808D3BC3E11052F6792C000D249;FC081C55582CED11A62CD892C0003F2A;2025-07-10;-4.0;-282.24
B37B5054AED8BE118772106505009859;FC081C55582CED11A62CD892C0003F2A;2025-07-10;-4.0;-2634.2
D90C4CF61680BE11BE2110650500065A;FC081C55582CED11A62CD892C0003F2A;2025-07-10;-2.0;-378.76
62216AAF0427BE118772106505006659;FC081C55582CED11A62CD892C0003F2A;2025-07-10;-10.0;-848.6
4744137C503F8E11F243BB650500474B;FC081C55582CED11A62CD892C0003F2A;2025-07-10;-2.0;-158.46
6E5868E0E54CDE11406610650500054A;FC081C55582CED11A62CD892C0003F2A;2025-07-10;-4.0;-746.7
32BCC379DFBBFE111280106505000919;FC081C55582CED11A62CD892C0003F2A;2025-07-10;-2.0;-304.64
2833DEC810CAED11A62CD892C0003F2A;FC081C55582CED11A62CD892C0003F2A;2025-07-10;-2.0;-136.74
33D12B287A7E8E11F243BB650500664B;FC081C55582CED11A62CD892C0003F2A;2025-07-10;-8.0;-1247.84
D8AB25160F7E4E1142D58A650500BC08;FC081C55582CED11A62CD892C0003F2A;2025-07-10;-4.0;-2547.56
555EB3EB0D4FBE11877210650500C069;FC081C55582CED11A62CD892C0003F2A;2025-07-10;-10.0;-184.22
80391EE94090BE11BE2110650500165A;FC081C55582CED11A62CD892C0003F2A;2025-07-10;-2.0;-3485.8
60EA07B4FC98FE11128010650500D819;FC081C55582CED11A62CD892C0003F2A;2025-07-10;-8.0;-912.0
FE15F8F901CAED11A62CD892C0003F2A;FC081C55582CED11A62CD892C0003F2A;2025-07-10;-2.0;-305.62
F25BC1E1D0CAED11A62CD892C0003F2A;FC081C55582CED11A62CD892C0003F2A;2025-07-10;-2.0;-698.68
396A5A5CED7FFE11F1557891FE69A689;FC081C55582CED11A62CD892C0003F2A;2025-07-10;-2.0;-4058.8
2999C1A77C3FFE11F1557891FE695689;FC081C55582CED11A62CD892C0003F2A;2025-07-10;-2.0;-336.48
A7EE9E68D2001E1143F0668E42007A39;FC081C55582CED11A62CD892C0003F2A;2025-07-10;-2.0;-300.3
33A6D553C6D46E11B7B78A650500BC08;FC081C55582CED11A62CD892C0003F2A;2025-07-10;-2.0;-466.82
C8904BBEC0CAED11A62CD892C0003F2A;FC081C55582CED11A62CD892C0003F2A;2025-07-10;-2.0;-221.1
63F804ECAD62FE1191EE10650500FCB9;FC081C55582CED11A62CD892C0003F2A;2025-07-10;-2.0;-244.88
42B158B398A05E1142D58A650500BC08;FC081C55582CED11A62CD892C0003F2A;2025-07-10;-6.0;-1565.6999999999998
E93C8A72EB83AE11726010650500525A;FC081C55582CED11A62CD892C0003F2A;2025-07-10;-2.0;-124.36
6317EC0A61593E11052F6792C000D249;FC081C55582CED11A62CD892C0003F2A;2025-07-10;-2.0;-314.94
7F890DC2591A6E11B7B78A650500BC08;FC081C55582CED11A62CD892C0003F2A;2025-07-10;-2.0;-216.84
FBADC697F8A30F114EF7A826072B2C89;FC081C55582CED11A62CD892C0003F2A;2025-07-10;-2.0;-290.2
67C71F054FDECE11ADB310650500E8B8;FC081C55582CED11A62CD892C0003F2A;2025-07-10;-2.0;-359.14
B661336EA0900F11F1557891FE690889;FC081C55582CED11A62CD892C0003F2A;2025-07-10;-2.0;-60.86
6C8BE5C364D67E11B7B78A650500ED08;FC081C55582CED11A62CD892C0003F2A;2025-07-10;-2.0;-75.16
5589B32E40A20F114EF7A826072BDA89;FC081C55582CED11A62CD892C0003F2A;2025-07-10;-2.0;-56.54
50F30257A083FE1191EE106505007EB9;FC081C55582CED11A62CD892C0003F2A;2025-07-10;-2.0;-178.5
D78F9D2B4F09FE11128010650500E819;FC081C55582CED11A62CD892C0003F2A;2025-07-10;-2.0;-33.96
30A2A563D1E7EE1191EE10650500A7B9;FC081C55582CED11A62CD892C0003F2A;2025-07-10;-1.0;-2.08
60D298C3F1B2CE118772106505001569;FC081C55582CED11A62CD892C0003F2A;2025-07-10;-2.0;-42.0
F053973F1978FE11128010650500D819;FC081C55582CED11A62CD892C0003F2A;2025-07-10;-4.0;-52.42
92A0CF3DD9FC9E11726010650500E94A;FC081C55582CED11A62CD892C0003F2A;2025-07-10;-14.0;-575.12
3FBD501A1D9FDE11406610650500694A;FC081C55582CED11A62CD892C0003F2A;2025-07-10;-4.0;-596.0
D0F55FEA3974EE11B1AD10650500F7EA;FC081C55582CED11A62CD892C0003F2A;2025-07-10;-2.0;-24.0
3F56A82CD083FE1191EE106505007EB9;FC081C55582CED11A62CD892C0003F2A;2025-07-10;-2.0;-35.04
9E83CD442C7B7E110819BB65050039AA;FC081C55582CED11A62CD892C0003F2A;2025-07-10;-2.0;-233.54
93E7B7682E74FE1191EE10650500CFB9;FC081C55582CED11A62CD892C0003F2A;2025-07-10;-2.0;-59.74
0790516A93C1CE11877210650500E369;FC081C55582CED11A62CD892C0003F2A;2025-07-10;-2.0;-82.98
E8AD6C21DDADAE11BE2110650500625A;FC081C55582CED11A62CD892C0003F2A;2025-07-10;-4.0;-443.84
3E1B0AEBD1CAED11A62CD892C0003F2A;FC081C55582CED11A62CD892C0003F2A;2025-07-10;-6.0;-397.65999999999997
24D41ADF0256BE118772106505005559;FC081C55582CED11A62CD892C0003F2A;2025-07-10;-12.0;-893.34
D8FBCDF9CEEFFE11F1557891FE693789;FC081C55582CED11A62CD892C0003F2A;2025-07-10;-2.0;-649.3
E72A88EF81CAED11A62CD892C0003F2A;FC081C55582CED11A62CD892C0003F2A;2025-07-10;-2.0;-119.16
AC1628C3C3C18E11A442BB65050089AA;FC081C55582CED11A62CD892C0003F2A;2025-07-10;-4.0;-1333.1399999999999
2E8B034A1DA15E1142D58A650500BC08;FC081C55582CED11A62CD892C0003F2A;2025-07-10;-2.0;-759.76
920B7F2413001E1143F0668E42007A39;FC081C55582CED11A62CD892C0003F2A;2025-07-10;-2.0;-532.88
2DEA37F03C7BDE11406610650500F34A;FC081C55582CED11A62CD892C0003F2A;2025-07-10;-2.0;-10.88
F54FA8705E85EE1191EE10650500F4B9;FC081C55582CED11A62CD892C0003F2A;2025-07-10;-4.0;-630.88
89994B7DA0CAED11A62CD892C0003F2A;FC081C55582CED11A62CD892C0003F2A;2025-07-10;-2.0;-286.0
3278A1AD72B3EE11B1AD10650500F6EA;FC081C55582CED11A62CD892C0003F2A;2025-07-10;-2.0;-376.2
ED4C9E5D10E2FE1191EE106505009DB9;FC081C55582CED11A62CD892C0003F2A;2025-07-10;-2.0;-309.6
2EAF5F01D0637E11B7B78A650500DD08;FC081C55582CED11A62CD892C0003F2A;2025-07-10;-6.0;-432.04
4D65266B5C2EFE11F1557891FE69F489;FC081C55582CED11A62CD892C0003F2A;2025-07-10;-2.0;-957.78
4F9F5CBB1970BE11BE2110650500F55A;FC081C55582CED11A62CD892C0003F2A;2025-07-10;-10.0;-1726.6999999999998
36871F9AE1089E11554010650500C24B;FC081C55582CED11A62CD892C0003F2A;2025-07-10;-12.0;-386.8
CA0D7B0DF8F00F11112A674AC7E2A889;FC081C55582CED11A62CD892C0003F2A;2025-07-10;-2.0;-1410.44
7EE3601CEFF67E11B7B78A650500ED08;FC081C55582CED11A62CD892C0003F2A;2025-07-10;-2.0;-347.42
D5D2043061D4EE11B1AD1065050068EA;FC081C55582CED11A62CD892C0003F2A;2025-07-10;-2.0;-141.38
FD9F408FAA2EBE118772106505005F59;FC081C55582CED11A62CD892C0003F2A;2025-07-10;-2.0;-136.84
79F118DE74F4DE11ADB31065050041C8;FC081C55582CED11A62CD892C0003F2A;2025-07-10;-2.0;-266.1
D55C91650447FD110DC22A92C000D62B;FC081C55582CED11A62CD892C0003F2A;2025-07-10;-2.0;-664.88
A79BADAE35AE4E1142D58A650500BC08;FC081C55582CED11A62CD892C0003F2A;2025-07-10;-2.0;-99.8
D9ABFBF8D87A9E115250106505007B4A;FC081C55582CED11A62CD892C0003F2A;2025-07-10;-2.0;-202.48
646614E4BC62FE1191EE10650500FCB9;FC081C55582CED11A62CD892C0003F2A;2025-07-10;-2.0;-931.96
6D12452A3E263E11052F6792C000FF39;FC081C55582CED11A62CD892C0003F2A;2025-07-10;-4.0;-342.52
077A2D18FC510F11112A674AC7E22989;FC081C55582CED11A62CD892C0003F2A;2025-07-10;-6.0;-873.5999999999999
716832489040EE114066106505003A4A;FC081C55582CED11A62CD892C0003F2A;2025-07-10;-2.0;-575.24
9284EAB534ADCE11ADB31065050047B8;FC081C55582CED11A62CD892C0003F2A;2025-07-10;-4.0;-876.14
4331172115B4DE11ADB310650500F0C8;FC081C55582CED11A62CD892C0003F2A;2025-07-10;-2.0;-134.4
9BC14B068B206E1142D58A650500AD08;FC081C55582CED11A62CD892C0003F2A;2025-07-10;-2.0;-765.24
ED2420A91C469E11554010650500904B;FC081C55582CED11A62CD892C0003F2A;2025-07-10;-2.0;-311.04
0F722AF20C297E110819BB65050009AA;FC081C55582CED11A62CD892C0003F2A;2025-07-10;-2.0;-566.98
E9652E2659E9FD11A4A96492C0006F3B;FC081C55582CED11A62CD892C0003F2A;2025-07-10;-2.0;-205.78
58CB6FD580667E11B7B78A650500ED08;FC081C55582CED11A62CD892C0003F2A;2025-07-10;-2.0;-486.76
FDDD534D44712E1143F0668E4200C71A;FC081C55582CED11A62CD892C0003F2A;2025-07-10;-2.0;-130.44
2570D5B00D11BE11BE2110650500C65A;FC081C55582CED11A62CD892C0003F2A;2025-07-10;-2.0;-152.22
2DBDC7718FB3AE11726010650500925A;FC081C55582CED11A62CD892C0003F2A;2025-07-10;-2.0;-115.24
CF220D59764DEE1191EE1065050029B9;FC081C55582CED11A62CD892C0003F2A;2025-07-10;-4.0;-757.08
21D0F3B8EB5F7E110819BB65050039AA;FC081C55582CED11A62CD892C0003F2A;2025-07-10;-4.0;-166.3
80E4E75BCD690E11A4A96492C0001269;FC081C55582CED11A62CD892C0003F2A;2025-07-10;-6.0;-977.34
E727F7893131FE1191EE106505006BB9;FC081C55582CED11A62CD892C0003F2A;2025-07-10;-2.0;-739.12
AF14CB9BE7CBCE11ADB310650500B4B8;FC081C55582CED11A62CD892C0003F2A;2025-07-10;-2.0;-551.0
1A5A688AC2DF4E1142D58A650500BC08;FC081C55582CED11A62CD892C0003F2A;2025-07-10;-2.0;-206.44
1F3FA457417B8E11F243BB650500F14B;FC081C55582CED11A62CD892C0003F2A;2025-07-10;-2.0;-230.16
E08C7642B99FBE118772106505002169;FC081C55582CED11A62CD892C0003F2A;2025-07-10;-2.0;-549.26
7DD347B43B4EDE11406610650500B74A;FC081C55582CED11A62CD892C0003F2A;2025-07-10;-2.0;-138.48
9B042FCCDCD4DE11ADB31065050021C8;FC081C55582CED11A62CD892C0003F2A;2025-07-10;-2.0;-270.84
A1BF291C7A278E11F243BB6505008C3B;FC081C55582CED11A62CD892C0003F2A;2025-07-10;-10.0;-321.74
A708ECF9F38D4E1142D58A650500BC08;FC081C55582CED11A62CD892C0003F2A;2025-07-10;-2.0;-374.0
E46050CC91CAED11A62CD892C0003F2A;FC081C55582CED11A62CD892C0003F2A;2025-07-10;-2.0;-554.68
A69D628F4210AE11726010650500ED4A;FC081C55582CED11A62CD892C0003F2A;2025-07-10;-2.0;-279.64
447C2E7CF6E66E11B7B78A650500BC08;FC081C55582CED11A62CD892C0003F2A;2025-07-10;-2.0;-239.52
EAA7F7582642FE1191EE10650500CCB9;FC081C55582CED11A62CD892C0003F2A;2025-07-10;-2.0;-800.02
13368D0C35DE4E1142D58A650500BC08;FC081C55582CED11A62CD892C0003F2A;2025-07-10;-2.0;-388.34
19B9F9FC1AB57E11B7B78A650500ED08;FC081C55582CED11A62CD892C0003F2A;2025-07-10;-2.0;-652.26
7B1C77D28C038E117E64BB6505003BAA;FC081C55582CED11A62CD892C0003F2A;2025-07-10;-2.0;-853.46
46A6EF06C4C2FE1191EE106505006DB9;FC081C55582CED11A62CD892C0003F2A;2025-07-10;-2.0;-356.16
8A063FEA7169DE11C84610650500227A;FC081C55582CED11A62CD892C0003F2A;2025-07-10;-2.0;-352.64
6C750FF65E40EE114066106505004A4A;FC081C55582CED11A62CD892C0003F2A;2025-07-10;-2.0;-447.5
DCFD063EA7CDFE11F1557891FE697489;FC081C55582CED11A62CD892C0003F2A;2025-07-10;-2.0;-619.62
D4063E6271125E1142D58A650500DC08;FC081C55582CED11A62CD892C0003F2A;2025-07-10;-2.0;-67.62
7E1EA5A1801C3E11052F6792C000D249;FC081C55582CED11A62CD892C0003F2A;2025-07-10;-2.0;-29.4
4A873A50AD32BE11BE2110650500385A;FC081C55582CED11A62CD892C0003F2A;2025-07-10;-4.0;-956.72
0CC5F8677F54DE11ADB31065050080C8;FC081C55582CED11A62CD892C0003F2A;2025-07-10;-2.0;-134.34
915F5C2F18D2DE11ADB3106505007EB8;FC081C55582CED11A62CD892C0003F2A;2025-07-10;-6.0;-126.0
59297EF260EE4E1142D58A650500BC08;FC081C55582CED11A62CD892C0003F2A;2025-07-10;-4.0;-691.64
570CDB2441CAED11A62CD892C0003F2A;FC081C55582CED11A62CD892C0003F2A;2025-07-10;-2.0;-213.8
F2AD502BDC065E1142D58A650500DC08;B0BDDED34CC83E11052F6792C000B249;2025-07-10;-268.0;-517.24
97461FAF7CF39E115540106505008D3B;B0BDDED34CC83E11052F6792C000B249;2025-07-10;-2.0;-363.02
F7BAE937B99CBE118772106505005D59;B0BDDED34CC83E11052F6792C000B249;2025-07-10;-4.0;-748.8
5711C63F7D31EE114066106505007B4A;B0BDDED34CC83E11052F6792C000B249;2025-07-10;-2.0;-753.16
7A1111598A692E11052F6792C0007F39;B0BDDED34CC83E11052F6792C000B249;2025-07-10;-2.0;-35.52
C7CF01810BF8CE11ADB31065050001B8;B0BDDED34CC83E11052F6792C000B249;2025-07-10;-2.0;-202.4
B83D606ACE6AFE11128010650500E819;B0BDDED34CC83E11052F6792C000B249;2025-07-10;-2.0;-77.84
246E802BAC93FE1191EE106505009EB9;B0BDDED34CC83E11052F6792C000B249;2025-07-10;-2.0;-232.04
9DDDB6F58708BE118772106505008759;B0BDDED34CC83E11052F6792C000B249;2025-07-10;-2.0;-458.0
7DD731B28CA4DE11ADB310650500E0C8;B0BDDED34CC83E11052F6792C000B249;2025-07-10;-4.0;-301.88
E59B72C890CAED11A62CD892C0003F2A;B0BDDED34CC83E11052F6792C000B249;2025-07-10;-2.0;-187.46
42899BB57654EE11B1AD10650500C7EA;B0BDDED34CC83E11052F6792C000B249;2025-07-10;-2.0;-44.46
FA4BCFB931CAED11A62CD892C0003F2A;B0BDDED34CC83E11052F6792C000B249;2025-07-10;-2.0;-2713.66
A0B0BB5F01CAED11A62CD892C0003F2A;B0BDDED34CC83E11052F6792C000B249;2025-07-10;-4.0;-661.12
1DC67A9CC0CAED11A62CD892C0003F2A;B0BDDED34CC83E11052F6792C000B249;2025-07-10;-4.0;-381.76
290884AC1A5FFE11F1557891FE697689;B0BDDED34CC83E11052F6792C000B249;2025-07-10;-2.0;-105.94
3B754762F0CAED11A62CD892C0003F2A;B0BDDED34CC83E11052F6792C000B249;2025-07-10;-2.0;-795.16
BF4593933395FE1191EE1065050021C9;B0BDDED34CC83E11052F6792C000B249;2025-07-10;-4.0;-1130.98
85DAF3604705EE11B1AD10650500A8EA;B0BDDED34CC83E11052F6792C000B249;2025-07-10;-2.0;-306.7
F2B7955D82C5EE1191EE1065050045B9;B0BDDED34CC83E11052F6792C000B249;2025-07-10;-2.0;-360.0
1CBBE93E8108DE11C84610650500607A;B0BDDED34CC83E11052F6792C000B249;2025-07-10;-2.0;-637.0
4701451DDD30DE11ADB310650500EAB8;B0BDDED34CC83E11052F6792C000B249;2025-07-10;-14.0;-1666.9
40A45EC934F3FE1191EE106505000FB9;B0BDDED34CC83E11052F6792C000B249;2025-07-10;-2.0;-310.02
BB3E61227E48DE11C84610650500C07A;B0BDDED34CC83E11052F6792C000B249;2025-07-10;-2.0;-1354.0
98821DCBD083FE1191EE106505007EB9;B0BDDED34CC83E11052F6792C000B249;2025-07-10;-2.0;-28.36
AF1E9C0BB0CAED11A62CD892C0003F2A;B0BDDED34CC83E11052F6792C000B249;2025-07-10;-4.0;-53.52
049DE472E0CAED11A62CD892C0003F2A;B0BDDED34CC83E11052F6792C000B249;2025-07-10;-4.0;-1583.58
4397BF6A01CAED11A62CD892C0003F2A;B0BDDED34CC83E11052F6792C000B249;2025-07-10;-12.0;-1575.16
D959C1A77C3FFE11F1557891FE695689;B0BDDED34CC83E11052F6792C000B249;2025-07-10;-2.0;-302.52
A789BA148ABAFE11128010650500E819;B0BDDED34CC83E11052F6792C000B249;2025-07-10;-20.0;-563.0
783E818302CAED11A62CD892C0003F2A;B0BDDED34CC83E11052F6792C000B249;2025-07-10;-2.0;-243.28
8C6FE014EDB89E11525010650500394A;B0BDDED34CC83E11052F6792C000B249;2025-07-10;-2.0;-96.04
7395F55B3BD6AE11BE2110650500B94A;B0BDDED34CC83E11052F6792C000B249;2025-07-10;-4.0;-680.0
28E7019311BD3E11052F6792C000D249;B0BDDED34CC83E11052F6792C000B249;2025-07-10;-2.0;-66.02
38D11EDAC550CE118772106505001269;B0BDDED34CC83E11052F6792C000B249;2025-07-10;-4.0;-347.8
7F1F65F365E0EE114066106505000B4A;B0BDDED34CC83E11052F6792C000B249;2025-07-10;-2.0;-131.5
5136B4D8AED8BE118772106505009859;B0BDDED34CC83E11052F6792C000B249;2025-07-10;-2.0;-1479.52
ACE84C0834885E1142D58A650500DC08;B0BDDED34CC83E11052F6792C000B249;2025-07-10;-2.0;-60.06
EDEC86A53FAB8E11F243BB650500424B;B0BDDED34CC83E11052F6792C000B249;2025-07-10;-2.0;-260.04
8A106C00A324EE11B1AD1065050087EA;B0BDDED34CC83E11052F6792C000B249;2025-07-10;-2.0;-123.84
E67F617F6439BE118772106505000959;B0BDDED34CC83E11052F6792C000B249;2025-07-10;-2.0;-497.92
DA39958560CBEE1191EE1065050029B9;B0BDDED34CC83E11052F6792C000B249;2025-07-10;-4.0;-371.8
2CC1F06BD20ADE11406610650500F14A;B0BDDED34CC83E11052F6792C000B249;2025-07-10;-2.0;-206.74
7904541A2E456E11B7B78A650500BC08;B0BDDED34CC83E11052F6792C000B249;2025-07-10;-2.0;-390.0
49DB634AA60BFE11128010650500E819;B0BDDED34CC83E11052F6792C000B249;2025-07-10;-2.0;-86.2
62C9BA148ABAFE11128010650500E819;B0BDDED34CC83E11052F6792C000B249;2025-07-10;-2.0;-56.3
080669A55EED7E110819BB65050039AA;B0BDDED34CC83E11052F6792C000B249;2025-07-10;-2.0;-82.8
D5FE46A0055F4E1142D58A650500BC08;B0BDDED34CC83E11052F6792C000B249;2025-07-10;-4.0;-695.92
FF6785D8D0CAED11A62CD892C0003F2A;B0BDDED34CC83E11052F6792C000B249;2025-07-10;-2.0;-552.84
74FC5D6A6BE15E1142D58A650500BC08;B0BDDED34CC83E11052F6792C000B249;2025-07-10;-8.0;-510.29999999999995
98E00D88A0CAED11A62CD892C0003F2A;B0BDDED34CC83E11052F6792C000B249;2025-07-10;-2.0;-59.68
DE15F8F901CAED11A62CD892C0003F2A;B0BDDED34CC83E11052F6792C000B249;2025-07-10;-4.0;-755.76
BB3C1606DF986E11B7B78A650500BC08;B0BDDED34CC83E11052F6792C000B249;2025-07-10;-10.0;-207.60000000000002
AA12BAC636EEAE11BE2110650500F35A;B0BDDED34CC83E11052F6792C000B249;2025-07-10;-6.0;-534.12
E3F3436BE358FE11128010650500D819;B0BDDED34CC83E11052F6792C000B249;2025-07-10;-2.0;-27.8
FAB6FA5DD1789E11525010650500D84A;B0BDDED34CC83E11052F6792C000B249;2025-07-10;-4.0;-124.48
825CBB5597CABE118772106505000B59;B0BDDED34CC83E11052F6792C000B249;2025-07-10;-4.0;-203.76
627A78B86C10FE1191EE106505000AB9;B0BDDED34CC83E11052F6792C000B249;2025-07-10;-2.0;-1033.94
549008398567FE1191EE1065050083C9;B0BDDED34CC83E11052F6792C000B249;2025-07-10;-6.0;-5423.88
450FC208B869FE11128010650500E819;B0BDDED34CC83E11052F6792C000B249;2025-07-10;-2.0;-352.12
05BBAF1F6D4DDE11406610650500564A;B0BDDED34CC83E11052F6792C000B249;2025-07-10;-2.0;-113.4
8919B39B05586E11B7B78A650500BC08;B0BDDED34CC83E11052F6792C000B249;2025-07-10;-8.0;-204.0
9A6F0409E8EFCE11ADB3106505006AB8;B0BDDED34CC83E11052F6792C000B249;2025-07-10;-2.0;-18.96
D631D097DA6FCE11ADB310650500B9B8;B0BDDED34CC83E11052F6792C000B249;2025-07-10;-2.0;-61.24
7D0E4497937FCE11ADB310650500C9B8;B0BDDED34CC83E11052F6792C000B249;2025-07-10;-2.0;-72.88
402D380A0D3C5E1142D58A6505000D08;B0BDDED34CC83E11052F6792C000B249;2025-07-10;-4.0;-518.6
B36C7E9693615E1142D58A650500BC08;B0BDDED34CC83E11052F6792C000B249;2025-07-10;-4.0;-47.12
3E3517AD7F3DBE118772106505002E59;B0BDDED34CC83E11052F6792C000B249;2025-07-10;-2.0;-287.14
B8D415047715CE11ADB3106505000DA8;B0BDDED34CC83E11052F6792C000B249;2025-07-10;-2.0;-474.48
EA578A90C1CAED11A62CD892C0003F2A;B0BDDED34CC83E11052F6792C000B249;2025-07-10;-2.0;-98.26
CC12452A3E263E11052F6792C000FF39;B0BDDED34CC83E11052F6792C000B249;2025-07-10;-4.0;-231.96
D882A200FFAFFE11F1557891FE69E689;B0BDDED34CC83E11052F6792C000B249;2025-07-10;-10.0;-802.5
3D805D41EAE4DE11ADB31065050031C8;B0BDDED34CC83E11052F6792C000B249;2025-07-10;-2.0;-593.74
F9DE455281082E11052F6792C0007F39;B0BDDED34CC83E11052F6792C000B249;2025-07-10;-2.0;-404.68
8346106C17976E11B7B78A650500BC08;B0BDDED34CC83E11052F6792C000B249;2025-07-10;-2.0;-225.36
D843E157C8D65E1142D58A650500DC08;B0BDDED34CC83E11052F6792C000B249;2025-07-10;-2.0;-962.44
F9F71D6EA51BCE11ADB310650500D3B8;B0BDDED34CC83E11052F6792C000B249;2025-07-10;-2.0;-252.06
C61CDEC1BFD9DE11406610650500C14A;B0BDDED34CC83E11052F6792C000B249;2025-07-10;-4.0;-213.84
5527B94BCED4DE11ADB31065050021C8;B0BDDED34CC83E11052F6792C000B249;2025-07-10;-2.0;-367.2
8A8206E701CA8E11F243BB650500114B;B0BDDED34CC83E11052F6792C000B249;2025-07-10;-2.0;-84.58
A0BE60F1BC5A3E11052F6792C000D249;B0BDDED34CC83E11052F6792C000B249;2025-07-10;-2.0;-424.22
D539094141CAED11A62CD892C0003F2A;B0BDDED34CC83E11052F6792C000B249;2025-07-10;-2.0;-1694.58
AF1DCEDCED8F2E11052F6792C000CF39;B0BDDED34CC83E11052F6792C000B249;2025-07-10;-2.0;-410.4
E6B3A1FA3B01FE1191EE106505003BB9;B0BDDED34CC83E11052F6792C000B249;2025-07-10;-2.0;-302.8
1A234B135CFD7E110819BB65050039AA;B0BDDED34CC83E11052F6792C000B249;2025-07-10;-2.0;-221.0
36C279B05FAAFE11128010650500E819;B0BDDED34CC83E11052F6792C000B249;2025-07-10;-2.0;-154.1
180265E994D67E11B7B78A650500ED08;B0BDDED34CC83E11052F6792C000B249;2025-07-10;-2.0;-92.96
07F21E73BFAEDE11406610650500384A;B0BDDED34CC83E11052F6792C000B249;2025-07-10;-2.0;-891.64
E27D36D5E5EB5E1142D58A6505000D08;B0BDDED34CC83E11052F6792C000B249;2025-07-10;-8.0;-184.36
702AAB87BA54BE11BE2110650500EA5A;B0BDDED34CC83E11052F6792C000B249;2025-07-10;-2.0;-543.56
86F530879AE10F114EF7A826072BE989;B0BDDED34CC83E11052F6792C000B249;2025-07-10;-2.0;-1109.94
B51A958001CAED11A62CD892C0003F2A;B0BDDED34CC83E11052F6792C000B249;2025-07-10;-2.0;-102.32
59384B52B7474E1142D58A6505002C08;B0BDDED34CC83E11052F6792C000B249;2025-07-10;-12.0;-291.6
546B556D699F7E110819BB65050039AA;B0BDDED34CC83E11052F6792C000B249;2025-07-10;-2.0;-703.86
30955D3C340BEE1191EE1065050029B9;B0BDDED34CC83E11052F6792C000B249;2025-07-10;-2.0;-61.5
23B64E1E45B4DE11ADB310650500F0C8;B0BDDED34CC83E11052F6792C000B249;2025-07-10;-2.0;-234.7
D1899733775CEE1191EE1065050029B9;B0BDDED34CC83E11052F6792C000B249;2025-07-10;-2.0;-367.46
7697BF6A01CAED11A62CD892C0003F2A;B0BDDED34CC83E11052F6792C000B249;2025-07-10;-2.0;-531.6
3A5A892EC023CE11877210650500A569;B0BDDED34CC83E11052F6792C000B249;2025-07-10;-4.0;-114.28
AD8FC812365FFE11F1557891FE697689;B0BDDED34CC83E11052F6792C000B249;2025-07-10;-4.0;-286.24
C5D82953BAA07E11B7B78A650500CD08;B0BDDED34CC83E11052F6792C000B249;2025-07-10;-2.0;-120.0
8A0B0CB751CAED11A62CD892C0003F2A;B0BDDED34CC83E11052F6792C000B249;2025-07-10;-2.0;-677.08
175AF9E305B4DE11ADB310650500F0C8;B0BDDED34CC83E11052F6792C000B249;2025-07-10;-2.0;-116.16
200FF143FD5FCE11ADB310650500A9B8;B0BDDED34CC83E11052F6792C000B249;2025-07-10;-2.0;-1688.88
46ECEEFF7120FE1191EE106505000AB9;B0BDDED34CC83E11052F6792C000B249;2025-07-10;-2.0;-6.86
C15FC812365FFE11F1557891FE697689;B0BDDED34CC83E11052F6792C000B249;2025-07-10;-2.0;-143.12
F6F107EA01CAED11A62CD892C0003F2A;B0BDDED34CC83E11052F6792C000B249;2025-07-10;-2.0;-330.44
5EA8094F4FFD9E117260106505004B4A;B0BDDED34CC83E11052F6792C000B249;2025-07-10;-2.0;-252.0
2D00F2E6029EBE11877210650500DF59;B0BDDED34CC83E11052F6792C000B249;2025-07-10;-2.0;-52.94
2320BE99F8349E11554010650500DD3B;B0BDDED34CC83E11052F6792C000B249;2025-07-10;-2.0;-116.68
09E8FDA9268EFE11F1557891FE696589;B0BDDED34CC83E11052F6792C000B249;2025-07-10;-6.0;-528.0
620B73B38ABAFE11128010650500E819;B0BDDED34CC83E11052F6792C000B249;2025-07-10;-2.0;-59.28
8033F6C2D74CDE11406610650500054A;B0BDDED34CC83E11052F6792C000B249;2025-07-10;-2.0;-45.96
DF0BB3FF3D9F7E110819BB65050039AA;44673735EAF46E11B7B78A650500BC08;2025-07-10;-2.0;-121.2
14E5577E8F886E11B7B78A650500BC08;44673735EAF46E11B7B78A650500BC08;2025-07-10;-8.0;-510.48
B728C2E3821A8E11F243BB650500304B;44673735EAF46E11B7B78A650500BC08;2025-07-10;-2.0;-185.34
34981E8A8E8BEE1191EE1065050029B9;44673735EAF46E11B7B78A650500BC08;2025-07-10;-2.0;-164.48
EC7EF945184BBE11877210650500AB59;44673735EAF46E11B7B78A650500BC08;2025-07-10;-2.0;-938.4
18FF9373FD537E11B7B78A650500DD08;44673735EAF46E11B7B78A650500BC08;2025-07-10;-8.0;-74.26
D30754EE7C456E11B7B78A650500BC08;44673735EAF46E11B7B78A650500BC08;2025-07-10;-2.0;-453.06
E88AC96C066E9E11726010650500CB4A;44673735EAF46E11B7B78A650500BC08;2025-07-10;-10.0;-338.98
75D959C278F6DE11C846106505001F6A;44673735EAF46E11B7B78A650500BC08;2025-07-10;-4.0;-732.38
59277BD1DD456E11B7B78A650500BC08;44673735EAF46E11B7B78A650500BC08;2025-07-10;-18.0;-6516.0
F3B06DA32D456E11B7B78A650500BC08;44673735EAF46E11B7B78A650500BC08;2025-07-10;-6.0;-4593.0
845915F97628CE11ADB310650500EFA8;44673735EAF46E11B7B78A650500BC08;2025-07-10;-2.0;-620.0
C5BBE9E75EED7E110819BB65050039AA;44673735EAF46E11B7B78A650500BC08;2025-07-10;-2.0;-82.8
B671181A03078E11F243BB6505005C3B;44673735EAF46E11B7B78A650500BC08;2025-07-10;-12.0;-845.76
968BDF31DAD0FE1191EE10650500FAB9;44673735EAF46E11B7B78A650500BC08;2025-07-10;-4.0;-162.18
7AD4A808E6B5EE1191EE1065050035B9;44673735EAF46E11B7B78A650500BC08;2025-07-10;-16.0;-1907.2
37C3840F18363E11052F6792C000FF39;44673735EAF46E11B7B78A650500BC08;2025-07-10;-2.0;-171.26
C8494A182769BE118772106505004959;44673735EAF46E11B7B78A650500BC08;2025-07-10;-4.0;-298.64
040FD835CEF39E115540106505008D3B;44673735EAF46E11B7B78A650500BC08;2025-07-10;-2.0;-1146.38
486EDC4E3C456E11B7B78A650500BC08;44673735EAF46E11B7B78A650500BC08;2025-07-10;-6.0;-469.20000000000005
143CA6C1F353CE11877210650500E569;44673735EAF46E11B7B78A650500BC08;2025-07-10;-2.0;-889.0
EE2E9FD6C541DE11ADB3106505007CB8;44673735EAF46E11B7B78A650500BC08;2025-07-10;-2.0;-729.96
B4ECE5D082C97E110819BB65050019AA;44673735EAF46E11B7B78A650500BC08;2025-07-10;-40.0;-645.6
78277BD1DD456E11B7B78A650500BC08;44673735EAF46E11B7B78A650500BC08;2025-07-10;-4.0;-3012.0
FC32A1754C456E11B7B78A650500BC08;44673735EAF46E11B7B78A650500BC08;2025-07-10;-2.0;-91.3
8691728D653DDE11406610650500364A;44673735EAF46E11B7B78A650500BC08;2025-07-10;-2.0;-88.44
4A5BD40E69456E11B7B78A650500BC08;44673735EAF46E11B7B78A650500BC08;2025-07-10;-2.0;-558.1
1F0DA681721A8E11F243BB650500304B;44673735EAF46E11B7B78A650500BC08;2025-07-10;-12.0;-595.58
09880D13E0DCDE11406610650500B54A;44673735EAF46E11B7B78A650500BC08;2025-07-10;-42.6;-5005.5
34D9FBFFA909CE11ADB31065050011B8;44673735EAF46E11B7B78A650500BC08;2025-07-10;-4.0;-249.24
E5509AEC184BBE11877210650500AB59;44673735EAF46E11B7B78A650500BC08;2025-07-10;-2.0;-478.8
FB5B6582A8910F114EF7A826072B8989;44673735EAF46E11B7B78A650500BC08;2025-07-10;-6.0;-35.339999999999996
EF1DF9AD5FDD6E11B7B78A650500BC08;44673735EAF46E11B7B78A650500BC08;2025-07-10;-2.0;-74.56
6F931D9B5A819E11F243BB6505004A4B;44673735EAF46E11B7B78A650500BC08;2025-07-10;-4.0;-164.0
7656CB4D25037E11B7B78A650500DD08;44673735EAF46E11B7B78A650500BC08;2025-07-10;-6.0;-333.24
EE203DE8AC456E11B7B78A650500BC08;44673735EAF46E11B7B78A650500BC08;2025-07-10;-6.0;-418.32
A4349E308D456E11B7B78A650500BC08;44673735EAF46E11B7B78A650500BC08;2025-07-10;-6.0;-181.2
A3E510C0DE2DBE118772106505001E59;44673735EAF46E11B7B78A650500BC08;2025-07-10;-8.0;-685.04
7EF06BEEDC410F11112A674AC7E21989;44673735EAF46E11B7B78A650500BC08;2025-07-10;-2.0;-2520.0
EDDA8DE8C6C99E115250106505009A4A;44673735EAF46E11B7B78A650500BC08;2025-07-10;-2.0;-1760.0
5DC741E1C11A8E11F243BB650500304B;44673735EAF46E11B7B78A650500BC08;2025-07-10;-14.0;-243.46
5CCF0F9C17C2FE1191EE106505006DB9;44673735EAF46E11B7B78A650500BC08;2025-07-10;-4.0;-171.56
BB43F8C694310F11112A674AC7E2F889;44673735EAF46E11B7B78A650500BC08;2025-07-10;-8.0;-1280.0
A86D1892866ABE118772106505008A59;44673735EAF46E11B7B78A650500BC08;2025-07-10;-2.0;-610.0
6CB1B2EFC11EAE11BE2110650500E25A;44673735EAF46E11B7B78A650500BC08;2025-07-10;-40.0;-1604.8
FC39F31DAF13CE11877210650500A569;44673735EAF46E11B7B78A650500BC08;2025-07-10;-4.0;-114.1
CD076A426D7DBE118772106505007E59;44673735EAF46E11B7B78A650500BC08;2025-07-10;-4.0;-372.0
DD048979F7BAFE11128010650500E819;44673735EAF46E11B7B78A650500BC08;2025-07-10;-6.0;-348.0
B951ED74EED5FE1191EE1065050081C9;44673735EAF46E11B7B78A650500BC08;2025-07-10;-6.0;-1080.0
1100588963039E115540106505004C3B;44673735EAF46E11B7B78A650500BC08;2025-07-10;-2.0;-247.2
86EB0C2F5C6CDE11406610650500354A;44673735EAF46E11B7B78A650500BC08;2025-07-10;-2.0;-1080.4
1773EBA63654FE1191EE106505008FB9;44673735EAF46E11B7B78A650500BC08;2025-07-10;-6.0;-238.76
1906FCEAC6197E110819BB65050009AA;44673735EAF46E11B7B78A650500BC08;2025-07-10;-4.0;-192.04
CAD51A0368ED9E117260106505001B4A;44673735EAF46E11B7B78A650500BC08;2025-07-10;-2.0;-624.0
F165459B3E456E11B7B78A650500BC08;44673735EAF46E11B7B78A650500BC08;2025-07-10;-8.0;-7464.0
5FD37B03C11A8E11F243BB650500304B;44673735EAF46E11B7B78A650500BC08;2025-07-10;-2.0;-29.74
68868A19E770BE11BE2110650500F55A;44673735EAF46E11B7B78A650500BC08;2025-07-10;-2.0;-28.94
E76EDC4E3C456E11B7B78A650500BC08;44673735EAF46E11B7B78A650500BC08;2025-07-10;-4.0;-295.8
198EB87A983E7E110819BB65050039AA;44673735EAF46E11B7B78A650500BC08;2025-07-10;-16.0;-2177.44
95CD8B56CCFDCE11ADB310650500C7B8;44673735EAF46E11B7B78A650500BC08;2025-07-10;-6.0;-2532.0
661B4958E770BE11BE2110650500F55A;44673735EAF46E11B7B78A650500BC08;2025-07-10;-2.0;-24.24
E19409CEF9456E11B7B78A650500BC08;44673735EAF46E11B7B78A650500BC08;2025-07-10;-2.0;-141.06
7FB3C85F1D456E11B7B78A650500BC08;44673735EAF46E11B7B78A650500BC08;2025-07-10;-2.0;-2706.0
6E32FE6519A47E11B7B78A650500ED08;44673735EAF46E11B7B78A650500BC08;2025-07-10;-2.0;-488.44
8F8708B6A6F5AE11BE2110650500984A;44673735EAF46E11B7B78A650500BC08;2025-07-10;-2.0;-163.74
D3137EBFE6197E110819BB65050009AA;44673735EAF46E11B7B78A650500BC08;2025-07-10;-4.0;-99.8
79CE9832FB4F6E11B7B78A650500CD08;44673735EAF46E11B7B78A650500BC08;2025-07-10;-2.0;-1019.98
91D7063D390FEE1191EE1065050029B9;44673735EAF46E11B7B78A650500BC08;2025-07-10;-12.0;-1228.34
44990EFE31EBDE11406610650500744A;44673735EAF46E11B7B78A650500BC08;2025-07-10;-4.0;-297.66
F87A8FEC0E456E11B7B78A650500BC08;44673735EAF46E11B7B78A650500BC08;2025-07-10;-2.0;-689.7
744F5D260EDEFE11F1557891FE69D589;44673735EAF46E11B7B78A650500BC08;2025-07-10;-12.0;-186.0
6C2B993DAC456E11B7B78A650500BC08;44673735EAF46E11B7B78A650500BC08;2025-07-10;-6.0;-937.18
0515215FCAD0FE1191EE10650500FAB9;44673735EAF46E11B7B78A650500BC08;2025-07-10;-2.0;-282.8
662A5F2B00556E11B7B78A650500BC08;44673735EAF46E11B7B78A650500BC08;2025-07-10;-22.0;-282.26000000000005
9A3436C05980FE1191EE106505008AB9;44673735EAF46E11B7B78A650500BC08;2025-07-10;-2.0;-258.0
769B72C890CAED11A62CD892C0003F2A;44673735EAF46E11B7B78A650500BC08;2025-07-10;-2.0;-194.58
74382A811EC8EE1191EE10650500E8B9;44673735EAF46E11B7B78A650500BC08;2025-07-10;-4.0;-1044.0
5E09AC080FDD6E11B7B78A650500BC08;44673735EAF46E11B7B78A650500BC08;2025-07-10;-32.0;-621.12
501B55DC43D0DE11ADB310650500BBB8;44673735EAF46E11B7B78A650500BC08;2025-07-10;-2.0;-228.0
982950A3AA187E110819BB65050009AA;44673735EAF46E11B7B78A650500BC08;2025-07-10;-4.0;-151.2
9AD8A4B271D6FD110DC22A92C000D158;44673735EAF46E11B7B78A650500BC08;2025-07-10;-16.0;-1894.3999999999999
B8D5845781518E110819BB65050039AA;44673735EAF46E11B7B78A650500BC08;2025-07-10;-2.0;-141.12
286EDC4E3C456E11B7B78A650500BC08;44673735EAF46E11B7B78A650500BC08;2025-07-10;-8.0;-646.0
50648DB2E0DCDE11406610650500B54A;44673735EAF46E11B7B78A650500BC08;2025-07-10;-60.0;-3108.0
C9BC4C07D0CBEE1191EE1065050029B9;44673735EAF46E11B7B78A650500BC08;2025-07-10;-2.0;-443.56
B5F75042DD456E11B7B78A650500BC08;44673735EAF46E11B7B78A650500BC08;2025-07-10;-4.0;-8476.0
574466F5D5CECE11ADB310650500C8B8;44673735EAF46E11B7B78A650500BC08;2025-07-10;-2.0;-2354.0
B252830334627E11B7B78A650500CD08;44673735EAF46E11B7B78A650500BC08;2025-07-10;-2.0;-331.88
B5D2DF484AE66E11B7B78A650500BC08;44673735EAF46E11B7B78A650500BC08;2025-07-10;-2.0;-496.6
E76EC99C2D456E11B7B78A650500BC08;44673735EAF46E11B7B78A650500BC08;2025-07-10;-4.0;-387.32
1C7232DA8D410F11112A674AC7E21989;44673735EAF46E11B7B78A650500BC08;2025-07-10;-2.0;-162.0
1D5FC3CA46A27E11B7B78A650500DD08;44673735EAF46E11B7B78A650500BC08;2025-07-10;-2.0;-208.0
51FE0936C11A8E11F243BB650500304B;44673735EAF46E11B7B78A650500BC08;2025-07-10;-4.0;-157.96
67FFE566D1747E11B7B78A650500ED08;44673735EAF46E11B7B78A650500BC08;2025-07-10;-6.0;-4470.62
A0A248E2166E9E11726010650500CB4A;44673735EAF46E11B7B78A650500BC08;2025-07-10;-6.0;-832.78
4851C67F46CCDE11406610650500A54A;44673735EAF46E11B7B78A650500BC08;2025-07-10;-6.0;-446.52
5DFC974FF1CF7E110819BB65050039AA;44673735EAF46E11B7B78A650500BC08;2025-07-10;-20.0;-3134.14
6F5C90B94094DE11ADB310650500C0C8;44673735EAF46E11B7B78A650500BC08;2025-07-10;-2.0;-564.0
F931BF7EEB456E11B7B78A650500BC08;44673735EAF46E11B7B78A650500BC08;2025-07-10;-2.0;-217.74
4775F1C60C409E11F243BB650500B84B;44673735EAF46E11B7B78A650500BC08;2025-07-10;-4.0;-1132.0
AB48A8CF8DDFDE11406610650500B94A;44673735EAF46E11B7B78A650500BC08;2025-07-10;-4.0;-3799.4
A7A8CB71EC456E11B7B78A650500BC08;44673735EAF46E11B7B78A650500BC08;2025-07-10;-2.0;-1680.0
1968760981567E11B7B78A650500ED08;44673735EAF46E11B7B78A650500BC08;2025-07-10;-2.0;-327.5
9F814C4E45CF8E11F243BB650500084B;44673735EAF46E11B7B78A650500BC08;2025-07-10;-2.0;-72.94
3BCB853456E28E110223BB6505001BAA;44673735EAF46E11B7B78A650500BC08;2025-07-10;-2.0;-137.3
1638B84C88BFEE1191EE1065050089B9;44673735EAF46E11B7B78A650500BC08;2025-07-10;-2.0;-3140.0
03E154EB78F00F11112A674AC7E2A889;44673735EAF46E11B7B78A650500BC08;2025-07-10;-4.0;-430.28
3B3095FE46CCDE11406610650500A54A;44673735EAF46E11B7B78A650500BC08;2025-07-10;-2.0;-68.84
AC7DF07EF356DE11ADB31065050003C8;44673735EAF46E11B7B78A650500BC08;2025-07-10;-4.0;-152.02
579811BE2B589E11554010650500334B;44673735EAF46E11B7B78A650500BC08;2025-07-10;-2.0;-329.4
1100819A08FCFD11A4A96492C000CB59;44673735EAF46E11B7B78A650500BC08;2025-07-10;-2.0;-254.46
FD577F655AE66E11B7B78A650500BC08;44673735EAF46E11B7B78A650500BC08;2025-07-10;-2.0;-70.8
F51EA83B917ABE118772106505009A59;44673735EAF46E11B7B78A650500BC08;2025-07-10;-2.0;-787.62
7AB9F50410A4DE11ADB310650500D0C8;44673735EAF46E11B7B78A650500BC08;2025-07-10;-2.0;-1552.0
88DEE6074C456E11B7B78A650500BC08;44673735EAF46E11B7B78A650500BC08;2025-07-10;-4.0;-412.9
859E6D4182C97E110819BB65050019AA;44673735EAF46E11B7B78A650500BC08;2025-07-10;-12.0;-58.32
EE418A00535B6E11B7B78A650500BC08;44673735EAF46E11B7B78A650500BC08;2025-07-10;-2.0;-427.72
4A475C7445AE4E1142D58A650500BC08;44673735EAF46E11B7B78A650500BC08;2025-07-10;-4.0;-199.6
028DDD9A2AB00F11F1557891FE693889;44673735EAF46E11B7B78A650500BC08;2025-07-10;-2.0;-933.68
38E5B81A60427E11B7B78A650500CD08;FC081C55582CED11A62CD892C0003F2A;2025-07-10;-2.0;-1390.68
2C324EF2D142DE11ADB310650500BDB8;B0BDDED34CC83E11052F6792C000B249;2025-07-10;18.0;648.9
95CA74C7908DCE11ADB31065050017B8;44673735EAF46E11B7B78A650500BC08;2025-07-10;4.0;14612.0
25189352662BDE11406610650500734A;44673735EAF46E11B7B78A650500BC08;2025-07-10;10.0;1980.0
010726E4D11ADE11406610650500024A;FC081C55582CED11A62CD892C0003F2A;2025-07-10;0.0;0.0
94347DC50DEEDE11406610650500884A;FC081C55582CED11A62CD892C0003F2A;2025-07-10;0.0;0.0
350D4F10C48ECE11ADB31065050078B8;FC081C55582CED11A62CD892C0003F2A;2025-07-10;-4.0;-150.32
5B9437400502EE114066106505008C4A;FC081C55582CED11A62CD892C0003F2A;2025-07-10;0.0;0.0
6F1E4C2180E2FE1191EE106505009DB9;FC081C55582CED11A62CD892C0003F2A;2025-07-10;0.0;0.0
0AB2738BBF13CE11877210650500A569;FC081C55582CED11A62CD892C0003F2A;2025-07-10;-12.0;-401.66
6BAB5CCC563EAE11BE2110650500135A;FC081C55582CED11A62CD892C0003F2A;2025-07-10;0.0;0.0
81FE346C6CE3DE11ADB310650500DFB8;FC081C55582CED11A62CD892C0003F2A;2025-07-10;-2.0;-302.6
598D11C11B278E11F243BB6505008C3B;FC081C55582CED11A62CD892C0003F2A;2025-07-10;0.0;0.0
CA277CB182F3FE1191EE106505000FB9;FC081C55582CED11A62CD892C0003F2A;2025-07-10;0.0;0.0
8CA04A2DD8D9BE11877210650500D959;FC081C55582CED11A62CD892C0003F2A;2025-07-10;0.0;0.0
02867CB182F3FE1191EE106505000FB9;FC081C55582CED11A62CD892C0003F2A;2025-07-10;0.0;0.0
7994E8A4E315AE11726010650500445A;FC081C55582CED11A62CD892C0003F2A;2025-07-10;-8.0;-374.9
0E78F20DB317DE11C846106505003F6A;FC081C55582CED11A62CD892C0003F2A;2025-07-10;-4.0;-426.36
6438148C2CF0EE114066106505002B4A;FC081C55582CED11A62CD892C0003F2A;2025-07-10;0.0;0.0
F1687BD3689D7E110819BB65050039AA;FC081C55582CED11A62CD892C0003F2A;2025-07-10;0.0;0.0
511CF229863EAE11BE2110650500135A;FC081C55582CED11A62CD892C0003F2A;2025-07-10;0.0;0.0
1059B14A5F582E11052F6792C0007F39;FC081C55582CED11A62CD892C0003F2A;2025-07-10;-2.0;-88.18
BBD752164C63CE118772106505000669;FC081C55582CED11A62CD892C0003F2A;2025-07-10;0.0;0.0
B1A302F8BFE34E1142D58A6505002C08;44673735EAF46E11B7B78A650500BC08;2025-07-10;24.0;3200.16
862352B9AC456E11B7B78A650500BC08;44673735EAF46E11B7B78A650500BC08;2025-07-10;-10.0;-2822.8599999999997
D25559B666767E11B7B78A650500ED08;44673735EAF46E11B7B78A650500BC08;2025-07-10;-2.0;-230.88
7C466A3662251E1143F0668E4200EE89;FC081C55582CED11A62CD892C0003F2A;2025-07-10;10.0;2251.48
D91E050EFCB57E11B7B78A650500ED08;44673735EAF46E11B7B78A650500BC08;2025-07-10;10.0;8012.94
89A3693F2B140F114EF7A826072BBC89;44673735EAF46E11B7B78A650500BC08;2025-07-10;40.0;1376.8
5AF7E649E9456E11B7B78A650500BC08;44673735EAF46E11B7B78A650500BC08;2025-07-10;0.0;0.0
CEFB8EC9C16F9E117260106505000D4A;44673735EAF46E11B7B78A650500BC08;2025-07-10;0.0;0.0
34EDD873C16F9E117260106505000D4A;44673735EAF46E11B7B78A650500BC08;2025-07-10;0.0;0.0
C46C872F2138CE11ADB310650500FFA8;44673735EAF46E11B7B78A650500BC08;2025-07-10;0.0;0.0
85195EE094437E11B7B78A650500DD08;44673735EAF46E11B7B78A650500BC08;2025-07-10;0.0;-1.8189894035458565e-12
3DC184CEB880DE11ADB3106505005BB8;44673735EAF46E11B7B78A650500BC08;2025-07-10;0.0;0.0
F82088B2BA66CE11ADB310650500BDA8;44673735EAF46E11B7B78A650500BC08;2025-07-10;0.0;0.0
DB0116A34E1FCE11ADB31065050039B8;44673735EAF46E11B7B78A650500BC08;2025-07-10;0.0;0.0
4A0FBE434E1FCE11ADB31065050039B8;44673735EAF46E11B7B78A650500BC08;2025-07-10;0.0;0.0
617F69FD9158EE1191EE1065050048B9;44673735EAF46E11B7B78A650500BC08;2025-07-10;0.0;0.0
B51C1CA3F36A6E11B7B78A650500BC08;44673735EAF46E11B7B78A650500BC08;2025-07-10;0.0;0.0
D2BEBE4A7636AE11BE2110650500E84A;44673735EAF46E11B7B78A650500BC08;2025-07-10;0.0;0.0
ECFA9F2B5C440F114EF7A826072BFC89;FC081C55582CED11A62CD892C0003F2A;2025-07-10;0.0;0.0
50090F8B5C440F114EF7A826072BFC89;FC081C55582CED11A62CD892C0003F2A;2025-07-10;0.0;0.0
15C485AB5C440F114EF7A826072BFC89;FC081C55582CED11A62CD892C0003F2A;2025-07-10;0.0;0.0
668585AB5C440F114EF7A826072BFC89;FC081C55582CED11A62CD892C0003F2A;2025-07-10;0.0;0.0
E8192FEB5C440F114EF7A826072BFC89;FC081C55582CED11A62CD892C0003F2A;2025-07-10;0.0;0.0
39D402DBBEB40F114EF7A826072B8D89;B0BDDED34CC83E11052F6792C000B249;2025-07-10;24.0;3796.84
27CD913CBEB40F114EF7A826072B8D89;B0BDDED34CC83E11052F6792C000B249;2025-07-10;72.0;5027.86
302B415CBEB40F114EF7A826072B8D89;B0BDDED34CC83E11052F6792C000B249;2025-07-10;144.0;2210.12
633BB9A978540F114EF7A826072B0D89;B0BDDED34CC83E11052F6792C000B249;2025-07-10;80.0;702.58
253CB9A978540F114EF7A826072B0D89;B0BDDED34CC83E11052F6792C000B249;2025-07-10;120.0;5453.06
577DB9A978540F114EF7A826072B0D89;B0BDDED34CC83E11052F6792C000B249;2025-07-10;120.0;3184.68
338CC4F978540F114EF7A826072B0D89;B0BDDED34CC83E11052F6792C000B249;2025-07-10;240.0;3514.72
838DC4F978540F114EF7A826072B0D89;B0BDDED34CC83E11052F6792C000B249;2025-07-10;120.0;6634.4
3FA13E0A78540F114EF7A826072B0D89;B0BDDED34CC83E11052F6792C000B249;2025-07-10;60.0;5110.88
E455DEF2224DDE11406610650500464A;44673735EAF46E11B7B78A650500BC08;2025-07-10;60.0;6660.0
1CC4C08B04D2FE1191EE106505007DB9;FC081C55582CED11A62CD892C0003F2A;2025-07-10;0.0;0.0
78D3A8D4A74BCE11ADB31065050014B8;FC081C55582CED11A62CD892C0003F2A;2025-07-10;0.0;0.0
D087A72E185D7E110819BB65050039AA;B0BDDED34CC83E11052F6792C000B249;2025-07-10;8.0;1412.56
46917AB011CAED11A62CD892C0003F2A;B0BDDED34CC83E11052F6792C000B249;2025-07-10;6.0;2065.2
A87DFEEE1BDF8E11F243BB650500284B;B0BDDED34CC83E11052F6792C000B249;2025-07-10;8.0;2503.76
1EF5E66C16F1CE118772106505002469;B0BDDED34CC83E11052F6792C000B249;2025-07-10;8.0;2753.6
09CE277B1D5EAE11BE2110650500435A;B0BDDED34CC83E11052F6792C000B249;2025-07-10;8.0;2277.2
2C41062CCAA07E11B7B78A650500CD08;B0BDDED34CC83E11052F6792C000B249;2025-07-10;0.0;0.0
6A16E1512D456E11B7B78A650500BC08;44673735EAF46E11B7B78A650500BC08;2025-07-10;-208.0;-67808.0
F06502DBBEB40F114EF7A826072B8D89;FC081C55582CED11A62CD892C0003F2A;2025-07-10;24.0;3048.48
3B7C930CBEB40F114EF7A826072B8D89;FC081C55582CED11A62CD892C0003F2A;2025-07-10;100.0;494.72
5673E91CBEB40F114EF7A826072B8D89;FC081C55582CED11A62CD892C0003F2A;2025-07-10;200.0;1276.14
AD3C913CBEB40F114EF7A826072B8D89;FC081C55582CED11A62CD892C0003F2A;2025-07-10;216.0;2446.8
27CD913CBEB40F114EF7A826072B8D89;FC081C55582CED11A62CD892C0003F2A;2025-07-10;96.0;6703.82
5CDA415CBEB40F114EF7A826072B8D89;FC081C55582CED11A62CD892C0003F2A;2025-07-10;24.0;5567.22
302B415CBEB40F114EF7A826072B8D89;FC081C55582CED11A62CD892C0003F2A;2025-07-10;144.0;2210.14
E32B76CCE7050F114EF7A826072BED89;B0BDDED34CC83E11052F6792C000B249;2025-07-10;6.0;2091.72
1FE882C764EE4E1142D58A650500BC08;B0BDDED34CC83E11052F6792C000B249;2025-07-10;6.0;2043.18
9E05055FCE3FAE11BE2110650500645A;44673735EAF46E11B7B78A650500BC08;2025-07-10;-4.0;-1560.0
24C9D397E770BE11BE2110650500F55A;44673735EAF46E11B7B78A650500BC08;2025-07-10;-4.0;-569.3
4199B0CC30F5CE11ADB3106505006DA8;44673735EAF46E11B7B78A650500BC08;2025-07-10;-6.0;-951.5999999999999
60EA07B4FC98FE11128010650500D819;B0BDDED34CC83E11052F6792C000B249;2025-07-10;14.0;1596.0
90BA37B92B68FE11128010650500D819;FC081C55582CED11A62CD892C0003F2A;2025-07-10;4.0;2286.68
A616F097CDD9DE11406610650500C14A;FC081C55582CED11A62CD892C0003F2A;2025-07-10;6.0;3360.0
1CD1B3F7FC027E11B7B78A650500CD08;B0BDDED34CC83E11052F6792C000B249;2025-07-10;72.0;3710.16
0501735118730F1158A3BB3DBE8EEB89;44673735EAF46E11B7B78A650500BC08;2025-07-10;4.0;2768.72
B30319B5C422BE11BE2110650500185A;44673735EAF46E11B7B78A650500BC08;2025-07-10;10.0;1823.0
1A3E77918754EE11B1AD10650500C7EA;44673735EAF46E11B7B78A650500BC08;2025-07-10;16.0;6516.16
182978DAFCA50F114EF7A826072BBE89;44673735EAF46E11B7B78A650500BC08;2025-07-10;10.0;6408.0
53F83ECAFCA50F114EF7A826072BBE89;44673735EAF46E11B7B78A650500BC08;2025-07-10;10.0;9864.0
779878DAFCA50F114EF7A826072BBE89;44673735EAF46E11B7B78A650500BC08;2025-07-10;6.0;3283.2
D2A177151EDEFE11F1557891FE69D589;FC081C55582CED11A62CD892C0003F2A;2025-07-10;60.0;6660.0
BF1177151EDEFE11F1557891FE69D589;FC081C55582CED11A62CD892C0003F2A;2025-07-10;100.0;5772.0
BB6F9ED4B8C50F114EF7A826072BDE89;FC081C55582CED11A62CD892C0003F2A;2025-07-10;20.0;1864.8
876277151EDEFE11F1557891FE69D589;FC081C55582CED11A62CD892C0003F2A;2025-07-10;14.0;1616.16
418586B83596DE11ADB31065050053C8;FC081C55582CED11A62CD892C0003F2A;2025-07-10;20.0;3044.4
85725B9EC32ECE11ADB310650500F7B8;FC081C55582CED11A62CD892C0003F2A;2025-07-10;8.0;4046.88
793F9B04488E4E1142D58A650500BC08;FC081C55582CED11A62CD892C0003F2A;2025-07-10;20.0;820.4
C277AB291959FE11128010650500E819;FC081C55582CED11A62CD892C0003F2A;2025-07-10;8.0;3108.64
CD27AB291959FE11128010650500E819;FC081C55582CED11A62CD892C0003F2A;2025-07-10;8.0;3391.2
A049248CF5802E1143F0668E4200C71A;FC081C55582CED11A62CD892C0003F2A;2025-07-10;24.0;3834.96
04851C935D51FD110DC22A92C000DD89;FC081C55582CED11A62CD892C0003F2A;2025-07-10;24.0;2557.92
C7C567BDEDBBEE1191EE1065050029B9;FC081C55582CED11A62CD892C0003F2A;2025-07-10;30.0;1445.6999999999998
857C3D81B119BE11877210650500D859;FC081C55582CED11A62CD892C0003F2A;2025-07-10;6.0;1304.94
F1FE24FA8E9F0E1123F0668E42005B38;FC081C55582CED11A62CD892C0003F2A;2025-07-10;20.0;2185.6
D5897E390586CE11ADB310650500DDA8;44673735EAF46E11B7B78A650500BC08;2025-07-10;-2.0;-407.14
EF94043F73B78E11F243BB6505003D3B;FC081C55582CED11A62CD892C0003F2A;2025-07-10;-2.0;-941.84
04851C935D51FD110DC22A92C000DD89;B0BDDED34CC83E11052F6792C000B249;2025-07-10;12.0;1278.96
C6018428F0CAED11A62CD892C0003F2A;FC081C55582CED11A62CD892C0003F2A;2025-07-10;24.0;3443.76
F523550101CAED11A62CD892C0003F2A;FC081C55582CED11A62CD892C0003F2A;2025-07-10;18.0;4943.700000000001
299D8A173E458E113835BB6505001EAA;FC081C55582CED11A62CD892C0003F2A;2025-07-10;8.0;1026.88
02AD66D925DFEE1191EE10650500A9B9;FC081C55582CED11A62CD892C0003F2A;2025-07-10;6.0;1993.2
BE94EECD76A62E1143F0668E420006EB;FC081C55582CED11A62CD892C0003F2A;2025-07-10;4.0;1441.16
1B5B17FDED71FE1191EE10650500CBB9;FC081C55582CED11A62CD892C0003F2A;2025-07-10;6.0;2877.78
FD582ECA4369DE11C84610650500227A;FC081C55582CED11A62CD892C0003F2A;2025-07-10;8.0;2361.28
00596AE13E456E11B7B78A650500BC08;44673735EAF46E11B7B78A650500BC08;2025-07-10;-2.0;-6940.0
B908AEF57654EE11B1AD10650500C7EA;FC081C55582CED11A62CD892C0003F2A;2025-07-10;0.0;5.684341886080802e-14
F0FB661A5AADEE1191EE1065050029B9;FC081C55582CED11A62CD892C0003F2A;2025-07-10;0.0;0.0
6CF396509098AE11BE2110650500EB4A;FC081C55582CED11A62CD892C0003F2A;2025-07-10;0.0;0.0
AA01FC826FE5DE11ADB31065050082C8;FC081C55582CED11A62CD892C0003F2A;2025-07-10;0.0;0.0
4BA450C8DF0EEE1191EE1065050029B9;FC081C55582CED11A62CD892C0003F2A;2025-07-10;0.0;4.547473508864641e-13
56E9A93546A27E11B7B78A650500DD08;44673735EAF46E11B7B78A650500BC08;2025-07-10;-6.0;-237.0
800A07A13D456E11B7B78A650500BC08;44673735EAF46E11B7B78A650500BC08;2025-07-10;-4.0;-281.28
E40BACBD2D456E11B7B78A650500BC08;44673735EAF46E11B7B78A650500BC08;2025-07-10;-4.0;-138.8
C3AE95736D7DBE118772106505007E59;44673735EAF46E11B7B78A650500BC08;2025-07-10;-2.0;-170.0
01F24C7598C6EE1191EE1065050086B9;44673735EAF46E11B7B78A650500BC08;2025-07-10;4.0;4906.64
E08452BAEF9CEE1191EE1065050029B9;B0BDDED34CC83E11052F6792C000B249;2025-07-10;4.0;480.72
1160F5CB3A2E6E11B7B78A6505003D08;44673735EAF46E11B7B78A650500BC08;2025-07-10;-20.0;-2080.0
E2EDE89211CAED11A62CD892C0003F2A;B0BDDED34CC83E11052F6792C000B249;2025-07-10;6.0;1548.9
30BA1BB79FD1DE11ADB3106505003DB8;FC081C55582CED11A62CD892C0003F2A;2025-07-10;10.0;5379.12
ADE26957F7420F114EF7A826072B6A89;FC081C55582CED11A62CD892C0003F2A;2025-07-10;10.0;1721.1399999999999
4B96A1A5B07AFE11128010650500E819;B0BDDED34CC83E11052F6792C000B249;2025-07-10;4.0;2298.92
7DB322C1AA5DCE11ADB310650500E6B8;FC081C55582CED11A62CD892C0003F2A;2025-07-10;24.0;2952.0
2A2B48450B630F114EF7A826072BDB89;FC081C55582CED11A62CD892C0003F2A;2025-07-10;16.0;2576.0
49AA16490C6A9E115250106505006B4A;FC081C55582CED11A62CD892C0003F2A;2025-07-10;8.0;770.82
30A37BDB0F7DFD11A4A96492C0006D28;FC081C55582CED11A62CD892C0003F2A;2025-07-10;20.0;2638.96
E55E9086BDDC9E11726010650500C94A;FC081C55582CED11A62CD892C0003F2A;2025-07-10;12.0;1272.24
28C421F8CCBBFD11A4A96492C000CB59;FC081C55582CED11A62CD892C0003F2A;2025-07-10;22.0;4398.24
D8549C2DC0CAED11A62CD892C0003F2A;FC081C55582CED11A62CD892C0003F2A;2025-07-10;18.0;3371.76
0BE6BDF7D2EA3E11052F6792C000D249;B0BDDED34CC83E11052F6792C000B249;2025-07-10;10.0;1782.3000000000002
47E2F5E995F00F11112A674AC7E2A889;B0BDDED34CC83E11052F6792C000B249;2025-07-10;4.0;758.96
594939F21CA5FE1191EE1065050041C9;44673735EAF46E11B7B78A650500BC08;2025-07-10;12.0;4092.0
AD8FC812365FFE11F1557891FE697689;FC081C55582CED11A62CD892C0003F2A;2025-07-10;18.0;1288.0800000000002
BF27761AFC07FE1191EE1065050013C9;B0BDDED34CC83E11052F6792C000B249;2025-07-10;4.0;1089.72
2D52CDA3D596DE11ADB31065050053C8;B0BDDED34CC83E11052F6792C000B249;2025-07-10;24.0;320.4
9C8D9C67AAB27E11B7B78A650500DD08;44673735EAF46E11B7B78A650500BC08;2025-07-10;0.0;0.0
929E30827CFA7E110819BB65050039AA;44673735EAF46E11B7B78A650500BC08;2025-07-10;0.0;0.0
4FD97076A709CE11ADB31065050011B8;B0BDDED34CC83E11052F6792C000B249;2025-07-10;2.0;2070.84
ACA6DEB6A709CE11ADB31065050011B8;B0BDDED34CC83E11052F6792C000B249;2025-07-10;4.0;5118.46
1289C4DE9F48FE11128010650500D819;B0BDDED34CC83E11052F6792C000B249;2025-07-10;12.0;1966.08
1783B9296622CE118772106505006469;B0BDDED34CC83E11052F6792C000B249;2025-07-10;12.0;1071.8
7858A06E250DEE1191EE1065050029B9;B0BDDED34CC83E11052F6792C000B249;2025-07-10;4.0;4143.72
67E8E5A1EDF39E115540106505008D3B;B0BDDED34CC83E11052F6792C000B249;2025-07-10;-2.0;-92.96
B440E41D7317DE11C846106505003F6A;44673735EAF46E11B7B78A650500BC08;2025-07-10;4.0;2395.04
6DAB0F43D0CAED11A62CD892C0003F2A;B0BDDED34CC83E11052F6792C000B249;2025-07-10;4.0;325.12
EE1C208DDDBBEE1191EE1065050029B9;B0BDDED34CC83E11052F6792C000B249;2025-07-10;12.0;1917.84
71BB0B09D1047E11B7B78A650500DD08;44673735EAF46E11B7B78A650500BC08;2025-07-10;12.0;2734.04
1B0074D8DB4A6E11B7B78A650500BC08;FC081C55582CED11A62CD892C0003F2A;2025-07-10;6.0;4044.0
B68E808CD07E8E11F243BB650500564B;44673735EAF46E11B7B78A650500BC08;2025-07-10;4.0;1098.84
17F107EA01CAED11A62CD892C0003F2A;B0BDDED34CC83E11052F6792C000B249;2025-07-10;2.0;531.6
2BC1D86E597BAE11BE21106505009F4A;FC081C55582CED11A62CD892C0003F2A;2025-07-10;-24.0;-1185.6
57F9C092BA278E11F243BB6505008C3B;FC081C55582CED11A62CD892C0003F2A;2025-07-10;-4.0;-55.72
A866BB83F2798E11F243BB6505006F3B;FC081C55582CED11A62CD892C0003F2A;2025-07-10;-2.0;-274.06
00D80587C80FEE1191EE1065050029B9;FC081C55582CED11A62CD892C0003F2A;2025-07-10;-2.0;-445.5
CF223CBB0C0F5E1142D58A6505008D08;FC081C55582CED11A62CD892C0003F2A;2025-07-10;-2.0;-444.7
D4F4534219BBCE11ADB310650500A4B8;FC081C55582CED11A62CD892C0003F2A;2025-07-10;-2.0;-255.2
0F64C0443B73FD110DC22A92C000C499;FC081C55582CED11A62CD892C0003F2A;2025-07-10;-2.0;-1694.58
D8DE41C107C4EE11B1AD1065050058EA;FC081C55582CED11A62CD892C0003F2A;2025-07-10;-26.0;-307.41999999999996
8A95CCD4434ACE11ADB310650500A2B8;FC081C55582CED11A62CD892C0003F2A;2025-07-10;-2.0;-208.46
0C17FC7815520F114EF7A826072B7A89;FC081C55582CED11A62CD892C0003F2A;2025-07-10;-4.0;-889.28
143E7C180733FE1191EE106505000EB9;FC081C55582CED11A62CD892C0003F2A;2025-07-10;-2.0;-990.22
82E294B85F54DE11ADB31065050080C8;FC081C55582CED11A62CD892C0003F2A;2025-07-10;-4.0;-268.68
3D77263A378B3E11052F6792C000D249;FC081C55582CED11A62CD892C0003F2A;2025-07-10;-34.0;-1182.86
4C6B3F2906A5DE11ADB31065050022C8;FC081C55582CED11A62CD892C0003F2A;2025-07-10;-2.0;-1144.86
A29DE472E0CAED11A62CD892C0003F2A;FC081C55582CED11A62CD892C0003F2A;2025-07-10;-4.0;-1591.52
8837CD6E94CBCE11ADB310650500B4B8;FC081C55582CED11A62CD892C0003F2A;2025-07-10;-2.0;-796.0
984F7C972D9EFE11F1557891FE698589;FC081C55582CED11A62CD892C0003F2A;2025-07-10;-2.0;-114.04
AF511FFF41CAED11A62CD892C0003F2A;FC081C55582CED11A62CD892C0003F2A;2025-07-10;-2.0;-347.72
E77E119F66137E11B7B78A650500DD08;FC081C55582CED11A62CD892C0003F2A;2025-07-10;-4.0;-71.34
2FBDE941BE31FE1191EE106505007BB9;FC081C55582CED11A62CD892C0003F2A;2025-07-10;-4.0;-676.38
9B754762F0CAED11A62CD892C0003F2A;FC081C55582CED11A62CD892C0003F2A;2025-07-10;-2.0;-1108.48
FAE00D88A0CAED11A62CD892C0003F2A;FC081C55582CED11A62CD892C0003F2A;2025-07-10;-4.0;-294.08
F93465D731CAED11A62CD892C0003F2A;FC081C55582CED11A62CD892C0003F2A;2025-07-10;-2.0;-481.78
8C4CDDD3365C1E1143F0668E4200502B;FC081C55582CED11A62CD892C0003F2A;2025-07-10;-2.0;-254.76
52142963BDD1DE11ADB3106505003DB8;FC081C55582CED11A62CD892C0003F2A;2025-07-10;-2.0;-839.54
E9A6CC0E5DC2DE11ADB3106505006EB8;FC081C55582CED11A62CD892C0003F2A;2025-07-10;-4.0;-709.6
E8555DE604D7EE1191EE1065050097B9;FC081C55582CED11A62CD892C0003F2A;2025-07-10;-12.0;-445.8
E5917AB011CAED11A62CD892C0003F2A;FC081C55582CED11A62CD892C0003F2A;2025-07-10;-2.0;-1008.62
2AD8B73C1255FE1191EE10650500D0C9;FC081C55582CED11A62CD892C0003F2A;2025-07-10;-2.0;-79.62
08D33220EDE3DE11ADB310650500DFB8;FC081C55582CED11A62CD892C0003F2A;2025-07-10;-2.0;-194.48
9EF3128D98C6DE11C84610650500DE6A;FC081C55582CED11A62CD892C0003F2A;2025-07-10;-2.0;-10.08
ED1DAC91BD010F11112A674AC7E2C889;FC081C55582CED11A62CD892C0003F2A;2025-07-10;-2.0;-809.86
1A37955D82C5EE1191EE1065050045B9;FC081C55582CED11A62CD892C0003F2A;2025-07-10;-26.0;-1612.0
48B5C2EF3A2D8E11F243BB650500A44B;FC081C55582CED11A62CD892C0003F2A;2025-07-10;-4.0;-639.52
4B3F22AA137C1E1143F0668E4200502B;FC081C55582CED11A62CD892C0003F2A;2025-07-10;-8.0;-69.96
B096DD9944425E1142D58A650500DC08;FC081C55582CED11A62CD892C0003F2A;2025-07-10;-4.0;-412.9
9F742C7668415E1142D58A650500BC08;FC081C55582CED11A62CD892C0003F2A;2025-07-10;-2.0;-170.42
89347A1E8076DE11ADB31065050023C8;FC081C55582CED11A62CD892C0003F2A;2025-07-10;-2.0;-295.82
D8C421F8CCBBFD11A4A96492C000CB59;FC081C55582CED11A62CD892C0003F2A;2025-07-10;-2.0;-505.46
82C57B44E5079E11554010650500814B;FC081C55582CED11A62CD892C0003F2A;2025-07-10;-2.0;-216.5
5E1B0AEBD1CAED11A62CD892C0003F2A;FC081C55582CED11A62CD892C0003F2A;2025-07-10;-14.0;-768.74
31ADEA7CEB8DED11A62CD892C0003F2A;FC081C55582CED11A62CD892C0003F2A;2025-07-10;-2.0;-411.02
C58FC32CCA9EFE11F1557891FE698589;FC081C55582CED11A62CD892C0003F2A;2025-07-10;-14.0;-598.5
0B1F6EDA63E61E1143F0668E4200EE89;FC081C55582CED11A62CD892C0003F2A;2025-07-10;-6.0;-143.94
36217389A566FE1191EE1065050032C9;FC081C55582CED11A62CD892C0003F2A;2025-07-10;-4.0;-434.8
F059B7392BD92E11052F6792C0007F39;FC081C55582CED11A62CD892C0003F2A;2025-07-10;-6.0;-632.4000000000001
5EEBC9DDC877EE1191EE1065050027B9;FC081C55582CED11A62CD892C0003F2A;2025-07-10;-3.6;-925.5600000000001
446C9C199B427E11B7B78A650500CD08;FC081C55582CED11A62CD892C0003F2A;2025-07-10;-8.0;-1750.82
2EEA27E838050F114EF7A826072BED89;FC081C55582CED11A62CD892C0003F2A;2025-07-10;-4.0;-583.2
D81312B681365E1142D58A650500DC08;FC081C55582CED11A62CD892C0003F2A;2025-07-10;-6.0;-1550.88
6FF3317E395EDE11406610650500C74A;FC081C55582CED11A62CD892C0003F2A;2025-07-10;-2.0;-614.48
D657E4E7D7050F114EF7A826072BED89;FC081C55582CED11A62CD892C0003F2A;2025-07-10;-2.0;-165.58
ECEC9DCF76640F114EF7A826072B1D89;FC081C55582CED11A62CD892C0003F2A;2025-07-10;-2.0;-117.22
AED5F47349CE8E11F243BB650500C64B;FC081C55582CED11A62CD892C0003F2A;2025-07-10;-4.0;-235.68
9BC8B5451A134E1142D58A6505001C08;FC081C55582CED11A62CD892C0003F2A;2025-07-10;-6.0;-2214.0
4E097A5C2F10FE1191EE106505000AB9;FC081C55582CED11A62CD892C0003F2A;2025-07-10;-2.0;-39.96
F219196249FEDE11406610650500984A;FC081C55582CED11A62CD892C0003F2A;2025-07-10;-2.0;-148.3
893445CCFFDECE11ADB310650500E8B8;FC081C55582CED11A62CD892C0003F2A;2025-07-10;-4.0;-132.0
54A8AA60CBE1EE114066106505006C4A;FC081C55582CED11A62CD892C0003F2A;2025-07-10;-2.0;-35.74
4B1AABC9544DEE1191EE1065050029B9;FC081C55582CED11A62CD892C0003F2A;2025-07-10;-2.0;-76.96
420181BB9D1DDE11406610650500164A;FC081C55582CED11A62CD892C0003F2A;2025-07-10;-2.0;-29.92
CC5A4B7A80FB9E11726010650500984A;FC081C55582CED11A62CD892C0003F2A;2025-07-10;-2.0;-118.12
BCD5D6068B50EE114066106505005A4A;FC081C55582CED11A62CD892C0003F2A;2025-07-10;-4.0;-73.78
F53EFFEB7B65EE11B1AD1065050039EA;FC081C55582CED11A62CD892C0003F2A;2025-07-10;-2.0;-141.8
28FCF0FDA06AEE1191EE1065050009B9;FC081C55582CED11A62CD892C0003F2A;2025-07-10;-2.0;-86.22
651E7207F7DD8E11F243BB650500954B;FC081C55582CED11A62CD892C0003F2A;2025-07-10;-4.0;-56.0
1F8C795087E10F114EF7A826072BE989;FC081C55582CED11A62CD892C0003F2A;2025-07-10;-4.0;-345.82
71A4D6731BA2EE11B1AD10650500A5EA;FC081C55582CED11A62CD892C0003F2A;2025-07-10;-8.0;-953.1800000000001
1DF69640EA5D7E110819BB65050039AA;FC081C55582CED11A62CD892C0003F2A;2025-07-10;-2.0;-233.34
8DB542AE5B3BBE118772106505009B59;FC081C55582CED11A62CD892C0003F2A;2025-07-10;-4.0;-188.94
81CB94DF01BB8E11F243BB650500424B;FC081C55582CED11A62CD892C0003F2A;2025-07-10;-4.0;-383.32
22C914DF2364EE11B1AD10650500D7EA;FC081C55582CED11A62CD892C0003F2A;2025-07-10;-2.0;-107.52
85A9AFA771500F11F1557891FE69B789;FC081C55582CED11A62CD892C0003F2A;2025-07-10;-2.0;-38.0
66A9D70841AD7E110819BB65050039AA;FC081C55582CED11A62CD892C0003F2A;2025-07-10;-4.0;-591.88
3FA9E7AFC19EBE11877210650500DF59;FC081C55582CED11A62CD892C0003F2A;2025-07-10;-24.0;-668.6400000000001
86D77E229DF59E11554010650500304B;FC081C55582CED11A62CD892C0003F2A;2025-07-10;-4.0;-484.4
6B23154BEAA07E11B7B78A650500CD08;FC081C55582CED11A62CD892C0003F2A;2025-07-10;-2.0;-254.0
9A5D87D7A0F60E11A4A96492C0007BF8;FC081C55582CED11A62CD892C0003F2A;2025-07-10;-2.0;-569.48
89EBF510F76DCE11ADB310650500F6B8;FC081C55582CED11A62CD892C0003F2A;2025-07-10;-16.0;-816.32
E5F2F3F1608E1E1143F0668E4200502B;FC081C55582CED11A62CD892C0003F2A;2025-07-10;-2.0;-215.92
77839369B4E88E11F243BB650500BE3B;FC081C55582CED11A62CD892C0003F2A;2025-07-10;-4.0;-969.24
4AB6728265CB2E11052F6792C000CF39;FC081C55582CED11A62CD892C0003F2A;2025-07-10;-2.0;-366.26
3CC5901E320CAE11BE2110650500405A;FC081C55582CED11A62CD892C0003F2A;2025-07-10;-6.0;-1483.34
AF97BF35F7EDDE11406610650500174A;FC081C55582CED11A62CD892C0003F2A;2025-07-10;-2.0;-297.04
C34D97DEAB297E110819BB65050009AA;FC081C55582CED11A62CD892C0003F2A;2025-07-10;-2.0;-2074.94
94CF5FCF20CAED11A62CD892C0003F2A;FC081C55582CED11A62CD892C0003F2A;2025-07-10;-6.0;-372.0
A94B992975456E11B7B78A650500BC08;FC081C55582CED11A62CD892C0003F2A;2025-07-10;-2.0;-503.56
E22EB622E35AAE11BE21106505002E4A;FC081C55582CED11A62CD892C0003F2A;2025-07-10;-4.0;-1360.8
08AA90AB0C6A9E115250106505006B4A;FC081C55582CED11A62CD892C0003F2A;2025-07-10;-2.0;-941.52
83C9E140C24F6E11B7B78A650500CD08;FC081C55582CED11A62CD892C0003F2A;2025-07-10;-2.0;-222.56
093EEB9E7CD9FD11A4A96492C0006F3B;FC081C55582CED11A62CD892C0003F2A;2025-07-10;-2.0;-121.3
7B97F7893131FE1191EE106505006BB9;FC081C55582CED11A62CD892C0003F2A;2025-07-10;-2.0;-739.12
39767FA96A1B8E11F243BB650500814B;FC081C55582CED11A62CD892C0003F2A;2025-07-10;-2.0;-303.18
6EB0D41686C9DE11406610650500A14A;FC081C55582CED11A62CD892C0003F2A;2025-07-10;-2.0;-166.42
E02476B08092DE11ADB3106505001EB8;FC081C55582CED11A62CD892C0003F2A;2025-07-10;-2.0;-168.74
85C21AAA47AACE11ADB31065050023B8;FC081C55582CED11A62CD892C0003F2A;2025-07-10;-4.0;-144.82
B1E8CA5501CAED11A62CD892C0003F2A;FC081C55582CED11A62CD892C0003F2A;2025-07-10;-2.0;-336.6
26E4AC35687CCE11ADB310650500B5B8;FC081C55582CED11A62CD892C0003F2A;2025-07-10;-2.0;-58.86
15186898638ADE11406610650500924A;FC081C55582CED11A62CD892C0003F2A;2025-07-10;-2.0;-218.2
CF3D433B68363E11052F6792C000FF39;FC081C55582CED11A62CD892C0003F2A;2025-07-10;-2.0;-84.92
AF3DA5F1984CEE1191EE1065050029B9;FC081C55582CED11A62CD892C0003F2A;2025-07-10;-2.0;-1567.06
5B688D8BB5B9CE11ADB310650500F1B8;FC081C55582CED11A62CD892C0003F2A;2025-07-10;-2.0;-7.22
A059B14A5F582E11052F6792C0007F39;FC081C55582CED11A62CD892C0003F2A;2025-07-10;-4.0;-286.14
414EE78DC4F8AE11BE21106505006C4A;FC081C55582CED11A62CD892C0003F2A;2025-07-10;-2.0;-3664.5
968BFB301256BE118772106505005559;FC081C55582CED11A62CD892C0003F2A;2025-07-10;-12.0;-1104.2
B0A6B7DB01CAED11A62CD892C0003F2A;FC081C55582CED11A62CD892C0003F2A;2025-07-10;-2.0;-223.62
F1200B10E246AE11BE2110650500F84A;FC081C55582CED11A62CD892C0003F2A;2025-07-10;-2.0;-336.6
7E10A66FC2D94E1142D58A6505009C08;FC081C55582CED11A62CD892C0003F2A;2025-07-10;-2.0;-162.0
40418A6C97D40F114EF7A826072BAD89;FC081C55582CED11A62CD892C0003F2A;2025-07-10;-2.0;-230.56
FB1B0AEBD1CAED11A62CD892C0003F2A;FC081C55582CED11A62CD892C0003F2A;2025-07-10;-4.0;-267.86
C2D8DB9A0CF23E11052F6792C000CF39;FC081C55582CED11A62CD892C0003F2A;2025-07-10;-6.0;-437.18
679030CE3F08DE11C84610650500707A;FC081C55582CED11A62CD892C0003F2A;2025-07-10;-2.0;-1024.58
F25F5861F1251E1143F0668E4200EE89;FC081C55582CED11A62CD892C0003F2A;2025-07-10;-2.0;-548.46
498AE5A855130F114EF7A826072B6B89;FC081C55582CED11A62CD892C0003F2A;2025-07-10;-2.0;-253.52
8928ED19CC8EFE11F1557891FE697589;FC081C55582CED11A62CD892C0003F2A;2025-07-10;-6.0;-1590.0
844952EAAF05EE11B1AD10650500B8EA;FC081C55582CED11A62CD892C0003F2A;2025-07-10;-2.0;-628.32
005BCFB931CAED11A62CD892C0003F2A;FC081C55582CED11A62CD892C0003F2A;2025-07-10;-2.0;-202.14
C8EAE4FFCB804E1142D58A650500DB08;FC081C55582CED11A62CD892C0003F2A;2025-07-10;-8.0;-890.98
258012EF43E3DE11ADB310650500CFB8;FC081C55582CED11A62CD892C0003F2A;2025-07-10;-8.0;-842.0
0066EFC36833BE11BE2110650500795A;FC081C55582CED11A62CD892C0003F2A;2025-07-10;-4.0;-89.8
B152CB7184EBDE11406610650500744A;FC081C55582CED11A62CD892C0003F2A;2025-07-10;-2.0;-300.08
380519DFC0CAED11A62CD892C0003F2A;FC081C55582CED11A62CD892C0003F2A;2025-07-10;-4.0;-767.32
99467BC187CBCE11ADB310650500B4B8;FC081C55582CED11A62CD892C0003F2A;2025-07-10;-4.0;-379.18
CC12452A3E263E11052F6792C000FF39;FC081C55582CED11A62CD892C0003F2A;2025-07-10;-2.0;-115.98
E622FEFDF11ADE11406610650500024A;FC081C55582CED11A62CD892C0003F2A;2025-07-10;-4.0;-2021.68
AE2C2B8E46971E1143F0668E42006B8B;FC081C55582CED11A62CD892C0003F2A;2025-07-10;-6.0;-1049.52
3BB997867E089E11554010650500D24B;FC081C55582CED11A62CD892C0003F2A;2025-07-10;-2.0;-1200.0
B50CC478AB547E11B7B78A650500ED08;FC081C55582CED11A62CD892C0003F2A;2025-07-10;-2.0;-891.64
FDF79818D5482E11052F6792C0007F39;FC081C55582CED11A62CD892C0003F2A;2025-07-10;-2.0;-203.5
BAA39A798D36DE11ADB310650500E2C8;FC081C55582CED11A62CD892C0003F2A;2025-07-10;-2.0;-222.1
959C186DC1A76E11B7B78A650500BC08;FC081C55582CED11A62CD892C0003F2A;2025-07-10;-4.0;-689.44
48904BBEC0CAED11A62CD892C0003F2A;FC081C55582CED11A62CD892C0003F2A;2025-07-10;-4.0;-552.76
BFF594A2A3735E1142D58A650500DC08;FC081C55582CED11A62CD892C0003F2A;2025-07-10;-2.0;-169.72
E9A3E38B6E80FE1191EE106505009AB9;FC081C55582CED11A62CD892C0003F2A;2025-07-10;-2.0;-2142.06
133286D081649E115540106505000E3B;FC081C55582CED11A62CD892C0003F2A;2025-07-10;-2.0;-935.34
AE9C07BF37F8FE11128010650500D819;FC081C55582CED11A62CD892C0003F2A;2025-07-10;-4.0;-1647.0
37455139187CCE11ADB310650500B5B8;FC081C55582CED11A62CD892C0003F2A;2025-07-10;-4.0;-117.72
A289CCE11C540F114EF7A826072B0D89;FC081C55582CED11A62CD892C0003F2A;2025-07-10;-4.0;-1927.12
251FCB9C58A40F114EF7A826072B6D89;FC081C55582CED11A62CD892C0003F2A;2025-07-10;-2.0;-472.0
259ADB0D222DFE11F1557891FE69A389;FC081C55582CED11A62CD892C0003F2A;2025-07-10;-2.0;-122.4
5EFF4BD24579FE11128010650500E819;FC081C55582CED11A62CD892C0003F2A;2025-07-10;-4.0;-117.72
01A6AB6DE9E2FE1191EE10650500ADB9;FC081C55582CED11A62CD892C0003F2A;2025-07-10;-2.0;-77.28
63FDBD05B4C7DE11C84610650500107A;FC081C55582CED11A62CD892C0003F2A;2025-07-10;-2.0;-316.3
C486995474054E1142D58A6505002C08;FC081C55582CED11A62CD892C0003F2A;2025-07-10;-2.0;-155.44
9AB7B86A0EE4AE11726010650500145A;FC081C55582CED11A62CD892C0003F2A;2025-07-10;-6.0;-160.58
C5E65BB057AEEE1191EE1065050029B9;FC081C55582CED11A62CD892C0003F2A;2025-07-10;-4.0;-318.76
E79C592ACED4DE11ADB31065050021C8;FC081C55582CED11A62CD892C0003F2A;2025-07-10;-2.0;-329.4
22B11C78C0148E113835BB6505008CAA;FC081C55582CED11A62CD892C0003F2A;2025-07-10;-2.0;-445.22
CE81543543D0DE11ADB310650500BBB8;FC081C55582CED11A62CD892C0003F2A;2025-07-10;-2.0;-186.76
8F08E9D401CAED11A62CD892C0003F2A;B0BDDED34CC83E11052F6792C000B249;2025-07-10;-4.0;-297.0
90F3CF67C79ACE11ADB31065050013B8;B0BDDED34CC83E11052F6792C000B249;2025-07-10;-4.0;-412.1
3269105502CAED11A62CD892C0003F2A;B0BDDED34CC83E11052F6792C000B249;2025-07-10;-2.0;-458.24
EBCB0E913EDBBE118772106505006C59;B0BDDED34CC83E11052F6792C000B249;2025-07-10;-2.0;-416.86
C5F10FA30C229E115540106505003B3B;B0BDDED34CC83E11052F6792C000B249;2025-07-10;-2.0;-234.56
647732FC5CFFFE11F1557891FE694789;B0BDDED34CC83E11052F6792C000B249;2025-07-10;-10.0;-440.0
2E7AE34FE0CAED11A62CD892C0003F2A;B0BDDED34CC83E11052F6792C000B249;2025-07-10;-2.0;-221.62
FE4D0478A66E0E1143F0668E42001D49;B0BDDED34CC83E11052F6792C000B249;2025-07-10;-2.0;-226.0
72AD0751FFC7DE11C84610650500207A;B0BDDED34CC83E11052F6792C000B249;2025-07-10;-10.0;-255.0
8CB12BC9C6838E113835BB6505000CAA;B0BDDED34CC83E11052F6792C000B249;2025-07-10;-2.0;-168.78
690D640201CAED11A62CD892C0003F2A;B0BDDED34CC83E11052F6792C000B249;2025-07-10;-2.0;-65.88
84FCED0AEE144E1142D58A6505002C08;B0BDDED34CC83E11052F6792C000B249;2025-07-10;-20.0;-847.36
8BA429E20E6E8E11F243BB650500564B;B0BDDED34CC83E11052F6792C000B249;2025-07-10;-16.0;-648.48
C90D640201CAED11A62CD892C0003F2A;B0BDDED34CC83E11052F6792C000B249;2025-07-10;-4.0;-144.86
B0C930DBBD1EFE11F1557891FE69E489;B0BDDED34CC83E11052F6792C000B249;2025-07-10;-2.0;-627.14
E805CF93FDFEEE1191EE1065050029B9;B0BDDED34CC83E11052F6792C000B249;2025-07-10;-4.0;-247.12
81B9374B2361AE117260106505009F4A;B0BDDED34CC83E11052F6792C000B249;2025-07-10;-2.0;-697.0
11A5F78144AF6E11B7B78A650500CD08;B0BDDED34CC83E11052F6792C000B249;2025-07-10;-2.0;-621.76
1CCBC1A83A2D8E11F243BB650500A44B;B0BDDED34CC83E11052F6792C000B249;2025-07-10;-2.0;-152.22
878B364FF69E9E117260106505000C4A;B0BDDED34CC83E11052F6792C000B249;2025-07-10;-2.0;-327.04
40818328B30ACE11ADB31065050052B8;B0BDDED34CC83E11052F6792C000B249;2025-07-10;-2.0;-845.5
AED5F47349CE8E11F243BB650500C64B;B0BDDED34CC83E11052F6792C000B249;2025-07-10;-2.0;-117.84
8FB3EB21069CEE1191EE1065050029B9;B0BDDED34CC83E11052F6792C000B249;2025-07-10;-2.0;-112.18
83C713B23364EE11B1AD10650500D7EA;B0BDDED34CC83E11052F6792C000B249;2025-07-10;-2.0;-75.36
D608C2617203EE11B1AD1065050016EA;B0BDDED34CC83E11052F6792C000B249;2025-07-10;-2.0;-138.66
6F2A31A4AE58BE11877210650500F759;B0BDDED34CC83E11052F6792C000B249;2025-07-10;-6.0;-463.32
7C990BED90CAED11A62CD892C0003F2A;B0BDDED34CC83E11052F6792C000B249;2025-07-10;-6.0;-1519.26
7916621B97E88E11F243BB650500BE3B;B0BDDED34CC83E11052F6792C000B249;2025-07-10;-2.0;-107.32
7BC72737F076EE1191EE1065050026B9;B0BDDED34CC83E11052F6792C000B249;2025-07-10;-4.0;-206.56
B8223E2771125E1142D58A650500DC08;B0BDDED34CC83E11052F6792C000B249;2025-07-10;-2.0;-72.54
6A0D640201CAED11A62CD892C0003F2A;B0BDDED34CC83E11052F6792C000B249;2025-07-10;-2.0;-299.8
DFD3CA5EC7E97E110819BB65050019AA;B0BDDED34CC83E11052F6792C000B249;2025-07-10;-2.0;-377.88
9BA37D6F530F2E11052F6792C000CF39;B0BDDED34CC83E11052F6792C000B249;2025-07-10;-2.0;-373.66
569D7A7FEF986E11B7B78A650500BC08;B0BDDED34CC83E11052F6792C000B249;2025-07-10;-16.0;-332.15999999999997
44F5DE95BE2AFE11128010650500E819;B0BDDED34CC83E11052F6792C000B249;2025-07-10;-2.0;-226.58
38623EA4F9BCEE1191EE1065050029B9;B0BDDED34CC83E11052F6792C000B249;2025-07-10;-2.0;-3349.52
B0BE32FD2D783E11052F6792C000B249;B0BDDED34CC83E11052F6792C000B249;2025-07-10;-2.0;-531.6
1630EF96DB63CE118772106505000669;B0BDDED34CC83E11052F6792C000B249;2025-07-10;-2.0;-118.7
D596351023CCCE11ADB31065050016B8;B0BDDED34CC83E11052F6792C000B249;2025-07-10;-2.0;-254.3
01EB9770F1B0EE11406610650500CA4A;B0BDDED34CC83E11052F6792C000B249;2025-07-10;-10.0;-489.08
D2704B74F5C0BE11BE2110650500565A;B0BDDED34CC83E11052F6792C000B249;2025-07-10;-2.0;-123.62
B22512F5B596DE11ADB31065050053C8;B0BDDED34CC83E11052F6792C000B249;2025-07-10;-2.0;-233.94
76D9847273D0DE11ADB310650500BBB8;B0BDDED34CC83E11052F6792C000B249;2025-07-10;-20.0;-320.6
F23807BE5DE0CE11877210650500D269;B0BDDED34CC83E11052F6792C000B249;2025-07-10;-4.0;-400.74
79C67A9CC0CAED11A62CD892C0003F2A;B0BDDED34CC83E11052F6792C000B249;2025-07-10;-2.0;-146.56
78D315251F70DE11ADB3106505004BB8;B0BDDED34CC83E11052F6792C000B249;2025-07-10;-4.0;-214.34
D1127B2DE79FFE11F1557891FE69C689;B0BDDED34CC83E11052F6792C000B249;2025-07-10;-2.0;-176.92
50A39B4ED0CAED11A62CD892C0003F2A;B0BDDED34CC83E11052F6792C000B249;2025-07-10;-4.0;-1670.08
669AC1A77C3FFE11F1557891FE695689;B0BDDED34CC83E11052F6792C000B249;2025-07-10;-2.0;-685.7
F0D9FBED66C33E11052F6792C000EF39;B0BDDED34CC83E11052F6792C000B249;2025-07-10;-2.0;-1418.46
152EE55D2640FE1191EE106505003AB9;B0BDDED34CC83E11052F6792C000B249;2025-07-10;-2.0;-198.52
D8403F139A248E113835BB650500ACAA;B0BDDED34CC83E11052F6792C000B249;2025-07-10;-2.0;-187.9
52F06262B0A1EE11406610650500FB4A;B0BDDED34CC83E11052F6792C000B249;2025-07-10;-2.0;-278.4
8D98766BFB663E11052F6792C000FF39;B0BDDED34CC83E11052F6792C000B249;2025-07-10;-2.0;-89.96
F4EA054C1A5FFE11F1557891FE697689;B0BDDED34CC83E11052F6792C000B249;2025-07-10;-2.0;-101.0
6E4FA836229EBE11877210650500DF59;B0BDDED34CC83E11052F6792C000B249;2025-07-10;-6.0;-158.82
BE4D455DE0CAED11A62CD892C0003F2A;B0BDDED34CC83E11052F6792C000B249;2025-07-10;-4.0;-574.12
DC29F20C3104FE1191EE106505001FB9;B0BDDED34CC83E11052F6792C000B249;2025-07-10;-2.0;-34.0
54AD5BE6D77CCE11ADB310650500B5B8;B0BDDED34CC83E11052F6792C000B249;2025-07-10;-4.0;-117.72
5A2301FC1443FE1191EE106505001EB9;B0BDDED34CC83E11052F6792C000B249;2025-07-10;-12.0;-961.26
63FDBD05B4C7DE11C84610650500107A;B0BDDED34CC83E11052F6792C000B249;2025-07-10;-2.0;-332.6
2143955E5DE0CE11877210650500D269;B0BDDED34CC83E11052F6792C000B249;2025-07-10;-2.0;-187.7
60A1AC97DDE1EE114066106505006C4A;B0BDDED34CC83E11052F6792C000B249;2025-07-10;-2.0;-186.8
773E4EDC39667E11B7B78A650500ED08;B0BDDED34CC83E11052F6792C000B249;2025-07-10;-2.0;-109.82
B24285D780B2CE118772106505001569;B0BDDED34CC83E11052F6792C000B249;2025-07-10;-2.0;-236.74
82331755AF2DBE118772106505001E59;B0BDDED34CC83E11052F6792C000B249;2025-07-10;-2.0;-729.76
45587A2041CAED11A62CD892C0003F2A;B0BDDED34CC83E11052F6792C000B249;2025-07-10;-2.0;-528.2
38D310796A787E110819BB65050009AA;B0BDDED34CC83E11052F6792C000B249;2025-07-10;-2.0;-527.32
08C1CF1F1003DE11ADB310650500AEB8;B0BDDED34CC83E11052F6792C000B249;2025-07-10;-20.0;-116.54
62590D9CCDBDCE11ADB31065050077B8;B0BDDED34CC83E11052F6792C000B249;2025-07-10;-8.0;-861.66
5FBC3D8B0F7E4E1142D58A650500BC08;B0BDDED34CC83E11052F6792C000B249;2025-07-10;-4.0;-1783.28
92A0CF3DD9FC9E11726010650500E94A;B0BDDED34CC83E11052F6792C000B249;2025-07-10;-2.0;-82.16
F038B989268EFE11F1557891FE696589;B0BDDED34CC83E11052F6792C000B249;2025-07-10;-6.0;-480.0
7ADCB0AF7068FE11128010650500D819;B0BDDED34CC83E11052F6792C000B249;2025-07-10;-2.0;-183.32
D08AC681BCACEE1191EE1065050029B9;B0BDDED34CC83E11052F6792C000B249;2025-07-10;-2.0;-1049.5
F7EEFA3F2F43FE1191EE106505002EB9;B0BDDED34CC83E11052F6792C000B249;2025-07-10;-2.0;-324.0
4B5EFC1702CAED11A62CD892C0003F2A;B0BDDED34CC83E11052F6792C000B249;2025-07-10;-2.0;-572.1
FD6B45A841B0EE11406610650500CA4A;B0BDDED34CC83E11052F6792C000B249;2025-07-10;-2.0;-34.6
A079393B24D99E11525010650500AA4A;B0BDDED34CC83E11052F6792C000B249;2025-07-10;-2.0;-693.58
4ABF0CE7256EEE1191EE1065050029B9;B0BDDED34CC83E11052F6792C000B249;2025-07-10;-2.0;-160.0
3C850F5EEB6DFE11F1557891FE690489;B0BDDED34CC83E11052F6792C000B249;2025-07-10;-2.0;-359.8
5B9DD252C7300F11F1557891FE699789;B0BDDED34CC83E11052F6792C000B249;2025-07-10;-4.0;-266.52
2A322D630C20FE1191EE106505001AB9;B0BDDED34CC83E11052F6792C000B249;2025-07-10;-2.0;-376.58
7CEF38518FE1FE1191EE106505005CB9;B0BDDED34CC83E11052F6792C000B249;2025-07-10;-2.0;-112.08
AFF0C7FFF0CAED11A62CD892C0003F2A;B0BDDED34CC83E11052F6792C000B249;2025-07-10;-2.0;-245.62
799C8EE9F7BAFE11128010650500E819;44673735EAF46E11B7B78A650500BC08;2025-07-10;-4.0;-102.4
1CCCB1E663039E115540106505004C3B;44673735EAF46E11B7B78A650500BC08;2025-07-10;-2.0;-102.94
2D2E28F837B1CE11877210650500D369;44673735EAF46E11B7B78A650500BC08;2025-07-10;-2.0;-4040.74
A2C76B849C456E11B7B78A650500BC08;44673735EAF46E11B7B78A650500BC08;2025-07-10;-2.0;-136.98
7395F55B3BD6AE11BE2110650500B94A;44673735EAF46E11B7B78A650500BC08;2025-07-10;-10.0;-1700.0
4542FD2ED1F1BE11BE2110650500D75A;44673735EAF46E11B7B78A650500BC08;2025-07-10;-4.0;-2491.58
A6ACAC2CED456E11B7B78A650500BC08;44673735EAF46E11B7B78A650500BC08;2025-07-10;-6.0;-799.1999999999999
A39D371F46CCDE11406610650500A54A;44673735EAF46E11B7B78A650500BC08;2025-07-10;-4.0;-260.70000000000005
E5F6F7B29972EE114066106505001D4A;44673735EAF46E11B7B78A650500BC08;2025-07-10;-4.0;-213.6
A867B4052CFA7E110819BB65050039AA;44673735EAF46E11B7B78A650500BC08;2025-07-10;-2.0;-628.62
518E5826E528CE11ADB310650500EFA8;44673735EAF46E11B7B78A650500BC08;2025-07-10;-2.0;-108.08
90E14EAA73C2FE1191EE106505006DB9;44673735EAF46E11B7B78A650500BC08;2025-07-10;-4.0;-118.3
AC26195195D3EE11B1AD1065050027EA;44673735EAF46E11B7B78A650500BC08;2025-07-10;-2.0;-183.32
1279180DBFFD9E117260106505004B4A;44673735EAF46E11B7B78A650500BC08;2025-07-10;-2.0;-800.0
8D7D0EA7FC9F7E110819BB65050039AA;44673735EAF46E11B7B78A650500BC08;2025-07-10;-6.0;-82.44
FCFC974FF1CF7E110819BB65050039AA;44673735EAF46E11B7B78A650500BC08;2025-07-10;-2.0;-37.0
7C361686AC456E11B7B78A650500BC08;44673735EAF46E11B7B78A650500BC08;2025-07-10;-14.0;-534.98
717F6CB6AA517E11B7B78A650500CD08;44673735EAF46E11B7B78A650500BC08;2025-07-10;-2.0;-605.08
A64AD3A5EBE5AE11BE2110650500884A;44673735EAF46E11B7B78A650500BC08;2025-07-10;-8.0;-585.2
062352B9AC456E11B7B78A650500BC08;44673735EAF46E11B7B78A650500BC08;2025-07-10;-2.0;-181.26
620DED1F3C456E11B7B78A650500BC08;44673735EAF46E11B7B78A650500BC08;2025-07-10;-2.0;-340.0
4928B01D0C5CCE11ADB31065050095B8;44673735EAF46E11B7B78A650500BC08;2025-07-10;-2.0;-615.38
9669C44B146B3E11052F6792C000D249;44673735EAF46E11B7B78A650500BC08;2025-07-10;-8.0;-479.76
E7C811787DECEE1191EE1065050029B9;44673735EAF46E11B7B78A650500BC08;2025-07-10;-2.0;-889.7
038D06F01651AE117260106505008F4A;44673735EAF46E11B7B78A650500BC08;2025-07-10;-2.0;-236.72
50C5BD4522606E1142D58A650500AD08;44673735EAF46E11B7B78A650500BC08;2025-07-10;-2.0;-210.72
BBC2D8122D456E11B7B78A650500BC08;44673735EAF46E11B7B78A650500BC08;2025-07-10;-6.0;-459.0
DF9760CE1A7D2E11052F6792C000CF39;44673735EAF46E11B7B78A650500BC08;2025-07-10;-4.0;-232.4
FEB6649C3C70DE11ADB3106505004BB8;44673735EAF46E11B7B78A650500BC08;2025-07-10;-4.0;-1067.18
AF20EED7238FCE11ADB310650500D9B8;44673735EAF46E11B7B78A650500BC08;2025-07-10;-4.0;-1988.56
D831728E7C456E11B7B78A650500BC08;44673735EAF46E11B7B78A650500BC08;2025-07-10;-2.0;-296.1
376F7E5F89098E11F243BB650500EE3B;44673735EAF46E11B7B78A650500BC08;2025-07-10;-2.0;-226.84
70127D0BFD456E11B7B78A650500BC08;44673735EAF46E11B7B78A650500BC08;2025-07-10;-2.0;-852.0
493C4885BE06EE1191EE10650500A5B9;44673735EAF46E11B7B78A650500BC08;2025-07-10;-2.0;-388.78
76D9847273D0DE11ADB310650500BBB8;44673735EAF46E11B7B78A650500BC08;2025-07-10;-6.0;-96.18
69EC4AF6BA05CE11ADB3106505000DA8;44673735EAF46E11B7B78A650500BC08;2025-07-10;-6.0;-1036.8000000000002
64D04CF95F37FE1191EE1065050053C9;44673735EAF46E11B7B78A650500BC08;2025-07-10;-2.0;-1202.0
7E8FA3ED4CA79E11554010650500524B;44673735EAF46E11B7B78A650500BC08;2025-07-10;-2.0;-611.72
24096D9D653DDE11406610650500364A;44673735EAF46E11B7B78A650500BC08;2025-07-10;-24.0;-966.0
59375A67B5EEAE11BE2110650500F35A;44673735EAF46E11B7B78A650500BC08;2025-07-10;-2.0;-120.0
600D3C198EF39E115540106505008D3B;44673735EAF46E11B7B78A650500BC08;2025-07-10;-4.0;-449.12
4331172115B4DE11ADB310650500F0C8;44673735EAF46E11B7B78A650500BC08;2025-07-10;-22.0;-1478.3999999999999
0FEF367EEB0AFE11128010650500E819;44673735EAF46E11B7B78A650500BC08;2025-07-10;-4.0;-166.56
1CCB17FFD6568E11F243BB6505007B3B;44673735EAF46E11B7B78A650500BC08;2025-07-10;-4.0;-205.64
D718BFA84333AE11726010650500E15A;44673735EAF46E11B7B78A650500BC08;2025-07-10;-54.0;-517.86
276CF331BDE7EE1191EE10650500B7B9;44673735EAF46E11B7B78A650500BC08;2025-07-10;-2.0;-46.8
B3E1CA4D6D456E11B7B78A650500BC08;44673735EAF46E11B7B78A650500BC08;2025-07-10;-64.0;-1407.9
5F2C6BDA03078E11F243BB6505005C3B;44673735EAF46E11B7B78A650500BC08;2025-07-10;-2.0;-105.52
ECD58392A1567E11B7B78A650500ED08;44673735EAF46E11B7B78A650500BC08;2025-07-10;-6.0;-375.78000000000003
8ED3904B2E456E11B7B78A650500BC08;44673735EAF46E11B7B78A650500BC08;2025-07-10;-28.0;-5040.0
E8C49C3FF34EFE11F1557891FE691589;44673735EAF46E11B7B78A650500BC08;2025-07-10;-4.0;-1166.16
41499E6D8C79DE11406610650500414A;44673735EAF46E11B7B78A650500BC08;2025-07-10;-2.0;-120.7
A039331F7D456E11B7B78A650500BC08;44673735EAF46E11B7B78A650500BC08;2025-07-10;-4.0;-124.8
D0971ECABDB9FE11128010650500E819;44673735EAF46E11B7B78A650500BC08;2025-07-10;-2.0;-338.0
988295B2974BCE11ADB31065050014B8;44673735EAF46E11B7B78A650500BC08;2025-07-10;-160.0;-33239.22
A6763C2280A49E115540106505006E3B;44673735EAF46E11B7B78A650500BC08;2025-07-10;-2.0;-936.52
AAF328E741248E113835BB6505009CAA;44673735EAF46E11B7B78A650500BC08;2025-07-10;-10.0;-366.0
010F84EBBD1EFE11F1557891FE69E489;44673735EAF46E11B7B78A650500BC08;2025-07-10;-4.0;-278.0
F2F89BDB7D6AFE11128010650500E819;44673735EAF46E11B7B78A650500BC08;2025-07-10;-2.0;-33.68
67110C9E9E456E11B7B78A650500BC08;44673735EAF46E11B7B78A650500BC08;2025-07-10;-4.0;-23.48
C37EA6598318BE118772106505009759;44673735EAF46E11B7B78A650500BC08;2025-07-10;-4.0;-322.04
3B4F3575178B3E11052F6792C000D249;44673735EAF46E11B7B78A650500BC08;2025-07-10;-6.0;-365.58
C38EDC5C9C456E11B7B78A650500BC08;44673735EAF46E11B7B78A650500BC08;2025-07-10;-4.0;-32.84
4B021505DE52AE11726010650500D05A;44673735EAF46E11B7B78A650500BC08;2025-07-10;-2.0;-316.0
21BFE77501AEDE11406610650500284A;44673735EAF46E11B7B78A650500BC08;2025-07-10;-2.0;-585.24
00BE76E2DC456E11B7B78A650500BC08;44673735EAF46E11B7B78A650500BC08;2025-07-10;-2.0;-309.0
9BC2D8122D456E11B7B78A650500BC08;44673735EAF46E11B7B78A650500BC08;2025-07-10;-18.8;-1034.0
CEE4D31BF6C1EE114066106505003C4A;44673735EAF46E11B7B78A650500BC08;2025-07-10;-14.0;-1166.2
C19645C26407DE11C846106505002F6A;44673735EAF46E11B7B78A650500BC08;2025-07-10;-6.0;-864.0
67328AB28754EE11B1AD10650500C7EA;44673735EAF46E11B7B78A650500BC08;2025-07-10;-8.0;-190.08
C393B2FACED4DE11ADB31065050021C8;44673735EAF46E11B7B78A650500BC08;2025-07-10;-2.0;-81.0
05BBAF1F6D4DDE11406610650500564A;44673735EAF46E11B7B78A650500BC08;2025-07-10;-2.0;-113.4
50AA28A04E456E11B7B78A650500BC08;44673735EAF46E11B7B78A650500BC08;2025-07-10;-6.0;-2232.0
D4B5B252EA244E1142D58A6505002C08;44673735EAF46E11B7B78A650500BC08;2025-07-10;-4.0;-200.32
3B33ADA2A0FE5E1142D58A6505006D08;44673735EAF46E11B7B78A650500BC08;2025-07-10;-2.0;-554.22
FE0DA681721A8E11F243BB650500304B;44673735EAF46E11B7B78A650500BC08;2025-07-10;-2.0;-83.74
A99564BC63B1CE11877210650500D369;44673735EAF46E11B7B78A650500BC08;2025-07-10;-4.0;-2792.0
D994717AABE4DE11ADB31065050031C8;44673735EAF46E11B7B78A650500BC08;2025-07-10;-2.0;-750.42
A65EEEA5E528CE11ADB310650500EFA8;44673735EAF46E11B7B78A650500BC08;2025-07-10;-2.0;-76.34
130630EFAD53AE11726010650500125A;44673735EAF46E11B7B78A650500BC08;2025-07-10;-6.0;-85.19999999999999
2F84D83D0F0BAE11BE21106505001F4A;44673735EAF46E11B7B78A650500BC08;2025-07-10;-2.0;-1172.1
8AA413FC02010F11112A674AC7E2B889;44673735EAF46E11B7B78A650500BC08;2025-07-10;-2.0;-166.0
C92BE8AFF1CF7E110819BB65050039AA;44673735EAF46E11B7B78A650500BC08;2025-07-10;-2.0;-131.0
9943BC252BE66E11B7B78A650500BC08;44673735EAF46E11B7B78A650500BC08;2025-07-10;-2.0;-1384.22
229409CEF9456E11B7B78A650500BC08;44673735EAF46E11B7B78A650500BC08;2025-07-10;-2.0;-230.0
D5F57A9DAC456E11B7B78A650500BC08;44673735EAF46E11B7B78A650500BC08;2025-07-10;-2.0;-365.18
068FF7376FD8CE11ADB310650500E0B8;44673735EAF46E11B7B78A650500BC08;2025-07-10;-2.0;-268.0
EFEC0541508EFE11F1557891FE696589;44673735EAF46E11B7B78A650500BC08;2025-07-10;-4.0;-465.4
7C46F3C720BACE11ADB31065050033B8;44673735EAF46E11B7B78A650500BC08;2025-07-10;-4.0;-613.64
A87F5AF6E039EE1191EE1065050009B9;44673735EAF46E11B7B78A650500BC08;2025-07-10;-8.0;-1341.52
3E2F47E1F6E10F114EF7A826072BE989;44673735EAF46E11B7B78A650500BC08;2025-07-10;-2.0;-198.0
F2BABFF040B09E11F243BB650500394B;44673735EAF46E11B7B78A650500BC08;2025-07-10;-2.0;-7937.34
E1A84F3E7D769E11554010650500D04B;44673735EAF46E11B7B78A650500BC08;2025-07-10;-2.0;-64.86
FF9889072C8EAE11BE2110650500835A;44673735EAF46E11B7B78A650500BC08;2025-07-10;-6.0;-220.79999999999998
F02FCABC4678EE1191EE1065050078B9;44673735EAF46E11B7B78A650500BC08;2025-07-10;-2.0;-205.5
8018E9D401CAED11A62CD892C0003F2A;44673735EAF46E11B7B78A650500BC08;2025-07-10;-2.0;-198.0
B03637BE2CE1EE114066106505006C4A;44673735EAF46E11B7B78A650500BC08;2025-07-10;-2.0;-362.4
6E6B3CC759B30F114EF7A826072B3C89;44673735EAF46E11B7B78A650500BC08;2025-07-10;-8.0;-3024.0
20D5DC01B3F2DE11ADB3106505009EB8;44673735EAF46E11B7B78A650500BC08;2025-07-10;-2.0;-318.0
488AC96C066E9E11726010650500CB4A;44673735EAF46E11B7B78A650500BC08;2025-07-10;-4.0;-172.62
ABB4AC482D456E11B7B78A650500BC08;44673735EAF46E11B7B78A650500BC08;2025-07-10;-2.0;-482.8
5FC926EADE456E11B7B78A650500BC08;44673735EAF46E11B7B78A650500BC08;2025-07-10;-2.0;-358.04
EA0A9D81CFC5EE1191EE1065050055B9;44673735EAF46E11B7B78A650500BC08;2025-07-10;-50.0;-2695.0
A77E3D205524FE1191EE106505004FB9;44673735EAF46E11B7B78A650500BC08;2025-07-10;-2.0;-2866.9
54049FCA8D3A7E110819BB65050039AA;44673735EAF46E11B7B78A650500BC08;2025-07-10;-8.0;-239.8
8A6562D6E770BE11BE2110650500F55A;44673735EAF46E11B7B78A650500BC08;2025-07-10;-12.0;-2198.46
EC899ABF43047E11B7B78A650500DD08;44673735EAF46E11B7B78A650500BC08;2025-07-10;-4.0;-1480.0
FC5135F23532DE11ADB310650500ADB8;44673735EAF46E11B7B78A650500BC08;2025-07-10;-2.0;-592.4
FFAF694A0FDD6E11B7B78A650500BC08;44673735EAF46E11B7B78A650500BC08;2025-07-10;-16.0;-310.56
6918D8A129205E1142D58A650500BC08;44673735EAF46E11B7B78A650500BC08;2025-07-10;-2.0;-1158.4
A800D00CAAD17E11B7B78A650500CD08;44673735EAF46E11B7B78A650500BC08;2025-07-10;-2.0;-997.2
D6411BE74DB39E115540106505003D3B;44673735EAF46E11B7B78A650500BC08;2025-07-10;-2.0;-2064.04
7236D2A4DE537E11B7B78A650500DD08;44673735EAF46E11B7B78A650500BC08;2025-07-10;-4.0;-174.8
AAF7AA4CF68FEE1191EE1065050049B9;44673735EAF46E11B7B78A650500BC08;2025-07-10;-2.0;-2279.38
5E52EC50E6568E11F243BB6505007B3B;44673735EAF46E11B7B78A650500BC08;2025-07-10;-2.0;-67.64
0E9FAD61C550CE118772106505001269;44673735EAF46E11B7B78A650500BC08;2025-07-10;-2.0;-173.9
BBCCB63E190FDE11406610650500A84A;44673735EAF46E11B7B78A650500BC08;2025-07-10;-2.0;-2147.32
163C89BA90CAED11A62CD892C0003F2A;44673735EAF46E11B7B78A650500BC08;2025-07-10;-2.0;-1080.0
4340C10AD1EFAE11BE2110650500355A;44673735EAF46E11B7B78A650500BC08;2025-07-10;-6.0;-1230.0
FC2D0541508EFE11F1557891FE696589;44673735EAF46E11B7B78A650500BC08;2025-07-10;-2.0;-232.7
D7801856A6F5AE11BE2110650500984A;44673735EAF46E11B7B78A650500BC08;2025-07-10;-4.0;-168.34
13B077DC44E6EE1191EE1065050096B9;44673735EAF46E11B7B78A650500BC08;2025-07-10;-2.0;-86.0
961B4958E770BE11BE2110650500F55A;44673735EAF46E11B7B78A650500BC08;2025-07-10;-2.0;-24.6
C6420D1699A9CE11ADB310650500E1B8;44673735EAF46E11B7B78A650500BC08;2025-07-10;-4.0;-506.34
4E2B668A988AFE11128010650500E819;44673735EAF46E11B7B78A650500BC08;2025-07-10;-2.0;-35.0
B096DD9944425E1142D58A650500DC08;44673735EAF46E11B7B78A650500BC08;2025-07-10;-6.0;-619.34
9E96487919DDCE11ADB31065050097B8;44673735EAF46E11B7B78A650500BC08;2025-07-10;-2.0;-198.0
5265459B3E456E11B7B78A650500BC08;44673735EAF46E11B7B78A650500BC08;2025-07-10;-4.0;-2440.0
C74AA40AAC5B6E11B7B78A650500BC08;44673735EAF46E11B7B78A650500BC08;2025-07-10;-2.0;-118.12
A99261AAA644DE11ADB31065050060C8;44673735EAF46E11B7B78A650500BC08;2025-07-10;-2.0;-140.26
5D9E767F066E9E11726010650500CB4A;44673735EAF46E11B7B78A650500BC08;2025-07-10;-22.0;-490.02
034D7062196BEE1191EE1065050029B9;44673735EAF46E11B7B78A650500BC08;2025-07-10;-8.0;-284.4
88A0728D653DDE11406610650500364A;44673735EAF46E11B7B78A650500BC08;2025-07-10;-4.0;-150.02
98C33C9DD6568E11F243BB6505007B3B;44673735EAF46E11B7B78A650500BC08;2025-07-10;-2.0;-145.7
10C142960BF3DE11ADB310650500EFB8;FC081C55582CED11A62CD892C0003F2A;2025-07-10;-4.0;-4155.82
CD0F02BCDD74FE1191EE10650500CFB9;44673735EAF46E11B7B78A650500BC08;2025-07-10;2.0;4984.22
FBA365098876BE118772106505008559;B0BDDED34CC83E11052F6792C000B249;2025-07-10;-18.0;-648.9
F0F9497F0A68FE11128010650500D819;FC081C55582CED11A62CD892C0003F2A;2025-07-10;-2.0;-954.3
8B0A08A641AD7E110819BB65050039AA;FC081C55582CED11A62CD892C0003F2A;2025-07-10;-2.0;-255.64
0B8756870317DE11C846106505003F6A;FC081C55582CED11A62CD892C0003F2A;2025-07-10;-2.0;-832.74
181CD867763EAE11BE2110650500135A;FC081C55582CED11A62CD892C0003F2A;2025-07-10;0.0;0.0
D57283856E74FE1191EE10650500CFB9;FC081C55582CED11A62CD892C0003F2A;2025-07-10;-4.0;-138.24
8EA9FDA6ACE3DE11ADB310650500DFB8;FC081C55582CED11A62CD892C0003F2A;2025-07-10;0.0;0.0
D7FAB12DDF30EE114066106505003A4A;FC081C55582CED11A62CD892C0003F2A;2025-07-10;0.0;0.0
5932B7D7EE66DE11ADB31065050023C8;FC081C55582CED11A62CD892C0003F2A;2025-07-10;0.0;0.0
5694600F3303EE11B1AD1065050016EA;FC081C55582CED11A62CD892C0003F2A;2025-07-10;0.0;0.0
1D50BCE6CEE1EE114066106505006C4A;FC081C55582CED11A62CD892C0003F2A;2025-07-10;0.0;0.0
87EF3E628DB88E11F243BB6505008E3B;FC081C55582CED11A62CD892C0003F2A;2025-07-10;0.0;0.0
2B55AE4F19ADDE11406610650500C64A;FC081C55582CED11A62CD892C0003F2A;2025-07-10;0.0;0.0
8A9FD8FFCCEEDE11406610650500884A;FC081C55582CED11A62CD892C0003F2A;2025-07-10;-6.0;-79.58
FEC2A31E65B4DE11ADB310650500F0C8;44673735EAF46E11B7B78A650500BC08;2025-07-10;52.0;3173.0399999999995
2BB955CA94897E110819BB65050019AA;44673735EAF46E11B7B78A650500BC08;2025-07-10;54.0;2124.36
0AE46024DFE34E1142D58A6505002C08;44673735EAF46E11B7B78A650500BC08;2025-07-10;50.0;1967.0
DD466A3662251E1143F0668E4200EE89;B0BDDED34CC83E11052F6792C000B249;2025-07-10;4.0;1157.9
89A3693F2B140F114EF7A826072BBC89;FC081C55582CED11A62CD892C0003F2A;2025-07-10;30.0;1032.6
8715693F2B140F114EF7A826072BBC89;FC081C55582CED11A62CD892C0003F2A;2025-07-10;60.0;8939.4
ED09394EB8E3BE11BE21106505005A5A;44673735EAF46E11B7B78A650500BC08;2025-07-10;0.0;0.0
5CC23C62713C9E11726010650500E84A;44673735EAF46E11B7B78A650500BC08;2025-07-10;0.0;0.0
9AF7E649E9456E11B7B78A650500BC08;44673735EAF46E11B7B78A650500BC08;2025-07-10;0.0;0.0
BB9029D1BA66CE11ADB310650500BDA8;44673735EAF46E11B7B78A650500BC08;2025-07-10;-2.0;-124.02
D7848E632E456E11B7B78A650500BC08;44673735EAF46E11B7B78A650500BC08;2025-07-10;-2.0;-309.16
3D24443D7E8ADE11406610650500A24A;44673735EAF46E11B7B78A650500BC08;2025-07-10;0.0;0.0
D8DAA76D7E8ADE11406610650500A24A;44673735EAF46E11B7B78A650500BC08;2025-07-10;0.0;0.0
39DAA76D7E8ADE11406610650500A24A;44673735EAF46E11B7B78A650500BC08;2025-07-10;0.0;0.0
8E8CC553318C6E11B7B78A650500BC08;44673735EAF46E11B7B78A650500BC08;2025-07-10;0.0;4.547473508864641e-13
A7EB1903BA66CE11ADB310650500BDA8;44673735EAF46E11B7B78A650500BC08;2025-07-10;-2.0;-27.759999999999888
22E750B34E1FCE11ADB31065050039B8;44673735EAF46E11B7B78A650500BC08;2025-07-10;0.0;0.0
1B8196134E1FCE11ADB31065050039B8;44673735EAF46E11B7B78A650500BC08;2025-07-10;0.0;0.0
834AD4534E1FCE11ADB31065050039B8;44673735EAF46E11B7B78A650500BC08;2025-07-10;0.0;0.0
5DE44E8BE9456E11B7B78A650500BC08;44673735EAF46E11B7B78A650500BC08;2025-07-10;0.0;0.0
7D6995D34E1FCE11ADB31065050039B8;44673735EAF46E11B7B78A650500BC08;2025-07-10;-2.0;-271.69999999999953
6A7FEBAF09240F114EF7A826072BCC89;FC081C55582CED11A62CD892C0003F2A;2025-07-10;0.0;0.0
4EA3FDBB5C440F114EF7A826072BFC89;FC081C55582CED11A62CD892C0003F2A;2025-07-10;0.0;0.0
2C992FEB5C440F114EF7A826072BFC89;FC081C55582CED11A62CD892C0003F2A;2025-07-10;0.0;0.0
40AA2FEB5C440F114EF7A826072BFC89;FC081C55582CED11A62CD892C0003F2A;2025-07-10;0.0;0.0
B9C302DBBEB40F114EF7A826072B8D89;B0BDDED34CC83E11052F6792C000B249;2025-07-10;48.0;2194.6
1AD260E978540F114EF7A826072B0D89;B0BDDED34CC83E11052F6792C000B249;2025-07-10;120.0;3821.86
12FD0AFB10FBEE1191EE1065050029B9;B0BDDED34CC83E11052F6792C000B249;2025-07-10;120.0;1745.9
ABD804ECAD62FE1191EE10650500FCB9;FC081C55582CED11A62CD892C0003F2A;2025-07-10;0.0;0.0
F60ACCD6D4F5FE1191EE10650500A1C9;B0BDDED34CC83E11052F6792C000B249;2025-07-10;36.0;9675.36
E533E91CBEB40F114EF7A826072B8D89;FC081C55582CED11A62CD892C0003F2A;2025-07-10;200.0;782.5
D24D913CBEB40F114EF7A826072B8D89;FC081C55582CED11A62CD892C0003F2A;2025-07-10;408.0;3693.9
789A415CBEB40F114EF7A826072B8D89;FC081C55582CED11A62CD892C0003F2A;2025-07-10;24.0;5567.2
E08A42E57B753E11052F6792C000FF39;B0BDDED34CC83E11052F6792C000B249;2025-07-10;6.0;3177.18
DEABCAF2ADA9EE1191EE1065050009B9;B0BDDED34CC83E11052F6792C000B249;2025-07-10;6.0;495.9
CB868B0A43047E11B7B78A650500DD08;44673735EAF46E11B7B78A650500BC08;2025-07-10;-4.0;-2031.72
12A3EF6E4D456E11B7B78A650500BC08;44673735EAF46E11B7B78A650500BC08;2025-07-10;-2.0;-1224.04
B1F7ACBDCA053E11052F6792C000FF39;B0BDDED34CC83E11052F6792C000B249;2025-07-10;10.0;1622.0
3FC5377BD826AE11BE2110650500D84A;FC081C55582CED11A62CD892C0003F2A;2025-07-10;20.0;1735.04
C6C823FA8D410F11112A674AC7E21989;FC081C55582CED11A62CD892C0003F2A;2025-07-10;94.0;5743.4
3FA2BB4D0DADEE1191EE1065050029B9;B0BDDED34CC83E11052F6792C000B249;2025-07-10;0.0;0.0
346A6C173D027E11B7B78A650500CD08;B0BDDED34CC83E11052F6792C000B249;2025-07-10;60.0;6317.4
6948FEE04A108E110819BB65050039AA;44673735EAF46E11B7B78A650500BC08;2025-07-10;14.0;831.4799999999999
4125097AFCA50F114EF7A826072BBE89;44673735EAF46E11B7B78A650500BC08;2025-07-10;8.0;1670.4
44247284D1C30F114EF7A826072B4C89;44673735EAF46E11B7B78A650500BC08;2025-07-10;120.0;10374.0
1C0CBA94D1C30F114EF7A826072B4C89;44673735EAF46E11B7B78A650500BC08;2025-07-10;120.0;17442.0
F7132C77BC140F114EF7A826072BBC89;44673735EAF46E11B7B78A650500BC08;2025-07-10;120.0;8380.8
3C4345755A248E113835BB650500ACAA;44673735EAF46E11B7B78A650500BC08;2025-07-10;6.0;408.18
EE862C928A460E11A4A96492C0004B38;44673735EAF46E11B7B78A650500BC08;2025-07-10;4.0;350.56
FF3608750FBBEE1191EE1065050029B9;FC081C55582CED11A62CD892C0003F2A;2025-07-10;8.0;2080.0
DC1A49A50FBBEE1191EE1065050029B9;FC081C55582CED11A62CD892C0003F2A;2025-07-10;8.0;776.0
B13819871F9DEE1191EE1065050029B9;FC081C55582CED11A62CD892C0003F2A;2025-07-10;40.0;3340.4
6361F840F0CAED11A62CD892C0003F2A;FC081C55582CED11A62CD892C0003F2A;2025-07-10;8.0;1718.48
8346106C17976E11B7B78A650500BC08;FC081C55582CED11A62CD892C0003F2A;2025-07-10;12.0;1352.16
EF39248CF5802E1143F0668E4200C71A;FC081C55582CED11A62CD892C0003F2A;2025-07-10;24.0;3834.96
5D7D9C4235DFEE1191EE10650500A9B9;FC081C55582CED11A62CD892C0003F2A;2025-07-10;10.0;3699.5
89288C8702968E11F243BB650500CB3B;FC081C55582CED11A62CD892C0003F2A;2025-07-10;10.0;697.4
B3A6B7DB01CAED11A62CD892C0003F2A;FC081C55582CED11A62CD892C0003F2A;2025-07-10;10.0;3289.9
BEFAD296DDFFFE11F1557891FE694789;FC081C55582CED11A62CD892C0003F2A;2025-07-10;8.0;2156.0
858A6214EC430E11A4A96492C00008E9;FC081C55582CED11A62CD892C0003F2A;2025-07-10;12.0;3434.04
9459F6C297B9DE11406610650500914A;FC081C55582CED11A62CD892C0003F2A;2025-07-10;12.0;3710.52
A089BA483ED5AE11BE2110650500784A;44673735EAF46E11B7B78A650500BC08;2025-07-10;-2.0;-185.8
5D89695ABEB5CE11ADB3106505004DA8;B0BDDED34CC83E11052F6792C000B249;2025-07-10;6.0;199.26
FC709D07B55BCE11ADB31065050024B8;B0BDDED34CC83E11052F6792C000B249;2025-07-10;10.0;759.6
C2340EA9446C6E11B7B78A650500BC08;B0BDDED34CC83E11052F6792C000B249;2025-07-10;6.0;579.0
51684B3E2233DE11ADB310650500EEB8;B0BDDED34CC83E11052F6792C000B249;2025-07-10;4.0;592.28
3B0EFACF6C2CDE11406610650500E44A;B0BDDED34CC83E11052F6792C000B249;2025-07-10;20.0;3201.3999999999996
357CCDF9CEEFFE11F1557891FE693789;FC081C55582CED11A62CD892C0003F2A;2025-07-10;4.0;1298.6
46D6A89A25DFEE1191EE10650500A9B9;FC081C55582CED11A62CD892C0003F2A;2025-07-10;12.0;3986.4
2AF107EA01CAED11A62CD892C0003F2A;FC081C55582CED11A62CD892C0003F2A;2025-07-10;4.0;362.08
5E76CF32EBF1AE11726010650500505A;FC081C55582CED11A62CD892C0003F2A;2025-07-10;-2.0;-4115.06
68DD0C3751CAED11A62CD892C0003F2A;FC081C55582CED11A62CD892C0003F2A;2025-07-10;4.0;1450.2
9F3C6A371ABAFE11128010650500E819;FC081C55582CED11A62CD892C0003F2A;2025-07-10;0.0;0.0
9BFAB03846A27E11B7B78A650500DD08;44673735EAF46E11B7B78A650500BC08;2025-07-10;-6.0;-381.6
395609C448556E11B7B78A650500BC08;44673735EAF46E11B7B78A650500BC08;2025-07-10;-2.0;-7234.0
0ADE4CF74D42DE11ADB310650500CDB8;B0BDDED34CC83E11052F6792C000B249;2025-07-10;4.0;1889.24
7907712ACF040F114EF7A826072BAC89;B0BDDED34CC83E11052F6792C000B249;2025-07-10;10.0;1177.24
C0F99BFF178FAE11BE2110650500C45A;44673735EAF46E11B7B78A650500BC08;2025-07-10;-16.0;-2912.78
2B8779C141CAED11A62CD892C0003F2A;B0BDDED34CC83E11052F6792C000B249;2025-07-10;4.0;875.36
0DE2A748A735EE11B1AD10650500F8EA;FC081C55582CED11A62CD892C0003F2A;2025-07-10;20.0;8266.08
65B31E5144FD4E1142D58A650500BC08;FC081C55582CED11A62CD892C0003F2A;2025-07-10;12.0;1995.48
BEF020C39E1EFE11F1557891FE69E489;FC081C55582CED11A62CD892C0003F2A;2025-07-10;6.0;858.0
2BAB0F43D0CAED11A62CD892C0003F2A;FC081C55582CED11A62CD892C0003F2A;2025-07-10;8.0;1045.4
F0B3034C4B100E11A4A96492C0002019;FC081C55582CED11A62CD892C0003F2A;2025-07-10;6.0;660.8
A1592EF5F6E89E11525010650500694A;B0BDDED34CC83E11052F6792C000B249;2025-07-10;24.0;7625.28
4D7EEA51F001AE117260106505001F4A;FC081C55582CED11A62CD892C0003F2A;2025-07-10;8.0;1188.08
8D2159E86589DE11406610650500514A;B0BDDED34CC83E11052F6792C000B249;2025-07-10;12.0;2243.04
DE15F8F901CAED11A62CD892C0003F2A;FC081C55582CED11A62CD892C0003F2A;2025-07-10;10.0;1802.1600000000003
C2B1E105F9D2DE11ADB3106505007EB8;44673735EAF46E11B7B78A650500BC08;2025-07-10;36.0;17172.0
455A6FDA5BDD4E1142D58A650500BC08;B0BDDED34CC83E11052F6792C000B249;2025-07-10;8.0;1342.48
6883CD0A469BED11A62CD892C0003F2A;B0BDDED34CC83E11052F6792C000B249;2025-07-10;6.0;748.86
77130C4601CAED11A62CD892C0003F2A;B0BDDED34CC83E11052F6792C000B249;2025-07-10;24.0;2995.44
5557D8CB1D456E11B7B78A650500BC08;44673735EAF46E11B7B78A650500BC08;2025-07-10;6.0;4974.0
5836B52CF243BE11BE2110650500895A;44673735EAF46E11B7B78A650500BC08;2025-07-10;40.0;3680.0
D4CB1674D664BE11BE2110650500FA5A;44673735EAF46E11B7B78A650500BC08;2025-07-10;60.0;10200.0
CE000849CBA5FE1191EE1065050041C9;44673735EAF46E11B7B78A650500BC08;2025-07-10;20.0;15700.0
285DA64F45B4DE11ADB310650500F0C8;FC081C55582CED11A62CD892C0003F2A;2025-07-10;22.0;2581.7000000000003
3B645F02C8C7FE1191EE1065050004C9;44673735EAF46E11B7B78A650500BC08;2025-07-10;-2.0;-284.42
B0AA28A04E456E11B7B78A650500BC08;44673735EAF46E11B7B78A650500BC08;2025-07-10;-30.0;-22950.0
A033F6C2D74CDE11406610650500054A;B0BDDED34CC83E11052F6792C000B249;2025-07-10;24.0;1311.9
61F26D5AFB5F7E110819BB65050039AA;B0BDDED34CC83E11052F6792C000B249;2025-07-10;38.0;1665.5800000000002
E8AA9A9E89FC9E11726010650500E94A;B0BDDED34CC83E11052F6792C000B249;2025-07-10;20.0;411.4
42219D8932106E1142D58A650500AD08;44673735EAF46E11B7B78A650500BC08;2025-07-10;-20.0;-1843.6000000000001
7D0589672C8EAE11BE2110650500835A;44673735EAF46E11B7B78A650500BC08;2025-07-10;-4.0;-1344.36
27222F4598C6EE1191EE1065050086B9;44673735EAF46E11B7B78A650500BC08;2025-07-10;-4.0;-2628.1
125C7E8474B2EE11B1AD10650500B5EA;44673735EAF46E11B7B78A650500BC08;2025-07-10;0.0;0.0
04C2C0F280A49E115540106505006E3B;44673735EAF46E11B7B78A650500BC08;2025-07-10;0.0;-2.2737367544323206e-13
A7763C2280A49E115540106505006E3B;44673735EAF46E11B7B78A650500BC08;2025-07-10;0.0;0.0
EC5B291D3C456E11B7B78A650500BC08;44673735EAF46E11B7B78A650500BC08;2025-07-10;0.0;0.0
79D1EFF1B0A1EE11406610650500FB4A;44673735EAF46E11B7B78A650500BC08;2025-07-10;0.0;2.2737367544323206e-13
09C844D3D0CAED11A62CD892C0003F2A;B0BDDED34CC83E11052F6792C000B249;2025-07-10;12.0;1150.8
D4746D3D43435E1142D58A650500DC08;B0BDDED34CC83E11052F6792C000B249;2025-07-10;6.0;996.6
06FB2DD2E294DE11ADB310650500C0C8;B0BDDED34CC83E11052F6792C000B249;2025-07-10;4.0;1438.36
964B0581E7E97E110819BB65050019AA;B0BDDED34CC83E11052F6792C000B249;2025-07-10;24.0;8029.44
1DA634AD6104FE1191EE106505001FB9;FC081C55582CED11A62CD892C0003F2A;2025-07-10;6.0;1068.68
D1E51ADB285CEE1191EE1065050029B9;FC081C55582CED11A62CD892C0003F2A;2025-07-10;12.0;10710.5
DAB662BB285CEE1191EE1065050029B9;FC081C55582CED11A62CD892C0003F2A;2025-07-10;18.0;16065.76
4C93D133B6AEEE1191EE1065050029B9;FC081C55582CED11A62CD892C0003F2A;2025-07-10;6.0;820.62
344A9E4327AEEE1191EE1065050029B9;FC081C55582CED11A62CD892C0003F2A;2025-07-10;6.0;820.62
7DABD52C285CEE1191EE1065050029B9;44673735EAF46E11B7B78A650500BC08;2025-07-10;6.0;4080.24
E7A6DBC6BBD4DE11ADB31065050021C8;FC081C55582CED11A62CD892C0003F2A;2025-07-10;-2.0;-369.82
602F795CD0CAED11A62CD892C0003F2A;FC081C55582CED11A62CD892C0003F2A;2025-07-10;-2.0;-733.86
7D287A8D79A67E11B7B78A650500ED08;FC081C55582CED11A62CD892C0003F2A;2025-07-10;-2.0;-197.8
5A3E818302CAED11A62CD892C0003F2A;FC081C55582CED11A62CD892C0003F2A;2025-07-10;-2.0;-214.46
0CBBE62D1F3C8E11F243BB650500234B;FC081C55582CED11A62CD892C0003F2A;2025-07-10;-2.0;-278.22
517785D8D0CAED11A62CD892C0003F2A;FC081C55582CED11A62CD892C0003F2A;2025-07-10;-2.0;-409.4
BECB22B34D05DE11ADB31065050061C8;FC081C55582CED11A62CD892C0003F2A;2025-07-10;-2.0;-314.06
AAFD5840CA187E110819BB65050009AA;FC081C55582CED11A62CD892C0003F2A;2025-07-10;-10.0;-756.0
C0CF758B25DFEE1191EE10650500A9B9;FC081C55582CED11A62CD892C0003F2A;2025-07-10;-2.0;-664.4
05CD001B20BF2E11052F6792C000CF39;FC081C55582CED11A62CD892C0003F2A;2025-07-10;-10.0;-766.1800000000001
6781F2340F0EEE1191EE1065050029B9;FC081C55582CED11A62CD892C0003F2A;2025-07-10;-2.0;-548.26
1DF2DAC0DDADAE11BE2110650500625A;FC081C55582CED11A62CD892C0003F2A;2025-07-10;-8.0;-866.8
58F2EB04AA4FFE11F1557891FE696689;FC081C55582CED11A62CD892C0003F2A;2025-07-10;-2.0;-114.04
B5B177B82642FE1191EE10650500CCB9;FC081C55582CED11A62CD892C0003F2A;2025-07-10;-2.0;-1691.2
6C1753B33AC75E1142D58A650500DC08;FC081C55582CED11A62CD892C0003F2A;2025-07-10;-4.0;-649.78
05C3C57921CAED11A62CD892C0003F2A;FC081C55582CED11A62CD892C0003F2A;2025-07-10;-2.0;-225.14
ED40F70F4B7ABE11877210650500AA59;FC081C55582CED11A62CD892C0003F2A;2025-07-10;-2.0;-56.88
856A5325DE5C3E11052F6792C000D249;FC081C55582CED11A62CD892C0003F2A;2025-07-10;-2.0;-2291.92
3AFE6DB100E9DE11406610650500C14A;FC081C55582CED11A62CD892C0003F2A;2025-07-10;-4.0;-374.16
9A7725F9B1E0DE11ADB310650500DBB8;FC081C55582CED11A62CD892C0003F2A;2025-07-10;-18.0;-2023.2
5D9B2D2C50C1CE11877210650500E369;FC081C55582CED11A62CD892C0003F2A;2025-07-10;-4.0;-391.92
FDDDD82EC0CAED11A62CD892C0003F2A;FC081C55582CED11A62CD892C0003F2A;2025-07-10;-4.0;-713.58
D036D81364FF4E1142D58A650500BC08;FC081C55582CED11A62CD892C0003F2A;2025-07-10;-2.0;-66.5
C7BFEBC5BDB91E1143F0668E42006B8B;FC081C55582CED11A62CD892C0003F2A;2025-07-10;-2.0;-193.0
16B7C3B4BDCFCE11ADB3106505003AB8;FC081C55582CED11A62CD892C0003F2A;2025-07-10;-2.0;-69.44
982950A3AA187E110819BB65050009AA;FC081C55582CED11A62CD892C0003F2A;2025-07-10;-4.0;-183.6
02A6BE29AB12DE11ADB3106505008DB8;FC081C55582CED11A62CD892C0003F2A;2025-07-10;-2.0;-1150.66
9C2399A60207BE118772106505003659;FC081C55582CED11A62CD892C0003F2A;2025-07-10;-18.0;-3003.36
B4B39A3FBAFBCE11ADB310650500F4B8;FC081C55582CED11A62CD892C0003F2A;2025-07-10;-2.0;-126.96
EE8BA6774040EE114066106505003A4A;FC081C55582CED11A62CD892C0003F2A;2025-07-10;-2.0;-258.0
C7B55F3D708F3E11F7F68A650500DB08;FC081C55582CED11A62CD892C0003F2A;2025-07-10;-4.0;-319.29999999999995
67E8E5A1EDF39E115540106505008D3B;FC081C55582CED11A62CD892C0003F2A;2025-07-10;-2.0;-86.82
2ABB9C481C809E11F243BB650500094B;FC081C55582CED11A62CD892C0003F2A;2025-07-10;-4.0;-3112.02
91EC4F1D9CECDE11406610650500D54A;FC081C55582CED11A62CD892C0003F2A;2025-07-10;-2.0;-258.42
FA125DCC0B5ADE11406610650500624A;FC081C55582CED11A62CD892C0003F2A;2025-07-10;-2.0;-395.02
95D071BA258EFE11F1557891FE696589;FC081C55582CED11A62CD892C0003F2A;2025-07-10;-2.0;-478.4
458CC3515C020F114EF7A826072B1A89;FC081C55582CED11A62CD892C0003F2A;2025-07-10;-2.0;-171.0
DECD250DE8099E11525010650500994A;FC081C55582CED11A62CD892C0003F2A;2025-07-10;-2.0;-593.78
3B6F285F7D2ECE11ADB31065050008B8;FC081C55582CED11A62CD892C0003F2A;2025-07-10;-4.0;-298.64
2303D4386BCEAE11BE2110650500D35A;FC081C55582CED11A62CD892C0003F2A;2025-07-10;-4.0;-1248.0
E006C0B331CAED11A62CD892C0003F2A;FC081C55582CED11A62CD892C0003F2A;2025-07-10;-2.0;-254.28
7633EB04AA4FFE11F1557891FE696689;FC081C55582CED11A62CD892C0003F2A;2025-07-10;-2.0;-114.04
80AA0C81D3C89E11525010650500394A;FC081C55582CED11A62CD892C0003F2A;2025-07-10;-2.0;-994.92
46EBB8246B34DE11ADB31065050050C8;FC081C55582CED11A62CD892C0003F2A;2025-07-10;-6.0;-501.14
DF10F07564878E11F243BB650500FC3B;FC081C55582CED11A62CD892C0003F2A;2025-07-10;-2.0;-351.28
4DC07E1CB0EFEE1191EE10650500B9B9;FC081C55582CED11A62CD892C0003F2A;2025-07-10;-2.0;-2491.9
215EA3470C7DFE1158A3BB3DBE8E1489;FC081C55582CED11A62CD892C0003F2A;2025-07-10;-6.0;-123.0
8F73D9F8DF0EEE1191EE1065050029B9;FC081C55582CED11A62CD892C0003F2A;2025-07-10;-2.0;-847.86
C298FDB5AB12DE11ADB3106505008DB8;FC081C55582CED11A62CD892C0003F2A;2025-07-10;-2.0;-1315.04
EE990BED90CAED11A62CD892C0003F2A;FC081C55582CED11A62CD892C0003F2A;2025-07-10;-2.0;-426.46
D2A178CA93C1CE11877210650500E369;FC081C55582CED11A62CD892C0003F2A;2025-07-10;-2.0;-73.82
A691EF1A8E338E117E64BB6505007BAA;FC081C55582CED11A62CD892C0003F2A;2025-07-10;-2.0;-291.7
F0C2BFEC1CBE8E11F243BB650500B64B;FC081C55582CED11A62CD892C0003F2A;2025-07-10;-2.0;-18.62
32EE2CC6D596DE11ADB31065050053C8;FC081C55582CED11A62CD892C0003F2A;2025-07-10;-12.0;-190.88
1A9C6B9FBE64AE11726010650500735A;FC081C55582CED11A62CD892C0003F2A;2025-07-10;-2.0;-12.2
F489DB8094D67E11B7B78A650500ED08;FC081C55582CED11A62CD892C0003F2A;2025-07-10;-2.0;-60.84
5D718BB8B7ABEE1191EE1065050029B9;FC081C55582CED11A62CD892C0003F2A;2025-07-10;-2.0;-44.04
E9E0D5AD4C65BE11BE21106505004C5A;FC081C55582CED11A62CD892C0003F2A;2025-07-10;-2.0;-79.38
C07402E131BD3E11052F6792C000D249;FC081C55582CED11A62CD892C0003F2A;2025-07-10;-2.0;-58.82
318F9ECCC09FDE11406610650500594A;FC081C55582CED11A62CD892C0003F2A;2025-07-10;-2.0;-84.0
D1E9E804E1CBBE118772106505004C59;FC081C55582CED11A62CD892C0003F2A;2025-07-10;-6.0;-204.88
6ADEA0EDC4C67E11B7B78A650500ED08;FC081C55582CED11A62CD892C0003F2A;2025-07-10;-4.0;-168.5
A4C9B32E40A20F114EF7A826072BDA89;FC081C55582CED11A62CD892C0003F2A;2025-07-10;-6.0;-186.84
60669C36F3800F11F1557891FE69F789;FC081C55582CED11A62CD892C0003F2A;2025-07-10;-10.0;-61.94
515A843DFDBEEE1191EE1065050029B9;FC081C55582CED11A62CD892C0003F2A;2025-07-10;-2.0;-174.9
48F951C00C1B9E115250106505004C4A;FC081C55582CED11A62CD892C0003F2A;2025-07-10;-2.0;-158.0
EBCB0E913EDBBE118772106505006C59;FC081C55582CED11A62CD892C0003F2A;2025-07-10;-2.0;-416.86
3E07CDA152FD4E1142D58A650500BC08;FC081C55582CED11A62CD892C0003F2A;2025-07-10;-2.0;-408.68
F2EEFCBB059BDE11406610650500144A;FC081C55582CED11A62CD892C0003F2A;2025-07-10;-2.0;-169.98
497EC6546717FE1191EE1065050023C9;FC081C55582CED11A62CD892C0003F2A;2025-07-10;-4.0;-2299.08
647B55A4657EAE11BE2110650500635A;FC081C55582CED11A62CD892C0003F2A;2025-07-10;-2.0;-392.34
5FBC3D8B0F7E4E1142D58A650500BC08;FC081C55582CED11A62CD892C0003F2A;2025-07-10;-4.0;-1783.28
11DBD1DCD0CAED11A62CD892C0003F2A;FC081C55582CED11A62CD892C0003F2A;2025-07-10;-4.0;-577.92
99F93D269FAF5E1142D58A650500AD08;FC081C55582CED11A62CD892C0003F2A;2025-07-10;-8.0;-441.04
B7761DE5FC7D2E11052F6792C000CF39;FC081C55582CED11A62CD892C0003F2A;2025-07-10;-2.0;-420.4
C60AD07ADB4B9E115250106505008C4A;FC081C55582CED11A62CD892C0003F2A;2025-07-10;-10.0;-842.14
4E98CB4091663E11052F6792C000FF39;FC081C55582CED11A62CD892C0003F2A;2025-07-10;-2.0;-306.16
347D9407F7B13E11052F6792C000CF39;FC081C55582CED11A62CD892C0003F2A;2025-07-10;-2.0;-199.52
3C4E17A90E907E11B7B78A650500CD08;FC081C55582CED11A62CD892C0003F2A;2025-07-10;-4.0;-328.84
6B93F324453CFE111280106505000919;FC081C55582CED11A62CD892C0003F2A;2025-07-10;-2.0;-23.76
47F22B0B03D2FE1191EE106505007DB9;FC081C55582CED11A62CD892C0003F2A;2025-07-10;-2.0;-699.86
A2DDA40698ABAE11BE2110650500DF4A;FC081C55582CED11A62CD892C0003F2A;2025-07-10;-2.0;-272.0
87B83E1F9CA49E115540106505007E3B;FC081C55582CED11A62CD892C0003F2A;2025-07-10;-2.0;-543.94
7A0F7C972D9EFE11F1557891FE698589;FC081C55582CED11A62CD892C0003F2A;2025-07-10;-4.0;-228.08
EA2AD1F07ACEEE1191EE1065050029B9;FC081C55582CED11A62CD892C0003F2A;2025-07-10;-2.0;-292.16
D713CB7184EBDE11406610650500744A;FC081C55582CED11A62CD892C0003F2A;2025-07-10;-2.0;-336.18
347D7E8CF0CAED11A62CD892C0003F2A;FC081C55582CED11A62CD892C0003F2A;2025-07-10;-2.0;-679.78
95DDA3DE19D9FE11128010650500E819;FC081C55582CED11A62CD892C0003F2A;2025-07-10;-2.0;-359.78
99DDF5C423148E113835BB6505008CAA;FC081C55582CED11A62CD892C0003F2A;2025-07-10;-2.0;-896.36
F9A90CDB0321DE11ADB3106505003CB8;FC081C55582CED11A62CD892C0003F2A;2025-07-10;-2.0;-118.0
C83B643B2BF7FE11128010650500D819;FC081C55582CED11A62CD892C0003F2A;2025-07-10;-2.0;-740.96
7CF74A7B0321DE11ADB3106505003CB8;FC081C55582CED11A62CD892C0003F2A;2025-07-10;-8.0;-264.0
7DB046E8C0917E11B7B78A650500CD08;FC081C55582CED11A62CD892C0003F2A;2025-07-10;-2.0;-635.44
2BBFF4148CA7FE1191EE10650500E3C9;FC081C55582CED11A62CD892C0003F2A;2025-07-10;-6.0;-1320.3000000000002
23887921BD67EE1191EE1065050017B9;FC081C55582CED11A62CD892C0003F2A;2025-07-10;-2.0;-185.32
5D315AAD9222AE11726010650500805A;FC081C55582CED11A62CD892C0003F2A;2025-07-10;-2.0;-227.58
6A99182F55FDFE11F1557891FE69B489;FC081C55582CED11A62CD892C0003F2A;2025-07-10;-4.0;-231.96
12C0A45357A8AE11BE21106505000C4A;FC081C55582CED11A62CD892C0003F2A;2025-07-10;-2.0;-864.4
C3A27F630AA07E11B7B78A650500CD08;FC081C55582CED11A62CD892C0003F2A;2025-07-10;-2.0;-1142.22
678CB74D2A68FE11128010650500D819;FC081C55582CED11A62CD892C0003F2A;2025-07-10;-2.0;-1626.62
F3A43B996382DE11ADB3106505000EB8;FC081C55582CED11A62CD892C0003F2A;2025-07-10;-2.0;-887.14
BE7F13DEE2E3DE11ADB310650500CFB8;FC081C55582CED11A62CD892C0003F2A;2025-07-10;-4.0;-1043.84
02D99AABA0CAED11A62CD892C0003F2A;FC081C55582CED11A62CD892C0003F2A;2025-07-10;-4.0;-233.64
D4DB84D300B9EE1191EE1065050009B9;FC081C55582CED11A62CD892C0003F2A;2025-07-10;-6.42;-1672.14
A50AD4969DA11E1143F0668E42008C3B;FC081C55582CED11A62CD892C0003F2A;2025-07-10;-2.0;-2555.78
9FDA14911253FE1191EE106505002EB9;FC081C55582CED11A62CD892C0003F2A;2025-07-10;-2.0;-73.44
D3033A80E0CAED11A62CD892C0003F2A;FC081C55582CED11A62CD892C0003F2A;2025-07-10;-2.0;-298.58
293D26C3BCB1EE114066106505001C4A;FC081C55582CED11A62CD892C0003F2A;2025-07-10;-2.0;-136.06
7914760FF1CAED11A62CD892C0003F2A;FC081C55582CED11A62CD892C0003F2A;2025-07-10;-2.0;-1267.58
45288E5316EA3E11052F6792C000D249;FC081C55582CED11A62CD892C0003F2A;2025-07-10;-2.0;-31.54
270AC01D234A9E115250106505003B4A;FC081C55582CED11A62CD892C0003F2A;2025-07-10;-2.0;-1182.22
9208F1AA3D4BAE11BE21106505006F4A;FC081C55582CED11A62CD892C0003F2A;2025-07-10;-2.0;-463.66
85AD1C3C57E44E1142D58A6505002C08;FC081C55582CED11A62CD892C0003F2A;2025-07-10;-4.0;-79.76
1717526C6945BE11BE21106505001C5A;FC081C55582CED11A62CD892C0003F2A;2025-07-10;-4.0;-265.68
57A7D6A0BAC9FE11128010650500E819;FC081C55582CED11A62CD892C0003F2A;2025-07-10;-2.0;-61.6
90A2D1CACED4DE11ADB31065050021C8;FC081C55582CED11A62CD892C0003F2A;2025-07-10;-2.0;-81.16
17C44639EDDFDE11406610650500B94A;FC081C55582CED11A62CD892C0003F2A;2025-07-10;-2.0;-520.78
F7A8401A6394DE11ADB310650500C0C8;FC081C55582CED11A62CD892C0003F2A;2025-07-10;-2.0;-356.74
EA3685A92F94DE11ADB310650500D0C8;FC081C55582CED11A62CD892C0003F2A;2025-07-10;-2.0;-198.9
EBC4EB1C9B98FE11128010650500D819;FC081C55582CED11A62CD892C0003F2A;2025-07-10;-2.0;-136.06
C1A9EB9FC62EEE1191EE1065050029B9;FC081C55582CED11A62CD892C0003F2A;2025-07-10;-2.0;-214.32
144A9111FC1EFE11F1557891FE69E489;FC081C55582CED11A62CD892C0003F2A;2025-07-10;-4.0;-284.8
A02455401BEAEE1191EE1065050029B9;FC081C55582CED11A62CD892C0003F2A;2025-07-10;-4.0;-611.34
EDDB15D7D77DFE1158A3BB3DBE8E1489;FC081C55582CED11A62CD892C0003F2A;2025-07-10;-2.0;-3708.84
1B16DD46801C3E11052F6792C000D249;FC081C55582CED11A62CD892C0003F2A;2025-07-10;-2.0;-31.8
6E7F8E97A20BAE11BE21106505000F4A;FC081C55582CED11A62CD892C0003F2A;2025-07-10;-2.0;-117.06
C3F1950C86730F1158A3BB3DBE8EEB89;FC081C55582CED11A62CD892C0003F2A;2025-07-10;-2.0;-210.0
2458F2FDF513CE118772106505009569;FC081C55582CED11A62CD892C0003F2A;2025-07-10;-2.0;-1639.2
A6CA6603C4D1FE1191EE106505003CB9;FC081C55582CED11A62CD892C0003F2A;2025-07-10;-2.0;-265.62
B9C48CCA2B9FFE11F1557891FE69C689;B0BDDED34CC83E11052F6792C000B249;2025-07-10;-2.0;-1096.8
CE06AD764D4EFE11F1557891FE692589;B0BDDED34CC83E11052F6792C000B249;2025-07-10;-2.0;-669.16
F458397C4032FE1191EE10650500ACB9;B0BDDED34CC83E11052F6792C000B249;2025-07-10;-4.0;-202.42000000000002
D1A7955D82C5EE1191EE1065050045B9;B0BDDED34CC83E11052F6792C000B249;2025-07-10;-2.0;-360.0
359B45922E130F114EF7A826072B7B89;B0BDDED34CC83E11052F6792C000B249;2025-07-10;-2.0;-96.0
E23732FC5CFFFE11F1557891FE694789;B0BDDED34CC83E11052F6792C000B249;2025-07-10;-8.0;-352.0
8D9F0194F3269E11554010650500604B;B0BDDED34CC83E11052F6792C000B249;2025-07-10;-2.0;-574.68
70ACAEB805B4DE11ADB310650500F0C8;B0BDDED34CC83E11052F6792C000B249;2025-07-10;-2.0;-116.16
2148978EF4B4DE11ADB310650500F0C8;B0BDDED34CC83E11052F6792C000B249;2025-07-10;-6.0;-348.48
343D0636E8F19E11554010650500DA3B;B0BDDED34CC83E11052F6792C000B249;2025-07-10;-8.0;-924.0
4EA80755CB63CE118772106505000669;B0BDDED34CC83E11052F6792C000B249;2025-07-10;-4.0;-237.4
F27C0D70B2B89E11525010650500294A;B0BDDED34CC83E11052F6792C000B249;2025-07-10;-2.0;-454.22
9E4D455DE0CAED11A62CD892C0003F2A;B0BDDED34CC83E11052F6792C000B249;2025-07-10;-4.0;-574.12
837CEB5FC7DE4E1142D58A650500BC08;B0BDDED34CC83E11052F6792C000B249;2025-07-10;-2.0;-206.44
6621564B02CAED11A62CD892C0003F2A;B0BDDED34CC83E11052F6792C000B249;2025-07-10;-4.0;-386.56
4BF72E5DC335DE11ADB31065050091C8;B0BDDED34CC83E11052F6792C000B249;2025-07-10;-8.0;-480.48
35CF4D346E458E113835BB6505001EAA;B0BDDED34CC83E11052F6792C000B249;2025-07-10;-2.0;-169.28
970519DFC0CAED11A62CD892C0003F2A;B0BDDED34CC83E11052F6792C000B249;2025-07-10;-2.0;-580.7
37308690BFC18E113835BB650500B9AA;B0BDDED34CC83E11052F6792C000B249;2025-07-10;-8.0;-1220.92
77CBC4B73F9BBE118772106505001C59;B0BDDED34CC83E11052F6792C000B249;2025-07-10;-2.0;-81.86
DC43B91FF106FE1191EE10650500B1C9;B0BDDED34CC83E11052F6792C000B249;2025-07-10;-4.0;-612.6
91E8CA5501CAED11A62CD892C0003F2A;B0BDDED34CC83E11052F6792C000B249;2025-07-10;-6.0;-1009.8000000000001
8E6E948E05B4DE11ADB310650500F0C8;B0BDDED34CC83E11052F6792C000B249;2025-07-10;-2.0;-116.16
7A92CBDD2233DE11ADB310650500EEB8;B0BDDED34CC83E11052F6792C000B249;2025-07-10;-2.0;-296.14
293D26C3BCB1EE114066106505001C4A;B0BDDED34CC83E11052F6792C000B249;2025-07-10;-2.0;-135.36
FCEC30D9A257DE11C846106505008F6A;B0BDDED34CC83E11052F6792C000B249;2025-07-10;-12.0;-306.0
D467E9ED0BE1DE11ADB3106505004DB8;B0BDDED34CC83E11052F6792C000B249;2025-07-10;-2.0;-654.0
9BC8B5451A134E1142D58A6505001C08;B0BDDED34CC83E11052F6792C000B249;2025-07-10;-4.0;-1476.0
502FAD6CE71BDE11406610650500634A;B0BDDED34CC83E11052F6792C000B249;2025-07-10;-6.0;-55.78
EA3F4A2031D1DE11ADB3106505002DB8;B0BDDED34CC83E11052F6792C000B249;2025-07-10;-4.0;-367.0
38C8F15F7742EE11406610650500DC4A;B0BDDED34CC83E11052F6792C000B249;2025-07-10;-2.0;-1170.0
46EBB8246B34DE11ADB31065050050C8;B0BDDED34CC83E11052F6792C000B249;2025-07-10;-2.0;-167.06
ABA90CDB0321DE11ADB3106505003CB8;B0BDDED34CC83E11052F6792C000B249;2025-07-10;-2.0;-114.0
0C4F278C0ADEAE11BE2110650500E35A;B0BDDED34CC83E11052F6792C000B249;2025-07-10;-10.0;-184.5
335C8EE9F7BAFE11128010650500E819;B0BDDED34CC83E11052F6792C000B249;2025-07-10;-2.0;-42.0
404D8C0C64FF4E1142D58A650500BC08;B0BDDED34CC83E11052F6792C000B249;2025-07-10;-2.0;-65.3
3FDFC827B5030F114EF7A826072B5B89;B0BDDED34CC83E11052F6792C000B249;2025-07-10;-2.0;-344.18
54A742F7AA52CE11877210650500A469;B0BDDED34CC83E11052F6792C000B249;2025-07-10;-2.0;-134.86
567D8B89709EBE11877210650500DF59;B0BDDED34CC83E11052F6792C000B249;2025-07-10;-6.0;-158.82
F3768EBEFDCA9E11525010650500EB4A;B0BDDED34CC83E11052F6792C000B249;2025-07-10;-6.0;-739.2
387233DCCE80FE1191EE106505009AB9;B0BDDED34CC83E11052F6792C000B249;2025-07-10;-2.0;-273.2
5BFF0450D0CAED11A62CD892C0003F2A;B0BDDED34CC83E11052F6792C000B249;2025-07-10;-2.0;-317.78
1ABDD438DAFB3E11052F6792C000D249;B0BDDED34CC83E11052F6792C000B249;2025-07-10;-8.0;-205.9
E9C185AD1DC97E110819BB65050019AA;B0BDDED34CC83E11052F6792C000B249;2025-07-10;-4.0;-282.24
29D7334651CAED11A62CD892C0003F2A;B0BDDED34CC83E11052F6792C000B249;2025-07-10;-2.0;-293.42
C6C823FA8D410F11112A674AC7E21989;B0BDDED34CC83E11052F6792C000B249;2025-07-10;-6.0;-366.6
1D79A08BE342EE11406610650500DC4A;B0BDDED34CC83E11052F6792C000B249;2025-07-10;-4.0;-1011.44
F585D4A2CD387E110819BB65050009AA;B0BDDED34CC83E11052F6792C000B249;2025-07-10;-2.0;-65.4
48904BBEC0CAED11A62CD892C0003F2A;B0BDDED34CC83E11052F6792C000B249;2025-07-10;-6.0;-663.3
1677E18812E1FE1191EE106505004CB9;B0BDDED34CC83E11052F6792C000B249;2025-07-10;-2.0;-161.46
0E05D556E40B6E11B7B78A650500BC08;B0BDDED34CC83E11052F6792C000B249;2025-07-10;-2.0;-385.92
2AE59375470A0E11A4A96492C0001269;B0BDDED34CC83E11052F6792C000B249;2025-07-10;-2.0;-292.96
7FA8FA5B3B158E113835BB650500DDAA;B0BDDED34CC83E11052F6792C000B249;2025-07-10;-2.0;-2927.3
B6A224320224EE11B1AD1065050087EA;B0BDDED34CC83E11052F6792C000B249;2025-07-10;-2.0;-128.58
45A1804F20267E11B7B78A650500ED08;B0BDDED34CC83E11052F6792C000B249;2025-07-10;-2.0;-124.76
F905B5273705EE11B1AD10650500A8EA;B0BDDED34CC83E11052F6792C000B249;2025-07-10;-2.0;-305.1
866C3997B34C2E11052F6792C000CF39;B0BDDED34CC83E11052F6792C000B249;2025-07-10;-2.0;-284.8
C0F62DF311CAED11A62CD892C0003F2A;B0BDDED34CC83E11052F6792C000B249;2025-07-10;-2.0;-505.46
CBA1ACB9F789DE11406610650500514A;B0BDDED34CC83E11052F6792C000B249;2025-07-10;-10.0;-255.0
194F367EEB0AFE11128010650500E819;B0BDDED34CC83E11052F6792C000B249;2025-07-10;-2.0;-26.84
83CC72ACC09EBE11877210650500DF59;B0BDDED34CC83E11052F6792C000B249;2025-07-10;-2.0;-52.94
3D9F2B3B3694FE1191EE10650500EFB9;B0BDDED34CC83E11052F6792C000B249;2025-07-10;-2.0;-1066.94
3865C9FB1123CE11877210650500A569;B0BDDED34CC83E11052F6792C000B249;2025-07-10;-6.0;-171.42
6EB8E963BE12EE11406610650500AC4A;B0BDDED34CC83E11052F6792C000B249;2025-07-10;-2.0;-524.18
D2506E2A028D8E11F243BB650500254B;B0BDDED34CC83E11052F6792C000B249;2025-07-10;-2.0;-207.76
A1F4F977397BBE11877210650500EB59;B0BDDED34CC83E11052F6792C000B249;2025-07-10;-2.0;-98.64
28B3259A51FBEE1191EE1065050029B9;B0BDDED34CC83E11052F6792C000B249;2025-07-10;-2.0;-109.3
0AB2738BBF13CE11877210650500A569;B0BDDED34CC83E11052F6792C000B249;2025-07-10;-2.0;-66.94
CF0A8E67BC5A3E11052F6792C000D249;B0BDDED34CC83E11052F6792C000B249;2025-07-10;-2.0;-583.5
F5D8EC8A544DEE1191EE1065050029B9;B0BDDED34CC83E11052F6792C000B249;2025-07-10;-4.0;-256.16
089B3045EA93FE1191EE106505009EB9;B0BDDED34CC83E11052F6792C000B249;2025-07-10;-8.0;-569.96
CB4492A1E30BEE1191EE1065050029B9;B0BDDED34CC83E11052F6792C000B249;2025-07-10;-2.0;-121.8
2442E72E99FC9E11726010650500E94A;B0BDDED34CC83E11052F6792C000B249;2025-07-10;-2.0;-189.1
309D72CB9D1DDE11406610650500164A;B0BDDED34CC83E11052F6792C000B249;2025-07-10;-2.0;-25.42
5A062970BEE4AE11726010650500145A;B0BDDED34CC83E11052F6792C000B249;2025-07-10;-2.0;-106.96
9E6DE8B3FC94DE11ADB310650500D0C8;B0BDDED34CC83E11052F6792C000B249;2025-07-10;-2.0;-364.26
A620F91E019EBE11877210650500DF59;B0BDDED34CC83E11052F6792C000B249;2025-07-10;-2.0;-52.94
720AA1DA61769E11554010650500C04B;B0BDDED34CC83E11052F6792C000B249;2025-07-10;-2.0;-27.14
20B3B9A9E3A7AE11BE2110650500BA4A;B0BDDED34CC83E11052F6792C000B249;2025-07-10;-2.0;-206.36
559E0CA6BEDE8E11F243BB650500E64B;B0BDDED34CC83E11052F6792C000B249;2025-07-10;-2.0;-715.84
2E6015003E405E1142D58A650500BC08;B0BDDED34CC83E11052F6792C000B249;2025-07-10;-2.0;-299.8
CBDC54C83094DE11ADB310650500C0C8;B0BDDED34CC83E11052F6792C000B249;2025-07-10;-2.0;-413.02
B8C5E8CF09E5FE1191EE1065050091C9;B0BDDED34CC83E11052F6792C000B249;2025-07-10;-2.0;-106.82
BCD1DC24D1CAED11A62CD892C0003F2A;B0BDDED34CC83E11052F6792C000B249;2025-07-10;-4.0;-105.12
0DCB0E913EDBBE118772106505006C59;B0BDDED34CC83E11052F6792C000B249;2025-07-10;-2.0;-201.22
7634445DF7300F11F1557891FE699789;B0BDDED34CC83E11052F6792C000B249;2025-07-10;-2.0;-450.0
7994E8A4E315AE11726010650500445A;44673735EAF46E11B7B78A650500BC08;2025-07-10;-4.0;-187.44
AEF155EB3C456E11B7B78A650500BC08;44673735EAF46E11B7B78A650500BC08;2025-07-10;-2.0;-153.38
25BA7DCAFC4F6E11B7B78A650500CD08;44673735EAF46E11B7B78A650500BC08;2025-07-10;-4.0;-905.84
AD6AA4B92E456E11B7B78A650500BC08;44673735EAF46E11B7B78A650500BC08;2025-07-10;-10.0;-5088.0
54361D8F49BFEE1191EE1065050089B9;44673735EAF46E11B7B78A650500BC08;2025-07-10;-2.0;-239.78
F661B8747B4F6E11B7B78A650500CD08;44673735EAF46E11B7B78A650500BC08;2025-07-10;-72.0;-426.96
0BDE504CF54CDE11406610650500054A;44673735EAF46E11B7B78A650500BC08;2025-07-10;-12.0;-612.0
725559B666767E11B7B78A650500ED08;44673735EAF46E11B7B78A650500BC08;2025-07-10;-12.0;-2514.84
B6EC7AF6E9A7DE11C84610650500FF6A;44673735EAF46E11B7B78A650500BC08;2025-07-10;-4.0;-185.88
32204C3634C26E1142D58A650500AD08;44673735EAF46E11B7B78A650500BC08;2025-07-10;-8.0;-1262.88
4C2C200DFD456E11B7B78A650500BC08;44673735EAF46E11B7B78A650500BC08;2025-07-10;-2.0;-410.0
3C361686AC456E11B7B78A650500BC08;44673735EAF46E11B7B78A650500BC08;2025-07-10;-2.0;-58.1
FA582521E6568E11F243BB6505007B3B;44673735EAF46E11B7B78A650500BC08;2025-07-10;-8.0;-550.24
C0E08354BFFD9E117260106505004B4A;44673735EAF46E11B7B78A650500BC08;2025-07-10;-2.0;-640.0
70E31DD4F9CB8E11F243BB650500624B;44673735EAF46E11B7B78A650500BC08;2025-07-10;-12.0;-3682.7999999999997
4E71D96512248E113835BB6505009CAA;44673735EAF46E11B7B78A650500BC08;2025-07-10;-26.0;-1072.24
8904DA618D456E11B7B78A650500BC08;44673735EAF46E11B7B78A650500BC08;2025-07-10;-4.0;-125.94
C55E2EEFDE456E11B7B78A650500BC08;44673735EAF46E11B7B78A650500BC08;2025-07-10;-45.2;-2947.04
87C6F9F0DC4CFE111280106505000919;44673735EAF46E11B7B78A650500BC08;2025-07-10;-4.0;-892.0
D5D32B073B85DE11ADB31065050002C8;44673735EAF46E11B7B78A650500BC08;2025-07-10;-2.0;-354.02
FF2872335D456E11B7B78A650500BC08;44673735EAF46E11B7B78A650500BC08;2025-07-10;-2.0;-867.56
2DF1D982821A8E11F243BB650500304B;44673735EAF46E11B7B78A650500BC08;2025-07-10;-4.0;-495.56
50F1B189E1027E11B7B78A650500CD08;44673735EAF46E11B7B78A650500BC08;2025-07-10;-2.0;-378.0
ABD58392A1567E11B7B78A650500ED08;44673735EAF46E11B7B78A650500BC08;2025-07-10;-4.0;-127.08
4B0DF4BB3D456E11B7B78A650500BC08;44673735EAF46E11B7B78A650500BC08;2025-07-10;-4.0;-166.62
C67F99DFE6B49E115540106505008E3B;44673735EAF46E11B7B78A650500BC08;2025-07-10;-2.0;-192.68
4268C62B5366EE1191EE1065050016B9;44673735EAF46E11B7B78A650500BC08;2025-07-10;-4.0;-117.6
00FAD3CD653DDE11406610650500364A;44673735EAF46E11B7B78A650500BC08;2025-07-10;-60.0;-2222.68
9A8B9C320EA98E11F243BB650500BF3B;44673735EAF46E11B7B78A650500BC08;2025-07-10;-4.0;-732.78
444E3277238FCE11ADB310650500D9B8;44673735EAF46E11B7B78A650500BC08;2025-07-10;-10.0;-4756.5
1F6813864D85DE11ADB31065050002C8;44673735EAF46E11B7B78A650500BC08;2025-07-10;-8.0;-834.4
4E3453A763039E115540106505004C3B;44673735EAF46E11B7B78A650500BC08;2025-07-10;-2.0;-245.32
7BE08E40C11A8E11F243BB650500304B;44673735EAF46E11B7B78A650500BC08;2025-07-10;-2.0;-33.6
5BF720926EEDBE118772106505000F59;44673735EAF46E11B7B78A650500BC08;2025-07-10;-4.0;-124.36
F9FD29B141248E113835BB6505009CAA;44673735EAF46E11B7B78A650500BC08;2025-07-10;-14.0;-257.6
ED997CFBB6A40F114EF7A826072B6D89;44673735EAF46E11B7B78A650500BC08;2025-07-10;-2.0;-692.0
698BDF31DAD0FE1191EE10650500FAB9;44673735EAF46E11B7B78A650500BC08;2025-07-10;-2.0;-96.1
0C70813DABE1EE114066106505006C4A;44673735EAF46E11B7B78A650500BC08;2025-07-10;-2.0;-650.6
DC9DD781433F6E11B7B78A650500CD08;44673735EAF46E11B7B78A650500BC08;2025-07-10;-6.0;-67.98
CD9DE51F066E9E11726010650500CB4A;44673735EAF46E11B7B78A650500BC08;2025-07-10;-2.0;-47.52
2E4DE77554DCAE11BE2110650500515A;44673735EAF46E11B7B78A650500BC08;2025-07-10;-4.0;-446.88
565B876898C6DE11C84610650500DE6A;44673735EAF46E11B7B78A650500BC08;2025-07-10;-4.0;-47.32
3DF9912ED621BE11BE2110650500D65A;44673735EAF46E11B7B78A650500BC08;2025-07-10;-2.0;-246.0
EA77304C1E456E11B7B78A650500BC08;44673735EAF46E11B7B78A650500BC08;2025-07-10;-2.0;-803.88
8776371E51FA8E11F243BB650500514B;44673735EAF46E11B7B78A650500BC08;2025-07-10;-2.0;-58.34
A20403D0F621BE11BE2110650500D65A;44673735EAF46E11B7B78A650500BC08;2025-07-10;-2.0;-168.0
BF8036F7D7A5DE11ADB31065050022C8;44673735EAF46E11B7B78A650500BC08;2025-07-10;-8.0;-366.68
7C56653C2B7FAE11BE2110650500B45A;44673735EAF46E11B7B78A650500BC08;2025-07-10;-6.0;-1764.0
DBBBEF58D12B7E110819BB65050039AA;44673735EAF46E11B7B78A650500BC08;2025-07-10;-2.0;-174.0
9B237A487148EE1191EE1065050038B9;44673735EAF46E11B7B78A650500BC08;2025-07-10;-2.0;-504.42
19540026AC456E11B7B78A650500BC08;44673735EAF46E11B7B78A650500BC08;2025-07-10;-4.0;-485.12
EBF67D3F67400F11F1557891FE69A789;44673735EAF46E11B7B78A650500BC08;2025-07-10;-4.0;-2400.0
1B37940A3E456E11B7B78A650500BC08;44673735EAF46E11B7B78A650500BC08;2025-07-10;-6.0;-4440.0
B0991FA7BFCCDE11406610650500B54A;44673735EAF46E11B7B78A650500BC08;2025-07-10;-2.0;-835.86
237CFD80AE456E11B7B78A650500BC08;44673735EAF46E11B7B78A650500BC08;2025-07-10;-4.0;-45.32
03DD8984ABE1EE114066106505006C4A;44673735EAF46E11B7B78A650500BC08;2025-07-10;-8.0;-1276.8
3D928FA3DC456E11B7B78A650500BC08;44673735EAF46E11B7B78A650500BC08;2025-07-10;-4.0;-410.08
31F7B97FC3BC3E11052F6792C000D249;44673735EAF46E11B7B78A650500BC08;2025-07-10;-36.0;-2540.1600000000003
3AA0E8E2D0458E113835BB6505000EAA;44673735EAF46E11B7B78A650500BC08;2025-07-10;-6.0;-448.32
2FD20E8773D0DE11ADB310650500BBB8;44673735EAF46E11B7B78A650500BC08;2025-07-10;-4.0;-57.52
55233BFF1CA8BE118772106505005859;44673735EAF46E11B7B78A650500BC08;2025-07-10;-8.0;-388.96
7DF25FAA63039E115540106505004C3B;44673735EAF46E11B7B78A650500BC08;2025-07-10;-2.0;-179.8
267409E2259DFE11F1557891FE693489;44673735EAF46E11B7B78A650500BC08;2025-07-10;-6.0;-449.32
0F27FD8A72C97E110819BB65050019AA;44673735EAF46E11B7B78A650500BC08;2025-07-10;-8.0;-105.28
61E9273C2D456E11B7B78A650500BC08;44673735EAF46E11B7B78A650500BC08;2025-07-10;-6.0;-657.3
66A5C62D0C5CCE11ADB31065050095B8;44673735EAF46E11B7B78A650500BC08;2025-07-10;-2.0;-1421.12
E9A5103BBD456E11B7B78A650500BC08;44673735EAF46E11B7B78A650500BC08;2025-07-10;-4.0;-97.96
9118A63AB78DBE118772106505008E59;44673735EAF46E11B7B78A650500BC08;2025-07-10;-2.0;-92.7
FD61F64639248E113835BB650500ACAA;44673735EAF46E11B7B78A650500BC08;2025-07-10;-4.0;-85.04
DD577F655AE66E11B7B78A650500BC08;44673735EAF46E11B7B78A650500BC08;2025-07-10;-2.0;-60.4
70FC6773136FAE11BE2110650500945A;44673735EAF46E11B7B78A650500BC08;2025-07-10;-4.0;-1374.38
D7439BB33F5F9E117260106505000D4A;44673735EAF46E11B7B78A650500BC08;2025-07-10;-2.0;-280.08
C7319F3FF4AACE11ADB31065050023B8;44673735EAF46E11B7B78A650500BC08;2025-07-10;-2.0;-143.88
392473A4E528CE11ADB310650500EFA8;44673735EAF46E11B7B78A650500BC08;2025-07-10;-2.0;-290.42
B8FB9C94CC22AE11726010650500905A;44673735EAF46E11B7B78A650500BC08;2025-07-10;-6.0;-1027.18
CAB7EB18DF9CEE1191EE1065050029B9;44673735EAF46E11B7B78A650500BC08;2025-07-10;-2.0;-229.34
9898D2291D9F7E110819BB65050039AA;44673735EAF46E11B7B78A650500BC08;2025-07-10;-2.0;-94.76
A8DC76387DECEE1191EE1065050029B9;44673735EAF46E11B7B78A650500BC08;2025-07-10;-2.0;-528.3
04B65EB0E6568E11F243BB6505007B3B;44673735EAF46E11B7B78A650500BC08;2025-07-10;-2.0;-118.72
6105CC805524FE1191EE106505004FB9;44673735EAF46E11B7B78A650500BC08;2025-07-10;-2.0;-344.46
98277BD1DD456E11B7B78A650500BC08;44673735EAF46E11B7B78A650500BC08;2025-07-10;-2.0;-724.0
EDE6875D1C98EE1191EE10650500A8B9;44673735EAF46E11B7B78A650500BC08;2025-07-10;-2.0;-1724.88
4242ED15E68FEE1191EE1065050049B9;44673735EAF46E11B7B78A650500BC08;2025-07-10;-2.0;-1216.0
BC32A1754C456E11B7B78A650500BC08;44673735EAF46E11B7B78A650500BC08;2025-07-10;-4.0;-276.12
714BA8186EEDBE118772106505000F59;44673735EAF46E11B7B78A650500BC08;2025-07-10;-2.0;-58.54
F38C2D4A811FCE11ADB31065050029B8;44673735EAF46E11B7B78A650500BC08;2025-07-10;-2.0;-465.82
77FB517E3370AE117260106505006E4A;44673735EAF46E11B7B78A650500BC08;2025-07-10;-2.0;-469.38
50B1B895CEF39E115540106505008D3B;44673735EAF46E11B7B78A650500BC08;2025-07-10;-2.0;-142.8
BE93DCFD9F25FE1191EE10650500A0C9;44673735EAF46E11B7B78A650500BC08;2025-07-10;-4.0;-448.2
DC4F2C1F3F2DFE11F1557891FE69B389;44673735EAF46E11B7B78A650500BC08;2025-07-10;-2.0;-3590.2
14C029B21D1DDE11406610650500164A;44673735EAF46E11B7B78A650500BC08;2025-07-10;-2.0;-183.44
E7E69B30FB03EE11B1AD1065050026EA;44673735EAF46E11B7B78A650500BC08;2025-07-10;-2.0;-163.2
EB6575A91EE4AE11726010650500145A;44673735EAF46E11B7B78A650500BC08;2025-07-10;-2.0;-78.76
F8F58DB5AC456E11B7B78A650500BC08;44673735EAF46E11B7B78A650500BC08;2025-07-10;-2.0;-236.8
FB2BB701BD889E11525010650500F84A;44673735EAF46E11B7B78A650500BC08;2025-07-10;-2.0;-178.0
46D2FEBA47E4DE11ADB31065050031C8;44673735EAF46E11B7B78A650500BC08;2025-07-10;-2.0;-1080.0
392317F5E039EE1191EE1065050009B9;44673735EAF46E11B7B78A650500BC08;2025-07-10;-4.0;-276.68
1639D49EB655BE11BE21106505002C5A;44673735EAF46E11B7B78A650500BC08;2025-07-10;-4.0;-276.72
F9912029C7420F114EF7A826072B6A89;44673735EAF46E11B7B78A650500BC08;2025-07-10;-2.0;-730.62
72AC96012F83AE11726010650500525A;44673735EAF46E11B7B78A650500BC08;2025-07-10;-2.0;-476.32
4C6E2588AC456E11B7B78A650500BC08;44673735EAF46E11B7B78A650500BC08;2025-07-10;-2.0;-439.06
31D1AC08F3D4EE11B1AD1065050068EA;44673735EAF46E11B7B78A650500BC08;2025-07-10;-2.0;-431.08
C94E60D66FD8CE11ADB310650500E0B8;44673735EAF46E11B7B78A650500BC08;2025-07-10;-2.0;-518.0
05B63D2329363E11052F6792C000FF39;44673735EAF46E11B7B78A650500BC08;2025-07-10;-2.0;-78.18
701142C8008CBE118772106505003D59;44673735EAF46E11B7B78A650500BC08;2025-07-10;-2.0;-823.3
86570A134C456E11B7B78A650500BC08;44673735EAF46E11B7B78A650500BC08;2025-07-10;-6.0;-965.2
679919C6D004FE1191EE106505001FB9;44673735EAF46E11B7B78A650500BC08;2025-07-10;-2.0;-156.26
66CDE49B3FF08E110819BB65050039AA;44673735EAF46E11B7B78A650500BC08;2025-07-10;-2.0;-4368.9
1A9E47EAD0CAED11A62CD892C0003F2A;44673735EAF46E11B7B78A650500BC08;2025-07-10;-8.0;-690.64
C3EE077F7D456E11B7B78A650500BC08;44673735EAF46E11B7B78A650500BC08;2025-07-10;-2.0;-62.4
A9E3F1B86C456E11B7B78A650500BC08;44673735EAF46E11B7B78A650500BC08;2025-07-10;-4.0;-412.92
F31FF008238FCE11ADB310650500D9B8;44673735EAF46E11B7B78A650500BC08;2025-07-10;-2.0;-420.76
64C5195257363E11052F6792C000FF39;44673735EAF46E11B7B78A650500BC08;2025-07-10;-8.0;-192.96
56736176E770BE11BE2110650500F55A;44673735EAF46E11B7B78A650500BC08;2025-07-10;-2.0;-179.62
11DBD1DCD0CAED11A62CD892C0003F2A;44673735EAF46E11B7B78A650500BC08;2025-07-10;-4.0;-579.08
0E12452A3E263E11052F6792C000FF39;44673735EAF46E11B7B78A650500BC08;2025-07-10;-4.0;-222.36
89AFE694AC456E11B7B78A650500BC08;44673735EAF46E11B7B78A650500BC08;2025-07-10;-2.0;-43.46
9E5265483915CE11ADB3106505000DA8;44673735EAF46E11B7B78A650500BC08;2025-07-10;-2.0;-441.74
664B5A5CFC626E1142D58A650500AD08;44673735EAF46E11B7B78A650500BC08;2025-07-10;-4.0;-280.52
C786FA88A8E9BE11877210650500E959;44673735EAF46E11B7B78A650500BC08;2025-07-10;-2.0;-231.0
4A17619EC688CE11ADB31065050070B8;44673735EAF46E11B7B78A650500BC08;2025-07-10;-2.0;-82.36
3A64BFD1AFD34E1142D58A6505002C08;44673735EAF46E11B7B78A650500BC08;2025-07-10;-2.0;-339.28
0352BE0BB40BAE11BE21106505000F4A;44673735EAF46E11B7B78A650500BC08;2025-07-10;-2.0;-102.0
8BF345B4AA79DE11406610650500414A;44673735EAF46E11B7B78A650500BC08;2025-07-10;-2.0;-296.0
2933317E395EDE11406610650500C74A;44673735EAF46E11B7B78A650500BC08;2025-07-10;-2.0;-614.58
78CECFA1ECA20F114EF7A826072BEA89;44673735EAF46E11B7B78A650500BC08;2025-07-10;-2.0;-224.28
CA57A8994E44BE11BE2110650500DA5A;44673735EAF46E11B7B78A650500BC08;2025-07-10;-2.0;-1490.0
3AB18E164431FE1191EE106505006BB9;44673735EAF46E11B7B78A650500BC08;2025-07-10;-2.0;-2012.14
20F9CAB8E770BE11BE2110650500F55A;44673735EAF46E11B7B78A650500BC08;2025-07-10;-2.0;-17.08
F9F449F499775E1142D58A650500DC08;44673735EAF46E11B7B78A650500BC08;2025-07-10;-4.0;-280.52
55B69B5AC7797E110819BB65050019AA;44673735EAF46E11B7B78A650500BC08;2025-07-10;-2.0;-262.6
D235E2B8B7A6BE11877210650500C559;44673735EAF46E11B7B78A650500BC08;2025-07-10;-2.0;-1025.8
C6E5E0944E456E11B7B78A650500BC08;44673735EAF46E11B7B78A650500BC08;2025-07-10;-2.0;-138.0
4243EBAA559DFE11F1557891FE693489;44673735EAF46E11B7B78A650500BC08;2025-07-10;-2.0;-83.3
E260A9054C456E11B7B78A650500BC08;44673735EAF46E11B7B78A650500BC08;2025-07-10;-4.0;-798.04
2A1FA1F56BCEAE11BE2110650500D35A;FC081C55582CED11A62CD892C0003F2A;2025-07-10;-2.0;-720.0
EEF9CCE11C540F114EF7A826072B0D89;FC081C55582CED11A62CD892C0003F2A;2025-07-10;-2.0;-1027.44
410D23F994628E111E1BBB6505007AAA;FC081C55582CED11A62CD892C0003F2A;2025-07-10;-2.0;-351.14
EB5980AE1C427E11B7B78A650500CD08;44673735EAF46E11B7B78A650500BC08;2025-07-10;2.0;800.0
2FC032F28ABAFE11128010650500E819;B0BDDED34CC83E11052F6792C000B249;2025-07-10;-4.0;-125.44
74A742F7AA52CE11877210650500A469;FC081C55582CED11A62CD892C0003F2A;2025-07-10;-2.0;-505.54
3EC97A2D32CAED11A62CD892C0003F2A;FC081C55582CED11A62CD892C0003F2A;2025-07-10;0.0;0.0
D24285D780B2CE118772106505001569;FC081C55582CED11A62CD892C0003F2A;2025-07-10;0.0;0.0
568F05967889EE1191EE1065050009B9;FC081C55582CED11A62CD892C0003F2A;2025-07-10;0.0;0.0
91C3A055D3316E1142D58A650500AD08;FC081C55582CED11A62CD892C0003F2A;2025-07-10;-26.0;-593.5
3B9437400502EE114066106505008C4A;FC081C55582CED11A62CD892C0003F2A;2025-07-10;0.0;0.0
5928761AFC07FE1191EE1065050013C9;FC081C55582CED11A62CD892C0003F2A;2025-07-10;0.0;0.0
FC39F31DAF13CE11877210650500A569;FC081C55582CED11A62CD892C0003F2A;2025-07-10;-2.0;-54.74
2437E5CB24D67E11B7B78A650500ED08;FC081C55582CED11A62CD892C0003F2A;2025-07-10;0.0;0.0
543A468EADB88E11F243BB6505008E3B;FC081C55582CED11A62CD892C0003F2A;2025-07-10;0.0;0.0
7E75DA1E68DDCE11ADB31065050097B8;FC081C55582CED11A62CD892C0003F2A;2025-07-10;0.0;0.0
4F3C5ED4A3D67E11B7B78A650500ED08;FC081C55582CED11A62CD892C0003F2A;2025-07-10;0.0;0.0
123C0EBEE54CCE11ADB31065050075B8;FC081C55582CED11A62CD892C0003F2A;2025-07-10;0.0;0.0
39C52ACDC3D67E11B7B78A650500ED08;FC081C55582CED11A62CD892C0003F2A;2025-07-10;0.0;0.0
2F478A00CBE1EE114066106505006C4A;FC081C55582CED11A62CD892C0003F2A;2025-07-10;0.0;0.0
1E6707E5737A7E110819BB65050039AA;FC081C55582CED11A62CD892C0003F2A;2025-07-10;0.0;0.0
7DBA2339559DFE11F1557891FE693489;FC081C55582CED11A62CD892C0003F2A;2025-07-10;0.0;0.0
4243EBAA559DFE11F1557891FE693489;FC081C55582CED11A62CD892C0003F2A;2025-07-10;0.0;0.0
E45667EAEEE4AE11726010650500145A;FC081C55582CED11A62CD892C0003F2A;2025-07-10;0.0;0.0
4744FA69BF354E1142D58A6505002C08;44673735EAF46E11B7B78A650500BC08;2025-07-10;22.0;1321.3200000000002
5F210E886A88CE11ADB31065050070B8;FC081C55582CED11A62CD892C0003F2A;2025-07-10;40.0;3608.3999999999996
FDCB14B1AB4ACE11ADB310650500B2B8;FC081C55582CED11A62CD892C0003F2A;2025-07-10;12.0;3861.54
7B8221F535DB4E1142D58A6505009C08;FC081C55582CED11A62CD892C0003F2A;2025-07-10;-10.0;-3446.2999999999997
E0A55E04E0CAED11A62CD892C0003F2A;FC081C55582CED11A62CD892C0003F2A;2025-07-10;-2.0;-670.24
F9FA0E49AC456E11B7B78A650500BC08;44673735EAF46E11B7B78A650500BC08;2025-07-10;-2.0;-451.88
D3390B7886AA7E110819BB65050039AA;44673735EAF46E11B7B78A650500BC08;2025-07-10;20.0;5220.98
139FB66334627E11B7B78A650500CD08;44673735EAF46E11B7B78A650500BC08;2025-07-10;16.0;2859.26
25616E18B5FC7E110819BB65050039AA;44673735EAF46E11B7B78A650500BC08;2025-07-10;100.0;634.0
E4A4DC82E9456E11B7B78A650500BC08;44673735EAF46E11B7B78A650500BC08;2025-07-10;0.0;0.0
DB26445D0DFCBE11877210650500DD59;44673735EAF46E11B7B78A650500BC08;2025-07-10;0.0;0.0
3C6B0DF0E9456E11B7B78A650500BC08;44673735EAF46E11B7B78A650500BC08;2025-07-10;0.0;2.2737367544323206e-13
236292E5C16F9E117260106505000D4A;44673735EAF46E11B7B78A650500BC08;2025-07-10;0.0;0.0
4A1F9D0F2138CE11ADB310650500FFA8;44673735EAF46E11B7B78A650500BC08;2025-07-10;0.0;0.0
1A3ACCEBBE789E11525010650500E84A;44673735EAF46E11B7B78A650500BC08;2025-07-10;0.0;4.547473508864641e-13
29DCDFD36DCF8E11F243BB650500184B;44673735EAF46E11B7B78A650500BC08;2025-07-10;0.0;0.0
5DBC13446DCF8E11F243BB650500184B;44673735EAF46E11B7B78A650500BC08;2025-07-10;0.0;0.0
870EC968753ADE11406610650500324A;44673735EAF46E11B7B78A650500BC08;2025-07-10;0.0;0.0
599893EDB8E3BE11BE21106505005A5A;44673735EAF46E11B7B78A650500BC08;2025-07-10;0.0;0.0
00FAAF03BA66CE11ADB310650500BDA8;44673735EAF46E11B7B78A650500BC08;2025-07-10;-2.0;-65.52
9EFE39A7BE22AE11726010650500905A;44673735EAF46E11B7B78A650500BC08;2025-07-10;0.0;0.0
3CC596634E1FCE11ADB31065050039B8;44673735EAF46E11B7B78A650500BC08;2025-07-10;0.0;0.0
AE18AD696C9C7E110819BB65050039AA;44673735EAF46E11B7B78A650500BC08;2025-07-10;0.0;0.0
F73B6DD6BAB49E115540106505008E3B;44673735EAF46E11B7B78A650500BC08;2025-07-10;0.0;0.0
91E82E2BE9456E11B7B78A650500BC08;44673735EAF46E11B7B78A650500BC08;2025-07-10;-2.0;-195.9
66E1256B5C440F114EF7A826072BFC89;FC081C55582CED11A62CD892C0003F2A;2025-07-10;0.0;0.0
60BB97EB5C440F114EF7A826072BFC89;FC081C55582CED11A62CD892C0003F2A;2025-07-10;0.0;0.0
E6B48CCC6CB50F114EF7A826072BCE89;44673735EAF46E11B7B78A650500BC08;2025-07-10;8.0;14000.0
46300BEBBEB40F114EF7A826072B8D89;B0BDDED34CC83E11052F6792C000B249;2025-07-10;48.0;3267.58
38710BEBBEB40F114EF7A826072B8D89;B0BDDED34CC83E11052F6792C000B249;2025-07-10;96.0;6980.1
3B7C930CBEB40F114EF7A826072B8D89;B0BDDED34CC83E11052F6792C000B249;2025-07-10;100.0;494.72
44BBB9A978540F114EF7A826072B0D89;B0BDDED34CC83E11052F6792C000B249;2025-07-10;200.0;2852.48
21C08E2F2317DE11C846106505003F6A;FC081C55582CED11A62CD892C0003F2A;2025-07-10;-4.0;-1025.62
6CDD0C3751CAED11A62CD892C0003F2A;B0BDDED34CC83E11052F6792C000B249;2025-07-10;8.0;2788.0
8324693F2B140F114EF7A826072BBC89;B0BDDED34CC83E11052F6792C000B249;2025-07-10;16.0;1092.0
AB2B993DAC456E11B7B78A650500BC08;44673735EAF46E11B7B78A650500BC08;2025-07-10;-2.0;-116.04
95F57A9DAC456E11B7B78A650500BC08;44673735EAF46E11B7B78A650500BC08;2025-07-10;-8.0;-1460.72
F02ADE5EAC456E11B7B78A650500BC08;44673735EAF46E11B7B78A650500BC08;2025-07-10;-16.0;-16750.56
104302DBBEB40F114EF7A826072B8D89;FC081C55582CED11A62CD892C0003F2A;2025-07-10;48.0;1047.64
9D0402DBBEB40F114EF7A826072B8D89;FC081C55582CED11A62CD892C0003F2A;2025-07-10;48.0;2397.92
11AB415CBEB40F114EF7A826072B8D89;FC081C55582CED11A62CD892C0003F2A;2025-07-10;48.0;2659.72
52FF8E37D4F5FE1191EE10650500A1C9;B0BDDED34CC83E11052F6792C000B249;2025-07-10;4.0;324.44
062CC17FED71FE1191EE10650500CBB9;B0BDDED34CC83E11052F6792C000B249;2025-07-10;6.0;1999.14
EB0CDF16ACA49E115540106505007E3B;B0BDDED34CC83E11052F6792C000B249;2025-07-10;6.0;1551.36
60379C31DEE58E11F243BB650500EA3B;44673735EAF46E11B7B78A650500BC08;2025-07-10;2.0;7668.76
6F9889072C8EAE11BE2110650500835A;44673735EAF46E11B7B78A650500BC08;2025-07-10;-2.0;-104.0
F027F48E7505EE11B1AD10650500A8EA;44673735EAF46E11B7B78A650500BC08;2025-07-10;-149.8;-3535.28
8FCB7A20F6197E110819BB65050009AA;44673735EAF46E11B7B78A650500BC08;2025-07-10;-2.0;-62.2
A31D676636EEAE11BE2110650500F35A;44673735EAF46E11B7B78A650500BC08;2025-07-10;16.0;1487.74
F88BE0D1490FEE1191EE1065050029B9;44673735EAF46E11B7B78A650500BC08;2025-07-10;-4.0;-26.44
DF3FAE015FDD6E11B7B78A650500BC08;44673735EAF46E11B7B78A650500BC08;2025-07-10;-16.0;-409.76
51D195C04E040F114EF7A826072BAC89;FC081C55582CED11A62CD892C0003F2A;2025-07-10;16.0;25602.64
624C50428C48DE11C84610650500C07A;FC081C55582CED11A62CD892C0003F2A;2025-07-10;2.0;19832.06
38C8F15F7742EE11406610650500DC4A;FC081C55582CED11A62CD892C0003F2A;2025-07-10;32.0;18720.0
4F6AFE4079258E113835BB650500EDAA;44673735EAF46E11B7B78A650500BC08;2025-07-10;2.0;3716.74
94C029B21D1DDE11406610650500164A;44673735EAF46E11B7B78A650500BC08;2025-07-10;16.0;1235.34
80B5F0C05FAAFE11128010650500E819;B0BDDED34CC83E11052F6792C000B249;2025-07-10;20.0;1531.06
D873E3AC8C456E11B7B78A650500BC08;44673735EAF46E11B7B78A650500BC08;2025-07-10;20.0;273.0
A882DED310C47E11B7B78A650500ED08;44673735EAF46E11B7B78A650500BC08;2025-07-10;60.0;7839.3
E2921DEAFCA50F114EF7A826072BBE89;44673735EAF46E11B7B78A650500BC08;2025-07-10;10.0;6624.0
0DE2A748A735EE11B1AD10650500F8EA;B0BDDED34CC83E11052F6792C000B249;2025-07-10;2.0;826.56
9E8BF9F42E456E11B7B78A650500BC08;44673735EAF46E11B7B78A650500BC08;2025-07-10;0.0;0.0
D52460585D456E11B7B78A650500BC08;B0BDDED34CC83E11052F6792C000B249;2025-07-10;-2.0;-1462.98
65551C7F8D510F11112A674AC7E22989;44673735EAF46E11B7B78A650500BC08;2025-07-10;8.0;10804.3
C21A69D53E93BE11BE2110650500F95A;44673735EAF46E11B7B78A650500BC08;2025-07-10;-40.0;-6600.0
4EFD77F4B8C50F114EF7A826072BDE89;FC081C55582CED11A62CD892C0003F2A;2025-07-10;60.0;6660.0
FEA0114E6EBBEE1191EE1065050029B9;FC081C55582CED11A62CD892C0003F2A;2025-07-10;30.0;20640.0
5EF4E6B8506AFE11128010650500E819;FC081C55582CED11A62CD892C0003F2A;2025-07-10;58.0;2679.6
26018428F0CAED11A62CD892C0003F2A;FC081C55582CED11A62CD892C0003F2A;2025-07-10;38.0;5793.54
96FC79BFFD96BE11877210650500B559;FC081C55582CED11A62CD892C0003F2A;2025-07-10;8.0;1775.28
0B0FC5A2EBFCAE11BE2110650500815A;FC081C55582CED11A62CD892C0003F2A;2025-07-10;20.0;1229.8
7FF7A89A25DFEE1191EE10650500A9B9;FC081C55582CED11A62CD892C0003F2A;2025-07-10;10.0;3322.0
DB259A815CF76E11B7B78A650500BC08;FC081C55582CED11A62CD892C0003F2A;2025-07-10;8.0;2385.28
E947C7327DCA9E11525010650500EB4A;FC081C55582CED11A62CD892C0003F2A;2025-07-10;8.0;2724.24
76295391A924CE11877210650500F669;44673735EAF46E11B7B78A650500BC08;2025-07-10;20.0;4800.0
438A883AC4848E113835BB6505001DAA;44673735EAF46E11B7B78A650500BC08;2025-07-10;-2.0;-485.0
1611AF91956BFD11A4A96492C000CB59;FC081C55582CED11A62CD892C0003F2A;2025-07-10;44.0;8259.24
8B061BBB8403BE11BE2110650500395A;FC081C55582CED11A62CD892C0003F2A;2025-07-10;24.0;3370.56
4599061176208E110819BB65050039AA;B0BDDED34CC83E11052F6792C000B249;2025-07-10;2.0;269.84
6BB58A554D929E11554010650500CB3B;B0BDDED34CC83E11052F6792C000B249;2025-07-10;20.0;1402.2
529C0A7F25DFEE1191EE10650500A9B9;B0BDDED34CC83E11052F6792C000B249;2025-07-10;4.0;906.0
268F191F25DFEE1191EE10650500A9B9;FC081C55582CED11A62CD892C0003F2A;2025-07-10;6.0;1359.0
7357CADF84DDBE11877210650500EE59;B0BDDED34CC83E11052F6792C000B249;2025-07-10;22.0;1281.06
1ECE8753F0CAED11A62CD892C0003F2A;FC081C55582CED11A62CD892C0003F2A;2025-07-10;20.0;5363.0
4E0955155DF88E11F243BB650500DE3B;FC081C55582CED11A62CD892C0003F2A;2025-07-10;4.0;1918.52
5053CB207BA30F114EF7A826072B2C89;FC081C55582CED11A62CD892C0003F2A;2025-07-10;10.0;3414.3
8A1F57B30D3C5E1142D58A6505000D08;FC081C55582CED11A62CD892C0003F2A;2025-07-10;96.0;9737.28
0776B8B88D36DE11ADB310650500E2C8;FC081C55582CED11A62CD892C0003F2A;2025-07-10;12.0;1332.6
4CF71759BF6E8E11F243BB650500564B;44673735EAF46E11B7B78A650500BC08;2025-07-10;20.0;1438.2
25360C1333D0DE11ADB310650500BBB8;FC081C55582CED11A62CD892C0003F2A;2025-07-10;30.0;3420.0
033BE97FC0566E11B7B78A650500BC08;FC081C55582CED11A62CD892C0003F2A;2025-07-10;16.0;4495.48
BF77C3B71143FE1191EE106505001EB9;FC081C55582CED11A62CD892C0003F2A;2025-07-10;8.0;1763.68
A0A8FE8DCD94DE11ADB310650500D0C8;B0BDDED34CC83E11052F6792C000B249;2025-07-10;10.0;942.2800000000001
59ED9DF646A27E11B7B78A650500DD08;44673735EAF46E11B7B78A650500BC08;2025-07-10;-4.0;-199.2
7B7C4B00BFB59E11554010650500EF3B;B0BDDED34CC83E11052F6792C000B249;2025-07-10;40.0;1678.74
D8ACC92F455EDE11406610650500C74A;B0BDDED34CC83E11052F6792C000B249;2025-07-10;4.0;1111.68
8ADDEFCDF77DFE1158A3BB3DBE8E1489;B0BDDED34CC83E11052F6792C000B249;2025-07-10;4.0;557.04
BC0C927FAF42DE11ADB310650500CDB8;FC081C55582CED11A62CD892C0003F2A;2025-07-10;-2.0;-4276.98
6089BECDF864FD110DC22A92C000C499;FC081C55582CED11A62CD892C0003F2A;2025-07-10;12.0;1987.44
3571C35B1CA4DE11ADB310650500E0C8;FC081C55582CED11A62CD892C0003F2A;2025-07-10;4.0;460.82
BBD4185A5DBBEE1191EE1065050029B9;FC081C55582CED11A62CD892C0003F2A;2025-07-10;18.0;10224.0
93261BFD42578E11F243BB650500BC3B;FC081C55582CED11A62CD892C0003F2A;2025-07-10;12.0;717.14
38A3346A3B768E11F243BB650500AB3B;FC081C55582CED11A62CD892C0003F2A;2025-07-10;16.0;4971.18
0DAF8A5FC0CAED11A62CD892C0003F2A;FC081C55582CED11A62CD892C0003F2A;2025-07-10;12.0;1148.46
207B139DC6616E1142D58A650500AD08;FC081C55582CED11A62CD892C0003F2A;2025-07-10;24.0;6553.44
7E15F8F901CAED11A62CD892C0003F2A;FC081C55582CED11A62CD892C0003F2A;2025-07-10;24.0;4534.56
389970448754EE11B1AD10650500C7EA;FC081C55582CED11A62CD892C0003F2A;2025-07-10;30.0;741.0
C000819A08FCFD11A4A96492C000CB59;B0BDDED34CC83E11052F6792C000B249;2025-07-10;22.0;2799.06
C5315A8148329E115540106505004B3B;44673735EAF46E11B7B78A650500BC08;2025-07-10;20.0;5480.0
1D988BCC1CA5FE1191EE1065050041C9;44673735EAF46E11B7B78A650500BC08;2025-07-10;80.0;7520.0
B8CFCF35D491DE11ADB310650500DCB8;44673735EAF46E11B7B78A650500BC08;2025-07-10;120.0;14556.0
FB958DE325B4DE11ADB310650500F0C8;FC081C55582CED11A62CD892C0003F2A;2025-07-10;46.0;3091.2
9A8A4B7A9B458E113835BB6505001EAA;B0BDDED34CC83E11052F6792C000B249;2025-07-10;12.0;3197.28
5991B4B3B30BFE11128010650500E819;B0BDDED34CC83E11052F6792C000B249;2025-07-10;12.0;5265.0
377C112B8B458E113835BB6505001EAA;B0BDDED34CC83E11052F6792C000B249;2025-07-10;12.0;3197.28
32C9D397E770BE11BE2110650500F55A;44673735EAF46E11B7B78A650500BC08;2025-07-10;-6.0;-96.2
52C9D397E770BE11BE2110650500F55A;44673735EAF46E11B7B78A650500BC08;2025-07-10;-6.0;-87.14
EE4A76D36D7DBE118772106505007E59;44673735EAF46E11B7B78A650500BC08;2025-07-10;-42.0;-5418.0
7F20EF05C4B88E11F243BB6505007E3B;B0BDDED34CC83E11052F6792C000B249;2025-07-10;10.0;1166.5
9B76C90BEDF39E115540106505008D3B;B0BDDED34CC83E11052F6792C000B249;2025-07-10;10.0;360.34
DB9C305862065E1142D58A650500DC08;B0BDDED34CC83E11052F6792C000B249;2025-07-10;40.0;2953.58
8EA9FDA6ACE3DE11ADB310650500DFB8;B0BDDED34CC83E11052F6792C000B249;2025-07-10;6.0;596.28
007267F61B278E11F243BB6505008C3B;B0BDDED34CC83E11052F6792C000B249;2025-07-10;10.0;870.2
325E2A8862C6BE11877210650500E559;44673735EAF46E11B7B78A650500BC08;2025-07-10;-10.0;-7950.0
EF0142C8008CBE118772106505003D59;44673735EAF46E11B7B78A650500BC08;2025-07-10;0.0;0.0
EC8D9C67AAB27E11B7B78A650500DD08;44673735EAF46E11B7B78A650500BC08;2025-07-10;0.0;0.0
AB12612FF3676E11B7B78A650500BC08;44673735EAF46E11B7B78A650500BC08;2025-07-10;0.0;0.0
79AE69A23CFA7E110819BB65050039AA;44673735EAF46E11B7B78A650500BC08;2025-07-10;0.0;0.0
82A578208AADEE1191EE1065050029B9;44673735EAF46E11B7B78A650500BC08;2025-07-10;0.0;0.0
35380AE30653CE11877210650500E569;44673735EAF46E11B7B78A650500BC08;2025-07-10;0.0;0.0
4460F03F1EE6DE11C846106505000F6A;44673735EAF46E11B7B78A650500BC08;2025-07-10;0.0;0.0
25012D608AADEE1191EE1065050029B9;44673735EAF46E11B7B78A650500BC08;2025-07-10;0.0;0.0
26479C5B007E8E11F243BB650500564B;44673735EAF46E11B7B78A650500BC08;2025-07-10;0.0;0.0
216C22B6A709CE11ADB31065050011B8;B0BDDED34CC83E11052F6792C000B249;2025-07-10;6.0;6407.3
421C63AB6E3C9E11726010650500F84A;B0BDDED34CC83E11052F6792C000B249;2025-07-10;4.0;3778.72
94C019DE71BFFE11F1557891FE69E689;FC081C55582CED11A62CD892C0003F2A;2025-07-10;0.0;0.0
6F98D0F5DBBBDE11406610650500444A;44673735EAF46E11B7B78A650500BC08;2025-07-10;8.0;519.04
4A873A50AD32BE11BE2110650500385A;B0BDDED34CC83E11052F6792C000B249;2025-07-10;20.0;4787.62
3ECD056BDFDD2E11052F6792C000CF39;B0BDDED34CC83E11052F6792C000B249;2025-07-10;6.0;1686.3
8C927C5DE879DE11406610650500414A;B0BDDED34CC83E11052F6792C000B249;2025-07-10;10.0;2396.4
3779BF418B4A6E11B7B78A650500BC08;FC081C55582CED11A62CD892C0003F2A;2025-07-10;16.0;9952.0
C8494A182769BE118772106505004959;FC081C55582CED11A62CD892C0003F2A;2025-07-10;96.0;7113.2
59A7F136D265BE11BE21106505003C5A;44673735EAF46E11B7B78A650500BC08;2025-07-10;10.0;2020.84
580519DFC0CAED11A62CD892C0003F2A;B0BDDED34CC83E11052F6792C000B249;2025-07-10;0.0;0.0
ED085630EC6FEE1191EE1065050029B9;FC081C55582CED11A62CD892C0003F2A;2025-07-10;-2.0;-926.52
139F31189AC9FE11128010650500E819;FC081C55582CED11A62CD892C0003F2A;2025-07-10;-2.0;-153.8
053F09DF4A62FD110DC22A92C0006778;FC081C55582CED11A62CD892C0003F2A;2025-07-10;-2.0;-186.78
93806D38B7A0EE11406610650500BA4A;FC081C55582CED11A62CD892C0003F2A;2025-07-10;-2.0;-178.5
59C7D916B0CAED11A62CD892C0003F2A;FC081C55582CED11A62CD892C0003F2A;2025-07-10;-2.0;-164.16
2B904BBEC0CAED11A62CD892C0003F2A;FC081C55582CED11A62CD892C0003F2A;2025-07-10;-6.0;-829.14
5EC700335FD44E1142D58A6505002C08;FC081C55582CED11A62CD892C0003F2A;2025-07-10;-2.0;-214.7
09C844D3D0CAED11A62CD892C0003F2A;FC081C55582CED11A62CD892C0003F2A;2025-07-10;-2.0;-192.5
7A4EE941BE31FE1191EE106505007BB9;FC081C55582CED11A62CD892C0003F2A;2025-07-10;-10.0;-762.72
D80B00CD1F70DE11ADB3106505004BB8;FC081C55582CED11A62CD892C0003F2A;2025-07-10;-2.0;-175.82
0835B01A293EBE118772106505006F59;FC081C55582CED11A62CD892C0003F2A;2025-07-10;-32.0;-847.04
DD48D97E2E130F114EF7A826072B7B89;FC081C55582CED11A62CD892C0003F2A;2025-07-10;-2.0;-338.28
4544118ADA7D6E11B7B78A650500BC08;FC081C55582CED11A62CD892C0003F2A;2025-07-10;-8.0;-566.26
5F2727F18754EE11B1AD10650500C7EA;FC081C55582CED11A62CD892C0003F2A;2025-07-10;-8.0;-740.9
18154CAC6622CE118772106505006469;FC081C55582CED11A62CD892C0003F2A;2025-07-10;-2.0;-217.9
9C2AC4DE9F48FE11128010650500D819;FC081C55582CED11A62CD892C0003F2A;2025-07-10;-2.0;-476.68
A087843FFFA53E11052F6792C000FF39;FC081C55582CED11A62CD892C0003F2A;2025-07-10;-2.0;-82.94
6F66CE439AFBCE11ADB310650500F4B8;FC081C55582CED11A62CD892C0003F2A;2025-07-10;-2.0;-127.44
E2993B27B4126E1142D58A650500AD08;FC081C55582CED11A62CD892C0003F2A;2025-07-10;-2.0;-374.64
75137B0C52CAED11A62CD892C0003F2A;FC081C55582CED11A62CD892C0003F2A;2025-07-10;-30.0;-160.8
0CB5D848B1BBEE1191EE1065050029B9;FC081C55582CED11A62CD892C0003F2A;2025-07-10;-4.0;-339.2
33BCC8692642FE1191EE10650500CCB9;FC081C55582CED11A62CD892C0003F2A;2025-07-10;-2.0;-4371.2
C2EEE3D18BA4DE11ADB310650500E0C8;FC081C55582CED11A62CD892C0003F2A;2025-07-10;-2.0;-367.24
34A2F97831E1FE1191EE106505004CB9;FC081C55582CED11A62CD892C0003F2A;2025-07-10;-2.0;-411.66
9A7F0B3E46E24E1142D58A6505000C08;FC081C55582CED11A62CD892C0003F2A;2025-07-10;-2.0;-249.24
844000D3FBCEAE11BE2110650500D35A;FC081C55582CED11A62CD892C0003F2A;2025-07-10;-4.0;-168.44
4142922868A0EE11406610650500BA4A;FC081C55582CED11A62CD892C0003F2A;2025-07-10;-2.0;-519.12
7F64D02FF0410F11112A674AC7E20989;FC081C55582CED11A62CD892C0003F2A;2025-07-10;-2.0;-318.48
BB0FA3470C7DFE1158A3BB3DBE8E1489;FC081C55582CED11A62CD892C0003F2A;2025-07-10;-2.0;-32.78
6E4FA836229EBE11877210650500DF59;FC081C55582CED11A62CD892C0003F2A;2025-07-10;-2.0;-55.72
A10363A3790C8E11F243BB650500B24B;FC081C55582CED11A62CD892C0003F2A;2025-07-10;-2.0;-608.22
985E61425C574E1142D58A6505002C08;FC081C55582CED11A62CD892C0003F2A;2025-07-10;-2.0;-100.64
97D01DB2675FFE11F1557891FE697689;FC081C55582CED11A62CD892C0003F2A;2025-07-10;-2.0;-523.38
7274E61DA0CAED11A62CD892C0003F2A;FC081C55582CED11A62CD892C0003F2A;2025-07-10;-12.0;-1552.98
682C2393193EBE118772106505006F59;FC081C55582CED11A62CD892C0003F2A;2025-07-10;-8.0;-222.88
21F55CA2CFBBEE1191EE1065050029B9;FC081C55582CED11A62CD892C0003F2A;2025-07-10;-2.0;-341.56
46B486E755C45E1142D58A650500DC08;FC081C55582CED11A62CD892C0003F2A;2025-07-10;-2.0;-132.84
3E50BF65A0FFFE11F1557891FE693789;FC081C55582CED11A62CD892C0003F2A;2025-07-10;-2.0;-282.98
F7D58714648DFE11F1557891FE692489;FC081C55582CED11A62CD892C0003F2A;2025-07-10;-8.0;-48.3
FE027C3FC62EEE1191EE1065050029B9;FC081C55582CED11A62CD892C0003F2A;2025-07-10;-2.0;-113.96
BBC9FD3045A3EE11B1AD10650500E6EA;FC081C55582CED11A62CD892C0003F2A;2025-07-10;-2.0;-2750.16
479EDB798B9BEE1191EE1065050029B9;FC081C55582CED11A62CD892C0003F2A;2025-07-10;-4.0;-360.0
8C40718B47FBBE118772106505008C59;FC081C55582CED11A62CD892C0003F2A;2025-07-10;-2.0;-273.92
9DE643DC9494FE1191EE10650500EFB9;FC081C55582CED11A62CD892C0003F2A;2025-07-10;-2.0;-990.22
9D9319841B7B7E110819BB65050039AA;FC081C55582CED11A62CD892C0003F2A;2025-07-10;-4.0;-443.78
8D9AE01EA0C28E117E64BB650500DAAA;FC081C55582CED11A62CD892C0003F2A;2025-07-10;-2.0;-33.86
358D4E79B6EBEE1191EE1065050029B9;FC081C55582CED11A62CD892C0003F2A;2025-07-10;-6.0;-42.78
9CE3B16DC89D7E110819BB65050039AA;FC081C55582CED11A62CD892C0003F2A;2025-07-10;-10.0;-806.0
C2C7B7682E74FE1191EE10650500CFB9;FC081C55582CED11A62CD892C0003F2A;2025-07-10;-8.0;-238.96
CE188A00CBE1EE114066106505006C4A;FC081C55582CED11A62CD892C0003F2A;2025-07-10;-4.0;-109.9
B26FE24741BFFE11F1557891FE69E689;FC081C55582CED11A62CD892C0003F2A;2025-07-10;-2.0;-79.92
78F776901A3FDE11406610650500E84A;FC081C55582CED11A62CD892C0003F2A;2025-07-10;-2.0;-38.06
2D52CDA3D596DE11ADB31065050053C8;FC081C55582CED11A62CD892C0003F2A;2025-07-10;-2.0;-26.7
5CC2156348F20F114EF7A826072B4B89;FC081C55582CED11A62CD892C0003F2A;2025-07-10;-2.0;-170.58
926B69AFBBE1EE114066106505006C4A;FC081C55582CED11A62CD892C0003F2A;2025-07-10;-2.0;-32.58
6E3E6D13D1E7EE1191EE10650500A7B9;FC081C55582CED11A62CD892C0003F2A;2025-07-10;-3.0;-3.46
4C639B47518EEE1191EE1065050029B9;FC081C55582CED11A62CD892C0003F2A;2025-07-10;-2.0;-251.28
BA6BCFE6E11F8E11F243BB650500274B;FC081C55582CED11A62CD892C0003F2A;2025-07-10;-6.0;-35.54
E58BFB301256BE118772106505005559;FC081C55582CED11A62CD892C0003F2A;2025-07-10;-24.0;-2293.04
2B204D91BCD97E110819BB65050019AA;FC081C55582CED11A62CD892C0003F2A;2025-07-10;-2.0;-259.5
A0CF163511B10F114EF7A826072BA989;FC081C55582CED11A62CD892C0003F2A;2025-07-10;-2.0;-366.0
1F05291F5D48EE1191EE1065050048B9;FC081C55582CED11A62CD892C0003F2A;2025-07-10;-4.0;-56.7
434A2C84FAAF4E1142D58A650500BC08;FC081C55582CED11A62CD892C0003F2A;2025-07-10;-2.0;-528.2
DB6CD3F9577F8E11F243BB650500A74B;FC081C55582CED11A62CD892C0003F2A;2025-07-10;-2.0;-122.18
B931F4D474DECE11ADB310650500D8B8;FC081C55582CED11A62CD892C0003F2A;2025-07-10;-10.0;-6492.06
5A70E9491E17CE11ADB3106505009EA8;FC081C55582CED11A62CD892C0003F2A;2025-07-10;-14.0;-1495.06
679C6FE8697BAE11BE21106505009F4A;FC081C55582CED11A62CD892C0003F2A;2025-07-10;-10.0;-494.0
9A69FF13694B6E11B7B78A650500BC08;FC081C55582CED11A62CD892C0003F2A;2025-07-10;-10.0;-2052.1
5B5313B63DBBEE1191EE1065050029B9;FC081C55582CED11A62CD892C0003F2A;2025-07-10;-2.0;-656.64
6E95CEFEE8F34E1142D58A6505002C08;FC081C55582CED11A62CD892C0003F2A;2025-07-10;-2.0;-426.86
486C2AB40972FE1191EE106505000DB9;FC081C55582CED11A62CD892C0003F2A;2025-07-10;-2.0;-215.34
6E754762F0CAED11A62CD892C0003F2A;FC081C55582CED11A62CD892C0003F2A;2025-07-10;-2.0;-109.72
3B03F11A4094DE11ADB310650500C0C8;FC081C55582CED11A62CD892C0003F2A;2025-07-10;-2.0;-295.82
02354E8BE2EFFE11F1557891FE692789;FC081C55582CED11A62CD892C0003F2A;2025-07-10;-8.0;-8963.18
F42E9409EC14CE11877210650500E669;FC081C55582CED11A62CD892C0003F2A;2025-07-10;-2.0;-88.36
9FB1F329A566FE1191EE1065050032C9;FC081C55582CED11A62CD892C0003F2A;2025-07-10;-2.0;-373.5
1407991F0AEBED11A62CD892C0003F2A;FC081C55582CED11A62CD892C0003F2A;2025-07-10;-2.0;-196.64
E6B63D2329363E11052F6792C000FF39;FC081C55582CED11A62CD892C0003F2A;2025-07-10;-4.0;-141.52
D5EEAE3F108EFE11F1557891FE696589;FC081C55582CED11A62CD892C0003F2A;2025-07-10;-2.0;-675.76
DD02F5DF36F5BE11877210650500E459;FC081C55582CED11A62CD892C0003F2A;2025-07-10;-2.0;-243.18
022DAA7BA596DE11ADB31065050053C8;FC081C55582CED11A62CD892C0003F2A;2025-07-10;-2.0;-245.28
0AA3A6474717FE1191EE1065050023C9;FC081C55582CED11A62CD892C0003F2A;2025-07-10;-2.0;-1933.72
B9AE818660A7FE1191EE10650500D3C9;FC081C55582CED11A62CD892C0003F2A;2025-07-10;-2.0;-229.88
CA75909C6B72BE11BE2110650500885A;FC081C55582CED11A62CD892C0003F2A;2025-07-10;-2.0;-106.8
EEE798F47B86EE1191EE1065050046B9;FC081C55582CED11A62CD892C0003F2A;2025-07-10;-2.0;-1041.7
23C5195257363E11052F6792C000FF39;FC081C55582CED11A62CD892C0003F2A;2025-07-10;-2.0;-171.26
0B236338B12AFE11128010650500E819;FC081C55582CED11A62CD892C0003F2A;2025-07-10;-2.0;-129.56
9D1E16120405DE11ADB31065050051C8;FC081C55582CED11A62CD892C0003F2A;2025-07-10;-4.0;-538.04
A572AC2245DFEE1191EE10650500A9B9;FC081C55582CED11A62CD892C0003F2A;2025-07-10;-2.0;-302.4
760D51FABDCFCE11ADB3106505003AB8;FC081C55582CED11A62CD892C0003F2A;2025-07-10;-4.0;-138.92
F034436BE358FE11128010650500D819;FC081C55582CED11A62CD892C0003F2A;2025-07-10;-4.0;-55.58
F3A9D4BA03D2FE1191EE106505007DB9;FC081C55582CED11A62CD892C0003F2A;2025-07-10;-2.0;-172.18
80D42E8FC1CAED11A62CD892C0003F2A;FC081C55582CED11A62CD892C0003F2A;2025-07-10;-2.0;-243.42
37CFC6AC38CE8E11F243BB650500C64B;FC081C55582CED11A62CD892C0003F2A;2025-07-10;-2.0;-62.68
D14487106B930F114EF7A826072B1C89;FC081C55582CED11A62CD892C0003F2A;2025-07-10;-2.0;-71.78
8E2AA0425C930F114EF7A826072B1C89;FC081C55582CED11A62CD892C0003F2A;2025-07-10;-4.0;-319.92
5189D1FDF21CCE11ADB31065050015B8;FC081C55582CED11A62CD892C0003F2A;2025-07-10;-2.0;-439.76
303A07A49D530F114EF7A826072BCB89;FC081C55582CED11A62CD892C0003F2A;2025-07-10;-2.0;-109.16
3FD73B7AF38FCE11ADB310650500D9B8;FC081C55582CED11A62CD892C0003F2A;2025-07-10;-2.0;-384.54
33C22B0B03D2FE1191EE106505007DB9;FC081C55582CED11A62CD892C0003F2A;2025-07-10;-2.0;-598.68
7882B49958A39E115540106505001D3B;FC081C55582CED11A62CD892C0003F2A;2025-07-10;-2.0;-653.14
A5C5195257363E11052F6792C000FF39;FC081C55582CED11A62CD892C0003F2A;2025-07-10;-2.0;-115.98
78005E43D99DDE11406610650500B64A;FC081C55582CED11A62CD892C0003F2A;2025-07-10;-2.0;-142.96
3E2F47E1F6E10F114EF7A826072BE989;FC081C55582CED11A62CD892C0003F2A;2025-07-10;-2.0;-198.0
98186399FC410F11112A674AC7E21989;FC081C55582CED11A62CD892C0003F2A;2025-07-10;-2.0;-153.96
822F3AF8123EDE11406610650500874A;FC081C55582CED11A62CD892C0003F2A;2025-07-10;-2.0;-58.86
BB25266B5C2EFE11F1557891FE69F489;FC081C55582CED11A62CD892C0003F2A;2025-07-10;-10.0;-6418.64
8E4BCFB931CAED11A62CD892C0003F2A;FC081C55582CED11A62CD892C0003F2A;2025-07-10;-2.0;-380.14
21DE5A66D4D8CE11ADB310650500D0B8;FC081C55582CED11A62CD892C0003F2A;2025-07-10;-2.0;-890.54
2425831BB5939E115540106505000D3B;FC081C55582CED11A62CD892C0003F2A;2025-07-10;-2.0;-345.12
43DC7C2BDCFDFD11A4A96492C0006D28;FC081C55582CED11A62CD892C0003F2A;2025-07-10;-2.0;-378.26
0E65E6B8506AFE11128010650500E819;FC081C55582CED11A62CD892C0003F2A;2025-07-10;-2.0;-80.38
FF4F05B4DCCE6E11B7B78A6505008D08;FC081C55582CED11A62CD892C0003F2A;2025-07-10;-4.0;-953.28
5E9E10AFF173EE11B1AD10650500A6EA;FC081C55582CED11A62CD892C0003F2A;2025-07-10;-8.0;-269.29999999999995
387233DCCE80FE1191EE106505009AB9;FC081C55582CED11A62CD892C0003F2A;2025-07-10;-4.0;-614.72
B1E7F7893131FE1191EE106505006BB9;FC081C55582CED11A62CD892C0003F2A;2025-07-10;-2.0;-739.12
43F06710DB8CBE118772106505004D59;FC081C55582CED11A62CD892C0003F2A;2025-07-10;-2.0;-107.74
127A99AAF0CAED11A62CD892C0003F2A;FC081C55582CED11A62CD892C0003F2A;2025-07-10;-2.0;-715.86
0EF7397C4032FE1191EE10650500ACB9;FC081C55582CED11A62CD892C0003F2A;2025-07-10;-2.0;-75.46
A3F9643664699E115250106505001A4A;FC081C55582CED11A62CD892C0003F2A;2025-07-10;-2.0;-29.4
84FCED0AEE144E1142D58A6505002C08;FC081C55582CED11A62CD892C0003F2A;2025-07-10;-2.0;-99.76
6FAC2271E0CAED11A62CD892C0003F2A;FC081C55582CED11A62CD892C0003F2A;2025-07-10;-4.0;-1481.42
2E2E4A6D43D9EE1191EE1065050009B9;FC081C55582CED11A62CD892C0003F2A;2025-07-10;-2.0;-397.74
0A5834BC496CCE11ADB310650500A5B8;FC081C55582CED11A62CD892C0003F2A;2025-07-10;-2.0;-172.2
92B581246AB45E1142D58A650500DC08;FC081C55582CED11A62CD892C0003F2A;2025-07-10;-2.0;-528.2
FCD1DC24D1CAED11A62CD892C0003F2A;FC081C55582CED11A62CD892C0003F2A;2025-07-10;-2.0;-92.74
932E1D5FE647DE11C846106505007F6A;FC081C55582CED11A62CD892C0003F2A;2025-07-10;-2.0;-399.42
D8CE4A0034EDDE11406610650500174A;FC081C55582CED11A62CD892C0003F2A;2025-07-10;-2.0;-297.96
ECCE86B9DE79EE1191EE1065050009B9;FC081C55582CED11A62CD892C0003F2A;2025-07-10;-2.0;-503.2
B685CF0302CAED11A62CD892C0003F2A;FC081C55582CED11A62CD892C0003F2A;2025-07-10;-2.0;-220.94
D3ABF37184410F11112A674AC7E20989;FC081C55582CED11A62CD892C0003F2A;2025-07-10;-2.0;-653.8
B478FC289F900F11F1557891FE691889;FC081C55582CED11A62CD892C0003F2A;2025-07-10;-2.0;-200.86
DF642B99BF66EE1191EE1065050026B9;B0BDDED34CC83E11052F6792C000B249;2025-07-10;-2.0;-75.36
05C5F1DC01CAED11A62CD892C0003F2A;B0BDDED34CC83E11052F6792C000B249;2025-07-10;-4.0;-1257.08
02F8F20C3104FE1191EE106505001FB9;B0BDDED34CC83E11052F6792C000B249;2025-07-10;-4.0;-68.38
A290F699F7BAFE11128010650500E819;B0BDDED34CC83E11052F6792C000B249;2025-07-10;-6.0;-126.0
87AA9D50E31DEE1191EE1065050029B9;B0BDDED34CC83E11052F6792C000B249;2025-07-10;-2.0;-148.12
BB1DCCA56FFA8E11F243BB650500614B;B0BDDED34CC83E11052F6792C000B249;2025-07-10;-2.0;-42.0
59B862AE7FCA9E11525010650500EB4A;B0BDDED34CC83E11052F6792C000B249;2025-07-10;-2.0;-514.08
476C3997B34C2E11052F6792C000CF39;B0BDDED34CC83E11052F6792C000B249;2025-07-10;-10.0;-1424.0
EB8700BD690F9E117260106505009C4A;B0BDDED34CC83E11052F6792C000B249;2025-07-10;-2.0;-1277.66
C69DB38E9795DE11ADB31065050012C8;B0BDDED34CC83E11052F6792C000B249;2025-07-10;-2.0;-142.8
567724ADC4968E11F243BB650500CB3B;B0BDDED34CC83E11052F6792C000B249;2025-07-10;-10.0;-155.02
142C8ACCEE7ABE11877210650500AA59;B0BDDED34CC83E11052F6792C000B249;2025-07-10;-2.0;-305.34
6C26EE937F54DE11ADB31065050080C8;B0BDDED34CC83E11052F6792C000B249;2025-07-10;-2.0;-167.92
4405D5043A33BE11BE2110650500795A;B0BDDED34CC83E11052F6792C000B249;2025-07-10;-2.0;-488.92
4D84E52D9C37FE1191EE1065050053C9;B0BDDED34CC83E11052F6792C000B249;2025-07-10;-6.0;-4518.76
ED141E002F399E11525010650500E94A;B0BDDED34CC83E11052F6792C000B249;2025-07-10;-2.0;-576.08
75B08951D1817E11B7B78A650500CD08;B0BDDED34CC83E11052F6792C000B249;2025-07-10;-8.0;-243.44
FDDCEDB24D42CE118772106505009469;B0BDDED34CC83E11052F6792C000B249;2025-07-10;-2.0;-227.36
DA7035B9F0CAED11A62CD892C0003F2A;B0BDDED34CC83E11052F6792C000B249;2025-07-10;-2.0;-382.04
C2E10E7B3FD38E113835BB6505007CAA;B0BDDED34CC83E11052F6792C000B249;2025-07-10;-2.0;-2071.26
F94A803D57F8FE11128010650500D819;B0BDDED34CC83E11052F6792C000B249;2025-07-10;-2.0;-377.88
D7A53A65BCA79E11554010650500524B;B0BDDED34CC83E11052F6792C000B249;2025-07-10;-2.0;-765.24
0F59EDCDEE2FEE1191EE1065050029B9;B0BDDED34CC83E11052F6792C000B249;2025-07-10;-2.0;-299.02
F5457AB248F20F114EF7A826072B4B89;B0BDDED34CC83E11052F6792C000B249;2025-07-10;-6.0;-212.68
B2CDCBEB7D49AE11BE2110650500DC4A;B0BDDED34CC83E11052F6792C000B249;2025-07-10;-2.0;-416.16
7A6469CE9A5F7E110819BB65050039AA;B0BDDED34CC83E11052F6792C000B249;2025-07-10;-2.0;-115.9
A5C5195257363E11052F6792C000FF39;B0BDDED34CC83E11052F6792C000B249;2025-07-10;-4.0;-231.96
1F6DBE0A81365E1142D58A650500DC08;B0BDDED34CC83E11052F6792C000B249;2025-07-10;-8.0;-2067.84
333807BE5DE0CE11877210650500D269;B0BDDED34CC83E11052F6792C000B249;2025-07-10;-2.0;-288.04
8396415FBA93FE1191EE106505009EB9;B0BDDED34CC83E11052F6792C000B249;2025-07-10;-2.0;-534.72
E5F6F7B29972EE114066106505001D4A;B0BDDED34CC83E11052F6792C000B249;2025-07-10;-4.0;-213.6
B6A9116E2D839E11554010650500FC3B;B0BDDED34CC83E11052F6792C000B249;2025-07-10;-2.0;-860.26
CEB0EF80D5D61E1143F0668E4200EE89;B0BDDED34CC83E11052F6792C000B249;2025-07-10;-2.0;-1144.0
C0911F2288138E110223BB6505005BAA;B0BDDED34CC83E11052F6792C000B249;2025-07-10;-2.0;-481.84
E63E17D851CAED11A62CD892C0003F2A;B0BDDED34CC83E11052F6792C000B249;2025-07-10;-2.0;-864.86
52117718BF2FFE11F1557891FE694689;B0BDDED34CC83E11052F6792C000B249;2025-07-10;-4.0;-400.0
0F3517AD7F3DBE118772106505002E59;B0BDDED34CC83E11052F6792C000B249;2025-07-10;-2.0;-490.32
8301664008EAEE1191EE1065050019B9;B0BDDED34CC83E11052F6792C000B249;2025-07-10;-2.0;-1634.86
A4D6EA683494FE1191EE10650500EFB9;B0BDDED34CC83E11052F6792C000B249;2025-07-10;-2.0;-1025.88
9D41C93795FEFE11F1557891FE69F589;B0BDDED34CC83E11052F6792C000B249;2025-07-10;-2.0;-76.76
CD42A93BC7E10F114EF7A826072BE989;B0BDDED34CC83E11052F6792C000B249;2025-07-10;-2.0;-271.3
07F12D93DAF8CE11ADB31065050001B8;B0BDDED34CC83E11052F6792C000B249;2025-07-10;-4.0;-376.0
AEDB541252798E11F243BB6505006F3B;B0BDDED34CC83E11052F6792C000B249;2025-07-10;-2.0;-155.78
010F84EBBD1EFE11F1557891FE69E489;B0BDDED34CC83E11052F6792C000B249;2025-07-10;-4.0;-278.0
571828FC7EF78E11F243BB6505009D3B;B0BDDED34CC83E11052F6792C000B249;2025-07-10;-2.0;-583.5
E7A717907CF20F114EF7A826072B4B89;B0BDDED34CC83E11052F6792C000B249;2025-07-10;-2.0;-600.0
CE3517AD7F3DBE118772106505002E59;B0BDDED34CC83E11052F6792C000B249;2025-07-10;-2.0;-469.3
1ECE8753F0CAED11A62CD892C0003F2A;B0BDDED34CC83E11052F6792C000B249;2025-07-10;-2.0;-321.78
39767FA96A1B8E11F243BB650500814B;B0BDDED34CC83E11052F6792C000B249;2025-07-10;-2.0;-242.54
1ED82BFBCC83FE1191EE106505008EB9;B0BDDED34CC83E11052F6792C000B249;2025-07-10;-2.0;-563.66
1E0EC5DFFB8C2E11052F6792C000CF39;B0BDDED34CC83E11052F6792C000B249;2025-07-10;-4.0;-789.36
2E1969E52EB10F114EF7A826072BB989;B0BDDED34CC83E11052F6792C000B249;2025-07-10;-2.0;-444.0
0C1FEA0135B4DE11ADB310650500F0C8;B0BDDED34CC83E11052F6792C000B249;2025-07-10;-2.0;-189.4
BE6FB9B5BB363E11052F6792C000FF39;B0BDDED34CC83E11052F6792C000B249;2025-07-10;-2.0;-86.94
53B0F37385DB9E11726010650500784A;B0BDDED34CC83E11052F6792C000B249;2025-07-10;-2.0;-122.62
1E6EA95A7B5EEE1191EE1065050029B9;B0BDDED34CC83E11052F6792C000B249;2025-07-10;-2.0;-133.2
88C401993D8F2E11052F6792C000CF39;B0BDDED34CC83E11052F6792C000B249;2025-07-10;-4.0;-2433.84
6AE4B5203D456E11B7B78A650500BC08;B0BDDED34CC83E11052F6792C000B249;2025-07-10;-2.0;-155.92
1B0133A9F0446E11B7B78A650500BC08;B0BDDED34CC83E11052F6792C000B249;2025-07-10;-2.0;-541.06
761A1117F1CAED11A62CD892C0003F2A;B0BDDED34CC83E11052F6792C000B249;2025-07-10;-2.0;-26.86
033BE97FC0566E11B7B78A650500BC08;B0BDDED34CC83E11052F6792C000B249;2025-07-10;-4.0;-899.12
CCFC2A5277E48E113835BB6505009DAA;B0BDDED34CC83E11052F6792C000B249;2025-07-10;-4.0;-1244.0
C69D9EEEDD500F11F1557891FE69C789;B0BDDED34CC83E11052F6792C000B249;2025-07-10;-2.0;-196.04
622BB5EEEF15EE11B1AD10650500C8EA;B0BDDED34CC83E11052F6792C000B249;2025-07-10;-2.0;-141.18
A94FB74F5F5CCE11ADB31065050095B8;B0BDDED34CC83E11052F6792C000B249;2025-07-10;-2.0;-107.06
BB3FEBB7E059CE11ADB31065050071B8;B0BDDED34CC83E11052F6792C000B249;2025-07-10;-2.0;-96.06
1B1529E90DC2DE11ADB3106505006EB8;B0BDDED34CC83E11052F6792C000B249;2025-07-10;-2.0;-146.86
69F43F2EAB112E1143F0668E4200C71A;B0BDDED34CC83E11052F6792C000B249;2025-07-10;-2.0;-532.58
4BF49F707DF1AE11726010650500505A;B0BDDED34CC83E11052F6792C000B249;2025-07-10;-2.0;-119.68
C942E7FDF0CAED11A62CD892C0003F2A;B0BDDED34CC83E11052F6792C000B249;2025-07-10;-2.0;-267.8
91EABB561EE4AE11726010650500145A;B0BDDED34CC83E11052F6792C000B249;2025-07-10;-2.0;-124.68
3B03F11A4094DE11ADB310650500C0C8;B0BDDED34CC83E11052F6792C000B249;2025-07-10;-2.0;-296.0
29F4F53C79363E11052F6792C000FF39;B0BDDED34CC83E11052F6792C000B249;2025-07-10;-2.0;-66.92
D382ACB01E4DDE11406610650500564A;B0BDDED34CC83E11052F6792C000B249;2025-07-10;-20.0;-116.74
2A79254529DDCE11ADB31065050097B8;B0BDDED34CC83E11052F6792C000B249;2025-07-10;-8.0;-1200.0
60555AF2DF11DE11ADB3106505003CB8;B0BDDED34CC83E11052F6792C000B249;2025-07-10;-2.0;-814.22
0317BE9F80E9DE11406610650500C14A;B0BDDED34CC83E11052F6792C000B249;2025-07-10;-2.0;-220.14
28569C69DB596E11B7B78A650500BC08;B0BDDED34CC83E11052F6792C000B249;2025-07-10;-2.0;-50.58
EC06C54AA622CE118772106505006469;B0BDDED34CC83E11052F6792C000B249;2025-07-10;-2.0;-249.4
E9B4C36229CCEE1191EE1065050029B9;B0BDDED34CC83E11052F6792C000B249;2025-07-10;-2.0;-738.84
BA09736D08EEBE118772106505004069;B0BDDED34CC83E11052F6792C000B249;2025-07-10;-2.0;-65.1
3C1C10C4DE130F114EF7A826072B7B89;B0BDDED34CC83E11052F6792C000B249;2025-07-10;-2.0;-1039.04
1CD89EE302CAED11A62CD892C0003F2A;B0BDDED34CC83E11052F6792C000B249;2025-07-10;-4.0;-350.46
F8199524889D7E110819BB65050039AA;B0BDDED34CC83E11052F6792C000B249;2025-07-10;-4.0;-534.2
A958C276BA4A7E110819BB65050039AA;B0BDDED34CC83E11052F6792C000B249;2025-07-10;-2.0;-1597.92
96F638D17B60AE117260106505005E4A;B0BDDED34CC83E11052F6792C000B249;2025-07-10;-2.0;-460.7
E0E83C693A278E11F243BB6505008C3B;B0BDDED34CC83E11052F6792C000B249;2025-07-10;-2.0;-47.7
D81312B681365E1142D58A650500DC08;B0BDDED34CC83E11052F6792C000B249;2025-07-10;-2.0;-516.96
27DAC997E0638E111E1BBB650500BBAA;B0BDDED34CC83E11052F6792C000B249;2025-07-10;-2.0;-180.0
4B3FF1D710BEDE11406610650500384A;B0BDDED34CC83E11052F6792C000B249;2025-07-10;-30.0;-945.86
DD048979F7BAFE11128010650500E819;B0BDDED34CC83E11052F6792C000B249;2025-07-10;-2.0;-116.0
E0A55E04E0CAED11A62CD892C0003F2A;B0BDDED34CC83E11052F6792C000B249;2025-07-10;-2.0;-670.24
28CA0A597727CE11ADB310650500AEA8;B0BDDED34CC83E11052F6792C000B249;2025-07-10;-2.0;-141.12
F636B2C10DEEDE11406610650500884A;B0BDDED34CC83E11052F6792C000B249;2025-07-10;-2.0;-211.72
70F2B767A4661E1143F0668E4200EE89;B0BDDED34CC83E11052F6792C000B249;2025-07-10;-2.0;-322.58
0E1895830836CE11ADB3106505008DA8;B0BDDED34CC83E11052F6792C000B249;2025-07-10;-2.0;-1517.9
84719D5982F05E1142D58A650500BC08;B0BDDED34CC83E11052F6792C000B249;2025-07-10;-4.0;-311.34
2EE38C03421ADE11406610650500024A;B0BDDED34CC83E11052F6792C000B249;2025-07-10;-2.0;-1067.14
E95DB0AF7068FE11128010650500D819;B0BDDED34CC83E11052F6792C000B249;2025-07-10;-2.0;-184.72
BC670700E0CAED11A62CD892C0003F2A;B0BDDED34CC83E11052F6792C000B249;2025-07-10;-2.0;-189.0
57F107EA01CAED11A62CD892C0003F2A;B0BDDED34CC83E11052F6792C000B249;2025-07-10;-2.0;-319.18
CFD155A600C13E11052F6792C000CF39;B0BDDED34CC83E11052F6792C000B249;2025-07-10;-2.0;-365.62
71D8EA98F0CAED11A62CD892C0003F2A;B0BDDED34CC83E11052F6792C000B249;2025-07-10;-2.0;-206.68
16FBEABD7C456E11B7B78A650500BC08;44673735EAF46E11B7B78A650500BC08;2025-07-10;-2.0;-193.56
C3044B37BB41BE11BE2110650500075A;44673735EAF46E11B7B78A650500BC08;2025-07-10;-30.0;-1184.58
7E1C52D25D456E11B7B78A650500BC08;44673735EAF46E11B7B78A650500BC08;2025-07-10;-6.0;-56.64
676ED69EA7C3CE118772106505007669;44673735EAF46E11B7B78A650500BC08;2025-07-10;-2.0;-430.38
47A0728D653DDE11406610650500364A;44673735EAF46E11B7B78A650500BC08;2025-07-10;-2.0;-51.06
7C5C9AC2D7E0BE11BE2110650500865A;44673735EAF46E11B7B78A650500BC08;2025-07-10;-4.0;-1958.7
5EC4171AFC9F7E110819BB65050039AA;44673735EAF46E11B7B78A650500BC08;2025-07-10;-4.0;-54.96
1587D87F697BAE11BE21106505009F4A;44673735EAF46E11B7B78A650500BC08;2025-07-10;-2.0;-98.8
F8801856A6F5AE11BE2110650500984A;44673735EAF46E11B7B78A650500BC08;2025-07-10;-4.0;-582.8
B583371720556E11B7B78A650500BC08;44673735EAF46E11B7B78A650500BC08;2025-07-10;-2.0;-478.64
2BC7A34A1E456E11B7B78A650500BC08;44673735EAF46E11B7B78A650500BC08;2025-07-10;-2.0;-439.0
E5DC24DD1E456E11B7B78A650500BC08;44673735EAF46E11B7B78A650500BC08;2025-07-10;-2.0;-814.4
9BB58A554D929E11554010650500CB3B;44673735EAF46E11B7B78A650500BC08;2025-07-10;-8.0;-456.0
3D4A76D36D7DBE118772106505007E59;44673735EAF46E11B7B78A650500BC08;2025-07-10;-36.0;-1332.0
70A76EE2378B3E11052F6792C000D249;44673735EAF46E11B7B78A650500BC08;2025-07-10;-12.0;-411.0
6359B4691DE6DE11C846106505000F6A;44673735EAF46E11B7B78A650500BC08;2025-07-10;-2.0;-205.12
8169AC07DF54EE11B1AD10650500D7EA;44673735EAF46E11B7B78A650500BC08;2025-07-10;-2.0;-205.84
BA16810D2F709E11F243BB650500F84B;44673735EAF46E11B7B78A650500BC08;2025-07-10;-4.0;-1490.36
B5438B674C456E11B7B78A650500BC08;44673735EAF46E11B7B78A650500BC08;2025-07-10;-4.0;-878.62
06DF8B324790DE11ADB3106505006BB8;44673735EAF46E11B7B78A650500BC08;2025-07-10;-2.0;-67.08
3D77263A378B3E11052F6792C000D249;44673735EAF46E11B7B78A650500BC08;2025-07-10;-10.0;-347.9
68F551B23E456E11B7B78A650500BC08;44673735EAF46E11B7B78A650500BC08;2025-07-10;-2.0;-1250.0
C24CE452ED0C6E11B7B78A650500BC08;44673735EAF46E11B7B78A650500BC08;2025-07-10;-6.0;-4603.02
D57F0945CD456E11B7B78A650500BC08;44673735EAF46E11B7B78A650500BC08;2025-07-10;-24.0;-1320.0
4B9C3F028C456E11B7B78A650500BC08;44673735EAF46E11B7B78A650500BC08;2025-07-10;-2.0;-358.1
A35EA6B4E61E4E1142D58A650500BC08;44673735EAF46E11B7B78A650500BC08;2025-07-10;-4.0;-667.6
24A0DF6199D6AE11BE2110650500B94A;44673735EAF46E11B7B78A650500BC08;2025-07-10;-2.0;-1816.0
B7085E9E6B6B6E11B7B78A650500BC08;44673735EAF46E11B7B78A650500BC08;2025-07-10;-2.0;-96.02
E01BC827D004FE1191EE106505001FB9;44673735EAF46E11B7B78A650500BC08;2025-07-10;-2.0;-149.32
E7FB9C94CC22AE11726010650500905A;44673735EAF46E11B7B78A650500BC08;2025-07-10;-2.0;-170.68
1D1281515524FE1191EE106505004FB9;44673735EAF46E11B7B78A650500BC08;2025-07-10;-2.0;-90.78
EE4849B8C4848E113835BB6505001DAA;44673735EAF46E11B7B78A650500BC08;2025-07-10;-2.0;-345.58
49F393D4BBB9AE11BE21106505006D4A;44673735EAF46E11B7B78A650500BC08;2025-07-10;-8.0;-191.0
F7774E73907F6E11B7B78A650500CD08;44673735EAF46E11B7B78A650500BC08;2025-07-10;-151.0;-14933.9
042D072F390FEE1191EE1065050029B9;44673735EAF46E11B7B78A650500BC08;2025-07-10;-8.0;-164.28
E549DB48D397EE1191EE1065050047B9;44673735EAF46E11B7B78A650500BC08;2025-07-10;-2.0;-158.0
43A27077F555BE11BE21106505002C5A;44673735EAF46E11B7B78A650500BC08;2025-07-10;-4.0;-624.2
2E8518B6A8910F114EF7A826072B8989;44673735EAF46E11B7B78A650500BC08;2025-07-10;-10.0;-666.3
1A60831CA1EFAE11BE2110650500355A;44673735EAF46E11B7B78A650500BC08;2025-07-10;-2.0;-1189.62
5F6FB9B5BB363E11052F6792C000FF39;44673735EAF46E11B7B78A650500BC08;2025-07-10;-6.0;-260.82
B32C7AB4D8A47E11B7B78A650500ED08;44673735EAF46E11B7B78A650500BC08;2025-07-10;-2.0;-133.72
81D7FCBC46A40F114EF7A826072B6D89;44673735EAF46E11B7B78A650500BC08;2025-07-10;-2.0;-460.0
C6CA0CF52D456E11B7B78A650500BC08;44673735EAF46E11B7B78A650500BC08;2025-07-10;-2.0;-409.52
24A79ED2DE2CDE11406610650500E44A;44673735EAF46E11B7B78A650500BC08;2025-07-10;-24.0;-291.54
1D4395C1F17F6E11B7B78A650500CD08;44673735EAF46E11B7B78A650500BC08;2025-07-10;-2.0;-34.98
A687D44F00300F11F1557891FE698789;44673735EAF46E11B7B78A650500BC08;2025-07-10;-2.0;-204.76
2FC1A93BC7E10F114EF7A826072BE989;44673735EAF46E11B7B78A650500BC08;2025-07-10;-4.0;-398.76
405EBFE2821A8E11F243BB650500304B;44673735EAF46E11B7B78A650500BC08;2025-07-10;-2.0;-177.5
192173D9E358BE11877210650500E759;44673735EAF46E11B7B78A650500BC08;2025-07-10;-20.0;-914.4
CF3453A763039E115540106505004C3B;44673735EAF46E11B7B78A650500BC08;2025-07-10;-2.0;-115.3
250AF8FA682C6E11B7B78A650500BC08;44673735EAF46E11B7B78A650500BC08;2025-07-10;-4.0;-1374.38
72EABD3764DD6E11B7B78A650500BC08;44673735EAF46E11B7B78A650500BC08;2025-07-10;-2.0;-1224.72
4EF66CDB3E8DDE11406610650500A64A;44673735EAF46E11B7B78A650500BC08;2025-07-10;-2.0;-95.76
6DC5C05A8ABAAE11BE2110650500AE4A;44673735EAF46E11B7B78A650500BC08;2025-07-10;-6.0;-2250.0
C7B0AA9CDA8D7E110819BB65050039AA;44673735EAF46E11B7B78A650500BC08;2025-07-10;-2.0;-276.4
9165459B3E456E11B7B78A650500BC08;44673735EAF46E11B7B78A650500BC08;2025-07-10;-4.0;-2556.0
6FD6BD2B17C9DE11406610650500A14A;44673735EAF46E11B7B78A650500BC08;2025-07-10;-12.0;-2982.92
69DEE6074C456E11B7B78A650500BC08;44673735EAF46E11B7B78A650500BC08;2025-07-10;-4.0;-950.36
55401A66EED5FE1191EE1065050081C9;44673735EAF46E11B7B78A650500BC08;2025-07-10;-4.0;-158.56
58F2EB04AA4FFE11F1557891FE696689;44673735EAF46E11B7B78A650500BC08;2025-07-10;-4.0;-228.08
BD7A2E9E73C2FE1191EE106505006DB9;44673735EAF46E11B7B78A650500BC08;2025-07-10;-8.0;-181.88
B775680E0F5CCE11ADB31065050095B8;44673735EAF46E11B7B78A650500BC08;2025-07-10;-2.0;-151.56
DC9AE3C90383AE11726010650500425A;44673735EAF46E11B7B78A650500BC08;2025-07-10;-10.0;-705.6
308BDF31DAD0FE1191EE10650500FAB9;44673735EAF46E11B7B78A650500BC08;2025-07-10;-2.0;-1739.34
44F75893CFA1AE11726010650500FF4A;44673735EAF46E11B7B78A650500BC08;2025-07-10;-4.0;-309.68
8E4A76D36D7DBE118772106505007E59;44673735EAF46E11B7B78A650500BC08;2025-07-10;-2.0;-348.0
EFDAAA51DACDDE11406610650500F64A;44673735EAF46E11B7B78A650500BC08;2025-07-10;-2.0;-1062.34
4A2911B7D004FE1191EE106505001FB9;44673735EAF46E11B7B78A650500BC08;2025-07-10;-2.0;-154.12
ED848DB2E0DCDE11406610650500B54A;44673735EAF46E11B7B78A650500BC08;2025-07-10;-32.0;-2300.8
7C18BCAA811FCE11ADB31065050029B8;44673735EAF46E11B7B78A650500BC08;2025-07-10;-6.0;-4636.64
C1E611BC0C5CCE11ADB31065050095B8;44673735EAF46E11B7B78A650500BC08;2025-07-10;-2.0;-1602.58
6B0A66724F84DE11ADB310650500C0C8;44673735EAF46E11B7B78A650500BC08;2025-07-10;-6.0;-3521.92
2389690D0C5CCE11ADB31065050095B8;44673735EAF46E11B7B78A650500BC08;2025-07-10;-2.0;-381.72
20AF32FC91AA6E11B7B78A650500BC08;44673735EAF46E11B7B78A650500BC08;2025-07-10;-2.0;-156.0
0F3F8DD3C11A8E11F243BB650500304B;44673735EAF46E11B7B78A650500BC08;2025-07-10;-2.0;-52.58
CEF155EB3C456E11B7B78A650500BC08;44673735EAF46E11B7B78A650500BC08;2025-07-10;-6.0;-575.22
38B47AB710556E11B7B78A650500BC08;44673735EAF46E11B7B78A650500BC08;2025-07-10;-2.0;-484.66
32B48E443E3EDE11406610650500974A;44673735EAF46E11B7B78A650500BC08;2025-07-10;-4.0;-640.66
1998AF20BDB1AE11726010650500005A;44673735EAF46E11B7B78A650500BC08;2025-07-10;-2.0;-5490.0
5497EA2F7A8BDE11406610650500044A;44673735EAF46E11B7B78A650500BC08;2025-07-10;-2.0;-266.0
753DC3D54575EE1191EE10650500D4B9;44673735EAF46E11B7B78A650500BC08;2025-07-10;-4.0;-295.2
3F5E4242A8F07E11B7B78A650500CD08;44673735EAF46E11B7B78A650500BC08;2025-07-10;-2.0;-77.04
069B72C890CAED11A62CD892C0003F2A;44673735EAF46E11B7B78A650500BC08;2025-07-10;-2.0;-177.3
B13F68F3E279BE118772106505005959;44673735EAF46E11B7B78A650500BC08;2025-07-10;-2.0;-560.0
64918C502B589E11554010650500334B;44673735EAF46E11B7B78A650500BC08;2025-07-10;-2.0;-590.4
9348E95883B77E110819BB65050009AA;44673735EAF46E11B7B78A650500BC08;2025-07-10;-2.0;-206.4
AE72126DCF456E11B7B78A650500BC08;44673735EAF46E11B7B78A650500BC08;2025-07-10;-2.0;-37.02
EEECE7FCD30A3E11052F6792C000D249;44673735EAF46E11B7B78A650500BC08;2025-07-10;-2.0;-1148.66
D5D2043061D4EE11B1AD1065050068EA;44673735EAF46E11B7B78A650500BC08;2025-07-10;-2.0;-141.38
F33956F7E770BE11BE2110650500F55A;44673735EAF46E11B7B78A650500BC08;2025-07-10;-4.0;-664.88
A0E967BC904D7E110819BB65050039AA;44673735EAF46E11B7B78A650500BC08;2025-07-10;-2.0;-88.0
240754EE7C456E11B7B78A650500BC08;44673735EAF46E11B7B78A650500BC08;2025-07-10;-4.0;-2066.22
F469B09FEF95BE11BE21106505008C5A;44673735EAF46E11B7B78A650500BC08;2025-07-10;-6.0;-816.0
F8F059C3348DAE11BE2110650500325A;44673735EAF46E11B7B78A650500BC08;2025-07-10;-2.0;-400.0
56FBEABD7C456E11B7B78A650500BC08;44673735EAF46E11B7B78A650500BC08;2025-07-10;-72.0;-13743.300000000001
AD3DDD64162FFE11F1557891FE693689;44673735EAF46E11B7B78A650500BC08;2025-07-10;-4.0;-1480.0
7EAD502D30F5CE11ADB3106505006DA8;44673735EAF46E11B7B78A650500BC08;2025-07-10;-2.0;-308.1
47929A896E06FE1191EE10650500C1C9;44673735EAF46E11B7B78A650500BC08;2025-07-10;-2.0;-120.0
4725922DF9456E11B7B78A650500BC08;44673735EAF46E11B7B78A650500BC08;2025-07-10;-6.0;-245.04
6FCBF27E98E66E11B7B78A650500BC08;44673735EAF46E11B7B78A650500BC08;2025-07-10;-6.0;-296.44
C31FF008238FCE11ADB310650500D9B8;44673735EAF46E11B7B78A650500BC08;2025-07-10;-2.0;-816.62
500707C07B7E8E11F243BB650500664B;44673735EAF46E11B7B78A650500BC08;2025-07-10;-2.0;-1375.26
6F9BC879C35FEE1191EE1065050029B9;44673735EAF46E11B7B78A650500BC08;2025-07-10;-2.0;-85.78
D3B06DA32D456E11B7B78A650500BC08;44673735EAF46E11B7B78A650500BC08;2025-07-10;-6.0;-5313.0
F095BA2D8DC7DE11C84610650500207A;44673735EAF46E11B7B78A650500BC08;2025-07-10;-2.0;-248.8
99AEBD012058EE1191EE1065050048B9;44673735EAF46E11B7B78A650500BC08;2025-07-10;-2.0;-1146.14
1FBF65FFCC47CE11ADB310650500DEA8;44673735EAF46E11B7B78A650500BC08;2025-07-10;-4.0;-788.04
9189BA483ED5AE11BE2110650500784A;44673735EAF46E11B7B78A650500BC08;2025-07-10;-2.0;-679.8
EB26495CF9456E11B7B78A650500BC08;44673735EAF46E11B7B78A650500BC08;2025-07-10;-4.0;-124.82
85D7172ECC42CE118772106505009469;44673735EAF46E11B7B78A650500BC08;2025-07-10;-2.0;-516.0
BCD6A64AD6CD6E11B7B78A650500BC08;44673735EAF46E11B7B78A650500BC08;2025-07-10;-2.0;-254.0
1143A752BA66CE11ADB310650500BDA8;44673735EAF46E11B7B78A650500BC08;2025-07-10;-2.0;-152.34
86FD0775AF886E11B7B78A650500BC08;44673735EAF46E11B7B78A650500BC08;2025-07-10;-2.0;-302.82
7C8F9CC910556E11B7B78A650500BC08;44673735EAF46E11B7B78A650500BC08;2025-07-10;-4.0;-731.86
DD116EBE48C6DE11C84610650500DE6A;44673735EAF46E11B7B78A650500BC08;2025-07-10;-2.0;-23.66
7343A0E1BDE6DE11C846106505000F6A;44673735EAF46E11B7B78A650500BC08;2025-07-10;-2.0;-23.66
C1D840504C456E11B7B78A650500BC08;44673735EAF46E11B7B78A650500BC08;2025-07-10;-2.0;-395.78
2599615FA9240F114EF7A826072BCC89;44673735EAF46E11B7B78A650500BC08;2025-07-10;-2.0;-144.32
0BAAB333D6B4EE11B1AD1065050048EA;44673735EAF46E11B7B78A650500BC08;2025-07-10;-2.0;-92.0
5BECD7BFC688CE11ADB31065050070B8;44673735EAF46E11B7B78A650500BC08;2025-07-10;-4.0;-229.68
A24A55A9EC9F7E110819BB65050039AA;44673735EAF46E11B7B78A650500BC08;2025-07-10;-4.0;-81.76
105D455DE0CAED11A62CD892C0003F2A;FC081C55582CED11A62CD892C0003F2A;2025-07-10;-2.0;-601.86
A08F0F2CB023CE11877210650500A569;FC081C55582CED11A62CD892C0003F2A;2025-07-10;-4.0;-114.28
A86B8EE28F3CEE1191EE1065050029B9;44673735EAF46E11B7B78A650500BC08;2025-07-10;2.0;3576.0
37E5841F9E58BE11877210650500F759;FC081C55582CED11A62CD892C0003F2A;2025-07-10;0.0;0.0
0CA0D619FFBAED11A62CD892C0003F2A;FC081C55582CED11A62CD892C0003F2A;2025-07-10;-2.0;-344.16
F7B9B031FF13CE11877210650500A569;FC081C55582CED11A62CD892C0003F2A;2025-07-10;-6.0;-274.22
0556B8ED7942FE1191EE10650500CCB9;FC081C55582CED11A62CD892C0003F2A;2025-07-10;0.0;0.0
A1B14DE43B73CE118772106505001669;FC081C55582CED11A62CD892C0003F2A;2025-07-10;0.0;0.0
E2B43FD5A0CAED11A62CD892C0003F2A;FC081C55582CED11A62CD892C0003F2A;2025-07-10;0.0;0.0
EB2606AF9371FE1191EE10650500BBB9;FC081C55582CED11A62CD892C0003F2A;2025-07-10;0.0;0.0
A6541CA81E31FE1191EE106505007BB9;FC081C55582CED11A62CD892C0003F2A;2025-07-10;0.0;0.0
E074445C03BDCE11ADB31065050067B8;FC081C55582CED11A62CD892C0003F2A;2025-07-10;0.0;0.0
1506263DCDEAAE11BE2110650500EE4A;FC081C55582CED11A62CD892C0003F2A;2025-07-10;-2.0;-118.78
99CE16AE48F1EE114066106505007C4A;FC081C55582CED11A62CD892C0003F2A;2025-07-10;-2.0;-60.6
2887C414C87A9E115250106505007B4A;FC081C55582CED11A62CD892C0003F2A;2025-07-10;0.0;0.0
91B29655B3D67E11B7B78A650500ED08;FC081C55582CED11A62CD892C0003F2A;2025-07-10;-4.0;-111.16
98D80015B93FDE11406610650500E84A;FC081C55582CED11A62CD892C0003F2A;2025-07-10;0.0;0.0
8ACC105068A1CE11877210650500C369;FC081C55582CED11A62CD892C0003F2A;2025-07-10;0.0;-2.2737367544323206e-13
5AFAAD04D9FC9E11726010650500E94A;FC081C55582CED11A62CD892C0003F2A;2025-07-10;0.0;0.0
EC472DC2C3D67E11B7B78A650500ED08;FC081C55582CED11A62CD892C0003F2A;2025-07-10;0.0;0.0
B790516A93C1CE11877210650500E369;FC081C55582CED11A62CD892C0003F2A;2025-07-10;0.0;0.0
0133F6C2D74CDE11406610650500054A;FC081C55582CED11A62CD892C0003F2A;2025-07-10;0.0;0.0
2315AEFA2C07BE118772106505004659;FC081C55582CED11A62CD892C0003F2A;2025-07-10;0.0;0.0
D8378470DC07BE118772106505004659;FC081C55582CED11A62CD892C0003F2A;2025-07-10;0.0;0.0
0E467BEEEEE4AE11726010650500145A;FC081C55582CED11A62CD892C0003F2A;2025-07-10;0.0;0.0
5E9D1CF66933BE11BE2110650500795A;FC081C55582CED11A62CD892C0003F2A;2025-07-10;-2.0;-54.9
A7218C1035B4DE11ADB310650500F0C8;44673735EAF46E11B7B78A650500BC08;2025-07-10;40.0;3788.0000000000005
DF6A56559C456E11B7B78A650500BC08;44673735EAF46E11B7B78A650500BC08;2025-07-10;-4.0;-557.88
9AE8002B3C456E11B7B78A650500BC08;44673735EAF46E11B7B78A650500BC08;2025-07-10;-18.0;-3958.5400000000004
1252830334627E11B7B78A650500CD08;44673735EAF46E11B7B78A650500BC08;2025-07-10;12.0;2815.5
BBA0B266B2C10F114EF7A826072BB989;44673735EAF46E11B7B78A650500BC08;2025-07-10;18.0;1712.6200000000001
B4A4DC82E9456E11B7B78A650500BC08;44673735EAF46E11B7B78A650500BC08;2025-07-10;0.0;0.0
25A4DC82E9456E11B7B78A650500BC08;44673735EAF46E11B7B78A650500BC08;2025-07-10;0.0;0.0
4DD5112F9A456E11B7B78A650500BC08;44673735EAF46E11B7B78A650500BC08;2025-07-10;0.0;0.0
BC4BA70BC31DAE11BE2110650500A15A;44673735EAF46E11B7B78A650500BC08;2025-07-10;0.0;0.0
2293B56AFE679E11554010650500024B;44673735EAF46E11B7B78A650500BC08;2025-07-10;-2.0;-580.0
9FD42145EEDFDE11406610650500B94A;44673735EAF46E11B7B78A650500BC08;2025-07-10;0.0;0.0
3BA87E9281AD7E110819BB65050039AA;44673735EAF46E11B7B78A650500BC08;2025-07-10;0.0;0.0
1DBC13446DCF8E11F243BB650500184B;44673735EAF46E11B7B78A650500BC08;2025-07-10;0.0;-9.094947017729282e-13
4158FB425EEEDE11406610650500884A;44673735EAF46E11B7B78A650500BC08;2025-07-10;0.0;0.0
46F096134E1FCE11ADB31065050039B8;44673735EAF46E11B7B78A650500BC08;2025-07-10;0.0;0.0
3DEE248187A7CE11ADB3106505004FA8;44673735EAF46E11B7B78A650500BC08;2025-07-10;-2.0;-43.0
EA15F35B45437E11B7B78A650500DD08;44673735EAF46E11B7B78A650500BC08;2025-07-10;0.0;-1.1368683772161603e-13
48F30813BA66CE11ADB310650500BDA8;44673735EAF46E11B7B78A650500BC08;2025-07-10;0.0;0.0
D37C49BF22EC9E11726010650500C94A;44673735EAF46E11B7B78A650500BC08;2025-07-10;0.0;0.0
DB660143CD6CEE1191EE1065050029B9;44673735EAF46E11B7B78A650500BC08;2025-07-10;0.0;-1.1368683772161603e-13
146FB6C9F36A6E11B7B78A650500BC08;44673735EAF46E11B7B78A650500BC08;2025-07-10;0.0;0.0
3C9217A6046A6E11B7B78A650500BC08;44673735EAF46E11B7B78A650500BC08;2025-07-10;-2.0;-195.9
77BFEBAF09240F114EF7A826072BCC89;FC081C55582CED11A62CD892C0003F2A;2025-07-10;0.0;0.0
E7FFEBAF09240F114EF7A826072BCC89;FC081C55582CED11A62CD892C0003F2A;2025-07-10;0.0;0.0
59DC9F2B5C440F114EF7A826072BFC89;FC081C55582CED11A62CD892C0003F2A;2025-07-10;0.0;0.0
A962256B5C440F114EF7A826072BFC89;FC081C55582CED11A62CD892C0003F2A;2025-07-10;0.0;0.0
1A73256B5C440F114EF7A826072BFC89;FC081C55582CED11A62CD892C0003F2A;2025-07-10;0.0;0.0
2604256B5C440F114EF7A826072BFC89;FC081C55582CED11A62CD892C0003F2A;2025-07-10;0.0;0.0
102B2FEB5C440F114EF7A826072BFC89;FC081C55582CED11A62CD892C0003F2A;2025-07-10;0.0;0.0
634D930CBEB40F114EF7A826072B8D89;B0BDDED34CC83E11052F6792C000B249;2025-07-10;96.0;4438.86
478D930CBEB40F114EF7A826072B8D89;B0BDDED34CC83E11052F6792C000B249;2025-07-10;48.0;1824.18
620D913CBEB40F114EF7A826072B8D89;B0BDDED34CC83E11052F6792C000B249;2025-07-10;216.0;2637.7
19716F8978540F114EF7A826072B0D89;B0BDDED34CC83E11052F6792C000B249;2025-07-10;120.0;6306.88
C24CC4F978540F114EF7A826072B0D89;B0BDDED34CC83E11052F6792C000B249;2025-07-10;60.0;1476.36
5D603E0A78540F114EF7A826072B0D89;B0BDDED34CC83E11052F6792C000B249;2025-07-10;64.0;3418.02
818AEE53224DDE11406610650500464A;44673735EAF46E11B7B78A650500BC08;2025-07-10;20.0;5915.0
AFB1587B9485FE1191EE1065050011C9;FC081C55582CED11A62CD892C0003F2A;2025-07-10;0.0;0.0
70BC7402662BDE11406610650500734A;B0BDDED34CC83E11052F6792C000B249;2025-07-10;10.0;2790.0
C7310BEBBEB40F114EF7A826072B8D89;FC081C55582CED11A62CD892C0003F2A;2025-07-10;96.0;1512.74
573C930CBEB40F114EF7A826072B8D89;FC081C55582CED11A62CD892C0003F2A;2025-07-10;96.0;8473.16
945A415CBEB40F114EF7A826072B8D89;FC081C55582CED11A62CD892C0003F2A;2025-07-10;24.0;5567.2
DDD7334651CAED11A62CD892C0003F2A;B0BDDED34CC83E11052F6792C000B249;2025-07-10;6.0;2276.34
F88F65B12D456E11B7B78A650500BC08;44673735EAF46E11B7B78A650500BC08;2025-07-10;100.0;3000.0
086304C34E456E11B7B78A650500BC08;44673735EAF46E11B7B78A650500BC08;2025-07-10;106.0;25568.0
375195C04E040F114EF7A826072BAC89;FC081C55582CED11A62CD892C0003F2A;2025-07-10;38.0;32700.12
D11808750FBBEE1191EE1065050029B9;B0BDDED34CC83E11052F6792C000B249;2025-07-10;16.0;1392.0
E7C5C2ECFED9DE11406610650500C14A;FC081C55582CED11A62CD892C0003F2A;2025-07-10;12.0;2484.0
831D676636EEAE11BE2110650500F35A;44673735EAF46E11B7B78A650500BC08;2025-07-10;20.0;1684.32
4FC2EA7FB242DE11ADB310650500BDB8;B0BDDED34CC83E11052F6792C000B249;2025-07-10;12.0;1828.8
7E4CEEF20EA98E11F243BB650500BF3B;44673735EAF46E11B7B78A650500BC08;2025-07-10;-2.0;-1040.44
140F68F0B5EF6E11B7B78A650500CD08;44673735EAF46E11B7B78A650500BC08;2025-07-10;60.0;3790.5
656BA627E5DB7E110819BB65050039AA;44673735EAF46E11B7B78A650500BC08;2025-07-10;40.0;3780.0
DED678DAFCA50F114EF7A826072BBE89;44673735EAF46E11B7B78A650500BC08;2025-07-10;12.0;19958.4
F4DB695ED0758E113835BB6505004EAA;B0BDDED34CC83E11052F6792C000B249;2025-07-10;20.0;4964.0
4E5EB1884E012E1143F0668E4200C71A;B0BDDED34CC83E11052F6792C000B249;2025-07-10;4.0;715.04
B2E37284D1C30F114EF7A826072B4C89;44673735EAF46E11B7B78A650500BC08;2025-07-10;120.0;16440.0
9DA94706F2DFAE11BE2110650500255A;44673735EAF46E11B7B78A650500BC08;2025-07-10;0.0;5.684341886080802e-14
74BB1557ED97DE11C84610650500EF6A;44673735EAF46E11B7B78A650500BC08;2025-07-10;4.0;13807.56
756E9ED4B8C50F114EF7A826072BDE89;FC081C55582CED11A62CD892C0003F2A;2025-07-10;120.0;13318.8
98EE9ED4B8C50F114EF7A826072BDE89;FC081C55582CED11A62CD892C0003F2A;2025-07-10;28.0;3480.96
753BF8801BA8FE11128010650500D819;FC081C55582CED11A62CD892C0003F2A;2025-07-10;40.0;7384.4
2572819D25DFEE1191EE10650500A9B9;FC081C55582CED11A62CD892C0003F2A;2025-07-10;10.0;3322.0
B148C3C951CAED11A62CD892C0003F2A;FC081C55582CED11A62CD892C0003F2A;2025-07-10;4.0;520.64
21766B3FED71FE1191EE10650500CBB9;FC081C55582CED11A62CD892C0003F2A;2025-07-10;12.0;3710.52
9D9E942B1CC46E11B7B78A650500BC08;B0BDDED34CC83E11052F6792C000B249;2025-07-10;4.0;393.8
215D9C4235DFEE1191EE10650500A9B9;B0BDDED34CC83E11052F6792C000B249;2025-07-10;4.0;906.0
C4018428F0CAED11A62CD892C0003F2A;FC081C55582CED11A62CD892C0003F2A;2025-07-10;22.0;2931.06
324671B8068BBE11877210650500FB59;FC081C55582CED11A62CD892C0003F2A;2025-07-10;12.0;1146.96
79B98038F5C7FE1191EE1065050004C9;FC081C55582CED11A62CD892C0003F2A;2025-07-10;4.0;611.96
7D7453041980DE11ADB3106505005BB8;44673735EAF46E11B7B78A650500BC08;2025-07-10;20.0;1200.0
F4D7E43B046B3E11052F6792C000D249;B0BDDED34CC83E11052F6792C000B249;2025-07-10;12.0;754.08
3D77263A378B3E11052F6792C000D249;B0BDDED34CC83E11052F6792C000B249;2025-07-10;22.0;765.38
9009A4845C630F114EF7A826072BDB89;FC081C55582CED11A62CD892C0003F2A;2025-07-10;4.0;1821.16
642D1C06C5934E1142D58A6505002C08;FC081C55582CED11A62CD892C0003F2A;2025-07-10;6.0;2175.3
83CF9F1F2E456E11B7B78A650500BC08;44673735EAF46E11B7B78A650500BC08;2025-07-10;-12.0;-27480.0
C3D8C1394D85DE11ADB31065050002C8;FC081C55582CED11A62CD892C0003F2A;2025-07-10;150.0;15645.0
4726518B3C456E11B7B78A650500BC08;44673735EAF46E11B7B78A650500BC08;2025-07-10;-4.0;-1401.32
CC92AD2E10510F11112A674AC7E21989;44673735EAF46E11B7B78A650500BC08;2025-07-10;2.0;1254.36
09A7EC167654EE11B1AD10650500C7EA;FC081C55582CED11A62CD892C0003F2A;2025-07-10;0.0;-9.947598300641403e-14
0D15133CBC1EAE11BE2110650500F25A;44673735EAF46E11B7B78A650500BC08;2025-07-10;0.0;0.0
F99B962D87145E1142D58A650500DC08;B0BDDED34CC83E11052F6792C000B249;2025-07-10;36.0;9136.8
AD6849C2408EEE1191EE1065050029B9;FC081C55582CED11A62CD892C0003F2A;2025-07-10;0.0;0.0
81438223408EEE1191EE1065050029B9;FC081C55582CED11A62CD892C0003F2A;2025-07-10;0.0;0.0
BC5B661A5AADEE1191EE1065050029B9;FC081C55582CED11A62CD892C0003F2A;2025-07-10;0.0;0.0
66E8B3E5E69FBE118772106505002169;FC081C55582CED11A62CD892C0003F2A;2025-07-10;8.0;455.68
EAF61C7666C98E11F243BB650500DF3B;44673735EAF46E11B7B78A650500BC08;2025-07-10;-6.0;-14037.2
E6D7BD3CFD456E11B7B78A650500BC08;44673735EAF46E11B7B78A650500BC08;2025-07-10;-4.0;-1548.0
F9A2D871DD456E11B7B78A650500BC08;44673735EAF46E11B7B78A650500BC08;2025-07-10;-2.0;-4582.0
886DD158D0CAED11A62CD892C0003F2A;B0BDDED34CC83E11052F6792C000B249;2025-07-10;6.0;691.74
C6557F0EBC3ABE118772106505005A59;44673735EAF46E11B7B78A650500BC08;2025-07-10;58.0;4421.46
DAD2DF7B12EC6E11B7B78A650500BC08;FC081C55582CED11A62CD892C0003F2A;2025-07-10;38.0;2642.2
2D42EF4B16137E11B7B78A650500DD08;FC081C55582CED11A62CD892C0003F2A;2025-07-10;40.0;4638.84
59929EB04623DE11ADB310650500DEB8;FC081C55582CED11A62CD892C0003F2A;2025-07-10;12.0;2005.44
6E3605295B768E11F243BB650500AB3B;FC081C55582CED11A62CD892C0003F2A;2025-07-10;16.0;1325.6399999999999
8FB58F6876807E11B7B78A650500CD08;FC081C55582CED11A62CD892C0003F2A;2025-07-10;6.0;1895.2600000000002
AA9BE0D4F88C9E11726010650500594A;B0BDDED34CC83E11052F6792C000B249;2025-07-10;4.0;927.84
79D7EFC706078E11F243BB6505005C3B;FC081C55582CED11A62CD892C0003F2A;2025-07-10;14.0;2798.88
1A3E77918754EE11B1AD10650500C7EA;FC081C55582CED11A62CD892C0003F2A;2025-07-10;18.0;7328.48
67328AB28754EE11B1AD10650500C7EA;FC081C55582CED11A62CD892C0003F2A;2025-07-10;148.0;3516.48
55DA3762094CDE11406610650500054A;B0BDDED34CC83E11052F6792C000B249;2025-07-10;4.0;700.96
182A8988394CDE11406610650500054A;B0BDDED34CC83E11052F6792C000B249;2025-07-10;10.0;1042.3
38B373561D456E11B7B78A650500BC08;44673735EAF46E11B7B78A650500BC08;2025-07-10;40.0;12840.0
048B9C3BBF354E1142D58A6505002C08;FC081C55582CED11A62CD892C0003F2A;2025-07-10;18.0;1081.08
C15FC812365FFE11F1557891FE697689;FC081C55582CED11A62CD892C0003F2A;2025-07-10;18.0;1288.08
917888C766DB9E11726010650500784A;B0BDDED34CC83E11052F6792C000B249;2025-07-10;22.0;3702.6
291DD8F181E4EE11B1AD1065050078EA;44673735EAF46E11B7B78A650500BC08;2025-07-10;-4.0;-1012.0
B6D645B0AE6E8E11F243BB650500564B;44673735EAF46E11B7B78A650500BC08;2025-07-10;-2.0;-58.32
0B4E0D1A4A93FE1191EE106505009EB9;B0BDDED34CC83E11052F6792C000B249;2025-07-10;24.0;1423.2
A454CD751EE5CE11ADB3106505006DA8;B0BDDED34CC83E11052F6792C000B249;2025-07-10;12.0;1262.04
74CA1B0CFE6CDE11406610650500354A;B0BDDED34CC83E11052F6792C000B249;2025-07-10;12.0;636.48
350D4F10C48ECE11ADB31065050078B8;B0BDDED34CC83E11052F6792C000B249;2025-07-10;18.0;676.4
0F021DCEB7788E11F243BB6505002E3B;B0BDDED34CC83E11052F6792C000B249;2025-07-10;20.0;1201.6
AF8692FC0442EE11406610650500DC4A;B0BDDED34CC83E11052F6792C000B249;2025-07-10;12.0;258.6
3B9437400502EE114066106505008C4A;B0BDDED34CC83E11052F6792C000B249;2025-07-10;4.0;877.44
7B2843CF9371FE1191EE10650500BBB9;B0BDDED34CC83E11052F6792C000B249;2025-07-10;2.0;146.98000000000002
0ACE2FF5BA510F11112A674AC7E22989;B0BDDED34CC83E11052F6792C000B249;2025-07-10;4.0;237.2
A8257301863EAE11BE2110650500135A;B0BDDED34CC83E11052F6792C000B249;2025-07-10;10.0;184.6
79A6CFCE5FB3EE11B1AD1065050007EA;B0BDDED34CC83E11052F6792C000B249;2025-07-10;6.0;2093.94
A1DC225B5F7CBE118772106505003D59;44673735EAF46E11B7B78A650500BC08;2025-07-10;0.0;1.1368683772161603e-13
F903446E2CFA7E110819BB65050039AA;44673735EAF46E11B7B78A650500BC08;2025-07-10;0.0;0.0
94A9D1B08AADEE1191EE1065050029B9;44673735EAF46E11B7B78A650500BC08;2025-07-10;0.0;0.0
7FBD98BA2B9FFE11F1557891FE69C689;B0BDDED34CC83E11052F6792C000B249;2025-07-10;16.0;5838.08
43CA66BE8533AE11726010650500E15A;B0BDDED34CC83E11052F6792C000B249;2025-07-10;-2.0;-513.88
4B93A72BD3897E110819BB65050019AA;FC081C55582CED11A62CD892C0003F2A;2025-07-10;0.0;0.0
68904BBEC0CAED11A62CD892C0003F2A;B0BDDED34CC83E11052F6792C000B249;2025-07-10;22.0;3041.34
D502F19C5C37AE11BE21106505003A4A;B0BDDED34CC83E11052F6792C000B249;2025-07-10;12.0;1735.92
FB4B0EAC17C2FE1191EE106505006DB9;44673735EAF46E11B7B78A650500BC08;2025-07-10;4.0;343.48
2562A50B2022EE11406610650500AC4A;44673735EAF46E11B7B78A650500BC08;2025-07-10;6.0;2049.18
9FD92D1340CAED11A62CD892C0003F2A;44673735EAF46E11B7B78A650500BC08;2025-07-10;10.0;8660.62
207B139DC6616E1142D58A650500AD08;B0BDDED34CC83E11052F6792C000B249;2025-07-10;12.0;3276.72
AD336A66D343FE1191EE106505001EB9;B0BDDED34CC83E11052F6792C000B249;2025-07-10;2.0;368.42
0D72AFE8129EFE11F1557891FE697589;FC081C55582CED11A62CD892C0003F2A;2025-07-10;-4.0;-148.32
179D99A27A2CBE11877210650500CC59;FC081C55582CED11A62CD892C0003F2A;2025-07-10;-2.0;-105.72
8DA4A40EAA4A7E110819BB65050039AA;FC081C55582CED11A62CD892C0003F2A;2025-07-10;-7.5;-6898.5599999999995
2B8A1276F451EE114066106505009B4A;FC081C55582CED11A62CD892C0003F2A;2025-07-10;-2.0;-235.8
7E7DB0C295240F114EF7A826072BCC89;FC081C55582CED11A62CD892C0003F2A;2025-07-10;-2.0;-935.1
AC0ECEF0EC065E1142D58A650500DC08;FC081C55582CED11A62CD892C0003F2A;2025-07-10;-248.0;-1319.36
26917AB011CAED11A62CD892C0003F2A;FC081C55582CED11A62CD892C0003F2A;2025-07-10;-2.0;-1008.62
9051A73ABCE98E11F243BB650500004B;FC081C55582CED11A62CD892C0003F2A;2025-07-10;-6.0;-1814.5
48654E473392BE11BE2110650500A85A;FC081C55582CED11A62CD892C0003F2A;2025-07-10;-2.0;-64.36
EFA26A28EF2CDE11406610650500E44A;FC081C55582CED11A62CD892C0003F2A;2025-07-10;-2.0;-285.68
1F7BC7EFA70ECE11ADB310650500D7B8;FC081C55582CED11A62CD892C0003F2A;2025-07-10;-4.0;-437.28
089B35B79FB59E11554010650500EF3B;FC081C55582CED11A62CD892C0003F2A;2025-07-10;-2.0;-79.4
D665A906A26FEE1191EE1065050029B9;FC081C55582CED11A62CD892C0003F2A;2025-07-10;-4.0;-413.48
87328AB28754EE11B1AD10650500C7EA;FC081C55582CED11A62CD892C0003F2A;2025-07-10;-10.0;-116.84
D3FE335EEB6DFE11F1557891FE690489;FC081C55582CED11A62CD892C0003F2A;2025-07-10;-2.0;-519.8
FEC2A31E65B4DE11ADB310650500F0C8;FC081C55582CED11A62CD892C0003F2A;2025-07-10;-2.0;-122.04
6ED8CA5501CAED11A62CD892C0003F2A;FC081C55582CED11A62CD892C0003F2A;2025-07-10;-2.0;-196.86
629925FB0DDFDE11406610650500B94A;FC081C55582CED11A62CD892C0003F2A;2025-07-10;-4.0;-230.54000000000002
247A7086F254DE11ADB31065050070C8;FC081C55582CED11A62CD892C0003F2A;2025-07-10;-4.0;-1657.24
420276EBD0CAED11A62CD892C0003F2A;FC081C55582CED11A62CD892C0003F2A;2025-07-10;-2.0;-662.78
934285D780B2CE118772106505001569;FC081C55582CED11A62CD892C0003F2A;2025-07-10;-2.0;-177.52
6DC78F32C5246E11B7B78A650500BC08;FC081C55582CED11A62CD892C0003F2A;2025-07-10;-2.0;-125.16
04BEE31C7523DE11ADB310650500DEB8;FC081C55582CED11A62CD892C0003F2A;2025-07-10;-2.0;-1032.58
DD83AF999CAAAE11BE21106505009E4A;FC081C55582CED11A62CD892C0003F2A;2025-07-10;-2.0;-442.66
3D623D8F87E88E11F243BB650500BE3B;FC081C55582CED11A62CD892C0003F2A;2025-07-10;-2.0;-102.0
54740F4A70E87E110819BB65050009AA;FC081C55582CED11A62CD892C0003F2A;2025-07-10;-4.0;-181.48
CF3BE55748A0EE11406610650500BA4A;FC081C55582CED11A62CD892C0003F2A;2025-07-10;-2.0;-276.44
6396BB8EEB0AFE11128010650500E819;FC081C55582CED11A62CD892C0003F2A;2025-07-10;-8.0;-373.44
8E578A6EF77EFE11F1557891FE695589;FC081C55582CED11A62CD892C0003F2A;2025-07-10;-2.0;-365.82
4D033562DC94DE11ADB310650500D0C8;FC081C55582CED11A62CD892C0003F2A;2025-07-10;-4.0;-492.72
A0C1B01B55B4DE11ADB310650500F0C8;FC081C55582CED11A62CD892C0003F2A;2025-07-10;-8.0;-332.96
4838747444AE9E117260106505001C4A;FC081C55582CED11A62CD892C0003F2A;2025-07-10;-2.0;-292.78
3D6B8175CDEAAE11BE2110650500EE4A;FC081C55582CED11A62CD892C0003F2A;2025-07-10;-2.0;-50.96
C20D5CF75ECEFE11F1557891FE69C589;FC081C55582CED11A62CD892C0003F2A;2025-07-10;-4.0;-1031.66
D35092A311E1FE1191EE106505004CB9;FC081C55582CED11A62CD892C0003F2A;2025-07-10;-2.0;-877.5
8073C33B2BCDDE11406610650500F64A;FC081C55582CED11A62CD892C0003F2A;2025-07-10;-4.0;-420.74
B355ED7CA70FDE11406610650500A84A;FC081C55582CED11A62CD892C0003F2A;2025-07-10;-2.0;-430.32
745E978C907ABE118772106505009A59;FC081C55582CED11A62CD892C0003F2A;2025-07-10;-2.0;-688.4
3E2C931097DF2E11052F6792C000CF39;FC081C55582CED11A62CD892C0003F2A;2025-07-10;-2.0;-469.4
BEED03100BCDDE11406610650500F64A;FC081C55582CED11A62CD892C0003F2A;2025-07-10;-2.0;-2401.14
9F6D0F4C8EA3FD110DC22A92C000C499;FC081C55582CED11A62CD892C0003F2A;2025-07-10;-4.0;-1270.88
88C401993D8F2E11052F6792C000CF39;FC081C55582CED11A62CD892C0003F2A;2025-07-10;-2.0;-1220.26
1B4793699709CE11ADB31065050011B8;FC081C55582CED11A62CD892C0003F2A;2025-07-10;-6.0;-163.32
EE280D4ACE23FD110DC22A92C000C499;FC081C55582CED11A62CD892C0003F2A;2025-07-10;-4.0;-623.04
3528B7682E74FE1191EE10650500CFB9;FC081C55582CED11A62CD892C0003F2A;2025-07-10;-2.0;-59.74
FEF75E703E56BE118772106505006559;FC081C55582CED11A62CD892C0003F2A;2025-07-10;-2.0;-178.0
3576D826A9BFCE11ADB3106505001AB8;FC081C55582CED11A62CD892C0003F2A;2025-07-10;-2.0;-112.82
F9056ECF98D17E11B7B78A650500CD08;FC081C55582CED11A62CD892C0003F2A;2025-07-10;-4.0;-446.38
E969A30DC691FE1191EE10650500EBB9;FC081C55582CED11A62CD892C0003F2A;2025-07-10;-2.0;-98.78
B8FC456F9D630F114EF7A826072BDB89;FC081C55582CED11A62CD892C0003F2A;2025-07-10;-2.0;-77.94
94D8DB7348F20F114EF7A826072B4B89;FC081C55582CED11A62CD892C0003F2A;2025-07-10;-2.0;-205.88
6817D4A348F20F114EF7A826072B4B89;FC081C55582CED11A62CD892C0003F2A;2025-07-10;-2.0;-70.9
DCD55E8248F20F114EF7A826072B4B89;FC081C55582CED11A62CD892C0003F2A;2025-07-10;-2.0;-92.62
1A92EBF771500F11F1557891FE69B789;FC081C55582CED11A62CD892C0003F2A;2025-07-10;-2.0;-38.0
82E795AC483EFE11F1557891FE690589;FC081C55582CED11A62CD892C0003F2A;2025-07-10;-2.0;-24.0
308EA5E5210EDE11406610650500374A;FC081C55582CED11A62CD892C0003F2A;2025-07-10;-2.0;-294.84
91908CDBCD94FD110DC22A92C0009D7B;FC081C55582CED11A62CD892C0003F2A;2025-07-10;-2.0;-177.32
B26EE978EC978E11F243BB6505001D3B;FC081C55582CED11A62CD892C0003F2A;2025-07-10;-2.0;-152.04
6999F16DC9822E1143F0668E4200C71A;FC081C55582CED11A62CD892C0003F2A;2025-07-10;-4.0;-218.64
576F6988CE330E11A4A96492C00008E9;FC081C55582CED11A62CD892C0003F2A;2025-07-10;-2.0;-215.32
FDD7334651CAED11A62CD892C0003F2A;FC081C55582CED11A62CD892C0003F2A;2025-07-10;-2.0;-715.84
98E00D88A0CAED11A62CD892C0003F2A;FC081C55582CED11A62CD892C0003F2A;2025-07-10;-8.0;-238.70000000000002
FA65ED4652B7BE118772106505001759;FC081C55582CED11A62CD892C0003F2A;2025-07-10;-4.0;-150.7
1B8024603062AE11726010650500D05A;FC081C55582CED11A62CD892C0003F2A;2025-07-10;-6.0;-270.38
28F5EBC551CAED11A62CD892C0003F2A;FC081C55582CED11A62CD892C0003F2A;2025-07-10;-4.0;-547.72
B5A10E5110A4DE11ADB310650500D0C8;FC081C55582CED11A62CD892C0003F2A;2025-07-10;-4.0;-331.24
F6FFE3D7D99DDE11406610650500B64A;FC081C55582CED11A62CD892C0003F2A;2025-07-10;-4.0;-435.52
2A79254529DDCE11ADB31065050097B8;FC081C55582CED11A62CD892C0003F2A;2025-07-10;-20.0;-3000.0
45C22AA78EAFEE1191EE1065050079B9;FC081C55582CED11A62CD892C0003F2A;2025-07-10;-2.0;-634.22
70153B76847D7E110819BB65050039AA;FC081C55582CED11A62CD892C0003F2A;2025-07-10;-2.0;-547.14
151738EFCC4BFD11A4A96492C0006F3B;FC081C55582CED11A62CD892C0003F2A;2025-07-10;-6.0;-334.86
270173E1EA18DE11C84610650500807A;FC081C55582CED11A62CD892C0003F2A;2025-07-10;-2.0;-238.3
767B49D1D1405E1142D58A650500BC08;FC081C55582CED11A62CD892C0003F2A;2025-07-10;-2.0;-762.84
FE5D716FA06C3E11052F6792C000D249;FC081C55582CED11A62CD892C0003F2A;2025-07-10;-2.0;-638.18
F6F107EA01CAED11A62CD892C0003F2A;FC081C55582CED11A62CD892C0003F2A;2025-07-10;-2.0;-333.28
B97F84D3F896EE1191EE1065050056B9;FC081C55582CED11A62CD892C0003F2A;2025-07-10;-2.0;-308.26
33993B4824789E11525010650500D84A;FC081C55582CED11A62CD892C0003F2A;2025-07-10;-4.0;-75.44
ADC72C5235B4DE11ADB310650500F0C8;FC081C55582CED11A62CD892C0003F2A;2025-07-10;-2.0;-189.4
E5BACB0A290F9E117260106505009C4A;FC081C55582CED11A62CD892C0003F2A;2025-07-10;-2.0;-356.98
3B754762F0CAED11A62CD892C0003F2A;FC081C55582CED11A62CD892C0003F2A;2025-07-10;-4.0;-1822.28
E6AF8A5FC0CAED11A62CD892C0003F2A;FC081C55582CED11A62CD892C0003F2A;2025-07-10;-10.0;-1381.9
1A9E47EAD0CAED11A62CD892C0003F2A;FC081C55582CED11A62CD892C0003F2A;2025-07-10;-2.0;-147.6
B784C81358C4EE11B1AD1065050058EA;FC081C55582CED11A62CD892C0003F2A;2025-07-10;-2.0;-217.12
E247820BD72EFE11F1557891FE69F489;FC081C55582CED11A62CD892C0003F2A;2025-07-10;-6.0;-792.0
0912737CCE80FE1191EE106505009AB9;FC081C55582CED11A62CD892C0003F2A;2025-07-10;-2.0;-383.66
1179538AF7D1FE1191EE106505003CB9;FC081C55582CED11A62CD892C0003F2A;2025-07-10;-2.0;-218.28
9669C44B146B3E11052F6792C000D249;FC081C55582CED11A62CD892C0003F2A;2025-07-10;-2.0;-119.94
08747DE6DDFFFE11F1557891FE694789;FC081C55582CED11A62CD892C0003F2A;2025-07-10;-2.0;-611.12
14346E8FA1256E11B7B78A650500BC08;FC081C55582CED11A62CD892C0003F2A;2025-07-10;-2.0;-227.04
4544DE59DD7ABE11877210650500AA59;FC081C55582CED11A62CD892C0003F2A;2025-07-10;-2.0;-261.46
DD9F5B964EED7E110819BB65050039AA;FC081C55582CED11A62CD892C0003F2A;2025-07-10;-2.0;-626.48
DD7686669B46DE11ADB310650500F2C8;FC081C55582CED11A62CD892C0003F2A;2025-07-10;-4.0;-631.62
77195B37B9A86E11B7B78A650500BC08;FC081C55582CED11A62CD892C0003F2A;2025-07-10;-2.0;-109.7
9EEC5B916F35DE11ADB310650500A1C8;FC081C55582CED11A62CD892C0003F2A;2025-07-10;-2.0;-245.0
DA39958560CBEE1191EE1065050029B9;FC081C55582CED11A62CD892C0003F2A;2025-07-10;-2.0;-185.9
A8004D8311CAED11A62CD892C0003F2A;FC081C55582CED11A62CD892C0003F2A;2025-07-10;-2.0;-825.16
5026929ACED4DE11ADB31065050021C8;FC081C55582CED11A62CD892C0003F2A;2025-07-10;-2.0;-623.16
D2EE879423D0DE11ADB310650500BBB8;FC081C55582CED11A62CD892C0003F2A;2025-07-10;-2.0;-162.2
5F6FB9B5BB363E11052F6792C000FF39;FC081C55582CED11A62CD892C0003F2A;2025-07-10;-2.0;-102.28
DCF752E85A5EEE1191EE1065050029B9;FC081C55582CED11A62CD892C0003F2A;2025-07-10;-2.0;-2055.38
684DDD9A2AB00F11F1557891FE693889;FC081C55582CED11A62CD892C0003F2A;2025-07-10;-6.0;-579.0
8F39248CF5802E1143F0668E4200C71A;FC081C55582CED11A62CD892C0003F2A;2025-07-10;-2.0;-794.16
65E1E77DC8D58E11F243BB650500CA3B;FC081C55582CED11A62CD892C0003F2A;2025-07-10;-2.0;-184.8
A8F78DB29DFDCE11ADB310650500C7B8;FC081C55582CED11A62CD892C0003F2A;2025-07-10;-4.0;-525.6
A228569B94EE4E1142D58A650500BC08;FC081C55582CED11A62CD892C0003F2A;2025-07-10;-2.0;-744.44
8485F319FC8FCE11ADB310650500E9B8;FC081C55582CED11A62CD892C0003F2A;2025-07-10;-6.0;-408.24
4D4F333878C45E1142D58A650500DC08;FC081C55582CED11A62CD892C0003F2A;2025-07-10;-2.0;-305.34
53391639CEF8AE11BE21106505007C4A;FC081C55582CED11A62CD892C0003F2A;2025-07-10;-2.0;-167.12
6D1EE57B123EDE11406610650500874A;FC081C55582CED11A62CD892C0003F2A;2025-07-10;-4.0;-117.72
46D3AE09C0350F114EF7A826072B1E89;FC081C55582CED11A62CD892C0003F2A;2025-07-10;-4.0;-67.28
0EAFE28FD0CAED11A62CD892C0003F2A;FC081C55582CED11A62CD892C0003F2A;2025-07-10;-2.0;-148.76
B960E25193688E11F243BB6505001E3B;FC081C55582CED11A62CD892C0003F2A;2025-07-10;-2.0;-71.06
81F293717E24DE11ADB31065050040C8;FC081C55582CED11A62CD892C0003F2A;2025-07-10;-2.0;-400.08
E1CBA0425C930F114EF7A826072B1C89;FC081C55582CED11A62CD892C0003F2A;2025-07-10;-2.0;-159.96
C75BD54551CAED11A62CD892C0003F2A;FC081C55582CED11A62CD892C0003F2A;2025-07-10;-2.0;-488.92
FB25877EB2EFAE11BE2110650500355A;FC081C55582CED11A62CD892C0003F2A;2025-07-10;-2.0;-374.18
5D63E09D9D0CFE111280106505000919;FC081C55582CED11A62CD892C0003F2A;2025-07-10;-2.0;-1009.14
376EAE3F108EFE11F1557891FE696589;FC081C55582CED11A62CD892C0003F2A;2025-07-10;-4.0;-553.56
C5A8DEAAE0CAED11A62CD892C0003F2A;FC081C55582CED11A62CD892C0003F2A;2025-07-10;-2.0;-235.84
4606C0B331CAED11A62CD892C0003F2A;FC081C55582CED11A62CD892C0003F2A;2025-07-10;-2.0;-166.6
960B56101765DE11ADB310650500D1C8;FC081C55582CED11A62CD892C0003F2A;2025-07-10;-2.0;-256.64
8A7732EA29EA5E1142D58A6505000D08;FC081C55582CED11A62CD892C0003F2A;2025-07-10;-4.0;-789.32
AD4131719F8BBE118772106505000C59;FC081C55582CED11A62CD892C0003F2A;2025-07-10;-2.0;-319.1
155C84E752867E11B7B78A650500ED08;FC081C55582CED11A62CD892C0003F2A;2025-07-10;-2.0;-828.0
8D4EDC5C01CAED11A62CD892C0003F2A;FC081C55582CED11A62CD892C0003F2A;2025-07-10;-2.0;-628.54
97BC2942599EFE11F1557891FE698589;FC081C55582CED11A62CD892C0003F2A;2025-07-10;-2.0;-42.0
C8B4C08B04D2FE1191EE106505007DB9;FC081C55582CED11A62CD892C0003F2A;2025-07-10;-2.0;-748.42
61665EB1F49BCE11ADB31065050074B8;FC081C55582CED11A62CD892C0003F2A;2025-07-10;-2.0;-260.8
637BD60C0BF3DE11ADB310650500FFB8;FC081C55582CED11A62CD892C0003F2A;2025-07-10;-2.0;-4915.8
2A8769A093C74E1142D58A6505002C08;FC081C55582CED11A62CD892C0003F2A;2025-07-10;-2.0;-224.0
ADC3F1C764FFDE11406610650500D94A;FC081C55582CED11A62CD892C0003F2A;2025-07-10;-2.0;-52.2
09CE277B1D5EAE11BE2110650500435A;FC081C55582CED11A62CD892C0003F2A;2025-07-10;-2.0;-542.2
7F96B7DB01CAED11A62CD892C0003F2A;FC081C55582CED11A62CD892C0003F2A;2025-07-10;-2.0;-224.54
D7FC1101D21B1E1143F0668E4200EF5A;FC081C55582CED11A62CD892C0003F2A;2025-07-10;-2.0;-434.02
35BE88440C11BE11BE2110650500C65A;B0BDDED34CC83E11052F6792C000B249;2025-07-10;-2.0;-685.92
AE7584ED9A935E1142D58A650500DC08;B0BDDED34CC83E11052F6792C000B249;2025-07-10;-2.0;-751.28
36AC293D8EA23E11052F6792C000CF39;B0BDDED34CC83E11052F6792C000B249;2025-07-10;-2.0;-205.8
7D599BA3A86CCE11ADB310650500A5B8;B0BDDED34CC83E11052F6792C000B249;2025-07-10;-2.0;-542.22
597DDBD899363E11052F6792C000FF39;B0BDDED34CC83E11052F6792C000B249;2025-07-10;-4.0;-133.84
25F103FED8D00E11A4A96492C0002019;B0BDDED34CC83E11052F6792C000B249;2025-07-10;-2.0;-132.9
1AD09E37D4F5FE1191EE10650500A1C9;B0BDDED34CC83E11052F6792C000B249;2025-07-10;-2.0;-400.64
B4BD73B14BDC8E11F243BB650500244B;B0BDDED34CC83E11052F6792C000B249;2025-07-10;-2.0;-377.32
164C8032A1AFFE11F1557891FE69D689;B0BDDED34CC83E11052F6792C000B249;2025-07-10;-2.0;-165.34
1F6E7323D224EE11B1AD1065050087EA;B0BDDED34CC83E11052F6792C000B249;2025-07-10;-6.0;-848.9
8BDBFC3CA7329E115540106505004B3B;B0BDDED34CC83E11052F6792C000B249;2025-07-10;-2.0;-163.4
0DB4821F6410BE11BE2110650500755A;B0BDDED34CC83E11052F6792C000B249;2025-07-10;-4.0;-210.6
D519A5CAEE065E1142D58A650500DC08;B0BDDED34CC83E11052F6792C000B249;2025-07-10;-10.0;-373.62
F1FDE146C654EE11B1AD10650500C7EA;B0BDDED34CC83E11052F6792C000B249;2025-07-10;-2.0;-542.22
D344D13BB7EA0E11A4A96492C0001269;B0BDDED34CC83E11052F6792C000B249;2025-07-10;-4.0;-700.02
80C1AF5FDF0EEE1191EE1065050029B9;B0BDDED34CC83E11052F6792C000B249;2025-07-10;-2.0;-169.78
A8C67A9CC0CAED11A62CD892C0003F2A;B0BDDED34CC83E11052F6792C000B249;2025-07-10;-4.0;-171.44
41321E312D08DE11C84610650500707A;B0BDDED34CC83E11052F6792C000B249;2025-07-10;-2.0;-840.0
05B63D2329363E11052F6792C000FF39;B0BDDED34CC83E11052F6792C000B249;2025-07-10;-4.0;-156.36
64369B48E13DBE118772106505001E59;B0BDDED34CC83E11052F6792C000B249;2025-07-10;-6.0;-2099.2
5AF37C1F9F2DBE118772106505001E59;B0BDDED34CC83E11052F6792C000B249;2025-07-10;-10.0;-105.48
F8A4EF19E4F8AE11BE21106505006C4A;B0BDDED34CC83E11052F6792C000B249;2025-07-10;-2.0;-218.92
A100EC7D0456DE11ADB31065050003C8;B0BDDED34CC83E11052F6792C000B249;2025-07-10;-2.0;-68.66
642BAADEDDB3EE11B1AD1065050007EA;B0BDDED34CC83E11052F6792C000B249;2025-07-10;-2.0;-83.8
DE4D455DE0CAED11A62CD892C0003F2A;B0BDDED34CC83E11052F6792C000B249;2025-07-10;-2.0;-311.54
1AB4F5D9557EAE11BE2110650500635A;B0BDDED34CC83E11052F6792C000B249;2025-07-10;-2.0;-373.66
8A9FD8FFCCEEDE11406610650500884A;B0BDDED34CC83E11052F6792C000B249;2025-07-10;-6.0;-100.26
141ACE2F5FE95E1142D58A650500DC08;B0BDDED34CC83E11052F6792C000B249;2025-07-10;-4.0;-767.36
C63EE0E5A257DE11C846106505008F6A;B0BDDED34CC83E11052F6792C000B249;2025-07-10;-6.0;-153.0
798618EE83C5AE11BE2110650500484A;B0BDDED34CC83E11052F6792C000B249;2025-07-10;-2.0;-922.6
425F649DAB74EE11B1AD10650500F7EA;B0BDDED34CC83E11052F6792C000B249;2025-07-10;-6.0;-336.18
7D43866C49CA2E11052F6792C0007F39;B0BDDED34CC83E11052F6792C000B249;2025-07-10;-2.0;-248.54
BCFE1D61769C9E11726010650500694A;B0BDDED34CC83E11052F6792C000B249;2025-07-10;-4.0;-668.96
4F6C693F24CF9E117260106505008D4A;B0BDDED34CC83E11052F6792C000B249;2025-07-10;-6.0;-456.65999999999997
632F22F28ABAFE11128010650500E819;B0BDDED34CC83E11052F6792C000B249;2025-07-10;-2.0;-787.32
466A0FDB3FC8EE1191EE10650500E8B9;B0BDDED34CC83E11052F6792C000B249;2025-07-10;-6.0;-681.5999999999999
32447A5EE909DE11C84610650500B17A;B0BDDED34CC83E11052F6792C000B249;2025-07-10;-12.0;-306.0
4A271E4EB7E00F11112A674AC7E29889;B0BDDED34CC83E11052F6792C000B249;2025-07-10;-2.0;-255.48
D6DC795E01500F11F1557891FE69B789;B0BDDED34CC83E11052F6792C000B249;2025-07-10;-2.0;-1211.78
BCFC615121C8FE11128010650500D819;B0BDDED34CC83E11052F6792C000B249;2025-07-10;-2.0;-72.54
D66AC69E8FD03E11052F6792C000CF39;B0BDDED34CC83E11052F6792C000B249;2025-07-10;-2.0;-6462.76
6A0E7345F69FBE118772106505002169;B0BDDED34CC83E11052F6792C000B249;2025-07-10;-2.0;-109.08
C92C6D5B01CAED11A62CD892C0003F2A;B0BDDED34CC83E11052F6792C000B249;2025-07-10;-4.0;-641.88
B51016CFBFA15E1142D58A650500BC08;B0BDDED34CC83E11052F6792C000B249;2025-07-10;-2.0;-520.06
88A271D96F08DE11C84610650500707A;B0BDDED34CC83E11052F6792C000B249;2025-07-10;-4.0;-1760.76
B7538CCBC1FFBE118772106505009169;B0BDDED34CC83E11052F6792C000B249;2025-07-10;-2.0;-569.0
1745DD41E269DE11C84610650500227A;B0BDDED34CC83E11052F6792C000B249;2025-07-10;-8.0;-204.0
0AB5CF667859FE11128010650500E819;B0BDDED34CC83E11052F6792C000B249;2025-07-10;-10.0;-1270.0
788A0922FEC18E113835BB650500B9AA;B0BDDED34CC83E11052F6792C000B249;2025-07-10;-6.0;-137.78
4B3F22AA137C1E1143F0668E4200502B;B0BDDED34CC83E11052F6792C000B249;2025-07-10;-12.0;-104.94
3E2C931097DF2E11052F6792C000CF39;B0BDDED34CC83E11052F6792C000B249;2025-07-10;-4.0;-938.8
CDCCF3B05A7CDE11406610650500454A;B0BDDED34CC83E11052F6792C000B249;2025-07-10;-2.0;-555.84
8178993557F68E11F243BB6505004C3B;B0BDDED34CC83E11052F6792C000B249;2025-07-10;-6.0;-490.43999999999994
2E8B034A1DA15E1142D58A650500BC08;B0BDDED34CC83E11052F6792C000B249;2025-07-10;-2.0;-759.76
CFE0A20822529E115540106505006B3B;B0BDDED34CC83E11052F6792C000B249;2025-07-10;-6.0;-431.9
BE6158F2FEBEEE1191EE1065050029B9;B0BDDED34CC83E11052F6792C000B249;2025-07-10;-4.0;-297.96
0835B01A293EBE118772106505006F59;B0BDDED34CC83E11052F6792C000B249;2025-07-10;-2.0;-52.94
5BF3E2DEB265BE11BE21106505003C5A;B0BDDED34CC83E11052F6792C000B249;2025-07-10;-2.0;-308.26
06E7ED79A052DE11ADB310650500CDB8;B0BDDED34CC83E11052F6792C000B249;2025-07-10;-10.0;-255.0
2108AF3B2070DE11ADB3106505003BB8;B0BDDED34CC83E11052F6792C000B249;2025-07-10;-2.0;-422.76
A8344894D052DE11ADB310650500CDB8;B0BDDED34CC83E11052F6792C000B249;2025-07-10;-6.0;-153.0
8485F319FC8FCE11ADB310650500E9B8;B0BDDED34CC83E11052F6792C000B249;2025-07-10;-4.0;-272.16
BCAD3999A89BEE1191EE1065050029B9;B0BDDED34CC83E11052F6792C000B249;2025-07-10;-2.0;-103.86
9F96B7DB01CAED11A62CD892C0003F2A;B0BDDED34CC83E11052F6792C000B249;2025-07-10;-2.0;-534.26
245824656D44FE1191EE106505007FB9;B0BDDED34CC83E11052F6792C000B249;2025-07-10;-2.0;-728.0
32A4755322703E11052F6792C000CF39;B0BDDED34CC83E11052F6792C000B249;2025-07-10;-14.0;-571.98
6D35F0928ABAFE11128010650500E819;B0BDDED34CC83E11052F6792C000B249;2025-07-10;-2.0;-250.0
898318D5E25E3E11052F6792C000D249;B0BDDED34CC83E11052F6792C000B249;2025-07-10;-2.0;-939.1
748AC30348F20F114EF7A826072B4B89;B0BDDED34CC83E11052F6792C000B249;2025-07-10;-2.0;-65.66
005CB5DBC26CEE1191EE1065050029B9;B0BDDED34CC83E11052F6792C000B249;2025-07-10;-2.0;-1701.3
33479886119EBE11877210650500DF59;B0BDDED34CC83E11052F6792C000B249;2025-07-10;-4.0;-105.88
2F78063F5B65EE11B1AD1065050039EA;B0BDDED34CC83E11052F6792C000B249;2025-07-10;-2.0;-635.32
6E11B586FF15EE11B1AD10650500C8EA;B0BDDED34CC83E11052F6792C000B249;2025-07-10;-2.0;-183.72
EB6575A91EE4AE11726010650500145A;B0BDDED34CC83E11052F6792C000B249;2025-07-10;-2.0;-79.08
093EEB9E7CD9FD11A4A96492C0006F3B;B0BDDED34CC83E11052F6792C000B249;2025-07-10;-2.0;-213.78
8F1BCA91D265BE11BE21106505003C5A;B0BDDED34CC83E11052F6792C000B249;2025-07-10;-2.0;-404.16
702AECFA809EBE11877210650500DF59;B0BDDED34CC83E11052F6792C000B249;2025-07-10;-2.0;-52.94
A80126D238B18E11A442BB65050079AA;B0BDDED34CC83E11052F6792C000B249;2025-07-10;-2.0;-114.52
7DABD52C285CEE1191EE1065050029B9;B0BDDED34CC83E11052F6792C000B249;2025-07-10;-2.0;-1360.08
1B754762F0CAED11A62CD892C0003F2A;B0BDDED34CC83E11052F6792C000B249;2025-07-10;-2.0;-1246.26
E8AB27A819216E1142D58A650500AD08;B0BDDED34CC83E11052F6792C000B249;2025-07-10;-2.0;-669.12
142CB7FFE8D65E1142D58A650500DC08;B0BDDED34CC83E11052F6792C000B249;2025-07-10;-2.0;-962.44
2413F6C2D74CDE11406610650500054A;B0BDDED34CC83E11052F6792C000B249;2025-07-10;-2.0;-45.32
3B4F3575178B3E11052F6792C000D249;B0BDDED34CC83E11052F6792C000B249;2025-07-10;-2.0;-121.86
C26441AA63D2FE1191EE106505007DB9;B0BDDED34CC83E11052F6792C000B249;2025-07-10;-4.0;-34.48
DF57F802486BFE111280106505000919;B0BDDED34CC83E11052F6792C000B249;2025-07-10;-2.0;-618.22
B7623879A89BEE1191EE1065050029B9;B0BDDED34CC83E11052F6792C000B249;2025-07-10;-2.0;-105.74
5742DA549832FE1191EE10650500BCB9;B0BDDED34CC83E11052F6792C000B249;2025-07-10;-2.0;-91.2
B89443653E99CE11ADB310650500D1B8;B0BDDED34CC83E11052F6792C000B249;2025-07-10;-2.0;-62.06
9B62CCC81E00EE11406610650500F94A;B0BDDED34CC83E11052F6792C000B249;2025-07-10;-2.0;-229.9
DEBE1949E366DE11ADB31065050013C8;B0BDDED34CC83E11052F6792C000B249;2025-07-10;-2.0;-415.54
C20D5CF75ECEFE11F1557891FE69C589;44673735EAF46E11B7B78A650500BC08;2025-07-10;-4.0;-1031.66
1283222D1B6BAE11BE21106505008F4A;44673735EAF46E11B7B78A650500BC08;2025-07-10;-2.0;-324.0
870B528798A05E1142D58A650500BC08;44673735EAF46E11B7B78A650500BC08;2025-07-10;-2.0;-696.0
9DAB2EE12ADFEE1191EE10650500A9B9;44673735EAF46E11B7B78A650500BC08;2025-07-10;-2.0;-1134.0
08763C2280A49E115540106505006E3B;44673735EAF46E11B7B78A650500BC08;2025-07-10;-8.0;-826.04
E11FF008238FCE11ADB310650500D9B8;44673735EAF46E11B7B78A650500BC08;2025-07-10;-18.0;-2631.96
64D59BED98F07E11B7B78A650500CD08;44673735EAF46E11B7B78A650500BC08;2025-07-10;-100.0;-2313.0
DE340411FDCDDE11406610650500F64A;44673735EAF46E11B7B78A650500BC08;2025-07-10;-2.0;-180.8
8B3DC612AA97CE11ADB3106505003FA8;44673735EAF46E11B7B78A650500BC08;2025-07-10;-4.0;-1144.76
B9A2D871DD456E11B7B78A650500BC08;44673735EAF46E11B7B78A650500BC08;2025-07-10;-2.0;-754.0
175AF9E305B4DE11ADB310650500F0C8;44673735EAF46E11B7B78A650500BC08;2025-07-10;-8.0;-464.64
58D45E0FB6197E110819BB65050009AA;44673735EAF46E11B7B78A650500BC08;2025-07-10;-2.0;-107.76
93B65EB0E6568E11F243BB6505007B3B;44673735EAF46E11B7B78A650500BC08;2025-07-10;-4.0;-249.04
3E5970882DC97E110819BB65050019AA;44673735EAF46E11B7B78A650500BC08;2025-07-10;-10.0;-705.6
D4A233B9B6F3BE11BE21106505006A5A;44673735EAF46E11B7B78A650500BC08;2025-07-10;-4.0;-135.7
D3B65EB0E6568E11F243BB6505007B3B;44673735EAF46E11B7B78A650500BC08;2025-07-10;-4.0;-199.8
9CDA5835D491DE11ADB310650500DCB8;44673735EAF46E11B7B78A650500BC08;2025-07-10;-94.0;-3647.2000000000003
3854AB3DD6568E11F243BB6505007B3B;44673735EAF46E11B7B78A650500BC08;2025-07-10;-8.0;-444.09999999999997
7CF74A7B0321DE11ADB3106505003CB8;44673735EAF46E11B7B78A650500BC08;2025-07-10;-4.0;-132.0
B1C8D74B63949E115540106505004E3B;44673735EAF46E11B7B78A650500BC08;2025-07-10;-2.0;-57.6
25C32C7FC889EE1191EE1065050009B9;44673735EAF46E11B7B78A650500BC08;2025-07-10;-2.0;-372.3
71ACEF9C7E456E11B7B78A650500BC08;44673735EAF46E11B7B78A650500BC08;2025-07-10;-6.0;-458.46
97C5C96F1E456E11B7B78A650500BC08;44673735EAF46E11B7B78A650500BC08;2025-07-10;-2.0;-524.34
A62352B9AC456E11B7B78A650500BC08;44673735EAF46E11B7B78A650500BC08;2025-07-10;-6.0;-360.0
3E84A3FAEB456E11B7B78A650500BC08;44673735EAF46E11B7B78A650500BC08;2025-07-10;-2.0;-425.36
D4852C344D907E11B7B78A650500CD08;44673735EAF46E11B7B78A650500BC08;2025-07-10;-16.0;-2384.0
5B144E7F21FA8E11F243BB650500514B;44673735EAF46E11B7B78A650500BC08;2025-07-10;-8.0;-192.0
89940A341B6BAE11BE21106505008F4A;44673735EAF46E11B7B78A650500BC08;2025-07-10;-2.0;-363.6
E1AF38F5A6F5AE11BE2110650500984A;44673735EAF46E11B7B78A650500BC08;2025-07-10;-8.0;-290.5
AC4CDD55AC456E11B7B78A650500BC08;44673735EAF46E11B7B78A650500BC08;2025-07-10;-2.0;-657.86
BEC926EADE456E11B7B78A650500BC08;44673735EAF46E11B7B78A650500BC08;2025-07-10;-20.0;-3076.4
26548DB2E0DCDE11406610650500B54A;44673735EAF46E11B7B78A650500BC08;2025-07-10;-50.0;-3780.0
2C2A75B1821A8E11F243BB650500304B;44673735EAF46E11B7B78A650500BC08;2025-07-10;-40.0;-5962.0
D564E44AC336AE11BE2110650500E84A;44673735EAF46E11B7B78A650500BC08;2025-07-10;-2.0;-1747.62
BE4D455DE0CAED11A62CD892C0003F2A;44673735EAF46E11B7B78A650500BC08;2025-07-10;-2.0;-287.06
40010CA07752CE11877210650500A469;44673735EAF46E11B7B78A650500BC08;2025-07-10;-4.0;-1178.0
93D7F6328D456E11B7B78A650500BC08;44673735EAF46E11B7B78A650500BC08;2025-07-10;-6.0;-189.0
9C2E5119AF456E11B7B78A650500BC08;44673735EAF46E11B7B78A650500BC08;2025-07-10;-4.0;-605.76
FBA365098876BE118772106505008559;44673735EAF46E11B7B78A650500BC08;2025-07-10;-2.0;-72.1
733380CE4A456E11B7B78A650500BC08;44673735EAF46E11B7B78A650500BC08;2025-07-10;-10.0;-267.4
CF1DE08C639F9E117260106505004D4A;44673735EAF46E11B7B78A650500BC08;2025-07-10;-6.0;-149.39999999999998
9379BA83CEF9FE11128010650500E819;44673735EAF46E11B7B78A650500BC08;2025-07-10;-2.0;-240.0
1B37A649CD456E11B7B78A650500BC08;44673735EAF46E11B7B78A650500BC08;2025-07-10;-2.0;-368.0
8ED32CEC76018E110819BB65050039AA;44673735EAF46E11B7B78A650500BC08;2025-07-10;-4.0;-234.02
F8FA0E49AC456E11B7B78A650500BC08;44673735EAF46E11B7B78A650500BC08;2025-07-10;-4.0;-776.4
C3F1950C86730F1158A3BB3DBE8EEB89;44673735EAF46E11B7B78A650500BC08;2025-07-10;-2.0;-210.0
77AD25AB066E9E11726010650500CB4A;44673735EAF46E11B7B78A650500BC08;2025-07-10;-2.0;-43.96
3F85994CB11A8E11F243BB650500304B;44673735EAF46E11B7B78A650500BC08;2025-07-10;-2.0;-38.22
8BD1830E31E99E11525010650500BA4A;44673735EAF46E11B7B78A650500BC08;2025-07-10;-4.0;-1578.9
ECA9E73FE0EBDE11406610650500744A;44673735EAF46E11B7B78A650500BC08;2025-07-10;-2.0;-120.54
9DAD8984ABE1EE114066106505006C4A;44673735EAF46E11B7B78A650500BC08;2025-07-10;-4.0;-420.0
11B5C4C1166E9E11726010650500CB4A;44673735EAF46E11B7B78A650500BC08;2025-07-10;-8.0;-221.84
55438B674C456E11B7B78A650500BC08;44673735EAF46E11B7B78A650500BC08;2025-07-10;-2.0;-296.74
502E92FF6EEAAE11BE2110650500EE4A;44673735EAF46E11B7B78A650500BC08;2025-07-10;-84.0;-775.34
A80A588CE596DE11ADB31065050053C8;44673735EAF46E11B7B78A650500BC08;2025-07-10;-2.0;-76.7
365FB6B0EAF6DE11C846106505001F6A;44673735EAF46E11B7B78A650500BC08;2025-07-10;-2.0;-392.9
99EE18AAFD456E11B7B78A650500BC08;44673735EAF46E11B7B78A650500BC08;2025-07-10;-4.0;-932.04
3AE8B69694310F11112A674AC7E2F889;44673735EAF46E11B7B78A650500BC08;2025-07-10;-8.0;-792.0
46B486E755C45E1142D58A650500DC08;44673735EAF46E11B7B78A650500BC08;2025-07-10;-2.0;-132.42
C3F5E415AA79DE11406610650500414A;44673735EAF46E11B7B78A650500BC08;2025-07-10;-2.0;-399.0
2060F72BED096E11B7B78A650500BC08;44673735EAF46E11B7B78A650500BC08;2025-07-10;-18.0;-1246.86
3DB3A91FCE456E11B7B78A650500BC08;44673735EAF46E11B7B78A650500BC08;2025-07-10;-92.0;-1251.72
FF3453A763039E115540106505004C3B;44673735EAF46E11B7B78A650500BC08;2025-07-10;-4.0;-186.2
39FA0E49AC456E11B7B78A650500BC08;44673735EAF46E11B7B78A650500BC08;2025-07-10;-4.0;-1159.4
01B8B03406A7BE118772106505000759;44673735EAF46E11B7B78A650500BC08;2025-07-10;-2.0;-100.02
9575DDE6DAD0FE1191EE10650500FAB9;44673735EAF46E11B7B78A650500BC08;2025-07-10;-2.0;-119.18
0106CC3200E7EE1191EE10650500A7B9;44673735EAF46E11B7B78A650500BC08;2025-07-10;-4.0;-15.76
2F85CA1D1442DE11ADB310650500BDB8;44673735EAF46E11B7B78A650500BC08;2025-07-10;-2.0;-146.8
4E2E1F8610C28E117E64BB650500DAAA;44673735EAF46E11B7B78A650500BC08;2025-07-10;-2.0;-49.26
11FC1AA44C456E11B7B78A650500BC08;44673735EAF46E11B7B78A650500BC08;2025-07-10;-4.0;-610.14
E7404E00B0CAED11A62CD892C0003F2A;44673735EAF46E11B7B78A650500BC08;2025-07-10;-2.0;-103.68
48018428F0CAED11A62CD892C0003F2A;44673735EAF46E11B7B78A650500BC08;2025-07-10;-2.0;-140.08
89F05BAA87F00F11112A674AC7E2A889;44673735EAF46E11B7B78A650500BC08;2025-07-10;-2.0;-5933.0
E72662DD526FEE1191EE1065050029B9;44673735EAF46E11B7B78A650500BC08;2025-07-10;-4.0;-193.26
F920C0573E456E11B7B78A650500BC08;44673735EAF46E11B7B78A650500BC08;2025-07-10;-2.0;-554.0
23C5195257363E11052F6792C000FF39;44673735EAF46E11B7B78A650500BC08;2025-07-10;-2.0;-171.26
FD74FAA18C456E11B7B78A650500BC08;44673735EAF46E11B7B78A650500BC08;2025-07-10;-2.0;-889.62
8A6DD158D0CAED11A62CD892C0003F2A;44673735EAF46E11B7B78A650500BC08;2025-07-10;-2.0;-592.12
C48092ECBDDAFE11128010650500E819;44673735EAF46E11B7B78A650500BC08;2025-07-10;-2.0;-948.88
47E623E9D11BEE1191EE1065050029B9;44673735EAF46E11B7B78A650500BC08;2025-07-10;-2.0;-143.98
7C32A1754C456E11B7B78A650500BC08;44673735EAF46E11B7B78A650500BC08;2025-07-10;-2.0;-83.66
4F28738B09378E11F243BB6505009C3B;44673735EAF46E11B7B78A650500BC08;2025-07-10;-2.0;-70.74
5B173FAD7A8BDE11406610650500044A;44673735EAF46E11B7B78A650500BC08;2025-07-10;-2.0;-126.8
1D428E3BBFC8FE11128010650500D819;44673735EAF46E11B7B78A650500BC08;2025-07-10;-2.0;-603.34
D20D4DBDCAD0FE1191EE10650500FAB9;44673735EAF46E11B7B78A650500BC08;2025-07-10;-2.0;-377.04
3F9889072C8EAE11BE2110650500835A;44673735EAF46E11B7B78A650500BC08;2025-07-10;-22.0;-751.4599999999999
4CCCB1E663039E115540106505004C3B;44673735EAF46E11B7B78A650500BC08;2025-07-10;-2.0;-141.18
A11D707E6EEAAE11BE2110650500EE4A;44673735EAF46E11B7B78A650500BC08;2025-07-10;-8.0;-282.56
D7C896D48C456E11B7B78A650500BC08;44673735EAF46E11B7B78A650500BC08;2025-07-10;-4.0;-1404.82
BA6562D6E770BE11BE2110650500F55A;44673735EAF46E11B7B78A650500BC08;2025-07-10;-6.0;-829.84
7C1500AC34425E1142D58A650500DC08;44673735EAF46E11B7B78A650500BC08;2025-07-10;-4.0;-412.88
DED0E9796A11FE1191EE106505004BB9;44673735EAF46E11B7B78A650500BC08;2025-07-10;-2.0;-257.18
2797B69694310F11112A674AC7E2F889;44673735EAF46E11B7B78A650500BC08;2025-07-10;-8.0;-1024.0
4C56653C2B7FAE11BE2110650500B45A;44673735EAF46E11B7B78A650500BC08;2025-07-10;-2.0;-460.0
39F58DB5AC456E11B7B78A650500BC08;44673735EAF46E11B7B78A650500BC08;2025-07-10;-2.0;-104.78
888563C897A47E11B7B78A650500ED08;44673735EAF46E11B7B78A650500BC08;2025-07-10;-2.0;-275.6
A7801856A6F5AE11BE2110650500984A;44673735EAF46E11B7B78A650500BC08;2025-07-10;-2.0;-84.8
9D6C918663039E115540106505004C3B;44673735EAF46E11B7B78A650500BC08;2025-07-10;-2.0;-382.06
63D0BFDBA60C4E1142D58A650500BC08;44673735EAF46E11B7B78A650500BC08;2025-07-10;-4.0;-519.2
3201C7FFF0CAED11A62CD892C0003F2A;44673735EAF46E11B7B78A650500BC08;2025-07-10;-2.0;-81.84
201F18FBF9456E11B7B78A650500BC08;44673735EAF46E11B7B78A650500BC08;2025-07-10;-12.0;-184.82
63153CA4F5B9CE11ADB310650500F1B8;44673735EAF46E11B7B78A650500BC08;2025-07-10;-6.0;-1927.8
84614DFC0F8BFE111280106505000919;44673735EAF46E11B7B78A650500BC08;2025-07-10;-2.0;-1177.0
BC577F655AE66E11B7B78A650500BC08;44673735EAF46E11B7B78A650500BC08;2025-07-10;-6.0;-183.0
4C7BA3AAF655BE11BE21106505002C5A;44673735EAF46E11B7B78A650500BC08;2025-07-10;-2.0;-737.14
5CC3D8225D88EE1191EE1065050098B9;44673735EAF46E11B7B78A650500BC08;2025-07-10;-2.0;-634.0
461B4958E770BE11BE2110650500F55A;44673735EAF46E11B7B78A650500BC08;2025-07-10;-6.0;-52.58
B90718E597B0FE1191EE10650500CAB9;44673735EAF46E11B7B78A650500BC08;2025-07-10;-2.0;-187.84
221B6645151DAE11BE2110650500A15A;44673735EAF46E11B7B78A650500BC08;2025-07-10;-2.0;-4905.0
993F26818257DE11C846106505008F6A;44673735EAF46E11B7B78A650500BC08;2025-07-10;-2.0;-464.86
61076332514C7E110819BB65050039AA;44673735EAF46E11B7B78A650500BC08;2025-07-10;-2.0;-273.96
51A4FB4620556E11B7B78A650500BC08;44673735EAF46E11B7B78A650500BC08;2025-07-10;-2.0;-145.28
0E746D9E96507E11B7B78A650500CD08;44673735EAF46E11B7B78A650500BC08;2025-07-10;-2.0;-98.94
2DB8D8A7792FCE11ADB31065050049B8;44673735EAF46E11B7B78A650500BC08;2025-07-10;-2.0;-2080.62
3FD624E0CFC5EE1191EE1065050055B9;44673735EAF46E11B7B78A650500BC08;2025-07-10;-11.0;-1175.9
E827DAECF21DAE11BE2110650500A15A;44673735EAF46E11B7B78A650500BC08;2025-07-10;-2.0;-320.0
A4E3BB9B30556E11B7B78A650500BC08;44673735EAF46E11B7B78A650500BC08;2025-07-10;-2.0;-678.48
64E170C79FF40F114EF7A826072BDD89;44673735EAF46E11B7B78A650500BC08;2025-07-10;-10.0;-15795.0
D8B2B062854AEE1191EE1065050009B9;44673735EAF46E11B7B78A650500BC08;2025-07-10;-2.0;-2855.64
DF45255DE736FE1191EE10650500F1C9;44673735EAF46E11B7B78A650500BC08;2025-07-10;-8.0;-2238.7
98D45E0FB6197E110819BB65050009AA;44673735EAF46E11B7B78A650500BC08;2025-07-10;-4.0;-226.92
C920A27034B0FE1191EE10650500CAB9;44673735EAF46E11B7B78A650500BC08;2025-07-10;-2.0;-80.62
CC4CDD55AC456E11B7B78A650500BC08;44673735EAF46E11B7B78A650500BC08;2025-07-10;-2.0;-339.68
6B6A0075C11A8E11F243BB650500304B;44673735EAF46E11B7B78A650500BC08;2025-07-10;-2.0;-293.08
4801E43EC6B49E115540106505008E3B;44673735EAF46E11B7B78A650500BC08;2025-07-10;-2.0;-171.3
AE7E5D260EDEFE11F1557891FE69D589;44673735EAF46E11B7B78A650500BC08;2025-07-10;-2.0;-720.66
336BA2D73589DE11406610650500514A;FC081C55582CED11A62CD892C0003F2A;2025-07-10;-2.0;-350.0
D11B912A5737CE11ADB310650500BEA8;FC081C55582CED11A62CD892C0003F2A;2025-07-10;-4.0;-126.96
CF65FDC17F320F114EF7A826072B5A89;44673735EAF46E11B7B78A650500BC08;2025-07-10;2.0;320.64
014773DF7B85DE11ADB31065050002C8;FC081C55582CED11A62CD892C0003F2A;2025-07-10;0.0;0.0
9D5B5AB8F968FE11128010650500D819;FC081C55582CED11A62CD892C0003F2A;2025-07-10;0.0;0.0
FACC7CBF91459E115540106505004F3B;FC081C55582CED11A62CD892C0003F2A;2025-07-10;-4.0;-333.0
BEB6B8ED7942FE1191EE10650500CCB9;FC081C55582CED11A62CD892C0003F2A;2025-07-10;0.0;0.0
03A7761AFC07FE1191EE1065050013C9;FC081C55582CED11A62CD892C0003F2A;2025-07-10;0.0;0.0
C6F5768C6C3CDE11406610650500F44A;FC081C55582CED11A62CD892C0003F2A;2025-07-10;0.0;0.0
7010357654D67E11B7B78A650500ED08;FC081C55582CED11A62CD892C0003F2A;2025-07-10;0.0;0.0
65487D760CC4CE11ADB3106505000DA8;FC081C55582CED11A62CD892C0003F2A;2025-07-10;0.0;0.0
8890516A93C1CE11877210650500E369;FC081C55582CED11A62CD892C0003F2A;2025-07-10;-2.0;-40.96
5318FFBB363EAE11BE2110650500135A;FC081C55582CED11A62CD892C0003F2A;2025-07-10;0.0;0.0
50B8B7682E74FE1191EE10650500CFB9;FC081C55582CED11A62CD892C0003F2A;2025-07-10;0.0;0.0
F741CB149A278E11F243BB6505008C3B;FC081C55582CED11A62CD892C0003F2A;2025-07-10;-2.0;-64.5
61C50DD90A59AE11BE2110650500EC4A;FC081C55582CED11A62CD892C0003F2A;2025-07-10;-2.0;-91.48
DCEBA2F88371FE1191EE10650500BBB9;FC081C55582CED11A62CD892C0003F2A;2025-07-10;0.0;0.0
491B9DC4E1CBBE118772106505004C59;FC081C55582CED11A62CD892C0003F2A;2025-07-10;-8.0;-427.0
79A6CFCE5FB3EE11B1AD1065050007EA;FC081C55582CED11A62CD892C0003F2A;2025-07-10;-4.0;-1395.96
4ADAAF1BD2FBEE1191EE1065050029B9;FC081C55582CED11A62CD892C0003F2A;2025-07-10;0.0;0.0
425F649DAB74EE11B1AD10650500F7EA;FC081C55582CED11A62CD892C0003F2A;2025-07-10;-2.0;-112.06
436C9DD22CE1EE114066106505006C4A;FC081C55582CED11A62CD892C0003F2A;2025-07-10;0.0;0.0
528F035F6933BE11BE2110650500795A;FC081C55582CED11A62CD892C0003F2A;2025-07-10;0.0;0.0
23B6A025A5309E11F243BB650500984B;44673735EAF46E11B7B78A650500BC08;2025-07-10;-34.0;-2753.32
3A29DD479C456E11B7B78A650500BC08;44673735EAF46E11B7B78A650500BC08;2025-07-10;-6.0;-92.16
E8A9C66C76D61E1143F0668E4200EE89;FC081C55582CED11A62CD892C0003F2A;2025-07-10;4.0;1061.42
3B2CBF4FD9B00F11F1557891FE693889;44673735EAF46E11B7B78A650500BC08;2025-07-10;2.0;2537.32
92635722AE4A7E110819BB65050039AA;44673735EAF46E11B7B78A650500BC08;2025-07-10;6.0;1957.52
3252830334627E11B7B78A650500CD08;44673735EAF46E11B7B78A650500BC08;2025-07-10;10.0;3145.62
F13091AE566ACE11ADB310650500D2B8;44673735EAF46E11B7B78A650500BC08;2025-07-10;10.0;1604.32
8324693F2B140F114EF7A826072BBC89;FC081C55582CED11A62CD892C0003F2A;2025-07-10;24.0;1638.0
D7B1E47CC16F9E117260106505000D4A;44673735EAF46E11B7B78A650500BC08;2025-07-10;0.0;4.547473508864641e-13
76D5F3E53D456E11B7B78A650500BC08;44673735EAF46E11B7B78A650500BC08;2025-07-10;0.0;0.0
962F0A8774437E11B7B78A650500DD08;44673735EAF46E11B7B78A650500BC08;2025-07-10;0.0;0.0
6014E46A836A6E11B7B78A650500BC08;44673735EAF46E11B7B78A650500BC08;2025-07-10;0.0;0.0
F043A752BA66CE11ADB310650500BDA8;44673735EAF46E11B7B78A650500BC08;2025-07-10;0.0;0.0
3263D5DFB880DE11ADB3106505005BB8;44673735EAF46E11B7B78A650500BC08;2025-07-10;0.0;0.0
BB1F1EA860F9EE1191EE1065050009B9;44673735EAF46E11B7B78A650500BC08;2025-07-10;0.0;0.0
5D0CD10760F9EE1191EE1065050009B9;44673735EAF46E11B7B78A650500BC08;2025-07-10;0.0;0.0
C19F78B2BA66CE11ADB310650500BDA8;44673735EAF46E11B7B78A650500BC08;2025-07-10;-2.0;-41.72
B1D0BFB34E1FCE11ADB31065050039B8;44673735EAF46E11B7B78A650500BC08;2025-07-10;0.0;0.0
8D31A1434E1FCE11ADB31065050039B8;44673735EAF46E11B7B78A650500BC08;2025-07-10;0.0;0.0
4E17C7337805FE1191EE1065050070C9;44673735EAF46E11B7B78A650500BC08;2025-07-10;0.0;0.0
945B674286CFAE11BE2110650500155A;44673735EAF46E11B7B78A650500BC08;2025-07-10;0.0;0.0
2208EE914991FE1191EE10650500EBB9;FC081C55582CED11A62CD892C0003F2A;2025-07-10;0.0;0.0
449C9F2B5C440F114EF7A826072BFC89;FC081C55582CED11A62CD892C0003F2A;2025-07-10;0.0;0.0
94F2256B5C440F114EF7A826072BFC89;FC081C55582CED11A62CD892C0003F2A;2025-07-10;0.0;0.0
F54585AB5C440F114EF7A826072BFC89;FC081C55582CED11A62CD892C0003F2A;2025-07-10;0.0;0.0
6F1A2FEB5C440F114EF7A826072BFC89;FC081C55582CED11A62CD892C0003F2A;2025-07-10;0.0;0.0
28138CCC6CB50F114EF7A826072BCE89;44673735EAF46E11B7B78A650500BC08;2025-07-10;8.0;14000.0
F6E38CCC6CB50F114EF7A826072BCE89;44673735EAF46E11B7B78A650500BC08;2025-07-10;8.0;14000.0
DD03A5EC6CB50F114EF7A826072BCE89;44673735EAF46E11B7B78A650500BC08;2025-07-10;112.0;61376.0
1D1502DBBEB40F114EF7A826072B8D89;B0BDDED34CC83E11052F6792C000B249;2025-07-10;24.0;3180.16
9AB00BEBBEB40F114EF7A826072B8D89;B0BDDED34CC83E11052F6792C000B249;2025-07-10;144.0;2017.66
73FB930CBEB40F114EF7A826072B8D89;B0BDDED34CC83E11052F6792C000B249;2025-07-10;96.0;8710.12
37F3E91CBEB40F114EF7A826072B8D89;B0BDDED34CC83E11052F6792C000B249;2025-07-10;216.0;1622.68
789A415CBEB40F114EF7A826072B8D89;B0BDDED34CC83E11052F6792C000B249;2025-07-10;24.0;5567.2
D37BB9A978540F114EF7A826072B0D89;B0BDDED34CC83E11052F6792C000B249;2025-07-10;64.0;4517.06
06BCB9A978540F114EF7A826072B0D89;B0BDDED34CC83E11052F6792C000B249;2025-07-10;120.0;3821.86
395260E978540F114EF7A826072B0D89;B0BDDED34CC83E11052F6792C000B249;2025-07-10;64.0;4633.96
134DC4F978540F114EF7A826072B0D89;B0BDDED34CC83E11052F6792C000B249;2025-07-10;200.0;2334.22
F3CDC4F978540F114EF7A826072B0D89;B0BDDED34CC83E11052F6792C000B249;2025-07-10;240.0;3948.02
9B6F2E0A78540F114EF7A826072B0D89;B0BDDED34CC83E11052F6792C000B249;2025-07-10;120.0;4076.72
EC203E0A78540F114EF7A826072B0D89;B0BDDED34CC83E11052F6792C000B249;2025-07-10;40.0;1214.9
D3F3D755F74BCE11ADB31065050014B8;FC081C55582CED11A62CD892C0003F2A;2025-07-10;0.0;0.0
6C95D37F73167E11B7B78A650500ED08;FC081C55582CED11A62CD892C0003F2A;2025-07-10;0.0;0.0
8000DFC8C2167E11B7B78A650500ED08;FC081C55582CED11A62CD892C0003F2A;2025-07-10;0.0;0.0
595B14E9307ABE118772106505009A59;B0BDDED34CC83E11052F6792C000B249;2025-07-10;8.0;1295.2
8C63693F2B140F114EF7A826072BBC89;B0BDDED34CC83E11052F6792C000B249;2025-07-10;10.0;423.9
89A3693F2B140F114EF7A826072BBC89;B0BDDED34CC83E11052F6792C000B249;2025-07-10;10.0;344.2
E2404E00B0CAED11A62CD892C0003F2A;B0BDDED34CC83E11052F6792C000B249;2025-07-10;46.0;6100.0599999999995
C64CB86E4C2BFE11128010650500E819;FC081C55582CED11A62CD892C0003F2A;2025-07-10;48.0;934.32
559402DBBEB40F114EF7A826072B8D89;FC081C55582CED11A62CD892C0003F2A;2025-07-10;24.0;3796.84
C6B3E91CBEB40F114EF7A826072B8D89;FC081C55582CED11A62CD892C0003F2A;2025-07-10;216.0;1757.7
37F3E91CBEB40F114EF7A826072B8D89;FC081C55582CED11A62CD892C0003F2A;2025-07-10;216.0;1622.68
E5917AB011CAED11A62CD892C0003F2A;B0BDDED34CC83E11052F6792C000B249;2025-07-10;4.0;2118.12
EC9A707F8CA49E115540106505007E3B;B0BDDED34CC83E11052F6792C000B249;2025-07-10;4.0;1332.76
729DE4ACD35C3E11052F6792C000D249;B0BDDED34CC83E11052F6792C000B249;2025-07-10;6.0;2043.18
BEF020C39E1EFE11F1557891FE69E489;44673735EAF46E11B7B78A650500BC08;2025-07-10;8.0;1144.0
CA75909C6B72BE11BE2110650500885A;44673735EAF46E11B7B78A650500BC08;2025-07-10;48.0;2563.2
F4164BCF3CB99E115250106505008A4A;FC081C55582CED11A62CD892C0003F2A;2025-07-10;4.0;771.94
F4164BCF3CB99E115250106505008A4A;B0BDDED34CC83E11052F6792C000B249;2025-07-10;12.0;2315.82
441680FFD6893E11052F6792C000D249;B0BDDED34CC83E11052F6792C000B249;2025-07-10;6.0;432.0
08AC1B09DFC0FE1191EE10650500EAB9;44673735EAF46E11B7B78A650500BC08;2025-07-10;-250.0;-56150.72
2C38B890BED9DE11406610650500C14A;FC081C55582CED11A62CD892C0003F2A;2025-07-10;8.0;2088.0
A438DC9118730F1158A3BB3DBE8EEB89;44673735EAF46E11B7B78A650500BC08;2025-07-10;4.0;2857.2
ED5AC725A9775E1142D58A650500DC08;44673735EAF46E11B7B78A650500BC08;2025-07-10;20.0;1402.6
231D676636EEAE11BE2110650500F35A;44673735EAF46E11B7B78A650500BC08;2025-07-10;18.0;1515.8799999999999
9286EF735A2A9E115250106505001B4A;44673735EAF46E11B7B78A650500BC08;2025-07-10;20.0;23745.6
A3A5AD9345DB7E110819BB65050039AA;44673735EAF46E11B7B78A650500BC08;2025-07-10;100.0;2338.7
5765097AFCA50F114EF7A826072BBE89;44673735EAF46E11B7B78A650500BC08;2025-07-10;4.0;1238.4
F006097AFCA50F114EF7A826072BBE89;44673735EAF46E11B7B78A650500BC08;2025-07-10;12.0;3168.0
DF3E77F4B8C50F114EF7A826072BDE89;FC081C55582CED11A62CD892C0003F2A;2025-07-10;40.0;4440.0
2ED077151EDEFE11F1557891FE69D589;FC081C55582CED11A62CD892C0003F2A;2025-07-10;100.0;5772.0
8353BE35C0CAED11A62CD892C0003F2A;FC081C55582CED11A62CD892C0003F2A;2025-07-10;10.0;661.9
F7018428F0CAED11A62CD892C0003F2A;FC081C55582CED11A62CD892C0003F2A;2025-07-10;18.0;1315.62
7A536A5BE6EDDE11406610650500174A;FC081C55582CED11A62CD892C0003F2A;2025-07-10;12.0;3130.68
538949F51CC46E11B7B78A650500BC08;FC081C55582CED11A62CD892C0003F2A;2025-07-10;10.0;984.5
5178C674BB596E11B7B78A650500BC08;FC081C55582CED11A62CD892C0003F2A;2025-07-10;18.0;1345.8600000000001
071F44F1CDE5BE11BE2110650500EC5A;FC081C55582CED11A62CD892C0003F2A;2025-07-10;6.0;1304.94
F3EA6A911C5CCE11ADB31065050095B8;44673735EAF46E11B7B78A650500BC08;2025-07-10;-10.0;-6930.0
B51D541BC5F1CE118772106505002469;FC081C55582CED11A62CD892C0003F2A;2025-07-10;8.0;2503.76
62004ECC4F28CE11ADB310650500FFA8;FC081C55582CED11A62CD892C0003F2A;2025-07-10;18.0;2527.92
99444192119FCE11ADB310650500E9B8;FC081C55582CED11A62CD892C0003F2A;2025-07-10;8.0;2006.56
10995F76A646CE11ADB3106505008DA8;B0BDDED34CC83E11052F6792C000B249;2025-07-10;12.0;1092.84
7590B1D13DF2FD110DC22A92C000C499;B0BDDED34CC83E11052F6792C000B249;2025-07-10;6.0;639.48
72684B3E2233DE11ADB310650500EEB8;B0BDDED34CC83E11052F6792C000B249;2025-07-10;12.0;1776.84
A46A382335DFEE1191EE10650500A9B9;FC081C55582CED11A62CD892C0003F2A;2025-07-10;2.0;996.62
2722FA2284EE4E1142D58A650500BC08;FC081C55582CED11A62CD892C0003F2A;2025-07-10;6.0;2276.34
E2404E00B0CAED11A62CD892C0003F2A;FC081C55582CED11A62CD892C0003F2A;2025-07-10;40.0;5304.4
2D280C348FCA9E11525010650500EB4A;FC081C55582CED11A62CD892C0003F2A;2025-07-10;36.0;634.6800000000001
64DD96928FCA9E11525010650500EB4A;FC081C55582CED11A62CD892C0003F2A;2025-07-10;64.0;1128.3200000000002
4A6D438153D0DE11ADB310650500BBB8;FC081C55582CED11A62CD892C0003F2A;2025-07-10;30.0;2215.5
ADD40525B0CAED11A62CD892C0003F2A;44673735EAF46E11B7B78A650500BC08;2025-07-10;0.0;0.0
312C9260A019FE11128010650500E819;B0BDDED34CC83E11052F6792C000B249;2025-07-10;10.0;3347.14
08652714DAB50F114EF7A826072BCE89;44673735EAF46E11B7B78A650500BC08;2025-07-10;40.0;44352.0
1892A918BE010F11112A674AC7E2C889;44673735EAF46E11B7B78A650500BC08;2025-07-10;16.0;4100.96
2D124B971ABAFE11128010650500E819;FC081C55582CED11A62CD892C0003F2A;2025-07-10;-2.0;-1472.3
B9F223E5791C6E11B7B78A650500BC08;FC081C55582CED11A62CD892C0003F2A;2025-07-10;12.0;1534.32
FFBE6FA955FC7E110819BB65050039AA;FC081C55582CED11A62CD892C0003F2A;2025-07-10;12.0;1854.36
518F163511B10F114EF7A826072BA989;FC081C55582CED11A62CD892C0003F2A;2025-07-10;10.0;1746.0
43E2A38201CAED11A62CD892C0003F2A;FC081C55582CED11A62CD892C0003F2A;2025-07-10;24.0;992.22
F94A803D57F8FE11128010650500D819;FC081C55582CED11A62CD892C0003F2A;2025-07-10;6.0;1133.6400000000003
62C0565E2E456E11B7B78A650500BC08;44673735EAF46E11B7B78A650500BC08;2025-07-10;699.0;22368.0
E39E77918754EE11B1AD10650500C7EA;FC081C55582CED11A62CD892C0003F2A;2025-07-10;40.0;18796.8
3B51F2340F0EEE1191EE1065050029B9;B0BDDED34CC83E11052F6792C000B249;2025-07-10;4.0;927.92
950D640201CAED11A62CD892C0003F2A;B0BDDED34CC83E11052F6792C000B249;2025-07-10;10.0;762.9
C38226FA1CA5FE1191EE1065050041C9;44673735EAF46E11B7B78A650500BC08;2025-07-10;40.0;7760.0
2395ECE7D4F98E11F243BB650500104B;B0BDDED34CC83E11052F6792C000B249;2025-07-10;12.0;3197.28
A53956F7E770BE11BE2110650500F55A;44673735EAF46E11B7B78A650500BC08;2025-07-10;-2.0;-274.6600000000001
DE52D728D397EE1191EE1065050047B9;44673735EAF46E11B7B78A650500BC08;2025-07-10;-8.0;-1623.8200000000002
912D371F46CCDE11406610650500A54A;44673735EAF46E11B7B78A650500BC08;2025-07-10;-4.0;-351.04
05C794AC59DDCE11ADB31065050097B8;B0BDDED34CC83E11052F6792C000B249;2025-07-10;56.0;1408.52
BFC65DB3A1B0EE11406610650500CA4A;B0BDDED34CC83E11052F6792C000B249;2025-07-10;10.0;1148.7
24046E0D7D79FE11128010650500E819;B0BDDED34CC83E11052F6792C000B249;2025-07-10;18.0;464.4
72FC8ABA9C13EE11B1AD1065050036EA;B0BDDED34CC83E11052F6792C000B249;2025-07-10;10.0;882.0
B3FC8ABA9C13EE11B1AD1065050036EA;B0BDDED34CC83E11052F6792C000B249;2025-07-10;10.0;882.0
CC9D2FF5BA510F11112A674AC7E22989;B0BDDED34CC83E11052F6792C000B249;2025-07-10;4.0;237.2
2C22C3C03D58FE11128010650500D819;44673735EAF46E11B7B78A650500BC08;2025-07-10;-4.0;-268.0
97403614D0F27E11B7B78A650500DD08;44673735EAF46E11B7B78A650500BC08;2025-07-10;-2.0;-145.0
E81C028040CAED11A62CD892C0003F2A;44673735EAF46E11B7B78A650500BC08;2025-07-10;0.0;0.0
5727C7603CFA7E110819BB65050039AA;44673735EAF46E11B7B78A650500BC08;2025-07-10;0.0;-4.547473508864641e-13
9CA9C4EF969DBE118772106505009E59;44673735EAF46E11B7B78A650500BC08;2025-07-10;0.0;0.0
79BEEC5A88D6EE1191EE1065050096B9;44673735EAF46E11B7B78A650500BC08;2025-07-10;0.0;0.0
9C5056B59C456E11B7B78A650500BC08;44673735EAF46E11B7B78A650500BC08;2025-07-10;0.0;0.0
96E97076A709CE11ADB31065050011B8;B0BDDED34CC83E11052F6792C000B249;2025-07-10;4.0;5180.68
16DA0D9435E9AE11BE21106505009D4A;B0BDDED34CC83E11052F6792C000B249;2025-07-10;18.0;2490.9
E3384978745FDE11406610650500094A;B0BDDED34CC83E11052F6792C000B249;2025-07-10;2.0;1052.58
B201EB23E38D9E117260106505009A4A;B0BDDED34CC83E11052F6792C000B249;2025-07-10;6.0;1438.32
FB00436768332E1143F0668E4200C71A;B0BDDED34CC83E11052F6792C000B249;2025-07-10;6.0;2073.6
49AA16490C6A9E115250106505006B4A;B0BDDED34CC83E11052F6792C000B249;2025-07-10;16.0;1537.92
1B0074D8DB4A6E11B7B78A650500BC08;B0BDDED34CC83E11052F6792C000B249;2025-07-10;4.0;2696.0
C94BAFAF618EEE1191EE1065050029B9;FC081C55582CED11A62CD892C0003F2A;2025-07-10;6.0;944.22
6CF107EA01CAED11A62CD892C0003F2A;B0BDDED34CC83E11052F6792C000B249;2025-07-10;2.0;456.66
8E4BCFB931CAED11A62CD892C0003F2A;B0BDDED34CC83E11052F6792C000B249;2025-07-10;0.0;0.0
D215998D70E87E110819BB65050009AA;FC081C55582CED11A62CD892C0003F2A;2025-07-10;-2.0;-125.68
40F32E312D42FD110DC22A92C0006778;FC081C55582CED11A62CD892C0003F2A;2025-07-10;-108.0;-1586.52
315199C13831DE11ADB3106505006CB8;FC081C55582CED11A62CD892C0003F2A;2025-07-10;-2.0;-500.0
0DB4821F6410BE11BE2110650500755A;FC081C55582CED11A62CD892C0003F2A;2025-07-10;-12.0;-631.8
31B77FD4337EFE11F1557891FE695589;FC081C55582CED11A62CD892C0003F2A;2025-07-10;-2.0;-202.98
435D60DEC09FDE11406610650500594A;FC081C55582CED11A62CD892C0003F2A;2025-07-10;-2.0;-83.98
AAF924A08773FE1191EE106505006EB9;FC081C55582CED11A62CD892C0003F2A;2025-07-10;-2.0;-207.24
CCA233F82642FE1191EE10650500CCB9;FC081C55582CED11A62CD892C0003F2A;2025-07-10;-2.0;-2916.56
ED76EE378D44FE1191EE106505007FB9;FC081C55582CED11A62CD892C0003F2A;2025-07-10;-2.0;-291.28
99BC135AA60BFE11128010650500E819;FC081C55582CED11A62CD892C0003F2A;2025-07-10;-2.0;-78.9
49E9B353985DED11A62CD892C0003F2A;FC081C55582CED11A62CD892C0003F2A;2025-07-10;-6.0;-1970.5
7469CFF43845FE1191EE10650500C0C9;FC081C55582CED11A62CD892C0003F2A;2025-07-10;-2.0;-166.6
82FEF1C229B90E11A4A96492C0001269;FC081C55582CED11A62CD892C0003F2A;2025-07-10;-2.0;-286.0
5906F892A865EE11B1AD1065050039EA;FC081C55582CED11A62CD892C0003F2A;2025-07-10;-4.0;-77.6
D5D32B073B85DE11ADB31065050002C8;FC081C55582CED11A62CD892C0003F2A;2025-07-10;-8.0;-1416.08
69803C79E0282E11052F6792C0007F39;FC081C55582CED11A62CD892C0003F2A;2025-07-10;-4.0;-1467.36
68904BBEC0CAED11A62CD892C0003F2A;FC081C55582CED11A62CD892C0003F2A;2025-07-10;-2.0;-276.38
21998708FFC32E1143F0668E4200C71A;FC081C55582CED11A62CD892C0003F2A;2025-07-10;-2.0;-169.6
E9684DC528B13E11052F6792C000CF39;FC081C55582CED11A62CD892C0003F2A;2025-07-10;-2.0;-767.42
4ED7BB5E24968E11F243BB650500CB3B;FC081C55582CED11A62CD892C0003F2A;2025-07-10;-2.0;-210.44
26111B863AA4DE11ADB310650500E0C8;FC081C55582CED11A62CD892C0003F2A;2025-07-10;-2.0;-220.64
546F28CF14FFDE11406610650500D94A;FC081C55582CED11A62CD892C0003F2A;2025-07-10;-4.0;-125.7
5533473BAD2ECE11ADB31065050008B8;FC081C55582CED11A62CD892C0003F2A;2025-07-10;-4.0;-159.28
2756C0B7506AFE11128010650500E819;FC081C55582CED11A62CD892C0003F2A;2025-07-10;-6.0;-430.32
8EB5F16B5040EE114066106505003A4A;FC081C55582CED11A62CD892C0003F2A;2025-07-10;-2.0;-193.4
76C0EB4989CA7E110819BB65050039AA;FC081C55582CED11A62CD892C0003F2A;2025-07-10;-2.0;-216.0
D40AB2A1EAC6EE1191EE1065050086B9;FC081C55582CED11A62CD892C0003F2A;2025-07-10;-2.0;-346.02
69DCFE41CC439E11554010650500AC3B;FC081C55582CED11A62CD892C0003F2A;2025-07-10;-4.0;-532.8
21C1AE3A2A6BFE111280106505000919;FC081C55582CED11A62CD892C0003F2A;2025-07-10;-4.0;-257.32
A4EBF510F76DCE11ADB310650500F6B8;FC081C55582CED11A62CD892C0003F2A;2025-07-10;-2.0;-145.34
576820A551615E1142D58A650500BC08;FC081C55582CED11A62CD892C0003F2A;2025-07-10;-2.0;-532.58
C53BFC0D57F2BE11BE2110650500295A;FC081C55582CED11A62CD892C0003F2A;2025-07-10;-2.0;-752.26
32E4596CA59BDE11406610650500144A;FC081C55582CED11A62CD892C0003F2A;2025-07-10;-2.0;-797.34
DC2A86A2F714EE11B1AD1065050077EA;FC081C55582CED11A62CD892C0003F2A;2025-07-10;-2.0;-220.0
BBB6089FDE2ECE11ADB31065050008B8;FC081C55582CED11A62CD892C0003F2A;2025-07-10;-6.0;-804.0
89DF89D16F5CCE11ADB31065050095B8;FC081C55582CED11A62CD892C0003F2A;2025-07-10;-2.0;-37.98
AC6B321C575FFE11F1557891FE697689;FC081C55582CED11A62CD892C0003F2A;2025-07-10;-4.0;-61.6
6FA5057301CAED11A62CD892C0003F2A;FC081C55582CED11A62CD892C0003F2A;2025-07-10;-4.0;-138.44
64A0DE79ACD75E1142D58A650500DC08;FC081C55582CED11A62CD892C0003F2A;2025-07-10;-4.0;-397.68
9CC9CBD168400F11F1557891FE69A789;FC081C55582CED11A62CD892C0003F2A;2025-07-10;-4.0;-62.0
A243CD01678EDE11406610650500084A;FC081C55582CED11A62CD892C0003F2A;2025-07-10;-4.84;-919.3799999999999
08F3B39368DEEE1191EE1065050029B9;FC081C55582CED11A62CD892C0003F2A;2025-07-10;-2.0;-11264.96
394358576E40EE114066106505004A4A;FC081C55582CED11A62CD892C0003F2A;2025-07-10;-2.0;-392.56
BC5F22C97AEAEE1191EE1065050029B9;FC081C55582CED11A62CD892C0003F2A;2025-07-10;-2.0;-1003.86
675EB0C295240F114EF7A826072BCC89;FC081C55582CED11A62CD892C0003F2A;2025-07-10;-2.0;-1585.62
BF28F1348F525E1142D58A650500DC08;FC081C55582CED11A62CD892C0003F2A;2025-07-10;-4.0;-913.32
26FFFCCDD0CAED11A62CD892C0003F2A;FC081C55582CED11A62CD892C0003F2A;2025-07-10;-2.0;-1443.64
5C9E47EAD0CAED11A62CD892C0003F2A;FC081C55582CED11A62CD892C0003F2A;2025-07-10;-6.0;-1817.7199999999998
4641C75AE64DEE1191EE1065050029B9;FC081C55582CED11A62CD892C0003F2A;2025-07-10;-4.0;-211.88
2594BD22D0350F114EF7A826072B1E89;FC081C55582CED11A62CD892C0003F2A;2025-07-10;-2.0;-298.0
E12F74666A5D7E110819BB65050039AA;FC081C55582CED11A62CD892C0003F2A;2025-07-10;-20.0;-109.92
57CCAE5A05FFDE11406610650500D94A;FC081C55582CED11A62CD892C0003F2A;2025-07-10;-2.0;-15.7
F5AEF83F893FDE11406610650500E84A;FC081C55582CED11A62CD892C0003F2A;2025-07-10;-2.0;-11.38
3CD5D6068B50EE114066106505005A4A;FC081C55582CED11A62CD892C0003F2A;2025-07-10;-2.0;-73.14
6CD1F4CDDBB1EE114066106505001C4A;FC081C55582CED11A62CD892C0003F2A;2025-07-10;-2.0;-85.38
C3EF16A58B50EE114066106505005A4A;FC081C55582CED11A62CD892C0003F2A;2025-07-10;-2.0;-45.08
784E40F74CE1EE114066106505006C4A;FC081C55582CED11A62CD892C0003F2A;2025-07-10;-2.0;-67.66
6B80E5AC2CB6DE11C84610650500CE6A;FC081C55582CED11A62CD892C0003F2A;2025-07-10;-2.0;-324.82
5F047AB248F20F114EF7A826072B4B89;FC081C55582CED11A62CD892C0003F2A;2025-07-10;-2.0;-70.9
909E5EB85ED4EE11B1AD1065050078EA;FC081C55582CED11A62CD892C0003F2A;2025-07-10;-2.0;-64.12
6E0AD041989D7E110819BB65050039AA;FC081C55582CED11A62CD892C0003F2A;2025-07-10;-2.0;-110.5
C5CFE33632A0CE118772106505007269;FC081C55582CED11A62CD892C0003F2A;2025-07-10;-2.0;-23.68
FEA6CD59A691EE11406610650500EB4A;FC081C55582CED11A62CD892C0003F2A;2025-07-10;-2.0;-192.0
B93A671B0D35CE11ADB3106505001DA8;FC081C55582CED11A62CD892C0003F2A;2025-07-10;-2.0;-959.32
826488A115F1DE11ADB3106505005DB8;FC081C55582CED11A62CD892C0003F2A;2025-07-10;-4.0;-503.58
3772B64F1092DE11ADB3106505001EB8;FC081C55582CED11A62CD892C0003F2A;2025-07-10;-2.0;-317.12
CE94264241CAED11A62CD892C0003F2A;FC081C55582CED11A62CD892C0003F2A;2025-07-10;-2.0;-437.74
AE4D0478A66E0E1143F0668E42001D49;FC081C55582CED11A62CD892C0003F2A;2025-07-10;-2.0;-283.78
10408075414C7E110819BB65050039AA;FC081C55582CED11A62CD892C0003F2A;2025-07-10;-4.0;-346.6
65EAD3E76E180E11A4A96492C00009EB;FC081C55582CED11A62CD892C0003F2A;2025-07-10;-2.0;-817.6
A942E7FDF0CAED11A62CD892C0003F2A;FC081C55582CED11A62CD892C0003F2A;2025-07-10;-4.0;-560.06
96B2E2C0541AFE11128010650500E819;FC081C55582CED11A62CD892C0003F2A;2025-07-10;-2.0;-195.4
FA184EB34FE39E115540106505007D3B;FC081C55582CED11A62CD892C0003F2A;2025-07-10;-4.0;-2728.2
B6A9116E2D839E11554010650500FC3B;FC081C55582CED11A62CD892C0003F2A;2025-07-10;-4.0;-1720.52
EAC68FCA5C8F6E11B7B78A650500CD08;FC081C55582CED11A62CD892C0003F2A;2025-07-10;-2.0;-692.46
580519DFC0CAED11A62CD892C0003F2A;FC081C55582CED11A62CD892C0003F2A;2025-07-10;-2.0;-383.66
117F2EE2CD322E1143F0668E4200C71A;FC081C55582CED11A62CD892C0003F2A;2025-07-10;-2.0;-422.56
B812270E1814EE11B1AD1065050077EA;FC081C55582CED11A62CD892C0003F2A;2025-07-10;-2.0;-234.9
45489844023EDE11406610650500874A;FC081C55582CED11A62CD892C0003F2A;2025-07-10;-2.0;-58.86
09E32F23201ADE11406610650500024A;FC081C55582CED11A62CD892C0003F2A;2025-07-10;-2.0;-197.54
688FCB9C58A40F114EF7A826072B6D89;FC081C55582CED11A62CD892C0003F2A;2025-07-10;-2.0;-190.0
A5913E3A9ED4EE11B1AD1065050078EA;FC081C55582CED11A62CD892C0003F2A;2025-07-10;-6.0;-330.96
872F87C7D59C9E11726010650500694A;FC081C55582CED11A62CD892C0003F2A;2025-07-10;-4.0;-128.0
F58688C87945BE11BE21106505001C5A;FC081C55582CED11A62CD892C0003F2A;2025-07-10;-2.0;-90.52
8A65897F0256BE118772106505005559;FC081C55582CED11A62CD892C0003F2A;2025-07-10;-4.0;-803.98
E92C69CDB3F8AE11BE21106505006C4A;FC081C55582CED11A62CD892C0003F2A;2025-07-10;-8.0;-166.38
F0293B3229DA3E11052F6792C000D249;FC081C55582CED11A62CD892C0003F2A;2025-07-10;-4.0;-310.56
E8DE2463A5E3FE1191EE10650500FEB9;FC081C55582CED11A62CD892C0003F2A;2025-07-10;-2.0;-57.32
3CDC9CBB6F25FE1191EE10650500A0C9;FC081C55582CED11A62CD892C0003F2A;2025-07-10;-2.0;-244.02
9FA93D1C7FB3AE11726010650500925A;FC081C55582CED11A62CD892C0003F2A;2025-07-10;-2.0;-77.76
A6D1862900E2FE1191EE106505009DB9;FC081C55582CED11A62CD892C0003F2A;2025-07-10;-2.0;-569.42
B595B3DA674BCE11ADB31065050014B8;FC081C55582CED11A62CD892C0003F2A;2025-07-10;-2.0;-481.84
E969F20C3104FE1191EE106505001FB9;FC081C55582CED11A62CD892C0003F2A;2025-07-10;-2.0;-34.0
B9C1C4B053DE4E1142D58A650500BC08;FC081C55582CED11A62CD892C0003F2A;2025-07-10;-2.0;-89.04
D507820BD72EFE11F1557891FE69F489;FC081C55582CED11A62CD892C0003F2A;2025-07-10;-6.0;-792.0
F45B395DA9FB7E110819BB65050039AA;FC081C55582CED11A62CD892C0003F2A;2025-07-10;-2.0;-230.24
CEFD78AF2AC75E1142D58A650500DC08;FC081C55582CED11A62CD892C0003F2A;2025-07-10;-2.0;-247.74
935B2AF6D072CE11877210650500C469;FC081C55582CED11A62CD892C0003F2A;2025-07-10;-4.0;-109.88
32C28F7A4DEABE118772106505003B59;FC081C55582CED11A62CD892C0003F2A;2025-07-10;-4.0;-420.8
D4ABA0D47BF3DE11ADB31065050000C8;FC081C55582CED11A62CD892C0003F2A;2025-07-10;-2.0;-426.66
05C5F1DC01CAED11A62CD892C0003F2A;FC081C55582CED11A62CD892C0003F2A;2025-07-10;-2.0;-628.54
C6CDB0C295240F114EF7A826072BCC89;FC081C55582CED11A62CD892C0003F2A;2025-07-10;-2.0;-1199.38
597DDBD899363E11052F6792C000FF39;FC081C55582CED11A62CD892C0003F2A;2025-07-10;-2.0;-62.06
E11C234788EFCE11ADB3106505006AB8;FC081C55582CED11A62CD892C0003F2A;2025-07-10;-2.0;-52.32
03B3FC19248EFE11F1557891FE696589;FC081C55582CED11A62CD892C0003F2A;2025-07-10;-2.0;-473.04
069B72C890CAED11A62CD892C0003F2A;FC081C55582CED11A62CD892C0003F2A;2025-07-10;-2.0;-177.3
8D4D1298A41FEE1191EE1065050029B9;FC081C55582CED11A62CD892C0003F2A;2025-07-10;-2.0;-560.0
AF92BD38B4CBCE11ADB310650500B4B8;FC081C55582CED11A62CD892C0003F2A;2025-07-10;-10.0;-3150.0
E484C0E058B13E11052F6792C000CF39;FC081C55582CED11A62CD892C0003F2A;2025-07-10;-2.0;-152.22
D307DEC397310F11112A674AC7E2F889;FC081C55582CED11A62CD892C0003F2A;2025-07-10;-2.0;-272.46
73A6B7DB01CAED11A62CD892C0003F2A;FC081C55582CED11A62CD892C0003F2A;2025-07-10;-2.0;-367.96
A688FB5F34627E11B7B78A650500CD08;FC081C55582CED11A62CD892C0003F2A;2025-07-10;-8.0;-1389.64
97CD8EB858797E110819BB65050019AA;FC081C55582CED11A62CD892C0003F2A;2025-07-10;-6.0;-957.72
D18BB1230709FD11A4A96492C000AA89;FC081C55582CED11A62CD892C0003F2A;2025-07-10;-2.0;-211.68
2D3B0946CF95FE1191EE1065050031C9;FC081C55582CED11A62CD892C0003F2A;2025-07-10;-2.0;-955.72
0AB5CF667859FE11128010650500E819;FC081C55582CED11A62CD892C0003F2A;2025-07-10;-6.0;-762.22
A054EB1C9B98FE11128010650500D819;FC081C55582CED11A62CD892C0003F2A;2025-07-10;-2.0;-109.64
96F4A717C124EE11B1AD1065050087EA;FC081C55582CED11A62CD892C0003F2A;2025-07-10;-2.0;-956.28
DD379EF168DDDE11406610650500074A;FC081C55582CED11A62CD892C0003F2A;2025-07-10;-4.0;-555.92
7EE9532410F8CE11ADB310650500F0B8;FC081C55582CED11A62CD892C0003F2A;2025-07-10;-4.0;-83.52
C0351ED68F54DE11ADB31065050080C8;FC081C55582CED11A62CD892C0003F2A;2025-07-10;-4.0;-335.84
7FA8FA5B3B158E113835BB650500DDAA;FC081C55582CED11A62CD892C0003F2A;2025-07-10;-2.0;-2927.3
B975424700B3FD110DC22A92C000C499;FC081C55582CED11A62CD892C0003F2A;2025-07-10;-4.0;-85.94
608F67BF048FCE11ADB310650500D9B8;FC081C55582CED11A62CD892C0003F2A;2025-07-10;-4.0;-1591.76
1283222D1B6BAE11BE21106505008F4A;FC081C55582CED11A62CD892C0003F2A;2025-07-10;-4.0;-727.2
44BC68D00D8FCE11ADB310650500E9B8;FC081C55582CED11A62CD892C0003F2A;2025-07-10;-8.0;-692.8
91E0AB337315EE11B1AD10650500B8EA;FC081C55582CED11A62CD892C0003F2A;2025-07-10;-2.0;-98.4
4E5EF9CF7DFDCE11ADB310650500C7B8;FC081C55582CED11A62CD892C0003F2A;2025-07-10;-2.0;-48.6
25B82CB8D94D2E11052F6792C000CF39;FC081C55582CED11A62CD892C0003F2A;2025-07-10;-2.0;-98.24
6EB9FFE5DFCA9E11525010650500EB4A;FC081C55582CED11A62CD892C0003F2A;2025-07-10;-6.0;-975.0
CD5A05E49B3F4E1142D58A650500BC08;FC081C55582CED11A62CD892C0003F2A;2025-07-10;-2.0;-267.3
9003A200FFAFFE11F1557891FE69E689;FC081C55582CED11A62CD892C0003F2A;2025-07-10;-2.0;-160.5
E8AB27A819216E1142D58A650500AD08;FC081C55582CED11A62CD892C0003F2A;2025-07-10;-2.0;-669.12
27559D3F35B1FD110DC22A92C0006778;FC081C55582CED11A62CD892C0003F2A;2025-07-10;-4.0;-1706.92
6AE9474D3D42CE118772106505009469;FC081C55582CED11A62CD892C0003F2A;2025-07-10;-2.0;-292.08
5C978DEAF50BAE11BE21106505000F4A;FC081C55582CED11A62CD892C0003F2A;2025-07-10;-2.0;-654.82
EB248F490DF5DE11ADB31065050092C8;FC081C55582CED11A62CD892C0003F2A;2025-07-10;-2.0;-1066.0
EAF22A90025EFE11F1557891FE692589;FC081C55582CED11A62CD892C0003F2A;2025-07-10;-10.0;-116.58
64AEDA903A630F114EF7A826072BDB89;FC081C55582CED11A62CD892C0003F2A;2025-07-10;-2.0;-225.5
D24DDE41F0CAED11A62CD892C0003F2A;FC081C55582CED11A62CD892C0003F2A;2025-07-10;-2.0;-323.28
C44930C26C4FBE11877210650500C069;FC081C55582CED11A62CD892C0003F2A;2025-07-10;-2.0;-1976.66
CD044FDE2E998E11F243BB650500AF3B;FC081C55582CED11A62CD892C0003F2A;2025-07-10;-2.0;-329.24
84F861EACED4DE11ADB31065050021C8;FC081C55582CED11A62CD892C0003F2A;2025-07-10;-10.0;-414.0
D09F79397B5EEE1191EE1065050029B9;B0BDDED34CC83E11052F6792C000B249;2025-07-10;-2.0;-133.2
68DD0C3751CAED11A62CD892C0003F2A;B0BDDED34CC83E11052F6792C000B249;2025-07-10;-2.0;-684.08
9DCB0E913EDBBE118772106505006C59;B0BDDED34CC83E11052F6792C000B249;2025-07-10;-2.0;-270.34
077A2D18FC510F11112A674AC7E22989;B0BDDED34CC83E11052F6792C000B249;2025-07-10;-6.0;-873.6
EF93B3A4E0CAED11A62CD892C0003F2A;B0BDDED34CC83E11052F6792C000B249;2025-07-10;-2.0;-996.48
A05DD680EC6FEE1191EE1065050029B9;B0BDDED34CC83E11052F6792C000B249;2025-07-10;-2.0;-329.76
FEC2A31E65B4DE11ADB310650500F0C8;B0BDDED34CC83E11052F6792C000B249;2025-07-10;-4.0;-244.08
458A1977AC62FE1191EE10650500FCB9;B0BDDED34CC83E11052F6792C000B249;2025-07-10;-2.0;-634.44
CDDECE6934F3FE1191EE106505000FB9;B0BDDED34CC83E11052F6792C000B249;2025-07-10;-2.0;-73.04
7CF74A7B0321DE11ADB3106505003CB8;B0BDDED34CC83E11052F6792C000B249;2025-07-10;-6.0;-198.0
18426F158AB08E110819BB65050039AA;B0BDDED34CC83E11052F6792C000B249;2025-07-10;-2.0;-654.0
7B1CC547E61BDE11406610650500634A;B0BDDED34CC83E11052F6792C000B249;2025-07-10;-2.0;-219.0
0BEF8E7E968B3E11052F6792C000D249;B0BDDED34CC83E11052F6792C000B249;2025-07-10;-2.0;-73.8
D92038F78371FE1191EE10650500BBB9;B0BDDED34CC83E11052F6792C000B249;2025-07-10;-2.0;-137.9
6F1F795CD0CAED11A62CD892C0003F2A;B0BDDED34CC83E11052F6792C000B249;2025-07-10;-6.0;-532.2
384399AC9E456E11B7B78A650500BC08;B0BDDED34CC83E11052F6792C000B249;2025-07-10;-2.0;-52.6
F41824C749A59E11554010650500CF3B;B0BDDED34CC83E11052F6792C000B249;2025-07-10;-2.0;-83.4
21C622E2BF43EE11B1AD1065050076EA;B0BDDED34CC83E11052F6792C000B249;2025-07-10;-2.0;-23.2
5C0B030D71365E1142D58A650500DC08;B0BDDED34CC83E11052F6792C000B249;2025-07-10;-8.0;-924.0
14FE05E58402EE114066106505008C4A;B0BDDED34CC83E11052F6792C000B249;2025-07-10;-2.0;-380.16
421A5F1280EFFE11F1557891FE692789;B0BDDED34CC83E11052F6792C000B249;2025-07-10;-2.0;-162.56
70FE3058512ECE11ADB310650500F7B8;B0BDDED34CC83E11052F6792C000B249;2025-07-10;-30.0;-2005.24
47F4F53C79363E11052F6792C000FF39;B0BDDED34CC83E11052F6792C000B249;2025-07-10;-2.0;-70.76
E51301FC1443FE1191EE106505001EB9;B0BDDED34CC83E11052F6792C000B249;2025-07-10;-24.0;-2076.0
B0CDB0AF7068FE11128010650500D819;B0BDDED34CC83E11052F6792C000B249;2025-07-10;-2.0;-183.32
D2CB305578C1FE1191EE106505002CB9;B0BDDED34CC83E11052F6792C000B249;2025-07-10;-2.0;-644.66
D07D5D79A94BCE11ADB31065050014B8;B0BDDED34CC83E11052F6792C000B249;2025-07-10;-2.0;-79.1
179F13DA891A6E11B7B78A650500BC08;B0BDDED34CC83E11052F6792C000B249;2025-07-10;-4.0;-932.6
14B0538C690F9E117260106505009C4A;B0BDDED34CC83E11052F6792C000B249;2025-07-10;-2.0;-1286.3
3CDEBE2515B4DE11ADB310650500F0C8;B0BDDED34CC83E11052F6792C000B249;2025-07-10;-2.0;-134.4
47499318FFE1EE114066106505006C4A;B0BDDED34CC83E11052F6792C000B249;2025-07-10;-2.0;-900.0
2EAF5F01D0637E11B7B78A650500DD08;B0BDDED34CC83E11052F6792C000B249;2025-07-10;-6.0;-431.64
E45B781DC1D6FD110DC22A92C000D158;B0BDDED34CC83E11052F6792C000B249;2025-07-10;-2.0;-198.24
C42947C02524EE11B1AD1065050087EA;B0BDDED34CC83E11052F6792C000B249;2025-07-10;-2.0;-247.48
4EB6E7FAA1365E1142D58A650500DC08;B0BDDED34CC83E11052F6792C000B249;2025-07-10;-6.0;-94.36
64DD96928FCA9E11525010650500EB4A;B0BDDED34CC83E11052F6792C000B249;2025-07-10;-18.0;-317.34
FE7524008FB3AE11726010650500925A;B0BDDED34CC83E11052F6792C000B249;2025-07-10;-2.0;-105.84
510EB5DBC2DF4E1142D58A650500BC08;B0BDDED34CC83E11052F6792C000B249;2025-07-10;-2.0;-206.44
5375213C3104FE1191EE106505001FB9;B0BDDED34CC83E11052F6792C000B249;2025-07-10;-2.0;-34.0
6826B17C2C40EE114066106505004A4A;B0BDDED34CC83E11052F6792C000B249;2025-07-10;-2.0;-340.0
3A3F0929B2EF2E11052F6792C000CF39;B0BDDED34CC83E11052F6792C000B249;2025-07-10;-2.0;-458.74
F0356E240E3CEE1191EE1065050029B9;B0BDDED34CC83E11052F6792C000B249;2025-07-10;-2.0;-129.16
30195CFB43377E11B7B78A650500ED08;B0BDDED34CC83E11052F6792C000B249;2025-07-10;-2.0;-216.12
D92BC7B5998DFE11F1557891FE692489;B0BDDED34CC83E11052F6792C000B249;2025-07-10;-2.0;-491.04
63C4F93A10FFFE11F1557891FE693789;B0BDDED34CC83E11052F6792C000B249;2025-07-10;-2.0;-1465.76
11E7DA5511CAED11A62CD892C0003F2A;B0BDDED34CC83E11052F6792C000B249;2025-07-10;-2.0;-820.06
8FF0071BC6F48E113835BB650500ADAA;B0BDDED34CC83E11052F6792C000B249;2025-07-10;-2.0;-445.58
493D9F05F630EE114066106505002A4A;B0BDDED34CC83E11052F6792C000B249;2025-07-10;-4.0;-309.88
526370D84459CE11ADB31065050071B8;B0BDDED34CC83E11052F6792C000B249;2025-07-10;-6.0;-260.04
5A08EEEEE4C6DE11C84610650500DE6A;B0BDDED34CC83E11052F6792C000B249;2025-07-10;-2.0;-308.12
5331461F94EAFD11A4A96492C0006F3B;B0BDDED34CC83E11052F6792C000B249;2025-07-10;-4.0;-675.2
388539FB0564AE11726010650500635A;B0BDDED34CC83E11052F6792C000B249;2025-07-10;-2.0;-567.02
3984BF46F54CDE11406610650500054A;B0BDDED34CC83E11052F6792C000B249;2025-07-10;-2.0;-396.0
6946CEEEEA6CCE11ADB310650500A5B8;B0BDDED34CC83E11052F6792C000B249;2025-07-10;-4.0;-237.4
BE586399FC410F11112A674AC7E21989;B0BDDED34CC83E11052F6792C000B249;2025-07-10;-2.0;-166.0
BBD00D3006A8EE1191EE10650500B8B9;B0BDDED34CC83E11052F6792C000B249;2025-07-10;-2.0;-223.4
E12F74666A5D7E110819BB65050039AA;B0BDDED34CC83E11052F6792C000B249;2025-07-10;-12.0;-64.44
3DF60A45B968FE11128010650500D819;B0BDDED34CC83E11052F6792C000B249;2025-07-10;-4.0;-905.32
D38D1C8C9CA9DE11406610650500814A;B0BDDED34CC83E11052F6792C000B249;2025-07-10;-8.0;-204.0
B320D83931CAED11A62CD892C0003F2A;B0BDDED34CC83E11052F6792C000B249;2025-07-10;-2.0;-3139.32
CE36424CC67F7E110819BB65050039AA;B0BDDED34CC83E11052F6792C000B249;2025-07-10;-2.0;-40.2
67BAC2A85755BE11BE21106505002C5A;B0BDDED34CC83E11052F6792C000B249;2025-07-10;-2.0;-2188.0
C02EAF2026257E11B7B78A650500ED08;B0BDDED34CC83E11052F6792C000B249;2025-07-10;-2.0;-437.68
7A4EE941BE31FE1191EE106505007BB9;B0BDDED34CC83E11052F6792C000B249;2025-07-10;-2.0;-148.7
FC39F31DAF13CE11877210650500A569;B0BDDED34CC83E11052F6792C000B249;2025-07-10;-2.0;-57.06
CCCD4C4B701EEE1191EE1065050029B9;B0BDDED34CC83E11052F6792C000B249;2025-07-10;-2.0;-113.0
92A179CBAEABFD11A4A96492C000CB59;B0BDDED34CC83E11052F6792C000B249;2025-07-10;-2.0;-1835.86
77195B37B9A86E11B7B78A650500BC08;B0BDDED34CC83E11052F6792C000B249;2025-07-10;-2.0;-109.72
04AAC77198385E1142D58A650500DC08;B0BDDED34CC83E11052F6792C000B249;2025-07-10;-2.0;-138.6
7966547E16A17E11B7B78A650500CD08;B0BDDED34CC83E11052F6792C000B249;2025-07-10;-2.0;-181.16
AE8E9D2507511E1143F0668E42008C3B;B0BDDED34CC83E11052F6792C000B249;2025-07-10;-6.0;-1307.94
72F06262B0A1EE11406610650500FB4A;B0BDDED34CC83E11052F6792C000B249;2025-07-10;-2.0;-361.92
10816EDE6710DE11ADB310650500AAB8;B0BDDED34CC83E11052F6792C000B249;2025-07-10;-2.0;-264.42
549E65B9CB3AAE11BE21106505000E4A;B0BDDED34CC83E11052F6792C000B249;2025-07-10;-2.0;-283.82
0B1F6EDA63E61E1143F0668E4200EE89;B0BDDED34CC83E11052F6792C000B249;2025-07-10;-2.0;-47.98
BED8CA5501CAED11A62CD892C0003F2A;B0BDDED34CC83E11052F6792C000B249;2025-07-10;-2.0;-336.6
96880A45A1B40F114EF7A826072B7D89;B0BDDED34CC83E11052F6792C000B249;2025-07-10;-2.0;-435.76
1FBF65FFCC47CE11ADB310650500DEA8;B0BDDED34CC83E11052F6792C000B249;2025-07-10;-2.0;-394.02
C1AB66E291CAED11A62CD892C0003F2A;B0BDDED34CC83E11052F6792C000B249;2025-07-10;-2.0;-194.76
414C1C118FE1FE1191EE106505005CB9;B0BDDED34CC83E11052F6792C000B249;2025-07-10;-2.0;-82.7
788F0F9C17C2FE1191EE106505006DB9;B0BDDED34CC83E11052F6792C000B249;2025-07-10;-2.0;-59.0
E69766D45D54DE11ADB31065050080C8;B0BDDED34CC83E11052F6792C000B249;2025-07-10;-2.0;-187.68
1CD9B58A69EF0E1143F0668E42007A39;B0BDDED34CC83E11052F6792C000B249;2025-07-10;-2.0;-306.8
4A309450B47DFD11A4A96492C0006D28;B0BDDED34CC83E11052F6792C000B249;2025-07-10;-2.0;-245.28
874B874C22238E117E64BB6505005BAA;44673735EAF46E11B7B78A650500BC08;2025-07-10;-4.0;-262.0
F17C06188510CE11877210650500C169;44673735EAF46E11B7B78A650500BC08;2025-07-10;-2.0;-270.52
E5F85CDB3104BE11BE21106505007A5A;44673735EAF46E11B7B78A650500BC08;2025-07-10;-48.0;-1819.7599999999998
ED52EC50E6568E11F243BB6505007B3B;44673735EAF46E11B7B78A650500BC08;2025-07-10;-2.0;-146.66
A5EE29ED3C456E11B7B78A650500BC08;44673735EAF46E11B7B78A650500BC08;2025-07-10;-6.0;-392.70000000000005
BA7B00D10A1D8E11F243BB650500944B;44673735EAF46E11B7B78A650500BC08;2025-07-10;-2.0;-570.0
9E78743488F07E11B7B78A650500CD08;44673735EAF46E11B7B78A650500BC08;2025-07-10;-2.0;-193.0
8A353D2B9497EE1191EE1065050047B9;44673735EAF46E11B7B78A650500BC08;2025-07-10;-4.0;-1456.0
950D640201CAED11A62CD892C0003F2A;44673735EAF46E11B7B78A650500BC08;2025-07-10;-2.0;-152.58
75438B674C456E11B7B78A650500BC08;44673735EAF46E11B7B78A650500BC08;2025-07-10;-4.0;-636.46
DCCE1E8B8D48EE1191EE1065050048B9;44673735EAF46E11B7B78A650500BC08;2025-07-10;-2.0;-90.0
6E2FDC1F45CF8E11F243BB650500084B;44673735EAF46E11B7B78A650500BC08;2025-07-10;-4.0;-140.94
0B4E203600CFCE11ADB3106505002AB8;44673735EAF46E11B7B78A650500BC08;2025-07-10;-2.0;-1574.68
9CB5774A474AAE11BE21106505001E4A;44673735EAF46E11B7B78A650500BC08;2025-07-10;-2.0;-2730.0
BB814222821A8E11F243BB650500304B;44673735EAF46E11B7B78A650500BC08;2025-07-10;-20.0;-3281.2
7705DB83A9F37E11B7B78A650500DD08;44673735EAF46E11B7B78A650500BC08;2025-07-10;-6.0;-545.46
34CF5FCF20CAED11A62CD892C0003F2A;44673735EAF46E11B7B78A650500BC08;2025-07-10;-100.0;-700.0
4FFC3C198EF39E115540106505008D3B;44673735EAF46E11B7B78A650500BC08;2025-07-10;-4.0;-188.72
192B062FD6568E11F243BB6505007B3B;44673735EAF46E11B7B78A650500BC08;2025-07-10;-2.0;-112.18
6A6562D6E770BE11BE2110650500F55A;44673735EAF46E11B7B78A650500BC08;2025-07-10;-4.0;-446.65999999999997
60C49159296DEE1191EE1065050029B9;44673735EAF46E11B7B78A650500BC08;2025-07-10;-2.0;-250.62
A0F7EB7A03078E11F243BB6505005C3B;44673735EAF46E11B7B78A650500BC08;2025-07-10;-6.0;-808.64
6064110910556E11B7B78A650500BC08;44673735EAF46E11B7B78A650500BC08;2025-07-10;-6.0;-1113.92
B284E8CF89098E11F243BB650500EE3B;44673735EAF46E11B7B78A650500BC08;2025-07-10;-2.0;-227.02
B816285AA44FDE11406610650500F84A;44673735EAF46E11B7B78A650500BC08;2025-07-10;-2.0;-121.26
0691CE7884EEAE11BE2110650500F35A;44673735EAF46E11B7B78A650500BC08;2025-07-10;-8.0;-832.0
EC4CDD55AC456E11B7B78A650500BC08;44673735EAF46E11B7B78A650500BC08;2025-07-10;0.0;0.0
5336F3FAF1F78E11F243BB6505008D3B;44673735EAF46E11B7B78A650500BC08;2025-07-10;-24.0;-2712.0
845485A8811FCE11ADB31065050029B8;44673735EAF46E11B7B78A650500BC08;2025-07-10;-2.0;-691.48
8C26B7F44D929E11554010650500CB3B;44673735EAF46E11B7B78A650500BC08;2025-07-10;-2.0;-114.0
A9AFE694AC456E11B7B78A650500BC08;44673735EAF46E11B7B78A650500BC08;2025-07-10;-2.0;-48.46
8A1F25958954FE1191EE106505008FB9;44673735EAF46E11B7B78A650500BC08;2025-07-10;-2.0;-80.06
F3D39F8925037E11B7B78A650500DD08;44673735EAF46E11B7B78A650500BC08;2025-07-10;-16.0;-873.44
24E92A5164EF6E11B7B78A650500CD08;44673735EAF46E11B7B78A650500BC08;2025-07-10;-2.0;-267.56
EC7844273DCCCE11ADB31065050026B8;44673735EAF46E11B7B78A650500BC08;2025-07-10;-2.0;-78.0
11A4FB4620556E11B7B78A650500BC08;44673735EAF46E11B7B78A650500BC08;2025-07-10;-2.0;-82.5
28912E5BCED4DE11ADB31065050021C8;44673735EAF46E11B7B78A650500BC08;2025-07-10;-2.0;-367.2
144A9111FC1EFE11F1557891FE69E489;44673735EAF46E11B7B78A650500BC08;2025-07-10;-8.0;-569.6
F9A90CDB0321DE11ADB3106505003CB8;44673735EAF46E11B7B78A650500BC08;2025-07-10;-2.0;-118.0
FC74CEFA72C97E110819BB65050019AA;44673735EAF46E11B7B78A650500BC08;2025-07-10;-4.0;-81.44
F39A8F53066FAE11BE2110650500945A;44673735EAF46E11B7B78A650500BC08;2025-07-10;-6.0;-320.46
E936E415AA79DE11406610650500414A;44673735EAF46E11B7B78A650500BC08;2025-07-10;-4.0;-376.0
9E54CA91478B3E11052F6792C000D249;44673735EAF46E11B7B78A650500BC08;2025-07-10;-8.0;-456.08
D8964B5BB2F5DE11ADB31065050082C8;44673735EAF46E11B7B78A650500BC08;2025-07-10;-2.0;-1923.38
80E4E75BCD690E11A4A96492C0001269;44673735EAF46E11B7B78A650500BC08;2025-07-10;-2.0;-322.34
C5E4D4490FFEFE11F1557891FE690689;44673735EAF46E11B7B78A650500BC08;2025-07-10;-2.0;-134.4
45600F02421C6E11B7B78A650500BC08;44673735EAF46E11B7B78A650500BC08;2025-07-10;-4.0;-525.98
F20C437EBD096E11B7B78A650500BC08;44673735EAF46E11B7B78A650500BC08;2025-07-10;-10.0;-294.7
69CED1DD7AE66E11B7B78A650500BC08;44673735EAF46E11B7B78A650500BC08;2025-07-10;-2.0;-120.0
8B7D6544821A8E11F243BB650500304B;44673735EAF46E11B7B78A650500BC08;2025-07-10;-4.0;-560.0
63365A69F7BAFE11128010650500E819;44673735EAF46E11B7B78A650500BC08;2025-07-10;-2.0;-80.0
E02E850F00300F11F1557891FE698789;44673735EAF46E11B7B78A650500BC08;2025-07-10;-2.0;-200.36
3831728E7C456E11B7B78A650500BC08;44673735EAF46E11B7B78A650500BC08;2025-07-10;-2.0;-427.98
7A0C8AFE43735E1142D58A650500DC08;44673735EAF46E11B7B78A650500BC08;2025-07-10;-2.0;-199.88
C6F5C1F49C456E11B7B78A650500BC08;44673735EAF46E11B7B78A650500BC08;2025-07-10;-20.0;-171.54000000000002
25D409E6B49DFE11F1557891FE693489;44673735EAF46E11B7B78A650500BC08;2025-07-10;-2.0;-400.0
A9384A7B0321DE11ADB3106505003CB8;44673735EAF46E11B7B78A650500BC08;2025-07-10;-2.0;-120.0
2489CCD7C9BF0E1123F0668E42005B38;44673735EAF46E11B7B78A650500BC08;2025-07-10;-4.0;-94.08
CC09394EB8E3BE11BE21106505005A5A;44673735EAF46E11B7B78A650500BC08;2025-07-10;-4.0;-93.8
E1AD8605C6CE8E11F243BB650500C64B;44673735EAF46E11B7B78A650500BC08;2025-07-10;-8.0;-1192.8600000000001
CFDCA197A0E68E11F243BB6505002C3B;44673735EAF46E11B7B78A650500BC08;2025-07-10;-2.0;-397.88
886EDC4E3C456E11B7B78A650500BC08;44673735EAF46E11B7B78A650500BC08;2025-07-10;-6.0;-545.7
AAF23FB46923FE1191EE10650500FDB9;44673735EAF46E11B7B78A650500BC08;2025-07-10;-6.0;-211.28
E291F43D2E456E11B7B78A650500BC08;44673735EAF46E11B7B78A650500BC08;2025-07-10;-4.0;-163.84
79B9C19C2CF2CE118772106505007569;44673735EAF46E11B7B78A650500BC08;2025-07-10;-2.0;-297.2
66A05155F92E6E11B7B78A6505003D08;44673735EAF46E11B7B78A650500BC08;2025-07-10;-2.0;-94.72
466A0FDB3FC8EE1191EE10650500E8B9;44673735EAF46E11B7B78A650500BC08;2025-07-10;-4.0;-454.4
3BB22E7B3A95DE11ADB31065050012C8;44673735EAF46E11B7B78A650500BC08;2025-07-10;-6.0;-1072.1399999999999
E62352B9AC456E11B7B78A650500BC08;44673735EAF46E11B7B78A650500BC08;2025-07-10;-12.0;-1256.18
502FAD6CE71BDE11406610650500634A;44673735EAF46E11B7B78A650500BC08;2025-07-10;-4.0;-37.18
7624D5E2AEEBCE11ADB310650500E4B8;44673735EAF46E11B7B78A650500BC08;2025-07-10;-6.0;-138.94
5AE6855EE3B89E11525010650500294A;44673735EAF46E11B7B78A650500BC08;2025-07-10;-4.0;-49.74
AEE5208D50A7FE1191EE10650500D3C9;44673735EAF46E11B7B78A650500BC08;2025-07-10;-2.0;-398.0
2FC716D859B1EE114066106505001C4A;44673735EAF46E11B7B78A650500BC08;2025-07-10;-2.0;-39.82
77DD8984ABE1EE114066106505006C4A;44673735EAF46E11B7B78A650500BC08;2025-07-10;-4.0;-1128.96
8376033300C80E11A4A96492C0001269;44673735EAF46E11B7B78A650500BC08;2025-07-10;-2.0;-187.9
34C204C6AA97CE11ADB3106505003FA8;44673735EAF46E11B7B78A650500BC08;2025-07-10;-2.0;-3507.44
EEFC3C198EF39E115540106505008D3B;44673735EAF46E11B7B78A650500BC08;2025-07-10;-2.0;-94.36
7D9E767F066E9E11726010650500CB4A;44673735EAF46E11B7B78A650500BC08;2025-07-10;-2.0;-41.96
1DC67A9CC0CAED11A62CD892C0003F2A;44673735EAF46E11B7B78A650500BC08;2025-07-10;-2.0;-190.88
5E112F60FE456E11B7B78A650500BC08;44673735EAF46E11B7B78A650500BC08;2025-07-10;-2.0;-1005.54
312ADE5EAC456E11B7B78A650500BC08;44673735EAF46E11B7B78A650500BC08;2025-07-10;-8.0;-2962.24
751D0690E1809E11F243BB650500F84B;44673735EAF46E11B7B78A650500BC08;2025-07-10;-4.0;-374.96
A246B9556923FE1191EE10650500FDB9;44673735EAF46E11B7B78A650500BC08;2025-07-10;-12.0;-351.24
6A299E04278FAE11BE2110650500C45A;44673735EAF46E11B7B78A650500BC08;2025-07-10;-4.0;-496.44
E55A53B5B8ED9E117260106505001B4A;44673735EAF46E11B7B78A650500BC08;2025-07-10;-2.0;-676.0
B7B5073B2C147E11B7B78A650500ED08;44673735EAF46E11B7B78A650500BC08;2025-07-10;-6.0;-786.0
D843699B917ABE118772106505009A59;44673735EAF46E11B7B78A650500BC08;2025-07-10;-4.0;-2087.78
A447B6F594C98E11F243BB650500DF3B;44673735EAF46E11B7B78A650500BC08;2025-07-10;-2.0;-986.5
ADB5F1A24E8DDE11406610650500A64A;44673735EAF46E11B7B78A650500BC08;2025-07-10;-2.0;-1268.0
D67DDBD899363E11052F6792C000FF39;44673735EAF46E11B7B78A650500BC08;2025-07-10;-4.0;-133.84
98F82303F69A7E110819BB65050039AA;44673735EAF46E11B7B78A650500BC08;2025-07-10;-6.0;-3972.14
240E4364CA41EE114066106505008B4A;44673735EAF46E11B7B78A650500BC08;2025-07-10;-2.0;-184.5
0F2409E2259DFE11F1557891FE693489;44673735EAF46E11B7B78A650500BC08;2025-07-10;-2.0;-167.4
9A063548A42AFE11128010650500E819;44673735EAF46E11B7B78A650500BC08;2025-07-10;-2.0;-102.0
7A30FC43DC456E11B7B78A650500BC08;44673735EAF46E11B7B78A650500BC08;2025-07-10;-2.0;-377.82
31F853CE53E0DE11ADB310650500DBB8;44673735EAF46E11B7B78A650500BC08;2025-07-10;-2.0;-106.0
CA13E105F9D2DE11ADB3106505007EB8;44673735EAF46E11B7B78A650500BC08;2025-07-10;-4.0;-1896.0
E42184E73EBBEE1191EE1065050029B9;44673735EAF46E11B7B78A650500BC08;2025-07-10;-2.0;-280.62
703E72117EEAAE11BE2110650500EE4A;44673735EAF46E11B7B78A650500BC08;2025-07-10;-16.0;-338.76
3F20078F2B3A9E115250106505002B4A;44673735EAF46E11B7B78A650500BC08;2025-07-10;-2.0;-751.42
AEC5DC01B3F2DE11ADB3106505009EB8;44673735EAF46E11B7B78A650500BC08;2025-07-10;-2.0;-314.0
7309EA71C11A8E11F243BB650500304B;44673735EAF46E11B7B78A650500BC08;2025-07-10;-2.0;-27.62
85AA0BD3CC22AE11726010650500905A;44673735EAF46E11B7B78A650500BC08;2025-07-10;-4.0;-93.7
B10F31189AC9FE11128010650500E819;44673735EAF46E11B7B78A650500BC08;2025-07-10;-4.0;-307.6
940BC74B39C6DE11C84610650500DE6A;44673735EAF46E11B7B78A650500BC08;2025-07-10;-2.0;-23.66
FC2E5119AF456E11B7B78A650500BC08;44673735EAF46E11B7B78A650500BC08;2025-07-10;-6.0;-1094.1
CB2267EF3C456E11B7B78A650500BC08;44673735EAF46E11B7B78A650500BC08;2025-07-10;-4.0;-657.02
831DA9DB4700FE1191EE10650500E9B9;44673735EAF46E11B7B78A650500BC08;2025-07-10;-6.0;-2494.7
B498617997639E11554010650500CC3B;44673735EAF46E11B7B78A650500BC08;2025-07-10;-4.0;-565.6
228EF1CCEC7F6E11B7B78A650500CD08;44673735EAF46E11B7B78A650500BC08;2025-07-10;-2.0;-162.3
125559B666767E11B7B78A650500ED08;44673735EAF46E11B7B78A650500BC08;2025-07-10;-2.0;-278.84
A5C9898F9A456E11B7B78A650500BC08;44673735EAF46E11B7B78A650500BC08;2025-07-10;-2.0;-1242.46
6CD0F1E99D5DEE1191EE1065050029B9;44673735EAF46E11B7B78A650500BC08;2025-07-10;-8.0;-5063.12
9B16E1512D456E11B7B78A650500BC08;44673735EAF46E11B7B78A650500BC08;2025-07-10;-10.0;-1500.0
86AA014CC7DEAE11BE2110650500E35A;44673735EAF46E11B7B78A650500BC08;2025-07-10;-2.0;-1314.0
1EFE05B65BE66E11B7B78A650500BC08;44673735EAF46E11B7B78A650500BC08;2025-07-10;-2.0;-74.22
B37AF9020E456E11B7B78A650500BC08;44673735EAF46E11B7B78A650500BC08;2025-07-10;-4.0;-1112.0
60F7EB7A03078E11F243BB6505005C3B;44673735EAF46E11B7B78A650500BC08;2025-07-10;-2.0;-218.96
2702D4013FC9BE11877210650500C959;44673735EAF46E11B7B78A650500BC08;2025-07-10;-4.0;-87.02
1578ED68E602EE114066106505008C4A;44673735EAF46E11B7B78A650500BC08;2025-07-10;-2.0;-107.0
57D74A26B651AE117260106505008F4A;44673735EAF46E11B7B78A650500BC08;2025-07-10;-4.0;-58.94
07AA95D2BC1EFE11F1557891FE69E489;44673735EAF46E11B7B78A650500BC08;2025-07-10;-2.0;-191.0
31D640AFF62FFE11F1557891FE693689;44673735EAF46E11B7B78A650500BC08;2025-07-10;-2.0;-160.0
A3134A47CE456E11B7B78A650500BC08;44673735EAF46E11B7B78A650500BC08;2025-07-10;-8.0;-196.8
F4137EBFE6197E110819BB65050009AA;44673735EAF46E11B7B78A650500BC08;2025-07-10;-4.0;-79.88
24BE1588ED11BE11BE2110650500C65A;44673735EAF46E11B7B78A650500BC08;2025-07-10;-2.0;-330.0
C3E0695CBF456E11B7B78A650500BC08;44673735EAF46E11B7B78A650500BC08;2025-07-10;-2.0;-1635.04
5D8A4630EA456E11B7B78A650500BC08;44673735EAF46E11B7B78A650500BC08;2025-07-10;-2.0;-122.4
27A154EB78F00F11112A674AC7E2A889;44673735EAF46E11B7B78A650500BC08;2025-07-10;-2.0;-107.6
3EC347F6BF6E8E11F243BB650500564B;44673735EAF46E11B7B78A650500BC08;2025-07-10;-12.0;-754.96
43E261FADD686E11B7B78A650500BC08;44673735EAF46E11B7B78A650500BC08;2025-07-10;-2.0;-170.46
FA88857859B1EE114066106505001C4A;44673735EAF46E11B7B78A650500BC08;2025-07-10;2.0;133.68
8625FEB90424EE11B1AD1065050087EA;B0BDDED34CC83E11052F6792C000B249;2025-07-10;2.0;77.04
EEF6B9DA12238E117E64BB6505005BAA;B0BDDED34CC83E11052F6792C000B249;2025-07-10;-4.0;-168.0
6545C70B00CAED11A62CD892C0003F2A;FC081C55582CED11A62CD892C0003F2A;2025-07-10;0.0;0.0
F8FA2EC0A847AE11BE21106505004A4A;FC081C55582CED11A62CD892C0003F2A;2025-07-10;0.0;0.0
EE862C928A460E11A4A96492C0004B38;FC081C55582CED11A62CD892C0003F2A;2025-07-10;0.0;0.0
2E9F8D261BA2EE11B1AD10650500A5EA;FC081C55582CED11A62CD892C0003F2A;2025-07-10;0.0;0.0
C6C5D3AB22C67E11B7B78A650500ED08;FC081C55582CED11A62CD892C0003F2A;2025-07-10;0.0;0.0
219DD72987C2FE1191EE106505006DB9;FC081C55582CED11A62CD892C0003F2A;2025-07-10;-2.0;-37.62
B470CB8180E2FE1191EE106505009DB9;FC081C55582CED11A62CD892C0003F2A;2025-07-10;0.0;0.0
BFD0563AEAB4EE11B1AD1065050048EA;FC081C55582CED11A62CD892C0003F2A;2025-07-10;0.0;0.0
1D2B6A371ABAFE11128010650500E819;FC081C55582CED11A62CD892C0003F2A;2025-07-10;0.0;0.0
4BEDEB771430EE114066106505002A4A;FC081C55582CED11A62CD892C0003F2A;2025-07-10;0.0;0.0
408D93D25592BE11BE2110650500A85A;FC081C55582CED11A62CD892C0003F2A;2025-07-10;0.0;0.0
16B77CB182F3FE1191EE106505000FB9;FC081C55582CED11A62CD892C0003F2A;2025-07-10;0.0;0.0
C3F2D732FE66DE11ADB31065050023C8;FC081C55582CED11A62CD892C0003F2A;2025-07-10;0.0;0.0
8966D37C93D67E11B7B78A650500ED08;FC081C55582CED11A62CD892C0003F2A;2025-07-10;0.0;0.0
BEECEA8F58A1CE11877210650500C369;FC081C55582CED11A62CD892C0003F2A;2025-07-10;-4.0;-168.44
4EEC91F793D67E11B7B78A650500ED08;FC081C55582CED11A62CD892C0003F2A;2025-07-10;0.0;0.0
92C63E7A5945BE11BE21106505001C5A;FC081C55582CED11A62CD892C0003F2A;2025-07-10;0.0;0.0
797EFBDEFCD2FE1191EE106505009DB9;FC081C55582CED11A62CD892C0003F2A;2025-07-10;0.0;0.0
AE934F1D663EAE11BE2110650500135A;FC081C55582CED11A62CD892C0003F2A;2025-07-10;-2.0;-24.96
9E74A4B63DE40E11A4A96492C000067B;FC081C55582CED11A62CD892C0003F2A;2025-07-10;82.0;4422.68
B9945D587C559E115540106505006F3B;FC081C55582CED11A62CD892C0003F2A;2025-07-10;2.0;468.0
D46DF26DBE13FE1191EE10650500EDB9;44673735EAF46E11B7B78A650500BC08;2025-07-10;-2.0;-2498.92
96736176E770BE11BE2110650500F55A;44673735EAF46E11B7B78A650500BC08;2025-07-10;-4.0;-463.72
C63B30535BEC9E11726010650500D94A;44673735EAF46E11B7B78A650500BC08;2025-07-10;20.0;6348.679999999999
2771181A03078E11F243BB6505005C3B;44673735EAF46E11B7B78A650500BC08;2025-07-10;10.0;3691.18
E1884BB7DD151E1143F0668E4200EE89;B0BDDED34CC83E11052F6792C000B249;2025-07-10;4.0;1286.56
8AD4693F2B140F114EF7A826072BBC89;FC081C55582CED11A62CD892C0003F2A;2025-07-10;60.0;6615.0
4FA7808184B0FE1191EE10650500CAB9;44673735EAF46E11B7B78A650500BC08;2025-07-10;0.0;0.0
BD09394EB8E3BE11BE21106505005A5A;44673735EAF46E11B7B78A650500BC08;2025-07-10;0.0;0.0
8D09394EB8E3BE11BE21106505005A5A;44673735EAF46E11B7B78A650500BC08;2025-07-10;0.0;0.0
A0BE7588E9456E11B7B78A650500BC08;44673735EAF46E11B7B78A650500BC08;2025-07-10;0.0;-9.094947017729282e-13
0016B04B0DFCBE11877210650500DD59;44673735EAF46E11B7B78A650500BC08;2025-07-10;0.0;0.0
2995F8CDB16F9E117260106505000D4A;44673735EAF46E11B7B78A650500BC08;2025-07-10;0.0;0.0
FFA664DE71AD7E110819BB65050039AA;44673735EAF46E11B7B78A650500BC08;2025-07-10;0.0;0.0
83D1BE508158EE1191EE1065050048B9;44673735EAF46E11B7B78A650500BC08;2025-07-10;0.0;0.0
0EC656E3BC88EE1191EE1065050098B9;44673735EAF46E11B7B78A650500BC08;2025-07-10;0.0;0.0
59426DBD836A6E11B7B78A650500BC08;44673735EAF46E11B7B78A650500BC08;2025-07-10;0.0;0.0
F462D34D2C43EE11B1AD1065050076EA;44673735EAF46E11B7B78A650500BC08;2025-07-10;0.0;0.0
D89893EDB8E3BE11BE21106505005A5A;44673735EAF46E11B7B78A650500BC08;2025-07-10;0.0;0.0
0FC98E534E1FCE11ADB31065050039B8;44673735EAF46E11B7B78A650500BC08;2025-07-10;-2.0;-66.5
74A2C4434E1FCE11ADB31065050039B8;44673735EAF46E11B7B78A650500BC08;2025-07-10;0.0;0.0
3923A22FF20FCE11ADB31065050019B8;FC081C55582CED11A62CD892C0003F2A;2025-07-10;0.0;0.0
69B70F8B5C440F114EF7A826072BFC89;FC081C55582CED11A62CD892C0003F2A;2025-07-10;0.0;0.0
5674FDBB5C440F114EF7A826072BFC89;FC081C55582CED11A62CD892C0003F2A;2025-07-10;0.0;0.0
DF5A2FEB5C440F114EF7A826072BFC89;FC081C55582CED11A62CD892C0003F2A;2025-07-10;0.0;0.0
5782A5EC6CB50F114EF7A826072BCE89;44673735EAF46E11B7B78A650500BC08;2025-07-10;24.0;4880.4
A442A5EC6CB50F114EF7A826072BCE89;44673735EAF46E11B7B78A650500BC08;2025-07-10;24.0;6085.68
C64CB86E4C2BFE11128010650500E819;B0BDDED34CC83E11052F6792C000B249;2025-07-10;48.0;934.32
559402DBBEB40F114EF7A826072B8D89;B0BDDED34CC83E11052F6792C000B249;2025-07-10;24.0;3796.84
69E1E91CBEB40F114EF7A826072B8D89;B0BDDED34CC83E11052F6792C000B249;2025-07-10;48.0;667.38
1E7C913CBEB40F114EF7A826072B8D89;B0BDDED34CC83E11052F6792C000B249;2025-07-10;96.0;6317.9
520CC4F978540F114EF7A826072B0D89;B0BDDED34CC83E11052F6792C000B249;2025-07-10;80.0;9226.46
0304C4F7AD00EE11406610650500F94A;B0BDDED34CC83E11052F6792C000B249;2025-07-10;240.0;4177.42
6B2C5EA9575FEE1191EE1065050029B9;FC081C55582CED11A62CD892C0003F2A;2025-07-10;0.0;0.0
2196272B8BCE8E11F243BB650500C64B;FC081C55582CED11A62CD892C0003F2A;2025-07-10;0.0;0.0
5FEC64F80B18DE11C84610650500807A;B0BDDED34CC83E11052F6792C000B249;2025-07-10;4.0;1632.08
D7C0D7DEED71FE1191EE10650500CBB9;B0BDDED34CC83E11052F6792C000B249;2025-07-10;8.0;2610.24
06D87580008F3E11F7F68A650500DB08;FC081C55582CED11A62CD892C0003F2A;2025-07-10;0.0;0.0
1176D957C26CEE1191EE1065050029B9;FC081C55582CED11A62CD892C0003F2A;2025-07-10;0.0;2.2737367544323206e-13
C48F6C9D7EAD7E110819BB65050039AA;B0BDDED34CC83E11052F6792C000B249;2025-07-10;0.0;0.0
202C9E6028407E11B7B78A650500CD08;B0BDDED34CC83E11052F6792C000B249;2025-07-10;6.0;1192.56
069B72C890CAED11A62CD892C0003F2A;B0BDDED34CC83E11052F6792C000B249;2025-07-10;20.0;1861.6
24D7F29CE3FCBE11877210650500CD59;FC081C55582CED11A62CD892C0003F2A;2025-07-10;96.0;3687.68
62FFFAEBBEB40F114EF7A826072B8D89;FC081C55582CED11A62CD892C0003F2A;2025-07-10;48.0;3267.58
9AB00BEBBEB40F114EF7A826072B8D89;FC081C55582CED11A62CD892C0003F2A;2025-07-10;144.0;2017.66
38710BEBBEB40F114EF7A826072B8D89;FC081C55582CED11A62CD892C0003F2A;2025-07-10;96.0;6980.08
620D913CBEB40F114EF7A826072B8D89;FC081C55582CED11A62CD892C0003F2A;2025-07-10;216.0;2637.7
495C10C4DE130F114EF7A826072B7B89;FC081C55582CED11A62CD892C0003F2A;2025-07-10;0.0;0.0
542EF1FEA42AFE11128010650500E819;44673735EAF46E11B7B78A650500BC08;2025-07-10;-14.0;-1297.8
82FEF1C229B90E11A4A96492C0001269;44673735EAF46E11B7B78A650500BC08;2025-07-10;20.0;2860.0
79D1419F90F23E11052F6792C000CF39;B0BDDED34CC83E11052F6792C000B249;2025-07-10;12.0;1372.8
531F756AFB8BDE11406610650500044A;B0BDDED34CC83E11052F6792C000B249;2025-07-10;104.0;8084.88
FB724E8DAD0BDE11406610650500534A;FC081C55582CED11A62CD892C0003F2A;2025-07-10;8.0;3400.5
F9FD29B141248E113835BB6505009CAA;B0BDDED34CC83E11052F6792C000B249;2025-07-10;0.0;0.0
C4E9631F9CDFCE11ADB3106505005AB8;44673735EAF46E11B7B78A650500BC08;2025-07-10;0.0;0.0
7B43866C49CA2E11052F6792C0007F39;44673735EAF46E11B7B78A650500BC08;2025-07-10;0.0;0.0
F4DB695ED0758E113835BB6505004EAA;FC081C55582CED11A62CD892C0003F2A;2025-07-10;38.0;9432.2
A9E0A7723D027E11B7B78A650500CD08;B0BDDED34CC83E11052F6792C000B249;2025-07-10;40.0;3411.2
D3634CEAF4339E115540106505008C3B;44673735EAF46E11B7B78A650500BC08;2025-07-10;20.0;1323.4
B816285AA44FDE11406610650500F84A;B0BDDED34CC83E11052F6792C000B249;2025-07-10;32.0;1940.16
5150F3DB53478E11F243BB650500AC3B;44673735EAF46E11B7B78A650500BC08;2025-07-10;-2.0;-220.0
74D4097AFCA50F114EF7A826072BBE89;44673735EAF46E11B7B78A650500BC08;2025-07-10;12.0;4665.6
20493ECAFCA50F114EF7A826072BBE89;44673735EAF46E11B7B78A650500BC08;2025-07-10;10.0;11880.0
375195C04E040F114EF7A826072BAC89;B0BDDED34CC83E11052F6792C000B249;2025-07-10;8.0;6884.24
EDB331404E456E11B7B78A650500BC08;44673735EAF46E11B7B78A650500BC08;2025-07-10;-4.0;-1000.0
131E9239ED97DE11C84610650500EF6A;44673735EAF46E11B7B78A650500BC08;2025-07-10;6.0;14351.16
4DAF9ED4B8C50F114EF7A826072BDE89;FC081C55582CED11A62CD892C0003F2A;2025-07-10;20.0;1864.8
FAF6955D82C5EE1191EE1065050045B9;FC081C55582CED11A62CD892C0003F2A;2025-07-10;100.0;12200.0
2C4F31C65596DE11ADB31065050053C8;FC081C55582CED11A62CD892C0003F2A;2025-07-10;18.0;3194.82
202C9E6028407E11B7B78A650500CD08;FC081C55582CED11A62CD892C0003F2A;2025-07-10;12.0;2385.12
5F2193BFAE94DE11ADB310650500D0C8;FC081C55582CED11A62CD892C0003F2A;2025-07-10;6.0;907.62
195ACCDC4386CE11ADB310650500DDA8;FC081C55582CED11A62CD892C0003F2A;2025-07-10;8.0;4287.28
08B7439ED719DE11C84610650500C17A;FC081C55582CED11A62CD892C0003F2A;2025-07-10;16.0;2385.28
86D3981B42772E11052F6792C0007F39;FC081C55582CED11A62CD892C0003F2A;2025-07-10;8.0;1259.36
D087A72E185D7E110819BB65050039AA;FC081C55582CED11A62CD892C0003F2A;2025-07-10;12.0;2118.84
B35B3B8E99C08E110819BB65050039AA;FC081C55582CED11A62CD892C0003F2A;2025-07-10;8.0;1295.2
FA7A20CE8E016E1142D58A650500AD08;FC081C55582CED11A62CD892C0003F2A;2025-07-10;8.0;1497.6
6E81B8B19E016E1142D58A650500AD08;FC081C55582CED11A62CD892C0003F2A;2025-07-10;10.0;1872.0
CBC786987F8FCE11ADB310650500E9B8;FC081C55582CED11A62CD892C0003F2A;2025-07-10;14.0;1054.06
FD24CEC91B8E0E1143F0668E42001D49;B0BDDED34CC83E11052F6792C000B249;2025-07-10;6.0;2535.54
06CB16F2EB596E11B7B78A650500BC08;B0BDDED34CC83E11052F6792C000B249;2025-07-10;16.0;453.28
2ED077151EDEFE11F1557891FE69D589;B0BDDED34CC83E11052F6792C000B249;2025-07-10;4.0;230.88
4CFB1FF035DFEE1191EE10650500A9B9;B0BDDED34CC83E11052F6792C000B249;2025-07-10;4.0;906.0
6CD03F26AB596E11B7B78A650500BC08;FC081C55582CED11A62CD892C0003F2A;2025-07-10;24.0;1794.48
84D4432D3E456E11B7B78A650500BC08;44673735EAF46E11B7B78A650500BC08;2025-07-10;-4.0;-936.0
78F9D296DDFFFE11F1557891FE694789;FC081C55582CED11A62CD892C0003F2A;2025-07-10;24.0;6468.0
6E8A306FDC94DE11ADB310650500D0C8;FC081C55582CED11A62CD892C0003F2A;2025-07-10;8.0;3837.04
CDB331404E456E11B7B78A650500BC08;44673735EAF46E11B7B78A650500BC08;2025-07-10;-30.0;-18570.0
11970D706D399E11525010650500E94A;FC081C55582CED11A62CD892C0003F2A;2025-07-10;72.0;6255.06
65551C7F8D510F11112A674AC7E22989;FC081C55582CED11A62CD892C0003F2A;2025-07-10;-4.0;-5402.14
46881F4B13D0DE11ADB310650500BBB8;FC081C55582CED11A62CD892C0003F2A;2025-07-10;30.0;2433.0
C9BC4C07D0CBEE1191EE1065050029B9;FC081C55582CED11A62CD892C0003F2A;2025-07-10;10.0;2337.12
2BB1AD2E10510F11112A674AC7E21989;44673735EAF46E11B7B78A650500BC08;2025-07-10;2.0;750.4
24EC4EE7A0CAED11A62CD892C0003F2A;44673735EAF46E11B7B78A650500BC08;2025-07-10;-4.0;-166.58
8AC5E1BA3623DE11ADB310650500DEB8;44673735EAF46E11B7B78A650500BC08;2025-07-10;18.0;917.54
D2E9B3505A7CDE11406610650500454A;B0BDDED34CC83E11052F6792C000B249;2025-07-10;4.0;1111.68
99D8DFAF2D42DE11ADB310650500CDB8;B0BDDED34CC83E11052F6792C000B249;2025-07-10;4.0;1889.24
32C28F7A4DEABE118772106505003B59;B0BDDED34CC83E11052F6792C000B249;2025-07-10;22.0;2217.38
65CDEA72EC3ABE118772106505005A59;44673735EAF46E11B7B78A650500BC08;2025-07-10;20.0;1900.0
843B89C178E4DE11ADB31065050031C8;FC081C55582CED11A62CD892C0003F2A;2025-07-10;22.0;5598.56
6995042F3B483E11052F6792C000B249;FC081C55582CED11A62CD892C0003F2A;2025-07-10;24.0;7222.32
9345EEFAB8E97E110819BB65050019AA;FC081C55582CED11A62CD892C0003F2A;2025-07-10;98.0;6012.9400000000005
CB89AA4CF77DEE1191EE1065050029B9;B0BDDED34CC83E11052F6792C000B249;2025-07-10;4.0;1267.36
4E5EB1884E012E1143F0668E4200C71A;FC081C55582CED11A62CD892C0003F2A;2025-07-10;20.0;3575.42
A124E50E08449E11554010650500ED3B;FC081C55582CED11A62CD892C0003F2A;2025-07-10;102.0;5015.0
C5E2A9ED5720DE11ADB310650500BAB8;FC081C55582CED11A62CD892C0003F2A;2025-07-10;6.0;2811.0
E7008A96098AFE11128010650500E819;FC081C55582CED11A62CD892C0003F2A;2025-07-10;4.0;1556.0
F46720E81FD1DE11ADB3106505003DB8;FC081C55582CED11A62CD892C0003F2A;2025-07-10;12.0;4380.0
4FB0BB8E4B768E11F243BB650500AB3B;FC081C55582CED11A62CD892C0003F2A;2025-07-10;12.0;1807.36
4294F80B58138E117E64BB6505004BAA;FC081C55582CED11A62CD892C0003F2A;2025-07-10;48.0;5201.42
1F280D4ACE23FD110DC22A92C000C499;FC081C55582CED11A62CD892C0003F2A;2025-07-10;10.0;1620.0
568B398D57F8FE11128010650500D819;FC081C55582CED11A62CD892C0003F2A;2025-07-10;24.0;3044.16
831406A876A1CE11877210650500C369;44673735EAF46E11B7B78A650500BC08;2025-07-10;80.0;31600.0
C1C7A8B1662BDE11406610650500734A;FC081C55582CED11A62CD892C0003F2A;2025-07-10;10.0;2790.0
D5978B753DEDED11A62CD892C000399B;B0BDDED34CC83E11052F6792C000B249;2025-07-10;10.0;1393.0
3BF47CA246696E11B7B78A650500BC08;44673735EAF46E11B7B78A650500BC08;2025-07-10;6.0;11640.0
FFD8CA5501CAED11A62CD892C0003F2A;B0BDDED34CC83E11052F6792C000B249;2025-07-10;24.0;4039.2
8179918DA8B4DE11ADB310650500F0C8;B0BDDED34CC83E11052F6792C000B249;2025-07-10;6.0;904.7199999999999
F9E59FECA5D83E11052F6792C000B249;B0BDDED34CC83E11052F6792C000B249;2025-07-10;22.0;3732.08
DD83AF999CAAAE11BE21106505009E4A;44673735EAF46E11B7B78A650500BC08;2025-07-10;-4.0;-702.12
8E169D8C376ADE11406610650500724A;44673735EAF46E11B7B78A650500BC08;2025-07-10;-6.0;-1324.8
1BEA9518EB23FE1191EE10650500FDB9;B0BDDED34CC83E11052F6792C000B249;2025-07-10;6.0;611.82
89EBF510F76DCE11ADB310650500F6B8;B0BDDED34CC83E11052F6792C000B249;2025-07-10;12.0;612.24
9A6058BEE3B0EE11406610650500CA4A;B0BDDED34CC83E11052F6792C000B249;2025-07-10;10.0;1594.4
46D4DEE4F630EE114066106505002A4A;B0BDDED34CC83E11052F6792C000B249;2025-07-10;10.0;1500.9
01E14C3D64A1BE11BE2110650500775A;B0BDDED34CC83E11052F6792C000B249;2025-07-10;26.0;1095.38
973E44397DE1EE114066106505006C4A;B0BDDED34CC83E11052F6792C000B249;2025-07-10;10.0;341.12
491B9DC4E1CBBE118772106505004C59;B0BDDED34CC83E11052F6792C000B249;2025-07-10;10.0;533.74
11444CDD7E456E11B7B78A650500BC08;44673735EAF46E11B7B78A650500BC08;2025-07-10;-20.0;-1258.0
993AA4DCD6108E110819BB65050039AA;44673735EAF46E11B7B78A650500BC08;2025-07-10;0.0;0.0
7861A2FDB79FAE11BE2110650500D45A;44673735EAF46E11B7B78A650500BC08;2025-07-10;0.0;0.0
010E98BA2B9FFE11F1557891FE69C689;B0BDDED34CC83E11052F6792C000B249;2025-07-10;16.0;5838.08
5C24CDFBE294DE11ADB310650500C0C8;B0BDDED34CC83E11052F6792C000B249;2025-07-10;12.0;2083.08
E8196547C9CC1E1143F0668E4200502B;B0BDDED34CC83E11052F6792C000B249;2025-07-10;6.0;1810.32
DCC690440031DE11ADB3106505005CB8;44673735EAF46E11B7B78A650500BC08;2025-07-10;10.0;1021.54
A1AD573070C1CE11877210650500E369;B0BDDED34CC83E11052F6792C000B249;2025-07-10;16.0;4251.84
F9DE455281082E11052F6792C0007F39;FC081C55582CED11A62CD892C0003F2A;2025-07-10;36.0;7284.2
49DB162712B10F114EF7A826072BA989;FC081C55582CED11A62CD892C0003F2A;2025-07-10;20.0;12750.56
9A5D87D7A0F60E11A4A96492C0007BF8;44673735EAF46E11B7B78A650500BC08;2025-07-10;4.0;1270.32
1A9E47EAD0CAED11A62CD892C0003F2A;B0BDDED34CC83E11052F6792C000B249;2025-07-10;-2.0;-94.12
0C073E3E1D08DE11C84610650500707A;FC081C55582CED11A62CD892C0003F2A;2025-07-10;-6.0;-2016.0
FBCEF4D87E63FD110DC22A92C000C499;FC081C55582CED11A62CD892C0003F2A;2025-07-10;-20.0;-484.66
5C3E07A3698DFE11F1557891FE692489;FC081C55582CED11A62CD892C0003F2A;2025-07-10;-8.0;-588.04
9EE40DED41CAED11A62CD892C0003F2A;FC081C55582CED11A62CD892C0003F2A;2025-07-10;-2.0;-674.18
17EB5B5A04D7EE1191EE1065050097B9;FC081C55582CED11A62CD892C0003F2A;2025-07-10;-2.0;-59.44
6AE23FAE21DCDE11406610650500B54A;FC081C55582CED11A62CD892C0003F2A;2025-07-10;-6.0;-1721.52
A18750AE8222AE11726010650500805A;FC081C55582CED11A62CD892C0003F2A;2025-07-10;-2.0;-227.84
3FFCB9916AA4DE11ADB310650500E0C8;FC081C55582CED11A62CD892C0003F2A;2025-07-10;-2.0;-246.48
8B38DA293545FE1191EE10650500C0C9;FC081C55582CED11A62CD892C0003F2A;2025-07-10;-2.0;-952.16
3B05EB1C9B98FE11128010650500D819;FC081C55582CED11A62CD892C0003F2A;2025-07-10;-2.0;-150.72
D13DEB261A68FE11128010650500D819;FC081C55582CED11A62CD892C0003F2A;2025-07-10;-2.0;-487.24
9A8F3FD3B28A3E11052F6792C000D249;FC081C55582CED11A62CD892C0003F2A;2025-07-10;-2.0;-262.86
5AC3CC23AB12DE11ADB3106505008DB8;FC081C55582CED11A62CD892C0003F2A;2025-07-10;-2.0;-1829.76
D62ACB3A1E4F3E11F7F68A650500DB08;FC081C55582CED11A62CD892C0003F2A;2025-07-10;-2.0;-420.6
1E1C7FADCB804E1142D58A650500DB08;FC081C55582CED11A62CD892C0003F2A;2025-07-10;-2.0;-221.68
B1E0BA67146B3E11052F6792C000D249;FC081C55582CED11A62CD892C0003F2A;2025-07-10;-6.0;-214.98
60E1A9CB5C3FFE11F1557891FE695689;FC081C55582CED11A62CD892C0003F2A;2025-07-10;-2.0;-152.46
1B403B6A0DE3DE11ADB310650500DFB8;FC081C55582CED11A62CD892C0003F2A;2025-07-10;-2.0;-226.98
AE7F1009E2B28E117E64BB650500CAAA;FC081C55582CED11A62CD892C0003F2A;2025-07-10;-2.0;-751.72
79E6175A25570E11A4A96492C000EC6A;FC081C55582CED11A62CD892C0003F2A;2025-07-10;-2.0;-133.72
D1863EED6431FE1191EE106505006BB9;FC081C55582CED11A62CD892C0003F2A;2025-07-10;-2.0;-3825.72
FED6FC7815520F114EF7A826072B7A89;FC081C55582CED11A62CD892C0003F2A;2025-07-10;-4.0;-1661.12
144DDE41F0CAED11A62CD892C0003F2A;FC081C55582CED11A62CD892C0003F2A;2025-07-10;-2.0;-459.84
F8D6DEC397310F11112A674AC7E2F889;FC081C55582CED11A62CD892C0003F2A;2025-07-10;-2.0;-64.02
8847DE790E877E110819BB65050009AA;FC081C55582CED11A62CD892C0003F2A;2025-07-10;-2.0;-157.7
3D060F5EEB6DFE11F1557891FE690489;FC081C55582CED11A62CD892C0003F2A;2025-07-10;-2.0;-359.8
EDD1574CE142DE11ADB310650500BDB8;FC081C55582CED11A62CD892C0003F2A;2025-07-10;-2.0;-72.1
66D7E37B383EFE11F1557891FE690589;FC081C55582CED11A62CD892C0003F2A;2025-07-10;-2.0;-211.0
47CAE252DFE34E1142D58A6505002C08;FC081C55582CED11A62CD892C0003F2A;2025-07-10;-2.0;-266.68
9DE5EC2A9FAAFE11128010650500E819;FC081C55582CED11A62CD892C0003F2A;2025-07-10;-2.0;-796.06
0CD7F572B305DE11ADB31065050051C8;FC081C55582CED11A62CD892C0003F2A;2025-07-10;-2.0;-148.32
389FF908AAE4DE11ADB31065050031C8;FC081C55582CED11A62CD892C0003F2A;2025-07-10;-4.0;-187.56
CCCD4C4B701EEE1191EE1065050029B9;FC081C55582CED11A62CD892C0003F2A;2025-07-10;-6.0;-339.0
15B418FFD562CE11877210650500B469;FC081C55582CED11A62CD892C0003F2A;2025-07-10;-2.0;-370.8
70A76EE2378B3E11052F6792C000D249;FC081C55582CED11A62CD892C0003F2A;2025-07-10;-12.0;-411.0
47499318FFE1EE114066106505006C4A;FC081C55582CED11A62CD892C0003F2A;2025-07-10;-2.0;-900.28
4EB6E7FAA1365E1142D58A650500DC08;FC081C55582CED11A62CD892C0003F2A;2025-07-10;-12.0;-188.28
4DF88A00CBE1EE114066106505006C4A;FC081C55582CED11A62CD892C0003F2A;2025-07-10;-2.0;-35.76
DC5B554FABB88E11F243BB6505008E3B;FC081C55582CED11A62CD892C0003F2A;2025-07-10;-2.0;-222.44
98C16C14D1E7EE1191EE10650500A7B9;FC081C55582CED11A62CD892C0003F2A;2025-07-10;-10.0;-130.54
17EB678DF996BE11877210650500B559;FC081C55582CED11A62CD892C0003F2A;2025-07-10;-2.0;-27.06
40F400467F09FE11128010650500E819;FC081C55582CED11A62CD892C0003F2A;2025-07-10;-4.0;-186.5
D5BB63012AFC9E11726010650500E94A;FC081C55582CED11A62CD892C0003F2A;2025-07-10;-2.0;-39.12
BA125C573BADEE1191EE1065050029B9;FC081C55582CED11A62CD892C0003F2A;2025-07-10;-2.0;-372.54
A3899BB57654EE11B1AD10650500C7EA;FC081C55582CED11A62CD892C0003F2A;2025-07-10;-2.0;-24.36
E78F1F0871500F11F1557891FE69B789;FC081C55582CED11A62CD892C0003F2A;2025-07-10;-2.0;-50.0
C4DC9914F9A3FE1191EE10650500AEB9;FC081C55582CED11A62CD892C0003F2A;2025-07-10;-2.0;-119.78
8AEAC7B5998DFE11F1557891FE692489;FC081C55582CED11A62CD892C0003F2A;2025-07-10;-2.0;-364.32
93A6B7DB01CAED11A62CD892C0003F2A;FC081C55582CED11A62CD892C0003F2A;2025-07-10;-2.0;-324.84
205BCFB931CAED11A62CD892C0003F2A;FC081C55582CED11A62CD892C0003F2A;2025-07-10;-8.0;-347.2
BE044D3564B8FE11128010650500D819;FC081C55582CED11A62CD892C0003F2A;2025-07-10;-2.0;-320.0
F350291F25DFEE1191EE10650500A9B9;FC081C55582CED11A62CD892C0003F2A;2025-07-10;-2.0;-453.0
9CB8FABB64B0EE11406610650500CA4A;FC081C55582CED11A62CD892C0003F2A;2025-07-10;-2.0;-701.76
20074E729F4DDE11406610650500564A;FC081C55582CED11A62CD892C0003F2A;2025-07-10;-4.0;-449.12
203481555622CE118772106505006469;FC081C55582CED11A62CD892C0003F2A;2025-07-10;-4.0;-501.98
03E44B4EA4FAEE1191EE1065050029B9;FC081C55582CED11A62CD892C0003F2A;2025-07-10;-2.0;-229.36
A96D5C14B009EE1191EE1065050009B9;FC081C55582CED11A62CD892C0003F2A;2025-07-10;-2.0;-29.08
D9B196307592FE1191EE106505002DB9;FC081C55582CED11A62CD892C0003F2A;2025-07-10;-2.0;-247.92
6BEBE596FB913E11052F6792C000CF39;FC081C55582CED11A62CD892C0003F2A;2025-07-10;-6.0;-3600.0
00CF9589C8846E11B7B78A650500BC08;FC081C55582CED11A62CD892C0003F2A;2025-07-10;-2.0;-159.26
9AEDB981A546CE11ADB3106505008DA8;FC081C55582CED11A62CD892C0003F2A;2025-07-10;-2.0;-28.4
B9AD399032238E117E64BB6505005BAA;FC081C55582CED11A62CD892C0003F2A;2025-07-10;-2.0;-144.0
712D9EEEDD500F11F1557891FE69C789;FC081C55582CED11A62CD892C0003F2A;2025-07-10;-2.0;-152.14
E463CF97B28A3E11052F6792C000D249;FC081C55582CED11A62CD892C0003F2A;2025-07-10;-4.0;-553.56
D58A6214EC430E11A4A96492C00008E9;FC081C55582CED11A62CD892C0003F2A;2025-07-10;-2.0;-400.64
2D4B0DAA63D2FE1191EE106505007DB9;FC081C55582CED11A62CD892C0003F2A;2025-07-10;-14.0;-561.68
55EACCA36978FE11128010650500D819;FC081C55582CED11A62CD892C0003F2A;2025-07-10;-6.0;-2601.46
03702B9C9B6D5E1142D58A6505002D08;FC081C55582CED11A62CD892C0003F2A;2025-07-10;-2.0;-155.0
AE8E9D2507511E1143F0668E42008C3B;FC081C55582CED11A62CD892C0003F2A;2025-07-10;-2.0;-435.98
73342D2100E7EE1191EE10650500A7B9;FC081C55582CED11A62CD892C0003F2A;2025-07-10;-4.0;-14.84
E21D764579B1EE114066106505001C4A;FC081C55582CED11A62CD892C0003F2A;2025-07-10;-2.0;-495.78
2A98A6F94F54DE11ADB31065050080C8;FC081C55582CED11A62CD892C0003F2A;2025-07-10;-2.0;-134.34
698D7B0DF8F00F11112A674AC7E2A889;FC081C55582CED11A62CD892C0003F2A;2025-07-10;-2.0;-1031.6
0190824BE010EE11406610650500F94A;FC081C55582CED11A62CD892C0003F2A;2025-07-10;-6.0;-1513.14
275EE068EBAAFE11128010650500E819;FC081C55582CED11A62CD892C0003F2A;2025-07-10;-2.0;-431.62
B2C79D1FC01C3E11052F6792C000D249;FC081C55582CED11A62CD892C0003F2A;2025-07-10;-4.0;-132.0
B74B4A0311CAED11A62CD892C0003F2A;FC081C55582CED11A62CD892C0003F2A;2025-07-10;-2.0;-861.0
05048CCA2B9FFE11F1557891FE69C689;FC081C55582CED11A62CD892C0003F2A;2025-07-10;-2.0;-559.32
8740C931FAE1DE11ADB3106505004DB8;FC081C55582CED11A62CD892C0003F2A;2025-07-10;-2.0;-302.14
DFECCCBACD7ABE11877210650500AA59;FC081C55582CED11A62CD892C0003F2A;2025-07-10;-6.0;-920.94
D41FA7D9C85A3E11052F6792C000D249;FC081C55582CED11A62CD892C0003F2A;2025-07-10;-4.0;-124.7
6E679C94F40ADE11406610650500F14A;FC081C55582CED11A62CD892C0003F2A;2025-07-10;-4.0;-92.0
A09DE472E0CAED11A62CD892C0003F2A;FC081C55582CED11A62CD892C0003F2A;2025-07-10;-2.0;-517.0
A5B00F4DD53ACE11ADB31065050092B8;FC081C55582CED11A62CD892C0003F2A;2025-07-10;-6.0;-299.4
7BFF0450D0CAED11A62CD892C0003F2A;FC081C55582CED11A62CD892C0003F2A;2025-07-10;-2.0;-317.78
E5DA257C675EEE1191EE1065050029B9;FC081C55582CED11A62CD892C0003F2A;2025-07-10;-2.0;-658.94
8EC7AE87917BDE11406610650500E34A;FC081C55582CED11A62CD892C0003F2A;2025-07-10;-2.0;-295.2
DC280D4ACE23FD110DC22A92C000C499;FC081C55582CED11A62CD892C0003F2A;2025-07-10;-22.0;-760.58
49E68D02B0638E111E1BBB650500BBAA;FC081C55582CED11A62CD892C0003F2A;2025-07-10;-2.0;-174.28
0AF3A82D186FCE11ADB310650500B9B8;FC081C55582CED11A62CD892C0003F2A;2025-07-10;-4.0;-2227.82
70268594021C8E11F243BB650500C24B;FC081C55582CED11A62CD892C0003F2A;2025-07-10;-4.0;-81.32
DD9B8055D044FE1191EE106505006FB9;FC081C55582CED11A62CD892C0003F2A;2025-07-10;-2.0;-467.02
0BDE9EEEDD500F11F1557891FE69C789;FC081C55582CED11A62CD892C0003F2A;2025-07-10;-2.0;-33.88
10AD776184EBDE11406610650500744A;FC081C55582CED11A62CD892C0003F2A;2025-07-10;-2.0;-162.06
EB150FF1AC112E1143F0668E4200C71A;FC081C55582CED11A62CD892C0003F2A;2025-07-10;-2.0;-532.58
DDB07ECA7A767E11B7B78A650500ED08;FC081C55582CED11A62CD892C0003F2A;2025-07-10;0.0;-101.66000000000003
B3B082A3041FEE1191EE1065050029B9;FC081C55582CED11A62CD892C0003F2A;2025-07-10;-2.0;-589.12
A976FB84D6E66E11B7B78A650500BC08;FC081C55582CED11A62CD892C0003F2A;2025-07-10;-4.0;-416.16
5D088BB17BA8BE118772106505005859;FC081C55582CED11A62CD892C0003F2A;2025-07-10;-2.0;-844.0
7844282DECB1EE114066106505001C4A;FC081C55582CED11A62CD892C0003F2A;2025-07-10;-2.0;-117.0
5C8C3B7101CAED11A62CD892C0003F2A;FC081C55582CED11A62CD892C0003F2A;2025-07-10;-2.0;-173.32
6AF951543EF59E11554010650500304B;FC081C55582CED11A62CD892C0003F2A;2025-07-10;-2.0;-374.14
7D43866C49CA2E11052F6792C0007F39;FC081C55582CED11A62CD892C0003F2A;2025-07-10;-2.0;-228.64
234B6592595EDE11406610650500C74A;FC081C55582CED11A62CD892C0003F2A;2025-07-10;-2.0;-589.12
89C029B21D1DDE11406610650500164A;FC081C55582CED11A62CD892C0003F2A;2025-07-10;-2.0;-135.02
94A64C7D452EEE1191EE1065050029B9;FC081C55582CED11A62CD892C0003F2A;2025-07-10;-2.0;-278.72
0211358D85802E1143F0668E4200C71A;FC081C55582CED11A62CD892C0003F2A;2025-07-10;-2.0;-487.86
FCD928528754EE11B1AD10650500C7EA;FC081C55582CED11A62CD892C0003F2A;2025-07-10;-2.0;-251.26
24EC4EE7A0CAED11A62CD892C0003F2A;FC081C55582CED11A62CD892C0003F2A;2025-07-10;-2.0;-83.28
5B5781D361CBEE1191EE1065050029B9;FC081C55582CED11A62CD892C0003F2A;2025-07-10;-2.0;-153.6
2AFA32B80F462E1143F0668E420006EB;FC081C55582CED11A62CD892C0003F2A;2025-07-10;-2.0;-3190.46
536A64C1AAD7CE11ADB3106505008FA8;FC081C55582CED11A62CD892C0003F2A;2025-07-10;-2.0;-509.84
6FE3010A42708E110819BB65050039AA;FC081C55582CED11A62CD892C0003F2A;2025-07-10;-2.0;-194.86
7421D87750600F11F1557891FE69C789;FC081C55582CED11A62CD892C0003F2A;2025-07-10;-2.0;-104.0
BC556C52599EFE11F1557891FE698589;FC081C55582CED11A62CD892C0003F2A;2025-07-10;-2.0;-176.0
8CB12BC9C6838E113835BB6505000CAA;FC081C55582CED11A62CD892C0003F2A;2025-07-10;-2.0;-168.78
269E2463A5E3FE1191EE10650500FEB9;FC081C55582CED11A62CD892C0003F2A;2025-07-10;-2.0;-212.28
2C2D9DCF76640F114EF7A826072B1D89;FC081C55582CED11A62CD892C0003F2A;2025-07-10;-2.0;-117.22
E0B9C62D3F71FE1191EE10650500CBB9;FC081C55582CED11A62CD892C0003F2A;2025-07-10;-2.0;-925.58
91908CDBCD94FD110DC22A92C0009D7B;B0BDDED34CC83E11052F6792C000B249;2025-07-10;-2.0;-190.88
26F77002DFD2FE1191EE106505009DB9;B0BDDED34CC83E11052F6792C000B249;2025-07-10;-2.0;-938.0
B36E116CDB63CE118772106505000669;B0BDDED34CC83E11052F6792C000B249;2025-07-10;-2.0;-118.7
5B7D1BC2D2F2EE11B1AD1065050006EA;B0BDDED34CC83E11052F6792C000B249;2025-07-10;-2.0;-520.48
02314C14B7363E11052F6792C000FF39;B0BDDED34CC83E11052F6792C000B249;2025-07-10;-2.0;-121.76
AC0ECEF0EC065E1142D58A650500DC08;B0BDDED34CC83E11052F6792C000B249;2025-07-10;-104.0;-553.28
C4E9631F9CDFCE11ADB3106505005AB8;B0BDDED34CC83E11052F6792C000B249;2025-07-10;-4.0;-516.78
920AF52CE8087E110819BB65050009AA;B0BDDED34CC83E11052F6792C000B249;2025-07-10;-2.0;-266.4
9C2399A60207BE118772106505003659;B0BDDED34CC83E11052F6792C000B249;2025-07-10;-1.4;-230.54
E8110F3314D7EE1191EE1065050097B9;B0BDDED34CC83E11052F6792C000B249;2025-07-10;-2.0;-58.86
A05BCFB931CAED11A62CD892C0003F2A;B0BDDED34CC83E11052F6792C000B249;2025-07-10;-6.0;-987.22
085B92A5095EDE11406610650500C74A;B0BDDED34CC83E11052F6792C000B249;2025-07-10;-2.0;-495.2
19C3840F18363E11052F6792C000FF39;B0BDDED34CC83E11052F6792C000B249;2025-07-10;-8.0;-463.92
A5913E3A9ED4EE11B1AD1065050078EA;B0BDDED34CC83E11052F6792C000B249;2025-07-10;-2.0;-110.22
DEEE216D9EC00E11A4A96492C0002019;B0BDDED34CC83E11052F6792C000B249;2025-07-10;-2.0;-836.02
1AD492D6B371FE1191EE10650500BBB9;B0BDDED34CC83E11052F6792C000B249;2025-07-10;-2.0;-179.3
8596233FCF986E11B7B78A650500BC08;B0BDDED34CC83E11052F6792C000B249;2025-07-10;-16.0;-332.16
0C17FC7815520F114EF7A826072B7A89;B0BDDED34CC83E11052F6792C000B249;2025-07-10;-4.0;-888.62
5096C19D764E3E11052F6792C000D249;B0BDDED34CC83E11052F6792C000B249;2025-07-10;-16.0;-401.6
9697BF6A01CAED11A62CD892C0003F2A;B0BDDED34CC83E11052F6792C000B249;2025-07-10;-4.0;-660.88
2DEBE596FB913E11052F6792C000CF39;B0BDDED34CC83E11052F6792C000B249;2025-07-10;-4.0;-1596.0
5C63DD9371491E1143F0668E42006B8B;B0BDDED34CC83E11052F6792C000B249;2025-07-10;-8.0;-959.2
E5C713B23364EE11B1AD10650500D7EA;B0BDDED34CC83E11052F6792C000B249;2025-07-10;-2.0;-90.94
C393B2FACED4DE11ADB31065050021C8;B0BDDED34CC83E11052F6792C000B249;2025-07-10;-4.0;-165.6
DA9E47EAD0CAED11A62CD892C0003F2A;B0BDDED34CC83E11052F6792C000B249;2025-07-10;-2.0;-312.76
6438148C2CF0EE114066106505002B4A;B0BDDED34CC83E11052F6792C000B249;2025-07-10;-2.0;-173.6
9D79CF091D32FE1191EE10650500BCB9;B0BDDED34CC83E11052F6792C000B249;2025-07-10;-2.0;-252.4
AA3211770F8C7E110819BB65050039AA;B0BDDED34CC83E11052F6792C000B249;2025-07-10;-4.0;-491.24
3F1AD9D6D0CAED11A62CD892C0003F2A;B0BDDED34CC83E11052F6792C000B249;2025-07-10;-2.0;-210.4
1F0EB0C295240F114EF7A826072BCC89;B0BDDED34CC83E11052F6792C000B249;2025-07-10;-2.0;-1341.68
3E88EA388371FE1191EE10650500BBB9;B0BDDED34CC83E11052F6792C000B249;2025-07-10;-6.0;-428.26
1BFF0450D0CAED11A62CD892C0003F2A;B0BDDED34CC83E11052F6792C000B249;2025-07-10;-2.0;-317.78
8FEF0D3B34D99E11525010650500AA4A;B0BDDED34CC83E11052F6792C000B249;2025-07-10;-2.0;-976.86
E7692174C0128E110223BB6505000AAA;B0BDDED34CC83E11052F6792C000B249;2025-07-10;-2.0;-389.58
8397BF6A01CAED11A62CD892C0003F2A;B0BDDED34CC83E11052F6792C000B249;2025-07-10;-4.0;-1025.84
88C24747CD456E11B7B78A650500BC08;B0BDDED34CC83E11052F6792C000B249;2025-07-10;-2.0;-286.1
2420D827B5030F114EF7A826072B5B89;B0BDDED34CC83E11052F6792C000B249;2025-07-10;-2.0;-227.52
6E81B8B19E016E1142D58A650500AD08;B0BDDED34CC83E11052F6792C000B249;2025-07-10;-2.0;-374.4
695A4EE0011EAE11BE2110650500E25A;B0BDDED34CC83E11052F6792C000B249;2025-07-10;-2.0;-357.72
55C96361C04EFE11F1557891FE691589;B0BDDED34CC83E11052F6792C000B249;2025-07-10;-2.0;-308.7
DDFAB501B0CAED11A62CD892C0003F2A;B0BDDED34CC83E11052F6792C000B249;2025-07-10;-2.0;-109.34
CAACB70E4EB88E11F243BB6505008E3B;B0BDDED34CC83E11052F6792C000B249;2025-07-10;-2.0;-60.14
C8494A182769BE118772106505004959;B0BDDED34CC83E11052F6792C000B249;2025-07-10;-10.0;-746.5999999999999
D05B53538ABAFE11128010650500E819;B0BDDED34CC83E11052F6792C000B249;2025-07-10;0.0;0.0
64A0DE79ACD75E1142D58A650500DC08;B0BDDED34CC83E11052F6792C000B249;2025-07-10;-2.0;-248.64
AA933DD5919EBE11877210650500DF59;B0BDDED34CC83E11052F6792C000B249;2025-07-10;-4.0;-111.44
F823550101CAED11A62CD892C0003F2A;B0BDDED34CC83E11052F6792C000B249;2025-07-10;-2.0;-293.56
373E31DB3104FE1191EE106505001FB9;B0BDDED34CC83E11052F6792C000B249;2025-07-10;-2.0;-660.0
1DBCDCFCC82ADE11406610650500224A;B0BDDED34CC83E11052F6792C000B249;2025-07-10;-2.0;-656.0
6C4F278C0ADEAE11BE2110650500E35A;B0BDDED34CC83E11052F6792C000B249;2025-07-10;-22.0;-534.6
640BF153001B1E1143F0668E4200EF5A;B0BDDED34CC83E11052F6792C000B249;2025-07-10;-6.0;-1292.8799999999999
5D8F6021390F9E117260106505009C4A;B0BDDED34CC83E11052F6792C000B249;2025-07-10;-2.0;-242.28
8B9A732C14BEEE1191EE1065050029B9;B0BDDED34CC83E11052F6792C000B249;2025-07-10;-8.0;-921.76
E727F7893131FE1191EE106505006BB9;B0BDDED34CC83E11052F6792C000B249;2025-07-10;-2.0;-739.12
ECF6F12597788E11F243BB6505002E3B;B0BDDED34CC83E11052F6792C000B249;2025-07-10;-2.0;-97.44
9917DF2A887CCE11ADB310650500B5B8;B0BDDED34CC83E11052F6792C000B249;2025-07-10;-2.0;-69.24
37455139187CCE11ADB310650500B5B8;B0BDDED34CC83E11052F6792C000B249;2025-07-10;-6.0;-190.6
33993B4824789E11525010650500D84A;B0BDDED34CC83E11052F6792C000B249;2025-07-10;-26.0;-490.36
C90B8BE5BFC85E1142D58A650500DC08;B0BDDED34CC83E11052F6792C000B249;2025-07-10;-2.0;-305.34
E484C0E058B13E11052F6792C000CF39;B0BDDED34CC83E11052F6792C000B249;2025-07-10;-2.0;-152.22
9A0F2C0F6A278E11F243BB6505008C3B;B0BDDED34CC83E11052F6792C000B249;2025-07-10;-8.0;-260.32
97295CC2ECD4DE11ADB31065050021C8;B0BDDED34CC83E11052F6792C000B249;2025-07-10;-2.0;-270.84
EBFBD80C6F466E11B7B78A650500BC08;B0BDDED34CC83E11052F6792C000B249;2025-07-10;-2.0;-139.12
F5E165D037F74E1142D58A6505002C08;B0BDDED34CC83E11052F6792C000B249;2025-07-10;-2.0;-336.6
A76C3997B34C2E11052F6792C000CF39;B0BDDED34CC83E11052F6792C000B249;2025-07-10;-2.0;-284.8
7D4AA3ABECC65E1142D58A650500DC08;B0BDDED34CC83E11052F6792C000B249;2025-07-10;-4.0;-2167.26
94CF5FCF20CAED11A62CD892C0003F2A;B0BDDED34CC83E11052F6792C000B249;2025-07-10;-2.0;-124.0
2776EC1BFE7ABE11877210650500AA59;B0BDDED34CC83E11052F6792C000B249;2025-07-10;-2.0;-628.18
0258252DAC5A3E11052F6792C000D249;B0BDDED34CC83E11052F6792C000B249;2025-07-10;-2.0;-339.24
0F08E9D401CAED11A62CD892C0003F2A;B0BDDED34CC83E11052F6792C000B249;2025-07-10;-4.0;-297.0
51D81EDCC2F2DE11ADB3106505009EB8;B0BDDED34CC83E11052F6792C000B249;2025-07-10;-2.0;-793.72
C8904BBEC0CAED11A62CD892C0003F2A;B0BDDED34CC83E11052F6792C000B249;2025-07-10;-2.0;-195.34
053F09DF4A62FD110DC22A92C0006778;B0BDDED34CC83E11052F6792C000B249;2025-07-10;-2.0;-199.04
583C3E5F3DBCAE11BE2110650500315A;B0BDDED34CC83E11052F6792C000B249;2025-07-10;-2.0;-384.4
16A4A519CEEFFE11F1557891FE693789;B0BDDED34CC83E11052F6792C000B249;2025-07-10;-2.0;-498.3
5D9B5C3EB35AEE1191EE1065050009B9;B0BDDED34CC83E11052F6792C000B249;2025-07-10;-2.0;-261.24
E7164409D533FE1191EE106505000EB9;B0BDDED34CC83E11052F6792C000B249;2025-07-10;-2.0;-1080.0
6D929C5D463CBE11877210650500DC59;B0BDDED34CC83E11052F6792C000B249;2025-07-10;-2.0;-339.62
A807D74C6FE0EE114066106505001B4A;B0BDDED34CC83E11052F6792C000B249;2025-07-10;-4.0;-1112.8
6BD302FA6434FE1191EE106505005FB9;B0BDDED34CC83E11052F6792C000B249;2025-07-10;-4.0;-513.92
DCC690440031DE11ADB3106505005CB8;B0BDDED34CC83E11052F6792C000B249;2025-07-10;-2.0;-204.3
1A92EBF771500F11F1557891FE69B789;B0BDDED34CC83E11052F6792C000B249;2025-07-10;-2.0;-38.0
AF2F1B4518EEBE118772106505004069;B0BDDED34CC83E11052F6792C000B249;2025-07-10;-2.0;-33.98
DB3E818302CAED11A62CD892C0003F2A;B0BDDED34CC83E11052F6792C000B249;2025-07-10;-2.0;-121.32
84169B3E1E456E11B7B78A650500BC08;B0BDDED34CC83E11052F6792C000B249;2025-07-10;-2.0;-196.2
259E20888371FE1191EE10650500BBB9;B0BDDED34CC83E11052F6792C000B249;2025-07-10;-4.0;-285.5
0C0D1EBFBF3FAE11BE2110650500645A;B0BDDED34CC83E11052F6792C000B249;2025-07-10;-2.0;-75.32
225B3474C6838E113835BB6505000CAA;B0BDDED34CC83E11052F6792C000B249;2025-07-10;-2.0;-206.06
DB9FAF1460CBEE1191EE1065050029B9;B0BDDED34CC83E11052F6792C000B249;2025-07-10;-4.0;-1710.9
8216521DB5796E11B7B78A650500BC08;B0BDDED34CC83E11052F6792C000B249;2025-07-10;-2.0;-70.78
FE40C462F123CE11877210650500A569;B0BDDED34CC83E11052F6792C000B249;2025-07-10;-2.0;-57.14
43B530A93C2EFE11F1557891FE69F489;B0BDDED34CC83E11052F6792C000B249;2025-07-10;-2.0;-283.74
94F001653E456E11B7B78A650500BC08;44673735EAF46E11B7B78A650500BC08;2025-07-10;-2.0;-1056.0
BB361686AC456E11B7B78A650500BC08;44673735EAF46E11B7B78A650500BC08;2025-07-10;-10.0;-371.02
E12E3E087DECEE1191EE1065050029B9;44673735EAF46E11B7B78A650500BC08;2025-07-10;-2.0;-371.56
523A159F06A7BE118772106505000759;44673735EAF46E11B7B78A650500BC08;2025-07-10;-2.0;-142.0
C1F9CAB8E770BE11BE2110650500F55A;44673735EAF46E11B7B78A650500BC08;2025-07-10;-2.0;-21.58
B3FE155C1C8EAE11BE2110650500835A;44673735EAF46E11B7B78A650500BC08;2025-07-10;-2.0;-125.82
29CDB042A33EAE11BE2110650500135A;44673735EAF46E11B7B78A650500BC08;2025-07-10;-6.0;-822.0
0FD44E1613179E11554010650500914B;44673735EAF46E11B7B78A650500BC08;2025-07-10;-20.0;-1427.3200000000002
46B63D2329363E11052F6792C000FF39;44673735EAF46E11B7B78A650500BC08;2025-07-10;-2.0;-70.76
D1BFBF08107A7E110819BB65050039AA;44673735EAF46E11B7B78A650500BC08;2025-07-10;-2.0;-387.6
BE4F52191C456E11B7B78A650500BC08;44673735EAF46E11B7B78A650500BC08;2025-07-10;-2.0;-781.92
94CF5FCF20CAED11A62CD892C0003F2A;44673735EAF46E11B7B78A650500BC08;2025-07-10;-6.0;-372.0
7FFC3C198EF39E115540106505008D3B;44673735EAF46E11B7B78A650500BC08;2025-07-10;-4.0;-188.72
87328AB28754EE11B1AD10650500C7EA;44673735EAF46E11B7B78A650500BC08;2025-07-10;-16.0;-188.8
70B8E84E7C2EFE11F1557891FE69F489;44673735EAF46E11B7B78A650500BC08;2025-07-10;-34.0;-300.42
22B0BB5F01CAED11A62CD892C0003F2A;44673735EAF46E11B7B78A650500BC08;2025-07-10;-2.0;-356.0
E2E6A4596315EE11B1AD10650500B8EA;44673735EAF46E11B7B78A650500BC08;2025-07-10;-2.0;-11600.0
9DCF5FB1CE0BEE1191EE1065050029B9;44673735EAF46E11B7B78A650500BC08;2025-07-10;-4.0;-145.84
5F0DA681721A8E11F243BB650500304B;44673735EAF46E11B7B78A650500BC08;2025-07-10;-12.0;-383.04
27FB9C94CC22AE11726010650500905A;44673735EAF46E11B7B78A650500BC08;2025-07-10;-2.0;-118.48
B32BCBD28E3CEE1191EE1065050029B9;44673735EAF46E11B7B78A650500BC08;2025-07-10;-2.0;-124.32
BD04127797B0FE1191EE10650500CAB9;44673735EAF46E11B7B78A650500BC08;2025-07-10;0.0;0.12000000000000455
5F2FDC1F45CF8E11F243BB650500084B;44673735EAF46E11B7B78A650500BC08;2025-07-10;-4.0;-143.24
73C9C6221A5EEE1191EE1065050029B9;44673735EAF46E11B7B78A650500BC08;2025-07-10;-2.0;-592.12
78FEE6875D456E11B7B78A650500BC08;44673735EAF46E11B7B78A650500BC08;2025-07-10;-2.0;-403.4
2F1DB0AE4BCA7E110819BB65050039AA;44673735EAF46E11B7B78A650500BC08;2025-07-10;-2.0;-720.0
BF08D97E2E130F114EF7A826072B7B89;44673735EAF46E11B7B78A650500BC08;2025-07-10;-8.0;-897.12
87862825BE06EE1191EE10650500A5B9;44673735EAF46E11B7B78A650500BC08;2025-07-10;-2.0;-371.58
1384E8CF89098E11F243BB650500EE3B;44673735EAF46E11B7B78A650500BC08;2025-07-10;-6.0;-539.22
140F4792AEEBCE11ADB310650500E4B8;44673735EAF46E11B7B78A650500BC08;2025-07-10;-4.0;-1389.56
C52352B9AC456E11B7B78A650500BC08;44673735EAF46E11B7B78A650500BC08;2025-07-10;-2.0;-143.14
7A883CA0EAD7CE11ADB3106505008FA8;44673735EAF46E11B7B78A650500BC08;2025-07-10;-4.0;-792.52
2A002C1DFCFA8E11F243BB650500614B;44673735EAF46E11B7B78A650500BC08;2025-07-10;-4.0;-985.6
ACB94D048C456E11B7B78A650500BC08;44673735EAF46E11B7B78A650500BC08;2025-07-10;-22.0;-4495.88
F93EE961BD889E11525010650500F84A;44673735EAF46E11B7B78A650500BC08;2025-07-10;-2.0;-94.0
955F44D691E58E11F243BB650500DA3B;44673735EAF46E11B7B78A650500BC08;2025-07-10;-2.0;-233.08
B3B65EB0E6568E11F243BB6505007B3B;44673735EAF46E11B7B78A650500BC08;2025-07-10;-8.0;-531.2
845AF0CF2D456E11B7B78A650500BC08;44673735EAF46E11B7B78A650500BC08;2025-07-10;-4.0;-87.84
7553833926FCDE11406610650500E54A;44673735EAF46E11B7B78A650500BC08;2025-07-10;-58.0;-14198.02
49C33C9DD6568E11F243BB6505007B3B;44673735EAF46E11B7B78A650500BC08;2025-07-10;-2.0;-69.7
6826B17C2C40EE114066106505004A4A;44673735EAF46E11B7B78A650500BC08;2025-07-10;-4.0;-648.0
4EF42E945BC7CE11ADB3106505007FA8;44673735EAF46E11B7B78A650500BC08;2025-07-10;-4.0;-1851.12
9C353FFC5D0A6E11B7B78A650500BC08;44673735EAF46E11B7B78A650500BC08;2025-07-10;-14.0;-1772.98
CFA666230657FE1191EE1065050073C9;44673735EAF46E11B7B78A650500BC08;2025-07-10;-8.0;-1000.92
CCD71EEB0080DE11ADB3106505004BB8;44673735EAF46E11B7B78A650500BC08;2025-07-10;-2.0;-104.82
C07BE0DB5D85DE11ADB31065050002C8;44673735EAF46E11B7B78A650500BC08;2025-07-10;-8.0;-199.6
B558885F7C8F6E11B7B78A650500CD08;44673735EAF46E11B7B78A650500BC08;2025-07-10;-2.0;-333.96
52BC0A2547FF4E1142D58A650500BC08;44673735EAF46E11B7B78A650500BC08;2025-07-10;-2.0;-25.24
76D402D754D6EE1191EE1065050096B9;44673735EAF46E11B7B78A650500BC08;2025-07-10;-2.0;-338.2
B713992A12238E117E64BB6505005BAA;44673735EAF46E11B7B78A650500BC08;2025-07-10;-4.0;-442.0
BB26CE10782DCE11ADB310650500A6B8;44673735EAF46E11B7B78A650500BC08;2025-07-10;-2.0;-400.0
89221F7F45CF8E11F243BB650500084B;44673735EAF46E11B7B78A650500BC08;2025-07-10;-2.0;-121.2
173B30535BEC9E11726010650500D94A;44673735EAF46E11B7B78A650500BC08;2025-07-10;-12.0;-1873.0
1A8B9C320EA98E11F243BB650500BF3B;44673735EAF46E11B7B78A650500BC08;2025-07-10;-2.0;-222.34
D6AD25AB066E9E11726010650500CB4A;44673735EAF46E11B7B78A650500BC08;2025-07-10;-6.0;-119.9
AD763336DF3FFE11F1557891FE695689;44673735EAF46E11B7B78A650500BC08;2025-07-10;-2.0;-175.42
70D93A8F390FEE1191EE1065050029B9;44673735EAF46E11B7B78A650500BC08;2025-07-10;-14.0;-122.72
ED0EA945B2EFFE11F1557891FE692789;44673735EAF46E11B7B78A650500BC08;2025-07-10;-2.0;-106.58
9F3453A763039E115540106505004C3B;44673735EAF46E11B7B78A650500BC08;2025-07-10;-2.0;-57.16
FD0C8FC2A5E05E1142D58A650500BC08;44673735EAF46E11B7B78A650500BC08;2025-07-10;-4.0;-449.12
BAA9F45553DB8E11F243BB650500724B;44673735EAF46E11B7B78A650500BC08;2025-07-10;-2.0;-390.7
0160728D653DDE11406610650500364A;44673735EAF46E11B7B78A650500BC08;2025-07-10;-4.0;-76.7
F9B60FEC21AD7E110819BB65050039AA;44673735EAF46E11B7B78A650500BC08;2025-07-10;-2.0;-288.34
D7815C9DA8FEFD11A4A96492C000DFF9;44673735EAF46E11B7B78A650500BC08;2025-07-10;-8.0;-729.0
2CA6300B8EEDBE118772106505000F59;44673735EAF46E11B7B78A650500BC08;2025-07-10;-4.0;-122.82
79DCBB3222010F11112A674AC7E2B889;44673735EAF46E11B7B78A650500BC08;2025-07-10;-2.0;-700.4
54E06E556AE66E11B7B78A650500BC08;44673735EAF46E11B7B78A650500BC08;2025-07-10;-10.0;-315.0
61C22ADD9505FE1191EE1065050070C9;44673735EAF46E11B7B78A650500BC08;2025-07-10;-6.0;-1033.74
5E9A218FB11A8E11F243BB650500304B;44673735EAF46E11B7B78A650500BC08;2025-07-10;-2.0;-60.82
B3356D0E4D456E11B7B78A650500BC08;44673735EAF46E11B7B78A650500BC08;2025-07-10;-2.0;-1406.4
BA763163F4CF8E11F243BB650500084B;44673735EAF46E11B7B78A650500BC08;2025-07-10;0.0;0.0
1D0611A96A23AE11726010650500D15A;44673735EAF46E11B7B78A650500BC08;2025-07-10;-4.0;-291.08
68101F5CBF36AE11BE2110650500F84A;44673735EAF46E11B7B78A650500BC08;2025-07-10;-2.0;-16890.36
7CB1D0A90662FD110DC22A92C0006778;44673735EAF46E11B7B78A650500BC08;2025-07-10;-10.0;-1026.0
D36DAF79DC758E113835BB6505005EAA;44673735EAF46E11B7B78A650500BC08;2025-07-10;-2.0;-730.0
DD48D97E2E130F114EF7A826072B7B89;44673735EAF46E11B7B78A650500BC08;2025-07-10;-4.0;-631.44
81DC225B5F7CBE118772106505003D59;44673735EAF46E11B7B78A650500BC08;2025-07-10;-2.0;-234.0
B72693E4CD456E11B7B78A650500BC08;44673735EAF46E11B7B78A650500BC08;2025-07-10;-2.0;-110.0
5668C9F5F5653E11052F6792C000FF39;44673735EAF46E11B7B78A650500BC08;2025-07-10;-2.0;-294.58
1B75E4DE5129DE11C84610650500D17A;44673735EAF46E11B7B78A650500BC08;2025-07-10;-2.0;-273.68
E29B72C890CAED11A62CD892C0003F2A;44673735EAF46E11B7B78A650500BC08;2025-07-10;-4.0;-1461.16
A9B33FB46923FE1191EE10650500FDB9;44673735EAF46E11B7B78A650500BC08;2025-07-10;-6.0;-209.04
2BC1D86E597BAE11BE21106505009F4A;44673735EAF46E11B7B78A650500BC08;2025-07-10;-8.0;-395.2
4125BA1279278E11F243BB6505008C3B;44673735EAF46E11B7B78A650500BC08;2025-07-10;-2.0;-140.74
129AA1DB5EB1FE1191EE106505001CB9;44673735EAF46E11B7B78A650500BC08;2025-07-10;-2.0;-1220.0
64AAC827D004FE1191EE106505001FB9;44673735EAF46E11B7B78A650500BC08;2025-07-10;-2.0;-160.54
A0B6F13AAB01AE117260106505002F4A;44673735EAF46E11B7B78A650500BC08;2025-07-10;-2.0;-2042.0
254CDF4C3C456E11B7B78A650500BC08;44673735EAF46E11B7B78A650500BC08;2025-07-10;-2.0;-144.6
9DF700B82D456E11B7B78A650500BC08;44673735EAF46E11B7B78A650500BC08;2025-07-10;-2.0;-74.28
1369BC08C1047E11B7B78A650500DD08;44673735EAF46E11B7B78A650500BC08;2025-07-10;-4.0;-243.24
2F3908E2FD18EE1191EE10650500F7B9;44673735EAF46E11B7B78A650500BC08;2025-07-10;-2.0;-711.62
8F54A13B64D9DE11406610650500B14A;44673735EAF46E11B7B78A650500BC08;2025-07-10;-2.0;-219.0
4B28DFED4E37FE1191EE1065050053C9;44673735EAF46E11B7B78A650500BC08;2025-07-10;-2.0;-216.1
D10D9F3F7628CE11ADB310650500EFA8;44673735EAF46E11B7B78A650500BC08;2025-07-10;-2.0;-93.0
C82762F77EEDBE118772106505000F59;44673735EAF46E11B7B78A650500BC08;2025-07-10;-4.0;-107.18
D2395E1B6628CE11ADB310650500EFA8;44673735EAF46E11B7B78A650500BC08;2025-07-10;-2.0;-485.0
73630C8ED431BE11BE2110650500E65A;44673735EAF46E11B7B78A650500BC08;2025-07-10;-8.0;-1052.0
A61096F35D456E11B7B78A650500BC08;44673735EAF46E11B7B78A650500BC08;2025-07-10;-4.0;-2557.56
1DEB5D8DD22BBE118772106505007B59;44673735EAF46E11B7B78A650500BC08;2025-07-10;-2.0;-124.2
B7CF39191BE66E11B7B78A650500BC08;44673735EAF46E11B7B78A650500BC08;2025-07-10;-40.0;-3036.0
C8311A5E272FFE11F1557891FE693689;44673735EAF46E11B7B78A650500BC08;2025-07-10;-2.0;-522.2
05B07C1A973C7E110819BB65050039AA;44673735EAF46E11B7B78A650500BC08;2025-07-10;-2.0;-174.4
CA44DB3AAF456E11B7B78A650500BC08;44673735EAF46E11B7B78A650500BC08;2025-07-10;-2.0;-1350.36
AEE572DBC475EE1191EE10650500D4B9;44673735EAF46E11B7B78A650500BC08;2025-07-10;-2.0;-4005.36
CF19A1BFCAD0FE1191EE10650500FAB9;44673735EAF46E11B7B78A650500BC08;2025-07-10;-2.0;-414.66
D41FDC38E2268E11F243BB6505003B3B;44673735EAF46E11B7B78A650500BC08;2025-07-10;-2.0;-157.22
58C998FFAB456E11B7B78A650500BC08;44673735EAF46E11B7B78A650500BC08;2025-07-10;-6.0;-94.32
87157365F6550F114EF7A826072B4E89;44673735EAF46E11B7B78A650500BC08;2025-07-10;-6.0;-7068.599999999999
C1A760CE1A7D2E11052F6792C000CF39;44673735EAF46E11B7B78A650500BC08;2025-07-10;-2.0;-162.8
41154C352D456E11B7B78A650500BC08;44673735EAF46E11B7B78A650500BC08;2025-07-10;-2.0;-578.8
6C94CAAF3C387E110819BB65050009AA;44673735EAF46E11B7B78A650500BC08;2025-07-10;-2.0;-220.9
2AFAE87F36696E11B7B78A650500BC08;44673735EAF46E11B7B78A650500BC08;2025-07-10;-2.0;-3260.0
498663DA28A47E11B7B78A650500ED08;44673735EAF46E11B7B78A650500BC08;2025-07-10;-2.0;-52.5
6DD43D174E358E113835BB6505000EAA;44673735EAF46E11B7B78A650500BC08;2025-07-10;-2.0;-66.74
530EDE7623900F11F1557891FE690889;44673735EAF46E11B7B78A650500BC08;2025-07-10;-2.0;-1062.0
743956F7E770BE11BE2110650500F55A;44673735EAF46E11B7B78A650500BC08;2025-07-10;-2.0;-21.46
5A3BA04BD042DE11ADB310650500BDB8;44673735EAF46E11B7B78A650500BC08;2025-07-10;-2.0;-371.9
558A0586E7EFCE11ADB3106505006AB8;44673735EAF46E11B7B78A650500BC08;2025-07-10;-2.0;-107.28
0317BE9F80E9DE11406610650500C14A;44673735EAF46E11B7B78A650500BC08;2025-07-10;-2.0;-242.0
7AF7E649E9456E11B7B78A650500BC08;44673735EAF46E11B7B78A650500BC08;2025-07-10;-2.0;-863.78
AF203DE8AC456E11B7B78A650500BC08;44673735EAF46E11B7B78A650500BC08;2025-07-10;-2.0;-852.92
DF2D93F567456E11B7B78A650500BC08;44673735EAF46E11B7B78A650500BC08;2025-07-10;-4.0;-43.24
AAB8EBD2BA488E11F243BB650500FD3B;44673735EAF46E11B7B78A650500BC08;2025-07-10;-2.0;-67.94
CBAF0DB7699D3E11052F6792C000D249;FC081C55582CED11A62CD892C0003F2A;2025-07-10;-2.0;-113.44
78A893E771593E11052F6792C000D249;FC081C55582CED11A62CD892C0003F2A;2025-07-10;-2.0;-501.70000000000005
28E6CE56807ABE118772106505009A59;FC081C55582CED11A62CD892C0003F2A;2025-07-10;-2.0;-625.94
1BDF92728C456E11B7B78A650500BC08;44673735EAF46E11B7B78A650500BC08;2025-07-10;2.0;256.8
