item_id;location_id;trans_date;qty;cost_amount
03C32697BBAF7E110819BB65050039AA;44673735EAF46E11B7B78A650500BC08;2025-05-17;-4.0;-1303.76
D23C8DE08959FE11128010650500E819;44673735EAF46E11B7B78A650500BC08;2025-05-17;-2.0;-170.6
02D91F32A8468E11F243BB6505006B3B;44673735EAF46E11B7B78A650500BC08;2025-05-17;-10.0;-1407.0
5C69F3F2372FFE11F1557891FE693689;44673735EAF46E11B7B78A650500BC08;2025-05-17;0.0;0.0
D932AAE8F9B00F11F1557891FE693889;44673735EAF46E11B7B78A650500BC08;2025-05-17;0.0;0.0
26ECE5A263458E113835BB6505000EAA;44673735EAF46E11B7B78A650500BC08;2025-05-17;0.0;0.0
89B650848CA7FE1191EE10650500E3C9;44673735EAF46E11B7B78A650500BC08;2025-05-17;0.0;0.0
0EA5CCCFD9456E11B7B78A650500BC08;44673735EAF46E11B7B78A650500BC08;2025-05-17;6.0;3513.96
7250D2FF807F6E11B7B78A650500CD08;44673735EAF46E11B7B78A650500BC08;2025-05-17;-10.0;-440.0
D8BAD8B11CA5FE1191EE1065050041C9;44673735EAF46E11B7B78A650500BC08;2025-05-17;30.0;6270.0
D181F66B1D456E11B7B78A650500BC08;44673735EAF46E11B7B78A650500BC08;2025-05-17;6.0;18810.0
3557D8CB1D456E11B7B78A650500BC08;44673735EAF46E11B7B78A650500BC08;2025-05-17;10.0;6674.0
6A29FA1D9B4D7E110819BB65050039AA;44673735EAF46E11B7B78A650500BC08;2025-05-17;0.0;0.0
D39154488769FE11128010650500E819;44673735EAF46E11B7B78A650500BC08;2025-05-17;0.0;0.0
BBC6B69694310F11112A674AC7E2F889;44673735EAF46E11B7B78A650500BC08;2025-05-17;12.0;8100.0
27B6AB2EE1F60E11A4A96492C0007BF8;44673735EAF46E11B7B78A650500BC08;2025-05-17;0.0;0.0
C12B8D2D066E9E11726010650500CB4A;44673735EAF46E11B7B78A650500BC08;2025-05-17;0.0;0.0
92DD6BBC72FCBE11877210650500CD59;44673735EAF46E11B7B78A650500BC08;2025-05-17;0.0;0.0
9C978DEAF50BAE11BE21106505000F4A;44673735EAF46E11B7B78A650500BC08;2025-05-17;0.0;0.0
57D85249D74BCE11ADB31065050014B8;44673735EAF46E11B7B78A650500BC08;2025-05-17;0.0;0.0
07A38B5000256E11B7B78A650500BC08;44673735EAF46E11B7B78A650500BC08;2025-05-17;0.0;0.0
EDA12473EC52EE11406610650500FC4A;FC081C55582CED11A62CD892C0003F2A;2025-05-17;4.0;4651.6
D90C4CF61680BE11BE2110650500065A;44673735EAF46E11B7B78A650500BC08;2025-05-17;4.0;755.44
BC670700E0CAED11A62CD892C0003F2A;44673735EAF46E11B7B78A650500BC08;2025-05-17;8.0;756.0
64994F8EA0CAED11A62CD892C0003F2A;44673735EAF46E11B7B78A650500BC08;2025-05-17;8.0;8342.4
E0901BA990638E111E1BBB650500BBAA;FC081C55582CED11A62CD892C0003F2A;2025-05-17;12.0;1069.44
ADDDFBFC90638E111E1BBB650500BBAA;FC081C55582CED11A62CD892C0003F2A;2025-05-17;24.0;2138.86
097104EEE0638E111E1BBB650500BBAA;FC081C55582CED11A62CD892C0003F2A;2025-05-17;16.0;1608.28
B0A4DB5DF3B89E11525010650500294A;B0BDDED34CC83E11052F6792C000B249;2025-05-17;4.0;462.18
5A065A064CB4AE11726010650500D35A;B0BDDED34CC83E11052F6792C000B249;2025-05-17;6.0;475.64
7BFBD00B6CB4AE11726010650500D35A;B0BDDED34CC83E11052F6792C000B249;2025-05-17;6.0;534.72
310435D660638E111E1BBB650500BBAA;B0BDDED34CC83E11052F6792C000B249;2025-05-17;4.0;366.84
ADDDFBFC90638E111E1BBB650500BBAA;44673735EAF46E11B7B78A650500BC08;2025-05-17;4.0;356.48
27DAC997E0638E111E1BBB650500BBAA;44673735EAF46E11B7B78A650500BC08;2025-05-17;10.0;979.28
85E157A0BD889E11525010650500F84A;44673735EAF46E11B7B78A650500BC08;2025-05-17;4.0;2744.0
D2655581538E6E11B7B78A6505003D08;44673735EAF46E11B7B78A650500BC08;2025-05-17;2.0;3066.0
9C1A727DB40BAE11BE21106505000F4A;44673735EAF46E11B7B78A650500BC08;2025-05-17;-4.0;-326.0
3B0102094C456E11B7B78A650500BC08;44673735EAF46E11B7B78A650500BC08;2025-05-17;-4.0;-180.3
47173396E9456E11B7B78A650500BC08;44673735EAF46E11B7B78A650500BC08;2025-05-17;-2.0;-349.2
B5DDEA8ABDA86E11B7B78A650500BC08;44673735EAF46E11B7B78A650500BC08;2025-05-17;-6.0;-89.64
28CA0A597727CE11ADB310650500AEA8;44673735EAF46E11B7B78A650500BC08;2025-05-17;-16.0;-960.0
8A701AEF5D94DE11ADB310650500D0C8;44673735EAF46E11B7B78A650500BC08;2025-05-17;-2.0;-177.42
7904541A2E456E11B7B78A650500BC08;44673735EAF46E11B7B78A650500BC08;2025-05-17;-12.0;-2196.0
E3B4BA3ED4BBEE1191EE1065050029B9;44673735EAF46E11B7B78A650500BC08;2025-05-17;-2.0;-314.0
E52042924E456E11B7B78A650500BC08;44673735EAF46E11B7B78A650500BC08;2025-05-17;-4.0;-3872.0
7E3843D18D456E11B7B78A650500BC08;44673735EAF46E11B7B78A650500BC08;2025-05-17;-6.0;-252.0
6881A0412392BE11BE2110650500A85A;44673735EAF46E11B7B78A650500BC08;2025-05-17;-2.0;-140.1
BD869B30FB03EE11B1AD1065050026EA;44673735EAF46E11B7B78A650500BC08;2025-05-17;-2.0;-163.2
85EE29ED3C456E11B7B78A650500BC08;44673735EAF46E11B7B78A650500BC08;2025-05-17;-12.0;-785.4
31FC1AA44C456E11B7B78A650500BC08;44673735EAF46E11B7B78A650500BC08;2025-05-17;-20.0;-964.32
D35E9808D3BC3E11052F6792C000D249;44673735EAF46E11B7B78A650500BC08;2025-05-17;-24.0;-1693.44
9B82D4E74AAEBE11877210650500FF59;44673735EAF46E11B7B78A650500BC08;2025-05-17;-4.0;-1187.08
C000819A08FCFD11A4A96492C000CB59;44673735EAF46E11B7B78A650500BC08;2025-05-17;-8.0;-1017.84
25B08DAEE8ED9E117260106505001B4A;44673735EAF46E11B7B78A650500BC08;2025-05-17;-2.0;-408.0
95F8B34734885E1142D58A650500DC08;44673735EAF46E11B7B78A650500BC08;2025-05-17;-8.0;-176.0
52B5BE6D667F8E11F243BB650500A74B;44673735EAF46E11B7B78A650500BC08;2025-05-17;-6.0;-120.62
350455582F36AE11BE2110650500F84A;44673735EAF46E11B7B78A650500BC08;2025-05-17;-2.0;-826.0
B28381DCEB387E110819BB65050009AA;44673735EAF46E11B7B78A650500BC08;2025-05-17;-10.0;-545.9000000000001
DF027D0BFD456E11B7B78A650500BC08;44673735EAF46E11B7B78A650500BC08;2025-05-17;-6.0;-3864.0
3F1BA1E07803CE118772106505008569;44673735EAF46E11B7B78A650500BC08;2025-05-17;-16.0;-2568.0
79F58DB5AC456E11B7B78A650500BC08;44673735EAF46E11B7B78A650500BC08;2025-05-17;-2.0;-219.52
C2BBC60CD621AE117260106505004F4A;44673735EAF46E11B7B78A650500BC08;2025-05-17;-42.0;-3307.5
0152F80946A27E11B7B78A650500DD08;44673735EAF46E11B7B78A650500BC08;2025-05-17;-10.0;-814.0
49C1EFE6AC456E11B7B78A650500BC08;44673735EAF46E11B7B78A650500BC08;2025-05-17;-2.0;-278.62
E1B1B1688DC4FD110DC22A92C0009D7B;44673735EAF46E11B7B78A650500BC08;2025-05-17;-2.0;-324.0
FCEB5D8DD22BBE118772106505007B59;44673735EAF46E11B7B78A650500BC08;2025-05-17;-2.0;-124.2
48E8A4672BA18E11996DBB65050059AA;44673735EAF46E11B7B78A650500BC08;2025-05-17;-4.0;-92.0
A76D0C37BBB1EE114066106505001C4A;44673735EAF46E11B7B78A650500BC08;2025-05-17;-2.0;-306.14
EBD25A6E878E8E11F243BB650500764B;44673735EAF46E11B7B78A650500BC08;2025-05-17;-2.0;-188.68
08329A0F46CCDE11406610650500A54A;44673735EAF46E11B7B78A650500BC08;2025-05-17;-14.0;-403.7
708F9F968C7BDE11406610650500F34A;44673735EAF46E11B7B78A650500BC08;2025-05-17;-4.0;-20.0
CCC810633392BE11BE2110650500A85A;44673735EAF46E11B7B78A650500BC08;2025-05-17;-8.0;-793.86
92A7E82465FE6E11B7B78A650500BD08;44673735EAF46E11B7B78A650500BC08;2025-05-17;-2.0;-4960.0
5DA6B3586D4DDE11406610650500564A;44673735EAF46E11B7B78A650500BC08;2025-05-17;-4.0;-265.0
9C1F9EEEDD500F11F1557891FE69C789;44673735EAF46E11B7B78A650500BC08;2025-05-17;-4.0;-65.9
59221F7F45CF8E11F243BB650500084B;44673735EAF46E11B7B78A650500BC08;2025-05-17;-2.0;-48.26
CE2FDC1F45CF8E11F243BB650500084B;44673735EAF46E11B7B78A650500BC08;2025-05-17;-4.0;-158.74
2833DEC810CAED11A62CD892C0003F2A;44673735EAF46E11B7B78A650500BC08;2025-05-17;-2.0;-136.74
441B06FC2DC0FE1191EE10650500EAB9;44673735EAF46E11B7B78A650500BC08;2025-05-17;-2.0;-270.34
E6FF777646ED9E117260106505001B4A;44673735EAF46E11B7B78A650500BC08;2025-05-17;-2.0;-1002.08
8D4661905980FE1191EE106505008AB9;44673735EAF46E11B7B78A650500BC08;2025-05-17;-4.0;-617.2
70ACAEB805B4DE11ADB310650500F0C8;44673735EAF46E11B7B78A650500BC08;2025-05-17;-4.0;-232.32
CE203DE8AC456E11B7B78A650500BC08;44673735EAF46E11B7B78A650500BC08;2025-05-17;-2.0;-139.36
6A2AC696D270DE11ADB3106505003BB8;44673735EAF46E11B7B78A650500BC08;2025-05-17;-2.0;-383.0
6724133ED547DE11C846106505007F6A;44673735EAF46E11B7B78A650500BC08;2025-05-17;-2.0;-126.36
0B0FC5A2EBFCAE11BE2110650500815A;44673735EAF46E11B7B78A650500BC08;2025-05-17;-8.0;-408.0
0655E6BD653DDE11406610650500364A;44673735EAF46E11B7B78A650500BC08;2025-05-17;-4.0;-99.96
FD4A76D36D7DBE118772106505007E59;44673735EAF46E11B7B78A650500BC08;2025-05-17;-4.0;-316.0
625D4ABE566ACE11ADB310650500D2B8;44673735EAF46E11B7B78A650500BC08;2025-05-17;-2.0;-417.9
4B2267EF3C456E11B7B78A650500BC08;44673735EAF46E11B7B78A650500BC08;2025-05-17;-4.0;-507.88
3D5B1FA2EC456E11B7B78A650500BC08;44673735EAF46E11B7B78A650500BC08;2025-05-17;-2.0;-4080.0
8D51B697D7A5DE11ADB31065050022C8;44673735EAF46E11B7B78A650500BC08;2025-05-17;-2.0;-529.56
610D0F358C456E11B7B78A650500BC08;44673735EAF46E11B7B78A650500BC08;2025-05-17;-2.0;-373.84
5A46488003B6FE1191EE1065050092C9;44673735EAF46E11B7B78A650500BC08;2025-05-17;-2.0;-374.66
98F276303C456E11B7B78A650500BC08;44673735EAF46E11B7B78A650500BC08;2025-05-17;-6.0;-1554.5800000000002
5019CA742392BE11BE2110650500A85A;44673735EAF46E11B7B78A650500BC08;2025-05-17;-2.0;-106.84
9F6F5A0917F37E11B7B78A650500DD08;44673735EAF46E11B7B78A650500BC08;2025-05-17;-4.0;-144.64
3D62BD8A40BB3E11052F6792C000D249;44673735EAF46E11B7B78A650500BC08;2025-05-17;-6.0;-224.28
8BED8D0E0E809E11F243BB650500094B;44673735EAF46E11B7B78A650500BC08;2025-05-17;-2.0;-195.0
13F61B4B9D456E11B7B78A650500BC08;44673735EAF46E11B7B78A650500BC08;2025-05-17;-8.0;-349.68
2F5A348C92E0DE11ADB310650500DBB8;44673735EAF46E11B7B78A650500BC08;2025-05-17;-2.0;-170.5
F66036F7D7A5DE11ADB31065050022C8;44673735EAF46E11B7B78A650500BC08;2025-05-17;-2.0;-1529.96
BB53269FE2F17E11B7B78A650500CD08;44673735EAF46E11B7B78A650500BC08;2025-05-17;-2.0;-420.02
5C05BE8D066E9E11726010650500CB4A;44673735EAF46E11B7B78A650500BC08;2025-05-17;-2.0;-25.6
B165459B3E456E11B7B78A650500BC08;44673735EAF46E11B7B78A650500BC08;2025-05-17;-2.0;-514.0
0F6DB67225A2DE11ADB3106505003EB8;44673735EAF46E11B7B78A650500BC08;2025-05-17;-2.0;-1497.12
101278302E456E11B7B78A650500BC08;44673735EAF46E11B7B78A650500BC08;2025-05-17;-2.0;-190.74
3C281BA39E7F6E11B7B78A650500CD08;44673735EAF46E11B7B78A650500BC08;2025-05-17;-4.0;-2566.92
6FC8FBA81E456E11B7B78A650500BC08;44673735EAF46E11B7B78A650500BC08;2025-05-17;-2.0;-873.18
38D45E0FB6197E110819BB65050009AA;44673735EAF46E11B7B78A650500BC08;2025-05-17;-6.0;-229.02
ED20BEB6104FFE11F1557891FE695689;44673735EAF46E11B7B78A650500BC08;2025-05-17;-2.0;-24.36
7B16E1512D456E11B7B78A650500BC08;44673735EAF46E11B7B78A650500BC08;2025-05-17;-102.0;-11526.0
EF55FF554667BE11877210650500B659;44673735EAF46E11B7B78A650500BC08;2025-05-17;-6.0;-783.0
08B3550DFBAB7E110819BB65050039AA;44673735EAF46E11B7B78A650500BC08;2025-05-17;-4.0;-493.08
6F0205420B12CE118772106505005469;44673735EAF46E11B7B78A650500BC08;2025-05-17;-6.0;-12600.0
5E4A76D36D7DBE118772106505007E59;44673735EAF46E11B7B78A650500BC08;2025-05-17;-2.0;-166.0
6BA9E73FE0EBDE11406610650500744A;44673735EAF46E11B7B78A650500BC08;2025-05-17;-2.0;-106.42
2C754762F0CAED11A62CD892C0003F2A;44673735EAF46E11B7B78A650500BC08;2025-05-17;-6.0;-582.0
416A4DDEFBB87E110819BB65050009AA;44673735EAF46E11B7B78A650500BC08;2025-05-17;-2.0;-841.1
6930DB3D653DDE11406610650500364A;44673735EAF46E11B7B78A650500BC08;2025-05-17;-10.0;-1124.5
4E53DCFD9F25FE1191EE10650500A0C9;44673735EAF46E11B7B78A650500BC08;2025-05-17;-4.0;-267.76
EFAF7C05B11ADE11406610650500024A;44673735EAF46E11B7B78A650500BC08;2025-05-17;-2.0;-2699.74
74F15F890080DE11ADB3106505004BB8;44673735EAF46E11B7B78A650500BC08;2025-05-17;-2.0;-104.82
57A42F9AC5A7CE11ADB3106505004FA8;44673735EAF46E11B7B78A650500BC08;2025-05-17;-4.0;-559.22
018AA5F4F9D2DE11ADB3106505007EB8;44673735EAF46E11B7B78A650500BC08;2025-05-17;-20.0;-7480.0
8F203DE8AC456E11B7B78A650500BC08;44673735EAF46E11B7B78A650500BC08;2025-05-17;-4.0;-2151.98
1D6C4738015AEE1191EE1065050009B9;44673735EAF46E11B7B78A650500BC08;2025-05-17;-4.0;-581.92
C5DC24DD1E456E11B7B78A650500BC08;44673735EAF46E11B7B78A650500BC08;2025-05-17;-2.0;-214.84
6B5A9432AC456E11B7B78A650500BC08;44673735EAF46E11B7B78A650500BC08;2025-05-17;-4.0;-731.0
428F3442662BDE11406610650500734A;44673735EAF46E11B7B78A650500BC08;2025-05-17;-2.0;-396.0
AF4510B9CFE34E1142D58A6505002C08;44673735EAF46E11B7B78A650500BC08;2025-05-17;-2.0;-78.68
DEE17EB58CBFAE11BE2110650500055A;44673735EAF46E11B7B78A650500BC08;2025-05-17;-4.0;-357.0
B3B5C79CB6B8BE118772106505006859;44673735EAF46E11B7B78A650500BC08;2025-05-17;-10.0;-790.0
631E9DB11A278E11F243BB6505008C3B;44673735EAF46E11B7B78A650500BC08;2025-05-17;-4.0;-319.16
1BE7596EADE1FE1191EE106505005CB9;44673735EAF46E11B7B78A650500BC08;2025-05-17;-4.0;-782.16
87679A3C4752CE11877210650500A469;44673735EAF46E11B7B78A650500BC08;2025-05-17;-4.0;-857.2
4531BE2C4933BE11BE2110650500795A;44673735EAF46E11B7B78A650500BC08;2025-05-17;-2.0;-25.74
2059E1B346A27E11B7B78A650500DD08;44673735EAF46E11B7B78A650500BC08;2025-05-17;-2.0;-56.4
CBC572DB55137E11B7B78A650500DD08;44673735EAF46E11B7B78A650500BC08;2025-05-17;-10.0;-1293.54
22D840504C456E11B7B78A650500BC08;44673735EAF46E11B7B78A650500BC08;2025-05-17;-4.0;-892.72
0FAE62918728DE11C84610650500907A;44673735EAF46E11B7B78A650500BC08;2025-05-17;-2.0;-45.08
E92E9FD6C541DE11ADB3106505007CB8;44673735EAF46E11B7B78A650500BC08;2025-05-17;-4.0;-590.52
63D7AEDF6592FE1191EE106505002DB9;44673735EAF46E11B7B78A650500BC08;2025-05-17;-2.0;-196.24
358C6247FE907E11B7B78A650500CD08;44673735EAF46E11B7B78A650500BC08;2025-05-17;-2.0;-946.0
0826518B3C456E11B7B78A650500BC08;44673735EAF46E11B7B78A650500BC08;2025-05-17;-2.0;-358.7
61A760CE1A7D2E11052F6792C000CF39;44673735EAF46E11B7B78A650500BC08;2025-05-17;-2.0;-420.4
7C43D3CD6EC7CE11ADB3106505007FA8;44673735EAF46E11B7B78A650500BC08;2025-05-17;-200.0;-6186.9
835D665BE8EEBE118772106505004069;44673735EAF46E11B7B78A650500BC08;2025-05-17;-2.0;-13.8
64990EFE31EBDE11406610650500744A;44673735EAF46E11B7B78A650500BC08;2025-05-17;-2.0;-232.44
4BA640C56AE66E11B7B78A650500BC08;44673735EAF46E11B7B78A650500BC08;2025-05-17;-14.0;-440.78000000000003
19D45E0FB6197E110819BB65050009AA;44673735EAF46E11B7B78A650500BC08;2025-05-17;-2.0;-127.44
498E84EBBD1EFE11F1557891FE69E489;44673735EAF46E11B7B78A650500BC08;2025-05-17;-2.0;-139.0
C3193B0A16653E11052F6792C000FF39;44673735EAF46E11B7B78A650500BC08;2025-05-17;-2.0;-89.82
720451538440FE1191EE106505003AB9;44673735EAF46E11B7B78A650500BC08;2025-05-17;-2.0;-2239.58
C7C9FD12FAD7CE11ADB3106505008FA8;44673735EAF46E11B7B78A650500BC08;2025-05-17;-2.0;-160.88
859D31FB04C9DE11406610650500A14A;44673735EAF46E11B7B78A650500BC08;2025-05-17;-4.0;-709.24
9537D63E3E8DDE11406610650500A64A;44673735EAF46E11B7B78A650500BC08;2025-05-17;-4.0;-349.12
429562EC04537E11B7B78A650500DD08;44673735EAF46E11B7B78A650500BC08;2025-05-17;-4.0;-446.44
62AAAF589EEDBE118772106505000F59;44673735EAF46E11B7B78A650500BC08;2025-05-17;-4.0;-139.36
13A6900F46CCDE11406610650500A54A;44673735EAF46E11B7B78A650500BC08;2025-05-17;-6.0;-141.76
25AF22B8A524FE1191EE106505004FB9;44673735EAF46E11B7B78A650500BC08;2025-05-17;-4.0;-6174.8
29C49C3FF34EFE11F1557891FE691589;44673735EAF46E11B7B78A650500BC08;2025-05-17;-2.0;-583.08
F3567A8F2E456E11B7B78A650500BC08;44673735EAF46E11B7B78A650500BC08;2025-05-17;-2.0;-252.0
FC78977AAEEDBE118772106505000F59;44673735EAF46E11B7B78A650500BC08;2025-05-17;-6.0;-276.48
0BB22E7B3A95DE11ADB31065050012C8;44673735EAF46E11B7B78A650500BC08;2025-05-17;-2.0;-285.64
7551B2D8EEF9FE11128010650500E819;44673735EAF46E11B7B78A650500BC08;2025-05-17;-2.0;-102.0
82E611BC0C5CCE11ADB31065050095B8;44673735EAF46E11B7B78A650500BC08;2025-05-17;-4.0;-4807.92
A32AB93B390FEE1191EE1065050029B9;44673735EAF46E11B7B78A650500BC08;2025-05-17;-120.0;-1269.7
E42F2727A0651E1143F0668E4200EE89;44673735EAF46E11B7B78A650500BC08;2025-05-17;-8.0;-739.2
6656CF6B811FCE11ADB31065050029B8;44673735EAF46E11B7B78A650500BC08;2025-05-17;-2.0;-630.0
85BC61C3E9456E11B7B78A650500BC08;44673735EAF46E11B7B78A650500BC08;2025-05-17;-2.0;-732.72
8D5DCC831C679E11554010650500024B;44673735EAF46E11B7B78A650500BC08;2025-05-17;-2.0;-2823.42
73A27077F555BE11BE21106505002C5A;44673735EAF46E11B7B78A650500BC08;2025-05-17;-8.0;-1506.32
9EDD2505684CEE1191EE1065050029B9;44673735EAF46E11B7B78A650500BC08;2025-05-17;-2.0;-416.24
896B84CED87C8E11F243BB650500A34B;44673735EAF46E11B7B78A650500BC08;2025-05-17;-2.0;-123.2
F76C2435AF287E110819BB65050009AA;44673735EAF46E11B7B78A650500BC08;2025-05-17;-2.0;-956.36
87C9FB600BC47E11B7B78A650500ED08;44673735EAF46E11B7B78A650500BC08;2025-05-17;-6.0;-704.64
E1E2A38201CAED11A62CD892C0003F2A;FC081C55582CED11A62CD892C0003F2A;2025-05-17;-6.0;-217.34
D3EA427F81CAED11A62CD892C0003F2A;FC081C55582CED11A62CD892C0003F2A;2025-05-17;-6.0;-300.0
16DA0D9435E9AE11BE21106505009D4A;FC081C55582CED11A62CD892C0003F2A;2025-05-17;-2.0;-221.1
33756B0DA1CAED11A62CD892C0003F2A;FC081C55582CED11A62CD892C0003F2A;2025-05-17;-4.0;-456.24
CA347896378B3E11052F6792C000D249;FC081C55582CED11A62CD892C0003F2A;2025-05-17;-2.0;-113.1
4397BF6A01CAED11A62CD892C0003F2A;FC081C55582CED11A62CD892C0003F2A;2025-05-17;-8.0;-1019.62
14D35AD7B5F5FE1191EE10650500A1C9;FC081C55582CED11A62CD892C0003F2A;2025-05-17;-8.0;-1244.36
A0B399341B6C8E11F243BB650500734B;FC081C55582CED11A62CD892C0003F2A;2025-05-17;-2.0;-268.0
77E356BEF513CE118772106505009569;FC081C55582CED11A62CD892C0003F2A;2025-05-17;-2.0;-2706.2
343D0636E8F19E11554010650500DA3B;FC081C55582CED11A62CD892C0003F2A;2025-05-17;-8.0;-924.0
87CFDEA7CE645E1142D58A650500DC08;FC081C55582CED11A62CD892C0003F2A;2025-05-17;-8.0;-1023.12
B0B7EDD1F0CAED11A62CD892C0003F2A;FC081C55582CED11A62CD892C0003F2A;2025-05-17;-4.0;-698.56
DC6B71C5A4EE4E1142D58A650500BC08;FC081C55582CED11A62CD892C0003F2A;2025-05-17;-2.0;-661.24
3C2117273771DE11ADB310650500BCB8;FC081C55582CED11A62CD892C0003F2A;2025-05-17;-2.0;-277.14
5547DBC607F1DE11ADB3106505005DB8;FC081C55582CED11A62CD892C0003F2A;2025-05-17;-8.0;-857.84
ABA90CDB0321DE11ADB3106505003CB8;FC081C55582CED11A62CD892C0003F2A;2025-05-17;-2.0;-114.0
C87185B804B0EE11406610650500CA4A;FC081C55582CED11A62CD892C0003F2A;2025-05-17;-2.0;-399.34
71917AB011CAED11A62CD892C0003F2A;FC081C55582CED11A62CD892C0003F2A;2025-05-17;-2.0;-870.02
FAB6FA5DD1789E11525010650500D84A;FC081C55582CED11A62CD892C0003F2A;2025-05-17;-2.0;-61.7
13AEA4E0A815FD110DC22A92C0009D7B;FC081C55582CED11A62CD892C0003F2A;2025-05-17;-2.0;-266.7
E1B1B1688DC4FD110DC22A92C0009D7B;FC081C55582CED11A62CD892C0003F2A;2025-05-17;-6.0;-976.5799999999999
812941678371FE1191EE10650500BBB9;FC081C55582CED11A62CD892C0003F2A;2025-05-17;-2.0;-137.9
F5C36E0D7D79FE11128010650500E819;FC081C55582CED11A62CD892C0003F2A;2025-05-17;-10.0;-678.6400000000001
A3E510C0DE2DBE118772106505001E59;FC081C55582CED11A62CD892C0003F2A;2025-05-17;-10.0;-876.8199999999999
A457695CA7600E11A4A96492C0002019;FC081C55582CED11A62CD892C0003F2A;2025-05-17;-2.0;-295.72
FC325FC5C8E9FD11A4A96492C0006F3B;FC081C55582CED11A62CD892C0003F2A;2025-05-17;-2.0;-274.62
0F0F9644B7F6FD110DC22A92C000D158;FC081C55582CED11A62CD892C0003F2A;2025-05-17;-2.0;-501.84
DB3E818302CAED11A62CD892C0003F2A;FC081C55582CED11A62CD892C0003F2A;2025-05-17;-6.0;-465.24
F9301C8933817E11B7B78A650500CD08;FC081C55582CED11A62CD892C0003F2A;2025-05-17;-40.0;-2840.0
949188B43CE76E11B7B78A650500BC08;FC081C55582CED11A62CD892C0003F2A;2025-05-17;-4.0;-509.76
1677E18812E1FE1191EE106505004CB9;FC081C55582CED11A62CD892C0003F2A;2025-05-17;-2.0;-161.46
DE0C32053533FE1191EE106505000EB9;FC081C55582CED11A62CD892C0003F2A;2025-05-17;-4.0;-473.72
07AA95D2BC1EFE11F1557891FE69E489;FC081C55582CED11A62CD892C0003F2A;2025-05-17;-6.0;-515.7
341D2C1F68DDCE11ADB31065050097B8;FC081C55582CED11A62CD892C0003F2A;2025-05-17;-2.0;-63.74
418E07A3698DFE11F1557891FE692489;FC081C55582CED11A62CD892C0003F2A;2025-05-17;-2.0;-116.96
4719182F55FDFE11F1557891FE69B489;FC081C55582CED11A62CD892C0003F2A;2025-05-17;-8.0;-553.04
FF6785D8D0CAED11A62CD892C0003F2A;FC081C55582CED11A62CD892C0003F2A;2025-05-17;-8.0;-1880.04
705FBD247D4DDE11406610650500564A;FC081C55582CED11A62CD892C0003F2A;2025-05-17;-2.0;-317.06
F78C154EEB0AFE11128010650500E819;FC081C55582CED11A62CD892C0003F2A;2025-05-17;-2.0;-507.6
50C5BD4522606E1142D58A650500AD08;FC081C55582CED11A62CD892C0003F2A;2025-05-17;-10.0;-704.8000000000001
A80126D238B18E11A442BB65050079AA;FC081C55582CED11A62CD892C0003F2A;2025-05-17;-4.0;-209.18
10BE54996DBFAE11BE2110650500055A;FC081C55582CED11A62CD892C0003F2A;2025-05-17;-4.0;-115.58
9BCB790A8616CE11ADB3106505007DA8;FC081C55582CED11A62CD892C0003F2A;2025-05-17;-4.0;-572.7
88FEEB7BF093FE1191EE106505008EB9;FC081C55582CED11A62CD892C0003F2A;2025-05-17;-4.0;-387.68
2489CCD7C9BF0E1123F0668E42005B38;FC081C55582CED11A62CD892C0003F2A;2025-05-17;-14.0;-327.74
DD61E765B8AFDE11406610650500794A;FC081C55582CED11A62CD892C0003F2A;2025-05-17;-2.0;-48.72
07E3C8804B4ECE11ADB31065050028B8;FC081C55582CED11A62CD892C0003F2A;2025-05-17;-2.0;-68.4
5D804CB5FC30DE11ADB310650500EAB8;FC081C55582CED11A62CD892C0003F2A;2025-05-17;-2.0;-298.0
851882FFBBE1EE114066106505006C4A;FC081C55582CED11A62CD892C0003F2A;2025-05-17;-2.0;-54.94
3CADC9CBAB74EE11B1AD10650500F7EA;FC081C55582CED11A62CD892C0003F2A;2025-05-17;-4.0;-77.68
3790516A93C1CE11877210650500E369;FC081C55582CED11A62CD892C0003F2A;2025-05-17;-8.0;-331.92
3794A1E9BDB88E11F243BB6505008E3B;FC081C55582CED11A62CD892C0003F2A;2025-05-17;-2.0;-100.08
2EA318B4ACE7CE11ADB3106505009FA8;FC081C55582CED11A62CD892C0003F2A;2025-05-17;-4.0;-82.94
E3EF7857E85FFE11F1557891FE697689;FC081C55582CED11A62CD892C0003F2A;2025-05-17;-14.0;-19.48
DF80B09993C1CE11877210650500E369;FC081C55582CED11A62CD892C0003F2A;2025-05-17;-2.0;-115.14
3F60A6B2DBB1EE114066106505001C4A;FC081C55582CED11A62CD892C0003F2A;2025-05-17;-4.0;-279.88
02179974645AEE1191EE1065050009B9;FC081C55582CED11A62CD892C0003F2A;2025-05-17;-4.0;-210.56
7F3218E21E3CEE1191EE1065050029B9;FC081C55582CED11A62CD892C0003F2A;2025-05-17;-2.0;-122.08
585861624991FE1191EE10650500EBB9;FC081C55582CED11A62CD892C0003F2A;2025-05-17;-2.0;-86.22
504A30C44D30DE11ADB310650500EAB8;FC081C55582CED11A62CD892C0003F2A;2025-05-17;-2.0;-209.74
0C6AAFAF618EEE1191EE1065050029B9;FC081C55582CED11A62CD892C0003F2A;2025-05-17;-2.0;-490.88
02EF16A58B50EE114066106505005A4A;FC081C55582CED11A62CD892C0003F2A;2025-05-17;-2.0;-59.18
7E4C612B51FBEE1191EE1065050029B9;FC081C55582CED11A62CD892C0003F2A;2025-05-17;-2.0;-81.96
0D89B04A6BBD3E11052F6792C000D249;FC081C55582CED11A62CD892C0003F2A;2025-05-17;-20.0;-137.92
6B2BC560D62EEE1191EE1065050029B9;FC081C55582CED11A62CD892C0003F2A;2025-05-17;-8.0;-583.06
8B38662D9B3FDE11406610650500E84A;FC081C55582CED11A62CD892C0003F2A;2025-05-17;-2.0;-113.52
5D706C14D1E7EE1191EE10650500A7B9;FC081C55582CED11A62CD892C0003F2A;2025-05-17;-6.0;-6.34
5026AD56EF73EE11B1AD10650500B6EA;FC081C55582CED11A62CD892C0003F2A;2025-05-17;-10.0;-609.9
8DE9E75B2FF8AE11BE21106505007C4A;FC081C55582CED11A62CD892C0003F2A;2025-05-17;-4.0;-164.32
DCA9CF4E6BBD3E11052F6792C000D249;FC081C55582CED11A62CD892C0003F2A;2025-05-17;-2.0;-30.14
405830055A8FBE118772106505001169;FC081C55582CED11A62CD892C0003F2A;2025-05-17;-6.0;-35.4
D01D9B6F8166DE11ADB31065050013C8;FC081C55582CED11A62CD892C0003F2A;2025-05-17;-2.0;-65.58
B1A79A2B51FBEE1191EE1065050029B9;FC081C55582CED11A62CD892C0003F2A;2025-05-17;-2.0;-72.52
5495EDEE71BFFE11F1557891FE69E689;FC081C55582CED11A62CD892C0003F2A;2025-05-17;-2.0;-35.82
964FBDCA51FBEE1191EE1065050029B9;FC081C55582CED11A62CD892C0003F2A;2025-05-17;-2.0;-239.72
7ED3EEC93EAFFE11F1557891FE69E689;FC081C55582CED11A62CD892C0003F2A;2025-05-17;-2.0;-15.54
BFAD595CE1C67E11B7B78A650500ED08;FC081C55582CED11A62CD892C0003F2A;2025-05-17;-4.0;-243.08
BCDCCA4663949E115540106505004E3B;FC081C55582CED11A62CD892C0003F2A;2025-05-17;-2.0;-4278.28
A2D9AD8BFEF0EE114066106505002B4A;FC081C55582CED11A62CD892C0003F2A;2025-05-17;-2.0;-251.52
3DB32C6CA5934E1142D58A6505002C08;FC081C55582CED11A62CD892C0003F2A;2025-05-17;-2.0;-589.12
888B3B0BF1CAED11A62CD892C0003F2A;FC081C55582CED11A62CD892C0003F2A;2025-05-17;-2.0;-181.72
D23CCBB77CB0DE11ADB3106505009BB8;FC081C55582CED11A62CD892C0003F2A;2025-05-17;-2.0;-557.78
90B78BECD6DEEE1191EE1065050029B9;FC081C55582CED11A62CD892C0003F2A;2025-05-17;-2.0;-382.22
828851DC58B13E11052F6792C000CF39;FC081C55582CED11A62CD892C0003F2A;2025-05-17;-2.0;-152.22
DF4393504DEAAE11BE2110650500EE4A;FC081C55582CED11A62CD892C0003F2A;2025-05-17;-2.0;-50.18
180519DFC0CAED11A62CD892C0003F2A;FC081C55582CED11A62CD892C0003F2A;2025-05-17;-4.0;-767.32
FBACE520A9BF8E11F243BB650500F74B;FC081C55582CED11A62CD892C0003F2A;2025-05-17;-2.0;-530.8
6E9FC0474A278E11F243BB6505008C3B;FC081C55582CED11A62CD892C0003F2A;2025-05-17;-2.0;-59.76
28F47CBC4101AE117260106505001F4A;FC081C55582CED11A62CD892C0003F2A;2025-05-17;-2.0;-579.9
2C618ABD5DECEE1191EE1065050029B9;FC081C55582CED11A62CD892C0003F2A;2025-05-17;-2.0;-1937.3
11AD380F7376AE11BE2110650500394A;FC081C55582CED11A62CD892C0003F2A;2025-05-17;-2.0;-776.14
A1EF16A58B50EE114066106505005A4A;FC081C55582CED11A62CD892C0003F2A;2025-05-17;-2.0;-61.98
F6940C3CB60AEE1191EE1065050009B9;FC081C55582CED11A62CD892C0003F2A;2025-05-17;-8.0;-824.4
C47C02773623EE11B1AD1065050046EA;FC081C55582CED11A62CD892C0003F2A;2025-05-17;-2.0;-244.86
C7D0822C5DECEE1191EE1065050029B9;FC081C55582CED11A62CD892C0003F2A;2025-05-17;-2.0;-2312.3
C95A376401CAED11A62CD892C0003F2A;FC081C55582CED11A62CD892C0003F2A;2025-05-17;-4.0;-551.6
660E24DEE8087E110819BB65050009AA;FC081C55582CED11A62CD892C0003F2A;2025-05-17;-2.0;-140.7
5EA8094F4FFD9E117260106505004B4A;FC081C55582CED11A62CD892C0003F2A;2025-05-17;-2.0;-317.36
DF6E1660EB94DE11ADB310650500D0C8;FC081C55582CED11A62CD892C0003F2A;2025-05-17;-2.0;-626.94
2F7D3A6376126E1142D58A650500AD08;FC081C55582CED11A62CD892C0003F2A;2025-05-17;-2.0;-129.34
3FC7F7582642FE1191EE10650500CCB9;FC081C55582CED11A62CD892C0003F2A;2025-05-17;-2.0;-826.52
B4D59B955536AE11BE2110650500E84A;FC081C55582CED11A62CD892C0003F2A;2025-05-17;-2.0;-604.86
A7C844D3D0CAED11A62CD892C0003F2A;FC081C55582CED11A62CD892C0003F2A;2025-05-17;-2.0;-232.46
075F2B42FAE44E1142D58A6505002C08;FC081C55582CED11A62CD892C0003F2A;2025-05-17;-2.0;-362.06
F99B962D87145E1142D58A650500DC08;FC081C55582CED11A62CD892C0003F2A;2025-05-17;-6.0;-1512.54
C297BF6A01CAED11A62CD892C0003F2A;FC081C55582CED11A62CD892C0003F2A;2025-05-17;-4.0;-989.84
7D6FB9B5BB363E11052F6792C000FF39;FC081C55582CED11A62CD892C0003F2A;2025-05-17;-2.0;-96.56
F8F7BC6AD0412E1143F0668E4200C71A;FC081C55582CED11A62CD892C0003F2A;2025-05-17;-4.0;-2026.52
D2506E2A028D8E11F243BB650500254B;FC081C55582CED11A62CD892C0003F2A;2025-05-17;-4.0;-415.52
13BB500B8FCA9E11525010650500EB4A;FC081C55582CED11A62CD892C0003F2A;2025-05-17;-6.0;-189.76
337634AD6104FE1191EE106505001FB9;FC081C55582CED11A62CD892C0003F2A;2025-05-17;-2.0;-416.74
93C3F3EF12606E1142D58A650500AD08;FC081C55582CED11A62CD892C0003F2A;2025-05-17;-2.0;-180.46
8EE5A46E90CAED11A62CD892C0003F2A;FC081C55582CED11A62CD892C0003F2A;2025-05-17;-14.0;-2879.4200000000005
60523887FAC1FE1191EE106505002CB9;FC081C55582CED11A62CD892C0003F2A;2025-05-17;-4.0;-1040.12
071EE1A4A4D3DE11ADB310650500BFB8;FC081C55582CED11A62CD892C0003F2A;2025-05-17;-2.0;-19.46
26F8D40353ED7E110819BB65050039AA;FC081C55582CED11A62CD892C0003F2A;2025-05-17;-2.0;-151.94
36CE07A3698DFE11F1557891FE692489;FC081C55582CED11A62CD892C0003F2A;2025-05-17;-4.0;-311.28
CA5A87605596DE11ADB31065050053C8;FC081C55582CED11A62CD892C0003F2A;2025-05-17;-2.0;-220.66
5077C4B5BA25EE11B1AD10650500D8EA;FC081C55582CED11A62CD892C0003F2A;2025-05-17;-2.0;-212.18
8B21A6009002CE118772106505003469;FC081C55582CED11A62CD892C0003F2A;2025-05-17;-2.0;-4328.56
AA67642241963E11052F6792C000FF39;FC081C55582CED11A62CD892C0003F2A;2025-05-17;-2.0;-447.16
61006C94CA674E1142D58A6505002C08;FC081C55582CED11A62CD892C0003F2A;2025-05-17;-2.0;-173.84
7D9A96AACC2DFE11F1557891FE69B389;FC081C55582CED11A62CD892C0003F2A;2025-05-17;-4.0;-545.5799999999999
4A074B58DC828E110223BB650500AAAA;FC081C55582CED11A62CD892C0003F2A;2025-05-17;-10.0;-464.4
6946CEEEEA6CCE11ADB310650500A5B8;FC081C55582CED11A62CD892C0003F2A;2025-05-17;-6.0;-355.92
1141B2928EAFEE1191EE1065050079B9;FC081C55582CED11A62CD892C0003F2A;2025-05-17;-2.0;-707.56
2A754762F0CAED11A62CD892C0003F2A;FC081C55582CED11A62CD892C0003F2A;2025-05-17;-2.0;-361.56
61E3AEA7041AAE11BE2110650500DD4A;FC081C55582CED11A62CD892C0003F2A;2025-05-17;-2.0;-768.0
C0087DC13663EE11B1AD1065050096EA;FC081C55582CED11A62CD892C0003F2A;2025-05-17;-2.0;-770.7
9B8C4A8208138E110223BB6505005BAA;FC081C55582CED11A62CD892C0003F2A;2025-05-17;-2.0;-250.0
333AEAB308B13E11052F6792C000CF39;FC081C55582CED11A62CD892C0003F2A;2025-05-17;-2.0;-418.2
2AEB00C78754EE11B1AD10650500C7EA;FC081C55582CED11A62CD892C0003F2A;2025-05-17;-2.0;-39.84
586CF331BDE7EE1191EE10650500B7B9;FC081C55582CED11A62CD892C0003F2A;2025-05-17;-2.0;-34.8
0685A49803D99E11525010650500AA4A;FC081C55582CED11A62CD892C0003F2A;2025-05-17;-2.0;-984.88
112939332CA8BE118772106505005859;FC081C55582CED11A62CD892C0003F2A;2025-05-17;-8.0;-354.4
BEFDEE8B8CF57E11B7B78A650500ED08;FC081C55582CED11A62CD892C0003F2A;2025-05-17;-4.0;-412.9
071B521EA406BE11877210650500F459;FC081C55582CED11A62CD892C0003F2A;2025-05-17;-2.0;-511.5
0375301764197E110819BB65050009AA;FC081C55582CED11A62CD892C0003F2A;2025-05-17;-8.0;-238.42
820519DFC0CAED11A62CD892C0003F2A;FC081C55582CED11A62CD892C0003F2A;2025-05-17;-2.0;-152.92
4DA215529369DE11C84610650500227A;FC081C55582CED11A62CD892C0003F2A;2025-05-17;-2.0;-321.7
7BEE21CB1686CE11ADB310650500DDA8;FC081C55582CED11A62CD892C0003F2A;2025-05-17;-2.0;-165.76
D7033A80E0CAED11A62CD892C0003F2A;FC081C55582CED11A62CD892C0003F2A;2025-05-17;-2.0;-225.38
99F9EFAB9485FE1191EE1065050011C9;FC081C55582CED11A62CD892C0003F2A;2025-05-17;-2.0;-1032.44
848AE34FE0CAED11A62CD892C0003F2A;FC081C55582CED11A62CD892C0003F2A;2025-05-17;-4.0;-900.0
BB3E61227E48DE11C84610650500C07A;FC081C55582CED11A62CD892C0003F2A;2025-05-17;-2.0;-1354.0
A9DF316344C5BE11BE2110650500BC5A;FC081C55582CED11A62CD892C0003F2A;2025-05-17;-2.0;-783.84
4006B1B4DC913E11052F6792C000CF39;FC081C55582CED11A62CD892C0003F2A;2025-05-17;-2.0;-544.0
547A777AC7EFCE11ADB3106505006AB8;FC081C55582CED11A62CD892C0003F2A;2025-05-17;-2.0;-134.3
58656097B373FE1191EE106505006EB9;FC081C55582CED11A62CD892C0003F2A;2025-05-17;-2.0;-278.8
02AACC72E1537E11B7B78A650500DD08;FC081C55582CED11A62CD892C0003F2A;2025-05-17;-2.0;-49.82
E842E7FDF0CAED11A62CD892C0003F2A;FC081C55582CED11A62CD892C0003F2A;2025-05-17;-2.0;-280.0
4312B76A049CDE11406610650500654A;FC081C55582CED11A62CD892C0003F2A;2025-05-17;-2.0;-447.02
63EEFCBB059BDE11406610650500144A;FC081C55582CED11A62CD892C0003F2A;2025-05-17;-2.0;-154.7
DA9FF523CDC3AE11726010650500A25A;FC081C55582CED11A62CD892C0003F2A;2025-05-17;-4.0;-951.32
43CA66BE8533AE11726010650500E15A;FC081C55582CED11A62CD892C0003F2A;2025-05-17;-2.0;-402.76
50F822C77CA3CE118772106505005669;FC081C55582CED11A62CD892C0003F2A;2025-05-17;-6.0;-618.12
A8F3AA28B22AFE11128010650500E819;FC081C55582CED11A62CD892C0003F2A;2025-05-17;-6.0;-952.02
B2E4D683E0CAED11A62CD892C0003F2A;FC081C55582CED11A62CD892C0003F2A;2025-05-17;-2.0;-644.76
D102C5AB2B2CBE11877210650500CC59;FC081C55582CED11A62CD892C0003F2A;2025-05-17;-2.0;-540.08
96A83FCC06137E11B7B78A650500DD08;FC081C55582CED11A62CD892C0003F2A;2025-05-17;-4.0;-1405.34
B713992A12238E117E64BB6505005BAA;FC081C55582CED11A62CD892C0003F2A;2025-05-17;-8.0;-904.0
23B43FD5A0CAED11A62CD892C0003F2A;FC081C55582CED11A62CD892C0003F2A;2025-05-17;-4.0;-5862.0
D7B16A2ED8F19E11554010650500DA3B;FC081C55582CED11A62CD892C0003F2A;2025-05-17;-4.0;-52.98
5CBA9617104FFE11F1557891FE695689;FC081C55582CED11A62CD892C0003F2A;2025-05-17;-2.0;-23.48
C1F54BF1C19EBE11877210650500DF59;FC081C55582CED11A62CD892C0003F2A;2025-05-17;-4.0;-111.44
6D61B1E4E0C5EE1191EE1065050045B9;FC081C55582CED11A62CD892C0003F2A;2025-05-17;-2.0;-80.68
37DE2A3CB025AE11726010650500545A;FC081C55582CED11A62CD892C0003F2A;2025-05-17;-6.0;-292.79999999999995
9B87F2956E22FE1191EE10650500ACB9;FC081C55582CED11A62CD892C0003F2A;2025-05-17;-4.0;-430.0
EA5D87D7A0F60E11A4A96492C0007BF8;FC081C55582CED11A62CD892C0003F2A;2025-05-17;-2.0;-635.16
CD71BE862082DE11ADB3106505000EB8;FC081C55582CED11A62CD892C0003F2A;2025-05-17;-2.0;-85.0
7907B8EEB8B8BE118772106505006859;FC081C55582CED11A62CD892C0003F2A;2025-05-17;-2.0;-199.08
BB3C1606DF986E11B7B78A650500BC08;FC081C55582CED11A62CD892C0003F2A;2025-05-17;-4.0;-83.04
48221DCBD083FE1191EE106505007EB9;FC081C55582CED11A62CD892C0003F2A;2025-05-17;-2.0;-477.4
4126A5754558CE11ADB31065050030B8;FC081C55582CED11A62CD892C0003F2A;2025-05-17;-2.0;-39.02
C824D0E14412EE114066106505009C4A;FC081C55582CED11A62CD892C0003F2A;2025-05-17;-2.0;-518.12
74EFD1EB56AEEE1191EE1065050029B9;FC081C55582CED11A62CD892C0003F2A;2025-05-17;-2.0;-771.28
FB09AA3111CAED11A62CD892C0003F2A;FC081C55582CED11A62CD892C0003F2A;2025-05-17;-2.0;-765.24
7D9A4B168BCE8E11F243BB650500C64B;FC081C55582CED11A62CD892C0003F2A;2025-05-17;-8.0;-705.52
51450C5BAC93FE1191EE106505009EB9;FC081C55582CED11A62CD892C0003F2A;2025-05-17;-2.0;-42.0
B02682CA77960E11A4A96492C0004B38;FC081C55582CED11A62CD892C0003F2A;2025-05-17;-2.0;-872.1
D2262A30BDE7EE1191EE10650500B7B9;FC081C55582CED11A62CD892C0003F2A;2025-05-17;-2.0;-104.94
E0935DA77FBDCE11ADB31065050077B8;FC081C55582CED11A62CD892C0003F2A;2025-05-17;-2.0;-1456.56
132918D7764DEE1191EE1065050029B9;FC081C55582CED11A62CD892C0003F2A;2025-05-17;-2.0;-1430.88
84AF876B3986EE1191EE1065050046B9;FC081C55582CED11A62CD892C0003F2A;2025-05-17;-2.0;-224.54
DFFDBBD20057DE11C846106505008F6A;FC081C55582CED11A62CD892C0003F2A;2025-05-17;-4.0;-337.9
707785D8D0CAED11A62CD892C0003F2A;FC081C55582CED11A62CD892C0003F2A;2025-05-17;-4.0;-1320.0
45E81D4775553E11052F6792C000FF39;FC081C55582CED11A62CD892C0003F2A;2025-05-17;-2.0;-150.38
C18BD4E897F4DE11ADB31065050041C8;FC081C55582CED11A62CD892C0003F2A;2025-05-17;-2.0;-410.7
C0D5AC833BF8CE11ADB31065050001B8;FC081C55582CED11A62CD892C0003F2A;2025-05-17;-8.0;-721.6
29D61DB630CBFE111280106505000919;FC081C55582CED11A62CD892C0003F2A;2025-05-17;-4.0;-429.5
E0F074E3832ECE11ADB310650500F7B8;FC081C55582CED11A62CD892C0003F2A;2025-05-17;-2.0;-1134.0
95ADAFBEAAA07E11B7B78A650500CD08;FC081C55582CED11A62CD892C0003F2A;2025-05-17;-2.0;-119.42
97FC07DC5BF5CE11ADB3106505007DA8;FC081C55582CED11A62CD892C0003F2A;2025-05-17;-2.0;-329.96
A07A42C65AF34E1142D58A6505002C08;FC081C55582CED11A62CD892C0003F2A;2025-05-17;-2.0;-423.84
E0E83C693A278E11F243BB6505008C3B;FC081C55582CED11A62CD892C0003F2A;2025-05-17;-2.0;-47.7
17AC19A8659BDE11406610650500144A;FC081C55582CED11A62CD892C0003F2A;2025-05-17;-2.0;-559.32
FBB8EC90EDDE8E11F243BB650500E64B;FC081C55582CED11A62CD892C0003F2A;2025-05-17;-2.0;-317.78
D35DA211FCC3FE1191EE10650500DEB9;FC081C55582CED11A62CD892C0003F2A;2025-05-17;-2.0;-309.12
23651D017C59BE118772106505003959;FC081C55582CED11A62CD892C0003F2A;2025-05-17;-4.0;-678.12
088BC3515C020F114EF7A826072B1A89;FC081C55582CED11A62CD892C0003F2A;2025-05-17;-4.0;-494.0
C02890C08D8FFE11F1557891FE69B689;FC081C55582CED11A62CD892C0003F2A;2025-05-17;-2.0;-1535.52
7CB5F9BB60E87E110819BB65050009AA;FC081C55582CED11A62CD892C0003F2A;2025-05-17;-2.0;-151.06
49EEE339506AFE11128010650500E819;FC081C55582CED11A62CD892C0003F2A;2025-05-17;-2.0;-118.44
084DDE41F0CAED11A62CD892C0003F2A;FC081C55582CED11A62CD892C0003F2A;2025-05-17;-2.0;-283.56
7780D296104FFE11F1557891FE695689;FC081C55582CED11A62CD892C0003F2A;2025-05-17;-2.0;-24.36
EC10612044AE9E117260106505001C4A;FC081C55582CED11A62CD892C0003F2A;2025-05-17;-2.0;-292.78
8152B5B71726EE1191EE10650500C5B9;FC081C55582CED11A62CD892C0003F2A;2025-05-17;-2.0;-436.78
8120CAAA31BBEE1191EE1065050029B9;FC081C55582CED11A62CD892C0003F2A;2025-05-17;-4.0;-250.8
2A6DB5CEE0CAED11A62CD892C0003F2A;FC081C55582CED11A62CD892C0003F2A;2025-05-17;-2.0;-221.62
C7E6A3BF4315EE11B1AD10650500B8EA;FC081C55582CED11A62CD892C0003F2A;2025-05-17;-4.0;-305.8
799C8EE9F7BAFE11128010650500E819;FC081C55582CED11A62CD892C0003F2A;2025-05-17;-2.0;-51.08
AE71DDCD960F9E117260106505009C4A;FC081C55582CED11A62CD892C0003F2A;2025-05-17;-2.0;-410.82
5C9112749224EE11B1AD1065050087EA;FC081C55582CED11A62CD892C0003F2A;2025-05-17;-2.0;-321.06
AC072F4DEC46FE1191EE1065050012C9;FC081C55582CED11A62CD892C0003F2A;2025-05-17;-2.0;-94.0
0027785B64B0EE11406610650500CA4A;FC081C55582CED11A62CD892C0003F2A;2025-05-17;-2.0;-975.8
9964119162867E11B7B78A650500ED08;FC081C55582CED11A62CD892C0003F2A;2025-05-17;-2.0;-463.92
5918CBF2A1A6DE11ADB31065050063C8;FC081C55582CED11A62CD892C0003F2A;2025-05-17;-2.0;-30.7
F46FBE409022EE11406610650500AC4A;FC081C55582CED11A62CD892C0003F2A;2025-05-17;-4.0;-2735.48
DC296445F0CAED11A62CD892C0003F2A;B0BDDED34CC83E11052F6792C000B249;2025-05-17;-2.0;-980.0
954A56FE1B6BAE11BE21106505008F4A;B0BDDED34CC83E11052F6792C000B249;2025-05-17;-2.0;-364.46
BD1EDB94E3ACEE1191EE1065050029B9;B0BDDED34CC83E11052F6792C000B249;2025-05-17;-4.0;-1922.36
7F56402EE822FD110DC22A92C0006778;B0BDDED34CC83E11052F6792C000B249;2025-05-17;-2.0;-940.32
DBAAE3CDD50CFD11A4A96492C000CB59;B0BDDED34CC83E11052F6792C000B249;2025-05-17;-4.0;-724.1
050CDCE691CAED11A62CD892C0003F2A;B0BDDED34CC83E11052F6792C000B249;2025-05-17;-2.0;-89.82
8A84729998D58E11F243BB650500CA3B;B0BDDED34CC83E11052F6792C000B249;2025-05-17;-28.0;-2661.12
92C8BD650EADAE11BE2110650500625A;B0BDDED34CC83E11052F6792C000B249;2025-05-17;-6.0;-947.6999999999999
22B0BB5F01CAED11A62CD892C0003F2A;B0BDDED34CC83E11052F6792C000B249;2025-05-17;-2.0;-356.0
CD545109E8F34E1142D58A6505002C08;B0BDDED34CC83E11052F6792C000B249;2025-05-17;-4.0;-853.72
F1A147896F45DE11ADB310650500B1C8;B0BDDED34CC83E11052F6792C000B249;2025-05-17;-2.0;-528.6
B27A99AAF0CAED11A62CD892C0003F2A;B0BDDED34CC83E11052F6792C000B249;2025-05-17;-2.0;-392.32
CADF89D16F5CCE11ADB31065050095B8;B0BDDED34CC83E11052F6792C000B249;2025-05-17;-4.0;-105.96
425F2E7A359BCE11ADB31065050074B8;B0BDDED34CC83E11052F6792C000B249;2025-05-17;-2.0;-765.24
F2077EC30E3CEE1191EE1065050029B9;B0BDDED34CC83E11052F6792C000B249;2025-05-17;-2.0;-122.94
A4081F6757E48E113835BB6505009DAA;B0BDDED34CC83E11052F6792C000B249;2025-05-17;-12.0;-3732.0
3EEE1D9AB24F6E11B7B78A650500CD08;B0BDDED34CC83E11052F6792C000B249;2025-05-17;-2.0;-222.14
93756B0DA1CAED11A62CD892C0003F2A;B0BDDED34CC83E11052F6792C000B249;2025-05-17;-2.0;-528.66
89940A341B6BAE11BE21106505008F4A;B0BDDED34CC83E11052F6792C000B249;2025-05-17;-4.0;-728.94
0F0F9644B7F6FD110DC22A92C000D158;B0BDDED34CC83E11052F6792C000B249;2025-05-17;-6.0;-1505.52
FCAEBA5D63820E11A4A96492C00008E9;B0BDDED34CC83E11052F6792C000B249;2025-05-17;-4.0;-334.48
E72149DEBCB1EE114066106505001C4A;B0BDDED34CC83E11052F6792C000B249;2025-05-17;-2.0;-212.26
F7ADA524EC065E1142D58A650500DC08;B0BDDED34CC83E11052F6792C000B249;2025-05-17;-2.0;-21.68
83C9E140C24F6E11B7B78A650500CD08;B0BDDED34CC83E11052F6792C000B249;2025-05-17;-4.0;-445.1
FAF6955D82C5EE1191EE1065050045B9;B0BDDED34CC83E11052F6792C000B249;2025-05-17;-6.0;-732.0
A06B4B4DC5938E113835BB6505001CAA;B0BDDED34CC83E11052F6792C000B249;2025-05-17;-2.0;-365.4
060D8B81587ADE11406610650500824A;B0BDDED34CC83E11052F6792C000B249;2025-05-17;-4.0;-609.6
254AB66D1D027E11B7B78A650500CD08;B0BDDED34CC83E11052F6792C000B249;2025-05-17;-6.0;-758.46
4D61CD5CEB01FE1191EE106505003BB9;B0BDDED34CC83E11052F6792C000B249;2025-05-17;-4.0;-117.64
7E8FA3ED4CA79E11554010650500524B;B0BDDED34CC83E11052F6792C000B249;2025-05-17;-2.0;-611.72
F1C5B32599DDCE11ADB31065050097B8;B0BDDED34CC83E11052F6792C000B249;2025-05-17;-8.0;-626.02
84368BB81C93FE1191EE106505009EB9;B0BDDED34CC83E11052F6792C000B249;2025-05-17;-2.0;-419.6
005BCFB931CAED11A62CD892C0003F2A;B0BDDED34CC83E11052F6792C000B249;2025-05-17;-4.0;-365.0
B2B3EB04AA4FFE11F1557891FE696689;B0BDDED34CC83E11052F6792C000B249;2025-05-17;-4.0;-210.68
4D90BF0CDA65EE11B1AD1065050039EA;B0BDDED34CC83E11052F6792C000B249;2025-05-17;-16.0;-628.96
98EDAE3F108EFE11F1557891FE696589;B0BDDED34CC83E11052F6792C000B249;2025-05-17;-8.0;-2497.92
8DAE6D806E3CEE1191EE1065050029B9;B0BDDED34CC83E11052F6792C000B249;2025-05-17;-2.0;-92.24
64851C935D51FD110DC22A92C000DD89;B0BDDED34CC83E11052F6792C000B249;2025-05-17;-6.0;-246.66
2F12246CD0B3DE11ADB3106505008FB8;B0BDDED34CC83E11052F6792C000B249;2025-05-17;-4.0;-1201.48
13E0932E45010F11112A674AC7E2B889;B0BDDED34CC83E11052F6792C000B249;2025-05-17;-2.0;-925.54
5990467EEB0AFE11128010650500E819;B0BDDED34CC83E11052F6792C000B249;2025-05-17;-4.0;-159.2
A14A315170EFFE11F1557891FE692789;B0BDDED34CC83E11052F6792C000B249;2025-05-17;-4.0;-584.0
B629E1FDC13EDE11406610650500874A;B0BDDED34CC83E11052F6792C000B249;2025-05-17;-2.0;-72.88
FB958DE325B4DE11ADB310650500F0C8;B0BDDED34CC83E11052F6792C000B249;2025-05-17;-2.0;-134.4
B3F88C75CE604E1142D58A650500DB08;B0BDDED34CC83E11052F6792C000B249;2025-05-17;-4.0;-325.1
A9408B085CC59E11554010650500FF3B;B0BDDED34CC83E11052F6792C000B249;2025-05-17;-6.0;-473.15999999999997
25189352662BDE11406610650500734A;B0BDDED34CC83E11052F6792C000B249;2025-05-17;-2.0;-396.0
0A43A37C1A5FFE11F1557891FE697689;B0BDDED34CC83E11052F6792C000B249;2025-05-17;-4.0;-211.88
759E41C87EB9BE11877210650500B959;B0BDDED34CC83E11052F6792C000B249;2025-05-17;-20.0;-2245.3
43DC7C2BDCFDFD11A4A96492C0006D28;B0BDDED34CC83E11052F6792C000B249;2025-05-17;-2.0;-377.2
55A063D9E3968E11F243BB650500CB3B;B0BDDED34CC83E11052F6792C000B249;2025-05-17;-4.0;-422.94
3ABDBA0055AE4E1142D58A650500BC08;B0BDDED34CC83E11052F6792C000B249;2025-05-17;-2.0;-91.94
2C754762F0CAED11A62CD892C0003F2A;B0BDDED34CC83E11052F6792C000B249;2025-05-17;-6.0;-582.0
D2ADF22A988AFE11128010650500E819;B0BDDED34CC83E11052F6792C000B249;2025-05-17;-4.0;-47.32
E1A7FE9E88FF9E11726010650500CD4A;B0BDDED34CC83E11052F6792C000B249;2025-05-17;-2.0;-974.32
9473EB04AA4FFE11F1557891FE696689;B0BDDED34CC83E11052F6792C000B249;2025-05-17;-2.0;-105.34
94BD2C7261CBEE1191EE1065050029B9;B0BDDED34CC83E11052F6792C000B249;2025-05-17;-4.0;-180.0
354D6FE7DE09BE11877210650500D859;B0BDDED34CC83E11052F6792C000B249;2025-05-17;-2.0;-219.88
F31B09BE67ADDE11406610650500C64A;B0BDDED34CC83E11052F6792C000B249;2025-05-17;-2.0;-107.86
2E2B5D90F4F98E11F243BB650500104B;B0BDDED34CC83E11052F6792C000B249;2025-05-17;-2.0;-491.88
C9537C6834AE9E117260106505001C4A;B0BDDED34CC83E11052F6792C000B249;2025-05-17;-8.0;-975.84
A41983C9FCFF6E11B7B78A650500CD08;B0BDDED34CC83E11052F6792C000B249;2025-05-17;-2.0;-509.72
3C59676E13844E1142D58A6505002C08;B0BDDED34CC83E11052F6792C000B249;2025-05-17;-2.0;-216.26
C5AB34B8202B7E110819BB65050039AA;B0BDDED34CC83E11052F6792C000B249;2025-05-17;-2.0;-202.24
F66AF732714BEE1191EE1065050029B9;B0BDDED34CC83E11052F6792C000B249;2025-05-17;-2.0;-816.62
2CBB85E51B39FD11A4A96492C0006F3B;B0BDDED34CC83E11052F6792C000B249;2025-05-17;-2.0;-1240.0
D8C045074D05DE11ADB31065050061C8;B0BDDED34CC83E11052F6792C000B249;2025-05-17;-2.0;-330.44
905E070584AE9E117260106505001C4A;B0BDDED34CC83E11052F6792C000B249;2025-05-17;-8.0;-584.88
5ECE8753F0CAED11A62CD892C0003F2A;B0BDDED34CC83E11052F6792C000B249;2025-05-17;-2.0;-536.3
893CFE6415B88E11F243BB6505007E3B;B0BDDED34CC83E11052F6792C000B249;2025-05-17;-2.0;-348.66
6C1F98BA29265E1142D58A650500DC08;B0BDDED34CC83E11052F6792C000B249;2025-05-17;-18.0;-2927.88
C7A40D625E7B9E11525010650500CC4A;B0BDDED34CC83E11052F6792C000B249;2025-05-17;-6.0;-538.86
6DAF8A5FC0CAED11A62CD892C0003F2A;B0BDDED34CC83E11052F6792C000B249;2025-05-17;-2.0;-154.56
D4FFA460763EAE11BE2110650500135A;B0BDDED34CC83E11052F6792C000B249;2025-05-17;-2.0;-24.96
0066EFC36833BE11BE2110650500795A;B0BDDED34CC83E11052F6792C000B249;2025-05-17;-2.0;-41.76
B23316FBBD1EFE11F1557891FE69E489;B0BDDED34CC83E11052F6792C000B249;2025-05-17;-2.0;-258.42
17EB678DF996BE11877210650500B559;B0BDDED34CC83E11052F6792C000B249;2025-05-17;-2.0;-27.06
5A3D5A4D61C89E11525010650500394A;B0BDDED34CC83E11052F6792C000B249;2025-05-17;-8.0;-166.08
4CE60629DB0FEE1191EE1065050029B9;B0BDDED34CC83E11052F6792C000B249;2025-05-17;-2.0;-176.38
AB13FE4F0442DE11ADB310650500BDB8;B0BDDED34CC83E11052F6792C000B249;2025-05-17;-8.0;-156.96
B2E4D683E0CAED11A62CD892C0003F2A;B0BDDED34CC83E11052F6792C000B249;2025-05-17;-2.0;-639.04
084DDE41F0CAED11A62CD892C0003F2A;B0BDDED34CC83E11052F6792C000B249;2025-05-17;-2.0;-278.6
E7B39FFDEB6DFE11F1557891FE690489;B0BDDED34CC83E11052F6792C000B249;2025-05-17;-2.0;-568.4
BF87027411CAED11A62CD892C0003F2A;B0BDDED34CC83E11052F6792C000B249;2025-05-17;-2.0;-638.56
478ECD45D0CAED11A62CD892C0003F2A;B0BDDED34CC83E11052F6792C000B249;2025-05-17;-2.0;-299.74
AAFD5840CA187E110819BB65050009AA;B0BDDED34CC83E11052F6792C000B249;2025-05-17;-6.0;-523.5
A4C04F52D0CAED11A62CD892C0003F2A;B0BDDED34CC83E11052F6792C000B249;2025-05-17;-2.0;-217.68
19FF4A7A9DB6EE1191EE1065050076B9;B0BDDED34CC83E11052F6792C000B249;2025-05-17;-6.0;-423.36
CC4F278C0ADEAE11BE2110650500E35A;B0BDDED34CC83E11052F6792C000B249;2025-05-17;-10.0;-243.0
91E0588EC877DE11C84610650500BF6A;B0BDDED34CC83E11052F6792C000B249;2025-05-17;-14.0;-381.24
CD535048B3B0EE11406610650500CA4A;B0BDDED34CC83E11052F6792C000B249;2025-05-17;-2.0;-354.2
BB55546634466E11B7B78A650500BC08;B0BDDED34CC83E11052F6792C000B249;2025-05-17;-2.0;-674.14
BFD000CE02192E11052F6792C0007F39;B0BDDED34CC83E11052F6792C000B249;2025-05-17;-2.0;-337.28
9118A63AB78DBE118772106505008E59;B0BDDED34CC83E11052F6792C000B249;2025-05-17;-2.0;-92.7
5FFE8F24111EAE11BE2110650500E25A;B0BDDED34CC83E11052F6792C000B249;2025-05-17;-2.0;-345.34
B77061CD2D86FE1191EE1065050062C9;B0BDDED34CC83E11052F6792C000B249;2025-05-17;-2.0;-280.0
E0D361DA67E48E113835BB6505009DAA;B0BDDED34CC83E11052F6792C000B249;2025-05-17;-4.0;-1244.0
8B27EB030EDFEE1191EE10650500B9B9;B0BDDED34CC83E11052F6792C000B249;2025-05-17;-2.0;-2070.34
4398024E31CAED11A62CD892C0003F2A;B0BDDED34CC83E11052F6792C000B249;2025-05-17;-2.0;-266.04
3671F1E191CAED11A62CD892C0003F2A;B0BDDED34CC83E11052F6792C000B249;2025-05-17;-2.0;-89.82
B522D1D2432FFE11F1557891FE693689;B0BDDED34CC83E11052F6792C000B249;2025-05-17;-2.0;-21.98
DF09AA3111CAED11A62CD892C0003F2A;B0BDDED34CC83E11052F6792C000B249;2025-05-17;-2.0;-859.22
80E4E75BCD690E11A4A96492C0001269;B0BDDED34CC83E11052F6792C000B249;2025-05-17;-2.0;-322.34
A22810FB66D1AE11726010650500205A;B0BDDED34CC83E11052F6792C000B249;2025-05-17;-2.0;-432.0
29681D840223CE11877210650500A569;B0BDDED34CC83E11052F6792C000B249;2025-05-17;-6.0;-180.42000000000002
B5C70C08EC67EE1191EE1065050017B9;B0BDDED34CC83E11052F6792C000B249;2025-05-17;-2.0;-199.48
2532E78A1464AE11726010650500635A;B0BDDED34CC83E11052F6792C000B249;2025-05-17;-4.0;-583.72
772AC45A4BB23E11052F6792C000CF39;B0BDDED34CC83E11052F6792C000B249;2025-05-17;-2.0;-249.88
165C11036A5D7E110819BB65050039AA;B0BDDED34CC83E11052F6792C000B249;2025-05-17;-2.0;-11.48
4690C8920EADAE11BE2110650500625A;B0BDDED34CC83E11052F6792C000B249;2025-05-17;-2.0;-294.1
7AD78863757B6E11B7B78A650500BC08;B0BDDED34CC83E11052F6792C000B249;2025-05-17;-2.0;-160.44
0B32B3A7FA5C7E110819BB65050039AA;B0BDDED34CC83E11052F6792C000B249;2025-05-17;-2.0;-263.4
D01EECD3BCF2FD110DC22A92C000C499;B0BDDED34CC83E11052F6792C000B249;2025-05-17;-2.0;-658.44
8FBC07BF37F8FE11128010650500D819;B0BDDED34CC83E11052F6792C000B249;2025-05-17;-2.0;-428.08
1A4EB98E3597FE1191EE10650500C3C9;B0BDDED34CC83E11052F6792C000B249;2025-05-17;-2.0;-1754.34
9C4F278C0ADEAE11BE2110650500E35A;B0BDDED34CC83E11052F6792C000B249;2025-05-17;-14.0;-340.2
C4449B400F1ADE11406610650500124A;B0BDDED34CC83E11052F6792C000B249;2025-05-17;-2.0;-764.56
A6CFD8BB1AF1EE114066106505007C4A;B0BDDED34CC83E11052F6792C000B249;2025-05-17;-2.0;-272.72
D739094141CAED11A62CD892C0003F2A;B0BDDED34CC83E11052F6792C000B249;2025-05-17;-2.0;-1484.44
F5BFCE993FBBDE11406610650500444A;FC081C55582CED11A62CD892C0003F2A;2025-05-17;-2.0;-316.26
F8FA0E49AC456E11B7B78A650500BC08;44673735EAF46E11B7B78A650500BC08;2025-05-17;-6.0;-992.8199999999999
39FA0E49AC456E11B7B78A650500BC08;44673735EAF46E11B7B78A650500BC08;2025-05-17;-8.0;-1800.86
1D428E3BBFC8FE11128010650500D819;44673735EAF46E11B7B78A650500BC08;2025-05-17;0.0;0.0
E827DAECF21DAE11BE2110650500A15A;44673735EAF46E11B7B78A650500BC08;2025-05-17;0.0;0.0
D378D1B26159CE11ADB31065050071B8;44673735EAF46E11B7B78A650500BC08;2025-05-17;0.0;0.0
64D59BED98F07E11B7B78A650500CD08;44673735EAF46E11B7B78A650500BC08;2025-05-17;-30.0;-693.9
2060F72BED096E11B7B78A650500BC08;44673735EAF46E11B7B78A650500BC08;2025-05-17;-2.0;-138.54
71ACEF9C7E456E11B7B78A650500BC08;44673735EAF46E11B7B78A650500BC08;2025-05-17;0.0;0.0
DAF54843272FFE11F1557891FE693689;44673735EAF46E11B7B78A650500BC08;2025-05-17;0.0;0.0
3AB6222D642AFE11128010650500E819;44673735EAF46E11B7B78A650500BC08;2025-05-17;-4.0;-560.0
F00092A08D456E11B7B78A650500BC08;44673735EAF46E11B7B78A650500BC08;2025-05-17;0.0;0.0
BFF8534C43B89E11525010650500294A;44673735EAF46E11B7B78A650500BC08;2025-05-17;0.0;0.0
F2390B7886AA7E110819BB65050039AA;44673735EAF46E11B7B78A650500BC08;2025-05-17;0.0;0.0
5B173FAD7A8BDE11406610650500044A;44673735EAF46E11B7B78A650500BC08;2025-05-17;0.0;0.0
1D4C6A7E9E789E11525010650500E84A;44673735EAF46E11B7B78A650500BC08;2025-05-17;24.0;3426.24
23166381F7F7EE1191EE10650500C7B9;44673735EAF46E11B7B78A650500BC08;2025-05-17;40.0;4403.2
60D8573CA0FE5E1142D58A6505006D08;44673735EAF46E11B7B78A650500BC08;2025-05-17;0.0;0.0
FB4B0EAC17C2FE1191EE106505006DB9;44673735EAF46E11B7B78A650500BC08;2025-05-17;0.0;1.1368683772161603e-13
86699F2DCECCCE11ADB31065050026B8;44673735EAF46E11B7B78A650500BC08;2025-05-17;0.0;0.0
B1D22947484AAE11BE21106505001E4A;44673735EAF46E11B7B78A650500BC08;2025-05-17;0.0;0.0
933D51D38B6BFE111280106505000919;44673735EAF46E11B7B78A650500BC08;2025-05-17;12.0;18937.2
9CDA5835D491DE11ADB310650500DCB8;44673735EAF46E11B7B78A650500BC08;2025-05-17;40.0;1552.0
BE4D455DE0CAED11A62CD892C0003F2A;44673735EAF46E11B7B78A650500BC08;2025-05-17;0.0;0.0
252151A6D7DC6E11B7B78A650500BC08;44673735EAF46E11B7B78A650500BC08;2025-05-17;16.0;25440.0
2F8B849A1D456E11B7B78A650500BC08;44673735EAF46E11B7B78A650500BC08;2025-05-17;36.0;35100.0
6E057AC7D8420F114EF7A826072B6A89;44673735EAF46E11B7B78A650500BC08;2025-05-17;0.0;0.0
3E61245C88BFEE1191EE1065050089B9;44673735EAF46E11B7B78A650500BC08;2025-05-17;4.0;11128.0
9268B69694310F11112A674AC7E2F889;44673735EAF46E11B7B78A650500BC08;2025-05-17;80.0;12000.0
B00DD8F181E4EE11B1AD1065050078EA;44673735EAF46E11B7B78A650500BC08;2025-05-17;16.0;3488.0
8B43D4490FFEFE11F1557891FE690689;44673735EAF46E11B7B78A650500BC08;2025-05-17;0.0;0.0
5F83D4490FFEFE11F1557891FE690689;44673735EAF46E11B7B78A650500BC08;2025-05-17;0.0;0.0
A4F9728EE7EFCE11ADB3106505006AB8;44673735EAF46E11B7B78A650500BC08;2025-05-17;0.0;0.0
0A32A3C20602AE11726010650500605A;44673735EAF46E11B7B78A650500BC08;2025-05-17;0.0;0.0
EA8A21414653CE11877210650500E569;44673735EAF46E11B7B78A650500BC08;2025-05-17;28.0;16240.0
210CC07C8523DE11ADB310650500DEB8;B0BDDED34CC83E11052F6792C000B249;2025-05-17;2.0;85.1
411EDD970770AE117260106505006E4A;FC081C55582CED11A62CD892C0003F2A;2025-05-17;4.0;397.92
C61C86B2E0638E111E1BBB650500BBAA;FC081C55582CED11A62CD892C0003F2A;2025-05-17;20.0;797.94
17DCF6F7F3B89E11525010650500294A;B0BDDED34CC83E11052F6792C000B249;2025-05-17;6.0;596.88
675637547CB4AE11726010650500D35A;B0BDDED34CC83E11052F6792C000B249;2025-05-17;4.0;308.8
4CD6163E8022EE11406610650500AC4A;FC081C55582CED11A62CD892C0003F2A;2025-05-17;2.0;1486.94
1FD25EB8CC8EFE11F1557891FE697589;FC081C55582CED11A62CD892C0003F2A;2025-05-17;0.0;0.0
D4A7F05B506AAE11BE21106505003E4A;FC081C55582CED11A62CD892C0003F2A;2025-05-17;-4.0;-613.76
E72EAE3F108EFE11F1557891FE696589;FC081C55582CED11A62CD892C0003F2A;2025-05-17;-2.0;-334.26
376EAE3F108EFE11F1557891FE696589;FC081C55582CED11A62CD892C0003F2A;2025-05-17;0.0;0.0
8E578A6EF77EFE11F1557891FE695589;FC081C55582CED11A62CD892C0003F2A;2025-05-17;0.0;0.0
221B6645151DAE11BE2110650500A15A;44673735EAF46E11B7B78A650500BC08;2025-05-17;12.0;29430.0
EB4298291C7CAE11BE2110650500E05A;44673735EAF46E11B7B78A650500BC08;2025-05-17;2.0;3700.0
4B4C1E49E4F49E11554010650500DE3B;44673735EAF46E11B7B78A650500BC08;2025-05-17;2.0;1552.0
85D05F9FE9468E11F243BB6505006B3B;44673735EAF46E11B7B78A650500BC08;2025-05-17;2.0;4796.0
502E92FF6EEAAE11BE2110650500EE4A;44673735EAF46E11B7B78A650500BC08;2025-05-17;-10.0;-92.30000000000001
A8EA8EAF7C456E11B7B78A650500BC08;44673735EAF46E11B7B78A650500BC08;2025-05-17;-6.0;-1737.44
9AE8002B3C456E11B7B78A650500BC08;44673735EAF46E11B7B78A650500BC08;2025-05-17;-24.0;-5044.42
8B0DF4BB3D456E11B7B78A650500BC08;44673735EAF46E11B7B78A650500BC08;2025-05-17;-4.0;-258.96
7093BC9054268E11F243BB6505003B3B;44673735EAF46E11B7B78A650500BC08;2025-05-17;-4.0;-149.64
F88F65B12D456E11B7B78A650500BC08;44673735EAF46E11B7B78A650500BC08;2025-05-17;-64.0;-1920.0
47E623E9D11BEE1191EE1065050029B9;44673735EAF46E11B7B78A650500BC08;2025-05-17;-20.0;-1439.8
0E746D9E96507E11B7B78A650500CD08;44673735EAF46E11B7B78A650500BC08;2025-05-17;-10.0;-494.7
6827DAECF21DAE11BE2110650500A15A;44673735EAF46E11B7B78A650500BC08;2025-05-17;-2.0;-2127.6
76B16FFB390FEE1191EE1065050029B9;44673735EAF46E11B7B78A650500BC08;2025-05-17;-6.0;-4036.12
0D3A9B3DE6DDCE11ADB31065050097B8;44673735EAF46E11B7B78A650500BC08;2025-05-17;-2.0;-1492.4
1252830334627E11B7B78A650500CD08;44673735EAF46E11B7B78A650500BC08;2025-05-17;-6.0;-1373.76
BBA0B266B2C10F114EF7A826072BB989;44673735EAF46E11B7B78A650500BC08;2025-05-17;-2.0;-177.98
7715215FCAD0FE1191EE10650500FAB9;44673735EAF46E11B7B78A650500BC08;2025-05-17;-4.0;-746.6
7C990BED90CAED11A62CD892C0003F2A;44673735EAF46E11B7B78A650500BC08;2025-05-17;-4.0;-860.0
DDA0BB5F01CAED11A62CD892C0003F2A;44673735EAF46E11B7B78A650500BC08;2025-05-17;-2.0;-140.0
9D6C30910ADADE11406610650500134A;44673735EAF46E11B7B78A650500BC08;2025-05-17;-2.0;-761.12
21E2C40636EEAE11BE2110650500F35A;44673735EAF46E11B7B78A650500BC08;2025-05-17;-6.0;-505.3
461B4958E770BE11BE2110650500F55A;44673735EAF46E11B7B78A650500BC08;2025-05-17;-2.0;-17.54
51A4FB4620556E11B7B78A650500BC08;44673735EAF46E11B7B78A650500BC08;2025-05-17;-4.0;-282.04
0636DCAD725AAE11BE21106505002E4A;44673735EAF46E11B7B78A650500BC08;2025-05-17;-2.0;-1542.88
175AF9E305B4DE11ADB310650500F0C8;44673735EAF46E11B7B78A650500BC08;2025-05-17;-2.0;-116.16
1283222D1B6BAE11BE21106505008F4A;44673735EAF46E11B7B78A650500BC08;2025-05-17;-2.0;-363.6
F8A4EF19E4F8AE11BE21106505006C4A;44673735EAF46E11B7B78A650500BC08;2025-05-17;-6.0;-725.7
BF2A35EA2FC9BE11877210650500C959;44673735EAF46E11B7B78A650500BC08;2025-05-17;-6.0;-287.62
9C2E5119AF456E11B7B78A650500BC08;44673735EAF46E11B7B78A650500BC08;2025-05-17;-16.0;-2423.04
C87F84EBBD1EFE11F1557891FE69E489;44673735EAF46E11B7B78A650500BC08;2025-05-17;-2.0;-86.76
7CF74A7B0321DE11ADB3106505003CB8;44673735EAF46E11B7B78A650500BC08;2025-05-17;-8.0;-264.0
EB96AF8AC9456E11B7B78A650500BC08;44673735EAF46E11B7B78A650500BC08;2025-05-17;-2.0;-244.0
074C44CA878DAE11BE2110650500325A;44673735EAF46E11B7B78A650500BC08;2025-05-17;-2.0;-468.62
E927DB9F4D456E11B7B78A650500BC08;44673735EAF46E11B7B78A650500BC08;2025-05-17;-2.0;-157.16
93D7F6328D456E11B7B78A650500BC08;44673735EAF46E11B7B78A650500BC08;2025-05-17;-4.0;-125.88
25C32C7FC889EE1191EE1065050009B9;44673735EAF46E11B7B78A650500BC08;2025-05-17;-2.0;-372.3
C3F5E415AA79DE11406610650500414A;44673735EAF46E11B7B78A650500BC08;2025-05-17;-8.0;-1608.0
E7E775736E24DE11ADB31065050040C8;44673735EAF46E11B7B78A650500BC08;2025-05-17;-8.0;-559.28
A7218C1035B4DE11ADB310650500F0C8;44673735EAF46E11B7B78A650500BC08;2025-05-17;-4.0;-378.8
CF1DE08C639F9E117260106505004D4A;44673735EAF46E11B7B78A650500BC08;2025-05-17;-6.0;-149.39999999999998
AD74C05C650ADE11406610650500F14A;44673735EAF46E11B7B78A650500BC08;2025-05-17;-2.0;-216.26
E25F50F3ED456E11B7B78A650500BC08;44673735EAF46E11B7B78A650500BC08;2025-05-17;-4.0;-289.2
9CA23D7AEACB8E11F243BB650500624B;44673735EAF46E11B7B78A650500BC08;2025-05-17;-4.0;-467.62
201F18FBF9456E11B7B78A650500BC08;44673735EAF46E11B7B78A650500BC08;2025-05-17;-10.0;-145.0
7C32A1754C456E11B7B78A650500BC08;44673735EAF46E11B7B78A650500BC08;2025-05-17;-10.0;-420.44
DD51B1B79BBD7E110819BB65050039AA;44673735EAF46E11B7B78A650500BC08;2025-05-17;-2.0;-2880.94
2293B56AFE679E11554010650500024B;44673735EAF46E11B7B78A650500BC08;2025-05-17;-6.0;-1740.0
DF6A56559C456E11B7B78A650500BC08;44673735EAF46E11B7B78A650500BC08;2025-05-17;-18.0;-2511.26
D4852C344D907E11B7B78A650500CD08;44673735EAF46E11B7B78A650500BC08;2025-05-17;-8.0;-1192.0
798618EE83C5AE11BE2110650500484A;44673735EAF46E11B7B78A650500BC08;2025-05-17;-4.0;-1845.2
3C3D615121C8FE11128010650500D819;44673735EAF46E11B7B78A650500BC08;2025-05-17;-4.0;-114.94
733380CE4A456E11B7B78A650500BC08;44673735EAF46E11B7B78A650500BC08;2025-05-17;-2.0;-53.48
870B528798A05E1142D58A650500BC08;44673735EAF46E11B7B78A650500BC08;2025-05-17;-2.0;-696.0
588FD17C7F95FE1191EE1065050031C9;44673735EAF46E11B7B78A650500BC08;2025-05-17;-8.0;-2381.6
DF45255DE736FE1191EE10650500F1C9;44673735EAF46E11B7B78A650500BC08;2025-05-17;-2.0;-551.96
99EE18AAFD456E11B7B78A650500BC08;44673735EAF46E11B7B78A650500BC08;2025-05-17;-4.0;-932.0
4A2C5EF22CF9EE1191EE1065050009B9;44673735EAF46E11B7B78A650500BC08;2025-05-17;-4.0;-2166.58
47E2F5E995F00F11112A674AC7E2A889;44673735EAF46E11B7B78A650500BC08;2025-05-17;-2.0;-379.48
0A1A580CBC1C6E11B7B78A650500BC08;44673735EAF46E11B7B78A650500BC08;2025-05-17;-10.0;-148.8
3F85994CB11A8E11F243BB650500304B;44673735EAF46E11B7B78A650500BC08;2025-05-17;-14.0;-267.53999999999996
42B0BB5F01CAED11A62CD892C0003F2A;44673735EAF46E11B7B78A650500BC08;2025-05-17;-2.0;-337.28
7DAA1AEE68DDCE11ADB31065050097B8;44673735EAF46E11B7B78A650500BC08;2025-05-17;-2.0;-87.94
3FD624E0CFC5EE1191EE1065050055B9;44673735EAF46E11B7B78A650500BC08;2025-05-17;-8.0;-855.2
93B65EB0E6568E11F243BB6505007B3B;44673735EAF46E11B7B78A650500BC08;2025-05-17;-4.0;-249.04
3751982A6CFA7E110819BB65050039AA;44673735EAF46E11B7B78A650500BC08;2025-05-17;-10.0;-2326.6
01BE76E2DC456E11B7B78A650500BC08;44673735EAF46E11B7B78A650500BC08;2025-05-17;-2.0;-420.98
1D577F655AE66E11B7B78A650500BC08;44673735EAF46E11B7B78A650500BC08;2025-05-17;-2.0;-60.0
F18D100B9497EE1191EE1065050047B9;44673735EAF46E11B7B78A650500BC08;2025-05-17;-4.0;-704.0
5F3F8DD3C11A8E11F243BB650500304B;44673735EAF46E11B7B78A650500BC08;2025-05-17;-4.0;-212.0
886DD158D0CAED11A62CD892C0003F2A;44673735EAF46E11B7B78A650500BC08;2025-05-17;-2.0;-230.58
651983C9FCFF6E11B7B78A650500CD08;44673735EAF46E11B7B78A650500BC08;2025-05-17;-2.0;-939.0
365FB6B0EAF6DE11C846106505001F6A;44673735EAF46E11B7B78A650500BC08;2025-05-17;-2.0;-378.98
72DE717F72C97E110819BB65050019AA;44673735EAF46E11B7B78A650500BC08;2025-05-17;-2.0;-226.12
993F26818257DE11C846106505008F6A;44673735EAF46E11B7B78A650500BC08;2025-05-17;-2.0;-471.98
97C5C96F1E456E11B7B78A650500BC08;44673735EAF46E11B7B78A650500BC08;2025-05-17;-4.0;-1048.68
E11FF008238FCE11ADB310650500D9B8;44673735EAF46E11B7B78A650500BC08;2025-05-17;-6.0;-877.3199999999999
ABE0C9EACED4DE11ADB31065050021C8;44673735EAF46E11B7B78A650500BC08;2025-05-17;-2.0;-81.0
5419ADCF5EBEAE11BE2110650500C35A;44673735EAF46E11B7B78A650500BC08;2025-05-17;-2.0;-96.44
8341FA5710556E11B7B78A650500BC08;44673735EAF46E11B7B78A650500BC08;2025-05-17;-4.0;-964.12
9DDDB6F58708BE118772106505008759;44673735EAF46E11B7B78A650500BC08;2025-05-17;-2.0;-458.0
B3074CCD087A9E115250106505007B4A;44673735EAF46E11B7B78A650500BC08;2025-05-17;0.0;0.0
3CEB5D8DD22BBE118772106505007B59;44673735EAF46E11B7B78A650500BC08;2025-05-17;-6.0;-180.6
691CB051659F6E11B7B78A650500CD08;44673735EAF46E11B7B78A650500BC08;2025-05-17;-4.0;-1356.0
915190E0782DCE11ADB310650500A6B8;44673735EAF46E11B7B78A650500BC08;2025-05-17;-2.0;-1486.0
4726518B3C456E11B7B78A650500BC08;44673735EAF46E11B7B78A650500BC08;2025-05-17;-4.0;-1409.1
77AD25AB066E9E11726010650500CB4A;44673735EAF46E11B7B78A650500BC08;2025-05-17;-2.0;-39.66
89940A341B6BAE11BE21106505008F4A;44673735EAF46E11B7B78A650500BC08;2025-05-17;-2.0;-363.6
B9A2D871DD456E11B7B78A650500BC08;44673735EAF46E11B7B78A650500BC08;2025-05-17;-4.0;-1508.0
3017CFFD8E84BE11BE21106505002B5A;44673735EAF46E11B7B78A650500BC08;2025-05-17;-2.0;-908.02
C6E9464D72C97E110819BB65050019AA;44673735EAF46E11B7B78A650500BC08;2025-05-17;-2.0;-313.98
40010CA07752CE11877210650500A469;44673735EAF46E11B7B78A650500BC08;2025-05-17;-2.0;-589.0
C20DED1F3C456E11B7B78A650500BC08;44673735EAF46E11B7B78A650500BC08;2025-05-17;-4.0;-1025.6
63D0BFDBA60C4E1142D58A650500BC08;44673735EAF46E11B7B78A650500BC08;2025-05-17;-4.0;-519.2
B1122323BCBCAE11BE2110650500315A;44673735EAF46E11B7B78A650500BC08;2025-05-17;-4.0;-676.6
5F3C03016F456E11B7B78A650500BC08;44673735EAF46E11B7B78A650500BC08;2025-05-17;-4.0;-1039.56
2D7776C5E528CE11ADB310650500EFA8;44673735EAF46E11B7B78A650500BC08;2025-05-17;-8.0;-349.6
001CFDEFF7976E11B7B78A650500BC08;44673735EAF46E11B7B78A650500BC08;2025-05-17;-2.0;-537.24
42186D999C456E11B7B78A650500BC08;44673735EAF46E11B7B78A650500BC08;2025-05-17;-24.0;-348.6
D3B65EB0E6568E11F243BB6505007B3B;44673735EAF46E11B7B78A650500BC08;2025-05-17;-4.0;-199.62
834A7A192CBE9E117260106505003C4A;44673735EAF46E11B7B78A650500BC08;2025-05-17;-2.0;-474.0
086304C34E456E11B7B78A650500BC08;44673735EAF46E11B7B78A650500BC08;2025-05-17;-12.0;-3120.0
8BD1830E31E99E11525010650500BA4A;44673735EAF46E11B7B78A650500BC08;2025-05-17;-4.0;-1578.9
831188AEB11A8E11F243BB650500304B;44673735EAF46E11B7B78A650500BC08;2025-05-17;-2.0;-101.54
98D45E0FB6197E110819BB65050009AA;44673735EAF46E11B7B78A650500BC08;2025-05-17;-2.0;-113.46
3E5970882DC97E110819BB65050019AA;44673735EAF46E11B7B78A650500BC08;2025-05-17;-2.0;-141.12
7522F27C92E0DE11ADB310650500DBB8;44673735EAF46E11B7B78A650500BC08;2025-05-17;-2.0;-202.7
FF3453A763039E115540106505004C3B;44673735EAF46E11B7B78A650500BC08;2025-05-17;-4.0;-193.0
9EAFD42E358EBE11877210650500CF59;44673735EAF46E11B7B78A650500BC08;2025-05-17;-4.0;-2295.4
767B49D1D1405E1142D58A650500BC08;44673735EAF46E11B7B78A650500BC08;2025-05-17;-2.0;-762.84
FCAF96E59DE9EE1191EE1065050009B9;44673735EAF46E11B7B78A650500BC08;2025-05-17;-6.0;-428.84
7DE561157946DE11ADB310650500F2C8;44673735EAF46E11B7B78A650500BC08;2025-05-17;-2.0;-84.48
9379BA83CEF9FE11128010650500E819;44673735EAF46E11B7B78A650500BC08;2025-05-17;-6.0;-792.0
1FFEB44CFFC7EE1191EE1065050097B9;44673735EAF46E11B7B78A650500BC08;2025-05-17;-4.0;-462.8
B35D1C9034B0FE1191EE10650500CAB9;44673735EAF46E11B7B78A650500BC08;2025-05-17;-2.0;-131.82
F7AB6A1F00300F11F1557891FE698789;44673735EAF46E11B7B78A650500BC08;2025-05-17;-2.0;-589.96
3DEE248187A7CE11ADB3106505004FA8;44673735EAF46E11B7B78A650500BC08;2025-05-17;-2.0;-48.16
96D902A3047C6E11B7B78A650500BC08;44673735EAF46E11B7B78A650500BC08;2025-05-17;0.0;0.0
34E3D2A417B49E115540106505008E3B;44673735EAF46E11B7B78A650500BC08;2025-05-17;-2.0;-651.92
97E01FBCF911BE11BE2110650500C65A;44673735EAF46E11B7B78A650500BC08;2025-05-17;-2.0;-1620.0
BBDEAADDCC4CFE111280106505000919;44673735EAF46E11B7B78A650500BC08;2025-05-17;-14.0;-2324.0
A3EE077F7D456E11B7B78A650500BC08;44673735EAF46E11B7B78A650500BC08;2025-05-17;-2.0;-62.4
F958103B3E456E11B7B78A650500BC08;44673735EAF46E11B7B78A650500BC08;2025-05-17;-2.0;-2541.94
BC4BA70BC31DAE11BE2110650500A15A;44673735EAF46E11B7B78A650500BC08;2025-05-17;-8.0;-1717.84
545DF2F026B8FE11128010650500D819;44673735EAF46E11B7B78A650500BC08;2025-05-17;-8.0;-3941.28
58E5CF7ECAD0FE1191EE10650500FAB9;44673735EAF46E11B7B78A650500BC08;2025-05-17;-2.0;-146.62
A04D7062196BEE1191EE1065050029B9;44673735EAF46E11B7B78A650500BC08;2025-05-17;-4.0;-142.2
DB6562D6E770BE11BE2110650500F55A;44673735EAF46E11B7B78A650500BC08;2025-05-17;-6.0;-67.22
8ED32CEC76018E110819BB65050039AA;44673735EAF46E11B7B78A650500BC08;2025-05-17;-4.0;-233.84
48F30813BA66CE11ADB310650500BDA8;44673735EAF46E11B7B78A650500BC08;2025-05-17;-2.0;-125.84
F5C36E0D7D79FE11128010650500E819;44673735EAF46E11B7B78A650500BC08;2025-05-17;-2.0;-135.74
CC7AA77989A67E11B7B78A650500ED08;44673735EAF46E11B7B78A650500BC08;2025-05-17;-2.0;-178.54
291DD8F181E4EE11B1AD1065050078EA;44673735EAF46E11B7B78A650500BC08;2025-05-17;-2.0;-506.0
01B8B03406A7BE118772106505000759;44673735EAF46E11B7B78A650500BC08;2025-05-17;-2.0;-100.02
B325B47BFD456E11B7B78A650500BC08;44673735EAF46E11B7B78A650500BC08;2025-05-17;-4.0;-932.0
F2AF38F5A6F5AE11BE2110650500984A;44673735EAF46E11B7B78A650500BC08;2025-05-17;-2.0;-35.24
22979924029A9E115250106505009B4A;44673735EAF46E11B7B78A650500BC08;2025-05-17;-2.0;-598.56
FC5DEC0DF0CAED11A62CD892C0003F2A;44673735EAF46E11B7B78A650500BC08;2025-05-17;-2.0;-553.84
080669A55EED7E110819BB65050039AA;44673735EAF46E11B7B78A650500BC08;2025-05-17;-2.0;-82.8
DA6562D6E770BE11BE2110650500F55A;44673735EAF46E11B7B78A650500BC08;2025-05-17;-2.0;-24.52
A62352B9AC456E11B7B78A650500BC08;44673735EAF46E11B7B78A650500BC08;2025-05-17;-4.0;-297.28
AC0ECEF0EC065E1142D58A650500DC08;FC081C55582CED11A62CD892C0003F2A;2025-05-17;-294.0;-1564.0800000000002
023BC67DFD92FE1191EE106505003DB9;FC081C55582CED11A62CD892C0003F2A;2025-05-17;-2.0;-428.24
F7B9B031FF13CE11877210650500A569;FC081C55582CED11A62CD892C0003F2A;2025-05-17;-12.0;-548.5
3CC764FABCDFCE11ADB3106505005AB8;FC081C55582CED11A62CD892C0003F2A;2025-05-17;-2.0;-355.86
5F6FB9B5BB363E11052F6792C000FF39;FC081C55582CED11A62CD892C0003F2A;2025-05-17;-4.0;-223.36
65E1E77DC8D58E11F243BB650500CA3B;FC081C55582CED11A62CD892C0003F2A;2025-05-17;-4.0;-369.6
BF87027411CAED11A62CD892C0003F2A;FC081C55582CED11A62CD892C0003F2A;2025-05-17;-2.0;-637.6
C8B4C08B04D2FE1191EE106505007DB9;FC081C55582CED11A62CD892C0003F2A;2025-05-17;-2.0;-748.42
9EEC5B916F35DE11ADB310650500A1C8;FC081C55582CED11A62CD892C0003F2A;2025-05-17;-2.0;-245.0
8E6E948E05B4DE11ADB310650500F0C8;FC081C55582CED11A62CD892C0003F2A;2025-05-17;-2.0;-116.16
FCAF3F1934CFFD11A4A96492C0001019;FC081C55582CED11A62CD892C0003F2A;2025-05-17;-4.0;-502.96
AEDCC768C4BC3E11052F6792C000D249;FC081C55582CED11A62CD892C0003F2A;2025-05-17;-2.0;-147.44
6B0AF03BCDFA3E11052F6792C000D249;FC081C55582CED11A62CD892C0003F2A;2025-05-17;-4.0;-538.08
A6B181DF2733FE1191EE106505000EB9;FC081C55582CED11A62CD892C0003F2A;2025-05-17;-2.0;-191.54
AD5EFC1702CAED11A62CD892C0003F2A;FC081C55582CED11A62CD892C0003F2A;2025-05-17;-2.0;-433.7
1F7BC7EFA70ECE11ADB310650500D7B8;FC081C55582CED11A62CD892C0003F2A;2025-05-17;-12.0;-1311.1200000000001
4D4F333878C45E1142D58A650500DC08;FC081C55582CED11A62CD892C0003F2A;2025-05-17;-4.0;-488.56
892CD956A0CAED11A62CD892C0003F2A;FC081C55582CED11A62CD892C0003F2A;2025-05-17;-6.0;-942.0
761A89C21050EE114066106505004A4A;FC081C55582CED11A62CD892C0003F2A;2025-05-17;-2.0;-1084.82
0CC6A366D0CAED11A62CD892C0003F2A;FC081C55582CED11A62CD892C0003F2A;2025-05-17;-6.0;-2054.16
25F103FED8D00E11A4A96492C0002019;FC081C55582CED11A62CD892C0003F2A;2025-05-17;-10.0;-656.8000000000001
62590D9CCDBDCE11ADB31065050077B8;FC081C55582CED11A62CD892C0003F2A;2025-05-17;-2.0;-223.64
753BF8801BA8FE11128010650500D819;FC081C55582CED11A62CD892C0003F2A;2025-05-17;-4.0;-563.04
25FAD0A363F7DE11C84610650500507A;FC081C55582CED11A62CD892C0003F2A;2025-05-17;-6.0;-239.39999999999998
59929EB04623DE11ADB310650500DEB8;FC081C55582CED11A62CD892C0003F2A;2025-05-17;-2.0;-487.6
18EE1F869A278E11F243BB6505008C3B;FC081C55582CED11A62CD892C0003F2A;2025-05-17;-4.0;-168.24
1A9E47EAD0CAED11A62CD892C0003F2A;FC081C55582CED11A62CD892C0003F2A;2025-05-17;-2.0;-196.72
FF5DC1118D8FFE11F1557891FE69B689;FC081C55582CED11A62CD892C0003F2A;2025-05-17;-2.0;-941.12
E24334C29BF22E1143F0668E4200C71A;FC081C55582CED11A62CD892C0003F2A;2025-05-17;-4.0;-1516.72
A4A97BB648CDCE11ADB31065050087B8;FC081C55582CED11A62CD892C0003F2A;2025-05-17;-2.0;-310.46
FA0D129EF77EFE11F1557891FE695589;FC081C55582CED11A62CD892C0003F2A;2025-05-17;-2.0;-82.22
6C1F98BA29265E1142D58A650500DC08;FC081C55582CED11A62CD892C0003F2A;2025-05-17;-24.0;-3903.8399999999997
F6FFE3D7D99DDE11406610650500B64A;FC081C55582CED11A62CD892C0003F2A;2025-05-17;-4.0;-435.52
0C95135EF513CE118772106505009569;FC081C55582CED11A62CD892C0003F2A;2025-05-17;-2.0;-2463.94
DA4D455DE0CAED11A62CD892C0003F2A;FC081C55582CED11A62CD892C0003F2A;2025-05-17;-4.0;-3416.4
1DA346C60EE6DE11C846106505000F6A;FC081C55582CED11A62CD892C0003F2A;2025-05-17;-2.0;-22.26
07004D8311CAED11A62CD892C0003F2A;FC081C55582CED11A62CD892C0003F2A;2025-05-17;-2.0;-980.0
28D313385412FE1191EE106505008CB9;FC081C55582CED11A62CD892C0003F2A;2025-05-17;-2.0;-272.8
984F1F0871500F11F1557891FE69B789;FC081C55582CED11A62CD892C0003F2A;2025-05-17;-2.0;-38.0
BCF5C133B3D67E11B7B78A650500ED08;FC081C55582CED11A62CD892C0003F2A;2025-05-17;-4.0;-98.28
FEF75E703E56BE118772106505006559;FC081C55582CED11A62CD892C0003F2A;2025-05-17;-2.0;-178.0
00FD6FFE9E16BE118772106505001559;FC081C55582CED11A62CD892C0003F2A;2025-05-17;-2.0;-27.12
7CB41BC39E74FE1191EE10650500CFB9;FC081C55582CED11A62CD892C0003F2A;2025-05-17;-6.0;-331.5
449976D13FC0FE1191EE10650500EAB9;FC081C55582CED11A62CD892C0003F2A;2025-05-17;-4.0;-81.48
BDC3C5F36494FE1191EE10650500EFB9;FC081C55582CED11A62CD892C0003F2A;2025-05-17;-2.0;-105.74
A8627C8DD8D9BE11877210650500D959;FC081C55582CED11A62CD892C0003F2A;2025-05-17;-2.0;-65.26
F994687F27E3FE1191EE10650500FEB9;FC081C55582CED11A62CD892C0003F2A;2025-05-17;-2.0;-286.22
38F02E6A4F09FE11128010650500E819;FC081C55582CED11A62CD892C0003F2A;2025-05-17;-4.0;-31.14
B04B0D7F03D4AE11726010650500F35A;FC081C55582CED11A62CD892C0003F2A;2025-05-17;-2.0;-12.82
FC1ED3A2C34DEE1191EE1065050029B9;FC081C55582CED11A62CD892C0003F2A;2025-05-17;-2.0;-128.0
68581F2D70900F11F1557891FE690889;FC081C55582CED11A62CD892C0003F2A;2025-05-17;-2.0;-154.84
03EE1F4D1EE88E11F243BB650500CE3B;FC081C55582CED11A62CD892C0003F2A;2025-05-17;-2.0;-81.24
B65C4AE38F9FDE11406610650500694A;FC081C55582CED11A62CD892C0003F2A;2025-05-17;-2.0;-34.32
B4794D776BBD3E11052F6792C000D249;FC081C55582CED11A62CD892C0003F2A;2025-05-17;-2.0;-11.14
1A92EBF771500F11F1557891FE69B789;FC081C55582CED11A62CD892C0003F2A;2025-05-17;-2.0;-38.0
5AFAAD04D9FC9E11726010650500E94A;FC081C55582CED11A62CD892C0003F2A;2025-05-17;-2.0;-81.3
84CBBBBCF393DE11ADB3106505006FB8;FC081C55582CED11A62CD892C0003F2A;2025-05-17;-2.0;-96.28
B94E04ACC691FE1191EE10650500EBB9;FC081C55582CED11A62CD892C0003F2A;2025-05-17;-2.0;-23.66
3A23917BDDF5DE11ADB31065050092C8;FC081C55582CED11A62CD892C0003F2A;2025-05-17;-2.0;-98.0
4966C0770DECEE1191EE1065050029B9;FC081C55582CED11A62CD892C0003F2A;2025-05-17;-2.0;-15.94
91B29655B3D67E11B7B78A650500ED08;FC081C55582CED11A62CD892C0003F2A;2025-05-17;-4.0;-111.16
8DA4A40EAA4A7E110819BB65050039AA;FC081C55582CED11A62CD892C0003F2A;2025-05-17;-4.0;-3679.2200000000003
80F3A378A4170E11A4A96492C000EC6A;FC081C55582CED11A62CD892C0003F2A;2025-05-17;-2.0;-264.0
0133F6C2D74CDE11406610650500054A;FC081C55582CED11A62CD892C0003F2A;2025-05-17;-2.0;-45.58
FC0B74D7D0CAED11A62CD892C0003F2A;FC081C55582CED11A62CD892C0003F2A;2025-05-17;-2.0;-254.78
CA365B874A517E11B7B78A650500CD08;FC081C55582CED11A62CD892C0003F2A;2025-05-17;-4.0;-242.89999999999998
D4FD551C5BF5CE11ADB3106505007DA8;FC081C55582CED11A62CD892C0003F2A;2025-05-17;-2.0;-547.54
9F6D0F4C8EA3FD110DC22A92C000C499;FC081C55582CED11A62CD892C0003F2A;2025-05-17;-6.0;-1830.06
953CB89C1A5FFE11F1557891FE697689;FC081C55582CED11A62CD892C0003F2A;2025-05-17;-2.0;-105.94
4622243AB7A0EE11406610650500BA4A;FC081C55582CED11A62CD892C0003F2A;2025-05-17;-2.0;-336.8
C4546055E1CAED11A62CD892C0003F2A;FC081C55582CED11A62CD892C0003F2A;2025-05-17;-2.0;-18.4
CF51F5D89FB5EE1191EE1065050045B9;FC081C55582CED11A62CD892C0003F2A;2025-05-17;-2.0;-81.6
4095C9075AF6DE11C846106505001F6A;FC081C55582CED11A62CD892C0003F2A;2025-05-17;-2.0;-3932.22
D2C73ACACE6AFE11128010650500E819;FC081C55582CED11A62CD892C0003F2A;2025-05-17;-2.0;-1927.82
637BD60C0BF3DE11ADB310650500FFB8;FC081C55582CED11A62CD892C0003F2A;2025-05-17;-2.0;-4632.0
B54F219E2D148E113835BB6505009CAA;FC081C55582CED11A62CD892C0003F2A;2025-05-17;-4.0;-253.6
FA65ED4652B7BE118772106505001759;FC081C55582CED11A62CD892C0003F2A;2025-05-17;-6.0;-216.84
03444D4BCEF5DE11ADB31065050092C8;FC081C55582CED11A62CD892C0003F2A;2025-05-17;-4.0;-764.5
53C317C16D89FE11128010650500E819;FC081C55582CED11A62CD892C0003F2A;2025-05-17;-2.0;-517.46
4544DE59DD7ABE11877210650500AA59;FC081C55582CED11A62CD892C0003F2A;2025-05-17;-2.0;-349.6
9238A0B8019EBE11877210650500DF59;FC081C55582CED11A62CD892C0003F2A;2025-05-17;-4.0;-111.44
2D42EF4B16137E11B7B78A650500DD08;FC081C55582CED11A62CD892C0003F2A;2025-05-17;-8.0;-824.12
A0C1B01B55B4DE11ADB310650500F0C8;FC081C55582CED11A62CD892C0003F2A;2025-05-17;-6.0;-249.71999999999997
AAF0E95DAE084E1142D58A6505002C08;FC081C55582CED11A62CD892C0003F2A;2025-05-17;-2.0;-688.98
AF648DE0E9183E11052F6792C000B249;FC081C55582CED11A62CD892C0003F2A;2025-05-17;-2.0;-930.62
28CA0A597727CE11ADB310650500AEA8;FC081C55582CED11A62CD892C0003F2A;2025-05-17;-4.0;-282.24
B960E25193688E11F243BB6505001E3B;FC081C55582CED11A62CD892C0003F2A;2025-05-17;-2.0;-71.06
FD588E9FAD67EE1191EE1065050017B9;FC081C55582CED11A62CD892C0003F2A;2025-05-17;-2.0;-185.32
E6AF8A5FC0CAED11A62CD892C0003F2A;FC081C55582CED11A62CD892C0003F2A;2025-05-17;-6.0;-663.3
BF67FB2AC9785E1142D58A650500DC08;FC081C55582CED11A62CD892C0003F2A;2025-05-17;-6.0;-395.24
8C02367FDEE2BE11BE2110650500195A;FC081C55582CED11A62CD892C0003F2A;2025-05-17;-2.0;-36.7
75555AF2DF11DE11ADB3106505003CB8;FC081C55582CED11A62CD892C0003F2A;2025-05-17;-2.0;-837.32
0FEE4E22C596DE11ADB31065050053C8;FC081C55582CED11A62CD892C0003F2A;2025-05-17;-2.0;-941.46
70FAA0D08CEC5E1142D58A6505002D08;FC081C55582CED11A62CD892C0003F2A;2025-05-17;-2.0;-470.7
C7CBE3A152FCED11A62CD892C0003F2A;FC081C55582CED11A62CD892C0003F2A;2025-05-17;-2.0;-268.72
DB97D5A3DDE6DE11C846106505000F6A;FC081C55582CED11A62CD892C0003F2A;2025-05-17;-2.0;-21.62
670D35FEF1218E110819BB65050039AA;FC081C55582CED11A62CD892C0003F2A;2025-05-17;-4.0;-315.28
EE280D4ACE23FD110DC22A92C000C499;FC081C55582CED11A62CD892C0003F2A;2025-05-17;-4.0;-622.56
3B754762F0CAED11A62CD892C0003F2A;FC081C55582CED11A62CD892C0003F2A;2025-05-17;-4.0;-1626.8400000000001
8FB58F6876807E11B7B78A650500CD08;FC081C55582CED11A62CD892C0003F2A;2025-05-17;-2.0;-573.6
153BC88E18939E115540106505000D3B;FC081C55582CED11A62CD892C0003F2A;2025-05-17;-4.0;-706.94
DB71BF7839C6DE11C84610650500DE6A;FC081C55582CED11A62CD892C0003F2A;2025-05-17;-4.0;-47.32
A3908946B0E14E1142D58A650500DB08;FC081C55582CED11A62CD892C0003F2A;2025-05-17;-2.0;-759.68
5E985E54D0917E11B7B78A650500CD08;FC081C55582CED11A62CD892C0003F2A;2025-05-17;-2.0;-1410.72
6999F16DC9822E1143F0668E4200C71A;FC081C55582CED11A62CD892C0003F2A;2025-05-17;-2.0;-136.9
D26AB7B500556E11B7B78A650500BC08;FC081C55582CED11A62CD892C0003F2A;2025-05-17;-18.0;-1987.74
1179538AF7D1FE1191EE106505003CB9;FC081C55582CED11A62CD892C0003F2A;2025-05-17;-10.0;-1091.4
3B670700E0CAED11A62CD892C0003F2A;FC081C55582CED11A62CD892C0003F2A;2025-05-17;-2.0;-175.8
8D2159E86589DE11406610650500514A;FC081C55582CED11A62CD892C0003F2A;2025-05-17;-4.0;-998.02
8485F319FC8FCE11ADB310650500E9B8;FC081C55582CED11A62CD892C0003F2A;2025-05-17;-8.0;-544.32
C5917AB011CAED11A62CD892C0003F2A;FC081C55582CED11A62CD892C0003F2A;2025-05-17;-2.0;-1008.62
D3FE335EEB6DFE11F1557891FE690489;FC081C55582CED11A62CD892C0003F2A;2025-05-17;-2.0;-519.8
7C4D78BD4DA1EE114066106505000C4A;FC081C55582CED11A62CD892C0003F2A;2025-05-17;-4.0;-2368.28
874B874C22238E117E64BB6505005BAA;FC081C55582CED11A62CD892C0003F2A;2025-05-17;-2.0;-105.0
1274EDE583E2DE11ADB3106505008EB8;FC081C55582CED11A62CD892C0003F2A;2025-05-17;-2.0;-289.86
D02C03643B2CBE11877210650500CC59;FC081C55582CED11A62CD892C0003F2A;2025-05-17;-2.0;-547.0
45C22AA78EAFEE1191EE1065050079B9;FC081C55582CED11A62CD892C0003F2A;2025-05-17;-2.0;-634.24
4F3C7CB6F13DBE118772106505001E59;FC081C55582CED11A62CD892C0003F2A;2025-05-17;-2.0;-684.72
2A79254529DDCE11ADB31065050097B8;FC081C55582CED11A62CD892C0003F2A;2025-05-17;-4.0;-600.0
77195B37B9A86E11B7B78A650500BC08;FC081C55582CED11A62CD892C0003F2A;2025-05-17;-2.0;-95.98
2CA0FAAAF61ECE11ADB310650500E7B8;FC081C55582CED11A62CD892C0003F2A;2025-05-17;-2.0;-373.52
76DA38B6E1CAED11A62CD892C0003F2A;FC081C55582CED11A62CD892C0003F2A;2025-05-17;-2.0;-750.02
03B0C2BFB41AFE11128010650500E819;FC081C55582CED11A62CD892C0003F2A;2025-05-17;-2.0;-112.32
3B8A6DDF9C17CE11ADB3106505009EA8;FC081C55582CED11A62CD892C0003F2A;2025-05-17;-1.6;-3120.46
79D7EFC706078E11F243BB6505005C3B;FC081C55582CED11A62CD892C0003F2A;2025-05-17;-2.0;-399.84
5E031EC32123CE11877210650500A569;FC081C55582CED11A62CD892C0003F2A;2025-05-17;-2.0;-66.82
D2801BDA2640FE1191EE106505003AB9;FC081C55582CED11A62CD892C0003F2A;2025-05-17;-2.0;-767.7
6B1D3C0B700CEE1191EE1065050029B9;FC081C55582CED11A62CD892C0003F2A;2025-05-17;-2.0;-4240.48
0E467BEEEEE4AE11726010650500145A;FC081C55582CED11A62CD892C0003F2A;2025-05-17;-2.0;-32.72
345DC7F6891A6E11B7B78A650500BC08;FC081C55582CED11A62CD892C0003F2A;2025-05-17;-2.0;-421.64
C15FC812365FFE11F1557891FE697689;FC081C55582CED11A62CD892C0003F2A;2025-05-17;-2.0;-149.32
F7DF837DF2D2FE1191EE106505007DB9;FC081C55582CED11A62CD892C0003F2A;2025-05-17;-2.0;-383.02
0D72AFE8129EFE11F1557891FE697589;FC081C55582CED11A62CD892C0003F2A;2025-05-17;-2.0;-74.16
5FB5171B4DA1EE114066106505000C4A;FC081C55582CED11A62CD892C0003F2A;2025-05-17;-10.0;-1005.4000000000001
9669C44B146B3E11052F6792C000D249;FC081C55582CED11A62CD892C0003F2A;2025-05-17;-2.0;-119.94
2864EF978BCE8E11F243BB650500C64B;FC081C55582CED11A62CD892C0003F2A;2025-05-17;-4.0;-623.0
E8252C6CA454EE11B1AD10650500C7EA;FC081C55582CED11A62CD892C0003F2A;2025-05-17;-2.0;-881.8
247A7086F254DE11ADB31065050070C8;FC081C55582CED11A62CD892C0003F2A;2025-05-17;-4.0;-1671.66
E8D5D8CC1A5FFE11F1557891FE697689;FC081C55582CED11A62CD892C0003F2A;2025-05-17;-2.0;-231.12
E77D6519E7E97E110819BB65050019AA;FC081C55582CED11A62CD892C0003F2A;2025-05-17;-4.0;-1003.68
752787C8822B7E110819BB65050039AA;FC081C55582CED11A62CD892C0003F2A;2025-05-17;-2.0;-317.86
67328AB28754EE11B1AD10650500C7EA;FC081C55582CED11A62CD892C0003F2A;2025-05-17;-2.0;-46.28
C3D8C1394D85DE11ADB31065050002C8;FC081C55582CED11A62CD892C0003F2A;2025-05-17;-2.0;-208.6
F91EFD2BE112EE114066106505009C4A;FC081C55582CED11A62CD892C0003F2A;2025-05-17;-2.0;-103.56
6918D8A129205E1142D58A650500BC08;FC081C55582CED11A62CD892C0003F2A;2025-05-17;-2.0;-1033.38
3B5E021100E7EE1191EE10650500A7B9;FC081C55582CED11A62CD892C0003F2A;2025-05-17;-2.0;-7.64
DA39958560CBEE1191EE1065050029B9;FC081C55582CED11A62CD892C0003F2A;2025-05-17;-6.0;-557.7
CE3A9D65008EFE11F1557891FE696589;FC081C55582CED11A62CD892C0003F2A;2025-05-17;-2.0;-55.44
97DCB3755D74FE1191EE10650500CFB9;FC081C55582CED11A62CD892C0003F2A;2025-05-17;-2.0;-296.46
6D1EE57B123EDE11406610650500874A;FC081C55582CED11A62CD892C0003F2A;2025-05-17;-4.0;-145.76
E7C5C2ECFED9DE11406610650500C14A;FC081C55582CED11A62CD892C0003F2A;2025-05-17;-2.0;-414.0
F6F107EA01CAED11A62CD892C0003F2A;FC081C55582CED11A62CD892C0003F2A;2025-05-17;-2.0;-319.44
8A19F19EEE2ECE11ADB31065050008B8;FC081C55582CED11A62CD892C0003F2A;2025-05-17;-2.0;-232.0
6396BB8EEB0AFE11128010650500E819;FC081C55582CED11A62CD892C0003F2A;2025-05-17;-2.0;-91.4
6AD0AC0CA454EE11B1AD10650500C7EA;FC081C55582CED11A62CD892C0003F2A;2025-05-17;-2.0;-881.8
85757CEB9DE8FD11A4A96492C000AA89;FC081C55582CED11A62CD892C0003F2A;2025-05-17;-4.0;-3157.1
2D6280087B5EEE1191EE1065050029B9;FC081C55582CED11A62CD892C0003F2A;2025-05-17;-2.0;-133.2
7F1DD6192642FE1191EE10650500CCB9;FC081C55582CED11A62CD892C0003F2A;2025-05-17;-2.0;-866.54
B2E00B7EBAC9FE11128010650500E819;FC081C55582CED11A62CD892C0003F2A;2025-05-17;-4.0;-204.0
7D4AA3ABECC65E1142D58A650500DC08;FC081C55582CED11A62CD892C0003F2A;2025-05-17;-2.0;-860.76
9FB8C66199E4DE11ADB31065050031C8;FC081C55582CED11A62CD892C0003F2A;2025-05-17;-2.0;-445.3
4838747444AE9E117260106505001C4A;FC081C55582CED11A62CD892C0003F2A;2025-05-17;-2.0;-292.78
8F1510E324FD4E1142D58A650500BC08;FC081C55582CED11A62CD892C0003F2A;2025-05-17;-4.0;-717.72
E969F41334AB8E11F243BB650500324B;FC081C55582CED11A62CD892C0003F2A;2025-05-17;-2.0;-979.48
2B8779C141CAED11A62CD892C0003F2A;FC081C55582CED11A62CD892C0003F2A;2025-05-17;-2.0;-372.02
08FD75FDFDFBEE1191EE1065050029B9;FC081C55582CED11A62CD892C0003F2A;2025-05-17;-2.0;-2317.74
8C03F11A4094DE11ADB310650500C0C8;FC081C55582CED11A62CD892C0003F2A;2025-05-17;-2.0;-128.68
766AFF5DEBA4EE11B1AD1065050038EA;FC081C55582CED11A62CD892C0003F2A;2025-05-17;-2.0;-489.84
01F7ACBDCA053E11052F6792C000FF39;FC081C55582CED11A62CD892C0003F2A;2025-05-17;-2.0;-314.96
B148C3C951CAED11A62CD892C0003F2A;FC081C55582CED11A62CD892C0003F2A;2025-05-17;-2.0;-324.7
2776EC1BFE7ABE11877210650500AA59;FC081C55582CED11A62CD892C0003F2A;2025-05-17;-2.0;-628.18
E39101B1899FFE11F1557891FE69C689;FC081C55582CED11A62CD892C0003F2A;2025-05-17;-2.0;-470.02
C1D6AB6DE9E2FE1191EE10650500ADB9;FC081C55582CED11A62CD892C0003F2A;2025-05-17;-2.0;-77.28
951EAC9BC53FCE11ADB31065050059B8;FC081C55582CED11A62CD892C0003F2A;2025-05-17;-2.0;-347.24
D7815C9DA8FEFD11A4A96492C000DFF9;FC081C55582CED11A62CD892C0003F2A;2025-05-17;-2.0;-183.72
BAB5D848B1BBEE1191EE1065050029B9;FC081C55582CED11A62CD892C0003F2A;2025-05-17;-2.0;-188.58
C9B7FCBFE0CAED11A62CD892C0003F2A;FC081C55582CED11A62CD892C0003F2A;2025-05-17;-2.0;-275.12
9B8811A4C7EFCE11ADB3106505006AB8;FC081C55582CED11A62CD892C0003F2A;2025-05-17;-8.0;-267.7
532D7E192CB0CE118772106505009269;FC081C55582CED11A62CD892C0003F2A;2025-05-17;-2.0;-630.2
E2B43FD5A0CAED11A62CD892C0003F2A;FC081C55582CED11A62CD892C0003F2A;2025-05-17;-2.0;-266.0
C2E07BA3D076EE1191EE1065050026B9;FC081C55582CED11A62CD892C0003F2A;2025-05-17;-2.0;-259.24
C4018428F0CAED11A62CD892C0003F2A;FC081C55582CED11A62CD892C0003F2A;2025-05-17;-2.0;-255.22
88C401993D8F2E11052F6792C000CF39;FC081C55582CED11A62CD892C0003F2A;2025-05-17;-2.0;-859.16
898318D5E25E3E11052F6792C000D249;B0BDDED34CC83E11052F6792C000B249;2025-05-17;-2.0;-874.22
EE1A48881CF22E1143F0668E4200C71A;B0BDDED34CC83E11052F6792C000B249;2025-05-17;-2.0;-213.34
598A7EB17C8DED11A62CD892C0003F2A;B0BDDED34CC83E11052F6792C000B249;2025-05-17;-2.0;-383.02
26917AB011CAED11A62CD892C0003F2A;B0BDDED34CC83E11052F6792C000B249;2025-05-17;-2.0;-1008.62
E1684B3E2233DE11ADB310650500EEB8;B0BDDED34CC83E11052F6792C000B249;2025-05-17;-2.0;-207.58
BCFE1D61769C9E11726010650500694A;B0BDDED34CC83E11052F6792C000B249;2025-05-17;-6.0;-937.82
A8C67A9CC0CAED11A62CD892C0003F2A;B0BDDED34CC83E11052F6792C000B249;2025-05-17;-4.0;-164.36
D519A5CAEE065E1142D58A650500DC08;B0BDDED34CC83E11052F6792C000B249;2025-05-17;-2.0;-74.62
17DC4ADF3F49AE11BE2110650500DC4A;B0BDDED34CC83E11052F6792C000B249;2025-05-17;-2.0;-116.38
6724133ED547DE11C846106505007F6A;B0BDDED34CC83E11052F6792C000B249;2025-05-17;-4.0;-249.7
3D77263A378B3E11052F6792C000D249;B0BDDED34CC83E11052F6792C000B249;2025-05-17;-6.0;-208.74
07AF8A5FC0CAED11A62CD892C0003F2A;B0BDDED34CC83E11052F6792C000B249;2025-05-17;-2.0;-417.32
7D599BA3A86CCE11ADB310650500A5B8;B0BDDED34CC83E11052F6792C000B249;2025-05-17;-4.0;-1084.44
788A0922FEC18E113835BB650500B9AA;B0BDDED34CC83E11052F6792C000B249;2025-05-17;-10.0;-221.89999999999998
68904BBEC0CAED11A62CD892C0003F2A;B0BDDED34CC83E11052F6792C000B249;2025-05-17;-4.0;-442.2
935B2AF6D072CE11877210650500C469;B0BDDED34CC83E11052F6792C000B249;2025-05-17;-4.0;-109.88
D502F19C5C37AE11BE21106505003A4A;B0BDDED34CC83E11052F6792C000B249;2025-05-17;-2.0;-289.32
1DA9A9E037F07E11B7B78A650500CD08;B0BDDED34CC83E11052F6792C000B249;2025-05-17;-2.0;-51.9
376CC40BBE6DFE11F1557891FE690489;B0BDDED34CC83E11052F6792C000B249;2025-05-17;-6.0;-594.0
61E3AEA7041AAE11BE2110650500DD4A;B0BDDED34CC83E11052F6792C000B249;2025-05-17;-2.0;-768.0
AE424547F7CCEE1191EE1065050029B9;B0BDDED34CC83E11052F6792C000B249;2025-05-17;-2.0;-807.64
918B129EF77EFE11F1557891FE695589;B0BDDED34CC83E11052F6792C000B249;2025-05-17;-6.0;-246.66
1587D87F697BAE11BE21106505009F4A;B0BDDED34CC83E11052F6792C000B249;2025-05-17;-4.0;-197.6
5EDD534D44712E1143F0668E4200C71A;B0BDDED34CC83E11052F6792C000B249;2025-05-17;-6.0;-832.1999999999999
7FBD98BA2B9FFE11F1557891FE69C689;B0BDDED34CC83E11052F6792C000B249;2025-05-17;-2.0;-684.72
E4D7718565E0EE114066106505000B4A;B0BDDED34CC83E11052F6792C000B249;2025-05-17;-2.0;-131.5
F7D3450BB857FE1191EE1065050073C9;B0BDDED34CC83E11052F6792C000B249;2025-05-17;-4.0;-612.4200000000001
6CF34D8A6E80FE1191EE106505009AB9;B0BDDED34CC83E11052F6792C000B249;2025-05-17;-2.0;-120.86
33BCC8692642FE1191EE10650500CCB9;B0BDDED34CC83E11052F6792C000B249;2025-05-17;-2.0;-4545.38
AEE2CD288E42CE118772106505009469;B0BDDED34CC83E11052F6792C000B249;2025-05-17;-2.0;-544.1
D0A50EB7C3E53E11052F6792C000FF39;B0BDDED34CC83E11052F6792C000B249;2025-05-17;-2.0;-98.68
A02270AC81CAED11A62CD892C0003F2A;B0BDDED34CC83E11052F6792C000B249;2025-05-17;-2.0;-89.82
CF32AE3A2A6BFE111280106505000919;B0BDDED34CC83E11052F6792C000B249;2025-05-17;-4.0;-171.96
AD336A66D343FE1191EE106505001EB9;B0BDDED34CC83E11052F6792C000B249;2025-05-17;-2.0;-368.42
32447A5EE909DE11C84610650500B17A;B0BDDED34CC83E11052F6792C000B249;2025-05-17;-2.0;-51.0
637E818660A7FE1191EE10650500D3C9;B0BDDED34CC83E11052F6792C000B249;2025-05-17;-2.0;-229.88
51450C5BAC93FE1191EE106505009EB9;B0BDDED34CC83E11052F6792C000B249;2025-05-17;-4.0;-88.7
466A0FDB3FC8EE1191EE10650500E8B9;B0BDDED34CC83E11052F6792C000B249;2025-05-17;-2.0;-227.2
A732E2CAC4FD5E1142D58A6505002D08;B0BDDED34CC83E11052F6792C000B249;2025-05-17;-2.0;-566.12
A151CD5CEB01FE1191EE106505003BB9;B0BDDED34CC83E11052F6792C000B249;2025-05-17;-8.0;-267.62
3308A5E062121E1143F0668E42008C3B;B0BDDED34CC83E11052F6792C000B249;2025-05-17;-8.0;-595.1600000000001
7EB168189C3CEE1191EE1065050029B9;B0BDDED34CC83E11052F6792C000B249;2025-05-17;-2.0;-27.62
0835B01A293EBE118772106505006F59;B0BDDED34CC83E11052F6792C000B249;2025-05-17;-6.0;-167.16
2413F6C2D74CDE11406610650500054A;B0BDDED34CC83E11052F6792C000B249;2025-05-17;-6.0;-171.78
09FE8EEC5821FE1191EE106505005BB9;B0BDDED34CC83E11052F6792C000B249;2025-05-17;-2.0;-456.66
8485F319FC8FCE11ADB310650500E9B8;B0BDDED34CC83E11052F6792C000B249;2025-05-17;-10.0;-680.4
E2738892B7AEEE1191EE1065050029B9;B0BDDED34CC83E11052F6792C000B249;2025-05-17;-4.0;-795.1600000000001
AC7C07BF37F8FE11128010650500D819;B0BDDED34CC83E11052F6792C000B249;2025-05-17;-10.0;-5452.279999999999
C92C6D5B01CAED11A62CD892C0003F2A;B0BDDED34CC83E11052F6792C000B249;2025-05-17;-2.0;-292.94
99A7A8CF62B0EE11406610650500CA4A;B0BDDED34CC83E11052F6792C000B249;2025-05-17;-2.0;-78.86
79D63F9A7224EE11B1AD1065050087EA;B0BDDED34CC83E11052F6792C000B249;2025-05-17;-2.0;-57.56
9F96B7DB01CAED11A62CD892C0003F2A;B0BDDED34CC83E11052F6792C000B249;2025-05-17;-4.0;-1037.36
FA71C94978DDCE11ADB31065050097B8;B0BDDED34CC83E11052F6792C000B249;2025-05-17;-4.0;-1332.88
B944DB5FB5448E113835BB650500CCAA;B0BDDED34CC83E11052F6792C000B249;2025-05-17;-2.0;-596.7
0B4E0D1A4A93FE1191EE106505009EB9;B0BDDED34CC83E11052F6792C000B249;2025-05-17;-6.0;-355.79999999999995
704839F4DC828E110223BB650500AAAA;B0BDDED34CC83E11052F6792C000B249;2025-05-17;-2.0;-92.88
245824656D44FE1191EE106505007FB9;B0BDDED34CC83E11052F6792C000B249;2025-05-17;-4.0;-1456.0
F99B962D87145E1142D58A650500DC08;B0BDDED34CC83E11052F6792C000B249;2025-05-17;-6.0;-1516.42
05B63D2329363E11052F6792C000FF39;B0BDDED34CC83E11052F6792C000B249;2025-05-17;-2.0;-82.68
0AB5CF667859FE11128010650500E819;B0BDDED34CC83E11052F6792C000B249;2025-05-17;-2.0;-254.0
1745DD41E269DE11C84610650500227A;B0BDDED34CC83E11052F6792C000B249;2025-05-17;-6.0;-148.8
33479886119EBE11877210650500DF59;B0BDDED34CC83E11052F6792C000B249;2025-05-17;-6.0;-167.16
8788663FA496DE11ADB31065050053C8;B0BDDED34CC83E11052F6792C000B249;2025-05-17;-2.0;-686.0
A8257301863EAE11BE2110650500135A;B0BDDED34CC83E11052F6792C000B249;2025-05-17;-2.0;-36.92
36AC293D8EA23E11052F6792C000CF39;B0BDDED34CC83E11052F6792C000B249;2025-05-17;-2.0;-195.56
0DB4821F6410BE11BE2110650500755A;B0BDDED34CC83E11052F6792C000B249;2025-05-17;-2.0;-123.9
164C8032A1AFFE11F1557891FE69D689;B0BDDED34CC83E11052F6792C000B249;2025-05-17;-2.0;-165.34
E6F47934763EAE11BE2110650500135A;B0BDDED34CC83E11052F6792C000B249;2025-05-17;-2.0;-24.96
40E8254C9CDFCE11ADB3106505005AB8;B0BDDED34CC83E11052F6792C000B249;2025-05-17;-2.0;-376.4
917888C766DB9E11726010650500784A;B0BDDED34CC83E11052F6792C000B249;2025-05-17;-2.0;-336.6
9F28E6C5923C6E11B7B78A650500BC08;B0BDDED34CC83E11052F6792C000B249;2025-05-17;-2.0;-170.32
5F6A73906B5A3E11052F6792C000D249;B0BDDED34CC83E11052F6792C000B249;2025-05-17;-2.0;-267.02
DE4D455DE0CAED11A62CD892C0003F2A;B0BDDED34CC83E11052F6792C000B249;2025-05-17;-2.0;-311.54
F268A31FC8655E1142D58A650500DC08;B0BDDED34CC83E11052F6792C000B249;2025-05-17;-2.0;-68.06
A66B85D42308DE11C84610650500607A;B0BDDED34CC83E11052F6792C000B249;2025-05-17;-6.0;-318.06
D4B359BA91ACDE11406610650500754A;B0BDDED34CC83E11052F6792C000B249;2025-05-17;-2.0;-430.8
AAF328E741248E113835BB6505009CAA;B0BDDED34CC83E11052F6792C000B249;2025-05-17;-2.0;-73.2
481607D1D8B63E11052F6792C000FF39;B0BDDED34CC83E11052F6792C000B249;2025-05-17;-2.0;-438.72
C79C592ACED4DE11ADB31065050021C8;B0BDDED34CC83E11052F6792C000B249;2025-05-17;-2.0;-576.0
1F6E7323D224EE11B1AD1065050087EA;B0BDDED34CC83E11052F6792C000B249;2025-05-17;-2.0;-221.32
8BDBFC3CA7329E115540106505004B3B;B0BDDED34CC83E11052F6792C000B249;2025-05-17;-2.0;-163.6
BCCE8753F0CAED11A62CD892C0003F2A;B0BDDED34CC83E11052F6792C000B249;2025-05-17;-2.0;-128.94
A3CD4FC2860C4E1142D58A650500BC08;B0BDDED34CC83E11052F6792C000B249;2025-05-17;-2.0;-185.6
F401C4B3BA7E8E11F243BB650500664B;B0BDDED34CC83E11052F6792C000B249;2025-05-17;-2.0;-203.5
269E2463A5E3FE1191EE10650500FEB9;B0BDDED34CC83E11052F6792C000B249;2025-05-17;-2.0;-212.28
327785D8D0CAED11A62CD892C0003F2A;B0BDDED34CC83E11052F6792C000B249;2025-05-17;-2.0;-815.2
F52130EB226A1E1143F0668E4200FBFB;B0BDDED34CC83E11052F6792C000B249;2025-05-17;-2.0;-586.84
F4D7E43B046B3E11052F6792C000D249;B0BDDED34CC83E11052F6792C000B249;2025-05-17;-2.0;-125.68
434CFC634974EE11B1AD10650500F7EA;B0BDDED34CC83E11052F6792C000B249;2025-05-17;-2.0;-24.0
D11808750FBBEE1191EE1065050029B9;B0BDDED34CC83E11052F6792C000B249;2025-05-17;-2.0;-174.0
886DD158D0CAED11A62CD892C0003F2A;B0BDDED34CC83E11052F6792C000B249;2025-05-17;-2.0;-230.58
CF29E61E6CE1EE114066106505006C4A;B0BDDED34CC83E11052F6792C000B249;2025-05-17;-2.0;-98.74
632F22F28ABAFE11128010650500E819;B0BDDED34CC83E11052F6792C000B249;2025-05-17;-2.0;-787.32
C63EE0E5A257DE11C846106505008F6A;B0BDDED34CC83E11052F6792C000B249;2025-05-17;-12.0;-306.0
DDD7334651CAED11A62CD892C0003F2A;B0BDDED34CC83E11052F6792C000B249;2025-05-17;-2.0;-551.2
1FCAD50F0486CE11ADB310650500DDA8;B0BDDED34CC83E11052F6792C000B249;2025-05-17;-2.0;-243.18
5B0264F7503FEE1191EE1065050029B9;B0BDDED34CC83E11052F6792C000B249;2025-05-17;-2.0;-182.8
9DD155A600C13E11052F6792C000CF39;B0BDDED34CC83E11052F6792C000B249;2025-05-17;-2.0;-1351.1
5AF37C1F9F2DBE118772106505001E59;B0BDDED34CC83E11052F6792C000B249;2025-05-17;-2.0;-25.12
5FAD0D945276AE11BE2110650500394A;B0BDDED34CC83E11052F6792C000B249;2025-05-17;-2.0;-718.78
141ACE2F5FE95E1142D58A650500DC08;B0BDDED34CC83E11052F6792C000B249;2025-05-17;-2.0;-383.68
687159C800ACDE11406610650500754A;B0BDDED34CC83E11052F6792C000B249;2025-05-17;-2.0;-12.54
4331172115B4DE11ADB310650500F0C8;B0BDDED34CC83E11052F6792C000B249;2025-05-17;-4.0;-268.8
49ADAE3F108EFE11F1557891FE696589;B0BDDED34CC83E11052F6792C000B249;2025-05-17;-4.0;-1248.96
ED5AC725A9775E1142D58A650500DC08;B0BDDED34CC83E11052F6792C000B249;2025-05-17;2.0;140.26
87EEF41D2AE66E11B7B78A650500BC08;44673735EAF46E11B7B78A650500BC08;2025-05-17;12.0;2211.6
E75902914575EE1191EE10650500D4B9;44673735EAF46E11B7B78A650500BC08;2025-05-17;44.0;1179.2
C3D8C1394D85DE11ADB31065050002C8;44673735EAF46E11B7B78A650500BC08;2025-05-17;56.0;5840.8
46881F4B13D0DE11ADB310650500BBB8;44673735EAF46E11B7B78A650500BC08;2025-05-17;58.0;4712.48
89AF794BAE8ADE11406610650500A24A;44673735EAF46E11B7B78A650500BC08;2025-05-17;0.0;0.0
A8C13203A62FFE11F1557891FE693689;44673735EAF46E11B7B78A650500BC08;2025-05-17;-2.0;-160.0
36CCA9D4862FFE11F1557891FE693689;44673735EAF46E11B7B78A650500BC08;2025-05-17;0.0;0.0
5BD44541D0F27E11B7B78A650500DD08;44673735EAF46E11B7B78A650500BC08;2025-05-17;-6.0;-166.38
9091D678C1047E11B7B78A650500DD08;44673735EAF46E11B7B78A650500BC08;2025-05-17;0.0;0.0
7633768EA5AACE11ADB31065050023B8;44673735EAF46E11B7B78A650500BC08;2025-05-17;-10.0;-3400.0
D26AB7B500556E11B7B78A650500BC08;44673735EAF46E11B7B78A650500BC08;2025-05-17;58.0;6404.9400000000005
F6BCF4881BE66E11B7B78A650500BC08;44673735EAF46E11B7B78A650500BC08;2025-05-17;-38.0;-2241.2400000000002
197FD577A0CAED11A62CD892C0003F2A;44673735EAF46E11B7B78A650500BC08;2025-05-17;0.0;0.0
D4230E22B4E17E11B7B78A650500CD08;44673735EAF46E11B7B78A650500BC08;2025-05-17;0.0;-4.547473508864641e-13
9AB7B86A0EE4AE11726010650500145A;44673735EAF46E11B7B78A650500BC08;2025-05-17;-6.0;-173.46
168EBDFA1D456E11B7B78A650500BC08;44673735EAF46E11B7B78A650500BC08;2025-05-17;6.0;16140.0
34459B390605FE1191EE1065050070C9;44673735EAF46E11B7B78A650500BC08;2025-05-17;0.0;0.0
C7B2342ECBAC9E11726010650500894A;44673735EAF46E11B7B78A650500BC08;2025-05-17;28.0;6384.0
D0A4D4490FFEFE11F1557891FE690689;44673735EAF46E11B7B78A650500BC08;2025-05-17;0.0;0.0
4121496B08EFCE11ADB3106505006AB8;44673735EAF46E11B7B78A650500BC08;2025-05-17;0.0;0.0
EACFD41AB07E8E11F243BB650500564B;44673735EAF46E11B7B78A650500BC08;2025-05-17;0.0;0.0
43616ADD76B5FE1191EE1065050051C9;44673735EAF46E11B7B78A650500BC08;2025-05-17;0.0;0.0
FAD527E413CAED11A62CD892C0003F2A;44673735EAF46E11B7B78A650500BC08;2025-05-17;0.0;0.0
325ECEDC4439BE118772106505000959;44673735EAF46E11B7B78A650500BC08;2025-05-17;0.0;0.0
EC3011D62BC47E11B7B78A650500ED08;44673735EAF46E11B7B78A650500BC08;2025-05-17;0.0;0.0
CA786137F4F74E1142D58A6505002C08;B0BDDED34CC83E11052F6792C000B249;2025-05-17;0.0;343.5999999999999
A55C5135183BBE118772106505009B59;FC081C55582CED11A62CD892C0003F2A;2025-05-17;60.0;6000.62
F6B0DE8E181BDE11406610650500634A;FC081C55582CED11A62CD892C0003F2A;2025-05-17;80.0;965.96
8E81869E0CB4AE11726010650500D35A;FC081C55582CED11A62CD892C0003F2A;2025-05-17;4.0;468.4
F2C09C7960638E111E1BBB650500BBAA;FC081C55582CED11A62CD892C0003F2A;2025-05-17;12.0;1069.44
C21D462FA0638E111E1BBB650500BBAA;FC081C55582CED11A62CD892C0003F2A;2025-05-17;8.0;214.04
3C5BB3E8F0638E111E1BBB650500BBAA;B0BDDED34CC83E11052F6792C000B249;2025-05-17;4.0;203.12
3C43D58CFB9A8E11F243BB650500E04B;B0BDDED34CC83E11052F6792C000B249;2025-05-17;6.0;534.72
11A39B4ED0CAED11A62CD892C0003F2A;FC081C55582CED11A62CD892C0003F2A;2025-05-17;2.0;1227.56
BF261D13477EFE11F1557891FE695589;FC081C55582CED11A62CD892C0003F2A;2025-05-17;-2.0;-720.0
F1DB6C71D034FE1191EE106505005FB9;FC081C55582CED11A62CD892C0003F2A;2025-05-17;0.0;0.0
7BFBD00B6CB4AE11726010650500D35A;44673735EAF46E11B7B78A650500BC08;2025-05-17;4.0;356.48
310435D660638E111E1BBB650500BBAA;44673735EAF46E11B7B78A650500BC08;2025-05-17;4.0;366.84
54F8722EB6079E11554010650500814B;44673735EAF46E11B7B78A650500BC08;2025-05-17;38.0;814.38
A5D5C58A640EBE118772106505002F59;44673735EAF46E11B7B78A650500BC08;2025-05-17;4.0;1619.2
A70DA58EE9468E11F243BB6505006B3B;44673735EAF46E11B7B78A650500BC08;2025-05-17;4.0;8344.0
CC09FC5A69079E11554010650500814B;44673735EAF46E11B7B78A650500BC08;2025-05-17;10.0;3706.0
EFEAD3CD653DDE11406610650500364A;44673735EAF46E11B7B78A650500BC08;2025-05-17;-2.0;-221.34
E95F55496A11FE1191EE106505004BB9;44673735EAF46E11B7B78A650500BC08;2025-05-17;-2.0;-473.3
C78F65B12D456E11B7B78A650500BC08;44673735EAF46E11B7B78A650500BC08;2025-05-17;-8.0;-1504.0
973A29A13392BE11BE2110650500A85A;44673735EAF46E11B7B78A650500BC08;2025-05-17;-6.0;-193.02
CE52EC50E6568E11F243BB6505007B3B;44673735EAF46E11B7B78A650500BC08;2025-05-17;-6.0;-259.02
49777127CC456E11B7B78A650500BC08;44673735EAF46E11B7B78A650500BC08;2025-05-17;-6.0;-5748.72
D44AA12541777E110819BB650500E8AA;44673735EAF46E11B7B78A650500BC08;2025-05-17;-2.0;-62.1
339A3DAF710A3E11052F6792C000D249;44673735EAF46E11B7B78A650500BC08;2025-05-17;-2.0;-872.12
AE12452A3E263E11052F6792C000FF39;44673735EAF46E11B7B78A650500BC08;2025-05-17;-2.0;-137.3
3C54CA6A12D18E113835BB650500B9AA;44673735EAF46E11B7B78A650500BC08;2025-05-17;-4.0;-206.64
F685D3214F84DE11ADB310650500C0C8;44673735EAF46E11B7B78A650500BC08;2025-05-17;-2.0;-429.88
D88F2344C11A8E11F243BB650500304B;44673735EAF46E11B7B78A650500BC08;2025-05-17;-2.0;-64.92
4294F80B58138E117E64BB6505004BAA;44673735EAF46E11B7B78A650500BC08;2025-05-17;-4.0;-433.44
E27D6712A505FE1191EE1065050070C9;44673735EAF46E11B7B78A650500BC08;2025-05-17;-2.0;-216.0
7634445DF7300F11F1557891FE699789;44673735EAF46E11B7B78A650500BC08;2025-05-17;-12.0;-2460.0
426981DC21E6EE1191EE1065050096B9;44673735EAF46E11B7B78A650500BC08;2025-05-17;-2.0;-910.0
22C0565E2E456E11B7B78A650500BC08;44673735EAF46E11B7B78A650500BC08;2025-05-17;-57.0;-5586.0
298FDBBE9F25FE1191EE10650500A0C9;44673735EAF46E11B7B78A650500BC08;2025-05-17;-2.0;-469.32
F42748CCDC9F7E110819BB65050039AA;44673735EAF46E11B7B78A650500BC08;2025-05-17;-4.0;-184.32
B8F8E0A6C6E3AE11726010650500C25A;44673735EAF46E11B7B78A650500BC08;2025-05-17;-44.0;-1056.0
DDE0041AF2A7AE11BE2110650500BA4A;44673735EAF46E11B7B78A650500BC08;2025-05-17;-6.0;-794.46
54EFD822578B3E11052F6792C000D249;44673735EAF46E11B7B78A650500BC08;2025-05-17;-2.0;-79.3
CB9197A6FE456E11B7B78A650500BC08;44673735EAF46E11B7B78A650500BC08;2025-05-17;-12.0;-613.92
B46F71DDD6CD6E11B7B78A650500BC08;44673735EAF46E11B7B78A650500BC08;2025-05-17;-4.0;-214.0
2148978EF4B4DE11ADB310650500F0C8;44673735EAF46E11B7B78A650500BC08;2025-05-17;-4.0;-232.32
AD9DE51F066E9E11726010650500CB4A;44673735EAF46E11B7B78A650500BC08;2025-05-17;-2.0;-48.38
28A6A6AD653DDE11406610650500364A;44673735EAF46E11B7B78A650500BC08;2025-05-17;-4.0;-271.32
01F9CAB8E770BE11BE2110650500F55A;44673735EAF46E11B7B78A650500BC08;2025-05-17;-34.0;-339.68
418586B83596DE11ADB31065050053C8;44673735EAF46E11B7B78A650500BC08;2025-05-17;-2.0;-315.9
C8C1EFE6AC456E11B7B78A650500BC08;44673735EAF46E11B7B78A650500BC08;2025-05-17;-16.0;-575.54
B073300E36385E1142D58A650500DC08;44673735EAF46E11B7B78A650500BC08;2025-05-17;-20.0;-980.0
00F132CF390FEE1191EE1065050029B9;44673735EAF46E11B7B78A650500BC08;2025-05-17;-8.0;-76.64
FADCFDD2EE2BBE118772106505008B59;44673735EAF46E11B7B78A650500BC08;2025-05-17;-6.0;-651.8
5990467EEB0AFE11128010650500E819;44673735EAF46E11B7B78A650500BC08;2025-05-17;-6.0;-199.79999999999998
0BC7A34A1E456E11B7B78A650500BC08;44673735EAF46E11B7B78A650500BC08;2025-05-17;-4.0;-877.88
459B72C890CAED11A62CD892C0003F2A;44673735EAF46E11B7B78A650500BC08;2025-05-17;-2.0;-165.6
A474163B30556E11B7B78A650500BC08;44673735EAF46E11B7B78A650500BC08;2025-05-17;-6.0;-560.76
9378C4DC167B6E11B7B78A650500BC08;44673735EAF46E11B7B78A650500BC08;2025-05-17;-4.0;-159.84
D3BEB6B0EAF6DE11C846106505001F6A;44673735EAF46E11B7B78A650500BC08;2025-05-17;-4.0;-757.96
BF36E415AA79DE11406610650500414A;44673735EAF46E11B7B78A650500BC08;2025-05-17;-4.0;-528.0
0346E028AC456E11B7B78A650500BC08;44673735EAF46E11B7B78A650500BC08;2025-05-17;-2.0;-262.2
021D707E6EEAAE11BE2110650500EE4A;44673735EAF46E11B7B78A650500BC08;2025-05-17;-8.0;-189.16
BBCB17FFD6568E11F243BB6505007B3B;44673735EAF46E11B7B78A650500BC08;2025-05-17;-2.0;-109.76
99AFED5D653DDE11406610650500364A;44673735EAF46E11B7B78A650500BC08;2025-05-17;-2.0;-53.06
9170636724C26E1142D58A650500AD08;44673735EAF46E11B7B78A650500BC08;2025-05-17;-16.0;-2039.04
642A59F44E456E11B7B78A650500BC08;44673735EAF46E11B7B78A650500BC08;2025-05-17;-20.0;-240.12
6E6B2845604F6E11B7B78A650500CD08;44673735EAF46E11B7B78A650500BC08;2025-05-17;-26.0;-513.5
EF81679C8B7ECE11ADB31065050068B8;44673735EAF46E11B7B78A650500BC08;2025-05-17;-4.0;-1256.0
B9375A67B5EEAE11BE2110650500F35A;44673735EAF46E11B7B78A650500BC08;2025-05-17;-20.0;-1240.0
0BFC4D247A21BE11BE2110650500D65A;44673735EAF46E11B7B78A650500BC08;2025-05-17;-2.0;-433.84
4F6488E72EB91E1143F0668E42006B8B;44673735EAF46E11B7B78A650500BC08;2025-05-17;-4.0;-131.6
8CB7EB4C92E0DE11ADB310650500DBB8;44673735EAF46E11B7B78A650500BC08;2025-05-17;-2.0;-841.2
468337CD542CAE11BE2110650500705A;44673735EAF46E11B7B78A650500BC08;2025-05-17;-2.0;-406.08
2D9B060C066E9E11726010650500CB4A;44673735EAF46E11B7B78A650500BC08;2025-05-17;-2.0;-42.12
94140373C11A8E11F243BB650500304B;44673735EAF46E11B7B78A650500BC08;2025-05-17;-2.0;-179.0
EE08E9D401CAED11A62CD892C0003F2A;44673735EAF46E11B7B78A650500BC08;2025-05-17;-2.0;-198.0
D5EF89C72FC0FE1191EE10650500EAB9;44673735EAF46E11B7B78A650500BC08;2025-05-17;-2.0;-290.0
63F995D2BC1EFE11F1557891FE69E489;44673735EAF46E11B7B78A650500BC08;2025-05-17;-4.0;-358.0
7ED60B17CD8BEE1191EE1065050029B9;44673735EAF46E11B7B78A650500BC08;2025-05-17;-2.0;-295.58
F95814E9CC3FFE11F1557891FE695689;44673735EAF46E11B7B78A650500BC08;2025-05-17;-2.0;-254.62
91399CFCCF456E11B7B78A650500BC08;44673735EAF46E11B7B78A650500BC08;2025-05-17;-4.0;-168.48
15137EBFE6197E110819BB65050009AA;44673735EAF46E11B7B78A650500BC08;2025-05-17;-8.0;-257.76
6CF65F41EB456E11B7B78A650500BC08;44673735EAF46E11B7B78A650500BC08;2025-05-17;-2.0;-640.0
21EC2E3CCB456E11B7B78A650500BC08;44673735EAF46E11B7B78A650500BC08;2025-05-17;-10.0;-104.39999999999999
BEC65BF6CB70DE11ADB3106505004BB8;44673735EAF46E11B7B78A650500BC08;2025-05-17;-4.0;-2836.18
FE3C03016F456E11B7B78A650500BC08;44673735EAF46E11B7B78A650500BC08;2025-05-17;-4.0;-1371.36
90A4FB4620556E11B7B78A650500BC08;44673735EAF46E11B7B78A650500BC08;2025-05-17;-4.0;-788.56
7EF0C4F931307E11B7B78A650500CD08;44673735EAF46E11B7B78A650500BC08;2025-05-17;-4.0;-675.58
DD5136F7D7A5DE11ADB31065050022C8;44673735EAF46E11B7B78A650500BC08;2025-05-17;-2.0;-619.6
B85B9B4990CAED11A62CD892C0003F2A;44673735EAF46E11B7B78A650500BC08;2025-05-17;-6.0;-1920.48
910C00DE6EEAAE11BE2110650500EE4A;44673735EAF46E11B7B78A650500BC08;2025-05-17;-4.0;-40.14
143AB36E21C7DE11C84610650500107A;44673735EAF46E11B7B78A650500BC08;2025-05-17;-2.0;-13.14
F754AB3DD6568E11F243BB6505007B3B;44673735EAF46E11B7B78A650500BC08;2025-05-17;-8.0;-426.48
5DC7BBDF394EDE11406610650500B74A;44673735EAF46E11B7B78A650500BC08;2025-05-17;-4.0;-1440.0
3BAC7B8AEB456E11B7B78A650500BC08;44673735EAF46E11B7B78A650500BC08;2025-05-17;-2.0;-399.62
8D84DC906F456E11B7B78A650500BC08;44673735EAF46E11B7B78A650500BC08;2025-05-17;-2.0;-1104.82
4F43FDABF90EED11A62CD892C000399B;44673735EAF46E11B7B78A650500BC08;2025-05-17;-4.0;-1126.16
9C577F655AE66E11B7B78A650500BC08;44673735EAF46E11B7B78A650500BC08;2025-05-17;-10.0;-349.0
0978FD2555B4DE11ADB310650500F0C8;44673735EAF46E11B7B78A650500BC08;2025-05-17;-2.0;-9540.0
D7B82F771C456E11B7B78A650500BC08;44673735EAF46E11B7B78A650500BC08;2025-05-17;-4.0;-9050.92
B5F94C1AD0FBEE1191EE1065050029B9;44673735EAF46E11B7B78A650500BC08;2025-05-17;-4.0;-303.86
F420BBDA1CFA7E110819BB65050039AA;44673735EAF46E11B7B78A650500BC08;2025-05-17;-8.0;-562.9
28D7B775278FAE11BE2110650500C45A;44673735EAF46E11B7B78A650500BC08;2025-05-17;-16.0;-1317.8
4ED4AF859A1B8E11F243BB650500814B;44673735EAF46E11B7B78A650500BC08;2025-05-17;-2.0;-2210.16
A8816F1ECAD0FE1191EE10650500FAB9;44673735EAF46E11B7B78A650500BC08;2025-05-17;-10.0;-1760.56
A8BC203F00300F11F1557891FE698789;44673735EAF46E11B7B78A650500BC08;2025-05-17;-2.0;-134.92
035529DD70F9EE1191EE1065050009B9;44673735EAF46E11B7B78A650500BC08;2025-05-17;-2.0;-22.78
5FAC228B504F6E11B7B78A650500CD08;44673735EAF46E11B7B78A650500BC08;2025-05-17;-4.0;-526.52
E9EACFE46923FE1191EE10650500FDB9;44673735EAF46E11B7B78A650500BC08;2025-05-17;-2.0;-74.38
088BC3515C020F114EF7A826072B1A89;44673735EAF46E11B7B78A650500BC08;2025-05-17;-2.0;-247.0
67EA5FA18D60BE11BE2110650500E55A;44673735EAF46E11B7B78A650500BC08;2025-05-17;-10.0;-730.0
FB0B74D7D0CAED11A62CD892C0003F2A;44673735EAF46E11B7B78A650500BC08;2025-05-17;-2.0;-254.62
03216AA7A812CE118772106505005469;44673735EAF46E11B7B78A650500BC08;2025-05-17;-2.0;-562.0
F0BA41EFC688CE11ADB31065050070B8;44673735EAF46E11B7B78A650500BC08;2025-05-17;-4.0;-528.02
4EEC80446A819E11F243BB6505004A4B;44673735EAF46E11B7B78A650500BC08;2025-05-17;-4.0;-312.0
7C439A624F49AE11BE2110650500DC4A;44673735EAF46E11B7B78A650500BC08;2025-05-17;-4.0;-232.76
CA121823781FAE11BE2110650500345A;44673735EAF46E11B7B78A650500BC08;2025-05-17;-8.0;-592.0
F42FD6FBCE67FE1191EE1065050093C9;44673735EAF46E11B7B78A650500BC08;2025-05-17;-2.0;-349.82
D0803D3F44CAFE11128010650500E819;44673735EAF46E11B7B78A650500BC08;2025-05-17;-2.0;-210.16
4FE59157AEEDBE118772106505000F59;44673735EAF46E11B7B78A650500BC08;2025-05-17;-6.0;-276.48
22D097AD84E8EE1191EE1065050009B9;44673735EAF46E11B7B78A650500BC08;2025-05-17;-6.0;-1782.0
264CDF4C3C456E11B7B78A650500BC08;44673735EAF46E11B7B78A650500BC08;2025-05-17;0.0;0.0
C61D70D9ACE86E11B7B78A650500BC08;44673735EAF46E11B7B78A650500BC08;2025-05-17;-2.0;-3145.22
C4CF578C0C5CCE11ADB31065050095B8;44673735EAF46E11B7B78A650500BC08;2025-05-17;-2.0;-676.26
227C0B8D2E09FE11128010650500E819;44673735EAF46E11B7B78A650500BC08;2025-05-17;-2.0;-277.0
4D0656F6E494AE11726010650500A35A;44673735EAF46E11B7B78A650500BC08;2025-05-17;-2.0;-287.82
4CD6B2C753D0DE11ADB310650500BBB8;44673735EAF46E11B7B78A650500BC08;2025-05-17;-2.0;-147.7
97229AFE0148EE1191EE1065050038B9;44673735EAF46E11B7B78A650500BC08;2025-05-17;-2.0;-94.0
E53113F925B8FE11128010650500D819;44673735EAF46E11B7B78A650500BC08;2025-05-17;-2.0;-2086.76
3CD555249C456E11B7B78A650500BC08;44673735EAF46E11B7B78A650500BC08;2025-05-17;-20.0;-342.6
4525F1CB09278E11F243BB6505008C3B;44673735EAF46E11B7B78A650500BC08;2025-05-17;-2.0;-830.74
99AD37D0B56FBE11877210650500E069;44673735EAF46E11B7B78A650500BC08;2025-05-17;-4.0;-148.0
AAFD5840CA187E110819BB65050009AA;44673735EAF46E11B7B78A650500BC08;2025-05-17;-6.0;-523.5
F7AE356325B9BE11877210650500A959;44673735EAF46E11B7B78A650500BC08;2025-05-17;-2.0;-499.08
2A79254529DDCE11ADB31065050097B8;44673735EAF46E11B7B78A650500BC08;2025-05-17;-4.0;-600.0
7B4583BE45CF8E11F243BB650500084B;44673735EAF46E11B7B78A650500BC08;2025-05-17;-2.0;-92.72
0F6CC5E9859F6E11B7B78A650500CD08;44673735EAF46E11B7B78A650500BC08;2025-05-17;-2.0;-1274.0
106265483915CE11ADB3106505000DA8;44673735EAF46E11B7B78A650500BC08;2025-05-17;-8.0;-2322.96
29C1EFE6AC456E11B7B78A650500BC08;44673735EAF46E11B7B78A650500BC08;2025-05-17;-2.0;-180.2
D281F66B1D456E11B7B78A650500BC08;44673735EAF46E11B7B78A650500BC08;2025-05-17;-2.0;-2560.0
A5D7D7F8930D9E11726010650500F94A;44673735EAF46E11B7B78A650500BC08;2025-05-17;-2.0;-1169.48
2E9DE51F066E9E11726010650500CB4A;44673735EAF46E11B7B78A650500BC08;2025-05-17;-2.0;-51.34
A3D4C5D32FE95E1142D58A650500DC08;44673735EAF46E11B7B78A650500BC08;2025-05-17;-2.0;-7684.0
5BC2D8122D456E11B7B78A650500BC08;44673735EAF46E11B7B78A650500BC08;2025-05-17;-20.0;-950.0
0583A1DF105DEE1191EE1065050029B9;44673735EAF46E11B7B78A650500BC08;2025-05-17;-2.0;-67.54
35582DFEB655BE11BE21106505002C5A;44673735EAF46E11B7B78A650500BC08;2025-05-17;-2.0;-227.8
0AF69A97D397EE1191EE1065050047B9;44673735EAF46E11B7B78A650500BC08;2025-05-17;-4.0;-903.66
ACB1B2EFC11EAE11BE2110650500E25A;44673735EAF46E11B7B78A650500BC08;2025-05-17;-2.0;-80.76
F6F75CF24E456E11B7B78A650500BC08;44673735EAF46E11B7B78A650500BC08;2025-05-17;-4.0;-3184.0
3BECC57DBE6DAE11BE2110650500125A;44673735EAF46E11B7B78A650500BC08;2025-05-17;-2.0;-465.8
FF6785D8D0CAED11A62CD892C0003F2A;44673735EAF46E11B7B78A650500BC08;2025-05-17;-2.0;-552.88
C3A27F630AA07E11B7B78A650500CD08;44673735EAF46E11B7B78A650500BC08;2025-05-17;-2.0;-1140.74
A98C963E01CAED11A62CD892C0003F2A;44673735EAF46E11B7B78A650500BC08;2025-05-17;-2.0;-205.86
BDE03DF676CFAE11BE2110650500155A;44673735EAF46E11B7B78A650500BC08;2025-05-17;-4.0;-300.34
2DEFBFEFC688CE11ADB31065050070B8;44673735EAF46E11B7B78A650500BC08;2025-05-17;-2.0;-1106.78
F3D7F6328D456E11B7B78A650500BC08;44673735EAF46E11B7B78A650500BC08;2025-05-17;-2.0;-63.12
8D2CF03D29457E11B7B78A650500ED08;44673735EAF46E11B7B78A650500BC08;2025-05-17;-2.0;-4608.0
3DC741E1C11A8E11F243BB650500304B;44673735EAF46E11B7B78A650500BC08;2025-05-17;-2.0;-18.18
84EE077F7D456E11B7B78A650500BC08;44673735EAF46E11B7B78A650500BC08;2025-05-17;-4.0;-26.0
6B8BE0D1490FEE1191EE1065050029B9;44673735EAF46E11B7B78A650500BC08;2025-05-17;-4.0;-44.9
667775EA9D456E11B7B78A650500BC08;44673735EAF46E11B7B78A650500BC08;2025-05-17;-2.0;-113.24
FE4BBF3A4F60DE11ADB3106505003BB8;44673735EAF46E11B7B78A650500BC08;2025-05-17;-2.0;-111.44
A1BB321C575FFE11F1557891FE697689;FC081C55582CED11A62CD892C0003F2A;2025-05-17;-4.0;-193.2
34CF5FCF20CAED11A62CD892C0003F2A;FC081C55582CED11A62CD892C0003F2A;2025-05-17;-272.0;-1904.0
B00CB957AE46AE11BE2110650500094A;FC081C55582CED11A62CD892C0003F2A;2025-05-17;-2.0;-220.12
F2AD502BDC065E1142D58A650500DC08;FC081C55582CED11A62CD892C0003F2A;2025-05-17;-508.0;-1524.0
FD3C8324FAA9CE11ADB310650500E1B8;FC081C55582CED11A62CD892C0003F2A;2025-05-17;-2.0;-390.58
EA51CD5CEB01FE1191EE106505003BB9;FC081C55582CED11A62CD892C0003F2A;2025-05-17;-2.0;-47.86
B583EEBA85FEFE11F1557891FE69F589;FC081C55582CED11A62CD892C0003F2A;2025-05-17;-2.0;-354.76
CF32AE3A2A6BFE111280106505000919;FC081C55582CED11A62CD892C0003F2A;2025-05-17;-4.0;-171.96
AD94D5891EF10F114EF7A826072B0A89;FC081C55582CED11A62CD892C0003F2A;2025-05-17;-40.0;-3180.0
1783B9296622CE118772106505006469;FC081C55582CED11A62CD892C0003F2A;2025-05-17;-2.0;-180.74
7FCDB59D0EB89E11525010650500394A;FC081C55582CED11A62CD892C0003F2A;2025-05-17;-4.0;-512.44
D5B770BDCACDDE11406610650500F64A;FC081C55582CED11A62CD892C0003F2A;2025-05-17;-2.0;-162.18
95DA4B385F6A2E11052F6792C0007F39;FC081C55582CED11A62CD892C0003F2A;2025-05-17;-4.0;-222.16
373E31DB3104FE1191EE106505001FB9;FC081C55582CED11A62CD892C0003F2A;2025-05-17;-4.0;-1325.5
4EF00AE859278E11F243BB6505008C3B;FC081C55582CED11A62CD892C0003F2A;2025-05-17;-2.0;-321.92
E14E3F107946DE11ADB310650500F2C8;FC081C55582CED11A62CD892C0003F2A;2025-05-17;-2.0;-37.14
94303E5412EC6E11B7B78A650500BC08;FC081C55582CED11A62CD892C0003F2A;2025-05-17;-4.0;-333.68
E3384978745FDE11406610650500094A;FC081C55582CED11A62CD892C0003F2A;2025-05-17;-4.0;-1326.28
3D2DB69DED94DE11ADB310650500D0C8;FC081C55582CED11A62CD892C0003F2A;2025-05-17;-2.0;-51.06
BBE755821CEEDE11406610650500884A;FC081C55582CED11A62CD892C0003F2A;2025-05-17;-14.0;-1397.3400000000001
45C26A0553435E1142D58A650500DC08;FC081C55582CED11A62CD892C0003F2A;2025-05-17;-2.0;-272.4
D13F8CD48F549E115540106505000E3B;FC081C55582CED11A62CD892C0003F2A;2025-05-17;-2.0;-167.92
7073E631DE866E11B7B78A650500BC08;FC081C55582CED11A62CD892C0003F2A;2025-05-17;-4.0;-395.2
6C26EE937F54DE11ADB31065050080C8;FC081C55582CED11A62CD892C0003F2A;2025-05-17;-2.0;-167.92
EE392D875AA06E1142D58A650500AD08;FC081C55582CED11A62CD892C0003F2A;2025-05-17;-2.0;-347.72
3443EEBA85FEFE11F1557891FE69F589;FC081C55582CED11A62CD892C0003F2A;2025-05-17;-2.0;-316.98
1166F9AB6F2C9E11726010650500E84A;FC081C55582CED11A62CD892C0003F2A;2025-05-17;-2.0;-556.5
905E070584AE9E117260106505001C4A;FC081C55582CED11A62CD892C0003F2A;2025-05-17;-8.0;-584.88
9AFC45B292EE4E1142D58A650500BC08;FC081C55582CED11A62CD892C0003F2A;2025-05-17;-6.0;-1263.54
C90B8BE5BFC85E1142D58A650500DC08;FC081C55582CED11A62CD892C0003F2A;2025-05-17;-2.0;-244.28
B4D3B0467EA23E11052F6792C000CF39;FC081C55582CED11A62CD892C0003F2A;2025-05-17;-2.0;-263.62
28DF895C1A5FFE11F1557891FE697689;FC081C55582CED11A62CD892C0003F2A;2025-05-17;-2.0;-142.84
4573F37236DDBE11877210650500EE59;FC081C55582CED11A62CD892C0003F2A;2025-05-17;-2.0;-123.98
A4BF84EBBD1EFE11F1557891FE69E489;FC081C55582CED11A62CD892C0003F2A;2025-05-17;-6.0;-260.28
60BBCAF2ADA9EE1191EE1065050009B9;FC081C55582CED11A62CD892C0003F2A;2025-05-17;-4.0;-1251.12
F80519DFC0CAED11A62CD892C0003F2A;FC081C55582CED11A62CD892C0003F2A;2025-05-17;-4.0;-887.48
37D2C6217BF1EE114066106505007C4A;FC081C55582CED11A62CD892C0003F2A;2025-05-17;-2.0;-581.74
327EDFBBED94DE11ADB310650500D0C8;FC081C55582CED11A62CD892C0003F2A;2025-05-17;-2.0;-51.52
F822E9ECF153FE1191EE106505002EB9;FC081C55582CED11A62CD892C0003F2A;2025-05-17;-2.0;-185.98
44F6FD2594D3DE11ADB310650500BFB8;FC081C55582CED11A62CD892C0003F2A;2025-05-17;-8.0;-588.08
7C3734EC52600F11F1557891FE69C789;FC081C55582CED11A62CD892C0003F2A;2025-05-17;-2.0;-185.74
8B633E9AE3FCBE11877210650500CD59;FC081C55582CED11A62CD892C0003F2A;2025-05-17;-2.0;-16.12
9790516A93C1CE11877210650500E369;FC081C55582CED11A62CD892C0003F2A;2025-05-17;-6.0;-122.88
B8B9519A31BD3E11052F6792C000D249;FC081C55582CED11A62CD892C0003F2A;2025-05-17;-2.0;-113.24
452934CF4040EE114066106505003A4A;FC081C55582CED11A62CD892C0003F2A;2025-05-17;-2.0;-92.0
444FAD4C900DBE11877210650500DD59;FC081C55582CED11A62CD892C0003F2A;2025-05-17;-2.0;-6.14
826BA42EAB74EE11B1AD10650500F7EA;FC081C55582CED11A62CD892C0003F2A;2025-05-17;-4.0;-308.48
EE171CA25BA2EE11B1AD10650500A5EA;FC081C55582CED11A62CD892C0003F2A;2025-05-17;-2.0;-313.1
66C0C4803722DE11ADB3106505009DB8;FC081C55582CED11A62CD892C0003F2A;2025-05-17;-2.0;-222.0
D8B1108E0D65BE11BE21106505004C5A;FC081C55582CED11A62CD892C0003F2A;2025-05-17;-2.0;-6.88
EF5D04ACC691FE1191EE10650500EBB9;FC081C55582CED11A62CD892C0003F2A;2025-05-17;-2.0;-24.68
E4248F840E3CEE1191EE1065050029B9;FC081C55582CED11A62CD892C0003F2A;2025-05-17;-2.0;-40.84
C965E30DC8B00F11F1557891FE693889;FC081C55582CED11A62CD892C0003F2A;2025-05-17;-2.0;-66.88
137F5EA4F312EE114066106505009C4A;FC081C55582CED11A62CD892C0003F2A;2025-05-17;-2.0;-210.0
770ED6C599FC9E11726010650500E94A;FC081C55582CED11A62CD892C0003F2A;2025-05-17;-2.0;-127.44
4364A78DFE459E115540106505005F3B;FC081C55582CED11A62CD892C0003F2A;2025-05-17;-2.0;-22.28
E5190FC03364EE11B1AD10650500D7EA;FC081C55582CED11A62CD892C0003F2A;2025-05-17;-2.0;-47.28
36AA1B6D2C7ABE11877210650500AA59;FC081C55582CED11A62CD892C0003F2A;2025-05-17;-6.0;-277.36
6F7EC96D8DA8CE11ADB310650500A0B8;FC081C55582CED11A62CD892C0003F2A;2025-05-17;-2.0;-19.64
1A9D772C0040EE114066106505003A4A;FC081C55582CED11A62CD892C0003F2A;2025-05-17;-2.0;-68.0
954F5D2741BFFE11F1557891FE69E689;FC081C55582CED11A62CD892C0003F2A;2025-05-17;-4.0;-135.3
A1FB0DD4BAA2EE11B1AD10650500A5EA;FC081C55582CED11A62CD892C0003F2A;2025-05-17;-4.0;-49.68
EB307D22284FDE11406610650500F84A;FC081C55582CED11A62CD892C0003F2A;2025-05-17;-2.0;-446.76
96DED9DE90CAED11A62CD892C0003F2A;FC081C55582CED11A62CD892C0003F2A;2025-05-17;-4.0;-267.16
FFE0834CF74FDE11406610650500F84A;FC081C55582CED11A62CD892C0003F2A;2025-05-17;-4.0;-777.04
DED2659DC7696E11B7B78A650500BC08;FC081C55582CED11A62CD892C0003F2A;2025-05-17;-2.0;-329.46
493D9F05F630EE114066106505002A4A;FC081C55582CED11A62CD892C0003F2A;2025-05-17;-2.0;-154.94
911EDF3CEB5F7E110819BB65050039AA;FC081C55582CED11A62CD892C0003F2A;2025-05-17;-4.0;-604.88
581BAA01294A1E1143F0668E4200FBFB;FC081C55582CED11A62CD892C0003F2A;2025-05-17;-4.0;-429.38
04A070E22276AE11BE2110650500394A;FC081C55582CED11A62CD892C0003F2A;2025-05-17;-2.0;-401.4
E5004D8311CAED11A62CD892C0003F2A;FC081C55582CED11A62CD892C0003F2A;2025-05-17;-4.0;-1592.44
1D374C7D452EEE1191EE1065050029B9;FC081C55582CED11A62CD892C0003F2A;2025-05-17;-2.0;-71.1
7357CADF84DDBE11877210650500EE59;FC081C55582CED11A62CD892C0003F2A;2025-05-17;-6.0;-349.38
CDD543131E5FCE11ADB310650500A9B8;FC081C55582CED11A62CD892C0003F2A;2025-05-17;-2.0;-2136.76
5B06CE70F112EE114066106505009C4A;FC081C55582CED11A62CD892C0003F2A;2025-05-17;-2.0;-121.4
DC8DE026E315AE11726010650500445A;FC081C55582CED11A62CD892C0003F2A;2025-05-17;-2.0;-163.84
333BA4FA61458E113835BB6505000EAA;FC081C55582CED11A62CD892C0003F2A;2025-05-17;-2.0;-339.64
296CE467A972FE1191EE106505000DB9;FC081C55582CED11A62CD892C0003F2A;2025-05-17;-2.0;-1117.26
06E7ED79A052DE11ADB310650500CDB8;FC081C55582CED11A62CD892C0003F2A;2025-05-17;-8.0;-204.0
2110768FF6A55E1142D58A650500DC08;FC081C55582CED11A62CD892C0003F2A;2025-05-17;-2.0;-391.94
65FFD784F518BE118772106505009759;FC081C55582CED11A62CD892C0003F2A;2025-05-17;-4.0;-386.98
0AB04059D3ADCE11ADB31065050047B8;FC081C55582CED11A62CD892C0003F2A;2025-05-17;-6.0;-606.0
392601DEA199FD11A4A96492C0006F3B;FC081C55582CED11A62CD892C0003F2A;2025-05-17;-6.0;-3757.4800000000005
071517B0686BAE11BE21106505008F4A;FC081C55582CED11A62CD892C0003F2A;2025-05-17;-2.0;-2066.0
94C13F672AC0DE11ADB310650500ABB8;FC081C55582CED11A62CD892C0003F2A;2025-05-17;-4.0;-76.28
4DD59775CCA79E11554010650500524B;FC081C55582CED11A62CD892C0003F2A;2025-05-17;-2.0;-765.24
A7A8E1F7EF71AE11726010650500BF4A;FC081C55582CED11A62CD892C0003F2A;2025-05-17;-2.0;-303.82
8F27E15ECEC3FE1191EE10650500DEB9;FC081C55582CED11A62CD892C0003F2A;2025-05-17;-2.0;-214.94
403D254B51B39E115540106505002D3B;FC081C55582CED11A62CD892C0003F2A;2025-05-17;-2.0;-405.78
E3213E9B0BC2DE11ADB3106505006EB8;FC081C55582CED11A62CD892C0003F2A;2025-05-17;-2.0;-992.56
5AEC2C1F68DDCE11ADB31065050097B8;FC081C55582CED11A62CD892C0003F2A;2025-05-17;-2.0;-54.18
D8AA9D771253FE1191EE106505002EB9;FC081C55582CED11A62CD892C0003F2A;2025-05-17;-2.0;-317.64
B2AF0601FFBAED11A62CD892C0003F2A;FC081C55582CED11A62CD892C0003F2A;2025-05-17;-4.0;-440.64
9118A63AB78DBE118772106505008E59;FC081C55582CED11A62CD892C0003F2A;2025-05-17;-2.0;-92.7
7A0C8AFE43735E1142D58A650500DC08;FC081C55582CED11A62CD892C0003F2A;2025-05-17;-2.0;-169.72
4A475C7445AE4E1142D58A650500BC08;FC081C55582CED11A62CD892C0003F2A;2025-05-17;-4.0;-199.6
3093F37765D65E1142D58A650500DC08;FC081C55582CED11A62CD892C0003F2A;2025-05-17;-2.0;-245.52
F1FDE146C654EE11B1AD10650500C7EA;FC081C55582CED11A62CD892C0003F2A;2025-05-17;-4.0;-1049.98
9D9E942B1CC46E11B7B78A650500BC08;FC081C55582CED11A62CD892C0003F2A;2025-05-17;-8.0;-787.6
C333124DC1AB7E110819BB65050039AA;FC081C55582CED11A62CD892C0003F2A;2025-05-17;-2.0;-516.54
1F8B3B0BF1CAED11A62CD892C0003F2A;FC081C55582CED11A62CD892C0003F2A;2025-05-17;-2.0;-525.86
48E59375470A0E11A4A96492C0001269;FC081C55582CED11A62CD892C0003F2A;2025-05-17;-2.0;-143.26
51E9989EB6D34E1142D58A6505002C08;FC081C55582CED11A62CD892C0003F2A;2025-05-17;-2.0;-456.54
9F43558D9C37FE1191EE1065050053C9;FC081C55582CED11A62CD892C0003F2A;2025-05-17;-2.0;-4044.94
80B0BB5F01CAED11A62CD892C0003F2A;FC081C55582CED11A62CD892C0003F2A;2025-05-17;-4.0;-674.56
824334C29BF22E1143F0668E4200C71A;FC081C55582CED11A62CD892C0003F2A;2025-05-17;-2.0;-568.78
B620FC24FD99CE11ADB310650500D1B8;FC081C55582CED11A62CD892C0003F2A;2025-05-17;-4.0;-922.52
1841A89EA72EEE1191EE1065050029B9;FC081C55582CED11A62CD892C0003F2A;2025-05-17;-2.0;-637.98
9B1474380E17CE11ADB3106505009EA8;FC081C55582CED11A62CD892C0003F2A;2025-05-17;-6.0;-3276.0
D1DE3CDCE1EDFE11F1557891FE699489;FC081C55582CED11A62CD892C0003F2A;2025-05-17;-12.0;-1680.0
DD1E79FF5A2A4E1142D58A6505009C08;FC081C55582CED11A62CD892C0003F2A;2025-05-17;-4.0;-264.0
19DD0C3751CAED11A62CD892C0003F2A;FC081C55582CED11A62CD892C0003F2A;2025-05-17;-2.0;-692.46
13411480F4939E115540106505000D3B;FC081C55582CED11A62CD892C0003F2A;2025-05-17;-2.0;-337.02
DB30D2CF659BDE11406610650500144A;FC081C55582CED11A62CD892C0003F2A;2025-05-17;-4.0;-1038.72
D9798FE8D3ADCE11ADB31065050047B8;FC081C55582CED11A62CD892C0003F2A;2025-05-17;-4.0;-404.0
1CDA74052158FE11128010650500D819;FC081C55582CED11A62CD892C0003F2A;2025-05-17;-2.0;-3533.38
B0D3480AFC07FE1191EE1065050013C9;FC081C55582CED11A62CD892C0003F2A;2025-05-17;-2.0;-544.86
142C8ACCEE7ABE11877210650500AA59;FC081C55582CED11A62CD892C0003F2A;2025-05-17;-2.0;-244.28
82EDD252C7300F11F1557891FE699789;FC081C55582CED11A62CD892C0003F2A;2025-05-17;-2.0;-53.28
F3FC07DC5BF5CE11ADB3106505007DA8;FC081C55582CED11A62CD892C0003F2A;2025-05-17;-2.0;-471.08
AB7B1593B0A68E11F243BB650500DB3B;FC081C55582CED11A62CD892C0003F2A;2025-05-17;-4.0;-697.36
601929C3E11A0E11A4A96492C0001269;FC081C55582CED11A62CD892C0003F2A;2025-05-17;-2.0;-382.04
70BE6A484654EE11B1AD10650500C7EA;FC081C55582CED11A62CD892C0003F2A;2025-05-17;-2.0;-2562.16
5E25574F2543BE11BE2110650500895A;FC081C55582CED11A62CD892C0003F2A;2025-05-17;-4.0;-1472.48
3E45BE96DDFA3E11052F6792C000D249;FC081C55582CED11A62CD892C0003F2A;2025-05-17;-2.0;-955.44
17193D88252C9E11726010650500D84A;FC081C55582CED11A62CD892C0003F2A;2025-05-17;-2.0;-228.84
390519DFC0CAED11A62CD892C0003F2A;FC081C55582CED11A62CD892C0003F2A;2025-05-17;-2.0;-386.08
9EBD5A06D343FE1191EE106505001EB9;FC081C55582CED11A62CD892C0003F2A;2025-05-17;-2.0;-393.14
0BEF8E7E968B3E11052F6792C000D249;FC081C55582CED11A62CD892C0003F2A;2025-05-17;-6.0;-221.39999999999998
7B671ACE20E2BE11BE2110650500095A;FC081C55582CED11A62CD892C0003F2A;2025-05-17;-2.0;-163.78
0532F5D89FB5EE1191EE1065050045B9;FC081C55582CED11A62CD892C0003F2A;2025-05-17;-2.0;-95.8
DEB693F9A7FBBE118772106505008C59;FC081C55582CED11A62CD892C0003F2A;2025-05-17;-2.0;-382.0
E7400A07CA8B4E1142D58A6505009C08;FC081C55582CED11A62CD892C0003F2A;2025-05-17;-2.0;-1569.78
5662AF6E58A7FD110DC22A92C000D62B;FC081C55582CED11A62CD892C0003F2A;2025-05-17;-4.0;-1878.16
105367E588A39E115540106505001D3B;FC081C55582CED11A62CD892C0003F2A;2025-05-17;-2.0;-542.38
637D7E8CF0CAED11A62CD892C0003F2A;FC081C55582CED11A62CD892C0003F2A;2025-05-17;-2.0;-416.64
656DF46E9CCE6E11B7B78A6505008D08;FC081C55582CED11A62CD892C0003F2A;2025-05-17;-2.0;-127.02
F8FE7E68D61ECE11ADB310650500E7B8;FC081C55582CED11A62CD892C0003F2A;2025-05-17;-2.0;-658.96
0E08E7A9180AEE1191EE1065050009B9;FC081C55582CED11A62CD892C0003F2A;2025-05-17;-2.0;-53.68
2A322D630C20FE1191EE106505001AB9;FC081C55582CED11A62CD892C0003F2A;2025-05-17;-2.0;-376.58
F1296E3C1C62FE1191EE10650500FCB9;FC081C55582CED11A62CD892C0003F2A;2025-05-17;-2.0;-483.1
E7164409D533FE1191EE106505000EB9;FC081C55582CED11A62CD892C0003F2A;2025-05-17;-2.0;-1080.0
5579D296DDFFFE11F1557891FE694789;FC081C55582CED11A62CD892C0003F2A;2025-05-17;-2.0;-539.0
66958714648DFE11F1557891FE692489;FC081C55582CED11A62CD892C0003F2A;2025-05-17;-2.0;-8.2
B40EDC2E348DFE11F1557891FE692489;FC081C55582CED11A62CD892C0003F2A;2025-05-17;-2.0;-439.64
3B7B1998F8F34E1142D58A6505002C08;FC081C55582CED11A62CD892C0003F2A;2025-05-17;-2.0;-309.14
06B72B34B0C10F114EF7A826072BB989;FC081C55582CED11A62CD892C0003F2A;2025-05-17;-2.0;-847.84
B184F0C4289E5E1142D58A6505004D08;FC081C55582CED11A62CD892C0003F2A;2025-05-17;-2.0;-1724.14
EB20FFF04DCF3E11F7F68A650500DB08;FC081C55582CED11A62CD892C0003F2A;2025-05-17;-2.0;-726.2
726359320110EE11406610650500F94A;FC081C55582CED11A62CD892C0003F2A;2025-05-17;-2.0;-993.06
AC90DA7DB0CAED11A62CD892C0003F2A;FC081C55582CED11A62CD892C0003F2A;2025-05-17;-4.0;-177.32
C9537C6834AE9E117260106505001C4A;FC081C55582CED11A62CD892C0003F2A;2025-05-17;-2.0;-243.96
5B6AF443F6B9FD11A4A96492C0006F3B;FC081C55582CED11A62CD892C0003F2A;2025-05-17;-2.0;-598.0
185BDC8A9027EE1191EE10650500B6B9;FC081C55582CED11A62CD892C0003F2A;2025-05-17;-2.0;-191.16
E3CFC32CCA9EFE11F1557891FE698589;FC081C55582CED11A62CD892C0003F2A;2025-05-17;-8.0;-3591.36
3A35890AC74FDE11406610650500F84A;FC081C55582CED11A62CD892C0003F2A;2025-05-17;-2.0;-347.7
8FD52F15E0CAED11A62CD892C0003F2A;FC081C55582CED11A62CD892C0003F2A;2025-05-17;-2.0;-281.66
EF787DAEC12AFE11128010650500E819;FC081C55582CED11A62CD892C0003F2A;2025-05-17;-4.0;-528.38
9697BF6A01CAED11A62CD892C0003F2A;FC081C55582CED11A62CD892C0003F2A;2025-05-17;-2.0;-319.1
8F4FEA3CF1723E11052F6792C000CF39;FC081C55582CED11A62CD892C0003F2A;2025-05-17;-2.0;-1054.6
11D93E8BE3900F11F1557891FE690889;FC081C55582CED11A62CD892C0003F2A;2025-05-17;-2.0;-588.88
2E6015003E405E1142D58A650500BC08;FC081C55582CED11A62CD892C0003F2A;2025-05-17;-2.0;-239.84
D6DBCF28747FCE11ADB310650500C9B8;FC081C55582CED11A62CD892C0003F2A;2025-05-17;-14.0;-510.16
C7B635DCD3EBDE11406610650500744A;FC081C55582CED11A62CD892C0003F2A;2025-05-17;-2.0;-486.0
35C39CD922606E1142D58A650500AD08;FC081C55582CED11A62CD892C0003F2A;2025-05-17;-2.0;-350.76
9F96B7DB01CAED11A62CD892C0003F2A;FC081C55582CED11A62CD892C0003F2A;2025-05-17;-2.0;-523.34
515D91DF9830FE1191EE106505002AB9;FC081C55582CED11A62CD892C0003F2A;2025-05-17;-2.0;-23.66
1056A9B2DED10E11A4A96492C0002019;FC081C55582CED11A62CD892C0003F2A;2025-05-17;-2.0;-427.24
F6DBC16F18C6DE11C84610650500DE6A;FC081C55582CED11A62CD892C0003F2A;2025-05-17;-4.0;-47.32
38A3B738764DEE1191EE1065050029B9;FC081C55582CED11A62CD892C0003F2A;2025-05-17;-2.0;-504.72
940E0F6DBAA07E11B7B78A650500CD08;FC081C55582CED11A62CD892C0003F2A;2025-05-17;-2.0;-70.96
3EF023A92596DE11ADB31065050053C8;FC081C55582CED11A62CD892C0003F2A;2025-05-17;-2.0;-78.12
563D46BC1A5FFE11F1557891FE697689;FC081C55582CED11A62CD892C0003F2A;2025-05-17;-2.0;-94.7
61E50A32A2124E1142D58A650500DB08;FC081C55582CED11A62CD892C0003F2A;2025-05-17;-2.0;-610.02
9D5E8310BDE7EE1191EE10650500B7B9;FC081C55582CED11A62CD892C0003F2A;2025-05-17;-2.0;-33.84
B0E566F314D4EE11B1AD1065050068EA;FC081C55582CED11A62CD892C0003F2A;2025-05-17;-2.0;-400.68
4B91FAC28869FE11128010650500E819;FC081C55582CED11A62CD892C0003F2A;2025-05-17;-2.0;-502.32
1E615390D2CDAE11BE2110650500825A;FC081C55582CED11A62CD892C0003F2A;2025-05-17;-8.0;-1660.64
09B751EE1F22FE1191EE10650500ACB9;FC081C55582CED11A62CD892C0003F2A;2025-05-17;-2.0;-354.5
831E3677A7B4DE11ADB310650500F0C8;FC081C55582CED11A62CD892C0003F2A;2025-05-17;-2.0;-230.4
6364A9ED5D89FE11128010650500E819;FC081C55582CED11A62CD892C0003F2A;2025-05-17;-2.0;-305.2
E45B2120D2FD4E1142D58A650500BC08;FC081C55582CED11A62CD892C0003F2A;2025-05-17;-2.0;-434.12
EFC80C62D4590E11A4A96492C0001269;FC081C55582CED11A62CD892C0003F2A;2025-05-17;-2.0;-370.68
BA2E521F8C78CE11ADB31065050060B8;FC081C55582CED11A62CD892C0003F2A;2025-05-17;-2.0;-994.86
8DE64C228ABAFE11128010650500E819;FC081C55582CED11A62CD892C0003F2A;2025-05-17;-2.0;-787.32
C63EE0E5A257DE11C846106505008F6A;FC081C55582CED11A62CD892C0003F2A;2025-05-17;-10.0;-255.0
BCFE1D61769C9E11726010650500694A;FC081C55582CED11A62CD892C0003F2A;2025-05-17;-2.0;-254.78
0EFF7304D75F5E1142D58A6505008D08;FC081C55582CED11A62CD892C0003F2A;2025-05-17;-2.0;-2346.66
F06C9CBB6F25FE1191EE10650500A0C9;FC081C55582CED11A62CD892C0003F2A;2025-05-17;-2.0;-321.76
DE796FC88BCE8E11F243BB650500C64B;FC081C55582CED11A62CD892C0003F2A;2025-05-17;-2.0;-288.44
6CBD9FBB4E699E115250106505002A4A;FC081C55582CED11A62CD892C0003F2A;2025-05-17;-2.0;-329.4
BA2DD6CE722B7E110819BB65050039AA;FC081C55582CED11A62CD892C0003F2A;2025-05-17;-4.0;-517.62
97295CC2ECD4DE11ADB31065050021C8;FC081C55582CED11A62CD892C0003F2A;2025-05-17;-2.0;-216.68
A221B41B8C82DE11ADB3106505001EB8;FC081C55582CED11A62CD892C0003F2A;2025-05-17;-2.0;-808.12
EB0784AC1A5FFE11F1557891FE697689;FC081C55582CED11A62CD892C0003F2A;2025-05-17;-2.0;-112.18
00AE625CB6FBBE118772106505008C59;FC081C55582CED11A62CD892C0003F2A;2025-05-17;-2.0;-695.24
C525E465CA8B4E1142D58A6505009C08;FC081C55582CED11A62CD892C0003F2A;2025-05-17;-2.0;-1511.48
CAECB213E13DBE118772106505001E59;FC081C55582CED11A62CD892C0003F2A;2025-05-17;-2.0;-684.72
73D7D6A0BAC9FE11128010650500E819;FC081C55582CED11A62CD892C0003F2A;2025-05-17;-4.0;-82.0
4562F0383D62FE1191EE10650500FCB9;FC081C55582CED11A62CD892C0003F2A;2025-05-17;-2.0;-204.22
F19D31DDACB04E1142D58A650500DB08;FC081C55582CED11A62CD892C0003F2A;2025-05-17;-2.0;-627.68
7814B8872BA9CE11ADB310650500E1B8;FC081C55582CED11A62CD892C0003F2A;2025-05-17;-4.0;-138.68
FF33F2B93E33DE11ADB310650500FEB8;FC081C55582CED11A62CD892C0003F2A;2025-05-17;-2.0;-6163.36
000D1419D9CC6E11B7B78A650500BC08;FC081C55582CED11A62CD892C0003F2A;2025-05-17;-4.0;-348.0
48DACC55BD559E115540106505006F3B;FC081C55582CED11A62CD892C0003F2A;2025-05-17;-2.0;-568.76
D101C7FFF0CAED11A62CD892C0003F2A;FC081C55582CED11A62CD892C0003F2A;2025-05-17;-2.0;-102.24
05B1300A525F9E11726010650500FC4A;FC081C55582CED11A62CD892C0003F2A;2025-05-17;-2.0;-102.5
934E3601BAC9FE11128010650500E819;FC081C55582CED11A62CD892C0003F2A;2025-05-17;-4.0;-82.0
874B874C22238E117E64BB6505005BAA;B0BDDED34CC83E11052F6792C000B249;2025-05-17;-4.0;-212.0
A98FE3866C143E11052F6792C000FF39;B0BDDED34CC83E11052F6792C000B249;2025-05-17;-2.0;-861.0
53FFF290411BFE11128010650500E819;B0BDDED34CC83E11052F6792C000B249;2025-05-17;-2.0;-211.86
1DC441CF7A053E11052F6792C000FF39;B0BDDED34CC83E11052F6792C000B249;2025-05-17;-4.0;-1752.96
F6A1641A4417DE11C846106505003F6A;B0BDDED34CC83E11052F6792C000B249;2025-05-17;-2.0;-57.32
E5F2F3F1608E1E1143F0668E4200502B;B0BDDED34CC83E11052F6792C000B249;2025-05-17;-2.0;-197.0
F9F449F499775E1142D58A650500DC08;B0BDDED34CC83E11052F6792C000B249;2025-05-17;-2.0;-139.86
45E81D4775553E11052F6792C000FF39;B0BDDED34CC83E11052F6792C000B249;2025-05-17;-4.0;-300.7
F0A6B7DB01CAED11A62CD892C0003F2A;B0BDDED34CC83E11052F6792C000B249;2025-05-17;-2.0;-222.72
F433EB16B371FE1191EE10650500BBB9;B0BDDED34CC83E11052F6792C000B249;2025-05-17;-2.0;-161.08
0BFD2D2B01638E111E1BBB650500BBAA;B0BDDED34CC83E11052F6792C000B249;2025-05-17;-2.0;-95.26
380519DFC0CAED11A62CD892C0003F2A;B0BDDED34CC83E11052F6792C000B249;2025-05-17;-4.0;-767.32
DF9D07AD1710DE11ADB310650500AAB8;B0BDDED34CC83E11052F6792C000B249;2025-05-17;-2.0;-26.42
770519DFC0CAED11A62CD892C0003F2A;B0BDDED34CC83E11052F6792C000B249;2025-05-17;-2.0;-525.58
C5AF8A5FC0CAED11A62CD892C0003F2A;B0BDDED34CC83E11052F6792C000B249;2025-05-17;-2.0;-221.1
C5DCAB1D719EBE11877210650500DF59;B0BDDED34CC83E11052F6792C000B249;2025-05-17;-10.0;-278.6
B246F2D8CC8EFE11F1557891FE697589;B0BDDED34CC83E11052F6792C000B249;2025-05-17;-4.0;-786.54
7193A42C90458E113835BB6505000EAA;B0BDDED34CC83E11052F6792C000B249;2025-05-17;-4.0;-728.88
78D74F3F637BDE11406610650500E34A;B0BDDED34CC83E11052F6792C000B249;2025-05-17;-12.0;-306.0
3CF5EBC551CAED11A62CD892C0003F2A;B0BDDED34CC83E11052F6792C000B249;2025-05-17;-2.0;-421.18
B387258D70C5EE1191EE1065050045B9;B0BDDED34CC83E11052F6792C000B249;2025-05-17;-2.0;-55.84
0AE58BB81C93FE1191EE106505009EB9;B0BDDED34CC83E11052F6792C000B249;2025-05-17;-2.0;-396.16
19B4B3B353D99E11525010650500AA4A;B0BDDED34CC83E11052F6792C000B249;2025-05-17;-2.0;-1406.98
F7892213A3FF7E110819BB65050039AA;B0BDDED34CC83E11052F6792C000B249;2025-05-17;-6.0;-418.68
17AFE28FD0CAED11A62CD892C0003F2A;B0BDDED34CC83E11052F6792C000B249;2025-05-17;-6.0;-773.8799999999999
DB1A09B70707DE11C846106505002F6A;B0BDDED34CC83E11052F6792C000B249;2025-05-17;-2.0;-45.08
F41A321C575FFE11F1557891FE697689;B0BDDED34CC83E11052F6792C000B249;2025-05-17;-2.0;-463.4
6CA0DD1F2FF8AE11BE21106505007C4A;B0BDDED34CC83E11052F6792C000B249;2025-05-17;-2.0;-87.4
704D724EEA160E11A4A96492C0004B38;B0BDDED34CC83E11052F6792C000B249;2025-05-17;-2.0;-493.64
4049248CF5802E1143F0668E4200C71A;B0BDDED34CC83E11052F6792C000B249;2025-05-17;-4.0;-639.16
579836DDB78E4E1142D58A650500BC08;B0BDDED34CC83E11052F6792C000B249;2025-05-17;-2.0;-199.52
80B0BB5F01CAED11A62CD892C0003F2A;B0BDDED34CC83E11052F6792C000B249;2025-05-17;-2.0;-337.28
8F1510E324FD4E1142D58A650500BC08;B0BDDED34CC83E11052F6792C000B249;2025-05-17;-2.0;-358.14
EF3BA4B818138E110223BB6505005BAA;B0BDDED34CC83E11052F6792C000B249;2025-05-17;-4.0;-500.0
28798FE8D3ADCE11ADB31065050047B8;B0BDDED34CC83E11052F6792C000B249;2025-05-17;-2.0;-216.0
F8043F2E72DAFE11128010650500E819;B0BDDED34CC83E11052F6792C000B249;2025-05-17;-2.0;-215.26
7EA32EFF24D04E1142D58A650500DB08;B0BDDED34CC83E11052F6792C000B249;2025-05-17;-2.0;-282.6
1A5A688AC2DF4E1142D58A650500BC08;B0BDDED34CC83E11052F6792C000B249;2025-05-17;-4.0;-412.88
6D1EE57B123EDE11406610650500874A;B0BDDED34CC83E11052F6792C000B249;2025-05-17;-2.0;-72.88
BADC3704009ADE11406610650500A24A;B0BDDED34CC83E11052F6792C000B249;2025-05-17;-2.0;-322.7
926F12D95A7E8E11F243BB650500664B;B0BDDED34CC83E11052F6792C000B249;2025-05-17;-2.0;-311.96
F547068C4D05DE11ADB31065050061C8;B0BDDED34CC83E11052F6792C000B249;2025-05-17;-2.0;-330.44
3ADBD14391D5AE11BE2110650500684A;B0BDDED34CC83E11052F6792C000B249;2025-05-17;-2.0;-478.04
414EE78DC4F8AE11BE21106505006C4A;B0BDDED34CC83E11052F6792C000B249;2025-05-17;-2.0;-3374.62
24CE6FE122E1FE1191EE106505004CB9;B0BDDED34CC83E11052F6792C000B249;2025-05-17;-6.0;-403.14
FA6BE507EBC0AE11726010650500DE4A;B0BDDED34CC83E11052F6792C000B249;2025-05-17;-2.0;-298.9
AC38E545E015EE11B1AD10650500B8EA;B0BDDED34CC83E11052F6792C000B249;2025-05-17;-2.0;-375.2
417737989447DE11C846106505007F6A;B0BDDED34CC83E11052F6792C000B249;2025-05-17;-2.0;-167.24
E42F2727A0651E1143F0668E4200EE89;B0BDDED34CC83E11052F6792C000B249;2025-05-17;-8.0;-739.2
752D857794A3DE11ADB3106505007FB8;B0BDDED34CC83E11052F6792C000B249;2025-05-17;-2.0;-244.88
A8C4E1E72BECDE11406610650500D54A;B0BDDED34CC83E11052F6792C000B249;2025-05-17;-2.0;-190.0
33D5A8D9B877DE11C84610650500BF6A;B0BDDED34CC83E11052F6792C000B249;2025-05-17;-10.0;-255.0
B9C99CE964DAED11A62CD892C0003F2A;B0BDDED34CC83E11052F6792C000B249;2025-05-17;-2.0;-1551.68
D4852C344D907E11B7B78A650500CD08;B0BDDED34CC83E11052F6792C000B249;2025-05-17;-10.0;-1490.0
A2D1BEB6104FFE11F1557891FE695689;B0BDDED34CC83E11052F6792C000B249;2025-05-17;-2.0;-53.14
DA5D774AA60BFE11128010650500E819;B0BDDED34CC83E11052F6792C000B249;2025-05-17;-4.0;-182.4
B0798FE4F3C2FE1191EE106505006DB9;B0BDDED34CC83E11052F6792C000B249;2025-05-17;-4.0;-440.2
9EDF431BDDEABE118772106505003B59;B0BDDED34CC83E11052F6792C000B249;2025-05-17;-2.0;-29.04
ED20BEB6104FFE11F1557891FE695689;B0BDDED34CC83E11052F6792C000B249;2025-05-17;-2.0;-24.36
4465BF813364EE11B1AD10650500D7EA;B0BDDED34CC83E11052F6792C000B249;2025-05-17;-2.0;-47.28
9794C5B6C8B00F11F1557891FE693889;B0BDDED34CC83E11052F6792C000B249;2025-05-17;-2.0;-140.4
C1F54BF1C19EBE11877210650500DF59;B0BDDED34CC83E11052F6792C000B249;2025-05-17;-2.0;-55.72
DDF5EBC551CAED11A62CD892C0003F2A;B0BDDED34CC83E11052F6792C000B249;2025-05-17;-2.0;-628.64
6B8779C141CAED11A62CD892C0003F2A;B0BDDED34CC83E11052F6792C000B249;2025-05-17;-6.0;-1125.5
0854199D67ADDE11406610650500C64A;B0BDDED34CC83E11052F6792C000B249;2025-05-17;-2.0;-103.28
8F455DF950BCEE1191EE1065050029B9;B0BDDED34CC83E11052F6792C000B249;2025-05-17;-2.0;-666.22
E247820BD72EFE11F1557891FE69F489;B0BDDED34CC83E11052F6792C000B249;2025-05-17;-2.0;-264.0
2EFF22F28ABAFE11128010650500E819;B0BDDED34CC83E11052F6792C000B249;2025-05-17;-6.0;-188.16
E6CA0CF52D456E11B7B78A650500BC08;B0BDDED34CC83E11052F6792C000B249;2025-05-17;-2.0;-464.54
97130C4601CAED11A62CD892C0003F2A;B0BDDED34CC83E11052F6792C000B249;2025-05-17;-2.0;-246.78
DB9F0F883B2E2E11052F6792C000CF39;B0BDDED34CC83E11052F6792C000B249;2025-05-17;-2.0;-304.34
95518E8FED71FE1191EE10650500CBB9;B0BDDED34CC83E11052F6792C000B249;2025-05-17;-2.0;-642.5
6334CE20180AEE1191EE1065050009B9;B0BDDED34CC83E11052F6792C000B249;2025-05-17;-2.0;-53.68
F522C858411DEE1191EE1065050029B9;B0BDDED34CC83E11052F6792C000B249;2025-05-17;-2.0;-2451.04
17193D88252C9E11726010650500D84A;B0BDDED34CC83E11052F6792C000B249;2025-05-17;-2.0;-228.84
24EC4EE7A0CAED11A62CD892C0003F2A;B0BDDED34CC83E11052F6792C000B249;2025-05-17;-2.0;-83.28
70E13EB7DCFE5E1142D58A6505006D08;B0BDDED34CC83E11052F6792C000B249;2025-05-17;-2.0;-44.22
8133259A51FBEE1191EE1065050029B9;B0BDDED34CC83E11052F6792C000B249;2025-05-17;-2.0;-25.62
708F9F968C7BDE11406610650500F34A;B0BDDED34CC83E11052F6792C000B249;2025-05-17;-14.0;-70.0
FB574AA2D03D7E110819BB65050039AA;B0BDDED34CC83E11052F6792C000B249;2025-05-17;-2.0;-22.38
A3A127FB3C6CCE11ADB310650500A5B8;B0BDDED34CC83E11052F6792C000B249;2025-05-17;-6.0;-368.92
2018E9D401CAED11A62CD892C0003F2A;B0BDDED34CC83E11052F6792C000B249;2025-05-17;-2.0;-141.76
3A3BF05D9C01AE117260106505002F4A;B0BDDED34CC83E11052F6792C000B249;2025-05-17;-4.0;-673.2
240C2E1297D58E11F243BB650500CA3B;B0BDDED34CC83E11052F6792C000B249;2025-05-17;-2.0;-136.54
9178836BBCDDFE11F1557891FE699489;B0BDDED34CC83E11052F6792C000B249;2025-05-17;-6.0;-3528.08
52EC0D7DEAD02E1143F0668E4200C71A;B0BDDED34CC83E11052F6792C000B249;2025-05-17;-2.0;-225.48
7002AE3A2A6BFE111280106505000919;B0BDDED34CC83E11052F6792C000B249;2025-05-17;-6.0;-378.56
BF261D13477EFE11F1557891FE695589;B0BDDED34CC83E11052F6792C000B249;2025-05-17;-2.0;-711.74
3324A1150087CE11ADB3106505001FA8;B0BDDED34CC83E11052F6792C000B249;2025-05-17;-2.0;-172.0
EF2B30B1D09EBE11877210650500DF59;B0BDDED34CC83E11052F6792C000B249;2025-05-17;-2.0;-55.72
E7404E00B0CAED11A62CD892C0003F2A;B0BDDED34CC83E11052F6792C000B249;2025-05-17;-8.0;-414.72
3BF1E4E181B0EE11406610650500CA4A;B0BDDED34CC83E11052F6792C000B249;2025-05-17;-2.0;-160.38
22D6039D2596DE11ADB31065050053C8;B0BDDED34CC83E11052F6792C000B249;2025-05-17;-2.0;-42.5
F2D78078C6F0CE11877210650500E269;B0BDDED34CC83E11052F6792C000B249;2025-05-17;-2.0;-593.62
E22367CA41010F11112A674AC7E2B889;B0BDDED34CC83E11052F6792C000B249;2025-05-17;-2.0;-119.4
6328E30C170ECE11ADB310650500D7B8;B0BDDED34CC83E11052F6792C000B249;2025-05-17;-2.0;-200.76
020D95F55CA49E115540106505007E3B;B0BDDED34CC83E11052F6792C000B249;2025-05-17;-2.0;-223.02
223EE9252FE2BE11BE2110650500195A;B0BDDED34CC83E11052F6792C000B249;2025-05-17;-2.0;-15.26
73C38CCA2B9FFE11F1557891FE69C689;FC081C55582CED11A62CD892C0003F2A;2025-05-17;-2.0;-799.02
8EB5C05C3E85DE11ADB31065050002C8;FC081C55582CED11A62CD892C0003F2A;2025-05-17;-2.0;-61.82
030016A9E4807E11B7B78A650500CD08;FC081C55582CED11A62CD892C0003F2A;2025-05-17;-4.0;-2220.26
AAED77918754EE11B1AD10650500C7EA;FC081C55582CED11A62CD892C0003F2A;2025-05-17;-2.0;-567.6
AB30180C558BBE11877210650500FB59;FC081C55582CED11A62CD892C0003F2A;2025-05-17;-2.0;-149.28
07DDD0C86405EE11B1AD10650500A8EA;FC081C55582CED11A62CD892C0003F2A;2025-05-17;4.0;5391.82
40F32E312D42FD110DC22A92C0006778;B0BDDED34CC83E11052F6792C000B249;2025-05-17;-92.0;-1351.48
CCA47C5F5BAF7E110819BB65050039AA;44673735EAF46E11B7B78A650500BC08;2025-05-17;-2.0;-794.22
450BACBD2D456E11B7B78A650500BC08;44673735EAF46E11B7B78A650500BC08;2025-05-17;68.0;5038.8
68C2798F4E25FE1191EE10650500A0C9;44673735EAF46E11B7B78A650500BC08;2025-05-17;40.0;5064.0
583CCEF6BA456E11B7B78A650500BC08;44673735EAF46E11B7B78A650500BC08;2025-05-17;0.0;0.0
95EC946BAE8ADE11406610650500A24A;44673735EAF46E11B7B78A650500BC08;2025-05-17;0.0;0.0
671DF668072FFE11F1557891FE693689;44673735EAF46E11B7B78A650500BC08;2025-05-17;0.0;0.0
B95476024BE00F11112A674AC7E29889;44673735EAF46E11B7B78A650500BC08;2025-05-17;0.0;0.0
A7865CC92AFBCE11ADB310650500F4B8;44673735EAF46E11B7B78A650500BC08;2025-05-17;0.0;0.0
CCD58392A1567E11B7B78A650500ED08;44673735EAF46E11B7B78A650500BC08;2025-05-17;-6.0;-359.98
CC84A2CE566ACE11ADB310650500D2B8;44673735EAF46E11B7B78A650500BC08;2025-05-17;0.0;0.0
81E2C0BE566ACE11ADB310650500D2B8;44673735EAF46E11B7B78A650500BC08;2025-05-17;0.0;0.0
3CF1086CFADEAE11BE2110650500E35A;44673735EAF46E11B7B78A650500BC08;2025-05-17;-2.0;-2016.0
DDA5DFCFA7A7CE11ADB3106505004FA8;44673735EAF46E11B7B78A650500BC08;2025-05-17;40.0;2132.8
A85D417E0D456E11B7B78A650500BC08;44673735EAF46E11B7B78A650500BC08;2025-05-17;-6.0;-3130.44
80AA0C81D3C89E11525010650500394A;44673735EAF46E11B7B78A650500BC08;2025-05-17;0.0;0.0
F1EDF84C08A6BE11877210650500C559;44673735EAF46E11B7B78A650500BC08;2025-05-17;0.0;0.0
DCCB0E913EDBBE118772106505006C59;44673735EAF46E11B7B78A650500BC08;2025-05-17;4.0;402.42
EBCC3FB31CA5FE1191EE1065050041C9;44673735EAF46E11B7B78A650500BC08;2025-05-17;20.0;7840.0
6CF38C7CE94A6E11B7B78A650500BC08;44673735EAF46E11B7B78A650500BC08;2025-05-17;48.0;33600.0
C3FF2ABFE94A6E11B7B78A650500BC08;44673735EAF46E11B7B78A650500BC08;2025-05-17;4.0;3700.0
8103D84DE8420F114EF7A826072B6A89;44673735EAF46E11B7B78A650500BC08;2025-05-17;0.0;0.0
0A65CCD8B8420F114EF7A826072B6A89;44673735EAF46E11B7B78A650500BC08;2025-05-17;0.0;0.0
FE7695A18E3CEE1191EE1065050029B9;44673735EAF46E11B7B78A650500BC08;2025-05-17;8.0;356.15999999999997
298A06F23D88EE1191EE1065050098B9;44673735EAF46E11B7B78A650500BC08;2025-05-17;20.0;11520.0
68B552CBC7E6FE1191EE10650500D2C9;44673735EAF46E11B7B78A650500BC08;2025-05-17;18.0;7595.280000000001
D9FECE12BEBBDE11406610650500444A;44673735EAF46E11B7B78A650500BC08;2025-05-17;0.0;0.0
D1E775D84BA8BE118772106505005859;44673735EAF46E11B7B78A650500BC08;2025-05-17;0.0;0.0
507E29DFFD6E8E11F243BB650500564B;44673735EAF46E11B7B78A650500BC08;2025-05-17;0.0;0.0
4FC3E055946D7E110819BB65050039AA;44673735EAF46E11B7B78A650500BC08;2025-05-17;-4.0;-588.44
ABD804ECAD62FE1191EE10650500FCB9;44673735EAF46E11B7B78A650500BC08;2025-05-17;0.0;0.0
BA09736D08EEBE118772106505004069;44673735EAF46E11B7B78A650500BC08;2025-05-17;0.0;0.0
3F3996C74B768E11F243BB650500AB3B;B0BDDED34CC83E11052F6792C000B249;2025-05-17;0.0;0.0
54C33472BE05CE11ADB3106505000DA8;FC081C55582CED11A62CD892C0003F2A;2025-05-17;36.0;3413.56
C3CE5F86BD9BAE11BE2110650500CF4A;FC081C55582CED11A62CD892C0003F2A;2025-05-17;40.0;1619.8
97CD8EB858797E110819BB65050019AA;44673735EAF46E11B7B78A650500BC08;2025-05-17;16.0;2746.0
AE70E6310802EE114066106505008C4A;44673735EAF46E11B7B78A650500BC08;2025-05-17;8.0;2302.16
17DCF6F7F3B89E11525010650500294A;FC081C55582CED11A62CD892C0003F2A;2025-05-17;4.0;397.92
5AE6855EE3B89E11525010650500294A;B0BDDED34CC83E11052F6792C000B249;2025-05-17;60.0;746.12
8E81869E0CB4AE11726010650500D35A;B0BDDED34CC83E11052F6792C000B249;2025-05-17;4.0;468.4
277070370493DE11ADB3106505006FB8;FC081C55582CED11A62CD892C0003F2A;2025-05-17;2.0;64.98
C5ECE133477EFE11F1557891FE695589;FC081C55582CED11A62CD892C0003F2A;2025-05-17;0.0;0.0
64F61D13477EFE11F1557891FE695589;FC081C55582CED11A62CD892C0003F2A;2025-05-17;0.0;0.0
98EDAE3F108EFE11F1557891FE696589;FC081C55582CED11A62CD892C0003F2A;2025-05-17;-2.0;-624.48
C92B7B3361CBEE1191EE1065050029B9;FC081C55582CED11A62CD892C0003F2A;2025-05-17;0.0;0.0
3C5C8A235D4CBE11877210650500FC59;44673735EAF46E11B7B78A650500BC08;2025-05-17;2.0;6442.0
DB2BB701BD889E11525010650500F84A;44673735EAF46E11B7B78A650500BC08;2025-05-17;4.0;1724.0
69F60D55FFE0DE11ADB310650500EBB8;44673735EAF46E11B7B78A650500BC08;2025-05-17;4.0;12884.0
9A98DA2F7FCCCE11ADB31065050026B8;44673735EAF46E11B7B78A650500BC08;2025-05-17;20.0;7326.0
CB290FEE22929E11554010650500BB3B;44673735EAF46E11B7B78A650500BC08;2025-05-17;4.0;10270.8
2E076A426D7DBE118772106505007E59;44673735EAF46E11B7B78A650500BC08;2025-05-17;-4.0;-344.0
B2F06262B0A1EE11406610650500FB4A;44673735EAF46E11B7B78A650500BC08;2025-05-17;-12.0;-1267.6200000000001
7C3886B6D0F27E11B7B78A650500DD08;44673735EAF46E11B7B78A650500BC08;2025-05-17;-4.0;-226.56
AF87C76B3DCCCE11ADB31065050026B8;44673735EAF46E11B7B78A650500BC08;2025-05-17;-4.0;-214.0
8C6E2588AC456E11B7B78A650500BC08;44673735EAF46E11B7B78A650500BC08;2025-05-17;-2.0;-292.54
2DA90CDB0321DE11ADB3106505003CB8;44673735EAF46E11B7B78A650500BC08;2025-05-17;-2.0;-146.0
D799E0C4F5B9CE11ADB310650500F1B8;44673735EAF46E11B7B78A650500BC08;2025-05-17;-6.0;-1662.0
5C2E5119AF456E11B7B78A650500BC08;44673735EAF46E11B7B78A650500BC08;2025-05-17;-10.0;-1823.44
801E7FD141986E11B7B78A650500BC08;44673735EAF46E11B7B78A650500BC08;2025-05-17;-6.0;-2106.48
7477A5BBCC6DAE11BE2110650500125A;44673735EAF46E11B7B78A650500BC08;2025-05-17;-2.0;-254.42
F15BC4795366EE1191EE1065050016B9;44673735EAF46E11B7B78A650500BC08;2025-05-17;-2.0;-58.8
31A650B9EACB8E11F243BB650500624B;44673735EAF46E11B7B78A650500BC08;2025-05-17;-4.0;-126.0
5B16E1512D456E11B7B78A650500BC08;44673735EAF46E11B7B78A650500BC08;2025-05-17;-14.0;-1050.0
C577A3943A0F9E117260106505009C4A;44673735EAF46E11B7B78A650500BC08;2025-05-17;-2.0;-96.72
BD2D79C12F83AE11726010650500525A;44673735EAF46E11B7B78A650500BC08;2025-05-17;-4.0;-1320.84
2B7B482D653DDE11406610650500364A;44673735EAF46E11B7B78A650500BC08;2025-05-17;-2.0;-278.54
4840FD5D653DDE11406610650500364A;44673735EAF46E11B7B78A650500BC08;2025-05-17;-2.0;-71.4
A5C5195257363E11052F6792C000FF39;44673735EAF46E11B7B78A650500BC08;2025-05-17;-6.0;-365.28000000000003
31813C136DCF8E11F243BB650500184B;44673735EAF46E11B7B78A650500BC08;2025-05-17;-2.0;-931.76
79912AE26516DE11ADB310650500B2C8;44673735EAF46E11B7B78A650500BC08;2025-05-17;-2.0;-12736.0
895F319F6EEAAE11BE2110650500EE4A;44673735EAF46E11B7B78A650500BC08;2025-05-17;-10.0;-784.56
C5AD6BD1D004FE1191EE106505001FB9;44673735EAF46E11B7B78A650500BC08;2025-05-17;-2.0;-979.38
680C1DA46E637E11B7B78A650500DD08;44673735EAF46E11B7B78A650500BC08;2025-05-17;-8.0;-6024.0
213FED5D653DDE11406610650500364A;44673735EAF46E11B7B78A650500BC08;2025-05-17;-2.0;-81.22
8D98766BFB663E11052F6792C000FF39;44673735EAF46E11B7B78A650500BC08;2025-05-17;-2.0;-84.92
CE934B330B9E9E117260106505000C4A;44673735EAF46E11B7B78A650500BC08;2025-05-17;-2.0;-148.2
7D577F655AE66E11B7B78A650500BC08;44673735EAF46E11B7B78A650500BC08;2025-05-17;-6.0;-181.2
11078C880EE6DE11C846106505000F6A;44673735EAF46E11B7B78A650500BC08;2025-05-17;-2.0;-22.26
FAEEBC83462A3E11052F6792C000D249;44673735EAF46E11B7B78A650500BC08;2025-05-17;-4.0;-870.68
09966C2B0876BE118772106505008559;44673735EAF46E11B7B78A650500BC08;2025-05-17;-10.0;-242.0
532BAA22B4A20F114EF7A826072BDA89;44673735EAF46E11B7B78A650500BC08;2025-05-17;-4.0;-872.4
41CD01C39C456E11B7B78A650500BC08;44673735EAF46E11B7B78A650500BC08;2025-05-17;-20.0;-138.04
D0127D0BFD456E11B7B78A650500BC08;44673735EAF46E11B7B78A650500BC08;2025-05-17;-4.0;-820.0
33E14C573F45DE11ADB310650500B1C8;44673735EAF46E11B7B78A650500BC08;2025-05-17;-6.0;-530.16
C56242872379BE118772106505005959;44673735EAF46E11B7B78A650500BC08;2025-05-17;-24.0;-2220.0
39CFC787787DAE11BE2110650500225A;44673735EAF46E11B7B78A650500BC08;2025-05-17;-2.0;-581.4
77F82F21907F6E11B7B78A650500CD08;44673735EAF46E11B7B78A650500BC08;2025-05-17;-6.0;-431.4
04EE077F7D456E11B7B78A650500BC08;44673735EAF46E11B7B78A650500BC08;2025-05-17;-12.0;-374.4
4F203DE8AC456E11B7B78A650500BC08;44673735EAF46E11B7B78A650500BC08;2025-05-17;-10.0;-765.9200000000001
A1D5DC01B3F2DE11ADB3106505009EB8;44673735EAF46E11B7B78A650500BC08;2025-05-17;-2.0;-220.0
D9557BB0418EEE1191EE1065050029B9;44673735EAF46E11B7B78A650500BC08;2025-05-17;-2.0;-569.38
F9301C8933817E11B7B78A650500CD08;44673735EAF46E11B7B78A650500BC08;2025-05-17;-10.0;-710.0
F32A59F44E456E11B7B78A650500BC08;44673735EAF46E11B7B78A650500BC08;2025-05-17;-2.0;-191.56
325559B666767E11B7B78A650500ED08;44673735EAF46E11B7B78A650500BC08;2025-05-17;-2.0;-399.6
513FABBBC8C77E110819BB65050009AA;44673735EAF46E11B7B78A650500BC08;2025-05-17;-10.0;-275.0
00F7B4978C456E11B7B78A650500BC08;44673735EAF46E11B7B78A650500BC08;2025-05-17;-4.0;-606.72
C6C823FA8D410F11112A674AC7E21989;44673735EAF46E11B7B78A650500BC08;2025-05-17;-2.0;-122.2
53561EA5CD456E11B7B78A650500BC08;44673735EAF46E11B7B78A650500BC08;2025-05-17;-2.0;-110.0
F031B266B2C10F114EF7A826072BB989;44673735EAF46E11B7B78A650500BC08;2025-05-17;-2.0;-133.48
21E1BF76D270DE11ADB3106505003BB8;44673735EAF46E11B7B78A650500BC08;2025-05-17;-2.0;-383.0
43C45E30A69F6E11B7B78A650500CD08;44673735EAF46E11B7B78A650500BC08;2025-05-17;-4.0;-760.48
9D1CA914CDB6EE1191EE1065050076B9;44673735EAF46E11B7B78A650500BC08;2025-05-17;-4.0;-2156.02
C76EDC4E3C456E11B7B78A650500BC08;44673735EAF46E11B7B78A650500BC08;2025-05-17;-6.0;-392.70000000000005
3892C2FE6BF3DE11ADB31065050000C8;44673735EAF46E11B7B78A650500BC08;2025-05-17;-2.0;-428.4
C47F698FD6568E11F243BB6505007B3B;44673735EAF46E11B7B78A650500BC08;2025-05-17;-2.0;-102.52
85604CF95F37FE1191EE1065050053C9;44673735EAF46E11B7B78A650500BC08;2025-05-17;-2.0;-1118.34
07AD7D7EE2DC9E11726010650500B94A;44673735EAF46E11B7B78A650500BC08;2025-05-17;-176.0;-3896.6400000000003
4A4869B5DC297E110819BB65050009AA;44673735EAF46E11B7B78A650500BC08;2025-05-17;-2.0;-292.0
82EDD252C7300F11F1557891FE699789;44673735EAF46E11B7B78A650500BC08;2025-05-17;-2.0;-53.28
B3E53E4B8C2AEE1191EE1065050009B9;44673735EAF46E11B7B78A650500BC08;2025-05-17;-2.0;-1280.0
662AC45A4BB23E11052F6792C000CF39;44673735EAF46E11B7B78A650500BC08;2025-05-17;-2.0;-733.12
9E5574FE9C7FAE11BE2110650500B45A;44673735EAF46E11B7B78A650500BC08;2025-05-17;-4.0;-892.0
7E378940222B7E110819BB65050039AA;44673735EAF46E11B7B78A650500BC08;2025-05-17;-2.0;-324.04
1B34F7802F36AE11BE2110650500F84A;44673735EAF46E11B7B78A650500BC08;2025-05-17;-2.0;-504.0
8A84AFECFFB89E11525010650500394A;44673735EAF46E11B7B78A650500BC08;2025-05-17;-2.0;-34.26
489DBC94C0410F11112A674AC7E20989;44673735EAF46E11B7B78A650500BC08;2025-05-17;-2.0;-560.0
2C7BA3AAF655BE11BE21106505002C5A;44673735EAF46E11B7B78A650500BC08;2025-05-17;-4.0;-1899.08
F44136F7D7A5DE11ADB31065050022C8;44673735EAF46E11B7B78A650500BC08;2025-05-17;-2.0;-108.94
FF2E20C24039EE1191EE1065050009B9;44673735EAF46E11B7B78A650500BC08;2025-05-17;-6.0;-1045.1999999999998
B9CE57B1490FEE1191EE1065050029B9;44673735EAF46E11B7B78A650500BC08;2025-05-17;-4.0;-53.56
730630EFAD53AE11726010650500125A;44673735EAF46E11B7B78A650500BC08;2025-05-17;-2.0;-29.18
89FBE535BBB9AE11BE21106505006D4A;44673735EAF46E11B7B78A650500BC08;2025-05-17;-2.0;-44.64
E32FBA0ACD456E11B7B78A650500BC08;44673735EAF46E11B7B78A650500BC08;2025-05-17;-4.0;-1307.8400000000001
978E69CF5C876E11B7B78A650500BC08;44673735EAF46E11B7B78A650500BC08;2025-05-17;-6.0;-422.22
5E84A3FAEB456E11B7B78A650500BC08;44673735EAF46E11B7B78A650500BC08;2025-05-17;-2.0;-870.76
B8C0AEA41C68BE118772106505000859;44673735EAF46E11B7B78A650500BC08;2025-05-17;-2.0;-292.0
F7A4BE130F456E11B7B78A650500BC08;44673735EAF46E11B7B78A650500BC08;2025-05-17;-2.0;-375.7
777B755F3B91BE11BE2110650500675A;44673735EAF46E11B7B78A650500BC08;2025-05-17;-2.0;-160.94
7AC0B1EBB9456E11B7B78A650500BC08;44673735EAF46E11B7B78A650500BC08;2025-05-17;-8.0;-816.58
633CBFE5BC787E110819BB65050009AA;44673735EAF46E11B7B78A650500BC08;2025-05-17;-6.0;-154.44
6F203DE8AC456E11B7B78A650500BC08;44673735EAF46E11B7B78A650500BC08;2025-05-17;-6.0;-459.56
17B821F43D9F7E110819BB65050039AA;44673735EAF46E11B7B78A650500BC08;2025-05-17;-2.0;-72.66
2909AD10B9456E11B7B78A650500BC08;44673735EAF46E11B7B78A650500BC08;2025-05-17;-2.0;-132.3
DC8DE026E315AE11726010650500445A;44673735EAF46E11B7B78A650500BC08;2025-05-17;-4.0;-322.96
DD3D4DF947E4DE11ADB31065050031C8;44673735EAF46E11B7B78A650500BC08;2025-05-17;-2.0;-242.0
3E68ED68E602EE114066106505008C4A;44673735EAF46E11B7B78A650500BC08;2025-05-17;-2.0;-109.8
F7D58714648DFE11F1557891FE692489;44673735EAF46E11B7B78A650500BC08;2025-05-17;-4.0;-15.86
974ACF65D491DE11ADB310650500DCB8;44673735EAF46E11B7B78A650500BC08;2025-05-17;-4.0;-2612.0
91DBF98D98F07E11B7B78A650500CD08;44673735EAF46E11B7B78A650500BC08;2025-05-17;-6.0;-750.84
78DD3F2A0C8DDE11406610650500A64A;44673735EAF46E11B7B78A650500BC08;2025-05-17;-10.0;-415.52
19F58DB5AC456E11B7B78A650500BC08;44673735EAF46E11B7B78A650500BC08;2025-05-17;-2.0;-86.6
8CB3C67A3734DE11ADB31065050050C8;44673735EAF46E11B7B78A650500BC08;2025-05-17;-8.0;-872.0
CBE17876627CAE11BE2110650500D05A;44673735EAF46E11B7B78A650500BC08;2025-05-17;-2.0;-661.76
3E0A5F872DCCCE11ADB31065050026B8;44673735EAF46E11B7B78A650500BC08;2025-05-17;-12.0;-582.26
43BECBDAA9363E11052F6792C000FF39;44673735EAF46E11B7B78A650500BC08;2025-05-17;-4.0;-141.52
CA347896378B3E11052F6792C000D249;44673735EAF46E11B7B78A650500BC08;2025-05-17;-2.0;-113.1
393250D1AC456E11B7B78A650500BC08;44673735EAF46E11B7B78A650500BC08;2025-05-17;-2.0;-128.8
593250D1AC456E11B7B78A650500BC08;44673735EAF46E11B7B78A650500BC08;2025-05-17;-2.0;-113.86
0BFD2D2B01638E111E1BBB650500BBAA;44673735EAF46E11B7B78A650500BC08;2025-05-17;-2.0;-79.42
B5897E390586CE11ADB310650500DDA8;44673735EAF46E11B7B78A650500BC08;2025-05-17;-4.0;-89.68
8B247AC845B4DE11ADB310650500F0C8;44673735EAF46E11B7B78A650500BC08;2025-05-17;-4.0;-469.4
964D1F0E1308EE1191EE10650500D7B9;44673735EAF46E11B7B78A650500BC08;2025-05-17;-2.0;-404.46
C451CE1B9497EE1191EE1065050047B9;44673735EAF46E11B7B78A650500BC08;2025-05-17;-2.0;-208.0
620F2DBC97400F11F1557891FE69A789;44673735EAF46E11B7B78A650500BC08;2025-05-17;-2.0;-1070.0
59B2EB789C456E11B7B78A650500BC08;44673735EAF46E11B7B78A650500BC08;2025-05-17;-4.0;-133.36
E9F130DCABE1EE114066106505006C4A;44673735EAF46E11B7B78A650500BC08;2025-05-17;-2.0;-559.2
D7EA018B849ABE11877210650500CA59;44673735EAF46E11B7B78A650500BC08;2025-05-17;-2.0;-1748.92
5745D8A0761E8E11F243BB650500E54B;44673735EAF46E11B7B78A650500BC08;2025-05-17;-4.0;-1377.26
50A39B4ED0CAED11A62CD892C0003F2A;44673735EAF46E11B7B78A650500BC08;2025-05-17;-2.0;-974.0
EEFF6936CCFDCE11ADB310650500C7B8;44673735EAF46E11B7B78A650500BC08;2025-05-17;-2.0;-518.0
E547B8D14790DE11ADB3106505006BB8;44673735EAF46E11B7B78A650500BC08;2025-05-17;-4.0;-337.4
C07EFE6F390FEE1191EE1065050029B9;44673735EAF46E11B7B78A650500BC08;2025-05-17;-2.0;-55.2
94D448A0A6507E11B7B78A650500CD08;44673735EAF46E11B7B78A650500BC08;2025-05-17;-2.0;-111.08
7E0C9DCA390FEE1191EE1065050029B9;44673735EAF46E11B7B78A650500BC08;2025-05-17;-10.0;-144.26
DC8E48486C456E11B7B78A650500BC08;44673735EAF46E11B7B78A650500BC08;2025-05-17;-4.0;-765.6
1B57324D9B8ACE11ADB31065050003B8;44673735EAF46E11B7B78A650500BC08;2025-05-17;-4.0;-124.12
34AEADD73E41BE11BE2110650500075A;44673735EAF46E11B7B78A650500BC08;2025-05-17;-2.0;-466.2
96FB9C94CC22AE11726010650500905A;44673735EAF46E11B7B78A650500BC08;2025-05-17;-2.0;-181.8
DE3453A763039E115540106505004C3B;44673735EAF46E11B7B78A650500BC08;2025-05-17;-2.0;-58.12
61B776C5E528CE11ADB310650500EFA8;44673735EAF46E11B7B78A650500BC08;2025-05-17;-6.0;-252.06
D9E954B22ADFEE1191EE10650500A9B9;44673735EAF46E11B7B78A650500BC08;2025-05-17;-2.0;-1286.6
474361C1AE456E11B7B78A650500BC08;44673735EAF46E11B7B78A650500BC08;2025-05-17;-2.0;-97.58
82C76B849C456E11B7B78A650500BC08;44673735EAF46E11B7B78A650500BC08;2025-05-17;-2.0;-92.34
8D783B306AD1BE11BE2110650500B75A;44673735EAF46E11B7B78A650500BC08;2025-05-17;-6.0;-786.0
5CF8BAC793688E11F243BB6505001E3B;44673735EAF46E11B7B78A650500BC08;2025-05-17;-2.0;-71.06
D08974189C456E11B7B78A650500BC08;44673735EAF46E11B7B78A650500BC08;2025-05-17;-6.0;-961.14
A0E41C952D456E11B7B78A650500BC08;44673735EAF46E11B7B78A650500BC08;2025-05-17;-8.0;-1108.64
C608E976B5F0BE11BE2110650500965A;44673735EAF46E11B7B78A650500BC08;2025-05-17;-14.0;-2044.0
7B7D111480A49E115540106505006E3B;44673735EAF46E11B7B78A650500BC08;2025-05-17;-2.0;-569.1
8E44BE7F89456E11B7B78A650500BC08;44673735EAF46E11B7B78A650500BC08;2025-05-17;-4.0;-1078.48
74B486C0ED456E11B7B78A650500BC08;44673735EAF46E11B7B78A650500BC08;2025-05-17;-2.0;-714.7
9967B5E70EB9FE11128010650500E819;44673735EAF46E11B7B78A650500BC08;2025-05-17;-2.0;-430.0
8EA940A0166E9E11726010650500CB4A;44673735EAF46E11B7B78A650500BC08;2025-05-17;-2.0;-33.68
8360A9054C456E11B7B78A650500BC08;44673735EAF46E11B7B78A650500BC08;2025-05-17;-2.0;-153.04
9771181A03078E11F243BB6505005C3B;44673735EAF46E11B7B78A650500BC08;2025-05-17;-4.0;-55.44
3458344EB11A8E11F243BB650500304B;44673735EAF46E11B7B78A650500BC08;2025-05-17;-2.0;-101.54
5C0AF31ECAD0FE1191EE10650500FAB9;44673735EAF46E11B7B78A650500BC08;2025-05-17;-4.0;-958.46
2BC3EB589D3ABE118772106505005A59;44673735EAF46E11B7B78A650500BC08;2025-05-17;-4.0;-740.0
5F9FD5800DAAAE11BE21106505009E4A;44673735EAF46E11B7B78A650500BC08;2025-05-17;-4.0;-310.0
C45B1F3CF356DE11ADB31065050003C8;44673735EAF46E11B7B78A650500BC08;2025-05-17;-4.0;-111.98
30D77D6928CDCE11ADB31065050087B8;44673735EAF46E11B7B78A650500BC08;2025-05-17;-4.0;-107.48
E136882211CAED11A62CD892C0003F2A;44673735EAF46E11B7B78A650500BC08;2025-05-17;-2.0;-516.3
48F551B23E456E11B7B78A650500BC08;44673735EAF46E11B7B78A650500BC08;2025-05-17;-2.0;-398.0
4640B1EF3E456E11B7B78A650500BC08;44673735EAF46E11B7B78A650500BC08;2025-05-17;-2.0;-860.0
8FCBF27E98E66E11B7B78A650500BC08;44673735EAF46E11B7B78A650500BC08;2025-05-17;-6.0;-296.42
F0DF7E1A3694BE11BE21106505003B5A;44673735EAF46E11B7B78A650500BC08;2025-05-17;-2.0;-323.8
3F3C03016F456E11B7B78A650500BC08;44673735EAF46E11B7B78A650500BC08;2025-05-17;-2.0;-449.5
C4C3C57921CAED11A62CD892C0003F2A;44673735EAF46E11B7B78A650500BC08;2025-05-17;-2.0;-225.32
C50C3DA3DB804E1142D58A650500DB08;FC081C55582CED11A62CD892C0003F2A;2025-05-17;-4.0;-448.46000000000004
FA65897F0256BE118772106505005559;FC081C55582CED11A62CD892C0003F2A;2025-05-17;-12.0;-1891.04
5F54C60FB0CAED11A62CD892C0003F2A;FC081C55582CED11A62CD892C0003F2A;2025-05-17;-2.0;-750.44
D1B6F9AD0CA8BE118772106505005859;FC081C55582CED11A62CD892C0003F2A;2025-05-17;-6.0;-231.36
74FC5D6A6BE15E1142D58A650500BC08;FC081C55582CED11A62CD892C0003F2A;2025-05-17;-8.0;-499.28
09FBCED089B1EE114066106505001C4A;FC081C55582CED11A62CD892C0003F2A;2025-05-17;-2.0;-128.26
6D495E44C0CAED11A62CD892C0003F2A;FC081C55582CED11A62CD892C0003F2A;2025-05-17;-2.0;-402.58
180C35B8DF0EEE1191EE1065050029B9;FC081C55582CED11A62CD892C0003F2A;2025-05-17;-2.0;-124.86
DA2EC8AD6DBFAE11BE2110650500055A;FC081C55582CED11A62CD892C0003F2A;2025-05-17;-2.0;-88.28
FDBF5FCF20CAED11A62CD892C0003F2A;FC081C55582CED11A62CD892C0003F2A;2025-05-17;-10.0;-530.0
B5E3C58D0A09FD11A4A96492C000AA89;FC081C55582CED11A62CD892C0003F2A;2025-05-17;-2.0;-76.0
55560B4D9989EE1191EE1065050009B9;FC081C55582CED11A62CD892C0003F2A;2025-05-17;-2.0;-788.54
098E3FA308C5CE11ADB3106505005DA8;FC081C55582CED11A62CD892C0003F2A;2025-05-17;-2.0;-678.42
9B354D1B3A278E11F243BB6505008C3B;FC081C55582CED11A62CD892C0003F2A;2025-05-17;-2.0;-22.26
4770B64F9529EE1191EE1065050009B9;FC081C55582CED11A62CD892C0003F2A;2025-05-17;-2.0;-1401.94
2D6AA2266046FE1191EE1065050002C9;FC081C55582CED11A62CD892C0003F2A;2025-05-17;-2.0;-73.74
7964184528D8EE1191EE10650500F8B9;FC081C55582CED11A62CD892C0003F2A;2025-05-17;-4.0;-690.0
F79088DED0CAED11A62CD892C0003F2A;FC081C55582CED11A62CD892C0003F2A;2025-05-17;-2.0;-1619.88
48F8FE666866FE1191EE1065050032C9;FC081C55582CED11A62CD892C0003F2A;2025-05-17;-16.0;-927.82
E60BDED6A094DE11ADB310650500C0C8;FC081C55582CED11A62CD892C0003F2A;2025-05-17;-2.0;-251.38
D6703822BB86AE11BE2110650500594A;FC081C55582CED11A62CD892C0003F2A;2025-05-17;-4.0;-271.08
EDC44299B596DE11ADB31065050053C8;FC081C55582CED11A62CD892C0003F2A;2025-05-17;-4.0;-787.8
687539341767BE11877210650500B659;FC081C55582CED11A62CD892C0003F2A;2025-05-17;-2.0;-168.06
A61D270989B1EE114066106505001C4A;FC081C55582CED11A62CD892C0003F2A;2025-05-17;-2.0;-351.76
2E9E6F4D4303EE11B1AD1065050016EA;FC081C55582CED11A62CD892C0003F2A;2025-05-17;-2.0;-365.98
227F15251040EE114066106505003A4A;FC081C55582CED11A62CD892C0003F2A;2025-05-17;-2.0;-538.22
D5FE46A0055F4E1142D58A650500BC08;FC081C55582CED11A62CD892C0003F2A;2025-05-17;-8.0;-1113.44
6A89BDE3CBDEFE11F1557891FE69D589;FC081C55582CED11A62CD892C0003F2A;2025-05-17;-2.0;-471.6
175AF9E305B4DE11ADB310650500F0C8;FC081C55582CED11A62CD892C0003F2A;2025-05-17;-2.0;-116.16
E0997EB5E5B18E111E1BBB65050069AA;FC081C55582CED11A62CD892C0003F2A;2025-05-17;-2.0;-518.7
7E69FDD391CAED11A62CD892C0003F2A;FC081C55582CED11A62CD892C0003F2A;2025-05-17;-4.0;-198.4
36776AB89F09FE11128010650500E819;FC081C55582CED11A62CD892C0003F2A;2025-05-17;-2.0;-115.08
1B1B38250DDDFE11F1557891FE699489;FC081C55582CED11A62CD892C0003F2A;2025-05-17;-2.0;-803.26
05C794AC59DDCE11ADB31065050097B8;FC081C55582CED11A62CD892C0003F2A;2025-05-17;-4.0;-130.96
5D043204158ECE11ADB31065050078B8;FC081C55582CED11A62CD892C0003F2A;2025-05-17;-10.0;-296.48
83365B4D4E968E11F243BB650500DB3B;FC081C55582CED11A62CD892C0003F2A;2025-05-17;-2.0;-71.58
FC1B1729ACA5BE11BE21106505009C5A;FC081C55582CED11A62CD892C0003F2A;2025-05-17;-6.0;-234.78000000000003
5596E37B383EFE11F1557891FE690589;FC081C55582CED11A62CD892C0003F2A;2025-05-17;-4.0;-551.4
6ED8E69FDAC2DE11ADB3106505006EB8;FC081C55582CED11A62CD892C0003F2A;2025-05-17;-2.0;-121.38
5487746B2D9FDE11406610650500694A;FC081C55582CED11A62CD892C0003F2A;2025-05-17;-2.0;-222.0
7E56DAF54DB3EE11B1AD1065050007EA;FC081C55582CED11A62CD892C0003F2A;2025-05-17;-2.0;-102.28
FB68F79D8F7BDE11406610650500F34A;FC081C55582CED11A62CD892C0003F2A;2025-05-17;-2.0;-42.0
3CE3B6169E338E117E64BB6505007BAA;FC081C55582CED11A62CD892C0003F2A;2025-05-17;-6.0;-1680.0
4CDAA7A09166DE11ADB31065050013C8;FC081C55582CED11A62CD892C0003F2A;2025-05-17;-2.0;-81.9
0AC40611530FCE11ADB31065050019B8;FC081C55582CED11A62CD892C0003F2A;2025-05-17;-2.0;-43.8
70E42A0A41BFFE11F1557891FE69E689;FC081C55582CED11A62CD892C0003F2A;2025-05-17;-2.0;-104.56
0F6FC92709569E11554010650500A04B;FC081C55582CED11A62CD892C0003F2A;2025-05-17;-2.0;-40.2
A9640B355645BE11BE21106505001C5A;FC081C55582CED11A62CD892C0003F2A;2025-05-17;-4.0;-684.02
F25DA37DD20FCE11ADB31065050019B8;FC081C55582CED11A62CD892C0003F2A;2025-05-17;-4.0;-26.6
42899BB57654EE11B1AD10650500C7EA;FC081C55582CED11A62CD892C0003F2A;2025-05-17;-2.0;-40.58
265AABC9544DEE1191EE1065050029B9;FC081C55582CED11A62CD892C0003F2A;2025-05-17;-4.0;-57.42
AE7A6532A72EAE11BE2110650500035A;FC081C55582CED11A62CD892C0003F2A;2025-05-17;-2.0;-150.32
AA2C800C02B0EE11406610650500CA4A;FC081C55582CED11A62CD892C0003F2A;2025-05-17;-4.0;-67.34
3D963A89DBB1EE114066106505001C4A;FC081C55582CED11A62CD892C0003F2A;2025-05-17;-2.0;-139.72
7ED1C977227DCE11ADB31065050007B8;FC081C55582CED11A62CD892C0003F2A;2025-05-17;-4.0;-210.4
A0D516965B757E11B7B78A650500ED08;FC081C55582CED11A62CD892C0003F2A;2025-05-17;-2.0;-295.48
1E5EC8ECAB4A6E11B7B78A650500BC08;FC081C55582CED11A62CD892C0003F2A;2025-05-17;-2.0;-620.0
5E3FB89463B78E11F243BB6505003D3B;FC081C55582CED11A62CD892C0003F2A;2025-05-17;-6.0;-408.78
5D47F32A070ECE11ADB310650500D7B8;FC081C55582CED11A62CD892C0003F2A;2025-05-17;-2.0;-192.2
A17FA74E9F4BEE1191EE1065050029B9;FC081C55582CED11A62CD892C0003F2A;2025-05-17;-4.0;-192.0
0BF7BB9EE342EE11406610650500DC4A;FC081C55582CED11A62CD892C0003F2A;2025-05-17;-4.0;-682.04
7BF9E1C2044C7E110819BB65050039AA;FC081C55582CED11A62CD892C0003F2A;2025-05-17;-2.0;-719.38
030A6C4B93735E1142D58A650500DC08;FC081C55582CED11A62CD892C0003F2A;2025-05-17;-2.0;-169.72
72D92CEE920BAE11BE21106505000F4A;FC081C55582CED11A62CD892C0003F2A;2025-05-17;-2.0;-117.06
E63E17D851CAED11A62CD892C0003F2A;FC081C55582CED11A62CD892C0003F2A;2025-05-17;-2.0;-1327.4
0AFD87DD640D9E11726010650500F94A;FC081C55582CED11A62CD892C0003F2A;2025-05-17;-2.0;-218.86
4DF5AA0F66449E11554010650500ED3B;FC081C55582CED11A62CD892C0003F2A;2025-05-17;-4.0;-66.92
3F8F1A05D2DCDE11406610650500B54A;FC081C55582CED11A62CD892C0003F2A;2025-05-17;-2.0;-943.6
66B623CF5ED87E110819BB65050009AA;FC081C55582CED11A62CD892C0003F2A;2025-05-17;-8.0;-998.14
F0DE0B7FEB03EE11B1AD1065050026EA;FC081C55582CED11A62CD892C0003F2A;2025-05-17;-2.0;-190.0
76D9847273D0DE11ADB310650500BBB8;FC081C55582CED11A62CD892C0003F2A;2025-05-17;-6.0;-96.18
2C0B62D573F7DE11C84610650500507A;FC081C55582CED11A62CD892C0003F2A;2025-05-17;-4.0;-242.52
09966C2B0876BE118772106505008559;FC081C55582CED11A62CD892C0003F2A;2025-05-17;-2.0;-48.4
1D3E818660A7FE1191EE10650500D3C9;FC081C55582CED11A62CD892C0003F2A;2025-05-17;-10.0;-1149.4
E22367CA41010F11112A674AC7E2B889;FC081C55582CED11A62CD892C0003F2A;2025-05-17;-2.0;-119.4
E653C166AF6DFE11F1557891FE690489;FC081C55582CED11A62CD892C0003F2A;2025-05-17;-4.0;-326.8
79251D13477EFE11F1557891FE695589;FC081C55582CED11A62CD892C0003F2A;2025-05-17;-2.0;-184.0
66929244555EDE11406610650500C74A;FC081C55582CED11A62CD892C0003F2A;2025-05-17;-2.0;-488.02
0860A30F49F2FE1191EE10650500BDB9;FC081C55582CED11A62CD892C0003F2A;2025-05-17;-2.0;-208.06
B0BE32FD2D783E11052F6792C000B249;FC081C55582CED11A62CD892C0003F2A;2025-05-17;-2.0;-516.46
AD135B1BC01C3E11052F6792C000D249;FC081C55582CED11A62CD892C0003F2A;2025-05-17;-8.0;-264.0
08D4B1E5D4735E1142D58A650500DC08;FC081C55582CED11A62CD892C0003F2A;2025-05-17;-12.0;-212.28000000000003
E23732FC5CFFFE11F1557891FE694789;FC081C55582CED11A62CD892C0003F2A;2025-05-17;-6.0;-263.86
BC56BEFFB0CAED11A62CD892C0003F2A;FC081C55582CED11A62CD892C0003F2A;2025-05-17;-4.0;-497.3
86BE5C8D13844E1142D58A6505002C08;FC081C55582CED11A62CD892C0003F2A;2025-05-17;-2.0;-216.26
3097027411CAED11A62CD892C0003F2A;FC081C55582CED11A62CD892C0003F2A;2025-05-17;-2.0;-645.54
788A0922FEC18E113835BB650500B9AA;FC081C55582CED11A62CD892C0003F2A;2025-05-17;-4.0;-88.76
8806F27BE88AFE11128010650500E819;FC081C55582CED11A62CD892C0003F2A;2025-05-17;-2.0;-1592.74
B5C1FE687853EE11B1AD1065050086EA;FC081C55582CED11A62CD892C0003F2A;2025-05-17;-2.0;-2039.02
E28D3A8D70C5EE1191EE1065050045B9;FC081C55582CED11A62CD892C0003F2A;2025-05-17;-6.0;-212.76
748ACA848BFEEE1191EE1065050029B9;FC081C55582CED11A62CD892C0003F2A;2025-05-17;-2.0;-3347.86
6BEB65CDCDDFDE11406610650500B94A;FC081C55582CED11A62CD892C0003F2A;2025-05-17;-2.0;-442.04
9A4F650B0E94DE11ADB310650500D0C8;FC081C55582CED11A62CD892C0003F2A;2025-05-17;-2.0;-50.18
840431D5CCEEDE11406610650500884A;FC081C55582CED11A62CD892C0003F2A;2025-05-17;-2.0;-37.34
085B92A5095EDE11406610650500C74A;FC081C55582CED11A62CD892C0003F2A;2025-05-17;-2.0;-444.34
3460C0580D8D8E11F243BB650500354B;FC081C55582CED11A62CD892C0003F2A;2025-05-17;-4.0;-96.24
FE4D0478A66E0E1143F0668E42001D49;FC081C55582CED11A62CD892C0003F2A;2025-05-17;-6.0;-677.96
E0AFE8898284DE11ADB310650500B0C8;FC081C55582CED11A62CD892C0003F2A;2025-05-17;-8.0;-403.2
83CC72ACC09EBE11877210650500DF59;FC081C55582CED11A62CD892C0003F2A;2025-05-17;-8.0;-191.68
8E9B68AC880BED11A62CD892C0003F2A;FC081C55582CED11A62CD892C0003F2A;2025-05-17;-2.0;-3216.16
95CE3999A89BEE1191EE1065050029B9;FC081C55582CED11A62CD892C0003F2A;2025-05-17;-2.0;-908.76
D78C963E01CAED11A62CD892C0003F2A;FC081C55582CED11A62CD892C0003F2A;2025-05-17;-10.0;-1818.1000000000001
71F60CD4DC8E0E1143F0668E42001D49;FC081C55582CED11A62CD892C0003F2A;2025-05-17;-4.0;-340.04
921474CDE44F4E1142D58A650500BC08;FC081C55582CED11A62CD892C0003F2A;2025-05-17;-2.0;-139.28
FBA365098876BE118772106505008559;FC081C55582CED11A62CD892C0003F2A;2025-05-17;-2.0;-72.1
51140DB46D79FE11128010650500E819;FC081C55582CED11A62CD892C0003F2A;2025-05-17;-2.0;-193.7
15A45888FBE15E1142D58A650500BC08;FC081C55582CED11A62CD892C0003F2A;2025-05-17;-2.0;-83.98
6B09646391CAED11A62CD892C0003F2A;FC081C55582CED11A62CD892C0003F2A;2025-05-17;-2.0;-302.1
623F5FE0541AFE11128010650500E819;FC081C55582CED11A62CD892C0003F2A;2025-05-17;-2.0;-195.4
FB73436BE358FE11128010650500D819;FC081C55582CED11A62CD892C0003F2A;2025-05-17;-2.0;-29.34
82377D17C0CAED11A62CD892C0003F2A;FC081C55582CED11A62CD892C0003F2A;2025-05-17;-4.0;-1221.96
558A32630DDFDE11406610650500B94A;FC081C55582CED11A62CD892C0003F2A;2025-05-17;-2.0;-284.76
83A5B36FCB57FE1191EE1065050073C9;FC081C55582CED11A62CD892C0003F2A;2025-05-17;-2.0;-985.38
27BE388669079E11554010650500814B;FC081C55582CED11A62CD892C0003F2A;2025-05-17;-2.0;-304.0
A620F91E019EBE11877210650500DF59;FC081C55582CED11A62CD892C0003F2A;2025-05-17;-6.0;-152.16
8764961A930D9E11726010650500F94A;FC081C55582CED11A62CD892C0003F2A;2025-05-17;-2.0;-1169.5
513CCBB77CB0DE11ADB3106505009BB8;FC081C55582CED11A62CD892C0003F2A;2025-05-17;-2.0;-771.14
6F84557771F10F114EF7A826072BF989;FC081C55582CED11A62CD892C0003F2A;2025-05-17;-6.0;-338.1
E32D021100E7EE1191EE10650500A7B9;FC081C55582CED11A62CD892C0003F2A;2025-05-17;-10.0;-48.879999999999995
BB75D12C7ECB2E11052F6792C000CF39;FC081C55582CED11A62CD892C0003F2A;2025-05-17;-2.0;-668.08
7AA7B1AB81CAED11A62CD892C0003F2A;FC081C55582CED11A62CD892C0003F2A;2025-05-17;-2.0;-811.94
BA2D6C52697BAE11BE21106505009F4A;FC081C55582CED11A62CD892C0003F2A;2025-05-17;-2.0;-98.8
9CB7380BBED3FD110DC22A92C000C499;FC081C55582CED11A62CD892C0003F2A;2025-05-17;-2.0;-155.7
4FED51E98B427E11B7B78A650500CD08;FC081C55582CED11A62CD892C0003F2A;2025-05-17;-2.0;-728.24
7782BF925717FE1191EE1065050023C9;FC081C55582CED11A62CD892C0003F2A;2025-05-17;-4.0;-458.36
6CDD0C3751CAED11A62CD892C0003F2A;FC081C55582CED11A62CD892C0003F2A;2025-05-17;-2.0;-744.44
7B5AB005003C0E11A4A96492C0001269;FC081C55582CED11A62CD892C0003F2A;2025-05-17;-8.0;-1076.72
34BCB89C1A5FFE11F1557891FE697689;FC081C55582CED11A62CD892C0003F2A;2025-05-17;-2.0;-118.78
64C5195257363E11052F6792C000FF39;FC081C55582CED11A62CD892C0003F2A;2025-05-17;-6.0;-151.92
C0998708FFC32E1143F0668E4200C71A;FC081C55582CED11A62CD892C0003F2A;2025-05-17;-2.0;-150.32
5CAF3F1934CFFD11A4A96492C0001019;FC081C55582CED11A62CD892C0003F2A;2025-05-17;-2.0;-131.36
EB4EDC2E348DFE11F1557891FE692489;FC081C55582CED11A62CD892C0003F2A;2025-05-17;-2.0;-439.64
F51BBA00F935FE1191EE10650500B0C9;FC081C55582CED11A62CD892C0003F2A;2025-05-17;-2.0;-234.22
DB77FB76195EDE11406610650500C74A;FC081C55582CED11A62CD892C0003F2A;2025-05-17;-2.0;-139.32
376CC40BBE6DFE11F1557891FE690489;FC081C55582CED11A62CD892C0003F2A;2025-05-17;-4.0;-316.8
313A2A39CDA39E115540106505002D3B;FC081C55582CED11A62CD892C0003F2A;2025-05-17;-2.0;-653.14
E269C3C571920E11A4A96492C00008E9;FC081C55582CED11A62CD892C0003F2A;2025-05-17;-2.0;-429.48
B629E1FDC13EDE11406610650500874A;FC081C55582CED11A62CD892C0003F2A;2025-05-17;-4.0;-145.76
01DA13540BD4DE11ADB31065050021C8;FC081C55582CED11A62CD892C0003F2A;2025-05-17;-2.0;-273.78
8A4F278C0ADEAE11BE2110650500E35A;FC081C55582CED11A62CD892C0003F2A;2025-05-17;-4.0;-118.88
1ED0A2A7EFACEE1191EE1065050029B9;FC081C55582CED11A62CD892C0003F2A;2025-05-17;-2.0;-642.46
708F9F968C7BDE11406610650500F34A;FC081C55582CED11A62CD892C0003F2A;2025-05-17;-2.0;-10.0
63263C3AFB20FE1191EE106505001AB9;FC081C55582CED11A62CD892C0003F2A;2025-05-17;-2.0;-832.06
FB59578FED71FE1191EE10650500CBB9;FC081C55582CED11A62CD892C0003F2A;2025-05-17;-2.0;-646.12
ADB3C447F3C2FE1191EE106505006DB9;FC081C55582CED11A62CD892C0003F2A;2025-05-17;-2.0;-346.88
509692AD0DE1EE114066106505006C4A;FC081C55582CED11A62CD892C0003F2A;2025-05-17;-2.0;-202.64
FE4E1498DA7E8E11F243BB650500664B;FC081C55582CED11A62CD892C0003F2A;2025-05-17;-2.0;-226.66
01A915074717FE1191EE1065050023C9;FC081C55582CED11A62CD892C0003F2A;2025-05-17;-2.0;-1628.08
9156C15D837A7E110819BB65050039AA;FC081C55582CED11A62CD892C0003F2A;2025-05-17;-2.0;-352.38
2FF2C8938704DE11ADB31065050010C8;FC081C55582CED11A62CD892C0003F2A;2025-05-17;-2.0;-2662.04
34D7451907A2DE11ADB3106505003EB8;FC081C55582CED11A62CD892C0003F2A;2025-05-17;-4.0;-613.12
458A1977AC62FE1191EE10650500FCB9;FC081C55582CED11A62CD892C0003F2A;2025-05-17;-2.0;-634.44
E9153EC63B1C2E11052F6792C000CF39;FC081C55582CED11A62CD892C0003F2A;2025-05-17;-2.0;-1029.84
A3ABEBBF9830FE1191EE106505002AB9;FC081C55582CED11A62CD892C0003F2A;2025-05-17;-4.0;-47.32
142CB7FFE8D65E1142D58A650500DC08;FC081C55582CED11A62CD892C0003F2A;2025-05-17;-2.0;-962.44
857CBDA308C6DE11C84610650500DE6A;FC081C55582CED11A62CD892C0003F2A;2025-05-17;-2.0;-36.58
017C3D6ACC00EE11406610650500F94A;FC081C55582CED11A62CD892C0003F2A;2025-05-17;-2.0;-105.94
FED315D80970BE11BE2110650500F55A;FC081C55582CED11A62CD892C0003F2A;2025-05-17;-8.0;-970.16
64918C502B589E11554010650500334B;FC081C55582CED11A62CD892C0003F2A;2025-05-17;-2.0;-590.4
B77061CD2D86FE1191EE1065050062C9;FC081C55582CED11A62CD892C0003F2A;2025-05-17;-2.0;-280.0
034A1074EB9DDE11406610650500B64A;FC081C55582CED11A62CD892C0003F2A;2025-05-17;-2.0;-311.3
B9491FE230DEFE11F1557891FE69C589;FC081C55582CED11A62CD892C0003F2A;2025-05-17;-4.0;-467.42
FD3EE339506AFE11128010650500E819;FC081C55582CED11A62CD892C0003F2A;2025-05-17;-2.0;-56.54
210CC07C8523DE11ADB310650500DEB8;FC081C55582CED11A62CD892C0003F2A;2025-05-17;-4.0;-171.16
82331755AF2DBE118772106505001E59;FC081C55582CED11A62CD892C0003F2A;2025-05-17;-2.0;-684.72
8333C7D6FA156E11B7B78A650500BC08;FC081C55582CED11A62CD892C0003F2A;2025-05-17;-2.0;-655.5
022A1AE958F1EE114066106505007C4A;FC081C55582CED11A62CD892C0003F2A;2025-05-17;-2.0;-71.34
31917AB011CAED11A62CD892C0003F2A;FC081C55582CED11A62CD892C0003F2A;2025-05-17;-2.0;-323.8
3666F27BE88AFE11128010650500E819;FC081C55582CED11A62CD892C0003F2A;2025-05-17;-2.0;-1592.74
925183F0BCB04E1142D58A650500DB08;FC081C55582CED11A62CD892C0003F2A;2025-05-17;-2.0;-883.7
C6205609CC8EFE11F1557891FE697589;FC081C55582CED11A62CD892C0003F2A;2025-05-17;-2.0;-220.0
1E0EC5DFFB8C2E11052F6792C000CF39;FC081C55582CED11A62CD892C0003F2A;2025-05-17;-4.0;-789.36
4BF1C30FDD500F11F1557891FE69C789;FC081C55582CED11A62CD892C0003F2A;2025-05-17;-2.0;-152.44
57D85249D74BCE11ADB31065050014B8;FC081C55582CED11A62CD892C0003F2A;2025-05-17;-2.0;-1164.06
3CDC86FB3F14CE11877210650500E669;FC081C55582CED11A62CD892C0003F2A;2025-05-17;-2.0;-222.68
B816285AA44FDE11406610650500F84A;FC081C55582CED11A62CD892C0003F2A;2025-05-17;-2.0;-121.26
36683594A81E3E11052F6792C000D249;FC081C55582CED11A62CD892C0003F2A;2025-05-17;-2.0;-905.14
5BF6F22A9836CE11ADB3106505008DA8;FC081C55582CED11A62CD892C0003F2A;2025-05-17;-8.0;-1076.32
BE09AA3111CAED11A62CD892C0003F2A;FC081C55582CED11A62CD892C0003F2A;2025-05-17;-2.0;-859.16
E3B68F05DC79EE1191EE1065050009B9;FC081C55582CED11A62CD892C0003F2A;2025-05-17;-2.0;-606.74
EC0C162D3D907E11B7B78A650500CD08;FC081C55582CED11A62CD892C0003F2A;2025-05-17;-2.0;-298.48
0A68ED19CC8EFE11F1557891FE697589;FC081C55582CED11A62CD892C0003F2A;2025-05-17;-2.0;-530.0
16D457CB4D7B3E11052F6792C000D249;FC081C55582CED11A62CD892C0003F2A;2025-05-17;-2.0;-1611.52
4200A7C2B60A0E11A4A96492C0001269;FC081C55582CED11A62CD892C0003F2A;2025-05-17;-2.0;-458.34
FFD8CA5501CAED11A62CD892C0003F2A;FC081C55582CED11A62CD892C0003F2A;2025-05-17;-6.0;-1009.82
92899F592642FE1191EE10650500CCB9;FC081C55582CED11A62CD892C0003F2A;2025-05-17;-2.0;-891.38
D856C77BA116FE1191EE10650500C1C9;FC081C55582CED11A62CD892C0003F2A;2025-05-17;-2.0;-449.28
B246F2D8CC8EFE11F1557891FE697589;FC081C55582CED11A62CD892C0003F2A;2025-05-17;-2.0;-390.0
F13091AE566ACE11ADB310650500D2B8;FC081C55582CED11A62CD892C0003F2A;2025-05-17;-2.0;-317.44
B36EDCF8D1CAED11A62CD892C0003F2A;FC081C55582CED11A62CD892C0003F2A;2025-05-17;-2.0;-79.76
5638B73388C99E115250106505009A4A;FC081C55582CED11A62CD892C0003F2A;2025-05-17;-2.0;-102.0
C7EF297E24FD4E1142D58A650500BC08;FC081C55582CED11A62CD892C0003F2A;2025-05-17;-2.0;-364.68
782B2D2E86938E113835BB6505001CAA;FC081C55582CED11A62CD892C0003F2A;2025-05-17;-2.0;-541.06
4FF951A254496E11B7B78A650500BC08;FC081C55582CED11A62CD892C0003F2A;2025-05-17;-2.0;-485.12
AFF7D9B2837C1E1143F0668E4200502B;FC081C55582CED11A62CD892C0003F2A;2025-05-17;-2.0;-117.58
7942AC050533FE1191EE106505000EB9;FC081C55582CED11A62CD892C0003F2A;2025-05-17;-2.0;-581.4
78EC8BA1DF886E11B7B78A650500BC08;FC081C55582CED11A62CD892C0003F2A;2025-05-17;-2.0;-465.12
93C3F3EF12606E1142D58A650500AD08;B0BDDED34CC83E11052F6792C000B249;2025-05-17;-4.0;-368.70000000000005
13FE4AEC4052DE11ADB310650500CDB8;B0BDDED34CC83E11052F6792C000B249;2025-05-17;-2.0;-994.28
F563F05E25976E11B7B78A650500BC08;B0BDDED34CC83E11052F6792C000B249;2025-05-17;-2.0;-270.86
A9CF58E21D064E1142D58A6505002C08;B0BDDED34CC83E11052F6792C000B249;2025-05-17;-2.0;-344.82
D2B61D13477EFE11F1557891FE695589;B0BDDED34CC83E11052F6792C000B249;2025-05-17;-4.0;-330.0
8297BF6A01CAED11A62CD892C0003F2A;B0BDDED34CC83E11052F6792C000B249;2025-05-17;-4.0;-1576.0
BA2D6C52697BAE11BE21106505009F4A;B0BDDED34CC83E11052F6792C000B249;2025-05-17;-4.0;-197.6
73A6B7DB01CAED11A62CD892C0003F2A;B0BDDED34CC83E11052F6792C000B249;2025-05-17;-2.0;-275.98
9520D83931CAED11A62CD892C0003F2A;B0BDDED34CC83E11052F6792C000B249;2025-05-17;-2.0;-1495.84
28C3CFD63B5C7E110819BB65050039AA;B0BDDED34CC83E11052F6792C000B249;2025-05-17;-18.0;-390.06
96EDE97230CAED11A62CD892C0003F2A;B0BDDED34CC83E11052F6792C000B249;2025-05-17;-2.0;-620.82
C09E3C38484BBE11877210650500AB59;B0BDDED34CC83E11052F6792C000B249;2025-05-17;-6.0;-41.4
9A5C0D8F6B72BE11BE2110650500885A;B0BDDED34CC83E11052F6792C000B249;2025-05-17;-8.0;-427.2
24E5B8D10E8BFE111280106505000919;B0BDDED34CC83E11052F6792C000B249;2025-05-17;-2.0;-200.38
348E93B5AD559E115540106505006F3B;B0BDDED34CC83E11052F6792C000B249;2025-05-17;-2.0;-568.78
1B07A4611A09DE11C84610650500B17A;B0BDDED34CC83E11052F6792C000B249;2025-05-17;-16.0;-408.0
C34AC1B289AC3E11052F6792C000D249;B0BDDED34CC83E11052F6792C000B249;2025-05-17;-2.0;-390.58
7ADEED09B7A0EE11406610650500BA4A;B0BDDED34CC83E11052F6792C000B249;2025-05-17;-4.0;-287.24
B5D6DA8FEC423E11052F6792C000CF39;B0BDDED34CC83E11052F6792C000B249;2025-05-17;-2.0;-287.58
0D280D4ACE23FD110DC22A92C000C499;B0BDDED34CC83E11052F6792C000B249;2025-05-17;-4.0;-138.48
841A134CDC54DE11ADB31065050080C8;B0BDDED34CC83E11052F6792C000B249;2025-05-17;-6.0;-2452.8
EB2D0179E77F8E11F243BB650500A74B;B0BDDED34CC83E11052F6792C000B249;2025-05-17;-2.0;-17.62
91C9D23257ADDE11406610650500C64A;B0BDDED34CC83E11052F6792C000B249;2025-05-17;-2.0;-13.66
4714E6FC0BC59E11554010650500FF3B;B0BDDED34CC83E11052F6792C000B249;2025-05-17;-2.0;-321.72
4AB71A8A0E9DEE1191EE1065050029B9;B0BDDED34CC83E11052F6792C000B249;2025-05-17;-4.0;-246.52
973F37C608138E110223BB6505005BAA;B0BDDED34CC83E11052F6792C000B249;2025-05-17;-2.0;-250.0
0A4D4DF947E4DE11ADB31065050031C8;B0BDDED34CC83E11052F6792C000B249;2025-05-17;-2.0;-625.06
44BC68D00D8FCE11ADB310650500E9B8;B0BDDED34CC83E11052F6792C000B249;2025-05-17;-4.0;-346.4
75A9D4E40FBEEE1191EE1065050029B9;B0BDDED34CC83E11052F6792C000B249;2025-05-17;-2.0;-223.62
63365A69F7BAFE11128010650500E819;B0BDDED34CC83E11052F6792C000B249;2025-05-17;-4.0;-160.0
D42E668C1F21DE11ADB3106505005CB8;B0BDDED34CC83E11052F6792C000B249;2025-05-17;-2.0;-299.38
A1A949A50FBBEE1191EE1065050029B9;B0BDDED34CC83E11052F6792C000B249;2025-05-17;-4.0;-388.0
49D52F15E0CAED11A62CD892C0003F2A;B0BDDED34CC83E11052F6792C000B249;2025-05-17;-4.0;-910.56
9004C497C0CAED11A62CD892C0003F2A;B0BDDED34CC83E11052F6792C000B249;2025-05-17;-2.0;-738.88
DD116EBE48C6DE11C84610650500DE6A;B0BDDED34CC83E11052F6792C000B249;2025-05-17;-2.0;-23.66
2338300AA60BFE11128010650500E819;B0BDDED34CC83E11052F6792C000B249;2025-05-17;-4.0;-186.96
313A2A39CDA39E115540106505002D3B;B0BDDED34CC83E11052F6792C000B249;2025-05-17;-2.0;-551.62
61725376AF6DFE11F1557891FE690489;B0BDDED34CC83E11052F6792C000B249;2025-05-17;-6.0;-657.4
4C373713250BFE11128010650500E819;B0BDDED34CC83E11052F6792C000B249;2025-05-17;-2.0;-155.34
79C19A8C87449E11554010650500ED3B;B0BDDED34CC83E11052F6792C000B249;2025-05-17;-8.0;-5344.0
5F27FDFE87DC6E11B7B78A650500BC08;B0BDDED34CC83E11052F6792C000B249;2025-05-17;-8.0;-431.48
B10F6F55E19EBE11877210650500DF59;B0BDDED34CC83E11052F6792C000B249;2025-05-17;-8.0;-222.88
3864C654B733AE11726010650500E15A;B0BDDED34CC83E11052F6792C000B249;2025-05-17;-2.0;-684.72
5DC95CEB39B4EE11B1AD1065050048EA;B0BDDED34CC83E11052F6792C000B249;2025-05-17;-2.0;-430.06
89B650848CA7FE1191EE10650500E3C9;B0BDDED34CC83E11052F6792C000B249;2025-05-17;-2.0;-440.1
76757CEB9DE8FD11A4A96492C000AA89;B0BDDED34CC83E11052F6792C000B249;2025-05-17;-4.0;-815.96
50C5BD4522606E1142D58A650500AD08;B0BDDED34CC83E11052F6792C000B249;2025-05-17;-6.0;-422.84
FDC10EEC4860EE114066106505006A4A;B0BDDED34CC83E11052F6792C000B249;2025-05-17;-2.0;-734.62
DC8DE026E315AE11726010650500445A;B0BDDED34CC83E11052F6792C000B249;2025-05-17;-2.0;-163.84
97DCB3755D74FE1191EE10650500CFB9;B0BDDED34CC83E11052F6792C000B249;2025-05-17;-2.0;-295.64
D3CA911FA7A96E11B7B78A650500BC08;B0BDDED34CC83E11052F6792C000B249;2025-05-17;-2.0;-166.0
D2A177151EDEFE11F1557891FE69D589;B0BDDED34CC83E11052F6792C000B249;2025-05-17;-2.0;-370.0
14E2538CB2BD3E11052F6792C000D249;B0BDDED34CC83E11052F6792C000B249;2025-05-17;-2.0;-160.9
9B6358F11D1B9E115250106505004C4A;B0BDDED34CC83E11052F6792C000B249;2025-05-17;-2.0;-854.56
3CE77FFF99C61E1143F0668E4200EE89;B0BDDED34CC83E11052F6792C000B249;2025-05-17;-2.0;-392.34
C1D8EA98F0CAED11A62CD892C0003F2A;B0BDDED34CC83E11052F6792C000B249;2025-05-17;-2.0;-186.12
2303D4386BCEAE11BE2110650500D35A;B0BDDED34CC83E11052F6792C000B249;2025-05-17;-8.0;-2944.0
C20D5CF75ECEFE11F1557891FE69C589;B0BDDED34CC83E11052F6792C000B249;2025-05-17;-4.0;-1031.66
AF97BF35F7EDDE11406610650500174A;B0BDDED34CC83E11052F6792C000B249;2025-05-17;-4.0;-413.28
376757C0AD459E115540106505005F3B;B0BDDED34CC83E11052F6792C000B249;2025-05-17;-2.0;-329.4
060921464F7E4E1142D58A650500BC08;B0BDDED34CC83E11052F6792C000B249;2025-05-17;-2.0;-244.28
468337CD542CAE11BE2110650500705A;B0BDDED34CC83E11052F6792C000B249;2025-05-17;-8.0;-1624.32
4F9F5CBB1970BE11BE2110650500F55A;B0BDDED34CC83E11052F6792C000B249;2025-05-17;-4.0;-644.72
305F721B51FBEE1191EE1065050029B9;B0BDDED34CC83E11052F6792C000B249;2025-05-17;-2.0;-85.68
46D2FEBA47E4DE11ADB31065050031C8;B0BDDED34CC83E11052F6792C000B249;2025-05-17;-2.0;-1231.2
7CE3FEDBD9E40E11A4A96492C000067B;B0BDDED34CC83E11052F6792C000B249;2025-05-17;-2.0;-430.0
F438947F7120FE1191EE106505000AB9;B0BDDED34CC83E11052F6792C000B249;2025-05-17;-2.0;-40.08
54EFD822578B3E11052F6792C000D249;B0BDDED34CC83E11052F6792C000B249;2025-05-17;-2.0;-79.3
A0C1B01B55B4DE11ADB310650500F0C8;B0BDDED34CC83E11052F6792C000B249;2025-05-17;-2.0;-83.24
4573F37236DDBE11877210650500EE59;B0BDDED34CC83E11052F6792C000B249;2025-05-17;-2.0;-123.98
935661CEF5A78E11F243BB6505002D3B;B0BDDED34CC83E11052F6792C000B249;2025-05-17;-2.0;-1851.62
9CF1E4E181B0EE11406610650500CA4A;B0BDDED34CC83E11052F6792C000B249;2025-05-17;-2.0;-158.2
17756F965918DE11C84610650500807A;B0BDDED34CC83E11052F6792C000B249;2025-05-17;-2.0;-510.84
6CD1FB2CDDE6DE11C846106505000F6A;B0BDDED34CC83E11052F6792C000B249;2025-05-17;-2.0;-23.66
0F21F2340F0EEE1191EE1065050029B9;B0BDDED34CC83E11052F6792C000B249;2025-05-17;-2.0;-206.78
AC4EDC658D829E11554010650500BB3B;B0BDDED34CC83E11052F6792C000B249;2025-05-17;-2.0;-146.0
EA7E3926B6E28E113835BB6505002BAA;B0BDDED34CC83E11052F6792C000B249;2025-05-17;-2.0;-341.04
A77FB6755AF34E1142D58A6505002C08;B0BDDED34CC83E11052F6792C000B249;2025-05-17;-2.0;-423.84
5E6FB630BC0EEE1191EE1065050029B9;B0BDDED34CC83E11052F6792C000B249;2025-05-17;-2.0;-1650.98
16D2311DA869FE11128010650500E819;B0BDDED34CC83E11052F6792C000B249;2025-05-17;-2.0;-707.74
1B010D17782ADE11406610650500224A;B0BDDED34CC83E11052F6792C000B249;2025-05-17;-8.0;-97.84
3D623D8F87E88E11F243BB650500BE3B;B0BDDED34CC83E11052F6792C000B249;2025-05-17;-2.0;-102.0
0A4C3EE40FC18E113835BB650500B9AA;B0BDDED34CC83E11052F6792C000B249;2025-05-17;-2.0;-44.38
35A57034A0BCEE1191EE1065050029B9;B0BDDED34CC83E11052F6792C000B249;2025-05-17;-2.0;-431.3
6D12452A3E263E11052F6792C000FF39;B0BDDED34CC83E11052F6792C000B249;2025-05-17;-2.0;-179.78
8306021278A39E115540106505001D3B;B0BDDED34CC83E11052F6792C000B249;2025-05-17;-2.0;-413.24
BFF594A2A3735E1142D58A650500DC08;B0BDDED34CC83E11052F6792C000B249;2025-05-17;-2.0;-169.72
D2F9C423A717FE1191EE1065050023C9;B0BDDED34CC83E11052F6792C000B249;2025-05-17;-2.0;-2918.54
B61149D59F2DBE118772106505001E59;B0BDDED34CC83E11052F6792C000B249;2025-05-17;-4.0;-1015.28
1D9B21903C68FE11128010650500D819;B0BDDED34CC83E11052F6792C000B249;2025-05-17;-2.0;-504.02
E92C69CDB3F8AE11BE21106505006C4A;B0BDDED34CC83E11052F6792C000B249;2025-05-17;-2.0;-41.48
395E9EEEDD500F11F1557891FE69C789;B0BDDED34CC83E11052F6792C000B249;2025-05-17;-4.0;-77.98
7025CA7F56D46E11B7B78A650500BC08;B0BDDED34CC83E11052F6792C000B249;2025-05-17;-2.0;-291.26
EBD25A6E878E8E11F243BB650500764B;B0BDDED34CC83E11052F6792C000B249;2025-05-17;-2.0;-188.68
F0293B3229DA3E11052F6792C000D249;B0BDDED34CC83E11052F6792C000B249;2025-05-17;-2.0;-153.74
0708AB7713F35E1142D58A650500DC08;B0BDDED34CC83E11052F6792C000B249;2025-05-17;-2.0;-49.56
758F3444707D6E11B7B78A650500BC08;B0BDDED34CC83E11052F6792C000B249;2025-05-17;-6.0;-305.38
82E294B85F54DE11ADB31065050080C8;B0BDDED34CC83E11052F6792C000B249;2025-05-17;-4.0;-335.84
82FD7EDCF37DCE11ADB31065050007B8;B0BDDED34CC83E11052F6792C000B249;2025-05-17;-2.0;-110.88
3BE5FCA9591A6E11B7B78A650500BC08;B0BDDED34CC83E11052F6792C000B249;2025-05-17;-2.0;-146.96
9E2C931097DF2E11052F6792C000CF39;B0BDDED34CC83E11052F6792C000B249;2025-05-17;-2.0;-459.4
C6AD6CF3D4277E11B7B78A650500ED08;FC081C55582CED11A62CD892C0003F2A;2025-05-17;-4.0;-426.62
850BACBD2D456E11B7B78A650500BC08;44673735EAF46E11B7B78A650500BC08;2025-05-17;44.0;5786.0
59ED9DF646A27E11B7B78A650500DD08;44673735EAF46E11B7B78A650500BC08;2025-05-17;44.0;2191.6800000000003
FE3D2B767959FE11128010650500E819;44673735EAF46E11B7B78A650500BC08;2025-05-17;0.0;0.0
92912948DEA2CE118772106505001569;44673735EAF46E11B7B78A650500BC08;2025-05-17;0.0;0.0
AD3DDD64162FFE11F1557891FE693689;44673735EAF46E11B7B78A650500BC08;2025-05-17;0.0;0.0
E6FF37A3F9B00F11F1557891FE693889;44673735EAF46E11B7B78A650500BC08;2025-05-17;0.0;0.0
139FB66334627E11B7B78A650500CD08;44673735EAF46E11B7B78A650500BC08;2025-05-17;0.0;0.0
E4DC4B2FE2F17E11B7B78A650500CD08;44673735EAF46E11B7B78A650500BC08;2025-05-17;0.0;0.0
F8F059C3348DAE11BE2110650500325A;44673735EAF46E11B7B78A650500BC08;2025-05-17;0.0;0.0
FD59A4FF7A8BDE11406610650500044A;44673735EAF46E11B7B78A650500BC08;2025-05-17;-2.0;-471.66
5497EA2F7A8BDE11406610650500044A;44673735EAF46E11B7B78A650500BC08;2025-05-17;0.0;0.0
B922DC99AEA07E11B7B78A650500CD08;44673735EAF46E11B7B78A650500BC08;2025-05-17;6.0;5433.48
8169AC07DF54EE11B1AD10650500D7EA;44673735EAF46E11B7B78A650500BC08;2025-05-17;0.0;0.0
C152E071AD621E1143F0668E42008C3B;44673735EAF46E11B7B78A650500BC08;2025-05-17;0.0;0.0
0B94BCA702DAFE11128010650500E819;44673735EAF46E11B7B78A650500BC08;2025-05-17;12.0;21878.4
46BC2C0802DAFE11128010650500E819;44673735EAF46E11B7B78A650500BC08;2025-05-17;24.0;31145.76
AC7F7AC859030F114EF7A826072B5B89;44673735EAF46E11B7B78A650500BC08;2025-05-17;12.0;19917.6
6E708AC859030F114EF7A826072B5B89;44673735EAF46E11B7B78A650500BC08;2025-05-17;12.0;18988.8
3DCB0E913EDBBE118772106505006C59;44673735EAF46E11B7B78A650500BC08;2025-05-17;8.0;933.44
B8CFCF35D491DE11ADB310650500DCB8;44673735EAF46E11B7B78A650500BC08;2025-05-17;20.0;2426.0
4CF71759BF6E8E11F243BB650500564B;44673735EAF46E11B7B78A650500BC08;2025-05-17;0.0;0.0
BCD80C646C1EEE1191EE1065050029B9;44673735EAF46E11B7B78A650500BC08;2025-05-17;0.0;0.0
BF7B815EC5C0CE11877210650500A269;44673735EAF46E11B7B78A650500BC08;2025-05-17;24.0;43488.0
C86B8EE28F3CEE1191EE1065050029B9;44673735EAF46E11B7B78A650500BC08;2025-05-17;4.0;15880.0
76295391A924CE11877210650500F669;44673735EAF46E11B7B78A650500BC08;2025-05-17;-6.0;-1440.0
46E7C5148439BE118772106505000959;44673735EAF46E11B7B78A650500BC08;2025-05-17;0.0;0.0
E73E9771162C6E11B7B78A650500BC08;44673735EAF46E11B7B78A650500BC08;2025-05-17;0.0;0.0
149DE81EB79FBE118772106505002169;44673735EAF46E11B7B78A650500BC08;2025-05-17;-2.0;-75.78
FC3CC830B17CEE1191EE1065050029B9;FC081C55582CED11A62CD892C0003F2A;2025-05-17;-4.0;-4653.84
86E515FDA3C0FE1191EE10650500DAB9;FC081C55582CED11A62CD892C0003F2A;2025-05-17;20.0;2436.72
2BDBDD6273568E11F243BB6505007B3B;FC081C55582CED11A62CD892C0003F2A;2025-05-17;50.0;6446.14
C955A13924817E11B7B78A650500CD08;44673735EAF46E11B7B78A650500BC08;2025-05-17;4.0;1186.12
74E06792DF09FE11128010650500E819;44673735EAF46E11B7B78A650500BC08;2025-05-17;4.0;1757.76
5B3DC0E1DBB4AE11726010650500D35A;FC081C55582CED11A62CD892C0003F2A;2025-05-17;6.0;596.9
A9408B085CC59E11554010650500FF3B;FC081C55582CED11A62CD892C0003F2A;2025-05-17;20.0;2010.36
27DAC997E0638E111E1BBB650500BBAA;B0BDDED34CC83E11052F6792C000B249;2025-05-17;10.0;979.28
28CF24B5F0638E111E1BBB650500BBAA;B0BDDED34CC83E11052F6792C000B249;2025-05-17;8.0;406.22
C355554E087EFE11F1557891FE695589;FC081C55582CED11A62CD892C0003F2A;2025-05-17;-4.0;-504.48
49E68D02B0638E111E1BBB650500BBAA;44673735EAF46E11B7B78A650500BC08;2025-05-17;10.0;948.2
ED864AE65C56BE118772106505006559;44673735EAF46E11B7B78A650500BC08;2025-05-17;2.0;15032.0
2AD06B7E8BA07E11B7B78A650500CD08;44673735EAF46E11B7B78A650500BC08;2025-05-17;20.0;10500.0
6359B4691DE6DE11C846106505000F6A;44673735EAF46E11B7B78A650500BC08;2025-05-17;-4.0;-449.34000000000003
68C844D3D0CAED11A62CD892C0003F2A;44673735EAF46E11B7B78A650500BC08;2025-05-17;-4.0;-303.08
5F596ED5AA517E11B7B78A650500CD08;44673735EAF46E11B7B78A650500BC08;2025-05-17;-2.0;-507.84
9E8BF9F42E456E11B7B78A650500BC08;44673735EAF46E11B7B78A650500BC08;2025-05-17;-4.0;-636.0
4B9C3F028C456E11B7B78A650500BC08;44673735EAF46E11B7B78A650500BC08;2025-05-17;-4.0;-749.58
29FC4690F8AF7E110819BB65050039AA;44673735EAF46E11B7B78A650500BC08;2025-05-17;-4.0;-325.22
1587D87F697BAE11BE21106505009F4A;44673735EAF46E11B7B78A650500BC08;2025-05-17;-2.0;-98.8
0BAAB333D6B4EE11B1AD1065050048EA;44673735EAF46E11B7B78A650500BC08;2025-05-17;-4.0;-184.0
66B6B01D0C5CCE11ADB31065050095B8;44673735EAF46E11B7B78A650500BC08;2025-05-17;-4.0;-826.12
39D714FEA9456E11B7B78A650500BC08;44673735EAF46E11B7B78A650500BC08;2025-05-17;-2.0;-132.3
18DC5DC24039EE1191EE1065050009B9;44673735EAF46E11B7B78A650500BC08;2025-05-17;-6.0;-1331.74
2BC7A34A1E456E11B7B78A650500BC08;44673735EAF46E11B7B78A650500BC08;2025-05-17;-10.0;-2194.7
9047D44F00300F11F1557891FE698789;44673735EAF46E11B7B78A650500BC08;2025-05-17;-2.0;-178.06
33F066C9E6688E11F243BB6505001E3B;44673735EAF46E11B7B78A650500BC08;2025-05-17;-2.0;-745.8
A72FCDC64678EE1191EE1065050078B9;44673735EAF46E11B7B78A650500BC08;2025-05-17;-2.0;-144.02
796B8506779ABE11877210650500CA59;44673735EAF46E11B7B78A650500BC08;2025-05-17;-8.0;-2752.64
CEF155EB3C456E11B7B78A650500BC08;44673735EAF46E11B7B78A650500BC08;2025-05-17;-28.0;-2575.2200000000003
79C8BA1F2BB2CE118772106505002569;44673735EAF46E11B7B78A650500BC08;2025-05-17;-2.0;-650.0
EEECE7FCD30A3E11052F6792C000D249;44673735EAF46E11B7B78A650500BC08;2025-05-17;-6.0;-3436.2000000000003
F027F48E7505EE11B1AD10650500A8EA;44673735EAF46E11B7B78A650500BC08;2025-05-17;-38.0;-999.4000000000001
E32D021100E7EE1191EE10650500A7B9;44673735EAF46E11B7B78A650500BC08;2025-05-17;-20.0;-97.74000000000001
C3044B37BB41BE11BE2110650500075A;44673735EAF46E11B7B78A650500BC08;2025-05-17;-16.0;-631.78
001142C8008CBE118772106505003D59;44673735EAF46E11B7B78A650500BC08;2025-05-17;-6.0;-1404.0
85D7172ECC42CE118772106505009469;44673735EAF46E11B7B78A650500BC08;2025-05-17;-2.0;-516.0
566FF82E5E2B7E110819BB65050039AA;44673735EAF46E11B7B78A650500BC08;2025-05-17;-2.0;-605.08
44F75893CFA1AE11726010650500FF4A;44673735EAF46E11B7B78A650500BC08;2025-05-17;-6.0;-464.52
68F551B23E456E11B7B78A650500BC08;44673735EAF46E11B7B78A650500BC08;2025-05-17;-2.0;-1318.0
EAED1BFEBF3FFE11F1557891FE695689;44673735EAF46E11B7B78A650500BC08;2025-05-17;-2.0;-214.2
9165459B3E456E11B7B78A650500BC08;44673735EAF46E11B7B78A650500BC08;2025-05-17;-18.0;-11502.0
C1202F9FBC456E11B7B78A650500BC08;44673735EAF46E11B7B78A650500BC08;2025-05-17;-2.0;-2294.84
F7774E73907F6E11B7B78A650500CD08;44673735EAF46E11B7B78A650500BC08;2025-05-17;-220.39999999999998;-21797.56
99AEBD012058EE1191EE1065050048B9;44673735EAF46E11B7B78A650500BC08;2025-05-17;-6.0;-3442.1000000000004
9583371720556E11B7B78A650500BC08;44673735EAF46E11B7B78A650500BC08;2025-05-17;-2.0;-592.3
2EFB2A15A6B8BE118772106505006859;44673735EAF46E11B7B78A650500BC08;2025-05-17;-2.0;-158.0
0557408D8F92FE1191EE106505003DB9;44673735EAF46E11B7B78A650500BC08;2025-05-17;-4.0;-216.76
1608A1A41A0CEE1191EE1065050029B9;44673735EAF46E11B7B78A650500BC08;2025-05-17;-2.0;-310.0
5E74FAA18C456E11B7B78A650500BC08;44673735EAF46E11B7B78A650500BC08;2025-05-17;-2.0;-368.52
E27D7C23D6CD6E11B7B78A650500BC08;44673735EAF46E11B7B78A650500BC08;2025-05-17;-2.0;-65.4
06DF8B324790DE11ADB3106505006BB8;44673735EAF46E11B7B78A650500BC08;2025-05-17;-12.0;-402.18
52C9D397E770BE11BE2110650500F55A;44673735EAF46E11B7B78A650500BC08;2025-05-17;-2.0;-29.04
93E5C958D397EE1191EE1065050047B9;44673735EAF46E11B7B78A650500BC08;2025-05-17;-2.0;-152.0
C6CA0CF52D456E11B7B78A650500BC08;44673735EAF46E11B7B78A650500BC08;2025-05-17;-12.0;-2457.12
C7B0AA9CDA8D7E110819BB65050039AA;44673735EAF46E11B7B78A650500BC08;2025-05-17;-2.0;-276.4
AE203BCB05B4DE11ADB310650500F0C8;44673735EAF46E11B7B78A650500BC08;2025-05-17;-2.0;-116.16
6C1A435E108C7E110819BB65050039AA;44673735EAF46E11B7B78A650500BC08;2025-05-17;-6.0;-50.1
24A79ED2DE2CDE11406610650500E44A;44673735EAF46E11B7B78A650500BC08;2025-05-17;-90.0;-1093.24
1B4793699709CE11ADB31065050011B8;44673735EAF46E11B7B78A650500BC08;2025-05-17;-2.0;-55.08
7C5C9AC2D7E0BE11BE2110650500865A;44673735EAF46E11B7B78A650500BC08;2025-05-17;-4.0;-1956.0
B775680E0F5CCE11ADB31065050095B8;44673735EAF46E11B7B78A650500BC08;2025-05-17;-4.0;-303.12
A0E967BC904D7E110819BB65050039AA;44673735EAF46E11B7B78A650500BC08;2025-05-17;-2.0;-88.0
7135599317F44E1142D58A6505002C08;44673735EAF46E11B7B78A650500BC08;2025-05-17;-2.0;-225.48
32C9D397E770BE11BE2110650500F55A;44673735EAF46E11B7B78A650500BC08;2025-05-17;-4.0;-64.14
F6B0DE8E181BDE11406610650500634A;44673735EAF46E11B7B78A650500BC08;2025-05-17;-4.0;-49.84
8F2CE61456999E115250106505005A4A;44673735EAF46E11B7B78A650500BC08;2025-05-17;-4.0;-1961.6
F1FD61B620556E11B7B78A650500BC08;44673735EAF46E11B7B78A650500BC08;2025-05-17;-2.0;-777.0
16FBEABD7C456E11B7B78A650500BC08;44673735EAF46E11B7B78A650500BC08;2025-05-17;-16.0;-1537.82
6C62A77B610A3E11052F6792C000D249;44673735EAF46E11B7B78A650500BC08;2025-05-17;-4.0;-1208.16
2389690D0C5CCE11ADB31065050095B8;44673735EAF46E11B7B78A650500BC08;2025-05-17;-2.0;-380.94
30FACC2781CAED11A62CD892C0003F2A;44673735EAF46E11B7B78A650500BC08;2025-05-17;-2.0;-48.06
6FD6BD2B17C9DE11406610650500A14A;44673735EAF46E11B7B78A650500BC08;2025-05-17;-4.0;-996.8
86FD0775AF886E11B7B78A650500BC08;44673735EAF46E11B7B78A650500BC08;2025-05-17;-2.0;-284.66
29F4F53C79363E11052F6792C000FF39;44673735EAF46E11B7B78A650500BC08;2025-05-17;-2.0;-70.76
30A889072C8EAE11BE2110650500835A;44673735EAF46E11B7B78A650500BC08;2025-05-17;-16.0;-832.0
ED848DB2E0DCDE11406610650500B54A;44673735EAF46E11B7B78A650500BC08;2025-05-17;-3.0;-215.7
EBF67ED806A76E11B7B78A650500BC08;44673735EAF46E11B7B78A650500BC08;2025-05-17;-2.0;-570.98
DC2E5119AF456E11B7B78A650500BC08;44673735EAF46E11B7B78A650500BC08;2025-05-17;-4.0;-628.68
FECAD4342CFA7E110819BB65050039AA;44673735EAF46E11B7B78A650500BC08;2025-05-17;-4.0;-1113.56
F80798E1721A8E11F243BB650500304B;44673735EAF46E11B7B78A650500BC08;2025-05-17;-6.0;-213.78000000000003
C3E49E6ACD456E11B7B78A650500BC08;44673735EAF46E11B7B78A650500BC08;2025-05-17;-4.0;-4200.0
6D4E3FEB94309E11F243BB650500984B;44673735EAF46E11B7B78A650500BC08;2025-05-17;-2.0;-147.52
EF1D614129589E11554010650500334B;44673735EAF46E11B7B78A650500BC08;2025-05-17;-2.0;-648.96
1BA9359D22867E11B7B78A650500ED08;44673735EAF46E11B7B78A650500BC08;2025-05-17;-2.0;-576.0
6B0A66724F84DE11ADB310650500C0C8;44673735EAF46E11B7B78A650500BC08;2025-05-17;-2.0;-1173.98
E4C3C57921CAED11A62CD892C0003F2A;44673735EAF46E11B7B78A650500BC08;2025-05-17;-2.0;-225.3
E5DC24DD1E456E11B7B78A650500BC08;44673735EAF46E11B7B78A650500BC08;2025-05-17;-2.0;-733.94
EF613A0CE38FCE11ADB310650500D9B8;44673735EAF46E11B7B78A650500BC08;2025-05-17;-2.0;-1347.58
EE4A76D36D7DBE118772106505007E59;44673735EAF46E11B7B78A650500BC08;2025-05-17;-2.0;-258.0
F768D6D8307ABE118772106505009A59;44673735EAF46E11B7B78A650500BC08;2025-05-17;-2.0;-648.96
EF44E79CFC456E11B7B78A650500BC08;44673735EAF46E11B7B78A650500BC08;2025-05-17;-6.0;-243.60000000000002
8FE6BC5A47E4DE11ADB31065050031C8;44673735EAF46E11B7B78A650500BC08;2025-05-17;-2.0;-220.14
3D77263A378B3E11052F6792C000D249;44673735EAF46E11B7B78A650500BC08;2025-05-17;-4.0;-139.16
25616E18B5FC7E110819BB65050039AA;44673735EAF46E11B7B78A650500BC08;2025-05-17;-20.0;-123.6
DC9AE3C90383AE11726010650500425A;44673735EAF46E11B7B78A650500BC08;2025-05-17;-24.0;-1693.44
EB26495CF9456E11B7B78A650500BC08;44673735EAF46E11B7B78A650500BC08;2025-05-17;-34.0;-1015.3199999999999
4E86FCC7036FAE11BE2110650500945A;44673735EAF46E11B7B78A650500BC08;2025-05-17;-2.0;-421.96
C35BF3BE3C456E11B7B78A650500BC08;44673735EAF46E11B7B78A650500BC08;2025-05-17;-8.0;-856.8
53B036C6BCADBE11877210650500BE59;44673735EAF46E11B7B78A650500BC08;2025-05-17;-4.0;-431.56
2673F1145BCA7E110819BB65050039AA;44673735EAF46E11B7B78A650500BC08;2025-05-17;-2.0;-53.0
192173D9E358BE11877210650500E759;44673735EAF46E11B7B78A650500BC08;2025-05-17;-16.0;-711.68
6741B1CFF79ACE11ADB31065050013B8;44673735EAF46E11B7B78A650500BC08;2025-05-17;-6.0;-3194.96
6578514838FCEE1191EE1065050029B9;44673735EAF46E11B7B78A650500BC08;2025-05-17;-4.0;-653.76
B5628F5A768C7E110819BB65050039AA;44673735EAF46E11B7B78A650500BC08;2025-05-17;-4.0;-565.6
C5315A8148329E115540106505004B3B;44673735EAF46E11B7B78A650500BC08;2025-05-17;-10.0;-2680.0
DA3406A45CFA7E110819BB65050039AA;44673735EAF46E11B7B78A650500BC08;2025-05-17;-2.0;-390.72
4725922DF9456E11B7B78A650500BC08;44673735EAF46E11B7B78A650500BC08;2025-05-17;-18.0;-693.72
0DAE56C4A99FFE11F1557891FE69C689;44673735EAF46E11B7B78A650500BC08;2025-05-17;-4.0;-6516.0
EA918C099B9EBE11877210650500EF59;44673735EAF46E11B7B78A650500BC08;2025-05-17;-8.0;-23304.0
9D63F5820A0ABE118772106505001A59;44673735EAF46E11B7B78A650500BC08;2025-05-17;-2.0;-1335.84
2EBA84C0E26AAE11BE21106505003E4A;44673735EAF46E11B7B78A650500BC08;2025-05-17;-6.0;-1387.76
1ACF2697AF0FBE118772106505007069;44673735EAF46E11B7B78A650500BC08;2025-05-17;-2.0;-220.76
DB26445D0DFCBE11877210650500DD59;44673735EAF46E11B7B78A650500BC08;2025-05-17;-6.0;-995.8799999999999
23F787D19BF57E11B7B78A650500ED08;44673735EAF46E11B7B78A650500BC08;2025-05-17;-2.0;-78.42
A882DED310C47E11B7B78A650500ED08;44673735EAF46E11B7B78A650500BC08;2025-05-17;-4.0;-546.0
FDAA59F21C7C9E11726010650500494A;44673735EAF46E11B7B78A650500BC08;2025-05-17;-2.0;-109.78
21ECEB9FA42CFE111280106505000919;44673735EAF46E11B7B78A650500BC08;2025-05-17;-4.5600000000000005;-2979.6
D95390C91392BE11BE2110650500A85A;44673735EAF46E11B7B78A650500BC08;2025-05-17;-4.0;-105.04
11E9FB944645FE1191EE10650500C0C9;44673735EAF46E11B7B78A650500BC08;2025-05-17;-4.0;-4843.52
BF445D5F3DF47E11B7B78A650500ED08;44673735EAF46E11B7B78A650500BC08;2025-05-17;-2.0;-848.24
09B43957E494AE11726010650500A35A;44673735EAF46E11B7B78A650500BC08;2025-05-17;-2.0;-102.86
97F998016ADDFD11A4A96492C0006D28;44673735EAF46E11B7B78A650500BC08;2025-05-17;-2.0;-387.22
432B7879AF456E11B7B78A650500BC08;44673735EAF46E11B7B78A650500BC08;2025-05-17;-2.0;-729.26
55897E390586CE11ADB310650500DDA8;44673735EAF46E11B7B78A650500BC08;2025-05-17;-2.0;-921.74
A84D9B4E65EDDE11406610650500174A;44673735EAF46E11B7B78A650500BC08;2025-05-17;-2.0;-47.98
37C4680A9C456E11B7B78A650500BC08;44673735EAF46E11B7B78A650500BC08;2025-05-17;-2.0;-44.5
6835D7B40653CE11877210650500E569;44673735EAF46E11B7B78A650500BC08;2025-05-17;-2.0;-558.46
E247B8D14790DE11ADB3106505006BB8;44673735EAF46E11B7B78A650500BC08;2025-05-17;-4.0;-188.96
5000588963039E115540106505004C3B;44673735EAF46E11B7B78A650500BC08;2025-05-17;-2.0;-199.9
036ED0416032BE11BE2110650500285A;44673735EAF46E11B7B78A650500BC08;2025-05-17;-4.0;-640.0
2E8518B6A8910F114EF7A826072B8989;44673735EAF46E11B7B78A650500BC08;2025-05-17;-10.0;-668.88
1686EF13BA456E11B7B78A650500BC08;44673735EAF46E11B7B78A650500BC08;2025-05-17;-4.0;-592.64
3B86F0FF6544DE11ADB31065050060C8;44673735EAF46E11B7B78A650500BC08;2025-05-17;-2.0;-475.62
2E1D0AD88EEDBE118772106505000F59;44673735EAF46E11B7B78A650500BC08;2025-05-17;-10.0;-292.7
9A711383BA41EE114066106505008B4A;44673735EAF46E11B7B78A650500BC08;2025-05-17;-2.0;-133.88
3D4A76D36D7DBE118772106505007E59;44673735EAF46E11B7B78A650500BC08;2025-05-17;-8.0;-296.0
E98EA59D4CA8FE11128010650500D819;44673735EAF46E11B7B78A650500BC08;2025-05-17;-6.0;-89.88
F5F75042DD456E11B7B78A650500BC08;44673735EAF46E11B7B78A650500BC08;2025-05-17;-2.0;-1414.0
457338A9B505FE1191EE1065050070C9;44673735EAF46E11B7B78A650500BC08;2025-05-17;-6.0;-738.0
EDC44299B596DE11ADB31065050053C8;44673735EAF46E11B7B78A650500BC08;2025-05-17;-2.0;-393.9
27FBE5C39B46DE11ADB310650500F2C8;44673735EAF46E11B7B78A650500BC08;2025-05-17;-2.0;-314.22
7F4C53814F84DE11ADB310650500C0C8;44673735EAF46E11B7B78A650500BC08;2025-05-17;-2.0;-476.06
185B9B4990CAED11A62CD892C0003F2A;44673735EAF46E11B7B78A650500BC08;2025-05-17;-2.0;-312.32
C366CF5E6EEDBE118772106505000F59;44673735EAF46E11B7B78A650500BC08;2025-05-17;-2.0;-58.54
39EC5EEF49BFEE1191EE1065050089B9;44673735EAF46E11B7B78A650500BC08;2025-05-17;-8.0;-676.2
D3A5C62D0C5CCE11ADB31065050095B8;44673735EAF46E11B7B78A650500BC08;2025-05-17;-2.0;-364.02
56C7D916B0CAED11A62CD892C0003F2A;44673735EAF46E11B7B78A650500BC08;2025-05-17;-2.0;-66.46
6F9889072C8EAE11BE2110650500835A;44673735EAF46E11B7B78A650500BC08;2025-05-17;-2.0;-104.0
70E0AB734C456E11B7B78A650500BC08;44673735EAF46E11B7B78A650500BC08;2025-05-17;-2.0;-768.82
753DC3D54575EE1191EE10650500D4B9;44673735EAF46E11B7B78A650500BC08;2025-05-17;-6.0;-442.79999999999995
4AF3DDFBBA858E113835BB6505006EAA;44673735EAF46E11B7B78A650500BC08;2025-05-17;-2.0;-982.1
2DEF07AA68B9CE11ADB310650500F1B8;44673735EAF46E11B7B78A650500BC08;2025-05-17;-2.0;-451.46
9039F1ED9F25FE1191EE10650500A0C9;44673735EAF46E11B7B78A650500BC08;2025-05-17;-2.0;-103.9
73A5C62D0C5CCE11ADB31065050095B8;44673735EAF46E11B7B78A650500BC08;2025-05-17;-2.0;-251.84
B3CA05068B97CE11ADB3106505003FA8;44673735EAF46E11B7B78A650500BC08;2025-05-17;-4.0;-2193.78
5BECD7BFC688CE11ADB31065050070B8;44673735EAF46E11B7B78A650500BC08;2025-05-17;-4.0;-231.02
86D77E229DF59E11554010650500304B;44673735EAF46E11B7B78A650500BC08;2025-05-17;-2.0;-242.2
1143A752BA66CE11ADB310650500BDA8;44673735EAF46E11B7B78A650500BC08;2025-05-17;-4.0;-304.42
7BF3E7F6E0F0DE11ADB310650500EBB8;44673735EAF46E11B7B78A650500BC08;2025-05-17;-6.0;-7007.12
F88BE0D1490FEE1191EE1065050029B9;44673735EAF46E11B7B78A650500BC08;2025-05-17;-4.0;-26.22
7274E61DA0CAED11A62CD892C0003F2A;FC081C55582CED11A62CD892C0003F2A;2025-05-17;-14.0;-1815.2199999999998
80B414B095378E11F243BB6505009C3B;FC081C55582CED11A62CD892C0003F2A;2025-05-17;-8.0;-950.96
0A4C3EE40FC18E113835BB650500B9AA;FC081C55582CED11A62CD892C0003F2A;2025-05-17;-10.0;-221.92
97D01DB2675FFE11F1557891FE697689;FC081C55582CED11A62CD892C0003F2A;2025-05-17;-2.0;-507.86
022DAA7BA596DE11ADB31065050053C8;FC081C55582CED11A62CD892C0003F2A;2025-05-17;-2.0;-245.28
37C12DAA99B1EE114066106505001C4A;FC081C55582CED11A62CD892C0003F2A;2025-05-17;-2.0;-447.7
5A70E9491E17CE11ADB3106505009EA8;FC081C55582CED11A62CD892C0003F2A;2025-05-17;-2.0;-213.58
0DAF8A5FC0CAED11A62CD892C0003F2A;FC081C55582CED11A62CD892C0003F2A;2025-05-17;-6.0;-575.16
93A2E5BB5BF5CE11ADB3106505007DA8;FC081C55582CED11A62CD892C0003F2A;2025-05-17;-2.0;-160.82
78005E43D99DDE11406610650500B64A;FC081C55582CED11A62CD892C0003F2A;2025-05-17;-10.0;-714.8000000000001
CD1A5C38248EFE11F1557891FE696589;FC081C55582CED11A62CD892C0003F2A;2025-05-17;-6.0;-961.6400000000001
679C6FE8697BAE11BE21106505009F4A;FC081C55582CED11A62CD892C0003F2A;2025-05-17;-2.0;-98.8
EB654B3C1F11DE11ADB3106505003CB8;FC081C55582CED11A62CD892C0003F2A;2025-05-17;-2.0;-1075.36
FC39F31DAF13CE11877210650500A569;FC081C55582CED11A62CD892C0003F2A;2025-05-17;-6.0;-164.2
5030C00F81CAED11A62CD892C0003F2A;FC081C55582CED11A62CD892C0003F2A;2025-05-17;-4.0;-301.29999999999995
5DC95CEB39B4EE11B1AD1065050048EA;FC081C55582CED11A62CD892C0003F2A;2025-05-17;-2.0;-430.08
13D77CEA1BAAFE11128010650500E819;FC081C55582CED11A62CD892C0003F2A;2025-05-17;-2.0;-2721.9
E704936B853B0E11A4A96492C0001269;FC081C55582CED11A62CD892C0003F2A;2025-05-17;-2.0;-18.06
18154CAC6622CE118772106505006469;FC081C55582CED11A62CD892C0003F2A;2025-05-17;-2.0;-220.68
EC3AF351A4A4FE1191EE10650500FFB9;FC081C55582CED11A62CD892C0003F2A;2025-05-17;-2.0;-198.34
415EE46170EFFE11F1557891FE692789;FC081C55582CED11A62CD892C0003F2A;2025-05-17;-8.0;-632.0
836C28534A32FE1191EE10650500BCB9;FC081C55582CED11A62CD892C0003F2A;2025-05-17;-4.0;-1445.86
1B8D1BF27ACEEE1191EE1065050029B9;FC081C55582CED11A62CD892C0003F2A;2025-05-17;-2.0;-1045.76
9DCB0E913EDBBE118772106505006C59;FC081C55582CED11A62CD892C0003F2A;2025-05-17;-4.0;-540.7
CE3517AD7F3DBE118772106505002E59;FC081C55582CED11A62CD892C0003F2A;2025-05-17;-4.0;-952.76
3B03F11A4094DE11ADB310650500C0C8;FC081C55582CED11A62CD892C0003F2A;2025-05-17;-4.0;-588.9
5EF4E6B8506AFE11128010650500E819;FC081C55582CED11A62CD892C0003F2A;2025-05-17;-4.0;-184.8
9CDBEE16B2C88E11F243BB6505008E3B;FC081C55582CED11A62CD892C0003F2A;2025-05-17;-8.0;-653.36
22DDB89479EDFE11F1557891FE69A489;FC081C55582CED11A62CD892C0003F2A;2025-05-17;-2.0;-220.02
97945CE29E669E11554010650500C04B;FC081C55582CED11A62CD892C0003F2A;2025-05-17;-10.0;-1353.64
9671713DB6CDEE1191EE1065050029B9;FC081C55582CED11A62CD892C0003F2A;2025-05-17;-2.0;-185.3
B685CF0302CAED11A62CD892C0003F2A;FC081C55582CED11A62CD892C0003F2A;2025-05-17;-2.0;-220.94
B215291F5D48EE1191EE1065050048B9;FC081C55582CED11A62CD892C0003F2A;2025-05-17;-6.0;-294.4
BB0FA3470C7DFE1158A3BB3DBE8E1489;FC081C55582CED11A62CD892C0003F2A;2025-05-17;-2.0;-41.0
FB3E818302CAED11A62CD892C0003F2A;FC081C55582CED11A62CD892C0003F2A;2025-05-17;-2.0;-58.96
21C08E2F2317DE11C846106505003F6A;FC081C55582CED11A62CD892C0003F2A;2025-05-17;-4.0;-916.9
B9269CC2E09FCE11ADB310650500E9B8;FC081C55582CED11A62CD892C0003F2A;2025-05-17;-2.0;-34.78
B6734019145B7E110819BB65050039AA;FC081C55582CED11A62CD892C0003F2A;2025-05-17;-2.0;-42.92
2F478A00CBE1EE114066106505006C4A;FC081C55582CED11A62CD892C0003F2A;2025-05-17;-2.0;-54.94
2437E5CB24D67E11B7B78A650500ED08;FC081C55582CED11A62CD892C0003F2A;2025-05-17;-4.0;-65.16
91F8FBEC44D67E11B7B78A650500ED08;FC081C55582CED11A62CD892C0003F2A;2025-05-17;-2.0;-40.14
F7EE6A1AAAA2EE11B1AD10650500A5EA;FC081C55582CED11A62CD892C0003F2A;2025-05-17;-2.0;-7.22
39C52ACDC3D67E11B7B78A650500ED08;FC081C55582CED11A62CD892C0003F2A;2025-05-17;-6.0;-243.9
E805F7515CE7CE11ADB3106505009FA8;FC081C55582CED11A62CD892C0003F2A;2025-05-17;-2.0;-15.34
BE473ECA4F09FE11128010650500E819;FC081C55582CED11A62CD892C0003F2A;2025-05-17;-2.0;-19.8
78F776901A3FDE11406610650500E84A;FC081C55582CED11A62CD892C0003F2A;2025-05-17;-2.0;-38.04
C5D2F293E1C67E11B7B78A650500ED08;FC081C55582CED11A62CD892C0003F2A;2025-05-17;-2.0;-115.94
3CD48BEB94D3DE11ADB310650500BFB8;FC081C55582CED11A62CD892C0003F2A;2025-05-17;-2.0;-182.1
4F3C5ED4A3D67E11B7B78A650500ED08;FC081C55582CED11A62CD892C0003F2A;2025-05-17;-4.0;-142.46
0C0D1EBFBF3FAE11BE2110650500645A;FC081C55582CED11A62CD892C0003F2A;2025-05-17;-4.0;-150.66
4A06C5F36494FE1191EE10650500EFB9;FC081C55582CED11A62CD892C0003F2A;2025-05-17;-2.0;-351.2
01B2F784B0900F11F1557891FE690889;FC081C55582CED11A62CD892C0003F2A;2025-05-17;-8.0;-489.1
10A4EDEE71BFFE11F1557891FE69E689;FC081C55582CED11A62CD892C0003F2A;2025-05-17;-2.0;-52.8
8E4BCFB931CAED11A62CD892C0003F2A;FC081C55582CED11A62CD892C0003F2A;2025-05-17;-10.0;-1795.3400000000001
482A495DD8FCEE1191EE1065050029B9;FC081C55582CED11A62CD892C0003F2A;2025-05-17;-2.0;-252.0
5F210E886A88CE11ADB31065050070B8;FC081C55582CED11A62CD892C0003F2A;2025-05-17;-2.0;-132.0
B5A8BE25AA2FCE11ADB31065050049B8;FC081C55582CED11A62CD892C0003F2A;2025-05-17;-4.0;-12321.2
C845FD748C1DCE11ADB31065050096B8;FC081C55582CED11A62CD892C0003F2A;2025-05-17;-4.0;-947.3199999999999
5C34E0CCCEF0EE114066106505002B4A;FC081C55582CED11A62CD892C0003F2A;2025-05-17;-2.0;-272.08
80F89D87CC839E11554010650500FC3B;FC081C55582CED11A62CD892C0003F2A;2025-05-17;-2.0;-380.84
7E15F8F901CAED11A62CD892C0003F2A;FC081C55582CED11A62CD892C0003F2A;2025-05-17;-2.0;-465.12
EA53EE80EC6FEE1191EE1065050029B9;FC081C55582CED11A62CD892C0003F2A;2025-05-17;-2.0;-331.42
7CBDF248DC197E110819BB65050009AA;FC081C55582CED11A62CD892C0003F2A;2025-05-17;-4.0;-359.56
A985BB7287C23E11052F6792C000CF39;FC081C55582CED11A62CD892C0003F2A;2025-05-17;-2.0;-64.72
E2993B27B4126E1142D58A650500AD08;FC081C55582CED11A62CD892C0003F2A;2025-05-17;-2.0;-374.64
E29F19C48B72FE1191EE106505000DB9;FC081C55582CED11A62CD892C0003F2A;2025-05-17;-2.0;-1339.36
309C2C1F68DDCE11ADB31065050097B8;FC081C55582CED11A62CD892C0003F2A;2025-05-17;-2.0;-48.72
12D1BB5665946E11B7B78A650500BC08;FC081C55582CED11A62CD892C0003F2A;2025-05-17;-6.0;-2544.2
026C90B94094DE11ADB310650500C0C8;FC081C55582CED11A62CD892C0003F2A;2025-05-17;-2.0;-267.92
0F4B091E4DA1EE114066106505000C4A;FC081C55582CED11A62CD892C0003F2A;2025-05-17;-4.0;-2555.14
E45667EAEEE4AE11726010650500145A;FC081C55582CED11A62CD892C0003F2A;2025-05-17;-2.0;-43.48
881729EA78E4DE11ADB31065050031C8;FC081C55582CED11A62CD892C0003F2A;2025-05-17;-4.0;-397.62
27A8426EA6B00F11F1557891FE693889;FC081C55582CED11A62CD892C0003F2A;2025-05-17;-2.0;-1360.04
8B061BBB8403BE11BE2110650500395A;FC081C55582CED11A62CD892C0003F2A;2025-05-17;-4.0;-532.72
DE2D774AA60BFE11128010650500E819;FC081C55582CED11A62CD892C0003F2A;2025-05-17;-8.0;-344.8
B4E515C781CAED11A62CD892C0003F2A;FC081C55582CED11A62CD892C0003F2A;2025-05-17;-2.0;-48.12
BA3B994B4CECDE11406610650500D54A;FC081C55582CED11A62CD892C0003F2A;2025-05-17;-6.0;-1261.3799999999999
131743E6F17ABE118772106505009A59;FC081C55582CED11A62CD892C0003F2A;2025-05-17;-2.0;-1213.96
010E98BA2B9FFE11F1557891FE69C689;FC081C55582CED11A62CD892C0003F2A;2025-05-17;-2.0;-684.72
D5EEAE3F108EFE11F1557891FE696589;FC081C55582CED11A62CD892C0003F2A;2025-05-17;-2.0;-675.76
FBBBAB0119DD9E117260106505000B4A;FC081C55582CED11A62CD892C0003F2A;2025-05-17;-2.0;-261.0
1A6F9849DB0FEE1191EE1065050029B9;FC081C55582CED11A62CD892C0003F2A;2025-05-17;-4.0;-1424.6
75137B0C52CAED11A62CD892C0003F2A;FC081C55582CED11A62CD892C0003F2A;2025-05-17;-20.0;-107.2
6F66CE439AFBCE11ADB310650500F4B8;FC081C55582CED11A62CD892C0003F2A;2025-05-17;-2.0;-126.8
8E990BED90CAED11A62CD892C0003F2A;FC081C55582CED11A62CD892C0003F2A;2025-05-17;-4.0;-760.0
1647C0018D8FFE11F1557891FE69B689;FC081C55582CED11A62CD892C0003F2A;2025-05-17;-2.0;-1104.18
2EA6FE26D8ED9E117260106505001B4A;FC081C55582CED11A62CD892C0003F2A;2025-05-17;-2.0;-344.0
CBD4D5891EF10F114EF7A826072B0A89;FC081C55582CED11A62CD892C0003F2A;2025-05-17;-6.0;-2174.2200000000003
E6B63D2329363E11052F6792C000FF39;FC081C55582CED11A62CD892C0003F2A;2025-05-17;-4.0;-141.52
843233F82642FE1191EE10650500CCB9;FC081C55582CED11A62CD892C0003F2A;2025-05-17;-4.0;-4892.139999999999
8BEDA1240253FE1191EE106505002EB9;FC081C55582CED11A62CD892C0003F2A;2025-05-17;-2.0;-224.32
BB2D922A19336E11B7B78A6505003C08;FC081C55582CED11A62CD892C0003F2A;2025-05-17;-2.0;-216.24
9C13524500B7FE1191EE10650500E3C9;FC081C55582CED11A62CD892C0003F2A;2025-05-17;-2.0;-1550.44
2C71F7445F11CE118772106505001369;FC081C55582CED11A62CD892C0003F2A;2025-05-17;-2.0;-439.12
784884AC1A5FFE11F1557891FE697689;FC081C55582CED11A62CD892C0003F2A;2025-05-17;-4.0;-147.68
1498ADBB78C6DE11C84610650500DE6A;FC081C55582CED11A62CD892C0003F2A;2025-05-17;-2.0;-23.66
78B4C4506D89FE11128010650500E819;FC081C55582CED11A62CD892C0003F2A;2025-05-17;-2.0;-789.8
627A78B86C10FE1191EE106505000AB9;FC081C55582CED11A62CD892C0003F2A;2025-05-17;-2.0;-1033.94
4F9904ECAD62FE1191EE10650500FCB9;FC081C55582CED11A62CD892C0003F2A;2025-05-17;-4.0;-926.14
67C9EFB197145E1142D58A650500DC08;FC081C55582CED11A62CD892C0003F2A;2025-05-17;-2.0;-331.4
134B69DA15B8FE11128010650500D819;FC081C55582CED11A62CD892C0003F2A;2025-05-17;-2.0;-106.38
F1065D3C340BEE1191EE1065050029B9;FC081C55582CED11A62CD892C0003F2A;2025-05-17;-2.0;-61.28
350267648D4EFE11F1557891FE692589;FC081C55582CED11A62CD892C0003F2A;2025-05-17;-2.0;-1025.8
FA56BEFFB0CAED11A62CD892C0003F2A;FC081C55582CED11A62CD892C0003F2A;2025-05-17;-2.0;-620.2
3275E4AF76938E113835BB6505001CAA;FC081C55582CED11A62CD892C0003F2A;2025-05-17;-2.0;-1175.36
389970448754EE11B1AD10650500C7EA;FC081C55582CED11A62CD892C0003F2A;2025-05-17;-2.0;-36.08
7DBA2339559DFE11F1557891FE693489;FC081C55582CED11A62CD892C0003F2A;2025-05-17;-2.0;-275.4
8A1F57B30D3C5E1142D58A6505000D08;FC081C55582CED11A62CD892C0003F2A;2025-05-17;-8.0;-829.76
09E8FDA9268EFE11F1557891FE696589;FC081C55582CED11A62CD892C0003F2A;2025-05-17;-2.0;-176.0
FB958DE325B4DE11ADB310650500F0C8;FC081C55582CED11A62CD892C0003F2A;2025-05-17;-2.0;-134.4
7D12823DE5E2DE11ADB3106505008EB8;FC081C55582CED11A62CD892C0003F2A;2025-05-17;-2.0;-301.06
38C8F15F7742EE11406610650500DC4A;FC081C55582CED11A62CD892C0003F2A;2025-05-17;-2.0;-1170.0
46B486E755C45E1142D58A650500DC08;FC081C55582CED11A62CD892C0003F2A;2025-05-17;-4.0;-265.0
DCC059A7BC839E11554010650500FC3B;FC081C55582CED11A62CD892C0003F2A;2025-05-17;-2.0;-380.82
3DC11A5F6DE6DE11C846106505000F6A;FC081C55582CED11A62CD892C0003F2A;2025-05-17;-2.0;-474.28
4243EBAA559DFE11F1557891FE693489;FC081C55582CED11A62CD892C0003F2A;2025-05-17;-2.0;-76.96
25D4554E087EFE11F1557891FE695589;FC081C55582CED11A62CD892C0003F2A;2025-05-17;-2.0;-618.48
ACE0FD18E94DFE11F1557891FE69D389;FC081C55582CED11A62CD892C0003F2A;2025-05-17;-6.0;-234.0
363484C872CAED11A62CD892C0003F2A;FC081C55582CED11A62CD892C0003F2A;2025-05-17;-6.0;-668.84
96FC79BFFD96BE11877210650500B559;FC081C55582CED11A62CD892C0003F2A;2025-05-17;-2.0;-425.46
2972F770294CDE11406610650500054A;FC081C55582CED11A62CD892C0003F2A;2025-05-17;-2.0;-480.16
FEA0114E6EBBEE1191EE1065050029B9;FC081C55582CED11A62CD892C0003F2A;2025-05-17;-4.0;-2752.0
9B4CD97BBFB59E11554010650500EF3B;FC081C55582CED11A62CD892C0003F2A;2025-05-17;-2.0;-282.9
E71B89FAEC839E11554010650500FC3B;FC081C55582CED11A62CD892C0003F2A;2025-05-17;-2.0;-380.84
CFC2663A31CAED11A62CD892C0003F2A;FC081C55582CED11A62CD892C0003F2A;2025-05-17;-2.0;-498.4
8BA976FB4915CE11ADB3106505000DA8;FC081C55582CED11A62CD892C0003F2A;2025-05-17;-2.0;-153.12
822F3AF8123EDE11406610650500874A;FC081C55582CED11A62CD892C0003F2A;2025-05-17;-4.0;-145.76
BA045D4710B65E1142D58A650500DC08;FC081C55582CED11A62CD892C0003F2A;2025-05-17;-6.0;-2102.46
D8CE4A0034EDDE11406610650500174A;FC081C55582CED11A62CD892C0003F2A;2025-05-17;-2.0;-297.96
4939E2C83CCEAE11BE2110650500D35A;FC081C55582CED11A62CD892C0003F2A;2025-05-17;-2.0;-35.6
387233DCCE80FE1191EE106505009AB9;FC081C55582CED11A62CD892C0003F2A;2025-05-17;-4.0;-512.28
139F31189AC9FE11128010650500E819;FC081C55582CED11A62CD892C0003F2A;2025-05-17;-2.0;-153.8
7E75DA1E68DDCE11ADB31065050097B8;FC081C55582CED11A62CD892C0003F2A;2025-05-17;-2.0;-90.66
6B4A10ABE3A1BE11BE2110650500775A;FC081C55582CED11A62CD892C0003F2A;2025-05-17;-2.0;-417.6
53756B0DA1CAED11A62CD892C0003F2A;FC081C55582CED11A62CD892C0003F2A;2025-05-17;-2.0;-147.36
6E754762F0CAED11A62CD892C0003F2A;FC081C55582CED11A62CD892C0003F2A;2025-05-17;-4.0;-220.12
3FCB75F73418FE11128010650500D819;FC081C55582CED11A62CD892C0003F2A;2025-05-17;-2.0;-2175.88
9A69FF13694B6E11B7B78A650500BC08;FC081C55582CED11A62CD892C0003F2A;2025-05-17;-2.0;-410.42
0CB5D848B1BBEE1191EE1065050029B9;FC081C55582CED11A62CD892C0003F2A;2025-05-17;-6.0;-508.82000000000005
1E6707E5737A7E110819BB65050039AA;FC081C55582CED11A62CD892C0003F2A;2025-05-17;-2.0;-109.1
033BE97FC0566E11B7B78A650500BC08;FC081C55582CED11A62CD892C0003F2A;2025-05-17;-4.0;-899.12
6D522CDDD941AE117260106505007F4A;FC081C55582CED11A62CD892C0003F2A;2025-05-17;-2.0;-31.02
C1A8DE1885941E1143F0668E4200EE89;FC081C55582CED11A62CD892C0003F2A;2025-05-17;-2.0;-266.16
8AFD309C697FEE1191EE1065050039B9;FC081C55582CED11A62CD892C0003F2A;2025-05-17;-2.0;-536.36
3C969384CEAB8E11F243BB650500424B;FC081C55582CED11A62CD892C0003F2A;2025-05-17;-2.0;-226.14
A5C5195257363E11052F6792C000FF39;FC081C55582CED11A62CD892C0003F2A;2025-05-17;-2.0;-102.3
637E818660A7FE1191EE10650500D3C9;FC081C55582CED11A62CD892C0003F2A;2025-05-17;-6.0;-689.64
4544118ADA7D6E11B7B78A650500BC08;FC081C55582CED11A62CD892C0003F2A;2025-05-17;-12.0;-831.1
B9AE818660A7FE1191EE10650500D3C9;FC081C55582CED11A62CD892C0003F2A;2025-05-17;-2.0;-229.88
22CC9BC431010F11112A674AC7E2B889;FC081C55582CED11A62CD892C0003F2A;2025-05-17;-2.0;-182.56
26018428F0CAED11A62CD892C0003F2A;FC081C55582CED11A62CD892C0003F2A;2025-05-17;-2.0;-291.6
B65C1D13D57EFE11F1557891FE695589;FC081C55582CED11A62CD892C0003F2A;2025-05-17;-4.0;-673.54
CC653483A717FE1191EE1065050023C9;FC081C55582CED11A62CD892C0003F2A;2025-05-17;-4.0;-4365.139999999999
F6CCB294863FBE11877210650500A069;FC081C55582CED11A62CD892C0003F2A;2025-05-17;-2.0;-1340.64
096E4835A869FE11128010650500E819;FC081C55582CED11A62CD892C0003F2A;2025-05-17;-4.0;-989.52
0835B01A293EBE118772106505006F59;FC081C55582CED11A62CD892C0003F2A;2025-05-17;-6.0;-167.16
6F615376AF6DFE11F1557891FE690489;FC081C55582CED11A62CD892C0003F2A;2025-05-17;-2.0;-163.4
512D09D2927DCE11ADB31065050007B8;FC081C55582CED11A62CD892C0003F2A;2025-05-17;-2.0;-251.32
6089BECDF864FD110DC22A92C000C499;FC081C55582CED11A62CD892C0003F2A;2025-05-17;-2.0;-331.28
E2738892B7AEEE1191EE1065050029B9;FC081C55582CED11A62CD892C0003F2A;2025-05-17;-2.0;-330.44
053F09DF4A62FD110DC22A92C0006778;FC081C55582CED11A62CD892C0003F2A;2025-05-17;-2.0;-186.76
5B5313B63DBBEE1191EE1065050029B9;FC081C55582CED11A62CD892C0003F2A;2025-05-17;-4.0;-1641.6
34D0BAF71ABAFE11128010650500E819;FC081C55582CED11A62CD892C0003F2A;2025-05-17;-2.0;-711.36
5142E4EBD277CE11ADB3106505000FA8;FC081C55582CED11A62CD892C0003F2A;2025-05-17;-2.0;-1144.48
3AB2EB04AA4FFE11F1557891FE696689;FC081C55582CED11A62CD892C0003F2A;2025-05-17;-2.0;-166.94
256370B9559DFE11F1557891FE693489;FC081C55582CED11A62CD892C0003F2A;2025-05-17;-2.0;-20.98
6125F8F901CAED11A62CD892C0003F2A;FC081C55582CED11A62CD892C0003F2A;2025-05-17;-2.0;-495.26
E5C167648D4EFE11F1557891FE692589;FC081C55582CED11A62CD892C0003F2A;2025-05-17;-2.0;-820.64
3865C9FB1123CE11877210650500A569;FC081C55582CED11A62CD892C0003F2A;2025-05-17;-2.0;-66.82
023AFC679112EE114066106505009C4A;FC081C55582CED11A62CD892C0003F2A;2025-05-17;-2.0;-391.42
1AE515C781CAED11A62CD892C0003F2A;FC081C55582CED11A62CD892C0003F2A;2025-05-17;-4.0;-77.32
844000D3FBCEAE11BE2110650500D35A;FC081C55582CED11A62CD892C0003F2A;2025-05-17;-2.0;-84.0
1611AF91956BFD11A4A96492C000CB59;FC081C55582CED11A62CD892C0003F2A;2025-05-17;-6.0;-1126.26
3779BF418B4A6E11B7B78A650500BC08;FC081C55582CED11A62CD892C0003F2A;2025-05-17;-2.0;-1064.0
9DD427889B9BEE1191EE1065050029B9;FC081C55582CED11A62CD892C0003F2A;2025-05-17;-2.0;-253.0
F9A66B13FF986E11B7B78A650500BC08;FC081C55582CED11A62CD892C0003F2A;2025-05-17;-2.0;-41.52
0B236338B12AFE11128010650500E819;FC081C55582CED11A62CD892C0003F2A;2025-05-17;-2.0;-129.56
AD8815735970BE11BE2110650500F55A;FC081C55582CED11A62CD892C0003F2A;2025-05-17;-2.0;-873.12
441C4EED6B3AEE1191EE1065050009B9;FC081C55582CED11A62CD892C0003F2A;2025-05-17;-2.0;-1301.6
68AE6A1C82EFFE11F1557891FE692789;FC081C55582CED11A62CD892C0003F2A;2025-05-17;-2.0;-801.82
03C9315170EFFE11F1557891FE692789;FC081C55582CED11A62CD892C0003F2A;2025-05-17;-2.0;-132.0
6E03C37E8AF08E110819BB65050039AA;FC081C55582CED11A62CD892C0003F2A;2025-05-17;-4.0;-543.36
8AA8ED19CC8EFE11F1557891FE697589;FC081C55582CED11A62CD892C0003F2A;2025-05-17;-4.0;-1020.0
985E61425C574E1142D58A6505002C08;FC081C55582CED11A62CD892C0003F2A;2025-05-17;-2.0;-100.5
1ECE8753F0CAED11A62CD892C0003F2A;FC081C55582CED11A62CD892C0003F2A;2025-05-17;-2.0;-294.96
B33E1CCDE9E2FE1191EE10650500ADB9;FC081C55582CED11A62CD892C0003F2A;2025-05-17;-2.0;-789.88
43DC7C2BDCFDFD11A4A96492C0006D28;FC081C55582CED11A62CD892C0003F2A;2025-05-17;-2.0;-377.02
BBD4185A5DBBEE1191EE1065050029B9;FC081C55582CED11A62CD892C0003F2A;2025-05-17;-6.0;-3408.0
8397BF6A01CAED11A62CD892C0003F2A;FC081C55582CED11A62CD892C0003F2A;2025-05-17;-2.0;-423.32
6FAC2271E0CAED11A62CD892C0003F2A;FC081C55582CED11A62CD892C0003F2A;2025-05-17;-2.0;-682.02
622BB5EEEF15EE11B1AD10650500C8EA;FC081C55582CED11A62CD892C0003F2A;2025-05-17;-4.0;-266.5
F7FA3BBA7C3BBE118772106505009B59;FC081C55582CED11A62CD892C0003F2A;2025-05-17;-2.0;-1477.16
E8E32F23201ADE11406610650500024A;FC081C55582CED11A62CD892C0003F2A;2025-05-17;-2.0;-281.62
2B204D91BCD97E110819BB65050019AA;FC081C55582CED11A62CD892C0003F2A;2025-05-17;-2.0;-259.5
CA75909C6B72BE11BE2110650500885A;FC081C55582CED11A62CD892C0003F2A;2025-05-17;-2.0;-106.8
5C32CBDD2233DE11ADB310650500EEB8;FC081C55582CED11A62CD892C0003F2A;2025-05-17;-2.0;-296.14
3F178A6EF77EFE11F1557891FE695589;FC081C55582CED11A62CD892C0003F2A;2025-05-17;-2.0;-528.38
13705CEAE3DD2E11052F6792C000CF39;FC081C55582CED11A62CD892C0003F2A;2025-05-17;-2.0;-780.98
C2987B8D57F8FE11128010650500D819;FC081C55582CED11A62CD892C0003F2A;2025-05-17;-4.0;-1246.86
AE740E66C74BCE11ADB31065050014B8;FC081C55582CED11A62CD892C0003F2A;2025-05-17;-2.0;-729.54
6E95CEFEE8F34E1142D58A6505002C08;FC081C55582CED11A62CD892C0003F2A;2025-05-17;-6.0;-1280.58
FB653230BDE7EE1191EE10650500B7B9;FC081C55582CED11A62CD892C0003F2A;2025-05-17;-4.0;-67.7
1DB3910DBC05DE11ADB31065050061C8;FC081C55582CED11A62CD892C0003F2A;2025-05-17;-2.0;-651.76
105D455DE0CAED11A62CD892C0003F2A;FC081C55582CED11A62CD892C0003F2A;2025-05-17;-2.0;-554.68
479EDB798B9BEE1191EE1065050029B9;FC081C55582CED11A62CD892C0003F2A;2025-05-17;-4.0;-360.0
B35DEDF7568EFE11F1557891FE696589;FC081C55582CED11A62CD892C0003F2A;2025-05-17;-2.0;-510.0
CD47D6A0BAC9FE11128010650500E819;FC081C55582CED11A62CD892C0003F2A;2025-05-17;-2.0;-61.6
ED9C04D81CA4DE11ADB310650500E0C8;FC081C55582CED11A62CD892C0003F2A;2025-05-17;-2.0;-230.4
08856C641CA75E1142D58A650500DC08;B0BDDED34CC83E11052F6792C000B249;2025-05-17;-4.0;-1115.38
70F2B767A4661E1143F0668E4200EE89;B0BDDED34CC83E11052F6792C000B249;2025-05-17;-2.0;-322.48
25A3B3A4E0CAED11A62CD892C0003F2A;B0BDDED34CC83E11052F6792C000B249;2025-05-17;-4.0;-2012.92
B049BD7C6D456E11B7B78A650500BC08;B0BDDED34CC83E11052F6792C000B249;2025-05-17;-6.0;-48.6
28CA0A597727CE11ADB310650500AEA8;B0BDDED34CC83E11052F6792C000B249;2025-05-17;-2.0;-141.12
254173B56BE1DE11ADB3106505004DB8;B0BDDED34CC83E11052F6792C000B249;2025-05-17;-14.0;-5055.26
39767FA96A1B8E11F243BB650500814B;B0BDDED34CC83E11052F6792C000B249;2025-05-17;-2.0;-242.54
B0FD43466F466E11B7B78A650500BC08;B0BDDED34CC83E11052F6792C000B249;2025-05-17;-2.0;-139.12
E5F6F7B29972EE114066106505001D4A;B0BDDED34CC83E11052F6792C000B249;2025-05-17;-6.0;-320.4
66B7AB218A7E8E11F243BB650500664B;B0BDDED34CC83E11052F6792C000B249;2025-05-17;-2.0;-311.96
EB0CDF16ACA49E115540106505007E3B;B0BDDED34CC83E11052F6792C000B249;2025-05-17;-4.0;-741.56
E4A3B3A4E0CAED11A62CD892C0003F2A;B0BDDED34CC83E11052F6792C000B249;2025-05-17;-2.0;-1006.46
6ABB951BFD59BE118772106505003959;B0BDDED34CC83E11052F6792C000B249;2025-05-17;-2.0;-83.6
75B08951D1817E11B7B78A650500CD08;B0BDDED34CC83E11052F6792C000B249;2025-05-17;-4.0;-121.72
71D8EA98F0CAED11A62CD892C0003F2A;B0BDDED34CC83E11052F6792C000B249;2025-05-17;-6.0;-475.56
6BE2711198FF9E11726010650500CD4A;B0BDDED34CC83E11052F6792C000B249;2025-05-17;-2.0;-974.32
E9EBF3F79560EE114066106505006A4A;B0BDDED34CC83E11052F6792C000B249;2025-05-17;-2.0;-986.76
9B76C90BEDF39E115540106505008D3B;B0BDDED34CC83E11052F6792C000B249;2025-05-17;-2.0;-72.08
9E07E00161D4EE11B1AD1065050068EA;B0BDDED34CC83E11052F6792C000B249;2025-05-17;-2.0;-134.8
BCEBE596FB913E11052F6792C000CF39;B0BDDED34CC83E11052F6792C000B249;2025-05-17;-2.0;-908.0
CCFC2A5277E48E113835BB6505009DAA;B0BDDED34CC83E11052F6792C000B249;2025-05-17;-6.0;-1866.0
4FF951A254496E11B7B78A650500BC08;B0BDDED34CC83E11052F6792C000B249;2025-05-17;-2.0;-441.4
7F599C0883735E1142D58A650500DC08;B0BDDED34CC83E11052F6792C000B249;2025-05-17;-2.0;-420.28
07F12D93DAF8CE11ADB31065050001B8;B0BDDED34CC83E11052F6792C000B249;2025-05-17;-20.0;-1672.0
3DB32C6CA5934E1142D58A6505002C08;B0BDDED34CC83E11052F6792C000B249;2025-05-17;-2.0;-589.12
A5B6E1263597FE1191EE10650500C3C9;B0BDDED34CC83E11052F6792C000B249;2025-05-17;-2.0;-582.54
A636648A9B46DE11ADB310650500F2C8;B0BDDED34CC83E11052F6792C000B249;2025-05-17;-4.0;-628.48
736438848ABAFE11128010650500E819;B0BDDED34CC83E11052F6792C000B249;2025-05-17;-4.0;-112.6
16F79E9BAA65EE11B1AD1065050039EA;B0BDDED34CC83E11052F6792C000B249;2025-05-17;-2.0;-401.74
9D41C93795FEFE11F1557891FE69F589;B0BDDED34CC83E11052F6792C000B249;2025-05-17;-8.0;-383.76
52C5AAA808C6DE11C84610650500DE6A;B0BDDED34CC83E11052F6792C000B249;2025-05-17;-2.0;-39.2
227770F124789E11525010650500D84A;B0BDDED34CC83E11052F6792C000B249;2025-05-17;-2.0;-36.8
CE9200C8EBCD4E1142D58A650500BC08;B0BDDED34CC83E11052F6792C000B249;2025-05-17;-4.0;-3921.66
2B8B9617104FFE11F1557891FE695689;B0BDDED34CC83E11052F6792C000B249;2025-05-17;-2.0;-44.28
142C8ACCEE7ABE11877210650500AA59;B0BDDED34CC83E11052F6792C000B249;2025-05-17;-8.0;-1221.36
69803C79E0282E11052F6792C0007F39;B0BDDED34CC83E11052F6792C000B249;2025-05-17;-4.0;-1320.62
C3A27F630AA07E11B7B78A650500CD08;B0BDDED34CC83E11052F6792C000B249;2025-05-17;-2.0;-1140.74
3BB997867E089E11554010650500D24B;B0BDDED34CC83E11052F6792C000B249;2025-05-17;-8.0;-4800.0
5518B0BA9E80FE1191EE106505009AB9;B0BDDED34CC83E11052F6792C000B249;2025-05-17;-2.0;-267.62
710E4EB53FDA1E1143F0668E4200FBFB;B0BDDED34CC83E11052F6792C000B249;2025-05-17;-2.0;-1580.7
A958C276BA4A7E110819BB65050039AA;B0BDDED34CC83E11052F6792C000B249;2025-05-17;-2.0;-1198.34
1F6DBE0A81365E1142D58A650500DC08;B0BDDED34CC83E11052F6792C000B249;2025-05-17;-2.0;-820.44
EE0D680B958BBE11877210650500FB59;B0BDDED34CC83E11052F6792C000B249;2025-05-17;-6.0;-466.91999999999996
8E176259DE79EE1191EE1065050009B9;B0BDDED34CC83E11052F6792C000B249;2025-05-17;-4.0;-1006.4
4599061176208E110819BB65050039AA;B0BDDED34CC83E11052F6792C000B249;2025-05-17;-2.0;-258.68
1ECE8753F0CAED11A62CD892C0003F2A;B0BDDED34CC83E11052F6792C000B249;2025-05-17;-2.0;-536.3
80B5F0C05FAAFE11128010650500E819;B0BDDED34CC83E11052F6792C000B249;2025-05-17;-4.0;-307.44
C69D9EEEDD500F11F1557891FE69C789;B0BDDED34CC83E11052F6792C000B249;2025-05-17;-2.0;-196.04
580519DFC0CAED11A62CD892C0003F2A;B0BDDED34CC83E11052F6792C000B249;2025-05-17;-6.0;-1150.98
C183BC34BEB5CE11ADB3106505004DA8;B0BDDED34CC83E11052F6792C000B249;2025-05-17;-6.0;-199.26
F636B2C10DEEDE11406610650500884A;B0BDDED34CC83E11052F6792C000B249;2025-05-17;-2.0;-211.72
62711DCBD083FE1191EE106505007EB9;B0BDDED34CC83E11052F6792C000B249;2025-05-17;-4.0;-338.58
CE3A9D65008EFE11F1557891FE696589;B0BDDED34CC83E11052F6792C000B249;2025-05-17;-2.0;-55.44
29F4F53C79363E11052F6792C000FF39;B0BDDED34CC83E11052F6792C000B249;2025-05-17;-8.0;-283.04
BC670700E0CAED11A62CD892C0003F2A;B0BDDED34CC83E11052F6792C000B249;2025-05-17;-6.0;-526.5
AFC778240ECA9E11525010650500EB4A;B0BDDED34CC83E11052F6792C000B249;2025-05-17;-6.0;-151.8
5FD91AAFAE00EE11406610650500F94A;B0BDDED34CC83E11052F6792C000B249;2025-05-17;-2.0;-317.66
1407991F0AEBED11A62CD892C0003F2A;B0BDDED34CC83E11052F6792C000B249;2025-05-17;-2.0;-192.98
61D702A3565AFE11128010650500E819;B0BDDED34CC83E11052F6792C000B249;2025-05-17;-4.0;-797.86
89A6A28DB7A8FE11128010650500D819;B0BDDED34CC83E11052F6792C000B249;2025-05-17;-4.0;-33.78
540E1AAE4C2BFE11128010650500E819;B0BDDED34CC83E11052F6792C000B249;2025-05-17;-2.0;-540.3
CF86F83DF462CE11877210650500B469;B0BDDED34CC83E11052F6792C000B249;2025-05-17;-2.0;-330.04
6C26EE937F54DE11ADB31065050080C8;B0BDDED34CC83E11052F6792C000B249;2025-05-17;-2.0;-167.92
05A5E6C250CBFE111280106505000919;B0BDDED34CC83E11052F6792C000B249;2025-05-17;-2.0;-648.02
E0E83C693A278E11F243BB6505008C3B;B0BDDED34CC83E11052F6792C000B249;2025-05-17;-2.0;-47.7
A290F699F7BAFE11128010650500E819;B0BDDED34CC83E11052F6792C000B249;2025-05-17;-4.0;-84.0
E6393F983BFA6E11B7B78A650500BC08;B0BDDED34CC83E11052F6792C000B249;2025-05-17;-2.0;-259.04
6661F840F0CAED11A62CD892C0003F2A;B0BDDED34CC83E11052F6792C000B249;2025-05-17;-2.0;-312.28
559F84B1D507DE11C846106505002F6A;B0BDDED34CC83E11052F6792C000B249;2025-05-17;-4.0;-63.6
0F59EDCDEE2FEE1191EE1065050029B9;B0BDDED34CC83E11052F6792C000B249;2025-05-17;-2.0;-310.38
CA88FE56FBDBBE118772106505006C59;B0BDDED34CC83E11052F6792C000B249;2025-05-17;-2.0;-342.0
E8569ACD716CEE1191EE1065050029B9;B0BDDED34CC83E11052F6792C000B249;2025-05-17;-2.0;-921.5
1A9C6B9FBE64AE11726010650500735A;B0BDDED34CC83E11052F6792C000B249;2025-05-17;-4.0;-24.42
E32D021100E7EE1191EE10650500A7B9;B0BDDED34CC83E11052F6792C000B249;2025-05-17;-10.0;-55.66
D388E919BF09FE11128010650500E819;B0BDDED34CC83E11052F6792C000B249;2025-05-17;-2.0;-362.92
1D02F2340F0EEE1191EE1065050029B9;B0BDDED34CC83E11052F6792C000B249;2025-05-17;-2.0;-319.94
6AA0785E4647DE11C846106505007F6A;B0BDDED34CC83E11052F6792C000B249;2025-05-17;-2.0;-212.0
37DF6B0BCED4DE11ADB31065050021C8;B0BDDED34CC83E11052F6792C000B249;2025-05-17;-2.0;-367.78
BBE69C3853716E1142D58A650500AD08;B0BDDED34CC83E11052F6792C000B249;2025-05-17;-2.0;-518.14
B6A3AE306E3CEE1191EE1065050029B9;B0BDDED34CC83E11052F6792C000B249;2025-05-17;-2.0;-59.34
DAF3056E131E7E110819BB65050039AA;B0BDDED34CC83E11052F6792C000B249;2025-05-17;-4.0;-438.16
C000819A08FCFD11A4A96492C000CB59;B0BDDED34CC83E11052F6792C000B249;2025-05-17;-2.0;-254.46
7B97F7893131FE1191EE106505006BB9;B0BDDED34CC83E11052F6792C000B249;2025-05-17;-2.0;-780.06
BB886F3C7D6AFE11128010650500E819;B0BDDED34CC83E11052F6792C000B249;2025-05-17;-2.0;-9.26
B78AB989268EFE11F1557891FE696589;B0BDDED34CC83E11052F6792C000B249;2025-05-17;-2.0;-194.0
7FBB87AF058BFE111280106505000919;B0BDDED34CC83E11052F6792C000B249;2025-05-17;-2.0;-338.0
B2CDCBEB7D49AE11BE2110650500DC4A;B0BDDED34CC83E11052F6792C000B249;2025-05-17;-2.0;-640.08
91998708FFC32E1143F0668E4200C71A;B0BDDED34CC83E11052F6792C000B249;2025-05-17;-2.0;-54.5
6AE4B5203D456E11B7B78A650500BC08;B0BDDED34CC83E11052F6792C000B249;2025-05-17;-2.0;-155.92
DCC348B90F36AE11BE2110650500F84A;B0BDDED34CC83E11052F6792C000B249;2025-05-17;-4.0;-890.9
4F6DC1E8DD023E11052F6792C000CF39;B0BDDED34CC83E11052F6792C000B249;2025-05-17;-2.0;-557.94
4A873A50AD32BE11BE2110650500385A;B0BDDED34CC83E11052F6792C000B249;2025-05-17;-2.0;-478.36
AE2FF38963DE4E1142D58A650500BC08;B0BDDED34CC83E11052F6792C000B249;2025-05-17;-2.0;-69.48
EAE6BC5A47E4DE11ADB31065050031C8;B0BDDED34CC83E11052F6792C000B249;2025-05-17;-2.0;-220.26
DE0A23497C7BDE11406610650500F34A;B0BDDED34CC83E11052F6792C000B249;2025-05-17;-10.0;-49.0
2B0AC3F40FCFCE11ADB3106505003AB8;B0BDDED34CC83E11052F6792C000B249;2025-05-17;-2.0;-576.78
0190824BE010EE11406610650500F94A;B0BDDED34CC83E11052F6792C000B249;2025-05-17;-2.0;-504.38
DCFF1766E86DEE1191EE1065050029B9;B0BDDED34CC83E11052F6792C000B249;2025-05-17;-2.0;-100.72
476C3997B34C2E11052F6792C000CF39;B0BDDED34CC83E11052F6792C000B249;2025-05-17;-2.0;-284.8
5C2669C42106FE1191EE10650500B1C9;B0BDDED34CC83E11052F6792C000B249;2025-05-17;-2.0;-311.92
4312B76A049CDE11406610650500654A;B0BDDED34CC83E11052F6792C000B249;2025-05-17;-4.0;-897.72
68947E98456DCE11ADB310650500F6B8;B0BDDED34CC83E11052F6792C000B249;2025-05-17;-2.0;-81.1
6C1753B33AC75E1142D58A650500DC08;B0BDDED34CC83E11052F6792C000B249;2025-05-17;-2.0;-324.9
FDDCEDB24D42CE118772106505009469;B0BDDED34CC83E11052F6792C000B249;2025-05-17;-2.0;-222.68
2661955DAD7ABE11877210650500AA59;B0BDDED34CC83E11052F6792C000B249;2025-05-17;-2.0;-604.76
E6D40B501BFB3E11052F6792C000D249;B0BDDED34CC83E11052F6792C000B249;2025-05-17;-2.0;-246.18
2059A8AF3CADBE11877210650500BE59;B0BDDED34CC83E11052F6792C000B249;2025-05-17;-2.0;-319.54
6F577A3653ED7E110819BB65050039AA;B0BDDED34CC83E11052F6792C000B249;2025-05-17;-2.0;-180.72
00E4B014D683FD110DC22A92C000C499;FC081C55582CED11A62CD892C0003F2A;2025-05-17;-2.0;-176.0
40CD01C39C456E11B7B78A650500BC08;44673735EAF46E11B7B78A650500BC08;2025-05-17;-4.0;-1006.24
717ADCE697B0FE1191EE10650500CAB9;44673735EAF46E11B7B78A650500BC08;2025-05-17;-8.0;-388.88
06D7A2704E458E113835BB6505001EAA;FC081C55582CED11A62CD892C0003F2A;2025-05-17;-6.0;-770.1600000000001
1FF7FC289F900F11F1557891FE691889;44673735EAF46E11B7B78A650500BC08;2025-05-17;16.0;1494.56
90330441B8C7FE1191EE1065050004C9;44673735EAF46E11B7B78A650500BC08;2025-05-17;0.0;0.0
08174D2A70EDBE11877210650500FE59;44673735EAF46E11B7B78A650500BC08;2025-05-17;0.0;0.0
55582DFEB655BE11BE21106505002C5A;44673735EAF46E11B7B78A650500BC08;2025-05-17;0.0;0.0
B943B58F4DE0CE11877210650500D269;44673735EAF46E11B7B78A650500BC08;2025-05-17;0.0;0.0
9CE313194FDD6E11B7B78A650500BC08;44673735EAF46E11B7B78A650500BC08;2025-05-17;-6.0;-138.78
8542B3BA4FDD6E11B7B78A650500BC08;44673735EAF46E11B7B78A650500BC08;2025-05-17;-4.0;-97.32
D52460585D456E11B7B78A650500BC08;44673735EAF46E11B7B78A650500BC08;2025-05-17;0.0;0.0
A8410D9211738E117E64BB650500BBAA;44673735EAF46E11B7B78A650500BC08;2025-05-17;0.0;0.0
32810D0D4ECF7E110819BB65050039AA;44673735EAF46E11B7B78A650500BC08;2025-05-17;-30.0;-8370.0
8143BBA679DEEE1191EE1065050029B9;44673735EAF46E11B7B78A650500BC08;2025-05-17;0.0;0.0
21C1AE3A2A6BFE111280106505000919;44673735EAF46E11B7B78A650500BC08;2025-05-17;-12.0;-749.56
7E57F14CAEA6DE11C84610650500BE6A;44673735EAF46E11B7B78A650500BC08;2025-05-17;36.0;9504.0
B58EBDFA1D456E11B7B78A650500BC08;44673735EAF46E11B7B78A650500BC08;2025-05-17;10.0;19200.0
F21870BDF07E8E11F243BB650500564B;44673735EAF46E11B7B78A650500BC08;2025-05-17;0.0;0.0
260C4726CC07BE118772106505004659;44673735EAF46E11B7B78A650500BC08;2025-05-17;0.0;0.0
E81DD8F181E4EE11B1AD1065050078EA;44673735EAF46E11B7B78A650500BC08;2025-05-17;20.0;3175.2
8606A23AECFBEE1191EE1065050029B9;44673735EAF46E11B7B78A650500BC08;2025-05-17;20.0;1014.0
44D3D4490FFEFE11F1557891FE690689;44673735EAF46E11B7B78A650500BC08;2025-05-17;0.0;0.0
C692D9590FFEFE11F1557891FE690689;44673735EAF46E11B7B78A650500BC08;2025-05-17;0.0;0.0
6E13D9590FFEFE11F1557891FE690689;44673735EAF46E11B7B78A650500BC08;2025-05-17;0.0;0.0
515B361AD7EFCE11ADB3106505006AB8;44673735EAF46E11B7B78A650500BC08;2025-05-17;-2.0;-891.62
EABC0E3AAA7E8E11F243BB650500664B;44673735EAF46E11B7B78A650500BC08;2025-05-17;0.0;0.0
FB724E8DAD0BDE11406610650500534A;44673735EAF46E11B7B78A650500BC08;2025-05-17;0.0;0.0
1B68C466D74BCE11ADB31065050014B8;44673735EAF46E11B7B78A650500BC08;2025-05-17;0.0;0.0
6FAC2271E0CAED11A62CD892C0003F2A;44673735EAF46E11B7B78A650500BC08;2025-05-17;4.0;1468.76
81B598A8E3879E11554010650500224B;44673735EAF46E11B7B78A650500BC08;2025-05-17;24.0;4064.16
3E5900DCE0638E111E1BBB650500BBAA;FC081C55582CED11A62CD892C0003F2A;2025-05-17;20.0;1958.56
CEA81056CBB4AE11726010650500D35A;B0BDDED34CC83E11052F6792C000B249;2025-05-17;4.0;288.08
ADDDFBFC90638E111E1BBB650500BBAA;B0BDDED34CC83E11052F6792C000B249;2025-05-17;12.0;1069.42
DA956C52599EFE11F1557891FE698589;FC081C55582CED11A62CD892C0003F2A;2025-05-17;-2.0;-176.0
0B7B2942599EFE11F1557891FE698589;FC081C55582CED11A62CD892C0003F2A;2025-05-17;0.0;0.0
C61C86B2E0638E111E1BBB650500BBAA;44673735EAF46E11B7B78A650500BC08;2025-05-17;10.0;398.96
3E5900DCE0638E111E1BBB650500BBAA;44673735EAF46E11B7B78A650500BC08;2025-05-17;10.0;979.28
CA96C0A81120BE11BE2110650500855A;44673735EAF46E11B7B78A650500BC08;2025-05-17;2.0;6534.0
6B2BB701BD889E11525010650500F84A;44673735EAF46E11B7B78A650500BC08;2025-05-17;4.0;5744.0
AD135B1BC01C3E11052F6792C000D249;44673735EAF46E11B7B78A650500BC08;2025-05-17;-4.0;-132.0
8504885023DB8E11F243BB650500724B;44673735EAF46E11B7B78A650500BC08;2025-05-17;-6.0;-491.46
59D4EA126C456E11B7B78A650500BC08;44673735EAF46E11B7B78A650500BC08;2025-05-17;-6.0;-1228.6200000000001
679C6FE8697BAE11BE21106505009F4A;44673735EAF46E11B7B78A650500BC08;2025-05-17;-2.0;-98.8
3FF80F2A559DFE11F1557891FE693489;44673735EAF46E11B7B78A650500BC08;2025-05-17;-10.0;-167.9
462352B9AC456E11B7B78A650500BC08;44673735EAF46E11B7B78A650500BC08;2025-05-17;-8.0;-1197.82
9DF6A71D02238E117E64BB6505005BAA;44673735EAF46E11B7B78A650500BC08;2025-05-17;-8.0;-1040.0
37AD7D7EE2DC9E11726010650500B94A;44673735EAF46E11B7B78A650500BC08;2025-05-17;-38.0;-777.42
E1C51D832B589E11554010650500334B;44673735EAF46E11B7B78A650500BC08;2025-05-17;-2.0;-590.4
D5EE245014D9DE11406610650500B14A;44673735EAF46E11B7B78A650500BC08;2025-05-17;-22.0;-185.06
9B5940D5243DDE11406610650500364A;44673735EAF46E11B7B78A650500BC08;2025-05-17;-2.0;-430.0
2B23E5EBF89DDE11406610650500B64A;44673735EAF46E11B7B78A650500BC08;2025-05-17;-6.0;-812.52
9E31071D653DDE11406610650500364A;44673735EAF46E11B7B78A650500BC08;2025-05-17;-2.0;-76.78
EAF0C23888C6DE11C84610650500DE6A;44673735EAF46E11B7B78A650500BC08;2025-05-17;-2.0;-23.66
445BF3BE3C456E11B7B78A650500BC08;44673735EAF46E11B7B78A650500BC08;2025-05-17;-2.0;-241.4
43F6D761D0CF3E11F7F68A650500DB08;44673735EAF46E11B7B78A650500BC08;2025-05-17;-4.0;-288.4
9CC9CBD168400F11F1557891FE69A789;44673735EAF46E11B7B78A650500BC08;2025-05-17;-10.0;-142.0
A92A9D81CFC5EE1191EE1065050055B9;44673735EAF46E11B7B78A650500BC08;2025-05-17;-162.2;-2984.48
AEDCC768C4BC3E11052F6792C000D249;44673735EAF46E11B7B78A650500BC08;2025-05-17;-6.0;-442.32
575C6F999786CE11ADB310650500DDA8;44673735EAF46E11B7B78A650500BC08;2025-05-17;-4.0;-34.82
A79BADAE35AE4E1142D58A650500BC08;44673735EAF46E11B7B78A650500BC08;2025-05-17;-2.0;-99.8
D53DDEE17B4F6E11B7B78A650500CD08;44673735EAF46E11B7B78A650500BC08;2025-05-17;-300.0;-1032.0
086EDC4E3C456E11B7B78A650500BC08;44673735EAF46E11B7B78A650500BC08;2025-05-17;-18.0;-1315.8
AFAE76E2DC456E11B7B78A650500BC08;44673735EAF46E11B7B78A650500BC08;2025-05-17;-10.0;-1120.6
BB6490A6B60C4E1142D58A650500BC08;44673735EAF46E11B7B78A650500BC08;2025-05-17;-6.0;-471.0
0D80B9BFC1758E113835BB6505004EAA;44673735EAF46E11B7B78A650500BC08;2025-05-17;-2.0;-226.34
A1F225C8F61E4E1142D58A650500BC08;44673735EAF46E11B7B78A650500BC08;2025-05-17;-8.0;-1335.2
1DD31F9234627E11B7B78A650500CD08;44673735EAF46E11B7B78A650500BC08;2025-05-17;-2.0;-186.16
AE1B8A54FE456E11B7B78A650500BC08;44673735EAF46E11B7B78A650500BC08;2025-05-17;-2.0;-139.28
811E84EBBD1EFE11F1557891FE69E489;44673735EAF46E11B7B78A650500BC08;2025-05-17;-10.0;-695.0
E2404E00B0CAED11A62CD892C0003F2A;44673735EAF46E11B7B78A650500BC08;2025-05-17;-2.0;-338.98
57B15988074DFE11F1557891FE69D389;44673735EAF46E11B7B78A650500BC08;2025-05-17;-14.0;-5337.92
FD076A426D7DBE118772106505007E59;44673735EAF46E11B7B78A650500BC08;2025-05-17;-4.0;-520.0
35137EBFE6197E110819BB65050009AA;44673735EAF46E11B7B78A650500BC08;2025-05-17;-6.0;-298.62
7CBDF248DC197E110819BB65050009AA;44673735EAF46E11B7B78A650500BC08;2025-05-17;-6.0;-539.34
F2329F3FF4AACE11ADB31065050023B8;44673735EAF46E11B7B78A650500BC08;2025-05-17;-2.0;-91.96
2AD3D2D057639E11554010650500CC3B;44673735EAF46E11B7B78A650500BC08;2025-05-17;-4.0;-40.0
96DED9DE90CAED11A62CD892C0003F2A;44673735EAF46E11B7B78A650500BC08;2025-05-17;-2.0;-133.58
07C0B39BF9456E11B7B78A650500BC08;44673735EAF46E11B7B78A650500BC08;2025-05-17;-2.0;-91.86
B995848200E7EE1191EE10650500A7B9;44673735EAF46E11B7B78A650500BC08;2025-05-17;-4.0;-14.02
E4CE2A858954FE1191EE106505008FB9;44673735EAF46E11B7B78A650500BC08;2025-05-17;-2.0;-108.14
A690283020679E11554010650500F14B;44673735EAF46E11B7B78A650500BC08;2025-05-17;-4.0;-321.16
A618F6757505EE11B1AD10650500A8EA;44673735EAF46E11B7B78A650500BC08;2025-05-17;-26.0;-1245.4
1DA0A65C35CCDE11406610650500A54A;44673735EAF46E11B7B78A650500BC08;2025-05-17;-2.0;-591.38
6AE4B5203D456E11B7B78A650500BC08;44673735EAF46E11B7B78A650500BC08;2025-05-17;-2.0;-155.92
DA9027DAEC9F7E110819BB65050039AA;44673735EAF46E11B7B78A650500BC08;2025-05-17;-38.0;-825.72
0284E6BD653DDE11406610650500364A;44673735EAF46E11B7B78A650500BC08;2025-05-17;-2.0;-92.86
B9C3840F18363E11052F6792C000FF39;44673735EAF46E11B7B78A650500BC08;2025-05-17;-4.0;-359.56
2CAE896C92E0DE11ADB310650500DBB8;44673735EAF46E11B7B78A650500BC08;2025-05-17;-2.0;-190.78
A0FF20CA76018E110819BB65050039AA;44673735EAF46E11B7B78A650500BC08;2025-05-17;-2.0;-148.44
CDDC371F46CCDE11406610650500A54A;44673735EAF46E11B7B78A650500BC08;2025-05-17;-4.0;-227.92
411BDB13721A8E11F243BB650500304B;44673735EAF46E11B7B78A650500BC08;2025-05-17;-2.0;-143.64
CF17727D0C5CCE11ADB31065050095B8;44673735EAF46E11B7B78A650500BC08;2025-05-17;-2.0;-817.82
DE0A23497C7BDE11406610650500F34A;44673735EAF46E11B7B78A650500BC08;2025-05-17;-4.0;-19.6
F6636B7FCE456E11B7B78A650500BC08;44673735EAF46E11B7B78A650500BC08;2025-05-17;-14.0;-413.36
92DF77DBFD456E11B7B78A650500BC08;44673735EAF46E11B7B78A650500BC08;2025-05-17;-2.0;-466.0
298AC96C066E9E11726010650500CB4A;44673735EAF46E11B7B78A650500BC08;2025-05-17;-2.0;-167.22
73D303CC45CF8E11F243BB650500084B;44673735EAF46E11B7B78A650500BC08;2025-05-17;-4.0;-84.86
17DC4ADF3F49AE11BE2110650500DC4A;44673735EAF46E11B7B78A650500BC08;2025-05-17;-4.0;-232.76
86B48E443E3EDE11406610650500974A;44673735EAF46E11B7B78A650500BC08;2025-05-17;-2.0;-288.28
067E02AB926DAE11BE2110650500025A;44673735EAF46E11B7B78A650500BC08;2025-05-17;-8.0;-677.2
3B5EFD52E0DCDE11406610650500B54A;44673735EAF46E11B7B78A650500BC08;2025-05-17;-16.0;-3728.1
E480DA1A57C5BE11BE2110650500BC5A;44673735EAF46E11B7B78A650500BC08;2025-05-17;-2.0;-137.8
53BD324B03078E11F243BB6505005C3B;44673735EAF46E11B7B78A650500BC08;2025-05-17;-10.0;-283.29999999999995
B9AD37D0B56FBE11877210650500E069;44673735EAF46E11B7B78A650500BC08;2025-05-17;-6.0;-462.0
82C73616F61E4E1142D58A650500BC08;44673735EAF46E11B7B78A650500BC08;2025-05-17;-12.0;-2002.8000000000002
73356D0E4D456E11B7B78A650500BC08;44673735EAF46E11B7B78A650500BC08;2025-05-17;-2.0;-679.68
1F3FA457417B8E11F243BB650500F14B;44673735EAF46E11B7B78A650500BC08;2025-05-17;-2.0;-230.16
BA29DD479C456E11B7B78A650500BC08;44673735EAF46E11B7B78A650500BC08;2025-05-17;-4.0;-68.52
03FCB11E072FFE11F1557891FE693689;44673735EAF46E11B7B78A650500BC08;2025-05-17;-4.0;-272.0
14B48E443E3EDE11406610650500974A;44673735EAF46E11B7B78A650500BC08;2025-05-17;-2.0;-273.92
2AF34C346D7DBE118772106505007E59;44673735EAF46E11B7B78A650500BC08;2025-05-17;-2.0;-260.0
CBD0A401AC456E11B7B78A650500BC08;44673735EAF46E11B7B78A650500BC08;2025-05-17;-8.0;-253.0
73326194F9D2DE11ADB3106505007EB8;44673735EAF46E11B7B78A650500BC08;2025-05-17;-38.0;-9386.0
FB36E028FFB47E11B7B78A650500ED08;44673735EAF46E11B7B78A650500BC08;2025-05-17;-16.0;-2106.4
498F2344C11A8E11F243BB650500304B;44673735EAF46E11B7B78A650500BC08;2025-05-17;-2.0;-227.88
CEB0EF80D5D61E1143F0668E4200EE89;44673735EAF46E11B7B78A650500BC08;2025-05-17;-2.0;-1430.0
2FD0E9796A11FE1191EE106505004BB9;44673735EAF46E11B7B78A650500BC08;2025-05-17;-2.0;-257.18
91FD61B620556E11B7B78A650500BC08;44673735EAF46E11B7B78A650500BC08;2025-05-17;-2.0;-246.82
7CD687CFF2B6FE1191EE1065050092C9;44673735EAF46E11B7B78A650500BC08;2025-05-17;-2.0;-421.38
F37CC3CF3533FE1191EE106505000EB9;44673735EAF46E11B7B78A650500BC08;2025-05-17;-2.0;-3991.14
B7FEA237E770BE11BE2110650500F55A;44673735EAF46E11B7B78A650500BC08;2025-05-17;-2.0;-171.92
375512231C469E11554010650500904B;44673735EAF46E11B7B78A650500BC08;2025-05-17;-2.0;-2220.0
58512029C7420F114EF7A826072B6A89;44673735EAF46E11B7B78A650500BC08;2025-05-17;-2.0;-659.86
1C3270B64DC0FE1191EE10650500EAB9;44673735EAF46E11B7B78A650500BC08;2025-05-17;-2.0;-455.1
84361D8F49BFEE1191EE1065050089B9;44673735EAF46E11B7B78A650500BC08;2025-05-17;-4.0;-378.38
545CE0B26D7DBE118772106505007E59;44673735EAF46E11B7B78A650500BC08;2025-05-17;-2.0;-222.0
7BC0431806D9FE11128010650500E819;44673735EAF46E11B7B78A650500BC08;2025-05-17;-2.0;-227.52
FD4235D98BA3BE11BE21106505000A5A;44673735EAF46E11B7B78A650500BC08;2025-05-17;-2.0;-102.3
93356D0E4D456E11B7B78A650500BC08;44673735EAF46E11B7B78A650500BC08;2025-05-17;-2.0;-1104.4
9A06F3B29EEDBE118772106505000F59;44673735EAF46E11B7B78A650500BC08;2025-05-17;-12.0;-418.08000000000004
1CDB44B94F7FFE11F1557891FE69A689;44673735EAF46E11B7B78A650500BC08;2025-05-17;-6.0;-75.72
FB958DE325B4DE11ADB310650500F0C8;44673735EAF46E11B7B78A650500BC08;2025-05-17;-6.0;-403.20000000000005
2DDB20D79158EE1191EE1065050048B9;44673735EAF46E11B7B78A650500BC08;2025-05-17;-2.0;-241.22
E8DCDFD36DCF8E11F243BB650500184B;44673735EAF46E11B7B78A650500BC08;2025-05-17;-2.0;-416.24
F906F2FAFEA57E11B7B78A650500ED08;44673735EAF46E11B7B78A650500BC08;2025-05-17;-2.0;-66.12
820DED1F3C456E11B7B78A650500BC08;44673735EAF46E11B7B78A650500BC08;2025-05-17;-4.0;-710.6
E35BF3BE3C456E11B7B78A650500BC08;44673735EAF46E11B7B78A650500BC08;2025-05-17;-24.0;-2488.8
92AA7E39CE456E11B7B78A650500BC08;44673735EAF46E11B7B78A650500BC08;2025-05-17;-4.0;-288.4
74137EBFE6197E110819BB65050009AA;44673735EAF46E11B7B78A650500BC08;2025-05-17;-2.0;-32.24
94156BEAA5EFCE11ADB3106505006AB8;44673735EAF46E11B7B78A650500BC08;2025-05-17;-2.0;-223.5
2F2FDC1F45CF8E11F243BB650500084B;44673735EAF46E11B7B78A650500BC08;2025-05-17;-2.0;-71.14
5C4E676623900F11F1557891FE690889;44673735EAF46E11B7B78A650500BC08;2025-05-17;-2.0;-496.0
D920C0573E456E11B7B78A650500BC08;44673735EAF46E11B7B78A650500BC08;2025-05-17;-2.0;-606.0
0D2659A7CD769E11554010650500D04B;44673735EAF46E11B7B78A650500BC08;2025-05-17;-2.0;-191.44
3F3B6078A2E0DE11ADB310650500DBB8;44673735EAF46E11B7B78A650500BC08;2025-05-17;-2.0;-201.18
06AC9C56E039EE1191EE1065050009B9;44673735EAF46E11B7B78A650500BC08;2025-05-17;-4.0;-670.52
DC2D0C5C50A37E11B7B78A650500DD08;44673735EAF46E11B7B78A650500BC08;2025-05-17;-2.0;-2193.54
6396BB8EEB0AFE11128010650500E819;44673735EAF46E11B7B78A650500BC08;2025-05-17;-4.0;-182.8
78E82DF417197E110819BB65050009AA;44673735EAF46E11B7B78A650500BC08;2025-05-17;-2.0;-157.28
CC12452A3E263E11052F6792C000FF39;44673735EAF46E11B7B78A650500BC08;2025-05-17;-2.0;-121.76
0894AE62BC88EE1191EE1065050098B9;44673735EAF46E11B7B78A650500BC08;2025-05-17;-12.0;-527.88
3E6B6C983392BE11BE2110650500A85A;44673735EAF46E11B7B78A650500BC08;2025-05-17;-2.0;-198.46
EB2267EF3C456E11B7B78A650500BC08;44673735EAF46E11B7B78A650500BC08;2025-05-17;-2.0;-355.36
7633EB04AA4FFE11F1557891FE696689;44673735EAF46E11B7B78A650500BC08;2025-05-17;-2.0;-102.64
D4AFC091AFBBFE111280106505000919;44673735EAF46E11B7B78A650500BC08;2025-05-17;-2.0;-473.78
CC7022069F45DE11ADB310650500B1C8;44673735EAF46E11B7B78A650500BC08;2025-05-17;-2.0;-262.14
AF1A48881CF22E1143F0668E4200C71A;44673735EAF46E11B7B78A650500BC08;2025-05-17;-2.0;-242.42
50127D0BFD456E11B7B78A650500BC08;44673735EAF46E11B7B78A650500BC08;2025-05-17;-2.0;-410.0
227A9E7ADE456E11B7B78A650500BC08;44673735EAF46E11B7B78A650500BC08;2025-05-17;-2.0;-230.94
FA6562D6E770BE11BE2110650500F55A;44673735EAF46E11B7B78A650500BC08;2025-05-17;-2.0;-26.3
7357CADF84DDBE11877210650500EE59;44673735EAF46E11B7B78A650500BC08;2025-05-17;-2.0;-116.46
DCC348B90F36AE11BE2110650500F84A;44673735EAF46E11B7B78A650500BC08;2025-05-17;-2.0;-445.44
C55687CD1597AE11BE2110650500AA4A;44673735EAF46E11B7B78A650500BC08;2025-05-17;-20.0;-3002.0
B3DDBABA6D10FE1191EE106505000AB9;44673735EAF46E11B7B78A650500BC08;2025-05-17;-2.0;-1336.0
009FDD0B811FCE11ADB31065050029B8;44673735EAF46E11B7B78A650500BC08;2025-05-17;-2.0;-1261.32
A45AF0CF2D456E11B7B78A650500BC08;44673735EAF46E11B7B78A650500BC08;2025-05-17;-2.0;-65.14
C926DF934D8ADE11406610650500A24A;44673735EAF46E11B7B78A650500BC08;2025-05-17;-2.0;-2584.32
C2E168CCA2AE9E117260106505001C4A;44673735EAF46E11B7B78A650500BC08;2025-05-17;-2.0;-307.84
250BACBD2D456E11B7B78A650500BC08;44673735EAF46E11B7B78A650500BC08;2025-05-17;-2.0;-121.6
5BD3EF736104FE1191EE106505001FB9;44673735EAF46E11B7B78A650500BC08;2025-05-17;-2.0;-400.38
B6AD25AB066E9E11726010650500CB4A;44673735EAF46E11B7B78A650500BC08;2025-05-17;-2.0;-57.46
307E5A06D343FE1191EE106505001EB9;FC081C55582CED11A62CD892C0003F2A;2025-05-17;-2.0;-330.6
5F88DBCEC5E29E115540106505002C3B;FC081C55582CED11A62CD892C0003F2A;2025-05-17;-2.0;-717.62
DC4153D90ECA9E11525010650500EB4A;FC081C55582CED11A62CD892C0003F2A;2025-05-17;-2.0;-48.84
4419976467788E11F243BB6505002E3B;FC081C55582CED11A62CD892C0003F2A;2025-05-17;-4.0;-240.32
97B6EB4951CAED11A62CD892C0003F2A;FC081C55582CED11A62CD892C0003F2A;2025-05-17;-2.0;-524.4
252DC40BBE6DFE11F1557891FE690489;FC081C55582CED11A62CD892C0003F2A;2025-05-17;-2.0;-212.8
243591929EFDCE11ADB310650500C7B8;FC081C55582CED11A62CD892C0003F2A;2025-05-17;-24.0;-3621.84
79B9C19C2CF2CE118772106505007569;FC081C55582CED11A62CD892C0003F2A;2025-05-17;-2.0;-297.2
468337CD542CAE11BE2110650500705A;FC081C55582CED11A62CD892C0003F2A;2025-05-17;-12.0;-2436.48
2217D3C844E7CE11ADB3106505009FA8;FC081C55582CED11A62CD892C0003F2A;2025-05-17;-2.0;-566.74
C786FA88A8E9BE11877210650500E959;FC081C55582CED11A62CD892C0003F2A;2025-05-17;-2.0;-210.0
BB7DC964E9CC2E11052F6792C000CF39;FC081C55582CED11A62CD892C0003F2A;2025-05-17;-4.0;-785.72
FF9E86B00FC18E113835BB650500B9AA;FC081C55582CED11A62CD892C0003F2A;2025-05-17;-10.0;-221.90000000000003
4D924FD456938E113835BB6505001CAA;FC081C55582CED11A62CD892C0003F2A;2025-05-17;-2.0;-173.34
501B3090D7696E11B7B78A650500BC08;FC081C55582CED11A62CD892C0003F2A;2025-05-17;-4.0;-581.06
A0C710F5FD94DE11ADB310650500D0C8;FC081C55582CED11A62CD892C0003F2A;2025-05-17;-8.0;-206.10000000000002
67C4EDC9D0CAED11A62CD892C0003F2A;FC081C55582CED11A62CD892C0003F2A;2025-05-17;-4.0;-1330.52
C92C6D5B01CAED11A62CD892C0003F2A;FC081C55582CED11A62CD892C0003F2A;2025-05-17;-6.0;-878.8199999999999
2D8503F7B9A93E11052F6792C000D249;FC081C55582CED11A62CD892C0003F2A;2025-05-17;-4.0;-337.86
631E9DB11A278E11F243BB6505008C3B;FC081C55582CED11A62CD892C0003F2A;2025-05-17;-14.0;-1117.06
507FA74E9F4BEE1191EE1065050029B9;FC081C55582CED11A62CD892C0003F2A;2025-05-17;-4.0;-633.8
11A5F78144AF6E11B7B78A650500CD08;FC081C55582CED11A62CD892C0003F2A;2025-05-17;-2.0;-677.7
605D54D8506AFE11128010650500E819;FC081C55582CED11A62CD892C0003F2A;2025-05-17;-2.0;-114.3
A4C2358232B72E11052F6792C0007F39;FC081C55582CED11A62CD892C0003F2A;2025-05-17;-2.0;-237.6
FC19D96B04D2FE1191EE106505007DB9;FC081C55582CED11A62CD892C0003F2A;2025-05-17;-2.0;-194.08
709229748308DE11C84610650500607A;FC081C55582CED11A62CD892C0003F2A;2025-05-17;-2.0;-138.38
0E9C945FF5DF1E1143F0668E4200B37A;FC081C55582CED11A62CD892C0003F2A;2025-05-17;-2.0;-178.5
07AF8A5FC0CAED11A62CD892C0003F2A;FC081C55582CED11A62CD892C0003F2A;2025-05-17;-2.0;-417.32
046E97FE3684AE11726010650500935A;FC081C55582CED11A62CD892C0003F2A;2025-05-17;-2.0;-477.0
F71074C403C2EE11B1AD10650500C5EA;FC081C55582CED11A62CD892C0003F2A;2025-05-17;-8.0;-827.2
762A1BD262600F11F1557891FE69C789;FC081C55582CED11A62CD892C0003F2A;2025-05-17;-2.0;-172.08
66DBEC672CB2CE118772106505002569;FC081C55582CED11A62CD892C0003F2A;2025-05-17;-2.0;-95.36
B2507F0BBD09FE11128010650500E819;FC081C55582CED11A62CD892C0003F2A;2025-05-17;-6.0;-129.98
0D33E688FA97DE11C84610650500EF6A;FC081C55582CED11A62CD892C0003F2A;2025-05-17;-2.0;-61.86
C94C83D7F99FFE11F1557891FE69C689;FC081C55582CED11A62CD892C0003F2A;2025-05-17;-2.0;-103.46
27A4A46A4EEC9E11726010650500D94A;FC081C55582CED11A62CD892C0003F2A;2025-05-17;-2.0;-69.44
4C80191D8F74FE1191EE10650500CFB9;FC081C55582CED11A62CD892C0003F2A;2025-05-17;-6.0;-370.8
040F7376AC1BAE11BE21106505002F4A;FC081C55582CED11A62CD892C0003F2A;2025-05-17;-82.0;-555.96
29E3A1523364EE11B1AD10650500D7EA;FC081C55582CED11A62CD892C0003F2A;2025-05-17;-2.0;-50.4
C7A795AC483EFE11F1557891FE690589;FC081C55582CED11A62CD892C0003F2A;2025-05-17;-2.0;-30.0
351015FAB1E7EE1191EE10650500A7B9;FC081C55582CED11A62CD892C0003F2A;2025-05-17;-2.0;-8.96
A3C7215259098E11F243BB650500EE3B;FC081C55582CED11A62CD892C0003F2A;2025-05-17;-2.0;-113.1
FC7BAA72FB409E11F243BB650500B84B;FC081C55582CED11A62CD892C0003F2A;2025-05-17;-2.0;-33.08
F2077EC30E3CEE1191EE1065050029B9;FC081C55582CED11A62CD892C0003F2A;2025-05-17;-2.0;-136.82
6C2BACF29813EE11B1AD1065050036EA;FC081C55582CED11A62CD892C0003F2A;2025-05-17;-6.0;-47.36
96C6CF0A77ADDE11406610650500C64A;FC081C55582CED11A62CD892C0003F2A;2025-05-17;-2.0;-5.1
71AAD9988A0ABE118772106505001A59;FC081C55582CED11A62CD892C0003F2A;2025-05-17;-2.0;-354.0
321E845CF996BE11877210650500B559;FC081C55582CED11A62CD892C0003F2A;2025-05-17;-2.0;-26.96
515BC377D041FE1191EE106505007BB9;FC081C55582CED11A62CD892C0003F2A;2025-05-17;-2.0;-304.38
9F8A40588CAB7E110819BB65050039AA;FC081C55582CED11A62CD892C0003F2A;2025-05-17;-4.0;-7.28
1CF622E81E4DCE11ADB310650500D6B8;FC081C55582CED11A62CD892C0003F2A;2025-05-17;-2.0;-32.5
C2F78A00CBE1EE114066106505006C4A;FC081C55582CED11A62CD892C0003F2A;2025-05-17;-2.0;-54.94
D4FFA460763EAE11BE2110650500135A;FC081C55582CED11A62CD892C0003F2A;2025-05-17;-2.0;-24.96
5F21DFF129ADDE11406610650500C64A;FC081C55582CED11A62CD892C0003F2A;2025-05-17;-4.0;-224.88
45E865724AEEBE118772106505004069;FC081C55582CED11A62CD892C0003F2A;2025-05-17;-2.0;-121.0
7DEB275979D17E11B7B78A650500CD08;FC081C55582CED11A62CD892C0003F2A;2025-05-17;-2.0;-106.18
58CBBF6D34D67E11B7B78A650500ED08;FC081C55582CED11A62CD892C0003F2A;2025-05-17;-2.0;-97.8
0B12A2CDC691FE1191EE10650500EBB9;FC081C55582CED11A62CD892C0003F2A;2025-05-17;-2.0;-140.98
947ABEBFDE9F8E11F243BB650500D74B;FC081C55582CED11A62CD892C0003F2A;2025-05-17;-2.0;-57.4
17FA941B64F4DE11ADB31065050041C8;FC081C55582CED11A62CD892C0003F2A;2025-05-17;-2.0;-219.36
7484C0E058B13E11052F6792C000CF39;FC081C55582CED11A62CD892C0003F2A;2025-05-17;-2.0;-152.22
2C4E833929EEFE11F1557891FE69E589;FC081C55582CED11A62CD892C0003F2A;2025-05-17;-2.0;-249.9
988C3B7101CAED11A62CD892C0003F2A;FC081C55582CED11A62CD892C0003F2A;2025-05-17;-2.0;-286.68
E76C964257E48E113835BB6505009DAA;FC081C55582CED11A62CD892C0003F2A;2025-05-17;-4.0;-1244.0
F1C5B32599DDCE11ADB31065050097B8;FC081C55582CED11A62CD892C0003F2A;2025-05-17;-6.0;-469.52
4599061176208E110819BB65050039AA;FC081C55582CED11A62CD892C0003F2A;2025-05-17;-4.0;-470.32
86D855EF967F8E11F243BB650500A74B;FC081C55582CED11A62CD892C0003F2A;2025-05-17;-4.0;-30.82
786CF331BDE7EE1191EE10650500B7B9;FC081C55582CED11A62CD892C0003F2A;2025-05-17;-6.0;-158.2
B86C3D3604EBDE11406610650500744A;FC081C55582CED11A62CD892C0003F2A;2025-05-17;-2.0;-484.66
AF38F5BA15807E11B7B78A650500CD08;FC081C55582CED11A62CD892C0003F2A;2025-05-17;-6.0;-431.96
BFDF3DC9CC3FFE11F1557891FE695689;FC081C55582CED11A62CD892C0003F2A;2025-05-17;-10.0;-362.5
E592BD33A36BCE11ADB31065050034B8;FC081C55582CED11A62CD892C0003F2A;2025-05-17;-2.0;-94.0
857D2942599EFE11F1557891FE698589;FC081C55582CED11A62CD892C0003F2A;2025-05-17;-2.0;-42.0
E5ED85E8F783DE11ADB3106505005FB8;FC081C55582CED11A62CD892C0003F2A;2025-05-17;-2.0;-543.14
141D2C1F68DDCE11ADB31065050097B8;FC081C55582CED11A62CD892C0003F2A;2025-05-17;-4.0;-127.48
8AEEDBF55D4DDE11406610650500564A;FC081C55582CED11A62CD892C0003F2A;2025-05-17;-2.0;-136.0
C5312590B0CAED11A62CD892C0003F2A;FC081C55582CED11A62CD892C0003F2A;2025-05-17;-2.0;-201.98
F5E511F4F332DE11ADB310650500ADB8;FC081C55582CED11A62CD892C0003F2A;2025-05-17;-2.0;-579.54
BE6785D8D0CAED11A62CD892C0003F2A;FC081C55582CED11A62CD892C0003F2A;2025-05-17;-4.0;-995.26
CCF904DA8A67DE11C84610650500AF6A;FC081C55582CED11A62CD892C0003F2A;2025-05-17;-2.0;-2054.1
567D8B89709EBE11877210650500DF59;FC081C55582CED11A62CD892C0003F2A;2025-05-17;-2.0;-55.72
AEE2CD288E42CE118772106505009469;FC081C55582CED11A62CD892C0003F2A;2025-05-17;-2.0;-774.9
9617F7582642FE1191EE10650500CCB9;FC081C55582CED11A62CD892C0003F2A;2025-05-17;-2.0;-826.52
0D69708DB2065E1142D58A650500DC08;FC081C55582CED11A62CD892C0003F2A;2025-05-17;-4.0;-478.22
453BDDD365927E11B7B78A650500DD08;FC081C55582CED11A62CD892C0003F2A;2025-05-17;-2.0;-303.08
40E8254C9CDFCE11ADB3106505005AB8;FC081C55582CED11A62CD892C0003F2A;2025-05-17;-4.0;-747.32
DE81A37C1A5FFE11F1557891FE697689;FC081C55582CED11A62CD892C0003F2A;2025-05-17;-2.0;-78.64
2CD17196BBCDCE11ADB31065050087B8;FC081C55582CED11A62CD892C0003F2A;2025-05-17;-2.0;-1180.0
BDAD53E25FAF5E1142D58A650500AD08;FC081C55582CED11A62CD892C0003F2A;2025-05-17;-2.0;-220.86
853F24C63AD67E11B7B78A650500ED08;FC081C55582CED11A62CD892C0003F2A;2025-05-17;-2.0;-488.68
AEBC5088D81E4E1142D58A650500BC08;FC081C55582CED11A62CD892C0003F2A;2025-05-17;-4.0;-1592.66
C34AC1B289AC3E11052F6792C000D249;FC081C55582CED11A62CD892C0003F2A;2025-05-17;-6.0;-1171.74
D68CE0818869FE11128010650500E819;FC081C55582CED11A62CD892C0003F2A;2025-05-17;-4.0;-2879.72
1CBB4A92DDA11E1143F0668E42008C3B;FC081C55582CED11A62CD892C0003F2A;2025-05-17;-2.0;-253.84
7E9F6DFAEC027E11B7B78A650500CD08;FC081C55582CED11A62CD892C0003F2A;2025-05-17;-6.0;-1209.66
B1B7955D82C5EE1191EE1065050045B9;FC081C55582CED11A62CD892C0003F2A;2025-05-17;-2.0;-360.0
25DE2C7261CBEE1191EE1065050029B9;FC081C55582CED11A62CD892C0003F2A;2025-05-17;-2.0;-54.0
F8E236375EE1EE114066106505006C4A;FC081C55582CED11A62CD892C0003F2A;2025-05-17;-2.0;-987.54
42E2A38201CAED11A62CD892C0003F2A;FC081C55582CED11A62CD892C0003F2A;2025-05-17;-8.0;-1074.26
D20B93D5203ECE11ADB31065050008B8;FC081C55582CED11A62CD892C0003F2A;2025-05-17;-6.0;-2482.58
2708C3D11224EE11B1AD1065050087EA;FC081C55582CED11A62CD892C0003F2A;2025-05-17;-2.0;-172.72
83C6D9E07479FE11128010650500E819;FC081C55582CED11A62CD892C0003F2A;2025-05-17;-2.0;-291.06
EFE032B45FFEEE1191EE1065050029B9;FC081C55582CED11A62CD892C0003F2A;2025-05-17;-2.0;-4421.0
CAC5E6193022EE11406610650500AC4A;FC081C55582CED11A62CD892C0003F2A;2025-05-17;-4.0;-477.28
2B67698B1849FD11A4A96492C0006F3B;FC081C55582CED11A62CD892C0003F2A;2025-05-17;-2.0;-520.84
56B6EB4951CAED11A62CD892C0003F2A;FC081C55582CED11A62CD892C0003F2A;2025-05-17;-2.0;-541.06
6A4ECF858AB38E113835BB6505004CAA;FC081C55582CED11A62CD892C0003F2A;2025-05-17;-10.0;-3420.0600000000004
99DFC4E971365E1142D58A650500DC08;FC081C55582CED11A62CD892C0003F2A;2025-05-17;-2.0;-266.4
481D84BB0F70DE11ADB3106505004BB8;FC081C55582CED11A62CD892C0003F2A;2025-05-17;-2.0;-64.46
23E14AC57EE2BE11BE2110650500195A;FC081C55582CED11A62CD892C0003F2A;2025-05-17;-4.0;-342.98
692BE16580CAED11A62CD892C0003F2A;FC081C55582CED11A62CD892C0003F2A;2025-05-17;-2.0;-733.16
63DDB9D6E236AE11BE2110650500E84A;FC081C55582CED11A62CD892C0003F2A;2025-05-17;-6.0;-342.44
B186BFB5F8F34E1142D58A6505002C08;FC081C55582CED11A62CD892C0003F2A;2025-05-17;-2.0;-347.72
1CD1B3F7FC027E11B7B78A650500CD08;FC081C55582CED11A62CD892C0003F2A;2025-05-17;-2.0;-89.58
79C19A8C87449E11554010650500ED3B;FC081C55582CED11A62CD892C0003F2A;2025-05-17;-6.0;-4008.0
83F61D722CC46E11B7B78A650500BC08;FC081C55582CED11A62CD892C0003F2A;2025-05-17;-2.0;-196.9
B130B6E525B4DE11ADB310650500F0C8;FC081C55582CED11A62CD892C0003F2A;2025-05-17;-2.0;-134.4
2CBB85E51B39FD11A4A96492C0006F3B;FC081C55582CED11A62CD892C0003F2A;2025-05-17;-2.0;-1240.0
693C321C575FFE11F1557891FE697689;FC081C55582CED11A62CD892C0003F2A;2025-05-17;-2.0;-154.0
31E40A41A1C5EE1191EE1065050045B9;FC081C55582CED11A62CD892C0003F2A;2025-05-17;-2.0;-81.46
F1F42C5731CAED11A62CD892C0003F2A;FC081C55582CED11A62CD892C0003F2A;2025-05-17;-2.0;-481.56
24635E0A8557AE11BE21106505005A4A;FC081C55582CED11A62CD892C0003F2A;2025-05-17;-2.0;-653.72
875D2CD7F607DE11C846106505002F6A;FC081C55582CED11A62CD892C0003F2A;2025-05-17;-2.0;-11.2
85CA0BC1E885CE11ADB3106505003DA8;FC081C55582CED11A62CD892C0003F2A;2025-05-17;-2.0;-557.34
B345EBCF1D027E11B7B78A650500CD08;FC081C55582CED11A62CD892C0003F2A;2025-05-17;-2.0;-230.04
711A9E84C79ACE11ADB31065050013B8;FC081C55582CED11A62CD892C0003F2A;2025-05-17;-2.0;-322.4
D8B6D2492EDFFD11A4A96492C0001019;FC081C55582CED11A62CD892C0003F2A;2025-05-17;-2.0;-446.7
19B6F9A48836CE11ADB3106505008DA8;FC081C55582CED11A62CD892C0003F2A;2025-05-17;-4.0;-276.92
4D7CD67C7C59BE118772106505003959;FC081C55582CED11A62CD892C0003F2A;2025-05-17;-8.0;-1356.24
C07BE0DB5D85DE11ADB31065050002C8;FC081C55582CED11A62CD892C0003F2A;2025-05-17;-2.0;-45.7
60F5E6B69C5A3E11052F6792C000D249;FC081C55582CED11A62CD892C0003F2A;2025-05-17;-2.0;-209.48
A9E2965A3B34DE11ADB31065050050C8;FC081C55582CED11A62CD892C0003F2A;2025-05-17;-2.0;-953.26
811E84EBBD1EFE11F1557891FE69E489;FC081C55582CED11A62CD892C0003F2A;2025-05-17;-2.0;-139.0
EF1EFC30F704DE11ADB31065050010C8;FC081C55582CED11A62CD892C0003F2A;2025-05-17;-2.0;-740.4
AB4B10F38842FE1191EE10650500CCB9;FC081C55582CED11A62CD892C0003F2A;2025-05-17;-2.0;-801.4
A94296B04FF0EE114066106505002B4A;FC081C55582CED11A62CD892C0003F2A;2025-05-17;-2.0;-248.74
FF2AC67DFD92FE1191EE106505003DB9;FC081C55582CED11A62CD892C0003F2A;2025-05-17;-2.0;-689.04
6FB73D3478DDCE11ADB31065050097B8;FC081C55582CED11A62CD892C0003F2A;2025-05-17;-2.0;-1608.56
5DD3C447F3C2FE1191EE106505006DB9;FC081C55582CED11A62CD892C0003F2A;2025-05-17;-2.0;-485.62
16D2311DA869FE11128010650500E819;FC081C55582CED11A62CD892C0003F2A;2025-05-17;-2.0;-707.74
853E17D851CAED11A62CD892C0003F2A;FC081C55582CED11A62CD892C0003F2A;2025-05-17;-2.0;-922.46
86E1A97FCCEABE118772106505003B59;FC081C55582CED11A62CD892C0003F2A;2025-05-17;-4.0;-409.76
B201EB23E38D9E117260106505009A4A;FC081C55582CED11A62CD892C0003F2A;2025-05-17;-2.0;-479.4
192CEE66DD4DED11A62CD892C0003F2A;FC081C55582CED11A62CD892C0003F2A;2025-05-17;-2.0;-639.16
1CCBC1A83A2D8E11F243BB650500A44B;FC081C55582CED11A62CD892C0003F2A;2025-05-17;-8.0;-608.88
A07D28759ECC8E11F243BB650500144B;FC081C55582CED11A62CD892C0003F2A;2025-05-17;-2.0;-751.48
A556498A77EA0E11A4A96492C0001269;FC081C55582CED11A62CD892C0003F2A;2025-05-17;-4.0;-3372.92
25EACAAFEA387E110819BB65050009AA;FC081C55582CED11A62CD892C0003F2A;2025-05-17;-2.0;-90.44
9DFAA0F7B5A0AE11726010650500AE4A;FC081C55582CED11A62CD892C0003F2A;2025-05-17;-2.0;-363.6
CE36424CC67F7E110819BB65050039AA;FC081C55582CED11A62CD892C0003F2A;2025-05-17;-2.0;-40.2
27D4983FF8C6DE11C84610650500DE6A;FC081C55582CED11A62CD892C0003F2A;2025-05-17;-2.0;-23.66
5576BBAF0F71FE1191EE10650500CBB9;FC081C55582CED11A62CD892C0003F2A;2025-05-17;-2.0;-402.02
19447DA7FECFCE11ADB3106505003AB8;FC081C55582CED11A62CD892C0003F2A;2025-05-17;-2.0;-813.16
34B5FC4033E88E11F243BB650500BE3B;FC081C55582CED11A62CD892C0003F2A;2025-05-17;-2.0;-389.26
DE8DBC8B695EDE11406610650500C74A;FC081C55582CED11A62CD892C0003F2A;2025-05-17;-2.0;-370.78
CCAB0F43D0CAED11A62CD892C0003F2A;FC081C55582CED11A62CD892C0003F2A;2025-05-17;-2.0;-315.84
1AE0B1F0DAA07E11B7B78A650500CD08;FC081C55582CED11A62CD892C0003F2A;2025-05-17;-2.0;-407.34
307874AA63D2FE1191EE106505007DB9;FC081C55582CED11A62CD892C0003F2A;2025-05-17;-6.0;-161.94
B3F88C75CE604E1142D58A650500DB08;FC081C55582CED11A62CD892C0003F2A;2025-05-17;-2.0;-161.84
AC38E545E015EE11B1AD10650500B8EA;FC081C55582CED11A62CD892C0003F2A;2025-05-17;-2.0;-375.2
0C05A5986C10FE1191EE106505000AB9;FC081C55582CED11A62CD892C0003F2A;2025-05-17;-2.0;-1686.46
DE74760FC290BE11BE2110650500165A;FC081C55582CED11A62CD892C0003F2A;2025-05-17;-8.0;-606.98
49D52F15E0CAED11A62CD892C0003F2A;FC081C55582CED11A62CD892C0003F2A;2025-05-17;-4.0;-910.56
83EDE4EF8B7E8E11F243BB650500664B;FC081C55582CED11A62CD892C0003F2A;2025-05-17;-2.0;-666.3
565B876898C6DE11C84610650500DE6A;FC081C55582CED11A62CD892C0003F2A;2025-05-17;-2.0;-23.66
AF08E9D401CAED11A62CD892C0003F2A;FC081C55582CED11A62CD892C0003F2A;2025-05-17;-2.0;-199.04
707F44C4F425CE11ADB3106505000DA8;FC081C55582CED11A62CD892C0003F2A;2025-05-17;-2.0;-30.8
D29D438BEECFCE11ADB3106505003AB8;FC081C55582CED11A62CD892C0003F2A;2025-05-17;-2.0;-637.86
9272737CCE80FE1191EE106505009AB9;FC081C55582CED11A62CD892C0003F2A;2025-05-17;-2.0;-383.66
4531BE2C4933BE11BE2110650500795A;FC081C55582CED11A62CD892C0003F2A;2025-05-17;-2.0;-22.92
D01EECD3BCF2FD110DC22A92C000C499;FC081C55582CED11A62CD892C0003F2A;2025-05-17;-4.0;-1316.88
EFA072B41811AE117260106505003F4A;FC081C55582CED11A62CD892C0003F2A;2025-05-17;-2.0;-408.4
7F6A29B785D3DE11ADB310650500BFB8;FC081C55582CED11A62CD892C0003F2A;2025-05-17;-2.0;-2260.92
54069E0D1BAAFE11128010650500E819;FC081C55582CED11A62CD892C0003F2A;2025-05-17;-2.0;-3275.76
C90D640201CAED11A62CD892C0003F2A;FC081C55582CED11A62CD892C0003F2A;2025-05-17;-2.0;-72.48
A1A949A50FBBEE1191EE1065050029B9;FC081C55582CED11A62CD892C0003F2A;2025-05-17;-2.0;-194.0
C1D65036DE75FD110DC22A92C000D158;FC081C55582CED11A62CD892C0003F2A;2025-05-17;-2.0;-45.02
B27A99AAF0CAED11A62CD892C0003F2A;FC081C55582CED11A62CD892C0003F2A;2025-05-17;-2.0;-373.66
2EFA4AF5C510CE11877210650500C169;FC081C55582CED11A62CD892C0003F2A;2025-05-17;-2.0;-141.26
9520D83931CAED11A62CD892C0003F2A;FC081C55582CED11A62CD892C0003F2A;2025-05-17;-2.0;-1508.18
A8BA668A988AFE11128010650500E819;FC081C55582CED11A62CD892C0003F2A;2025-05-17;-2.0;-23.66
1AC1ECCA6F8FFD11A4A96492C0001019;FC081C55582CED11A62CD892C0003F2A;2025-05-17;-2.0;-202.44
78CECFA1ECA20F114EF7A826072BEA89;FC081C55582CED11A62CD892C0003F2A;2025-05-17;-4.0;-509.76
9F012534327DCE11ADB31065050007B8;FC081C55582CED11A62CD892C0003F2A;2025-05-17;-2.0;-105.2
EDA7BADD4AFF5E1142D58A650500AD08;FC081C55582CED11A62CD892C0003F2A;2025-05-17;-2.0;-611.32
0CE5FDC17F320F114EF7A826072B5A89;FC081C55582CED11A62CD892C0003F2A;2025-05-17;-2.0;-220.62
E96B877A988AFE11128010650500E819;FC081C55582CED11A62CD892C0003F2A;2025-05-17;-2.0;-27.8
7274E61DA0CAED11A62CD892C0003F2A;B0BDDED34CC83E11052F6792C000B249;2025-05-17;-6.0;-781.48
AF4E9A8C803C9E11726010650500E84A;B0BDDED34CC83E11052F6792C000B249;2025-05-17;-2.0;-291.86
59C0B7EFAA1DFD11A4A96492C000CB59;B0BDDED34CC83E11052F6792C000B249;2025-05-17;-8.0;-1143.84
22512A7DC7770E11A4A96492C000EC6A;B0BDDED34CC83E11052F6792C000B249;2025-05-17;-2.0;-815.2
7AA19B2EAB596E11B7B78A650500BC08;B0BDDED34CC83E11052F6792C000B249;2025-05-17;-2.0;-149.54
86973713250BFE11128010650500E819;B0BDDED34CC83E11052F6792C000B249;2025-05-17;-4.0;-310.68
B52F235F27F8FE11128010650500D819;B0BDDED34CC83E11052F6792C000B249;2025-05-17;-4.0;-1064.44
B92E96F204716E1142D58A650500AD08;B0BDDED34CC83E11052F6792C000B249;2025-05-17;-2.0;-2490.22
2A070AAE43747E11B7B78A650500ED08;B0BDDED34CC83E11052F6792C000B249;2025-05-17;-2.0;-83.66
2C2E044394AE9E117260106505001C4A;B0BDDED34CC83E11052F6792C000B249;2025-05-17;-8.0;-975.92
CBAF0DB7699D3E11052F6792C000D249;B0BDDED34CC83E11052F6792C000B249;2025-05-17;-2.0;-113.44
BA707DA425E39E115540106505006D3B;B0BDDED34CC83E11052F6792C000B249;2025-05-17;-2.0;-812.26
393EC0F91F21DE11ADB3106505005CB8;B0BDDED34CC83E11052F6792C000B249;2025-05-17;-2.0;-299.38
217275ABC1A76E11B7B78A650500BC08;B0BDDED34CC83E11052F6792C000B249;2025-05-17;-2.0;-499.6
07DC66FE5AC1BE11BE2110650500A75A;B0BDDED34CC83E11052F6792C000B249;2025-05-17;-12.0;-379.5
11DBD1DCD0CAED11A62CD892C0003F2A;B0BDDED34CC83E11052F6792C000B249;2025-05-17;-8.0;-1158.16
F984B4F14607DE11C846106505002F6A;B0BDDED34CC83E11052F6792C000B249;2025-05-17;-2.0;-34.86
7CBDF248DC197E110819BB65050009AA;B0BDDED34CC83E11052F6792C000B249;2025-05-17;-4.0;-359.56
190966F1FF91EE11406610650500FB4A;B0BDDED34CC83E11052F6792C000B249;2025-05-17;-4.0;-190.76
B0EE2F52ACF3DE11ADB31065050000C8;B0BDDED34CC83E11052F6792C000B249;2025-05-17;-2.0;-646.9
B9905635FF1FCE11ADB31065050039B8;B0BDDED34CC83E11052F6792C000B249;2025-05-17;-2.0;-226.68
99B1096E1978FE11128010650500D819;B0BDDED34CC83E11052F6792C000B249;2025-05-17;-6.0;-20.08
428F3442662BDE11406610650500734A;B0BDDED34CC83E11052F6792C000B249;2025-05-17;-2.0;-396.0
FCC67A9CC0CAED11A62CD892C0003F2A;B0BDDED34CC83E11052F6792C000B249;2025-05-17;-4.0;-425.4
3160794DCD1BFE11128010650500E819;B0BDDED34CC83E11052F6792C000B249;2025-05-17;-6.0;-1495.74
B3BB3F40799D3E11052F6792C000D249;B0BDDED34CC83E11052F6792C000B249;2025-05-17;-2.0;-96.76
8DD4E747813A7E110819BB65050029AA;B0BDDED34CC83E11052F6792C000B249;2025-05-17;-4.0;-2097.16
4DC54A9225B4DE11ADB310650500F0C8;B0BDDED34CC83E11052F6792C000B249;2025-05-17;-6.0;-403.20000000000005
844000D3FBCEAE11BE2110650500D35A;B0BDDED34CC83E11052F6792C000B249;2025-05-17;-6.0;-252.0
9F6541330EBD7E110819BB65050039AA;B0BDDED34CC83E11052F6792C000B249;2025-05-17;-2.0;-19.6
24FBA1572B917E11B7B78A650500CD08;B0BDDED34CC83E11052F6792C000B249;2025-05-17;-4.0;-168.56
446C9C199B427E11B7B78A650500CD08;B0BDDED34CC83E11052F6792C000B249;2025-05-17;-2.0;-583.7
84AE60EFBEB5CE11ADB3106505004DA8;B0BDDED34CC83E11052F6792C000B249;2025-05-17;-2.0;-66.38
6A4ECF858AB38E113835BB6505004CAA;B0BDDED34CC83E11052F6792C000B249;2025-05-17;-2.0;-684.72
503DED0412B5DE11ADB31065050032C8;B0BDDED34CC83E11052F6792C000B249;2025-05-17;-2.0;-767.42
AB889AA6B0D97E110819BB65050019AA;B0BDDED34CC83E11052F6792C000B249;2025-05-17;-14.0;-1617.0
539376DDFD92FE1191EE106505003DB9;B0BDDED34CC83E11052F6792C000B249;2025-05-17;-2.0;-859.22
D7A1B38EBB82DE11ADB3106505001EB8;B0BDDED34CC83E11052F6792C000B249;2025-05-17;-14.0;-310.7
32C34D2776EDDE11406610650500174A;B0BDDED34CC83E11052F6792C000B249;2025-05-17;-2.0;-86.08
7D88024E31CAED11A62CD892C0003F2A;B0BDDED34CC83E11052F6792C000B249;2025-05-17;-2.0;-226.2
BC8C3B7101CAED11A62CD892C0003F2A;B0BDDED34CC83E11052F6792C000B249;2025-05-17;-2.0;-204.68
0BE8ED19CC8EFE11F1557891FE697589;B0BDDED34CC83E11052F6792C000B249;2025-05-17;-4.0;-180.0
91130EC80E907E11B7B78A650500CD08;B0BDDED34CC83E11052F6792C000B249;2025-05-17;-4.0;-366.9
105D455DE0CAED11A62CD892C0003F2A;B0BDDED34CC83E11052F6792C000B249;2025-05-17;-2.0;-601.86
37C3840F18363E11052F6792C000FF39;B0BDDED34CC83E11052F6792C000B249;2025-05-17;-4.0;-359.56
B420D83931CAED11A62CD892C0003F2A;B0BDDED34CC83E11052F6792C000B249;2025-05-17;-2.0;-2131.6
5061DAAB0CC46E11B7B78A650500BC08;B0BDDED34CC83E11052F6792C000B249;2025-05-17;-2.0;-196.9
D1CE2DF5D7696E11B7B78A650500BC08;B0BDDED34CC83E11052F6792C000B249;2025-05-17;-2.0;-223.06
A729A1082814EE11B1AD1065050077EA;B0BDDED34CC83E11052F6792C000B249;2025-05-17;-2.0;-234.76
C4706516787A0E11A4A96492C0001269;B0BDDED34CC83E11052F6792C000B249;2025-05-17;-2.0;-191.68
219DD72987C2FE1191EE106505006DB9;B0BDDED34CC83E11052F6792C000B249;2025-05-17;-2.0;-37.62
36871F9AE1089E11554010650500C24B;B0BDDED34CC83E11052F6792C000B249;2025-05-17;-8.0;-231.8
4036F47EFF30EE114066106505003A4A;B0BDDED34CC83E11052F6792C000B249;2025-05-17;-2.0;-58.44
0CC6A366D0CAED11A62CD892C0003F2A;B0BDDED34CC83E11052F6792C000B249;2025-05-17;-2.0;-684.72
D5CAE99D8FD1DE11ADB3106505003DB8;B0BDDED34CC83E11052F6792C000B249;2025-05-17;-2.0;-897.08
47B9FA705FAAFE11128010650500E819;B0BDDED34CC83E11052F6792C000B249;2025-05-17;-2.0;-153.72
C486995474054E1142D58A6505002C08;B0BDDED34CC83E11052F6792C000B249;2025-05-17;-2.0;-155.44
FDB46E2A988AFE11128010650500E819;B0BDDED34CC83E11052F6792C000B249;2025-05-17;-14.0;-195.01999999999998
3460F0B96AA06E1142D58A650500AD08;B0BDDED34CC83E11052F6792C000B249;2025-05-17;-2.0;-184.2
7328A78BAFE95E1142D58A650500DC08;B0BDDED34CC83E11052F6792C000B249;2025-05-17;-2.0;-305.14
F45F3CDCE1EDFE11F1557891FE699489;B0BDDED34CC83E11052F6792C000B249;2025-05-17;-2.0;-169.2
3B8E43489C3CEE1191EE1065050029B9;B0BDDED34CC83E11052F6792C000B249;2025-05-17;-2.0;-84.3
A6A770AC7D6AFE11128010650500E819;B0BDDED34CC83E11052F6792C000B249;2025-05-17;-12.0;-48.52
6D63259A51FBEE1191EE1065050029B9;B0BDDED34CC83E11052F6792C000B249;2025-05-17;-2.0;-80.3
CD89B6D1A8329E115540106505004B3B;B0BDDED34CC83E11052F6792C000B249;2025-05-17;-2.0;-1307.48
8A125A93C263CE11877210650500F569;B0BDDED34CC83E11052F6792C000B249;2025-05-17;-4.0;-475.2
EBB4EA11BBB88E11F243BB6505008E3B;B0BDDED34CC83E11052F6792C000B249;2025-05-17;-2.0;-143.86
DDA0BB5F01CAED11A62CD892C0003F2A;B0BDDED34CC83E11052F6792C000B249;2025-05-17;-2.0;-140.0
659DDAC30031DE11ADB3106505005CB8;B0BDDED34CC83E11052F6792C000B249;2025-05-17;-2.0;-90.7
90AE744FAC58FE11128010650500D819;B0BDDED34CC83E11052F6792C000B249;2025-05-17;-4.0;-264.0
7B85B07901CAED11A62CD892C0003F2A;B0BDDED34CC83E11052F6792C000B249;2025-05-17;-2.0;-231.72
B1DD54E5D0CAED11A62CD892C0003F2A;B0BDDED34CC83E11052F6792C000B249;2025-05-17;-2.0;-534.76
3A1A0E02A3CAED11A62CD892C0003F2A;B0BDDED34CC83E11052F6792C000B249;2025-05-17;-2.0;-68.02
89326F8D5DE0CE11877210650500D269;B0BDDED34CC83E11052F6792C000B249;2025-05-17;-2.0;-714.28
6891B2A2C0E9DE11406610650500C14A;B0BDDED34CC83E11052F6792C000B249;2025-05-17;-2.0;-226.3
418586B83596DE11ADB31065050053C8;B0BDDED34CC83E11052F6792C000B249;2025-05-17;-2.0;-358.16
1350B5F648A0EE11406610650500BA4A;B0BDDED34CC83E11052F6792C000B249;2025-05-17;-2.0;-111.96
F2EA0AAA0071EE11406610650500BB4A;B0BDDED34CC83E11052F6792C000B249;2025-05-17;-2.0;-61.22
9B459338E0148E113835BB6505008CAA;B0BDDED34CC83E11052F6792C000B249;2025-05-17;-2.0;-441.46
7B8221F535DB4E1142D58A6505009C08;B0BDDED34CC83E11052F6792C000B249;2025-05-17;-2.0;-689.26
940AEDF7C2867E11B7B78A650500ED08;B0BDDED34CC83E11052F6792C000B249;2025-05-17;-4.0;-129.68
3145995414B9FE11128010650500E819;B0BDDED34CC83E11052F6792C000B249;2025-05-17;-2.0;-601.58
6EA292756D44FE1191EE106505007FB9;B0BDDED34CC83E11052F6792C000B249;2025-05-17;-2.0;-1412.0
10285D09BDFDED11A62CD892C000399B;B0BDDED34CC83E11052F6792C000B249;2025-05-17;-2.0;-520.06
AFA71E906E3CEE1191EE1065050029B9;B0BDDED34CC83E11052F6792C000B249;2025-05-17;-2.0;-92.24
1ED0A2A7EFACEE1191EE1065050029B9;B0BDDED34CC83E11052F6792C000B249;2025-05-17;-2.0;-397.86
62BE66F7BA0E8E11F243BB650500D54B;B0BDDED34CC83E11052F6792C000B249;2025-05-17;-2.0;-517.1
C3F1412AC9280E11A4A96492C00009EB;B0BDDED34CC83E11052F6792C000B249;2025-05-17;-2.0;-692.46
C8BD70D8430FCE11ADB31065050019B8;B0BDDED34CC83E11052F6792C000B249;2025-05-17;-2.0;-27.04
11C5D1ACFC839E11554010650500FC3B;B0BDDED34CC83E11052F6792C000B249;2025-05-17;-2.0;-421.02
E4459644CB05FD110DC22A92C0009D7B;B0BDDED34CC83E11052F6792C000B249;2025-05-17;-2.0;-761.28
D8C421F8CCBBFD11A4A96492C000CB59;B0BDDED34CC83E11052F6792C000B249;2025-05-17;-2.0;-687.7
D58A6214EC430E11A4A96492C00008E9;B0BDDED34CC83E11052F6792C000B249;2025-05-17;-2.0;-520.78
478786C6ACB04E1142D58A650500DB08;B0BDDED34CC83E11052F6792C000B249;2025-05-17;-2.0;-187.08
5E1B0AEBD1CAED11A62CD892C0003F2A;B0BDDED34CC83E11052F6792C000B249;2025-05-17;-2.0;-115.66
E3B03A5913FDDE11406610650500274A;B0BDDED34CC83E11052F6792C000B249;2025-05-17;-2.0;-461.44
A7E59375470A0E11A4A96492C0001269;B0BDDED34CC83E11052F6792C000B249;2025-05-17;-2.0;-143.4
8313C334BD2ECE11ADB31065050008B8;B0BDDED34CC83E11052F6792C000B249;2025-05-17;-6.0;-238.92
0C4233DCCE80FE1191EE106505009AB9;B0BDDED34CC83E11052F6792C000B249;2025-05-17;-2.0;-399.44
8DFF0450D0CAED11A62CD892C0003F2A;B0BDDED34CC83E11052F6792C000B249;2025-05-17;-2.0;-199.46
B9F1ACE10466DE11ADB31065050013C8;B0BDDED34CC83E11052F6792C000B249;2025-05-17;-2.0;-415.54
21FAAA661F34AE11726010650500335A;B0BDDED34CC83E11052F6792C000B249;2025-05-17;-2.0;-541.02
117F2EE2CD322E1143F0668E4200C71A;B0BDDED34CC83E11052F6792C000B249;2025-05-17;-2.0;-528.2
0B1F6EDA63E61E1143F0668E4200EE89;B0BDDED34CC83E11052F6792C000B249;2025-05-17;-4.0;-94.0
64DD96928FCA9E11525010650500EB4A;44673735EAF46E11B7B78A650500BC08;2025-05-17;36.0;634.6800000000001
15582DFEB655BE11BE21106505002C5A;44673735EAF46E11B7B78A650500BC08;2025-05-17;0.0;0.0
69CDB042A33EAE11BE2110650500135A;44673735EAF46E11B7B78A650500BC08;2025-05-17;-2.0;-274.0
31D640AFF62FFE11F1557891FE693689;44673735EAF46E11B7B78A650500BC08;2025-05-17;0.0;0.0
25D409E6B49DFE11F1557891FE693489;44673735EAF46E11B7B78A650500BC08;2025-05-17;0.0;0.0
5428CBF36DE0CE11877210650500D269;44673735EAF46E11B7B78A650500BC08;2025-05-17;0.0;0.0
14440411FDCDDE11406610650500F64A;44673735EAF46E11B7B78A650500BC08;2025-05-17;0.0;0.0
3252830334627E11B7B78A650500CD08;44673735EAF46E11B7B78A650500BC08;2025-05-17;-2.0;-629.46
3B2CBF4FD9B00F11F1557891FE693889;44673735EAF46E11B7B78A650500BC08;2025-05-17;0.0;0.0
86B3DAC2E9B00F11F1557891FE693889;44673735EAF46E11B7B78A650500BC08;2025-05-17;0.0;0.0
2BBFF4148CA7FE1191EE10650500E3C9;44673735EAF46E11B7B78A650500BC08;2025-05-17;40.0;8802.0
B3228416AE789E11525010650500E84A;44673735EAF46E11B7B78A650500BC08;2025-05-17;12.0;3870.0
D72D22AE94688E11F243BB6505001E3B;44673735EAF46E11B7B78A650500BC08;2025-05-17;6.0;3632.64
7E2797A0D2A7FE1191EE10650500D3C9;44673735EAF46E11B7B78A650500BC08;2025-05-17;12.0;3859.68
ADD40525B0CAED11A62CD892C0003F2A;44673735EAF46E11B7B78A650500BC08;2025-05-17;0.0;0.0
8DFF7AC859030F114EF7A826072B5B89;44673735EAF46E11B7B78A650500BC08;2025-05-17;12.0;19917.6
B7B5073B2C147E11B7B78A650500ED08;44673735EAF46E11B7B78A650500BC08;2025-05-17;34.0;4556.0
5336F3FAF1F78E11F243BB6505008D3B;44673735EAF46E11B7B78A650500BC08;2025-05-17;60.0;6780.0
FE31AC4136137E11B7B78A650500DD08;44673735EAF46E11B7B78A650500BC08;2025-05-17;-2.0;-605.92
F7990C646C1EEE1191EE1065050029B9;44673735EAF46E11B7B78A650500BC08;2025-05-17;0.0;0.0
C130925975AE0E1143F0668E42001D49;44673735EAF46E11B7B78A650500BC08;2025-05-17;-2.0;-50.68
8DA4A40EAA4A7E110819BB65050039AA;44673735EAF46E11B7B78A650500BC08;2025-05-17;0.0;0.0
C5E4D4490FFEFE11F1557891FE690689;44673735EAF46E11B7B78A650500BC08;2025-05-17;0.0;0.0
BA25D4490FFEFE11F1557891FE690689;44673735EAF46E11B7B78A650500BC08;2025-05-17;0.0;0.0
D3F3D755F74BCE11ADB31065050014B8;44673735EAF46E11B7B78A650500BC08;2025-05-17;0.0;0.0
077A2D18FC510F11112A674AC7E22989;B0BDDED34CC83E11052F6792C000B249;2025-05-17;-2.0;-291.2
D564E44AC336AE11BE2110650500E84A;B0BDDED34CC83E11052F6792C000B249;2025-05-17;2.0;1747.64
FBFA15D7D77DFE1158A3BB3DBE8E1489;FC081C55582CED11A62CD892C0003F2A;2025-05-17;-2.0;-2434.54
D07D5D79A94BCE11ADB31065050014B8;FC081C55582CED11A62CD892C0003F2A;2025-05-17;20.0;791.02
826488A115F1DE11ADB3106505005DB8;FC081C55582CED11A62CD892C0003F2A;2025-05-17;20.0;2517.92
25B82CB8D94D2E11052F6792C000CF39;FC081C55582CED11A62CD892C0003F2A;2025-05-17;28.0;1375.48
0F943EB8AD7FFE11F1557891FE69A689;FC081C55582CED11A62CD892C0003F2A;2025-05-17;30.0;943.02
757A29A681CAED11A62CD892C0003F2A;FC081C55582CED11A62CD892C0003F2A;2025-05-17;20.0;1616.58
CEA81056CBB4AE11726010650500D35A;FC081C55582CED11A62CD892C0003F2A;2025-05-17;8.0;576.18
D2B931026CB4AE11726010650500D35A;FC081C55582CED11A62CD892C0003F2A;2025-05-17;12.0;1032.12
3C43D58CFB9A8E11F243BB650500E04B;FC081C55582CED11A62CD892C0003F2A;2025-05-17;8.0;712.96
5AE6855EE3B89E11525010650500294A;44673735EAF46E11B7B78A650500BC08;2025-05-17;18.0;225.83999999999997
765ED1CF2BC6AE11BE2110650500A94A;44673735EAF46E11B7B78A650500BC08;2025-05-17;20.0;497.4
A9408B085CC59E11554010650500FF3B;44673735EAF46E11B7B78A650500BC08;2025-05-17;8.0;847.4599999999999
81B450A5D40BAE11BE21106505000F4A;44673735EAF46E11B7B78A650500BC08;2025-05-17;6.0;12690.0
6A2BB701BD889E11525010650500F84A;44673735EAF46E11B7B78A650500BC08;2025-05-17;2.0;766.0
5D8A4630EA456E11B7B78A650500BC08;44673735EAF46E11B7B78A650500BC08;2025-05-17;98.0;5997.6
CA75909C6B72BE11BE2110650500885A;44673735EAF46E11B7B78A650500BC08;2025-05-17;-4.0;-213.6
4E9B060C066E9E11726010650500CB4A;44673735EAF46E11B7B78A650500BC08;2025-05-17;-16.0;-318.98
7D9E767F066E9E11726010650500CB4A;44673735EAF46E11B7B78A650500BC08;2025-05-17;-2.0;-41.9
A9AFE694AC456E11B7B78A650500BC08;44673735EAF46E11B7B78A650500BC08;2025-05-17;-10.0;-200.3
50AD8789DF456E11B7B78A650500BC08;44673735EAF46E11B7B78A650500BC08;2025-05-17;-4.0;-4927.1
766E653D7FF0AE117260106505001F4A;44673735EAF46E11B7B78A650500BC08;2025-05-17;-6.0;-1027.32
616B96C200E7EE1191EE10650500A7B9;44673735EAF46E11B7B78A650500BC08;2025-05-17;-4.0;-15.3
6DAB0F43D0CAED11A62CD892C0003F2A;44673735EAF46E11B7B78A650500BC08;2025-05-17;-4.0;-325.12
BA7B00D10A1D8E11F243BB650500944B;44673735EAF46E11B7B78A650500BC08;2025-05-17;-2.0;-570.0
5598857859B1EE114066106505001C4A;44673735EAF46E11B7B78A650500BC08;2025-05-17;-2.0;-161.26
075428B061BD7E110819BB65050039AA;44673735EAF46E11B7B78A650500BC08;2025-05-17;-2.0;-17.62
7FD37B03C11A8E11F243BB650500304B;44673735EAF46E11B7B78A650500BC08;2025-05-17;-4.0;-106.64
A5EE29ED3C456E11B7B78A650500BC08;44673735EAF46E11B7B78A650500BC08;2025-05-17;-2.0;-130.9
F0EFA114D40BAE11BE21106505000F4A;44673735EAF46E11B7B78A650500BC08;2025-05-17;-4.0;-3124.0
886EDC4E3C456E11B7B78A650500BC08;44673735EAF46E11B7B78A650500BC08;2025-05-17;-10.0;-909.5
BAE67F189AD6AE11BE2110650500B94A;44673735EAF46E11B7B78A650500BC08;2025-05-17;-2.0;-4422.96
231D676636EEAE11BE2110650500F35A;44673735EAF46E11B7B78A650500BC08;2025-05-17;-14.0;-1175.4
E62352B9AC456E11B7B78A650500BC08;44673735EAF46E11B7B78A650500BC08;2025-05-17;-12.0;-1141.68
F3EA6A911C5CCE11ADB31065050095B8;44673735EAF46E11B7B78A650500BC08;2025-05-17;-4.0;-2692.0
42CA4D974487EE1191EE1065050037B9;44673735EAF46E11B7B78A650500BC08;2025-05-17;-10.0;-1755.0
A2AEB1B0C11A8E11F243BB650500304B;44673735EAF46E11B7B78A650500BC08;2025-05-17;-2.0;-35.56
A80D4DBDCAD0FE1191EE10650500FAB9;44673735EAF46E11B7B78A650500BC08;2025-05-17;-2.0;-508.54
EC7844273DCCCE11ADB31065050026B8;44673735EAF46E11B7B78A650500BC08;2025-05-17;-6.0;-234.0
05510D59764DEE1191EE1065050029B9;44673735EAF46E11B7B78A650500BC08;2025-05-17;-2.0;-555.2
8EE2C4F619A47E11B7B78A650500ED08;44673735EAF46E11B7B78A650500BC08;2025-05-17;-2.0;-506.66
A246B9556923FE1191EE10650500FDB9;44673735EAF46E11B7B78A650500BC08;2025-05-17;-8.0;-234.22
F56DD51CBA2EBE118772106505005F59;44673735EAF46E11B7B78A650500BC08;2025-05-17;-2.0;-130.46
E5F85CDB3104BE11BE21106505007A5A;44673735EAF46E11B7B78A650500BC08;2025-05-17;-114.0;-4150.74
4E870F168CBFAE11BE2110650500055A;44673735EAF46E11B7B78A650500BC08;2025-05-17;-2.0;-641.98
E2B4788D45CF8E11F243BB650500084B;44673735EAF46E11B7B78A650500BC08;2025-05-17;-2.0;-122.64
874B874C22238E117E64BB6505005BAA;44673735EAF46E11B7B78A650500BC08;2025-05-17;-2.0;-131.0
8376033300C80E11A4A96492C0001269;44673735EAF46E11B7B78A650500BC08;2025-05-17;-8.0;-751.6
F15559B666767E11B7B78A650500ED08;44673735EAF46E11B7B78A650500BC08;2025-05-17;-16.0;-3555.52
F3D39F8925037E11B7B78A650500DD08;44673735EAF46E11B7B78A650500BC08;2025-05-17;-12.0;-655.0799999999999
97403614D0F27E11B7B78A650500DD08;44673735EAF46E11B7B78A650500BC08;2025-05-17;-6.0;-435.0
24BE1588ED11BE11BE2110650500C65A;44673735EAF46E11B7B78A650500BC08;2025-05-17;-2.0;-325.0
0FC8FBA81E456E11B7B78A650500BC08;44673735EAF46E11B7B78A650500BC08;2025-05-17;-6.0;-2518.7400000000002
56D44AF6A9456E11B7B78A650500BC08;44673735EAF46E11B7B78A650500BC08;2025-05-17;-2.0;-50.38
59F58DB5AC456E11B7B78A650500BC08;44673735EAF46E11B7B78A650500BC08;2025-05-17;-2.0;-101.24
06E56DD8549F9E117260106505004D4A;44673735EAF46E11B7B78A650500BC08;2025-05-17;-2.0;-1553.44
D8964B5BB2F5DE11ADB31065050082C8;44673735EAF46E11B7B78A650500BC08;2025-05-17;-2.0;-1583.04
E291F43D2E456E11B7B78A650500BC08;44673735EAF46E11B7B78A650500BC08;2025-05-17;-6.0;-245.74
0FF676A9CD456E11B7B78A650500BC08;44673735EAF46E11B7B78A650500BC08;2025-05-17;-2.0;-548.0
F4137EBFE6197E110819BB65050009AA;44673735EAF46E11B7B78A650500BC08;2025-05-17;-14.0;-279.53999999999996
88E3EB2B2EF10F114EF7A826072B0A89;44673735EAF46E11B7B78A650500BC08;2025-05-17;-8.0;-484.8
63365A69F7BAFE11128010650500E819;44673735EAF46E11B7B78A650500BC08;2025-05-17;-8.0;-320.0
2A13FAB6CC456E11B7B78A650500BC08;44673735EAF46E11B7B78A650500BC08;2025-05-17;-4.0;-2153.92
AEE5208D50A7FE1191EE10650500D3C9;44673735EAF46E11B7B78A650500BC08;2025-05-17;-2.0;-398.0
B97FCA99990FEE1191EE1065050029B9;44673735EAF46E11B7B78A650500BC08;2025-05-17;-8.0;-2880.0
C6566F8BEF638E117E64BB650500BBAA;44673735EAF46E11B7B78A650500BC08;2025-05-17;-4.0;-2442.0
C6F5C1F49C456E11B7B78A650500BC08;44673735EAF46E11B7B78A650500BC08;2025-05-17;-50.0;-428.58
79B9C19C2CF2CE118772106505007569;44673735EAF46E11B7B78A650500BC08;2025-05-17;-4.0;-594.4
228EF1CCEC7F6E11B7B78A650500CD08;44673735EAF46E11B7B78A650500BC08;2025-05-17;-2.0;-187.94
F25559B666767E11B7B78A650500ED08;44673735EAF46E11B7B78A650500BC08;2025-05-17;-2.0;-332.12
367A9617104FFE11F1557891FE695689;44673735EAF46E11B7B78A650500BC08;2025-05-17;-2.0;-18.82
F0DD54E5D0CAED11A62CD892C0003F2A;44673735EAF46E11B7B78A650500BC08;2025-05-17;-2.0;-548.8
4AB22E7B3A95DE11ADB31065050012C8;44673735EAF46E11B7B78A650500BC08;2025-05-17;-4.0;-215.48
81764DAE24639E11554010650500CC3B;44673735EAF46E11B7B78A650500BC08;2025-05-17;-8.0;-292.72
D843699B917ABE118772106505009A59;44673735EAF46E11B7B78A650500BC08;2025-05-17;-8.0;-4118.9400000000005
11A4FB4620556E11B7B78A650500BC08;44673735EAF46E11B7B78A650500BC08;2025-05-17;-4.0;-160.0
DC5C44B94F7FFE11F1557891FE69A689;44673735EAF46E11B7B78A650500BC08;2025-05-17;-4.0;-318.24
A9384A7B0321DE11ADB3106505003CB8;44673735EAF46E11B7B78A650500BC08;2025-05-17;-6.0;-360.0
4555D3753195EE1191EE1065050005B9;44673735EAF46E11B7B78A650500BC08;2025-05-17;-4.0;-1040.0
5E112F60FE456E11B7B78A650500BC08;44673735EAF46E11B7B78A650500BC08;2025-05-17;-2.0;-1006.86
62C0565E2E456E11B7B78A650500BC08;44673735EAF46E11B7B78A650500BC08;2025-05-17;-8.0;-256.0
FC2E5119AF456E11B7B78A650500BC08;44673735EAF46E11B7B78A650500BC08;2025-05-17;-4.0;-729.3
D44A8F3C7B09AE11BE21106505008C4A;44673735EAF46E11B7B78A650500BC08;2025-05-17;-4.0;-563.68
A41983C9FCFF6E11B7B78A650500CD08;44673735EAF46E11B7B78A650500BC08;2025-05-17;-2.0;-512.86
AE7EC47D83C5AE11BE2110650500484A;44673735EAF46E11B7B78A650500BC08;2025-05-17;-4.0;-1554.78
39856F8CF74CEE1191EE1065050029B9;44673735EAF46E11B7B78A650500BC08;2025-05-17;-2.0;-1492.4
CA02B7DF066E9E11726010650500CB4A;44673735EAF46E11B7B78A650500BC08;2025-05-17;-6.0;-200.94
D67DDBD899363E11052F6792C000FF39;44673735EAF46E11B7B78A650500BC08;2025-05-17;-2.0;-70.76
9E54CA91478B3E11052F6792C000D249;44673735EAF46E11B7B78A650500BC08;2025-05-17;-4.0;-228.04
5293ED836366EE1191EE1065050016B9;44673735EAF46E11B7B78A650500BC08;2025-05-17;-2.0;-196.0
04134A47CE456E11B7B78A650500BC08;44673735EAF46E11B7B78A650500BC08;2025-05-17;-10.0;-366.0
8A5B1C8EDCFBEE1191EE1065050029B9;44673735EAF46E11B7B78A650500BC08;2025-05-17;-2.0;-77.36
F03E72117EEAAE11BE2110650500EE4A;44673735EAF46E11B7B78A650500BC08;2025-05-17;-4.0;-73.22
74AE9438226AFE11128010650500E819;44673735EAF46E11B7B78A650500BC08;2025-05-17;-2.0;-12.34
23B6A025A5309E11F243BB650500984B;44673735EAF46E11B7B78A650500BC08;2025-05-17;-8.0;-647.82
77DD8984ABE1EE114066106505006C4A;44673735EAF46E11B7B78A650500BC08;2025-05-17;-2.0;-564.48
06FB9C94CC22AE11726010650500905A;44673735EAF46E11B7B78A650500BC08;2025-05-17;-2.0;-45.12
DB2F654A6F61AE11726010650500AF4A;44673735EAF46E11B7B78A650500BC08;2025-05-17;-6.0;-282.48
E039331F7D456E11B7B78A650500BC08;44673735EAF46E11B7B78A650500BC08;2025-05-17;-34.0;-1060.8
CB2267EF3C456E11B7B78A650500BC08;44673735EAF46E11B7B78A650500BC08;2025-05-17;-2.0;-331.66
E472E05E066E9E11726010650500CB4A;44673735EAF46E11B7B78A650500BC08;2025-05-17;-2.0;-45.24
1B2C6A1F00300F11F1557891FE698789;44673735EAF46E11B7B78A650500BC08;2025-05-17;-2.0;-370.38
9E4D455DE0CAED11A62CD892C0003F2A;44673735EAF46E11B7B78A650500BC08;2025-05-17;-4.0;-574.12
DFE3CD8BFF456E11B7B78A650500BC08;44673735EAF46E11B7B78A650500BC08;2025-05-17;-2.0;-70.62
1C94E7523EA0CE118772106505008269;44673735EAF46E11B7B78A650500BC08;2025-05-17;-2.0;-838.62
07FDB19CDA9C7E110819BB65050039AA;44673735EAF46E11B7B78A650500BC08;2025-05-17;-4.0;-115.88
9EF3128D98C6DE11C84610650500DE6A;44673735EAF46E11B7B78A650500BC08;2025-05-17;-2.0;-10.08
92440411FDCDDE11406610650500F64A;44673735EAF46E11B7B78A650500BC08;2025-05-17;-2.0;-294.0
F5D44AF6A9456E11B7B78A650500BC08;44673735EAF46E11B7B78A650500BC08;2025-05-17;-2.0;-50.38
6C95D37F73167E11B7B78A650500ED08;44673735EAF46E11B7B78A650500BC08;2025-05-17;-4.0;-174.0
F4C58E073D9F7E110819BB65050039AA;44673735EAF46E11B7B78A650500BC08;2025-05-17;-2.0;-155.82
3A29DD479C456E11B7B78A650500BC08;44673735EAF46E11B7B78A650500BC08;2025-05-17;-30.0;-460.94
CD8A19DB1E456E11B7B78A650500BC08;44673735EAF46E11B7B78A650500BC08;2025-05-17;-2.0;-806.24
6064110910556E11B7B78A650500BC08;44673735EAF46E11B7B78A650500BC08;2025-05-17;-10.0;-1834.6999999999998
125FA2C57108CE11ADB310650500BFA8;44673735EAF46E11B7B78A650500BC08;2025-05-17;-2.0;-1365.76
ED9889072C8EAE11BE2110650500835A;44673735EAF46E11B7B78A650500BC08;2025-05-17;-2.0;-235.98
0D8776C5E528CE11ADB310650500EFA8;44673735EAF46E11B7B78A650500BC08;2025-05-17;-4.0;-185.96
6E2FDC1F45CF8E11F243BB650500084B;44673735EAF46E11B7B78A650500BC08;2025-05-17;-2.0;-61.32
BADCFDD2EE2BBE118772106505008B59;44673735EAF46E11B7B78A650500BC08;2025-05-17;-2.0;-170.64
B4137EBFE6197E110819BB65050009AA;44673735EAF46E11B7B78A650500BC08;2025-05-17;-2.0;-57.26
57D74A26B651AE117260106505008F4A;44673735EAF46E11B7B78A650500BC08;2025-05-17;-4.0;-58.94
70CB89D5C11A8E11F243BB650500304B;44673735EAF46E11B7B78A650500BC08;2025-05-17;-4.0;-126.92
E8C33C9DD6568E11F243BB6505007B3B;44673735EAF46E11B7B78A650500BC08;2025-05-17;-12.0;-540.58
A9A3EC7E34885E1142D58A650500DC08;44673735EAF46E11B7B78A650500BC08;2025-05-17;-14.0;-280.0
CD4DE77554DCAE11BE2110650500515A;44673735EAF46E11B7B78A650500BC08;2025-05-17;-2.0;-140.06
3831728E7C456E11B7B78A650500BC08;44673735EAF46E11B7B78A650500BC08;2025-05-17;-2.0;-429.74
E97C4871CC07BE118772106505004659;44673735EAF46E11B7B78A650500BC08;2025-05-17;-2.0;-44.2
69CED1DD7AE66E11B7B78A650500BC08;44673735EAF46E11B7B78A650500BC08;2025-05-17;-6.0;-330.0
28912E5BCED4DE11ADB31065050021C8;44673735EAF46E11B7B78A650500BC08;2025-05-17;-2.0;-367.2
C06A058B7A2CBE11877210650500CC59;44673735EAF46E11B7B78A650500BC08;2025-05-17;-2.0;-95.3
201337643E4DDE11406610650500564A;44673735EAF46E11B7B78A650500BC08;2025-05-17;-2.0;-784.68
E913FAB6CC456E11B7B78A650500BC08;44673735EAF46E11B7B78A650500BC08;2025-05-17;-2.0;-521.52
B38E8795E039EE1191EE1065050009B9;44673735EAF46E11B7B78A650500BC08;2025-05-17;-2.0;-138.36
943E93D61D769E11554010650500D04B;44673735EAF46E11B7B78A650500BC08;2025-05-17;-4.0;-204.72
75438B674C456E11B7B78A650500BC08;44673735EAF46E11B7B78A650500BC08;2025-05-17;-8.0;-1298.2400000000002
66A05155F92E6E11B7B78A6505003D08;44673735EAF46E11B7B78A650500BC08;2025-05-17;-2.0;-100.16
2276436B0651AE117260106505008F4A;44673735EAF46E11B7B78A650500BC08;2025-05-17;-4.0;-445.34
FDD9D4E5F8D91E1143F0668E42009D5A;44673735EAF46E11B7B78A650500BC08;2025-05-17;-2.0;-1145.52
E936E415AA79DE11406610650500414A;44673735EAF46E11B7B78A650500BC08;2025-05-17;-6.0;-564.0
A447B6F594C98E11F243BB650500DF3B;44673735EAF46E11B7B78A650500BC08;2025-05-17;-2.0;-986.5
7AB22E7B3A95DE11ADB31065050012C8;44673735EAF46E11B7B78A650500BC08;2025-05-17;-2.0;-243.16
45600F02421C6E11B7B78A650500BC08;44673735EAF46E11B7B78A650500BC08;2025-05-17;-20.0;-2651.62
984F7C972D9EFE11F1557891FE698589;44673735EAF46E11B7B78A650500BC08;2025-05-17;-2.0;-102.64
940BC74B39C6DE11C84610650500DE6A;44673735EAF46E11B7B78A650500BC08;2025-05-17;-2.0;-23.66
6C88F3EECAD0FE1191EE10650500FAB9;44673735EAF46E11B7B78A650500BC08;2025-05-17;-2.0;-187.0
A5C9898F9A456E11B7B78A650500BC08;44673735EAF46E11B7B78A650500BC08;2025-05-17;-8.0;-4901.74
B37AF9020E456E11B7B78A650500BC08;44673735EAF46E11B7B78A650500BC08;2025-05-17;-2.0;-500.0
7309EA71C11A8E11F243BB650500304B;44673735EAF46E11B7B78A650500BC08;2025-05-17;-2.0;-27.62
381EDC6E8F456E11B7B78A650500BC08;44673735EAF46E11B7B78A650500BC08;2025-05-17;-12.0;-109.56000000000002
7CDF82D5410A3E11052F6792C000D249;44673735EAF46E11B7B78A650500BC08;2025-05-17;-2.0;-708.76
72CC9930166E9E11726010650500CB4A;44673735EAF46E11B7B78A650500BC08;2025-05-17;-2.0;-47.08
DC74CEFA72C97E110819BB65050019AA;44673735EAF46E11B7B78A650500BC08;2025-05-17;-4.0;-67.4
76E2B469ECBEEE1191EE1065050029B9;44673735EAF46E11B7B78A650500BC08;2025-05-17;-2.0;-198.74
D1C76B849C456E11B7B78A650500BC08;44673735EAF46E11B7B78A650500BC08;2025-05-17;-2.0;-44.5
FA88857859B1EE114066106505001C4A;44673735EAF46E11B7B78A650500BC08;2025-05-17;-2.0;-133.68
4E2AF3DE8F456E11B7B78A650500BC08;44673735EAF46E11B7B78A650500BC08;2025-05-17;-2.0;-25.0
85AA0BD3CC22AE11726010650500905A;44673735EAF46E11B7B78A650500BC08;2025-05-17;-4.0;-82.62
937C57271E456E11B7B78A650500BC08;44673735EAF46E11B7B78A650500BC08;2025-05-17;-2.0;-1143.28
63AEBA9F16E05E1142D58A650500BC08;44673735EAF46E11B7B78A650500BC08;2025-05-17;-2.0;-94.36
8289BA483ED5AE11BE2110650500784A;44673735EAF46E11B7B78A650500BC08;2025-05-17;-2.0;-613.2
93032E5C45CF8E11F243BB650500084B;44673735EAF46E11B7B78A650500BC08;2025-05-17;-2.0;-60.38
E51903ED2263CE11877210650500F569;44673735EAF46E11B7B78A650500BC08;2025-05-17;-2.0;-188.5
098E3FA308C5CE11ADB3106505005DA8;44673735EAF46E11B7B78A650500BC08;2025-05-17;-2.0;-756.9
2489CCD7C9BF0E1123F0668E42005B38;44673735EAF46E11B7B78A650500BC08;2025-05-17;-2.0;-47.04
7A0C8AFE43735E1142D58A650500DC08;44673735EAF46E11B7B78A650500BC08;2025-05-17;-2.0;-199.66
B284E8CF89098E11F243BB650500EE3B;44673735EAF46E11B7B78A650500BC08;2025-05-17;-4.0;-453.68
192B062FD6568E11F243BB6505007B3B;44673735EAF46E11B7B78A650500BC08;2025-05-17;-2.0;-112.0
48AFB10F18D2DE11ADB3106505007EB8;44673735EAF46E11B7B78A650500BC08;2025-05-17;-4.0;-384.36
40596AE13E456E11B7B78A650500BC08;44673735EAF46E11B7B78A650500BC08;2025-05-17;-2.0;-2240.0
698BBFED391EEE1191EE1065050029B9;44673735EAF46E11B7B78A650500BC08;2025-05-17;-2.0;-1583.68
78A8AB783E456E11B7B78A650500BC08;44673735EAF46E11B7B78A650500BC08;2025-05-17;-2.0;-1230.0
84990EFE31EBDE11406610650500744A;44673735EAF46E11B7B78A650500BC08;2025-05-17;-2.0;-322.78
7BE5F75422A5BE11BE21106505008C5A;44673735EAF46E11B7B78A650500BC08;2025-05-17;-4.0;-452.0
CEA716D859B1EE114066106505001C4A;44673735EAF46E11B7B78A650500BC08;2025-05-17;-2.0;-156.36
F9A90CDB0321DE11ADB3106505003CB8;44673735EAF46E11B7B78A650500BC08;2025-05-17;-2.0;-118.0
3BB22E7B3A95DE11ADB31065050012C8;44673735EAF46E11B7B78A650500BC08;2025-05-17;-6.0;-1072.1399999999999
6EB9FFE5DFCA9E11525010650500EB4A;FC081C55582CED11A62CD892C0003F2A;2025-05-17;-4.0;-767.62
7382D5BC08C0DE11ADB310650500ABB8;FC081C55582CED11A62CD892C0003F2A;2025-05-17;-4.0;-224.8
9B73CD55CF95FE1191EE1065050031C9;FC081C55582CED11A62CD892C0003F2A;2025-05-17;-2.0;-2816.16
DE9D0E0362B7BE118772106505001759;FC081C55582CED11A62CD892C0003F2A;2025-05-17;-4.0;-189.84
40F32E312D42FD110DC22A92C0006778;FC081C55582CED11A62CD892C0003F2A;2025-05-17;-56.0;-822.64
C729FE666866FE1191EE1065050032C9;FC081C55582CED11A62CD892C0003F2A;2025-05-17;-4.0;-198.04
3324A1150087CE11ADB3106505001FA8;FC081C55582CED11A62CD892C0003F2A;2025-05-17;-2.0;-182.0
518F163511B10F114EF7A826072BA989;FC081C55582CED11A62CD892C0003F2A;2025-05-17;-4.0;-733.5
87E7AFF3AB4A6E11B7B78A650500BC08;FC081C55582CED11A62CD892C0003F2A;2025-05-17;-4.0;-1240.0
D117782D5607DE11C846106505002F6A;FC081C55582CED11A62CD892C0003F2A;2025-05-17;-2.0;-23.66
67F724E8CC8EFE11F1557891FE697589;FC081C55582CED11A62CD892C0003F2A;2025-05-17;-4.0;-112.0
BF95A48F7B0FAE11BE2110650500245A;FC081C55582CED11A62CD892C0003F2A;2025-05-17;-4.0;-3353.1
68160F25EA93FE1191EE106505009EB9;FC081C55582CED11A62CD892C0003F2A;2025-05-17;-2.0;-542.28
CC03CAEFA95BEE1191EE1065050029B9;FC081C55582CED11A62CD892C0003F2A;2025-05-17;-1.2;-690.18
D507820BD72EFE11F1557891FE69F489;FC081C55582CED11A62CD892C0003F2A;2025-05-17;-4.0;-528.0
61C50DD90A59AE11BE2110650500EC4A;FC081C55582CED11A62CD892C0003F2A;2025-05-17;-2.0;-91.48
89F47C83D1AB7E110819BB65050039AA;FC081C55582CED11A62CD892C0003F2A;2025-05-17;-4.0;-2083.82
B8E3EB650FCFCE11ADB3106505003AB8;FC081C55582CED11A62CD892C0003F2A;2025-05-17;-4.0;-805.04
B420D83931CAED11A62CD892C0003F2A;FC081C55582CED11A62CD892C0003F2A;2025-05-17;-2.0;-2133.0
6C95D37F73167E11B7B78A650500ED08;FC081C55582CED11A62CD892C0003F2A;2025-05-17;-62.0;-2601.0
2535E1C768A0EE11406610650500BA4A;FC081C55582CED11A62CD892C0003F2A;2025-05-17;-4.0;-587.6
2E0702DFAA5DCE11ADB310650500E6B8;FC081C55582CED11A62CD892C0003F2A;2025-05-17;-6.0;-577.5600000000001
EB0DB622F112EE114066106505009C4A;FC081C55582CED11A62CD892C0003F2A;2025-05-17;-2.0;-65.2
11E0D76E4644DE11ADB31065050060C8;FC081C55582CED11A62CD892C0003F2A;2025-05-17;-2.0;-320.2
AC6B321C575FFE11F1557891FE697689;FC081C55582CED11A62CD892C0003F2A;2025-05-17;-4.0;-61.6
E92C69CDB3F8AE11BE21106505006C4A;FC081C55582CED11A62CD892C0003F2A;2025-05-17;-8.0;-164.48
F1AE14FE29C08E110819BB65050039AA;FC081C55582CED11A62CD892C0003F2A;2025-05-17;-6.0;-971.4000000000001
538949F51CC46E11B7B78A650500BC08;FC081C55582CED11A62CD892C0003F2A;2025-05-17;-4.0;-393.8
C87F84EBBD1EFE11F1557891FE69E489;FC081C55582CED11A62CD892C0003F2A;2025-05-17;-2.0;-86.76
761AFCC5ACAAAE11BE21106505009E4A;FC081C55582CED11A62CD892C0003F2A;2025-05-17;-2.0;-99.36
2B6E1E509040EE114066106505003A4A;FC081C55582CED11A62CD892C0003F2A;2025-05-17;-2.0;-251.0
B7E69E3BAF4FBE11877210650500C069;FC081C55582CED11A62CD892C0003F2A;2025-05-17;-2.0;-116.86
A054EB1C9B98FE11128010650500D819;FC081C55582CED11A62CD892C0003F2A;2025-05-17;-10.0;-644.9
050CDCE691CAED11A62CD892C0003F2A;FC081C55582CED11A62CD892C0003F2A;2025-05-17;-4.0;-179.62
6871B0932E2FEE1191EE1065050029B9;FC081C55582CED11A62CD892C0003F2A;2025-05-17;-2.0;-4927.32
664A13E0A4D3DE11ADB310650500BFB8;FC081C55582CED11A62CD892C0003F2A;2025-05-17;-2.0;-255.06
ACF6880F4141FE1191EE106505007BB9;FC081C55582CED11A62CD892C0003F2A;2025-05-17;-2.0;-251.9
7A1D486FCDF5DE11ADB31065050092C8;FC081C55582CED11A62CD892C0003F2A;2025-05-17;-2.0;-118.0
4465BF813364EE11B1AD10650500D7EA;FC081C55582CED11A62CD892C0003F2A;2025-05-17;-2.0;-47.28
4DA057DED8EFCE11ADB3106505006AB8;FC081C55582CED11A62CD892C0003F2A;2025-05-17;-2.0;-31.8
F9E9872524E58E11F243BB650500DA3B;FC081C55582CED11A62CD892C0003F2A;2025-05-17;-2.0;-61.82
5117DE2EF1600F11F1557891FE69C789;FC081C55582CED11A62CD892C0003F2A;2025-05-17;-2.0;-311.08
C94BAFAF618EEE1191EE1065050029B9;FC081C55582CED11A62CD892C0003F2A;2025-05-17;-2.0;-314.74
79A6CFCE5FB3EE11B1AD1065050007EA;FC081C55582CED11A62CD892C0003F2A;2025-05-17;-2.0;-697.98
E12F74666A5D7E110819BB65050039AA;FC081C55582CED11A62CD892C0003F2A;2025-05-17;-168.0;-939.2
F5C4C9FE66F7DE11C84610650500507A;FC081C55582CED11A62CD892C0003F2A;2025-05-17;-2.0;-437.62
A7F68991940FCE11ADB31065050019B8;FC081C55582CED11A62CD892C0003F2A;2025-05-17;-2.0;-57.18
CD392A6D94D3DE11ADB310650500BFB8;FC081C55582CED11A62CD892C0003F2A;2025-05-17;-4.0;-486.48
52894F23D1E7EE1191EE10650500A7B9;FC081C55582CED11A62CD892C0003F2A;2025-05-17;-10.0;-49.22
F5AEF83F893FDE11406610650500E84A;FC081C55582CED11A62CD892C0003F2A;2025-05-17;-2.0;-11.38
9CC9CBD168400F11F1557891FE69A789;FC081C55582CED11A62CD892C0003F2A;2025-05-17;-6.0;-85.19999999999999
60D213385412FE1191EE106505008CB9;FC081C55582CED11A62CD892C0003F2A;2025-05-17;-2.0;-305.54
DD379EF168DDDE11406610650500074A;FC081C55582CED11A62CD892C0003F2A;2025-05-17;-16.0;-2223.7
580519DFC0CAED11A62CD892C0003F2A;FC081C55582CED11A62CD892C0003F2A;2025-05-17;-12.0;-2068.92
49E9B353985DED11A62CD892C0003F2A;FC081C55582CED11A62CD892C0003F2A;2025-05-17;-2.0;-880.46
900ADDC8E35AAE11BE21106505002E4A;FC081C55582CED11A62CD892C0003F2A;2025-05-17;-2.0;-5787.04
435D60DEC09FDE11406610650500594A;FC081C55582CED11A62CD892C0003F2A;2025-05-17;-2.0;-77.74
E7E41D13477EFE11F1557891FE695589;FC081C55582CED11A62CD892C0003F2A;2025-05-17;-2.0;-168.0
A4FE367EEB0AFE11128010650500E819;FC081C55582CED11A62CD892C0003F2A;2025-05-17;-6.0;-76.8
E8AB27A819216E1142D58A650500AD08;FC081C55582CED11A62CD892C0003F2A;2025-05-17;-6.0;-1844.22
AE999137CACDDE11406610650500F64A;FC081C55582CED11A62CD892C0003F2A;2025-05-17;-2.0;-154.88
06FD9C946C1BFE11128010650500E819;FC081C55582CED11A62CD892C0003F2A;2025-05-17;-2.0;-517.02
B975424700B3FD110DC22A92C000C499;FC081C55582CED11A62CD892C0003F2A;2025-05-17;-6.0;-128.7
597DDBD899363E11052F6792C000FF39;FC081C55582CED11A62CD892C0003F2A;2025-05-17;-2.0;-62.06
9D3A3E8BE3900F11F1557891FE690889;FC081C55582CED11A62CD892C0003F2A;2025-05-17;-2.0;-313.98
663E8F0C0E9DEE1191EE1065050029B9;FC081C55582CED11A62CD892C0003F2A;2025-05-17;-2.0;-617.02
CE90BAE237AACE11ADB31065050023B8;FC081C55582CED11A62CD892C0003F2A;2025-05-17;-2.0;-40.68
97CD8EB858797E110819BB65050019AA;FC081C55582CED11A62CD892C0003F2A;2025-05-17;-4.0;-638.6
E08452BAEF9CEE1191EE1065050029B9;FC081C55582CED11A62CD892C0003F2A;2025-05-17;-2.0;-239.92
5178C674BB596E11B7B78A650500BC08;FC081C55582CED11A62CD892C0003F2A;2025-05-17;-2.0;-133.52
F45B395DA9FB7E110819BB65050039AA;FC081C55582CED11A62CD892C0003F2A;2025-05-17;-2.0;-216.92
72E01853E145DE11ADB310650500A1C8;FC081C55582CED11A62CD892C0003F2A;2025-05-17;-2.0;-183.1
315199C13831DE11ADB3106505006CB8;FC081C55582CED11A62CD892C0003F2A;2025-05-17;-2.0;-500.0
C168EB9FC62EEE1191EE1065050029B9;FC081C55582CED11A62CD892C0003F2A;2025-05-17;-2.0;-238.5
7CE4C517DF35DE11ADB310650500A1C8;FC081C55582CED11A62CD892C0003F2A;2025-05-17;-2.0;-308.3
2DEA37FF29FCDE11406610650500E54A;FC081C55582CED11A62CD892C0003F2A;2025-05-17;-2.0;-190.2
B1A302F8BFE34E1142D58A6505002C08;FC081C55582CED11A62CD892C0003F2A;2025-05-17;-4.0;-533.36
3BD0C2697AEAEE1191EE1065050029B9;FC081C55582CED11A62CD892C0003F2A;2025-05-17;-2.0;-744.44
D3CC46F65C59BE118772106505003959;FC081C55582CED11A62CD892C0003F2A;2025-05-17;-2.0;-934.04
C0E7F8B9F5E6AE11BE2110650500C94A;FC081C55582CED11A62CD892C0003F2A;2025-05-17;-4.0;-1062.02
9BF675350F70DE11ADB3106505004BB8;FC081C55582CED11A62CD892C0003F2A;2025-05-17;-2.0;-186.04
6E76F7582642FE1191EE10650500CCB9;FC081C55582CED11A62CD892C0003F2A;2025-05-17;-2.0;-979.26
DC2A86A2F714EE11B1AD1065050077EA;FC081C55582CED11A62CD892C0003F2A;2025-05-17;-2.0;-210.0
FC690AE99CE3DE11ADB310650500DFB8;FC081C55582CED11A62CD892C0003F2A;2025-05-17;-2.0;-259.96
29DFA11EDF986E11B7B78A650500BC08;FC081C55582CED11A62CD892C0003F2A;2025-05-17;-16.0;-332.16
56744C4F99B1EE114066106505001C4A;FC081C55582CED11A62CD892C0003F2A;2025-05-17;-2.0;-292.94
3A38AEA472CAED11A62CD892C0003F2A;FC081C55582CED11A62CD892C0003F2A;2025-05-17;-2.0;-526.62
471DFA9F73C5AE11BE2110650500484A;FC081C55582CED11A62CD892C0003F2A;2025-05-17;-12.0;-1837.66
CE94264241CAED11A62CD892C0003F2A;FC081C55582CED11A62CD892C0003F2A;2025-05-17;-2.0;-372.02
74F2E8F75EE2BE11BE2110650500195A;FC081C55582CED11A62CD892C0003F2A;2025-05-17;-2.0;-256.0
5906F892A865EE11B1AD1065050039EA;FC081C55582CED11A62CD892C0003F2A;2025-05-17;-2.0;-38.66
E0CE8C366B34DE11ADB31065050050C8;FC081C55582CED11A62CD892C0003F2A;2025-05-17;-6.0;-399.42
8E0B4CBFB0D06E1142D58A650500AD08;FC081C55582CED11A62CD892C0003F2A;2025-05-17;-4.0;-136.7
FF90065732106E1142D58A650500AD08;FC081C55582CED11A62CD892C0003F2A;2025-05-17;-4.0;-368.72
BFF8534C43B89E11525010650500294A;FC081C55582CED11A62CD892C0003F2A;2025-05-17;-2.0;-228.28
834E8A0330267E11B7B78A650500ED08;FC081C55582CED11A62CD892C0003F2A;2025-05-17;-2.0;-78.32
3E3F408253735E1142D58A650500DC08;FC081C55582CED11A62CD892C0003F2A;2025-05-17;-2.0;-169.72
458B44A7113FEE1191EE1065050029B9;FC081C55582CED11A62CD892C0003F2A;2025-05-17;-2.0;-626.48
D6BC8387CA18DE11C84610650500807A;FC081C55582CED11A62CD892C0003F2A;2025-05-17;-2.0;-551.2
43E2A38201CAED11A62CD892C0003F2A;FC081C55582CED11A62CD892C0003F2A;2025-05-17;-6.0;-248.26
40BBCAF2ADA9EE1191EE1065050009B9;FC081C55582CED11A62CD892C0003F2A;2025-05-17;-2.0;-157.4
515B95C88369DE11C84610650500227A;FC081C55582CED11A62CD892C0003F2A;2025-05-17;-2.0;-454.56
12E5BE7EF77EFE11F1557891FE695589;FC081C55582CED11A62CD892C0003F2A;2025-05-17;-2.0;-529.46
04FCCB5593AACE11ADB31065050023B8;FC081C55582CED11A62CD892C0003F2A;2025-05-17;-2.0;-1820.78
30FACC2781CAED11A62CD892C0003F2A;FC081C55582CED11A62CD892C0003F2A;2025-05-17;-6.0;-144.22
8EB5F16B5040EE114066106505003A4A;FC081C55582CED11A62CD892C0003F2A;2025-05-17;-2.0;-261.5
4A6D438153D0DE11ADB310650500BBB8;FC081C55582CED11A62CD892C0003F2A;2025-05-17;-4.0;-295.4
704839F4DC828E110223BB650500AAAA;FC081C55582CED11A62CD892C0003F2A;2025-05-17;-6.0;-278.64
EA4370BEED71FE1191EE10650500CBB9;FC081C55582CED11A62CD892C0003F2A;2025-05-17;-2.0;-651.8
8672A8C429F5CE11ADB3106505007DA8;FC081C55582CED11A62CD892C0003F2A;2025-05-17;-2.0;-159.36
74A1461BBDE6DE11C846106505000F6A;FC081C55582CED11A62CD892C0003F2A;2025-05-17;-2.0;-23.66
BBB6089FDE2ECE11ADB31065050008B8;FC081C55582CED11A62CD892C0003F2A;2025-05-17;-2.0;-322.0
AE7584ED9A935E1142D58A650500DC08;FC081C55582CED11A62CD892C0003F2A;2025-05-17;-4.0;-1878.2
D5ECC40BBE6DFE11F1557891FE690489;FC081C55582CED11A62CD892C0003F2A;2025-05-17;-8.0;-633.6
9AC3EA1C3376AE11BE2110650500394A;FC081C55582CED11A62CD892C0003F2A;2025-05-17;-2.0;-1039.84
82FEF1C229B90E11A4A96492C0001269;FC081C55582CED11A62CD892C0003F2A;2025-05-17;-2.0;-286.0
D18BB1230709FD11A4A96492C000AA89;FC081C55582CED11A62CD892C0003F2A;2025-05-17;-2.0;-194.88
A99CDA69EC14CE11877210650500E669;FC081C55582CED11A62CD892C0003F2A;2025-05-17;-4.0;-545.26
21998708FFC32E1143F0668E4200C71A;FC081C55582CED11A62CD892C0003F2A;2025-05-17;-2.0;-169.6
1CF5EBC551CAED11A62CD892C0003F2A;FC081C55582CED11A62CD892C0003F2A;2025-05-17;-2.0;-421.18
29DC02A5DE82DE11ADB3106505001EB8;FC081C55582CED11A62CD892C0003F2A;2025-05-17;-2.0;-57.14
235C731EF608BE118772106505008759;FC081C55582CED11A62CD892C0003F2A;2025-05-17;-2.0;-675.98
FA184EB34FE39E115540106505007D3B;FC081C55582CED11A62CD892C0003F2A;2025-05-17;-2.0;-886.66
D77626D06FAF5E1142D58A650500AD08;FC081C55582CED11A62CD892C0003F2A;2025-05-17;-2.0;-253.18
21C1AE3A2A6BFE111280106505000919;FC081C55582CED11A62CD892C0003F2A;2025-05-17;-4.0;-249.84
4AB71A8A0E9DEE1191EE1065050029B9;FC081C55582CED11A62CD892C0003F2A;2025-05-17;-2.0;-123.26
A77FB6755AF34E1142D58A6505002C08;FC081C55582CED11A62CD892C0003F2A;2025-05-17;-2.0;-423.84
98F7BC6AD0412E1143F0668E4200C71A;FC081C55582CED11A62CD892C0003F2A;2025-05-17;-2.0;-1013.26
6AB38A19BDB0EE11406610650500DA4A;FC081C55582CED11A62CD892C0003F2A;2025-05-17;-2.0;-213.98
F0293B3229DA3E11052F6792C000D249;FC081C55582CED11A62CD892C0003F2A;2025-05-17;-4.0;-310.2
C0351ED68F54DE11ADB31065050080C8;FC081C55582CED11A62CD892C0003F2A;2025-05-17;-2.0;-167.92
2F4FAA1702E3DE11ADB310650500CFB8;FC081C55582CED11A62CD892C0003F2A;2025-05-17;-4.0;-326.34000000000003
5C9E47EAD0CAED11A62CD892C0003F2A;FC081C55582CED11A62CD892C0003F2A;2025-05-17;-2.0;-378.76
44BC68D00D8FCE11ADB310650500E9B8;FC081C55582CED11A62CD892C0003F2A;2025-05-17;-2.0;-173.2
45489844023EDE11406610650500874A;FC081C55582CED11A62CD892C0003F2A;2025-05-17;-2.0;-72.88
78424504C101AE117260106505001F4A;FC081C55582CED11A62CD892C0003F2A;2025-05-17;-2.0;-857.7
A688FB5F34627E11B7B78A650500CD08;FC081C55582CED11A62CD892C0003F2A;2025-05-17;-6.0;-1043.2
E7404E00B0CAED11A62CD892C0003F2A;FC081C55582CED11A62CD892C0003F2A;2025-05-17;-4.0;-192.4
9B5A44FAE80A6E11B7B78A650500BC08;FC081C55582CED11A62CD892C0003F2A;2025-05-17;-4.0;-362.44
6FD1F5D89FB5EE1191EE1065050045B9;FC081C55582CED11A62CD892C0003F2A;2025-05-17;-2.0;-95.8
B812270E1814EE11B1AD1065050077EA;FC081C55582CED11A62CD892C0003F2A;2025-05-17;-2.0;-234.9
49DB634AA60BFE11128010650500E819;FC081C55582CED11A62CD892C0003F2A;2025-05-17;-2.0;-86.2
A25B922418CBCE11ADB310650500B4B8;FC081C55582CED11A62CD892C0003F2A;2025-05-17;-2.0;-550.0
C4E267CA41010F11112A674AC7E2B889;FC081C55582CED11A62CD892C0003F2A;2025-05-17;-2.0;-119.14
5F9A8CB7C54DEE1191EE1065050029B9;FC081C55582CED11A62CD892C0003F2A;2025-05-17;-2.0;-35.2
E429FDA9268EFE11F1557891FE696589;FC081C55582CED11A62CD892C0003F2A;2025-05-17;-2.0;-176.0
6DAF8A5FC0CAED11A62CD892C0003F2A;FC081C55582CED11A62CD892C0003F2A;2025-05-17;-4.0;-309.62
89DF89D16F5CCE11ADB31065050095B8;FC081C55582CED11A62CD892C0003F2A;2025-05-17;-2.0;-37.98
9FA93D1C7FB3AE11726010650500925A;FC081C55582CED11A62CD892C0003F2A;2025-05-17;-2.0;-77.76
FE4704E589B1EE114066106505001C4A;FC081C55582CED11A62CD892C0003F2A;2025-05-17;-2.0;-351.76
A97A5FA5CB427E11B7B78A650500CD08;FC081C55582CED11A62CD892C0003F2A;2025-05-17;-2.0;-369.1
7FA8FA5B3B158E113835BB650500DDAA;FC081C55582CED11A62CD892C0003F2A;2025-05-17;-2.0;-3231.94
006CA6C26DA7FE1191EE10650500E3C9;FC081C55582CED11A62CD892C0003F2A;2025-05-17;-4.0;-181.62
AAFAF8801BA8FE11128010650500D819;FC081C55582CED11A62CD892C0003F2A;2025-05-17;-4.0;-506.24
A6587A2041CAED11A62CD892C0003F2A;FC081C55582CED11A62CD892C0003F2A;2025-05-17;-6.0;-1584.6000000000001
81AD4C105F66DE11ADB31065050023C8;FC081C55582CED11A62CD892C0003F2A;2025-05-17;-2.0;-276.8
D2AA53BBBC8FBE118772106505001169;FC081C55582CED11A62CD892C0003F2A;2025-05-17;-2.0;-685.96
398863FE58F1EE114066106505007C4A;FC081C55582CED11A62CD892C0003F2A;2025-05-17;-2.0;-61.42
D0C5EC664533FE1191EE106505000EB9;FC081C55582CED11A62CD892C0003F2A;2025-05-17;-2.0;-466.52
7A6469CE9A5F7E110819BB65050039AA;FC081C55582CED11A62CD892C0003F2A;2025-05-17;-2.0;-115.22
5D136A0377018E110819BB65050039AA;FC081C55582CED11A62CD892C0003F2A;2025-05-17;-2.0;-88.34
64A0DE79ACD75E1142D58A650500DC08;FC081C55582CED11A62CD892C0003F2A;2025-05-17;-2.0;-248.4
C3855AD266397E110819BB65050009AA;FC081C55582CED11A62CD892C0003F2A;2025-05-17;-2.0;-90.84
1112A200FFAFFE11F1557891FE69E689;FC081C55582CED11A62CD892C0003F2A;2025-05-17;-2.0;-160.5
834178105340EE114066106505003A4A;FC081C55582CED11A62CD892C0003F2A;2025-05-17;-2.0;-119.22
2191DCA379FE4E1142D58A650500BC08;FC081C55582CED11A62CD892C0003F2A;2025-05-17;-2.0;-102.0
0106C0B331CAED11A62CD892C0003F2A;FC081C55582CED11A62CD892C0003F2A;2025-05-17;-2.0;-239.56
6CA69BDA3DBD7E110819BB65050039AA;FC081C55582CED11A62CD892C0003F2A;2025-05-17;-2.0;-18.34
78E28563D0BFFE11F1557891FE69E689;FC081C55582CED11A62CD892C0003F2A;2025-05-17;-2.0;-336.6
7EF230C0B0039E115540106505004C3B;FC081C55582CED11A62CD892C0003F2A;2025-05-17;-2.0;-406.54
4666C20758E00F11112A674AC7E29889;FC081C55582CED11A62CD892C0003F2A;2025-05-17;-2.0;-2152.76
E2404E00B0CAED11A62CD892C0003F2A;FC081C55582CED11A62CD892C0003F2A;2025-05-17;-2.0;-338.62
18E325DEC49E4E1142D58A650500BC08;FC081C55582CED11A62CD892C0003F2A;2025-05-17;-2.0;-94.4
AF92BD38B4CBCE11ADB310650500B4B8;FC081C55582CED11A62CD892C0003F2A;2025-05-17;-6.0;-1890.0
E484C0E058B13E11052F6792C000CF39;FC081C55582CED11A62CD892C0003F2A;2025-05-17;-2.0;-152.22
5D71D84D811B6E11B7B78A650500BC08;FC081C55582CED11A62CD892C0003F2A;2025-05-17;-2.0;-127.74
33D12B287A7E8E11F243BB650500664B;B0BDDED34CC83E11052F6792C000B249;2025-05-17;-4.0;-623.92
70FE3058512ECE11ADB310650500F7B8;B0BDDED34CC83E11052F6792C000B249;2025-05-17;-40.0;-2673.64
6EB9FFE5DFCA9E11525010650500EB4A;B0BDDED34CC83E11052F6792C000B249;2025-05-17;-2.0;-380.4
3CDEBE2515B4DE11ADB310650500F0C8;B0BDDED34CC83E11052F6792C000B249;2025-05-17;-4.0;-268.8
B3A6B7DB01CAED11A62CD892C0003F2A;B0BDDED34CC83E11052F6792C000B249;2025-05-17;-2.0;-657.98
FE7524008FB3AE11726010650500925A;B0BDDED34CC83E11052F6792C000B249;2025-05-17;-6.0;-321.56
C332636C77018E110819BB65050039AA;B0BDDED34CC83E11052F6792C000B249;2025-05-17;-10.0;-388.7
C42947C02524EE11B1AD1065050087EA;B0BDDED34CC83E11052F6792C000B249;2025-05-17;-2.0;-247.48
5AF0F2E4EA244E1142D58A6505002C08;B0BDDED34CC83E11052F6792C000B249;2025-05-17;-2.0;-100.16
B6A23DBA7F7B9E11525010650500CC4A;B0BDDED34CC83E11052F6792C000B249;2025-05-17;-2.0;-202.14
05C794AC59DDCE11ADB31065050097B8;B0BDDED34CC83E11052F6792C000B249;2025-05-17;-14.0;-458.34000000000003
445CEACB42708E110819BB65050039AA;B0BDDED34CC83E11052F6792C000B249;2025-05-17;-4.0;-439.14
ADA5E4036085FD110DC22A92C000D158;B0BDDED34CC83E11052F6792C000B249;2025-05-17;-10.0;-1073.44
BD869B30FB03EE11B1AD1065050026EA;B0BDDED34CC83E11052F6792C000B249;2025-05-17;-2.0;-204.0
0B51CD5CEB01FE1191EE106505003BB9;B0BDDED34CC83E11052F6792C000B249;2025-05-17;-4.0;-145.36
18426F158AB08E110819BB65050039AA;B0BDDED34CC83E11052F6792C000B249;2025-05-17;-14.0;-4578.0
AE7A6532A72EAE11BE2110650500035A;B0BDDED34CC83E11052F6792C000B249;2025-05-17;-2.0;-141.6
A0F55E2CD9AF8E11F243BB650500E74B;B0BDDED34CC83E11052F6792C000B249;2025-05-17;-2.0;-420.36
F331461F94EAFD11A4A96492C0006F3B;B0BDDED34CC83E11052F6792C000B249;2025-05-17;-2.0;-376.84
F41824C749A59E11554010650500CF3B;B0BDDED34CC83E11052F6792C000B249;2025-05-17;-4.0;-166.62
3BFFC296104FFE11F1557891FE695689;B0BDDED34CC83E11052F6792C000B249;2025-05-17;-6.0;-56.46
4CDE168900966E11B7B78A650500BC08;B0BDDED34CC83E11052F6792C000B249;2025-05-17;-6.0;-616.8
8E4BCFB931CAED11A62CD892C0003F2A;B0BDDED34CC83E11052F6792C000B249;2025-05-17;-2.0;-358.84
AE8E9D2507511E1143F0668E42008C3B;B0BDDED34CC83E11052F6792C000B249;2025-05-17;-4.0;-991.0
C3ADAF4B5DC2DE11ADB3106505006EB8;B0BDDED34CC83E11052F6792C000B249;2025-05-17;-2.0;-356.48
0285C2957654EE11B1AD10650500C7EA;B0BDDED34CC83E11052F6792C000B249;2025-05-17;-2.0;-27.6
EC0C162D3D907E11B7B78A650500CD08;B0BDDED34CC83E11052F6792C000B249;2025-05-17;-2.0;-298.0
16DA0D9435E9AE11BE21106505009D4A;B0BDDED34CC83E11052F6792C000B249;2025-05-17;-2.0;-325.14
5BB8CE1BD5230E11A4A96492C00008E9;B0BDDED34CC83E11052F6792C000B249;2025-05-17;-4.0;-292.76
D38D1C8C9CA9DE11406610650500814A;B0BDDED34CC83E11052F6792C000B249;2025-05-17;-14.0;-357.0
E2404E00B0CAED11A62CD892C0003F2A;B0BDDED34CC83E11052F6792C000B249;2025-05-17;-2.0;-338.98
7ABB46BC1A5FFE11F1557891FE697689;B0BDDED34CC83E11052F6792C000B249;2025-05-17;-2.0;-73.84
27D831D6104FFE11F1557891FE695689;B0BDDED34CC83E11052F6792C000B249;2025-05-17;-2.0;-88.56
64DD96928FCA9E11525010650500EB4A;B0BDDED34CC83E11052F6792C000B249;2025-05-17;-4.0;-70.52
7CF74A7B0321DE11ADB3106505003CB8;B0BDDED34CC83E11052F6792C000B249;2025-05-17;-10.0;-330.0
127A99AAF0CAED11A62CD892C0003F2A;B0BDDED34CC83E11052F6792C000B249;2025-05-17;-2.0;-715.86
F4BA2321A7E88E11F243BB650500BE3B;B0BDDED34CC83E11052F6792C000B249;2025-05-17;-2.0;-228.48
9DCB0E913EDBBE118772106505006C59;B0BDDED34CC83E11052F6792C000B249;2025-05-17;-2.0;-270.36
1C2129BDF215EE11B1AD10650500B8EA;B0BDDED34CC83E11052F6792C000B249;2025-05-17;-2.0;-242.04
EF8779C141CAED11A62CD892C0003F2A;B0BDDED34CC83E11052F6792C000B249;2025-05-17;-4.0;-744.04
3CC98016A9775E1142D58A650500DC08;B0BDDED34CC83E11052F6792C000B249;2025-05-17;-2.0;-122.5
ED7D98BA2B9FFE11F1557891FE69C689;B0BDDED34CC83E11052F6792C000B249;2025-05-17;-2.0;-548.26
49C2BFA09A935E1142D58A650500DC08;B0BDDED34CC83E11052F6792C000B249;2025-05-17;-2.0;-699.28
6946CEEEEA6CCE11ADB310650500A5B8;B0BDDED34CC83E11052F6792C000B249;2025-05-17;-10.0;-593.5
103622F431010F11112A674AC7E2B889;B0BDDED34CC83E11052F6792C000B249;2025-05-17;-2.0;-158.28
C5375D534974EE11B1AD10650500F7EA;B0BDDED34CC83E11052F6792C000B249;2025-05-17;-2.0;-48.0
ED350E379E2AFE11128010650500E819;B0BDDED34CC83E11052F6792C000B249;2025-05-17;-2.0;-706.94
B0CDB0AF7068FE11128010650500D819;B0BDDED34CC83E11052F6792C000B249;2025-05-17;-2.0;-160.12
9BA8CEEF923C6E11B7B78A650500BC08;B0BDDED34CC83E11052F6792C000B249;2025-05-17;-2.0;-63.74
14FC07DC5BF5CE11ADB3106505007DA8;B0BDDED34CC83E11052F6792C000B249;2025-05-17;-2.0;-611.9
6BBA7E2ECB5CCE11ADB31065050095B8;B0BDDED34CC83E11052F6792C000B249;2025-05-17;-2.0;-956.16
47F4F53C79363E11052F6792C000FF39;B0BDDED34CC83E11052F6792C000B249;2025-05-17;-4.0;-132.82
5C0B030D71365E1142D58A650500DC08;B0BDDED34CC83E11052F6792C000B249;2025-05-17;-2.0;-231.0
79B9C19C2CF2CE118772106505007569;B0BDDED34CC83E11052F6792C000B249;2025-05-17;-2.0;-297.2
610191700FC0AE11726010650500DE4A;B0BDDED34CC83E11052F6792C000B249;2025-05-17;-2.0;-18.18
EF93B3A4E0CAED11A62CD892C0003F2A;B0BDDED34CC83E11052F6792C000B249;2025-05-17;-4.0;-1594.32
DBE727E194FDDE11406610650500274A;B0BDDED34CC83E11052F6792C000B249;2025-05-17;-2.0;-310.16
9A7725F9B1E0DE11ADB310650500DBB8;B0BDDED34CC83E11052F6792C000B249;2025-05-17;-2.0;-224.8
4A309450B47DFD11A4A96492C0006D28;B0BDDED34CC83E11052F6792C000B249;2025-05-17;-2.0;-306.4
67739FFDEB6DFE11F1557891FE690489;B0BDDED34CC83E11052F6792C000B249;2025-05-17;-2.0;-598.5
D20BB8981C93FE1191EE106505009EB9;B0BDDED34CC83E11052F6792C000B249;2025-05-17;-2.0;-518.04
FEA4A5C4D74CEE1191EE1065050029B9;B0BDDED34CC83E11052F6792C000B249;2025-05-17;-2.0;-121.62
5983A34AFD00FD11A62CD892C000399B;B0BDDED34CC83E11052F6792C000B249;2025-05-17;-2.0;-421.18
F7018428F0CAED11A62CD892C0003F2A;B0BDDED34CC83E11052F6792C000B249;2025-05-17;-4.0;-280.24
9430B1FCF502EE114066106505008C4A;B0BDDED34CC83E11052F6792C000B249;2025-05-17;-2.0;-170.1
5593A8ED335DEE1191EE1065050029B9;B0BDDED34CC83E11052F6792C000B249;2025-05-17;-2.0;-158.72
069C6860BC7FAE11BE2110650500B45A;B0BDDED34CC83E11052F6792C000B249;2025-05-17;-2.0;-370.0
8FD44BAEEC67EE1191EE1065050017B9;B0BDDED34CC83E11052F6792C000B249;2025-05-17;-2.0;-98.94
03CBFE28F630FE1191EE106505002AB9;B0BDDED34CC83E11052F6792C000B249;2025-05-17;-2.0;-1804.62
C0BAF11D9CE3DE11ADB310650500DFB8;B0BDDED34CC83E11052F6792C000B249;2025-05-17;-2.0;-250.7
A10B373E8342EE11406610650500DC4A;B0BDDED34CC83E11052F6792C000B249;2025-05-17;-2.0;-482.02
414C1C118FE1FE1191EE106505005CB9;B0BDDED34CC83E11052F6792C000B249;2025-05-17;-2.0;-82.72
76DB800179DDCE11ADB31065050097B8;B0BDDED34CC83E11052F6792C000B249;2025-05-17;-8.0;-523.2
A95B9B4990CAED11A62CD892C0003F2A;B0BDDED34CC83E11052F6792C000B249;2025-05-17;-2.0;-240.6
950D640201CAED11A62CD892C0003F2A;B0BDDED34CC83E11052F6792C000B249;2025-05-17;-2.0;-152.58
0D838C961CB72E11052F6792C0007F39;B0BDDED34CC83E11052F6792C000B249;2025-05-17;-8.0;-593.04
179F13DA891A6E11B7B78A650500BC08;B0BDDED34CC83E11052F6792C000B249;2025-05-17;-2.0;-421.66
8C03F11A4094DE11ADB310650500C0C8;B0BDDED34CC83E11052F6792C000B249;2025-05-17;-2.0;-128.0
CC991538D945CE11ADB3106505002DA8;B0BDDED34CC83E11052F6792C000B249;2025-05-17;-2.0;-416.98
91861D13775CEE1191EE1065050029B9;B0BDDED34CC83E11052F6792C000B249;2025-05-17;-2.0;-127.5
21C622E2BF43EE11B1AD1065050076EA;B0BDDED34CC83E11052F6792C000B249;2025-05-17;-4.0;-46.4
77B9FB49C7E97E110819BB65050019AA;B0BDDED34CC83E11052F6792C000B249;2025-05-17;-2.0;-179.88
620448EA86B5EE1191EE1065050035B9;B0BDDED34CC83E11052F6792C000B249;2025-05-17;-2.0;-121.62
E8B7FCBFE0CAED11A62CD892C0003F2A;B0BDDED34CC83E11052F6792C000B249;2025-05-17;-2.0;-271.68
505C0AEB10FBEE1191EE1065050029B9;B0BDDED34CC83E11052F6792C000B249;2025-05-17;-2.0;-61.6
B201EB23E38D9E117260106505009A4A;B0BDDED34CC83E11052F6792C000B249;2025-05-17;-2.0;-479.44
6A144F278342EE11406610650500DC4A;B0BDDED34CC83E11052F6792C000B249;2025-05-17;-2.0;-336.02
71E2C75836AA3E11052F6792C000D249;B0BDDED34CC83E11052F6792C000B249;2025-05-17;-2.0;-421.18
31A9963F7A2CBE11877210650500CC59;B0BDDED34CC83E11052F6792C000B249;2025-05-17;-2.0;-97.16
D11007EC0ADEAE11BE2110650500E35A;B0BDDED34CC83E11052F6792C000B249;2025-05-17;-12.0;-291.6
510EB5DBC2DF4E1142D58A650500BC08;B0BDDED34CC83E11052F6792C000B249;2025-05-17;-2.0;-206.44
A651E5ED6EEDBE118772106505000F59;B0BDDED34CC83E11052F6792C000B249;2025-05-17;-2.0;-305.2
C71AC1A77C3FFE11F1557891FE695689;B0BDDED34CC83E11052F6792C000B249;2025-05-17;-2.0;-505.78
B7E369123D148E113835BB6505009CAA;B0BDDED34CC83E11052F6792C000B249;2025-05-17;-4.0;-368.6
2AA2E9B64551EE114066106505009B4A;B0BDDED34CC83E11052F6792C000B249;2025-05-17;-2.0;-204.54
A4C2358232B72E11052F6792C0007F39;B0BDDED34CC83E11052F6792C000B249;2025-05-17;-2.0;-237.6
86E1A97FCCEABE118772106505003B59;B0BDDED34CC83E11052F6792C000B249;2025-05-17;-2.0;-153.66
8818ECFE32163E11052F6792C000FF39;B0BDDED34CC83E11052F6792C000B249;2025-05-17;-2.0;-1615.98
756ED27D93F50E11A4A96492C0004B38;B0BDDED34CC83E11052F6792C000B249;2025-05-17;-4.0;-307.32
10995F76A646CE11ADB3106505008DA8;B0BDDED34CC83E11052F6792C000B249;2025-05-17;-2.0;-174.62
E12F74666A5D7E110819BB65050039AA;B0BDDED34CC83E11052F6792C000B249;2025-05-17;-2.0;-7.26
99BC135AA60BFE11128010650500E819;FC081C55582CED11A62CD892C0003F2A;2025-05-17;-2.0;-78.9
909F1A05D2DCDE11406610650500B54A;FC081C55582CED11A62CD892C0003F2A;2025-05-17;-2.0;-844.52
071BB29D1A738E110223BB650500DBAA;44673735EAF46E11B7B78A650500BC08;2025-05-17;2.0;411.58
07F5C1F49C456E11B7B78A650500BC08;44673735EAF46E11B7B78A650500BC08;2025-05-17;-12.0;-267.04
2C6E2588AC456E11B7B78A650500BC08;44673735EAF46E11B7B78A650500BC08;2025-05-17;-4.0;-626.0
2FD20E8773D0DE11ADB310650500BBB8;44673735EAF46E11B7B78A650500BC08;2025-05-17;0.0;0.0
54B411B11FDD6E11B7B78A650500BC08;44673735EAF46E11B7B78A650500BC08;2025-05-17;0.0;0.0
55A25813458B7E110819BB65050039AA;44673735EAF46E11B7B78A650500BC08;2025-05-17;-6.0;-607.74
390029434D06EE1191EE10650500A5B9;44673735EAF46E11B7B78A650500BC08;2025-05-17;0.0;0.0
5F1911B5E9B00F11F1557891FE693889;44673735EAF46E11B7B78A650500BC08;2025-05-17;0.0;0.0
A20403D0F621BE11BE2110650500D65A;44673735EAF46E11B7B78A650500BC08;2025-05-17;-2.0;-168.0
772D22AE94688E11F243BB6505001E3B;44673735EAF46E11B7B78A650500BC08;2025-05-17;6.0;4071.24
B465D76136D6EE1191EE1065050096B9;44673735EAF46E11B7B78A650500BC08;2025-05-17;12.0;3519.12
1DBF7AC859030F114EF7A826072B5B89;44673735EAF46E11B7B78A650500BC08;2025-05-17;12.0;19917.6
908C9BC431010F11112A674AC7E2B889;44673735EAF46E11B7B78A650500BC08;2025-05-17;0.0;0.0
2A890377B1C10F114EF7A826072BB989;44673735EAF46E11B7B78A650500BC08;2025-05-17;0.0;0.0
201D4D72E07E8E11F243BB650500564B;44673735EAF46E11B7B78A650500BC08;2025-05-17;0.0;0.0
0CD94CB05D1ADE11406610650500124A;44673735EAF46E11B7B78A650500BC08;2025-05-17;0.0;0.0
A0736BE28E3CEE1191EE1065050029B9;44673735EAF46E11B7B78A650500BC08;2025-05-17;20.0;1453.2
FFF09E1F27A6FE1191EE1065050082C9;44673735EAF46E11B7B78A650500BC08;2025-05-17;18.0;4068.0
03DD8984ABE1EE114066106505006C4A;44673735EAF46E11B7B78A650500BC08;2025-05-17;18.0;2834.8
27222F4598C6EE1191EE1065050086B9;44673735EAF46E11B7B78A650500BC08;2025-05-17;0.0;0.0
FE4E1498DA7E8E11F243BB650500664B;44673735EAF46E11B7B78A650500BC08;2025-05-17;0.0;0.0
17AD25AB066E9E11726010650500CB4A;44673735EAF46E11B7B78A650500BC08;2025-05-17;0.0;8.526512829121202e-14
ADA23C34CC22AE11726010650500905A;44673735EAF46E11B7B78A650500BC08;2025-05-17;0.0;-1.4210854715202004e-14
BDC6E5E124856E11B7B78A650500BC08;44673735EAF46E11B7B78A650500BC08;2025-05-17;0.0;0.0
4E71D96512248E113835BB6505009CAA;44673735EAF46E11B7B78A650500BC08;2025-05-17;-48.0;-1748.58
EEE0FF06989FBE118772106505002169;44673735EAF46E11B7B78A650500BC08;2025-05-17;0.0;0.0
421C21F2159DFE11F1557891FE693489;FC081C55582CED11A62CD892C0003F2A;2025-05-17;20.0;248.72
48C14577181BDE11406610650500634A;FC081C55582CED11A62CD892C0003F2A;2025-05-17;30.0;455.22
446C9C199B427E11B7B78A650500CD08;44673735EAF46E11B7B78A650500BC08;2025-05-17;24.0;5253.36
2C9338E64A77EE1191EE1065050027B9;FC081C55582CED11A62CD892C0003F2A;2025-05-17;12.0;932.64
7B0A57994A77EE1191EE1065050027B9;FC081C55582CED11A62CD892C0003F2A;2025-05-17;8.0;646.34
9D4133F82642FE1191EE10650500CCB9;FC081C55582CED11A62CD892C0003F2A;2025-05-17;0.0;0.0
48ACB6F790638E111E1BBB650500BBAA;B0BDDED34CC83E11052F6792C000B249;2025-05-17;4.0;356.48
95D071BA258EFE11F1557891FE696589;FC081C55582CED11A62CD892C0003F2A;2025-05-17;0.0;0.0
D4E4BE7EF77EFE11F1557891FE695589;FC081C55582CED11A62CD892C0003F2A;2025-05-17;0.0;0.0
120B7B3361CBEE1191EE1065050029B9;FC081C55582CED11A62CD892C0003F2A;2025-05-17;-2.0;-300.0
70E31DD4F9CB8E11F243BB650500624B;44673735EAF46E11B7B78A650500BC08;2025-05-17;134.0;44730.4
8B2BB701BD889E11525010650500F84A;44673735EAF46E11B7B78A650500BC08;2025-05-17;2.0;862.0
4242ED15E68FEE1191EE1065050049B9;44673735EAF46E11B7B78A650500BC08;2025-05-17;20.0;12160.0
BB2BB701BD889E11525010650500F84A;44673735EAF46E11B7B78A650500BC08;2025-05-17;4.0;1724.0
0D09FC5A69079E11554010650500814B;44673735EAF46E11B7B78A650500BC08;2025-05-17;10.0;9352.0
2BB955CA94897E110819BB65050019AA;44673735EAF46E11B7B78A650500BC08;2025-05-17;-4.0;-157.36
371644CE7DC7DE11C84610650500207A;44673735EAF46E11B7B78A650500BC08;2025-05-17;-4.0;-228.2
3AA0E8E2D0458E113835BB6505000EAA;44673735EAF46E11B7B78A650500BC08;2025-05-17;-4.0;-268.6
09BABF34F489DE11406610650500514A;44673735EAF46E11B7B78A650500BC08;2025-05-17;-2.0;-76.0
6EE2EFF1B0A1EE11406610650500FB4A;44673735EAF46E11B7B78A650500BC08;2025-05-17;-6.0;-715.14
8837CD6E94CBCE11ADB310650500B4B8;44673735EAF46E11B7B78A650500BC08;2025-05-17;-6.0;-2388.0
FD61F64639248E113835BB650500ACAA;44673735EAF46E11B7B78A650500BC08;2025-05-17;-6.0;-127.56
AEF155EB3C456E11B7B78A650500BC08;44673735EAF46E11B7B78A650500BC08;2025-05-17;-2.0;-147.16
14C029B21D1DDE11406610650500164A;44673735EAF46E11B7B78A650500BC08;2025-05-17;-6.0;-578.2
C55E2EEFDE456E11B7B78A650500BC08;44673735EAF46E11B7B78A650500BC08;2025-05-17;-156.2;-10184.24
32204C3634C26E1142D58A650500AD08;44673735EAF46E11B7B78A650500BC08;2025-05-17;-28.0;-4735.92
D0444CDD7E456E11B7B78A650500BC08;44673735EAF46E11B7B78A650500BC08;2025-05-17;-4.0;-250.8
F661B8747B4F6E11B7B78A650500CD08;44673735EAF46E11B7B78A650500BC08;2025-05-17;-120.0;-711.5999999999999
C3EE077F7D456E11B7B78A650500BC08;44673735EAF46E11B7B78A650500BC08;2025-05-17;2.0;62.400000000000006
4A17619EC688CE11ADB31065050070B8;44673735EAF46E11B7B78A650500BC08;2025-05-17;-2.0;-82.34
B23316FBBD1EFE11F1557891FE69E489;44673735EAF46E11B7B78A650500BC08;2025-05-17;-6.0;-775.26
D2EE879423D0DE11ADB310650500BBB8;44673735EAF46E11B7B78A650500BC08;2025-05-17;-2.0;-153.52
CD52EC50E6568E11F243BB6505007B3B;44673735EAF46E11B7B78A650500BC08;2025-05-17;-2.0;-129.22
4CB1DB73721A8E11F243BB650500304B;44673735EAF46E11B7B78A650500BC08;2025-05-17;-2.0;-160.98
04C2C0F280A49E115540106505006E3B;44673735EAF46E11B7B78A650500BC08;2025-05-17;-2.0;-728.44
55233BFF1CA8BE118772106505005859;44673735EAF46E11B7B78A650500BC08;2025-05-17;-8.0;-388.96
664B5A5CFC626E1142D58A650500AD08;44673735EAF46E11B7B78A650500BC08;2025-05-17;-2.0;-140.26
F11B64B33CD97E110819BB65050019AA;44673735EAF46E11B7B78A650500BC08;2025-05-17;-10.0;-2680.2799999999997
8FC8FBA81E456E11B7B78A650500BC08;44673735EAF46E11B7B78A650500BC08;2025-05-17;-4.0;-1679.16
F42EE9302DCA7E110819BB65050039AA;44673735EAF46E11B7B78A650500BC08;2025-05-17;-2.0;-117.7
DC9DD781433F6E11B7B78A650500CD08;44673735EAF46E11B7B78A650500BC08;2025-05-17;-4.0;-45.32
97F46B151D2EBE118772106505005F59;44673735EAF46E11B7B78A650500BC08;2025-05-17;-2.0;-642.62
5B54401AD0FBEE1191EE1065050029B9;44673735EAF46E11B7B78A650500BC08;2025-05-17;-2.0;-281.3
9708626FCAD0FE1191EE10650500FAB9;44673735EAF46E11B7B78A650500BC08;2025-05-17;-4.0;-252.96
0972ADEACCC0FE1191EE10650500EAB9;44673735EAF46E11B7B78A650500BC08;2025-05-17;-2.0;-364.4
06711DE98C456E11B7B78A650500BC08;44673735EAF46E11B7B78A650500BC08;2025-05-17;-2.0;-179.2
FA582521E6568E11F243BB6505007B3B;44673735EAF46E11B7B78A650500BC08;2025-05-17;-6.0;-412.68
E7E69B30FB03EE11B1AD1065050026EA;44673735EAF46E11B7B78A650500BC08;2025-05-17;-4.0;-326.4
725559B666767E11B7B78A650500ED08;44673735EAF46E11B7B78A650500BC08;2025-05-17;-6.0;-1102.86
237CFD80AE456E11B7B78A650500BC08;44673735EAF46E11B7B78A650500BC08;2025-05-17;-10.0;-113.3
D7848E632E456E11B7B78A650500BC08;44673735EAF46E11B7B78A650500BC08;2025-05-17;-4.0;-823.56
9B237A487148EE1191EE1065050038B9;44673735EAF46E11B7B78A650500BC08;2025-05-17;-6.0;-1439.64
5CC23C62713C9E11726010650500E84A;44673735EAF46E11B7B78A650500BC08;2025-05-17;-18.0;-2880.0
0BDE504CF54CDE11406610650500054A;44673735EAF46E11B7B78A650500BC08;2025-05-17;-10.0;-497.5
C5D7F3B57A841E1143F0668E4200EE89;44673735EAF46E11B7B78A650500BC08;2025-05-17;-2.0;-220.44
F4CD8984ABE1EE114066106505006C4A;44673735EAF46E11B7B78A650500BC08;2025-05-17;-2.0;-128.0
8E0D53570BC28E110223BB650500FAAA;44673735EAF46E11B7B78A650500BC08;2025-05-17;-2.0;-142.5
BE93DCFD9F25FE1191EE10650500A0C9;44673735EAF46E11B7B78A650500BC08;2025-05-17;-6.0;-604.12
9F57F9006032BE11BE2110650500285A;44673735EAF46E11B7B78A650500BC08;2025-05-17;-8.0;-2224.0
F8540026AC456E11B7B78A650500BC08;44673735EAF46E11B7B78A650500BC08;2025-05-17;-4.0;-352.34
EA77304C1E456E11B7B78A650500BC08;44673735EAF46E11B7B78A650500BC08;2025-05-17;-6.0;-2393.82
9E3D84A73741DE11ADB3106505007CB8;44673735EAF46E11B7B78A650500BC08;2025-05-17;-2.0;-142.62
957FC738D397EE1191EE1065050047B9;44673735EAF46E11B7B78A650500BC08;2025-05-17;-2.0;-158.0
4B0DF4BB3D456E11B7B78A650500BC08;44673735EAF46E11B7B78A650500BC08;2025-05-17;-12.0;-478.32
9118A63AB78DBE118772106505008E59;44673735EAF46E11B7B78A650500BC08;2025-05-17;-2.0;-109.08
0B2267EF3C456E11B7B78A650500BC08;44673735EAF46E11B7B78A650500BC08;2025-05-17;-2.0;-234.4
4E3453A763039E115540106505004C3B;44673735EAF46E11B7B78A650500BC08;2025-05-17;-2.0;-245.32
74ECE5D082C97E110819BB65050019AA;44673735EAF46E11B7B78A650500BC08;2025-05-17;-8.0;-331.18
EA466B5D867F8E11F243BB650500A74B;44673735EAF46E11B7B78A650500BC08;2025-05-17;-4.0;-30.38
31F7B97FC3BC3E11052F6792C000D249;44673735EAF46E11B7B78A650500BC08;2025-05-17;-48.0;-3386.88
0E12452A3E263E11052F6792C000FF39;44673735EAF46E11B7B78A650500BC08;2025-05-17;-8.0;-549.2
86570A134C456E11B7B78A650500BC08;44673735EAF46E11B7B78A650500BC08;2025-05-17;-2.0;-327.44
8520B4FF13DB8E11F243BB650500724B;44673735EAF46E11B7B78A650500BC08;2025-05-17;-2.0;-66.52
CB868B0A43047E11B7B78A650500DD08;44673735EAF46E11B7B78A650500BC08;2025-05-17;-4.0;-2031.7
FEC2A31E65B4DE11ADB310650500F0C8;44673735EAF46E11B7B78A650500BC08;2025-05-17;-8.0;-488.16
63E017215711AE117260106505003F4A;44673735EAF46E11B7B78A650500BC08;2025-05-17;-2.0;-829.7
E9FBE535BBB9AE11BE21106505006D4A;44673735EAF46E11B7B78A650500BC08;2025-05-17;-2.0;-30.56
DD577F655AE66E11B7B78A650500BC08;44673735EAF46E11B7B78A650500BC08;2025-05-17;-2.0;-60.4
98277BD1DD456E11B7B78A650500BC08;44673735EAF46E11B7B78A650500BC08;2025-05-17;-2.0;-724.0
E9A5103BBD456E11B7B78A650500BC08;44673735EAF46E11B7B78A650500BC08;2025-05-17;-4.0;-97.88
F6BA35B36CE1DE11ADB3106505004DB8;44673735EAF46E11B7B78A650500BC08;2025-05-17;-4.0;-320.28
9AC0B1EBB9456E11B7B78A650500BC08;44673735EAF46E11B7B78A650500BC08;2025-05-17;-8.0;-976.0
3624D5E2AEEBCE11ADB310650500E4B8;44673735EAF46E11B7B78A650500BC08;2025-05-17;-4.0;-490.8
6572E05E066E9E11726010650500CB4A;44673735EAF46E11B7B78A650500BC08;2025-05-17;-2.0;-43.62
5B688D8BB5B9CE11ADB310650500F1B8;44673735EAF46E11B7B78A650500BC08;2025-05-17;-6.0;-34.24
485EC4E050A5FE1191EE1065050031C9;44673735EAF46E11B7B78A650500BC08;2025-05-17;-6.0;-1170.0
0432CA58CB02CE118772106505004469;44673735EAF46E11B7B78A650500BC08;2025-05-17;-2.0;-3449.28
AD6AA4B92E456E11B7B78A650500BC08;44673735EAF46E11B7B78A650500BC08;2025-05-17;-6.0;-3129.62
D583371720556E11B7B78A650500BC08;44673735EAF46E11B7B78A650500BC08;2025-05-17;-2.0;-674.88
3AAD37D0B56FBE11877210650500E069;44673735EAF46E11B7B78A650500BC08;2025-05-17;-2.0;-282.0
3F63923E7AE66E11B7B78A650500BC08;44673735EAF46E11B7B78A650500BC08;2025-05-17;-2.0;-110.0
24BA31EA390FEE1191EE1065050029B9;44673735EAF46E11B7B78A650500BC08;2025-05-17;-4.0;-64.82
DD65C2EDF68C8E11F243BB650500B34B;44673735EAF46E11B7B78A650500BC08;2025-05-17;-2.0;-647.9
6948FEE04A108E110819BB65050039AA;44673735EAF46E11B7B78A650500BC08;2025-05-17;-26.0;-1710.38
04B65EB0E6568E11F243BB6505007B3B;44673735EAF46E11B7B78A650500BC08;2025-05-17;-4.0;-237.44
CA785A50CA248E113835BB650500ACAA;44673735EAF46E11B7B78A650500BC08;2025-05-17;-4.0;-542.44
80F7EB7A03078E11F243BB6505005C3B;44673735EAF46E11B7B78A650500BC08;2025-05-17;-2.0;-174.54
00BA59F21C7C9E11726010650500494A;44673735EAF46E11B7B78A650500BC08;2025-05-17;-2.0;-128.86
34137EBFE6197E110819BB65050009AA;44673735EAF46E11B7B78A650500BC08;2025-05-17;-6.0;-72.24
B01142C8008CBE118772106505003D59;44673735EAF46E11B7B78A650500BC08;2025-05-17;-6.0;-2352.24
B8A1F40863039E115540106505004C3B;44673735EAF46E11B7B78A650500BC08;2025-05-17;-2.0;-140.14
000D1419D9CC6E11B7B78A650500BC08;44673735EAF46E11B7B78A650500BC08;2025-05-17;-10.0;-870.0
55B69B5AC7797E110819BB65050019AA;44673735EAF46E11B7B78A650500BC08;2025-05-17;-6.0;-669.66
9BFAB03846A27E11B7B78A650500DD08;44673735EAF46E11B7B78A650500BC08;2025-05-17;-6.0;-392.40000000000003
1C7295195923FE1191EE10650500FDB9;44673735EAF46E11B7B78A650500BC08;2025-05-17;-6.0;-428.34
0753CB7184EBDE11406610650500744A;44673735EAF46E11B7B78A650500BC08;2025-05-17;-2.0;-303.98
141921001D769E11554010650500D04B;44673735EAF46E11B7B78A650500BC08;2025-05-17;-2.0;-197.24
F8F58DB5AC456E11B7B78A650500BC08;44673735EAF46E11B7B78A650500BC08;2025-05-17;-2.0;-236.8
1900752A2B0E8E11F243BB650500D54B;44673735EAF46E11B7B78A650500BC08;2025-05-17;-2.0;-1417.5
2CD58392A1567E11B7B78A650500ED08;44673735EAF46E11B7B78A650500BC08;2025-05-17;-4.0;-171.45999999999998
CD9DE51F066E9E11726010650500CB4A;44673735EAF46E11B7B78A650500BC08;2025-05-17;-4.0;-78.02
2E4DE77554DCAE11BE2110650500515A;44673735EAF46E11B7B78A650500BC08;2025-05-17;-4.0;-446.88
8904DA618D456E11B7B78A650500BC08;44673735EAF46E11B7B78A650500BC08;2025-05-17;-4.0;-125.88
714BA8186EEDBE118772106505000F59;44673735EAF46E11B7B78A650500BC08;2025-05-17;-12.0;-351.24
459F9EC26678EE1191EE1065050078B9;44673735EAF46E11B7B78A650500BC08;2025-05-17;-2.0;-149.3
63E90752BA456E11B7B78A650500BC08;44673735EAF46E11B7B78A650500BC08;2025-05-17;-8.0;-250.23999999999998
05B63D2329363E11052F6792C000FF39;44673735EAF46E11B7B78A650500BC08;2025-05-17;-4.0;-145.04
C6EA661280E2FE1191EE106505009DB9;44673735EAF46E11B7B78A650500BC08;2025-05-17;-2.0;-1111.26
C0E08354BFFD9E117260106505004B4A;44673735EAF46E11B7B78A650500BC08;2025-05-17;-2.0;-662.5
3C361686AC456E11B7B78A650500BC08;44673735EAF46E11B7B78A650500BC08;2025-05-17;-2.0;-58.1
117A8557ECFBEE1191EE1065050029B9;44673735EAF46E11B7B78A650500BC08;2025-05-17;-2.0;-138.46
900828B3BB300F11F1557891FE699789;44673735EAF46E11B7B78A650500BC08;2025-05-17;-6.0;-639.66
A0C1B01B55B4DE11ADB310650500F0C8;44673735EAF46E11B7B78A650500BC08;2025-05-17;-10.0;-416.19999999999993
376757C0AD459E115540106505005F3B;44673735EAF46E11B7B78A650500BC08;2025-05-17;-2.0;-329.4
8E52EC50E6568E11F243BB6505007B3B;44673735EAF46E11B7B78A650500BC08;2025-05-17;-4.0;-148.4
DC6BC171198E8E11F243BB650500764B;44673735EAF46E11B7B78A650500BC08;2025-05-17;-2.0;-1283.44
FEFEB44CFFC7EE1191EE1065050097B9;44673735EAF46E11B7B78A650500BC08;2025-05-17;-2.0;-686.2
B6EC7AF6E9A7DE11C84610650500FF6A;44673735EAF46E11B7B78A650500BC08;2025-05-17;-2.0;-89.12
4599061176208E110819BB65050039AA;44673735EAF46E11B7B78A650500BC08;2025-05-17;-2.0;-258.68
64C5195257363E11052F6792C000FF39;44673735EAF46E11B7B78A650500BC08;2025-05-17;-2.0;-50.64
4AC029B21D1DDE11406610650500164A;44673735EAF46E11B7B78A650500BC08;2025-05-17;-2.0;-154.36
0F27FD8A72C97E110819BB65050019AA;44673735EAF46E11B7B78A650500BC08;2025-05-17;-4.0;-52.6
79CA388D51496E11B7B78A650500BC08;44673735EAF46E11B7B78A650500BC08;2025-05-17;-2.0;-512.96
AC37DE6AE8A47E11B7B78A650500ED08;44673735EAF46E11B7B78A650500BC08;2025-05-17;-2.0;-199.38
17164AABFA488E11F243BB650500FD3B;44673735EAF46E11B7B78A650500BC08;2025-05-17;-4.0;-660.48
2AA716D859B1EE114066106505001C4A;44673735EAF46E11B7B78A650500BC08;2025-05-17;-2.0;-156.36
7CBA894198B37E11B7B78A650500DD08;44673735EAF46E11B7B78A650500BC08;2025-05-17;-4.0;-462.76
6102EDDAC92F6E11B7B78A650500CD08;44673735EAF46E11B7B78A650500BC08;2025-05-17;-2.0;-114.62
F646A83C9EEDBE118772106505000F59;44673735EAF46E11B7B78A650500BC08;2025-05-17;-16.0;-557.44
DC076A426D7DBE118772106505007E59;44673735EAF46E11B7B78A650500BC08;2025-05-17;-4.0;-428.0
3D928FA3DC456E11B7B78A650500BC08;44673735EAF46E11B7B78A650500BC08;2025-05-17;-2.0;-195.24
D56A44AB03078E11F243BB6505005C3B;44673735EAF46E11B7B78A650500BC08;2025-05-17;-2.0;-99.34
9E5265483915CE11ADB3106505000DA8;44673735EAF46E11B7B78A650500BC08;2025-05-17;-4.0;-883.48
0C2A75B1821A8E11F243BB650500304B;44673735EAF46E11B7B78A650500BC08;2025-05-17;-4.0;-465.4
2AE4B5203D456E11B7B78A650500BC08;44673735EAF46E11B7B78A650500BC08;2025-05-17;-2.0;-107.48
F9FD29B141248E113835BB6505009CAA;44673735EAF46E11B7B78A650500BC08;2025-05-17;-2.0;-36.8
61F26D5AFB5F7E110819BB65050039AA;44673735EAF46E11B7B78A650500BC08;2025-05-17;-4.0;-175.2
3DF9912ED621BE11BE2110650500D65A;44673735EAF46E11B7B78A650500BC08;2025-05-17;-4.0;-492.24
89AFE694AC456E11B7B78A650500BC08;44673735EAF46E11B7B78A650500BC08;2025-05-17;-2.0;-39.54
B0AA28A04E456E11B7B78A650500BC08;44673735EAF46E11B7B78A650500BC08;2025-05-17;-10.0;-7650.0
A8DC76387DECEE1191EE1065050029B9;44673735EAF46E11B7B78A650500BC08;2025-05-17;-2.0;-528.32
ED09394EB8E3BE11BE21106505005A5A;44673735EAF46E11B7B78A650500BC08;2025-05-17;-2.0;-84.02
50F1B189E1027E11B7B78A650500CD08;44673735EAF46E11B7B78A650500BC08;2025-05-17;-2.0;-378.0
3A31112B77049E115540106505009D3B;44673735EAF46E11B7B78A650500BC08;2025-05-17;-2.0;-988.52
7A29DD479C456E11B7B78A650500BC08;44673735EAF46E11B7B78A650500BC08;2025-05-17;-2.0;-85.66
5EAA59F21C7C9E11726010650500494A;44673735EAF46E11B7B78A650500BC08;2025-05-17;-2.0;-114.62
E951BDBC4D7AFE11128010650500E819;44673735EAF46E11B7B78A650500BC08;2025-05-17;-2.0;-31.96
83E2AC99633F6E11B7B78A650500CD08;44673735EAF46E11B7B78A650500BC08;2025-05-17;-2.0;-46.16
C786FA88A8E9BE11877210650500E959;44673735EAF46E11B7B78A650500BC08;2025-05-17;-4.0;-462.0
6D12452A3E263E11052F6792C000FF39;44673735EAF46E11B7B78A650500BC08;2025-05-17;-2.0;-179.78
54361D8F49BFEE1191EE1065050089B9;44673735EAF46E11B7B78A650500BC08;2025-05-17;-2.0;-229.6
6B839D1574A2CE118772106505000569;44673735EAF46E11B7B78A650500BC08;2025-05-17;-2.0;-134.94
C6E5E0944E456E11B7B78A650500BC08;44673735EAF46E11B7B78A650500BC08;2025-05-17;-6.0;-405.0
67D14D233431BE11BE2110650500E65A;44673735EAF46E11B7B78A650500BC08;2025-05-17;-4.0;-513.0
A977DED307108E110819BB65050039AA;44673735EAF46E11B7B78A650500BC08;2025-05-17;-2.0;-42.64
0F103770B4EDDE11406610650500174A;44673735EAF46E11B7B78A650500BC08;2025-05-17;-2.0;-737.16
08FDA01AE43ACE11ADB31065050092B8;44673735EAF46E11B7B78A650500BC08;2025-05-17;-2.0;-67.16
85380AE30653CE11877210650500E569;44673735EAF46E11B7B78A650500BC08;2025-05-17;-2.0;-179.3
56736176E770BE11BE2110650500F55A;44673735EAF46E11B7B78A650500BC08;2025-05-17;-2.0;-113.7
45064108B4EE4E1142D58A650500BC08;44673735EAF46E11B7B78A650500BC08;2025-05-17;-2.0;-679.78
61E9273C2D456E11B7B78A650500BC08;44673735EAF46E11B7B78A650500BC08;2025-05-17;-4.0;-591.64
4C2C200DFD456E11B7B78A650500BC08;44673735EAF46E11B7B78A650500BC08;2025-05-17;-2.0;-410.0
F9F449F499775E1142D58A650500DC08;44673735EAF46E11B7B78A650500BC08;2025-05-17;-10.0;-701.28
45C3C57921CAED11A62CD892C0003F2A;44673735EAF46E11B7B78A650500BC08;2025-05-17;-2.0;-225.3
09AF6905B00A3E11052F6792C000D249;44673735EAF46E11B7B78A650500BC08;2025-05-17;-2.0;-544.5
7C56653C2B7FAE11BE2110650500B45A;44673735EAF46E11B7B78A650500BC08;2025-05-17;-2.0;-588.0
BD0D144103C1DE11ADB3106505001DB8;44673735EAF46E11B7B78A650500BC08;2025-05-17;-2.0;-1156.68
AA2184E73EBBEE1191EE1065050029B9;44673735EAF46E11B7B78A650500BC08;2025-05-17;-2.0;-288.34
285DA64F45B4DE11ADB310650500F0C8;44673735EAF46E11B7B78A650500BC08;2025-05-17;-2.0;-234.7
90735EA4C59DFE11F1557891FE693489;44673735EAF46E11B7B78A650500BC08;2025-05-17;-2.0;-3145.08
A60ABDE3CBDEFE11F1557891FE69D589;FC081C55582CED11A62CD892C0003F2A;2025-05-17;-10.0;-894.26
964B0581E7E97E110819BB65050019AA;FC081C55582CED11A62CD892C0003F2A;2025-05-17;-2.0;-501.84
497EC6546717FE1191EE1065050023C9;FC081C55582CED11A62CD892C0003F2A;2025-05-17;-2.0;-1436.92
E00BDB69FCDFDE11406610650500B94A;FC081C55582CED11A62CD892C0003F2A;2025-05-17;-2.0;-275.28
02A6BE29AB12DE11ADB3106505008DB8;FC081C55582CED11A62CD892C0003F2A;2025-05-17;-2.0;-967.72
5B352AE8D673AE11726010650500325A;FC081C55582CED11A62CD892C0003F2A;2025-05-17;-2.0;-113.84
FBC29FD722CDAE11BE2110650500825A;FC081C55582CED11A62CD892C0003F2A;2025-05-17;-6.0;-235.2
0AE46024DFE34E1142D58A6505002C08;FC081C55582CED11A62CD892C0003F2A;2025-05-17;-2.0;-78.68
275CF8DE01CAED11A62CD892C0003F2A;FC081C55582CED11A62CD892C0003F2A;2025-05-17;-2.0;-210.18
62AE4246B7A0EE11406610650500BA4A;FC081C55582CED11A62CD892C0003F2A;2025-05-17;-6.0;-510.59999999999997
BDA4336C478B3E11052F6792C000D249;FC081C55582CED11A62CD892C0003F2A;2025-05-17;-8.0;-530.8
FFA7EDD1F0CAED11A62CD892C0003F2A;FC081C55582CED11A62CD892C0003F2A;2025-05-17;-2.0;-349.28
BD84EB1C9B98FE11128010650500D819;FC081C55582CED11A62CD892C0003F2A;2025-05-17;-2.0;-80.58
82A5A22440CAED11A62CD892C0003F2A;FC081C55582CED11A62CD892C0003F2A;2025-05-17;-2.0;-229.32
44D3B0467EA23E11052F6792C000CF39;FC081C55582CED11A62CD892C0003F2A;2025-05-17;-2.0;-409.44
C298FDB5AB12DE11ADB3106505008DB8;FC081C55582CED11A62CD892C0003F2A;2025-05-17;-4.0;-2172.66
AD5627ADC0CAED11A62CD892C0003F2A;FC081C55582CED11A62CD892C0003F2A;2025-05-17;-2.0;-396.46
38607A7B35835E1142D58A650500DC08;FC081C55582CED11A62CD892C0003F2A;2025-05-17;-8.0;-1019.4200000000001
C4B387F906676E11B7B78A650500BC08;FC081C55582CED11A62CD892C0003F2A;2025-05-17;-2.0;-724.46
982950A3AA187E110819BB65050009AA;FC081C55582CED11A62CD892C0003F2A;2025-05-17;-4.0;-183.6
E5EC7B49AD67EE1191EE1065050017B9;FC081C55582CED11A62CD892C0003F2A;2025-05-17;-2.0;-265.68
3AFE6DB100E9DE11406610650500C14A;FC081C55582CED11A62CD892C0003F2A;2025-05-17;-2.0;-187.08
220E600801CAED11A62CD892C0003F2A;FC081C55582CED11A62CD892C0003F2A;2025-05-17;-4.0;-2580.04
5DEE62AD24FFDE11406610650500D94A;FC081C55582CED11A62CD892C0003F2A;2025-05-17;-2.0;-16.9
60932734301ACE11ADB31065050062B8;FC081C55582CED11A62CD892C0003F2A;2025-05-17;-2.0;-494.4
767AD3E6104FFE11F1557891FE695689;FC081C55582CED11A62CD892C0003F2A;2025-05-17;-2.0;-48.7
2A1D2017B7A0EE11406610650500BA4A;FC081C55582CED11A62CD892C0003F2A;2025-05-17;-4.0;-340.4
A66B85D42308DE11C84610650500607A;FC081C55582CED11A62CD892C0003F2A;2025-05-17;-2.0;-106.02
46D2D286F934DE11ADB31065050050C8;FC081C55582CED11A62CD892C0003F2A;2025-05-17;-2.0;-507.9
78F97DAEC12AFE11128010650500E819;FC081C55582CED11A62CD892C0003F2A;2025-05-17;-2.0;-719.74
84A6BE7EF77EFE11F1557891FE695589;FC081C55582CED11A62CD892C0003F2A;2025-05-17;-2.0;-82.22
3FC5377BD826AE11BE2110650500D84A;FC081C55582CED11A62CD892C0003F2A;2025-05-17;-2.0;-150.84
283159E86589DE11406610650500514A;FC081C55582CED11A62CD892C0003F2A;2025-05-17;-6.0;-1151.4
176026FD6F45DE11ADB310650500B1C8;FC081C55582CED11A62CD892C0003F2A;2025-05-17;-2.0;-942.76
D4DB84D300B9EE1191EE1065050009B9;FC081C55582CED11A62CD892C0003F2A;2025-05-17;-4.0;-1041.82
6ACDBF05F64BCE11ADB31065050014B8;FC081C55582CED11A62CD892C0003F2A;2025-05-17;-2.0;-1929.44
21172C68E51ECE11ADB310650500E7B8;FC081C55582CED11A62CD892C0003F2A;2025-05-17;-8.0;-1277.54
62A0B4B3C533FE1191EE106505000EB9;FC081C55582CED11A62CD892C0003F2A;2025-05-17;-2.0;-186.9
16B7C3B4BDCFCE11ADB3106505003AB8;FC081C55582CED11A62CD892C0003F2A;2025-05-17;-4.0;-138.68
647785D8D0CAED11A62CD892C0003F2A;FC081C55582CED11A62CD892C0003F2A;2025-05-17;-2.0;-172.2
0B22BDA7A11B6E11B7B78A650500BC08;FC081C55582CED11A62CD892C0003F2A;2025-05-17;-2.0;-181.0
1B51A48BB4B31E1143F0668E42008C3B;FC081C55582CED11A62CD892C0003F2A;2025-05-17;-2.0;-2493.66
0FF0E8C55907FE1191EE1065050013C9;FC081C55582CED11A62CD892C0003F2A;2025-05-17;-2.0;-138.5
A0F75C1CB364AE11726010650500635A;FC081C55582CED11A62CD892C0003F2A;2025-05-17;-2.0;-486.84
8A125A93C263CE11877210650500F569;FC081C55582CED11A62CD892C0003F2A;2025-05-17;-6.0;-712.8
207BBB26DEE4AE11726010650500145A;FC081C55582CED11A62CD892C0003F2A;2025-05-17;-2.0;-24.42
11DBD1DCD0CAED11A62CD892C0003F2A;FC081C55582CED11A62CD892C0003F2A;2025-05-17;-14.0;-2033.44
293D26C3BCB1EE114066106505001C4A;FC081C55582CED11A62CD892C0003F2A;2025-05-17;-4.0;-270.72
23821BB60420DE11ADB310650500BAB8;FC081C55582CED11A62CD892C0003F2A;2025-05-17;-2.0;-265.2
99F93D269FAF5E1142D58A650500AD08;FC081C55582CED11A62CD892C0003F2A;2025-05-17;-4.0;-176.4
900C44F6E86DEE1191EE1065050029B9;FC081C55582CED11A62CD892C0003F2A;2025-05-17;-2.0;-114.5
77F128161AE00F11112A674AC7E29889;FC081C55582CED11A62CD892C0003F2A;2025-05-17;-8.0;-118.88
E98074815C2BFE11128010650500E819;FC081C55582CED11A62CD892C0003F2A;2025-05-17;-2.0;-33.3
61BBF605A166DE11ADB31065050013C8;FC081C55582CED11A62CD892C0003F2A;2025-05-17;-2.0;-70.18
6A02328D2377BE11877210650500C659;FC081C55582CED11A62CD892C0003F2A;2025-05-17;-2.0;-67.84
E3FF0C680C3BBE118772106505009B59;FC081C55582CED11A62CD892C0003F2A;2025-05-17;-2.0;-47.52
A691EF1A8E338E117E64BB6505007BAA;FC081C55582CED11A62CD892C0003F2A;2025-05-17;-12.0;-1680.0
ADCA5130E1C67E11B7B78A650500ED08;FC081C55582CED11A62CD892C0003F2A;2025-05-17;-2.0;-105.98
32EE2CC6D596DE11ADB31065050053C8;FC081C55582CED11A62CD892C0003F2A;2025-05-17;-4.0;-63.62
1A9C6B9FBE64AE11726010650500735A;FC081C55582CED11A62CD892C0003F2A;2025-05-17;-2.0;-12.2
2B55AE4F19ADDE11406610650500C64A;FC081C55582CED11A62CD892C0003F2A;2025-05-17;-2.0;-126.5
5770DB929813EE11B1AD1065050036EA;FC081C55582CED11A62CD892C0003F2A;2025-05-17;-2.0;-173.58
43F1C55741BFFE11F1557891FE69E689;FC081C55582CED11A62CD892C0003F2A;2025-05-17;-2.0;-57.6
D2A178CA93C1CE11877210650500E369;FC081C55582CED11A62CD892C0003F2A;2025-05-17;-2.0;-73.82
6CEB4EBF8E13FE1191EE10650500EDB9;FC081C55582CED11A62CD892C0003F2A;2025-05-17;-2.0;-56.0
181CD867763EAE11BE2110650500135A;FC081C55582CED11A62CD892C0003F2A;2025-05-17;-4.0;-72.52
D19BB862B0CAED11A62CD892C0003F2A;FC081C55582CED11A62CD892C0003F2A;2025-05-17;-6.0;-204.06
F0C2BFEC1CBE8E11F243BB650500B64B;FC081C55582CED11A62CD892C0003F2A;2025-05-17;-8.0;-74.44
8014E56DBB98FE11128010650500D819;FC081C55582CED11A62CD892C0003F2A;2025-05-17;-2.0;-66.8
6D362906993FDE11406610650500E84A;FC081C55582CED11A62CD892C0003F2A;2025-05-17;-2.0;-100.92
D7FAB12DDF30EE114066106505003A4A;FC081C55582CED11A62CD892C0003F2A;2025-05-17;-2.0;-52.36
87F63D64E86DEE1191EE1065050029B9;FC081C55582CED11A62CD892C0003F2A;2025-05-17;-2.0;-18.34
C07402E131BD3E11052F6792C000D249;FC081C55582CED11A62CD892C0003F2A;2025-05-17;-2.0;-49.34
0756344CC691FE1191EE10650500EBB9;FC081C55582CED11A62CD892C0003F2A;2025-05-17;-2.0;-75.72
9F571B821BA2EE11B1AD10650500A5EA;FC081C55582CED11A62CD892C0003F2A;2025-05-17;-2.0;-255.86
BE7F13DEE2E3DE11ADB310650500CFB8;FC081C55582CED11A62CD892C0003F2A;2025-05-17;-2.0;-713.82
4D7EEA51F001AE117260106505001F4A;FC081C55582CED11A62CD892C0003F2A;2025-05-17;-4.0;-587.78
32CB56546C8F6E11B7B78A650500CD08;FC081C55582CED11A62CD892C0003F2A;2025-05-17;-4.0;-1692.68
EA3685A92F94DE11ADB310650500D0C8;FC081C55582CED11A62CD892C0003F2A;2025-05-17;-2.0;-198.86
6A99182F55FDFE11F1557891FE69B489;FC081C55582CED11A62CD892C0003F2A;2025-05-17;-6.0;-347.94
858395229A785E1142D58A650500DC08;FC081C55582CED11A62CD892C0003F2A;2025-05-17;-2.0;-231.38
B13819871F9DEE1191EE1065050029B9;FC081C55582CED11A62CD892C0003F2A;2025-05-17;-4.0;-334.04
44733569BF09FE11128010650500E819;FC081C55582CED11A62CD892C0003F2A;2025-05-17;-2.0;-410.64
EBC4EB1C9B98FE11128010650500D819;FC081C55582CED11A62CD892C0003F2A;2025-05-17;-4.0;-249.68
85AD1C3C57E44E1142D58A6505002C08;FC081C55582CED11A62CD892C0003F2A;2025-05-17;-2.0;-39.88
4029C31D5970BE11BE2110650500F55A;FC081C55582CED11A62CD892C0003F2A;2025-05-17;-4.0;-1746.34
8A8D5B098FAC9E11726010650500894A;FC081C55582CED11A62CD892C0003F2A;2025-05-17;-2.0;-336.6
26D0FAA95A530E11A4A96492C00008E9;FC081C55582CED11A62CD892C0003F2A;2025-05-17;-2.0;-464.42
C8EB44A7113FEE1191EE1065050029B9;FC081C55582CED11A62CD892C0003F2A;2025-05-17;-2.0;-540.0
23A625C98A67DE11C84610650500AF6A;FC081C55582CED11A62CD892C0003F2A;2025-05-17;-2.0;-2054.1
0DE2A748A735EE11B1AD10650500F8EA;FC081C55582CED11A62CD892C0003F2A;2025-05-17;-8.0;-3306.32
ECAF8A5FC0CAED11A62CD892C0003F2A;FC081C55582CED11A62CD892C0003F2A;2025-05-17;-2.0;-243.72
9E4D455DE0CAED11A62CD892C0003F2A;FC081C55582CED11A62CD892C0003F2A;2025-05-17;-2.0;-287.06
18439DCCDB97DE11C84610650500EF6A;FC081C55582CED11A62CD892C0003F2A;2025-05-17;-2.0;-442.16
EF39248CF5802E1143F0668E4200C71A;FC081C55582CED11A62CD892C0003F2A;2025-05-17;-2.0;-319.58
647732FC5CFFFE11F1557891FE694789;FC081C55582CED11A62CD892C0003F2A;2025-05-17;-6.0;-264.04
6C1753B33AC75E1142D58A650500DC08;FC081C55582CED11A62CD892C0003F2A;2025-05-17;-4.0;-649.78
950D640201CAED11A62CD892C0003F2A;FC081C55582CED11A62CD892C0003F2A;2025-05-17;-2.0;-152.14
ED40F70F4B7ABE11877210650500AA59;FC081C55582CED11A62CD892C0003F2A;2025-05-17;-2.0;-56.56
3C4E17A90E907E11B7B78A650500CD08;FC081C55582CED11A62CD892C0003F2A;2025-05-17;-6.0;-578.8
5CF8BAC793688E11F243BB6505001E3B;FC081C55582CED11A62CD892C0003F2A;2025-05-17;-2.0;-71.06
C1EE22C97AEAEE1191EE1065050029B9;FC081C55582CED11A62CD892C0003F2A;2025-05-17;-2.0;-744.44
3864C654B733AE11726010650500E15A;FC081C55582CED11A62CD892C0003F2A;2025-05-17;-6.0;-2054.16
C057669D0B2A0E11A4A96492C0001269;FC081C55582CED11A62CD892C0003F2A;2025-05-17;-4.0;-1102.4
F6C8A3B55D74FE1191EE10650500CFB9;FC081C55582CED11A62CD892C0003F2A;2025-05-17;-2.0;-295.64
34A5086A044EFE11F1557891FE691589;FC081C55582CED11A62CD892C0003F2A;2025-05-17;-2.0;-141.88
D48D17EE70BDBE11877210650500BE59;FC081C55582CED11A62CD892C0003F2A;2025-05-17;-6.0;-1395.82
9A7725F9B1E0DE11ADB310650500DBB8;FC081C55582CED11A62CD892C0003F2A;2025-05-17;-2.0;-224.8
EEC3D8851635DE11ADB31065050091C8;FC081C55582CED11A62CD892C0003F2A;2025-05-17;-2.0;-283.74
DD38D1D62CECDE11406610650500D54A;FC081C55582CED11A62CD892C0003F2A;2025-05-17;-2.0;-420.46
91998708FFC32E1143F0668E4200C71A;FC081C55582CED11A62CD892C0003F2A;2025-05-17;-4.0;-126.62
AA3211770F8C7E110819BB65050039AA;FC081C55582CED11A62CD892C0003F2A;2025-05-17;-4.0;-655.0
694C3EA3E7A6BE11877210650500C559;FC081C55582CED11A62CD892C0003F2A;2025-05-17;-4.0;-98.8
5D1186C8CC91CE11877210650500B369;FC081C55582CED11A62CD892C0003F2A;2025-05-17;-2.0;-497.76
43529E54E872FE1191EE106505000DB9;FC081C55582CED11A62CD892C0003F2A;2025-05-17;-2.0;-597.02
9FDA14911253FE1191EE106505002EB9;FC081C55582CED11A62CD892C0003F2A;2025-05-17;-4.0;-146.89999999999998
D3033A80E0CAED11A62CD892C0003F2A;FC081C55582CED11A62CD892C0003F2A;2025-05-17;-4.0;-597.8
21E93C3D91CAED11A62CD892C0003F2A;FC081C55582CED11A62CD892C0003F2A;2025-05-17;-2.0;-134.04
47990885435C9E11726010650500194A;FC081C55582CED11A62CD892C0003F2A;2025-05-17;-2.0;-198.82
3D47C1103FDE8E11F243BB650500E64B;FC081C55582CED11A62CD892C0003F2A;2025-05-17;-2.0;-930.4
27D23CE1B721AE117260106505004F4A;FC081C55582CED11A62CD892C0003F2A;2025-05-17;-2.0;-200.38
3EDFE963D83EFE11F1557891FE690589;FC081C55582CED11A62CD892C0003F2A;2025-05-17;-2.0;-120.88
16E1D296104FFE11F1557891FE695689;FC081C55582CED11A62CD892C0003F2A;2025-05-17;-2.0;-17.72
3C850F5EEB6DFE11F1557891FE690489;FC081C55582CED11A62CD892C0003F2A;2025-05-17;-2.0;-359.8
72024329113FEE1191EE1065050029B9;FC081C55582CED11A62CD892C0003F2A;2025-05-17;-2.0;-1688.0
8818093998A88E11F243BB6505006E3B;FC081C55582CED11A62CD892C0003F2A;2025-05-17;-2.0;-219.94
770A790A8616CE11ADB3106505007DA8;FC081C55582CED11A62CD892C0003F2A;2025-05-17;-2.0;-158.12
64E64194CFF1CE118772106505003469;FC081C55582CED11A62CD892C0003F2A;2025-05-17;-2.0;-592.12
3D884F7254940E11A4A96492C000067B;FC081C55582CED11A62CD892C0003F2A;2025-05-17;-4.0;-750.56
9F0B74D7D0CAED11A62CD892C0003F2A;FC081C55582CED11A62CD892C0003F2A;2025-05-17;-2.0;-780.0
DDE9919AAF36FE1191EE1065050002C9;FC081C55582CED11A62CD892C0003F2A;2025-05-17;-10.0;-88.06
1B16DD46801C3E11052F6792C000D249;FC081C55582CED11A62CD892C0003F2A;2025-05-17;-4.0;-58.8
B9905635FF1FCE11ADB31065050039B8;FC081C55582CED11A62CD892C0003F2A;2025-05-17;-4.0;-455.26
2BAEEE9A82E04E1142D58A650500DB08;FC081C55582CED11A62CD892C0003F2A;2025-05-17;-2.0;-244.28
EE990BED90CAED11A62CD892C0003F2A;FC081C55582CED11A62CD892C0003F2A;2025-05-17;-6.0;-1080.0
78AB4C8642DB8E11F243BB650500724B;FC081C55582CED11A62CD892C0003F2A;2025-05-17;-4.0;-2299.24
D036D81364FF4E1142D58A650500BC08;FC081C55582CED11A62CD892C0003F2A;2025-05-17;-4.0;-134.24
2BBFF4148CA7FE1191EE10650500E3C9;FC081C55582CED11A62CD892C0003F2A;2025-05-17;-4.0;-880.2
F32750380C423E11052F6792C000CF39;FC081C55582CED11A62CD892C0003F2A;2025-05-17;-2.0;-420.4
370CDCE691CAED11A62CD892C0003F2A;FC081C55582CED11A62CD892C0003F2A;2025-05-17;-2.0;-302.08
72BE4835A869FE11128010650500E819;FC081C55582CED11A62CD892C0003F2A;2025-05-17;-2.0;-494.76
F7892213A3FF7E110819BB65050039AA;FC081C55582CED11A62CD892C0003F2A;2025-05-17;-2.0;-139.56
2DBAD296DDFFFE11F1557891FE694789;FC081C55582CED11A62CD892C0003F2A;2025-05-17;-2.0;-539.0
6EA292756D44FE1191EE106505007FB9;FC081C55582CED11A62CD892C0003F2A;2025-05-17;-4.0;-2824.0
54E515C781CAED11A62CD892C0003F2A;FC081C55582CED11A62CD892C0003F2A;2025-05-17;-2.0;-313.08
A5815C9DA8FEFD11A4A96492C000DFF9;FC081C55582CED11A62CD892C0003F2A;2025-05-17;-4.0;-522.28
068C88AF803D7E110819BB65050039AA;FC081C55582CED11A62CD892C0003F2A;2025-05-17;-6.0;-68.68
1D79A08BE342EE11406610650500DC4A;FC081C55582CED11A62CD892C0003F2A;2025-05-17;-2.0;-543.64
F8065457C75CEE1191EE1065050029B9;FC081C55582CED11A62CD892C0003F2A;2025-05-17;-2.0;-4321.18
74027B803884EE11B1AD1065050008EA;FC081C55582CED11A62CD892C0003F2A;2025-05-17;-2.0;-436.18
FEC0163AEC54DE11ADB31065050080C8;FC081C55582CED11A62CD892C0003F2A;2025-05-17;-2.0;-616.82
AA3F7DF37FAF5E1142D58A650500AD08;FC081C55582CED11A62CD892C0003F2A;2025-05-17;-2.0;-379.82
6943869E6BF1EE114066106505007C4A;FC081C55582CED11A62CD892C0003F2A;2025-05-17;0.0;0.0
6B93F324453CFE111280106505000919;FC081C55582CED11A62CD892C0003F2A;2025-05-17;-2.0;-23.76
F81BAA01294A1E1143F0668E4200FBFB;FC081C55582CED11A62CD892C0003F2A;2025-05-17;-2.0;-214.7
A2CEE7E6E28B5E1142D58A6505000D08;FC081C55582CED11A62CD892C0003F2A;2025-05-17;-2.0;-246.82
C6C823FA8D410F11112A674AC7E21989;FC081C55582CED11A62CD892C0003F2A;2025-05-17;-14.0;-855.4000000000001
B9F96F19CDF39E115540106505008D3B;FC081C55582CED11A62CD892C0003F2A;2025-05-17;-2.0;-43.26
4F385AC53432DE11ADB310650500ADB8;FC081C55582CED11A62CD892C0003F2A;2025-05-17;-2.0;-1460.96
8A9FD8FFCCEEDE11406610650500884A;FC081C55582CED11A62CD892C0003F2A;2025-05-17;-4.0;-53.04
7B5EF2537E62FE1191EE10650500FCB9;FC081C55582CED11A62CD892C0003F2A;2025-05-17;-2.0;-264.72
3F53D0753064DE11ADB31065050080C8;FC081C55582CED11A62CD892C0003F2A;2025-05-17;-2.0;-951.92
AC11F557695EDE11406610650500C74A;FC081C55582CED11A62CD892C0003F2A;2025-05-17;-4.0;-842.36
346145D7EF6AFE11128010650500E819;FC081C55582CED11A62CD892C0003F2A;2025-05-17;-4.0;-620.0
AAFD5840CA187E110819BB65050009AA;FC081C55582CED11A62CD892C0003F2A;2025-05-17;-4.0;-349.0
A260E0E084410F11112A674AC7E20989;FC081C55582CED11A62CD892C0003F2A;2025-05-17;-2.0;-522.4
5EA0BB5F01CAED11A62CD892C0003F2A;FC081C55582CED11A62CD892C0003F2A;2025-05-17;-2.0;-184.0
139EDC2E348DFE11F1557891FE692489;FC081C55582CED11A62CD892C0003F2A;2025-05-17;-2.0;-439.64
EB3BDB0D222DFE11F1557891FE69A389;FC081C55582CED11A62CD892C0003F2A;2025-05-17;-2.0;-122.4
D4A4FCE301CAED11A62CD892C0003F2A;FC081C55582CED11A62CD892C0003F2A;2025-05-17;-2.0;-131.02
1717526C6945BE11BE21106505001C5A;FC081C55582CED11A62CD892C0003F2A;2025-05-17;-2.0;-118.18
17B2A660D6C1AE11726010650500105A;FC081C55582CED11A62CD892C0003F2A;2025-05-17;-2.0;-1224.32
D2F85D4FD583CE118772106505002669;FC081C55582CED11A62CD892C0003F2A;2025-05-17;-2.0;-643.28
2303D4386BCEAE11BE2110650500D35A;FC081C55582CED11A62CD892C0003F2A;2025-05-17;-2.0;-736.0
80B12581E983DE11ADB3106505005FB8;FC081C55582CED11A62CD892C0003F2A;2025-05-17;-2.0;-235.96
46EBB8246B34DE11ADB31065050050C8;FC081C55582CED11A62CD892C0003F2A;2025-05-17;-2.0;-170.48
9C2399A60207BE118772106505003659;FC081C55582CED11A62CD892C0003F2A;2025-05-17;-2.0;-329.96
9BD90BF82432DE11ADB310650500ADB8;FC081C55582CED11A62CD892C0003F2A;2025-05-17;-2.0;-1416.64
C7FAB9997B5EEE1191EE1065050029B9;FC081C55582CED11A62CD892C0003F2A;2025-05-17;-2.0;-133.2
990EF723558EFE11F1557891FE696589;FC081C55582CED11A62CD892C0003F2A;2025-05-17;-2.0;-820.8
23887921BD67EE1191EE1065050017B9;FC081C55582CED11A62CD892C0003F2A;2025-05-17;-2.0;-177.76
AD336A66D343FE1191EE106505001EB9;FC081C55582CED11A62CD892C0003F2A;2025-05-17;-2.0;-368.42
1064065078DDCE11ADB31065050097B8;FC081C55582CED11A62CD892C0003F2A;2025-05-17;-4.0;-145.92
F2F89BDB7D6AFE11128010650500E819;FC081C55582CED11A62CD892C0003F2A;2025-05-17;-2.0;-33.68
5C68199300E7EE1191EE10650500A7B9;FC081C55582CED11A62CD892C0003F2A;2025-05-17;-4.0;-165.5
17C44639EDDFDE11406610650500B94A;FC081C55582CED11A62CD892C0003F2A;2025-05-17;-2.0;-520.78
20E19518C12AFE11128010650500E819;FC081C55582CED11A62CD892C0003F2A;2025-05-17;-4.0;-3107.52
7706CDB3E28B5E1142D58A6505000D08;FC081C55582CED11A62CD892C0003F2A;2025-05-17;-2.0;-246.82
17475071D46EEE1191EE1065050029B9;FC081C55582CED11A62CD892C0003F2A;2025-05-17;-2.0;-589.12
2351D3A45815CE11ADB3106505000DA8;FC081C55582CED11A62CD892C0003F2A;2025-05-17;-2.0;-15.88
5D9B2D2C50C1CE11877210650500E369;FC081C55582CED11A62CD892C0003F2A;2025-05-17;-2.0;-241.2
6334CE20180AEE1191EE1065050009B9;FC081C55582CED11A62CD892C0003F2A;2025-05-17;-2.0;-53.68
AD872C5E0354DE11ADB31065050070C8;FC081C55582CED11A62CD892C0003F2A;2025-05-17;-8.0;-3337.64
19741E315AD18E11996DBB650500B9AA;FC081C55582CED11A62CD892C0003F2A;2025-05-17;-2.0;-2677.52
DC1A49A50FBBEE1191EE1065050029B9;FC081C55582CED11A62CD892C0003F2A;2025-05-17;-2.0;-194.0
347D9407F7B13E11052F6792C000CF39;FC081C55582CED11A62CD892C0003F2A;2025-05-17;-2.0;-199.52
F0B3034C4B100E11A4A96492C0002019;FC081C55582CED11A62CD892C0003F2A;2025-05-17;-2.0;-220.9
14555AF2DF11DE11ADB3106505003CB8;FC081C55582CED11A62CD892C0003F2A;2025-05-17;-4.0;-1628.44
FDDDD82EC0CAED11A62CD892C0003F2A;FC081C55582CED11A62CD892C0003F2A;2025-05-17;-2.0;-358.22
4E7A8CB7C54DEE1191EE1065050029B9;FC081C55582CED11A62CD892C0003F2A;2025-05-17;-2.0;-73.92
62DD54E5D0CAED11A62CD892C0003F2A;FC081C55582CED11A62CD892C0003F2A;2025-05-17;-2.0;-327.6
F3A43B996382DE11ADB3106505000EB8;FC081C55582CED11A62CD892C0003F2A;2025-05-17;-4.0;-1635.2
DD380B3FDF3B9E115250106505007C4A;FC081C55582CED11A62CD892C0003F2A;2025-05-17;-2.0;-470.0
E83F9C0623C50E11A4A96492C00060C8;FC081C55582CED11A62CD892C0003F2A;2025-05-17;-2.0;-583.5
8B62153200E7EE1191EE10650500A7B9;FC081C55582CED11A62CD892C0003F2A;2025-05-17;-2.0;-38.32
16E38B3A4DBD7E110819BB65050039AA;FC081C55582CED11A62CD892C0003F2A;2025-05-17;-2.0;-25.66
1FC462F1CFB85E1142D58A650500DC08;FC081C55582CED11A62CD892C0003F2A;2025-05-17;-2.0;-457.56
94D2B2295CF2CE118772106505007569;FC081C55582CED11A62CD892C0003F2A;2025-05-17;-2.0;-512.6
35EACCEB5E1C7E110819BB65050039AA;FC081C55582CED11A62CD892C0003F2A;2025-05-17;-2.0;-570.1
86946A0DB54CCE11ADB31065050075B8;FC081C55582CED11A62CD892C0003F2A;2025-05-17;-2.0;-140.9
867A521EF3042E1143F0668E4200C71A;FC081C55582CED11A62CD892C0003F2A;2025-05-17;-2.0;-715.86
BA4C4B91C46C6E11B7B78A650500BC08;B0BDDED34CC83E11052F6792C000B249;2025-05-17;-2.0;-193.0
9BC8B5451A134E1142D58A6505001C08;B0BDDED34CC83E11052F6792C000B249;2025-05-17;-2.0;-738.0
61076332514C7E110819BB65050039AA;B0BDDED34CC83E11052F6792C000B249;2025-05-17;-2.0;-273.96
D4A7F05B506AAE11BE21106505003E4A;B0BDDED34CC83E11052F6792C000B249;2025-05-17;-2.0;-306.88
39B53066B23C6E11B7B78A650500BC08;B0BDDED34CC83E11052F6792C000B249;2025-05-17;-2.0;-97.06
343D0636E8F19E11554010650500DA3B;B0BDDED34CC83E11052F6792C000B249;2025-05-17;-12.0;-1386.0
17D7FCFEDB8F6E11B7B78A650500CD08;B0BDDED34CC83E11052F6792C000B249;2025-05-17;-2.0;-411.24
404D8C0C64FF4E1142D58A650500BC08;B0BDDED34CC83E11052F6792C000B249;2025-05-17;-4.0;-127.86
A124E50E08449E11554010650500ED3B;B0BDDED34CC83E11052F6792C000B249;2025-05-17;-54.0;-2655.02
37308690BFC18E113835BB650500B9AA;B0BDDED34CC83E11052F6792C000B249;2025-05-17;-4.0;-610.46
205641706D52EE11406610650500FC4A;B0BDDED34CC83E11052F6792C000B249;2025-05-17;-2.0;-489.38
73C92B5255AE4E1142D58A650500BC08;B0BDDED34CC83E11052F6792C000B249;2025-05-17;-4.0;-183.88
0BF7BB9EE342EE11406610650500DC4A;B0BDDED34CC83E11052F6792C000B249;2025-05-17;-2.0;-396.3
C0B0682B0464AE11726010650500635A;B0BDDED34CC83E11052F6792C000B249;2025-05-17;-6.0;-1181.58
E23732FC5CFFFE11F1557891FE694789;B0BDDED34CC83E11052F6792C000B249;2025-05-17;-2.0;-88.0
00D2CFBB5B229E115540106505003B3B;B0BDDED34CC83E11052F6792C000B249;2025-05-17;-4.0;-381.4
3DC33DC529265E1142D58A650500DC08;B0BDDED34CC83E11052F6792C000B249;2025-05-17;-16.0;-2602.56
1059B14A5F582E11052F6792C0007F39;B0BDDED34CC83E11052F6792C000B249;2025-05-17;-2.0;-119.14
7FCDB59D0EB89E11525010650500394A;B0BDDED34CC83E11052F6792C000B249;2025-05-17;-2.0;-256.22
9FA0FD18E94DFE11F1557891FE69D389;B0BDDED34CC83E11052F6792C000B249;2025-05-17;-8.0;-320.76
293D26C3BCB1EE114066106505001C4A;B0BDDED34CC83E11052F6792C000B249;2025-05-17;-4.0;-270.72
2D6622F431010F11112A674AC7E2B889;B0BDDED34CC83E11052F6792C000B249;2025-05-17;-6.0;-474.82
57A5A574877ADE11406610650500824A;B0BDDED34CC83E11052F6792C000B249;2025-05-17;-10.0;-3344.5
CF0A8E67BC5A3E11052F6792C000D249;B0BDDED34CC83E11052F6792C000B249;2025-05-17;-2.0;-583.5
6E679C94F40ADE11406610650500F14A;B0BDDED34CC83E11052F6792C000B249;2025-05-17;-4.0;-92.0
D1400672989FBE118772106505002169;B0BDDED34CC83E11052F6792C000B249;2025-05-17;-2.0;-92.4
FCEC30D9A257DE11C846106505008F6A;B0BDDED34CC83E11052F6792C000B249;2025-05-17;-18.0;-459.0
CED30897CA200F11F1557891FE698789;B0BDDED34CC83E11052F6792C000B249;2025-05-17;-2.0;-464.0
A4E787E2A00CEE1191EE1065050029B9;B0BDDED34CC83E11052F6792C000B249;2025-05-17;-2.0;-762.0
77F128161AE00F11112A674AC7E29889;B0BDDED34CC83E11052F6792C000B249;2025-05-17;-2.0;-29.72
09966C2B0876BE118772106505008559;B0BDDED34CC83E11052F6792C000B249;2025-05-17;-8.0;-193.6
AC11F557695EDE11406610650500C74A;B0BDDED34CC83E11052F6792C000B249;2025-05-17;-2.0;-628.64
64199ED6761ECE11ADB310650500E7B8;B0BDDED34CC83E11052F6792C000B249;2025-05-17;-2.0;-515.36
4769CAA0EC6FEE1191EE1065050029B9;B0BDDED34CC83E11052F6792C000B249;2025-05-17;-2.0;-390.12
2E6015003E405E1142D58A650500BC08;B0BDDED34CC83E11052F6792C000B249;2025-05-17;-2.0;-239.84
32B182DAF8FEDE11406610650500984A;B0BDDED34CC83E11052F6792C000B249;2025-05-17;-2.0;-90.14
F3768EBEFDCA9E11525010650500EB4A;B0BDDED34CC83E11052F6792C000B249;2025-05-17;-10.0;-1232.0
13EDC40BBE6DFE11F1557891FE690489;B0BDDED34CC83E11052F6792C000B249;2025-05-17;-4.0;-610.4
21C21B900B8EDE11406610650500084A;B0BDDED34CC83E11052F6792C000B249;2025-05-17;-2.0;-528.88
83CC72ACC09EBE11877210650500DF59;B0BDDED34CC83E11052F6792C000B249;2025-05-17;-10.0;-278.6
CBA1ACB9F789DE11406610650500514A;B0BDDED34CC83E11052F6792C000B249;2025-05-17;-2.0;-51.0
07EE8860AB547E11B7B78A650500ED08;B0BDDED34CC83E11052F6792C000B249;2025-05-17;-2.0;-767.42
FF90065732106E1142D58A650500AD08;B0BDDED34CC83E11052F6792C000B249;2025-05-17;-6.0;-553.08
E6984BF5E509CE11ADB31065050011B8;B0BDDED34CC83E11052F6792C000B249;2025-05-17;-2.0;-697.24
ECD0463D3295EE1191EE1065050005B9;B0BDDED34CC83E11052F6792C000B249;2025-05-17;-2.0;-198.94
ABA90CDB0321DE11ADB3106505003CB8;B0BDDED34CC83E11052F6792C000B249;2025-05-17;-2.0;-114.0
BE01F195F1429E115540106505005B3B;B0BDDED34CC83E11052F6792C000B249;2025-05-17;-4.0;-118.06
B57B108CB98ABE11877210650500BA59;B0BDDED34CC83E11052F6792C000B249;2025-05-17;-2.0;-961.86
38C8F15F7742EE11406610650500DC4A;B0BDDED34CC83E11052F6792C000B249;2025-05-17;-2.0;-1170.0
A991DCCF1AB57E11B7B78A650500ED08;B0BDDED34CC83E11052F6792C000B249;2025-05-17;-2.0;-489.2
857CBDA308C6DE11C84610650500DE6A;B0BDDED34CC83E11052F6792C000B249;2025-05-17;-4.0;-73.16
B82CEE66DD4DED11A62CD892C0003F2A;B0BDDED34CC83E11052F6792C000B249;2025-05-17;-2.0;-601.46
0C4F278C0ADEAE11BE2110650500E35A;B0BDDED34CC83E11052F6792C000B249;2025-05-17;-24.0;-442.8
0AB2738BBF13CE11877210650500A569;B0BDDED34CC83E11052F6792C000B249;2025-05-17;-8.0;-228.24
4EA80755CB63CE118772106505000669;B0BDDED34CC83E11052F6792C000B249;2025-05-17;-2.0;-118.7
2535E1C768A0EE11406610650500BA4A;B0BDDED34CC83E11052F6792C000B249;2025-05-17;-2.0;-259.7
DD7A82503AC0DE11ADB310650500ABB8;B0BDDED34CC83E11052F6792C000B249;2025-05-17;-8.0;-296.28
98B8E940CD2ECE11ADB31065050008B8;B0BDDED34CC83E11052F6792C000B249;2025-05-17;-10.0;-543.2
A20269A28EF58E11F243BB650500FA3B;B0BDDED34CC83E11052F6792C000B249;2025-05-17;-2.0;-269.8
AEE27CA8903D7E110819BB65050039AA;B0BDDED34CC83E11052F6792C000B249;2025-05-17;-2.0;-15.94
22CC9BC431010F11112A674AC7E2B889;B0BDDED34CC83E11052F6792C000B249;2025-05-17;-2.0;-182.56
9E2D068DDEE2BE11BE2110650500195A;B0BDDED34CC83E11052F6792C000B249;2025-05-17;-8.0;-89.56
812B6E3436E13E11052F6792C000CF39;B0BDDED34CC83E11052F6792C000B249;2025-05-17;-4.0;-928.24
E668A0A9CB4CEE1191EE1065050029B9;B0BDDED34CC83E11052F6792C000B249;2025-05-17;-2.0;-78.76
B74825DDF691FE1191EE10650500EBB9;B0BDDED34CC83E11052F6792C000B249;2025-05-17;-2.0;-126.8
6FAC2271E0CAED11A62CD892C0003F2A;B0BDDED34CC83E11052F6792C000B249;2025-05-17;-2.0;-682.92
A620F91E019EBE11877210650500DF59;B0BDDED34CC83E11052F6792C000B249;2025-05-17;-16.0;-445.76
131EEFEDEB088E11F243BB650500AD3B;B0BDDED34CC83E11052F6792C000B249;2025-05-17;-2.0;-488.92
61F26D5AFB5F7E110819BB65050039AA;B0BDDED34CC83E11052F6792C000B249;2025-05-17;-12.0;-521.78
D4746D3D43435E1142D58A650500DC08;B0BDDED34CC83E11052F6792C000B249;2025-05-17;-2.0;-323.8
5D89695ABEB5CE11ADB3106505004DA8;B0BDDED34CC83E11052F6792C000B249;2025-05-17;-2.0;-66.42
363F57AF5BCEAE11BE2110650500D35A;B0BDDED34CC83E11052F6792C000B249;2025-05-17;-2.0;-478.0
17D0FAA95A530E11A4A96492C00008E9;B0BDDED34CC83E11052F6792C000B249;2025-05-17;-4.0;-895.44
95449D2A903F8E11F243BB650500474B;B0BDDED34CC83E11052F6792C000B249;2025-05-17;-2.0;-105.42
5054768C1A5FFE11F1557891FE697689;B0BDDED34CC83E11052F6792C000B249;2025-05-17;-4.0;-211.88
858395229A785E1142D58A650500DC08;B0BDDED34CC83E11052F6792C000B249;2025-05-17;-2.0;-239.04
4BF72E5DC335DE11ADB31065050091C8;B0BDDED34CC83E11052F6792C000B249;2025-05-17;-2.0;-120.12
08AA90AB0C6A9E115250106505006B4A;B0BDDED34CC83E11052F6792C000B249;2025-05-17;-8.0;-2636.24
769B72C890CAED11A62CD892C0003F2A;B0BDDED34CC83E11052F6792C000B249;2025-05-17;-2.0;-185.32
3B0EFACF6C2CDE11406610650500E44A;B0BDDED34CC83E11052F6792C000B249;2025-05-17;-2.0;-306.86
866C3997B34C2E11052F6792C000CF39;B0BDDED34CC83E11052F6792C000B249;2025-05-17;-2.0;-284.8
BBF61E906E3CEE1191EE1065050029B9;B0BDDED34CC83E11052F6792C000B249;2025-05-17;-2.0;-92.22
335C8EE9F7BAFE11128010650500E819;B0BDDED34CC83E11052F6792C000B249;2025-05-17;-2.0;-42.0
A1F4F977397BBE11877210650500EB59;B0BDDED34CC83E11052F6792C000B249;2025-05-17;-2.0;-98.64
D12B18BCE2A8CE11ADB31065050090B8;B0BDDED34CC83E11052F6792C000B249;2025-05-17;-4.0;-1571.24
7634445DF7300F11F1557891FE699789;B0BDDED34CC83E11052F6792C000B249;2025-05-17;-6.0;-1230.0
9EF3128D98C6DE11C84610650500DE6A;B0BDDED34CC83E11052F6792C000B249;2025-05-17;-6.0;-30.24
F585D4A2CD387E110819BB65050009AA;B0BDDED34CC83E11052F6792C000B249;2025-05-17;-2.0;-65.38
8E6E948E05B4DE11ADB310650500F0C8;B0BDDED34CC83E11052F6792C000B249;2025-05-17;-2.0;-116.16
800A26E791ACDE11406610650500754A;B0BDDED34CC83E11052F6792C000B249;2025-05-17;-4.0;-835.88
E6AFE6BEE6E2DE11ADB3106505008EB8;B0BDDED34CC83E11052F6792C000B249;2025-05-17;-2.0;-97.46
75D4642A72660E11A4A96492C0004B38;B0BDDED34CC83E11052F6792C000B249;2025-05-17;-2.0;-283.5
B79FB6749CB7FE1191EE10650500F3C9;B0BDDED34CC83E11052F6792C000B249;2025-05-17;-2.0;-70.0
48904BBEC0CAED11A62CD892C0003F2A;B0BDDED34CC83E11052F6792C000B249;2025-05-17;-2.0;-221.1
4CC5040550FE5E1142D58A6505006D08;B0BDDED34CC83E11052F6792C000B249;2025-05-17;-2.0;-256.7
2148978EF4B4DE11ADB310650500F0C8;B0BDDED34CC83E11052F6792C000B249;2025-05-17;-2.0;-116.16
2722FA2284EE4E1142D58A650500BC08;B0BDDED34CC83E11052F6792C000B249;2025-05-17;-4.0;-1102.4
B51589201BA8FE11128010650500D819;B0BDDED34CC83E11052F6792C000B249;2025-05-17;-2.0;-100.0
F2B5243FE7910F114EF7A826072B8989;B0BDDED34CC83E11052F6792C000B249;2025-05-17;-2.0;-142.84
ED535048B3B0EE11406610650500CA4A;B0BDDED34CC83E11052F6792C000B249;2025-05-17;-2.0;-271.2
A047D5CDB03D7E110819BB65050039AA;B0BDDED34CC83E11052F6792C000B249;2025-05-17;-4.0;-47.82
C72E731DD023CE11877210650500A569;B0BDDED34CC83E11052F6792C000B249;2025-05-17;-2.0;-60.14
F7EE6A1AAAA2EE11B1AD10650500A5EA;B0BDDED34CC83E11052F6792C000B249;2025-05-17;-2.0;-7.22
5B4E6AE3E60BFE11128010650500E819;B0BDDED34CC83E11052F6792C000B249;2025-05-17;-4.0;-240.76
A0B399341B6C8E11F243BB650500734B;B0BDDED34CC83E11052F6792C000B249;2025-05-17;-2.0;-268.0
C722389A867F8E11F243BB650500A74B;B0BDDED34CC83E11052F6792C000B249;2025-05-17;-2.0;-29.64
2318510E68138E110223BB6505005BAA;B0BDDED34CC83E11052F6792C000B249;2025-05-17;-2.0;-986.56
21998708FFC32E1143F0668E4200C71A;B0BDDED34CC83E11052F6792C000B249;2025-05-17;-4.0;-341.14
C5A8DEAAE0CAED11A62CD892C0003F2A;B0BDDED34CC83E11052F6792C000B249;2025-05-17;-2.0;-234.28
EA3F4A2031D1DE11ADB3106505002DB8;B0BDDED34CC83E11052F6792C000B249;2025-05-17;-2.0;-183.5
7B12EBF771500F11F1557891FE69B789;B0BDDED34CC83E11052F6792C000B249;2025-05-17;-2.0;-38.0
C7A7BED8EC89FE11128010650500E819;B0BDDED34CC83E11052F6792C000B249;2025-05-17;-2.0;-140.6
A033F6C2D74CDE11406610650500054A;B0BDDED34CC83E11052F6792C000B249;2025-05-17;-2.0;-98.0
844267648D4EFE11F1557891FE692589;B0BDDED34CC83E11052F6792C000B249;2025-05-17;-2.0;-1025.8
309D72CB9D1DDE11406610650500164A;B0BDDED34CC83E11052F6792C000B249;2025-05-17;-2.0;-25.4
185B9B4990CAED11A62CD892C0003F2A;B0BDDED34CC83E11052F6792C000B249;2025-05-17;-2.0;-312.32
C185C2957654EE11B1AD10650500C7EA;B0BDDED34CC83E11052F6792C000B249;2025-05-17;-2.0;-23.42
EB5980AE1C427E11B7B78A650500CD08;44673735EAF46E11B7B78A650500BC08;2025-05-17;4.0;1426.0
21154C352D456E11B7B78A650500BC08;44673735EAF46E11B7B78A650500BC08;2025-05-17;20.0;5112.8
779902914575EE1191EE10650500D4B9;44673735EAF46E11B7B78A650500BC08;2025-05-17;112.0;4918.0
53F0786EDB997E110819BB65050019AA;44673735EAF46E11B7B78A650500BC08;2025-05-17;0.0;0.0
F12B0DC8862FFE11F1557891FE693689;44673735EAF46E11B7B78A650500BC08;2025-05-17;-2.0;-678.0
B718A5E46C6E7E110819BB65050039AA;44673735EAF46E11B7B78A650500BC08;2025-05-17;0.0;0.0
E0FC70149989EE1191EE1065050009B9;44673735EAF46E11B7B78A650500BC08;2025-05-17;0.0;0.0
DCD31F9234627E11B7B78A650500CD08;44673735EAF46E11B7B78A650500BC08;2025-05-17;0.0;0.0
A57FB01B5D456E11B7B78A650500BC08;44673735EAF46E11B7B78A650500BC08;2025-05-17;0.0;0.0
8AF80D8294437E11B7B78A650500DD08;44673735EAF46E11B7B78A650500BC08;2025-05-17;40.0;4403.2
7F7849C0D2A7FE1191EE10650500D3C9;44673735EAF46E11B7B78A650500BC08;2025-05-17;12.0;4014.48
913FF31D3E38CE11ADB31065050000B8;44673735EAF46E11B7B78A650500BC08;2025-05-17;6.0;2110.44
216E8701D2A7FE1191EE10650500D3C9;44673735EAF46E11B7B78A650500BC08;2025-05-17;6.0;5232.24
4EF00AE859278E11F243BB6505008C3B;44673735EAF46E11B7B78A650500BC08;2025-05-17;-2.0;-321.92
FD308AC859030F114EF7A826072B5B89;44673735EAF46E11B7B78A650500BC08;2025-05-17;12.0;18988.8
97B0659548329E115540106505004B3B;44673735EAF46E11B7B78A650500BC08;2025-05-17;20.0;6700.0
DE4D455DE0CAED11A62CD892C0003F2A;44673735EAF46E11B7B78A650500BC08;2025-05-17;0.0;0.0
C5379EB26DA7FE1191EE10650500E3C9;44673735EAF46E11B7B78A650500BC08;2025-05-17;0.0;0.0
19C55F37B07E8E11F243BB650500564B;44673735EAF46E11B7B78A650500BC08;2025-05-17;0.0;0.0
4EF1C6894D88EE1191EE1065050098B9;44673735EAF46E11B7B78A650500BC08;2025-05-17;56.0;5320.0
C8F393D4BBB9AE11BE21106505006D4A;44673735EAF46E11B7B78A650500BC08;2025-05-17;0.0;2.842170943040401e-14
A9B6D7A9951AFE11128010650500E819;44673735EAF46E11B7B78A650500BC08;2025-05-17;0.0;0.0
351B1AEE68DDCE11ADB31065050097B8;44673735EAF46E11B7B78A650500BC08;2025-05-17;0.0;0.0
83365B4D4E968E11F243BB650500DB3B;44673735EAF46E11B7B78A650500BC08;2025-05-17;0.0;0.0
FDBF5FCF20CAED11A62CD892C0003F2A;44673735EAF46E11B7B78A650500BC08;2025-05-17;40.0;2120.0
89994B7DA0CAED11A62CD892C0003F2A;44673735EAF46E11B7B78A650500BC08;2025-05-17;116.0;16588.0
320FD6BB9D1DDE11406610650500164A;FC081C55582CED11A62CD892C0003F2A;2025-05-17;30.0;5206.96
BE7F13DEE2E3DE11ADB310650500CFB8;44673735EAF46E11B7B78A650500BC08;2025-05-17;6.0;2236.8
B5CDA0898EF39E115540106505008D3B;44673735EAF46E11B7B78A650500BC08;2025-05-17;4.0;1737.68
5A065A064CB4AE11726010650500D35A;FC081C55582CED11A62CD892C0003F2A;2025-05-17;4.0;317.1
675637547CB4AE11726010650500D35A;FC081C55582CED11A62CD892C0003F2A;2025-05-17;6.0;463.22
365AC0E21CB4AE11726010650500D35A;B0BDDED34CC83E11052F6792C000B249;2025-05-17;4.0;509.84
737ACD115CC59E11554010650500FF3B;B0BDDED34CC83E11052F6792C000B249;2025-05-17;20.0;1844.56
572DE133477EFE11F1557891FE695589;FC081C55582CED11A62CD892C0003F2A;2025-05-17;0.0;0.0
39C6D532677ADE11406610650500824A;FC081C55582CED11A62CD892C0003F2A;2025-05-17;0.0;0.0
757A29A681CAED11A62CD892C0003F2A;44673735EAF46E11B7B78A650500BC08;2025-05-17;20.0;1616.58
B0A4DB5DF3B89E11525010650500294A;44673735EAF46E11B7B78A650500BC08;2025-05-17;12.0;1386.52
411EDD970770AE117260106505006E4A;44673735EAF46E11B7B78A650500BC08;2025-05-17;6.0;596.9
43787D49984CEE1191EE1065050029B9;44673735EAF46E11B7B78A650500BC08;2025-05-17;2.0;3818.0
0224EC0CABA07E11B7B78A650500CD08;44673735EAF46E11B7B78A650500BC08;2025-05-17;2.0;11898.0
2FCB7A20F6197E110819BB65050009AA;44673735EAF46E11B7B78A650500BC08;2025-05-17;-2.0;-31.22
4CDE168900966E11B7B78A650500BC08;44673735EAF46E11B7B78A650500BC08;2025-05-17;-2.0;-205.6
4746D1099815CE11ADB3106505000DA8;44673735EAF46E11B7B78A650500BC08;2025-05-17;-2.0;-97.08
F4582DFEB655BE11BE21106505002C5A;44673735EAF46E11B7B78A650500BC08;2025-05-17;-2.0;-186.0
26881BF8936AFE11128010650500E819;44673735EAF46E11B7B78A650500BC08;2025-05-17;-4.0;-1011.6
F4CF578C0C5CCE11ADB31065050095B8;44673735EAF46E11B7B78A650500BC08;2025-05-17;-2.0;-804.46
D2704B74F5C0BE11BE2110650500565A;44673735EAF46E11B7B78A650500BC08;2025-05-17;-10.0;-618.1
EB5AC5F46923FE1191EE10650500FDB9;44673735EAF46E11B7B78A650500BC08;2025-05-17;-4.0;-156.96
1FAA59F21C7C9E11726010650500494A;44673735EAF46E11B7B78A650500BC08;2025-05-17;-2.0;-74.18
F5B988062871CE118772106505008369;44673735EAF46E11B7B78A650500BC08;2025-05-17;-2.0;-480.0
567F0945CD456E11B7B78A650500BC08;44673735EAF46E11B7B78A650500BC08;2025-05-17;-8.0;-440.0
AFFC3C198EF39E115540106505008D3B;44673735EAF46E11B7B78A650500BC08;2025-05-17;-2.0;-94.36
9DA4BA3ED4BBEE1191EE1065050029B9;44673735EAF46E11B7B78A650500BC08;2025-05-17;-2.0;-172.0
DED44E1613179E11554010650500914B;44673735EAF46E11B7B78A650500BC08;2025-05-17;-30.0;-2155.2000000000003
17A6BB90A8F07E11B7B78A650500CD08;44673735EAF46E11B7B78A650500BC08;2025-05-17;-32.0;-1683.52
8A405A3ECC4CFE111280106505000919;44673735EAF46E11B7B78A650500BC08;2025-05-17;-4.0;-1944.0
6B2267EF3C456E11B7B78A650500BC08;44673735EAF46E11B7B78A650500BC08;2025-05-17;-4.0;-568.4
D200BECB65848E113835BB6505001DAA;44673735EAF46E11B7B78A650500BC08;2025-05-17;-2.0;-11221.3
AEF05E89D11BEE1191EE1065050029B9;44673735EAF46E11B7B78A650500BC08;2025-05-17;-2.0;-3734.0
B45D493F8F456E11B7B78A650500BC08;44673735EAF46E11B7B78A650500BC08;2025-05-17;-4.0;-43.56
C1D14E6E383EFE11F1557891FE690589;44673735EAF46E11B7B78A650500BC08;2025-05-17;-2.0;-4069.24
9C05A256CC456E11B7B78A650500BC08;44673735EAF46E11B7B78A650500BC08;2025-05-17;-2.0;-496.94
E3FE155C1C8EAE11BE2110650500835A;44673735EAF46E11B7B78A650500BC08;2025-05-17;-14.0;-880.74
FFFB29949C44FE1191EE106505007FB9;44673735EAF46E11B7B78A650500BC08;2025-05-17;-2.0;-803.88
46DC22CCF9456E11B7B78A650500BC08;44673735EAF46E11B7B78A650500BC08;2025-05-17;-2.0;-72.42
149A87BDE489DE11406610650500514A;44673735EAF46E11B7B78A650500BC08;2025-05-17;-4.0;-108.0
3384CCD6E622CE118772106505006469;44673735EAF46E11B7B78A650500BC08;2025-05-17;-10.0;-2633.1000000000004
7E9889072C8EAE11BE2110650500835A;44673735EAF46E11B7B78A650500BC08;2025-05-17;-2.0;-453.24
A32184E73EBBEE1191EE1065050029B9;44673735EAF46E11B7B78A650500BC08;2025-05-17;-4.0;-542.7
36D5F3E53D456E11B7B78A650500BC08;44673735EAF46E11B7B78A650500BC08;2025-05-17;-2.0;-108.0
FE7DE5041431FE1191EE106505006BB9;44673735EAF46E11B7B78A650500BC08;2025-05-17;-12.0;-1746.0
3C3F26818257DE11C846106505008F6A;44673735EAF46E11B7B78A650500BC08;2025-05-17;-2.0;-77.16
EDCD6FAEFFD9DE11406610650500C14A;44673735EAF46E11B7B78A650500BC08;2025-05-17;-2.0;-190.2
382D22AE94688E11F243BB6505001E3B;44673735EAF46E11B7B78A650500BC08;2025-05-17;-2.0;-1272.8
2A05039F6A92DE11ADB3106505002EB8;44673735EAF46E11B7B78A650500BC08;2025-05-17;-2.0;-135.0
D03E72117EEAAE11BE2110650500EE4A;44673735EAF46E11B7B78A650500BC08;2025-05-17;-8.0;-113.3
B76E9945F659EE1191EE1065050009B9;44673735EAF46E11B7B78A650500BC08;2025-05-17;-2.0;-630.94
C42A32743E4DDE11406610650500564A;44673735EAF46E11B7B78A650500BC08;2025-05-17;-6.0;-2828.54
9E2FDC1F45CF8E11F243BB650500084B;44673735EAF46E11B7B78A650500BC08;2025-05-17;-6.0;-220.92000000000002
EDD542210C9DDE11406610650500B64A;44673735EAF46E11B7B78A650500BC08;2025-05-17;-4.0;-660.0
E46791CD054C7E110819BB65050039AA;44673735EAF46E11B7B78A650500BC08;2025-05-17;-18.0;-923.4
1952F4E4DF096E11B7B78A650500BC08;44673735EAF46E11B7B78A650500BC08;2025-05-17;-2.0;-441.68
051384389D0A6E11B7B78A650500BC08;44673735EAF46E11B7B78A650500BC08;2025-05-17;-12.0;-702.0600000000001
FEA94706F2DFAE11BE2110650500255A;44673735EAF46E11B7B78A650500BC08;2025-05-17;-6.0;-2476.2
0C19A1BFCAD0FE1191EE10650500FAB9;44673735EAF46E11B7B78A650500BC08;2025-05-17;-6.0;-617.2
E4AAB2CCE2376E11B7B78A650500BC08;44673735EAF46E11B7B78A650500BC08;2025-05-17;-16.0;-23840.0
B833418092ABCE11ADB31065050084B8;44673735EAF46E11B7B78A650500BC08;2025-05-17;-4.0;-88.0
0034A856DB456E11B7B78A650500BC08;44673735EAF46E11B7B78A650500BC08;2025-05-17;-2.0;-246.5
8C559322AE456E11B7B78A650500BC08;44673735EAF46E11B7B78A650500BC08;2025-05-17;-4.0;-61.88
29221F7F45CF8E11F243BB650500084B;44673735EAF46E11B7B78A650500BC08;2025-05-17;-2.0;-93.48
427310B7F5CD2E11052F6792C000CF39;44673735EAF46E11B7B78A650500BC08;2025-05-17;-2.0;-945.3
4460DDE597400F11F1557891FE69A789;44673735EAF46E11B7B78A650500BC08;2025-05-17;-8.0;-2827.9
1E8702D74C456E11B7B78A650500BC08;44673735EAF46E11B7B78A650500BC08;2025-05-17;-4.0;-476.38
F5D17B2DE79FFE11F1557891FE69C689;44673735EAF46E11B7B78A650500BC08;2025-05-17;-2.0;-144.68
AE09CC8C1D456E11B7B78A650500BC08;44673735EAF46E11B7B78A650500BC08;2025-05-17;-2.0;-1827.0
1C361686AC456E11B7B78A650500BC08;44673735EAF46E11B7B78A650500BC08;2025-05-17;-2.0;-82.28
CE84D83D0F0BAE11BE21106505001F4A;44673735EAF46E11B7B78A650500BC08;2025-05-17;-2.0;-496.7
18B373561D456E11B7B78A650500BC08;44673735EAF46E11B7B78A650500BC08;2025-05-17;-6.0;-963.0
2D42EF4B16137E11B7B78A650500DD08;44673735EAF46E11B7B78A650500BC08;2025-05-17;-2.0;-206.04
F3137EBFE6197E110819BB65050009AA;44673735EAF46E11B7B78A650500BC08;2025-05-17;-2.0;-89.8
B33380CE4A456E11B7B78A650500BC08;44673735EAF46E11B7B78A650500BC08;2025-05-17;-2.0;-110.02
FA6BE507EBC0AE11726010650500DE4A;44673735EAF46E11B7B78A650500BC08;2025-05-17;-2.0;-273.48
D2F06262B0A1EE11406610650500FB4A;44673735EAF46E11B7B78A650500BC08;2025-05-17;-6.0;-1321.94
24FBA1572B917E11B7B78A650500CD08;44673735EAF46E11B7B78A650500BC08;2025-05-17;-10.0;-407.65999999999997
3D577F655AE66E11B7B78A650500BC08;44673735EAF46E11B7B78A650500BC08;2025-05-17;-4.0;-120.0
83EE077F7D456E11B7B78A650500BC08;44673735EAF46E11B7B78A650500BC08;2025-05-17;-12.0;-374.4
85D9B0A5DCFBEE1191EE1065050029B9;44673735EAF46E11B7B78A650500BC08;2025-05-17;-2.0;-682.5
F6D09E30BF896E11B7B78A650500BC08;44673735EAF46E11B7B78A650500BC08;2025-05-17;-2.0;-269.18
AC52DD0C0405DE11ADB31065050051C8;44673735EAF46E11B7B78A650500BC08;2025-05-17;-2.0;-201.98
B63A4B7B00A0CE118772106505007269;44673735EAF46E11B7B78A650500BC08;2025-05-17;-8.0;-153.04
0A9EF37B8A65EE11B1AD1065050039EA;44673735EAF46E11B7B78A650500BC08;2025-05-17;-18.0;-414.0
92C8BD650EADAE11BE2110650500625A;44673735EAF46E11B7B78A650500BC08;2025-05-17;-2.0;-272.72
FDE0EFD0B78DBE118772106505008E59;44673735EAF46E11B7B78A650500BC08;2025-05-17;-2.0;-173.32
DF0EABE02D456E11B7B78A650500BC08;44673735EAF46E11B7B78A650500BC08;2025-05-17;-2.0;-750.0
B23AB36E21C7DE11C84610650500107A;44673735EAF46E11B7B78A650500BC08;2025-05-17;-2.0;-13.08
3B5E021100E7EE1191EE10650500A7B9;44673735EAF46E11B7B78A650500BC08;2025-05-17;-8.0;-30.54
7964184528D8EE1191EE10650500F8B9;44673735EAF46E11B7B78A650500BC08;2025-05-17;-2.0;-396.76
9D577F655AE66E11B7B78A650500BC08;44673735EAF46E11B7B78A650500BC08;2025-05-17;-6.0;-178.2
0204A0F47678FE11128010650500D819;44673735EAF46E11B7B78A650500BC08;2025-05-17;-2.0;-614.68
F72693E4CD456E11B7B78A650500BC08;44673735EAF46E11B7B78A650500BC08;2025-05-17;-4.0;-220.0
C51B4958E770BE11BE2110650500F55A;44673735EAF46E11B7B78A650500BC08;2025-05-17;-2.0;-215.7
FD03A1402FC97E110819BB65050019AA;44673735EAF46E11B7B78A650500BC08;2025-05-17;-2.0;-3016.0
FD69173959B1EE114066106505001C4A;44673735EAF46E11B7B78A650500BC08;2025-05-17;-4.0;-101.16
0C1FEA0135B4DE11ADB310650500F0C8;44673735EAF46E11B7B78A650500BC08;2025-05-17;-2.0;-189.4
7A394238127DCE11ADB31065050007B8;44673735EAF46E11B7B78A650500BC08;2025-05-17;-2.0;-159.94
C96562D6E770BE11BE2110650500F55A;44673735EAF46E11B7B78A650500BC08;2025-05-17;-4.0;-363.9
C03C187EC13A7E110819BB65050029AA;44673735EAF46E11B7B78A650500BC08;2025-05-17;-4.0;-80.4
7A3EE961BD889E11525010650500F84A;44673735EAF46E11B7B78A650500BC08;2025-05-17;-2.0;-291.08
0CB225869C456E11B7B78A650500BC08;44673735EAF46E11B7B78A650500BC08;2025-05-17;-8.0;-321.94
FD3D4DF947E4DE11ADB31065050031C8;44673735EAF46E11B7B78A650500BC08;2025-05-17;-2.0;-242.0
F57BF422384CEE1191EE1065050029B9;44673735EAF46E11B7B78A650500BC08;2025-05-17;-4.0;-832.48
54E13AD82CFA7E110819BB65050039AA;44673735EAF46E11B7B78A650500BC08;2025-05-17;-2.0;-402.26
633DDBE598A05E1142D58A650500BC08;44673735EAF46E11B7B78A650500BC08;2025-05-17;-2.0;-696.0
B8D45E0FB6197E110819BB65050009AA;44673735EAF46E11B7B78A650500BC08;2025-05-17;-2.0;-98.32
6048EF9663208E110819BB65050039AA;44673735EAF46E11B7B78A650500BC08;2025-05-17;-2.0;-415.08
F6DBC16F18C6DE11C84610650500DE6A;44673735EAF46E11B7B78A650500BC08;2025-05-17;-2.0;-23.66
B20C6078A2E0DE11ADB310650500DBB8;44673735EAF46E11B7B78A650500BC08;2025-05-17;-2.0;-394.02
2E6FE70180A49E115540106505006E3B;44673735EAF46E11B7B78A650500BC08;2025-05-17;-2.0;-468.04
5C978DEAF50BAE11BE21106505000F4A;44673735EAF46E11B7B78A650500BC08;2025-05-17;-2.0;-594.18
4CD58392A1567E11B7B78A650500ED08;44673735EAF46E11B7B78A650500BC08;2025-05-17;-8.0;-359.84
6420E5A940FA7E110819BB65050039AA;44673735EAF46E11B7B78A650500BC08;2025-05-17;-2.0;-35.46
900C107AC1D07E11B7B78A650500CD08;44673735EAF46E11B7B78A650500BC08;2025-05-17;-14.0;-44.1
52AA7E39CE456E11B7B78A650500BC08;44673735EAF46E11B7B78A650500BC08;2025-05-17;-20.0;-1248.0
4B7D6544821A8E11F243BB650500304B;44673735EAF46E11B7B78A650500BC08;2025-05-17;-2.0;-658.76
07C73758D0004E11F7F68A650500DB08;44673735EAF46E11B7B78A650500BC08;2025-05-17;-4.0;-800.84
60F1988F2A158E113835BB650500DDAA;44673735EAF46E11B7B78A650500BC08;2025-05-17;-2.0;-165.58
57683CA0EAD7CE11ADB3106505008FA8;44673735EAF46E11B7B78A650500BC08;2025-05-17;-8.0;-618.8
1D4028C9D0E6EE1191EE1065050096B9;44673735EAF46E11B7B78A650500BC08;2025-05-17;-2.0;-456.06
C150FE2D4CA8FE11128010650500D819;44673735EAF46E11B7B78A650500BC08;2025-05-17;-6.0;-133.38
42E6BBE5DD949E115540106505006E3B;44673735EAF46E11B7B78A650500BC08;2025-05-17;-4.0;-1005.28
78483161A7A47E11B7B78A650500ED08;44673735EAF46E11B7B78A650500BC08;2025-05-17;-2.0;-1354.48
3FC91D223C07BE118772106505004659;44673735EAF46E11B7B78A650500BC08;2025-05-17;-2.0;-145.58
C2351FF034B0FE1191EE10650500CAB9;44673735EAF46E11B7B78A650500BC08;2025-05-17;-2.0;-81.02
4E782E50DBBE9E117260106505003C4A;44673735EAF46E11B7B78A650500BC08;2025-05-17;-2.0;-1301.66
DF8C20D5BFFD9E117260106505004B4A;44673735EAF46E11B7B78A650500BC08;2025-05-17;-2.0;-815.0
E109D0A02EA27E11B7B78A650500DD08;44673735EAF46E11B7B78A650500BC08;2025-05-17;-2.0;-61.76
CC303F6FB6197E110819BB65050009AA;44673735EAF46E11B7B78A650500BC08;2025-05-17;-2.0;-115.32
3D1DE032B1E19E11F243BB650500BA4B;44673735EAF46E11B7B78A650500BC08;2025-05-17;-2.0;-65.96
2B6416B4C170DE11ADB3106505003BB8;44673735EAF46E11B7B78A650500BC08;2025-05-17;-8.0;-779.92
5F4EFD566FD8CE11ADB310650500E0B8;44673735EAF46E11B7B78A650500BC08;2025-05-17;-2.0;-754.0
BF8BC161B92F6E11B7B78A650500CD08;44673735EAF46E11B7B78A650500BC08;2025-05-17;-2.0;-364.0
A106DE105D35BE11BE21106505000C5A;44673735EAF46E11B7B78A650500BC08;2025-05-17;-4.0;-1975.16
8E0A8A0DCD96BE11877210650500B559;44673735EAF46E11B7B78A650500BC08;2025-05-17;-2.0;-840.0
0E52EC50E6568E11F243BB6505007B3B;44673735EAF46E11B7B78A650500BC08;2025-05-17;-2.0;-146.0
ED9DE51F066E9E11726010650500CB4A;44673735EAF46E11B7B78A650500BC08;2025-05-17;-2.0;-50.7
A3995F1280EFFE11F1557891FE692789;44673735EAF46E11B7B78A650500BC08;2025-05-17;-2.0;-94.92
353C558A5BF6DE11C846106505001F6A;44673735EAF46E11B7B78A650500BC08;2025-05-17;-2.0;-389.14
61B7D62572907E11B7B78A650500CD08;44673735EAF46E11B7B78A650500BC08;2025-05-17;-2.0;-358.0
95A67CB66FD8CE11ADB310650500E0B8;44673735EAF46E11B7B78A650500BC08;2025-05-17;-2.0;-1170.0
D3C9D397E770BE11BE2110650500F55A;44673735EAF46E11B7B78A650500BC08;2025-05-17;-2.0;-132.02
6F4DDF109DD07E11B7B78A650500CD08;44673735EAF46E11B7B78A650500BC08;2025-05-17;-2.0;-169.8
4587FD357AA1CE11877210650500C369;44673735EAF46E11B7B78A650500BC08;2025-05-17;-2.0;-338.28
A655D3753195EE1191EE1065050005B9;44673735EAF46E11B7B78A650500BC08;2025-05-17;-2.0;-540.0
60BD259F28539E11554010650500BC3B;44673735EAF46E11B7B78A650500BC08;2025-05-17;-2.0;-1501.74
03B789FAB5F0BE11BE2110650500965A;44673735EAF46E11B7B78A650500BC08;2025-05-17;-4.0;-484.0
C2276DAE15FC7E110819BB65050039AA;44673735EAF46E11B7B78A650500BC08;2025-05-17;-100.0;-2323.92
D5384A7B0321DE11ADB3106505003CB8;44673735EAF46E11B7B78A650500BC08;2025-05-17;-4.0;-240.0
1855B96B16796E11B7B78A650500BC08;44673735EAF46E11B7B78A650500BC08;2025-05-17;-6.0;-412.48
39A8248FCD456E11B7B78A650500BC08;44673735EAF46E11B7B78A650500BC08;2025-05-17;-4.0;-7376.08
CACC221EC877EE1191EE1065050027B9;44673735EAF46E11B7B78A650500BC08;2025-05-17;-2.0;-449.82
492A58E16D7DBE118772106505007E59;44673735EAF46E11B7B78A650500BC08;2025-05-17;-2.0;-240.0
2289BA483ED5AE11BE2110650500784A;44673735EAF46E11B7B78A650500BC08;2025-05-17;-2.0;-503.6
11F0A038D397EE1191EE1065050047B9;44673735EAF46E11B7B78A650500BC08;2025-05-17;-2.0;-158.0
CCE95A9E058C8E11F243BB650500B34B;44673735EAF46E11B7B78A650500BC08;2025-05-17;-2.0;-3397.34
96807FCB811FCE11ADB31065050029B8;44673735EAF46E11B7B78A650500BC08;2025-05-17;-2.0;-1112.46
4841355BE7D8EE1191EE10650500F8B9;44673735EAF46E11B7B78A650500BC08;2025-05-17;-2.0;-559.94
CE27FD8A72C97E110819BB65050019AA;44673735EAF46E11B7B78A650500BC08;2025-05-17;-10.0;-775.8
840E7C180733FE1191EE106505000EB9;FC081C55582CED11A62CD892C0003F2A;2025-05-17;-2.0;-2205.02
DF67E35B595EDE11406610650500C74A;FC081C55582CED11A62CD892C0003F2A;2025-05-17;-2.0;-589.12
32204C3634C26E1142D58A650500AD08;FC081C55582CED11A62CD892C0003F2A;2025-05-17;-6.0;-1014.8399999999999
7BA4487C3DBCAE11BE2110650500315A;FC081C55582CED11A62CD892C0003F2A;2025-05-17;-2.0;-298.58
2F4F23B73FF7FD11A4A96492C000AA89;FC081C55582CED11A62CD892C0003F2A;2025-05-17;-4.0;-115.0
FCAEBA5D63820E11A4A96492C00008E9;FC081C55582CED11A62CD892C0003F2A;2025-05-17;-6.0;-540.84
00437AEECE299E11525010650500D94A;FC081C55582CED11A62CD892C0003F2A;2025-05-17;-2.0;-226.56
AFC778240ECA9E11525010650500EB4A;FC081C55582CED11A62CD892C0003F2A;2025-05-17;-2.0;-50.6
3C22D4AEF77EFE11F1557891FE695589;FC081C55582CED11A62CD892C0003F2A;2025-05-17;-2.0;-82.22
5F3842259FB96E11B7B78A650500BC08;FC081C55582CED11A62CD892C0003F2A;2025-05-17;-8.0;-1668.54
6E6DD1C975814E1142D58A650500DB08;FC081C55582CED11A62CD892C0003F2A;2025-05-17;-2.0;-326.04
9EA5E4036085FD110DC22A92C000D158;FC081C55582CED11A62CD892C0003F2A;2025-05-17;-4.0;-429.38
4744FA69BF354E1142D58A6505002C08;FC081C55582CED11A62CD892C0003F2A;2025-05-17;-2.0;-120.12
63A11C96DCFE5E1142D58A6505006D08;FC081C55582CED11A62CD892C0003F2A;2025-05-17;-4.0;-93.84
59B0FD22BD010F11112A674AC7E2C889;FC081C55582CED11A62CD892C0003F2A;2025-05-17;-4.0;-1330.48
2E37F10840C0EE11406610650500DA4A;FC081C55582CED11A62CD892C0003F2A;2025-05-17;-2.0;-196.56
CF50B92BCE6AFE11128010650500E819;FC081C55582CED11A62CD892C0003F2A;2025-05-17;-2.0;-2361.84
F1D9DD6EEB6DFE11F1557891FE690489;FC081C55582CED11A62CD892C0003F2A;2025-05-17;-2.0;-308.36
D884C3029873CE118772106505001669;FC081C55582CED11A62CD892C0003F2A;2025-05-17;-6.0;-726.76
05F37184C7788E11F243BB6505002E3B;FC081C55582CED11A62CD892C0003F2A;2025-05-17;-2.0;-181.92
4877C406B70ECE11ADB310650500D7B8;FC081C55582CED11A62CD892C0003F2A;2025-05-17;-2.0;-281.4
3D62BD8A40BB3E11052F6792C000D249;FC081C55582CED11A62CD892C0003F2A;2025-05-17;-12.0;-448.56000000000006
F19632CB7B338E117E64BB6505007BAA;FC081C55582CED11A62CD892C0003F2A;2025-05-17;-8.0;-661.18
4FAD22B6A709CE11ADB31065050011B8;FC081C55582CED11A62CD892C0003F2A;2025-05-17;-2.0;-2085.6
F98EB47D4A20FE1191EE106505001AB9;FC081C55582CED11A62CD892C0003F2A;2025-05-17;-2.0;-3267.32
3ABDBA0055AE4E1142D58A650500BC08;FC081C55582CED11A62CD892C0003F2A;2025-05-17;-2.0;-91.94
AF6724E8CC8EFE11F1557891FE697589;FC081C55582CED11A62CD892C0003F2A;2025-05-17;-4.0;-112.0
9A5C0D8F6B72BE11BE2110650500885A;FC081C55582CED11A62CD892C0003F2A;2025-05-17;-2.0;-108.16
44A455F8FBF76E11B7B78A650500BC08;FC081C55582CED11A62CD892C0003F2A;2025-05-17;-6.0;-1144.26
636931D6104FFE11F1557891FE695689;FC081C55582CED11A62CD892C0003F2A;2025-05-17;-2.0;-77.5
D0DB4AD961CAED11A62CD892C0003F2A;FC081C55582CED11A62CD892C0003F2A;2025-05-17;-16.0;-1357.48
761A1117F1CAED11A62CD892C0003F2A;FC081C55582CED11A62CD892C0003F2A;2025-05-17;-2.0;-26.86
54EFD822578B3E11052F6792C000D249;FC081C55582CED11A62CD892C0003F2A;2025-05-17;-4.0;-158.6
BF706EA436653E11052F6792C000FF39;FC081C55582CED11A62CD892C0003F2A;2025-05-17;-2.0;-309.92
80F3E61A7AA06E1142D58A650500AD08;FC081C55582CED11A62CD892C0003F2A;2025-05-17;-4.0;-486.14
5E45FE1653F2EE11B1AD1065050006EA;FC081C55582CED11A62CD892C0003F2A;2025-05-17;-4.0;-131.64
CD3B2ED04991FE1191EE10650500EBB9;FC081C55582CED11A62CD892C0003F2A;2025-05-17;-2.0;-51.32
7CD5D6068B50EE114066106505005A4A;FC081C55582CED11A62CD892C0003F2A;2025-05-17;-6.0;-177.56
E2E4605A48ADDE11406610650500C64A;FC081C55582CED11A62CD892C0003F2A;2025-05-17;-2.0;-107.86
B20D09602EE88E11F243BB650500CE3B;FC081C55582CED11A62CD892C0003F2A;2025-05-17;-4.0;-165.6
DA89B73D8BB1EE114066106505001C4A;FC081C55582CED11A62CD892C0003F2A;2025-05-17;-2.0;-107.02
9AAA69AFBBE1EE114066106505006C4A;FC081C55582CED11A62CD892C0003F2A;2025-05-17;-4.0;-65.14
490F1F0871500F11F1557891FE69B789;FC081C55582CED11A62CD892C0003F2A;2025-05-17;-2.0;-38.0
57D5C8191DB3EE11B1AD1065050007EA;FC081C55582CED11A62CD892C0003F2A;2025-05-17;-4.0;-342.86
2442E72E99FC9E11726010650500E94A;FC081C55582CED11A62CD892C0003F2A;2025-05-17;-8.0;-659.04
07AEE24741BFFE11F1557891FE69E689;FC081C55582CED11A62CD892C0003F2A;2025-05-17;-8.0;-199.46
F9F71D6EA51BCE11ADB310650500D3B8;FC081C55582CED11A62CD892C0003F2A;2025-05-17;-2.0;-252.06
DE53C68302600F11F1557891FE69C789;FC081C55582CED11A62CD892C0003F2A;2025-05-17;-2.0;-333.48
E6F47934763EAE11BE2110650500135A;FC081C55582CED11A62CD892C0003F2A;2025-05-17;-2.0;-24.96
0691A563D1E7EE1191EE10650500A7B9;FC081C55582CED11A62CD892C0003F2A;2025-05-17;-6.0;-14.94
310EF11D4EEC9E11726010650500D94A;FC081C55582CED11A62CD892C0003F2A;2025-05-17;-4.0;-355.72
A4D93EA14596DE11ADB31065050053C8;FC081C55582CED11A62CD892C0003F2A;2025-05-17;-2.0;-62.18
DAAFC976F35AEE1191EE1065050009B9;FC081C55582CED11A62CD892C0003F2A;2025-05-17;-2.0;-33.1
DFDAAFA771500F11F1557891FE69B789;FC081C55582CED11A62CD892C0003F2A;2025-05-17;-2.0;-24.0
162C492F98FD1E1143F0668E4200502B;FC081C55582CED11A62CD892C0003F2A;2025-05-17;-4.0;-3496.88
6915AB5B3AE93E11052F6792C000D249;FC081C55582CED11A62CD892C0003F2A;2025-05-17;-2.0;-427.26
057C02773623EE11B1AD1065050046EA;FC081C55582CED11A62CD892C0003F2A;2025-05-17;-2.0;-234.28
54E3CB98C7696E11B7B78A650500BC08;FC081C55582CED11A62CD892C0003F2A;2025-05-17;-2.0;-307.02
4FA7E2017D49FE11128010650500E819;FC081C55582CED11A62CD892C0003F2A;2025-05-17;-2.0;-478.0
C8B7FCBFE0CAED11A62CD892C0003F2A;FC081C55582CED11A62CD892C0003F2A;2025-05-17;-4.0;-713.28
2BB955CA94897E110819BB65050019AA;FC081C55582CED11A62CD892C0003F2A;2025-05-17;-2.0;-78.68
FD744D7F12EC6E11B7B78A650500BC08;FC081C55582CED11A62CD892C0003F2A;2025-05-17;-10.0;-429.9
141ACE2F5FE95E1142D58A650500DC08;FC081C55582CED11A62CD892C0003F2A;2025-05-17;-6.0;-1151.04
D519A5CAEE065E1142D58A650500DC08;FC081C55582CED11A62CD892C0003F2A;2025-05-17;-8.0;-299.66
4783DFBF8BA3BE11BE21106505000A5A;FC081C55582CED11A62CD892C0003F2A;2025-05-17;-2.0;-102.38
AEDE1119BF43EE11B1AD1065050076EA;FC081C55582CED11A62CD892C0003F2A;2025-05-17;-8.0;-127.6
BD8D101FBE968E11F243BB650500DB3B;FC081C55582CED11A62CD892C0003F2A;2025-05-17;-2.0;-602.84
DAE04D3035DFEE1191EE10650500A9B9;FC081C55582CED11A62CD892C0003F2A;2025-05-17;-2.0;-453.0
A2B5F308113FEE1191EE1065050029B9;FC081C55582CED11A62CD892C0003F2A;2025-05-17;-2.0;-642.0
4E9FB110EAD3FE1191EE10650500EEB9;FC081C55582CED11A62CD892C0003F2A;2025-05-17;-2.0;-176.7
9EFAB501B0CAED11A62CD892C0003F2A;FC081C55582CED11A62CD892C0003F2A;2025-05-17;-12.0;-703.3199999999999
D01C21F4BF94DE11ADB310650500D0C8;FC081C55582CED11A62CD892C0003F2A;2025-05-17;-2.0;-198.9
B75AC83AFB8BDE11406610650500044A;FC081C55582CED11A62CD892C0003F2A;2025-05-17;-2.0;-101.7
200FF143FD5FCE11ADB310650500A9B8;FC081C55582CED11A62CD892C0003F2A;2025-05-17;-2.0;-1688.9
EEE27EB319E49E11554010650500CE3B;FC081C55582CED11A62CD892C0003F2A;2025-05-17;-2.0;-120.8
F2B5243FE7910F114EF7A826072B8989;FC081C55582CED11A62CD892C0003F2A;2025-05-17;-2.0;-142.84
1407BDAEACD75E1142D58A650500DC08;FC081C55582CED11A62CD892C0003F2A;2025-05-17;-4.0;-452.82
EAED74381686CE11ADB310650500DDA8;FC081C55582CED11A62CD892C0003F2A;2025-05-17;-2.0;-172.4
5ECE8753F0CAED11A62CD892C0003F2A;FC081C55582CED11A62CD892C0003F2A;2025-05-17;-4.0;-1072.6
0F5A86C882D2FE1191EE106505007DB9;FC081C55582CED11A62CD892C0003F2A;2025-05-17;-2.0;-1069.2
9E54CA91478B3E11052F6792C000D249;FC081C55582CED11A62CD892C0003F2A;2025-05-17;-2.0;-114.02
28CC8E31A0566E11B7B78A650500BC08;FC081C55582CED11A62CD892C0003F2A;2025-05-17;-4.0;-401.42
1F1EB7FDB0CAED11A62CD892C0003F2A;FC081C55582CED11A62CD892C0003F2A;2025-05-17;-26.0;-871.32
F7B5FF0809CBFD11A4A96492C000CB59;FC081C55582CED11A62CD892C0003F2A;2025-05-17;-4.0;-89.08
0C17EAAC0686CE11ADB310650500DDA8;FC081C55582CED11A62CD892C0003F2A;2025-05-17;-2.0;-173.98
47B641467711AE117260106505003F4A;FC081C55582CED11A62CD892C0003F2A;2025-05-17;-10.0;-2629.9
8270FD18E94DFE11F1557891FE69D389;FC081C55582CED11A62CD892C0003F2A;2025-05-17;-4.0;-276.0
56E316FBBD1EFE11F1557891FE69E489;FC081C55582CED11A62CD892C0003F2A;2025-05-17;-2.0;-258.42
31962A6C62C02E1143F0668E4200C71A;FC081C55582CED11A62CD892C0003F2A;2025-05-17;-2.0;-1484.44
29F4F53C79363E11052F6792C000FF39;FC081C55582CED11A62CD892C0003F2A;2025-05-17;-4.0;-141.52
A59047FF8E6D6E11B7B78A650500BC08;FC081C55582CED11A62CD892C0003F2A;2025-05-17;-2.0;-1351.4
84A2B88967A8AE11BE21106505000C4A;FC081C55582CED11A62CD892C0003F2A;2025-05-17;-2.0;-568.42
F961030819CE8E11F243BB650500C64B;FC081C55582CED11A62CD892C0003F2A;2025-05-17;-2.0;-106.24
94BD2C7261CBEE1191EE1065050029B9;FC081C55582CED11A62CD892C0003F2A;2025-05-17;-2.0;-90.0
1C0B74D7D0CAED11A62CD892C0003F2A;FC081C55582CED11A62CD892C0003F2A;2025-05-17;-2.0;-320.12
F6A493560091DE11ADB310650500DCB8;FC081C55582CED11A62CD892C0003F2A;2025-05-17;-2.0;-145.32
EB50987E4DA1EE114066106505000C4A;FC081C55582CED11A62CD892C0003F2A;2025-05-17;-2.0;-1344.6
A6E9EF8FA530EE114066106505002A4A;FC081C55582CED11A62CD892C0003F2A;2025-05-17;-4.0;-1417.0
1A8434DF20F05E1142D58A650500BC08;FC081C55582CED11A62CD892C0003F2A;2025-05-17;-2.0;-684.72
BA2C6F5A8BE1DE11ADB3106505004DB8;FC081C55582CED11A62CD892C0003F2A;2025-05-17;-2.0;-406.3
362B22D501CAED11A62CD892C0003F2A;FC081C55582CED11A62CD892C0003F2A;2025-05-17;-2.0;-249.92
FB49F59C2FFFBE11877210650500A169;FC081C55582CED11A62CD892C0003F2A;2025-05-17;-2.0;-428.88
737A99AAF0CAED11A62CD892C0003F2A;FC081C55582CED11A62CD892C0003F2A;2025-05-17;-2.0;-811.32
D7A53A65BCA79E11554010650500524B;FC081C55582CED11A62CD892C0003F2A;2025-05-17;-4.0;-1530.48
CF877CEFDC67EE1191EE1065050017B9;FC081C55582CED11A62CD892C0003F2A;2025-05-17;-4.0;-183.4
37BE3025C44F4E1142D58A650500BC08;FC081C55582CED11A62CD892C0003F2A;2025-05-17;-2.0;-422.98
5742DA549832FE1191EE10650500BCB9;FC081C55582CED11A62CD892C0003F2A;2025-05-17;-18.0;-749.16
ADBD29D603CAED11A62CD892C0003F2A;FC081C55582CED11A62CD892C0003F2A;2025-05-17;-2.0;-206.0
BD1957F1E0CAED11A62CD892C0003F2A;FC081C55582CED11A62CD892C0003F2A;2025-05-17;-2.0;-532.26
F0D9FBED66C33E11052F6792C000EF39;FC081C55582CED11A62CD892C0003F2A;2025-05-17;-2.0;-1408.48
F28C0D63F16ECE11ADB31065050048B8;FC081C55582CED11A62CD892C0003F2A;2025-05-17;-4.0;-1178.34
38600091046B3E11052F6792C000D249;FC081C55582CED11A62CD892C0003F2A;2025-05-17;-2.0;-75.08
C13BED233E458E113835BB6505001EAA;FC081C55582CED11A62CD892C0003F2A;2025-05-17;-2.0;-234.08
47A247434719DE11C84610650500C17A;FC081C55582CED11A62CD892C0003F2A;2025-05-17;-2.0;-843.66
AB889AA6B0D97E110819BB65050019AA;FC081C55582CED11A62CD892C0003F2A;2025-05-17;-10.0;-1155.0
79D799ED40D2FE1191EE106505007DB9;FC081C55582CED11A62CD892C0003F2A;2025-05-17;-2.0;-136.56
417737989447DE11C846106505007F6A;FC081C55582CED11A62CD892C0003F2A;2025-05-17;-12.0;-1254.24
AAC16C9D6EFE8E11F243BB650500074B;FC081C55582CED11A62CD892C0003F2A;2025-05-17;-8.0;-1069.12
662AC45A4BB23E11052F6792C000CF39;FC081C55582CED11A62CD892C0003F2A;2025-05-17;-6.0;-1842.42
C6D0AC0CA454EE11B1AD10650500C7EA;FC081C55582CED11A62CD892C0003F2A;2025-05-17;-2.0;-428.1
472CD02E5D2B7E110819BB65050039AA;FC081C55582CED11A62CD892C0003F2A;2025-05-17;-2.0;-416.14
8013D1728A278E11F243BB6505008C3B;FC081C55582CED11A62CD892C0003F2A;2025-05-17;-2.0;-122.82
47016E507D6B6E11B7B78A650500BC08;FC081C55582CED11A62CD892C0003F2A;2025-05-17;-4.0;-782.84
100B2339559DFE11F1557891FE693489;FC081C55582CED11A62CD892C0003F2A;2025-05-17;-2.0;-123.12
F73E0916A537BE118772106505007659;FC081C55582CED11A62CD892C0003F2A;2025-05-17;-4.0;-839.52
5E3B3A56D81E4E1142D58A650500BC08;FC081C55582CED11A62CD892C0003F2A;2025-05-17;-4.0;-1593.06
67904BBEC0CAED11A62CD892C0003F2A;FC081C55582CED11A62CD892C0003F2A;2025-05-17;-6.0;-1678.08
0628D522FD94DE11ADB310650500D0C8;FC081C55582CED11A62CD892C0003F2A;2025-05-17;-2.0;-53.62
A95A376401CAED11A62CD892C0003F2A;FC081C55582CED11A62CD892C0003F2A;2025-05-17;-2.0;-275.8
0BFD2D2B01638E111E1BBB650500BBAA;FC081C55582CED11A62CD892C0003F2A;2025-05-17;-4.0;-190.52
2694943F787CCE11ADB310650500B5B8;FC081C55582CED11A62CD892C0003F2A;2025-05-17;-2.0;-72.88
74F6D9A64C0F5E1142D58A6505008D08;FC081C55582CED11A62CD892C0003F2A;2025-05-17;-2.0;-199.1
C115BF03D290BE11BE2110650500165A;FC081C55582CED11A62CD892C0003F2A;2025-05-17;-8.0;-808.82
CC33A9BA1DB9FE11128010650500E819;FC081C55582CED11A62CD892C0003F2A;2025-05-17;-2.0;-76.0
58AC21A3A87CCE11ADB310650500B5B8;FC081C55582CED11A62CD892C0003F2A;2025-05-17;-4.0;-145.76
65917AB011CAED11A62CD892C0003F2A;FC081C55582CED11A62CD892C0003F2A;2025-05-17;-2.0;-1008.62
D780E2E04579FE11128010650500E819;FC081C55582CED11A62CD892C0003F2A;2025-05-17;-2.0;-59.44
695A4EE0011EAE11BE2110650500E25A;FC081C55582CED11A62CD892C0003F2A;2025-05-17;-4.0;-652.96
7AB3AA28B22AFE11128010650500E819;FC081C55582CED11A62CD892C0003F2A;2025-05-17;-3.0;-476.02
44E881B6101ACE11ADB31065050062B8;FC081C55582CED11A62CD892C0003F2A;2025-05-17;-2.0;-494.4
DD0A9111FC1EFE11F1557891FE69E489;FC081C55582CED11A62CD892C0003F2A;2025-05-17;-6.0;-481.91999999999996
0FE5B5317F7DCE11ADB31065050017B8;FC081C55582CED11A62CD892C0003F2A;2025-05-17;-2.0;-108.0
7002AE3A2A6BFE111280106505000919;FC081C55582CED11A62CD892C0003F2A;2025-05-17;-2.0;-126.2
22DBAF88F630FE1191EE106505002AB9;FC081C55582CED11A62CD892C0003F2A;2025-05-17;-2.0;-1079.96
E2DC7D60CFB85E1142D58A650500DC08;FC081C55582CED11A62CD892C0003F2A;2025-05-17;-10.0;-2965.2999999999997
6BE9B4402082DE11ADB3106505000EB8;FC081C55582CED11A62CD892C0003F2A;2025-05-17;-2.0;-85.0
90384A7B0321DE11ADB3106505003CB8;FC081C55582CED11A62CD892C0003F2A;2025-05-17;-4.0;-220.0
B63484C872CAED11A62CD892C0003F2A;FC081C55582CED11A62CD892C0003F2A;2025-05-17;-2.0;-222.94
2EE38C03421ADE11406610650500024A;FC081C55582CED11A62CD892C0003F2A;2025-05-17;-2.0;-1067.14
AF4510B9CFE34E1142D58A6505002C08;FC081C55582CED11A62CD892C0003F2A;2025-05-17;-2.0;-78.68
BCFC615121C8FE11128010650500D819;FC081C55582CED11A62CD892C0003F2A;2025-05-17;-2.0;-72.52
904315B2E5CAFE11128010650500E819;FC081C55582CED11A62CD892C0003F2A;2025-05-17;-2.0;-380.2
498E84EBBD1EFE11F1557891FE69E489;FC081C55582CED11A62CD892C0003F2A;2025-05-17;-4.0;-264.0
8759A44AA1256E11B7B78A650500BC08;FC081C55582CED11A62CD892C0003F2A;2025-05-17;-6.0;-269.53999999999996
C14E6B0BCED4DE11ADB31065050021C8;FC081C55582CED11A62CD892C0003F2A;2025-05-17;-2.0;-363.7
6887CDCEC07BCE11ADB31065050044B8;FC081C55582CED11A62CD892C0003F2A;2025-05-17;-2.0;-478.86
0B2172F81707DE11C846106505002F6A;FC081C55582CED11A62CD892C0003F2A;2025-05-17;-2.0;-23.66
D91E0AC5CE04BE11BE21106505008A5A;FC081C55582CED11A62CD892C0003F2A;2025-05-17;-2.0;-648.66
B9D489201BA8FE11128010650500D819;FC081C55582CED11A62CD892C0003F2A;2025-05-17;-2.0;-298.92
0A150FF1AC112E1143F0668E4200C71A;FC081C55582CED11A62CD892C0003F2A;2025-05-17;-2.0;-674.14
E95A376401CAED11A62CD892C0003F2A;FC081C55582CED11A62CD892C0003F2A;2025-05-17;-2.0;-275.8
746DC40BBE6DFE11F1557891FE690489;FC081C55582CED11A62CD892C0003F2A;2025-05-17;-4.0;-340.48
7D2CFD64047D8E11F243BB650500154B;FC081C55582CED11A62CD892C0003F2A;2025-05-17;-2.0;-340.3
54F8722EB6079E11554010650500814B;FC081C55582CED11A62CD892C0003F2A;2025-05-17;-2.0;-35.36
88D9530CC7C1EE114066106505003C4A;FC081C55582CED11A62CD892C0003F2A;2025-05-17;-2.0;-166.52
D73E0916A537BE118772106505007659;FC081C55582CED11A62CD892C0003F2A;2025-05-17;-2.0;-419.76
98780A3AC0679E11554010650500F14B;FC081C55582CED11A62CD892C0003F2A;2025-05-17;-4.0;-274.74
A22BFC549D58FE11128010650500D819;FC081C55582CED11A62CD892C0003F2A;2025-05-17;-2.0;-405.12
F04AE8B83332FD110DC22A92C0006778;FC081C55582CED11A62CD892C0003F2A;2025-05-17;-2.0;-84.2
8DFA10F38842FE1191EE10650500CCB9;FC081C55582CED11A62CD892C0003F2A;2025-05-17;-2.0;-2067.28
C464EB2B2EF10F114EF7A826072B0A89;FC081C55582CED11A62CD892C0003F2A;2025-05-17;-2.0;-121.2
8BAFE28FD0CAED11A62CD892C0003F2A;FC081C55582CED11A62CD892C0003F2A;2025-05-17;-2.0;-259.5
33B8641F6BB4EE11B1AD1065050048EA;FC081C55582CED11A62CD892C0003F2A;2025-05-17;-2.0;-282.42
CFFF9F35A9BFCE11ADB3106505001AB8;FC081C55582CED11A62CD892C0003F2A;2025-05-17;-2.0;-129.66
06CA5E727D5FCE11ADB310650500A9B8;FC081C55582CED11A62CD892C0003F2A;2025-05-17;-2.0;-62.94
A70EFAE254410F11112A674AC7E20989;FC081C55582CED11A62CD892C0003F2A;2025-05-17;-2.0;-397.06
F585D4A2CD387E110819BB65050009AA;FC081C55582CED11A62CD892C0003F2A;2025-05-17;-4.0;-130.78
37308690BFC18E113835BB650500B9AA;FC081C55582CED11A62CD892C0003F2A;2025-05-17;-2.0;-305.22
198B0946CF95FE1191EE1065050031C9;FC081C55582CED11A62CD892C0003F2A;2025-05-17;-2.0;-724.12
703B61D20CE15E1142D58A650500BC08;FC081C55582CED11A62CD892C0003F2A;2025-05-17;-2.0;-84.52
E13E48056F76EE1191EE1065050036B9;FC081C55582CED11A62CD892C0003F2A;2025-05-17;-2.0;-723.38
DB4860528C31EE114066106505007B4A;FC081C55582CED11A62CD892C0003F2A;2025-05-17;-2.0;-792.9
DCC3EFDBD7CDFE11F1557891FE697489;FC081C55582CED11A62CD892C0003F2A;2025-05-17;-2.0;-257.04
E42A08F801CAED11A62CD892C0003F2A;FC081C55582CED11A62CD892C0003F2A;2025-05-17;-4.0;-92.82
571828FC7EF78E11F243BB6505009D3B;FC081C55582CED11A62CD892C0003F2A;2025-05-17;-4.0;-1167.0
AB4A6928DC1EFE11F1557891FE69E489;B0BDDED34CC83E11052F6792C000B249;2025-05-17;-2.0;-166.84
18E1F5071AF1EE114066106505007C4A;B0BDDED34CC83E11052F6792C000B249;2025-05-17;-4.0;-319.0
FC0B74D7D0CAED11A62CD892C0003F2A;B0BDDED34CC83E11052F6792C000B249;2025-05-17;-4.0;-509.24
781A0CC4F0CAED11A62CD892C0003F2A;B0BDDED34CC83E11052F6792C000B249;2025-05-17;-4.0;-1450.8600000000001
7994E8A4E315AE11726010650500445A;B0BDDED34CC83E11052F6792C000B249;2025-05-17;-8.0;-380.36
6995042F3B483E11052F6792C000B249;B0BDDED34CC83E11052F6792C000B249;2025-05-17;-2.0;-641.32
973484C872CAED11A62CD892C0003F2A;B0BDDED34CC83E11052F6792C000B249;2025-05-17;-6.0;-668.84
682C2393193EBE118772106505006F59;B0BDDED34CC83E11052F6792C000B249;2025-05-17;-26.0;-724.36
092464D9DF61FE1191EE10650500BBB9;B0BDDED34CC83E11052F6792C000B249;2025-05-17;-4.0;-168.42
DA4D455DE0CAED11A62CD892C0003F2A;B0BDDED34CC83E11052F6792C000B249;2025-05-17;-2.0;-1708.2
27C8AA2E3BE1EE114066106505006C4A;B0BDDED34CC83E11052F6792C000B249;2025-05-17;-2.0;-234.72
9C4BCFB931CAED11A62CD892C0003F2A;B0BDDED34CC83E11052F6792C000B249;2025-05-17;-2.0;-1775.04
17EB5B5A04D7EE1191EE1065050097B9;B0BDDED34CC83E11052F6792C000B249;2025-05-17;-4.0;-118.88
0F38438847FF4E1142D58A650500BC08;B0BDDED34CC83E11052F6792C000B249;2025-05-17;-2.0;-92.9
5746D0759B2ADE11406610650500224A;B0BDDED34CC83E11052F6792C000B249;2025-05-17;-2.0;-208.18
B63A4B7B00A0CE118772106505007269;B0BDDED34CC83E11052F6792C000B249;2025-05-17;-4.0;-76.52
2BC7A34A1E456E11B7B78A650500BC08;B0BDDED34CC83E11052F6792C000B249;2025-05-17;-2.0;-516.4
6077644281B0EE11406610650500CA4A;B0BDDED34CC83E11052F6792C000B249;2025-05-17;-4.0;-507.32
B215291F5D48EE1191EE1065050048B9;B0BDDED34CC83E11052F6792C000B249;2025-05-17;-4.0;-196.0
D8EF29E7178F0E1123F0668E42005B38;B0BDDED34CC83E11052F6792C000B249;2025-05-17;-2.0;-255.32
9A5D87D7A0F60E11A4A96492C0007BF8;B0BDDED34CC83E11052F6792C000B249;2025-05-17;-2.0;-569.48
72E41A04958BBE11877210650500FB59;B0BDDED34CC83E11052F6792C000B249;2025-05-17;-2.0;-138.02
4AEF394451CAED11A62CD892C0003F2A;B0BDDED34CC83E11052F6792C000B249;2025-05-17;-2.0;-670.66
F80519DFC0CAED11A62CD892C0003F2A;B0BDDED34CC83E11052F6792C000B249;2025-05-17;-2.0;-443.74
8A1F57B30D3C5E1142D58A6505000D08;B0BDDED34CC83E11052F6792C000B249;2025-05-17;-6.0;-622.3199999999999
87A1914AA2CAED11A62CD892C0003F2A;B0BDDED34CC83E11052F6792C000B249;2025-05-17;-2.0;-1219.92
7F96B7DB01CAED11A62CD892C0003F2A;B0BDDED34CC83E11052F6792C000B249;2025-05-17;-2.0;-222.72
B8549C2DC0CAED11A62CD892C0003F2A;B0BDDED34CC83E11052F6792C000B249;2025-05-17;-2.0;-374.64
471DFA9F73C5AE11BE2110650500484A;B0BDDED34CC83E11052F6792C000B249;2025-05-17;-6.0;-894.96
C457D8CC1A5FFE11F1557891FE697689;B0BDDED34CC83E11052F6792C000B249;2025-05-17;-4.0;-265.16
AE12452A3E263E11052F6792C000FF39;B0BDDED34CC83E11052F6792C000B249;2025-05-17;-4.0;-274.6
8E8F2A5AC596EE1191EE1065050056B9;B0BDDED34CC83E11052F6792C000B249;2025-05-17;-2.0;-693.5
16C9DD314991FE1191EE10650500EBB9;B0BDDED34CC83E11052F6792C000B249;2025-05-17;-2.0;-239.7
D5ECC40BBE6DFE11F1557891FE690489;B0BDDED34CC83E11052F6792C000B249;2025-05-17;-6.0;-475.20000000000005
F3A43B996382DE11ADB3106505000EB8;B0BDDED34CC83E11052F6792C000B249;2025-05-17;-2.0;-887.14
CA1994403D148E113835BB6505009CAA;B0BDDED34CC83E11052F6792C000B249;2025-05-17;-2.0;-140.9
5092C174BF22BE11BE2110650500285A;B0BDDED34CC83E11052F6792C000B249;2025-05-17;-2.0;-216.0
EA4F278C0ADEAE11BE2110650500E35A;B0BDDED34CC83E11052F6792C000B249;2025-05-17;-6.0;-222.89999999999998
65BC9DE2AE24DE11ADB31065050040C8;B0BDDED34CC83E11052F6792C000B249;2025-05-17;-2.0;-344.26
4544118ADA7D6E11B7B78A650500BC08;B0BDDED34CC83E11052F6792C000B249;2025-05-17;-2.0;-133.8
E5C167648D4EFE11F1557891FE692589;B0BDDED34CC83E11052F6792C000B249;2025-05-17;-2.0;-820.64
854B4A0311CAED11A62CD892C0003F2A;B0BDDED34CC83E11052F6792C000B249;2025-05-17;-2.0;-567.94
3E8C900DD811FE1191EE106505004BB9;B0BDDED34CC83E11052F6792C000B249;2025-05-17;-2.0;-362.0
144DDE41F0CAED11A62CD892C0003F2A;B0BDDED34CC83E11052F6792C000B249;2025-05-17;-2.0;-656.9
8B6809091D32FE1191EE10650500BCB9;B0BDDED34CC83E11052F6792C000B249;2025-05-17;-2.0;-311.88
ED5AD75F66F86E11B7B78A650500BC08;B0BDDED34CC83E11052F6792C000B249;2025-05-17;-2.0;-40.66
C6205609CC8EFE11F1557891FE697589;B0BDDED34CC83E11052F6792C000B249;2025-05-17;-2.0;-220.0
D922501DB924CE11877210650500F669;B0BDDED34CC83E11052F6792C000B249;2025-05-17;-2.0;-406.5
D0B3D1D2432FFE11F1557891FE693689;B0BDDED34CC83E11052F6792C000B249;2025-05-17;-2.0;-30.92
0F2C931097DF2E11052F6792C000CF39;B0BDDED34CC83E11052F6792C000B249;2025-05-17;-2.0;-94.92
E6AF8A5FC0CAED11A62CD892C0003F2A;B0BDDED34CC83E11052F6792C000B249;2025-05-17;-8.0;-884.4
042B10F38842FE1191EE10650500CCB9;B0BDDED34CC83E11052F6792C000B249;2025-05-17;-2.0;-1384.42
E76C964257E48E113835BB6505009DAA;B0BDDED34CC83E11052F6792C000B249;2025-05-17;-8.0;-2488.0
DC4153D90ECA9E11525010650500EB4A;B0BDDED34CC83E11052F6792C000B249;2025-05-17;-4.0;-88.76
DA9088DED0CAED11A62CD892C0003F2A;B0BDDED34CC83E11052F6792C000B249;2025-05-17;-4.0;-384.4
47904BBEC0CAED11A62CD892C0003F2A;B0BDDED34CC83E11052F6792C000B249;2025-05-17;-2.0;-417.32
B396285BF4E3FE1191EE10650500FEB9;B0BDDED34CC83E11052F6792C000B249;2025-05-17;-2.0;-629.18
E653C166AF6DFE11F1557891FE690489;B0BDDED34CC83E11052F6792C000B249;2025-05-17;-2.0;-152.0
D35E9808D3BC3E11052F6792C000D249;B0BDDED34CC83E11052F6792C000B249;2025-05-17;-2.0;-141.12
AF4BCFB931CAED11A62CD892C0003F2A;B0BDDED34CC83E11052F6792C000B249;2025-05-17;-2.0;-450.66
EF39248CF5802E1143F0668E4200C71A;B0BDDED34CC83E11052F6792C000B249;2025-05-17;-2.0;-319.58
5AB54DD35574FD110DC22A92C000C499;B0BDDED34CC83E11052F6792C000B249;2025-05-17;-2.0;-82.22
F99A5E870CEAEE1191EE1065050029B9;B0BDDED34CC83E11052F6792C000B249;2025-05-17;-2.0;-711.02
780817A332867E11B7B78A650500ED08;B0BDDED34CC83E11052F6792C000B249;2025-05-17;-2.0;-576.0
94C13F672AC0DE11ADB310650500ABB8;B0BDDED34CC83E11052F6792C000B249;2025-05-17;-2.0;-38.14
1000D76350CBFE111280106505000919;B0BDDED34CC83E11052F6792C000B249;2025-05-17;-4.0;-1296.04
225A01E9BE968E11F243BB650500DB3B;B0BDDED34CC83E11052F6792C000B249;2025-05-17;-2.0;-684.9
576F6988CE330E11A4A96492C00008E9;B0BDDED34CC83E11052F6792C000B249;2025-05-17;-4.0;-430.68
BA638859221DEE1191EE1065050029B9;B0BDDED34CC83E11052F6792C000B249;2025-05-17;-2.0;-207.4
FC446A66D343FE1191EE106505001EB9;B0BDDED34CC83E11052F6792C000B249;2025-05-17;-2.0;-290.48
206A03DC7B8E0E1143F0668E42001D49;B0BDDED34CC83E11052F6792C000B249;2025-05-17;-2.0;-1503.68
9E8291B9C19EBE11877210650500DF59;B0BDDED34CC83E11052F6792C000B249;2025-05-17;-2.0;-55.72
2A8779C141CAED11A62CD892C0003F2A;B0BDDED34CC83E11052F6792C000B249;2025-05-17;-2.0;-361.8
9BFD744FAC58FE11128010650500D819;B0BDDED34CC83E11052F6792C000B249;2025-05-17;-4.0;-263.91999999999996
544DDE41F0CAED11A62CD892C0003F2A;B0BDDED34CC83E11052F6792C000B249;2025-05-17;-2.0;-656.9
A5DDA4921FBEEE1191EE1065050029B9;B0BDDED34CC83E11052F6792C000B249;2025-05-17;-2.0;-345.58
9F8A40588CAB7E110819BB65050039AA;B0BDDED34CC83E11052F6792C000B249;2025-05-17;-16.0;-35.68
07AA95D2BC1EFE11F1557891FE69E489;B0BDDED34CC83E11052F6792C000B249;2025-05-17;-2.0;-171.9
67FC11839B547E11B7B78A650500ED08;B0BDDED34CC83E11052F6792C000B249;2025-05-17;-2.0;-575.56
51B8CC9B093EBE118772106505006F59;B0BDDED34CC83E11052F6792C000B249;2025-05-17;-4.0;-111.44
66958714648DFE11F1557891FE692489;B0BDDED34CC83E11052F6792C000B249;2025-05-17;-8.0;-32.82
9475E5B8ED76AE11BE2110650500494A;B0BDDED34CC83E11052F6792C000B249;2025-05-17;-2.0;-30.0
FD0CFF169E675E1142D58A650500DC08;B0BDDED34CC83E11052F6792C000B249;2025-05-17;-2.0;-2953.68
E136882211CAED11A62CD892C0003F2A;B0BDDED34CC83E11052F6792C000B249;2025-05-17;-2.0;-330.44
631E9DB11A278E11F243BB6505008C3B;B0BDDED34CC83E11052F6792C000B249;2025-05-17;-2.0;-135.56
BB7DC964E9CC2E11052F6792C000CF39;B0BDDED34CC83E11052F6792C000B249;2025-05-17;-2.0;-393.7
174D9E0C675EEE1191EE1065050029B9;B0BDDED34CC83E11052F6792C000B249;2025-05-17;-2.0;-656.84
48221DCBD083FE1191EE106505007EB9;B0BDDED34CC83E11052F6792C000B249;2025-05-17;-2.0;-477.4
EA8A21414653CE11877210650500E569;B0BDDED34CC83E11052F6792C000B249;2025-05-17;-2.0;-1160.0
A5B00F4DD53ACE11ADB31065050092B8;B0BDDED34CC83E11052F6792C000B249;2025-05-17;-2.0;-99.8
214C4B77FAC1FE1191EE106505002CB9;B0BDDED34CC83E11052F6792C000B249;2025-05-17;-4.0;-1040.12
5C2EBD896AB38E113835BB6505004CAA;B0BDDED34CC83E11052F6792C000B249;2025-05-17;-2.0;-550.82
B497BF6A01CAED11A62CD892C0003F2A;B0BDDED34CC83E11052F6792C000B249;2025-05-17;-4.0;-1202.78
DB77FB76195EDE11406610650500C74A;B0BDDED34CC83E11052F6792C000B249;2025-05-17;-2.0;-140.1
FC1B1729ACA5BE11BE21106505009C5A;B0BDDED34CC83E11052F6792C000B249;2025-05-17;-2.0;-73.32
F5F18BC1419EBE11877210650500DF59;B0BDDED34CC83E11052F6792C000B249;2025-05-17;-2.0;-55.72
AB7B1593B0A68E11F243BB650500DB3B;B0BDDED34CC83E11052F6792C000B249;2025-05-17;-2.0;-348.68
F89CDB058836CE11ADB3106505008DA8;B0BDDED34CC83E11052F6792C000B249;2025-05-17;-4.0;-209.08
6286A11E189BDE11406610650500144A;B0BDDED34CC83E11052F6792C000B249;2025-05-17;-2.0;-501.84
398DD4002978FE11128010650500D819;B0BDDED34CC83E11052F6792C000B249;2025-05-17;-2.0;-44.16
4FA7E2017D49FE11128010650500E819;B0BDDED34CC83E11052F6792C000B249;2025-05-17;-2.0;-543.94
FED315D80970BE11BE2110650500F55A;B0BDDED34CC83E11052F6792C000B249;2025-05-17;-2.0;-242.54
D81A958001CAED11A62CD892C0003F2A;FC081C55582CED11A62CD892C0003F2A;2025-05-17;-2.0;-204.88
A958C276BA4A7E110819BB65050039AA;FC081C55582CED11A62CD892C0003F2A;2025-05-17;-2.0;-1198.44
BE6FE70180A49E115540106505006E3B;44673735EAF46E11B7B78A650500BC08;2025-05-17;-4.0;-3190.42
8655D3753195EE1191EE1065050005B9;44673735EAF46E11B7B78A650500BC08;2025-05-17;0.0;0.0
399D3706098AFE11128010650500E819;44673735EAF46E11B7B78A650500BC08;2025-05-17;-4.0;-231.34
03EFE2E8ACBEEE1191EE1065050029B9;44673735EAF46E11B7B78A650500BC08;2025-05-17;-2.0;-274.0
8AF30411FDCDDE11406610650500F64A;44673735EAF46E11B7B78A650500BC08;2025-05-17;0.0;0.0
781FFB92D0F27E11B7B78A650500DD08;44673735EAF46E11B7B78A650500BC08;2025-05-17;-8.0;-311.12
88410D9211738E117E64BB650500BBAA;44673735EAF46E11B7B78A650500BC08;2025-05-17;0.0;0.0
0D48EDC3B6B79E11554010650500624B;44673735EAF46E11B7B78A650500BC08;2025-05-17;0.0;0.0
0CD58392A1567E11B7B78A650500ED08;44673735EAF46E11B7B78A650500BC08;2025-05-17;-2.0;-80.68
EE6FE95026939E115540106505000D3B;44673735EAF46E11B7B78A650500BC08;2025-05-17;-2.0;-115.38
E7B77BAFE8457E11B7B78A650500ED08;44673735EAF46E11B7B78A650500BC08;2025-05-17;-2.0;-545.76
BE936B63DCFCBE11877210650500DD59;44673735EAF46E11B7B78A650500BC08;2025-05-17;6.0;3488.16
C56E551AA3E89E11525010650500694A;44673735EAF46E11B7B78A650500BC08;2025-05-17;-4.0;-1625.04
4CC5040550FE5E1142D58A6505006D08;44673735EAF46E11B7B78A650500BC08;2025-05-17;0.0;0.0
39DC6B956BDF3E11F7F68A650500DB08;44673735EAF46E11B7B78A650500BC08;2025-05-17;0.0;0.0
DEB08AC859030F114EF7A826072B5B89;44673735EAF46E11B7B78A650500BC08;2025-05-17;12.0;18988.8
9345EEFAB8E97E110819BB65050019AA;44673735EAF46E11B7B78A650500BC08;2025-05-17;-2.0;-101.62
DC748A090605FE1191EE1065050070C9;44673735EAF46E11B7B78A650500BC08;2025-05-17;0.0;0.0
1343D84DE8420F114EF7A826072B6A89;44673735EAF46E11B7B78A650500BC08;2025-05-17;0.0;0.0
3BF4E1DF5C4A3E11052F6792C000D249;44673735EAF46E11B7B78A650500BC08;2025-05-17;0.0;0.0
0C8C67838E3CEE1191EE1065050029B9;44673735EAF46E11B7B78A650500BC08;2025-05-17;20.0;2430.0
C89C67838E3CEE1191EE1065050029B9;44673735EAF46E11B7B78A650500BC08;2025-05-17;20.0;2180.0
4D9DE51F066E9E11726010650500CB4A;44673735EAF46E11B7B78A650500BC08;2025-05-17;0.0;0.0
805059BA7946DE11ADB310650500F2C8;44673735EAF46E11B7B78A650500BC08;2025-05-17;-2.0;-74.8
668904ECAD62FE1191EE10650500FCB9;44673735EAF46E11B7B78A650500BC08;2025-05-17;0.0;0.0
E25672E3D6D89E11525010650500594A;44673735EAF46E11B7B78A650500BC08;2025-05-17;0.0;0.0
75FBC18E5E5F3E11F7F68A650500DB08;FC081C55582CED11A62CD892C0003F2A;2025-05-17;8.0;176.78
DE4018A32D1DDE11406610650500164A;FC081C55582CED11A62CD892C0003F2A;2025-05-17;8.0;1792.8
B55BF270DFE39E115540106505007D3B;FC081C55582CED11A62CD892C0003F2A;2025-05-17;6.0;1682.38
7488BE1F90638E111E1BBB650500BBAA;FC081C55582CED11A62CD892C0003F2A;2025-05-17;4.0;356.48
EE102B47F0638E111E1BBB650500BBAA;FC081C55582CED11A62CD892C0003F2A;2025-05-17;8.0;406.22
3C5BB3E8F0638E111E1BBB650500BBAA;FC081C55582CED11A62CD892C0003F2A;2025-05-17;8.0;406.22
757A29A681CAED11A62CD892C0003F2A;B0BDDED34CC83E11052F6792C000B249;2025-05-17;8.0;646.64
411EDD970770AE117260106505006E4A;B0BDDED34CC83E11052F6792C000B249;2025-05-17;6.0;596.9
D2B931026CB4AE11726010650500D35A;B0BDDED34CC83E11052F6792C000B249;2025-05-17;4.0;344.04
49E68D02B0638E111E1BBB650500BBAA;B0BDDED34CC83E11052F6792C000B249;2025-05-17;20.0;1896.38
D2B61D13477EFE11F1557891FE695589;FC081C55582CED11A62CD892C0003F2A;2025-05-17;-6.0;-459.0
F96DAE3F108EFE11F1557891FE696589;FC081C55582CED11A62CD892C0003F2A;2025-05-17;0.0;0.0
988F98AF677ADE11406610650500824A;FC081C55582CED11A62CD892C0003F2A;2025-05-17;-2.0;-716.2
F2C09C7960638E111E1BBB650500BBAA;44673735EAF46E11B7B78A650500BC08;2025-05-17;4.0;356.48
C13EC3D6BFFD9E117260106505004B4A;44673735EAF46E11B7B78A650500BC08;2025-05-17;-6.0;-2910.0
65D7991766767E11B7B78A650500ED08;44673735EAF46E11B7B78A650500BC08;2025-05-17;-4.0;-1644.56
D1FD61B620556E11B7B78A650500BC08;44673735EAF46E11B7B78A650500BC08;2025-05-17;-10.0;-1349.8
DAECC57DBE6DAE11BE2110650500125A;44673735EAF46E11B7B78A650500BC08;2025-05-17;-4.0;-806.0
759E41C87EB9BE11877210650500B959;44673735EAF46E11B7B78A650500BC08;2025-05-17;-2.0;-224.54
8AEEDBF55D4DDE11406610650500564A;44673735EAF46E11B7B78A650500BC08;2025-05-17;-4.0;-272.0
90384A7B0321DE11ADB3106505003CB8;44673735EAF46E11B7B78A650500BC08;2025-05-17;-8.0;-440.0
7C6B6DA71D9F7E110819BB65050039AA;44673735EAF46E11B7B78A650500BC08;2025-05-17;-4.0;-142.44
88C49C3FF34EFE11F1557891FE691589;44673735EAF46E11B7B78A650500BC08;2025-05-17;-2.0;-583.08
77DC431298B37E11B7B78A650500DD08;44673735EAF46E11B7B78A650500BC08;2025-05-17;-2.0;-2030.08
A624EB2B2EF10F114EF7A826072B0A89;44673735EAF46E11B7B78A650500BC08;2025-05-17;-4.0;-242.4
26C2D3D05C1EEE1191EE1065050029B9;44673735EAF46E11B7B78A650500BC08;2025-05-17;-2.0;-30.24
1B266C8036037E11B7B78A650500DD08;44673735EAF46E11B7B78A650500BC08;2025-05-17;-4.0;-433.32
EEF6B9DA12238E117E64BB6505005BAA;44673735EAF46E11B7B78A650500BC08;2025-05-17;-4.0;-166.0
994AA241A84AAE11BE21106505001E4A;44673735EAF46E11B7B78A650500BC08;2025-05-17;-2.0;-170.0
AB0DF4BB3D456E11B7B78A650500BC08;44673735EAF46E11B7B78A650500BC08;2025-05-17;-6.0;-465.65999999999997
4827DAECF21DAE11BE2110650500A15A;44673735EAF46E11B7B78A650500BC08;2025-05-17;-2.0;-1600.0
E60CCF9DC0D6FD110DC22A92C000D158;44673735EAF46E11B7B78A650500BC08;2025-05-17;-2.0;-114.44
401F18FBF9456E11B7B78A650500BC08;44673735EAF46E11B7B78A650500BC08;2025-05-17;-12.0;-250.76
DD5231F8D0A49E115540106505006E3B;44673735EAF46E11B7B78A650500BC08;2025-05-17;-2.0;-910.02
37636B7FCE456E11B7B78A650500BC08;44673735EAF46E11B7B78A650500BC08;2025-05-17;-110.0;-2627.54
1624D5E2AEEBCE11ADB310650500E4B8;44673735EAF46E11B7B78A650500BC08;2025-05-17;-6.0;-659.98
5022857200E7EE1191EE10650500A7B9;44673735EAF46E11B7B78A650500BC08;2025-05-17;-2.0;-10.7
D0B3D1D2432FFE11F1557891FE693689;44673735EAF46E11B7B78A650500BC08;2025-05-17;-2.0;-30.92
A91B145B04676E11B7B78A650500BC08;44673735EAF46E11B7B78A650500BC08;2025-05-17;-4.0;-1431.44
92C4FB7C8AE66E11B7B78A650500BC08;44673735EAF46E11B7B78A650500BC08;2025-05-17;-4.0;-1104.96
0AF46A8715FAFD11A4A96492C0006F3B;44673735EAF46E11B7B78A650500BC08;2025-05-17;-2.0;-58.0
93C9D397E770BE11BE2110650500F55A;44673735EAF46E11B7B78A650500BC08;2025-05-17;-2.0;-238.66
048B9C3BBF354E1142D58A6505002C08;44673735EAF46E11B7B78A650500BC08;2025-05-17;-2.0;-120.12
A290F699F7BAFE11128010650500E819;44673735EAF46E11B7B78A650500BC08;2025-05-17;-2.0;-42.0
E96DA8EFE8F2BE11BE2110650500295A;44673735EAF46E11B7B78A650500BC08;2025-05-17;-2.0;-369.0
A396E415AA79DE11406610650500414A;44673735EAF46E11B7B78A650500BC08;2025-05-17;-2.0;-391.0
021065333ECEAE11BE2110650500D35A;44673735EAF46E11B7B78A650500BC08;2025-05-17;-10.0;-1375.52
0B433CBA3C456E11B7B78A650500BC08;44673735EAF46E11B7B78A650500BC08;2025-05-17;-2.0;-140.92
C73E1F90A4ABEE1191EE1065050029B9;44673735EAF46E11B7B78A650500BC08;2025-05-17;-2.0;-128.16
DAAC7AA8BEB0DE11ADB3106505009BB8;44673735EAF46E11B7B78A650500BC08;2025-05-17;-2.0;-115.0
17AC19A8659BDE11406610650500144A;44673735EAF46E11B7B78A650500BC08;2025-05-17;-2.0;-692.4
9F9889072C8EAE11BE2110650500835A;44673735EAF46E11B7B78A650500BC08;2025-05-17;-8.0;-904.48
7DC741E1C11A8E11F243BB650500304B;44673735EAF46E11B7B78A650500BC08;2025-05-17;-2.0;-34.92
1A67148215A7CE11ADB3106505004FA8;44673735EAF46E11B7B78A650500BC08;2025-05-17;-8.0;-1683.76
0189BA483ED5AE11BE2110650500784A;44673735EAF46E11B7B78A650500BC08;2025-05-17;-2.0;-740.0
AB2267EF3C456E11B7B78A650500BC08;44673735EAF46E11B7B78A650500BC08;2025-05-17;-12.0;-1895.28
1498ADBB78C6DE11C84610650500DE6A;44673735EAF46E11B7B78A650500BC08;2025-05-17;-2.0;-23.66
F92F98DBEC9F7E110819BB65050039AA;44673735EAF46E11B7B78A650500BC08;2025-05-17;-2.0;-55.92
86D887F15E22AE11726010650500905A;44673735EAF46E11B7B78A650500BC08;2025-05-17;-6.0;-703.84
12C1117A9138CE11ADB310650500FFA8;44673735EAF46E11B7B78A650500BC08;2025-05-17;-8.0;-764.0
C486995474054E1142D58A6505002C08;44673735EAF46E11B7B78A650500BC08;2025-05-17;-4.0;-310.88
48772F1D74054E1142D58A6505002C08;44673735EAF46E11B7B78A650500BC08;2025-05-17;-6.0;-710.4000000000001
519DC998EB456E11B7B78A650500BC08;44673735EAF46E11B7B78A650500BC08;2025-05-17;-2.0;-330.2
C658B9FA56A0EE11406610650500BA4A;44673735EAF46E11B7B78A650500BC08;2025-05-17;-2.0;-164.0
A2AC96012F83AE11726010650500525A;44673735EAF46E11B7B78A650500BC08;2025-05-17;-2.0;-616.96
1CED8D0E0E809E11F243BB650500094B;44673735EAF46E11B7B78A650500BC08;2025-05-17;-2.0;-191.68
A9FB3A072E59BE118772106505003959;44673735EAF46E11B7B78A650500BC08;2025-05-17;-16.0;-760.32
714EB1F610556E11B7B78A650500BC08;44673735EAF46E11B7B78A650500BC08;2025-05-17;-4.0;-769.88
D1B6F9AD0CA8BE118772106505005859;44673735EAF46E11B7B78A650500BC08;2025-05-17;-6.0;-231.36
9F012534327DCE11ADB31065050007B8;44673735EAF46E11B7B78A650500BC08;2025-05-17;-2.0;-105.2
6CC5323ECB41BE11BE2110650500075A;44673735EAF46E11B7B78A650500BC08;2025-05-17;-34.0;-1554.8200000000002
DE289329C5BCCE11ADB31065050006B8;44673735EAF46E11B7B78A650500BC08;2025-05-17;-28.0;-5816.88
24EE077F7D456E11B7B78A650500BC08;44673735EAF46E11B7B78A650500BC08;2025-05-17;-2.0;-62.4
5E1C52D25D456E11B7B78A650500BC08;44673735EAF46E11B7B78A650500BC08;2025-05-17;-6.0;-122.10000000000001
EA16810D2F709E11F243BB650500F84B;44673735EAF46E11B7B78A650500BC08;2025-05-17;-2.0;-814.06
15438B674C456E11B7B78A650500BC08;44673735EAF46E11B7B78A650500BC08;2025-05-17;-4.0;-520.22
1D442358BB300F11F1557891FE699789;44673735EAF46E11B7B78A650500BC08;2025-05-17;-2.0;-193.96
13A27077F555BE11BE21106505002C5A;44673735EAF46E11B7B78A650500BC08;2025-05-17;-2.0;-294.74
EF56646F6E08DE11C84610650500707A;44673735EAF46E11B7B78A650500BC08;2025-05-17;-4.0;-339.12
C1077B1D5D456E11B7B78A650500BC08;44673735EAF46E11B7B78A650500BC08;2025-05-17;-2.0;-252.8
21F9CAB8E770BE11BE2110650500F55A;44673735EAF46E11B7B78A650500BC08;2025-05-17;-8.0;-78.36
F58B55136D7DBE118772106505007E59;44673735EAF46E11B7B78A650500BC08;2025-05-17;-2.0;-466.0
CF203DE8AC456E11B7B78A650500BC08;44673735EAF46E11B7B78A650500BC08;2025-05-17;-2.0;-273.98
D8D714FEA9456E11B7B78A650500BC08;44673735EAF46E11B7B78A650500BC08;2025-05-17;-10.0;-661.5
ED5BCD796C456E11B7B78A650500BC08;44673735EAF46E11B7B78A650500BC08;2025-05-17;-2.0;-1454.12
979604AA11FF7E110819BB65050039AA;44673735EAF46E11B7B78A650500BC08;2025-05-17;-2.0;-199.96
223F8612E89FFE11F1557891FE69C689;44673735EAF46E11B7B78A650500BC08;2025-05-17;-2.0;-439.2
53DF77DBFD456E11B7B78A650500BC08;44673735EAF46E11B7B78A650500BC08;2025-05-17;-4.0;-820.0
5252830334627E11B7B78A650500CD08;44673735EAF46E11B7B78A650500BC08;2025-05-17;-4.0;-729.2
5B06C958D397EE1191EE1065050047B9;44673735EAF46E11B7B78A650500BC08;2025-05-17;-2.0;-152.06
9DB63EE5CC456E11B7B78A650500BC08;44673735EAF46E11B7B78A650500BC08;2025-05-17;-2.0;-305.42
13EBC47CF879CE11ADB310650500A1B8;44673735EAF46E11B7B78A650500BC08;2025-05-17;-12.0;-971.52
71D65BF6CB70DE11ADB3106505004BB8;44673735EAF46E11B7B78A650500BC08;2025-05-17;-2.0;-1904.84
B84663E47B5ACE11ADB310650500C2B8;44673735EAF46E11B7B78A650500BC08;2025-05-17;-4.0;-344.54
C7C889ED0A37EE1191EE10650500D6B9;44673735EAF46E11B7B78A650500BC08;2025-05-17;-2.0;-138.54
89CED1DD7AE66E11B7B78A650500BC08;44673735EAF46E11B7B78A650500BC08;2025-05-17;-2.0;-110.0
C39AE658D7A5DE11ADB31065050022C8;44673735EAF46E11B7B78A650500BC08;2025-05-17;-2.0;-482.12
02C0565E2E456E11B7B78A650500BC08;44673735EAF46E11B7B78A650500BC08;2025-05-17;-6.0;-432.0
6172F7393F896E11B7B78A650500BC08;44673735EAF46E11B7B78A650500BC08;2025-05-17;-2.0;-230.46
F3D04819EC6C8E11F243BB650500734B;44673735EAF46E11B7B78A650500BC08;2025-05-17;-8.0;-226.3
734637BE2CE1EE114066106505006C4A;44673735EAF46E11B7B78A650500BC08;2025-05-17;-2.0;-217.6
A89893EDB8E3BE11BE21106505005A5A;44673735EAF46E11B7B78A650500BC08;2025-05-17;-16.0;-393.92
0847CF8A5A8BDE11406610650500044A;44673735EAF46E11B7B78A650500BC08;2025-05-17;-4.0;-796.0
F2D93A8F390FEE1191EE1065050029B9;44673735EAF46E11B7B78A650500BC08;2025-05-17;-36.0;-510.72
FB6B2EE12ADFEE1191EE10650500A9B9;44673735EAF46E11B7B78A650500BC08;2025-05-17;-4.0;-1769.6
5396E415AA79DE11406610650500414A;44673735EAF46E11B7B78A650500BC08;2025-05-17;-4.0;-720.0
4A2BB701BD889E11525010650500F84A;44673735EAF46E11B7B78A650500BC08;2025-05-17;-4.0;-1470.8600000000001
7F2772128762CE11877210650500B469;44673735EAF46E11B7B78A650500BC08;2025-05-17;-4.0;-1120.0
7854AB3DD6568E11F243BB6505007B3B;44673735EAF46E11B7B78A650500BC08;2025-05-17;-6.0;-362.82
6520B4FF13DB8E11F243BB650500724B;44673735EAF46E11B7B78A650500BC08;2025-05-17;-8.0;-251.84
49F330E6FB456E11B7B78A650500BC08;44673735EAF46E11B7B78A650500BC08;2025-05-17;-2.0;-1020.0
D50BEE6A88000F11F1557891FE695789;44673735EAF46E11B7B78A650500BC08;2025-05-17;-2.0;-818.72
2BD9D0EE46CCDE11406610650500A54A;44673735EAF46E11B7B78A650500BC08;2025-05-17;-4.0;-96.86
A20DED1F3C456E11B7B78A650500BC08;44673735EAF46E11B7B78A650500BC08;2025-05-17;-2.0;-492.8
4049248CF5802E1143F0668E4200C71A;44673735EAF46E11B7B78A650500BC08;2025-05-17;-2.0;-319.88
96E6212CA6CABE118772106505000B59;44673735EAF46E11B7B78A650500BC08;2025-05-17;-2.0;-252.6
84169B3E1E456E11B7B78A650500BC08;44673735EAF46E11B7B78A650500BC08;2025-05-17;-2.0;-196.2
3BEF540555639E11554010650500CC3B;44673735EAF46E11B7B78A650500BC08;2025-05-17;-2.0;-314.86
97A08DB18C82DE11ADB3106505001EB8;44673735EAF46E11B7B78A650500BC08;2025-05-17;-2.0;-47.94
79F276303C456E11B7B78A650500BC08;44673735EAF46E11B7B78A650500BC08;2025-05-17;-2.0;-757.32
DAF50CD1E0DCDE11406610650500B54A;44673735EAF46E11B7B78A650500BC08;2025-05-17;-50.0;-8340.0
C49B72C890CAED11A62CD892C0003F2A;44673735EAF46E11B7B78A650500BC08;2025-05-17;-2.0;-202.2
67589E85F659EE1191EE1065050009B9;44673735EAF46E11B7B78A650500BC08;2025-05-17;-2.0;-4067.76
D47777FB3E456E11B7B78A650500BC08;44673735EAF46E11B7B78A650500BC08;2025-05-17;-8.0;-2982.36
2E0702DFAA5DCE11ADB310650500E6B8;44673735EAF46E11B7B78A650500BC08;2025-05-17;-2.0;-192.52
B67DE1C2688EED11A62CD892C000399B;44673735EAF46E11B7B78A650500BC08;2025-05-17;-4.0;-428.84
801B72FECC7FEE1191EE1065050039B9;44673735EAF46E11B7B78A650500BC08;2025-05-17;-2.0;-597.98
E1A53233798AFE11128010650500E819;44673735EAF46E11B7B78A650500BC08;2025-05-17;-2.0;-865.36
5D5E50A1B0A1EE11406610650500FB4A;44673735EAF46E11B7B78A650500BC08;2025-05-17;-2.0;-286.5
2DA6242F308EFE11F1557891FE696589;44673735EAF46E11B7B78A650500BC08;2025-05-17;-2.0;-3610.5
DCB8299174999E115250106505005A4A;44673735EAF46E11B7B78A650500BC08;2025-05-17;-8.0;-1008.0
8CA23C34CC22AE11726010650500905A;44673735EAF46E11B7B78A650500BC08;2025-05-17;-2.0;-91.8
776B937848049E115540106505009D3B;44673735EAF46E11B7B78A650500BC08;2025-05-17;-2.0;-247.98
C6626AC0E672DE11ADB310650500FDB8;44673735EAF46E11B7B78A650500BC08;2025-05-17;-4.0;-648.0
2726518B3C456E11B7B78A650500BC08;44673735EAF46E11B7B78A650500BC08;2025-05-17;-2.0;-372.3
F0365BACB11A8E11F243BB650500304B;44673735EAF46E11B7B78A650500BC08;2025-05-17;-4.0;-40.0
061B4958E770BE11BE2110650500F55A;44673735EAF46E11B7B78A650500BC08;2025-05-17;-4.0;-33.86
D5FE46A0055F4E1142D58A650500BC08;44673735EAF46E11B7B78A650500BC08;2025-05-17;-2.0;-347.96
850731F72442EE11406610650500DC4A;44673735EAF46E11B7B78A650500BC08;2025-05-17;-2.0;-1785.42
3265459B3E456E11B7B78A650500BC08;44673735EAF46E11B7B78A650500BC08;2025-05-17;-20.0;-27740.0
15F001653E456E11B7B78A650500BC08;44673735EAF46E11B7B78A650500BC08;2025-05-17;-2.0;-978.0
68801856A6F5AE11BE2110650500984A;44673735EAF46E11B7B78A650500BC08;2025-05-17;-2.0;-193.54
A0F75C1CB364AE11726010650500635A;44673735EAF46E11B7B78A650500BC08;2025-05-17;-2.0;-482.54
1F2D6A1F00300F11F1557891FE698789;44673735EAF46E11B7B78A650500BC08;2025-05-17;-2.0;-491.8
CD5D1F518805FE1191EE1065050070C9;44673735EAF46E11B7B78A650500BC08;2025-05-17;-4.0;-409.36
6115BC8D6E29CE11ADB31065050041B8;44673735EAF46E11B7B78A650500BC08;2025-05-17;-2.0;-428.94
840B6F7A91E8CE11ADB310650500E0B8;44673735EAF46E11B7B78A650500BC08;2025-05-17;-16.0;-323.98
2D64184528D8EE1191EE10650500F8B9;44673735EAF46E11B7B78A650500BC08;2025-05-17;-2.0;-192.0
3AA84F16327EAE11BE2110650500635A;44673735EAF46E11B7B78A650500BC08;2025-05-17;-2.0;-340.0
108E9723A5118E110819BB65050039AA;44673735EAF46E11B7B78A650500BC08;2025-05-17;-2.0;-355.54
90B13680881BDE11406610650500634A;44673735EAF46E11B7B78A650500BC08;2025-05-17;-2.0;-230.92
BB394D087F7CBE118772106505003D59;44673735EAF46E11B7B78A650500BC08;2025-05-17;-2.0;-261.1
6B0DF4BB3D456E11B7B78A650500BC08;44673735EAF46E11B7B78A650500BC08;2025-05-17;-2.0;-103.42
B55D58813E456E11B7B78A650500BC08;44673735EAF46E11B7B78A650500BC08;2025-05-17;-2.0;-901.22
52DADB58A90AAE11BE2110650500CD4A;44673735EAF46E11B7B78A650500BC08;2025-05-17;-2.0;-892.94
FCE95A9E058C8E11F243BB650500B34B;44673735EAF46E11B7B78A650500BC08;2025-05-17;-2.0;-2765.4
BD791CE69C456E11B7B78A650500BC08;44673735EAF46E11B7B78A650500BC08;2025-05-17;-2.0;-585.42
7864F87E22039E115540106505004C3B;44673735EAF46E11B7B78A650500BC08;2025-05-17;-4.0;-370.98
19A4CDA3E596DE11ADB31065050053C8;44673735EAF46E11B7B78A650500BC08;2025-05-17;-2.0;-178.98
44D93A8F390FEE1191EE1065050029B9;44673735EAF46E11B7B78A650500BC08;2025-05-17;-12.0;-86.58
5D09394EB8E3BE11BE21106505005A5A;44673735EAF46E11B7B78A650500BC08;2025-05-17;-2.0;-50.54
1B6562D6E770BE11BE2110650500F55A;44673735EAF46E11B7B78A650500BC08;2025-05-17;-4.0;-47.7
4FD106D41FDD6E11B7B78A650500BC08;44673735EAF46E11B7B78A650500BC08;2025-05-17;-40.0;-1093.12
F69D6C53F18E6E11B7B78A6505003D08;44673735EAF46E11B7B78A650500BC08;2025-05-17;-2.0;-1743.6
1A917B2DE79FFE11F1557891FE69C689;44673735EAF46E11B7B78A650500BC08;2025-05-17;-2.0;-163.44
6813657FCAD0FE1191EE10650500FAB9;44673735EAF46E11B7B78A650500BC08;2025-05-17;-2.0;-163.76
24B6180866CFAE11BE2110650500155A;44673735EAF46E11B7B78A650500BC08;2025-05-17;-2.0;-110.7
110C3CD1A79FAE11BE2110650500D45A;44673735EAF46E11B7B78A650500BC08;2025-05-17;-2.0;-445.4
D8D2AA1FC1CAED11A62CD892C0003F2A;FC081C55582CED11A62CD892C0003F2A;2025-05-17;-10.0;-1091.58
7EAE6F6D55C1DE11ADB3106505001DB8;FC081C55582CED11A62CD892C0003F2A;2025-05-17;-2.0;-475.32
F5C74031D72EFE11F1557891FE69F489;FC081C55582CED11A62CD892C0003F2A;2025-05-17;-2.0;-2193.18
EF8ADF6CBDF88E11F243BB650500DE3B;FC081C55582CED11A62CD892C0003F2A;2025-05-17;-2.0;-36.92
6146AD8C0BE93E11052F6792C000D249;FC081C55582CED11A62CD892C0003F2A;2025-05-17;-4.0;-5208.16
2561388E81CAED11A62CD892C0003F2A;FC081C55582CED11A62CD892C0003F2A;2025-05-17;-2.0;-46.5
2F2B6B9C779C2E11052F6792C000CF39;FC081C55582CED11A62CD892C0003F2A;2025-05-17;-2.0;-174.64
7C2865BFD923FE1191EE10650500FDB9;FC081C55582CED11A62CD892C0003F2A;2025-05-17;-2.0;-881.68
EB0CDF16ACA49E115540106505007E3B;FC081C55582CED11A62CD892C0003F2A;2025-05-17;-2.0;-370.78
68F987502F039E115540106505005C3B;FC081C55582CED11A62CD892C0003F2A;2025-05-17;-2.0;-1476.98
FBFB6534C97CDE11406610650500454A;FC081C55582CED11A62CD892C0003F2A;2025-05-17;-4.0;-946.52
05DD77918754EE11B1AD10650500C7EA;FC081C55582CED11A62CD892C0003F2A;2025-05-17;-2.0;-742.98
5F27FDFE87DC6E11B7B78A650500BC08;FC081C55582CED11A62CD892C0003F2A;2025-05-17;-8.0;-431.46000000000004
7191335DC9DDDE11406610650500074A;FC081C55582CED11A62CD892C0003F2A;2025-05-17;-2.0;-408.92
5D296445F0CAED11A62CD892C0003F2A;FC081C55582CED11A62CD892C0003F2A;2025-05-17;-4.0;-1960.0
7BBB37228A767E11B7B78A650500ED08;FC081C55582CED11A62CD892C0003F2A;2025-05-17;-2.0;-279.36
B0AEAC983D00EE11406610650500F94A;FC081C55582CED11A62CD892C0003F2A;2025-05-17;-2.0;-787.88
B67B9D65008EFE11F1557891FE696589;FC081C55582CED11A62CD892C0003F2A;2025-05-17;-2.0;-238.44
9D1957F1E0CAED11A62CD892C0003F2A;FC081C55582CED11A62CD892C0003F2A;2025-05-17;-2.0;-532.26
C60C37B9124E9E117260106505009B4A;FC081C55582CED11A62CD892C0003F2A;2025-05-17;-2.0;-1038.66
0C78F8DD36938E113835BB6505001CAA;FC081C55582CED11A62CD892C0003F2A;2025-05-17;-2.0;-846.34
09031D90DFACEE1191EE1065050029B9;FC081C55582CED11A62CD892C0003F2A;2025-05-17;-2.0;-133.4
2C754762F0CAED11A62CD892C0003F2A;FC081C55582CED11A62CD892C0003F2A;2025-05-17;-10.0;-970.0
6D2AC313C38FCE11ADB310650500D9B8;FC081C55582CED11A62CD892C0003F2A;2025-05-17;-2.0;-156.9
1682DFAA63D2FE1191EE106505007DB9;FC081C55582CED11A62CD892C0003F2A;2025-05-17;-2.0;-184.72
D9E59375470A0E11A4A96492C0001269;FC081C55582CED11A62CD892C0003F2A;2025-05-17;-4.0;-586.0
608F5443FF0ACE11ADB31065050062B8;FC081C55582CED11A62CD892C0003F2A;2025-05-17;-2.0;-616.82
533E0427487CDE11406610650500454A;FC081C55582CED11A62CD892C0003F2A;2025-05-17;-4.0;-303.44
B652C10915B8FE11128010650500D819;FC081C55582CED11A62CD892C0003F2A;2025-05-17;-4.0;-212.76
720AA1DA61769E11554010650500C04B;FC081C55582CED11A62CD892C0003F2A;2025-05-17;-4.0;-54.26
6CA0DD1F2FF8AE11BE21106505007C4A;FC081C55582CED11A62CD892C0003F2A;2025-05-17;-2.0;-87.4
B5EB3EFA6310BE11BE2110650500755A;FC081C55582CED11A62CD892C0003F2A;2025-05-17;-2.0;-81.94
194400467F09FE11128010650500E819;FC081C55582CED11A62CD892C0003F2A;2025-05-17;-2.0;-69.54
76589EEB412FEE1191EE1065050029B9;FC081C55582CED11A62CD892C0003F2A;2025-05-17;-2.0;-193.28
CD1960E05EEC9E11726010650500D94A;FC081C55582CED11A62CD892C0003F2A;2025-05-17;-4.0;-173.44
7CD969AFBBE1EE114066106505006C4A;FC081C55582CED11A62CD892C0003F2A;2025-05-17;-4.0;-65.14
1D642DB93EAFFE11F1557891FE69E689;FC081C55582CED11A62CD892C0003F2A;2025-05-17;-2.0;-19.36
E9B4839ECB3FDE11406610650500E84A;FC081C55582CED11A62CD892C0003F2A;2025-05-17;-4.0;-50.82
0A406C612AB8BE118772106505006859;FC081C55582CED11A62CD892C0003F2A;2025-05-17;-2.0;-24.0
83DED4832EFCBE11877210650500DD59;FC081C55582CED11A62CD892C0003F2A;2025-05-17;-10.0;-135.54
C39B34FB7C32FE1191EE10650500BCB9;FC081C55582CED11A62CD892C0003F2A;2025-05-17;-2.0;-629.56
0FC4106CDA62AE11726010650500E05A;FC081C55582CED11A62CD892C0003F2A;2025-05-17;-4.0;-99.72
A58FD5DCC691FE1191EE10650500EBB9;FC081C55582CED11A62CD892C0003F2A;2025-05-17;-2.0;-43.12
0C0C60FD6CE7CE11ADB3106505009FA8;FC081C55582CED11A62CD892C0003F2A;2025-05-17;-2.0;-43.1
FB2761624991FE1191EE10650500EBB9;FC081C55582CED11A62CD892C0003F2A;2025-05-17;-2.0;-37.48
49864DBF70C28E117E64BB650500DAAA;FC081C55582CED11A62CD892C0003F2A;2025-05-17;-8.0;-214.72
29703465AF06FE1191EE10650500C1C9;FC081C55582CED11A62CD892C0003F2A;2025-05-17;-2.0;-309.84
E9ABC560D62EEE1191EE1065050029B9;FC081C55582CED11A62CD892C0003F2A;2025-05-17;-2.0;-117.56
3CA1929E87D58E11F243BB650500CA3B;FC081C55582CED11A62CD892C0003F2A;2025-05-17;-2.0;-76.74
98AF7716534DEE1191EE1065050029B9;FC081C55582CED11A62CD892C0003F2A;2025-05-17;-10.0;-47.22
D02FEB2E2040EE114066106505003A4A;FC081C55582CED11A62CD892C0003F2A;2025-05-17;-2.0;-64.54
FDE0C96C0A96BE11877210650500B559;FC081C55582CED11A62CD892C0003F2A;2025-05-17;-2.0;-101.1
E790516A93C1CE11877210650500E369;FC081C55582CED11A62CD892C0003F2A;2025-05-17;-2.0;-31.02
57A5A574877ADE11406610650500824A;FC081C55582CED11A62CD892C0003F2A;2025-05-17;-6.0;-2006.6999999999998
36002BFD52DC4E1142D58A650500BC08;FC081C55582CED11A62CD892C0003F2A;2025-05-17;-6.0;-516.6
24E95C38248EFE11F1557891FE696589;FC081C55582CED11A62CD892C0003F2A;2025-05-17;-4.0;-641.08
2395ECE7D4F98E11F243BB650500104B;FC081C55582CED11A62CD892C0003F2A;2025-05-17;-4.0;-983.76
79C3EEBA85FEFE11F1557891FE69F589;FC081C55582CED11A62CD892C0003F2A;2025-05-17;-2.0;-226.72
A63A7EC3D7696E11B7B78A650500BC08;FC081C55582CED11A62CD892C0003F2A;2025-05-17;-2.0;-253.38
24CE6FE122E1FE1191EE106505004CB9;FC081C55582CED11A62CD892C0003F2A;2025-05-17;-4.0;-268.76
47AF8A5FC0CAED11A62CD892C0003F2A;FC081C55582CED11A62CD892C0003F2A;2025-05-17;-2.0;-318.84
8018E9D401CAED11A62CD892C0003F2A;FC081C55582CED11A62CD892C0003F2A;2025-05-17;-2.0;-197.9
5990467EEB0AFE11128010650500E819;FC081C55582CED11A62CD892C0003F2A;2025-05-17;-4.0;-159.2
39E59375470A0E11A4A96492C0001269;FC081C55582CED11A62CD892C0003F2A;2025-05-17;-2.0;-144.92
1587D87F697BAE11BE21106505009F4A;FC081C55582CED11A62CD892C0003F2A;2025-05-17;-6.0;-296.4
9320D83931CAED11A62CD892C0003F2A;FC081C55582CED11A62CD892C0003F2A;2025-05-17;-2.0;-2094.9
393EC0F91F21DE11ADB3106505005CB8;FC081C55582CED11A62CD892C0003F2A;2025-05-17;-2.0;-265.06
13AD551C5BF5CE11ADB3106505007DA8;FC081C55582CED11A62CD892C0003F2A;2025-05-17;-2.0;-132.34
6295424F18D2DE11ADB3106505007EB8;FC081C55582CED11A62CD892C0003F2A;2025-05-17;-10.0;-200.0
1B010D17782ADE11406610650500224A;FC081C55582CED11A62CD892C0003F2A;2025-05-17;-10.0;-122.38000000000001
716978022DAF9E117260106505006D4A;FC081C55582CED11A62CD892C0003F2A;2025-05-17;-4.0;-642.4200000000001
EE449F269A48CE11ADB31065050010B8;FC081C55582CED11A62CD892C0003F2A;2025-05-17;-6.0;-2184.54
3AA84F16327EAE11BE2110650500635A;FC081C55582CED11A62CD892C0003F2A;2025-05-17;-8.0;-1357.96
8C9A71F0375F5E1142D58A6505008D08;FC081C55582CED11A62CD892C0003F2A;2025-05-17;-2.0;-12.98
51628081E4420E11A4A96492C00008E9;FC081C55582CED11A62CD892C0003F2A;2025-05-17;-2.0;-134.12
2168C3B68EF58E11F243BB650500FA3B;FC081C55582CED11A62CD892C0003F2A;2025-05-17;-2.0;-260.58
245003F419C60E11A4A96492C0004B38;FC081C55582CED11A62CD892C0003F2A;2025-05-17;-2.0;-862.62
2CE4710730267E11B7B78A650500ED08;FC081C55582CED11A62CD892C0003F2A;2025-05-17;-8.0;-624.16
F6F4DA2DDAFB3E11052F6792C000D249;FC081C55582CED11A62CD892C0003F2A;2025-05-17;-2.0;-146.1
47AE7A96098AFE11128010650500E819;FC081C55582CED11A62CD892C0003F2A;2025-05-17;-2.0;-1398.02
8B6F1E74F711AE117260106505003F4A;FC081C55582CED11A62CD892C0003F2A;2025-05-17;-2.0;-457.48
1830E9908A300F11F1557891FE699789;FC081C55582CED11A62CD892C0003F2A;2025-05-17;-6.0;-1343.24
18F9A5D06F466E11B7B78A650500BC08;FC081C55582CED11A62CD892C0003F2A;2025-05-17;-6.0;-417.36
25064A7B216BCE11ADB31065050034B8;FC081C55582CED11A62CD892C0003F2A;2025-05-17;-2.0;-2361.74
2E05902431CAED11A62CD892C0003F2A;FC081C55582CED11A62CD892C0003F2A;2025-05-17;-2.0;-453.56
66377D17C0CAED11A62CD892C0003F2A;FC081C55582CED11A62CD892C0003F2A;2025-05-17;-2.0;-529.86
EB4171903D3E4E1142D58A650500BC08;FC081C55582CED11A62CD892C0003F2A;2025-05-17;-4.0;-372.8
4D36ACA6B1CAED11A62CD892C0003F2A;FC081C55582CED11A62CD892C0003F2A;2025-05-17;-2.0;-860.0
5FB593D71FB3AE11726010650500925A;FC081C55582CED11A62CD892C0003F2A;2025-05-17;-4.0;-146.88
D1C37F697F35DE11ADB310650500A1C8;FC081C55582CED11A62CD892C0003F2A;2025-05-17;-2.0;-234.68
3111A93BC7E10F114EF7A826072BE989;FC081C55582CED11A62CD892C0003F2A;2025-05-17;-2.0;-199.38
FEFEB10F18D2DE11ADB3106505007EB8;FC081C55582CED11A62CD892C0003F2A;2025-05-17;-10.0;-1159.8
BB42922868A0EE11406610650500BA4A;FC081C55582CED11A62CD892C0003F2A;2025-05-17;-2.0;-694.44
549008398567FE1191EE1065050083C9;FC081C55582CED11A62CD892C0003F2A;2025-05-17;-4.0;-3421.04
E5F5605DD0CAED11A62CD892C0003F2A;FC081C55582CED11A62CD892C0003F2A;2025-05-17;-4.0;-4047.04
3FAA1F0AFC027E11B7B78A650500CD08;FC081C55582CED11A62CD892C0003F2A;2025-05-17;-2.0;-125.06
BB6490A6B60C4E1142D58A650500BC08;FC081C55582CED11A62CD892C0003F2A;2025-05-17;-2.0;-144.2
9E07E00161D4EE11B1AD1065050068EA;FC081C55582CED11A62CD892C0003F2A;2025-05-17;-2.0;-149.8
2A0B1A14B4F8AE11BE21106505006C4A;FC081C55582CED11A62CD892C0003F2A;2025-05-17;-2.0;-77.68
E1204D06C4BC3E11052F6792C000D249;FC081C55582CED11A62CD892C0003F2A;2025-05-17;-4.0;-174.16
033F6D097EC47E11B7B78A650500ED08;FC081C55582CED11A62CD892C0003F2A;2025-05-17;-4.0;-556.72
B7AB793F18D2DE11ADB3106505007EB8;FC081C55582CED11A62CD892C0003F2A;2025-05-17;-10.0;-200.0
736EDCF8D1CAED11A62CD892C0003F2A;FC081C55582CED11A62CD892C0003F2A;2025-05-17;-2.0;-154.26
C42947C02524EE11B1AD1065050087EA;FC081C55582CED11A62CD892C0003F2A;2025-05-17;-2.0;-247.48
F22159E86589DE11406610650500514A;FC081C55582CED11A62CD892C0003F2A;2025-05-17;-4.0;-767.6
854A8CDA8076DE11ADB31065050023C8;FC081C55582CED11A62CD892C0003F2A;2025-05-17;-2.0;-295.84
19896AEED2780E11A4A96492C00009EB;FC081C55582CED11A62CD892C0003F2A;2025-05-17;-2.0;-346.0
8A6DD158D0CAED11A62CD892C0003F2A;FC081C55582CED11A62CD892C0003F2A;2025-05-17;-2.0;-592.12
B6842571709EBE11877210650500DF59;FC081C55582CED11A62CD892C0003F2A;2025-05-17;-2.0;-55.72
C5379EB26DA7FE1191EE10650500E3C9;FC081C55582CED11A62CD892C0003F2A;2025-05-17;-2.0;-100.36
19FF4A7A9DB6EE1191EE1065050076B9;FC081C55582CED11A62CD892C0003F2A;2025-05-17;-2.0;-141.12
85A233DCCE80FE1191EE106505009AB9;FC081C55582CED11A62CD892C0003F2A;2025-05-17;-4.0;-606.36
F5F18BC1419EBE11877210650500DF59;FC081C55582CED11A62CD892C0003F2A;2025-05-17;-8.0;-222.88
709DDFD595378E11F243BB6505009C3B;FC081C55582CED11A62CD892C0003F2A;2025-05-17;-2.0;-234.22
E175C461DE300F11F1557891FE699789;FC081C55582CED11A62CD892C0003F2A;2025-05-17;-2.0;-571.9
6B2A5E9522968E11F243BB650500CB3B;FC081C55582CED11A62CD892C0003F2A;2025-05-17;-2.0;-139.5
DDC67A9CC0CAED11A62CD892C0003F2A;FC081C55582CED11A62CD892C0003F2A;2025-05-17;-2.0;-196.2
BC9B20740D8D8E11F243BB650500354B;FC081C55582CED11A62CD892C0003F2A;2025-05-17;-2.0;-48.12
CF3C644BB3900F11F1557891FE690889;FC081C55582CED11A62CD892C0003F2A;2025-05-17;-12.0;-997.56
8F124DE0CBC46E11B7B78A650500BC08;FC081C55582CED11A62CD892C0003F2A;2025-05-17;-4.0;-156.92
5E1AC54C241E6E11B7B78A6505001D08;FC081C55582CED11A62CD892C0003F2A;2025-05-17;-4.0;-267.82
719165CB2831DE11ADB3106505006CB8;FC081C55582CED11A62CD892C0003F2A;2025-05-17;-4.0;-1263.52
EF2B6B9C779C2E11052F6792C000CF39;FC081C55582CED11A62CD892C0003F2A;2025-05-17;-2.0;-455.62
2B23E5EBF89DDE11406610650500B64A;FC081C55582CED11A62CD892C0003F2A;2025-05-17;-6.0;-650.04
6703ED9CCDBBDE11406610650500444A;FC081C55582CED11A62CD892C0003F2A;2025-05-17;-2.0;-156.6
FC08D74EF0A7FE1191EE10650500D3C9;FC081C55582CED11A62CD892C0003F2A;2025-05-17;-2.0;-812.28
D843E157C8D65E1142D58A650500DC08;FC081C55582CED11A62CD892C0003F2A;2025-05-17;-2.0;-962.44
E7C138AC243C2E11052F6792C000CF39;FC081C55582CED11A62CD892C0003F2A;2025-05-17;-2.0;-447.46
DC7927C450C50E11A4A96492C00060C8;FC081C55582CED11A62CD892C0003F2A;2025-05-17;-4.0;-969.24
368A9B796EF59E11554010650500304B;FC081C55582CED11A62CD892C0003F2A;2025-05-17;-2.0;-748.0
F4AF71E4075DCE11ADB310650500E6B8;FC081C55582CED11A62CD892C0003F2A;2025-05-17;-6.0;-340.20000000000005
D0C609E98F549E115540106505000E3B;FC081C55582CED11A62CD892C0003F2A;2025-05-17;-2.0;-146.02
4B3FF1D710BEDE11406610650500384A;FC081C55582CED11A62CD892C0003F2A;2025-05-17;-2.0;-66.82
A18D0EB33D850E11A4A96492C0001C4B;FC081C55582CED11A62CD892C0003F2A;2025-05-17;-2.0;-348.92
924D86E7B1BBEE1191EE1065050029B9;FC081C55582CED11A62CD892C0003F2A;2025-05-17;-2.0;-134.48
FB38BE140253FE1191EE106505002EB9;FC081C55582CED11A62CD892C0003F2A;2025-05-17;-4.0;-428.72
D7A2D1073665FD110DC22A92C0009D7B;FC081C55582CED11A62CD892C0003F2A;2025-05-17;-2.0;-183.26
D2F2E9ECF153FE1191EE106505002EB9;FC081C55582CED11A62CD892C0003F2A;2025-05-17;-2.0;-164.38
FBD3BAE471EB4E1142D58A6505009C08;FC081C55582CED11A62CD892C0003F2A;2025-05-17;-2.0;-314.68
4B8CE0DCCDEAAE11BE2110650500EE4A;FC081C55582CED11A62CD892C0003F2A;2025-05-17;-2.0;-62.2
C19342792642FE1191EE10650500CCB9;FC081C55582CED11A62CD892C0003F2A;2025-05-17;-4.0;-2741.54
65D0AC0CA454EE11B1AD10650500C7EA;FC081C55582CED11A62CD892C0003F2A;2025-05-17;-2.0;-428.1
CCE2C3C81EBBDE11406610650500444A;FC081C55582CED11A62CD892C0003F2A;2025-05-17;-2.0;-31.76
7D2FCC4EC13E0E1143F0668E42001D49;FC081C55582CED11A62CD892C0003F2A;2025-05-17;-2.0;-643.16
71D8EA98F0CAED11A62CD892C0003F2A;FC081C55582CED11A62CD892C0003F2A;2025-05-17;-4.0;-317.04
4C059D86BB4ACE11ADB310650500B2B8;FC081C55582CED11A62CD892C0003F2A;2025-05-17;-2.0;-358.42
8D985F380D8FCE11ADB310650500E9B8;FC081C55582CED11A62CD892C0003F2A;2025-05-17;-2.0;-174.46
B46F71DDD6CD6E11B7B78A650500BC08;FC081C55582CED11A62CD892C0003F2A;2025-05-17;-2.0;-107.0
A5F63FAA77018E110819BB65050039AA;FC081C55582CED11A62CD892C0003F2A;2025-05-17;-14.0;-618.38
CADF89D16F5CCE11ADB31065050095B8;FC081C55582CED11A62CD892C0003F2A;2025-05-17;-2.0;-52.98
72C6DDA882D2FE1191EE106505007DB9;FC081C55582CED11A62CD892C0003F2A;2025-05-17;-2.0;-1070.3
FD71055B1BF46E11B7B78A650500BC08;FC081C55582CED11A62CD892C0003F2A;2025-05-17;-2.0;-188.9
43DCF7F59D248E113835BB650500ACAA;FC081C55582CED11A62CD892C0003F2A;2025-05-17;-2.0;-112.9
ACCE86B9DE79EE1191EE1065050009B9;FC081C55582CED11A62CD892C0003F2A;2025-05-17;-2.0;-437.6
AB05CAAB58DD4E1142D58A650500BC08;FC081C55582CED11A62CD892C0003F2A;2025-05-17;-2.0;-620.0
CCB8F22B6BA8BE118772106505005859;FC081C55582CED11A62CD892C0003F2A;2025-05-17;-2.0;-1203.38
C7BE5D652772EE114066106505001D4A;FC081C55582CED11A62CD892C0003F2A;2025-05-17;-2.0;-652.64
2BC844D3D0CAED11A62CD892C0003F2A;FC081C55582CED11A62CD892C0003F2A;2025-05-17;-2.0;-186.8
8C3C2AC8303EDE11406610650500874A;FC081C55582CED11A62CD892C0003F2A;2025-05-17;-2.0;-245.44
8B2C1CF4B3937E11B7B78A650500DD08;FC081C55582CED11A62CD892C0003F2A;2025-05-17;-2.0;-1810.56
34033A80E0CAED11A62CD892C0003F2A;FC081C55582CED11A62CD892C0003F2A;2025-05-17;-2.0;-298.58
5D6ECE3B445F9E11726010650500FC4A;FC081C55582CED11A62CD892C0003F2A;2025-05-17;-2.0;-348.78
3C34EB21069CEE1191EE1065050029B9;FC081C55582CED11A62CD892C0003F2A;2025-05-17;-2.0;-126.8
B450B5F648A0EE11406610650500BA4A;FC081C55582CED11A62CD892C0003F2A;2025-05-17;-2.0;-230.02
0FEF367EEB0AFE11128010650500E819;FC081C55582CED11A62CD892C0003F2A;2025-05-17;-2.0;-66.6
6A0D640201CAED11A62CD892C0003F2A;FC081C55582CED11A62CD892C0003F2A;2025-05-17;-2.0;-294.12
D08DE1E04607DE11C846106505002F6A;FC081C55582CED11A62CD892C0003F2A;2025-05-17;-2.0;-33.46
5B6391A1032ECE11ADB310650500F7B8;FC081C55582CED11A62CD892C0003F2A;2025-05-17;-2.0;-1042.74
14EA0AAB4B6C4E1142D58A650500BC08;FC081C55582CED11A62CD892C0003F2A;2025-05-17;-2.0;-587.28
3BE5FCA9591A6E11B7B78A650500BC08;FC081C55582CED11A62CD892C0003F2A;2025-05-17;-2.0;-146.96
DDE0041AF2A7AE11BE2110650500BA4A;FC081C55582CED11A62CD892C0003F2A;2025-05-17;-2.0;-262.52
B6E7BCB28414EE11B1AD1065050077EA;FC081C55582CED11A62CD892C0003F2A;2025-05-17;-2.0;-4586.54
60E58A6EF77EFE11F1557891FE695589;FC081C55582CED11A62CD892C0003F2A;2025-05-17;-2.0;-487.14
5B4EEF784654EE11B1AD10650500C7EA;FC081C55582CED11A62CD892C0003F2A;2025-05-17;-2.0;-1880.24
7E8FA3ED4CA79E11554010650500524B;FC081C55582CED11A62CD892C0003F2A;2025-05-17;-2.0;-612.1
46C07D96A41F8E11F243BB650500274B;FC081C55582CED11A62CD892C0003F2A;2025-05-17;-2.0;-633.92
2A2183EF78EFCE11ADB3106505006AB8;FC081C55582CED11A62CD892C0003F2A;2025-05-17;-2.0;-48.34
0FC37FE70E22FE1191EE10650500ACB9;FC081C55582CED11A62CD892C0003F2A;2025-05-17;-2.0;-568.86
EB8A5F161BF3DE11ADB310650500FFB8;FC081C55582CED11A62CD892C0003F2A;2025-05-17;-2.0;-2071.62
5CAB0636DCADBE11877210650500BE59;FC081C55582CED11A62CD892C0003F2A;2025-05-17;-2.0;-377.92
0F6FC8BEDB398E11F243BB6505002F3B;B0BDDED34CC83E11052F6792C000B249;2025-05-17;-4.0;-2949.7799999999997
0F38AF2514D7EE1191EE1065050097B9;B0BDDED34CC83E11052F6792C000B249;2025-05-17;-2.0;-72.88
B713992A12238E117E64BB6505005BAA;B0BDDED34CC83E11052F6792C000B249;2025-05-17;-8.0;-904.0
58B31D230F1A8E11F243BB650500404B;B0BDDED34CC83E11052F6792C000B249;2025-05-17;-2.0;-398.08
F4FA44C26BE15E1142D58A650500BC08;B0BDDED34CC83E11052F6792C000B249;2025-05-17;-6.0;-184.07999999999998
B4D3B0467EA23E11052F6792C000CF39;B0BDDED34CC83E11052F6792C000B249;2025-05-17;-4.0;-525.04
91BC6E3341CAED11A62CD892C0003F2A;B0BDDED34CC83E11052F6792C000B249;2025-05-17;-2.0;-262.8
F22159E86589DE11406610650500514A;B0BDDED34CC83E11052F6792C000B249;2025-05-17;-6.0;-1151.4
C1A2752483B78E11F243BB6505003D3B;B0BDDED34CC83E11052F6792C000B249;2025-05-17;-2.0;-202.3
FDD9D4E5F8D91E1143F0668E42009D5A;B0BDDED34CC83E11052F6792C000B249;2025-05-17;-2.0;-859.22
514C21408EE2BE11BE2110650500195A;B0BDDED34CC83E11052F6792C000B249;2025-05-17;-6.0;-691.2
99F93D269FAF5E1142D58A650500AD08;B0BDDED34CC83E11052F6792C000B249;2025-05-17;-2.0;-88.2
B9C3840F18363E11052F6792C000FF39;B0BDDED34CC83E11052F6792C000B249;2025-05-17;-4.0;-359.56
5D136A0377018E110819BB65050039AA;B0BDDED34CC83E11052F6792C000B249;2025-05-17;-8.0;-247.36
6A32F2340F0EEE1191EE1065050029B9;B0BDDED34CC83E11052F6792C000B249;2025-05-17;-2.0;-319.94
180819C2171ECE11ADB310650500E7B8;B0BDDED34CC83E11052F6792C000B249;2025-05-17;-2.0;-554.8
4F8F80BCACD75E1142D58A650500DC08;B0BDDED34CC83E11052F6792C000B249;2025-05-17;-2.0;-390.62
033F6D097EC47E11B7B78A650500ED08;B0BDDED34CC83E11052F6792C000B249;2025-05-17;-2.0;-278.36
44A455F8FBF76E11B7B78A650500BC08;B0BDDED34CC83E11052F6792C000B249;2025-05-17;-4.0;-673.8
1B08ADF5E4F1CE118772106505002469;B0BDDED34CC83E11052F6792C000B249;2025-05-17;-2.0;-874.0
4075EDF8DF0EEE1191EE1065050029B9;B0BDDED34CC83E11052F6792C000B249;2025-05-17;-4.0;-854.2
CFC2663A31CAED11A62CD892C0003F2A;B0BDDED34CC83E11052F6792C000B249;2025-05-17;-4.0;-1001.12
31A39B4ED0CAED11A62CD892C0003F2A;B0BDDED34CC83E11052F6792C000B249;2025-05-17;-4.0;-2191.3
D81E45A1A07BCE11ADB31065050044B8;B0BDDED34CC83E11052F6792C000B249;2025-05-17;-2.0;-527.64
3949BFE63AC0DE11ADB310650500ABB8;B0BDDED34CC83E11052F6792C000B249;2025-05-17;-2.0;-39.66
A8D9D3C8CEB5CE11ADB3106505004DA8;B0BDDED34CC83E11052F6792C000B249;2025-05-17;-2.0;-66.42
F0AA7F261607DE11C846106505002F6A;B0BDDED34CC83E11052F6792C000B249;2025-05-17;-16.0;-196.0
1DAEBE2097A20E11A4A96492C00008E9;B0BDDED34CC83E11052F6792C000B249;2025-05-17;-2.0;-184.0
C293259A51FBEE1191EE1065050029B9;B0BDDED34CC83E11052F6792C000B249;2025-05-17;-2.0;-225.74
A97B9914F5E6FE1191EE10650500D2C9;B0BDDED34CC83E11052F6792C000B249;2025-05-17;-4.0;-44.1
ED4C9E5D10E2FE1191EE106505009DB9;B0BDDED34CC83E11052F6792C000B249;2025-05-17;-2.0;-309.58
213E049D1D6CDE11406610650500354A;B0BDDED34CC83E11052F6792C000B249;2025-05-17;-2.0;-528.2
4D4F333878C45E1142D58A650500DC08;B0BDDED34CC83E11052F6792C000B249;2025-05-17;-2.0;-244.28
DC280D4ACE23FD110DC22A92C000C499;B0BDDED34CC83E11052F6792C000B249;2025-05-17;-6.0;-207.71999999999997
F9A7FE6FE3E5CE11ADB3106505006DA8;B0BDDED34CC83E11052F6792C000B249;2025-05-17;-2.0;-1512.08
F46720E81FD1DE11ADB3106505003DB8;B0BDDED34CC83E11052F6792C000B249;2025-05-17;-2.0;-653.04
E396B92DF512FE1191EE106505008CB9;B0BDDED34CC83E11052F6792C000B249;2025-05-17;-6.0;-124.08
8ABF99BDE1CAED11A62CD892C0003F2A;B0BDDED34CC83E11052F6792C000B249;2025-05-17;-2.0;-295.84
25B386D90DC2DE11ADB3106505006EB8;B0BDDED34CC83E11052F6792C000B249;2025-05-17;-2.0;-146.86
A418F960069CEE1191EE1065050029B9;B0BDDED34CC83E11052F6792C000B249;2025-05-17;-4.0;-265.16
6E95CEFEE8F34E1142D58A6505002C08;B0BDDED34CC83E11052F6792C000B249;2025-05-17;-2.0;-429.26
B67DE1C2688EED11A62CD892C000399B;B0BDDED34CC83E11052F6792C000B249;2025-05-17;-6.0;-643.26
4877C406B70ECE11ADB310650500D7B8;B0BDDED34CC83E11052F6792C000B249;2025-05-17;-4.0;-563.12
0845A568E89DDE11406610650500B64A;B0BDDED34CC83E11052F6792C000B249;2025-05-17;-4.0;-383.24
7410AFC583A76E11B7B78A650500BC08;B0BDDED34CC83E11052F6792C000B249;2025-05-17;-4.0;-882.8
501B55DC43D0DE11ADB310650500BBB8;B0BDDED34CC83E11052F6792C000B249;2025-05-17;-2.0;-186.76
53F825DDF691FE1191EE10650500EBB9;B0BDDED34CC83E11052F6792C000B249;2025-05-17;-2.0;-142.84
513B62FBC47D8E11F243BB650500154B;B0BDDED34CC83E11052F6792C000B249;2025-05-17;-2.0;-262.8
E5976BB8DBF7FE11128010650500D819;B0BDDED34CC83E11052F6792C000B249;2025-05-17;-2.0;-1781.38
67F732FC5CFFFE11F1557891FE694789;B0BDDED34CC83E11052F6792C000B249;2025-05-17;-6.0;-516.0
3A332A90025EFE11F1557891FE692589;B0BDDED34CC83E11052F6792C000B249;2025-05-17;-4.0;-379.84
5B5313B63DBBEE1191EE1065050029B9;B0BDDED34CC83E11052F6792C000B249;2025-05-17;-4.0;-1641.6
AE59ACEB697BAE11BE21106505009F4A;B0BDDED34CC83E11052F6792C000B249;2025-05-17;-4.0;-197.6
55927570069CEE1191EE1065050029B9;B0BDDED34CC83E11052F6792C000B249;2025-05-17;-2.0;-132.58
7517D8CC1A5FFE11F1557891FE697689;B0BDDED34CC83E11052F6792C000B249;2025-05-17;-2.0;-142.84
AE203BCB05B4DE11ADB310650500F0C8;B0BDDED34CC83E11052F6792C000B249;2025-05-17;-2.0;-116.16
9AFC45B292EE4E1142D58A650500BC08;B0BDDED34CC83E11052F6792C000B249;2025-05-17;-2.0;-628.64
4544DE59DD7ABE11877210650500AA59;B0BDDED34CC83E11052F6792C000B249;2025-05-17;-4.0;-697.36
4D2FCDF7D5F1DE11ADB3106505005DB8;B0BDDED34CC83E11052F6792C000B249;2025-05-17;-2.0;-973.88
481D84BB0F70DE11ADB3106505004BB8;B0BDDED34CC83E11052F6792C000B249;2025-05-17;-2.0;-64.46
4719182F55FDFE11F1557891FE69B489;B0BDDED34CC83E11052F6792C000B249;2025-05-17;-14.0;-967.8199999999999
A0CF163511B10F114EF7A826072BA989;B0BDDED34CC83E11052F6792C000B249;2025-05-17;-2.0;-366.0
21D4662C575FFE11F1557891FE697689;B0BDDED34CC83E11052F6792C000B249;2025-05-17;-2.0;-84.0
C3DC53538ABAFE11128010650500E819;B0BDDED34CC83E11052F6792C000B249;2025-05-17;-8.0;-237.12
0E3B843DFDBEEE1191EE1065050029B9;B0BDDED34CC83E11052F6792C000B249;2025-05-17;-2.0;-114.92
8E896FB808B7DE11C84610650500007A;B0BDDED34CC83E11052F6792C000B249;2025-05-17;-4.0;-592.92
89994B7DA0CAED11A62CD892C0003F2A;B0BDDED34CC83E11052F6792C000B249;2025-05-17;-6.0;-858.0
51C9633A937A7E110819BB65050039AA;B0BDDED34CC83E11052F6792C000B249;2025-05-17;-2.0;-301.84
4D924FD456938E113835BB6505001CAA;B0BDDED34CC83E11052F6792C000B249;2025-05-17;-2.0;-189.58
AE934F1D663EAE11BE2110650500135A;B0BDDED34CC83E11052F6792C000B249;2025-05-17;-6.0;-74.86
9AD8A4B271D6FD110DC22A92C000D158;B0BDDED34CC83E11052F6792C000B249;2025-05-17;-2.0;-236.8
280BF1E6BE52EE11406610650500FC4A;B0BDDED34CC83E11052F6792C000B249;2025-05-17;-2.0;-219.8
7D12823DE5E2DE11ADB3106505008EB8;B0BDDED34CC83E11052F6792C000B249;2025-05-17;-2.0;-301.06
B0779100832B8E11F243BB650500914B;B0BDDED34CC83E11052F6792C000B249;2025-05-17;-2.0;-573.6
FD44A0D2B1CAED11A62CD892C0003F2A;B0BDDED34CC83E11052F6792C000B249;2025-05-17;-2.0;-193.92
3E567CDF3056BE118772106505005559;B0BDDED34CC83E11052F6792C000B249;2025-05-17;-2.0;-565.2
2EA6FE26D8ED9E117260106505001B4A;B0BDDED34CC83E11052F6792C000B249;2025-05-17;-2.0;-344.0
1283222D1B6BAE11BE21106505008F4A;B0BDDED34CC83E11052F6792C000B249;2025-05-17;-2.0;-363.6
BBF338848ABAFE11128010650500E819;B0BDDED34CC83E11052F6792C000B249;2025-05-17;-2.0;-56.3
14D15EB8CC8EFE11F1557891FE697589;B0BDDED34CC83E11052F6792C000B249;2025-05-17;-2.0;-574.78
D67DDBD899363E11052F6792C000FF39;B0BDDED34CC83E11052F6792C000B249;2025-05-17;-2.0;-70.76
51140DB46D79FE11128010650500E819;B0BDDED34CC83E11052F6792C000B249;2025-05-17;-2.0;-193.6
1605FA432376AE11BE2110650500394A;B0BDDED34CC83E11052F6792C000B249;2025-05-17;-2.0;-955.72
A978D35A5644DE11ADB31065050060C8;B0BDDED34CC83E11052F6792C000B249;2025-05-17;-2.0;-438.02
8F0270825AF34E1142D58A6505002C08;B0BDDED34CC83E11052F6792C000B249;2025-05-17;-2.0;-423.84
A50E8EA6F352BE11BE2110650500585A;B0BDDED34CC83E11052F6792C000B249;2025-05-17;-4.0;-141.78
0645C70B00CAED11A62CD892C0003F2A;B0BDDED34CC83E11052F6792C000B249;2025-05-17;-2.0;-2300.56
0D35F61FA0CAED11A62CD892C0003F2A;B0BDDED34CC83E11052F6792C000B249;2025-05-17;-4.0;-614.72
8E172BDABA6BAE11BE21106505008F4A;B0BDDED34CC83E11052F6792C000B249;2025-05-17;-2.0;-82.94
6BEBE596FB913E11052F6792C000CF39;B0BDDED34CC83E11052F6792C000B249;2025-05-17;-10.0;-6000.0
29C421F8CCBBFD11A4A96492C000CB59;B0BDDED34CC83E11052F6792C000B249;2025-05-17;-2.0;-420.26
BE3D0375C09EBE11877210650500DF59;B0BDDED34CC83E11052F6792C000B249;2025-05-17;-6.0;-167.16
3DD574944E462E1143F0668E420006EB;B0BDDED34CC83E11052F6792C000B249;2025-05-17;-2.0;-464.24
E842E7FDF0CAED11A62CD892C0003F2A;B0BDDED34CC83E11052F6792C000B249;2025-05-17;-2.0;-279.54
247F5AC48342EE11406610650500DC4A;B0BDDED34CC83E11052F6792C000B249;2025-05-17;-2.0;-336.86
8DEEADA1C4568E11F243BB6505007B3B;B0BDDED34CC83E11052F6792C000B249;2025-05-17;-2.0;-238.44
3F18D298B12AFE11128010650500E819;B0BDDED34CC83E11052F6792C000B249;2025-05-17;-2.0;-99.5
06CA5E727D5FCE11ADB310650500A9B8;B0BDDED34CC83E11052F6792C000B249;2025-05-17;-2.0;-62.94
469071BA258EFE11F1557891FE696589;B0BDDED34CC83E11052F6792C000B249;2025-05-17;-4.0;-1260.8
6317EC0A61593E11052F6792C000D249;B0BDDED34CC83E11052F6792C000B249;2025-05-17;-2.0;-314.94
B53C89BA90CAED11A62CD892C0003F2A;B0BDDED34CC83E11052F6792C000B249;2025-05-17;-2.0;-1231.9
78D5B01A0223CE11877210650500A569;B0BDDED34CC83E11052F6792C000B249;2025-05-17;-14.0;-420.97999999999996
DC9AE3C90383AE11726010650500425A;B0BDDED34CC83E11052F6792C000B249;2025-05-17;-2.0;-141.12
341E542B42E1FE1191EE106505004CB9;B0BDDED34CC83E11052F6792C000B249;2025-05-17;-4.0;-269.08
C1D32BDCFFAEDE11406610650500384A;B0BDDED34CC83E11052F6792C000B249;2025-05-17;-20.0;-601.4
717D3A8D70C5EE1191EE1065050045B9;B0BDDED34CC83E11052F6792C000B249;2025-05-17;-2.0;-70.74
EAF22A90025EFE11F1557891FE692589;B0BDDED34CC83E11052F6792C000B249;2025-05-17;-2.0;-24.18
38600091046B3E11052F6792C000D249;B0BDDED34CC83E11052F6792C000B249;2025-05-17;-2.0;-75.08
BAD8E6C63D765E1142D58A650500DC08;B0BDDED34CC83E11052F6792C000B249;2025-05-17;-2.0;-553.6
E7672BA05557AE11BE21106505005A4A;B0BDDED34CC83E11052F6792C000B249;2025-05-17;-2.0;-880.38
53714AAE2EBD7E110819BB65050039AA;B0BDDED34CC83E11052F6792C000B249;2025-05-17;-2.0;-25.62
B43669584FC70E11A4A96492C000EC6A;B0BDDED34CC83E11052F6792C000B249;2025-05-17;-2.0;-1083.52
4A23F2F9F78CDE11406610650500554A;B0BDDED34CC83E11052F6792C000B249;2025-05-17;-2.0;-3168.72
AE71DDCD960F9E117260106505009C4A;B0BDDED34CC83E11052F6792C000B249;2025-05-17;-2.0;-410.84
5F2785D2D0CAED11A62CD892C0003F2A;B0BDDED34CC83E11052F6792C000B249;2025-05-17;-2.0;-151.54
3C4E17A90E907E11B7B78A650500CD08;B0BDDED34CC83E11052F6792C000B249;2025-05-17;-2.0;-183.44
7148C3C951CAED11A62CD892C0003F2A;B0BDDED34CC83E11052F6792C000B249;2025-05-17;-2.0;-324.7
68C844D3D0CAED11A62CD892C0003F2A;B0BDDED34CC83E11052F6792C000B249;2025-05-17;-2.0;-151.54
AF8B18461EA3DE11ADB3106505008FB8;FC081C55582CED11A62CD892C0003F2A;2025-05-17;-2.0;-62.74
501B55DC43D0DE11ADB310650500BBB8;44673735EAF46E11B7B78A650500BC08;2025-05-17;60.0;6840.0
4FA7E2017D49FE11128010650500E819;44673735EAF46E11B7B78A650500BC08;2025-05-17;10.0;2719.7
186471A57E456E11B7B78A650500BC08;44673735EAF46E11B7B78A650500BC08;2025-05-17;0.0;0.0
5E09AC080FDD6E11B7B78A650500BC08;44673735EAF46E11B7B78A650500BC08;2025-05-17;-4.0;-77.64
198EB87A983E7E110819BB65050039AA;44673735EAF46E11B7B78A650500BC08;2025-05-17;-6.0;-816.54
A48D43470E3FFE11F1557891FE695689;44673735EAF46E11B7B78A650500BC08;2025-05-17;0.0;0.0
5D220D9AC8C7FE1191EE1065050004C9;44673735EAF46E11B7B78A650500BC08;2025-05-17;-2.0;-485.66
8718A5E46C6E7E110819BB65050039AA;44673735EAF46E11B7B78A650500BC08;2025-05-17;0.0;0.0
6F65901085B59E11554010650500DF3B;44673735EAF46E11B7B78A650500BC08;2025-05-17;0.0;0.0
FD69AEA73F889E11525010650500F84A;44673735EAF46E11B7B78A650500BC08;2025-05-17;0.0;0.0
4EE37C01094F9E11726010650500EC4A;44673735EAF46E11B7B78A650500BC08;2025-05-17;0.0;0.0
76D3C2554F2FAE11BE2110650500545A;44673735EAF46E11B7B78A650500BC08;2025-05-17;-4.0;-368.0
612141FB7E789E11525010650500E84A;44673735EAF46E11B7B78A650500BC08;2025-05-17;22.0;5676.0
F79A1B18E9456E11B7B78A650500BC08;44673735EAF46E11B7B78A650500BC08;2025-05-17;6.0;5092.92
21E5ACB22A300F11F1557891FE699789;44673735EAF46E11B7B78A650500BC08;2025-05-17;12.0;18524.4
A633AE3A2A6BFE111280106505000919;44673735EAF46E11B7B78A650500BC08;2025-05-17;0.0;0.0
AE69AFD9B5F0BE11BE2110650500965A;44673735EAF46E11B7B78A650500BC08;2025-05-17;192.0;14016.0
B9C1C4B053DE4E1142D58A650500BC08;44673735EAF46E11B7B78A650500BC08;2025-05-17;0.0;0.0
BC61245C88BFEE1191EE1065050089B9;44673735EAF46E11B7B78A650500BC08;2025-05-17;10.0;1750.0
42F3530914BFBE118772106505004169;44673735EAF46E11B7B78A650500BC08;2025-05-17;60.0;8151.0
384CCFB52884EE11B1AD1065050008EA;44673735EAF46E11B7B78A650500BC08;2025-05-17;80.0;10184.0
45D568BC30674E1142D58A6505002C08;44673735EAF46E11B7B78A650500BC08;2025-05-17;0.0;0.0
D3EAE09E58D00E11A4A96492C0002019;44673735EAF46E11B7B78A650500BC08;2025-05-17;0.0;0.0
202C7C3F0877DE11C84610650500BF6A;44673735EAF46E11B7B78A650500BC08;2025-05-17;0.0;0.0
0BA804ECAD62FE1191EE10650500FCB9;44673735EAF46E11B7B78A650500BC08;2025-05-17;0.0;0.0
AF2F1B4518EEBE118772106505004069;44673735EAF46E11B7B78A650500BC08;2025-05-17;0.0;0.0
B7932F8BE42FEE1191EE1065050029B9;FC081C55582CED11A62CD892C0003F2A;2025-05-17;20.0;2236.04
502FAD6CE71BDE11406610650500634A;FC081C55582CED11A62CD892C0003F2A;2025-05-17;80.0;743.76
7D0B74D7D0CAED11A62CD892C0003F2A;44673735EAF46E11B7B78A650500BC08;2025-05-17;4.0;703.36
9051A73ABCE98E11F243BB650500004B;44673735EAF46E11B7B78A650500BC08;2025-05-17;8.0;2419.76
B0A4DB5DF3B89E11525010650500294A;FC081C55582CED11A62CD892C0003F2A;2025-05-17;4.0;462.18
310435D660638E111E1BBB650500BBAA;FC081C55582CED11A62CD892C0003F2A;2025-05-17;16.0;1467.36
C21D462FA0638E111E1BBB650500BBAA;B0BDDED34CC83E11052F6792C000B249;2025-05-17;4.0;114.98000000000002
49ADAE3F108EFE11F1557891FE696589;FC081C55582CED11A62CD892C0003F2A;2025-05-17;0.0;0.0
F22DF5F8CC8EFE11F1557891FE697589;FC081C55582CED11A62CD892C0003F2A;2025-05-17;0.0;0.0
5B3DC0E1DBB4AE11726010650500D35A;44673735EAF46E11B7B78A650500BC08;2025-05-17;4.0;397.94
85BA530C2F10FE1191EE106505000AB9;B0BDDED34CC83E11052F6792C000B249;2025-05-17;0.0;0.0
248A32108C456E11B7B78A650500BC08;44673735EAF46E11B7B78A650500BC08;2025-05-17;-8.0;-2416.24
BBB481FA321C8E11F243BB650500C24B;44673735EAF46E11B7B78A650500BC08;2025-05-17;-2.0;-940.0
6D56553C53E0DE11ADB310650500DBB8;44673735EAF46E11B7B78A650500BC08;2025-05-17;-2.0;-51.4
30D188956239EE1191EE1065050009B9;44673735EAF46E11B7B78A650500BC08;2025-05-17;-4.0;-275.62
065B2B331D2EBE118772106505005F59;44673735EAF46E11B7B78A650500BC08;2025-05-17;-2.0;-363.4
4A475C7445AE4E1142D58A650500BC08;44673735EAF46E11B7B78A650500BC08;2025-05-17;-8.0;-399.2
FC39F31DAF13CE11877210650500A569;44673735EAF46E11B7B78A650500BC08;2025-05-17;-12.0;-342.34
8B2267EF3C456E11B7B78A650500BC08;44673735EAF46E11B7B78A650500BC08;2025-05-17;-6.0;-874.08
FB361686AC456E11B7B78A650500BC08;44673735EAF46E11B7B78A650500BC08;2025-05-17;-10.0;-318.6
752EC529FE679E11554010650500024B;44673735EAF46E11B7B78A650500BC08;2025-05-17;-22.0;-3520.0
4BF72E5DC335DE11ADB31065050091C8;44673735EAF46E11B7B78A650500BC08;2025-05-17;-6.0;-360.36
50648DB2E0DCDE11406610650500B54A;44673735EAF46E11B7B78A650500BC08;2025-05-17;-16.0;-828.8
37C3840F18363E11052F6792C000FF39;44673735EAF46E11B7B78A650500BC08;2025-05-17;-6.0;-539.34
80BE76E2DC456E11B7B78A650500BC08;44673735EAF46E11B7B78A650500BC08;2025-05-17;-6.0;-1547.5
A7A8CB71EC456E11B7B78A650500BC08;44673735EAF46E11B7B78A650500BC08;2025-05-17;-2.0;-1680.0
130319B5C422BE11BE2110650500185A;44673735EAF46E11B7B78A650500BC08;2025-05-17;-4.0;-602.68
0F16B8BB7C7BDE11406610650500F34A;44673735EAF46E11B7B78A650500BC08;2025-05-17;-2.0;-10.5
BFEC4A8EEBA8BE118772106505005859;44673735EAF46E11B7B78A650500BC08;2025-05-17;-6.0;-159.18
3C4E17A90E907E11B7B78A650500CD08;44673735EAF46E11B7B78A650500BC08;2025-05-17;-8.0;-769.34
E19409CEF9456E11B7B78A650500BC08;44673735EAF46E11B7B78A650500BC08;2025-05-17;-4.0;-266.22
662A5F2B00556E11B7B78A650500BC08;44673735EAF46E11B7B78A650500BC08;2025-05-17;-26.0;-317.46000000000004
E0F9CAB8E770BE11BE2110650500F55A;44673735EAF46E11B7B78A650500BC08;2025-05-17;-2.0;-21.64
EE1D6F7699A9CE11ADB310650500E1B8;44673735EAF46E11B7B78A650500BC08;2025-05-17;-2.0;-203.5
7656CB4D25037E11B7B78A650500DD08;44673735EAF46E11B7B78A650500BC08;2025-05-17;-8.0;-444.32
CA365B874A517E11B7B78A650500CD08;44673735EAF46E11B7B78A650500BC08;2025-05-17;-4.0;-242.92
398784DE3A2E6E11B7B78A6505003D08;44673735EAF46E11B7B78A650500BC08;2025-05-17;-38.0;-4883.0
2EAF5F01D0637E11B7B78A650500DD08;44673735EAF46E11B7B78A650500BC08;2025-05-17;-2.0;-115.6
923F3D316A408E110819BB65050039AA;44673735EAF46E11B7B78A650500BC08;2025-05-17;-2.0;-666.0
09880D13E0DCDE11406610650500B54A;44673735EAF46E11B7B78A650500BC08;2025-05-17;-2.0;-235.0
14E5577E8F886E11B7B78A650500BC08;44673735EAF46E11B7B78A650500BC08;2025-05-17;-2.0;-121.54
68548DB2E0DCDE11406610650500B54A;44673735EAF46E11B7B78A650500BC08;2025-05-17;-100.0;-11390.0
E2DAB674904A7E110819BB65050039AA;44673735EAF46E11B7B78A650500BC08;2025-05-17;-2.0;-900.2
D45DDA5C8CB2CE118772106505002569;44673735EAF46E11B7B78A650500BC08;2025-05-17;-4.0;-3500.64
E88AC96C066E9E11726010650500CB4A;44673735EAF46E11B7B78A650500BC08;2025-05-17;-2.0;-67.8
050BACBD2D456E11B7B78A650500BC08;44673735EAF46E11B7B78A650500BC08;2025-05-17;-26.0;-1214.2
4A02796C1F3CEE1191EE1065050029B9;44673735EAF46E11B7B78A650500BC08;2025-05-17;-6.0;-89.76
131E1C751E6FEE1191EE1065050029B9;44673735EAF46E11B7B78A650500BC08;2025-05-17;-2.0;-693.6
02314C14B7363E11052F6792C000FF39;44673735EAF46E11B7B78A650500BC08;2025-05-17;-2.0;-121.76
486EDC4E3C456E11B7B78A650500BC08;44673735EAF46E11B7B78A650500BC08;2025-05-17;-8.0;-625.6
B6E72AD22392BE11BE2110650500A85A;44673735EAF46E11B7B78A650500BC08;2025-05-17;-8.0;-560.4
F165459B3E456E11B7B78A650500BC08;44673735EAF46E11B7B78A650500BC08;2025-05-17;-12.0;-11196.0
A3E510C0DE2DBE118772106505001E59;44673735EAF46E11B7B78A650500BC08;2025-05-17;-10.0;-898.9000000000001
18FF9373FD537E11B7B78A650500DD08;44673735EAF46E11B7B78A650500BC08;2025-05-17;-4.0;-36.84
3B37A649CD456E11B7B78A650500BC08;44673735EAF46E11B7B78A650500BC08;2025-05-17;-6.0;-9693.72
34D9FBFFA909CE11ADB31065050011B8;44673735EAF46E11B7B78A650500BC08;2025-05-17;-2.0;-128.58
CE6A3DD5D0371E1143F0668E42006B8B;44673735EAF46E11B7B78A650500BC08;2025-05-17;-2.0;-222.94
1100819A08FCFD11A4A96492C000CB59;44673735EAF46E11B7B78A650500BC08;2025-05-17;-6.0;-763.38
C8E6A3183E456E11B7B78A650500BC08;44673735EAF46E11B7B78A650500BC08;2025-05-17;-2.0;-576.0
B14C850F00300F11F1557891FE698789;44673735EAF46E11B7B78A650500BC08;2025-05-17;-6.0;-563.52
7581C150D602AE11726010650500605A;44673735EAF46E11B7B78A650500BC08;2025-05-17;-20.0;-1606.16
FC32A1754C456E11B7B78A650500BC08;44673735EAF46E11B7B78A650500BC08;2025-05-17;-2.0;-93.12
5DC741E1C11A8E11F243BB650500304B;44673735EAF46E11B7B78A650500BC08;2025-05-17;-2.0;-34.78
D6ECCABB1628CE11ADB310650500EFA8;44673735EAF46E11B7B78A650500BC08;2025-05-17;-2.0;-753.12
5FD37B03C11A8E11F243BB650500304B;44673735EAF46E11B7B78A650500BC08;2025-05-17;-24.0;-356.87999999999994
2CAFEE0B6DE07E11B7B78A650500CD08;44673735EAF46E11B7B78A650500BC08;2025-05-17;-2.0;-1193.48
B8D5845781518E110819BB65050039AA;44673735EAF46E11B7B78A650500BC08;2025-05-17;-6.0;-423.36
E1A5E909EEBD7E110819BB65050039AA;44673735EAF46E11B7B78A650500BC08;2025-05-17;-10.0;-5050.0
46B4E7B2BA456E11B7B78A650500BC08;44673735EAF46E11B7B78A650500BC08;2025-05-17;-4.0;-312.52
FD567AFA9497EE1191EE1065050047B9;44673735EAF46E11B7B78A650500BC08;2025-05-17;-4.0;-488.0
BDA0435C0FDD6E11B7B78A650500BC08;44673735EAF46E11B7B78A650500BC08;2025-05-17;-2.0;-40.54
AE999137CACDDE11406610650500F64A;44673735EAF46E11B7B78A650500BC08;2025-05-17;-2.0;-162.18
66C7703F6EEAAE11BE2110650500EE4A;44673735EAF46E11B7B78A650500BC08;2025-05-17;-32.0;-823.06
C2990D9B36F5BE11877210650500E459;44673735EAF46E11B7B78A650500BC08;2025-05-17;-2.0;-198.42
02B618F4AC456E11B7B78A650500BC08;44673735EAF46E11B7B78A650500BC08;2025-05-17;-2.0;-578.8
0515215FCAD0FE1191EE10650500FAB9;44673735EAF46E11B7B78A650500BC08;2025-05-17;-2.0;-280.02
E37793D1A8F07E11B7B78A650500CD08;44673735EAF46E11B7B78A650500BC08;2025-05-17;-2.0;-151.86
9A3436C05980FE1191EE106505008AB9;44673735EAF46E11B7B78A650500BC08;2025-05-17;-2.0;-308.6
A9C832A5D004FE1191EE106505001FB9;44673735EAF46E11B7B78A650500BC08;2025-05-17;-2.0;-151.12
A3E6EC7278EADE11406610650500234A;44673735EAF46E11B7B78A650500BC08;2025-05-17;-4.0;-990.52
FB5B6582A8910F114EF7A826072B8989;44673735EAF46E11B7B78A650500BC08;2025-05-17;-4.0;-23.16
9F19A1BFCAD0FE1191EE10650500FAB9;44673735EAF46E11B7B78A650500BC08;2025-05-17;-2.0;-308.0
78187995E528CE11ADB310650500EFA8;44673735EAF46E11B7B78A650500BC08;2025-05-17;-12.0;-521.28
CAD51A0368ED9E117260106505001B4A;44673735EAF46E11B7B78A650500BC08;2025-05-17;-4.0;-1248.0
C15FC812365FFE11F1557891FE697689;44673735EAF46E11B7B78A650500BC08;2025-05-17;-4.0;-298.64
FD0E37D8256EEE1191EE1065050029B9;44673735EAF46E11B7B78A650500BC08;2025-05-17;-2.0;-176.0
562124BC26CAFE11128010650500E819;44673735EAF46E11B7B78A650500BC08;2025-05-17;-2.0;-297.56
D067FE52322B7E110819BB65050039AA;44673735EAF46E11B7B78A650500BC08;2025-05-17;-4.0;-116.06
87F5C1F49C456E11B7B78A650500BC08;44673735EAF46E11B7B78A650500BC08;2025-05-17;-12.0;-1992.58
AA12BAC636EEAE11BE2110650500F35A;44673735EAF46E11B7B78A650500BC08;2025-05-17;-6.0;-641.74
F81D072F390FEE1191EE1065050029B9;44673735EAF46E11B7B78A650500BC08;2025-05-17;-4.0;-43.62
AE1239CC2CFA7E110819BB65050039AA;44673735EAF46E11B7B78A650500BC08;2025-05-17;-2.0;-792.98
A4349E308D456E11B7B78A650500BC08;44673735EAF46E11B7B78A650500BC08;2025-05-17;-10.0;-302.0
D117EEEEB517FE1191EE1065050023C9;44673735EAF46E11B7B78A650500BC08;2025-05-17;-6.0;-1105.54
D1DCCFB52884EE11B1AD1065050008EA;44673735EAF46E11B7B78A650500BC08;2025-05-17;-24.0;-2918.4
24713B465990EE11406610650500AA4A;44673735EAF46E11B7B78A650500BC08;2025-05-17;-4.0;-672.0
BB43F8C694310F11112A674AC7E2F889;44673735EAF46E11B7B78A650500BC08;2025-05-17;-8.0;-1280.0
FF027D0BFD456E11B7B78A650500BC08;44673735EAF46E11B7B78A650500BC08;2025-05-17;-4.0;-5900.0
58054A10B651AE117260106505008F4A;44673735EAF46E11B7B78A650500BC08;2025-05-17;-4.0;-1687.34
769B72C890CAED11A62CD892C0003F2A;44673735EAF46E11B7B78A650500BC08;2025-05-17;-2.0;-185.32
3C577F655AE66E11B7B78A650500BC08;44673735EAF46E11B7B78A650500BC08;2025-05-17;-2.0;-61.4
6D076A426D7DBE118772106505007E59;44673735EAF46E11B7B78A650500BC08;2025-05-17;-12.0;-864.0
C800E7824F95BE11BE21106505008C5A;44673735EAF46E11B7B78A650500BC08;2025-05-17;-4.0;-14.8
9418EBE9D11BEE1191EE1065050029B9;44673735EAF46E11B7B78A650500BC08;2025-05-17;-2.0;-856.0
D3C386B6D3459E115540106505004F3B;44673735EAF46E11B7B78A650500BC08;2025-05-17;-4.0;-110.52
F7151EF2BDBDCE11ADB31065050077B8;44673735EAF46E11B7B78A650500BC08;2025-05-17;-2.0;-122.5
1D5FC3CA46A27E11B7B78A650500DD08;44673735EAF46E11B7B78A650500BC08;2025-05-17;-2.0;-223.4
01689007E6385E1142D58A650500DC08;44673735EAF46E11B7B78A650500BC08;2025-05-17;-2.0;-333.8
C3CE5F86BD9BAE11BE2110650500CF4A;44673735EAF46E11B7B78A650500BC08;2025-05-17;-2.0;-70.52
4E4C4B2869278E11F243BB6505008C3B;44673735EAF46E11B7B78A650500BC08;2025-05-17;-2.0;-469.56
D588C87E7F95FE1191EE1065050031C9;44673735EAF46E11B7B78A650500BC08;2025-05-17;-4.0;-1945.88
CEE17B471392BE11BE2110650500A85A;44673735EAF46E11B7B78A650500BC08;2025-05-17;-2.0;-227.24
E2AA0BD3CC22AE11726010650500905A;44673735EAF46E11B7B78A650500BC08;2025-05-17;-2.0;-49.56
DD048979F7BAFE11128010650500E819;44673735EAF46E11B7B78A650500BC08;2025-05-17;-4.0;-204.0
F42FECCA9C456E11B7B78A650500BC08;44673735EAF46E11B7B78A650500BC08;2025-05-17;-8.0;-1211.84
05700055B23DBE118772106505001E59;44673735EAF46E11B7B78A650500BC08;2025-05-17;-42.0;-3684.78
74382A811EC8EE1191EE10650500E8B9;44673735EAF46E11B7B78A650500BC08;2025-05-17;-4.0;-1044.0
76217CD2D9457E11B7B78A650500ED08;44673735EAF46E11B7B78A650500BC08;2025-05-17;-2.0;-72.0
57FEA237E770BE11BE2110650500F55A;44673735EAF46E11B7B78A650500BC08;2025-05-17;-2.0;-88.54
D30754EE7C456E11B7B78A650500BC08;44673735EAF46E11B7B78A650500BC08;2025-05-17;-2.0;-453.26
0CE0884F88B37E11B7B78A650500DD08;44673735EAF46E11B7B78A650500BC08;2025-05-17;-2.0;-559.82
1797E37B383EFE11F1557891FE690589;44673735EAF46E11B7B78A650500BC08;2025-05-17;-2.0;-193.0
8A2BB701BD889E11525010650500F84A;44673735EAF46E11B7B78A650500BC08;2025-05-17;-2.0;-1190.56
0B7A56F8FE3CEE1191EE1065050029B9;44673735EAF46E11B7B78A650500BC08;2025-05-17;-2.0;-114.48
6A89BDE3CBDEFE11F1557891FE69D589;44673735EAF46E11B7B78A650500BC08;2025-05-17;-3.0;-707.4
20F9D7708C456E11B7B78A650500BC08;44673735EAF46E11B7B78A650500BC08;2025-05-17;-2.0;-681.18
6A2D4E6C34885E1142D58A650500DC08;44673735EAF46E11B7B78A650500BC08;2025-05-17;-2.0;-40.0
68F4CFB49884EE11B1AD1065050008EA;44673735EAF46E11B7B78A650500BC08;2025-05-17;-2.0;-309.82
5FEA5AF81C84FE1191EE10650500DFB9;44673735EAF46E11B7B78A650500BC08;2025-05-17;-2.0;-1393.8
7AD4A808E6B5EE1191EE1065050035B9;44673735EAF46E11B7B78A650500BC08;2025-05-17;-2.0;-238.4
F51EA83B917ABE118772106505009A59;44673735EAF46E11B7B78A650500BC08;2025-05-17;-2.0;-787.62
7E74FAA18C456E11B7B78A650500BC08;44673735EAF46E11B7B78A650500BC08;2025-05-17;-2.0;-469.58
B252830334627E11B7B78A650500CD08;44673735EAF46E11B7B78A650500BC08;2025-05-17;-2.0;-323.8
D3137EBFE6197E110819BB65050009AA;44673735EAF46E11B7B78A650500BC08;2025-05-17;-2.0;-49.86
189837B6D66A6E11B7B78A650500BC08;44673735EAF46E11B7B78A650500BC08;2025-05-17;-4.0;-279.9
504BAE812ADFEE1191EE10650500A9B9;44673735EAF46E11B7B78A650500BC08;2025-05-17;-4.0;-1346.8
363484C872CAED11A62CD892C0003F2A;44673735EAF46E11B7B78A650500BC08;2025-05-17;-2.0;-222.96
59277BD1DD456E11B7B78A650500BC08;44673735EAF46E11B7B78A650500BC08;2025-05-17;-2.0;-724.0
B51903ED2263CE11877210650500F569;44673735EAF46E11B7B78A650500BC08;2025-05-17;-2.0;-177.76
077A2D18FC510F11112A674AC7E22989;44673735EAF46E11B7B78A650500BC08;2025-05-17;-6.0;-1092.0
A0E93C3D91CAED11A62CD892C0003F2A;44673735EAF46E11B7B78A650500BC08;2025-05-17;-2.0;-224.16
CA4D1F2ACDDD6E11B7B78A650500BC08;44673735EAF46E11B7B78A650500BC08;2025-05-17;-2.0;-87.06
308D6A3ABBAF7E110819BB65050039AA;44673735EAF46E11B7B78A650500BC08;2025-05-17;-4.0;-2478.0
7DCE556FCC456E11B7B78A650500BC08;44673735EAF46E11B7B78A650500BC08;2025-05-17;-2.0;-114.3
8922AE49F1521E1143F0668E42008C3B;44673735EAF46E11B7B78A650500BC08;2025-05-17;-2.0;-694.38
47801856A6F5AE11BE2110650500984A;44673735EAF46E11B7B78A650500BC08;2025-05-17;-2.0;-22.96
C67CA5BB6811FE1191EE106505004BB9;44673735EAF46E11B7B78A650500BC08;2025-05-17;-2.0;-580.06
F931BF7EEB456E11B7B78A650500BC08;44673735EAF46E11B7B78A650500BC08;2025-05-17;-2.0;-217.74
D4E3ED753D456E11B7B78A650500BC08;44673735EAF46E11B7B78A650500BC08;2025-05-17;-2.0;-292.14
84697977EB456E11B7B78A650500BC08;44673735EAF46E11B7B78A650500BC08;2025-05-17;-2.0;-1118.4
06B4DEC3C0CAED11A62CD892C0003F2A;44673735EAF46E11B7B78A650500BC08;2025-05-17;-2.0;-621.9
4EB58C9AB16F9E117260106505000D4A;44673735EAF46E11B7B78A650500BC08;2025-05-17;-2.0;-413.7
EE418A00535B6E11B7B78A650500BC08;44673735EAF46E11B7B78A650500BC08;2025-05-17;-2.0;-404.08
45649EAA09AF7E110819BB65050039AA;44673735EAF46E11B7B78A650500BC08;2025-05-17;-16.0;-4984.32
8F8708B6A6F5AE11BE2110650500984A;44673735EAF46E11B7B78A650500BC08;2025-05-17;-2.0;-165.54
CD076A426D7DBE118772106505007E59;44673735EAF46E11B7B78A650500BC08;2025-05-17;-4.0;-372.0
EA102FED066E9E11726010650500CB4A;44673735EAF46E11B7B78A650500BC08;2025-05-17;-2.0;-29.06
277D754B781ABE118772106505002A59;44673735EAF46E11B7B78A650500BC08;2025-05-17;-4.0;-706.88
5C807FCB811FCE11ADB31065050029B8;44673735EAF46E11B7B78A650500BC08;2025-05-17;-2.0;-1112.46
EAF3127797B0FE1191EE10650500CAB9;44673735EAF46E11B7B78A650500BC08;2025-05-17;-2.0;-245.88
024C08FD16B37E11B7B78A650500DD08;44673735EAF46E11B7B78A650500BC08;2025-05-17;-10.0;-6000.0
F5DE6785DBB91E1143F0668E42006B8B;FC081C55582CED11A62CD892C0003F2A;2025-05-17;-6.0;-595.6600000000001
76A9EF070E07BE118772106505004659;FC081C55582CED11A62CD892C0003F2A;2025-05-17;-4.0;-1019.52
AD6A31758B8BEE1191EE1065050029B9;FC081C55582CED11A62CD892C0003F2A;2025-05-17;-4.0;-2901.14
2EC1A37C1A5FFE11F1557891FE697689;FC081C55582CED11A62CD892C0003F2A;2025-05-17;-2.0;-110.74
995C05069DE22E1143F0668E4200C71A;FC081C55582CED11A62CD892C0003F2A;2025-05-17;-4.0;-670.7
D55C91650447FD110DC22A92C000D62B;FC081C55582CED11A62CD892C0003F2A;2025-05-17;-2.0;-669.36
B5A313341765DE11ADB310650500D1C8;FC081C55582CED11A62CD892C0003F2A;2025-05-17;-2.0;-386.16
1EB7380BBED3FD110DC22A92C000C499;FC081C55582CED11A62CD892C0003F2A;2025-05-17;-4.0;-917.46
C5F425AAD58FEE1191EE1065050049B9;FC081C55582CED11A62CD892C0003F2A;2025-05-17;-2.0;-633.06
5B1A1E5D8588AE11BE2110650500DB4A;FC081C55582CED11A62CD892C0003F2A;2025-05-17;-8.0;-1420.96
21441A4A988AFE11128010650500E819;FC081C55582CED11A62CD892C0003F2A;2025-05-17;-2.0;-23.66
2C2E044394AE9E117260106505001C4A;FC081C55582CED11A62CD892C0003F2A;2025-05-17;-2.0;-188.68
B917387E4C3FFE11F1557891FE695689;FC081C55582CED11A62CD892C0003F2A;2025-05-17;-2.0;-542.68
5477B9469586CE11ADB310650500DDA8;FC081C55582CED11A62CD892C0003F2A;2025-05-17;-4.0;-75.25999999999999
155F5FEEB4FFDE11406610650500D94A;FC081C55582CED11A62CD892C0003F2A;2025-05-17;-2.0;-1133.4
49659CC4D0CAED11A62CD892C0003F2A;FC081C55582CED11A62CD892C0003F2A;2025-05-17;-2.0;-305.0
0B3B70728AC46E11B7B78A650500BC08;FC081C55582CED11A62CD892C0003F2A;2025-05-17;-2.0;-97.5
077A2D18FC510F11112A674AC7E22989;FC081C55582CED11A62CD892C0003F2A;2025-05-17;-2.0;-291.2
88E3EB2B2EF10F114EF7A826072B0A89;FC081C55582CED11A62CD892C0003F2A;2025-05-17;-6.0;-363.6
1F4B22D9186B1E1143F0668E4200EF5A;FC081C55582CED11A62CD892C0003F2A;2025-05-17;-2.0;-289.72
640BF153001B1E1143F0668E4200EF5A;FC081C55582CED11A62CD892C0003F2A;2025-05-17;-2.0;-431.3
A8904BBEC0CAED11A62CD892C0003F2A;FC081C55582CED11A62CD892C0003F2A;2025-05-17;-4.0;-442.2
D51416F380698E11F243BB6505005F3B;FC081C55582CED11A62CD892C0003F2A;2025-05-17;-4.0;-324.1
0C77AF526C4FBE11877210650500C069;FC081C55582CED11A62CD892C0003F2A;2025-05-17;-2.0;-618.7
E03D525A3623DE11ADB310650500DEB8;FC081C55582CED11A62CD892C0003F2A;2025-05-17;-2.0;-657.74
9B042FCCDCD4DE11ADB31065050021C8;FC081C55582CED11A62CD892C0003F2A;2025-05-17;-6.0;-650.04
774AB04B4644DE11ADB31065050060C8;FC081C55582CED11A62CD892C0003F2A;2025-05-17;-2.0;-357.34
B661336EA0900F11F1557891FE690889;FC081C55582CED11A62CD892C0003F2A;2025-05-17;-4.0;-121.7
6E8D109D68AFDE11406610650500794A;FC081C55582CED11A62CD892C0003F2A;2025-05-17;-2.0;-27.64
5C42B7FEDDF5DE11ADB31065050092C8;FC081C55582CED11A62CD892C0003F2A;2025-05-17;-2.0;-97.98
E637A3AF1978FE11128010650500D819;FC081C55582CED11A62CD892C0003F2A;2025-05-17;-2.0;-22.32
E33AB5AC0DA3DE11ADB3106505008FB8;FC081C55582CED11A62CD892C0003F2A;2025-05-17;-2.0;-94.38
C6C61D3B1EE88E11F243BB650500CE3B;FC081C55582CED11A62CD892C0003F2A;2025-05-17;-2.0;-101.96
7A35BEA05AC28E117E64BB650500EAAA;FC081C55582CED11A62CD892C0003F2A;2025-05-17;-4.0;-145.64
E4ACD75042600F11F1557891FE69C789;FC081C55582CED11A62CD892C0003F2A;2025-05-17;-2.0;-121.08
0F0DDDC841BFFE11F1557891FE69E689;FC081C55582CED11A62CD892C0003F2A;2025-05-17;-2.0;-125.46
09A596ACC2FBEE1191EE1065050029B9;FC081C55582CED11A62CD892C0003F2A;2025-05-17;-4.0;-206.94
989027AF83D67E11B7B78A650500ED08;FC081C55582CED11A62CD892C0003F2A;2025-05-17;-6.0;-144.66
5B81572ED9FC9E11726010650500E94A;FC081C55582CED11A62CD892C0003F2A;2025-05-17;-2.0;-33.54
2474FBEA4FE3DE11ADB310650500DFB8;FC081C55582CED11A62CD892C0003F2A;2025-05-17;-10.0;-48.02
DE2A430A11B3EE11B1AD10650500F6EA;FC081C55582CED11A62CD892C0003F2A;2025-05-17;-2.0;-25.0
18426F158AB08E110819BB65050039AA;FC081C55582CED11A62CD892C0003F2A;2025-05-17;-6.0;-1962.0
92A0CF3DD9FC9E11726010650500E94A;FC081C55582CED11A62CD892C0003F2A;2025-05-17;-6.0;-246.48
5741096E1978FE11128010650500D819;FC081C55582CED11A62CD892C0003F2A;2025-05-17;-2.0;-561.52
270A26F542600F11F1557891FE69C789;FC081C55582CED11A62CD892C0003F2A;2025-05-17;-2.0;-77.8
A620AE0D8F74FE1191EE10650500CFB9;FC081C55582CED11A62CD892C0003F2A;2025-05-17;-6.0;-356.28
48E93E47CCA3DE11ADB3106505008FB8;FC081C55582CED11A62CD892C0003F2A;2025-05-17;-2.0;-106.46
6BF57738A3D67E11B7B78A650500ED08;FC081C55582CED11A62CD892C0003F2A;2025-05-17;-2.0;-43.2
7C6140C0DE3CEE1191EE1065050029B9;FC081C55582CED11A62CD892C0003F2A;2025-05-17;-2.0;-202.28
02E9E804E1CBBE118772106505004C59;FC081C55582CED11A62CD892C0003F2A;2025-05-17;-4.0;-291.56
599B429690FE0E1123F0668E42005B38;FC081C55582CED11A62CD892C0003F2A;2025-05-17;-2.0;-378.16
71E2C75836AA3E11052F6792C000D249;FC081C55582CED11A62CD892C0003F2A;2025-05-17;-4.0;-842.36
20AE87C0F0CAED11A62CD892C0003F2A;FC081C55582CED11A62CD892C0003F2A;2025-05-17;-2.0;-357.04
710332DA8D410F11112A674AC7E21989;FC081C55582CED11A62CD892C0003F2A;2025-05-17;-2.0;-45.5
BEC92A53D2EA3E11052F6792C000D249;FC081C55582CED11A62CD892C0003F2A;2025-05-17;-4.0;-570.32
60EA07B4FC98FE11128010650500D819;FC081C55582CED11A62CD892C0003F2A;2025-05-17;-22.0;-2508.0
42B158B398A05E1142D58A650500BC08;FC081C55582CED11A62CD892C0003F2A;2025-05-17;-6.0;-1768.6
52BC0A2547FF4E1142D58A650500BC08;FC081C55582CED11A62CD892C0003F2A;2025-05-17;-12.0;-105.70000000000002
0000CD49FA7DFE1158A3BB3DBE8E1489;FC081C55582CED11A62CD892C0003F2A;2025-05-17;-2.0;-235.6
920B7F2413001E1143F0668E42007A39;FC081C55582CED11A62CD892C0003F2A;2025-05-17;-6.0;-1598.58
7AD78863757B6E11B7B78A650500BC08;FC081C55582CED11A62CD892C0003F2A;2025-05-17;-4.0;-314.64
F25BC1E1D0CAED11A62CD892C0003F2A;FC081C55582CED11A62CD892C0003F2A;2025-05-17;-4.0;-1407.02
981C1D13D57EFE11F1557891FE695589;FC081C55582CED11A62CD892C0003F2A;2025-05-17;-2.0;-315.98
5B57768D21AFFE11F1557891FE69D689;FC081C55582CED11A62CD892C0003F2A;2025-05-17;-2.0;-1161.2
0931E0130BF3DE11ADB310650500EFB8;FC081C55582CED11A62CD892C0003F2A;2025-05-17;-4.0;-3595.56
2570D5B00D11BE11BE2110650500C65A;FC081C55582CED11A62CD892C0003F2A;2025-05-17;-6.0;-456.65999999999997
EB0E1FC5EFD9DE11406610650500C14A;FC081C55582CED11A62CD892C0003F2A;2025-05-17;-4.0;-120.8
868F74887C96BE11877210650500B559;FC081C55582CED11A62CD892C0003F2A;2025-05-17;-2.0;-305.48
B497BF6A01CAED11A62CD892C0003F2A;FC081C55582CED11A62CD892C0003F2A;2025-05-17;-4.0;-1032.92
59297EF260EE4E1142D58A650500BC08;FC081C55582CED11A62CD892C0003F2A;2025-05-17;-2.0;-345.24
A79BADAE35AE4E1142D58A650500BC08;FC081C55582CED11A62CD892C0003F2A;2025-05-17;-4.0;-199.6
CD04B457E2CAED11A62CD892C0003F2A;FC081C55582CED11A62CD892C0003F2A;2025-05-17;-6.0;-1543.18
658B0513E5CAFE11128010650500E819;FC081C55582CED11A62CD892C0003F2A;2025-05-17;-2.0;-307.96
7C33A200FFAFFE11F1557891FE69E689;FC081C55582CED11A62CD892C0003F2A;2025-05-17;-2.0;-160.5
A17055FB95378E11F243BB6505009C3B;FC081C55582CED11A62CD892C0003F2A;2025-05-17;-4.0;-475.48
FDD9D4E5F8D91E1143F0668E42009D5A;FC081C55582CED11A62CD892C0003F2A;2025-05-17;-2.0;-1146.3
7E1EA5A1801C3E11052F6792C000D249;FC081C55582CED11A62CD892C0003F2A;2025-05-17;-6.0;-88.19999999999999
6354EC21212FEE1191EE1065050029B9;FC081C55582CED11A62CD892C0003F2A;2025-05-17;-2.0;-234.76
56001EBB15B8FE11128010650500D819;FC081C55582CED11A62CD892C0003F2A;2025-05-17;-2.0;-224.12
5E33F07CC972AE11726010650500F05A;FC081C55582CED11A62CD892C0003F2A;2025-05-17;-2.0;-82.92
A50E8EA6F352BE11BE2110650500585A;FC081C55582CED11A62CD892C0003F2A;2025-05-17;-6.0;-212.68
A9352707B6F5BE11877210650500E459;FC081C55582CED11A62CD892C0003F2A;2025-05-17;-2.0;-1072.26
8376033300C80E11A4A96492C0001269;FC081C55582CED11A62CD892C0003F2A;2025-05-17;-24.0;-2256.2
D5D2043061D4EE11B1AD1065050068EA;FC081C55582CED11A62CD892C0003F2A;2025-05-17;-10.0;-706.9
60B762BAE497AE11BE2110650500AA4A;FC081C55582CED11A62CD892C0003F2A;2025-05-17;-2.0;-166.94
6DD5E17EED71FE1191EE10650500CBB9;FC081C55582CED11A62CD892C0003F2A;2025-05-17;-2.0;-1008.7
EE1C208DDDBBEE1191EE1065050029B9;FC081C55582CED11A62CD892C0003F2A;2025-05-17;-2.0;-320.4
550D640201CAED11A62CD892C0003F2A;FC081C55582CED11A62CD892C0003F2A;2025-05-17;-2.0;-159.5
FA3B6733FDDFDE11406610650500B94A;FC081C55582CED11A62CD892C0003F2A;2025-05-17;-2.0;-107.72
B5E32CB1DB804E1142D58A650500DB08;FC081C55582CED11A62CD892C0003F2A;2025-05-17;-2.0;-222.36
EB689109E1CAED11A62CD892C0003F2A;FC081C55582CED11A62CD892C0003F2A;2025-05-17;-6.0;-1542.7
0D35F61FA0CAED11A62CD892C0003F2A;FC081C55582CED11A62CD892C0003F2A;2025-05-17;-4.0;-614.72
717D3A8D70C5EE1191EE1065050045B9;FC081C55582CED11A62CD892C0003F2A;2025-05-17;-4.0;-141.48
5CD4FAA364DF6E11B7B78A650500CD08;FC081C55582CED11A62CD892C0003F2A;2025-05-17;-2.0;-123.02
848D4091AD67EE1191EE1065050017B9;FC081C55582CED11A62CD892C0003F2A;2025-05-17;-2.0;-386.8
A8D8D3E6104FFE11F1557891FE695689;FC081C55582CED11A62CD892C0003F2A;2025-05-17;-2.0;-26.56
4331172115B4DE11ADB310650500F0C8;FC081C55582CED11A62CD892C0003F2A;2025-05-17;-2.0;-134.4
4BEE93486BB4EE11B1AD1065050048EA;FC081C55582CED11A62CD892C0003F2A;2025-05-17;-2.0;-331.94
AFB7D9E07479FE11128010650500E819;FC081C55582CED11A62CD892C0003F2A;2025-05-17;-2.0;-291.06
1E5EB228415DEE1191EE1065050029B9;FC081C55582CED11A62CD892C0003F2A;2025-05-17;-2.0;-421.9
4E0EDFD2A23C6E11B7B78A650500BC08;FC081C55582CED11A62CD892C0003F2A;2025-05-17;-20.0;-938.9
B10E2C7261CBEE1191EE1065050029B9;FC081C55582CED11A62CD892C0003F2A;2025-05-17;-4.0;-96.0
0588063F5B65EE11B1AD1065050039EA;FC081C55582CED11A62CD892C0003F2A;2025-05-17;-2.0;-215.76
27654C8D278FEE1191EE1065050049B9;FC081C55582CED11A62CD892C0003F2A;2025-05-17;-2.0;-2110.48
21E265C41282DE11ADB3106505000EB8;FC081C55582CED11A62CD892C0003F2A;2025-05-17;-4.0;-1192.54
6229763B5BCD4E1142D58A650500BC08;FC081C55582CED11A62CD892C0003F2A;2025-05-17;-2.0;-857.74
89994B7DA0CAED11A62CD892C0003F2A;FC081C55582CED11A62CD892C0003F2A;2025-05-17;-8.0;-1144.0
4310A12C4AC0DE11ADB310650500ABB8;FC081C55582CED11A62CD892C0003F2A;2025-05-17;-10.0;-615.54
48018428F0CAED11A62CD892C0003F2A;FC081C55582CED11A62CD892C0003F2A;2025-05-17;-4.0;-268.52
BE3D0375C09EBE11877210650500DF59;FC081C55582CED11A62CD892C0003F2A;2025-05-17;-6.0;-157.16
8865361802218E110819BB65050039AA;FC081C55582CED11A62CD892C0003F2A;2025-05-17;-4.0;-324.92
62216AAF0427BE118772106505006659;FC081C55582CED11A62CD892C0003F2A;2025-05-17;-2.0;-169.72
D90C4CF61680BE11BE2110650500065A;FC081C55582CED11A62CD892C0003F2A;2025-05-17;-2.0;-354.38
9612E9F0DADD8E11F243BB650500954B;FC081C55582CED11A62CD892C0003F2A;2025-05-17;-2.0;-2223.18
4E191C1CE459DE11C84610650500127A;FC081C55582CED11A62CD892C0003F2A;2025-05-17;-4.0;-361.02
01DE4A04FFB89E11525010650500394A;FC081C55582CED11A62CD892C0003F2A;2025-05-17;-2.0;-671.0
608444C0C60C4E1142D58A650500BC08;FC081C55582CED11A62CD892C0003F2A;2025-05-17;-4.0;-1718.44
473B611FE6C75E1142D58A650500DC08;FC081C55582CED11A62CD892C0003F2A;2025-05-17;-6.0;-130.5
261FEA3C6C62FE1191EE10650500FCB9;FC081C55582CED11A62CD892C0003F2A;2025-05-17;-2.0;-824.76
6BC0AFE58443BE11BE2110650500895A;FC081C55582CED11A62CD892C0003F2A;2025-05-17;-4.0;-722.64
906627ADC0CAED11A62CD892C0003F2A;FC081C55582CED11A62CD892C0003F2A;2025-05-17;-2.0;-78.76
6B4EDC5C01CAED11A62CD892C0003F2A;FC081C55582CED11A62CD892C0003F2A;2025-05-17;-2.0;-658.44
54A95A82885EDE11406610650500C74A;FC081C55582CED11A62CD892C0003F2A;2025-05-17;-4.0;-500.9
6ED52F15E0CAED11A62CD892C0003F2A;FC081C55582CED11A62CD892C0003F2A;2025-05-17;-4.0;-2728.2
6F577A3653ED7E110819BB65050039AA;FC081C55582CED11A62CD892C0003F2A;2025-05-17;-2.0;-180.72
279ABECC31993E11052F6792C000D249;FC081C55582CED11A62CD892C0003F2A;2025-05-17;-6.0;-1430.4
358CCFFAED641E1143F0668E42008C3B;FC081C55582CED11A62CD892C0003F2A;2025-05-17;-2.0;-150.3
7C09442379B1EE114066106505001C4A;FC081C55582CED11A62CD892C0003F2A;2025-05-17;-2.0;-316.48
D35E9808D3BC3E11052F6792C000D249;FC081C55582CED11A62CD892C0003F2A;2025-05-17;-2.0;-141.12
DA62A961B112EE114066106505009C4A;FC081C55582CED11A62CD892C0003F2A;2025-05-17;-2.0;-355.86
DCCBF8275C400E11A4A96492C0002019;FC081C55582CED11A62CD892C0003F2A;2025-05-17;-2.0;-233.88
4E6BC894ED76AE11BE2110650500494A;FC081C55582CED11A62CD892C0003F2A;2025-05-17;-2.0;-29.9
42AEE5CCA108DE11C84610650500607A;FC081C55582CED11A62CD892C0003F2A;2025-05-17;-2.0;-637.0
C3F1412AC9280E11A4A96492C00009EB;FC081C55582CED11A62CD892C0003F2A;2025-05-17;-2.0;-692.46
93B5DCE0C66ACE11ADB310650500D2B8;FC081C55582CED11A62CD892C0003F2A;2025-05-17;-2.0;-613.86
92871D91921ADE11406610650500024A;FC081C55582CED11A62CD892C0003F2A;2025-05-17;-2.0;-4355.96
F54FA8705E85EE1191EE10650500F4B9;FC081C55582CED11A62CD892C0003F2A;2025-05-17;-2.0;-315.44
4F5B0B5E73AB8E11F243BB650500324B;FC081C55582CED11A62CD892C0003F2A;2025-05-17;-2.0;-1376.86
F547068C4D05DE11ADB31065050061C8;FC081C55582CED11A62CD892C0003F2A;2025-05-17;-6.0;-991.3199999999999
BF3B042BDECFCE11ADB3106505003AB8;FC081C55582CED11A62CD892C0003F2A;2025-05-17;-2.0;-466.54
1189AECD27C45E1142D58A650500DC08;FC081C55582CED11A62CD892C0003F2A;2025-05-17;-4.0;-2968.88
320D2FF50346AE11BE2110650500F84A;FC081C55582CED11A62CD892C0003F2A;2025-05-17;-2.0;-732.98
F9F449F499775E1142D58A650500DC08;FC081C55582CED11A62CD892C0003F2A;2025-05-17;-2.0;-124.66
27A086D3065EDE11406610650500C74A;FC081C55582CED11A62CD892C0003F2A;2025-05-17;-2.0;-403.18
5A3A49A50FBBEE1191EE1065050029B9;FC081C55582CED11A62CD892C0003F2A;2025-05-17;-2.0;-194.0
8F8C39DCE823AE11726010650500D15A;FC081C55582CED11A62CD892C0003F2A;2025-05-17;-4.0;-603.78
4D1BB8DA4795BE11BE21106505007C5A;FC081C55582CED11A62CD892C0003F2A;2025-05-17;-4.0;-350.82
0D921D64A537BE118772106505007659;FC081C55582CED11A62CD892C0003F2A;2025-05-17;-2.0;-316.02
43DA4B12448FCE11ADB310650500D9B8;FC081C55582CED11A62CD892C0003F2A;2025-05-17;-12.0;-1201.52
915F5C2F18D2DE11ADB3106505007EB8;FC081C55582CED11A62CD892C0003F2A;2025-05-17;-6.0;-126.0
E8B3841E55C0CE11877210650500A269;FC081C55582CED11A62CD892C0003F2A;2025-05-17;-6.0;-161.6
A91B4BEA9B4A6E11B7B78A650500BC08;FC081C55582CED11A62CD892C0003F2A;2025-05-17;-2.0;-606.0
8207AB6DE9E2FE1191EE10650500ADB9;FC081C55582CED11A62CD892C0003F2A;2025-05-17;-4.0;-123.64
DEFB951EFFBAED11A62CD892C0003F2A;FC081C55582CED11A62CD892C0003F2A;2025-05-17;-2.0;-101.56
189A8D469DE9EE1191EE1065050009B9;FC081C55582CED11A62CD892C0003F2A;2025-05-17;-2.0;-45.8
16215E52D0BFFE11F1557891FE69E689;FC081C55582CED11A62CD892C0003F2A;2025-05-17;-2.0;-297.54
3854D9315EF96E11B7B78A650500BC08;FC081C55582CED11A62CD892C0003F2A;2025-05-17;-2.0;-414.5
0C1EE941BE31FE1191EE106505007BB9;FC081C55582CED11A62CD892C0003F2A;2025-05-17;-2.0;-141.14
47E7672012FD4E1142D58A650500BC08;FC081C55582CED11A62CD892C0003F2A;2025-05-17;-4.0;-2449.7
BC3CDCD35F28CE11ADB310650500FFA8;FC081C55582CED11A62CD892C0003F2A;2025-05-17;-2.0;-273.38
812B6E3436E13E11052F6792C000CF39;FC081C55582CED11A62CD892C0003F2A;2025-05-17;-2.0;-464.12
940BC74B39C6DE11C84610650500DE6A;FC081C55582CED11A62CD892C0003F2A;2025-05-17;-2.0;-23.66
179ED7E2D8C3EE11B1AD1065050017EA;FC081C55582CED11A62CD892C0003F2A;2025-05-17;-2.0;-163.96
3AB689417479FE11128010650500E819;FC081C55582CED11A62CD892C0003F2A;2025-05-17;-2.0;-591.02
404D8C0C64FF4E1142D58A650500BC08;FC081C55582CED11A62CD892C0003F2A;2025-05-17;-4.0;-128.3
C8904BBEC0CAED11A62CD892C0003F2A;FC081C55582CED11A62CD892C0003F2A;2025-05-17;-2.0;-324.98
F7E59375470A0E11A4A96492C0001269;FC081C55582CED11A62CD892C0003F2A;2025-05-17;-2.0;-143.26
A68628E45CE3DE11ADB310650500DFB8;FC081C55582CED11A62CD892C0003F2A;2025-05-17;-2.0;-355.6
8A8206E701CA8E11F243BB650500114B;FC081C55582CED11A62CD892C0003F2A;2025-05-17;-4.0;-171.64
3139F45B1AC6EE1191EE1065050086B9;FC081C55582CED11A62CD892C0003F2A;2025-05-17;-4.0;-4305.9
75B25CEF16D6AE11BE2110650500B94A;FC081C55582CED11A62CD892C0003F2A;2025-05-17;-6.0;-17622.559999999998
CC1A4D1EB9281E1143F0668E42006B8B;FC081C55582CED11A62CD892C0003F2A;2025-05-17;-2.0;-3175.94
9A03E2149E675E1142D58A650500DC08;FC081C55582CED11A62CD892C0003F2A;2025-05-17;-2.0;-4797.32
0868434CB12FFD11A4A96492C0001019;FC081C55582CED11A62CD892C0003F2A;2025-05-17;-2.0;-391.38
AAC111F654716E1142D58A650500AD08;FC081C55582CED11A62CD892C0003F2A;2025-05-17;-2.0;-607.68
5BA7B1AB81CAED11A62CD892C0003F2A;FC081C55582CED11A62CD892C0003F2A;2025-05-17;-2.0;-1497.48
27A0F4ADDC52EE11406610650500FC4A;FC081C55582CED11A62CD892C0003F2A;2025-05-17;-2.0;-293.04
FE15F8F901CAED11A62CD892C0003F2A;FC081C55582CED11A62CD892C0003F2A;2025-05-17;-2.0;-306.24
99F156AE877F8E11F243BB650500A74B;FC081C55582CED11A62CD892C0003F2A;2025-05-17;-2.0;-24.62
77FCDC45019FCE11ADB310650500E9B8;FC081C55582CED11A62CD892C0003F2A;2025-05-17;-2.0;-568.78
2DBDC7718FB3AE11726010650500925A;FC081C55582CED11A62CD892C0003F2A;2025-05-17;-2.0;-115.26
9238A0B8019EBE11877210650500DF59;B0BDDED34CC83E11052F6792C000B249;2025-05-17;-4.0;-111.44
4397BF6A01CAED11A62CD892C0003F2A;B0BDDED34CC83E11052F6792C000B249;2025-05-17;-2.0;-253.68
F92159E86589DE11406610650500514A;B0BDDED34CC83E11052F6792C000B249;2025-05-17;-4.0;-747.68
7A1111598A692E11052F6792C0007F39;B0BDDED34CC83E11052F6792C000B249;2025-05-17;-2.0;-35.52
58BF1F41BBCDCE11ADB31065050087B8;B0BDDED34CC83E11052F6792C000B249;2025-05-17;-2.0;-1272.0
F2AD502BDC065E1142D58A650500DC08;B0BDDED34CC83E11052F6792C000B249;2025-05-17;-370.0;-1110.0
D5FE46A0055F4E1142D58A650500BC08;B0BDDED34CC83E11052F6792C000B249;2025-05-17;-8.0;-1113.44
783E818302CAED11A62CD892C0003F2A;B0BDDED34CC83E11052F6792C000B249;2025-05-17;-2.0;-236.06
7395F55B3BD6AE11BE2110650500B94A;B0BDDED34CC83E11052F6792C000B249;2025-05-17;-6.0;-1032.62
915809939D81BE11BE2110650500575A;B0BDDED34CC83E11052F6792C000B249;2025-05-17;-2.0;-241.14
8F57DC3713A6DE11ADB31065050063C8;B0BDDED34CC83E11052F6792C000B249;2025-05-17;-2.0;-42.42
3B33ADA2A0FE5E1142D58A6505006D08;B0BDDED34CC83E11052F6792C000B249;2025-05-17;-4.0;-1216.38
419C7098DF29DE11C84610650500E17A;B0BDDED34CC83E11052F6792C000B249;2025-05-17;-2.0;-552.48
24D7F29CE3FCBE11877210650500CD59;B0BDDED34CC83E11052F6792C000B249;2025-05-17;-2.0;-74.86
0FB5BF95F5789E11525010650500D84A;B0BDDED34CC83E11052F6792C000B249;2025-05-17;-4.0;-1178.24
A0B0BB5F01CAED11A62CD892C0003F2A;B0BDDED34CC83E11052F6792C000B249;2025-05-17;-2.0;-508.56
2E8E54351B578E11F243BB650500CC3B;B0BDDED34CC83E11052F6792C000B249;2025-05-17;-2.0;-90.22
B83D606ACE6AFE11128010650500E819;B0BDDED34CC83E11052F6792C000B249;2025-05-17;-4.0;-155.89999999999998
5A61A42998E3FE1191EE10650500FEB9;B0BDDED34CC83E11052F6792C000B249;2025-05-17;-2.0;-140.66
BA6BCFE6E11F8E11F243BB650500274B;B0BDDED34CC83E11052F6792C000B249;2025-05-17;-4.0;-23.7
C4286DD7F5497E110819BB65050009AA;B0BDDED34CC83E11052F6792C000B249;2025-05-17;-2.0;-192.88
07D91E1BB0566E11B7B78A650500BC08;B0BDDED34CC83E11052F6792C000B249;2025-05-17;-4.0;-612.84
98D80015B93FDE11406610650500E84A;B0BDDED34CC83E11052F6792C000B249;2025-05-17;-2.0;-28.64
6F87027411CAED11A62CD892C0003F2A;B0BDDED34CC83E11052F6792C000B249;2025-05-17;-2.0;-376.28
778AA6DBE358FE11128010650500D819;B0BDDED34CC83E11052F6792C000B249;2025-05-17;-4.0;-237.86
0912737CCE80FE1191EE106505009AB9;B0BDDED34CC83E11052F6792C000B249;2025-05-17;-2.0;-383.66
06DDD91EC2C88E11F243BB6505008E3B;B0BDDED34CC83E11052F6792C000B249;2025-05-17;-2.0;-71.6
166C973F6A48FD11A4A96492C000AA89;B0BDDED34CC83E11052F6792C000B249;2025-05-17;-2.0;-281.06
549008398567FE1191EE1065050083C9;B0BDDED34CC83E11052F6792C000B249;2025-05-17;-4.0;-3290.28
8C02367FDEE2BE11BE2110650500195A;B0BDDED34CC83E11052F6792C000B249;2025-05-17;-6.0;-110.06
4DF5AA0F66449E11554010650500ED3B;B0BDDED34CC83E11052F6792C000B249;2025-05-17;-14.0;-234.64000000000001
97461FAF7CF39E115540106505008D3B;B0BDDED34CC83E11052F6792C000B249;2025-05-17;-4.0;-726.04
B8D415047715CE11ADB3106505000DA8;B0BDDED34CC83E11052F6792C000B249;2025-05-17;-2.0;-474.48
620B73B38ABAFE11128010650500E819;B0BDDED34CC83E11052F6792C000B249;2025-05-17;-6.0;-177.84
74FC5D6A6BE15E1142D58A650500BC08;B0BDDED34CC83E11052F6792C000B249;2025-05-17;-2.0;-124.82
F1439D630E3CEE1191EE1065050029B9;B0BDDED34CC83E11052F6792C000B249;2025-05-17;-2.0;-175.42
B51A958001CAED11A62CD892C0003F2A;B0BDDED34CC83E11052F6792C000B249;2025-05-17;-2.0;-102.24
8DA02CA111CAED11A62CD892C0003F2A;B0BDDED34CC83E11052F6792C000B249;2025-05-17;-4.0;-1446.68
546B556D699F7E110819BB65050039AA;B0BDDED34CC83E11052F6792C000B249;2025-05-17;-2.0;-659.26
69D4DD1E64EE4E1142D58A650500BC08;B0BDDED34CC83E11052F6792C000B249;2025-05-17;-2.0;-527.64
757F32B541341E1143F0668E42008C3B;B0BDDED34CC83E11052F6792C000B249;2025-05-17;-2.0;-92.88
663EE411F6D9FE11128010650500E819;B0BDDED34CC83E11052F6792C000B249;2025-05-17;-2.0;-208.36
B36C7E9693615E1142D58A650500BC08;B0BDDED34CC83E11052F6792C000B249;2025-05-17;-12.0;-141.36
5F07BE9F80E9DE11406610650500C14A;B0BDDED34CC83E11052F6792C000B249;2025-05-17;-2.0;-220.14
F636FB67EE6B8E11F243BB650500F14B;B0BDDED34CC83E11052F6792C000B249;2025-05-17;-2.0;-6.14
CC921D64A537BE118772106505007659;B0BDDED34CC83E11052F6792C000B249;2025-05-17;-2.0;-837.7
FA176259DE79EE1191EE1065050009B9;B0BDDED34CC83E11052F6792C000B249;2025-05-17;-16.0;-4025.6
9B5072B6B82FCE11ADB31065050049B8;B0BDDED34CC83E11052F6792C000B249;2025-05-17;-2.0;-114.12
E2AEA4E0A815FD110DC22A92C0009D7B;B0BDDED34CC83E11052F6792C000B249;2025-05-17;-4.0;-525.62
0A384A7B0321DE11ADB3106505003CB8;B0BDDED34CC83E11052F6792C000B249;2025-05-17;-4.0;-368.0
D681D5353931DE11ADB3106505006CB8;B0BDDED34CC83E11052F6792C000B249;2025-05-17;-2.0;-91.8
EC9EB9966C2CDE11406610650500E44A;B0BDDED34CC83E11052F6792C000B249;2025-05-17;-4.0;-485.44
8270FD18E94DFE11F1557891FE69D389;B0BDDED34CC83E11052F6792C000B249;2025-05-17;-4.0;-276.0
3FAA1F0AFC027E11B7B78A650500CD08;B0BDDED34CC83E11052F6792C000B249;2025-05-17;-6.0;-375.18
EAC68FCA5C8F6E11B7B78A650500CD08;B0BDDED34CC83E11052F6792C000B249;2025-05-17;-2.0;-692.46
FFBE891274699E115250106505001A4A;B0BDDED34CC83E11052F6792C000B249;2025-05-17;-2.0;-29.38
825CBB5597CABE118772106505000B59;B0BDDED34CC83E11052F6792C000B249;2025-05-17;-2.0;-107.74
DBF3A471F6D9FE11128010650500E819;B0BDDED34CC83E11052F6792C000B249;2025-05-17;-2.0;-208.36
C9F302D67596DE11ADB31065050053C8;B0BDDED34CC83E11052F6792C000B249;2025-05-17;-2.0;-632.24
2D00F2E6029EBE11877210650500DF59;B0BDDED34CC83E11052F6792C000B249;2025-05-17;-6.0;-167.16
8823DD5E1086AE11BE2110650500494A;B0BDDED34CC83E11052F6792C000B249;2025-05-17;-2.0;-380.16
62C9BA148ABAFE11128010650500E819;B0BDDED34CC83E11052F6792C000B249;2025-05-17;-6.0;-168.89999999999998
F4F9EAA0A2ABCE11ADB31065050084B8;B0BDDED34CC83E11052F6792C000B249;2025-05-17;-4.0;-764.48
F1D9DD6EEB6DFE11F1557891FE690489;B0BDDED34CC83E11052F6792C000B249;2025-05-17;-2.0;-308.36
1B871760CBF8DE11C84610650500A17A;B0BDDED34CC83E11052F6792C000B249;2025-05-17;-4.0;-107.1
3B754762F0CAED11A62CD892C0003F2A;B0BDDED34CC83E11052F6792C000B249;2025-05-17;-2.0;-795.16
8346106C17976E11B7B78A650500BC08;B0BDDED34CC83E11052F6792C000B249;2025-05-17;-2.0;-205.74
A789BA148ABAFE11128010650500E819;B0BDDED34CC83E11052F6792C000B249;2025-05-17;-12.0;-337.79999999999995
81D2D4B1F86CCE11ADB310650500A5B8;B0BDDED34CC83E11052F6792C000B249;2025-05-17;-2.0;-4601.44
02A725DDF691FE1191EE10650500EBB9;B0BDDED34CC83E11052F6792C000B249;2025-05-17;-2.0;-138.04
4DA5E4036085FD110DC22A92C000D158;B0BDDED34CC83E11052F6792C000B249;2025-05-17;-4.0;-429.36
F9961515C295FE1191EE1065050021C9;B0BDDED34CC83E11052F6792C000B249;2025-05-17;-2.0;-1080.0
BCD109160EDEFE11F1557891FE69D589;B0BDDED34CC83E11052F6792C000B249;2025-05-17;-2.0;-209.22
2BC3BD2764B13E11052F6792C000CF39;B0BDDED34CC83E11052F6792C000B249;2025-05-17;-4.0;-2400.0
55A4C6789109AE11BE21106505007C4A;B0BDDED34CC83E11052F6792C000B249;2025-05-17;-4.0;-166.8
193C46BC1A5FFE11F1557891FE697689;B0BDDED34CC83E11052F6792C000B249;2025-05-17;-2.0;-73.84
E3F3436BE358FE11128010650500D819;B0BDDED34CC83E11052F6792C000B249;2025-05-17;-4.0;-55.58
8BF2753CEF574E1142D58A6505002C08;B0BDDED34CC83E11052F6792C000B249;2025-05-17;-2.0;-382.62
0541A42998E3FE1191EE10650500FEB9;B0BDDED34CC83E11052F6792C000B249;2025-05-17;-2.0;-117.22
91D65036DE75FD110DC22A92C000D158;B0BDDED34CC83E11052F6792C000B249;2025-05-17;-4.0;-78.36
817CDF60738B5E1142D58A6505000D08;B0BDDED34CC83E11052F6792C000B249;2025-05-17;-2.0;-209.28
B0B7EDD1F0CAED11A62CD892C0003F2A;B0BDDED34CC83E11052F6792C000B249;2025-05-17;-4.0;-698.56
5527B94BCED4DE11ADB31065050021C8;B0BDDED34CC83E11052F6792C000B249;2025-05-17;-2.0;-367.2
D9306D2741BFFE11F1557891FE69E689;B0BDDED34CC83E11052F6792C000B249;2025-05-17;-2.0;-73.66
4AF9A0CD66EBEE1191EE1065050029B9;B0BDDED34CC83E11052F6792C000B249;2025-05-17;-2.0;-292.2
0E073713250BFE11128010650500E819;B0BDDED34CC83E11052F6792C000B249;2025-05-17;-2.0;-155.34
E59B72C890CAED11A62CD892C0003F2A;B0BDDED34CC83E11052F6792C000B249;2025-05-17;-4.0;-375.06
59384B52B7474E1142D58A6505002C08;B0BDDED34CC83E11052F6792C000B249;2025-05-17;-24.0;-583.2
993B2D59F7C7BE118772106505003759;B0BDDED34CC83E11052F6792C000B249;2025-05-17;-2.0;-183.14
49DB634AA60BFE11128010650500E819;B0BDDED34CC83E11052F6792C000B249;2025-05-17;-2.0;-86.2
601929C3E11A0E11A4A96492C0001269;B0BDDED34CC83E11052F6792C000B249;2025-05-17;-2.0;-509.38
4701451DDD30DE11ADB310650500EAB8;B0BDDED34CC83E11052F6792C000B249;2025-05-17;-4.0;-545.52
2747BBD7B82FCE11ADB31065050049B8;B0BDDED34CC83E11052F6792C000B249;2025-05-17;-2.0;-1593.74
FCE662BE02405E1142D58A650500BC08;B0BDDED34CC83E11052F6792C000B249;2025-05-17;-2.0;-174.32
4939E2C83CCEAE11BE2110650500D35A;B0BDDED34CC83E11052F6792C000B249;2025-05-17;-2.0;-35.6
A2A94ECCC366DE11ADB31065050013C8;B0BDDED34CC83E11052F6792C000B249;2025-05-17;-2.0;-391.98
5E1AC54C241E6E11B7B78A6505001D08;B0BDDED34CC83E11052F6792C000B249;2025-05-17;-2.0;-144.82
8A8206E701CA8E11F243BB650500114B;B0BDDED34CC83E11052F6792C000B249;2025-05-17;-4.0;-159.62
DE15F8F901CAED11A62CD892C0003F2A;B0BDDED34CC83E11052F6792C000B249;2025-05-17;-2.0;-465.12
FF6785D8D0CAED11A62CD892C0003F2A;B0BDDED34CC83E11052F6792C000B249;2025-05-17;-2.0;-487.08
175AF9E305B4DE11ADB310650500F0C8;B0BDDED34CC83E11052F6792C000B249;2025-05-17;-2.0;-116.16
46ECEEFF7120FE1191EE106505000AB9;B0BDDED34CC83E11052F6792C000B249;2025-05-17;-2.0;-6.86
565BD54551CAED11A62CD892C0003F2A;B0BDDED34CC83E11052F6792C000B249;2025-05-17;-2.0;-370.78
D824051B94AE0E1143F0668E42001D49;B0BDDED34CC83E11052F6792C000B249;2025-05-17;-2.0;-50.6
C2144477484BBE11877210650500AB59;B0BDDED34CC83E11052F6792C000B249;2025-05-17;-2.0;-28.24
E44F26DD5B04EE11B1AD1065050067EA;B0BDDED34CC83E11052F6792C000B249;2025-05-17;-2.0;-477.64
DA6EC3FB7D44FE1191EE106505007FB9;B0BDDED34CC83E11052F6792C000B249;2025-05-17;-2.0;-406.92
F134C4E92EB00E11A4A96492C0002019;B0BDDED34CC83E11052F6792C000B249;2025-05-17;-2.0;-218.94
5EA8094F4FFD9E117260106505004B4A;B0BDDED34CC83E11052F6792C000B249;2025-05-17;-2.0;-283.16
E1204D06C4BC3E11052F6792C000D249;B0BDDED34CC83E11052F6792C000B249;2025-05-17;-4.0;-174.16
D329023EF123CE11877210650500A569;B0BDDED34CC83E11052F6792C000B249;2025-05-17;-2.0;-60.14
2C2D525A3623DE11ADB310650500DEB8;B0BDDED34CC83E11052F6792C000B249;2025-05-17;-2.0;-300.82
1E3966F1FF91EE11406610650500FB4A;B0BDDED34CC83E11052F6792C000B249;2025-05-17;-2.0;-81.94
F66D5F876DC2DE11ADB3106505006EB8;B0BDDED34CC83E11052F6792C000B249;2025-05-17;-2.0;-195.5
A1485770AB596E11B7B78A650500BC08;B0BDDED34CC83E11052F6792C000B249;2025-05-17;-2.0;-149.54
36C279B05FAAFE11128010650500E819;B0BDDED34CC83E11052F6792C000B249;2025-05-17;-2.0;-154.08
FE027C3FC62EEE1191EE1065050029B9;B0BDDED34CC83E11052F6792C000B249;2025-05-17;-6.0;-341.88
67C95AA70C3BBE118772106505009B59;B0BDDED34CC83E11052F6792C000B249;2025-05-17;-4.0;-154.22
CFA1EF9132DFEE1191EE10650500A9B9;B0BDDED34CC83E11052F6792C000B249;2025-05-17;-4.0;-862.6
B5184F4E55317E11B7B78A650500CD08;B0BDDED34CC83E11052F6792C000B249;2025-05-17;-2.0;-121.68
BC9C530E8FCA9E11525010650500EB4A;B0BDDED34CC83E11052F6792C000B249;2025-05-17;-4.0;-126.5
BB3E61227E48DE11C84610650500C07A;B0BDDED34CC83E11052F6792C000B249;2025-05-17;-2.0;-1354.0
C14E6B0BCED4DE11ADB31065050021C8;B0BDDED34CC83E11052F6792C000B249;2025-05-17;-2.0;-363.6
CC12452A3E263E11052F6792C000FF39;B0BDDED34CC83E11052F6792C000B249;2025-05-17;-8.0;-487.04
7D0E4497937FCE11ADB310650500C9B8;B0BDDED34CC83E11052F6792C000B249;2025-05-17;-2.0;-61.94
573F5EAB9D1DDE11406610650500164A;B0BDDED34CC83E11052F6792C000B249;2025-05-17;-20.0;-273.84
7697BF6A01CAED11A62CD892C0003F2A;B0BDDED34CC83E11052F6792C000B249;2025-05-17;-2.0;-607.66
C2120B04BB733E11052F6792C000CF39;B0BDDED34CC83E11052F6792C000B249;2025-05-17;-2.0;-156.2
A0C7CB6C58F1EE114066106505007C4A;B0BDDED34CC83E11052F6792C000B249;2025-05-17;-2.0;-51.02
F2B7955D82C5EE1191EE1065050045B9;B0BDDED34CC83E11052F6792C000B249;2025-05-17;-2.0;-298.0
3AB2EB04AA4FFE11F1557891FE696689;B0BDDED34CC83E11052F6792C000B249;2025-05-17;-2.0;-166.94
CB5AB005003C0E11A4A96492C0001269;B0BDDED34CC83E11052F6792C000B249;2025-05-17;-2.0;-268.74
6A40ED6CB366DE11ADB31065050013C8;B0BDDED34CC83E11052F6792C000B249;2025-05-17;-2.0;-302.02
8919B39B05586E11B7B78A650500BC08;B0BDDED34CC83E11052F6792C000B249;2025-05-17;-10.0;-255.0
F2F89BDB7D6AFE11128010650500E819;B0BDDED34CC83E11052F6792C000B249;2025-05-17;-4.0;-67.36
ACE84C0834885E1142D58A650500DC08;B0BDDED34CC83E11052F6792C000B249;2025-05-17;-4.0;-108.92
FF5FCC0CFC56FE1191EE1065050022C9;B0BDDED34CC83E11052F6792C000B249;2025-05-17;-2.0;-654.8
AA26D02FF0410F11112A674AC7E20989;FC081C55582CED11A62CD892C0003F2A;2025-05-17;-2.0;-419.2
0BD104E55D5AEE1191EE1065050009B9;FC081C55582CED11A62CD892C0003F2A;2025-05-17;-2.0;-53.68
55E5CF7ECAD0FE1191EE10650500FAB9;44673735EAF46E11B7B78A650500BC08;2025-05-17;2.0;377.34
EC899ABF43047E11B7B78A650500DD08;44673735EAF46E11B7B78A650500BC08;2025-05-17;18.0;6660.0
76D9847273D0DE11ADB310650500BBB8;44673735EAF46E11B7B78A650500BC08;2025-05-17;78.0;1250.3400000000001
D40A8D27EEA2CE118772106505001569;44673735EAF46E11B7B78A650500BC08;2025-05-17;0.0;0.0
5AD35D3779457E11B7B78A650500ED08;44673735EAF46E11B7B78A650500BC08;2025-05-17;-2.0;-581.58
DBBB9C2492578E11F243BB650500BC3B;44673735EAF46E11B7B78A650500BC08;2025-05-17;0.0;0.0
D0E18ABA7541DE11ADB3106505007CB8;44673735EAF46E11B7B78A650500BC08;2025-05-17;-2.0;-250.0
8343B73619DADE11406610650500134A;44673735EAF46E11B7B78A650500BC08;2025-05-17;0.0;0.0
ADA5CCCFD9456E11B7B78A650500BC08;44673735EAF46E11B7B78A650500BC08;2025-05-17;6.0;3513.96
7C71AD349F9BCE11ADB31065050084B8;44673735EAF46E11B7B78A650500BC08;2025-05-17;6.0;3452.04
DF4AD50A684AAE11BE21106505001E4A;44673735EAF46E11B7B78A650500BC08;2025-05-17;0.0;0.0
2ABB2C72F31DFE11F1557891FE699389;44673735EAF46E11B7B78A650500BC08;2025-05-17;2.0;1518.76
9DCB0E913EDBBE118772106505006C59;44673735EAF46E11B7B78A650500BC08;2025-05-17;8.0;1021.54
594939F21CA5FE1191EE1065050041C9;44673735EAF46E11B7B78A650500BC08;2025-05-17;40.0;13640.0
1281F66B1D456E11B7B78A650500BC08;44673735EAF46E11B7B78A650500BC08;2025-05-17;12.0;14760.0
E02AAB87BA54BE11BE2110650500EA5A;44673735EAF46E11B7B78A650500BC08;2025-05-17;0.0;0.0
A64AD3A5EBE5AE11BE2110650500884A;44673735EAF46E11B7B78A650500BC08;2025-05-17;186.0;13605.9
3914D4490FFEFE11F1557891FE690689;44673735EAF46E11B7B78A650500BC08;2025-05-17;0.0;0.0
0D54D4490FFEFE11F1557891FE690689;44673735EAF46E11B7B78A650500BC08;2025-05-17;0.0;0.0
7833DF2EC7EFCE11ADB3106505006AB8;44673735EAF46E11B7B78A650500BC08;2025-05-17;0.0;0.0
F5E7C5148439BE118772106505000959;44673735EAF46E11B7B78A650500BC08;2025-05-17;0.0;0.0
3C12D899951AFE11128010650500E819;44673735EAF46E11B7B78A650500BC08;2025-05-17;0.0;0.0
272C647BACAAAE11BE21106505009E4A;44673735EAF46E11B7B78A650500BC08;2025-05-17;0.0;0.0
8B33317E395EDE11406610650500C74A;44673735EAF46E11B7B78A650500BC08;2025-05-17;0.0;0.0
8D4373CBC62CBE11877210650500CC59;44673735EAF46E11B7B78A650500BC08;2025-05-17;0.0;0.0
85C21AAA47AACE11ADB31065050023B8;FC081C55582CED11A62CD892C0003F2A;2025-05-17;120.0;4344.84
F24C488CA94BCE11ADB31065050014B8;FC081C55582CED11A62CD892C0003F2A;2025-05-17;30.0;2806.52
D558E884BFCBBE118772106505005C59;FC081C55582CED11A62CD892C0003F2A;2025-05-17;40.0;4985.28
FD7EAFA8E4E6AE11BE2110650500C94A;FC081C55582CED11A62CD892C0003F2A;2025-05-17;8.0;1034.1599999999999
86F5605DD0CAED11A62CD892C0003F2A;44673735EAF46E11B7B78A650500BC08;2025-05-17;8.0;5765.36
392601DEA199FD11A4A96492C0006F3B;44673735EAF46E11B7B78A650500BC08;2025-05-17;8.0;5304.56
48ACB6F790638E111E1BBB650500BBAA;FC081C55582CED11A62CD892C0003F2A;2025-05-17;12.0;1069.44
C6018428F0CAED11A62CD892C0003F2A;FC081C55582CED11A62CD892C0003F2A;2025-05-17;0.0;36.52000000000001
545F06305D8FFE11F1557891FE69B689;FC081C55582CED11A62CD892C0003F2A;2025-05-17;0.0;0.0
99525EB8CC8EFE11F1557891FE697589;FC081C55582CED11A62CD892C0003F2A;2025-05-17;0.0;0.0
14D15EB8CC8EFE11F1557891FE697589;FC081C55582CED11A62CD892C0003F2A;2025-05-17;-2.0;-570.0
8928ED19CC8EFE11F1557891FE697589;FC081C55582CED11A62CD892C0003F2A;2025-05-17;0.0;0.0
5A065A064CB4AE11726010650500D35A;44673735EAF46E11B7B78A650500BC08;2025-05-17;4.0;317.1
69EC4AF6BA05CE11ADB3106505000DA8;44673735EAF46E11B7B78A650500BC08;2025-05-17;96.0;18748.8
99C8BA1F2BB2CE118772106505002569;44673735EAF46E11B7B78A650500BC08;2025-05-17;4.0;2340.0
AAF7AA4CF68FEE1191EE1065050049B9;44673735EAF46E11B7B78A650500BC08;2025-05-17;20.0;22780.0
F87A13F4DF7EEE1191EE1065050029B9;44673735EAF46E11B7B78A650500BC08;2025-05-17;6.0;20400.0
EBD758EF8FCCCE11ADB31065050026B8;44673735EAF46E11B7B78A650500BC08;2025-05-17;4.0;86344.0
259B8BD0DAD0FE1191EE10650500FAB9;44673735EAF46E11B7B78A650500BC08;2025-05-17;-2.0;-1258.32
8BD2D9C031A9EE1191EE1065050009B9;44673735EAF46E11B7B78A650500BC08;2025-05-17;-10.0;-717.2
D4B5B252EA244E1142D58A6505002C08;44673735EAF46E11B7B78A650500BC08;2025-05-17;-2.0;-100.16
D831728E7C456E11B7B78A650500BC08;44673735EAF46E11B7B78A650500BC08;2025-05-17;-10.0;-1483.5
DB5386B149278E11F243BB6505008C3B;44673735EAF46E11B7B78A650500BC08;2025-05-17;-2.0;-930.0
2A4D3277238FCE11ADB310650500D9B8;44673735EAF46E11B7B78A650500BC08;2025-05-17;-2.0;-1111.7
4542FD2ED1F1BE11BE2110650500D75A;44673735EAF46E11B7B78A650500BC08;2025-05-17;-2.0;-1064.0
A4304F3D5DB0DE11ADB3106505009BB8;44673735EAF46E11B7B78A650500BC08;2025-05-17;-4.0;-7735.94
A6ACAC2CED456E11B7B78A650500BC08;44673735EAF46E11B7B78A650500BC08;2025-05-17;-4.0;-532.8
B024E8244E456E11B7B78A650500BC08;44673735EAF46E11B7B78A650500BC08;2025-05-17;-2.0;-522.0
59375A67B5EEAE11BE2110650500F35A;44673735EAF46E11B7B78A650500BC08;2025-05-17;-4.0;-240.0
E40BACBD2D456E11B7B78A650500BC08;44673735EAF46E11B7B78A650500BC08;2025-05-17;-2.0;-69.4
50AA28A04E456E11B7B78A650500BC08;44673735EAF46E11B7B78A650500BC08;2025-05-17;-6.0;-2232.0
C1B0293D6FF1CE118772106505003469;44673735EAF46E11B7B78A650500BC08;2025-05-17;-4.0;-644.36
37E57A8D69B18E11A442BB65050079AA;44673735EAF46E11B7B78A650500BC08;2025-05-17;-8.0;-2568.0
229409CEF9456E11B7B78A650500BC08;44673735EAF46E11B7B78A650500BC08;2025-05-17;-2.0;-216.98
25189352662BDE11406610650500734A;44673735EAF46E11B7B78A650500BC08;2025-05-17;-4.0;-792.0
650BACBD2D456E11B7B78A650500BC08;44673735EAF46E11B7B78A650500BC08;2025-05-17;-4.0;-385.2
830508AA93688E11F243BB6505001E3B;44673735EAF46E11B7B78A650500BC08;2025-05-17;-4.0;-142.12
3E9036818257DE11C846106505008F6A;44673735EAF46E11B7B78A650500BC08;2025-05-17;-2.0;-235.68
0FEF367EEB0AFE11128010650500E819;44673735EAF46E11B7B78A650500BC08;2025-05-17;-8.0;-266.4
130630EFAD53AE11726010650500125A;44673735EAF46E11B7B78A650500BC08;2025-05-17;-12.0;-156.52
6D2B063E9F4BEE1191EE1065050029B9;44673735EAF46E11B7B78A650500BC08;2025-05-17;-2.0;-78.64
600D3C198EF39E115540106505008D3B;44673735EAF46E11B7B78A650500BC08;2025-05-17;-2.0;-224.56
3DDA48D9AF456E11B7B78A650500BC08;44673735EAF46E11B7B78A650500BC08;2025-05-17;-2.0;-1105.44
9669C44B146B3E11052F6792C000D249;44673735EAF46E11B7B78A650500BC08;2025-05-17;-6.0;-359.82
7FEA32743E4DDE11406610650500564A;44673735EAF46E11B7B78A650500BC08;2025-05-17;-2.0;-998.62
839F91F0F08ADE11406610650500924A;44673735EAF46E11B7B78A650500BC08;2025-05-17;-8.0;-761.0
67328AB28754EE11B1AD10650500C7EA;44673735EAF46E11B7B78A650500BC08;2025-05-17;-4.0;-95.04
B53770FFA392FE1191EE106505002DB9;44673735EAF46E11B7B78A650500BC08;2025-05-17;-2.0;-165.1
799C8EE9F7BAFE11128010650500E819;44673735EAF46E11B7B78A650500BC08;2025-05-17;-2.0;-51.2
6E9FA0DA736F1E1143F0668E4200AE5A;44673735EAF46E11B7B78A650500BC08;2025-05-17;-2.0;-155.08
1160F5CB3A2E6E11B7B78A6505003D08;44673735EAF46E11B7B78A650500BC08;2025-05-17;-6.0;-624.0
26B66A281AE66E11B7B78A650500BC08;44673735EAF46E11B7B78A650500BC08;2025-05-17;-2.0;-1291.98
EAAECFB311E6EE1191EE1065050096B9;44673735EAF46E11B7B78A650500BC08;2025-05-17;-6.0;-2148.0
670434AC41248E113835BB6505009CAA;44673735EAF46E11B7B78A650500BC08;2025-05-17;-8.0;-268.08
E000588963039E115540106505004C3B;44673735EAF46E11B7B78A650500BC08;2025-05-17;-2.0;-169.34
FFAF694A0FDD6E11B7B78A650500BC08;44673735EAF46E11B7B78A650500BC08;2025-05-17;-6.0;-116.46
1C56653C2B7FAE11BE2110650500B45A;44673735EAF46E11B7B78A650500BC08;2025-05-17;-6.0;-2316.0
A99261AAA644DE11ADB31065050060C8;44673735EAF46E11B7B78A650500BC08;2025-05-17;-2.0;-140.16
0A6923E0AE339E115540106505009C3B;44673735EAF46E11B7B78A650500BC08;2025-05-17;-2.0;-361.2
05D959C278F6DE11C846106505001F6A;44673735EAF46E11B7B78A650500BC08;2025-05-17;-2.0;-249.12
88A0728D653DDE11406610650500364A;44673735EAF46E11B7B78A650500BC08;2025-05-17;-4.0;-150.02
9EABF88512AB7E110819BB65050039AA;44673735EAF46E11B7B78A650500BC08;2025-05-17;-4.0;-1980.04
9943BC252BE66E11B7B78A650500BC08;44673735EAF46E11B7B78A650500BC08;2025-05-17;-4.0;-2768.46
05E93682AE456E11B7B78A650500BC08;44673735EAF46E11B7B78A650500BC08;2025-05-17;-2.0;-30.02
5E52EC50E6568E11F243BB6505007B3B;44673735EAF46E11B7B78A650500BC08;2025-05-17;-2.0;-67.64
A39D371F46CCDE11406610650500A54A;44673735EAF46E11B7B78A650500BC08;2025-05-17;-6.0;-391.06
A82D1E8C65B4DE11ADB310650500F0C8;44673735EAF46E11B7B78A650500BC08;2025-05-17;-2.0;-122.04
914EB1F610556E11B7B78A650500BC08;44673735EAF46E11B7B78A650500BC08;2025-05-17;-10.0;-2449.98
0B9BA23602CAED11A62CD892C0003F2A;44673735EAF46E11B7B78A650500BC08;2025-05-17;-2.0;-317.64
F2F89BDB7D6AFE11128010650500E819;44673735EAF46E11B7B78A650500BC08;2025-05-17;-4.0;-67.36
2EFA401CB577CE11ADB3106505000FA8;44673735EAF46E11B7B78A650500BC08;2025-05-17;-2.0;-3980.0
062352B9AC456E11B7B78A650500BC08;44673735EAF46E11B7B78A650500BC08;2025-05-17;-4.0;-329.72
8D7A56F8FE3CEE1191EE1065050029B9;44673735EAF46E11B7B78A650500BC08;2025-05-17;-2.0;-79.28
AAF328E741248E113835BB6505009CAA;44673735EAF46E11B7B78A650500BC08;2025-05-17;-10.0;-339.14
D25559B666767E11B7B78A650500ED08;44673735EAF46E11B7B78A650500BC08;2025-05-17;-2.0;-198.92
00BE76E2DC456E11B7B78A650500BC08;44673735EAF46E11B7B78A650500BC08;2025-05-17;-2.0;-294.18
98C33C9DD6568E11F243BB6505007B3B;44673735EAF46E11B7B78A650500BC08;2025-05-17;-8.0;-582.78
25360C1333D0DE11ADB310650500BBB8;44673735EAF46E11B7B78A650500BC08;2025-05-17;-4.0;-373.52
FEB6649C3C70DE11ADB3106505004BB8;44673735EAF46E11B7B78A650500BC08;2025-05-17;-10.0;-2683.3599999999997
AA5EFD52E0DCDE11406610650500B54A;44673735EAF46E11B7B78A650500BC08;2025-05-17;-40.0;-6836.18
26CF95CD6E29CE11ADB31065050041B8;44673735EAF46E11B7B78A650500BC08;2025-05-17;-2.0;-724.76
B3E1CA4D6D456E11B7B78A650500BC08;44673735EAF46E11B7B78A650500BC08;2025-05-17;-64.0;-1414.8999999999999
1B51A48BB4B31E1143F0668E42008C3B;44673735EAF46E11B7B78A650500BC08;2025-05-17;-4.0;-6181.860000000001
D7FEA237E770BE11BE2110650500F55A;44673735EAF46E11B7B78A650500BC08;2025-05-17;-2.0;-175.58
4ED93E392F456E11B7B78A650500BC08;44673735EAF46E11B7B78A650500BC08;2025-05-17;-2.0;-168.68
3AC502C9054C7E110819BB65050039AA;44673735EAF46E11B7B78A650500BC08;2025-05-17;-54.0;-1128.6
9473EB04AA4FFE11F1557891FE696689;44673735EAF46E11B7B78A650500BC08;2025-05-17;-4.0;-210.68
24096D9D653DDE11406610650500364A;44673735EAF46E11B7B78A650500BC08;2025-05-17;-2.0;-63.36
1CCB17FFD6568E11F243BB6505007B3B;44673735EAF46E11B7B78A650500BC08;2025-05-17;-8.0;-410.84000000000003
0166F33B45CF8E11F243BB650500084B;44673735EAF46E11B7B78A650500BC08;2025-05-17;-4.0;-112.46
D6BCF4881BE66E11B7B78A650500BC08;44673735EAF46E11B7B78A650500BC08;2025-05-17;-2.0;-117.96
3F3C9C0B4CE7EE1191EE10650500B7B9;44673735EAF46E11B7B78A650500BC08;2025-05-17;-4.0;-20.4
6BEF540555639E11554010650500CC3B;44673735EAF46E11B7B78A650500BC08;2025-05-17;-2.0;-286.76
A039331F7D456E11B7B78A650500BC08;44673735EAF46E11B7B78A650500BC08;2025-05-17;-4.0;-124.8
AE9889072C8EAE11BE2110650500835A;44673735EAF46E11B7B78A650500BC08;2025-05-17;-2.0;-107.08
3B913D931589DE11406610650500514A;44673735EAF46E11B7B78A650500BC08;2025-05-17;-4.0;-1340.02
010F84EBBD1EFE11F1557891FE69E489;44673735EAF46E11B7B78A650500BC08;2025-05-17;-2.0;-139.0
F95F3E11AE7F6E11B7B78A650500CD08;44673735EAF46E11B7B78A650500BC08;2025-05-17;-4.0;-420.0
4EA4FD210638AE11BE21106505007B4A;44673735EAF46E11B7B78A650500BC08;2025-05-17;-2.0;-803.32
DF6785D8D0CAED11A62CD892C0003F2A;44673735EAF46E11B7B78A650500BC08;2025-05-17;-2.0;-442.32
09C86EF2EF456E11B7B78A650500BC08;44673735EAF46E11B7B78A650500BC08;2025-05-17;-2.0;-263.18
FE7FC8AA466BDE11406610650500D34A;44673735EAF46E11B7B78A650500BC08;2025-05-17;-2.0;-58.54
1855E14B84309E11F243BB650500984B;44673735EAF46E11B7B78A650500BC08;2025-05-17;-2.0;-89.42
E5F6F7B29972EE114066106505001D4A;44673735EAF46E11B7B78A650500BC08;2025-05-17;-2.0;-106.8
A6763C2280A49E115540106505006E3B;44673735EAF46E11B7B78A650500BC08;2025-05-17;-4.0;-1773.02
DAA9F45553DB8E11F243BB650500724B;44673735EAF46E11B7B78A650500BC08;2025-05-17;-2.0;-625.92
F091D678C1047E11B7B78A650500DD08;44673735EAF46E11B7B78A650500BC08;2025-05-17;-2.0;-621.06
3EA23C34CC22AE11726010650500905A;44673735EAF46E11B7B78A650500BC08;2025-05-17;-6.0;-87.88
BE5D134965B4DE11ADB310650500F0C8;44673735EAF46E11B7B78A650500BC08;2025-05-17;-10.0;-416.2
F02FCABC4678EE1191EE1065050078B9;44673735EAF46E11B7B78A650500BC08;2025-05-17;-2.0;-212.48
E9FB389B4C52DE11ADB310650500DDB8;44673735EAF46E11B7B78A650500BC08;2025-05-17;-4.0;-812.0
3B4F3575178B3E11052F6792C000D249;44673735EAF46E11B7B78A650500BC08;2025-05-17;-2.0;-121.86
518E5826E528CE11ADB310650500EFA8;44673735EAF46E11B7B78A650500BC08;2025-05-17;-2.0;-108.08
442835D5BD5C7E110819BB65050039AA;44673735EAF46E11B7B78A650500BC08;2025-05-17;-2.0;-588.58
C2423A53AC077E11B7B78A650500ED08;44673735EAF46E11B7B78A650500BC08;2025-05-17;-2.0;-45.28
32EAC2034D9F7E110819BB65050039AA;44673735EAF46E11B7B78A650500BC08;2025-05-17;-2.0;-133.62
7C361686AC456E11B7B78A650500BC08;44673735EAF46E11B7B78A650500BC08;2025-05-17;-20.0;-562.2
ABB4AC482D456E11B7B78A650500BC08;44673735EAF46E11B7B78A650500BC08;2025-05-17;-2.0;-482.8
BBC2D8122D456E11B7B78A650500BC08;44673735EAF46E11B7B78A650500BC08;2025-05-17;-5.16;-394.74
4AAE8BC94D456E11B7B78A650500BC08;44673735EAF46E11B7B78A650500BC08;2025-05-17;-2.0;-488.6
5624D5E2AEEBCE11ADB310650500E4B8;44673735EAF46E11B7B78A650500BC08;2025-05-17;-2.0;-425.72
C2B2311408498E11F243BB6505003F3B;44673735EAF46E11B7B78A650500BC08;2025-05-17;-2.0;-475.0
B8FEB6B0EAF6DE11C846106505001F6A;44673735EAF46E11B7B78A650500BC08;2025-05-17;-2.0;-307.02
6FE2A865EE456E11B7B78A650500BC08;44673735EAF46E11B7B78A650500BC08;2025-05-17;-24.0;-344.42
FF9889072C8EAE11BE2110650500835A;44673735EAF46E11B7B78A650500BC08;2025-05-17;-2.0;-73.6
B1D4999B6EEDBE118772106505000F59;44673735EAF46E11B7B78A650500BC08;2025-05-17;-10.0;-254.14
ACD31F9234627E11B7B78A650500CD08;44673735EAF46E11B7B78A650500BC08;2025-05-17;-2.0;-145.14
AC076A426D7DBE118772106505007E59;44673735EAF46E11B7B78A650500BC08;2025-05-17;-2.0;-172.0
7395F55B3BD6AE11BE2110650500B94A;44673735EAF46E11B7B78A650500BC08;2025-05-17;-8.0;-1360.0
6B7D6544821A8E11F243BB650500304B;44673735EAF46E11B7B78A650500BC08;2025-05-17;-4.0;-998.0
9A896746E039EE1191EE1065050009B9;44673735EAF46E11B7B78A650500BC08;2025-05-17;-4.0;-169.8
4FCB7A20F6197E110819BB65050009AA;44673735EAF46E11B7B78A650500BC08;2025-05-17;-2.0;-35.0
ED0AC18532B3EE11B1AD10650500F6EA;44673735EAF46E11B7B78A650500BC08;2025-05-17;-2.0;-70.76
C3AE95736D7DBE118772106505007E59;44673735EAF46E11B7B78A650500BC08;2025-05-17;-2.0;-170.0
677C451FC688CE11ADB31065050070B8;44673735EAF46E11B7B78A650500BC08;2025-05-17;-6.0;-194.32
80CD143134B0FE1191EE10650500CAB9;44673735EAF46E11B7B78A650500BC08;2025-05-17;-2.0;-205.96
94137EBFE6197E110819BB65050009AA;44673735EAF46E11B7B78A650500BC08;2025-05-17;-2.0;-41.92
84BBD8FD580EBE118772106505002F59;44673735EAF46E11B7B78A650500BC08;2025-05-17;-2.0;-131.84
05BBAF1F6D4DDE11406610650500564A;44673735EAF46E11B7B78A650500BC08;2025-05-17;-2.0;-127.7
C4F20CD86A8EDE11406610650500084A;44673735EAF46E11B7B78A650500BC08;2025-05-17;-3.0;-550.9
4331172115B4DE11ADB310650500F0C8;44673735EAF46E11B7B78A650500BC08;2025-05-17;-2.0;-134.4
71BB0B09D1047E11B7B78A650500DD08;44673735EAF46E11B7B78A650500BC08;2025-05-17;-2.0;-456.78
597A618FAC456E11B7B78A650500BC08;44673735EAF46E11B7B78A650500BC08;2025-05-17;-4.0;-249.92
ECD58392A1567E11B7B78A650500ED08;44673735EAF46E11B7B78A650500BC08;2025-05-17;-2.0;-125.3
0534EAC7DD456E11B7B78A650500BC08;44673735EAF46E11B7B78A650500BC08;2025-05-17;-2.0;-998.0
2D4DE77554DCAE11BE2110650500515A;44673735EAF46E11B7B78A650500BC08;2025-05-17;-2.0;-138.46
464CDF4C3C456E11B7B78A650500BC08;44673735EAF46E11B7B78A650500BC08;2025-05-17;-2.0;-599.68
D04BB3B57AB38E113835BB6505004CAA;44673735EAF46E11B7B78A650500BC08;2025-05-17;-2.0;-88.2
CEE4D31BF6C1EE114066106505003C4A;44673735EAF46E11B7B78A650500BC08;2025-05-17;-2.0;-166.6
D718BFA84333AE11726010650500E15A;44673735EAF46E11B7B78A650500BC08;2025-05-17;-6.0;-54.42
8AA413FC02010F11112A674AC7E2B889;44673735EAF46E11B7B78A650500BC08;2025-05-17;-4.0;-332.0
A220D7364C456E11B7B78A650500BC08;44673735EAF46E11B7B78A650500BC08;2025-05-17;-2.0;-791.34
92B287231D96BE11877210650500B559;44673735EAF46E11B7B78A650500BC08;2025-05-17;-4.0;-239.4
038D06F01651AE117260106505008F4A;44673735EAF46E11B7B78A650500BC08;2025-05-17;-2.0;-235.42
107A56559C456E11B7B78A650500BC08;44673735EAF46E11B7B78A650500BC08;2025-05-17;-4.0;-581.82
331C75255524FE1191EE106505004FB9;44673735EAF46E11B7B78A650500BC08;2025-05-17;-2.0;-96.76
93BD324B03078E11F243BB6505005C3B;44673735EAF46E11B7B78A650500BC08;2025-05-17;-18.0;-630.72
163C89BA90CAED11A62CD892C0003F2A;44673735EAF46E11B7B78A650500BC08;2025-05-17;-2.0;-1231.2
EAB144EDB11A8E11F243BB650500304B;44673735EAF46E11B7B78A650500BC08;2025-05-17;-2.0;-120.0
1279180DBFFD9E117260106505004B4A;44673735EAF46E11B7B78A650500BC08;2025-05-17;-2.0;-795.0
DF9760CE1A7D2E11052F6792C000CF39;44673735EAF46E11B7B78A650500BC08;2025-05-17;-2.0;-116.2
2F8CF45E31C7DE11C84610650500107A;44673735EAF46E11B7B78A650500BC08;2025-05-17;-2.0;-46.74
68A8CB71EC456E11B7B78A650500BC08;44673735EAF46E11B7B78A650500BC08;2025-05-17;-2.0;-4617.36
D5897E390586CE11ADB310650500DDA8;44673735EAF46E11B7B78A650500BC08;2025-05-17;-2.0;-407.14
4EB731BB5CDBFE111280106505000919;44673735EAF46E11B7B78A650500BC08;2025-05-17;-32.0;-4959.84
20D5DC01B3F2DE11ADB3106505009EB8;44673735EAF46E11B7B78A650500BC08;2025-05-17;-4.0;-636.0
4C1FF1DEF356DE11ADB31065050003C8;44673735EAF46E11B7B78A650500BC08;2025-05-17;-20.0;-540.0
961B4958E770BE11BE2110650500F55A;44673735EAF46E11B7B78A650500BC08;2025-05-17;-2.0;-21.94
488AC96C066E9E11726010650500CB4A;44673735EAF46E11B7B78A650500BC08;2025-05-17;-2.0;-86.32
7994E8A4E315AE11726010650500445A;FC081C55582CED11A62CD892C0003F2A;2025-05-17;-8.0;-380.38
0E8BC5E4005A8E11F243BB650500804B;FC081C55582CED11A62CD892C0003F2A;2025-05-17;-2.0;-327.1
06DDD91EC2C88E11F243BB6505008E3B;FC081C55582CED11A62CD892C0003F2A;2025-05-17;-8.0;-270.06
AC7C07BF37F8FE11128010650500D819;FC081C55582CED11A62CD892C0003F2A;2025-05-17;-20.0;-9560.0
E471A2C7932ABE118772106505003A59;FC081C55582CED11A62CD892C0003F2A;2025-05-17;-2.0;-150.36
188F4C3B2996EE1191EE1065050056B9;FC081C55582CED11A62CD892C0003F2A;2025-05-17;-6.0;-1920.54
A4E787E2A00CEE1191EE1065050029B9;FC081C55582CED11A62CD892C0003F2A;2025-05-17;-4.0;-1530.4
D9BEFA1E7A8DBE118772106505008E59;FC081C55582CED11A62CD892C0003F2A;2025-05-17;-4.0;-656.48
3DC7FA4A6340FE1191EE106505003AB9;FC081C55582CED11A62CD892C0003F2A;2025-05-17;-2.0;-465.1
73228585A1256E11B7B78A650500BC08;FC081C55582CED11A62CD892C0003F2A;2025-05-17;-6.0;-173.98
3616437940F6AE11BE2110650500D94A;FC081C55582CED11A62CD892C0003F2A;2025-05-17;-2.0;-1465.84
AF511FFF41CAED11A62CD892C0003F2A;FC081C55582CED11A62CD892C0003F2A;2025-05-17;-4.0;-521.6
4CDE168900966E11B7B78A650500BC08;FC081C55582CED11A62CD892C0003F2A;2025-05-17;-8.0;-822.4
1A37955D82C5EE1191EE1065050045B9;FC081C55582CED11A62CD892C0003F2A;2025-05-17;-12.0;-744.0
05134FF3304CFE111280106505000919;FC081C55582CED11A62CD892C0003F2A;2025-05-17;-2.0;-1019.26
D8C421F8CCBBFD11A4A96492C000CB59;FC081C55582CED11A62CD892C0003F2A;2025-05-17;-2.0;-687.7
2FD20C1F21CAED11A62CD892C0003F2A;FC081C55582CED11A62CD892C0003F2A;2025-05-17;-4.0;-276.52
C1C0054FBA93FE1191EE106505009EB9;FC081C55582CED11A62CD892C0003F2A;2025-05-17;-2.0;-950.72
C4E9631F9CDFCE11ADB3106505005AB8;FC081C55582CED11A62CD892C0003F2A;2025-05-17;-4.0;-497.04
C2D8DB9A0CF23E11052F6792C000CF39;FC081C55582CED11A62CD892C0003F2A;2025-05-17;-4.0;-287.54
AFCE242C9835EE11B1AD10650500F8EA;FC081C55582CED11A62CD892C0003F2A;2025-05-17;-2.0;-1441.98
1059B14A5F582E11052F6792C0007F39;FC081C55582CED11A62CD892C0003F2A;2025-05-17;-6.0;-382.28000000000003
3D77263A378B3E11052F6792C000D249;FC081C55582CED11A62CD892C0003F2A;2025-05-17;-14.0;-487.05999999999995
81EA321C575FFE11F1557891FE697689;FC081C55582CED11A62CD892C0003F2A;2025-05-17;-6.0;-234.0
C7C567BDEDBBEE1191EE1065050029B9;FC081C55582CED11A62CD892C0003F2A;2025-05-17;-4.0;-192.76
E800FDB0121CFD11A4A96492C000CB59;FC081C55582CED11A62CD892C0003F2A;2025-05-17;-2.0;-481.08
7E10A66FC2D94E1142D58A6505009C08;FC081C55582CED11A62CD892C0003F2A;2025-05-17;-8.0;-512.0
0AB2738BBF13CE11877210650500A569;FC081C55582CED11A62CD892C0003F2A;2025-05-17;-6.0;-164.2
350D4F10C48ECE11ADB31065050078B8;FC081C55582CED11A62CD892C0003F2A;2025-05-17;-4.0;-147.48
10C142960BF3DE11ADB310650500EFB8;FC081C55582CED11A62CD892C0003F2A;2025-05-17;-2.0;-2051.28
30A37BDB0F7DFD11A4A96492C0006D28;FC081C55582CED11A62CD892C0003F2A;2025-05-17;-2.0;-263.88
2BC1D86E597BAE11BE21106505009F4A;FC081C55582CED11A62CD892C0003F2A;2025-05-17;-12.0;-592.8
EE08E9D401CAED11A62CD892C0003F2A;FC081C55582CED11A62CD892C0003F2A;2025-05-17;-2.0;-199.66
9EB2AFE8129EFE11F1557891FE697589;FC081C55582CED11A62CD892C0003F2A;2025-05-17;-12.0;-446.40000000000003
213993EEE789EE1191EE1065050009B9;FC081C55582CED11A62CD892C0003F2A;2025-05-17;-2.0;-441.84
2BC3BD2764B13E11052F6792C000CF39;FC081C55582CED11A62CD892C0003F2A;2025-05-17;-2.0;-1200.0
D7874031D72EFE11F1557891FE69F489;FC081C55582CED11A62CD892C0003F2A;2025-05-17;-2.0;-1767.0
71A4D6731BA2EE11B1AD10650500A5EA;FC081C55582CED11A62CD892C0003F2A;2025-05-17;-2.0;-254.08
651E7207F7DD8E11F243BB650500954B;FC081C55582CED11A62CD892C0003F2A;2025-05-17;-10.0;-140.0
1DF69640EA5D7E110819BB65050039AA;FC081C55582CED11A62CD892C0003F2A;2025-05-17;-2.0;-210.0
B42C4A1C2CB2CE118772106505002569;FC081C55582CED11A62CD892C0003F2A;2025-05-17;-2.0;-68.56
752F260532A0CE118772106505007269;FC081C55582CED11A62CD892C0003F2A;2025-05-17;-8.0;-135.68
B5CB28BA63F5DE11ADB31065050082C8;FC081C55582CED11A62CD892C0003F2A;2025-05-17;-2.0;-40.34
BCDF16A58B50EE114066106505005A4A;FC081C55582CED11A62CD892C0003F2A;2025-05-17;-4.0;-123.94
D8B25802DCECEE1191EE1065050029B9;FC081C55582CED11A62CD892C0003F2A;2025-05-17;-2.0;-28.1
B7A861624991FE1191EE10650500EBB9;FC081C55582CED11A62CD892C0003F2A;2025-05-17;-2.0;-117.4
5839EB9FC62EEE1191EE1065050029B9;FC081C55582CED11A62CD892C0003F2A;2025-05-17;-16.0;-509.68
30679592B6AEEE1191EE1065050029B9;FC081C55582CED11A62CD892C0003F2A;2025-05-17;-2.0;-273.54
C0ED04ACC691FE1191EE10650500EBB9;FC081C55582CED11A62CD892C0003F2A;2025-05-17;-6.0;-71.0
E173A17CC3D67E11B7B78A650500ED08;FC081C55582CED11A62CD892C0003F2A;2025-05-17;-2.0;-78.86
BCD5D6068B50EE114066106505005A4A;FC081C55582CED11A62CD892C0003F2A;2025-05-17;-2.0;-36.88
EC1BAFA771500F11F1557891FE69B789;FC081C55582CED11A62CD892C0003F2A;2025-05-17;-2.0;-50.0
CC5A4B7A80FB9E11726010650500984A;FC081C55582CED11A62CD892C0003F2A;2025-05-17;-2.0;-106.82
4AA803C58240EE114066106505003A4A;FC081C55582CED11A62CD892C0003F2A;2025-05-17;-6.0;-374.36
FAC52CC1EBB1EE114066106505001C4A;FC081C55582CED11A62CD892C0003F2A;2025-05-17;-2.0;-125.84
75D0D6E9BA7B7E110819BB65050039AA;FC081C55582CED11A62CD892C0003F2A;2025-05-17;-2.0;-144.04
637F7F20DCA3DE11ADB3106505008FB8;FC081C55582CED11A62CD892C0003F2A;2025-05-17;-2.0;-72.84
2F61BD434974EE11B1AD10650500F7EA;FC081C55582CED11A62CD892C0003F2A;2025-05-17;-2.0;-72.92
4D1895AC483EFE11F1557891FE690589;FC081C55582CED11A62CD892C0003F2A;2025-05-17;-2.0;-30.0
4FE96A1711FBEE1191EE1065050029B9;FC081C55582CED11A62CD892C0003F2A;2025-05-17;-2.0;-94.86
38C53980C3D67E11B7B78A650500ED08;FC081C55582CED11A62CD892C0003F2A;2025-05-17;-6.0;-165.3
1A55F71BF45DBE118772106505004E59;FC081C55582CED11A62CD892C0003F2A;2025-05-17;-2.0;-186.4
B0FD43466F466E11B7B78A650500BC08;FC081C55582CED11A62CD892C0003F2A;2025-05-17;-6.0;-417.36
CC7AA77989A67E11B7B78A650500ED08;FC081C55582CED11A62CD892C0003F2A;2025-05-17;-2.0;-178.54
7BF5EBC551CAED11A62CD892C0003F2A;FC081C55582CED11A62CD892C0003F2A;2025-05-17;-2.0;-421.18
7221645AC7696E11B7B78A650500BC08;FC081C55582CED11A62CD892C0003F2A;2025-05-17;-2.0;-289.34
7D4F0ABDB5A0AE11726010650500AE4A;FC081C55582CED11A62CD892C0003F2A;2025-05-17;-2.0;-435.6
6D1FE3DCCD2AFE11128010650500E819;FC081C55582CED11A62CD892C0003F2A;2025-05-17;-2.0;-807.9
46C05F4DCA827E11B7B78A650500DD08;FC081C55582CED11A62CD892C0003F2A;2025-05-17;-2.0;-1234.8
7DB322C1AA5DCE11ADB310650500E6B8;FC081C55582CED11A62CD892C0003F2A;2025-05-17;-6.0;-768.0
A616F097CDD9DE11406610650500C14A;FC081C55582CED11A62CD892C0003F2A;2025-05-17;-6.0;-3360.0
28C421F8CCBBFD11A4A96492C000CB59;FC081C55582CED11A62CD892C0003F2A;2025-05-17;-4.0;-799.68
B842133C6C62FE1191EE10650500FCB9;FC081C55582CED11A62CD892C0003F2A;2025-05-17;-4.0;-1649.52
30BA1BB79FD1DE11ADB3106505003DB8;FC081C55582CED11A62CD892C0003F2A;2025-05-17;-4.0;-2151.66
FA27C9D9FEF0EE114066106505002B4A;FC081C55582CED11A62CD892C0003F2A;2025-05-17;-2.0;-124.84
65BABB1A0E94DE11ADB310650500D0C8;FC081C55582CED11A62CD892C0003F2A;2025-05-17;-2.0;-50.18
06EAE5CA78C71E1143F0668E42006B8B;FC081C55582CED11A62CD892C0003F2A;2025-05-17;-2.0;-179.44
857C3D81B119BE11877210650500D859;FC081C55582CED11A62CD892C0003F2A;2025-05-17;-4.0;-796.06
E5917AB011CAED11A62CD892C0003F2A;FC081C55582CED11A62CD892C0003F2A;2025-05-17;-2.0;-685.86
239584FE0BAE3E11052F6792C000D249;FC081C55582CED11A62CD892C0003F2A;2025-05-17;-4.0;-420.8
BB0392FD0616CE11ADB3106505007DA8;FC081C55582CED11A62CD892C0003F2A;2025-05-17;-2.0;-527.7
A571840ECB719E11F243BB6505003A4B;FC081C55582CED11A62CD892C0003F2A;2025-05-17;-2.0;-1292.44
ACA8B0B600674E1142D58A6505002C08;FC081C55582CED11A62CD892C0003F2A;2025-05-17;-2.0;-400.84
A29DE472E0CAED11A62CD892C0003F2A;FC081C55582CED11A62CD892C0003F2A;2025-05-17;-2.0;-736.48
94CF5FCF20CAED11A62CD892C0003F2A;FC081C55582CED11A62CD892C0003F2A;2025-05-17;-8.0;-496.0
A049248CF5802E1143F0668E4200C71A;FC081C55582CED11A62CD892C0003F2A;2025-05-17;-2.0;-319.58
0489ECDC0E17CE11ADB3106505009EA8;FC081C55582CED11A62CD892C0003F2A;2025-05-17;-2.0;-335.06
D0C69D4AFD43FE1191EE106505002EB9;FC081C55582CED11A62CD892C0003F2A;2025-05-17;-2.0;-161.4
5096C19D764E3E11052F6792C000D249;FC081C55582CED11A62CD892C0003F2A;2025-05-17;-4.0;-124.12
BFF594A2A3735E1142D58A650500DC08;FC081C55582CED11A62CD892C0003F2A;2025-05-17;-2.0;-169.72
45D4F2E8B4D38E113835BB6505006CAA;FC081C55582CED11A62CD892C0003F2A;2025-05-17;-2.0;-310.6
39767FA96A1B8E11F243BB650500814B;FC081C55582CED11A62CD892C0003F2A;2025-05-17;-8.0;-970.16
F5E165D037F74E1142D58A6505002C08;FC081C55582CED11A62CD892C0003F2A;2025-05-17;-2.0;-336.6
BC8C3B7101CAED11A62CD892C0003F2A;FC081C55582CED11A62CD892C0003F2A;2025-05-17;-2.0;-173.32
867CB3B0F6153E11052F6792C000FF39;FC081C55582CED11A62CD892C0003F2A;2025-05-17;-2.0;-336.6
299D8A173E458E113835BB6505001EAA;FC081C55582CED11A62CD892C0003F2A;2025-05-17;-2.0;-256.72
BC0CC0F00A8A7E110819BB65050039AA;FC081C55582CED11A62CD892C0003F2A;2025-05-17;-2.0;-623.04
9B754762F0CAED11A62CD892C0003F2A;FC081C55582CED11A62CD892C0003F2A;2025-05-17;-4.0;-1934.8
A38CAC5615F3FE1191EE106505000FB9;FC081C55582CED11A62CD892C0003F2A;2025-05-17;-2.0;-164.54
384FACC89D128E11A442BB6505000AAA;FC081C55582CED11A62CD892C0003F2A;2025-05-17;-8.0;-487.56
9E96487919DDCE11ADB31065050097B8;FC081C55582CED11A62CD892C0003F2A;2025-05-17;-4.0;-396.0
48AFB10F18D2DE11ADB3106505007EB8;FC081C55582CED11A62CD892C0003F2A;2025-05-17;-12.0;-1153.08
63FDBD05B4C7DE11C84610650500107A;FC081C55582CED11A62CD892C0003F2A;2025-05-17;-8.0;-1262.24
9D1F77F1EC67EE1191EE1065050017B9;FC081C55582CED11A62CD892C0003F2A;2025-05-17;-2.0;-138.36
D8549C2DC0CAED11A62CD892C0003F2A;FC081C55582CED11A62CD892C0003F2A;2025-05-17;-6.0;-1123.92
DF6785D8D0CAED11A62CD892C0003F2A;FC081C55582CED11A62CD892C0003F2A;2025-05-17;-6.0;-1658.94
CE81543543D0DE11ADB310650500BBB8;FC081C55582CED11A62CD892C0003F2A;2025-05-17;-2.0;-186.76
7068680B63028E117E64BB650500E9AA;FC081C55582CED11A62CD892C0003F2A;2025-05-17;-2.0;-230.38
48904BBEC0CAED11A62CD892C0003F2A;FC081C55582CED11A62CD892C0003F2A;2025-05-17;-4.0;-546.74
048317C16D89FE11128010650500E819;FC081C55582CED11A62CD892C0003F2A;2025-05-17;-2.0;-607.22
BE94EECD76A62E1143F0668E420006EB;FC081C55582CED11A62CD892C0003F2A;2025-05-17;-2.0;-679.9
7AE3530F3A3CED11A62CD892C0003F2A;FC081C55582CED11A62CD892C0003F2A;2025-05-17;-4.0;-163.46
A1BCE1252D42CE118772106505009469;FC081C55582CED11A62CD892C0003F2A;2025-05-17;-2.0;-286.02
6243A6440635DE11ADB31065050091C8;FC081C55582CED11A62CD892C0003F2A;2025-05-17;-2.0;-272.34
A059B14A5F582E11052F6792C0007F39;FC081C55582CED11A62CD892C0003F2A;2025-05-17;-2.0;-143.94
A52F608D8EE1EE114066106505006C4A;FC081C55582CED11A62CD892C0003F2A;2025-05-17;-2.0;-78.72
380519DFC0CAED11A62CD892C0003F2A;FC081C55582CED11A62CD892C0003F2A;2025-05-17;-10.0;-1918.3000000000002
1CD9B58A69EF0E1143F0668E42007A39;FC081C55582CED11A62CD892C0003F2A;2025-05-17;-2.0;-292.56
278D3A2539278E11F243BB6505008C3B;FC081C55582CED11A62CD892C0003F2A;2025-05-17;-2.0;-480.66
8B7345CED03D7E110819BB65050039AA;FC081C55582CED11A62CD892C0003F2A;2025-05-17;-2.0;-33.16
0D83D82C30C3AE11726010650500925A;FC081C55582CED11A62CD892C0003F2A;2025-05-17;-2.0;-174.0
01A6AB6DE9E2FE1191EE10650500ADB9;FC081C55582CED11A62CD892C0003F2A;2025-05-17;-2.0;-61.82
D4F4534219BBCE11ADB310650500A4B8;FC081C55582CED11A62CD892C0003F2A;2025-05-17;-2.0;-255.2
E1E8426EA6B00F11F1557891FE693889;FC081C55582CED11A62CD892C0003F2A;2025-05-17;-2.0;-1360.06
334DDE41F0CAED11A62CD892C0003F2A;FC081C55582CED11A62CD892C0003F2A;2025-05-17;-6.0;-980.94
AD8FC812365FFE11F1557891FE697689;FC081C55582CED11A62CD892C0003F2A;2025-05-17;-6.0;-447.96
7634445DF7300F11F1557891FE699789;FC081C55582CED11A62CD892C0003F2A;2025-05-17;-6.0;-1230.0
DCC6360FCFAF5E1142D58A650500AD08;FC081C55582CED11A62CD892C0003F2A;2025-05-17;-2.0;-43.98
B096DD9944425E1142D58A650500DC08;FC081C55582CED11A62CD892C0003F2A;2025-05-17;-4.0;-412.88
2E7EA45992758E113835BB6505004EAA;FC081C55582CED11A62CD892C0003F2A;2025-05-17;-4.0;-291.84
912041602F22FE1191EE10650500ACB9;FC081C55582CED11A62CD892C0003F2A;2025-05-17;-2.0;-52.6
9D288812F210AE11726010650500ED4A;FC081C55582CED11A62CD892C0003F2A;2025-05-17;-2.0;-857.7
BB63384943F2EE11B1AD1065050006EA;FC081C55582CED11A62CD892C0003F2A;2025-05-17;-2.0;-111.06
B3C2EA2CDEE2BE11BE2110650500195A;FC081C55582CED11A62CD892C0003F2A;2025-05-17;-6.0;-63.2
78455C872185EE1191EE10650500E4B9;FC081C55582CED11A62CD892C0003F2A;2025-05-17;-2.0;-107.4
D81312B681365E1142D58A650500DC08;FC081C55582CED11A62CD892C0003F2A;2025-05-17;-2.0;-810.78
093EEB9E7CD9FD11A4A96492C0006F3B;FC081C55582CED11A62CD892C0003F2A;2025-05-17;-2.0;-191.62
C58FC32CCA9EFE11F1557891FE698589;FC081C55582CED11A62CD892C0003F2A;2025-05-17;-10.0;-384.7
0B1F6EDA63E61E1143F0668E4200EE89;FC081C55582CED11A62CD892C0003F2A;2025-05-17;-2.0;-47.98
0E029579CC00EE11406610650500F94A;FC081C55582CED11A62CD892C0003F2A;2025-05-17;-2.0;-105.94
60F15376AF6DFE11F1557891FE690489;FC081C55582CED11A62CD892C0003F2A;2025-05-17;-2.0;-152.0
25D875608167FE1191EE1065050083C9;FC081C55582CED11A62CD892C0003F2A;2025-05-17;-2.0;-8375.46
D9BDE88037F1DE11ADB3106505005DB8;FC081C55582CED11A62CD892C0003F2A;2025-05-17;-2.0;-7426.1
9AB7B86A0EE4AE11726010650500145A;FC081C55582CED11A62CD892C0003F2A;2025-05-17;-2.0;-57.82
37455139187CCE11ADB310650500B5B8;FC081C55582CED11A62CD892C0003F2A;2025-05-17;-6.0;-218.64
809DE472E0CAED11A62CD892C0003F2A;FC081C55582CED11A62CD892C0003F2A;2025-05-17;-4.0;-1722.98
6EA8CA7BAB1DCE11ADB31065050096B8;FC081C55582CED11A62CD892C0003F2A;2025-05-17;-2.0;-592.92
E8555DE604D7EE1191EE1065050097B9;FC081C55582CED11A62CD892C0003F2A;2025-05-17;-4.0;-148.6
26E4AC35687CCE11ADB310650500B5B8;FC081C55582CED11A62CD892C0003F2A;2025-05-17;-4.0;-123.88
EDC22FBEAD92EE114066106505004D4A;FC081C55582CED11A62CD892C0003F2A;2025-05-17;-2.0;-395.94
E02476B08092DE11ADB3106505001EB8;FC081C55582CED11A62CD892C0003F2A;2025-05-17;-2.0;-168.74
AE2FF38963DE4E1142D58A650500BC08;FC081C55582CED11A62CD892C0003F2A;2025-05-17;-8.0;-277.9
CC12452A3E263E11052F6792C000FF39;FC081C55582CED11A62CD892C0003F2A;2025-05-17;-2.0;-121.76
7C4BCFB931CAED11A62CD892C0003F2A;FC081C55582CED11A62CD892C0003F2A;2025-05-17;-2.0;-3939.48
95CC9B440031DE11ADB3106505005CB8;FC081C55582CED11A62CD892C0003F2A;2025-05-17;-2.0;-372.52
9E3836A02394DE11ADB310650500C0C8;FC081C55582CED11A62CD892C0003F2A;2025-05-17;-2.0;-120.1
87AF8A5FC0CAED11A62CD892C0003F2A;FC081C55582CED11A62CD892C0003F2A;2025-05-17;-4.0;-788.54
9DF219CEF502AE11726010650500605A;FC081C55582CED11A62CD892C0003F2A;2025-05-17;-10.0;-347.3
FB1B0AEBD1CAED11A62CD892C0003F2A;FC081C55582CED11A62CD892C0003F2A;2025-05-17;-8.0;-522.0
F422311DA869FE11128010650500E819;FC081C55582CED11A62CD892C0003F2A;2025-05-17;-2.0;-494.76
083C62CA4FECEE1191EE1065050029B9;FC081C55582CED11A62CD892C0003F2A;2025-05-17;-2.0;-894.14
FC8B41E1F5DFAE11BE2110650500255A;FC081C55582CED11A62CD892C0003F2A;2025-05-17;-2.0;-348.16
BE4D455DE0CAED11A62CD892C0003F2A;FC081C55582CED11A62CD892C0003F2A;2025-05-17;-4.0;-574.12
631F3CDCE1EDFE11F1557891FE699489;FC081C55582CED11A62CD892C0003F2A;2025-05-17;-4.0;-268.48
42B0BB5F01CAED11A62CD892C0003F2A;FC081C55582CED11A62CD892C0003F2A;2025-05-17;-2.0;-337.28
3C3D615121C8FE11128010650500D819;FC081C55582CED11A62CD892C0003F2A;2025-05-17;-2.0;-57.48
27F856DEA0FE5E1142D58A6505006D08;FC081C55582CED11A62CD892C0003F2A;2025-05-17;-2.0;-1540.7
00FB517205ABEE1191EE1065050029B9;FC081C55582CED11A62CD892C0003F2A;2025-05-17;-6.0;-119.88
D11C0EFA0635DE11ADB31065050091C8;FC081C55582CED11A62CD892C0003F2A;2025-05-17;-2.0;-279.16
1054557771F10F114EF7A826072BF989;FC081C55582CED11A62CD892C0003F2A;2025-05-17;-2.0;-112.7
984F7C972D9EFE11F1557891FE698589;FC081C55582CED11A62CD892C0003F2A;2025-05-17;-4.0;-228.08
CF0D53B14D12EE11406610650500AC4A;FC081C55582CED11A62CD892C0003F2A;2025-05-17;-2.0;-352.7
559ABB29D16A2E11052F6792C0007F39;FC081C55582CED11A62CD892C0003F2A;2025-05-17;-4.0;-666.76
6B23154BEAA07E11B7B78A650500CD08;FC081C55582CED11A62CD892C0003F2A;2025-05-17;-6.0;-762.0
B0A6B7DB01CAED11A62CD892C0003F2A;FC081C55582CED11A62CD892C0003F2A;2025-05-17;-2.0;-222.86
616A03DC7B8E0E1143F0668E42001D49;FC081C55582CED11A62CD892C0003F2A;2025-05-17;-2.0;-1637.34
4FC3E055946D7E110819BB65050039AA;FC081C55582CED11A62CD892C0003F2A;2025-05-17;-2.0;-294.22
3E73A7B3B62B9E115250106505005C4A;FC081C55582CED11A62CD892C0003F2A;2025-05-17;-2.0;-255.4
446C9C199B427E11B7B78A650500CD08;FC081C55582CED11A62CD892C0003F2A;2025-05-17;-2.0;-521.16
5E1B0AEBD1CAED11A62CD892C0003F2A;FC081C55582CED11A62CD892C0003F2A;2025-05-17;-6.0;-347.12
7DD4C875C6F94E1142D58A6505009C08;FC081C55582CED11A62CD892C0003F2A;2025-05-17;-2.0;-714.7
005BCFB931CAED11A62CD892C0003F2A;FC081C55582CED11A62CD892C0003F2A;2025-05-17;-2.0;-183.1
48B5C2EF3A2D8E11F243BB650500A44B;FC081C55582CED11A62CD892C0003F2A;2025-05-17;-2.0;-319.76
85E321A3FFBAED11A62CD892C0003F2A;FC081C55582CED11A62CD892C0003F2A;2025-05-17;-2.0;-3456.38
49F12A7F87788E11F243BB6505002E3B;FC081C55582CED11A62CD892C0003F2A;2025-05-17;-2.0;-124.38
2EBF1EC7A570AE117260106505006E4A;FC081C55582CED11A62CD892C0003F2A;2025-05-17;-2.0;-974.0
D1717F6517B00F11F1557891FE693889;FC081C55582CED11A62CD892C0003F2A;2025-05-17;-2.0;-1121.78
AEB9A6588D36DE11ADB310650500E2C8;FC081C55582CED11A62CD892C0003F2A;2025-05-17;-2.0;-296.14
771E3601BAC9FE11128010650500E819;FC081C55582CED11A62CD892C0003F2A;2025-05-17;-2.0;-41.0
BE553ECAB4E7CE11ADB3106505009FA8;FC081C55582CED11A62CD892C0003F2A;2025-05-17;-2.0;-782.84
CA277CB182F3FE1191EE106505000FB9;FC081C55582CED11A62CD892C0003F2A;2025-05-17;-4.0;-1271.52
5A1945777315EE11B1AD10650500B8EA;FC081C55582CED11A62CD892C0003F2A;2025-05-17;-2.0;-33.64
593EEB9E7CD9FD11A4A96492C0006F3B;FC081C55582CED11A62CD892C0003F2A;2025-05-17;-2.0;-140.36
859FD4E55A79DE11406610650500414A;FC081C55582CED11A62CD892C0003F2A;2025-05-17;-2.0;-900.0
DFDD1CCDE9E2FE1191EE10650500ADB9;FC081C55582CED11A62CD892C0003F2A;2025-05-17;-2.0;-634.86
9A83DEF853F13E11052F6792C000CF39;FC081C55582CED11A62CD892C0003F2A;2025-05-17;-4.0;-295.74
5D8DEDF7568EFE11F1557891FE696589;FC081C55582CED11A62CD892C0003F2A;2025-05-17;-2.0;-322.0
3F1AD9D6D0CAED11A62CD892C0003F2A;FC081C55582CED11A62CD892C0003F2A;2025-05-17;-2.0;-236.58
EF93B3A4E0CAED11A62CD892C0003F2A;FC081C55582CED11A62CD892C0003F2A;2025-05-17;-2.0;-797.16
E77E119F66137E11B7B78A650500DD08;FC081C55582CED11A62CD892C0003F2A;2025-05-17;-2.0;-43.32
3964249A4663EE11B1AD1065050096EA;FC081C55582CED11A62CD892C0003F2A;2025-05-17;-2.0;-489.86
830508AA93688E11F243BB6505001E3B;FC081C55582CED11A62CD892C0003F2A;2025-05-17;-2.0;-71.06
3CC5901E320CAE11BE2110650500405A;FC081C55582CED11A62CD892C0003F2A;2025-05-17;-2.0;-493.82
04851C935D51FD110DC22A92C000DD89;FC081C55582CED11A62CD892C0003F2A;2025-05-17;-2.0;-204.34
E27D7C23D6CD6E11B7B78A650500BC08;B0BDDED34CC83E11052F6792C000B249;2025-05-17;-4.0;-134.4
0EA5E4036085FD110DC22A92C000D158;B0BDDED34CC83E11052F6792C000B249;2025-05-17;-4.0;-429.38
B3E1CFB474EE4E1142D58A650500BC08;B0BDDED34CC83E11052F6792C000B249;2025-05-17;-4.0;-741.56
C4580886E34C7E110819BB65050039AA;B0BDDED34CC83E11052F6792C000B249;2025-05-17;-4.0;-688.92
C297BF6A01CAED11A62CD892C0003F2A;B0BDDED34CC83E11052F6792C000B249;2025-05-17;-4.0;-871.96
7E15F8F901CAED11A62CD892C0003F2A;B0BDDED34CC83E11052F6792C000B249;2025-05-17;-2.0;-581.4
FBA365098876BE118772106505008559;B0BDDED34CC83E11052F6792C000B249;2025-05-17;-4.0;-144.2
6E4FA836229EBE11877210650500DF59;B0BDDED34CC83E11052F6792C000B249;2025-05-17;-10.0;-278.6
3C105A599324EE11B1AD1065050087EA;B0BDDED34CC83E11052F6792C000B249;2025-05-17;-2.0;-66.6
A221B41B8C82DE11ADB3106505001EB8;B0BDDED34CC83E11052F6792C000B249;2025-05-17;-2.0;-808.12
B5EB3EFA6310BE11BE2110650500755A;B0BDDED34CC83E11052F6792C000B249;2025-05-17;-2.0;-50.3
4F060D28BE14CE11877210650500E669;B0BDDED34CC83E11052F6792C000B249;2025-05-17;-2.0;-178.44
647732FC5CFFFE11F1557891FE694789;B0BDDED34CC83E11052F6792C000B249;2025-05-17;-6.0;-264.0
D2BD1F7DD596DE11ADB31065050053C8;B0BDDED34CC83E11052F6792C000B249;2025-05-17;-2.0;-114.08
8347E17B9448EE1191EE1065050038B9;B0BDDED34CC83E11052F6792C000B249;2025-05-17;-2.0;-1532.96
47E2F5E995F00F11112A674AC7E2A889;B0BDDED34CC83E11052F6792C000B249;2025-05-17;-2.0;-379.48
4C5E895C1A5FFE11F1557891FE697689;B0BDDED34CC83E11052F6792C000B249;2025-05-17;-2.0;-130.0
B8223E2771125E1142D58A650500DC08;B0BDDED34CC83E11052F6792C000B249;2025-05-17;-4.0;-145.08
1867457D27F74E1142D58A6505002C08;B0BDDED34CC83E11052F6792C000B249;2025-05-17;-2.0;-336.6
D0F55FEA3974EE11B1AD10650500F7EA;B0BDDED34CC83E11052F6792C000B249;2025-05-17;-2.0;-24.0
54AD5BE6D77CCE11ADB310650500B5B8;B0BDDED34CC83E11052F6792C000B249;2025-05-17;-12.0;-437.28
F038B989268EFE11F1557891FE696589;B0BDDED34CC83E11052F6792C000B249;2025-05-17;-4.0;-320.0
67E8E5A1EDF39E115540106505008D3B;B0BDDED34CC83E11052F6792C000B249;2025-05-17;-4.0;-185.9
F23807BE5DE0CE11877210650500D269;B0BDDED34CC83E11052F6792C000B249;2025-05-17;-2.0;-200.38
EE1C208DDDBBEE1191EE1065050029B9;B0BDDED34CC83E11052F6792C000B249;2025-05-17;-2.0;-319.64
559ABB29D16A2E11052F6792C0007F39;B0BDDED34CC83E11052F6792C000B249;2025-05-17;-2.0;-333.38
D82CEE66DD4DED11A62CD892C0003F2A;B0BDDED34CC83E11052F6792C000B249;2025-05-17;-2.0;-802.7
A17FA74E9F4BEE1191EE1065050029B9;B0BDDED34CC83E11052F6792C000B249;2025-05-17;-8.0;-384.0
F65071BA258EFE11F1557891FE696589;B0BDDED34CC83E11052F6792C000B249;2025-05-17;-2.0;-478.4
D1127B2DE79FFE11F1557891FE69C689;B0BDDED34CC83E11052F6792C000B249;2025-05-17;-2.0;-176.92
8FD52F15E0CAED11A62CD892C0003F2A;B0BDDED34CC83E11052F6792C000B249;2025-05-17;-2.0;-281.66
54ABA6B1D132BE11BE2110650500285A;B0BDDED34CC83E11052F6792C000B249;2025-05-17;-2.0;-656.9
57559D3F35B1FD110DC22A92C0006778;B0BDDED34CC83E11052F6792C000B249;2025-05-17;-2.0;-967.02
8D985F380D8FCE11ADB310650500E9B8;B0BDDED34CC83E11052F6792C000B249;2025-05-17;-6.0;-523.38
89732A90025EFE11F1557891FE692589;B0BDDED34CC83E11052F6792C000B249;2025-05-17;-8.0;-439.28
F04D0D04F81CEE1191EE1065050029B9;B0BDDED34CC83E11052F6792C000B249;2025-05-17;-2.0;-304.06
DA65897F0256BE118772106505005559;B0BDDED34CC83E11052F6792C000B249;2025-05-17;-4.0;-323.26
F0C2BFEC1CBE8E11F243BB650500B64B;B0BDDED34CC83E11052F6792C000B249;2025-05-17;-4.0;-37.2
601760B5D143FE1191EE106505001EB9;B0BDDED34CC83E11052F6792C000B249;2025-05-17;-2.0;-217.44
67A6D63B2D027E11B7B78A650500CD08;B0BDDED34CC83E11052F6792C000B249;2025-05-17;-2.0;-276.88
2390AF2365E0EE114066106505000B4A;B0BDDED34CC83E11052F6792C000B249;2025-05-17;-2.0;-118.76
BE09AA3111CAED11A62CD892C0003F2A;B0BDDED34CC83E11052F6792C000B249;2025-05-17;-2.0;-859.22
B94CE0818869FE11128010650500E819;B0BDDED34CC83E11052F6792C000B249;2025-05-17;-4.0;-1846.1399999999999
D0F3EB04AA4FFE11F1557891FE696689;B0BDDED34CC83E11052F6792C000B249;2025-05-17;-6.0;-316.02
9EBD5A06D343FE1191EE106505001EB9;B0BDDED34CC83E11052F6792C000B249;2025-05-17;-2.0;-393.14
63CF56792642FE1191EE10650500CCB9;B0BDDED34CC83E11052F6792C000B249;2025-05-17;-2.0;-1135.98
DF10F07564878E11F243BB650500FC3B;B0BDDED34CC83E11052F6792C000B249;2025-05-17;-2.0;-329.04
8D98766BFB663E11052F6792C000FF39;B0BDDED34CC83E11052F6792C000B249;2025-05-17;-2.0;-95.12
2D4B0DAA63D2FE1191EE106505007DB9;B0BDDED34CC83E11052F6792C000B249;2025-05-17;-6.0;-240.72
63FDBD05B4C7DE11C84610650500107A;B0BDDED34CC83E11052F6792C000B249;2025-05-17;-2.0;-237.6
A985BB7287C23E11052F6792C000CF39;B0BDDED34CC83E11052F6792C000B249;2025-05-17;-2.0;-67.54
2A322D630C20FE1191EE106505001AB9;B0BDDED34CC83E11052F6792C000B249;2025-05-17;-4.0;-753.16
795627ADC0CAED11A62CD892C0003F2A;B0BDDED34CC83E11052F6792C000B249;2025-05-17;-4.0;-890.08
230BF153001B1E1143F0668E4200EF5A;B0BDDED34CC83E11052F6792C000B249;2025-05-17;-2.0;-344.96
1F884F7254940E11A4A96492C000067B;B0BDDED34CC83E11052F6792C000B249;2025-05-17;-2.0;-297.54
FE4D0478A66E0E1143F0668E42001D49;B0BDDED34CC83E11052F6792C000B249;2025-05-17;-8.0;-904.0
84B20C336BCEAE11BE2110650500D35A;B0BDDED34CC83E11052F6792C000B249;2025-05-17;-10.0;-1980.0
DB1A0CC4F0CAED11A62CD892C0003F2A;B0BDDED34CC83E11052F6792C000B249;2025-05-17;-2.0;-796.22
3E4F23B73FF7FD11A4A96492C000AA89;B0BDDED34CC83E11052F6792C000B249;2025-05-17;-2.0;-44.8
8BA429E20E6E8E11F243BB650500564B;B0BDDED34CC83E11052F6792C000B249;2025-05-17;-6.0;-269.1
0BE6BDF7D2EA3E11052F6792C000D249;B0BDDED34CC83E11052F6792C000B249;2025-05-17;-4.0;-570.32
38D310796A787E110819BB65050009AA;B0BDDED34CC83E11052F6792C000B249;2025-05-17;-2.0;-527.32
C5F10FA30C229E115540106505003B3B;B0BDDED34CC83E11052F6792C000B249;2025-05-17;-2.0;-212.48
D0803D3F44CAFE11128010650500E819;B0BDDED34CC83E11052F6792C000B249;2025-05-17;-2.0;-210.16
A58FD5DCC691FE1191EE10650500EBB9;B0BDDED34CC83E11052F6792C000B249;2025-05-17;-2.0;-43.12
781543C06E3CEE1191EE1065050029B9;B0BDDED34CC83E11052F6792C000B249;2025-05-17;-2.0;-92.24
E2EDE89211CAED11A62CD892C0003F2A;B0BDDED34CC83E11052F6792C000B249;2025-05-17;-2.0;-387.22
782C15D7D77DFE1158A3BB3DBE8E1489;B0BDDED34CC83E11052F6792C000B249;2025-05-17;-2.0;-1649.18
D608C2617203EE11B1AD1065050016EA;B0BDDED34CC83E11052F6792C000B249;2025-05-17;-2.0;-138.66
A7218C1035B4DE11ADB310650500F0C8;B0BDDED34CC83E11052F6792C000B249;2025-05-17;-2.0;-189.4
E0BD0E44D0CAED11A62CD892C0003F2A;B0BDDED34CC83E11052F6792C000B249;2025-05-17;-2.0;-151.6
92A0CF3DD9FC9E11726010650500E94A;B0BDDED34CC83E11052F6792C000B249;2025-05-17;-4.0;-141.96
04851C935D51FD110DC22A92C000DD89;B0BDDED34CC83E11052F6792C000B249;2025-05-17;-2.0;-204.34
62590D9CCDBDCE11ADB31065050077B8;B0BDDED34CC83E11052F6792C000B249;2025-05-17;-2.0;-228.96
3AD8AE8B1A41EE114066106505008B4A;B0BDDED34CC83E11052F6792C000B249;2025-05-17;-2.0;-78.12
F7EEFA3F2F43FE1191EE106505002EB9;B0BDDED34CC83E11052F6792C000B249;2025-05-17;-4.0;-648.0
690D640201CAED11A62CD892C0003F2A;B0BDDED34CC83E11052F6792C000B249;2025-05-17;-2.0;-65.88
5C59B989268EFE11F1557891FE696589;B0BDDED34CC83E11052F6792C000B249;2025-05-17;-2.0;-194.0
EF8ADF6CBDF88E11F243BB650500DE3B;B0BDDED34CC83E11052F6792C000B249;2025-05-17;-2.0;-36.92
55233BFF1CA8BE118772106505005859;B0BDDED34CC83E11052F6792C000B249;2025-05-17;-10.0;-486.2
31F7B97FC3BC3E11052F6792C000D249;B0BDDED34CC83E11052F6792C000B249;2025-05-17;-2.0;-141.12
6A0D640201CAED11A62CD892C0003F2A;B0BDDED34CC83E11052F6792C000B249;2025-05-17;-2.0;-294.0
F4EA054C1A5FFE11F1557891FE697689;B0BDDED34CC83E11052F6792C000B249;2025-05-17;-2.0;-101.0
7380FC8C0004FE1191EE106505001FB9;B0BDDED34CC83E11052F6792C000B249;2025-05-17;-2.0;-62.14
0C4D51453EE5BE11BE2110650500EC5A;B0BDDED34CC83E11052F6792C000B249;2025-05-17;-2.0;-151.42
60EA07B4FC98FE11128010650500D819;B0BDDED34CC83E11052F6792C000B249;2025-05-17;-4.0;-456.0
30185902E4940E11A4A96492C000067B;B0BDDED34CC83E11052F6792C000B249;2025-05-17;-2.0;-733.24
447C2E7CF6E66E11B7B78A650500BC08;B0BDDED34CC83E11052F6792C000B249;2025-05-17;-2.0;-239.52
70B7364C60CFBE118772106505005169;B0BDDED34CC83E11052F6792C000B249;2025-05-17;-2.0;-276.62
2E7AE34FE0CAED11A62CD892C0003F2A;B0BDDED34CC83E11052F6792C000B249;2025-05-17;-4.0;-443.24
AF6612C1E665CE11ADB3106505002DA8;B0BDDED34CC83E11052F6792C000B249;2025-05-17;-2.0;-151.42
B22512F5B596DE11ADB31065050053C8;B0BDDED34CC83E11052F6792C000B249;2025-05-17;-2.0;-233.94
0252627EFA719E11F243BB6505003A4B;B0BDDED34CC83E11052F6792C000B249;2025-05-17;-2.0;-226.58
471A1DD341410F11112A674AC7E20989;B0BDDED34CC83E11052F6792C000B249;2025-05-17;-2.0;-406.3
A616F097CDD9DE11406610650500C14A;B0BDDED34CC83E11052F6792C000B249;2025-05-17;-4.0;-2240.0
1DD0284BAC93FE1191EE106505009EB9;B0BDDED34CC83E11052F6792C000B249;2025-05-17;-2.0;-312.0
45D4F2E8B4D38E113835BB6505006CAA;B0BDDED34CC83E11052F6792C000B249;2025-05-17;-4.0;-621.2
2887C414C87A9E115250106505007B4A;B0BDDED34CC83E11052F6792C000B249;2025-05-17;-4.0;-91.64
17F107EA01CAED11A62CD892C0003F2A;B0BDDED34CC83E11052F6792C000B249;2025-05-17;-2.0;-606.74
E7F4F53C79363E11052F6792C000FF39;B0BDDED34CC83E11052F6792C000B249;2025-05-17;-2.0;-70.76
2746D0759B2ADE11406610650500224A;B0BDDED34CC83E11052F6792C000B249;2025-05-17;-2.0;-253.68
5B9DD252C7300F11F1557891FE699789;B0BDDED34CC83E11052F6792C000B249;2025-05-17;-4.0;-188.52
4FF822A564DF6E11B7B78A650500CD08;B0BDDED34CC83E11052F6792C000B249;2025-05-17;-2.0;-123.02
1EF5E66C16F1CE118772106505002469;B0BDDED34CC83E11052F6792C000B249;2025-05-17;-2.0;-1008.62
7A73CA6D7FD2FE1191EE106505009DB9;B0BDDED34CC83E11052F6792C000B249;2025-05-17;-2.0;-100.84
84FCED0AEE144E1142D58A6505002C08;B0BDDED34CC83E11052F6792C000B249;2025-05-17;-2.0;-85.38
28662E4E44A1BE11BE2110650500775A;B0BDDED34CC83E11052F6792C000B249;2025-05-17;-2.0;-178.8
0868DD4CEF30EE114066106505003A4A;B0BDDED34CC83E11052F6792C000B249;2025-05-17;-2.0;-135.16
0CA3721C5835FE1191EE10650500B0C9;B0BDDED34CC83E11052F6792C000B249;2025-05-17;-4.0;-496.0
54BB75583DBFBE118772106505005169;B0BDDED34CC83E11052F6792C000B249;2025-05-17;-2.0;-213.56
08A420B35BEC9E11726010650500D94A;44673735EAF46E11B7B78A650500BC08;2025-05-17;2.0;594.96
FD13DC9FB3B09E11F243BB650500394B;44673735EAF46E11B7B78A650500BC08;2025-05-17;-42.0;-2100.5199999999995
033DC3D54575EE1191EE10650500D4B9;44673735EAF46E11B7B78A650500BC08;2025-05-17;112.0;6112.24
F3593BDD64F6BE118772106505002659;44673735EAF46E11B7B78A650500BC08;2025-05-17;0.0;0.0
2E69D22B3FDD6E11B7B78A650500BC08;44673735EAF46E11B7B78A650500BC08;2025-05-17;0.0;0.0
4500292FD87C8E11F243BB650500A34B;44673735EAF46E11B7B78A650500BC08;2025-05-17;0.0;0.0
9A92C04E999A7E110819BB65050039AA;44673735EAF46E11B7B78A650500BC08;2025-05-17;0.0;0.0
6CD31F9234627E11B7B78A650500CD08;44673735EAF46E11B7B78A650500BC08;2025-05-17;-2.0;-121.56
FD43EBA198B37E11B7B78A650500DD08;44673735EAF46E11B7B78A650500BC08;2025-05-17;0.0;0.0
11D198AE566ACE11ADB310650500D2B8;44673735EAF46E11B7B78A650500BC08;2025-05-17;-2.0;-371.62
AC553AB68A91BE11BE2110650500675A;44673735EAF46E11B7B78A650500BC08;2025-05-17;-2.0;-760.0
F0FC7DD63ECEAE11BE2110650500D35A;44673735EAF46E11B7B78A650500BC08;2025-05-17;0.0;0.0
CEFBF34407B9CE11ADB310650500F1B8;44673735EAF46E11B7B78A650500BC08;2025-05-17;12.0;4220.88
3F191B1B408ADE11406610650500924A;44673735EAF46E11B7B78A650500BC08;2025-05-17;60.0;6360.0
5281F66B1D456E11B7B78A650500BC08;44673735EAF46E11B7B78A650500BC08;2025-05-17;6.0;8940.0
A028CB2C1D456E11B7B78A650500BC08;44673735EAF46E11B7B78A650500BC08;2025-05-17;12.0;27156.0
2028CB2C1D456E11B7B78A650500BC08;44673735EAF46E11B7B78A650500BC08;2025-05-17;26.0;31122.0
2582D84DE8420F114EF7A826072B6A89;44673735EAF46E11B7B78A650500BC08;2025-05-17;0.0;0.0
D824051B94AE0E1143F0668E42001D49;44673735EAF46E11B7B78A650500BC08;2025-05-17;-6.0;-151.8
9C5174238E3CEE1191EE1065050029B9;44673735EAF46E11B7B78A650500BC08;2025-05-17;20.0;1453.2
1B42D9590FFEFE11F1557891FE690689;44673735EAF46E11B7B78A650500BC08;2025-05-17;0.0;0.0
9AD2D9590FFEFE11F1557891FE690689;44673735EAF46E11B7B78A650500BC08;2025-05-17;0.0;0.0
89DF89D16F5CCE11ADB31065050095B8;44673735EAF46E11B7B78A650500BC08;2025-05-17;0.0;0.0
0F59EDCDEE2FEE1191EE1065050029B9;44673735EAF46E11B7B78A650500BC08;2025-05-17;-4.0;-620.74
3B695AEB01B72E11052F6792C0007F39;44673735EAF46E11B7B78A650500BC08;2025-05-17;0.0;0.0
E2469E05C11A8E11F243BB650500304B;44673735EAF46E11B7B78A650500BC08;2025-05-17;0.0;0.0
81316ADD76B5FE1191EE1065050051C9;44673735EAF46E11B7B78A650500BC08;2025-05-17;0.0;0.0
54C61CDD472C6E11B7B78A650500BC08;44673735EAF46E11B7B78A650500BC08;2025-05-17;0.0;0.0
777E2BCFFFB9BE11877210650500B959;FC081C55582CED11A62CD892C0003F2A;2025-05-17;40.0;3747.02
35CF4D346E458E113835BB6505001EAA;FC081C55582CED11A62CD892C0003F2A;2025-05-17;40.0;3416.22
737ACD115CC59E11554010650500FF3B;FC081C55582CED11A62CD892C0003F2A;2025-05-17;20.0;1844.56
5B3DC0E1DBB4AE11726010650500D35A;B0BDDED34CC83E11052F6792C000B249;2025-05-17;6.0;596.88
3E5900DCE0638E111E1BBB650500BBAA;B0BDDED34CC83E11052F6792C000B249;2025-05-17;8.0;799.28
71330E5D477F8E11F243BB650500A74B;B0BDDED34CC83E11052F6792C000B249;2025-05-17;20.0;824.96
CDD666A07CA68E11F243BB650500EB3B;FC081C55582CED11A62CD892C0003F2A;2025-05-17;0.0;-90.98000000000002
D9172E4ACDB88E11F243BB6505008E3B;FC081C55582CED11A62CD892C0003F2A;2025-05-17;2.0;23.1
41321E312D08DE11C84610650500707A;FC081C55582CED11A62CD892C0003F2A;2025-05-17;0.0;0.0
D6125EB8CC8EFE11F1557891FE697589;FC081C55582CED11A62CD892C0003F2A;2025-05-17;0.0;0.0
EF5E4609CC8EFE11F1557891FE697589;FC081C55582CED11A62CD892C0003F2A;2025-05-17;0.0;0.0
1C2BB701BD889E11525010650500F84A;44673735EAF46E11B7B78A650500BC08;2025-05-17;18.0;1422.0
81F39BB0538E6E11B7B78A6505003D08;44673735EAF46E11B7B78A650500BC08;2025-05-17;2.0;2058.0
F14EB1F610556E11B7B78A650500BC08;44673735EAF46E11B7B78A650500BC08;2025-05-17;-2.0;-387.08
6489EDCDEE2FEE1191EE1065050029B9;44673735EAF46E11B7B78A650500BC08;2025-05-17;-6.0;-214.64
07557E99E36A6E11B7B78A650500BC08;44673735EAF46E11B7B78A650500BC08;2025-05-17;-4.0;-168.84
CA6B84CED87C8E11F243BB650500A34B;44673735EAF46E11B7B78A650500BC08;2025-05-17;-2.0;-172.0
BDA4336C478B3E11052F6792C000D249;44673735EAF46E11B7B78A650500BC08;2025-05-17;-6.0;-398.09999999999997
0B17619EC688CE11ADB31065050070B8;44673735EAF46E11B7B78A650500BC08;2025-05-17;-2.0;-119.52
D875FFA380A49E115540106505006E3B;44673735EAF46E11B7B78A650500BC08;2025-05-17;-2.0;-1150.72
75F75042DD456E11B7B78A650500BC08;44673735EAF46E11B7B78A650500BC08;2025-05-17;-6.0;-2172.0
019222829A5C6E11B7B78A650500BC08;44673735EAF46E11B7B78A650500BC08;2025-05-17;-4.0;-884.0
D2EA740B635DEE1191EE1065050029B9;44673735EAF46E11B7B78A650500BC08;2025-05-17;-8.0;-1788.96
1720A6DBE1027E11B7B78A650500CD08;44673735EAF46E11B7B78A650500BC08;2025-05-17;-2.0;-1512.0
B15559B666767E11B7B78A650500ED08;44673735EAF46E11B7B78A650500BC08;2025-05-17;-8.0;-1200.56
303872335D456E11B7B78A650500BC08;44673735EAF46E11B7B78A650500BC08;2025-05-17;-6.0;-70.5
E3E3BB9B30556E11B7B78A650500BC08;44673735EAF46E11B7B78A650500BC08;2025-05-17;-2.0;-190.58
62186D999C456E11B7B78A650500BC08;44673735EAF46E11B7B78A650500BC08;2025-05-17;-30.0;-410.40000000000003
3E3843D18D456E11B7B78A650500BC08;44673735EAF46E11B7B78A650500BC08;2025-05-17;-2.0;-84.0
8FD6338B94309E11F243BB650500984B;44673735EAF46E11B7B78A650500BC08;2025-05-17;-2.0;-147.3
78C46FC928CDCE11ADB31065050087B8;44673735EAF46E11B7B78A650500BC08;2025-05-17;-4.0;-521.16
46A90C9EB8648E113835BB650500FCAA;44673735EAF46E11B7B78A650500BC08;2025-05-17;-328.0;-5904.0
1CEB5D8DD22BBE118772106505007B59;44673735EAF46E11B7B78A650500BC08;2025-05-17;-8.0;-247.2
9865CD2FDC9F7E110819BB65050039AA;44673735EAF46E11B7B78A650500BC08;2025-05-17;-10.0;-302.3
FC080E97B465CE11ADB3106505002DA8;44673735EAF46E11B7B78A650500BC08;2025-05-17;-8.0;-606.62
A8C1EFE6AC456E11B7B78A650500BC08;44673735EAF46E11B7B78A650500BC08;2025-05-17;-2.0;-82.28
95AADC67FE456E11B7B78A650500BC08;44673735EAF46E11B7B78A650500BC08;2025-05-17;-4.0;-134.3
A1B4CD08E5796E11B7B78A650500BC08;44673735EAF46E11B7B78A650500BC08;2025-05-17;-10.0;-1958.9399999999998
83F2C9EE00300F11F1557891FE698789;44673735EAF46E11B7B78A650500BC08;2025-05-17;-2.0;-1983.4
EBD58392A1567E11B7B78A650500ED08;44673735EAF46E11B7B78A650500BC08;2025-05-17;-2.0;-78.66
338F71D8E13E4E1142D58A650500BC08;44673735EAF46E11B7B78A650500BC08;2025-05-17;-16.0;-2670.4
75897E390586CE11ADB310650500DDA8;44673735EAF46E11B7B78A650500BC08;2025-05-17;-2.0;-606.4
508278B4EAD7CE11ADB3106505008FA8;44673735EAF46E11B7B78A650500BC08;2025-05-17;-4.0;-370.24
ED56DC6DABE1EE114066106505006C4A;44673735EAF46E11B7B78A650500BC08;2025-05-17;-2.0;-565.4
E45127FF681FAE11BE2110650500345A;44673735EAF46E11B7B78A650500BC08;2025-05-17;-6.0;-816.0
61F9CAB8E770BE11BE2110650500F55A;44673735EAF46E11B7B78A650500BC08;2025-05-17;-2.0;-23.62
66E044E2C92F6E11B7B78A650500CD08;44673735EAF46E11B7B78A650500BC08;2025-05-17;-12.0;-63.28
E0AFE8898284DE11ADB310650500B0C8;44673735EAF46E11B7B78A650500BC08;2025-05-17;-8.0;-403.2
45349E308D456E11B7B78A650500BC08;44673735EAF46E11B7B78A650500BC08;2025-05-17;-2.0;-177.6
3879268EBE0BEE1191EE1065050029B9;44673735EAF46E11B7B78A650500BC08;2025-05-17;-2.0;-49.94
B1E0BA67146B3E11052F6792C000D249;44673735EAF46E11B7B78A650500BC08;2025-05-17;-6.0;-214.98
863B30535BEC9E11726010650500D94A;44673735EAF46E11B7B78A650500BC08;2025-05-17;-2.0;-489.58
5BDDE6F1BA456E11B7B78A650500BC08;44673735EAF46E11B7B78A650500BC08;2025-05-17;-6.0;-152.16
406DD60ECCD78E11F243BB6505006D3B;44673735EAF46E11B7B78A650500BC08;2025-05-17;-2.0;-300.8
AF2D525A3623DE11ADB310650500DEB8;44673735EAF46E11B7B78A650500BC08;2025-05-17;-2.0;-465.66
5CF448ED45CF8E11F243BB650500084B;44673735EAF46E11B7B78A650500BC08;2025-05-17;-14.0;-576.56
F12D3DE4D004FE1191EE106505001FB9;44673735EAF46E11B7B78A650500BC08;2025-05-17;-4.0;-312.28
B049BD7C6D456E11B7B78A650500BC08;44673735EAF46E11B7B78A650500BC08;2025-05-17;-154.0;-1386.0
AD913EA650420F114EF7A826072B5A89;44673735EAF46E11B7B78A650500BC08;2025-05-17;-12.0;-296.76
4B9B68F25929FE11128010650500E819;44673735EAF46E11B7B78A650500BC08;2025-05-17;-2.0;-1419.7
ABAE3B95243DDE11406610650500364A;44673735EAF46E11B7B78A650500BC08;2025-05-17;-2.0;-360.0
AFC778240ECA9E11525010650500EB4A;44673735EAF46E11B7B78A650500BC08;2025-05-17;-2.0;-50.6
BE8F119F6544DE11ADB31065050060C8;44673735EAF46E11B7B78A650500BC08;2025-05-17;-6.0;-1739.4
F60E3EEB3C2EFE11F1557891FE69F489;44673735EAF46E11B7B78A650500BC08;2025-05-17;-2.0;-89.96
73C92B5255AE4E1142D58A650500BC08;44673735EAF46E11B7B78A650500BC08;2025-05-17;-2.0;-91.94
A451CBF200E7EE1191EE10650500A7B9;44673735EAF46E11B7B78A650500BC08;2025-05-17;-2.0;-31.16
1DA346C60EE6DE11C846106505000F6A;44673735EAF46E11B7B78A650500BC08;2025-05-17;-2.0;-22.26
27ED77918754EE11B1AD10650500C7EA;44673735EAF46E11B7B78A650500BC08;2025-05-17;-2.0;-971.02
FCD31F9234627E11B7B78A650500CD08;44673735EAF46E11B7B78A650500BC08;2025-05-17;-4.0;-344.04
B68002F5A2C37E11B7B78A650500DD08;44673735EAF46E11B7B78A650500BC08;2025-05-17;-2.0;-554.78
9F8150A455639E11554010650500CC3B;44673735EAF46E11B7B78A650500BC08;2025-05-17;-2.0;-275.1
2C28C2A619AF7E110819BB65050039AA;44673735EAF46E11B7B78A650500BC08;2025-05-17;-8.0;-592.84
ED45282003B6FE1191EE1065050092C9;44673735EAF46E11B7B78A650500BC08;2025-05-17;-8.0;-1805.18
15380AE30653CE11877210650500E569;44673735EAF46E11B7B78A650500BC08;2025-05-17;-2.0;-172.0
9CF2C1FDABE1EE114066106505006C4A;44673735EAF46E11B7B78A650500BC08;2025-05-17;-2.0;-76.2
842F3F0A036FAE11BE2110650500945A;44673735EAF46E11B7B78A650500BC08;2025-05-17;-2.0;-730.42
4B77304C1E456E11B7B78A650500BC08;44673735EAF46E11B7B78A650500BC08;2025-05-17;-24.0;-8556.04
F3D59BED98F07E11B7B78A650500CD08;44673735EAF46E11B7B78A650500BC08;2025-05-17;-2.0;-722.92
5B77C08362F6AE11BE2110650500D94A;44673735EAF46E11B7B78A650500BC08;2025-05-17;-2.0;-3185.36
B5EE881C0080DE11ADB3106505004BB8;44673735EAF46E11B7B78A650500BC08;2025-05-17;-4.0;-209.64
4C96ECDA50A15E1142D58A650500BC08;44673735EAF46E11B7B78A650500BC08;2025-05-17;-4.0;-280.52
40B4BA3ED4BBEE1191EE1065050029B9;44673735EAF46E11B7B78A650500BC08;2025-05-17;-4.0;-287.94
5AF34C346D7DBE118772106505007E59;44673735EAF46E11B7B78A650500BC08;2025-05-17;-2.0;-282.0
BA3EE961BD889E11525010650500F84A;44673735EAF46E11B7B78A650500BC08;2025-05-17;-2.0;-291.08
102EF5A7983E7E110819BB65050039AA;44673735EAF46E11B7B78A650500BC08;2025-05-17;-2.0;-765.58
9698A416CFACEE1191EE1065050029B9;44673735EAF46E11B7B78A650500BC08;2025-05-17;-2.0;-288.0
54EC2E244A35BE11BE21106505000C5A;44673735EAF46E11B7B78A650500BC08;2025-05-17;-2.0;-56.0
AB2A75B1821A8E11F243BB650500304B;44673735EAF46E11B7B78A650500BC08;2025-05-17;-4.0;-290.2
7CE3BDB8ED618E110819BB65050039AA;44673735EAF46E11B7B78A650500BC08;2025-05-17;-2.0;-556.78
34567A8F2E456E11B7B78A650500BC08;44673735EAF46E11B7B78A650500BC08;2025-05-17;-10.0;-1460.0
FA1A89ED82676E11B7B78A650500BC08;44673735EAF46E11B7B78A650500BC08;2025-05-17;-2.0;-422.68
5CEB5D8DD22BBE118772106505007B59;44673735EAF46E11B7B78A650500BC08;2025-05-17;-8.0;-247.2
043B1705BF896E11B7B78A650500BC08;44673735EAF46E11B7B78A650500BC08;2025-05-17;-2.0;-286.98
30AA4F2D21FA8E11F243BB650500514B;44673735EAF46E11B7B78A650500BC08;2025-05-17;-4.0;-66.8
37AAAAB4078ECE11ADB31065050078B8;44673735EAF46E11B7B78A650500BC08;2025-05-17;-2.0;-544.0
5B889D929C456E11B7B78A650500BC08;44673735EAF46E11B7B78A650500BC08;2025-05-17;-12.0;-195.66
21F8AAF3531BFE11128010650500E819;44673735EAF46E11B7B78A650500BC08;2025-05-17;-2.0;-2921.76
60E967BC904D7E110819BB65050039AA;44673735EAF46E11B7B78A650500BC08;2025-05-17;-2.0;-55.0
AFEAD3CD653DDE11406610650500364A;44673735EAF46E11B7B78A650500BC08;2025-05-17;-16.0;-928.42
0CC47C450DDDFE11F1557891FE699489;44673735EAF46E11B7B78A650500BC08;2025-05-17;-2.0;-866.4
ACF74A7B0321DE11ADB3106505003CB8;44673735EAF46E11B7B78A650500BC08;2025-05-17;-2.0;-110.0
D1FE0936C11A8E11F243BB650500304B;44673735EAF46E11B7B78A650500BC08;2025-05-17;-4.0;-51.76
B559173959B1EE114066106505001C4A;44673735EAF46E11B7B78A650500BC08;2025-05-17;-2.0;-58.62
DAFECA506B1C6E11B7B78A650500BC08;44673735EAF46E11B7B78A650500BC08;2025-05-17;-2.0;-593.38
FA37940A3E456E11B7B78A650500BC08;44673735EAF46E11B7B78A650500BC08;2025-05-17;-2.0;-1110.0
D87D6734CDA86E11B7B78A650500BC08;44673735EAF46E11B7B78A650500BC08;2025-05-17;-40.0;-736.3
5831728E7C456E11B7B78A650500BC08;44673735EAF46E11B7B78A650500BC08;2025-05-17;-4.0;-1303.9
6003ECC212010F11112A674AC7E2B889;44673735EAF46E11B7B78A650500BC08;2025-05-17;-2.0;-194.8
E88FF4AB34885E1142D58A650500DC08;44673735EAF46E11B7B78A650500BC08;2025-05-17;-10.0;-143.86
B63484C872CAED11A62CD892C0003F2A;44673735EAF46E11B7B78A650500BC08;2025-05-17;-2.0;-222.96
CE18B69694310F11112A674AC7E2F889;44673735EAF46E11B7B78A650500BC08;2025-05-17;-2.0;-1020.0
42B158B398A05E1142D58A650500BC08;44673735EAF46E11B7B78A650500BC08;2025-05-17;-2.0;-614.0
B637A9930DBEEE1191EE1065050029B9;44673735EAF46E11B7B78A650500BC08;2025-05-17;-2.0;-200.58
B3FA392F3CE76E11B7B78A650500BC08;44673735EAF46E11B7B78A650500BC08;2025-05-17;-4.0;-676.56
E128F5E1F61E4E1142D58A650500BC08;44673735EAF46E11B7B78A650500BC08;2025-05-17;-2.0;-333.8
59EDB852F1608E110819BB65050039AA;44673735EAF46E11B7B78A650500BC08;2025-05-17;-2.0;-272.66
86376EBB268C7E110819BB65050039AA;44673735EAF46E11B7B78A650500BC08;2025-05-17;-2.0;-144.2
A39CD36DAFD9DE11406610650500C14A;44673735EAF46E11B7B78A650500BC08;2025-05-17;-2.0;-258.2
0910BA7BB78EED11A62CD892C000399B;44673735EAF46E11B7B78A650500BC08;2025-05-17;-2.0;-226.64
9D4A76D36D7DBE118772106505007E59;44673735EAF46E11B7B78A650500BC08;2025-05-17;-2.0;-112.0
28F551B23E456E11B7B78A650500BC08;44673735EAF46E11B7B78A650500BC08;2025-05-17;-4.0;-4860.0
02F7046B6D4DDE11406610650500564A;44673735EAF46E11B7B78A650500BC08;2025-05-17;-2.0;-133.5
33FC55E6CD456E11B7B78A650500BC08;44673735EAF46E11B7B78A650500BC08;2025-05-17;-2.0;-2823.82
B1DBDFFBF434BE11BE2110650500BA5A;44673735EAF46E11B7B78A650500BC08;2025-05-17;-2.0;-109.0
61E611BC0C5CCE11ADB31065050095B8;44673735EAF46E11B7B78A650500BC08;2025-05-17;-4.0;-2553.2
9564195612867E11B7B78A650500ED08;44673735EAF46E11B7B78A650500BC08;2025-05-17;-2.0;-576.0
934A5DDBA1878E11F243BB650500FC3B;44673735EAF46E11B7B78A650500BC08;2025-05-17;-2.0;-450.0
1F0818EF7766EE1191EE1065050016B9;44673735EAF46E11B7B78A650500BC08;2025-05-17;-2.0;-420.0
CDF082B6C42AFE11128010650500E819;44673735EAF46E11B7B78A650500BC08;2025-05-17;-2.0;-328.4
279ABECC31993E11052F6792C000D249;44673735EAF46E11B7B78A650500BC08;2025-05-17;-2.0;-476.8
4B4583BE45CF8E11F243BB650500084B;44673735EAF46E11B7B78A650500BC08;2025-05-17;-4.0;-148.28
2111127EDCFDCE11ADB310650500C7B8;44673735EAF46E11B7B78A650500BC08;2025-05-17;-22.0;-726.0
E59B72C890CAED11A62CD892C0003F2A;44673735EAF46E11B7B78A650500BC08;2025-05-17;-2.0;-187.6
1402885923F8EE1191EE1065050009B9;44673735EAF46E11B7B78A650500BC08;2025-05-17;-2.0;-684.92
6B8A12CEF37C6E11B7B78A650500BC08;44673735EAF46E11B7B78A650500BC08;2025-05-17;-2.0;-970.0
61CD8984ABE1EE114066106505006C4A;44673735EAF46E11B7B78A650500BC08;2025-05-17;-2.0;-151.2
DDA1E9D87EE58E11F243BB650500EA3B;44673735EAF46E11B7B78A650500BC08;2025-05-17;-2.0;-783.08
7DA94706F2DFAE11BE2110650500255A;44673735EAF46E11B7B78A650500BC08;2025-05-17;-2.0;-424.46
D6FEA237E770BE11BE2110650500F55A;44673735EAF46E11B7B78A650500BC08;2025-05-17;-2.0;-26.26
EB7BA3AAF655BE11BE21106505002C5A;44673735EAF46E11B7B78A650500BC08;2025-05-17;-2.0;-1018.6
660365FCED456E11B7B78A650500BC08;44673735EAF46E11B7B78A650500BC08;2025-05-17;-2.0;-528.8
3EAD02694E5D9E117260106505006A4A;44673735EAF46E11B7B78A650500BC08;2025-05-17;-2.0;-1613.58
B01278302E456E11B7B78A650500BC08;44673735EAF46E11B7B78A650500BC08;2025-05-17;-2.0;-184.84
9C25929B162FFE11F1557891FE693689;44673735EAF46E11B7B78A650500BC08;2025-05-17;-2.0;-900.0
0263E5560CA8FE11128010650500D819;44673735EAF46E11B7B78A650500BC08;2025-05-17;-2.0;-1191.16
26DF8B324790DE11ADB3106505006BB8;44673735EAF46E11B7B78A650500BC08;2025-05-17;-2.0;-88.08
57A7D6A0BAC9FE11128010650500E819;44673735EAF46E11B7B78A650500BC08;2025-05-17;-4.0;-123.2
1EF8F98FC688CE11ADB31065050070B8;44673735EAF46E11B7B78A650500BC08;2025-05-17;-6.0;-334.14
91E611BC0C5CCE11ADB31065050095B8;44673735EAF46E11B7B78A650500BC08;2025-05-17;-2.0;-1457.82
DF3E818302CAED11A62CD892C0003F2A;44673735EAF46E11B7B78A650500BC08;2025-05-17;-2.0;-179.64
C35BC3C16FFEFE11F1557891FE690689;44673735EAF46E11B7B78A650500BC08;2025-05-17;-2.0;-110.0
1D0E676623900F11F1557891FE690889;44673735EAF46E11B7B78A650500BC08;2025-05-17;-2.0;-518.0
8FCD25FECE5BFE111280106505000919;44673735EAF46E11B7B78A650500BC08;2025-05-17;-2.0;-114.0
262352B9AC456E11B7B78A650500BC08;44673735EAF46E11B7B78A650500BC08;2025-05-17;-2.0;-123.12
ADDB5432F45AAE11BE21106505002E4A;44673735EAF46E11B7B78A650500BC08;2025-05-17;-6.0;-1515.4
31C9F3E8FAE97E110819BB65050019AA;44673735EAF46E11B7B78A650500BC08;2025-05-17;-2.0;-1003.0
95F75042DD456E11B7B78A650500BC08;44673735EAF46E11B7B78A650500BC08;2025-05-17;-2.0;-1285.0
36E8FAC871417E11B7B78A650500CD08;44673735EAF46E11B7B78A650500BC08;2025-05-17;-2.0;-168.0
E667F306E868FE11128010650500D819;FC081C55582CED11A62CD892C0003F2A;2025-05-17;-2.0;-3599.82
2DEAE43E0ABCEE1191EE1065050029B9;FC081C55582CED11A62CD892C0003F2A;2025-05-17;-4.0;-13626.119999999999
7193A42C90458E113835BB6505000EAA;FC081C55582CED11A62CD892C0003F2A;2025-05-17;-6.0;-874.6800000000001
E67F617F6439BE118772106505000959;FC081C55582CED11A62CD892C0003F2A;2025-05-17;-2.0;-497.92
2FE76EF3031E7E110819BB65050039AA;FC081C55582CED11A62CD892C0003F2A;2025-05-17;-2.0;-226.84
2E09BDE3CBDEFE11F1557891FE69D589;FC081C55582CED11A62CD892C0003F2A;2025-05-17;-5.0;-1171.28
3EFE0A42662BDE11406610650500734A;FC081C55582CED11A62CD892C0003F2A;2025-05-17;-2.0;-396.0
A1E566E92848CE11ADB31065050010B8;FC081C55582CED11A62CD892C0003F2A;2025-05-17;-8.0;-1790.8
55CD6D50B4D38E113835BB6505006CAA;FC081C55582CED11A62CD892C0003F2A;2025-05-17;-6.0;-931.8000000000001
6585CF0302CAED11A62CD892C0003F2A;FC081C55582CED11A62CD892C0003F2A;2025-05-17;-2.0;-148.72
1F6813864D85DE11ADB31065050002C8;FC081C55582CED11A62CD892C0003F2A;2025-05-17;-2.0;-208.6
46B63D2329363E11052F6792C000FF39;FC081C55582CED11A62CD892C0003F2A;2025-05-17;-2.0;-62.06
C1D8EA98F0CAED11A62CD892C0003F2A;FC081C55582CED11A62CD892C0003F2A;2025-05-17;-6.0;-521.76
5BB8CE1BD5230E11A4A96492C00008E9;FC081C55582CED11A62CD892C0003F2A;2025-05-17;-12.0;-878.3000000000001
1289C4DE9F48FE11128010650500D819;FC081C55582CED11A62CD892C0003F2A;2025-05-17;-4.0;-649.3
452693B7FA8F1E1143F0668E4200AE5A;FC081C55582CED11A62CD892C0003F2A;2025-05-17;-4.0;-286.18
4088AC04A537BE118772106505007659;FC081C55582CED11A62CD892C0003F2A;2025-05-17;-2.0;-379.82
6F511FFF41CAED11A62CD892C0003F2A;FC081C55582CED11A62CD892C0003F2A;2025-05-17;-2.0;-223.26
FD3768E5CF95FE1191EE1065050031C9;FC081C55582CED11A62CD892C0003F2A;2025-05-17;-2.0;-269.62
F846A17A98A05E1142D58A650500BC08;FC081C55582CED11A62CD892C0003F2A;2025-05-17;-4.0;-3512.0
D9CEEB592642FE1191EE10650500CCB9;FC081C55582CED11A62CD892C0003F2A;2025-05-17;-4.0;-836.98
E42F2727A0651E1143F0668E4200EE89;FC081C55582CED11A62CD892C0003F2A;2025-05-17;-18.0;-1663.1999999999998
8DCC4C8AD2F48E113835BB650500ADAA;FC081C55582CED11A62CD892C0003F2A;2025-05-17;-2.0;-1908.4
2DB92F3F4305DE11ADB31065050051C8;FC081C55582CED11A62CD892C0003F2A;2025-05-17;-2.0;-214.2
3D04EEBA85FEFE11F1557891FE69F589;FC081C55582CED11A62CD892C0003F2A;2025-05-17;-2.0;-214.12
303EB902D8B18E11A442BB65050079AA;FC081C55582CED11A62CD892C0003F2A;2025-05-17;-2.0;-386.7
4701451DDD30DE11ADB310650500EAB8;FC081C55582CED11A62CD892C0003F2A;2025-05-17;-12.0;-1636.56
4B3824E8CC8EFE11F1557891FE697589;FC081C55582CED11A62CD892C0003F2A;2025-05-17;-4.0;-112.0
E0E181E89AFBCE11ADB310650500F4B8;FC081C55582CED11A62CD892C0003F2A;2025-05-17;-2.0;-126.82
56C7D916B0CAED11A62CD892C0003F2A;FC081C55582CED11A62CD892C0003F2A;2025-05-17;-4.0;-132.94
D3CA911FA7A96E11B7B78A650500BC08;FC081C55582CED11A62CD892C0003F2A;2025-05-17;-2.0;-165.98
A2486CC48AC46E11B7B78A650500BC08;FC081C55582CED11A62CD892C0003F2A;2025-05-17;-2.0;-122.16
1526CE54116F9E117260106505000D4A;FC081C55582CED11A62CD892C0003F2A;2025-05-17;-8.0;-876.56
832C53538ABAFE11128010650500E819;FC081C55582CED11A62CD892C0003F2A;2025-05-17;-20.0;-576.0
E5F6F7B29972EE114066106505001D4A;FC081C55582CED11A62CD892C0003F2A;2025-05-17;-2.0;-106.8
1BEA9518EB23FE1191EE10650500FDB9;FC081C55582CED11A62CD892C0003F2A;2025-05-17;-2.0;-203.94
03CFC7ABC62EEE1191EE1065050029B9;FC081C55582CED11A62CD892C0003F2A;2025-05-17;-2.0;-275.46
39EADAF43DBCAE11BE2110650500315A;FC081C55582CED11A62CD892C0003F2A;2025-05-17;-2.0;-221.26
50B7364C60CFBE118772106505005169;FC081C55582CED11A62CD892C0003F2A;2025-05-17;-2.0;-352.96
7916621B97E88E11F243BB650500BE3B;FC081C55582CED11A62CD892C0003F2A;2025-05-17;-2.0;-107.32
333807BE5DE0CE11877210650500D269;FC081C55582CED11A62CD892C0003F2A;2025-05-17;-2.0;-265.0
8EFBBC6352FCED11A62CD892C0003F2A;FC081C55582CED11A62CD892C0003F2A;2025-05-17;-2.0;-266.28
D770BD9C689D7E110819BB65050039AA;FC081C55582CED11A62CD892C0003F2A;2025-05-17;-2.0;-98.96
68947E98456DCE11ADB310650500F6B8;FC081C55582CED11A62CD892C0003F2A;2025-05-17;-2.0;-81.12
DA3293857654EE11B1AD10650500C7EA;FC081C55582CED11A62CD892C0003F2A;2025-05-17;-2.0;-29.64
09040803F1C67E11B7B78A650500ED08;FC081C55582CED11A62CD892C0003F2A;2025-05-17;-4.0;-233.8
651476A1FC30DE11ADB310650500EAB8;FC081C55582CED11A62CD892C0003F2A;2025-05-17;-2.0;-192.0
62BBFD275EEC9E11726010650500D94A;FC081C55582CED11A62CD892C0003F2A;2025-05-17;-2.0;-182.58
171DD4002978FE11128010650500D819;FC081C55582CED11A62CD892C0003F2A;2025-05-17;-4.0;-24.48
7C9DD9080C3BBE118772106505009B59;FC081C55582CED11A62CD892C0003F2A;2025-05-17;-2.0;-42.4
DAB41823F1600F11F1557891FE69C789;FC081C55582CED11A62CD892C0003F2A;2025-05-17;-2.0;-311.08
2C7AB358ABFEDE11406610650500984A;FC081C55582CED11A62CD892C0003F2A;2025-05-17;-2.0;-34.3
79390FC03364EE11B1AD10650500D7EA;FC081C55582CED11A62CD892C0003F2A;2025-05-17;-2.0;-47.28
D8D44B985016FE1191EE10650500C1C9;FC081C55582CED11A62CD892C0003F2A;2025-05-17;-2.0;-16.22
24D9F7B50DA3DE11ADB3106505008FB8;FC081C55582CED11A62CD892C0003F2A;2025-05-17;-2.0;-77.08
31871B62C1C67E11B7B78A650500ED08;FC081C55582CED11A62CD892C0003F2A;2025-05-17;-2.0;-75.42
917A054ED1600F11F1557891FE69C789;FC081C55582CED11A62CD892C0003F2A;2025-05-17;-2.0;-225.08
D8B400467F09FE11128010650500E819;FC081C55582CED11A62CD892C0003F2A;2025-05-17;-2.0;-93.24
44F841A11EAFFE11F1557891FE69E689;FC081C55582CED11A62CD892C0003F2A;2025-05-17;-2.0;-25.24
17204D9BBF9FDE11406610650500694A;FC081C55582CED11A62CD892C0003F2A;2025-05-17;-2.0;-21.48
D329023EF123CE11877210650500A569;FC081C55582CED11A62CD892C0003F2A;2025-05-17;-8.0;-267.28
7C670700E0CAED11A62CD892C0003F2A;FC081C55582CED11A62CD892C0003F2A;2025-05-17;-2.0;-158.6
341E542B42E1FE1191EE106505004CB9;FC081C55582CED11A62CD892C0003F2A;2025-05-17;-2.0;-134.54
3172130B61728E110223BB6505008AAA;FC081C55582CED11A62CD892C0003F2A;2025-05-17;-2.0;-527.52
E790F1D2B6AEEE1191EE1065050029B9;FC081C55582CED11A62CD892C0003F2A;2025-05-17;-2.0;-362.52
EC682EB8C843DE11ADB3106505000FB8;FC081C55582CED11A62CD892C0003F2A;2025-05-17;-2.0;-11334.84
5957F7BBF4E3FE1191EE10650500FEB9;FC081C55582CED11A62CD892C0003F2A;2025-05-17;-2.0;-604.98
F5C134ADA51CEE1191EE1065050029B9;FC081C55582CED11A62CD892C0003F2A;2025-05-17;-4.0;-659.94
61F26D5AFB5F7E110819BB65050039AA;FC081C55582CED11A62CD892C0003F2A;2025-05-17;-6.0;-241.96
9A8A4B7A9B458E113835BB6505001EAA;FC081C55582CED11A62CD892C0003F2A;2025-05-17;-2.0;-532.86
2CD8799B2AC75E1142D58A650500DC08;FC081C55582CED11A62CD892C0003F2A;2025-05-17;-4.0;-470.98
E27D5947E38CDE11406610650500554A;FC081C55582CED11A62CD892C0003F2A;2025-05-17;-4.0;-582.4
B51589201BA8FE11128010650500D819;FC081C55582CED11A62CD892C0003F2A;2025-05-17;-4.0;-200.0
02359825A10FFE11F1557891FE690689;FC081C55582CED11A62CD892C0003F2A;2025-05-17;-2.0;-2126.76
C4B54580EDE2BE11BE2110650500195A;FC081C55582CED11A62CD892C0003F2A;2025-05-17;-2.0;-464.88
DD0A6194295EDE11406610650500C74A;FC081C55582CED11A62CD892C0003F2A;2025-05-17;-4.0;-278.64
74C939CC7E1ADE11406610650500124A;FC081C55582CED11A62CD892C0003F2A;2025-05-17;-2.0;-839.74
6E540D3A68E5FE1191EE1065050091C9;FC081C55582CED11A62CD892C0003F2A;2025-05-17;-2.0;-215.78
470CEB52E562CE11877210650500B469;FC081C55582CED11A62CD892C0003F2A;2025-05-17;-4.0;-745.2
FB0B74D7D0CAED11A62CD892C0003F2A;FC081C55582CED11A62CD892C0003F2A;2025-05-17;-2.0;-320.6
89B650848CA7FE1191EE10650500E3C9;FC081C55582CED11A62CD892C0003F2A;2025-05-17;-2.0;-440.1
10E000CE02192E11052F6792C0007F39;FC081C55582CED11A62CD892C0003F2A;2025-05-17;-4.0;-762.84
4B11F556C4789E11525010650500D84A;FC081C55582CED11A62CD892C0003F2A;2025-05-17;-2.0;-520.18
06FB2DD2E294DE11ADB310650500C0C8;FC081C55582CED11A62CD892C0003F2A;2025-05-17;-2.0;-719.06
4EBB986533C85E1142D58A650500DC08;FC081C55582CED11A62CD892C0003F2A;2025-05-17;-4.0;-907.0
447785D8D0CAED11A62CD892C0003F2A;FC081C55582CED11A62CD892C0003F2A;2025-05-17;-2.0;-242.8
AA933DD5919EBE11877210650500DF59;FC081C55582CED11A62CD892C0003F2A;2025-05-17;-16.0;-445.76
8813D0F7E76CAE11BE2110650500C05A;FC081C55582CED11A62CD892C0003F2A;2025-05-17;-2.0;-484.62
05CA7020C07ABE118772106505009A59;FC081C55582CED11A62CD892C0003F2A;2025-05-17;-2.0;-412.08
0D4C5A39949BCE11ADB31065050074B8;FC081C55582CED11A62CD892C0003F2A;2025-05-17;-2.0;-180.32
3CA3A80FFED87E110819BB65050009AA;FC081C55582CED11A62CD892C0003F2A;2025-05-17;-2.0;-372.0
1DC441CF7A053E11052F6792C000FF39;FC081C55582CED11A62CD892C0003F2A;2025-05-17;-2.0;-779.08
F84ABD9B0C8DED11A62CD892C0003F2A;FC081C55582CED11A62CD892C0003F2A;2025-05-17;-2.0;-381.28
89497B3A62CAED11A62CD892C0003F2A;FC081C55582CED11A62CD892C0003F2A;2025-05-17;-2.0;-1181.56
DAA6BE72BF084E1142D58A6505002C08;FC081C55582CED11A62CD892C0003F2A;2025-05-17;-10.0;-2246.3999999999996
CCFC2A5277E48E113835BB6505009DAA;FC081C55582CED11A62CD892C0003F2A;2025-05-17;-4.0;-1244.0
2D43CA6D7FD2FE1191EE106505009DB9;FC081C55582CED11A62CD892C0003F2A;2025-05-17;-4.0;-201.68
2DA90CDB0321DE11ADB3106505003CB8;FC081C55582CED11A62CD892C0003F2A;2025-05-17;-2.0;-146.0
8DFF0450D0CAED11A62CD892C0003F2A;FC081C55582CED11A62CD892C0003F2A;2025-05-17;-4.0;-398.92
95DBD5B5B371FE1191EE10650500BBB9;FC081C55582CED11A62CD892C0003F2A;2025-05-17;-2.0;-272.78
12C1117A9138CE11ADB310650500FFA8;FC081C55582CED11A62CD892C0003F2A;2025-05-17;-2.0;-171.9
38864DDF50667E11B7B78A650500ED08;FC081C55582CED11A62CD892C0003F2A;2025-05-17;-2.0;-566.0
B7AF756AFB8BDE11406610650500044A;FC081C55582CED11A62CD892C0003F2A;2025-05-17;-2.0;-312.26
54BB07C40E4FBE11877210650500C069;FC081C55582CED11A62CD892C0003F2A;2025-05-17;-2.0;-422.56
A2DBB61AEAB4EE11B1AD1065050048EA;FC081C55582CED11A62CD892C0003F2A;2025-05-17;-4.0;-303.28
E7121316350EEE1191EE1065050029B9;FC081C55582CED11A62CD892C0003F2A;2025-05-17;-4.0;-2501.8
31F7B97FC3BC3E11052F6792C000D249;FC081C55582CED11A62CD892C0003F2A;2025-05-17;-2.0;-119.8
34F1F7FBECCE6E11B7B78A6505008D08;FC081C55582CED11A62CD892C0003F2A;2025-05-17;-2.0;-276.28
2425BE7EF77EFE11F1557891FE695589;FC081C55582CED11A62CD892C0003F2A;2025-05-17;-2.0;-476.02
D12E65D2C70F9E117260106505009C4A;FC081C55582CED11A62CD892C0003F2A;2025-05-17;-6.0;-1047.84
F7ADA524EC065E1142D58A650500DC08;FC081C55582CED11A62CD892C0003F2A;2025-05-17;-4.0;-33.36
19C2A8954705EE11B1AD10650500A8EA;FC081C55582CED11A62CD892C0003F2A;2025-05-17;-2.0;-303.68
F8D56C52599EFE11F1557891FE698589;FC081C55582CED11A62CD892C0003F2A;2025-05-17;-2.0;-296.0
9B1EB13888ABAE11BE2110650500DF4A;FC081C55582CED11A62CD892C0003F2A;2025-05-17;-2.0;-271.9
A323BB53F425CE11ADB3106505000DA8;FC081C55582CED11A62CD892C0003F2A;2025-05-17;-2.0;-30.82
1C2129BDF215EE11B1AD10650500B8EA;FC081C55582CED11A62CD892C0003F2A;2025-05-17;-2.0;-242.04
35052F43C8515E1142D58A650500BC08;FC081C55582CED11A62CD892C0003F2A;2025-05-17;-2.0;-2522.3
0A384A7B0321DE11ADB3106505003CB8;FC081C55582CED11A62CD892C0003F2A;2025-05-17;-2.0;-184.0
F51CA211FCC3FE1191EE10650500DEB9;FC081C55582CED11A62CD892C0003F2A;2025-05-17;-2.0;-309.12
F3ECEDF7568EFE11F1557891FE696589;FC081C55582CED11A62CD892C0003F2A;2025-05-17;-2.0;-40.0
2B7E3AF4877EFE11F1557891FE695589;FC081C55582CED11A62CD892C0003F2A;2025-05-17;-2.0;-1521.56
6CD9B58A69EF0E1143F0668E42007A39;FC081C55582CED11A62CD892C0003F2A;2025-05-17;-2.0;-292.56
75637597289E5E1142D58A6505004D08;FC081C55582CED11A62CD892C0003F2A;2025-05-17;-2.0;-2155.36
F0C57261E343FE1191EE106505001EB9;FC081C55582CED11A62CD892C0003F2A;2025-05-17;-2.0;-486.72
C0B0682B0464AE11726010650500635A;FC081C55582CED11A62CD892C0003F2A;2025-05-17;-2.0;-393.64
B9C99CE964DAED11A62CD892C0003F2A;FC081C55582CED11A62CD892C0003F2A;2025-05-17;-4.0;-3129.5
EE75824082CAED11A62CD892C0003F2A;FC081C55582CED11A62CD892C0003F2A;2025-05-17;-2.0;-177.48
214C4B77FAC1FE1191EE106505002CB9;FC081C55582CED11A62CD892C0003F2A;2025-05-17;-2.0;-520.06
5371B6E5F803CE118772106505008569;FC081C55582CED11A62CD892C0003F2A;2025-05-17;-6.0;-544.94
5773E0321577DE11C84610650500BF6A;FC081C55582CED11A62CD892C0003F2A;2025-05-17;-4.0;-110.56
17F06B1E1BD4DE11ADB31065050021C8;FC081C55582CED11A62CD892C0003F2A;2025-05-17;-2.0;-1067.78
F524D55F0C411E1143F0668E42008C3B;FC081C55582CED11A62CD892C0003F2A;2025-05-17;-2.0;-590.5
3BECE82A299DDE11406610650500B64A;FC081C55582CED11A62CD892C0003F2A;2025-05-17;-2.0;-382.08
CA88FE56FBDBBE118772106505006C59;FC081C55582CED11A62CD892C0003F2A;2025-05-17;-2.0;-345.68
E8715A45D03D7E110819BB65050039AA;FC081C55582CED11A62CD892C0003F2A;2025-05-17;-4.0;-45.18
2C559E165BE2BE11BE2110650500195A;FC081C55582CED11A62CD892C0003F2A;2025-05-17;-2.0;-211.56
35A13338D40B6E11B7B78A650500BC08;FC081C55582CED11A62CD892C0003F2A;2025-05-17;-2.0;-385.56
573484C872CAED11A62CD892C0003F2A;FC081C55582CED11A62CD892C0003F2A;2025-05-17;-2.0;-222.96
AE12452A3E263E11052F6792C000FF39;FC081C55582CED11A62CD892C0003F2A;2025-05-17;-4.0;-274.6
2105FD149B90AE117260106505009E4A;FC081C55582CED11A62CD892C0003F2A;2025-05-17;-2.0;-469.54
9687F7582642FE1191EE10650500CCB9;FC081C55582CED11A62CD892C0003F2A;2025-05-17;-2.0;-800.02
FFBE891274699E115250106505001A4A;FC081C55582CED11A62CD892C0003F2A;2025-05-17;-8.0;-118.46
BE80BFC40D8FCE11ADB310650500E9B8;FC081C55582CED11A62CD892C0003F2A;2025-05-17;-4.0;-346.4
C327785B64B0EE11406610650500CA4A;FC081C55582CED11A62CD892C0003F2A;2025-05-17;-2.0;-1093.56
4D61CD5CEB01FE1191EE106505003BB9;FC081C55582CED11A62CD892C0003F2A;2025-05-17;-2.0;-58.82
9497BF6A01CAED11A62CD892C0003F2A;FC081C55582CED11A62CD892C0003F2A;2025-05-17;-2.0;-609.0
D716F6038BFDBE118772106505001F59;FC081C55582CED11A62CD892C0003F2A;2025-05-17;-2.0;-647.34
FE0F84ACECDEBE118772106505003069;FC081C55582CED11A62CD892C0003F2A;2025-05-17;-2.0;-131.58
2295E6F99A2CBE11877210650500CC59;FC081C55582CED11A62CD892C0003F2A;2025-05-17;-6.0;-422.48
57B7CB71BCACEE1191EE1065050029B9;FC081C55582CED11A62CD892C0003F2A;2025-05-17;-2.0;-679.32
CA969FEB8396DE11ADB31065050053C8;FC081C55582CED11A62CD892C0003F2A;2025-05-17;-2.0;-1326.7
3E7842E6A642EE11406610650500DC4A;FC081C55582CED11A62CD892C0003F2A;2025-05-17;-2.0;-163.56
2CC504F625976E11B7B78A650500BC08;FC081C55582CED11A62CD892C0003F2A;2025-05-17;-2.0;-274.24
F8F302575EF3EE11B1AD1065050057EA;FC081C55582CED11A62CD892C0003F2A;2025-05-17;-2.0;-328.44
15517B5057AEEE1191EE1065050029B9;FC081C55582CED11A62CD892C0003F2A;2025-05-17;-12.0;-1083.58
8EEE216D9EC00E11A4A96492C0002019;FC081C55582CED11A62CD892C0003F2A;2025-05-17;-2.0;-718.06
4F6488E72EB91E1143F0668E42006B8B;FC081C55582CED11A62CD892C0003F2A;2025-05-17;-8.0;-263.2
CDAC33730A13EE11B1AD1065050036EA;FC081C55582CED11A62CD892C0003F2A;2025-05-17;-2.0;-1558.16
905002667E24DE11ADB31065050040C8;FC081C55582CED11A62CD892C0003F2A;2025-05-17;-6.0;-956.82
BBEBD6631B232E1143F0668E4200C71A;FC081C55582CED11A62CD892C0003F2A;2025-05-17;-2.0;-59.08
648AE34FE0CAED11A62CD892C0003F2A;FC081C55582CED11A62CD892C0003F2A;2025-05-17;-4.0;-900.0
048D1CCDE9E2FE1191EE10650500ADB9;FC081C55582CED11A62CD892C0003F2A;2025-05-17;-2.0;-67.22
AE02B76A049CDE11406610650500654A;FC081C55582CED11A62CD892C0003F2A;2025-05-17;-2.0;-355.06
B63A4B7B00A0CE118772106505007269;FC081C55582CED11A62CD892C0003F2A;2025-05-17;-4.0;-76.52
CB5AB005003C0E11A4A96492C0001269;FC081C55582CED11A62CD892C0003F2A;2025-05-17;-6.0;-808.02
39934F2383D0FD11A62CD892C000D159;FC081C55582CED11A62CD892C0003F2A;2025-05-17;-2.0;-99.82
1B2DDE346C1EEE1191EE1065050029B9;FC081C55582CED11A62CD892C0003F2A;2025-05-17;-4.0;-520.4200000000001
DF54EFCA1DB9FE11128010650500E819;FC081C55582CED11A62CD892C0003F2A;2025-05-17;-2.0;-76.0
D93AB3F5395EDE11406610650500C74A;FC081C55582CED11A62CD892C0003F2A;2025-05-17;-2.0;-504.38
2E6A3DD5D0371E1143F0668E42006B8B;FC081C55582CED11A62CD892C0003F2A;2025-05-17;-2.0;-222.94
864169C0D290BE11BE2110650500165A;FC081C55582CED11A62CD892C0003F2A;2025-05-17;-6.0;-553.44
F45F3CDCE1EDFE11F1557891FE699489;FC081C55582CED11A62CD892C0003F2A;2025-05-17;-2.0;-169.2
4616992BD0758E113835BB6505004EAA;FC081C55582CED11A62CD892C0003F2A;2025-05-17;-2.0;-496.42
292AEF8DC305DE11ADB31065050051C8;FC081C55582CED11A62CD892C0003F2A;2025-05-17;-2.0;-211.04
5C0F833929EEFE11F1557891FE69E589;FC081C55582CED11A62CD892C0003F2A;2025-05-17;-2.0;-125.74
E6B3A1FA3B01FE1191EE106505003BB9;FC081C55582CED11A62CD892C0003F2A;2025-05-17;-4.0;-606.58
A37E61050D3FFE11F1557891FE695689;FC081C55582CED11A62CD892C0003F2A;2025-05-17;-2.0;-3331.12
68A0794DCD1BFE11128010650500E819;FC081C55582CED11A62CD892C0003F2A;2025-05-17;-4.0;-1549.96
7ABC0D805026CE11ADB3106505008DA8;FC081C55582CED11A62CD892C0003F2A;2025-05-17;-2.0;-386.92
01E14C3D64A1BE11BE2110650500775A;FC081C55582CED11A62CD892C0003F2A;2025-05-17;-4.0;-168.52
3160794DCD1BFE11128010650500E819;FC081C55582CED11A62CD892C0003F2A;2025-05-17;-2.0;-498.58
60D87A94A25CCE11ADB31065050085B8;FC081C55582CED11A62CD892C0003F2A;2025-05-17;-2.0;-524.34
6F578A90C1CAED11A62CD892C0003F2A;FC081C55582CED11A62CD892C0003F2A;2025-05-17;-2.0;-160.3
0F25ED3582EE0E1123F0668E42005B38;FC081C55582CED11A62CD892C0003F2A;2025-05-17;-4.0;-197.46
A331461F94EAFD11A4A96492C0006F3B;FC081C55582CED11A62CD892C0003F2A;2025-05-17;-2.0;-338.56
FE26A0078F133E11052F6792C000CF39;FC081C55582CED11A62CD892C0003F2A;2025-05-17;-2.0;-220.4
FFC8E9A3C877DE11C84610650500BF6A;FC081C55582CED11A62CD892C0003F2A;2025-05-17;-12.0;-306.0
E5F3B15E67B9DE11406610650500914A;FC081C55582CED11A62CD892C0003F2A;2025-05-17;-4.0;-212.8
2F7DD0C86405EE11B1AD10650500A8EA;FC081C55582CED11A62CD892C0003F2A;2025-05-17;-4.0;-5183.48
41DF12DAD74BCE11ADB31065050014B8;FC081C55582CED11A62CD892C0003F2A;2025-05-17;-2.0;-1423.66
054A59F9F950EE114066106505005A4A;FC081C55582CED11A62CD892C0003F2A;2025-05-17;-6.0;-1094.86
EA8A21414653CE11877210650500E569;FC081C55582CED11A62CD892C0003F2A;2025-05-17;-2.0;-1160.0
3C12D899951AFE11128010650500E819;FC081C55582CED11A62CD892C0003F2A;2025-05-17;-6.0;-583.56
32822B3DEDFAFD11A4A96492C0006F3B;FC081C55582CED11A62CD892C0003F2A;2025-05-17;-6.0;-220.3
9C978DEAF50BAE11BE21106505000F4A;FC081C55582CED11A62CD892C0003F2A;2025-05-17;-2.0;-750.94
DBEE1B91FFBAED11A62CD892C0003F2A;FC081C55582CED11A62CD892C0003F2A;2025-05-17;-2.0;-443.74
993B2D59F7C7BE118772106505003759;FC081C55582CED11A62CD892C0003F2A;2025-05-17;-4.0;-364.78
6CB27C5DE879DE11406610650500414A;FC081C55582CED11A62CD892C0003F2A;2025-05-17;-2.0;-163.38
57E515C781CAED11A62CD892C0003F2A;FC081C55582CED11A62CD892C0003F2A;2025-05-17;-2.0;-48.12
A1BB321C575FFE11F1557891FE697689;B0BDDED34CC83E11052F6792C000B249;2025-05-17;-2.0;-96.6
97F998016ADDFD11A4A96492C0006D28;B0BDDED34CC83E11052F6792C000B249;2025-05-17;-4.0;-795.1800000000001
97CC8A62B257DE11C846106505008F6A;B0BDDED34CC83E11052F6792C000B249;2025-05-17;-2.0;-51.0
CA347896378B3E11052F6792C000D249;B0BDDED34CC83E11052F6792C000B249;2025-05-17;-2.0;-113.1
D78C963E01CAED11A62CD892C0003F2A;B0BDDED34CC83E11052F6792C000B249;2025-05-17;-2.0;-363.62
10E000CE02192E11052F6792C0007F39;B0BDDED34CC83E11052F6792C000B249;2025-05-17;-2.0;-381.42
4A61EDD6EE907E11B7B78A650500CD08;B0BDDED34CC83E11052F6792C000B249;2025-05-17;-2.0;-804.0
CF1DE08C639F9E117260106505004D4A;B0BDDED34CC83E11052F6792C000B249;2025-05-17;-16.0;-398.4
18EE1F869A278E11F243BB6505008C3B;B0BDDED34CC83E11052F6792C000B249;2025-05-17;-2.0;-84.12
C3CC756FD0C89E11525010650500394A;B0BDDED34CC83E11052F6792C000B249;2025-05-17;-10.0;-1105.5
746DC40BBE6DFE11F1557891FE690489;B0BDDED34CC83E11052F6792C000B249;2025-05-17;-12.0;-1021.44
1B6C8EB465E0EE114066106505000B4A;B0BDDED34CC83E11052F6792C000B249;2025-05-17;-2.0;-131.5
A82D1E8C65B4DE11ADB310650500F0C8;B0BDDED34CC83E11052F6792C000B249;2025-05-17;-4.0;-244.08
252DC40BBE6DFE11F1557891FE690489;B0BDDED34CC83E11052F6792C000B249;2025-05-17;-2.0;-212.8
470D0987256EEE1191EE1065050029B9;B0BDDED34CC83E11052F6792C000B249;2025-05-17;-2.0;-160.0
F7B9B031FF13CE11877210650500A569;B0BDDED34CC83E11052F6792C000B249;2025-05-17;-6.0;-274.24
13BB500B8FCA9E11525010650500EB4A;B0BDDED34CC83E11052F6792C000B249;2025-05-17;-6.0;-189.76
7C4219A7CF2FFE11F1557891FE694689;B0BDDED34CC83E11052F6792C000B249;2025-05-17;-4.0;-315.88
A04237A939C6DE11C84610650500DE6A;B0BDDED34CC83E11052F6792C000B249;2025-05-17;-6.0;-70.98
4D09AA3111CAED11A62CD892C0003F2A;B0BDDED34CC83E11052F6792C000B249;2025-05-17;-2.0;-532.86
2EFA4AF5C510CE11877210650500C169;B0BDDED34CC83E11052F6792C000B249;2025-05-17;-2.0;-141.26
5F84CC30B1A83E11052F6792C000B249;B0BDDED34CC83E11052F6792C000B249;2025-05-17;-4.0;-662.92
EE280D4ACE23FD110DC22A92C000C499;B0BDDED34CC83E11052F6792C000B249;2025-05-17;-4.0;-623.04
F5C36E0D7D79FE11128010650500E819;B0BDDED34CC83E11052F6792C000B249;2025-05-17;-8.0;-542.94
C845FD748C1DCE11ADB31065050096B8;B0BDDED34CC83E11052F6792C000B249;2025-05-17;-2.0;-440.76
CEF2622FF8C7FE1191EE1065050004C9;B0BDDED34CC83E11052F6792C000B249;2025-05-17;-4.0;-277.36
52BC0A2547FF4E1142D58A650500BC08;B0BDDED34CC83E11052F6792C000B249;2025-05-17;-22.0;-277.64
42CAA6DBE358FE11128010650500D819;B0BDDED34CC83E11052F6792C000B249;2025-05-17;-4.0;-237.86
5D7BC1B3A795DE11ADB31065050012C8;B0BDDED34CC83E11052F6792C000B249;2025-05-17;-2.0;-142.8
546C90B1AC338E117E64BB6505007BAA;B0BDDED34CC83E11052F6792C000B249;2025-05-17;-2.0;-299.3
EDD1574CE142DE11ADB310650500BDB8;B0BDDED34CC83E11052F6792C000B249;2025-05-17;-4.0;-144.2
ACBD467DE261AE117260106505009F4A;B0BDDED34CC83E11052F6792C000B249;2025-05-17;-6.0;-918.0
53093FC4BAF94E1142D58A6505009C08;B0BDDED34CC83E11052F6792C000B249;2025-05-17;-2.0;-239.84
F2008C972D9EFE11F1557891FE698589;B0BDDED34CC83E11052F6792C000B249;2025-05-17;-2.0;-188.8
9A3E2FFD81CAED11A62CD892C0003F2A;B0BDDED34CC83E11052F6792C000B249;2025-05-17;-2.0;-313.56
2E8D6BD16F4FBE11877210650500C069;B0BDDED34CC83E11052F6792C000B249;2025-05-17;-2.0;-73.92
49040B1157AEEE1191EE1065050029B9;B0BDDED34CC83E11052F6792C000B249;2025-05-17;-2.0;-153.26
8CDFB110EAD3FE1191EE10650500EEB9;B0BDDED34CC83E11052F6792C000B249;2025-05-17;-4.0;-380.0
D1EEEB7BF093FE1191EE106505008EB9;B0BDDED34CC83E11052F6792C000B249;2025-05-17;-4.0;-279.72
A2DD54E5D0CAED11A62CD892C0003F2A;B0BDDED34CC83E11052F6792C000B249;2025-05-17;-2.0;-327.26
D89F895C1A5FFE11F1557891FE697689;B0BDDED34CC83E11052F6792C000B249;2025-05-17;-2.0;-142.84
03EE1F4D1EE88E11F243BB650500CE3B;B0BDDED34CC83E11052F6792C000B249;2025-05-17;-2.0;-81.24
5E15F8F901CAED11A62CD892C0003F2A;B0BDDED34CC83E11052F6792C000B249;2025-05-17;-4.0;-613.2
31A2E5BB5BF5CE11ADB3106505007DA8;B0BDDED34CC83E11052F6792C000B249;2025-05-17;-2.0;-182.28
79C3EEBA85FEFE11F1557891FE69F589;B0BDDED34CC83E11052F6792C000B249;2025-05-17;-2.0;-226.72
A7D7BF3AF1429E115540106505005B3B;B0BDDED34CC83E11052F6792C000B249;2025-05-17;-2.0;-126.4
6B05BDD29C8DED11A62CD892C0003F2A;B0BDDED34CC83E11052F6792C000B249;2025-05-17;-2.0;-383.6
29B2F9E4F2E3DE11ADB310650500CFB8;B0BDDED34CC83E11052F6792C000B249;2025-05-17;-2.0;-248.8
90E9236D2640FE1191EE106505003AB9;B0BDDED34CC83E11052F6792C000B249;2025-05-17;-4.0;-80.0
77D88E73B19EBE11877210650500DF59;B0BDDED34CC83E11052F6792C000B249;2025-05-17;-12.0;-334.32000000000005
E03BEA817EC47E11B7B78A650500ED08;B0BDDED34CC83E11052F6792C000B249;2025-05-17;-2.0;-277.8
3BE578FF9E09BE11877210650500D859;B0BDDED34CC83E11052F6792C000B249;2025-05-17;-2.0;-1322.8
7B5179E3C8E5FE1191EE1065050091C9;B0BDDED34CC83E11052F6792C000B249;2025-05-17;-2.0;-135.22
5770FDD69E2AFE11128010650500E819;B0BDDED34CC83E11052F6792C000B249;2025-05-17;-2.0;-668.26
483D99A1C77CCE11ADB310650500B5B8;B0BDDED34CC83E11052F6792C000B249;2025-05-17;-6.0;-218.64
CE94264241CAED11A62CD892C0003F2A;B0BDDED34CC83E11052F6792C000B249;2025-05-17;-6.0;-923.12
58AC21A3A87CCE11ADB310650500B5B8;B0BDDED34CC83E11052F6792C000B249;2025-05-17;-2.0;-72.88
26004D8311CAED11A62CD892C0003F2A;B0BDDED34CC83E11052F6792C000B249;2025-05-17;-2.0;-825.16
B271725E6CE7CE11ADB3106505009FA8;B0BDDED34CC83E11052F6792C000B249;2025-05-17;-4.0;-208.88
39FED082E7A2DE11ADB3106505003EB8;B0BDDED34CC83E11052F6792C000B249;2025-05-17;-2.0;-51.26
AB4F278C0ADEAE11BE2110650500E35A;B0BDDED34CC83E11052F6792C000B249;2025-05-17;-12.0;-445.8
E02476B08092DE11ADB3106505001EB8;B0BDDED34CC83E11052F6792C000B249;2025-05-17;-2.0;-191.74
E77D6519E7E97E110819BB65050019AA;B0BDDED34CC83E11052F6792C000B249;2025-05-17;-2.0;-501.84
F3C2322FD924CE11877210650500F669;B0BDDED34CC83E11052F6792C000B249;2025-05-17;-2.0;-406.4
868714E9CC3FFE11F1557891FE695689;B0BDDED34CC83E11052F6792C000B249;2025-05-17;-4.0;-478.24
4666C20758E00F11112A674AC7E29889;B0BDDED34CC83E11052F6792C000B249;2025-05-17;-2.0;-4169.68
36AA1B6D2C7ABE11877210650500AA59;B0BDDED34CC83E11052F6792C000B249;2025-05-17;-10.0;-402.5
CD9C9EF6646C6E11B7B78A650500BC08;B0BDDED34CC83E11052F6792C000B249;2025-05-17;-4.0;-386.0
A2A3B3A4E0CAED11A62CD892C0003F2A;B0BDDED34CC83E11052F6792C000B249;2025-05-17;-2.0;-836.76
639B004DB9B8BE118772106505006859;B0BDDED34CC83E11052F6792C000B249;2025-05-17;-2.0;-633.76
7B0197A563DDFE11F1557891FE698489;B0BDDED34CC83E11052F6792C000B249;2025-05-17;-2.0;-680.04
DE965C97AEC1FD110DC22A92C0006778;B0BDDED34CC83E11052F6792C000B249;2025-05-17;-2.0;-190.46
F65BC1E1D0CAED11A62CD892C0003F2A;B0BDDED34CC83E11052F6792C000B249;2025-05-17;-2.0;-386.08
AFBC4A53D547EE1191EE10650500E6B9;B0BDDED34CC83E11052F6792C000B249;2025-05-17;-2.0;-57.8
D63C56E1AE0D7E110819BB65050039AA;B0BDDED34CC83E11052F6792C000B249;2025-05-17;-4.0;-48.42
D4B5B252EA244E1142D58A6505002C08;B0BDDED34CC83E11052F6792C000B249;2025-05-17;-2.0;-100.16
1385829A5C1BFE11128010650500E819;B0BDDED34CC83E11052F6792C000B249;2025-05-17;-6.0;-42.0
9C4FFDF7EB23FE1191EE10650500FDB9;B0BDDED34CC83E11052F6792C000B249;2025-05-17;-2.0;-216.74
D38267648D4EFE11F1557891FE692589;B0BDDED34CC83E11052F6792C000B249;2025-05-17;-2.0;-820.64
E1E2A38201CAED11A62CD892C0003F2A;B0BDDED34CC83E11052F6792C000B249;2025-05-17;-2.0;-72.48
0EAFE28FD0CAED11A62CD892C0003F2A;B0BDDED34CC83E11052F6792C000B249;2025-05-17;-2.0;-148.76
C8C6820BD72EFE11F1557891FE69F489;B0BDDED34CC83E11052F6792C000B249;2025-05-17;-2.0;-264.0
F9FFA903D6C1EE114066106505003C4A;B0BDDED34CC83E11052F6792C000B249;2025-05-17;-2.0;-4121.56
8922AE49F1521E1143F0668E42008C3B;B0BDDED34CC83E11052F6792C000B249;2025-05-17;-2.0;-416.64
920B7F2413001E1143F0668E42007A39;B0BDDED34CC83E11052F6792C000B249;2025-05-17;-2.0;-532.86
F57D70B168CBCE11ADB310650500B4B8;B0BDDED34CC83E11052F6792C000B249;2025-05-17;-2.0;-832.88
AC3645C8F407DE11C846106505002F6A;B0BDDED34CC83E11052F6792C000B249;2025-05-17;-4.0;-54.6
DBCC5B8FC5D1FE1191EE106505003CB9;B0BDDED34CC83E11052F6792C000B249;2025-05-17;-2.0;-198.0
2C0B62D573F7DE11C84610650500507A;B0BDDED34CC83E11052F6792C000B249;2025-05-17;-4.0;-242.52
A29C76A400CAED11A62CD892C0003F2A;B0BDDED34CC83E11052F6792C000B249;2025-05-17;-2.0;-320.5
C48BCC0A68138E110223BB6505005BAA;B0BDDED34CC83E11052F6792C000B249;2025-05-17;-2.0;-986.56
11E0D76E4644DE11ADB31065050060C8;B0BDDED34CC83E11052F6792C000B249;2025-05-17;-2.0;-320.2
EC10612044AE9E117260106505001C4A;B0BDDED34CC83E11052F6792C000B249;2025-05-17;-4.0;-585.56
169C943C1724FE1191EE106505004FB9;B0BDDED34CC83E11052F6792C000B249;2025-05-17;-2.0;-998.0
A72B321C575FFE11F1557891FE697689;B0BDDED34CC83E11052F6792C000B249;2025-05-17;-2.0;-159.6
A6004D8311CAED11A62CD892C0003F2A;B0BDDED34CC83E11052F6792C000B249;2025-05-17;-2.0;-980.0
396E744FAC58FE11128010650500D819;B0BDDED34CC83E11052F6792C000B249;2025-05-17;-4.0;-264.0
0E098DA186D46E11B7B78A650500BC08;B0BDDED34CC83E11052F6792C000B249;2025-05-17;-2.0;-430.86
A942E7FDF0CAED11A62CD892C0003F2A;B0BDDED34CC83E11052F6792C000B249;2025-05-17;-4.0;-559.52
E471E52632106E1142D58A650500AD08;B0BDDED34CC83E11052F6792C000B249;2025-05-17;-2.0;-184.36
8E87459A0AA07E11B7B78A650500CD08;B0BDDED34CC83E11052F6792C000B249;2025-05-17;-2.0;-342.9
767B49D1D1405E1142D58A650500BC08;B0BDDED34CC83E11052F6792C000B249;2025-05-17;-2.0;-762.84
2624D2CFBC7BDE11406610650500F34A;B0BDDED34CC83E11052F6792C000B249;2025-05-17;-2.0;-53.06
C759B6028D7DED11A62CD892C0003F2A;B0BDDED34CC83E11052F6792C000B249;2025-05-17;-2.0;-160.8
B1A302F8BFE34E1142D58A6505002C08;B0BDDED34CC83E11052F6792C000B249;2025-05-17;-2.0;-266.68
4A92CBDD2233DE11ADB310650500EEB8;B0BDDED34CC83E11052F6792C000B249;2025-05-17;-2.0;-296.24
CBC786987F8FCE11ADB310650500E9B8;B0BDDED34CC83E11052F6792C000B249;2025-05-17;-4.0;-307.32
5533473BAD2ECE11ADB31065050008B8;B0BDDED34CC83E11052F6792C000B249;2025-05-17;-6.0;-238.92
8E04E38B6E80FE1191EE106505009AB9;B0BDDED34CC83E11052F6792C000B249;2025-05-17;-2.0;-413.72
F3E0CA9FCE09BE11877210650500D859;B0BDDED34CC83E11052F6792C000B249;2025-05-17;-2.0;-296.46
94E8B989268EFE11F1557891FE696589;B0BDDED34CC83E11052F6792C000B249;2025-05-17;-2.0;-160.0
B9269CC2E09FCE11ADB310650500E9B8;B0BDDED34CC83E11052F6792C000B249;2025-05-17;-2.0;-34.8
A8CE8753F0CAED11A62CD892C0003F2A;B0BDDED34CC83E11052F6792C000B249;2025-05-17;-2.0;-150.04
FEC298C3F1B2CE118772106505001569;B0BDDED34CC83E11052F6792C000B249;2025-05-17;-2.0;-42.0
DD4EFCCBCE13FE1191EE10650500EDB9;B0BDDED34CC83E11052F6792C000B249;2025-05-17;-2.0;-534.02
24DBB1FD5DE0CE11877210650500D269;B0BDDED34CC83E11052F6792C000B249;2025-05-17;-2.0;-200.38
84FF41FB73C74E1142D58A6505002C08;FC081C55582CED11A62CD892C0003F2A;2025-05-17;-2.0;-290.0
E41E6DD06B8A7E110819BB65050039AA;44673735EAF46E11B7B78A650500BC08;2025-05-17;2.0;1231.04
48ACB6F790638E111E1BBB650500BBAA;44673735EAF46E11B7B78A650500BC08;2025-05-17;8.0;712.96
B8862A52516A6E11B7B78A650500BC08;44673735EAF46E11B7B78A650500BC08;2025-05-17;2.0;2098.0
E9C185AD1DC97E110819BB65050019AA;44673735EAF46E11B7B78A650500BC08;2025-05-17;-36.0;-2540.16
380654D6BCFA7E110819BB65050039AA;44673735EAF46E11B7B78A650500BC08;2025-05-17;-2.0;-624.26
65DC2D2D34937E11B7B78A650500DD08;44673735EAF46E11B7B78A650500BC08;2025-05-17;-4.0;-1368.56
6433DB5453E58E11F243BB650500DA3B;44673735EAF46E11B7B78A650500BC08;2025-05-17;-18.0;-265.82
63C0462596C0DE11ADB310650500ABB8;44673735EAF46E11B7B78A650500BC08;2025-05-17;-4.0;-400.0
C266E415AA79DE11406610650500414A;44673735EAF46E11B7B78A650500BC08;2025-05-17;-4.0;-674.0
110092A08D456E11B7B78A650500BC08;44673735EAF46E11B7B78A650500BC08;2025-05-17;-2.0;-177.6
A100A7C2B60A0E11A4A96492C0001269;44673735EAF46E11B7B78A650500BC08;2025-05-17;-4.0;-90.32
0D69708DB2065E1142D58A650500DC08;44673735EAF46E11B7B78A650500BC08;2025-05-17;-6.0;-711.04
2CE659B7AC456E11B7B78A650500BC08;44673735EAF46E11B7B78A650500BC08;2025-05-17;-8.0;-286.64
B0B500D55AE66E11B7B78A650500BC08;44673735EAF46E11B7B78A650500BC08;2025-05-17;-4.0;-120.8
F404885023DB8E11F243BB650500724B;44673735EAF46E11B7B78A650500BC08;2025-05-17;-6.0;-267.3
194F367EEB0AFE11128010650500E819;44673735EAF46E11B7B78A650500BC08;2025-05-17;-16.0;-204.8
F83BAD6D9E456E11B7B78A650500BC08;44673735EAF46E11B7B78A650500BC08;2025-05-17;-4.0;-84.44
7C93D7330D9F7E110819BB65050039AA;44673735EAF46E11B7B78A650500BC08;2025-05-17;-10.0;-343.5
14567A8F2E456E11B7B78A650500BC08;44673735EAF46E11B7B78A650500BC08;2025-05-17;-4.0;-1659.62
DEDE2EC5037BDE11406610650500E34A;44673735EAF46E11B7B78A650500BC08;2025-05-17;-4.0;-21.48
2562A2F5D1F17E11B7B78A650500CD08;44673735EAF46E11B7B78A650500BC08;2025-05-17;-2.0;-32.94
C8B4C08B04D2FE1191EE106505007DB9;44673735EAF46E11B7B78A650500BC08;2025-05-17;-4.0;-1496.84
34C2C0F280A49E115540106505006E3B;44673735EAF46E11B7B78A650500BC08;2025-05-17;-2.0;-723.8
F56376DDFD92FE1191EE106505003DB9;44673735EAF46E11B7B78A650500BC08;2025-05-17;-2.0;-859.22
0D7AC0D62DC0FE1191EE10650500EAB9;44673735EAF46E11B7B78A650500BC08;2025-05-17;-4.0;-540.68
1053C097DB41BE11BE2110650500075A;44673735EAF46E11B7B78A650500BC08;2025-05-17;-8.0;-416.48
A124E50E08449E11554010650500ED3B;44673735EAF46E11B7B78A650500BC08;2025-05-17;-12.0;-590.0
6FC4A6A8A9456E11B7B78A650500BC08;44673735EAF46E11B7B78A650500BC08;2025-05-17;-2.0;-39.32
C474163B30556E11B7B78A650500BC08;44673735EAF46E11B7B78A650500BC08;2025-05-17;-10.0;-904.9000000000001
FF87D3418C456E11B7B78A650500BC08;44673735EAF46E11B7B78A650500BC08;2025-05-17;-2.0;-308.34
01F5355649CF6E11B7B78A650500CD08;44673735EAF46E11B7B78A650500BC08;2025-05-17;-2.0;-300.0
07ABD151AEEDBE118772106505000F59;44673735EAF46E11B7B78A650500BC08;2025-05-17;-2.0;-74.38
62D988FE84F59E11554010650500204B;44673735EAF46E11B7B78A650500BC08;2025-05-17;-6.0;-657.3
43650D92F489DE11406610650500514A;44673735EAF46E11B7B78A650500BC08;2025-05-17;-6.0;-224.96
CB2A75B1821A8E11F243BB650500304B;44673735EAF46E11B7B78A650500BC08;2025-05-17;-8.0;-706.4
47C7703F6EEAAE11BE2110650500EE4A;44673735EAF46E11B7B78A650500BC08;2025-05-17;-12.0;-562.14
2AE5A0E434885E1142D58A650500DC08;44673735EAF46E11B7B78A650500BC08;2025-05-17;-2.0;-44.0
9D68FCBE5F2FAE11BE2110650500545A;44673735EAF46E11B7B78A650500BC08;2025-05-17;-4.0;-1508.0
DD1E79FF5A2A4E1142D58A6505009C08;44673735EAF46E11B7B78A650500BC08;2025-05-17;-2.0;-132.0
9EB47197179A7E110819BB65050039AA;44673735EAF46E11B7B78A650500BC08;2025-05-17;-60.0;-22500.0
C95954CF76018E110819BB65050039AA;44673735EAF46E11B7B78A650500BC08;2025-05-17;-8.0;-523.26
88463EB6CBA5FE1191EE1065050041C9;44673735EAF46E11B7B78A650500BC08;2025-05-17;-2.0;-526.0
2DD7C50AF502AE11726010650500605A;44673735EAF46E11B7B78A650500BC08;2025-05-17;-2.0;-207.24
ED782E50DBBE9E117260106505003C4A;44673735EAF46E11B7B78A650500BC08;2025-05-17;-2.0;-717.0
19FF4A7A9DB6EE1191EE1065050076B9;44673735EAF46E11B7B78A650500BC08;2025-05-17;-8.0;-480.0
7B848DB2E0DCDE11406610650500B54A;44673735EAF46E11B7B78A650500BC08;2025-05-17;-30.0;-3540.0
E45B781DC1D6FD110DC22A92C000D158;44673735EAF46E11B7B78A650500BC08;2025-05-17;-4.0;-396.48
567C8EE9F7BAFE11128010650500E819;44673735EAF46E11B7B78A650500BC08;2025-05-17;-4.0;-102.0
72AEB1B0C11A8E11F243BB650500304B;44673735EAF46E11B7B78A650500BC08;2025-05-17;-26.0;-428.21999999999997
9B291C76BBB1EE114066106505001C4A;44673735EAF46E11B7B78A650500BC08;2025-05-17;-4.0;-584.0
2F530208EC9F7E110819BB65050039AA;44673735EAF46E11B7B78A650500BC08;2025-05-17;-12.0;-236.64
9C500F5D4F456E11B7B78A650500BC08;44673735EAF46E11B7B78A650500BC08;2025-05-17;-4.0;-148.44
FEC19C7C3CDDAE11BE2110650500A25A;44673735EAF46E11B7B78A650500BC08;2025-05-17;-2.0;-112.26
E723688AFBA5FE1191EE1065050041C9;44673735EAF46E11B7B78A650500BC08;2025-05-17;-8.0;-1448.0
32DE63E0BB300F11F1557891FE699789;44673735EAF46E11B7B78A650500BC08;2025-05-17;-2.0;-212.02
AE791DC4C4B9BE11877210650500A959;44673735EAF46E11B7B78A650500BC08;2025-05-17;-2.0;-729.3
4DC54A9225B4DE11ADB310650500F0C8;44673735EAF46E11B7B78A650500BC08;2025-05-17;-8.0;-537.6
0D0589672C8EAE11BE2110650500835A;44673735EAF46E11B7B78A650500BC08;2025-05-17;-8.0;-1860.88
F5FE5C6F5E2EBE118772106505005F59;44673735EAF46E11B7B78A650500BC08;2025-05-17;-2.0;-273.96
E6E5E0944E456E11B7B78A650500BC08;44673735EAF46E11B7B78A650500BC08;2025-05-17;-16.0;-960.0
AF4CEB903C456E11B7B78A650500BC08;44673735EAF46E11B7B78A650500BC08;2025-05-17;-4.0;-1524.34
381225E676A1CE11877210650500C369;44673735EAF46E11B7B78A650500BC08;2025-05-17;-2.0;-789.98
2EBCEB5EE4549E11554010650500FD3B;44673735EAF46E11B7B78A650500BC08;2025-05-17;-4.0;-1240.0
09500B8A0FE4AE11726010650500145A;44673735EAF46E11B7B78A650500BC08;2025-05-17;-2.0;-159.42
2A16E1512D456E11B7B78A650500BC08;44673735EAF46E11B7B78A650500BC08;2025-05-17;-38.0;-5320.0
A510C67F46CCDE11406610650500A54A;44673735EAF46E11B7B78A650500BC08;2025-05-17;-6.0;-370.34000000000003
0EB827EB09378E11F243BB6505009C3B;44673735EAF46E11B7B78A650500BC08;2025-05-17;-2.0;-119.16
59CFC787787DAE11BE2110650500225A;44673735EAF46E11B7B78A650500BC08;2025-05-17;-2.0;-635.8
8A1117FDF9456E11B7B78A650500BC08;44673735EAF46E11B7B78A650500BC08;2025-05-17;-4.0;-186.12
57B47AB710556E11B7B78A650500BC08;44673735EAF46E11B7B78A650500BC08;2025-05-17;-2.0;-497.92
3AB2EB04AA4FFE11F1557891FE696689;44673735EAF46E11B7B78A650500BC08;2025-05-17;-2.0;-166.94
236B0A42721A8E11F243BB650500304B;44673735EAF46E11B7B78A650500BC08;2025-05-17;-8.0;-394.08
BA98531A3734DE11ADB31065050050C8;44673735EAF46E11B7B78A650500BC08;2025-05-17;-6.0;-893.8199999999999
6CE7CC45FE679E11554010650500024B;44673735EAF46E11B7B78A650500BC08;2025-05-17;-2.0;-280.0
FACFCF35D491DE11ADB310650500DCB8;44673735EAF46E11B7B78A650500BC08;2025-05-17;-4.0;-1316.0
A4F27D39B25F9E11726010650500FC4A;44673735EAF46E11B7B78A650500BC08;2025-05-17;-2.0;-1066.28
43DBF98D98F07E11B7B78A650500CD08;44673735EAF46E11B7B78A650500BC08;2025-05-17;-2.0;-365.78
EC01F9E635B4DE11ADB310650500F0C8;44673735EAF46E11B7B78A650500BC08;2025-05-17;-2.0;-218.66
955105F17696DE11ADB31065050053C8;44673735EAF46E11B7B78A650500BC08;2025-05-17;-4.0;-6136.24
2E70CF539C456E11B7B78A650500BC08;44673735EAF46E11B7B78A650500BC08;2025-05-17;-16.0;-3027.04
0D4A76D36D7DBE118772106505007E59;44673735EAF46E11B7B78A650500BC08;2025-05-17;-2.0;-146.0
B7FB9C94CC22AE11726010650500905A;44673735EAF46E11B7B78A650500BC08;2025-05-17;-4.0;-230.4
54384A7B0321DE11ADB3106505003CB8;44673735EAF46E11B7B78A650500BC08;2025-05-17;-4.0;-224.0
79100EB1E2447E11B7B78A650500ED08;44673735EAF46E11B7B78A650500BC08;2025-05-17;-2.0;-65.36
F43146ABAD769E11554010650500D04B;44673735EAF46E11B7B78A650500BC08;2025-05-17;-2.0;-606.94
7578BCAA811FCE11ADB31065050029B8;44673735EAF46E11B7B78A650500BC08;2025-05-17;-4.0;-1192.76
ACD9506B14BFBE118772106505004169;44673735EAF46E11B7B78A650500BC08;2025-05-17;-20.0;-3002.0
844000D3FBCEAE11BE2110650500D35A;44673735EAF46E11B7B78A650500BC08;2025-05-17;-2.0;-84.0
3AFE6DB100E9DE11406610650500C14A;44673735EAF46E11B7B78A650500BC08;2025-05-17;-2.0;-187.08
66DBD7ABBDDAFE11128010650500E819;44673735EAF46E11B7B78A650500BC08;2025-05-17;-2.0;-520.26
A8C24747CD456E11B7B78A650500BC08;44673735EAF46E11B7B78A650500BC08;2025-05-17;-4.0;-4626.4
63B716D859B1EE114066106505001C4A;44673735EAF46E11B7B78A650500BC08;2025-05-17;-4.0;-69.14
06DC22CCF9456E11B7B78A650500BC08;44673735EAF46E11B7B78A650500BC08;2025-05-17;-2.0;-72.32
8C5231F8D0A49E115540106505006E3B;44673735EAF46E11B7B78A650500BC08;2025-05-17;-2.0;-3728.66
0D51D0DC07759E115540106505008F3B;44673735EAF46E11B7B78A650500BC08;2025-05-17;-4.0;-223.06
2A27DB9F4D456E11B7B78A650500BC08;44673735EAF46E11B7B78A650500BC08;2025-05-17;-10.0;-315.3
05AFB34C6628CE11ADB310650500EFA8;44673735EAF46E11B7B78A650500BC08;2025-05-17;-6.0;-801.0
EE990BED90CAED11A62CD892C0003F2A;44673735EAF46E11B7B78A650500BC08;2025-05-17;-2.0;-360.0
8260A9054C456E11B7B78A650500BC08;44673735EAF46E11B7B78A650500BC08;2025-05-17;-2.0;-508.32
94303E5412EC6E11B7B78A650500BC08;44673735EAF46E11B7B78A650500BC08;2025-05-17;-2.0;-166.84
A2B03EA650420F114EF7A826072B5A89;44673735EAF46E11B7B78A650500BC08;2025-05-17;-2.0;-34.56
7590B1D13DF2FD110DC22A92C000C499;44673735EAF46E11B7B78A650500BC08;2025-05-17;-2.0;-204.34
507A56559C456E11B7B78A650500BC08;44673735EAF46E11B7B78A650500BC08;2025-05-17;-4.0;-1570.8
D3A9A415F9D2DE11ADB3106505007EB8;44673735EAF46E11B7B78A650500BC08;2025-05-17;-12.0;-264.0
22D5111A0D9F7E110819BB65050039AA;44673735EAF46E11B7B78A650500BC08;2025-05-17;-2.0;-63.34
0BCABC38AA517E11B7B78A650500CD08;44673735EAF46E11B7B78A650500BC08;2025-05-17;-2.0;-858.82
AEC85311C11A8E11F243BB650500304B;44673735EAF46E11B7B78A650500BC08;2025-05-17;-2.0;-42.12
6D8CF45E31C7DE11C84610650500107A;44673735EAF46E11B7B78A650500BC08;2025-05-17;-4.0;-46.72
CAECB213E13DBE118772106505001E59;44673735EAF46E11B7B78A650500BC08;2025-05-17;-2.0;-874.68
9400099B5BAF7E110819BB65050039AA;44673735EAF46E11B7B78A650500BC08;2025-05-17;-2.0;-419.34
1D05A256CC456E11B7B78A650500BC08;44673735EAF46E11B7B78A650500BC08;2025-05-17;-2.0;-644.92
87B995D2BC1EFE11F1557891FE69E489;44673735EAF46E11B7B78A650500BC08;2025-05-17;-2.0;-179.0
99375A67B5EEAE11BE2110650500F35A;44673735EAF46E11B7B78A650500BC08;2025-05-17;-24.0;-1440.0
C88BE0D1490FEE1191EE1065050029B9;44673735EAF46E11B7B78A650500BC08;2025-05-17;-24.0;-115.22
B1DBF98D98F07E11B7B78A650500CD08;44673735EAF46E11B7B78A650500BC08;2025-05-17;-4.0;-734.2
BFDF3DC9CC3FFE11F1557891FE695689;44673735EAF46E11B7B78A650500BC08;2025-05-17;-2.0;-72.5
11CB4FFDD6568E11F243BB6505007B3B;44673735EAF46E11B7B78A650500BC08;2025-05-17;-4.0;-197.8
1B8D326ED6568E11F243BB6505007B3B;44673735EAF46E11B7B78A650500BC08;2025-05-17;-2.0;-122.16
FAB5599185ECBE11877210650500BD59;44673735EAF46E11B7B78A650500BC08;2025-05-17;-2.0;-192.94
BC9713AB0D456E11B7B78A650500BC08;44673735EAF46E11B7B78A650500BC08;2025-05-17;-2.0;-5175.92
B8E48ABDB1A08E110819BB65050039AA;44673735EAF46E11B7B78A650500BC08;2025-05-17;-2.0;-125.24
E0EC19A83915CE11ADB3106505000DA8;44673735EAF46E11B7B78A650500BC08;2025-05-17;-6.0;-1742.22
73D1DEFE4B1C6E11B7B78A650500BC08;44673735EAF46E11B7B78A650500BC08;2025-05-17;-2.0;-294.56
D88F65B12D456E11B7B78A650500BC08;44673735EAF46E11B7B78A650500BC08;2025-05-17;-20.0;-440.0
6C0731BB9505FE1191EE1065050070C9;44673735EAF46E11B7B78A650500BC08;2025-05-17;-2.0;-277.22
F1C6C6DB07456E11B7B78A650500BC08;44673735EAF46E11B7B78A650500BC08;2025-05-17;-2.0;-139.38
7A0F7C972D9EFE11F1557891FE698589;44673735EAF46E11B7B78A650500BC08;2025-05-17;-4.0;-228.08
B9DBC298DEE4AE11726010650500145A;FC081C55582CED11A62CD892C0003F2A;2025-05-17;-2.0;-25.74
91971FC73466DE11ADB31065050013C8;FC081C55582CED11A62CD892C0003F2A;2025-05-17;-4.0;-766.4
BF9C6C2CFE163E11052F6792C000FF39;FC081C55582CED11A62CD892C0003F2A;2025-05-17;-2.0;-125.68
E821C334D023CE11877210650500A569;FC081C55582CED11A62CD892C0003F2A;2025-05-17;-12.0;-400.92
153C92E17C79EE1191EE1065050009B9;FC081C55582CED11A62CD892C0003F2A;2025-05-17;-2.0;-385.12
46CFA3470C7DFE1158A3BB3DBE8E1489;FC081C55582CED11A62CD892C0003F2A;2025-05-17;-2.0;-41.0
6D929C5D463CBE11877210650500DC59;FC081C55582CED11A62CD892C0003F2A;2025-05-17;-2.0;-310.54
9E6FC53FD4CAFE11128010650500E819;FC081C55582CED11A62CD892C0003F2A;2025-05-17;-2.0;-1022.98
7A4CA41DA1189E11554010650500D24B;FC081C55582CED11A62CD892C0003F2A;2025-05-17;-4.0;-783.4
DD7A82503AC0DE11ADB310650500ABB8;FC081C55582CED11A62CD892C0003F2A;2025-05-17;-6.0;-235.35999999999996
6FA86E4A43E3DE11ADB310650500CFB8;FC081C55582CED11A62CD892C0003F2A;2025-05-17;-10.0;-852.6
043077E71C2EFE11F1557891FE69F489;FC081C55582CED11A62CD892C0003F2A;2025-05-17;-2.0;-132.0
921C253530CAED11A62CD892C0003F2A;FC081C55582CED11A62CD892C0003F2A;2025-05-17;-2.0;-38.4
BEFDE146C654EE11B1AD10650500C7EA;FC081C55582CED11A62CD892C0003F2A;2025-05-17;-4.0;-1334.08
F2008C972D9EFE11F1557891FE698589;FC081C55582CED11A62CD892C0003F2A;2025-05-17;-4.0;-377.6
1B65084853D9EE1191EE1065050009B9;FC081C55582CED11A62CD892C0003F2A;2025-05-17;-10.0;-711.68
7B060C3B1A7CDE11406610650500454A;FC081C55582CED11A62CD892C0003F2A;2025-05-17;-2.0;-672.6
748F73B62056BE118772106505005559;FC081C55582CED11A62CD892C0003F2A;2025-05-17;-18.0;-2454.84
B52D66E758F1EE114066106505007C4A;FC081C55582CED11A62CD892C0003F2A;2025-05-17;-2.0;-71.34
5A3D8D0DD811FE1191EE106505004BB9;FC081C55582CED11A62CD892C0003F2A;2025-05-17;-2.0;-362.0
6C2094EBBD1EFE11F1557891FE69E489;FC081C55582CED11A62CD892C0003F2A;2025-05-17;-4.0;-173.52
E554D59AEAB4EE11B1AD1065050048EA;FC081C55582CED11A62CD892C0003F2A;2025-05-17;-2.0;-78.78
02009DCE9A827E11B7B78A650500DD08;FC081C55582CED11A62CD892C0003F2A;2025-05-17;-2.0;-149.08
41A7D09100E7EE1191EE10650500A7B9;FC081C55582CED11A62CD892C0003F2A;2025-05-17;-2.0;-17.72
0457695CA7600E11A4A96492C0002019;FC081C55582CED11A62CD892C0003F2A;2025-05-17;-2.0;-192.66
759E41C87EB9BE11877210650500B959;FC081C55582CED11A62CD892C0003F2A;2025-05-17;-8.0;-898.14
690D640201CAED11A62CD892C0003F2A;FC081C55582CED11A62CD892C0003F2A;2025-05-17;-6.0;-197.60000000000002
BE4EAE8BF0CAED11A62CD892C0003F2A;FC081C55582CED11A62CD892C0003F2A;2025-05-17;-4.0;-562.76
6F65901085B59E11554010650500DF3B;FC081C55582CED11A62CD892C0003F2A;2025-05-17;-2.0;-322.3
F8FA2389AB08DE11C84610650500707A;FC081C55582CED11A62CD892C0003F2A;2025-05-17;-2.0;-4088.86
D8EF29E7178F0E1123F0668E42005B38;FC081C55582CED11A62CD892C0003F2A;2025-05-17;-2.0;-255.32
E5840CD981FA8E11F243BB650500514B;FC081C55582CED11A62CD892C0003F2A;2025-05-17;-2.0;-270.0
E220DFA7B39BBE118772106505000C59;FC081C55582CED11A62CD892C0003F2A;2025-05-17;-2.0;-168.18
9F9EF1653FE58E11F243BB650500EA3B;FC081C55582CED11A62CD892C0003F2A;2025-05-17;-2.0;-101.06
8ED078668B50EE114066106505005A4A;FC081C55582CED11A62CD892C0003F2A;2025-05-17;-6.0;-207.04
5595F8773BADEE1191EE1065050029B9;FC081C55582CED11A62CD892C0003F2A;2025-05-17;-2.0;-229.2
042A843DFDBEEE1191EE1065050029B9;FC081C55582CED11A62CD892C0003F2A;2025-05-17;-2.0;-252.82
0A282CFF889D7E110819BB65050039AA;FC081C55582CED11A62CD892C0003F2A;2025-05-17;-6.0;-331.5
0D0E0F4CEC30DE11ADB310650500EAB8;FC081C55582CED11A62CD892C0003F2A;2025-05-17;-2.0;-222.0
4B58DBE1689D7E110819BB65050039AA;FC081C55582CED11A62CD892C0003F2A;2025-05-17;-4.0;-232.96
1B69282154D67E11B7B78A650500ED08;FC081C55582CED11A62CD892C0003F2A;2025-05-17;-2.0;-40.16
F9A1D2CACCA3DE11ADB3106505008FB8;FC081C55582CED11A62CD892C0003F2A;2025-05-17;-2.0;-66.58
C1AAD9988A0ABE118772106505001A59;FC081C55582CED11A62CD892C0003F2A;2025-05-17;-2.0;-354.0
A3FD472C9462CE11877210650500B469;FC081C55582CED11A62CD892C0003F2A;2025-05-17;-4.0;-476.0
E41EECD29813EE11B1AD1065050036EA;FC081C55582CED11A62CD892C0003F2A;2025-05-17;-2.0;-92.4
6DE9036DC691FE1191EE10650500EBB9;FC081C55582CED11A62CD892C0003F2A;2025-05-17;-4.0;-72.66
4FE941A11EAFFE11F1557891FE69E689;FC081C55582CED11A62CD892C0003F2A;2025-05-17;-4.0;-77.92
4CD1DC3303096E11B7B78A650500BC08;FC081C55582CED11A62CD892C0003F2A;2025-05-17;-4.0;-21.38
E27D36D5E5EB5E1142D58A6505000D08;FC081C55582CED11A62CD892C0003F2A;2025-05-17;-2.0;-46.08
77218FBB3FE58E11F243BB650500EA3B;FC081C55582CED11A62CD892C0003F2A;2025-05-17;-2.0;-114.02
BCA9CF4E6BBD3E11052F6792C000D249;FC081C55582CED11A62CD892C0003F2A;2025-05-17;-6.0;-90.44
EACA26C1DCC2DE11ADB3106505006EB8;FC081C55582CED11A62CD892C0003F2A;2025-05-17;-2.0;-36.54
08C1CF1F1003DE11ADB310650500AEB8;FC081C55582CED11A62CD892C0003F2A;2025-05-17;-4.0;-23.3
A66DD7D844D67E11B7B78A650500ED08;FC081C55582CED11A62CD892C0003F2A;2025-05-17;-4.0;-164.5
D8D3FA593430EE114066106505002A4A;FC081C55582CED11A62CD892C0003F2A;2025-05-17;-8.0;-213.4
47125DEAC3D67E11B7B78A650500ED08;FC081C55582CED11A62CD892C0003F2A;2025-05-17;-4.0;-110.2
897E6E9F7BB1EE114066106505001C4A;FC081C55582CED11A62CD892C0003F2A;2025-05-17;-2.0;-99.1
388539FB0564AE11726010650500635A;FC081C55582CED11A62CD892C0003F2A;2025-05-17;-6.0;-1714.62
4E79DB5207F48E113835BB650500ADAA;FC081C55582CED11A62CD892C0003F2A;2025-05-17;-2.0;-392.1
92C8BD650EADAE11BE2110650500625A;FC081C55582CED11A62CD892C0003F2A;2025-05-17;-12.0;-1824.48
4D8B4708F74FDE11406610650500F84A;FC081C55582CED11A62CD892C0003F2A;2025-05-17;-2.0;-339.26
DDA0BB5F01CAED11A62CD892C0003F2A;FC081C55582CED11A62CD892C0003F2A;2025-05-17;-8.0;-560.0
4DD683E0BDDFDE11406610650500B94A;FC081C55582CED11A62CD892C0003F2A;2025-05-17;-2.0;-203.88
A0DFA5B920842E1143F0668E420006EB;FC081C55582CED11A62CD892C0003F2A;2025-05-17;-2.0;-276.98
531F756AFB8BDE11406610650500044A;FC081C55582CED11A62CD892C0003F2A;2025-05-17;-4.0;-292.08
183B302B9D0BDE11406610650500534A;FC081C55582CED11A62CD892C0003F2A;2025-05-17;-18.0;-601.38
3696E4E360FBEE1191EE1065050029B9;FC081C55582CED11A62CD892C0003F2A;2025-05-17;-2.0;-385.0
60FC77918754EE11B1AD10650500C7EA;FC081C55582CED11A62CD892C0003F2A;2025-05-17;-2.0;-904.34
C3C3F6D360FBEE1191EE1065050029B9;FC081C55582CED11A62CD892C0003F2A;2025-05-17;-2.0;-381.52
A996E008BC64EE11B1AD10650500E7EA;FC081C55582CED11A62CD892C0003F2A;2025-05-17;-2.0;-3200.0
7CE2E09D9D0CFE111280106505000919;FC081C55582CED11A62CD892C0003F2A;2025-05-17;-4.0;-960.22
F7A4FCE301CAED11A62CD892C0003F2A;FC081C55582CED11A62CD892C0003F2A;2025-05-17;-6.0;-580.94
8A84729998D58E11F243BB650500CA3B;FC081C55582CED11A62CD892C0003F2A;2025-05-17;-20.0;-1900.8000000000002
D344D13BB7EA0E11A4A96492C0001269;FC081C55582CED11A62CD892C0003F2A;2025-05-17;-2.0;-373.6
B0C9F0AEC6E28E113835BB6505002BAA;FC081C55582CED11A62CD892C0003F2A;2025-05-17;-2.0;-625.92
10F32E312D42FD110DC22A92C0006778;FC081C55582CED11A62CD892C0003F2A;2025-05-17;-2.0;-69.88
FBEC5801541AFE11128010650500E819;FC081C55582CED11A62CD892C0003F2A;2025-05-17;-2.0;-256.04
C7A40D625E7B9E11525010650500CC4A;FC081C55582CED11A62CD892C0003F2A;2025-05-17;-2.0;-179.62
6BD62E9560A3DE11ADB3106505007FB8;FC081C55582CED11A62CD892C0003F2A;2025-05-17;-2.0;-528.64
8C0868CF6D6F5E1142D58A6505008D08;FC081C55582CED11A62CD892C0003F2A;2025-05-17;-4.0;-437.72
5160F8A892676E11B7B78A650500BC08;FC081C55582CED11A62CD892C0003F2A;2025-05-17;-2.0;-2157.72
6DAB0F43D0CAED11A62CD892C0003F2A;FC081C55582CED11A62CD892C0003F2A;2025-05-17;-4.0;-325.88
79C67A9CC0CAED11A62CD892C0003F2A;FC081C55582CED11A62CD892C0003F2A;2025-05-17;-2.0;-132.84
E81B233495378E11F243BB6505009C3B;FC081C55582CED11A62CD892C0003F2A;2025-05-17;-2.0;-228.56
E66C3997B34C2E11052F6792C000CF39;FC081C55582CED11A62CD892C0003F2A;2025-05-17;-4.0;-569.5799999999999
A6E13F415EE2BE11BE2110650500195A;FC081C55582CED11A62CD892C0003F2A;2025-05-17;-2.0;-367.36
3B7A821ED817FE1191EE1065050023C9;FC081C55582CED11A62CD892C0003F2A;2025-05-17;-4.0;-413.3
2CF06EF5980D1E1143F0668E4200502B;FC081C55582CED11A62CD892C0003F2A;2025-05-17;-2.0;-401.52
ECDB7B6D389E5E1142D58A6505004D08;FC081C55582CED11A62CD892C0003F2A;2025-05-17;-2.0;-349.56
13487A350DDDFE11F1557891FE699489;FC081C55582CED11A62CD892C0003F2A;2025-05-17;-2.0;-827.22
017F72C2C74BCE11ADB31065050014B8;FC081C55582CED11A62CD892C0003F2A;2025-05-17;-2.0;-729.56
3EFD082CB3DFEE1191EE10650500A9B9;FC081C55582CED11A62CD892C0003F2A;2025-05-17;-2.0;-240.14
D8E9364B491A6E11B7B78A650500BC08;FC081C55582CED11A62CD892C0003F2A;2025-05-17;-2.0;-197.9
4E24B9BCAD7ABE11877210650500AA59;FC081C55582CED11A62CD892C0003F2A;2025-05-17;-2.0;-489.38
06587A2041CAED11A62CD892C0003F2A;FC081C55582CED11A62CD892C0003F2A;2025-05-17;-2.0;-422.56
C5DCAB1D719EBE11877210650500DF59;FC081C55582CED11A62CD892C0003F2A;2025-05-17;-10.0;-278.6
A7630D3A68E5FE1191EE1065050091C9;FC081C55582CED11A62CD892C0003F2A;2025-05-17;-2.0;-215.78
7A1111598A692E11052F6792C0007F39;FC081C55582CED11A62CD892C0003F2A;2025-05-17;-2.0;-35.52
E53B0BAD6AEC0E11A4A96492C0001269;FC081C55582CED11A62CD892C0003F2A;2025-05-17;-2.0;-173.84
AEDC4EE7A0CAED11A62CD892C0003F2A;FC081C55582CED11A62CD892C0003F2A;2025-05-17;-12.0;-1104.54
7D599BA3A86CCE11ADB310650500A5B8;FC081C55582CED11A62CD892C0003F2A;2025-05-17;-8.0;-2168.88
91E1783608385E1142D58A650500DC08;FC081C55582CED11A62CD892C0003F2A;2025-05-17;-2.0;-470.8
8B3F09F52034EE11B1AD1065050097EA;FC081C55582CED11A62CD892C0003F2A;2025-05-17;-2.0;-1749.46
510EB5DBC2DF4E1142D58A650500BC08;FC081C55582CED11A62CD892C0003F2A;2025-05-17;-2.0;-206.44
668904ECAD62FE1191EE10650500FCB9;FC081C55582CED11A62CD892C0003F2A;2025-05-17;-4.0;-406.84
8D988563B0566E11B7B78A650500BC08;FC081C55582CED11A62CD892C0003F2A;2025-05-17;-2.0;-449.56
56FEB1E73B34DE11ADB31065050050C8;FC081C55582CED11A62CD892C0003F2A;2025-05-17;-4.0;-1906.54
48BA790A8616CE11ADB3106505007DA8;FC081C55582CED11A62CD892C0003F2A;2025-05-17;-2.0;-221.42
33384E3C6709CE11ADB31065050011B8;FC081C55582CED11A62CD892C0003F2A;2025-05-17;-4.0;-158.06
70FE3058512ECE11ADB310650500F7B8;FC081C55582CED11A62CD892C0003F2A;2025-05-17;-8.0;-587.38
C43313B63DBBEE1191EE1065050029B9;FC081C55582CED11A62CD892C0003F2A;2025-05-17;-2.0;-820.8
D824051B94AE0E1143F0668E42001D49;FC081C55582CED11A62CD892C0003F2A;2025-05-17;-2.0;-50.6
5C63DD9371491E1143F0668E42006B8B;FC081C55582CED11A62CD892C0003F2A;2025-05-17;-26.0;-3117.4000000000005
A151CD5CEB01FE1191EE106505003BB9;FC081C55582CED11A62CD892C0003F2A;2025-05-17;-2.0;-66.9
724D88DDE0148E113835BB6505008CAA;FC081C55582CED11A62CD892C0003F2A;2025-05-17;-4.0;-889.48
766DD67A79099E11525010650500994A;FC081C55582CED11A62CD892C0003F2A;2025-05-17;-2.0;-550.94
BF8681E8849ABE11877210650500CA59;FC081C55582CED11A62CD892C0003F2A;2025-05-17;-2.0;-1272.7
27D056C871EB4E1142D58A6505009C08;FC081C55582CED11A62CD892C0003F2A;2025-05-17;-4.0;-629.36
8B5CE4845342EE11406610650500DC4A;FC081C55582CED11A62CD892C0003F2A;2025-05-17;-2.0;-247.04
DF1C7FA49A72FE1191EE106505000DB9;FC081C55582CED11A62CD892C0003F2A;2025-05-17;-2.0;-345.5
AFF0C7FFF0CAED11A62CD892C0003F2A;FC081C55582CED11A62CD892C0003F2A;2025-05-17;-2.0;-327.5
E03BEA817EC47E11B7B78A650500ED08;FC081C55582CED11A62CD892C0003F2A;2025-05-17;-2.0;-277.86
506B091E4DA1EE114066106505000C4A;FC081C55582CED11A62CD892C0003F2A;2025-05-17;-2.0;-1382.0
1B4F278C0ADEAE11BE2110650500E35A;FC081C55582CED11A62CD892C0003F2A;2025-05-17;-2.0;-59.44
38904898B8CFEE1191EE1065050099B9;FC081C55582CED11A62CD892C0003F2A;2025-05-17;-4.0;-1888.54
792A88EF81CAED11A62CD892C0003F2A;FC081C55582CED11A62CD892C0003F2A;2025-05-17;-2.0;-62.0
AFE6E222845FDE11406610650500094A;FC081C55582CED11A62CD892C0003F2A;2025-05-17;-2.0;-342.1
2EE711AABB427E11B7B78A650500CD08;FC081C55582CED11A62CD892C0003F2A;2025-05-17;-2.0;-574.9
CA1607D1D8B63E11052F6792C000FF39;FC081C55582CED11A62CD892C0003F2A;2025-05-17;-2.0;-438.72
C55AC83F914E0E1143F0668E42001D49;FC081C55582CED11A62CD892C0003F2A;2025-05-17;-2.0;-442.58
DD048979F7BAFE11128010650500E819;FC081C55582CED11A62CD892C0003F2A;2025-05-17;-2.0;-102.0
A0598C3B7F54DE11ADB31065050080C8;FC081C55582CED11A62CD892C0003F2A;2025-05-17;-2.0;-167.92
EEF6B9DA12238E117E64BB6505005BAA;FC081C55582CED11A62CD892C0003F2A;2025-05-17;-4.0;-166.0
344D86E7B1BBEE1191EE1065050029B9;FC081C55582CED11A62CD892C0003F2A;2025-05-17;-2.0;-134.46
A3D1872AE02FEE1191EE1065050029B9;FC081C55582CED11A62CD892C0003F2A;2025-05-17;-2.0;-669.7
E7E624E8CC8EFE11F1557891FE697589;FC081C55582CED11A62CD892C0003F2A;2025-05-17;-2.0;-130.0
7C3E94EA6DE1FE1191EE106505005CB9;FC081C55582CED11A62CD892C0003F2A;2025-05-17;-2.0;-425.26
B5B512A8DC2ECE11ADB31065050008B8;FC081C55582CED11A62CD892C0003F2A;2025-05-17;-2.0;-318.12
A62845952442DE11ADB310650500BDB8;FC081C55582CED11A62CD892C0003F2A;2025-05-17;-8.0;-447.2
25CE84EBBD1EFE11F1557891FE69E489;FC081C55582CED11A62CD892C0003F2A;2025-05-17;-2.0;-132.0
0DED5A06D343FE1191EE106505001EB9;FC081C55582CED11A62CD892C0003F2A;2025-05-17;-2.0;-393.14
A6E1A8E56E56BE118772106505006559;FC081C55582CED11A62CD892C0003F2A;2025-05-17;-2.0;-185.66
535C38ACF77CCE11ADB310650500B5B8;FC081C55582CED11A62CD892C0003F2A;2025-05-17;-2.0;-72.88
C9728A45F8236E11B7B78A6505003C08;FC081C55582CED11A62CD892C0003F2A;2025-05-17;-2.0;-759.96
D33B9AD078D5EE1191EE1065050065B9;FC081C55582CED11A62CD892C0003F2A;2025-05-17;-2.0;-146.32
973F37C608138E110223BB6505005BAA;FC081C55582CED11A62CD892C0003F2A;2025-05-17;-2.0;-250.0
765A8DC2DF09FE11128010650500E819;FC081C55582CED11A62CD892C0003F2A;2025-05-17;-2.0;-787.3
EBD25A6E878E8E11F243BB650500764B;FC081C55582CED11A62CD892C0003F2A;2025-05-17;-2.0;-188.68
28CB4EBF8E13FE1191EE10650500EDB9;FC081C55582CED11A62CD892C0003F2A;2025-05-17;-2.0;-56.0
9E15F8F901CAED11A62CD892C0003F2A;FC081C55582CED11A62CD892C0003F2A;2025-05-17;-4.0;-612.98
DCB8FABB64B0EE11406610650500CA4A;FC081C55582CED11A62CD892C0003F2A;2025-05-17;-2.0;-462.66
CB2724E8CC8EFE11F1557891FE697589;FC081C55582CED11A62CD892C0003F2A;2025-05-17;-2.0;-130.0
6BC2A37C1A5FFE11F1557891FE697689;FC081C55582CED11A62CD892C0003F2A;2025-05-17;-2.0;-112.18
DBD7C1E431010F11112A674AC7E2B889;FC081C55582CED11A62CD892C0003F2A;2025-05-17;-2.0;-310.82
81B9374B2361AE117260106505009F4A;FC081C55582CED11A62CD892C0003F2A;2025-05-17;-2.0;-744.44
9E3CA7158A278E11F243BB6505008C3B;FC081C55582CED11A62CD892C0003F2A;2025-05-17;-2.0;-94.74
56D90ECE1DA15E1142D58A650500BC08;FC081C55582CED11A62CD892C0003F2A;2025-05-17;-2.0;-600.22
9E9A78B86C10FE1191EE106505000AB9;FC081C55582CED11A62CD892C0003F2A;2025-05-17;-2.0;-2249.44
D249D19A716A0E11A4A96492C0001269;FC081C55582CED11A62CD892C0003F2A;2025-05-17;-2.0;-295.54
98C9CF7E10439E115540106505009C3B;FC081C55582CED11A62CD892C0003F2A;2025-05-17;-2.0;-189.7
9492D0A83394DE11ADB310650500C0C8;FC081C55582CED11A62CD892C0003F2A;2025-05-17;-2.0;-416.64
3DD928528754EE11B1AD10650500C7EA;FC081C55582CED11A62CD892C0003F2A;2025-05-17;-2.0;-245.5
D5AA5EC1BD010F11112A674AC7E2C889;FC081C55582CED11A62CD892C0003F2A;2025-05-17;-2.0;-419.4
0799396DD0F6EE1191EE1065050096B9;FC081C55582CED11A62CD892C0003F2A;2025-05-17;-2.0;-370.0
795627ADC0CAED11A62CD892C0003F2A;FC081C55582CED11A62CD892C0003F2A;2025-05-17;-2.0;-445.04
0E05D556E40B6E11B7B78A650500BC08;FC081C55582CED11A62CD892C0003F2A;2025-05-17;-2.0;-385.92
38133FAD632ECE11ADB310650500F7B8;FC081C55582CED11A62CD892C0003F2A;2025-05-17;-2.0;-574.0
ECEAA9F444856E11B7B78A650500BC08;FC081C55582CED11A62CD892C0003F2A;2025-05-17;-2.0;-401.76
CCF8F3F59ED6FD110DC22A92C000D158;FC081C55582CED11A62CD892C0003F2A;2025-05-17;-2.0;-329.34
346A6C173D027E11B7B78A650500CD08;FC081C55582CED11A62CD892C0003F2A;2025-05-17;-2.0;-189.7
A43ADDBE31CAED11A62CD892C0003F2A;FC081C55582CED11A62CD892C0003F2A;2025-05-17;-2.0;-441.82
46D06C00BE52EE11406610650500FC4A;FC081C55582CED11A62CD892C0003F2A;2025-05-17;-2.0;-164.8
B506F3B62EE2BE11BE2110650500195A;FC081C55582CED11A62CD892C0003F2A;2025-05-17;-2.0;-424.58
B0699D5A4F376E11B7B78A650500BC08;FC081C55582CED11A62CD892C0003F2A;2025-05-17;-2.0;-827.02
9D1BE0D0BDE7EE1191EE10650500B7B9;FC081C55582CED11A62CD892C0003F2A;2025-05-17;-2.0;-79.94
4F6C693F24CF9E117260106505008D4A;FC081C55582CED11A62CD892C0003F2A;2025-05-17;-2.0;-152.22
B597BF6A01CAED11A62CD892C0003F2A;FC081C55582CED11A62CD892C0003F2A;2025-05-17;-2.0;-319.3
7410AFC583A76E11B7B78A650500BC08;FC081C55582CED11A62CD892C0003F2A;2025-05-17;-2.0;-701.1
D704662C575FFE11F1557891FE697689;FC081C55582CED11A62CD892C0003F2A;2025-05-17;-2.0;-66.0
6EB8E963BE12EE11406610650500AC4A;FC081C55582CED11A62CD892C0003F2A;2025-05-17;-4.0;-1048.36
A2B392074B90AE117260106505009E4A;FC081C55582CED11A62CD892C0003F2A;2025-05-17;-2.0;-377.34
B311D296104FFE11F1557891FE695689;FC081C55582CED11A62CD892C0003F2A;2025-05-17;-2.0;-24.36
0CC7A06E250DEE1191EE1065050029B9;FC081C55582CED11A62CD892C0003F2A;2025-05-17;-2.0;-1426.7
4A02915EE0CAED11A62CD892C0003F2A;FC081C55582CED11A62CD892C0003F2A;2025-05-17;-6.0;-501.96
027B5A6B948DFE11F1557891FE692489;FC081C55582CED11A62CD892C0003F2A;2025-05-17;-2.0;-580.9
14B135B1B6E62E1143F0668E420006EB;FC081C55582CED11A62CD892C0003F2A;2025-05-17;-4.0;-354.76
870B528798A05E1142D58A650500BC08;FC081C55582CED11A62CD892C0003F2A;2025-05-17;-2.0;-696.0
CA04947C8BB1AE11726010650500005A;FC081C55582CED11A62CD892C0003F2A;2025-05-17;-2.0;-579.38
EE02AD7036FAEE1191EE1065050029B9;FC081C55582CED11A62CD892C0003F2A;2025-05-17;-2.0;-2225.88
581D135AA60BFE11128010650500E819;FC081C55582CED11A62CD892C0003F2A;2025-05-17;-4.0;-231.68
C5AE6AAA8FBBEE1191EE1065050029B9;FC081C55582CED11A62CD892C0003F2A;2025-05-17;-2.0;-192.28
53042786759BDE11406610650500144A;FC081C55582CED11A62CD892C0003F2A;2025-05-17;-2.0;-559.32
FCEC30D9A257DE11C846106505008F6A;FC081C55582CED11A62CD892C0003F2A;2025-05-17;-8.0;-204.0
CFE0A20822529E115540106505006B3B;FC081C55582CED11A62CD892C0003F2A;2025-05-17;-2.0;-128.42
9DD7234838E63E11052F6792C000FF39;FC081C55582CED11A62CD892C0003F2A;2025-05-17;-2.0;-539.24
2148978EF4B4DE11ADB310650500F0C8;FC081C55582CED11A62CD892C0003F2A;2025-05-17;-2.0;-116.16
79D7EFC706078E11F243BB6505005C3B;B0BDDED34CC83E11052F6792C000B249;2025-05-17;-6.0;-1199.52
1E3B8C58FC05FD110DC22A92C0009D7B;B0BDDED34CC83E11052F6792C000B249;2025-05-17;-2.0;-635.06
29DFA11EDF986E11B7B78A650500BC08;B0BDDED34CC83E11052F6792C000B249;2025-05-17;-18.0;-373.68
598D11C11B278E11F243BB6505008C3B;B0BDDED34CC83E11052F6792C000B249;2025-05-17;-2.0;-50.76
46B63D2329363E11052F6792C000FF39;B0BDDED34CC83E11052F6792C000B249;2025-05-17;-6.0;-212.28
B17402C77742EE11406610650500DC4A;B0BDDED34CC83E11052F6792C000B249;2025-05-17;-2.0;-1170.0
E83F9C0623C50E11A4A96492C00060C8;B0BDDED34CC83E11052F6792C000B249;2025-05-17;-2.0;-583.5
BA045D4710B65E1142D58A650500DC08;B0BDDED34CC83E11052F6792C000B249;2025-05-17;-2.0;-701.24
EA51CD5CEB01FE1191EE106505003BB9;B0BDDED34CC83E11052F6792C000B249;2025-05-17;-4.0;-95.7
77E872DFA195EE1191EE1065050005B9;B0BDDED34CC83E11052F6792C000B249;2025-05-17;-2.0;-132.2
0BA06BDE073CBE11877210650500DC59;B0BDDED34CC83E11052F6792C000B249;2025-05-17;-2.0;-543.72
98C9CF7E10439E115540106505009C3B;B0BDDED34CC83E11052F6792C000B249;2025-05-17;-2.0;-189.7
14346E8FA1256E11B7B78A650500BC08;B0BDDED34CC83E11052F6792C000B249;2025-05-17;-4.0;-454.1
98E59375470A0E11A4A96492C0001269;B0BDDED34CC83E11052F6792C000B249;2025-05-17;-2.0;-143.4
004539252142CE118772106505008469;B0BDDED34CC83E11052F6792C000B249;2025-05-17;-2.0;-366.0
548618F44C0D7E110819BB65050039AA;B0BDDED34CC83E11052F6792C000B249;2025-05-17;-2.0;-315.14
5A8889AA63D2FE1191EE106505007DB9;B0BDDED34CC83E11052F6792C000B249;2025-05-17;-26.0;-1043.12
BCA9CF4E6BBD3E11052F6792C000D249;B0BDDED34CC83E11052F6792C000B249;2025-05-17;-2.0;-30.14
ACCC55E22F2CDE11406610650500E44A;B0BDDED34CC83E11052F6792C000B249;2025-05-17;-2.0;-179.78
F6BA35B36CE1DE11ADB3106505004DB8;B0BDDED34CC83E11052F6792C000B249;2025-05-17;-4.0;-320.28
FB0B74D7D0CAED11A62CD892C0003F2A;B0BDDED34CC83E11052F6792C000B249;2025-05-17;-4.0;-638.7
01EDD82EC0CAED11A62CD892C0003F2A;B0BDDED34CC83E11052F6792C000B249;2025-05-17;-2.0;-549.94
EB150FF1AC112E1143F0668E4200C71A;B0BDDED34CC83E11052F6792C000B249;2025-05-17;-2.0;-674.14
0211358D85802E1143F0668E4200C71A;B0BDDED34CC83E11052F6792C000B249;2025-05-17;-2.0;-370.78
A2A0C0644357DE11C846106505008F6A;B0BDDED34CC83E11052F6792C000B249;2025-05-17;-10.0;-230.0
BAB5D848B1BBEE1191EE1065050029B9;B0BDDED34CC83E11052F6792C000B249;2025-05-17;-2.0;-188.58
CC5C3CFF0B589E11554010650500334B;B0BDDED34CC83E11052F6792C000B249;2025-05-17;-4.0;-1127.3
7AE3530F3A3CED11A62CD892C0003F2A;B0BDDED34CC83E11052F6792C000B249;2025-05-17;-2.0;-82.68
CEE4D31BF6C1EE114066106505003C4A;B0BDDED34CC83E11052F6792C000B249;2025-05-17;-2.0;-166.6
A633AE3A2A6BFE111280106505000919;B0BDDED34CC83E11052F6792C000B249;2025-05-17;-4.0;-721.12
D036D81364FF4E1142D58A650500BC08;B0BDDED34CC83E11052F6792C000B249;2025-05-17;-2.0;-66.48
1B57324D9B8ACE11ADB31065050003B8;B0BDDED34CC83E11052F6792C000B249;2025-05-17;-2.0;-70.76
21C1AE3A2A6BFE111280106505000919;B0BDDED34CC83E11052F6792C000B249;2025-05-17;-4.0;-249.86
A9FD3300B09FCE11ADB310650500E9B8;B0BDDED34CC83E11052F6792C000B249;2025-05-17;-2.0;-141.8
FC3CC830B17CEE1191EE1065050029B9;B0BDDED34CC83E11052F6792C000B249;2025-05-17;-2.0;-2326.92
AF70C4761442EE11406610650500DC4A;B0BDDED34CC83E11052F6792C000B249;2025-05-17;-2.0;-66.7
5C3D98BA2B9FFE11F1557891FE69C689;B0BDDED34CC83E11052F6792C000B249;2025-05-17;-2.0;-548.24
105A625968C6DE11C84610650500DE6A;B0BDDED34CC83E11052F6792C000B249;2025-05-17;-2.0;-23.66
53F62079CE61EE11406610650500BB4A;B0BDDED34CC83E11052F6792C000B249;2025-05-17;-2.0;-13.08
5FB593D71FB3AE11726010650500925A;B0BDDED34CC83E11052F6792C000B249;2025-05-17;-2.0;-73.0
2694943F787CCE11ADB310650500B5B8;B0BDDED34CC83E11052F6792C000B249;2025-05-17;-2.0;-72.88
7FB1F06BD20ADE11406610650500F14A;B0BDDED34CC83E11052F6792C000B249;2025-05-17;-2.0;-206.74
B9491FE230DEFE11F1557891FE69C589;B0BDDED34CC83E11052F6792C000B249;2025-05-17;-2.0;-233.72
47C15F079308DE11C84610650500607A;B0BDDED34CC83E11052F6792C000B249;2025-05-17;-2.0;-73.7
8F55362CDF7EFE11F1557891FE696589;B0BDDED34CC83E11052F6792C000B249;2025-05-17;-2.0;-132.58
28E249F29B23FE1191EE10650500FDB9;B0BDDED34CC83E11052F6792C000B249;2025-05-17;-4.0;-245.10000000000002
E3FF0C680C3BBE118772106505009B59;B0BDDED34CC83E11052F6792C000B249;2025-05-17;-2.0;-47.52
1A4CCC50850BFE11128010650500E819;B0BDDED34CC83E11052F6792C000B249;2025-05-17;-4.0;-699.56
315B955E6630FE1191EE106505002AB9;B0BDDED34CC83E11052F6792C000B249;2025-05-17;-4.0;-146.86
D71A1CE180E2FE1191EE106505009DB9;B0BDDED34CC83E11052F6792C000B249;2025-05-17;-2.0;-483.3
8376033300C80E11A4A96492C0001269;B0BDDED34CC83E11052F6792C000B249;2025-05-17;-16.0;-1503.2
631F3CDCE1EDFE11F1557891FE699489;B0BDDED34CC83E11052F6792C000B249;2025-05-17;-2.0;-112.0
A538D6B98D889E11525010650500F84A;B0BDDED34CC83E11052F6792C000B249;2025-05-17;-2.0;-477.76
68D11A5F6DE6DE11C846106505000F6A;B0BDDED34CC83E11052F6792C000B249;2025-05-17;-2.0;-474.28
2BC844D3D0CAED11A62CD892C0003F2A;B0BDDED34CC83E11052F6792C000B249;2025-05-17;-2.0;-187.1
EDC44299B596DE11ADB31065050053C8;B0BDDED34CC83E11052F6792C000B249;2025-05-17;-2.0;-417.62
B4794D776BBD3E11052F6792C000D249;B0BDDED34CC83E11052F6792C000B249;2025-05-17;-2.0;-11.14
0C8DECA4094EFD11A4A96492C0006D28;B0BDDED34CC83E11052F6792C000B249;2025-05-17;-2.0;-307.06
BC1DE5BAA20EEE1191EE1065050029B9;B0BDDED34CC83E11052F6792C000B249;2025-05-17;-2.0;-200.0
3D62BD8A40BB3E11052F6792C000D249;B0BDDED34CC83E11052F6792C000B249;2025-05-17;-6.0;-224.28000000000003
E27D5947E38CDE11406610650500554A;B0BDDED34CC83E11052F6792C000B249;2025-05-17;-6.0;-873.5999999999999
3CC5901E320CAE11BE2110650500405A;B0BDDED34CC83E11052F6792C000B249;2025-05-17;-2.0;-494.0
55A47EAFED71FE1191EE10650500CBB9;B0BDDED34CC83E11052F6792C000B249;2025-05-17;-2.0;-1091.32
F83C2942599EFE11F1557891FE698589;B0BDDED34CC83E11052F6792C000B249;2025-05-17;-2.0;-42.0
C955A13924817E11B7B78A650500CD08;B0BDDED34CC83E11052F6792C000B249;2025-05-17;-4.0;-944.2
3EC35FC9E6C10E11A4A96492C0002019;B0BDDED34CC83E11052F6792C000B249;2025-05-17;-4.0;-341.4
E821C334D023CE11877210650500A569;B0BDDED34CC83E11052F6792C000B249;2025-05-17;-10.0;-300.7
1DA634AD6104FE1191EE106505001FB9;B0BDDED34CC83E11052F6792C000B249;2025-05-17;-2.0;-404.64
C192FB7618F5BE11877210650500E459;B0BDDED34CC83E11052F6792C000B249;2025-05-17;-2.0;-327.82
E93C8A72EB83AE11726010650500525A;B0BDDED34CC83E11052F6792C000B249;2025-05-17;-2.0;-124.38
F0317019FD53BE11BE2110650500A95A;B0BDDED34CC83E11052F6792C000B249;2025-05-17;-2.0;-59.14
B960E25193688E11F243BB6505001E3B;B0BDDED34CC83E11052F6792C000B249;2025-05-17;-4.0;-142.12
70B7EDD1F0CAED11A62CD892C0003F2A;B0BDDED34CC83E11052F6792C000B249;2025-05-17;-2.0;-1157.66
72AC96012F83AE11726010650500525A;B0BDDED34CC83E11052F6792C000B249;2025-05-17;-2.0;-660.44
2D4B843B82299E11525010650500C94A;B0BDDED34CC83E11052F6792C000B249;2025-05-17;-2.0;-148.0
180519DFC0CAED11A62CD892C0003F2A;B0BDDED34CC83E11052F6792C000B249;2025-05-17;-2.0;-472.36
7B5AB005003C0E11A4A96492C0001269;B0BDDED34CC83E11052F6792C000B249;2025-05-17;-2.0;-269.2
D7FC1101D21B1E1143F0668E4200EF5A;B0BDDED34CC83E11052F6792C000B249;2025-05-17;-4.0;-867.38
19BE276FC1C6BE11877210650500E559;B0BDDED34CC83E11052F6792C000B249;2025-05-17;-2.0;-72.88
2BC1D86E597BAE11BE21106505009F4A;B0BDDED34CC83E11052F6792C000B249;2025-05-17;-2.0;-98.8
4390B32D9972EE114066106505001D4A;B0BDDED34CC83E11052F6792C000B249;2025-05-17;-2.0;-125.8
986AB4DF30456E11B7B78A650500BC08;B0BDDED34CC83E11052F6792C000B249;2025-05-17;-2.0;-97.58
34CF5FCF20CAED11A62CD892C0003F2A;B0BDDED34CC83E11052F6792C000B249;2025-05-17;-16.0;-96.0
11970D706D399E11525010650500E94A;B0BDDED34CC83E11052F6792C000B249;2025-05-17;-2.0;-151.04
0BDD6D806E3CEE1191EE1065050029B9;B0BDDED34CC83E11052F6792C000B249;2025-05-17;-2.0;-92.24
B63484C872CAED11A62CD892C0003F2A;B0BDDED34CC83E11052F6792C000B249;2025-05-17;-4.0;-445.9
0CB5D848B1BBEE1191EE1065050029B9;B0BDDED34CC83E11052F6792C000B249;2025-05-17;-4.0;-339.2
EA4831D6104FFE11F1557891FE695689;B0BDDED34CC83E11052F6792C000B249;2025-05-17;-2.0;-53.14
2EE711AABB427E11B7B78A650500CD08;B0BDDED34CC83E11052F6792C000B249;2025-05-17;-4.0;-1151.32
A66BD50288EBFE111280106505000919;B0BDDED34CC83E11052F6792C000B249;2025-05-17;-2.0;-70.0
F059DD6EEB6DFE11F1557891FE690489;B0BDDED34CC83E11052F6792C000B249;2025-05-17;-2.0;-710.82
9EFAB501B0CAED11A62CD892C0003F2A;B0BDDED34CC83E11052F6792C000B249;2025-05-17;-2.0;-117.22
E44CE19934ADCE11ADB31065050047B8;B0BDDED34CC83E11052F6792C000B249;2025-05-17;-2.0;-362.02
05F5605DD0CAED11A62CD892C0003F2A;B0BDDED34CC83E11052F6792C000B249;2025-05-17;-2.0;-1365.94
A1FB0DD4BAA2EE11B1AD10650500A5EA;B0BDDED34CC83E11052F6792C000B249;2025-05-17;-2.0;-24.84
AE09EF39F48BFE111280106505000919;B0BDDED34CC83E11052F6792C000B249;2025-05-17;-2.0;-1118.48
ACF74A7B0321DE11ADB3106505003CB8;B0BDDED34CC83E11052F6792C000B249;2025-05-17;-2.0;-110.0
B585D8268BB88E11F243BB6505008E3B;B0BDDED34CC83E11052F6792C000B249;2025-05-17;-4.0;-257.36
027EC3F8F8087E110819BB65050009AA;B0BDDED34CC83E11052F6792C000B249;2025-05-17;-2.0;-123.9
D90C4CF61680BE11BE2110650500065A;B0BDDED34CC83E11052F6792C000B249;2025-05-17;-2.0;-351.18
97679C8AEAB4EE11B1AD1065050048EA;B0BDDED34CC83E11052F6792C000B249;2025-05-17;-2.0;-100.64
4E69D603FDE5FD110DC22A92C000D158;B0BDDED34CC83E11052F6792C000B249;2025-05-17;-2.0;-493.36
877C02773623EE11B1AD1065050046EA;B0BDDED34CC83E11052F6792C000B249;2025-05-17;-2.0;-237.8
BFD0563AEAB4EE11B1AD1065050048EA;B0BDDED34CC83E11052F6792C000B249;2025-05-17;-4.0;-403.04
66161E906E3CEE1191EE1065050029B9;B0BDDED34CC83E11052F6792C000B249;2025-05-17;-2.0;-92.24
76D0FAA95A530E11A4A96492C00008E9;B0BDDED34CC83E11052F6792C000B249;2025-05-17;-2.0;-352.96
4B3E818302CAED11A62CD892C0003F2A;B0BDDED34CC83E11052F6792C000B249;2025-05-17;-2.0;-139.42
1F280D4ACE23FD110DC22A92C000C499;B0BDDED34CC83E11052F6792C000B249;2025-05-17;-2.0;-311.52
E6748B094733FE1191EE106505000EB9;B0BDDED34CC83E11052F6792C000B249;2025-05-17;-2.0;-259.64
BF0CB3D7B12AFE11128010650500E819;B0BDDED34CC83E11052F6792C000B249;2025-05-17;-2.0;-575.0
5450B5F648A0EE11406610650500BA4A;B0BDDED34CC83E11052F6792C000B249;2025-05-17;-2.0;-72.24
BC029BACADBCAE11BE2110650500315A;B0BDDED34CC83E11052F6792C000B249;2025-05-17;-2.0;-701.3
41E136C1D0BFFE11F1557891FE69E689;B0BDDED34CC83E11052F6792C000B249;2025-05-17;-2.0;-583.18
2D5CCA3AF2F8AE11BE21106505006C4A;B0BDDED34CC83E11052F6792C000B249;2025-05-17;-2.0;-481.28
7A0C8AFE43735E1142D58A650500DC08;B0BDDED34CC83E11052F6792C000B249;2025-05-17;-2.0;-169.72
EA904BBEC0CAED11A62CD892C0003F2A;B0BDDED34CC83E11052F6792C000B249;2025-05-17;-2.0;-417.32
283159E86589DE11406610650500514A;B0BDDED34CC83E11052F6792C000B249;2025-05-17;-2.0;-383.8
E6B63D2329363E11052F6792C000FF39;B0BDDED34CC83E11052F6792C000B249;2025-05-17;-2.0;-70.76
876402F29AB45E1142D58A650500DC08;B0BDDED34CC83E11052F6792C000B249;2025-05-17;-2.0;-1654.02
5101C7FFF0CAED11A62CD892C0003F2A;FC081C55582CED11A62CD892C0003F2A;2025-05-17;-2.0;-151.96
5A41F86E15781E1143F0668E42006B8B;FC081C55582CED11A62CD892C0003F2A;2025-05-17;-2.0;-492.26
B600AA1994EF6E11B7B78A650500CD08;44673735EAF46E11B7B78A650500BC08;2025-05-17;-4.0;-62.92
E938FC289F900F11F1557891FE691889;44673735EAF46E11B7B78A650500BC08;2025-05-17;28.0;2615.48
4A6D438153D0DE11ADB310650500BBB8;44673735EAF46E11B7B78A650500BC08;2025-05-17;60.0;4431.0
0E6245D97771CE118772106505008369;44673735EAF46E11B7B78A650500BC08;2025-05-17;0.0;0.0
0EE904AF6F6DFE11F1557891FE690489;44673735EAF46E11B7B78A650500BC08;2025-05-17;0.0;0.0
F9CDB042A33EAE11BE2110650500135A;44673735EAF46E11B7B78A650500BC08;2025-05-17;0.0;0.0
6D12E924262FFE11F1557891FE693689;44673735EAF46E11B7B78A650500BC08;2025-05-17;-4.0;-802.8
A9BC745D6309AE11BE21106505007C4A;44673735EAF46E11B7B78A650500BC08;2025-05-17;0.0;0.0
2D2D79C12F83AE11726010650500525A;44673735EAF46E11B7B78A650500BC08;2025-05-17;-6.0;-1789.62
FBE4042A0E3FFE11F1557891FE695689;44673735EAF46E11B7B78A650500BC08;2025-05-17;0.0;0.0
9BE5C265962FFE11F1557891FE693689;44673735EAF46E11B7B78A650500BC08;2025-05-17;0.0;0.0
F336191B22E8CE11ADB310650500E0B8;44673735EAF46E11B7B78A650500BC08;2025-05-17;0.0;0.0
45BC61C3E9456E11B7B78A650500BC08;44673735EAF46E11B7B78A650500BC08;2025-05-17;12.0;2899.92
0ED1D899951AFE11128010650500E819;44673735EAF46E11B7B78A650500BC08;2025-05-17;0.0;0.0
009E76E7640E1E1143F0668E4200502B;44673735EAF46E11B7B78A650500BC08;2025-05-17;-4.0;-705.12
265C51D38B6BFE111280106505000919;44673735EAF46E11B7B78A650500BC08;2025-05-17;12.0;19711.2
5F27FDFE87DC6E11B7B78A650500BC08;44673735EAF46E11B7B78A650500BC08;2025-05-17;0.0;0.0
FD744D7F12EC6E11B7B78A650500BC08;44673735EAF46E11B7B78A650500BC08;2025-05-17;-2.0;-85.98
CF32AE3A2A6BFE111280106505000919;44673735EAF46E11B7B78A650500BC08;2025-05-17;0.0;0.0
E89C67838E3CEE1191EE1065050029B9;44673735EAF46E11B7B78A650500BC08;2025-05-17;40.0;6260.0
274EDF46CA7E8E11F243BB650500664B;44673735EAF46E11B7B78A650500BC08;2025-05-17;0.0;0.0
5FBD5DD18FFEEE1191EE1065050029B9;44673735EAF46E11B7B78A650500BC08;2025-05-17;0.0;0.0
CADF89D16F5CCE11ADB31065050095B8;44673735EAF46E11B7B78A650500BC08;2025-05-17;0.0;0.0
5FC53B86878DAE11BE2110650500325A;44673735EAF46E11B7B78A650500BC08;2025-05-17;0.0;0.0
4ED4AF859A1B8E11F243BB650500814B;B0BDDED34CC83E11052F6792C000B249;2025-05-17;0.0;0.0
8A83A7D674DDFE11F1557891FE698489;FC081C55582CED11A62CD892C0003F2A;2025-05-17;40.0;2521.18
B2CC63C3D3C0FE1191EE10650500DAB9;FC081C55582CED11A62CD892C0003F2A;2025-05-17;20.0;892.34
C2A3450BB857FE1191EE1065050073C9;FC081C55582CED11A62CD892C0003F2A;2025-05-17;40.0;5925.06
4F5697DAD71BDE11406610650500634A;FC081C55582CED11A62CD892C0003F2A;2025-05-17;14.0;1929.42
AB095A1047E0EE114066106505000B4A;FC081C55582CED11A62CD892C0003F2A;2025-05-17;20.0;785.14
69A4098723B6BE11877210650500D559;FC081C55582CED11A62CD892C0003F2A;2025-05-17;10.0;233.16
5AE6855EE3B89E11525010650500294A;FC081C55582CED11A62CD892C0003F2A;2025-05-17;120.0;1492.24
A1A57DDE60638E111E1BBB650500BBAA;FC081C55582CED11A62CD892C0003F2A;2025-05-17;8.0;326.46000000000004
EC350CD5E8E1DE11ADB3106505004DB8;FC081C55582CED11A62CD892C0003F2A;2025-05-17;0.0;67.13999999999987
34ACE133477EFE11F1557891FE695589;FC081C55582CED11A62CD892C0003F2A;2025-05-17;0.0;0.0
F65071BA258EFE11F1557891FE696589;FC081C55582CED11A62CD892C0003F2A;2025-05-17;0.0;0.0
09E7ED19CC8EFE11F1557891FE697589;FC081C55582CED11A62CD892C0003F2A;2025-05-17;0.0;0.0
DE67E2017D49FE11128010650500E819;44673735EAF46E11B7B78A650500BC08;2025-05-17;10.0;2719.7
29CDB042A33EAE11BE2110650500135A;44673735EAF46E11B7B78A650500BC08;2025-05-17;0.0;0.0
D400292FD87C8E11F243BB650500A34B;44673735EAF46E11B7B78A650500BC08;2025-05-17;0.0;0.0
1150F3DB53478E11F243BB650500AC3B;44673735EAF46E11B7B78A650500BC08;2025-05-17;0.0;0.0
BC74C0BE566ACE11ADB310650500D2B8;44673735EAF46E11B7B78A650500BC08;2025-05-17;0.0;0.0
F052B71E566ACE11ADB310650500D2B8;44673735EAF46E11B7B78A650500BC08;2025-05-17;0.0;0.0
73630C8ED431BE11BE2110650500E65A;44673735EAF46E11B7B78A650500BC08;2025-05-17;0.0;0.0
A0B6F13AAB01AE117260106505002F4A;44673735EAF46E11B7B78A650500BC08;2025-05-17;0.0;9.094947017729282e-13
C2EC19A83915CE11ADB3106505000DA8;44673735EAF46E11B7B78A650500BC08;2025-05-17;0.0;0.0
6CF93B49A7EFCE11ADB3106505006AB8;44673735EAF46E11B7B78A650500BC08;2025-05-17;6.0;5376.72
2F28106B94688E11F243BB6505001E3B;44673735EAF46E11B7B78A650500BC08;2025-05-17;6.0;5041.32
88258D764E38CE11ADB31065050000B8;44673735EAF46E11B7B78A650500BC08;2025-05-17;12.0;4107.36
4B5E7A9937C4EE11B1AD1065050058EA;44673735EAF46E11B7B78A650500BC08;2025-05-17;0.0;0.0
DD83AF999CAAAE11BE21106505009E4A;44673735EAF46E11B7B78A650500BC08;2025-05-17;-2.0;-395.82
4B0A4D30D62CBE11877210650500CC59;44673735EAF46E11B7B78A650500BC08;2025-05-17;0.0;0.0
2AFAE87F36696E11B7B78A650500BC08;44673735EAF46E11B7B78A650500BC08;2025-05-17;12.0;19560.0
74C2D84DE8420F114EF7A826072B6A89;44673735EAF46E11B7B78A650500BC08;2025-05-17;0.0;0.0
D3B16672E31DEE1191EE1065050029B9;44673735EAF46E11B7B78A650500BC08;2025-05-17;6.0;9636.0
C01DD8F181E4EE11B1AD1065050078EA;44673735EAF46E11B7B78A650500BC08;2025-05-17;18.0;3546.0
8F07B69694310F11112A674AC7E2F889;44673735EAF46E11B7B78A650500BC08;2025-05-17;100.0;5500.0
D2395E1B6628CE11ADB310650500EFA8;44673735EAF46E11B7B78A650500BC08;2025-05-17;20.0;4850.0
69F2A09B444FDE11406610650500F84A;44673735EAF46E11B7B78A650500BC08;2025-05-17;20.0;2820.0
1B0A87811BC28E110223BB650500FAAA;44673735EAF46E11B7B78A650500BC08;2025-05-17;38.0;7797.6
6675D4490FFEFE11F1557891FE690689;44673735EAF46E11B7B78A650500BC08;2025-05-17;0.0;0.0
558A0586E7EFCE11ADB3106505006AB8;44673735EAF46E11B7B78A650500BC08;2025-05-17;-4.0;-214.96
EA5D87D7A0F60E11A4A96492C0007BF8;44673735EAF46E11B7B78A650500BC08;2025-05-17;0.0;0.0
9A5D87D7A0F60E11A4A96492C0007BF8;44673735EAF46E11B7B78A650500BC08;2025-05-17;-2.0;-569.4799999999999
94CF5FCF20CAED11A62CD892C0003F2A;44673735EAF46E11B7B78A650500BC08;2025-05-17;8.0;496.0
82F7D367FEDDBE11877210650500FE59;FC081C55582CED11A62CD892C0003F2A;2025-05-17;6.0;700.06
FF4BD551AD1DDE11406610650500164A;FC081C55582CED11A62CD892C0003F2A;2025-05-17;10.0;2502.08
97E599A28330EE114066106505002A4A;FC081C55582CED11A62CD892C0003F2A;2025-05-17;40.0;3810.4
26FF69A07AA06E1142D58A650500AD08;44673735EAF46E11B7B78A650500BC08;2025-05-17;4.0;3079.6
E2DC7D60CFB85E1142D58A650500DC08;44673735EAF46E11B7B78A650500BC08;2025-05-17;4.0;1186.12
7FFC3C198EF39E115540106505008D3B;44673735EAF46E11B7B78A650500BC08;2025-05-17;54.0;2547.7200000000003
28CF24B5F0638E111E1BBB650500BBAA;FC081C55582CED11A62CD892C0003F2A;2025-05-17;4.0;203.12
71330E5D477F8E11F243BB650500A74B;FC081C55582CED11A62CD892C0003F2A;2025-05-17;18.0;732.5
765ED1CF2BC6AE11BE2110650500A94A;B0BDDED34CC83E11052F6792C000B249;2025-05-17;20.0;497.42
ABC14F841FD1DE11ADB3106505003DB8;FC081C55582CED11A62CD892C0003F2A;2025-05-17;2.0;653.04
0C073E3E1D08DE11C84610650500707A;FC081C55582CED11A62CD892C0003F2A;2025-05-17;0.0;0.0
BC556C52599EFE11F1557891FE698589;FC081C55582CED11A62CD892C0003F2A;2025-05-17;0.0;0.0
7B0A57994A77EE1191EE1065050027B9;44673735EAF46E11B7B78A650500BC08;2025-05-17;8.0;621.76
675637547CB4AE11726010650500D35A;44673735EAF46E11B7B78A650500BC08;2025-05-17;16.0;1235.24
BFB8A933DFA7FE1191EE10650500E3C9;44673735EAF46E11B7B78A650500BC08;2025-05-17;10.0;1753.7
0B41849FA515AE11726010650500445A;44673735EAF46E11B7B78A650500BC08;2025-05-17;2.0;8114.0
45AB780E438E6E11B7B78A6505003D08;44673735EAF46E11B7B78A650500BC08;2025-05-17;2.0;1100.0
B2CD5DA6F9468E11F243BB6505006B3B;44673735EAF46E11B7B78A650500BC08;2025-05-17;2.0;5744.0
9DF0092EA6CABE118772106505000B59;44673735EAF46E11B7B78A650500BC08;2025-05-17;-2.0;-330.4
BB361686AC456E11B7B78A650500BC08;44673735EAF46E11B7B78A650500BC08;2025-05-17;-12.0;-371.16
B3FE155C1C8EAE11BE2110650500835A;44673735EAF46E11B7B78A650500BC08;2025-05-17;-6.0;-346.98
8064110910556E11B7B78A650500BC08;44673735EAF46E11B7B78A650500BC08;2025-05-17;-2.0;-377.92
0BAE033CAEEDBE118772106505000F59;44673735EAF46E11B7B78A650500BC08;2025-05-17;-2.0;-92.16
26B5931B19AF7E110819BB65050039AA;44673735EAF46E11B7B78A650500BC08;2025-05-17;-2.0;-296.42
B6003B5ECD456E11B7B78A650500BC08;44673735EAF46E11B7B78A650500BC08;2025-05-17;-2.0;-2463.84
D1BFBF08107A7E110819BB65050039AA;44673735EAF46E11B7B78A650500BC08;2025-05-17;-4.0;-775.2
11444CDD7E456E11B7B78A650500BC08;44673735EAF46E11B7B78A650500BC08;2025-05-17;-4.0;-251.6
F586EF13BA456E11B7B78A650500BC08;44673735EAF46E11B7B78A650500BC08;2025-05-17;-4.0;-277.08
62600BCC066E9E11726010650500CB4A;44673735EAF46E11B7B78A650500BC08;2025-05-17;-4.0;-129.62
10D109DF9E9CDE11406610650500754A;44673735EAF46E11B7B78A650500BC08;2025-05-17;-4.0;-566.64
84E3BB9B30556E11B7B78A650500BC08;44673735EAF46E11B7B78A650500BC08;2025-05-17;-4.0;-980.12
A9B33FB46923FE1191EE10650500FDB9;44673735EAF46E11B7B78A650500BC08;2025-05-17;-8.0;-278.76
245BF3BE3C456E11B7B78A650500BC08;44673735EAF46E11B7B78A650500BC08;2025-05-17;-6.0;-703.8
9F2C6BDA03078E11F243BB6505005C3B;44673735EAF46E11B7B78A650500BC08;2025-05-17;-2.0;-135.92
BD04127797B0FE1191EE10650500CAB9;44673735EAF46E11B7B78A650500BC08;2025-05-17;-6.0;-293.6
87328AB28754EE11B1AD10650500C7EA;44673735EAF46E11B7B78A650500BC08;2025-05-17;-20.0;-236.0
4BC6129DABE1EE114066106505006C4A;44673735EAF46E11B7B78A650500BC08;2025-05-17;-4.0;-114.8
2203199EF57CBE118772106505002D59;44673735EAF46E11B7B78A650500BC08;2025-05-17;-2.0;-1489.64
1270621797B0FE1191EE10650500CAB9;44673735EAF46E11B7B78A650500BC08;2025-05-17;-2.0;-671.08
6C26195195D3EE11B1AD1065050027EA;44673735EAF46E11B7B78A650500BC08;2025-05-17;-2.0;-183.32
4125BA1279278E11F243BB6505008C3B;44673735EAF46E11B7B78A650500BC08;2025-05-17;-2.0;-126.36
2BC1D86E597BAE11BE21106505009F4A;44673735EAF46E11B7B78A650500BC08;2025-05-17;-4.0;-197.6
6E51E731DB9C7E110819BB65050039AA;44673735EAF46E11B7B78A650500BC08;2025-05-17;-2.0;-1949.24
B7E4152D30556E11B7B78A650500BC08;44673735EAF46E11B7B78A650500BC08;2025-05-17;-2.0;-650.58
74BD8984ABE1EE114066106505006C4A;44673735EAF46E11B7B78A650500BC08;2025-05-17;-2.0;-96.6
692EE522CD567E11B7B78A650500ED08;44673735EAF46E11B7B78A650500BC08;2025-05-17;-2.0;-1188.06
79DCBB3222010F11112A674AC7E2B889;44673735EAF46E11B7B78A650500BC08;2025-05-17;-6.0;-2101.2
60FF3F3D5DB0DE11ADB3106505009BB8;44673735EAF46E11B7B78A650500BC08;2025-05-17;-2.0;-3928.84
845AF0CF2D456E11B7B78A650500BC08;44673735EAF46E11B7B78A650500BC08;2025-05-17;-6.0;-131.76
572B6357AC456E11B7B78A650500BC08;44673735EAF46E11B7B78A650500BC08;2025-05-17;-2.0;-311.24
71E4ED82FAD7CE11ADB3106505008FA8;44673735EAF46E11B7B78A650500BC08;2025-05-17;-12.0;-923.0600000000001
CF3D433B68363E11052F6792C000FF39;44673735EAF46E11B7B78A650500BC08;2025-05-17;-2.0;-98.24
AF203DE8AC456E11B7B78A650500BC08;44673735EAF46E11B7B78A650500BC08;2025-05-17;-2.0;-775.62
A064110910556E11B7B78A650500BC08;44673735EAF46E11B7B78A650500BC08;2025-05-17;-2.0;-427.74
AF2A27B9E489DE11406610650500514A;44673735EAF46E11B7B78A650500BC08;2025-05-17;-10.0;-1574.96
DD0A9111FC1EFE11F1557891FE69E489;44673735EAF46E11B7B78A650500BC08;2025-05-17;-4.0;-321.28
B7CF39191BE66E11B7B78A650500BC08;44673735EAF46E11B7B78A650500BC08;2025-05-17;-4.0;-303.56
6F28738B09378E11F243BB6505009C3B;44673735EAF46E11B7B78A650500BC08;2025-05-17;-2.0;-69.86
C52352B9AC456E11B7B78A650500BC08;44673735EAF46E11B7B78A650500BC08;2025-05-17;-4.0;-260.04
D46DF26DBE13FE1191EE10650500EDB9;44673735EAF46E11B7B78A650500BC08;2025-05-17;-2.0;-2697.7
4EA66A61AA187E110819BB65050009AA;44673735EAF46E11B7B78A650500BC08;2025-05-17;-2.0;-95.1
A61096F35D456E11B7B78A650500BC08;44673735EAF46E11B7B78A650500BC08;2025-05-17;-6.0;-3836.34
778567CDA9456E11B7B78A650500BC08;44673735EAF46E11B7B78A650500BC08;2025-05-17;-18.0;-1057.16
9D076A426D7DBE118772106505007E59;44673735EAF46E11B7B78A650500BC08;2025-05-17;-6.0;-480.0
8D816F1ECAD0FE1191EE10650500FAB9;44673735EAF46E11B7B78A650500BC08;2025-05-17;-4.0;-716.56
9888FE13694B3E11052F6792C000D249;44673735EAF46E11B7B78A650500BC08;2025-05-17;-2.0;-112.52
54E06E556AE66E11B7B78A650500BC08;44673735EAF46E11B7B78A650500BC08;2025-05-17;-12.0;-377.65999999999997
CDB331404E456E11B7B78A650500BC08;44673735EAF46E11B7B78A650500BC08;2025-05-17;-8.0;-4848.0
BC95E4E73915CE11ADB3106505000DA8;44673735EAF46E11B7B78A650500BC08;2025-05-17;-2.0;-828.0
E2B43FD5A0CAED11A62CD892C0003F2A;44673735EAF46E11B7B78A650500BC08;2025-05-17;-2.0;-266.0
79F393D4BBB9AE11BE21106505006D4A;44673735EAF46E11B7B78A650500BC08;2025-05-17;-4.0;-124.08
528F035F6933BE11BE2110650500795A;44673735EAF46E11B7B78A650500BC08;2025-05-17;-2.0;-146.76
B3216AA7A812CE118772106505005469;44673735EAF46E11B7B78A650500BC08;2025-05-17;-2.0;-996.0
7DE9A7690E456E11B7B78A650500BC08;44673735EAF46E11B7B78A650500BC08;2025-05-17;-4.0;-1114.08
7CB1D0A90662FD110DC22A92C0006778;44673735EAF46E11B7B78A650500BC08;2025-05-17;-6.0;-615.5999999999999
DE7C1604D0566E11B7B78A650500BC08;44673735EAF46E11B7B78A650500BC08;2025-05-17;-2.0;-217.6
523A159F06A7BE118772106505000759;44673735EAF46E11B7B78A650500BC08;2025-05-17;-4.0;-284.0
AE59ACEB697BAE11BE21106505009F4A;44673735EAF46E11B7B78A650500BC08;2025-05-17;-2.0;-98.8
45B68CF552BC7E110819BB65050039AA;44673735EAF46E11B7B78A650500BC08;2025-05-17;-2.0;-78.2
0CBDE176DD8A7E110819BB65050039AA;44673735EAF46E11B7B78A650500BC08;2025-05-17;-12.0;-569.4
B3356D0E4D456E11B7B78A650500BC08;44673735EAF46E11B7B78A650500BC08;2025-05-17;-2.0;-1406.4
F93EE961BD889E11525010650500F84A;44673735EAF46E11B7B78A650500BC08;2025-05-17;-2.0;-93.06
072FBFF5F0DCDE11406610650500B54A;44673735EAF46E11B7B78A650500BC08;2025-05-17;-4.0;-250.86
E465AF79C7420F114EF7A826072B6A89;44673735EAF46E11B7B78A650500BC08;2025-05-17;-4.0;-949.32
B28CA13EAF456E11B7B78A650500BC08;44673735EAF46E11B7B78A650500BC08;2025-05-17;-2.0;-2345.6
F78B93BA0BD66E11B7B78A650500BC08;44673735EAF46E11B7B78A650500BC08;2025-05-17;-2.0;-132.5
B32BCBD28E3CEE1191EE1065050029B9;44673735EAF46E11B7B78A650500BC08;2025-05-17;-2.0;-124.32
DFBAF8801BA8FE11128010650500D819;44673735EAF46E11B7B78A650500BC08;2025-05-17;-8.0;-1566.24
ACCC55E22F2CDE11406610650500E44A;44673735EAF46E11B7B78A650500BC08;2025-05-17;-4.0;-359.56
B713992A12238E117E64BB6505005BAA;44673735EAF46E11B7B78A650500BC08;2025-05-17;-6.0;-663.0
0FD44E1613179E11554010650500914B;44673735EAF46E11B7B78A650500BC08;2025-05-17;-8.0;-574.7
D2561EA5CD456E11B7B78A650500BC08;44673735EAF46E11B7B78A650500BC08;2025-05-17;-2.0;-110.0
D7CF39191BE66E11B7B78A650500BC08;44673735EAF46E11B7B78A650500BC08;2025-05-17;-10.0;-761.4
73C9C6221A5EEE1191EE1065050029B9;44673735EAF46E11B7B78A650500BC08;2025-05-17;-2.0;-592.12
CCD71EEB0080DE11ADB3106505004BB8;44673735EAF46E11B7B78A650500BC08;2025-05-17;-2.0;-99.94
A520B4FF13DB8E11F243BB650500724B;44673735EAF46E11B7B78A650500BC08;2025-05-17;-20.0;-729.2
7DF700B82D456E11B7B78A650500BC08;44673735EAF46E11B7B78A650500BC08;2025-05-17;-2.0;-141.84
B62B6357AC456E11B7B78A650500BC08;44673735EAF46E11B7B78A650500BC08;2025-05-17;-2.0;-168.86
9C353FFC5D0A6E11B7B78A650500BC08;44673735EAF46E11B7B78A650500BC08;2025-05-17;-4.0;-502.52
DEC65BF6CB70DE11ADB3106505004BB8;44673735EAF46E11B7B78A650500BC08;2025-05-17;-2.0;-661.38
5F0DA681721A8E11F243BB650500304B;44673735EAF46E11B7B78A650500BC08;2025-05-17;-2.0;-63.84
FD0C8FC2A5E05E1142D58A650500BC08;44673735EAF46E11B7B78A650500BC08;2025-05-17;-2.0;-224.56
5150F3DB53478E11F243BB650500AC3B;44673735EAF46E11B7B78A650500BC08;2025-05-17;-2.0;-220.0
E29B72C890CAED11A62CD892C0003F2A;44673735EAF46E11B7B78A650500BC08;2025-05-17;-6.0;-2541.66
B8839C315E5ADE11406610650500624A;44673735EAF46E11B7B78A650500BC08;2025-05-17;-2.0;-217.78
5F2FDC1F45CF8E11F243BB650500084B;44673735EAF46E11B7B78A650500BC08;2025-05-17;-2.0;-71.24
EBE0884F88B37E11B7B78A650500DD08;44673735EAF46E11B7B78A650500BC08;2025-05-17;-2.0;-361.78
2B31112B77049E115540106505009D3B;44673735EAF46E11B7B78A650500BC08;2025-05-17;-2.0;-1237.86
9DCF5FB1CE0BEE1191EE1065050029B9;44673735EAF46E11B7B78A650500BC08;2025-05-17;-12.0;-412.8
96736176E770BE11BE2110650500F55A;44673735EAF46E11B7B78A650500BC08;2025-05-17;-2.0;-163.96
7F6A56559C456E11B7B78A650500BC08;44673735EAF46E11B7B78A650500BC08;2025-05-17;-2.0;-354.16
6B43CD935EB1FE1191EE106505001CB9;44673735EAF46E11B7B78A650500BC08;2025-05-17;-2.0;-959.98
547A777AC7EFCE11ADB3106505006AB8;44673735EAF46E11B7B78A650500BC08;2025-05-17;-6.0;-366.48
47F4F53C79363E11052F6792C000FF39;44673735EAF46E11B7B78A650500BC08;2025-05-17;-2.0;-62.06
DC124C573F45DE11ADB310650500B1C8;44673735EAF46E11B7B78A650500BC08;2025-05-17;-2.0;-178.6
D8FB9C94CC22AE11726010650500905A;44673735EAF46E11B7B78A650500BC08;2025-05-17;-4.0;-605.08
B54F219E2D148E113835BB6505009CAA;44673735EAF46E11B7B78A650500BC08;2025-05-17;-2.0;-126.8
F239B4F4AFFD9E117260106505004B4A;44673735EAF46E11B7B78A650500BC08;2025-05-17;-16.0;-3940.0
CF19A1BFCAD0FE1191EE10650500FAB9;44673735EAF46E11B7B78A650500BC08;2025-05-17;-2.0;-426.1
F9B60FEC21AD7E110819BB65050039AA;44673735EAF46E11B7B78A650500BC08;2025-05-17;-2.0;-288.34
52B0F1ECEC76EE1191EE1065050036B9;44673735EAF46E11B7B78A650500BC08;2025-05-17;-2.0;-1918.0
AFAA59F21C7C9E11726010650500494A;44673735EAF46E11B7B78A650500BC08;2025-05-17;-2.0;-118.84
1369F59E2C456E11B7B78A650500BC08;44673735EAF46E11B7B78A650500BC08;2025-05-17;-4.0;-852.52
3983A1DF105DEE1191EE1065050029B9;44673735EAF46E11B7B78A650500BC08;2025-05-17;-2.0;-75.02
9DDB693A1EEDBE118772106505000F59;44673735EAF46E11B7B78A650500BC08;2025-05-17;-8.0;-571.12
1384E8CF89098E11F243BB650500EE3B;44673735EAF46E11B7B78A650500BC08;2025-05-17;-2.0;-179.76
CFD6305482C0FE1191EE10650500DAB9;44673735EAF46E11B7B78A650500BC08;2025-05-17;-6.0;-2814.0
34A8B6C9325E7E110819BB65050039AA;44673735EAF46E11B7B78A650500BC08;2025-05-17;-4.0;-842.06
EEAF29DF5F456E11B7B78A650500BC08;44673735EAF46E11B7B78A650500BC08;2025-05-17;-2.0;-1853.72
7B43866C49CA2E11052F6792C0007F39;44673735EAF46E11B7B78A650500BC08;2025-05-17;-2.0;-301.22
49C33C9DD6568E11F243BB6505007B3B;44673735EAF46E11B7B78A650500BC08;2025-05-17;-2.0;-69.7
92AF19DBF356DE11ADB31065050003C8;44673735EAF46E11B7B78A650500BC08;2025-05-17;-8.0;-304.04
029409CEF9456E11B7B78A650500BC08;44673735EAF46E11B7B78A650500BC08;2025-05-17;-2.0;-175.18
E177D12BE042DE11ADB310650500BDB8;44673735EAF46E11B7B78A650500BC08;2025-05-17;-2.0;-372.0
1DEB5D8DD22BBE118772106505007B59;44673735EAF46E11B7B78A650500BC08;2025-05-17;-2.0;-124.2
6826B17C2C40EE114066106505004A4A;44673735EAF46E11B7B78A650500BC08;2025-05-17;-2.0;-324.0
BF6E6FD0C7788E11F243BB6505002E3B;FC081C55582CED11A62CD892C0003F2A;2025-05-17;-4.0;-132.84
6781F817B82FCE11ADB31065050049B8;FC081C55582CED11A62CD892C0003F2A;2025-05-17;-4.0;-554.06
3671F1E191CAED11A62CD892C0003F2A;FC081C55582CED11A62CD892C0003F2A;2025-05-17;-2.0;-89.82
BE044D3564B8FE11128010650500D819;FC081C55582CED11A62CD892C0003F2A;2025-05-17;-4.0;-600.0
5457695CA7600E11A4A96492C0002019;FC081C55582CED11A62CD892C0003F2A;2025-05-17;-2.0;-267.76
FBCEF4D87E63FD110DC22A92C000C499;FC081C55582CED11A62CD892C0003F2A;2025-05-17;-12.0;-288.8
FA2010C13276AE11BE2110650500394A;FC081C55582CED11A62CD892C0003F2A;2025-05-17;-2.0;-730.8
621865BFD923FE1191EE10650500FDB9;FC081C55582CED11A62CD892C0003F2A;2025-05-17;-2.0;-1049.62
AD71371EA7075E1142D58A650500DC08;FC081C55582CED11A62CD892C0003F2A;2025-05-17;-2.0;-1227.4
E0D361DA67E48E113835BB6505009DAA;FC081C55582CED11A62CD892C0003F2A;2025-05-17;-2.0;-560.0
28E249F29B23FE1191EE10650500FDB9;FC081C55582CED11A62CD892C0003F2A;2025-05-17;-8.0;-460.78
D81DE5A137A0EE11406610650500BA4A;FC081C55582CED11A62CD892C0003F2A;2025-05-17;-2.0;-455.84
9345EEFAB8E97E110819BB65050019AA;FC081C55582CED11A62CD892C0003F2A;2025-05-17;-18.0;-914.62
3D04F268651ECE11ADB310650500E7B8;FC081C55582CED11A62CD892C0003F2A;2025-05-17;-6.0;-1045.24
E31D795E01500F11F1557891FE69B789;FC081C55582CED11A62CD892C0003F2A;2025-05-17;-2.0;-359.36
D600AC871704DE11ADB31065050010C8;FC081C55582CED11A62CD892C0003F2A;2025-05-17;-2.0;-1501.12
1C9FA0DA736F1E1143F0668E4200AE5A;FC081C55582CED11A62CD892C0003F2A;2025-05-17;-4.0;-89.58
B1E0BA67146B3E11052F6792C000D249;FC081C55582CED11A62CD892C0003F2A;2025-05-17;-8.0;-286.64
03BD23A62883DE11ADB3106505005FB8;FC081C55582CED11A62CD892C0003F2A;2025-05-17;-2.0;-1028.0
AE8E9D2507511E1143F0668E42008C3B;FC081C55582CED11A62CD892C0003F2A;2025-05-17;-8.0;-2004.92
5C3E07A3698DFE11F1557891FE692489;FC081C55582CED11A62CD892C0003F2A;2025-05-17;-6.0;-442.06
A2D6087492DD6E11B7B78A650500BC08;FC081C55582CED11A62CD892C0003F2A;2025-05-17;-2.0;-124.74
0CD7F572B305DE11ADB31065050051C8;FC081C55582CED11A62CD892C0003F2A;2025-05-17;-2.0;-151.66
C8C6820BD72EFE11F1557891FE69F489;FC081C55582CED11A62CD892C0003F2A;2025-05-17;-2.0;-264.0
2F52CAD52A411E1143F0668E42008C3B;FC081C55582CED11A62CD892C0003F2A;2025-05-17;-2.0;-334.2
370DD203DC3DFE11F1557891FE69C389;FC081C55582CED11A62CD892C0003F2A;2025-05-17;-2.0;-1656.24
D58A6214EC430E11A4A96492C00008E9;FC081C55582CED11A62CD892C0003F2A;2025-05-17;-6.0;-1171.74
B6D645B0AE6E8E11F243BB650500564B;FC081C55582CED11A62CD892C0003F2A;2025-05-17;-2.0;-58.32
1CB43660B4EDDE11406610650500174A;FC081C55582CED11A62CD892C0003F2A;2025-05-17;-4.0;-1179.44
3949BFE63AC0DE11ADB310650500ABB8;FC081C55582CED11A62CD892C0003F2A;2025-05-17;-12.0;-262.02
DDB07ECA7A767E11B7B78A650500ED08;FC081C55582CED11A62CD892C0003F2A;2025-05-17;-2.0;-279.36
AE59ACEB697BAE11BE21106505009F4A;FC081C55582CED11A62CD892C0003F2A;2025-05-17;-2.0;-98.8
18E1F5071AF1EE114066106505007C4A;FC081C55582CED11A62CD892C0003F2A;2025-05-17;-6.0;-478.5
6F3AFEEF77BEBE118772106505000069;FC081C55582CED11A62CD892C0003F2A;2025-05-17;-2.0;-600.44
A124E50E08449E11554010650500ED3B;FC081C55582CED11A62CD892C0003F2A;2025-05-17;-20.0;-983.3199999999999
406D3248360C7E110819BB65050039AA;FC081C55582CED11A62CD892C0003F2A;2025-05-17;-2.0;-589.12
760091487C23BE11BE2110650500695A;FC081C55582CED11A62CD892C0003F2A;2025-05-17;-2.0;-288.38
7B74C76F33983E11052F6792C000B249;FC081C55582CED11A62CD892C0003F2A;2025-05-17;-8.0;-3756.4
70A76EE2378B3E11052F6792C000D249;FC081C55582CED11A62CD892C0003F2A;2025-05-17;-8.0;-274.0
47CAE252DFE34E1142D58A6505002C08;FC081C55582CED11A62CD892C0003F2A;2025-05-17;-2.0;-266.68
0BDE9EEEDD500F11F1557891FE69C789;FC081C55582CED11A62CD892C0003F2A;2025-05-17;-4.0;-67.76
CCCD4C4B701EEE1191EE1065050029B9;FC081C55582CED11A62CD892C0003F2A;2025-05-17;-14.0;-791.0
F0C79FB7F634DE11ADB31065050050C8;FC081C55582CED11A62CD892C0003F2A;2025-05-17;-2.0;-756.2
FA514C24B1CAED11A62CD892C0003F2A;FC081C55582CED11A62CD892C0003F2A;2025-05-17;-2.0;-231.0
389FF908AAE4DE11ADB31065050031C8;FC081C55582CED11A62CD892C0003F2A;2025-05-17;-12.0;-450.12
D67DDBD899363E11052F6792C000FF39;FC081C55582CED11A62CD892C0003F2A;2025-05-17;-4.0;-124.12
11A85D393B839E11554010650500FC3B;FC081C55582CED11A62CD892C0003F2A;2025-05-17;-2.0;-619.74
1ACEF4D87E63FD110DC22A92C000C499;FC081C55582CED11A62CD892C0003F2A;2025-05-17;-2.0;-290.12
20D31CEA7F13CE11877210650500A569;FC081C55582CED11A62CD892C0003F2A;2025-05-17;-4.0;-995.12
DFEDE24741BFFE11F1557891FE69E689;FC081C55582CED11A62CD892C0003F2A;2025-05-17;-6.0;-132.16
EB6AACF29813EE11B1AD1065050036EA;FC081C55582CED11A62CD892C0003F2A;2025-05-17;-2.0;-110.9
61A8B7D771500F11F1557891FE69B789;FC081C55582CED11A62CD892C0003F2A;2025-05-17;-2.0;-48.0
D85FAFFD1D9FDE11406610650500694A;FC081C55582CED11A62CD892C0003F2A;2025-05-17;-2.0;-222.0
D832C7CB0BFDCE11ADB310650500C7B8;FC081C55582CED11A62CD892C0003F2A;2025-05-17;-2.0;-230.32
408D93D25592BE11BE2110650500A85A;FC081C55582CED11A62CD892C0003F2A;2025-05-17;-12.0;-1181.88
839475519D128E11A442BB6505000AAA;FC081C55582CED11A62CD892C0003F2A;2025-05-17;-2.0;-247.62
8966D37C93D67E11B7B78A650500ED08;FC081C55582CED11A62CD892C0003F2A;2025-05-17;-4.0;-299.66
9C24DF358F9FDE11406610650500694A;FC081C55582CED11A62CD892C0003F2A;2025-05-17;-2.0;-22.86
933FC0F993C1CE11877210650500E369;FC081C55582CED11A62CD892C0003F2A;2025-05-17;-4.0;-154.16
DF9D07AD1710DE11ADB310650500AAB8;FC081C55582CED11A62CD892C0003F2A;2025-05-17;-2.0;-26.42
336316E511BD3E11052F6792C000D249;FC081C55582CED11A62CD892C0003F2A;2025-05-17;-2.0;-42.68
34EEB6749CB7FE1191EE10650500F3C9;FC081C55582CED11A62CD892C0003F2A;2025-05-17;-4.0;-140.0
797EFBDEFCD2FE1191EE106505009DB9;FC081C55582CED11A62CD892C0003F2A;2025-05-17;-2.0;-231.6
8ACB0495518EEE1191EE1065050029B9;FC081C55582CED11A62CD892C0003F2A;2025-05-17;-2.0;-251.28
D6D074815C2BFE11128010650500E819;FC081C55582CED11A62CD892C0003F2A;2025-05-17;-2.0;-28.1
3E73E4B91E9B7E110819BB65050039AA;FC081C55582CED11A62CD892C0003F2A;2025-05-17;-2.0;-295.32
5913ED4ADCA3DE11ADB3106505008FB8;FC081C55582CED11A62CD892C0003F2A;2025-05-17;-2.0;-61.02
75E7817934D67E11B7B78A650500ED08;FC081C55582CED11A62CD892C0003F2A;2025-05-17;-2.0;-32.88
87B3ACFFC62EEE1191EE1065050029B9;FC081C55582CED11A62CD892C0003F2A;2025-05-17;-4.0;-248.86
0DE3EED65A8FBE118772106505001169;FC081C55582CED11A62CD892C0003F2A;2025-05-17;-4.0;-23.6
5D08C4976A4EDE11406610650500B74A;FC081C55582CED11A62CD892C0003F2A;2025-05-17;-2.0;-104.34
0854199D67ADDE11406610650500C64A;FC081C55582CED11A62CD892C0003F2A;2025-05-17;-2.0;-103.28
84789F213364EE11B1AD10650500D7EA;FC081C55582CED11A62CD892C0003F2A;2025-05-17;-2.0;-87.82
34677DB44169DE11C84610650500227A;FC081C55582CED11A62CD892C0003F2A;2025-05-17;-4.0;-56.44
B89351EB12B0EE11406610650500CA4A;FC081C55582CED11A62CD892C0003F2A;2025-05-17;-2.0;-95.42
8327A7A380ACDE11406610650500754A;FC081C55582CED11A62CD892C0003F2A;2025-05-17;-2.0;-64.14
ABC6953C5BE15E1142D58A650500BC08;FC081C55582CED11A62CD892C0003F2A;2025-05-17;-2.0;-57.6
0BE6BDF7D2EA3E11052F6792C000D249;FC081C55582CED11A62CD892C0003F2A;2025-05-17;-6.0;-925.3000000000001
58EAC9EB411DEE1191EE1065050029B9;FC081C55582CED11A62CD892C0003F2A;2025-05-17;-2.0;-2109.0
E0174C7D452EEE1191EE1065050029B9;FC081C55582CED11A62CD892C0003F2A;2025-05-17;-2.0;-47.4
240E554CA60C7E110819BB65050039AA;FC081C55582CED11A62CD892C0003F2A;2025-05-17;-2.0;-323.8
0114768C1A5FFE11F1557891FE697689;FC081C55582CED11A62CD892C0003F2A;2025-05-17;-2.0;-105.94
8335909E174AAE11BE21106505001E4A;FC081C55582CED11A62CD892C0003F2A;2025-05-17;-2.0;-1180.0
C64EE207D13A7E110819BB65050029AA;FC081C55582CED11A62CD892C0003F2A;2025-05-17;-2.0;-674.14
A6EB8333514C7E110819BB65050039AA;FC081C55582CED11A62CD892C0003F2A;2025-05-17;-4.0;-547.92
27ECDB8A7D0CFE111280106505000919;FC081C55582CED11A62CD892C0003F2A;2025-05-17;-4.0;-501.22
55A66370E922FD110DC22A92C0006778;FC081C55582CED11A62CD892C0003F2A;2025-05-17;-2.0;-513.84
9C6B24C9932FFE11F1557891FE693689;FC081C55582CED11A62CD892C0003F2A;2025-05-17;-2.0;-946.84
B019AA3111CAED11A62CD892C0003F2A;FC081C55582CED11A62CD892C0003F2A;2025-05-17;-6.0;-2577.48
0979BE46AF6DFE11F1557891FE690489;FC081C55582CED11A62CD892C0003F2A;2025-05-17;-2.0;-239.4
6A18578DDB32FE1191EE10650500BCB9;FC081C55582CED11A62CD892C0003F2A;2025-05-17;-2.0;-235.3
009779C141CAED11A62CD892C0003F2A;FC081C55582CED11A62CD892C0003F2A;2025-05-17;-2.0;-437.46
9CF6BB3F5A1B8E11F243BB650500814B;FC081C55582CED11A62CD892C0003F2A;2025-05-17;-6.0;-909.54
843B89C178E4DE11ADB31065050031C8;FC081C55582CED11A62CD892C0003F2A;2025-05-17;-12.0;-3053.7599999999998
51ADEA7CEB8DED11A62CD892C0003F2A;FC081C55582CED11A62CD892C0003F2A;2025-05-17;-2.0;-354.46
40A3DD5E9D67EE1191EE1065050017B9;FC081C55582CED11A62CD892C0003F2A;2025-05-17;-2.0;-386.8
263E17D851CAED11A62CD892C0003F2A;FC081C55582CED11A62CD892C0003F2A;2025-05-17;-4.0;-2471.42
24EC4EE7A0CAED11A62CD892C0003F2A;FC081C55582CED11A62CD892C0003F2A;2025-05-17;-10.0;-416.41999999999996
FA7A20CE8E016E1142D58A650500AD08;FC081C55582CED11A62CD892C0003F2A;2025-05-17;-2.0;-382.04
7BC55D047294DE11ADB310650500C0C8;FC081C55582CED11A62CD892C0003F2A;2025-05-17;-2.0;-372.86
0BAE030ACEF5DE11ADB31065050092C8;FC081C55582CED11A62CD892C0003F2A;2025-05-17;-2.0;-382.24
785082BC1E7ABE11877210650500AA59;FC081C55582CED11A62CD892C0003F2A;2025-05-17;-2.0;-256.0
EBFBD80C6F466E11B7B78A650500BC08;FC081C55582CED11A62CD892C0003F2A;2025-05-17;-6.0;-417.36
03E44B4EA4FAEE1191EE1065050029B9;FC081C55582CED11A62CD892C0003F2A;2025-05-17;-2.0;-229.36
AECE11FC84410F11112A674AC7E20989;FC081C55582CED11A62CD892C0003F2A;2025-05-17;-2.0;-205.44
B4242D2100E7EE1191EE10650500A7B9;FC081C55582CED11A62CD892C0003F2A;2025-05-17;-2.0;-7.7
EDD1574CE142DE11ADB310650500BDB8;FC081C55582CED11A62CD892C0003F2A;2025-05-17;-4.0;-144.2
388242019A3BED11A62CD892C0003F2A;FC081C55582CED11A62CD892C0003F2A;2025-05-17;-8.0;-1298.5
E25FB931FAE1DE11ADB3106505004DB8;FC081C55582CED11A62CD892C0003F2A;2025-05-17;-2.0;-1254.66
70E3B0C1DEF9AE11BE2110650500BD4A;FC081C55582CED11A62CD892C0003F2A;2025-05-17;-2.0;-188.68
E21D764579B1EE114066106505001C4A;FC081C55582CED11A62CD892C0003F2A;2025-05-17;-2.0;-495.78
C014557771F10F114EF7A826072BF989;FC081C55582CED11A62CD892C0003F2A;2025-05-17;-6.0;-338.1
EB5627ADC0CAED11A62CD892C0003F2A;FC081C55582CED11A62CD892C0003F2A;2025-05-17;-2.0;-410.02
7F917D757642FE1191EE10650500CCB9;FC081C55582CED11A62CD892C0003F2A;2025-05-17;-4.0;-768.98
867EE8E03605EE11B1AD10650500A8EA;FC081C55582CED11A62CD892C0003F2A;2025-05-17;-2.0;-461.7
F46720E81FD1DE11ADB3106505003DB8;FC081C55582CED11A62CD892C0003F2A;2025-05-17;-2.0;-653.04
1367E4C6AE3C9E11726010650500F84A;FC081C55582CED11A62CD892C0003F2A;2025-05-17;-2.0;-312.1
00CF9589C8846E11B7B78A650500BC08;FC081C55582CED11A62CD892C0003F2A;2025-05-17;-2.0;-160.94
0D3A821ED817FE1191EE1065050023C9;FC081C55582CED11A62CD892C0003F2A;2025-05-17;-2.0;-206.64
3BA312A45808FE11128010650500D819;FC081C55582CED11A62CD892C0003F2A;2025-05-17;-2.0;-2359.3
C3DC53538ABAFE11128010650500E819;FC081C55582CED11A62CD892C0003F2A;2025-05-17;-4.0;-118.56
29D7334651CAED11A62CD892C0003F2A;FC081C55582CED11A62CD892C0003F2A;2025-05-17;-2.0;-391.06
76D0FAA95A530E11A4A96492C00008E9;FC081C55582CED11A62CD892C0003F2A;2025-05-17;-2.0;-464.42
1F280D4ACE23FD110DC22A92C000C499;FC081C55582CED11A62CD892C0003F2A;2025-05-17;-4.0;-623.5
F4FA44C26BE15E1142D58A650500BC08;FC081C55582CED11A62CD892C0003F2A;2025-05-17;-2.0;-61.6
CBDADAF26687EE1191EE1065050037B9;FC081C55582CED11A62CD892C0003F2A;2025-05-17;-2.0;-309.58
0A9EF37B8A65EE11B1AD1065050039EA;FC081C55582CED11A62CD892C0003F2A;2025-05-17;-2.0;-46.0
179F13DA891A6E11B7B78A650500BC08;FC081C55582CED11A62CD892C0003F2A;2025-05-17;-8.0;-1686.64
EF2B30B1D09EBE11877210650500DF59;FC081C55582CED11A62CD892C0003F2A;2025-05-17;-4.0;-101.44
A939EDCDEE2FEE1191EE1065050029B9;FC081C55582CED11A62CD892C0003F2A;2025-05-17;-4.0;-176.82
93A6B7DB01CAED11A62CD892C0003F2A;FC081C55582CED11A62CD892C0003F2A;2025-05-17;-2.0;-275.98
699261CC04907E11B7B78A650500CD08;FC081C55582CED11A62CD892C0003F2A;2025-05-17;-2.0;-638.4
2D08097C0110EE11406610650500F94A;FC081C55582CED11A62CD892C0003F2A;2025-05-17;-4.0;-690.68
FAF6955D82C5EE1191EE1065050045B9;FC081C55582CED11A62CD892C0003F2A;2025-05-17;-2.0;-244.0
B91673C1B4DCAE11BE2110650500515A;FC081C55582CED11A62CD892C0003F2A;2025-05-17;-2.0;-160.76
C5AF8A5FC0CAED11A62CD892C0003F2A;FC081C55582CED11A62CD892C0003F2A;2025-05-17;-2.0;-221.1
C98B82692642FE1191EE10650500CCB9;FC081C55582CED11A62CD892C0003F2A;2025-05-17;-2.0;-3381.1
4EB6E7FAA1365E1142D58A650500DC08;FC081C55582CED11A62CD892C0003F2A;2025-05-17;-8.0;-125.38000000000001
3A3EEDF7568EFE11F1557891FE696589;FC081C55582CED11A62CD892C0003F2A;2025-05-17;-6.0;-498.0
A09DE472E0CAED11A62CD892C0003F2A;FC081C55582CED11A62CD892C0003F2A;2025-05-17;-2.0;-861.62
55EACCA36978FE11128010650500D819;FC081C55582CED11A62CD892C0003F2A;2025-05-17;-2.0;-867.16
D2F9C423A717FE1191EE1065050023C9;FC081C55582CED11A62CD892C0003F2A;2025-05-17;-2.0;-2918.54
EC8505D7415DEE1191EE1065050029B9;FC081C55582CED11A62CD892C0003F2A;2025-05-17;-2.0;-1407.34
765ED1CF2BC6AE11BE2110650500A94A;FC081C55582CED11A62CD892C0003F2A;2025-05-17;-4.0;-96.24
0FE8AA63236BCE11ADB31065050034B8;FC081C55582CED11A62CD892C0003F2A;2025-05-17;-2.0;-94.0
0D4942B82EBD7E110819BB65050039AA;FC081C55582CED11A62CD892C0003F2A;2025-05-17;-6.0;-45.78
84A9A24C29BD5E1142D58A6505002D08;FC081C55582CED11A62CD892C0003F2A;2025-05-17;-2.0;-340.4
4294F80B58138E117E64BB6505004BAA;FC081C55582CED11A62CD892C0003F2A;2025-05-17;-14.0;-1517.04
EA4F278C0ADEAE11BE2110650500E35A;FC081C55582CED11A62CD892C0003F2A;2025-05-17;-4.0;-118.88
F358F2FDF513CE118772106505009569;FC081C55582CED11A62CD892C0003F2A;2025-05-17;-2.0;-2278.62
3ECD899433CF3E11F7F68A650500DB08;FC081C55582CED11A62CD892C0003F2A;2025-05-17;-2.0;-221.88
52DEA9F7304ABE118772106505005A59;FC081C55582CED11A62CD892C0003F2A;2025-05-17;-2.0;-144.62
9E74A4B63DE40E11A4A96492C000067B;FC081C55582CED11A62CD892C0003F2A;2025-05-17;-8.0;-439.3
17EB5B5A04D7EE1191EE1065050097B9;FC081C55582CED11A62CD892C0003F2A;2025-05-17;-4.0;-135.2
0D2ACDBCC4A0EE11406610650500BA4A;FC081C55582CED11A62CD892C0003F2A;2025-05-17;-2.0;-268.76
B6ACBC211783DE11ADB3106505005FB8;FC081C55582CED11A62CD892C0003F2A;2025-05-17;-6.0;-1971.42
6995042F3B483E11052F6792C000B249;FC081C55582CED11A62CD892C0003F2A;2025-05-17;-2.0;-554.68
832CA1D1D1A60E11A4A96492C0004B38;FC081C55582CED11A62CD892C0003F2A;2025-05-17;-6.0;-949.3799999999999
9464A8D5D290BE11BE2110650500165A;FC081C55582CED11A62CD892C0003F2A;2025-05-17;-6.0;-801.32
111EA7CEF271FE1191EE10650500BBB9;FC081C55582CED11A62CD892C0003F2A;2025-05-17;-2.0;-275.44
44DF4FAD6C68FE11128010650500D819;FC081C55582CED11A62CD892C0003F2A;2025-05-17;-2.0;-2213.98
E3853D0A932FFE11F1557891FE693689;FC081C55582CED11A62CD892C0003F2A;2025-05-17;-2.0;-2778.78
30836BD9FB5CCE11ADB31065050095B8;FC081C55582CED11A62CD892C0003F2A;2025-05-17;-2.0;-766.18
912DA8FFEDC59E11554010650500FF3B;FC081C55582CED11A62CD892C0003F2A;2025-05-17;-2.0;-748.0
C332636C77018E110819BB65050039AA;FC081C55582CED11A62CD892C0003F2A;2025-05-17;-12.0;-371.04
9ACEEB5DBB297E110819BB65050009AA;FC081C55582CED11A62CD892C0003F2A;2025-05-17;-2.0;-2337.34
5F9FD5800DAAAE11BE21106505009E4A;FC081C55582CED11A62CD892C0003F2A;2025-05-17;-4.0;-282.0
234B6592595EDE11406610650500C74A;FC081C55582CED11A62CD892C0003F2A;2025-05-17;-2.0;-589.12
89C029B21D1DDE11406610650500164A;FC081C55582CED11A62CD892C0003F2A;2025-05-17;-4.0;-270.04
558330F106DFAE11BE2110650500255A;FC081C55582CED11A62CD892C0003F2A;2025-05-17;-2.0;-348.16
DDD7334651CAED11A62CD892C0003F2A;FC081C55582CED11A62CD892C0003F2A;2025-05-17;-2.0;-717.88
EE8A5EA3541ECE11ADB310650500E7B8;FC081C55582CED11A62CD892C0003F2A;2025-05-17;-2.0;-668.64
E88EB7DDA222AE11726010650500805A;FC081C55582CED11A62CD892C0003F2A;2025-05-17;-4.0;-453.24
D13DEB261A68FE11128010650500D819;FC081C55582CED11A62CD892C0003F2A;2025-05-17;-2.0;-700.04
15C3662C575FFE11F1557891FE697689;FC081C55582CED11A62CD892C0003F2A;2025-05-17;-2.0;-105.0
8DBDDC2E348DFE11F1557891FE692489;FC081C55582CED11A62CD892C0003F2A;2025-05-17;-2.0;-439.64
11970D706D399E11525010650500E94A;FC081C55582CED11A62CD892C0003F2A;2025-05-17;-4.0;-302.12
34AEA4E0A815FD110DC22A92C0009D7B;FC081C55582CED11A62CD892C0003F2A;2025-05-17;-4.0;-527.66
6B3E560A3F2DFE11F1557891FE69B389;FC081C55582CED11A62CD892C0003F2A;2025-05-17;-4.0;-898.56
FCC087141663EE11B1AD1065050096EA;FC081C55582CED11A62CD892C0003F2A;2025-05-17;-2.0;-770.7
58160BC62767BE11877210650500B659;FC081C55582CED11A62CD892C0003F2A;2025-05-17;-2.0;-134.34
1AD09E37D4F5FE1191EE10650500A1C9;FC081C55582CED11A62CD892C0003F2A;2025-05-17;-2.0;-390.58
9DAD633DFDC59E11554010650500FF3B;FC081C55582CED11A62CD892C0003F2A;2025-05-17;-2.0;-748.0
4BC78250995BEE1191EE1065050029B9;FC081C55582CED11A62CD892C0003F2A;2025-05-17;-3.0;-2984.68
AF634341EAC6EE1191EE1065050086B9;FC081C55582CED11A62CD892C0003F2A;2025-05-17;-2.0;-354.1
50E7FA44F280BE11BE2110650500065A;FC081C55582CED11A62CD892C0003F2A;2025-05-17;-2.0;-426.06
205BCFB931CAED11A62CD892C0003F2A;FC081C55582CED11A62CD892C0003F2A;2025-05-17;-2.0;-80.62
1FCC097A551ECE11ADB310650500E7B8;FC081C55582CED11A62CD892C0003F2A;2025-05-17;-4.0;-644.02
59B862AE7FCA9E11525010650500EB4A;FC081C55582CED11A62CD892C0003F2A;2025-05-17;-2.0;-577.88
1E1C7FADCB804E1142D58A650500DB08;FC081C55582CED11A62CD892C0003F2A;2025-05-17;-4.0;-445.36
375BD54551CAED11A62CD892C0003F2A;FC081C55582CED11A62CD892C0003F2A;2025-05-17;-2.0;-370.78
2A98A6F94F54DE11ADB31065050080C8;FC081C55582CED11A62CD892C0003F2A;2025-05-17;-2.0;-134.34
8919B39B05586E11B7B78A650500BC08;FC081C55582CED11A62CD892C0003F2A;2025-05-17;-6.0;-153.0
4FB0BB8E4B768E11F243BB650500AB3B;FC081C55582CED11A62CD892C0003F2A;2025-05-17;-2.0;-301.64
0F9BDEC4A471BE11BE2110650500375A;FC081C55582CED11A62CD892C0003F2A;2025-05-17;-2.0;-635.4
A18750AE8222AE11726010650500805A;FC081C55582CED11A62CD892C0003F2A;2025-05-17;-2.0;-228.44
20074E729F4DDE11406610650500564A;FC081C55582CED11A62CD892C0003F2A;2025-05-17;-2.0;-223.52
923353A555D3DE11ADB310650500BFB8;FC081C55582CED11A62CD892C0003F2A;2025-05-17;-2.0;-1458.2
8D324698AEDC9E11726010650500C94A;FC081C55582CED11A62CD892C0003F2A;2025-05-17;-2.0;-172.02
7AB64270F6EBEE1191EE1065050029B9;FC081C55582CED11A62CD892C0003F2A;2025-05-17;-2.0;-410.58
5522A88C41CAED11A62CD892C0003F2A;FC081C55582CED11A62CD892C0003F2A;2025-05-17;-2.0;-927.34
CBC786987F8FCE11ADB310650500E9B8;FC081C55582CED11A62CD892C0003F2A;2025-05-17;-2.0;-153.66
3376DFB9044C7E110819BB65050039AA;FC081C55582CED11A62CD892C0003F2A;2025-05-17;-4.0;-1977.92
BC3DED8507A2DE11ADB3106505003EB8;FC081C55582CED11A62CD892C0003F2A;2025-05-17;-2.0;-307.48
B03EE3918D3AAE11BE21106505000E4A;FC081C55582CED11A62CD892C0003F2A;2025-05-17;-2.0;-355.7
050CA867413FEE1191EE1065050029B9;FC081C55582CED11A62CD892C0003F2A;2025-05-17;-2.0;-464.44
C3B68F05DC79EE1191EE1065050009B9;FC081C55582CED11A62CD892C0003F2A;2025-05-17;-2.0;-349.46
A2597EEBFA3DFE11F1557891FE69C389;FC081C55582CED11A62CD892C0003F2A;2025-05-17;-2.0;-213.88
E938FC289F900F11F1557891FE691889;FC081C55582CED11A62CD892C0003F2A;2025-05-17;-2.0;-186.82
009BDC3256D46E11B7B78A650500BC08;FC081C55582CED11A62CD892C0003F2A;2025-05-17;-2.0;-466.82
3E23388C83A76E11B7B78A650500BC08;FC081C55582CED11A62CD892C0003F2A;2025-05-17;-4.0;-970.24
FCE9B80E40D2FE1191EE106505007DB9;FC081C55582CED11A62CD892C0003F2A;2025-05-17;-2.0;-125.54
8BF2753CEF574E1142D58A6505002C08;FC081C55582CED11A62CD892C0003F2A;2025-05-17;-2.0;-382.62
68C54DAFC242EE11406610650500DC4A;FC081C55582CED11A62CD892C0003F2A;2025-05-17;-2.0;-230.82
23775197A9BF8E11F243BB650500F74B;FC081C55582CED11A62CD892C0003F2A;2025-05-17;-2.0;-530.8
EBE46ADB16CFAE11BE2110650500155A;FC081C55582CED11A62CD892C0003F2A;2025-05-17;-2.0;-80.74
206A03DC7B8E0E1143F0668E42001D49;FC081C55582CED11A62CD892C0003F2A;2025-05-17;-2.0;-1503.68
C48BCC0A68138E110223BB6505005BAA;FC081C55582CED11A62CD892C0003F2A;2025-05-17;-2.0;-986.56
73228585A1256E11B7B78A650500BC08;B0BDDED34CC83E11052F6792C000B249;2025-05-17;-8.0;-237.89999999999998
B1F098837A5D7E110819BB65050039AA;B0BDDED34CC83E11052F6792C000B249;2025-05-17;-2.0;-5.76
2C4F31C65596DE11ADB31065050053C8;B0BDDED34CC83E11052F6792C000B249;2025-05-17;-4.0;-709.96
08BF99BDE1CAED11A62CD892C0003F2A;B0BDDED34CC83E11052F6792C000B249;2025-05-17;-2.0;-343.8
33993B4824789E11525010650500D84A;B0BDDED34CC83E11052F6792C000B249;2025-05-17;-2.0;-37.72
ABC6953C5BE15E1142D58A650500BC08;B0BDDED34CC83E11052F6792C000B249;2025-05-17;-4.0;-115.2
AC0ECEF0EC065E1142D58A650500DC08;B0BDDED34CC83E11052F6792C000B249;2025-05-17;-100.0;-532.0
ACC27A7E2D6C0E11A4A96492C0001269;B0BDDED34CC83E11052F6792C000B249;2025-05-17;-2.0;-422.18
670434AC41248E113835BB6505009CAA;B0BDDED34CC83E11052F6792C000B249;2025-05-17;-2.0;-67.0
EBFBD80C6F466E11B7B78A650500BC08;B0BDDED34CC83E11052F6792C000B249;2025-05-17;-2.0;-139.12
809E3C38484BBE11877210650500AB59;B0BDDED34CC83E11052F6792C000B249;2025-05-17;-2.0;-13.62
DDFAB501B0CAED11A62CD892C0003F2A;B0BDDED34CC83E11052F6792C000B249;2025-05-17;-2.0;-99.18
32C28F7A4DEABE118772106505003B59;B0BDDED34CC83E11052F6792C000B249;2025-05-17;-4.0;-420.8
075F2B42FAE44E1142D58A6505002C08;B0BDDED34CC83E11052F6792C000B249;2025-05-17;-2.0;-362.04
185818F9E64DEE1191EE1065050029B9;B0BDDED34CC83E11052F6792C000B249;2025-05-17;-2.0;-105.94
B65A9DB8256EEE1191EE1065050029B9;B0BDDED34CC83E11052F6792C000B249;2025-05-17;-6.0;-528.0
4CEBE596FB913E11052F6792C000CF39;B0BDDED34CC83E11052F6792C000B249;2025-05-17;-2.0;-1770.0
948C8B35EA93FE1191EE106505009EB9;B0BDDED34CC83E11052F6792C000B249;2025-05-17;-2.0;-177.42
AFB26ACEDEE3DE11ADB310650500DFB8;B0BDDED34CC83E11052F6792C000B249;2025-05-17;-4.0;-23.88
19995C707C82DE11ADB3106505001EB8;B0BDDED34CC83E11052F6792C000B249;2025-05-17;-2.0;-808.12
8B9A732C14BEEE1191EE1065050029B9;B0BDDED34CC83E11052F6792C000B249;2025-05-17;-6.0;-691.3199999999999
42219D8932106E1142D58A650500AD08;B0BDDED34CC83E11052F6792C000B249;2025-05-17;-2.0;-184.12
FFD8CA5501CAED11A62CD892C0003F2A;B0BDDED34CC83E11052F6792C000B249;2025-05-17;-4.0;-673.2
C519E62F330EEE1191EE1065050029B9;B0BDDED34CC83E11052F6792C000B249;2025-05-17;-2.0;-738.02
C8904BBEC0CAED11A62CD892C0003F2A;B0BDDED34CC83E11052F6792C000B249;2025-05-17;-2.0;-221.1
9917DF2A887CCE11ADB310650500B5B8;B0BDDED34CC83E11052F6792C000B249;2025-05-17;-4.0;-145.76
D8A092A311E1FE1191EE106505004CB9;B0BDDED34CC83E11052F6792C000B249;2025-05-17;-2.0;-937.3
88E3EB2B2EF10F114EF7A826072B0A89;B0BDDED34CC83E11052F6792C000B249;2025-05-17;-2.0;-121.2
8504AB400B7ECE11ADB31065050068B8;B0BDDED34CC83E11052F6792C000B249;2025-05-17;-2.0;-371.22
B816285AA44FDE11406610650500F84A;B0BDDED34CC83E11052F6792C000B249;2025-05-17;-14.0;-848.8199999999999
2776EC1BFE7ABE11877210650500AA59;B0BDDED34CC83E11052F6792C000B249;2025-05-17;-2.0;-628.18
C4F0B03C697FEE1191EE1065050039B9;B0BDDED34CC83E11052F6792C000B249;2025-05-17;-2.0;-616.58
F9301C8933817E11B7B78A650500CD08;B0BDDED34CC83E11052F6792C000B249;2025-05-17;-6.0;-426.0
76848C99ECC65E1142D58A650500DC08;B0BDDED34CC83E11052F6792C000B249;2025-05-17;-4.0;-1429.52
D696D8CC1A5FFE11F1557891FE697689;B0BDDED34CC83E11052F6792C000B249;2025-05-17;-4.0;-265.16
5C63DD9371491E1143F0668E42006B8B;B0BDDED34CC83E11052F6792C000B249;2025-05-17;-4.0;-479.6
FF9E86B00FC18E113835BB650500B9AA;B0BDDED34CC83E11052F6792C000B249;2025-05-17;-12.0;-266.28000000000003
C90B8BE5BFC85E1142D58A650500DC08;B0BDDED34CC83E11052F6792C000B249;2025-05-17;-8.0;-977.12
5096C19D764E3E11052F6792C000D249;B0BDDED34CC83E11052F6792C000B249;2025-05-17;-6.0;-212.28000000000003
AAFA7C85A1F6FE1191EE10650500E2C9;B0BDDED34CC83E11052F6792C000B249;2025-05-17;-2.0;-1757.24
FE4D455DE0CAED11A62CD892C0003F2A;B0BDDED34CC83E11052F6792C000B249;2025-05-17;-4.0;-968.44
A245EEE517D6EE1191EE1065050096B9;B0BDDED34CC83E11052F6792C000B249;2025-05-17;-2.0;-1346.14
94851C935D51FD110DC22A92C000DD89;B0BDDED34CC83E11052F6792C000B249;2025-05-17;-2.0;-27.88
C0D5AC833BF8CE11ADB31065050001B8;B0BDDED34CC83E11052F6792C000B249;2025-05-17;-12.0;-1082.4
A05BCFB931CAED11A62CD892C0003F2A;B0BDDED34CC83E11052F6792C000B249;2025-05-17;-2.0;-308.14
BD1957F1E0CAED11A62CD892C0003F2A;B0BDDED34CC83E11052F6792C000B249;2025-05-17;-4.0;-1292.1
3201C7FFF0CAED11A62CD892C0003F2A;B0BDDED34CC83E11052F6792C000B249;2025-05-17;-2.0;-81.84
73AA73AEB646CE11ADB3106505008DA8;B0BDDED34CC83E11052F6792C000B249;2025-05-17;-2.0;-174.62
E3CDC0B06E3CEE1191EE1065050029B9;B0BDDED34CC83E11052F6792C000B249;2025-05-17;-2.0;-92.22
65D195188342EE11406610650500DC4A;B0BDDED34CC83E11052F6792C000B249;2025-05-17;-2.0;-336.86
D3AEA4E0A815FD110DC22A92C0009D7B;B0BDDED34CC83E11052F6792C000B249;2025-05-17;-2.0;-321.2
19EA96458B50EE114066106505005A4A;B0BDDED34CC83E11052F6792C000B249;2025-05-17;-2.0;-42.46
AC734C6AEC96BE11877210650500B559;B0BDDED34CC83E11052F6792C000B249;2025-05-17;-2.0;-168.88
149D7A087A947E11B7B78A650500ED08;B0BDDED34CC83E11052F6792C000B249;2025-05-17;-2.0;-171.34
86004D8311CAED11A62CD892C0003F2A;B0BDDED34CC83E11052F6792C000B249;2025-05-17;-2.0;-796.22
B58416B947E4DE11ADB31065050031C8;B0BDDED34CC83E11052F6792C000B249;2025-05-17;-4.0;-484.14
9697BF6A01CAED11A62CD892C0003F2A;B0BDDED34CC83E11052F6792C000B249;2025-05-17;-2.0;-319.22
5E180FB54CBDCE11ADB31065050077B8;B0BDDED34CC83E11052F6792C000B249;2025-05-17;-2.0;-329.36
010E98BA2B9FFE11F1557891FE69C689;B0BDDED34CC83E11052F6792C000B249;2025-05-17;-2.0;-684.72
C786FA88A8E9BE11877210650500E959;B0BDDED34CC83E11052F6792C000B249;2025-05-17;-2.0;-231.0
D19BB862B0CAED11A62CD892C0003F2A;B0BDDED34CC83E11052F6792C000B249;2025-05-17;-2.0;-68.02
9B855D3C340BEE1191EE1065050029B9;B0BDDED34CC83E11052F6792C000B249;2025-05-17;-2.0;-63.24
02314C14B7363E11052F6792C000FF39;B0BDDED34CC83E11052F6792C000B249;2025-05-17;-2.0;-121.76
350267648D4EFE11F1557891FE692589;B0BDDED34CC83E11052F6792C000B249;2025-05-17;-2.0;-820.64
960CC5AFED71FE1191EE10650500CBB9;B0BDDED34CC83E11052F6792C000B249;2025-05-17;-2.0;-822.44
64A0DE79ACD75E1142D58A650500DC08;B0BDDED34CC83E11052F6792C000B249;2025-05-17;-2.0;-248.64
D99E9BC431010F11112A674AC7E2B889;B0BDDED34CC83E11052F6792C000B249;2025-05-17;-4.0;-1017.36
0C0D1EBFBF3FAE11BE2110650500645A;B0BDDED34CC83E11052F6792C000B249;2025-05-17;-4.0;-150.66
9F3C6A371ABAFE11128010650500E819;B0BDDED34CC83E11052F6792C000B249;2025-05-17;-2.0;-1345.54
1DBCDCFCC82ADE11406610650500224A;B0BDDED34CC83E11052F6792C000B249;2025-05-17;-2.0;-546.68
D2CB1CCADAF69E11554010650500714B;B0BDDED34CC83E11052F6792C000B249;2025-05-17;-4.0;-557.6
06CB16F2EB596E11B7B78A650500BC08;B0BDDED34CC83E11052F6792C000B249;2025-05-17;-2.0;-56.66
069B72C890CAED11A62CD892C0003F2A;B0BDDED34CC83E11052F6792C000B249;2025-05-17;-2.0;-177.3
FF2AC67DFD92FE1191EE106505003DB9;B0BDDED34CC83E11052F6792C000B249;2025-05-17;-4.0;-1377.92
1A37955D82C5EE1191EE1065050045B9;B0BDDED34CC83E11052F6792C000B249;2025-05-17;-2.0;-124.0
79FD163C08C57E11B7B78A650500ED08;B0BDDED34CC83E11052F6792C000B249;2025-05-17;-2.0;-765.24
F890D80ADF61FE1191EE10650500BBB9;B0BDDED34CC83E11052F6792C000B249;2025-05-17;-2.0;-108.28
7A0870A6B5D83E11052F6792C000B249;B0BDDED34CC83E11052F6792C000B249;2025-05-17;-4.0;-686.2
89C029B21D1DDE11406610650500164A;B0BDDED34CC83E11052F6792C000B249;2025-05-17;-4.0;-308.7
A76C3997B34C2E11052F6792C000CF39;B0BDDED34CC83E11052F6792C000B249;2025-05-17;-2.0;-284.8
F5E165D037F74E1142D58A6505002C08;B0BDDED34CC83E11052F6792C000B249;2025-05-17;-2.0;-336.6
AA3F7DF37FAF5E1142D58A650500AD08;B0BDDED34CC83E11052F6792C000B249;2025-05-17;-2.0;-379.82
E8110F3314D7EE1191EE1065050097B9;B0BDDED34CC83E11052F6792C000B249;2025-05-17;-4.0;-123.88
A688FB5F34627E11B7B78A650500CD08;B0BDDED34CC83E11052F6792C000B249;2025-05-17;-2.0;-347.52
51D81EDCC2F2DE11ADB3106505009EB8;B0BDDED34CC83E11052F6792C000B249;2025-05-17;-4.0;-2119.44
FE40C462F123CE11877210650500A569;B0BDDED34CC83E11052F6792C000B249;2025-05-17;-6.0;-180.42
450B8C3C5CE7EE1191EE10650500B7B9;B0BDDED34CC83E11052F6792C000B249;2025-05-17;-2.0;-13.16
342B845D4972FE1191EE106505000DB9;B0BDDED34CC83E11052F6792C000B249;2025-05-17;-2.0;-663.46
CC7AA77989A67E11B7B78A650500ED08;B0BDDED34CC83E11052F6792C000B249;2025-05-17;-2.0;-178.54
3103C2F9C62EEE1191EE1065050029B9;B0BDDED34CC83E11052F6792C000B249;2025-05-17;-4.0;-231.84
AAA7CF327AF94E1142D58A6505009C08;B0BDDED34CC83E11052F6792C000B249;2025-05-17;-2.0;-580.32
E484C0E058B13E11052F6792C000CF39;B0BDDED34CC83E11052F6792C000B249;2025-05-17;-2.0;-152.22
E708AA2CF4EBDE11406610650500744A;B0BDDED34CC83E11052F6792C000B249;2025-05-17;-2.0;-124.96
D71289756077FE1191EE1065050093C9;B0BDDED34CC83E11052F6792C000B249;2025-05-17;-2.0;-440.88
AE645EFE8541DE11ADB3106505007CB8;B0BDDED34CC83E11052F6792C000B249;2025-05-17;-2.0;-704.36
FB0EB98E3597FE1191EE10650500C3C9;B0BDDED34CC83E11052F6792C000B249;2025-05-17;-2.0;-1474.94
427310B7F5CD2E11052F6792C000CF39;B0BDDED34CC83E11052F6792C000B249;2025-05-17;-2.0;-817.6
EEF6B9DA12238E117E64BB6505005BAA;B0BDDED34CC83E11052F6792C000B249;2025-05-17;-2.0;-75.0
6C4F278C0ADEAE11BE2110650500E35A;B0BDDED34CC83E11052F6792C000B249;2025-05-17;-10.0;-243.0
1F6A662D222DFE11F1557891FE69A389;B0BDDED34CC83E11052F6792C000B249;2025-05-17;-2.0;-111.42
8397BF6A01CAED11A62CD892C0003F2A;B0BDDED34CC83E11052F6792C000B249;2025-05-17;-2.0;-495.5
B812270E1814EE11B1AD1065050077EA;B0BDDED34CC83E11052F6792C000B249;2025-05-17;-2.0;-234.9
829E3CDCE1EDFE11F1557891FE699489;FC081C55582CED11A62CD892C0003F2A;2025-05-17;-4.0;-440.0
A9590A384C456E11B7B78A650500BC08;44673735EAF46E11B7B78A650500BC08;2025-05-17;2.0;416.24
2489CCD7C9BF0E1123F0668E42005B38;B0BDDED34CC83E11052F6792C000B249;2025-05-17;-14.0;-329.08
769AD1693D456E11B7B78A650500BC08;44673735EAF46E11B7B78A650500BC08;2025-05-17;-6.0;-271.92
006902914575EE1191EE10650500D4B9;44673735EAF46E11B7B78A650500BC08;2025-05-17;32.0;1136.48
E12609A40C98EE1191EE10650500A8B9;44673735EAF46E11B7B78A650500BC08;2025-05-17;-4.0;-987.36
83DB6294A42AFE11128010650500E819;44673735EAF46E11B7B78A650500BC08;2025-05-17;0.0;0.0
C181BA22C6CABE118772106505000B59;44673735EAF46E11B7B78A650500BC08;2025-05-17;0.0;0.0
82B8E25E98468E11F243BB6505006B3B;44673735EAF46E11B7B78A650500BC08;2025-05-17;-8.0;-1125.6
3DD31F9234627E11B7B78A650500CD08;44673735EAF46E11B7B78A650500BC08;2025-05-17;0.0;0.0
B075901085B59E11554010650500DF3B;44673735EAF46E11B7B78A650500BC08;2025-05-17;0.0;0.0
877E5C484CE8CE11ADB310650500F0B8;44673735EAF46E11B7B78A650500BC08;2025-05-17;0.0;0.0
C8C1665955C0BE11BE2110650500565A;44673735EAF46E11B7B78A650500BC08;2025-05-17;-4.0;-304.0
26AB92E0D2A7FE1191EE10650500D3C9;44673735EAF46E11B7B78A650500BC08;2025-05-17;6.0;2198.16
DAD2DF7B12EC6E11B7B78A650500BC08;44673735EAF46E11B7B78A650500BC08;2025-05-17;0.0;0.0
7002AE3A2A6BFE111280106505000919;44673735EAF46E11B7B78A650500BC08;2025-05-17;-2.0;-126.2
4028CB2C1D456E11B7B78A650500BC08;44673735EAF46E11B7B78A650500BC08;2025-05-17;34.0;53516.0
8E40DCEDC5C0CE11877210650500A269;44673735EAF46E11B7B78A650500BC08;2025-05-17;8.0;14064.0
0A3919CA7A020F114EF7A826072B1A89;44673735EAF46E11B7B78A650500BC08;2025-05-17;4.0;34544.0
439940DDED67EE1191EE1065050017B9;44673735EAF46E11B7B78A650500BC08;2025-05-17;20.0;66660.0
5636E924AA21BE11BE2110650500D65A;44673735EAF46E11B7B78A650500BC08;2025-05-17;8.0;6204.0
C636E924AA21BE11BE2110650500D65A;44673735EAF46E11B7B78A650500BC08;2025-05-17;8.0;5976.0
8BEFAB5084D57E11B7B78A650500ED08;44673735EAF46E11B7B78A650500BC08;2025-05-17;22.0;1255.38
7183590AC6D3AE11726010650500B25A;44673735EAF46E11B7B78A650500BC08;2025-05-17;80.0;11780.0
9D6995D34E1FCE11ADB31065050039B8;44673735EAF46E11B7B78A650500BC08;2025-05-17;10.0;1358.5
15A0A4B38439BE118772106505000959;44673735EAF46E11B7B78A650500BC08;2025-05-17;0.0;0.0
A2FDBF5E952C6E11B7B78A650500BC08;44673735EAF46E11B7B78A650500BC08;2025-05-17;0.0;0.0
935ECEDC4439BE118772106505000959;44673735EAF46E11B7B78A650500BC08;2025-05-17;0.0;0.0
659DDAC30031DE11ADB3106505005CB8;44673735EAF46E11B7B78A650500BC08;2025-05-17;0.0;0.0
892CD956A0CAED11A62CD892C0003F2A;44673735EAF46E11B7B78A650500BC08;2025-05-17;10.0;1570.0
CCF45CFD47AACE11ADB31065050023B8;FC081C55582CED11A62CD892C0003F2A;2025-05-17;40.0;1111.08
9A087B7A10C9BE11877210650500B959;FC081C55582CED11A62CD892C0003F2A;2025-05-17;98.0;5384.7
56E515FDA3C0FE1191EE10650500DAB9;FC081C55582CED11A62CD892C0003F2A;2025-05-17;10.0;1624.8
5B66BC2CD083FE1191EE106505007EB9;FC081C55582CED11A62CD892C0003F2A;2025-05-17;60.0;830.42
FFC582E4883FDE11406610650500E84A;FC081C55582CED11A62CD892C0003F2A;2025-05-17;12.0;1083.6
F1994F8EA0CAED11A62CD892C0003F2A;44673735EAF46E11B7B78A650500BC08;2025-05-17;12.0;13812.96
0A49DE052BC6AE11BE2110650500A94A;FC081C55582CED11A62CD892C0003F2A;2025-05-17;40.0;621.76
70425FE0E0638E111E1BBB650500BBAA;FC081C55582CED11A62CD892C0003F2A;2025-05-17;10.0;412.48
72E41A04958BBE11877210650500FB59;FC081C55582CED11A62CD892C0003F2A;2025-05-17;48.0;3311.84
2EE51D13477EFE11F1557891FE695589;FC081C55582CED11A62CD892C0003F2A;2025-05-17;0.0;0.0
D1235EB8CC8EFE11F1557891FE697589;FC081C55582CED11A62CD892C0003F2A;2025-05-17;0.0;0.0
41761D13477EFE11F1557891FE695589;FC081C55582CED11A62CD892C0003F2A;2025-05-17;-2.0;-165.0
469071BA258EFE11F1557891FE696589;FC081C55582CED11A62CD892C0003F2A;2025-05-17;0.0;0.0
3C43D58CFB9A8E11F243BB650500E04B;44673735EAF46E11B7B78A650500BC08;2025-05-17;8.0;712.94
6FCBC46F2C456E11B7B78A650500BC08;44673735EAF46E11B7B78A650500BC08;2025-05-17;-28.0;-7459.4400000000005
54E317E520556E11B7B78A650500BC08;44673735EAF46E11B7B78A650500BC08;2025-05-17;-2.0;-253.08
80F7D2EB92E0DE11ADB310650500DBB8;44673735EAF46E11B7B78A650500BC08;2025-05-17;-2.0;-1356.88
060334BDE781DE11ADB310650500CCB8;44673735EAF46E11B7B78A650500BC08;2025-05-17;-18.0;-2214.0
335C8EE9F7BAFE11128010650500E819;44673735EAF46E11B7B78A650500BC08;2025-05-17;-2.0;-42.0
77D8A4B271D6FD110DC22A92C000D158;44673735EAF46E11B7B78A650500BC08;2025-05-17;-2.0;-165.18
7244DCE8E551AE117260106505008F4A;44673735EAF46E11B7B78A650500BC08;2025-05-17;-2.0;-285.58
676304C34E456E11B7B78A650500BC08;44673735EAF46E11B7B78A650500BC08;2025-05-17;-16.0;-2512.0
20914C4E45CF8E11F243BB650500084B;44673735EAF46E11B7B78A650500BC08;2025-05-17;-2.0;-66.52
FBD1B1508AADEE1191EE1065050029B9;44673735EAF46E11B7B78A650500BC08;2025-05-17;-2.0;-332.18
D8723DA83A517E11B7B78A650500CD08;44673735EAF46E11B7B78A650500BC08;2025-05-17;-2.0;-832.0
B2B3EB04AA4FFE11F1557891FE696689;44673735EAF46E11B7B78A650500BC08;2025-05-17;-2.0;-105.34
E051863185ECBE11877210650500BD59;44673735EAF46E11B7B78A650500BC08;2025-05-17;-2.0;-218.9
57652DF94AAEBE11877210650500FF59;44673735EAF46E11B7B78A650500BC08;2025-05-17;-2.0;-1120.18
6E679C94F40ADE11406610650500F14A;44673735EAF46E11B7B78A650500BC08;2025-05-17;-6.0;-138.0
1D8F9CC910556E11B7B78A650500BC08;44673735EAF46E11B7B78A650500BC08;2025-05-17;-16.0;-3682.1000000000004
A5D959C278F6DE11C846106505001F6A;44673735EAF46E11B7B78A650500BC08;2025-05-17;-2.0;-375.3
4716CCC100E7EE1191EE10650500A7B9;44673735EAF46E11B7B78A650500BC08;2025-05-17;-2.0;-24.36
D27CA2357FD7AE11BE21106505000B4A;44673735EAF46E11B7B78A650500BC08;2025-05-17;-20.0;-4924.74
11AA89BFD672DE11ADB310650500FDB8;44673735EAF46E11B7B78A650500BC08;2025-05-17;-6.0;-960.0
45720D1B63B9BE11877210650500A959;44673735EAF46E11B7B78A650500BC08;2025-05-17;-12.0;-1437.6
101EABE02D456E11B7B78A650500BC08;44673735EAF46E11B7B78A650500BC08;2025-05-17;-2.0;-1128.0
943956F7E770BE11BE2110650500F55A;44673735EAF46E11B7B78A650500BC08;2025-05-17;-2.0;-18.0
62073ECDAD8BEE1191EE1065050029B9;44673735EAF46E11B7B78A650500BC08;2025-05-17;-2.0;-184.56
32469E05C11A8E11F243BB650500304B;44673735EAF46E11B7B78A650500BC08;2025-05-17;-2.0;-105.98
DE3843D18D456E11B7B78A650500BC08;44673735EAF46E11B7B78A650500BC08;2025-05-17;-2.0;-62.94
EF4F322193C2FE1191EE106505006DB9;44673735EAF46E11B7B78A650500BC08;2025-05-17;-8.0;-234.22
C97B11E98DF59E11554010650500304B;44673735EAF46E11B7B78A650500BC08;2025-05-17;-2.0;-242.2
9B8811A4C7EFCE11ADB3106505006AB8;44673735EAF46E11B7B78A650500BC08;2025-05-17;-2.0;-72.1
EC0C162D3D907E11B7B78A650500CD08;44673735EAF46E11B7B78A650500BC08;2025-05-17;-12.0;-1789.26
5F85994CB11A8E11F243BB650500304B;44673735EAF46E11B7B78A650500BC08;2025-05-17;-14.0;-774.34
FFB6CE3DEB80DE11ADB3106505005BB8;44673735EAF46E11B7B78A650500BC08;2025-05-17;-6.0;-146.22
B349615C5D456E11B7B78A650500BC08;44673735EAF46E11B7B78A650500BC08;2025-05-17;-10.0;-1508.0
1E43E2D1AFBBFE111280106505000919;44673735EAF46E11B7B78A650500BC08;2025-05-17;-2.0;-610.14
755D58813E456E11B7B78A650500BC08;44673735EAF46E11B7B78A650500BC08;2025-05-17;-2.0;-228.3
66D96ACD1497EE1191EE1065050047B9;44673735EAF46E11B7B78A650500BC08;2025-05-17;-4.0;-412.0
BB8C67838E3CEE1191EE1065050029B9;44673735EAF46E11B7B78A650500BC08;2025-05-17;-4.0;-497.28
75B07ED5243DDE11406610650500364A;44673735EAF46E11B7B78A650500BC08;2025-05-17;-16.0;-960.0
1E819FD679258E113835BB650500EDAA;44673735EAF46E11B7B78A650500BC08;2025-05-17;-2.0;-577.88
1FE17EB58CBFAE11BE2110650500055A;44673735EAF46E11B7B78A650500BC08;2025-05-17;-4.0;-489.48
2C8C4BE6D30A3E11052F6792C000D249;44673735EAF46E11B7B78A650500BC08;2025-05-17;-4.0;-2635.2
5BD11A79201E6E11B7B78A6505001D08;44673735EAF46E11B7B78A650500BC08;2025-05-17;-8.0;-226.4
7FAD60D66FD8CE11ADB310650500E0B8;44673735EAF46E11B7B78A650500BC08;2025-05-17;-2.0;-1331.28
8437016C30F5CE11ADB3106505006DA8;44673735EAF46E11B7B78A650500BC08;2025-05-17;-2.0;-318.08
374B53ADA5EF6E11B7B78A650500CD08;44673735EAF46E11B7B78A650500BC08;2025-05-17;-2.0;-113.38
A6FE60D66FD8CE11ADB310650500E0B8;44673735EAF46E11B7B78A650500BC08;2025-05-17;-2.0;-283.6
B0AF38F5A6F5AE11BE2110650500984A;44673735EAF46E11B7B78A650500BC08;2025-05-17;-2.0;-103.78
29777127CC456E11B7B78A650500BC08;44673735EAF46E11B7B78A650500BC08;2025-05-17;-4.0;-2744.8
0A13FAB6CC456E11B7B78A650500BC08;44673735EAF46E11B7B78A650500BC08;2025-05-17;-6.0;-2397.36
65484147C541DE11ADB3106505007CB8;44673735EAF46E11B7B78A650500BC08;2025-05-17;-4.0;-879.08
69D6F02A1DC0FE1191EE10650500EAB9;44673735EAF46E11B7B78A650500BC08;2025-05-17;-10.0;-280.79999999999995
0441FA5710556E11B7B78A650500BC08;44673735EAF46E11B7B78A650500BC08;2025-05-17;-2.0;-496.72
13E4C8736752CE11877210650500A469;44673735EAF46E11B7B78A650500BC08;2025-05-17;-4.0;-1032.8
B78AE0C4F5B9CE11ADB310650500F1B8;44673735EAF46E11B7B78A650500BC08;2025-05-17;-4.0;-1108.0
91ACA221A9A67E11B7B78A650500ED08;44673735EAF46E11B7B78A650500BC08;2025-05-17;-2.0;-726.0
D08DE1E04607DE11C846106505002F6A;44673735EAF46E11B7B78A650500BC08;2025-05-17;-2.0;-33.46
79B99D81CFC5EE1191EE1065050055B9;44673735EAF46E11B7B78A650500BC08;2025-05-17;-18.6;-1389.42
DC0589672C8EAE11BE2110650500835A;44673735EAF46E11B7B78A650500BC08;2025-05-17;-26.0;-2939.56
CC9618514D0EFD11A4A96492C0006D28;44673735EAF46E11B7B78A650500BC08;2025-05-17;-2.0;-417.22
C7DA1BD4EA96FE1191EE1065050072C9;44673735EAF46E11B7B78A650500BC08;2025-05-17;-2.0;-510.0
108F52B9B9827E11B7B78A650500DD08;44673735EAF46E11B7B78A650500BC08;2025-05-17;-4.0;-327.52
A3C8734B88CF6E11B7B78A650500CD08;44673735EAF46E11B7B78A650500BC08;2025-05-17;-2.0;-492.0
AD8FC812365FFE11F1557891FE697689;44673735EAF46E11B7B78A650500BC08;2025-05-17;-4.0;-298.64
C6ACAC2CED456E11B7B78A650500BC08;44673735EAF46E11B7B78A650500BC08;2025-05-17;-4.0;-648.8
C76EC99C2D456E11B7B78A650500BC08;44673735EAF46E11B7B78A650500BC08;2025-05-17;-4.0;-990.68
94021CDFEB03EE11B1AD1065050026EA;44673735EAF46E11B7B78A650500BC08;2025-05-17;-2.0;-118.0
AB4583BE45CF8E11F243BB650500084B;44673735EAF46E11B7B78A650500BC08;2025-05-17;-2.0;-78.76
752CA3FFCBFEDE11406610650500984A;44673735EAF46E11B7B78A650500BC08;2025-05-17;-4.0;-61.8
3BA9E73FE0EBDE11406610650500744A;44673735EAF46E11B7B78A650500BC08;2025-05-17;-2.0;-228.76
8C29D72817108E110819BB65050039AA;44673735EAF46E11B7B78A650500BC08;2025-05-17;-2.0;-120.84
1C0C1DBA327DCE11ADB31065050007B8;44673735EAF46E11B7B78A650500BC08;2025-05-17;-4.0;-319.88
E28C7F65B8EBBE118772106505007C59;44673735EAF46E11B7B78A650500BC08;2025-05-17;-2.0;-501.44
7C076A426D7DBE118772106505007E59;44673735EAF46E11B7B78A650500BC08;2025-05-17;-6.0;-948.0
2EA517318754EE11B1AD10650500C7EA;44673735EAF46E11B7B78A650500BC08;2025-05-17;-2.0;-350.02
E39E77918754EE11B1AD10650500C7EA;44673735EAF46E11B7B78A650500BC08;2025-05-17;-2.0;-939.84
CAFBE6EC062FFE11F1557891FE693689;44673735EAF46E11B7B78A650500BC08;2025-05-17;-2.0;-710.0
E715CAE84CFA7E110819BB65050039AA;44673735EAF46E11B7B78A650500BC08;2025-05-17;-2.0;-234.44
31365BACB11A8E11F243BB650500304B;44673735EAF46E11B7B78A650500BC08;2025-05-17;-2.0;-41.12
0D4DE77554DCAE11BE2110650500515A;44673735EAF46E11B7B78A650500BC08;2025-05-17;-2.0;-140.0
D2DD4FE5307ABE118772106505009A59;44673735EAF46E11B7B78A650500BC08;2025-05-17;-6.0;-1022.3
EA6B1E42490FEE1191EE1065050029B9;44673735EAF46E11B7B78A650500BC08;2025-05-17;-4.0;-203.56
997A618FAC456E11B7B78A650500BC08;44673735EAF46E11B7B78A650500BC08;2025-05-17;-2.0;-180.8
52355EA43E3EDE11406610650500974A;44673735EAF46E11B7B78A650500BC08;2025-05-17;-2.0;-333.02
783B7C15E71ECE11ADB310650500E7B8;44673735EAF46E11B7B78A650500BC08;2025-05-17;-8.0;-471.52
A1014B358AD17E11B7B78A650500CD08;44673735EAF46E11B7B78A650500BC08;2025-05-17;-4.0;-672.0
F6DC431298B37E11B7B78A650500DD08;44673735EAF46E11B7B78A650500BC08;2025-05-17;-2.0;-1179.3
CA32C3728688CE11ADB31065050070B8;44673735EAF46E11B7B78A650500BC08;2025-05-17;-2.0;-275.24
F9FCE427853E9E117260106505008B4A;44673735EAF46E11B7B78A650500BC08;2025-05-17;-2.0;-255.84
6BCCE9131EEDBE118772106505000F59;44673735EAF46E11B7B78A650500BC08;2025-05-17;-22.0;-1570.58
D2BC0541508EFE11F1557891FE696589;44673735EAF46E11B7B78A650500BC08;2025-05-17;-2.0;-234.58
AD24CEC91B8E0E1143F0668E42001D49;44673735EAF46E11B7B78A650500BC08;2025-05-17;-2.0;-703.18
9482E23955137E11B7B78A650500DD08;44673735EAF46E11B7B78A650500BC08;2025-05-17;-6.0;-827.94
0D9B060C066E9E11726010650500CB4A;44673735EAF46E11B7B78A650500BC08;2025-05-17;-2.0;-46.96
65B68CF552BC7E110819BB65050039AA;44673735EAF46E11B7B78A650500BC08;2025-05-17;-6.0;-275.4
C517A2F52AF1EE114066106505007C4A;44673735EAF46E11B7B78A650500BC08;2025-05-17;-4.0;-263.08
B82C18EB69456E11B7B78A650500BC08;44673735EAF46E11B7B78A650500BC08;2025-05-17;-2.0;-1263.7
D242051D7EEDBE118772106505000F59;44673735EAF46E11B7B78A650500BC08;2025-05-17;-10.0;-277.4
040AA6C23D9F7E110819BB65050039AA;44673735EAF46E11B7B78A650500BC08;2025-05-17;-2.0;-67.12
76D00C88D672DE11ADB310650500FDB8;44673735EAF46E11B7B78A650500BC08;2025-05-17;-4.0;-655.86
9E2F4C9B1989EE1191EE1065050009B9;44673735EAF46E11B7B78A650500BC08;2025-05-17;-4.0;-5904.14
100C3A282751EE114066106505009B4A;44673735EAF46E11B7B78A650500BC08;2025-05-17;-2.0;-580.8
ADC72C5235B4DE11ADB310650500F0C8;44673735EAF46E11B7B78A650500BC08;2025-05-17;-2.0;-189.4
8908BB2037CAFE11128010650500E819;44673735EAF46E11B7B78A650500BC08;2025-05-17;-8.0;-8.0
ED75A45BEB456E11B7B78A650500BC08;44673735EAF46E11B7B78A650500BC08;2025-05-17;-2.0;-128.34
889C5017DD096E11B7B78A650500BC08;44673735EAF46E11B7B78A650500BC08;2025-05-17;-4.0;-168.0
EDD1574CE142DE11ADB310650500BDB8;44673735EAF46E11B7B78A650500BC08;2025-05-17;-2.0;-72.1
F2C3AA7A9BD78E11F243BB6505006D3B;44673735EAF46E11B7B78A650500BC08;2025-05-17;-14.0;-471.6
CF4CEB903C456E11B7B78A650500BC08;44673735EAF46E11B7B78A650500BC08;2025-05-17;-2.0;-793.62
F66136F7D7A5DE11ADB31065050022C8;44673735EAF46E11B7B78A650500BC08;2025-05-17;-18.0;-1378.38
51CD7DD37D3FFE11F1557891FE695689;44673735EAF46E11B7B78A650500BC08;2025-05-17;-2.0;-780.0
E460DA9D26CAFE11128010650500E819;44673735EAF46E11B7B78A650500BC08;2025-05-17;-2.0;-696.32
E77E119F66137E11B7B78A650500DD08;44673735EAF46E11B7B78A650500BC08;2025-05-17;-8.0;-146.38
B3C9D397E770BE11BE2110650500F55A;44673735EAF46E11B7B78A650500BC08;2025-05-17;-4.0;-389.48
727FB0493D9F7E110819BB65050039AA;44673735EAF46E11B7B78A650500BC08;2025-05-17;-2.0;-155.82
68CFAC7BECBEEE1191EE1065050029B9;44673735EAF46E11B7B78A650500BC08;2025-05-17;-2.0;-183.6
57C4680A9C456E11B7B78A650500BC08;44673735EAF46E11B7B78A650500BC08;2025-05-17;-16.0;-342.74
100C29949C44FE1191EE106505007FB9;44673735EAF46E11B7B78A650500BC08;2025-05-17;-2.0;-1047.42
510C339B9C937E11B7B78A650500DD08;44673735EAF46E11B7B78A650500BC08;2025-05-17;-2.2;-176.92000000000002
FD68857859B1EE114066106505001C4A;44673735EAF46E11B7B78A650500BC08;2025-05-17;-2.0;-39.8
A006B31845179E11554010650500914B;44673735EAF46E11B7B78A650500BC08;2025-05-17;-4.0;-678.92
9E073B271836CE11ADB3106505008DA8;44673735EAF46E11B7B78A650500BC08;2025-05-17;-2.0;-197.0
8F38F75B4C456E11B7B78A650500BC08;44673735EAF46E11B7B78A650500BC08;2025-05-17;-20.0;-4856.8
DC55D7C27136EE1191EE10650500D5B9;44673735EAF46E11B7B78A650500BC08;2025-05-17;-2.0;-1145.0
9F27CB7BAAE66E11B7B78A650500BC08;44673735EAF46E11B7B78A650500BC08;2025-05-17;-4.0;-951.04
1C2E5119AF456E11B7B78A650500BC08;44673735EAF46E11B7B78A650500BC08;2025-05-17;-2.0;-445.24
12EC44B94F7FFE11F1557891FE69A689;44673735EAF46E11B7B78A650500BC08;2025-05-17;-28.0;-475.16
6AE514F8223C6E11B7B78A650500BC08;44673735EAF46E11B7B78A650500BC08;2025-05-17;-2.0;-111.96
3EFE0A42662BDE11406610650500734A;44673735EAF46E11B7B78A650500BC08;2025-05-17;-2.0;-396.0
7BB8CA6CAC456E11B7B78A650500BC08;44673735EAF46E11B7B78A650500BC08;2025-05-17;-2.0;-27.4
C3BFF8C393EFFE11F1557891FE692789;44673735EAF46E11B7B78A650500BC08;2025-05-17;-2.0;-467.86
4D93549D0BC47E11B7B78A650500ED08;44673735EAF46E11B7B78A650500BC08;2025-05-17;-2.0;-481.02
69EE76D69BBD7E110819BB65050039AA;44673735EAF46E11B7B78A650500BC08;2025-05-17;-2.0;-2380.0
A34E148FBC38CE11ADB31065050000B8;44673735EAF46E11B7B78A650500BC08;2025-05-17;-2.0;-121.72
907948383D456E11B7B78A650500BC08;44673735EAF46E11B7B78A650500BC08;2025-05-17;-2.0;-122.96
4C223CD2A0FF6E11B7B78A650500CD08;44673735EAF46E11B7B78A650500BC08;2025-05-17;-14.0;-3023.4
3FD37B03C11A8E11F243BB650500304B;44673735EAF46E11B7B78A650500BC08;2025-05-17;-4.0;-51.28
C757E37B383EFE11F1557891FE690589;44673735EAF46E11B7B78A650500BC08;2025-05-17;-2.0;-169.2
54E9EE6A88000F11F1557891FE695789;44673735EAF46E11B7B78A650500BC08;2025-05-17;-2.0;-524.44
2DD58392A1567E11B7B78A650500ED08;44673735EAF46E11B7B78A650500BC08;2025-05-17;-2.0;-140.98
4D8CF45E31C7DE11C84610650500107A;44673735EAF46E11B7B78A650500BC08;2025-05-17;-2.0;-19.8
50BE7588E9456E11B7B78A650500BC08;44673735EAF46E11B7B78A650500BC08;2025-05-17;-2.0;-1850.98
EBB94D048C456E11B7B78A650500BC08;44673735EAF46E11B7B78A650500BC08;2025-05-17;-30.0;-5155.44
C7352D212DCCCE11ADB31065050026B8;44673735EAF46E11B7B78A650500BC08;2025-05-17;-2.0;-91.0
6418097E566ACE11ADB310650500D2B8;44673735EAF46E11B7B78A650500BC08;2025-05-17;-2.0;-1275.68
58DBF06D127EFD11A4A96492C0006D28;44673735EAF46E11B7B78A650500BC08;2025-05-17;-4.0;-1435.18
6ABB951BFD59BE118772106505003959;44673735EAF46E11B7B78A650500BC08;2025-05-17;-2.0;-83.6
18D8A4B271D6FD110DC22A92C000D158;44673735EAF46E11B7B78A650500BC08;2025-05-17;-2.0;-132.5
923EE5BC3C456E11B7B78A650500BC08;44673735EAF46E11B7B78A650500BC08;2025-05-17;-2.0;-688.44
E3B9BEBF63C2FE1191EE106505006DB9;44673735EAF46E11B7B78A650500BC08;2025-05-17;-20.0;-1427.8
C957CDF14AE66E11B7B78A650500BC08;44673735EAF46E11B7B78A650500BC08;2025-05-17;-8.0;-4148.0
83833DDA9497EE1191EE1065050047B9;44673735EAF46E11B7B78A650500BC08;2025-05-17;-2.0;-302.0
282F91B81148EE1191EE1065050038B9;44673735EAF46E11B7B78A650500BC08;2025-05-17;-2.0;-94.0
053956F7E770BE11BE2110650500F55A;44673735EAF46E11B7B78A650500BC08;2025-05-17;-2.0;-20.94
B9FC4D247A21BE11BE2110650500D65A;44673735EAF46E11B7B78A650500BC08;2025-05-17;-2.0;-433.84
BCEB5D8DD22BBE118772106505007B59;44673735EAF46E11B7B78A650500BC08;2025-05-17;-2.0;-129.6
178E5826E528CE11ADB310650500EFA8;44673735EAF46E11B7B78A650500BC08;2025-05-17;-2.0;-140.6
695F319F6EEAAE11BE2110650500EE4A;44673735EAF46E11B7B78A650500BC08;2025-05-17;-2.0;-127.0
F284E8CF89098E11F243BB650500EE3B;44673735EAF46E11B7B78A650500BC08;2025-05-17;-2.0;-179.74
17C3CFB23EA0CE118772106505008269;44673735EAF46E11B7B78A650500BC08;2025-05-17;-2.0;-53.64
FD9436EFCD456E11B7B78A650500BC08;44673735EAF46E11B7B78A650500BC08;2025-05-17;-2.0;-3038.4
0245F112C8C77E110819BB65050009AA;44673735EAF46E11B7B78A650500BC08;2025-05-17;-6.0;-217.32
5450B5F648A0EE11406610650500BA4A;FC081C55582CED11A62CD892C0003F2A;2025-05-17;-4.0;-164.16
0ED8CA5501CAED11A62CD892C0003F2A;FC081C55582CED11A62CD892C0003F2A;2025-05-17;-2.0;-198.1
D5BDD24C19216E1142D58A650500AD08;FC081C55582CED11A62CD892C0003F2A;2025-05-17;-2.0;-657.14
7395F55B3BD6AE11BE2110650500B94A;FC081C55582CED11A62CD892C0003F2A;2025-05-17;-8.0;-1410.48
DFF59ABFD2855E1142D58A650500DC08;FC081C55582CED11A62CD892C0003F2A;2025-05-17;-16.0;-1001.3199999999999
D00388380FA27E11B7B78A650500DD08;FC081C55582CED11A62CD892C0003F2A;2025-05-17;-2.0;-76.0
8179918DA8B4DE11ADB310650500F0C8;FC081C55582CED11A62CD892C0003F2A;2025-05-17;-2.0;-455.14
6F571ADEAF45DE11ADB310650500B1C8;FC081C55582CED11A62CD892C0003F2A;2025-05-17;-4.0;-1513.24
8D6F0999DEF5DE11ADB31065050092C8;FC081C55582CED11A62CD892C0003F2A;2025-05-17;-4.0;-805.14
55A063D9E3968E11F243BB650500CB3B;FC081C55582CED11A62CD892C0003F2A;2025-05-17;-2.0;-212.9
2F3AD284FCCE6E11B7B78A6505008D08;FC081C55582CED11A62CD892C0003F2A;2025-05-17;-4.0;-798.96
4690C8920EADAE11BE2110650500625A;FC081C55582CED11A62CD892C0003F2A;2025-05-17;-6.0;-882.28
380C5E21AA3EED11A62CD892C000399B;FC081C55582CED11A62CD892C0003F2A;2025-05-17;-10.0;-234.58
AEDB541252798E11F243BB6505006F3B;FC081C55582CED11A62CD892C0003F2A;2025-05-17;-2.0;-185.76
E708AA2CF4EBDE11406610650500744A;FC081C55582CED11A62CD892C0003F2A;2025-05-17;-4.0;-246.04
4983146250CBFE111280106505000919;FC081C55582CED11A62CD892C0003F2A;2025-05-17;-2.0;-648.02
8F84662C575FFE11F1557891FE697689;FC081C55582CED11A62CD892C0003F2A;2025-05-17;-2.0;-163.8
0F21F2340F0EEE1191EE1065050029B9;FC081C55582CED11A62CD892C0003F2A;2025-05-17;-2.0;-207.0
91EABB561EE4AE11726010650500145A;FC081C55582CED11A62CD892C0003F2A;2025-05-17;-6.0;-356.53999999999996
A74FC32CCA9EFE11F1557891FE698589;FC081C55582CED11A62CD892C0003F2A;2025-05-17;-2.0;-128.24
C3CC756FD0C89E11525010650500394A;FC081C55582CED11A62CD892C0003F2A;2025-05-17;-14.0;-2288.34
7BC9FD3045A3EE11B1AD10650500E6EA;FC081C55582CED11A62CD892C0003F2A;2025-05-17;-2.0;-2594.62
15BA9111FC1EFE11F1557891FE69E489;FC081C55582CED11A62CD892C0003F2A;2025-05-17;-4.0;-260.0
9129A4572AC75E1142D58A650500DC08;FC081C55582CED11A62CD892C0003F2A;2025-05-17;-4.0;-435.72
643F7E5B7E64EE11B1AD10650500E7EA;FC081C55582CED11A62CD892C0003F2A;2025-05-17;-4.0;-1372.0
21D4662C575FFE11F1557891FE697689;FC081C55582CED11A62CD892C0003F2A;2025-05-17;-12.0;-504.0
AFD20C1F21CAED11A62CD892C0003F2A;FC081C55582CED11A62CD892C0003F2A;2025-05-17;-2.0;-139.48
5EC0A34011CAED11A62CD892C0003F2A;FC081C55582CED11A62CD892C0003F2A;2025-05-17;-4.0;-1210.96
4BB186443767BE11877210650500B659;FC081C55582CED11A62CD892C0003F2A;2025-05-17;-4.0;-335.84
31D830DBBD1EFE11F1557891FE69E489;FC081C55582CED11A62CD892C0003F2A;2025-05-17;-2.0;-438.16
EDF857FE313FEE1191EE1065050029B9;FC081C55582CED11A62CD892C0003F2A;2025-05-17;-4.0;-176.0
B82CEE66DD4DED11A62CD892C0003F2A;FC081C55582CED11A62CD892C0003F2A;2025-05-17;-4.0;-1202.92
E4CF1CA083BBAE11BE2110650500EF4A;FC081C55582CED11A62CD892C0003F2A;2025-05-17;-2.0;-84.64
FDDCEDB24D42CE118772106505009469;FC081C55582CED11A62CD892C0003F2A;2025-05-17;-4.0;-445.36
1C0E80C2ABCEEE1191EE1065050029B9;FC081C55582CED11A62CD892C0003F2A;2025-05-17;-2.0;-752.82
3EC35FC9E6C10E11A4A96492C0002019;FC081C55582CED11A62CD892C0003F2A;2025-05-17;-12.0;-1024.68
0557408D8F92FE1191EE106505003DB9;FC081C55582CED11A62CD892C0003F2A;2025-05-17;-2.0;-108.38
2CC75A6A18EEBE118772106505004069;FC081C55582CED11A62CD892C0003F2A;2025-05-17;-2.0;-44.08
A4FF4C4A60CFBE118772106505005169;FC081C55582CED11A62CD892C0003F2A;2025-05-17;-4.0;-806.76
30195CFB43377E11B7B78A650500ED08;FC081C55582CED11A62CD892C0003F2A;2025-05-17;-2.0;-216.12
0F021DCEB7788E11F243BB6505002E3B;FC081C55582CED11A62CD892C0003F2A;2025-05-17;-4.0;-297.32
B8D4531F04B0EE11406610650500CA4A;FC081C55582CED11A62CD892C0003F2A;2025-05-17;-2.0;-222.68
DC466257B909DE11C84610650500B17A;FC081C55582CED11A62CD892C0003F2A;2025-05-17;-4.0;-314.98
5C0B030D71365E1142D58A650500DC08;FC081C55582CED11A62CD892C0003F2A;2025-05-17;-8.0;-924.0
EC8BE6B5DEF5DE11ADB31065050092C8;FC081C55582CED11A62CD892C0003F2A;2025-05-17;-2.0;-382.24
0A8AF72B4B1DCE11ADB31065050096B8;FC081C55582CED11A62CD892C0003F2A;2025-05-17;-4.0;-1760.0
24FBA1572B917E11B7B78A650500CD08;FC081C55582CED11A62CD892C0003F2A;2025-05-17;-10.0;-407.66
80F42BDDDA5D7E110819BB65050039AA;FC081C55582CED11A62CD892C0003F2A;2025-05-17;-168.0;-5880.0
D9306D2741BFFE11F1557891FE69E689;FC081C55582CED11A62CD892C0003F2A;2025-05-17;-4.0;-147.34
0010A31CA0900F11F1557891FE690889;FC081C55582CED11A62CD892C0003F2A;2025-05-17;-4.0;-239.14
C9D654298DB88E11F243BB6505008E3B;FC081C55582CED11A62CD892C0003F2A;2025-05-17;-2.0;-126.6
E8CE12589C3CEE1191EE1065050029B9;FC081C55582CED11A62CD892C0003F2A;2025-05-17;-2.0;-30.28
412E8AAFCEE3DE11ADB310650500DFB8;FC081C55582CED11A62CD892C0003F2A;2025-05-17;-2.0;-29.5
AB506B94663EAE11BE2110650500135A;FC081C55582CED11A62CD892C0003F2A;2025-05-17;-4.0;-49.9
C18383856E74FE1191EE10650500CFB9;FC081C55582CED11A62CD892C0003F2A;2025-05-17;-2.0;-69.12
165C11036A5D7E110819BB65050039AA;FC081C55582CED11A62CD892C0003F2A;2025-05-17;-68.0;-463.68
D4E9AFA771500F11F1557891FE69B789;FC081C55582CED11A62CD892C0003F2A;2025-05-17;-2.0;-24.0
36818E834974EE11B1AD10650500F7EA;FC081C55582CED11A62CD892C0003F2A;2025-05-17;-2.0;-24.0
40780EDF5E3CEE1191EE1065050029B9;FC081C55582CED11A62CD892C0003F2A;2025-05-17;-2.0;-19.48
B0798FE4F3C2FE1191EE106505006DB9;FC081C55582CED11A62CD892C0003F2A;2025-05-17;-2.0;-220.1
5FAA843DFDBEEE1191EE1065050029B9;FC081C55582CED11A62CD892C0003F2A;2025-05-17;-2.0;-257.42
DB92F98C10EECE11ADB310650500E8B8;FC081C55582CED11A62CD892C0003F2A;2025-05-17;-2.0;-78.0
00FCF03B6FA7FE1191EE10650500E3C9;FC081C55582CED11A62CD892C0003F2A;2025-05-17;-2.0;-354.94
7F07EC2F93D67E11B7B78A650500ED08;FC081C55582CED11A62CD892C0003F2A;2025-05-17;-4.0;-142.46
1268B7D771500F11F1557891FE69B789;FC081C55582CED11A62CD892C0003F2A;2025-05-17;-2.0;-38.0
900A518DB20FCE11ADB31065050019B8;FC081C55582CED11A62CD892C0003F2A;2025-05-17;-2.0;-16.06
25FE99886442DE11ADB310650500BDB8;FC081C55582CED11A62CD892C0003F2A;2025-05-17;-2.0;-162.6
5D66EED4D93FDE11406610650500E84A;FC081C55582CED11A62CD892C0003F2A;2025-05-17;-2.0;-15.56
B5E7B7D771500F11F1557891FE69B789;FC081C55582CED11A62CD892C0003F2A;2025-05-17;-2.0;-24.0
434CFC634974EE11B1AD10650500F7EA;FC081C55582CED11A62CD892C0003F2A;2025-05-17;-2.0;-24.0
3201C7FFF0CAED11A62CD892C0003F2A;FC081C55582CED11A62CD892C0003F2A;2025-05-17;-10.0;-415.48
7C1500AC34425E1142D58A650500DC08;FC081C55582CED11A62CD892C0003F2A;2025-05-17;-4.0;-412.88
53B6EB4951CAED11A62CD892C0003F2A;FC081C55582CED11A62CD892C0003F2A;2025-05-17;-4.0;-1222.16
5C7BDE695E82DE11ADB3106505001EB8;FC081C55582CED11A62CD892C0003F2A;2025-05-17;-2.0;-532.4
4657BEE47AB4EE11B1AD1065050048EA;FC081C55582CED11A62CD892C0003F2A;2025-05-17;-6.0;-212.21999999999997
D8D2E90BBC0FAE11BE2110650500245A;FC081C55582CED11A62CD892C0003F2A;2025-05-17;-4.0;-669.76
EEDA0DBD6BF1EE114066106505007C4A;FC081C55582CED11A62CD892C0003F2A;2025-05-17;-2.0;-1200.88
A7F61A7D98363E11052F6792C000FF39;FC081C55582CED11A62CD892C0003F2A;2025-05-17;-2.0;-127.94
A73B472937E3FE1191EE10650500FEB9;FC081C55582CED11A62CD892C0003F2A;2025-05-17;-2.0;-1195.88
725A9F8DFA156E11B7B78A650500BC08;FC081C55582CED11A62CD892C0003F2A;2025-05-17;-2.0;-472.18
0BCEF4D87E63FD110DC22A92C000C499;FC081C55582CED11A62CD892C0003F2A;2025-05-17;-2.0;-324.3
4E75995414B9FE11128010650500E819;FC081C55582CED11A62CD892C0003F2A;2025-05-17;-2.0;-427.78
91BC6E3341CAED11A62CD892C0003F2A;FC081C55582CED11A62CD892C0003F2A;2025-05-17;-2.0;-267.64
184600C0236BCE11ADB31065050034B8;FC081C55582CED11A62CD892C0003F2A;2025-05-17;-2.0;-81.6
8033F6C2D74CDE11406610650500054A;FC081C55582CED11A62CD892C0003F2A;2025-05-17;-2.0;-42.16
C6237AEB593B7E110819BB65050039AA;FC081C55582CED11A62CD892C0003F2A;2025-05-17;-6.0;-642.74
FE0FC9C538CE8E11F243BB650500C64B;FC081C55582CED11A62CD892C0003F2A;2025-05-17;-2.0;-136.86
17DF0BB210CAED11A62CD892C0003F2A;FC081C55582CED11A62CD892C0003F2A;2025-05-17;-2.0;-163.88
1A733BD7F015DE11ADB31065050061C8;FC081C55582CED11A62CD892C0003F2A;2025-05-17;-2.0;-749.78
049DE472E0CAED11A62CD892C0003F2A;FC081C55582CED11A62CD892C0003F2A;2025-05-17;-2.0;-745.06
E6529578A6208E110819BB65050039AA;FC081C55582CED11A62CD892C0003F2A;2025-05-17;-2.0;-476.86
77D4E88FB0CAED11A62CD892C0003F2A;FC081C55582CED11A62CD892C0003F2A;2025-05-17;-2.0;-248.78
4219B2D36BE1DE11ADB3106505004DB8;FC081C55582CED11A62CD892C0003F2A;2025-05-17;-2.0;-844.66
EA2191B5DE7D8E11F243BB650500254B;FC081C55582CED11A62CD892C0003F2A;2025-05-17;-2.0;-261.48
9B76C90BEDF39E115540106505008D3B;FC081C55582CED11A62CD892C0003F2A;2025-05-17;-2.0;-72.06
C9FD944711986E11B7B78A650500BC08;FC081C55582CED11A62CD892C0003F2A;2025-05-17;-2.0;-167.34
CEE4D31BF6C1EE114066106505003C4A;FC081C55582CED11A62CD892C0003F2A;2025-05-17;-2.0;-166.6
632533D283C5AE11BE2110650500484A;FC081C55582CED11A62CD892C0003F2A;2025-05-17;-8.0;-1396.12
A1592EF5F6E89E11525010650500694A;FC081C55582CED11A62CD892C0003F2A;2025-05-17;-4.0;-1220.04
DC296445F0CAED11A62CD892C0003F2A;FC081C55582CED11A62CD892C0003F2A;2025-05-17;-2.0;-980.0
26FEF5E848FF5E1142D58A650500AD08;FC081C55582CED11A62CD892C0003F2A;2025-05-17;-2.0;-312.3
1DC67A9CC0CAED11A62CD892C0003F2A;FC081C55582CED11A62CD892C0003F2A;2025-05-17;-10.0;-732.0
5A3D5A4D61C89E11525010650500394A;FC081C55582CED11A62CD892C0003F2A;2025-05-17;-18.0;-373.68
37B2A96E5D89FE11128010650500E819;FC081C55582CED11A62CD892C0003F2A;2025-05-17;-2.0;-448.24
569D7A7FEF986E11B7B78A650500BC08;FC081C55582CED11A62CD892C0003F2A;2025-05-17;-6.0;-124.56
8AE33C662558CE11ADB31065050030B8;FC081C55582CED11A62CD892C0003F2A;2025-05-17;-2.0;-174.52
F9117F338EE2BE11BE2110650500195A;FC081C55582CED11A62CD892C0003F2A;2025-05-17;-2.0;-168.16
07F12D93DAF8CE11ADB31065050001B8;FC081C55582CED11A62CD892C0003F2A;2025-05-17;-18.0;-1504.8
B6E128E92040EE114066106505003A4A;FC081C55582CED11A62CD892C0003F2A;2025-05-17;-2.0;-179.68
64F1412AC9280E11A4A96492C00009EB;FC081C55582CED11A62CD892C0003F2A;2025-05-17;-4.0;-1167.0
8F9ACF6E109DDE11406610650500A64A;FC081C55582CED11A62CD892C0003F2A;2025-05-17;-2.0;-440.66
7C439A624F49AE11BE2110650500DC4A;FC081C55582CED11A62CD892C0003F2A;2025-05-17;-4.0;-232.76
DEE733462B917E11B7B78A650500CD08;FC081C55582CED11A62CD892C0003F2A;2025-05-17;-8.0;-293.56
05789FC5D6A2DE11ADB3106505003EB8;FC081C55582CED11A62CD892C0003F2A;2025-05-17;-6.0;-875.1600000000001
91D65036DE75FD110DC22A92C000D158;FC081C55582CED11A62CD892C0003F2A;2025-05-17;-4.0;-80.52
BF96B7DB01CAED11A62CD892C0003F2A;FC081C55582CED11A62CD892C0003F2A;2025-05-17;-2.0;-519.02
EA578A90C1CAED11A62CD892C0003F2A;FC081C55582CED11A62CD892C0003F2A;2025-05-17;-2.0;-115.88
A41983C9FCFF6E11B7B78A650500CD08;FC081C55582CED11A62CD892C0003F2A;2025-05-17;-2.0;-512.86
B9C3840F18363E11052F6792C000FF39;FC081C55582CED11A62CD892C0003F2A;2025-05-17;-2.0;-179.78
9FF985D0E429EE1191EE1065050009B9;FC081C55582CED11A62CD892C0003F2A;2025-05-17;-2.0;-237.78
9DD6274607B00F11F1557891FE693889;FC081C55582CED11A62CD892C0003F2A;2025-05-17;-2.0;-880.0
419DCC51EFAF5E1142D58A650500AD08;FC081C55582CED11A62CD892C0003F2A;2025-05-17;-2.0;-140.0
215DCEB0E429EE1191EE1065050009B9;FC081C55582CED11A62CD892C0003F2A;2025-05-17;-2.0;-270.28
1DEF0327D44FFD11A4A96492C0001019;FC081C55582CED11A62CD892C0003F2A;2025-05-17;-2.0;-744.44
BFD000CE02192E11052F6792C0007F39;FC081C55582CED11A62CD892C0003F2A;2025-05-17;-4.0;-674.56
F0577C8C759DBE118772106505009E59;FC081C55582CED11A62CD892C0003F2A;2025-05-17;-2.0;-130.96
748E5A238541DE11ADB3106505007CB8;FC081C55582CED11A62CD892C0003F2A;2025-05-17;-2.0;-440.12
F051B525068BBE11877210650500FB59;FC081C55582CED11A62CD892C0003F2A;2025-05-17;-2.0;-134.56
27E722AAF192FE1191EE106505002DB9;FC081C55582CED11A62CD892C0003F2A;2025-05-17;-10.0;-389.5
825CBB5597CABE118772106505000B59;FC081C55582CED11A62CD892C0003F2A;2025-05-17;-2.0;-107.74
BC0096BF6315EE11B1AD10650500B8EA;FC081C55582CED11A62CD892C0003F2A;2025-05-17;-6.0;-759.0
7C22190B5A767E11B7B78A650500ED08;FC081C55582CED11A62CD892C0003F2A;2025-05-17;-2.0;-279.36
A1485770AB596E11B7B78A650500BC08;FC081C55582CED11A62CD892C0003F2A;2025-05-17;-2.0;-149.54
2408F29A0C9DDE11406610650500B64A;FC081C55582CED11A62CD892C0003F2A;2025-05-17;-4.0;-600.0
2D5CCA3AF2F8AE11BE21106505006C4A;FC081C55582CED11A62CD892C0003F2A;2025-05-17;-4.0;-977.36
8BBABC054FE3DE11ADB310650500DFB8;FC081C55582CED11A62CD892C0003F2A;2025-05-17;-4.0;-1178.6
829DD5F63589DE11406610650500514A;FC081C55582CED11A62CD892C0003F2A;2025-05-17;-2.0;-350.0
A0D42E8FC1CAED11A62CD892C0003F2A;FC081C55582CED11A62CD892C0003F2A;2025-05-17;-2.0;-358.32
752B22D501CAED11A62CD892C0003F2A;FC081C55582CED11A62CD892C0003F2A;2025-05-17;-2.0;-250.66
9430B1FCF502EE114066106505008C4A;FC081C55582CED11A62CD892C0003F2A;2025-05-17;-2.0;-170.1
CDFE90248F4B6E11B7B78A650500BC08;FC081C55582CED11A62CD892C0003F2A;2025-05-17;-2.0;-385.34
46C66CB929DA3E11052F6792C000D249;FC081C55582CED11A62CD892C0003F2A;2025-05-17;-6.0;-461.76
45720D1B63B9BE11877210650500A959;FC081C55582CED11A62CD892C0003F2A;2025-05-17;-8.0;-958.4
C6CF401A6CCDFD11A4A96492C0006D28;FC081C55582CED11A62CD892C0003F2A;2025-05-17;-2.0;-386.08
304DE197B25CCE11ADB31065050085B8;FC081C55582CED11A62CD892C0003F2A;2025-05-17;-2.0;-894.48
49684E133137EE1191EE10650500C6B9;FC081C55582CED11A62CD892C0003F2A;2025-05-17;-2.0;-177.64
B8DC8FCFE934DE11ADB31065050050C8;FC081C55582CED11A62CD892C0003F2A;2025-05-17;-2.0;-449.78
50A284D0DFBBFE111280106505000919;FC081C55582CED11A62CD892C0003F2A;2025-05-17;-2.0;-166.06
AB2C6D5B01CAED11A62CD892C0003F2A;FC081C55582CED11A62CD892C0003F2A;2025-05-17;-2.0;-427.82
2D8929E8FAC47E11B7B78A650500ED08;FC081C55582CED11A62CD892C0003F2A;2025-05-17;-2.0;-234.88
917F3CB29A827E11B7B78A650500DD08;FC081C55582CED11A62CD892C0003F2A;2025-05-17;-2.0;-275.1
B67DE1C2688EED11A62CD892C000399B;FC081C55582CED11A62CD892C0003F2A;2025-05-17;-6.0;-643.26
9973FFF1BAF94E1142D58A6505009C08;FC081C55582CED11A62CD892C0003F2A;2025-05-17;-4.0;-479.68
8516F198ECD4DE11ADB31065050021C8;FC081C55582CED11A62CD892C0003F2A;2025-05-17;-2.0;-240.26
51C9633A937A7E110819BB65050039AA;FC081C55582CED11A62CD892C0003F2A;2025-05-17;-2.0;-255.28
1A79B6E57B2CBE11877210650500CC59;FC081C55582CED11A62CD892C0003F2A;2025-05-17;-2.0;-517.1
558A0586E7EFCE11ADB3106505006AB8;FC081C55582CED11A62CD892C0003F2A;2025-05-17;-4.0;-208.56
2A962E982C0F5E1142D58A6505008D08;FC081C55582CED11A62CD892C0003F2A;2025-05-17;-2.0;-172.16
B0C930DBBD1EFE11F1557891FE69E489;FC081C55582CED11A62CD892C0003F2A;2025-05-17;-2.0;-627.14
6EE90201068BBE11877210650500FB59;FC081C55582CED11A62CD892C0003F2A;2025-05-17;-2.0;-134.56
4E7DF767DAA07E11B7B78A650500CD08;FC081C55582CED11A62CD892C0003F2A;2025-05-17;-2.0;-318.86
A1AD573070C1CE11877210650500E369;FC081C55582CED11A62CD892C0003F2A;2025-05-17;-4.0;-1060.72
BC9C530E8FCA9E11525010650500EB4A;FC081C55582CED11A62CD892C0003F2A;2025-05-17;-4.0;-126.5
7D0DF299EFB1CE11877210650500E369;FC081C55582CED11A62CD892C0003F2A;2025-05-17;-2.0;-27789.92
36E06A5153903E11052F6792C000CF39;FC081C55582CED11A62CD892C0003F2A;2025-05-17;-4.0;-955.44
AC1F5ECA2C8FBE118772106505001169;FC081C55582CED11A62CD892C0003F2A;2025-05-17;-2.0;-849.92
3305208363EBDE11406610650500744A;FC081C55582CED11A62CD892C0003F2A;2025-05-17;-2.0;-200.14
9E8291B9C19EBE11877210650500DF59;FC081C55582CED11A62CD892C0003F2A;2025-05-17;-4.0;-111.44
427310B7F5CD2E11052F6792C000CF39;FC081C55582CED11A62CD892C0003F2A;2025-05-17;-2.0;-817.6
A18777CF5607DE11C846106505002F6A;FC081C55582CED11A62CD892C0003F2A;2025-05-17;-2.0;-23.66
22B0BB5F01CAED11A62CD892C0003F2A;FC081C55582CED11A62CD892C0003F2A;2025-05-17;-4.0;-1017.12
F9FD29B141248E113835BB6505009CAA;FC081C55582CED11A62CD892C0003F2A;2025-05-17;-2.0;-36.8
034D7062196BEE1191EE1065050029B9;FC081C55582CED11A62CD892C0003F2A;2025-05-17;-4.0;-142.2
F988DD2604699E115250106505001A4A;FC081C55582CED11A62CD892C0003F2A;2025-05-17;-2.0;-239.64
27FBE5C39B46DE11ADB310650500F2C8;FC081C55582CED11A62CD892C0003F2A;2025-05-17;-2.0;-317.4
ACF74A7B0321DE11ADB3106505003CB8;FC081C55582CED11A62CD892C0003F2A;2025-05-17;-2.0;-110.0
B1B818D7764DEE1191EE1065050029B9;FC081C55582CED11A62CD892C0003F2A;2025-05-17;-2.0;-661.18
FFF5A424D3C0FE1191EE10650500DAB9;FC081C55582CED11A62CD892C0003F2A;2025-05-17;-2.0;-209.2
14E96603C4D1FE1191EE106505003CB9;FC081C55582CED11A62CD892C0003F2A;2025-05-17;-2.0;-69.24
03F2EAB12F6EFD11A4A96492C0006D28;FC081C55582CED11A62CD892C0003F2A;2025-05-17;-2.0;-549.66
4D09AA3111CAED11A62CD892C0003F2A;FC081C55582CED11A62CD892C0003F2A;2025-05-17;-2.0;-532.86
7C7CB787AA52CE11877210650500A469;FC081C55582CED11A62CD892C0003F2A;2025-05-17;-2.0;-1390.38
A6FDC45E3142CE118772106505008469;FC081C55582CED11A62CD892C0003F2A;2025-05-17;-2.0;-322.0
2E7390A5A38BBE11877210650500FB59;FC081C55582CED11A62CD892C0003F2A;2025-05-17;0.0;0.0
5A636338B12AFE11128010650500E819;FC081C55582CED11A62CD892C0003F2A;2025-05-17;-6.0;-496.08000000000004
2EBF1A1BA4D3DE11ADB310650500BFB8;FC081C55582CED11A62CD892C0003F2A;2025-05-17;-4.0;-494.22
8B9A732C14BEEE1191EE1065050029B9;FC081C55582CED11A62CD892C0003F2A;2025-05-17;-2.0;-230.58
A9CF58E21D064E1142D58A6505002C08;FC081C55582CED11A62CD892C0003F2A;2025-05-17;-2.0;-383.66
55233BFF1CA8BE118772106505005859;FC081C55582CED11A62CD892C0003F2A;2025-05-17;-2.0;-88.6
E9B2231D7337BE118772106505007659;FC081C55582CED11A62CD892C0003F2A;2025-05-17;-2.0;-464.12
AD24CEC91B8E0E1143F0668E42001D49;FC081C55582CED11A62CD892C0003F2A;2025-05-17;-2.0;-702.8
0F990BED90CAED11A62CD892C0003F2A;FC081C55582CED11A62CD892C0003F2A;2025-05-17;-2.0;-684.46
0C4F278C0ADEAE11BE2110650500E35A;FC081C55582CED11A62CD892C0003F2A;2025-05-17;-20.0;-369.0
864572561EE5CE11ADB3106505006DA8;FC081C55582CED11A62CD892C0003F2A;2025-05-17;-2.0;-417.2
826679773F765E1142D58A650500DC08;FC081C55582CED11A62CD892C0003F2A;2025-05-17;-2.0;-408.3
DFF1EB04AA4FFE11F1557891FE696689;FC081C55582CED11A62CD892C0003F2A;2025-05-17;-2.0;-121.4
DB9F0F883B2E2E11052F6792C000CF39;FC081C55582CED11A62CD892C0003F2A;2025-05-17;-2.0;-306.08
7E868C6138650E11A4A96492C0001C4B;FC081C55582CED11A62CD892C0003F2A;2025-05-17;-2.0;-373.86
FBC37041DEE2BE11BE2110650500195A;FC081C55582CED11A62CD892C0003F2A;2025-05-17;-2.0;-32.42
BCDB9CDFCD00EE11406610650500F94A;FC081C55582CED11A62CD892C0003F2A;2025-05-17;-2.0;-128.0
14F1412AC9280E11A4A96492C00009EB;FC081C55582CED11A62CD892C0003F2A;2025-05-17;-2.0;-484.62
0DD9A01C97E05E1142D58A650500BC08;FC081C55582CED11A62CD892C0003F2A;2025-05-17;-2.0;-603.44
BD3BB2501FE1EE114066106505006C4A;FC081C55582CED11A62CD892C0003F2A;2025-05-17;-2.0;-45.82
A991DCCF1AB57E11B7B78A650500ED08;FC081C55582CED11A62CD892C0003F2A;2025-05-17;-2.0;-489.2
32447A5EE909DE11C84610650500B17A;FC081C55582CED11A62CD892C0003F2A;2025-05-17;-4.0;-102.0
16D364641E97DE11C84610650500EF6A;FC081C55582CED11A62CD892C0003F2A;2025-05-17;-2.0;-188.16
620448EA86B5EE1191EE1065050035B9;FC081C55582CED11A62CD892C0003F2A;2025-05-17;-4.0;-243.24
CA8178555B53EE11B1AD1065050086EA;FC081C55582CED11A62CD892C0003F2A;2025-05-17;-2.0;-3408.56
0A9956313E758E113835BB6505005EAA;FC081C55582CED11A62CD892C0003F2A;2025-05-17;-2.0;-1047.1
E9B6728265CB2E11052F6792C000CF39;FC081C55582CED11A62CD892C0003F2A;2025-05-17;-2.0;-134.84
9A8EDD1091A6DE11ADB31065050063C8;FC081C55582CED11A62CD892C0003F2A;2025-05-17;-2.0;-29.18
AAEC1A9FEC46FE1191EE1065050012C9;FC081C55582CED11A62CD892C0003F2A;2025-05-17;-2.0;-138.6
292DC277DE19BE11877210650500E859;FC081C55582CED11A62CD892C0003F2A;2025-05-17;-2.0;-597.46
3FA9E7AFC19EBE11877210650500DF59;B0BDDED34CC83E11052F6792C000B249;2025-05-17;-20.0;-557.2
BECB22B34D05DE11ADB31065050061C8;B0BDDED34CC83E11052F6792C000B249;2025-05-17;-2.0;-314.06
D0DB4AD961CAED11A62CD892C0003F2A;B0BDDED34CC83E11052F6792C000B249;2025-05-17;-2.0;-169.68
18F9A5D06F466E11B7B78A650500BC08;B0BDDED34CC83E11052F6792C000B249;2025-05-17;-6.0;-417.36
CCFB1FD4AFB0FE1191EE10650500DAB9;B0BDDED34CC83E11052F6792C000B249;2025-05-17;-4.0;-180.0
675C1FD4AFB0FE1191EE10650500DAB9;B0BDDED34CC83E11052F6792C000B249;2025-05-17;-4.0;-480.0
1160F5CB3A2E6E11B7B78A6505003D08;B0BDDED34CC83E11052F6792C000B249;2025-05-17;-4.0;-462.0
0E3D292624789E11525010650500D84A;B0BDDED34CC83E11052F6792C000B249;2025-05-17;-6.0;-113.16
E4440FE4B4D38E113835BB6505006CAA;B0BDDED34CC83E11052F6792C000B249;2025-05-17;-4.0;-621.2
78AB4C8642DB8E11F243BB650500724B;B0BDDED34CC83E11052F6792C000B249;2025-05-17;-2.0;-1163.76
0E108DE8FF214E1142D58A650500DB08;B0BDDED34CC83E11052F6792C000B249;2025-05-17;-12.0;-1832.0399999999997
9929F74ABE61EE11406610650500BB4A;B0BDDED34CC83E11052F6792C000B249;2025-05-17;-2.0;-46.08
61C50DD90A59AE11BE2110650500EC4A;B0BDDED34CC83E11052F6792C000B249;2025-05-17;-2.0;-91.48
E63FAEB9B7E4DE11ADB31065050031C8;B0BDDED34CC83E11052F6792C000B249;2025-05-17;-2.0;-432.72
333159E86589DE11406610650500514A;B0BDDED34CC83E11052F6792C000B249;2025-05-17;-2.0;-498.44
36002BFD52DC4E1142D58A650500BC08;B0BDDED34CC83E11052F6792C000B249;2025-05-17;-4.0;-334.86
C6018428F0CAED11A62CD892C0003F2A;B0BDDED34CC83E11052F6792C000B249;2025-05-17;-4.0;-550.2
183B302B9D0BDE11406610650500534A;B0BDDED34CC83E11052F6792C000B249;2025-05-17;-36.0;-1082.52
B8F8E0A6C6E3AE11726010650500C25A;B0BDDED34CC83E11052F6792C000B249;2025-05-17;-6.0;-144.0
9F012534327DCE11ADB31065050007B8;B0BDDED34CC83E11052F6792C000B249;2025-05-17;-4.0;-210.4
51E7E7DA763EAE11BE2110650500135A;B0BDDED34CC83E11052F6792C000B249;2025-05-17;-2.0;-36.26
1FD25EB8CC8EFE11F1557891FE697589;B0BDDED34CC83E11052F6792C000B249;2025-05-17;-4.0;-1180.0
9A087B7A10C9BE11877210650500B959;B0BDDED34CC83E11052F6792C000B249;2025-05-17;-4.0;-219.68
0FC4106CDA62AE11726010650500E05A;B0BDDED34CC83E11052F6792C000B249;2025-05-17;-2.0;-49.86
70A76EE2378B3E11052F6792C000D249;B0BDDED34CC83E11052F6792C000B249;2025-05-17;-2.0;-68.5
D521E2E90DC2DE11ADB3106505006EB8;B0BDDED34CC83E11052F6792C000B249;2025-05-17;-2.0;-125.78
960EF50940DCDE11406610650500B54A;B0BDDED34CC83E11052F6792C000B249;2025-05-17;-4.0;-515.6
4838747444AE9E117260106505001C4A;B0BDDED34CC83E11052F6792C000B249;2025-05-17;-2.0;-292.78
B50CC478AB547E11B7B78A650500ED08;B0BDDED34CC83E11052F6792C000B249;2025-05-17;-2.0;-1273.78
9564195612867E11B7B78A650500ED08;B0BDDED34CC83E11052F6792C000B249;2025-05-17;-2.0;-576.0
04698C23289E5E1142D58A6505004D08;B0BDDED34CC83E11052F6792C000B249;2025-05-17;-2.0;-1848.04
583B896886838E113835BB6505000CAA;B0BDDED34CC83E11052F6792C000B249;2025-05-17;-4.0;-134.16
917F3CB29A827E11B7B78A650500DD08;B0BDDED34CC83E11052F6792C000B249;2025-05-17;-2.0;-275.1
8A8779C141CAED11A62CD892C0003F2A;B0BDDED34CC83E11052F6792C000B249;2025-05-17;-2.0;-362.32
58A3A0E00900CE11877210650500B169;B0BDDED34CC83E11052F6792C000B249;2025-05-17;-2.0;-481.78
B40A08B54896EE1191EE1065050056B9;B0BDDED34CC83E11052F6792C000B249;2025-05-17;-4.0;-1841.44
E24FF290411BFE11128010650500E819;B0BDDED34CC83E11052F6792C000B249;2025-05-17;-2.0;-39.22
66A05155F92E6E11B7B78A6505003D08;B0BDDED34CC83E11052F6792C000B249;2025-05-17;-4.0;-200.32
3A9B8F0150376E11B7B78A650500BC08;B0BDDED34CC83E11052F6792C000B249;2025-05-17;-2.0;-730.2
140F999C45848E113835BB6505001DAA;B0BDDED34CC83E11052F6792C000B249;2025-05-17;-2.0;-419.64
81AC945FF5DF1E1143F0668E4200B37A;B0BDDED34CC83E11052F6792C000B249;2025-05-17;-4.0;-372.12
A51AE3BDD38E6E11B7B78A6505003D08;B0BDDED34CC83E11052F6792C000B249;2025-05-17;-4.0;-426.68
A3E2A9AF785EDE11406610650500C74A;B0BDDED34CC83E11052F6792C000B249;2025-05-17;-2.0;-229.56
08FD75FDFDFBEE1191EE1065050029B9;B0BDDED34CC83E11052F6792C000B249;2025-05-17;-2.0;-2317.74
8AD16D440ABBFD11A4A96492C000CB59;B0BDDED34CC83E11052F6792C000B249;2025-05-17;-2.0;-372.02
09A88383B89DDE11406610650500B64A;B0BDDED34CC83E11052F6792C000B249;2025-05-17;-4.0;-547.28
339B3B5E29199E11525010650500B94A;B0BDDED34CC83E11052F6792C000B249;2025-05-17;-2.0;-159.38
99CDFBDEFCD2FE1191EE106505009DB9;B0BDDED34CC83E11052F6792C000B249;2025-05-17;-2.0;-236.0
D18BB1230709FD11A4A96492C000AA89;B0BDDED34CC83E11052F6792C000B249;2025-05-17;-2.0;-211.68
62AE4246B7A0EE11406610650500BA4A;B0BDDED34CC83E11052F6792C000B249;2025-05-17;-4.0;-340.4
E4168BB81C93FE1191EE106505009EB9;B0BDDED34CC83E11052F6792C000B249;2025-05-17;-2.0;-395.5
99E00D88A0CAED11A62CD892C0003F2A;B0BDDED34CC83E11052F6792C000B249;2025-05-17;-2.0;-76.3
BE044D3564B8FE11128010650500D819;B0BDDED34CC83E11052F6792C000B249;2025-05-17;-4.0;-640.0
26018428F0CAED11A62CD892C0003F2A;B0BDDED34CC83E11052F6792C000B249;2025-05-17;-8.0;-1166.64
8759A44AA1256E11B7B78A650500BC08;B0BDDED34CC83E11052F6792C000B249;2025-05-17;-2.0;-100.18
1CF5EBC551CAED11A62CD892C0003F2A;B0BDDED34CC83E11052F6792C000B249;2025-05-17;-2.0;-421.18
E77E119F66137E11B7B78A650500DD08;B0BDDED34CC83E11052F6792C000B249;2025-05-17;-4.0;-73.32
78E06A5153903E11052F6792C000CF39;B0BDDED34CC83E11052F6792C000B249;2025-05-17;-12.0;-2108.28
8F38F7564D22FE1191EE10650500ACB9;B0BDDED34CC83E11052F6792C000B249;2025-05-17;-2.0;-132.68
C0876D0839667E11B7B78A650500ED08;B0BDDED34CC83E11052F6792C000B249;2025-05-17;-6.0;-329.46
D9E59375470A0E11A4A96492C0001269;B0BDDED34CC83E11052F6792C000B249;2025-05-17;-2.0;-292.96
00D80587C80FEE1191EE1065050029B9;B0BDDED34CC83E11052F6792C000B249;2025-05-17;-2.0;-445.5
953B0BAD6AEC0E11A4A96492C0001269;B0BDDED34CC83E11052F6792C000B249;2025-05-17;-2.0;-173.9
A8A7DC89C8D16E1142D58A650500AD08;B0BDDED34CC83E11052F6792C000B249;2025-05-17;-2.0;-2439.92
BBEBD6631B232E1143F0668E4200C71A;B0BDDED34CC83E11052F6792C000B249;2025-05-17;-6.0;-171.14
34E51FF8E431FE1191EE106505006BB9;B0BDDED34CC83E11052F6792C000B249;2025-05-17;-2.0;-598.22
E93501574443FE1191EE106505001EB9;B0BDDED34CC83E11052F6792C000B249;2025-05-17;-2.0;-86.9
8A713DFA2142CE118772106505008469;B0BDDED34CC83E11052F6792C000B249;2025-05-17;-4.0;-644.0
5547DBC607F1DE11ADB3106505005DB8;B0BDDED34CC83E11052F6792C000B249;2025-05-17;-2.0;-214.46
52CBB8981C93FE1191EE106505009EB9;B0BDDED34CC83E11052F6792C000B249;2025-05-17;-4.0;-546.88
BA4F278C0ADEAE11BE2110650500E35A;B0BDDED34CC83E11052F6792C000B249;2025-05-17;-4.0;-118.88
9DD7234838E63E11052F6792C000FF39;B0BDDED34CC83E11052F6792C000B249;2025-05-17;-2.0;-540.18
6F68143A49DD9E117260106505000B4A;B0BDDED34CC83E11052F6792C000B249;2025-05-17;-2.0;-1116.28
F9A66B13FF986E11B7B78A650500BC08;B0BDDED34CC83E11052F6792C000B249;2025-05-17;-20.0;-415.2
3EFA26AD28E4CE11ADB3106505000DA8;B0BDDED34CC83E11052F6792C000B249;2025-05-17;-2.0;-328.1
0E12452A3E263E11052F6792C000FF39;B0BDDED34CC83E11052F6792C000B249;2025-05-17;-6.0;-411.90000000000003
11A39B4ED0CAED11A62CD892C0003F2A;B0BDDED34CC83E11052F6792C000B249;2025-05-17;-2.0;-1217.38
34B5FC4033E88E11F243BB650500BE3B;B0BDDED34CC83E11052F6792C000B249;2025-05-17;-4.0;-778.32
86E0E3CD23CF3E11F7F68A650500DB08;B0BDDED34CC83E11052F6792C000B249;2025-05-17;-2.0;-175.92
0A6B84CED87C8E11F243BB650500A34B;B0BDDED34CC83E11052F6792C000B249;2025-05-17;-2.0;-200.78
44182321229EBE11877210650500DF59;B0BDDED34CC83E11052F6792C000B249;2025-05-17;-4.0;-111.44
29D603E7EC14CE11877210650500E669;B0BDDED34CC83E11052F6792C000B249;2025-05-17;-2.0;-327.82
9F43BE35C0CAED11A62CD892C0003F2A;B0BDDED34CC83E11052F6792C000B249;2025-05-17;-2.0;-218.98
8E990BED90CAED11A62CD892C0003F2A;B0BDDED34CC83E11052F6792C000B249;2025-05-17;-2.0;-380.0
DC7927C450C50E11A4A96492C00060C8;B0BDDED34CC83E11052F6792C000B249;2025-05-17;-2.0;-484.62
570A3E8BE3900F11F1557891FE690889;B0BDDED34CC83E11052F6792C000B249;2025-05-17;-2.0;-313.98
748F73B62056BE118772106505005559;B0BDDED34CC83E11052F6792C000B249;2025-05-17;-2.0;-272.76
5741096E1978FE11128010650500D819;B0BDDED34CC83E11052F6792C000B249;2025-05-17;-2.0;-561.52
5B688D8BB5B9CE11ADB310650500F1B8;B0BDDED34CC83E11052F6792C000B249;2025-05-17;-4.0;-22.82
777B755F3B91BE11BE2110650500675A;B0BDDED34CC83E11052F6792C000B249;2025-05-17;-2.0;-160.92
CB95A375DDE6DE11C846106505000F6A;B0BDDED34CC83E11052F6792C000B249;2025-05-17;-2.0;-23.66
9F00431806D9FE11128010650500E819;B0BDDED34CC83E11052F6792C000B249;2025-05-17;-4.0;-189.58
08D4B1E5D4735E1142D58A650500DC08;B0BDDED34CC83E11052F6792C000B249;2025-05-17;-4.0;-70.76
515D91DF9830FE1191EE106505002AB9;B0BDDED34CC83E11052F6792C000B249;2025-05-17;-10.0;-118.3
7E180FB54CBDCE11ADB31065050077B8;B0BDDED34CC83E11052F6792C000B249;2025-05-17;-2.0;-403.36
DA2EC8AD6DBFAE11BE2110650500055A;B0BDDED34CC83E11052F6792C000B249;2025-05-17;-2.0;-88.4
A4CD001B20BF2E11052F6792C000CF39;B0BDDED34CC83E11052F6792C000B249;2025-05-17;-6.0;-374.38
B642E9E180A00F11F1557891FE691889;B0BDDED34CC83E11052F6792C000B249;2025-05-17;-2.0;-378.8
2DE85DFB0055DE11ADB310650500B1C8;B0BDDED34CC83E11052F6792C000B249;2025-05-17;-2.0;-172.0
334DDE41F0CAED11A62CD892C0003F2A;B0BDDED34CC83E11052F6792C000B249;2025-05-17;-2.0;-326.98
2ACF8F6A4EED7E110819BB65050039AA;B0BDDED34CC83E11052F6792C000B249;2025-05-17;-4.0;-166.26
F7DE744FAC58FE11128010650500D819;B0BDDED34CC83E11052F6792C000B249;2025-05-17;-2.0;-132.0
CC7022069F45DE11ADB310650500B1C8;B0BDDED34CC83E11052F6792C000B249;2025-05-17;-2.0;-262.14
A98C963E01CAED11A62CD892C0003F2A;B0BDDED34CC83E11052F6792C000B249;2025-05-17;-2.0;-205.86
60523887FAC1FE1191EE106505002CB9;B0BDDED34CC83E11052F6792C000B249;2025-05-17;-2.0;-520.06
87B83E1F9CA49E115540106505007E3B;B0BDDED34CC83E11052F6792C000B249;2025-05-17;-2.0;-421.18
2E19E7B7A2BD3E11052F6792C000D249;B0BDDED34CC83E11052F6792C000B249;2025-05-17;-2.0;-326.66
D48930DBBD1EFE11F1557891FE69E489;B0BDDED34CC83E11052F6792C000B249;2025-05-17;-2.0;-627.14
7FA1762F50A15E1142D58A650500BC08;44673735EAF46E11B7B78A650500BC08;2025-05-17;4.0;227.18
4045DEF2224DDE11406610650500464A;44673735EAF46E11B7B78A650500BC08;2025-05-17;16.0;1549.6
85E5CF7ECAD0FE1191EE10650500FAB9;44673735EAF46E11B7B78A650500BC08;2025-05-17;2.0;427.72
