item_id;location_id;trans_date;qty;cost_amount
94D116CE58A1CE11877210650500C369;B0BDDED34CC83E11052F6792C000B249;2025-05-31;-2.0;-66.48
94FD11628BE15E1142D58A650500BC08;FC081C55582CED11A62CD892C0003F2A;2025-05-31;-4.0;-122.0
44A455F8FBF76E11B7B78A650500BC08;FC081C55582CED11A62CD892C0003F2A;2025-05-31;-16.0;-3051.3599999999997
ACE84C0834885E1142D58A650500DC08;FC081C55582CED11A62CD892C0003F2A;2025-05-31;-2.0;-54.46
09DBB9FBCF435E1142D58A650500DC08;FC081C55582CED11A62CD892C0003F2A;2025-05-31;-2.0;-411.24
32204C3634C26E1142D58A650500AD08;FC081C55582CED11A62CD892C0003F2A;2025-05-31;-2.0;-338.28
141ACE2F5FE95E1142D58A650500DC08;FC081C55582CED11A62CD892C0003F2A;2025-05-31;-6.0;-1151.04
F04AE8B83332FD110DC22A92C0006778;FC081C55582CED11A62CD892C0003F2A;2025-05-31;96.0;4125.38
06CA5E727D5FCE11ADB310650500A9B8;FC081C55582CED11A62CD892C0003F2A;2025-05-31;-6.0;-188.07999999999998
B92E96F204716E1142D58A650500AD08;FC081C55582CED11A62CD892C0003F2A;2025-05-31;-2.0;-2490.22
4877C406B70ECE11ADB310650500D7B8;FC081C55582CED11A62CD892C0003F2A;2025-05-31;-4.0;-563.12
2694943F787CCE11ADB310650500B5B8;FC081C55582CED11A62CD892C0003F2A;2025-05-31;-6.0;-218.64
866C3997B34C2E11052F6792C000CF39;FC081C55582CED11A62CD892C0003F2A;2025-05-31;-4.0;-571.1
F7B5FF0809CBFD11A4A96492C000CB59;FC081C55582CED11A62CD892C0003F2A;2025-05-31;-2.0;-44.54
58AC21A3A87CCE11ADB310650500B5B8;FC081C55582CED11A62CD892C0003F2A;2025-05-31;-10.0;-364.4
B9D489201BA8FE11128010650500D819;FC081C55582CED11A62CD892C0003F2A;2025-05-31;-2.0;-298.92
904315B2E5CAFE11128010650500E819;FC081C55582CED11A62CD892C0003F2A;2025-05-31;-4.0;-760.6
F95814E9CC3FFE11F1557891FE695689;FC081C55582CED11A62CD892C0003F2A;2025-05-31;-2.0;-254.62
BCE08D4E6AAF0E1123F0668E42005B38;FC081C55582CED11A62CD892C0003F2A;2025-05-31;-2.0;-732.98
72CCC39C2BC1FE1191EE106505002CB9;FC081C55582CED11A62CD892C0003F2A;2025-05-31;-2.0;-250.26
C63A12BDFE66DE11ADB31065050023C8;FC081C55582CED11A62CD892C0003F2A;2025-05-31;-2.0;-342.14
636931D6104FFE11F1557891FE695689;FC081C55582CED11A62CD892C0003F2A;2025-05-31;-12.0;-430.56
7987D09100E7EE1191EE10650500A7B9;FC081C55582CED11A62CD892C0003F2A;2025-05-31;-2.0;-20.36
A82AB7567B5EEE1191EE1065050029B9;FC081C55582CED11A62CD892C0003F2A;2025-05-31;-2.0;-133.2
54EFD822578B3E11052F6792C000D249;FC081C55582CED11A62CD892C0003F2A;2025-05-31;-16.0;-634.4
F1BD24373418FE11128010650500D819;FC081C55582CED11A62CD892C0003F2A;2025-05-31;-2.0;-1652.34
DC68990578C1FE1191EE106505002CB9;FC081C55582CED11A62CD892C0003F2A;2025-05-31;-2.0;-1008.98
E0F2D4AEF77EFE11F1557891FE695589;FC081C55582CED11A62CD892C0003F2A;2025-05-31;-4.0;-164.44
55815C9DA8FEFD11A4A96492C000DFF9;FC081C55582CED11A62CD892C0003F2A;2025-05-31;-8.0;-585.92
C1D32BDCFFAEDE11406610650500384A;FC081C55582CED11A62CD892C0003F2A;2025-05-31;-8.0;-260.59999999999997
E95A376401CAED11A62CD892C0003F2A;FC081C55582CED11A62CD892C0003F2A;2025-05-31;-2.0;-275.8
1F1EB7FDB0CAED11A62CD892C0003F2A;FC081C55582CED11A62CD892C0003F2A;2025-05-31;-52.0;-1742.6399999999999
A95A376401CAED11A62CD892C0003F2A;FC081C55582CED11A62CD892C0003F2A;2025-05-31;-4.0;-551.6
9C5855FC0253FE1191EE106505002EB9;FC081C55582CED11A62CD892C0003F2A;2025-05-31;-2.0;-259.82
D0DB4AD961CAED11A62CD892C0003F2A;FC081C55582CED11A62CD892C0003F2A;2025-05-31;-8.0;-678.74
9A5C0D8F6B72BE11BE2110650500885A;FC081C55582CED11A62CD892C0003F2A;2025-05-31;-6.0;-324.52
1AB4F5D9557EAE11BE2110650500635A;FC081C55582CED11A62CD892C0003F2A;2025-05-31;-2.0;-392.34
9BBDD339C6098E11F243BB650500EE3B;FC081C55582CED11A62CD892C0003F2A;2025-05-31;-2.0;-1150.46
AFC778240ECA9E11525010650500EB4A;FC081C55582CED11A62CD892C0003F2A;2025-05-31;-4.0;-101.2
AB889AA6B0D97E110819BB65050019AA;FC081C55582CED11A62CD892C0003F2A;2025-05-31;-4.0;-462.0
15CFE6E6D507DE11C846106505002F6A;FC081C55582CED11A62CD892C0003F2A;2025-05-31;-2.0;-27.06
6C79287F75F48E113835BB650500ADAA;FC081C55582CED11A62CD892C0003F2A;2025-05-31;-2.0;-285.16
F07ACAC037565E1142D58A650500DC08;FC081C55582CED11A62CD892C0003F2A;2025-05-31;-2.0;-63.7
69D2EBF771500F11F1557891FE69B789;FC081C55582CED11A62CD892C0003F2A;2025-05-31;-2.0;-50.0
C08EC96D8DA8CE11ADB310650500A0B8;FC081C55582CED11A62CD892C0003F2A;2025-05-31;-2.0;-15.56
C7888A00CBE1EE114066106505006C4A;FC081C55582CED11A62CD892C0003F2A;2025-05-31;-4.0;-71.5
36D5B5D192A0CE118772106505007269;FC081C55582CED11A62CD892C0003F2A;2025-05-31;-2.0;-80.62
738B290F02A4FE1191EE10650500FFB9;FC081C55582CED11A62CD892C0003F2A;2025-05-31;-2.0;-18.5
EE7C04BB5EEC9E11726010650500D94A;FC081C55582CED11A62CD892C0003F2A;2025-05-31;-2.0;-151.06
4B4FA5E5210EDE11406610650500374A;FC081C55582CED11A62CD892C0003F2A;2025-05-31;-2.0;-196.24
1F2ED4002978FE11128010650500D819;FC081C55582CED11A62CD892C0003F2A;2025-05-31;-4.0;-54.3
E6F47934763EAE11BE2110650500135A;FC081C55582CED11A62CD892C0003F2A;2025-05-31;-2.0;-24.96
B1F098837A5D7E110819BB65050039AA;FC081C55582CED11A62CD892C0003F2A;2025-05-31;-4.0;-13.44
1A2EBFF38EEC9E11726010650500D94A;FC081C55582CED11A62CD892C0003F2A;2025-05-31;-8.0;-582.32
6C7BE90784497E110819BB65050009AA;FC081C55582CED11A62CD892C0003F2A;2025-05-31;-4.0;-81.04
3C1D935B3974EE11B1AD10650500F7EA;FC081C55582CED11A62CD892C0003F2A;2025-05-31;-2.0;-148.0
7C46947F7120FE1191EE106505000AB9;FC081C55582CED11A62CD892C0003F2A;2025-05-31;-2.0;-40.12
E94E568049FEDE11406610650500984A;FC081C55582CED11A62CD892C0003F2A;2025-05-31;-4.0;-214.64
E55BBC63F9569E11554010650500A04B;FC081C55582CED11A62CD892C0003F2A;2025-05-31;-4.0;-74.54
A8ED7072C89D7E110819BB65050039AA;FC081C55582CED11A62CD892C0003F2A;2025-05-31;-2.0;-174.94
9AAA69AFBBE1EE114066106505006C4A;FC081C55582CED11A62CD892C0003F2A;2025-05-31;-2.0;-32.58
3EEE1D9AB24F6E11B7B78A650500CD08;FC081C55582CED11A62CD892C0003F2A;2025-05-31;-2.0;-222.06
5E3B3A56D81E4E1142D58A650500BC08;FC081C55582CED11A62CD892C0003F2A;2025-05-31;-2.0;-796.52
90384A7B0321DE11ADB3106505003CB8;FC081C55582CED11A62CD892C0003F2A;2025-05-31;-6.0;-330.0
44E881B6101ACE11ADB31065050062B8;FC081C55582CED11A62CD892C0003F2A;2025-05-31;-2.0;-494.4
96E0C54448CDCE11ADB31065050087B8;FC081C55582CED11A62CD892C0003F2A;2025-05-31;-4.0;-510.72
E0C1CCD43BF46E11B7B78A650500BC08;FC081C55582CED11A62CD892C0003F2A;2025-05-31;-4.0;-179.6
37BE3025C44F4E1142D58A650500BC08;FC081C55582CED11A62CD892C0003F2A;2025-05-31;-2.0;-418.48
59F0BB721CC46E11B7B78A650500BC08;FC081C55582CED11A62CD892C0003F2A;2025-05-31;-2.0;-196.9
E2DC7D60CFB85E1142D58A650500DC08;FC081C55582CED11A62CD892C0003F2A;2025-05-31;-4.0;-1186.12
F6A493560091DE11ADB310650500DCB8;FC081C55582CED11A62CD892C0003F2A;2025-05-31;-10.0;-726.5999999999999
2350A08E3F817E11B7B78A650500CD08;FC081C55582CED11A62CD892C0003F2A;2025-05-31;-2.0;-377.34
9CB65BEF4A075E1142D58A650500DC08;FC081C55582CED11A62CD892C0003F2A;2025-05-31;-4.0;-264.52
E82644C7E059CE11ADB31065050071B8;FC081C55582CED11A62CD892C0003F2A;2025-05-31;-2.0;-113.0
6915AB5B3AE93E11052F6792C000D249;FC081C55582CED11A62CD892C0003F2A;2025-05-31;-2.0;-426.7
BCFC615121C8FE11128010650500D819;FC081C55582CED11A62CD892C0003F2A;2025-05-31;-2.0;-72.54
7002AE3A2A6BFE111280106505000919;FC081C55582CED11A62CD892C0003F2A;2025-05-31;-6.0;-401.28
A633AE3A2A6BFE111280106505000919;FC081C55582CED11A62CD892C0003F2A;2025-05-31;-4.0;-721.14
1A4CCC50850BFE11128010650500E819;FC081C55582CED11A62CD892C0003F2A;2025-05-31;-2.0;-349.78
29F4F53C79363E11052F6792C000FF39;FC081C55582CED11A62CD892C0003F2A;2025-05-31;-10.0;-353.80000000000007
3D62BD8A40BB3E11052F6792C000D249;FC081C55582CED11A62CD892C0003F2A;2025-05-31;-2.0;-74.76
498E84EBBD1EFE11F1557891FE69E489;FC081C55582CED11A62CD892C0003F2A;2025-05-31;-4.0;-264.0
D6C7F279F8A10F114EF7A826072B9989;FC081C55582CED11A62CD892C0003F2A;2025-05-31;-6.0;-950.9200000000001
2982D1DB796BEE1191EE1065050029B9;FC081C55582CED11A62CD892C0003F2A;2025-05-31;-2.0;-683.82
572DE133477EFE11F1557891FE695589;FC081C55582CED11A62CD892C0003F2A;2025-05-31;-6.0;-2097.0
746DC40BBE6DFE11F1557891FE690489;FC081C55582CED11A62CD892C0003F2A;2025-05-31;-6.0;-510.72
9EFAB501B0CAED11A62CD892C0003F2A;FC081C55582CED11A62CD892C0003F2A;2025-05-31;-4.0;-244.52
38600091046B3E11052F6792C000D249;FC081C55582CED11A62CD892C0003F2A;2025-05-31;-2.0;-75.08
4FA461EEEDE4FE1191EE1065050050C9;FC081C55582CED11A62CD892C0003F2A;2025-05-31;-2.0;-219.5
B25BC1E1D0CAED11A62CD892C0003F2A;FC081C55582CED11A62CD892C0003F2A;2025-05-31;-2.0;-699.44
770519DFC0CAED11A62CD892C0003F2A;FC081C55582CED11A62CD892C0003F2A;2025-05-31;-4.0;-1051.16
2EC67A9CC0CAED11A62CD892C0003F2A;FC081C55582CED11A62CD892C0003F2A;2025-05-31;-2.0;-180.64
0C2CA52383B10F114EF7A826072BA989;FC081C55582CED11A62CD892C0003F2A;2025-05-31;-2.0;-474.52
95B3D4AEF77EFE11F1557891FE695589;FC081C55582CED11A62CD892C0003F2A;2025-05-31;-2.0;-82.22
DD8051DB08300F11F1557891FE699789;FC081C55582CED11A62CD892C0003F2A;2025-05-31;-2.0;-550.12
E0B76FDCF153FE1191EE106505002EB9;FC081C55582CED11A62CD892C0003F2A;2025-05-31;-2.0;-186.04
88D9530CC7C1EE114066106505003C4A;FC081C55582CED11A62CD892C0003F2A;2025-05-31;-2.0;-166.52
39C6D532677ADE11406610650500824A;FC081C55582CED11A62CD892C0003F2A;2025-05-31;-2.0;-532.86
3A9221D7F367FE1191EE1065050083C9;FC081C55582CED11A62CD892C0003F2A;2025-05-31;-2.0;-1100.0
092C7EA39CF1EE114066106505007C4A;FC081C55582CED11A62CD892C0003F2A;2025-05-31;-2.0;-262.08
47B641467711AE117260106505003F4A;FC081C55582CED11A62CD892C0003F2A;2025-05-31;-8.0;-2103.92
BE01F195F1429E115540106505005B3B;FC081C55582CED11A62CD892C0003F2A;2025-05-31;-6.0;-177.08
4961BEF9C89A7E110819BB65050039AA;FC081C55582CED11A62CD892C0003F2A;2025-05-31;-4.0;-2279.1
F585D4A2CD387E110819BB65050009AA;FC081C55582CED11A62CD892C0003F2A;2025-05-31;-4.0;-130.76
1D385D9245A3EE11B1AD10650500E6EA;FC081C55582CED11A62CD892C0003F2A;2025-05-31;-2.0;-1671.64
1C6E70E0D4939E115540106505000D3B;FC081C55582CED11A62CD892C0003F2A;2025-05-31;-2.0;-427.36
7D2CFD64047D8E11F243BB650500154B;FC081C55582CED11A62CD892C0003F2A;2025-05-31;-2.0;-354.96
D3DDABC0AA7E8E11F243BB650500664B;FC081C55582CED11A62CD892C0003F2A;2025-05-31;-2.0;-437.38
CA1994403D148E113835BB6505009CAA;FC081C55582CED11A62CD892C0003F2A;2025-05-31;-2.0;-140.9
0BFD2D2B01638E111E1BBB650500BBAA;FC081C55582CED11A62CD892C0003F2A;2025-05-31;-2.0;-95.26
AFC3342FE3B78E11F243BB6505003D3B;FC081C55582CED11A62CD892C0003F2A;2025-05-31;-2.0;-1551.1
52E7F1884454EE11B1AD10650500C7EA;FC081C55582CED11A62CD892C0003F2A;2025-05-31;-2.0;-498.92
217275ABC1A76E11B7B78A650500BC08;FC081C55582CED11A62CD892C0003F2A;2025-05-31;-2.0;-344.72
60E61F73F17F6E11B7B78A650500CD08;FC081C55582CED11A62CD892C0003F2A;2025-05-31;-2.0;-30.42
AF4510B9CFE34E1142D58A6505002C08;FC081C55582CED11A62CD892C0003F2A;2025-05-31;-2.0;-78.68
8759A44AA1256E11B7B78A650500BC08;FC081C55582CED11A62CD892C0003F2A;2025-05-31;-2.0;-89.86
0628D522FD94DE11ADB310650500D0C8;FC081C55582CED11A62CD892C0003F2A;2025-05-31;-2.0;-55.6
6629351F31106E1142D58A650500AD08;FC081C55582CED11A62CD892C0003F2A;2025-05-31;-2.0;-208.14
6C97E4CF4094DE11ADB310650500C0C8;FC081C55582CED11A62CD892C0003F2A;2025-05-31;-2.0;-332.46
553CF4D42158FE11128010650500D819;FC081C55582CED11A62CD892C0003F2A;2025-05-31;-2.0;-2786.78
4298A67E6109FE11128010650500D819;FC081C55582CED11A62CD892C0003F2A;2025-05-31;-2.0;-1503.54
00BA48450B630F114EF7A826072BDB89;FC081C55582CED11A62CD892C0003F2A;2025-05-31;-2.0;-322.0
D0976399FC410F11112A674AC7E21989;FC081C55582CED11A62CD892C0003F2A;2025-05-31;-2.0;-150.5
662AC45A4BB23E11052F6792C000CF39;FC081C55582CED11A62CD892C0003F2A;2025-05-31;-2.0;-614.14
473F82DD068BBE11877210650500FB59;FC081C55582CED11A62CD892C0003F2A;2025-05-31;-2.0;-191.16
F854E8C1691CEE1191EE1065050029B9;FC081C55582CED11A62CD892C0003F2A;2025-05-31;-2.0;-373.4
A624EB2B2EF10F114EF7A826072B0A89;FC081C55582CED11A62CD892C0003F2A;2025-05-31;-2.0;-121.2
C5AF4609CC8EFE11F1557891FE697589;FC081C55582CED11A62CD892C0003F2A;2025-05-31;-2.0;-220.0
A2B5F308113FEE1191EE1065050029B9;FC081C55582CED11A62CD892C0003F2A;2025-05-31;-2.0;-642.0
D36A03740533FE1191EE106505000EB9;FC081C55582CED11A62CD892C0003F2A;2025-05-31;-2.0;-592.6
2F4F23B73FF7FD11A4A96492C000AA89;FC081C55582CED11A62CD892C0003F2A;2025-05-31;-2.0;-57.5
CF877CEFDC67EE1191EE1065050017B9;FC081C55582CED11A62CD892C0003F2A;2025-05-31;-2.0;-91.7
DA8D42BB31CAED11A62CD892C0003F2A;FC081C55582CED11A62CD892C0003F2A;2025-05-31;-2.0;-221.04
FCAEBA5D63820E11A4A96492C00008E9;FC081C55582CED11A62CD892C0003F2A;2025-05-31;-2.0;-180.28
F73159E86589DE11406610650500514A;FC081C55582CED11A62CD892C0003F2A;2025-05-31;-2.0;-497.34
0F5A86C882D2FE1191EE106505007DB9;FC081C55582CED11A62CD892C0003F2A;2025-05-31;-2.0;-1069.2
1BFF0450D0CAED11A62CD892C0003F2A;FC081C55582CED11A62CD892C0003F2A;2025-05-31;-2.0;-317.78
C8B7FCBFE0CAED11A62CD892C0003F2A;FC081C55582CED11A62CD892C0003F2A;2025-05-31;-2.0;-358.28
289695E40DCDDE11406610650500F64A;FC081C55582CED11A62CD892C0003F2A;2025-05-31;-2.0;-532.8
01EDD82EC0CAED11A62CD892C0003F2A;FC081C55582CED11A62CD892C0003F2A;2025-05-31;-2.0;-414.52
7BA4487C3DBCAE11BE2110650500315A;FC081C55582CED11A62CD892C0003F2A;2025-05-31;-2.0;-298.6
84A2B88967A8AE11BE21106505000C4A;FC081C55582CED11A62CD892C0003F2A;2025-05-31;-2.0;-568.42
D193468C1C58AE11BE2110650500AB4A;FC081C55582CED11A62CD892C0003F2A;2025-05-31;-2.0;-198.2
7798A45EE8FEDE11406610650500984A;FC081C55582CED11A62CD892C0003F2A;2025-05-31;-2.0;-674.34
05F37184C7788E11F243BB6505002E3B;FC081C55582CED11A62CD892C0003F2A;2025-05-31;-2.0;-181.92
63D0A049DDF39E115540106505008D3B;FC081C55582CED11A62CD892C0003F2A;2025-05-31;-2.0;-87.7
0AF46A8715FAFD11A4A96492C0006F3B;FC081C55582CED11A62CD892C0003F2A;2025-05-31;-6.0;-204.12
8013D1728A278E11F243BB6505008C3B;FC081C55582CED11A62CD892C0003F2A;2025-05-31;-2.0;-122.82
3AF9FB64C751AE117260106505008F4A;FC081C55582CED11A62CD892C0003F2A;2025-05-31;-2.0;-374.64
9EB3C72C12549E11554010650500FD3B;FC081C55582CED11A62CD892C0003F2A;2025-05-31;-2.0;-1559.78
7BCFAAAA4A18DE11C84610650500807A;FC081C55582CED11A62CD892C0003F2A;2025-05-31;-2.0;-706.04
2BB955CA94897E110819BB65050019AA;FC081C55582CED11A62CD892C0003F2A;2025-05-31;-2.0;-78.68
A4081F6757E48E113835BB6505009DAA;FC081C55582CED11A62CD892C0003F2A;2025-05-31;-4.0;-1244.0
54F8722EB6079E11554010650500814B;FC081C55582CED11A62CD892C0003F2A;2025-05-31;-2.0;-35.36
7AB3AA28B22AFE11128010650500E819;FC081C55582CED11A62CD892C0003F2A;2025-05-31;35.2;5657.26
7F56402EE822FD110DC22A92C0006778;FC081C55582CED11A62CD892C0003F2A;2025-05-31;-2.0;-940.22
7DA5E4036085FD110DC22A92C000D158;FC081C55582CED11A62CD892C0003F2A;2025-05-31;-4.0;-383.38
7BA2B8C56880DE11ADB3106505005BB8;FC081C55582CED11A62CD892C0003F2A;2025-05-31;-6.0;-2892.0
9E54CA91478B3E11052F6792C000D249;FC081C55582CED11A62CD892C0003F2A;2025-05-31;-2.0;-114.02
20D6C943FD94DE11ADB310650500D0C8;FC081C55582CED11A62CD892C0003F2A;2025-05-31;-2.0;-53.98
3BE9316810674E1142D58A6505002C08;FC081C55582CED11A62CD892C0003F2A;2025-05-31;-4.0;-1002.08
F0D9FBED66C33E11052F6792C000EF39;FC081C55582CED11A62CD892C0003F2A;2025-05-31;-4.0;-2819.92
98B44A3264A27E11B7B78A650500DD08;FC081C55582CED11A62CD892C0003F2A;2025-05-31;-2.0;-269.42
BD296445F0CAED11A62CD892C0003F2A;FC081C55582CED11A62CD892C0003F2A;2025-05-31;-2.0;-796.22
9B10C2697AEAEE1191EE1065050029B9;FC081C55582CED11A62CD892C0003F2A;2025-05-31;-2.0;-541.54
A7CA015DD8FCEE1191EE1065050029B9;FC081C55582CED11A62CD892C0003F2A;2025-05-31;-2.0;-252.0
737A99AAF0CAED11A62CD892C0003F2A;FC081C55582CED11A62CD892C0003F2A;2025-05-31;-2.0;-715.86
DD0A9111FC1EFE11F1557891FE69E489;FC081C55582CED11A62CD892C0003F2A;2025-05-31;-4.0;-321.28
4021332D25DFEE1191EE10650500A9B9;FC081C55582CED11A62CD892C0003F2A;2025-05-31;-2.0;-470.4
EF44A0D2B1CAED11A62CD892C0003F2A;FC081C55582CED11A62CD892C0003F2A;2025-05-31;-2.0;-302.36
0D59C095FB5F7E110819BB65050039AA;FC081C55582CED11A62CD892C0003F2A;2025-05-31;-2.0;-64.74
1C56BEFFB0CAED11A62CD892C0003F2A;FC081C55582CED11A62CD892C0003F2A;2025-05-31;-2.0;-204.22
573F5EAB9D1DDE11406610650500164A;FC081C55582CED11A62CD892C0003F2A;2025-05-31;-2.0;-23.32
C8D02DF53F388E11F243BB650500ED3B;FC081C55582CED11A62CD892C0003F2A;2025-05-31;-4.0;-1478.3200000000002
734BE51EC8E3FE1191EE10650500FEB9;FC081C55582CED11A62CD892C0003F2A;2025-05-31;-4.0;-874.56
8F947CE405777E110819BB650500E8AA;FC081C55582CED11A62CD892C0003F2A;2025-05-31;-2.0;-2833.72
535C38ACF77CCE11ADB310650500B5B8;B0BDDED34CC83E11052F6792C000B249;2025-05-31;-6.0;-218.64
656CE14AB35B6E11B7B78A650500BC08;B0BDDED34CC83E11052F6792C000B249;2025-05-31;-2.0;-600.86
7EFA0DA789DDCE11ADB31065050097B8;B0BDDED34CC83E11052F6792C000B249;2025-05-31;-12.0;-191.64
2E23C02322F05E1142D58A650500BC08;B0BDDED34CC83E11052F6792C000B249;2025-05-31;-2.0;-876.92
CAF26DD3B94BCE11ADB31065050014B8;B0BDDED34CC83E11052F6792C000B249;2025-05-31;-2.0;-253.92
55B62ACC69DDCE11ADB31065050097B8;B0BDDED34CC83E11052F6792C000B249;2025-05-31;-4.0;-219.96
24384A7B0321DE11ADB3106505003CB8;B0BDDED34CC83E11052F6792C000B249;2025-05-31;-2.0;-136.0
16AAD6C3B7E4DE11ADB31065050031C8;B0BDDED34CC83E11052F6792C000B249;2025-05-31;-2.0;-272.76
52E40D500890DE11ADB3106505006BB8;B0BDDED34CC83E11052F6792C000B249;2025-05-31;-6.0;-1767.3600000000001
7DAA1AEE68DDCE11ADB31065050097B8;B0BDDED34CC83E11052F6792C000B249;2025-05-31;-2.0;-87.94
0D69708DB2065E1142D58A650500DC08;B0BDDED34CC83E11052F6792C000B249;2025-05-31;-2.0;-240.48
0F38438847FF4E1142D58A650500BC08;B0BDDED34CC83E11052F6792C000B249;2025-05-31;-2.0;-92.9
3E3F408253735E1142D58A650500DC08;B0BDDED34CC83E11052F6792C000B249;2025-05-31;-2.0;-169.72
3CC8CE3CA305DE11ADB31065050051C8;B0BDDED34CC83E11052F6792C000B249;2025-05-31;-6.0;-414.98
5107D298B12AFE11128010650500E819;B0BDDED34CC83E11052F6792C000B249;2025-05-31;-6.0;-225.36
D48D17EE70BDBE11877210650500BE59;B0BDDED34CC83E11052F6792C000B249;2025-05-31;-2.0;-435.52
CED2FB2772FCBE11877210650500CD59;B0BDDED34CC83E11052F6792C000B249;2025-05-31;-2.0;-682.62
18757CEB9DE8FD11A4A96492C000AA89;B0BDDED34CC83E11052F6792C000B249;2025-05-31;-4.0;-262.64
D35E9808D3BC3E11052F6792C000D249;B0BDDED34CC83E11052F6792C000B249;2025-05-31;-8.0;-564.48
56E316FBBD1EFE11F1557891FE69E489;B0BDDED34CC83E11052F6792C000B249;2025-05-31;-2.0;-258.42
9E8291B9C19EBE11877210650500DF59;B0BDDED34CC83E11052F6792C000B249;2025-05-31;-2.0;-55.72
B63A4B7B00A0CE118772106505007269;B0BDDED34CC83E11052F6792C000B249;2025-05-31;-8.0;-153.04
6E057AC7D8420F114EF7A826072B6A89;B0BDDED34CC83E11052F6792C000B249;2025-05-31;-2.0;-187.66
A6FDC45E3142CE118772106505008469;B0BDDED34CC83E11052F6792C000B249;2025-05-31;-4.0;-626.0
8A1F57B30D3C5E1142D58A6505000D08;B0BDDED34CC83E11052F6792C000B249;2025-05-31;-10.0;-1037.2
D5ECC40BBE6DFE11F1557891FE690489;B0BDDED34CC83E11052F6792C000B249;2025-05-31;-4.0;-316.8
8E1A48881CF22E1143F0668E4200C71A;B0BDDED34CC83E11052F6792C000B249;2025-05-31;-2.0;-213.34
DAE4C5F36494FE1191EE10650500EFB9;B0BDDED34CC83E11052F6792C000B249;2025-05-31;-2.0;-147.34
F5F18BC1419EBE11877210650500DF59;B0BDDED34CC83E11052F6792C000B249;2025-05-31;-2.0;-55.72
7421D87750600F11F1557891FE69C789;B0BDDED34CC83E11052F6792C000B249;2025-05-31;-2.0;-104.0
662269CE6DB7FE1191EE10650500F3C9;B0BDDED34CC83E11052F6792C000B249;2025-05-31;-2.0;-277.8
958761624991FE1191EE10650500EBB9;B0BDDED34CC83E11052F6792C000B249;2025-05-31;-2.0;-38.82
199ACFF821B0EE11406610650500CA4A;B0BDDED34CC83E11052F6792C000B249;2025-05-31;-2.0;-247.06
5D66EED4D93FDE11406610650500E84A;B0BDDED34CC83E11052F6792C000B249;2025-05-31;-2.0;-15.54
47904BBEC0CAED11A62CD892C0003F2A;B0BDDED34CC83E11052F6792C000B249;2025-05-31;-2.0;-417.32
E6AF8A5FC0CAED11A62CD892C0003F2A;B0BDDED34CC83E11052F6792C000B249;2025-05-31;-4.0;-442.2
56B6EB4951CAED11A62CD892C0003F2A;B0BDDED34CC83E11052F6792C000B249;2025-05-31;-4.0;-1082.12
DCF0B3BC6240EE114066106505003A4A;B0BDDED34CC83E11052F6792C000B249;2025-05-31;-2.0;-191.92
A4316DC2DEDC9E11726010650500C94A;B0BDDED34CC83E11052F6792C000B249;2025-05-31;-2.0;-86.74
7994E8A4E315AE11726010650500445A;B0BDDED34CC83E11052F6792C000B249;2025-05-31;-2.0;-93.72
01A7631EB630EE114066106505002A4A;B0BDDED34CC83E11052F6792C000B249;2025-05-31;-4.0;-618.76
D362C3414EED7E110819BB65050039AA;B0BDDED34CC83E11052F6792C000B249;2025-05-31;-2.0;-561.46
903118CCA257DE11C846106505008F6A;B0BDDED34CC83E11052F6792C000B249;2025-05-31;-2.0;-51.0
2570D5B00D11BE11BE2110650500C65A;B0BDDED34CC83E11052F6792C000B249;2025-05-31;-2.0;-152.22
A5B00F4DD53ACE11ADB31065050092B8;B0BDDED34CC83E11052F6792C000B249;2025-05-31;-2.0;-99.8
F3A43B996382DE11ADB3106505000EB8;B0BDDED34CC83E11052F6792C000B249;2025-05-31;-2.0;-887.14
5668C9F5F5653E11052F6792C000FF39;B0BDDED34CC83E11052F6792C000B249;2025-05-31;-2.0;-296.68
3B3032F28ABAFE11128010650500E819;B0BDDED34CC83E11052F6792C000B249;2025-05-31;-10.0;-313.6
3EFE9CACBCC7BE118772106505003759;B0BDDED34CC83E11052F6792C000B249;2025-05-31;-4.0;-360.64
E45B49168C3FFE11F1557891FE695689;B0BDDED34CC83E11052F6792C000B249;2025-05-31;-2.0;-567.7
A08F0F2CB023CE11877210650500A569;B0BDDED34CC83E11052F6792C000B249;2025-05-31;-2.0;-60.14
07E96399FC410F11112A674AC7E21989;B0BDDED34CC83E11052F6792C000B249;2025-05-31;-2.0;-231.2
5E7CF9BFED71FE1191EE10650500CBB9;B0BDDED34CC83E11052F6792C000B249;2025-05-31;-2.0;-744.86
E496212120A20F114EF7A826072BDA89;B0BDDED34CC83E11052F6792C000B249;2025-05-31;-4.0;-253.18
BEDD2603775CEE1191EE1065050029B9;B0BDDED34CC83E11052F6792C000B249;2025-05-31;-2.0;-361.92
682C2393193EBE118772106505006F59;B0BDDED34CC83E11052F6792C000B249;2025-05-31;-2.0;-55.72
17EB5B5A04D7EE1191EE1065050097B9;B0BDDED34CC83E11052F6792C000B249;2025-05-31;-4.0;-148.6
A1282793775CEE1191EE1065050029B9;B0BDDED34CC83E11052F6792C000B249;2025-05-31;-2.0;-340.7
908C9BC431010F11112A674AC7E2B889;B0BDDED34CC83E11052F6792C000B249;2025-05-31;-2.0;-213.18
D951D296104FFE11F1557891FE695689;B0BDDED34CC83E11052F6792C000B249;2025-05-31;-2.0;-24.36
72E41A04958BBE11877210650500FB59;B0BDDED34CC83E11052F6792C000B249;2025-05-31;-6.0;-414.0
888EBC77256EEE1191EE1065050029B9;B0BDDED34CC83E11052F6792C000B249;2025-05-31;-4.0;-320.0
3D96BDB2060DEE1191EE1065050029B9;B0BDDED34CC83E11052F6792C000B249;2025-05-31;-4.0;-275.54
EFA15376AF6DFE11F1557891FE690489;B0BDDED34CC83E11052F6792C000B249;2025-05-31;-2.0;-152.0
E136882211CAED11A62CD892C0003F2A;B0BDDED34CC83E11052F6792C000B249;2025-05-31;-2.0;-330.44
46D74B02F977EE1191EE1065050027B9;B0BDDED34CC83E11052F6792C000B249;2025-05-31;-2.0;-3548.96
E8555DE604D7EE1191EE1065050097B9;B0BDDED34CC83E11052F6792C000B249;2025-05-31;-4.0;-148.6
5AB54DD35574FD110DC22A92C000C499;B0BDDED34CC83E11052F6792C000B249;2025-05-31;-2.0;-82.22
09B751EE1F22FE1191EE10650500ACB9;B0BDDED34CC83E11052F6792C000B249;2025-05-31;-2.0;-354.5
A2597EEBFA3DFE11F1557891FE69C389;B0BDDED34CC83E11052F6792C000B249;2025-05-31;-2.0;-254.78
350745E91D95FE1191EE1065050031C9;B0BDDED34CC83E11052F6792C000B249;2025-05-31;-2.0;-267.74
BE6785D8D0CAED11A62CD892C0003F2A;B0BDDED34CC83E11052F6792C000B249;2025-05-31;-2.0;-487.08
31E8CA5501CAED11A62CD892C0003F2A;B0BDDED34CC83E11052F6792C000B249;2025-05-31;-2.0;-336.6
FFA7EDD1F0CAED11A62CD892C0003F2A;B0BDDED34CC83E11052F6792C000B249;2025-05-31;-2.0;-349.28
472E9C0BB0CAED11A62CD892C0003F2A;B0BDDED34CC83E11052F6792C000B249;2025-05-31;-2.0;-1372.16
B8549C2DC0CAED11A62CD892C0003F2A;B0BDDED34CC83E11052F6792C000B249;2025-05-31;-6.0;-1123.92
A2E2A38201CAED11A62CD892C0003F2A;B0BDDED34CC83E11052F6792C000B249;2025-05-31;-2.0;-72.6
0A3BAA651F8FDE11406610650500594A;B0BDDED34CC83E11052F6792C000B249;2025-05-31;-2.0;-1674.52
0C8CE0DCCDEAAE11BE2110650500EE4A;B0BDDED34CC83E11052F6792C000B249;2025-05-31;-2.0;-138.58
FC1B1729ACA5BE11BE21106505009C5A;B0BDDED34CC83E11052F6792C000B249;2025-05-31;-4.0;-156.52
EA4F278C0ADEAE11BE2110650500E35A;B0BDDED34CC83E11052F6792C000B249;2025-05-31;-14.0;-520.1
4E71D96512248E113835BB6505009CAA;B0BDDED34CC83E11052F6792C000B249;2025-05-31;-4.0;-145.7
66A9D70841AD7E110819BB65050039AA;B0BDDED34CC83E11052F6792C000B249;2025-05-31;-4.0;-591.88
AB7B1593B0A68E11F243BB650500DB3B;B0BDDED34CC83E11052F6792C000B249;2025-05-31;-4.0;-697.36
47DD2492FEE4AE11726010650500145A;B0BDDED34CC83E11052F6792C000B249;2025-05-31;-2.0;-42.64
E76C964257E48E113835BB6505009DAA;B0BDDED34CC83E11052F6792C000B249;2025-05-31;-2.0;-622.0
93A88B2863F7DE11C84610650500507A;B0BDDED34CC83E11052F6792C000B249;2025-05-31;-2.0;-99.76
DC0F389159E48E113835BB6505009DAA;B0BDDED34CC83E11052F6792C000B249;2025-05-31;-2.0;-585.2
6D6CDA0CBA6BAE11BE21106505008F4A;B0BDDED34CC83E11052F6792C000B249;2025-05-31;-2.0;-83.0
6E03C37E8AF08E110819BB65050039AA;B0BDDED34CC83E11052F6792C000B249;2025-05-31;-2.0;-271.68
C605254C9E456E11B7B78A650500BC08;44673735EAF46E11B7B78A650500BC08;2025-05-31;-2.0;-52.6
051384389D0A6E11B7B78A650500BC08;44673735EAF46E11B7B78A650500BC08;2025-05-31;-38.0;-2256.1400000000003
EEF676A9CD456E11B7B78A650500BC08;44673735EAF46E11B7B78A650500BC08;2025-05-31;-2.0;-280.0
83EE077F7D456E11B7B78A650500BC08;44673735EAF46E11B7B78A650500BC08;2025-05-31;-8.0;-249.6
B931BF7EEB456E11B7B78A650500BC08;44673735EAF46E11B7B78A650500BC08;2025-05-31;-2.0;-391.14
B23EE5BC3C456E11B7B78A650500BC08;44673735EAF46E11B7B78A650500BC08;2025-05-31;-2.0;-300.9
18E325DEC49E4E1142D58A650500BC08;44673735EAF46E11B7B78A650500BC08;2025-05-31;-2.0;-102.0
6B2267EF3C456E11B7B78A650500BC08;44673735EAF46E11B7B78A650500BC08;2025-05-31;-4.0;-562.24
5E0BF21D1CE76E11B7B78A650500BC08;44673735EAF46E11B7B78A650500BC08;2025-05-31;-4.0;-888.88
EA920813BA66CE11ADB310650500BDA8;44673735EAF46E11B7B78A650500BC08;2025-05-31;-2.0;-66.22
2D42EF4B16137E11B7B78A650500DD08;44673735EAF46E11B7B78A650500BC08;2025-05-31;-6.0;-618.1
D5384A7B0321DE11ADB3106505003CB8;44673735EAF46E11B7B78A650500BC08;2025-05-31;-12.0;-720.0
652ED80F25037E11B7B78A650500DD08;44673735EAF46E11B7B78A650500BC08;2025-05-31;-4.0;-146.48
340782B29880DE11ADB3106505005BB8;44673735EAF46E11B7B78A650500BC08;2025-05-31;-2.0;-459.34
2A05039F6A92DE11ADB3106505002EB8;44673735EAF46E11B7B78A650500BC08;2025-05-31;-12.0;-810.4
F5D17B2DE79FFE11F1557891FE69C689;44673735EAF46E11B7B78A650500BC08;2025-05-31;-2.0;-144.68
0B8B73113EA0CE118772106505008269;44673735EAF46E11B7B78A650500BC08;2025-05-31;-2.0;-1220.42
6B199AD14FAFEE1191EE1065050079B9;44673735EAF46E11B7B78A650500BC08;2025-05-31;-248.0;-42050.64
C150FE2D4CA8FE11128010650500D819;44673735EAF46E11B7B78A650500BC08;2025-05-31;-2.0;-44.46
4587FD357AA1CE11877210650500C369;44673735EAF46E11B7B78A650500BC08;2025-05-31;-4.0;-676.56
50A80A67D79FFE11F1557891FE69C689;44673735EAF46E11B7B78A650500BC08;2025-05-31;-2.0;-131.92
1FAA59F21C7C9E11726010650500494A;44673735EAF46E11B7B78A650500BC08;2025-05-31;-6.0;-254.16
FE7DE5041431FE1191EE106505006BB9;44673735EAF46E11B7B78A650500BC08;2025-05-31;-14.0;-2037.0
FDBF5FCF20CAED11A62CD892C0003F2A;44673735EAF46E11B7B78A650500BC08;2025-05-31;-6.0;-318.0
1D4028C9D0E6EE1191EE1065050096B9;44673735EAF46E11B7B78A650500BC08;2025-05-31;-4.0;-957.86
28EB97FD4443FE1191EE106505001EB9;44673735EAF46E11B7B78A650500BC08;2025-05-31;-2.0;-827.18
9E84D83D0F0BAE11BE21106505001F4A;44673735EAF46E11B7B78A650500BC08;2025-05-31;22.0;2208.1400000000003
B23AB36E21C7DE11C84610650500107A;44673735EAF46E11B7B78A650500BC08;2025-05-31;-6.0;-39.22
5C978DEAF50BAE11BE21106505000F4A;44673735EAF46E11B7B78A650500BC08;2025-05-31;-2.0;-594.16
CE27FD8A72C97E110819BB65050019AA;44673735EAF46E11B7B78A650500BC08;2025-05-31;-2.0;-155.16
59C7D916B0CAED11A62CD892C0003F2A;44673735EAF46E11B7B78A650500BC08;2025-05-31;-2.0;-160.06
9C56BEFFB0CAED11A62CD892C0003F2A;44673735EAF46E11B7B78A650500BC08;2025-05-31;-2.0;-620.9
D2704B74F5C0BE11BE2110650500565A;44673735EAF46E11B7B78A650500BC08;2025-05-31;-8.0;-494.48
F3137EBFE6197E110819BB65050009AA;44673735EAF46E11B7B78A650500BC08;2025-05-31;-24.0;-1078.56
4E924ACD4607DE11C846106505002F6A;44673735EAF46E11B7B78A650500BC08;2025-05-31;-2.0;-29.26
AFFC3C198EF39E115540106505008D3B;44673735EAF46E11B7B78A650500BC08;2025-05-31;-2.0;-94.36
6420E5A940FA7E110819BB65050039AA;44673735EAF46E11B7B78A650500BC08;2025-05-31;-2.0;-35.46
CC303F6FB6197E110819BB65050009AA;44673735EAF46E11B7B78A650500BC08;2025-05-31;-6.0;-345.94
FD69173959B1EE114066106505001C4A;44673735EAF46E11B7B78A650500BC08;2025-05-31;-4.0;-101.16
2DF0631100C01E1143F0668E42008C3B;44673735EAF46E11B7B78A650500BC08;2025-05-31;-2.0;-326.42
FF2C6BDA03078E11F243BB6505005C3B;44673735EAF46E11B7B78A650500BC08;2025-05-31;-12.0;-379.92
10A64B9965848E113835BB6505001DAA;44673735EAF46E11B7B78A650500BC08;2025-05-31;-2.0;-10928.98
2000588963039E115540106505004C3B;44673735EAF46E11B7B78A650500BC08;2025-05-31;-2.0;-122.44
9607CEA2721A8E11F243BB650500304B;44673735EAF46E11B7B78A650500BC08;2025-05-31;-6.0;-303.42
F5DA31BDB27D8E11F243BB650500154B;44673735EAF46E11B7B78A650500BC08;2025-05-31;-4.0;-275.54
0A9EF37B8A65EE11B1AD1065050039EA;44673735EAF46E11B7B78A650500BC08;2025-05-31;-26.0;-598.0
DED44E1613179E11554010650500914B;44673735EAF46E11B7B78A650500BC08;2025-05-31;-30.0;-2155.2000000000003
382D22AE94688E11F243BB6505001E3B;44673735EAF46E11B7B78A650500BC08;2025-05-31;-2.0;-1272.7999999999997
0CB225869C456E11B7B78A650500BC08;44673735EAF46E11B7B78A650500BC08;2025-05-31;-2.0;-80.48
0034A856DB456E11B7B78A650500BC08;44673735EAF46E11B7B78A650500BC08;2025-05-31;-12.0;-1479.0
BD1C3EEF490ECE11ADB310650500D7B8;44673735EAF46E11B7B78A650500BC08;2025-05-31;-2.0;-42.42
39F0313630556E11B7B78A650500BC08;44673735EAF46E11B7B78A650500BC08;2025-05-31;-2.0;-212.78
E4AAB2CCE2376E11B7B78A650500BC08;44673735EAF46E11B7B78A650500BC08;2025-05-31;0.0;4.119999999999891
4CDE168900966E11B7B78A650500BC08;44673735EAF46E11B7B78A650500BC08;2025-05-31;-2.0;-205.6
7A394238127DCE11ADB31065050007B8;44673735EAF46E11B7B78A650500BC08;2025-05-31;-2.0;-159.94
97295CC2ECD4DE11ADB31065050021C8;44673735EAF46E11B7B78A650500BC08;2025-05-31;-2.0;-196.98
FC709D07B55BCE11ADB31065050024B8;44673735EAF46E11B7B78A650500BC08;2025-05-31;-2.0;-124.0
A7F61A7D98363E11052F6792C000FF39;44673735EAF46E11B7B78A650500BC08;2025-05-31;-2.0;-127.94
779902914575EE1191EE10650500D4B9;44673735EAF46E11B7B78A650500BC08;2025-05-31;-2.0;-87.8
9079BEA9E43ACE11ADB31065050092B8;44673735EAF46E11B7B78A650500BC08;2025-05-31;-4.0;-171.18
DE77CFAD1126BE118772106505001559;44673735EAF46E11B7B78A650500BC08;2025-05-31;-2.0;-127.32
0204A0F47678FE11128010650500D819;44673735EAF46E11B7B78A650500BC08;2025-05-31;-2.0;-614.68
DFD292125678EE1191EE1065050078B9;44673735EAF46E11B7B78A650500BC08;2025-05-31;-2.0;-394.32
A70CB776B2C10F114EF7A826072BB989;44673735EAF46E11B7B78A650500BC08;2025-05-31;-2.0;-253.62
149A87BDE489DE11406610650500514A;44673735EAF46E11B7B78A650500BC08;2025-05-31;-2.0;-54.0
EDCD6FAEFFD9DE11406610650500C14A;44673735EAF46E11B7B78A650500BC08;2025-05-31;-6.0;-570.5999999999999
3B5E021100E7EE1191EE10650500A7B9;44673735EAF46E11B7B78A650500BC08;2025-05-31;-4.0;-15.26
89994B7DA0CAED11A62CD892C0003F2A;44673735EAF46E11B7B78A650500BC08;2025-05-31;-4.0;-572.0
E0BD434BF77A9E115250106505007B4A;44673735EAF46E11B7B78A650500BC08;2025-05-31;-12.0;-1522.92
E78FF3BE066E9E11726010650500CB4A;44673735EAF46E11B7B78A650500BC08;2025-05-31;-2.0;-53.64
D3C9D397E770BE11BE2110650500F55A;44673735EAF46E11B7B78A650500BC08;2025-05-31;-2.0;-132.02
5DFA32743E4DDE11406610650500564A;44673735EAF46E11B7B78A650500BC08;2025-05-31;-2.0;-1039.04
2F037D4657DEAE11BE2110650500E35A;44673735EAF46E11B7B78A650500BC08;2025-05-31;-2.0;-486.0
BB5E50A1B0A1EE11406610650500FB4A;44673735EAF46E11B7B78A650500BC08;2025-05-31;-2.0;-203.08
4E72F4AAFB9DDE11406610650500B64A;44673735EAF46E11B7B78A650500BC08;2025-05-31;-2.0;-310.0
EC303F6FB6197E110819BB65050009AA;44673735EAF46E11B7B78A650500BC08;2025-05-31;-20.0;-1869.96
FCA8C3A080A49E115540106505006E3B;44673735EAF46E11B7B78A650500BC08;2025-05-31;2.0;1717.3200000000002
D5B68B02FD97DE11C84610650500EF6A;44673735EAF46E11B7B78A650500BC08;2025-05-31;-2.0;-2695.76
35D1D1BDFFF8AE11BE21106505007C4A;44673735EAF46E11B7B78A650500BC08;2025-05-31;-2.0;-12611.6
17FAE23586A88E11F243BB6505006E3B;44673735EAF46E11B7B78A650500BC08;2025-05-31;-2.0;-4801.6
211BDB13721A8E11F243BB650500304B;44673735EAF46E11B7B78A650500BC08;2025-05-31;-4.0;-303.58
CD5F389B45CF8E11F243BB650500084B;44673735EAF46E11B7B78A650500BC08;2025-05-31;-2.0;-39.98
29221F7F45CF8E11F243BB650500084B;44673735EAF46E11B7B78A650500BC08;2025-05-31;-2.0;-93.46
C8221F7F45CF8E11F243BB650500084B;44673735EAF46E11B7B78A650500BC08;2025-05-31;-4.0;-180.01999999999998
77A7782C0E456E11B7B78A650500BC08;44673735EAF46E11B7B78A650500BC08;2025-05-31;-2.0;-1211.18
04F832D6B9456E11B7B78A650500BC08;44673735EAF46E11B7B78A650500BC08;2025-05-31;-4.0;-664.16
89C86EF2EF456E11B7B78A650500BC08;44673735EAF46E11B7B78A650500BC08;2025-05-31;-8.0;-2513.12
18B373561D456E11B7B78A650500BC08;44673735EAF46E11B7B78A650500BC08;2025-05-31;-16.0;-2568.0
8C559322AE456E11B7B78A650500BC08;44673735EAF46E11B7B78A650500BC08;2025-05-31;-2.0;-30.94
900E3C660DA57E11B7B78A650500ED08;44673735EAF46E11B7B78A650500BC08;2025-05-31;-8.0;-784.0
37156BEAA5EFCE11ADB3106505006AB8;44673735EAF46E11B7B78A650500BC08;2025-05-31;-16.0;-979.02
8AF80D8294437E11B7B78A650500DD08;44673735EAF46E11B7B78A650500BC08;2025-05-31;-4.0;-440.32000000000016
2B6416B4C170DE11ADB3106505003BB8;44673735EAF46E11B7B78A650500BC08;2025-05-31;-4.0;-389.96
F6DDF0E966C37E11B7B78A650500DD08;44673735EAF46E11B7B78A650500BC08;2025-05-31;-2.0;-240.4
1952F4E4DF096E11B7B78A650500BC08;44673735EAF46E11B7B78A650500BC08;2025-05-31;-4.0;-883.36
591545FB88A7CE11ADB3106505004FA8;44673735EAF46E11B7B78A650500BC08;2025-05-31;-6.0;-2901.48
DBB175053EF9FE11128010650500E819;44673735EAF46E11B7B78A650500BC08;2025-05-31;-2.0;-3464.82
10995F76A646CE11ADB3106505008DA8;44673735EAF46E11B7B78A650500BC08;2025-05-31;-2.0;-174.62
E96B877A988AFE11128010650500E819;44673735EAF46E11B7B78A650500BC08;2025-05-31;-2.0;-27.8
9B3434FADC3ABE118772106505005A59;44673735EAF46E11B7B78A650500BC08;2025-05-31;-4.0;-682.4
F12B0DC8862FFE11F1557891FE693689;44673735EAF46E11B7B78A650500BC08;2025-05-31;-2.0;-678.0
4D028A0DADE1FE1191EE106505005CB9;44673735EAF46E11B7B78A650500BC08;2025-05-31;-2.0;-391.08
ECA09BC6AE0BEE1191EE1065050029B9;44673735EAF46E11B7B78A650500BC08;2025-05-31;-4.0;-98.36
2BAA8FE1E35FEE1191EE1065050029B9;44673735EAF46E11B7B78A650500BC08;2025-05-31;-2.0;-103.06
9DA4BA3ED4BBEE1191EE1065050029B9;44673735EAF46E11B7B78A650500BC08;2025-05-31;-4.0;-344.0
0C19A1BFCAD0FE1191EE10650500FAB9;44673735EAF46E11B7B78A650500BC08;2025-05-31;-4.0;-411.46
BB799E32D004FE1191EE106505001FB9;44673735EAF46E11B7B78A650500BC08;2025-05-31;-4.0;-1627.78
8FEF0D3B34D99E11525010650500AA4A;44673735EAF46E11B7B78A650500BC08;2025-05-31;-2.0;-693.58
862056DBC35FEE1191EE1065050029B9;44673735EAF46E11B7B78A650500BC08;2025-05-31;-2.0;-953.96
8797A389CE37FE1191EE1065050053C9;44673735EAF46E11B7B78A650500BC08;2025-05-31;-2.0;-3994.82
CE3637BE2CE1EE114066106505006C4A;44673735EAF46E11B7B78A650500BC08;2025-05-31;-2.0;-182.8
897A56F8FE3CEE1191EE1065050029B9;44673735EAF46E11B7B78A650500BC08;2025-05-31;-2.0;-65.48
A4EF60EBDACDDE11406610650500F64A;44673735EAF46E11B7B78A650500BC08;2025-05-31;-2.0;-560.48
0AF3557DABE1EE114066106505006C4A;44673735EAF46E11B7B78A650500BC08;2025-05-31;-2.0;-564.0
92C8BD650EADAE11BE2110650500625A;44673735EAF46E11B7B78A650500BC08;2025-05-31;-2.0;-315.9
61E3AEA7041AAE11BE2110650500DD4A;44673735EAF46E11B7B78A650500BC08;2025-05-31;-2.0;-768.0
97B0659548329E115540106505004B3B;44673735EAF46E11B7B78A650500BC08;2025-05-31;-12.0;-4020.0
F30319B5C422BE11BE2110650500185A;44673735EAF46E11B7B78A650500BC08;2025-05-31;-2.0;-377.92
7E9889072C8EAE11BE2110650500835A;44673735EAF46E11B7B78A650500BC08;2025-05-31;-2.0;-453.24
97419871AED4EE11B1AD1065050078EA;44673735EAF46E11B7B78A650500BC08;2025-05-31;-2.0;-86.68
DC35460A8A1B8E11F243BB650500814B;44673735EAF46E11B7B78A650500BC08;2025-05-31;-2.0;-11139.98
5755DEF2224DDE11406610650500464A;44673735EAF46E11B7B78A650500BC08;2025-05-31;-8.0;-1253.2
B4C716D859B1EE114066106505001C4A;44673735EAF46E11B7B78A650500BC08;2025-05-31;-6.0;-113.96
C96562D6E770BE11BE2110650500F55A;44673735EAF46E11B7B78A650500BC08;2025-05-31;-2.0;-181.96
F6DBC16F18C6DE11C84610650500DE6A;44673735EAF46E11B7B78A650500BC08;2025-05-31;-2.0;-23.66
7A17619EC688CE11ADB31065050070B8;44673735EAF46E11B7B78A650500BC08;2025-05-31;-2.0;-76.66
2A001435F9456E11B7B78A650500BC08;44673735EAF46E11B7B78A650500BC08;2025-05-31;-2.0;-213.9
50146B13B13FEE1191EE1065050029B9;44673735EAF46E11B7B78A650500BC08;2025-05-31;-6.0;-583.54
17A6BB90A8F07E11B7B78A650500CD08;44673735EAF46E11B7B78A650500BC08;2025-05-31;-2.0;-99.68
6A0E1C02AEEBCE11ADB310650500E4B8;44673735EAF46E11B7B78A650500BC08;2025-05-31;-2.0;-563.32
64E06790AE789E11525010650500E84A;44673735EAF46E11B7B78A650500BC08;2025-05-31;-2.0;-309.5999999999999
3D1DE032B1E19E11F243BB650500BA4B;44673735EAF46E11B7B78A650500BC08;2025-05-31;-2.0;-65.96
72B4788D45CF8E11F243BB650500084B;44673735EAF46E11B7B78A650500BC08;2025-05-31;-4.0;-144.22
B607CEA2721A8E11F243BB650500304B;44673735EAF46E11B7B78A650500BC08;2025-05-31;-2.0;-110.82
3FF1CBD6B2ACEE1191EE1065050029B9;FC081C55582CED11A62CD892C0003F2A;2025-05-31;-2.0;-161.84
889A9FC32B427E11B7B78A650500CD08;FC081C55582CED11A62CD892C0003F2A;2025-05-31;-2.0;-568.78
47F4F53C79363E11052F6792C000FF39;FC081C55582CED11A62CD892C0003F2A;2025-05-31;-2.0;-62.16
39FF82A311E1FE1191EE106505004CB9;FC081C55582CED11A62CD892C0003F2A;2025-05-31;-2.0;-391.22
4C2DEE66AFFFBE11877210650500A169;FC081C55582CED11A62CD892C0003F2A;2025-05-31;-2.0;-657.4
91F0B5B5AE09BE11877210650500D859;FC081C55582CED11A62CD892C0003F2A;2025-05-31;-2.0;-450.46
675C1FD4AFB0FE1191EE10650500DAB9;FC081C55582CED11A62CD892C0003F2A;2025-05-31;-2.0;-240.0
6A5D0F91F54CDE11406610650500054A;FC081C55582CED11A62CD892C0003F2A;2025-05-31;-2.0;-361.94
4744FA69BF354E1142D58A6505002C08;FC081C55582CED11A62CD892C0003F2A;2025-05-31;-2.0;-120.12
EC23E09D9D0CFE111280106505000919;FC081C55582CED11A62CD892C0003F2A;2025-05-31;-2.0;-901.42
E262922868A0EE11406610650500BA4A;FC081C55582CED11A62CD892C0003F2A;2025-05-31;-2.0;-236.78
BD8D101FBE968E11F243BB650500DB3B;FC081C55582CED11A62CD892C0003F2A;2025-05-31;-2.0;-602.84
7200806E785EDE11406610650500C74A;FC081C55582CED11A62CD892C0003F2A;2025-05-31;-4.0;-455.34
1C361686AC456E11B7B78A650500BC08;44673735EAF46E11B7B78A650500BC08;2025-05-31;6.0;246.84
DF0EABE02D456E11B7B78A650500BC08;44673735EAF46E11B7B78A650500BC08;2025-05-31;-80.0;-30000.0
6CC0E60FC42BDE11406610650500734A;44673735EAF46E11B7B78A650500BC08;2025-05-31;0.0;0.0
DC29625C4588BE118772106505002859;44673735EAF46E11B7B78A650500BC08;2025-05-31;0.0;4.547473508864641e-13
D4147C450DDDFE11F1557891FE699489;44673735EAF46E11B7B78A650500BC08;2025-05-31;0.0;0.0
359DEF550DDDFE11F1557891FE699489;44673735EAF46E11B7B78A650500BC08;2025-05-31;0.0;0.0
A8F393D4BBB9AE11BE21106505006D4A;44673735EAF46E11B7B78A650500BC08;2025-05-31;0.0;0.0
0B8756870317DE11C846106505003F6A;44673735EAF46E11B7B78A650500BC08;2025-05-31;0.0;0.0
B6E252768317DE11C846106505003F6A;44673735EAF46E11B7B78A650500BC08;2025-05-31;0.0;0.0
F193204A4317DE11C846106505003F6A;44673735EAF46E11B7B78A650500BC08;2025-05-31;0.0;0.0
F686738B3317DE11C846106505003F6A;44673735EAF46E11B7B78A650500BC08;2025-05-31;0.0;0.0
86B193274E458E113835BB6505001EAA;FC081C55582CED11A62CD892C0003F2A;2025-05-31;-8.0;-1026.88
71A1332D25DFEE1191EE10650500A9B9;FC081C55582CED11A62CD892C0003F2A;2025-05-31;-4.0;-966.4
0A150FF1AC112E1143F0668E4200C71A;FC081C55582CED11A62CD892C0003F2A;2025-05-31;-2.0;-674.14
A227FDC17F320F114EF7A826072B5A89;44673735EAF46E11B7B78A650500BC08;2025-05-31;4.0;694.28
BCD6FCF4F9D2DE11ADB3106505007EB8;44673735EAF46E11B7B78A650500BC08;2025-05-31;-8.0;-3120.0
0DB2C71BA65BCE11ADB31065050024B8;FC081C55582CED11A62CD892C0003F2A;2025-05-31;2.0;2422.24
94A4DC82E9456E11B7B78A650500BC08;44673735EAF46E11B7B78A650500BC08;2025-05-31;0.0;0.0
F57BF422384CEE1191EE1065050029B9;44673735EAF46E11B7B78A650500BC08;2025-05-31;0.0;0.0
C5C7703F6EEAAE11BE2110650500EE4A;44673735EAF46E11B7B78A650500BC08;2025-05-31;-300.0;-2755.1
E915D5891EF10F114EF7A826072B0A89;B0BDDED34CC83E11052F6792C000B249;2025-05-31;2.0;724.74
C1D14E6E383EFE11F1557891FE690589;44673735EAF46E11B7B78A650500BC08;2025-05-31;8.0;16146.52
00437AEECE299E11525010650500D94A;FC081C55582CED11A62CD892C0003F2A;2025-05-31;60.0;7325.92
6B09646391CAED11A62CD892C0003F2A;B0BDDED34CC83E11052F6792C000B249;2025-05-31;24.0;3690.78
1495F64F2945BE11BE21106505001C5A;FC081C55582CED11A62CD892C0003F2A;2025-05-31;2.0;3443.32
E395F64F2945BE11BE21106505001C5A;FC081C55582CED11A62CD892C0003F2A;2025-05-31;2.0;3584.9
C483438F72B10F114EF7A826072BA989;FC081C55582CED11A62CD892C0003F2A;2025-05-31;8.0;18628.26
7FA8FA5B3B158E113835BB650500DDAA;44673735EAF46E11B7B78A650500BC08;2025-05-31;12.0;17563.82
F570B49806A17E11B7B78A650500CD08;B0BDDED34CC83E11052F6792C000B249;2025-05-31;216.0;2022.66
ECA9CF4E6BBD3E11052F6792C000D249;B0BDDED34CC83E11052F6792C000B249;2025-05-31;48.0;728.36
AFB26ACEDEE3DE11ADB310650500DFB8;FC081C55582CED11A62CD892C0003F2A;2025-05-31;100.0;600.7
7CB7C903B7D1AE11726010650500205A;FC081C55582CED11A62CD892C0003F2A;2025-05-31;96.0;6351.44
6025E4C243530F114EF7A826072BBB89;44673735EAF46E11B7B78A650500BC08;2025-05-31;60.0;13804.16
F4B5755E73530F114EF7A826072BBB89;44673735EAF46E11B7B78A650500BC08;2025-05-31;20.0;1422.54
4B05667E73530F114EF7A826072BBB89;44673735EAF46E11B7B78A650500BC08;2025-05-31;10.0;1374.72
31E7778E73530F114EF7A826072BBB89;44673735EAF46E11B7B78A650500BC08;2025-05-31;20.0;2309.68
5D63E09D9D0CFE111280106505000919;B0BDDED34CC83E11052F6792C000B249;2025-05-31;4.0;2018.26
6CF1F5142802AE11726010650500605A;FC081C55582CED11A62CD892C0003F2A;2025-05-31;36.0;20672.36
454012EDC877EE1191EE1065050027B9;B0BDDED34CC83E11052F6792C000B249;2025-05-31;40.0;8503.36
72FCBEBF18AB6E11B7B78A650500BC08;FC081C55582CED11A62CD892C0003F2A;2025-05-31;8.0;1629.9
C2120B04BB733E11052F6792C000CF39;FC081C55582CED11A62CD892C0003F2A;2025-05-31;28.0;2217.32
C4546055E1CAED11A62CD892C0003F2A;B0BDDED34CC83E11052F6792C000B249;2025-05-31;50.0;450.8
79B75B01F1CAED11A62CD892C0003F2A;44673735EAF46E11B7B78A650500BC08;2025-05-31;4.0;171.92
59A7F136D265BE11BE21106505003C5A;FC081C55582CED11A62CD892C0003F2A;2025-05-31;20.0;4041.68
CCEF2E74D265BE11BE21106505003C5A;B0BDDED34CC83E11052F6792C000B249;2025-05-31;20.0;4041.68
4C80191D8F74FE1191EE10650500CFB9;B0BDDED34CC83E11052F6792C000B249;2025-05-31;-4.0;-247.2
D1B930983B3D5E1142D58A6505002D08;FC081C55582CED11A62CD892C0003F2A;2025-05-31;-4.0;-157.84
27FBE5C39B46DE11ADB310650500F2C8;FC081C55582CED11A62CD892C0003F2A;2025-05-31;-2.0;-314.56
35383176E0106E1142D58A650500AD08;FC081C55582CED11A62CD892C0003F2A;2025-05-31;-2.0;-463.28
3090B484BB4ACE11ADB310650500B2B8;FC081C55582CED11A62CD892C0003F2A;2025-05-31;-2.0;-402.32
67ACBA0B7092DE11ADB3106505001EB8;FC081C55582CED11A62CD892C0003F2A;2025-05-31;-4.0;-350.2
476C3997B34C2E11052F6792C000CF39;FC081C55582CED11A62CD892C0003F2A;2025-05-31;-2.0;-286.3
7C1500AC34425E1142D58A650500DC08;FC081C55582CED11A62CD892C0003F2A;2025-05-31;-2.0;-206.44
91D65036DE75FD110DC22A92C000D158;FC081C55582CED11A62CD892C0003F2A;2025-05-31;-4.0;-78.36
27235D7F41615E1142D58A650500BC08;FC081C55582CED11A62CD892C0003F2A;2025-05-31;-2.0;-674.14
A1485770AB596E11B7B78A650500BC08;FC081C55582CED11A62CD892C0003F2A;2025-05-31;-12.0;-897.24
27E403BF78E2DE11ADB3106505008EB8;FC081C55582CED11A62CD892C0003F2A;2025-05-31;-6.0;-699.0
24FBA1572B917E11B7B78A650500CD08;FC081C55582CED11A62CD892C0003F2A;2025-05-31;-6.0;-252.88
415CB3D7B12AFE11128010650500E819;FC081C55582CED11A62CD892C0003F2A;2025-05-31;-2.0;-110.02
A82D1E8C65B4DE11ADB310650500F0C8;FC081C55582CED11A62CD892C0003F2A;2025-05-31;-6.0;-366.12
21D4662C575FFE11F1557891FE697689;FC081C55582CED11A62CD892C0003F2A;2025-05-31;-6.0;-252.0
A6FDC45E3142CE118772106505008469;FC081C55582CED11A62CD892C0003F2A;2025-05-31;-6.0;-966.0
D00388380FA27E11B7B78A650500DD08;FC081C55582CED11A62CD892C0003F2A;2025-05-31;-2.0;-76.0
DAD16D440ABBFD11A4A96492C000CB59;FC081C55582CED11A62CD892C0003F2A;2025-05-31;-2.0;-372.02
2717C1E431010F11112A674AC7E2B889;FC081C55582CED11A62CD892C0003F2A;2025-05-31;-2.0;-600.26
2F067D1FE8900E11A4A96492C0002019;FC081C55582CED11A62CD892C0003F2A;2025-05-31;-2.0;-702.56
C130925975AE0E1143F0668E42001D49;FC081C55582CED11A62CD892C0003F2A;2025-05-31;-4.0;-121.8
A4FF4C4A60CFBE118772106505005169;FC081C55582CED11A62CD892C0003F2A;2025-05-31;-2.0;-403.38
97A642EDC8E3FE1191EE10650500FEB9;FC081C55582CED11A62CD892C0003F2A;2025-05-31;-2.0;-161.1
8D5627ADC0CAED11A62CD892C0003F2A;FC081C55582CED11A62CD892C0003F2A;2025-05-31;-6.0;-1189.3799999999999
45720D1B63B9BE11877210650500A959;FC081C55582CED11A62CD892C0003F2A;2025-05-31;-22.0;-2635.6
6EE05376AF6DFE11F1557891FE690489;FC081C55582CED11A62CD892C0003F2A;2025-05-31;-2.0;-163.4
049DE472E0CAED11A62CD892C0003F2A;FC081C55582CED11A62CD892C0003F2A;2025-05-31;-2.0;-795.16
21FAAA661F34AE11726010650500335A;FC081C55582CED11A62CD892C0003F2A;2025-05-31;-4.0;-811.36
633D0987256EEE1191EE1065050029B9;FC081C55582CED11A62CD892C0003F2A;2025-05-31;-2.0;-160.0
0E010532EA0CEE1191EE1065050029B9;FC081C55582CED11A62CD892C0003F2A;2025-05-31;-2.0;-909.7
EDD542210C9DDE11406610650500B64A;FC081C55582CED11A62CD892C0003F2A;2025-05-31;-2.0;-279.82
7395F55B3BD6AE11BE2110650500B94A;FC081C55582CED11A62CD892C0003F2A;2025-05-31;-6.0;-980.0
3201C7FFF0CAED11A62CD892C0003F2A;FC081C55582CED11A62CD892C0003F2A;2025-05-31;-6.0;-306.78000000000003
BC9C530E8FCA9E11525010650500EB4A;FC081C55582CED11A62CD892C0003F2A;2025-05-31;-4.0;-126.5
7CEC1FAF6EE2BE11BE2110650500195A;FC081C55582CED11A62CD892C0003F2A;2025-05-31;-4.0;-365.78
8033F6C2D74CDE11406610650500054A;FC081C55582CED11A62CD892C0003F2A;2025-05-31;-8.0;-168.62
0A9956313E758E113835BB6505005EAA;FC081C55582CED11A62CD892C0003F2A;2025-05-31;-2.0;-1047.1
4657BEE47AB4EE11B1AD1065050048EA;FC081C55582CED11A62CD892C0003F2A;2025-05-31;-8.0;-282.98
7F07EC2F93D67E11B7B78A650500ED08;FC081C55582CED11A62CD892C0003F2A;2025-05-31;-4.0;-142.46
DEECEA8F58A1CE11877210650500C369;FC081C55582CED11A62CD892C0003F2A;2025-05-31;-4.0;-129.4
8A7E772391600F11F1557891FE69C789;FC081C55582CED11A62CD892C0003F2A;2025-05-31;-2.0;-105.38
B0798FE4F3C2FE1191EE106505006DB9;FC081C55582CED11A62CD892C0003F2A;2025-05-31;-4.0;-440.2
BBC54C27DCECEE1191EE1065050029B9;FC081C55582CED11A62CD892C0003F2A;2025-05-31;-2.0;-13.22
09F5BCEF58A1CE11877210650500C369;FC081C55582CED11A62CD892C0003F2A;2025-05-31;-2.0;-129.86
78DC41A294D3DE11ADB310650500BFB8;FC081C55582CED11A62CD892C0003F2A;2025-05-31;-2.0;-228.82
165C11036A5D7E110819BB65050039AA;FC081C55582CED11A62CD892C0003F2A;2025-05-31;-32.0;-218.2
7EB168189C3CEE1191EE1065050029B9;FC081C55582CED11A62CD892C0003F2A;2025-05-31;-2.0;-27.62
80F42BDDDA5D7E110819BB65050039AA;FC081C55582CED11A62CD892C0003F2A;2025-05-31;-216.0;-7560.0
B5E7B7D771500F11F1557891FE69B789;FC081C55582CED11A62CD892C0003F2A;2025-05-31;-2.0;-24.0
FDCBD87422600F11F1557891FE69C789;FC081C55582CED11A62CD892C0003F2A;2025-05-31;-2.0;-112.42
1EE39395E913EE11B1AD1065050036EA;FC081C55582CED11A62CD892C0003F2A;2025-05-31;-2.0;-92.0
88544E734974EE11B1AD10650500F7EA;FC081C55582CED11A62CD892C0003F2A;2025-05-31;-8.0;-96.0
44C71BCABBB1EE114066106505001C4A;FC081C55582CED11A62CD892C0003F2A;2025-05-31;-2.0;-105.08
DF63CEA9EDB3EE11B1AD1065050007EA;FC081C55582CED11A62CD892C0003F2A;2025-05-31;-2.0;-262.4
3B17F45E828EAE11BE2110650500735A;FC081C55582CED11A62CD892C0003F2A;2025-05-31;-4.0;-69.24
CAA88A00CBE1EE114066106505006C4A;FC081C55582CED11A62CD892C0003F2A;2025-05-31;-4.0;-71.52
F0F55FEA3974EE11B1AD10650500F7EA;FC081C55582CED11A62CD892C0003F2A;2025-05-31;-4.0;-48.0
9973FFF1BAF94E1142D58A6505009C08;FC081C55582CED11A62CD892C0003F2A;2025-05-31;-4.0;-479.68
07D91E1BB0566E11B7B78A650500BC08;FC081C55582CED11A62CD892C0003F2A;2025-05-31;-2.0;-306.42
5C0B030D71365E1142D58A650500DC08;FC081C55582CED11A62CD892C0003F2A;2025-05-31;-10.0;-1155.0
07F12D93DAF8CE11ADB31065050001B8;FC081C55582CED11A62CD892C0003F2A;2025-05-31;-2.0;-167.2
807DBB39AE6BCE11ADB31065050044B8;FC081C55582CED11A62CD892C0003F2A;2025-05-31;-4.0;-1019.38
8D8E318CBCA4DE11ADB310650500E0C8;FC081C55582CED11A62CD892C0003F2A;2025-05-31;-2.0;-291.9
D05B53538ABAFE11128010650500E819;FC081C55582CED11A62CD892C0003F2A;2025-05-31;-2.0;-62.2
3EC35FC9E6C10E11A4A96492C0002019;FC081C55582CED11A62CD892C0003F2A;2025-05-31;-6.0;-512.34
BC684DC528B13E11052F6792C000CF39;FC081C55582CED11A62CD892C0003F2A;2025-05-31;-2.0;-75.56
8179918DA8B4DE11ADB310650500F0C8;FC081C55582CED11A62CD892C0003F2A;2025-05-31;-2.0;-455.14
5A636338B12AFE11128010650500E819;FC081C55582CED11A62CD892C0003F2A;2025-05-31;-4.0;-330.72
9418E37B383EFE11F1557891FE690589;FC081C55582CED11A62CD892C0003F2A;2025-05-31;-2.0;-297.6
CBC99590B36BCE11ADB31065050034B8;FC081C55582CED11A62CD892C0003F2A;2025-05-31;-2.0;-94.0
AD24CEC91B8E0E1143F0668E42001D49;FC081C55582CED11A62CD892C0003F2A;2025-05-31;-2.0;-702.8
B2657CBE7068FE11128010650500D819;FC081C55582CED11A62CD892C0003F2A;2025-05-31;-2.0;-138.98
592E3CF0DF28BE11877210650500B759;FC081C55582CED11A62CD892C0003F2A;2025-05-31;-2.0;-212.14
CB8733FA7C1EFE11F1557891FE69E489;FC081C55582CED11A62CD892C0003F2A;2025-05-31;-2.0;-796.04
620448EA86B5EE1191EE1065050035B9;FC081C55582CED11A62CD892C0003F2A;2025-05-31;-6.0;-364.86
A967BC3EDC91CE11877210650500B369;FC081C55582CED11A62CD892C0003F2A;2025-05-31;-2.0;-543.62
746284D0DFBBFE111280106505000919;FC081C55582CED11A62CD892C0003F2A;2025-05-31;-2.0;-166.06
1D8E11FC84410F11112A674AC7E20989;FC081C55582CED11A62CD892C0003F2A;2025-05-31;-2.0;-205.46
1D02F2340F0EEE1191EE1065050029B9;FC081C55582CED11A62CD892C0003F2A;2025-05-31;-4.0;-642.04
17EA1C361195EE1191EE1065050005B9;FC081C55582CED11A62CD892C0003F2A;2025-05-31;-2.0;-62.3
1FB8EC74EDA3DE11ADB3106505008FB8;FC081C55582CED11A62CD892C0003F2A;2025-05-31;-2.0;-99.74
6E057AC7D8420F114EF7A826072B6A89;FC081C55582CED11A62CD892C0003F2A;2025-05-31;-4.0;-375.32
C80E4C2180E2FE1191EE106505009DB9;FC081C55582CED11A62CD892C0003F2A;2025-05-31;-2.0;-331.58
49565A313EDBBE118772106505006C59;FC081C55582CED11A62CD892C0003F2A;2025-05-31;-4.0;-858.98
15B7ECCFED71FE1191EE10650500CBB9;FC081C55582CED11A62CD892C0003F2A;2025-05-31;-2.0;-1308.66
A05BCFB931CAED11A62CD892C0003F2A;FC081C55582CED11A62CD892C0003F2A;2025-05-31;-2.0;-330.78
6CAD0E44D0CAED11A62CD892C0003F2A;FC081C55582CED11A62CD892C0003F2A;2025-05-31;-2.0;-332.58
8B05BDD29C8DED11A62CD892C0003F2A;FC081C55582CED11A62CD892C0003F2A;2025-05-31;-2.0;-382.08
FFF5A424D3C0FE1191EE10650500DAB9;FC081C55582CED11A62CD892C0003F2A;2025-05-31;-2.0;-209.2
6F93F199EF25FE1191EE10650500A0C9;FC081C55582CED11A62CD892C0003F2A;2025-05-31;-4.0;-1692.74
68B6EF06C4C2FE1191EE106505006DB9;FC081C55582CED11A62CD892C0003F2A;2025-05-31;-6.0;-177.94
8CD77CB182F3FE1191EE106505000FB9;FC081C55582CED11A62CD892C0003F2A;2025-05-31;-2.0;-635.76
8159AE6FAC0EEE1191EE1065050029B9;FC081C55582CED11A62CD892C0003F2A;2025-05-31;-2.0;-256.9
1DC67A9CC0CAED11A62CD892C0003F2A;FC081C55582CED11A62CD892C0003F2A;2025-05-31;-6.0;-439.20000000000005
07F806EBED9DEE1191EE1065050029B9;FC081C55582CED11A62CD892C0003F2A;2025-05-31;-2.0;-539.1
1A2C1FD4AFB0FE1191EE10650500DAB9;FC081C55582CED11A62CD892C0003F2A;2025-05-31;-2.0;-190.0
EA578A90C1CAED11A62CD892C0003F2A;FC081C55582CED11A62CD892C0003F2A;2025-05-31;-2.0;-115.86
8B9A732C14BEEE1191EE1065050029B9;FC081C55582CED11A62CD892C0003F2A;2025-05-31;-2.0;-230.58
7F356097B373FE1191EE106505006EB9;FC081C55582CED11A62CD892C0003F2A;2025-05-31;-2.0;-139.32
1AF0B822662BDE11406610650500734A;FC081C55582CED11A62CD892C0003F2A;2025-05-31;-2.0;-558.0
2408F29A0C9DDE11406610650500B64A;FC081C55582CED11A62CD892C0003F2A;2025-05-31;-4.0;-568.0
D502F19C5C37AE11BE21106505003A4A;FC081C55582CED11A62CD892C0003F2A;2025-05-31;-4.0;-579.54
C3CC756FD0C89E11525010650500394A;FC081C55582CED11A62CD892C0003F2A;2025-05-31;-14.0;-1547.7
CCC26CB03C31EE114066106505007B4A;FC081C55582CED11A62CD892C0003F2A;2025-05-31;-2.0;-1141.16
0FD20C1F21CAED11A62CD892C0003F2A;FC081C55582CED11A62CD892C0003F2A;2025-05-31;-4.0;-240.72
9430B1FCF502EE114066106505008C4A;FC081C55582CED11A62CD892C0003F2A;2025-05-31;-2.0;-170.1
BD3BB2501FE1EE114066106505006C4A;FC081C55582CED11A62CD892C0003F2A;2025-05-31;-2.0;-45.82
11078C880EE6DE11C846106505000F6A;FC081C55582CED11A62CD892C0003F2A;2025-05-31;-2.0;-22.26
3DC5171B4DA1EE114066106505000C4A;FC081C55582CED11A62CD892C0003F2A;2025-05-31;-2.0;-402.16
659DAEA594628E111E1BBB6505007AAA;FC081C55582CED11A62CD892C0003F2A;2025-05-31;-2.0;-331.14
F9FD29B141248E113835BB6505009CAA;FC081C55582CED11A62CD892C0003F2A;2025-05-31;-2.0;-36.8
AEDB541252798E11F243BB6505006F3B;FC081C55582CED11A62CD892C0003F2A;2025-05-31;-2.0;-185.76
7E868C6138650E11A4A96492C0001C4B;FC081C55582CED11A62CD892C0003F2A;2025-05-31;-2.0;-373.86
14F1412AC9280E11A4A96492C00009EB;FC081C55582CED11A62CD892C0003F2A;2025-05-31;-2.0;-484.62
A1592EF5F6E89E11525010650500694A;FC081C55582CED11A62CD892C0003F2A;2025-05-31;-2.0;-610.02
B67DE1C2688EED11A62CD892C000399B;FC081C55582CED11A62CD892C0003F2A;2025-05-31;-6.0;-643.26
E73E9771162C6E11B7B78A650500BC08;FC081C55582CED11A62CD892C0003F2A;2025-05-31;-8.0;-1338.94
419DCC51EFAF5E1142D58A650500AD08;FC081C55582CED11A62CD892C0003F2A;2025-05-31;-2.0;-140.0
75B08951D1817E11B7B78A650500CD08;FC081C55582CED11A62CD892C0003F2A;2025-05-31;-40.0;-1217.2
883ACEBDB24F6E11B7B78A650500CD08;FC081C55582CED11A62CD892C0003F2A;2025-05-31;-2.0;-222.52
837CEB5FC7DE4E1142D58A650500BC08;FC081C55582CED11A62CD892C0003F2A;2025-05-31;-4.0;-368.64
758FAEC27B427E11B7B78A650500CD08;FC081C55582CED11A62CD892C0003F2A;2025-05-31;-2.0;-831.98
86342D5E68DDCE11ADB31065050097B8;FC081C55582CED11A62CD892C0003F2A;2025-05-31;-2.0;-74.02
B9C3840F18363E11052F6792C000FF39;FC081C55582CED11A62CD892C0003F2A;2025-05-31;-2.0;-179.78
BFD000CE02192E11052F6792C0007F39;FC081C55582CED11A62CD892C0003F2A;2025-05-31;-2.0;-337.28
D5BDD24C19216E1142D58A650500AD08;FC081C55582CED11A62CD892C0003F2A;2025-05-31;-4.0;-1314.28
7B43866C49CA2E11052F6792C0007F39;FC081C55582CED11A62CD892C0003F2A;2025-05-31;-2.0;-301.2
C7F241B30684DE11ADB310650500B0C8;FC081C55582CED11A62CD892C0003F2A;2025-05-31;-2.0;-483.0
36C279B05FAAFE11128010650500E819;FC081C55582CED11A62CD892C0003F2A;2025-05-31;-2.0;-153.72
7AFC5D4FF0C5EE1191EE1065050045B9;FC081C55582CED11A62CD892C0003F2A;2025-05-31;-2.0;-81.44
5177AEDF6592FE1191EE106505002DB9;FC081C55582CED11A62CD892C0003F2A;2025-05-31;-2.0;-198.4
15BA9111FC1EFE11F1557891FE69E489;FC081C55582CED11A62CD892C0003F2A;2025-05-31;-2.0;-130.0
16283935E145DE11ADB310650500A1C8;FC081C55582CED11A62CD892C0003F2A;2025-05-31;-2.0;-183.42
427310B7F5CD2E11052F6792C000CF39;FC081C55582CED11A62CD892C0003F2A;2025-05-31;-4.0;-1635.2
72E41A04958BBE11877210650500FB59;FC081C55582CED11A62CD892C0003F2A;2025-05-31;-4.0;-276.0
2EE51D13477EFE11F1557891FE695589;FC081C55582CED11A62CD892C0003F2A;2025-05-31;-4.0;-1440.0
B20F163511B10F114EF7A826072BA989;FC081C55582CED11A62CD892C0003F2A;2025-05-31;-2.0;-670.0
36E80585687DEE1191EE1065050029B9;FC081C55582CED11A62CD892C0003F2A;2025-05-31;-2.0;-491.88
53E9D1DE9FF1CE118772106505003469;FC081C55582CED11A62CD892C0003F2A;2025-05-31;-2.0;-274.72
F580857200E7EE1191EE10650500A7B9;FC081C55582CED11A62CD892C0003F2A;2025-05-31;-2.0;-36.86
ABA78A089421FE1191EE106505005BB9;FC081C55582CED11A62CD892C0003F2A;2025-05-31;-2.0;-397.98
0F59EDCDEE2FEE1191EE1065050029B9;FC081C55582CED11A62CD892C0003F2A;2025-05-31;-2.0;-310.64
8FD44BAEEC67EE1191EE1065050017B9;FC081C55582CED11A62CD892C0003F2A;2025-05-31;-2.0;-94.92
DA9E47EAD0CAED11A62CD892C0003F2A;FC081C55582CED11A62CD892C0003F2A;2025-05-31;-2.0;-278.02
4C9ADB3231CAED11A62CD892C0003F2A;FC081C55582CED11A62CD892C0003F2A;2025-05-31;-2.0;-146.6
5EC0A34011CAED11A62CD892C0003F2A;FC081C55582CED11A62CD892C0003F2A;2025-05-31;-2.0;-605.48
87A1914AA2CAED11A62CD892C0003F2A;FC081C55582CED11A62CD892C0003F2A;2025-05-31;-6.0;-4746.72
39F5605DD0CAED11A62CD892C0003F2A;FC081C55582CED11A62CD892C0003F2A;2025-05-31;-2.0;-1459.24
2A62F68921500F11F1557891FE69B789;FC081C55582CED11A62CD892C0003F2A;2025-05-31;-2.0;-781.3
90E9236D2640FE1191EE106505003AB9;FC081C55582CED11A62CD892C0003F2A;2025-05-31;-2.0;-40.0
4AEF394451CAED11A62CD892C0003F2A;FC081C55582CED11A62CD892C0003F2A;2025-05-31;-2.0;-1029.26
7BE29D740F0EEE1191EE1065050029B9;FC081C55582CED11A62CD892C0003F2A;2025-05-31;-4.0;-958.1800000000001
18C627129B9DDE11406610650500B64A;FC081C55582CED11A62CD892C0003F2A;2025-05-31;-2.0;-345.44
66133FE0B402EE114066106505008C4A;FC081C55582CED11A62CD892C0003F2A;2025-05-31;-2.0;-592.06
F8CE11B603B89E11525010650500294A;FC081C55582CED11A62CD892C0003F2A;2025-05-31;-2.0;-115.36
0C4F278C0ADEAE11BE2110650500E35A;FC081C55582CED11A62CD892C0003F2A;2025-05-31;-4.0;-73.8
B20BE086D935AE11726010650500745A;FC081C55582CED11A62CD892C0003F2A;2025-05-31;-2.0;-744.44
E4D7718565E0EE114066106505000B4A;FC081C55582CED11A62CD892C0003F2A;2025-05-31;-8.0;-526.0
C21F495D65FC7E110819BB65050039AA;FC081C55582CED11A62CD892C0003F2A;2025-05-31;-2.0;-273.66
CB8B19FD79B1EE114066106505001C4A;FC081C55582CED11A62CD892C0003F2A;2025-05-31;-2.0;-128.48
9EC154734E4A7E110819BB65050039AA;FC081C55582CED11A62CD892C0003F2A;2025-05-31;-2.0;-5801.94
BC0096BF6315EE11B1AD10650500B8EA;FC081C55582CED11A62CD892C0003F2A;2025-05-31;-4.0;-506.0
4690C8920EADAE11BE2110650500625A;FC081C55582CED11A62CD892C0003F2A;2025-05-31;-2.0;-294.1
246951686405EE11B1AD10650500A8EA;FC081C55582CED11A62CD892C0003F2A;2025-05-31;-4.0;-7945.2
0F021DCEB7788E11F243BB6505002E3B;FC081C55582CED11A62CD892C0003F2A;2025-05-31;-6.0;-360.48
81B598A8E3879E11554010650500224B;FC081C55582CED11A62CD892C0003F2A;2025-05-31;-2.0;-338.68
B941F86E15781E1143F0668E42006B8B;FC081C55582CED11A62CD892C0003F2A;2025-05-31;-2.0;-492.26
9B76C90BEDF39E115540106505008D3B;FC081C55582CED11A62CD892C0003F2A;2025-05-31;-2.0;-72.06
03F2EAB12F6EFD11A4A96492C0006D28;FC081C55582CED11A62CD892C0003F2A;2025-05-31;-2.0;-549.68
32716CB14579FE11128010650500E819;FC081C55582CED11A62CD892C0003F2A;2025-05-31;-2.0;-72.88
F576B8B88D36DE11ADB310650500E2C8;FC081C55582CED11A62CD892C0003F2A;2025-05-31;-2.0;-296.14
AC55B4BA8D410F11112A674AC7E21989;FC081C55582CED11A62CD892C0003F2A;2025-05-31;-2.0;-907.2
CC104105DC510F11112A674AC7E22989;FC081C55582CED11A62CD892C0003F2A;2025-05-31;-2.0;-92.98
9E8291B9C19EBE11877210650500DF59;FC081C55582CED11A62CD892C0003F2A;2025-05-31;-4.0;-111.44
6C5CC66EF271FE1191EE10650500BBB9;FC081C55582CED11A62CD892C0003F2A;2025-05-31;-2.0;-130.62
08BF99BDE1CAED11A62CD892C0003F2A;FC081C55582CED11A62CD892C0003F2A;2025-05-31;-2.0;-340.54
91EABB561EE4AE11726010650500145A;FC081C55582CED11A62CD892C0003F2A;2025-05-31;-2.0;-124.68
1F980491AE3A7E110819BB65050039AA;FC081C55582CED11A62CD892C0003F2A;2025-05-31;-4.0;-361.28
94E574070D40EE114066106505004A4A;FC081C55582CED11A62CD892C0003F2A;2025-05-31;-2.0;-684.32
18F9A5D06F466E11B7B78A650500BC08;B0BDDED34CC83E11052F6792C000B249;2025-05-31;-4.0;-278.24
46B486E755C45E1142D58A650500DC08;B0BDDED34CC83E11052F6792C000B249;2025-05-31;-14.0;-926.94
82461B565BC7CE11ADB3106505007FA8;B0BDDED34CC83E11052F6792C000B249;2025-05-31;-2.0;-142.84
4A670B5A4D42DE11ADB310650500CDB8;B0BDDED34CC83E11052F6792C000B249;2025-05-31;-2.0;-949.8
09B3436BE358FE11128010650500D819;B0BDDED34CC83E11052F6792C000B249;2025-05-31;-2.0;-188.94
A56F6D8E5D66DE11ADB31065050023C8;B0BDDED34CC83E11052F6792C000B249;2025-05-31;-2.0;-175.24
F9A66B13FF986E11B7B78A650500BC08;B0BDDED34CC83E11052F6792C000B249;2025-05-31;-26.0;-539.76
0E12452A3E263E11052F6792C000FF39;B0BDDED34CC83E11052F6792C000B249;2025-05-31;-2.0;-137.3
41F04F976479BE118772106505005959;B0BDDED34CC83E11052F6792C000B249;2025-05-31;-2.0;-1575.3
0642673103377E11B7B78A650500ED08;B0BDDED34CC83E11052F6792C000B249;2025-05-31;-2.0;-160.96
C0876D0839667E11B7B78A650500ED08;B0BDDED34CC83E11052F6792C000B249;2025-05-31;-2.0;-109.82
78F97DAEC12AFE11128010650500E819;B0BDDED34CC83E11052F6792C000B249;2025-05-31;-4.0;-1408.58
2BF23D1FDE09BE11877210650500D859;B0BDDED34CC83E11052F6792C000B249;2025-05-31;-2.0;-444.42
44182321229EBE11877210650500DF59;B0BDDED34CC83E11052F6792C000B249;2025-05-31;-2.0;-55.72
748F73B62056BE118772106505005559;B0BDDED34CC83E11052F6792C000B249;2025-05-31;-10.0;-1363.8
00D80587C80FEE1191EE1065050029B9;B0BDDED34CC83E11052F6792C000B249;2025-05-31;-2.0;-445.5
D18BB1230709FD11A4A96492C000AA89;B0BDDED34CC83E11052F6792C000B249;2025-05-31;-6.0;-635.04
8427FF4D829EBE11877210650500DF59;B0BDDED34CC83E11052F6792C000B249;2025-05-31;-2.0;-528.2
8992EEED7BCEFE11F1557891FE69C589;B0BDDED34CC83E11052F6792C000B249;2025-05-31;-2.0;-2884.0
99E00D88A0CAED11A62CD892C0003F2A;B0BDDED34CC83E11052F6792C000B249;2025-05-31;-2.0;-76.3
26018428F0CAED11A62CD892C0003F2A;B0BDDED34CC83E11052F6792C000B249;2025-05-31;-6.0;-758.3
5B66BC2CD083FE1191EE106505007EB9;B0BDDED34CC83E11052F6792C000B249;2025-05-31;-2.0;-27.68
96475C68B4AEDE11406610650500284A;B0BDDED34CC83E11052F6792C000B249;2025-05-31;-2.0;-447.98
049543C06E3CEE1191EE1065050029B9;B0BDDED34CC83E11052F6792C000B249;2025-05-31;-4.0;-211.7
78C36436F0CAED11A62CD892C0003F2A;B0BDDED34CC83E11052F6792C000B249;2025-05-31;-2.0;-709.52
9B754762F0CAED11A62CD892C0003F2A;B0BDDED34CC83E11052F6792C000B249;2025-05-31;-2.0;-967.4
DDC67A9CC0CAED11A62CD892C0003F2A;B0BDDED34CC83E11052F6792C000B249;2025-05-31;-2.0;-196.2
DE121B1EDF61FE1191EE10650500BBB9;B0BDDED34CC83E11052F6792C000B249;2025-05-31;-2.0;-127.38
2A754762F0CAED11A62CD892C0003F2A;B0BDDED34CC83E11052F6792C000B249;2025-05-31;-2.0;-361.62
CD1960E05EEC9E11726010650500D94A;B0BDDED34CC83E11052F6792C000B249;2025-05-31;-2.0;-86.72
98D13DFEB799AE11BE21106505003D4A;B0BDDED34CC83E11052F6792C000B249;2025-05-31;-2.0;-1124.1
DD0A6194295EDE11406610650500C74A;B0BDDED34CC83E11052F6792C000B249;2025-05-31;-2.0;-139.32
F6B0DE8E181BDE11406610650500634A;B0BDDED34CC83E11052F6792C000B249;2025-05-31;-2.0;-24.14
E772E73E495EDE11406610650500C74A;B0BDDED34CC83E11052F6792C000B249;2025-05-31;-2.0;-478.86
1CF5EBC551CAED11A62CD892C0003F2A;B0BDDED34CC83E11052F6792C000B249;2025-05-31;-2.0;-421.18
A98C963E01CAED11A62CD892C0003F2A;B0BDDED34CC83E11052F6792C000B249;2025-05-31;-4.0;-411.72
BEC88C6A663EAE11BE2110650500135A;B0BDDED34CC83E11052F6792C000B249;2025-05-31;-2.0;-24.96
B20D09602EE88E11F243BB650500CE3B;B0BDDED34CC83E11052F6792C000B249;2025-05-31;-2.0;-82.8
E4440FE4B4D38E113835BB6505006CAA;B0BDDED34CC83E11052F6792C000B249;2025-05-31;-4.0;-776.52
78AB4C8642DB8E11F243BB650500724B;B0BDDED34CC83E11052F6792C000B249;2025-05-31;-2.0;-1150.98
859D31FB04C9DE11406610650500A14A;B0BDDED34CC83E11052F6792C000B249;2025-05-31;-2.0;-354.62
38D11A5F6DE6DE11C846106505000F6A;B0BDDED34CC83E11052F6792C000B249;2025-05-31;-2.0;-474.28
24F53C6A7D92EE114066106505004D4A;B0BDDED34CC83E11052F6792C000B249;2025-05-31;-4.0;-531.08
181CD867763EAE11BE2110650500135A;B0BDDED34CC83E11052F6792C000B249;2025-05-31;-2.0;-36.26
A8E65E6642598E11F243BB6505004F3B;B0BDDED34CC83E11052F6792C000B249;2025-05-31;-4.0;-1636.8
36002BFD52DC4E1142D58A650500BC08;B0BDDED34CC83E11052F6792C000B249;2025-05-31;-2.0;-181.04
9F012534327DCE11ADB31065050007B8;B0BDDED34CC83E11052F6792C000B249;2025-05-31;-2.0;-105.2
A51AE3BDD38E6E11B7B78A6505003D08;B0BDDED34CC83E11052F6792C000B249;2025-05-31;-2.0;-213.34
9FC0185B58314E1142D58A650500DB08;B0BDDED34CC83E11052F6792C000B249;2025-05-31;-2.0;-998.38
8759A44AA1256E11B7B78A650500BC08;B0BDDED34CC83E11052F6792C000B249;2025-05-31;-2.0;-100.18
08D4B1E5D4735E1142D58A650500DC08;B0BDDED34CC83E11052F6792C000B249;2025-05-31;-4.0;-66.76
ADD2913730F8CE11ADB310650500F0B8;B0BDDED34CC83E11052F6792C000B249;2025-05-31;-2.0;-147.08
04698C23289E5E1142D58A6505004D08;B0BDDED34CC83E11052F6792C000B249;2025-05-31;-2.0;-1833.58
42B158B398A05E1142D58A650500BC08;B0BDDED34CC83E11052F6792C000B249;2025-05-31;-2.0;-614.0
93193418A28FCE11ADB310650500D9B8;B0BDDED34CC83E11052F6792C000B249;2025-05-31;-4.0;-67.3
141D2C1F68DDCE11ADB31065050097B8;B0BDDED34CC83E11052F6792C000B249;2025-05-31;-2.0;-63.74
917F3CB29A827E11B7B78A650500DD08;B0BDDED34CC83E11052F6792C000B249;2025-05-31;-2.0;-275.1
962D89ED994EFD11A4A96492C0006D28;B0BDDED34CC83E11052F6792C000B249;2025-05-31;-2.0;-312.56
5C9B070A306CCE11ADB31065050095B8;B0BDDED34CC83E11052F6792C000B249;2025-05-31;-4.0;-1744.34
3EE4E88AC7E4DE11ADB31065050031C8;B0BDDED34CC83E11052F6792C000B249;2025-05-31;-2.0;-432.42
2DE85DFB0055DE11ADB310650500B1C8;B0BDDED34CC83E11052F6792C000B249;2025-05-31;-2.0;-172.0
BEC92A53D2EA3E11052F6792C000D249;B0BDDED34CC83E11052F6792C000B249;2025-05-31;-2.0;-285.16
339032F28ABAFE11128010650500E819;B0BDDED34CC83E11052F6792C000B249;2025-05-31;-10.0;-313.6
B8918056E142DE11ADB310650500BDB8;B0BDDED34CC83E11052F6792C000B249;2025-05-31;-4.0;-144.2
1FA5D1A9542AFE11128010650500E819;B0BDDED34CC83E11052F6792C000B249;2025-05-31;-2.0;-2336.34
BE044D3564B8FE11128010650500D819;B0BDDED34CC83E11052F6792C000B249;2025-05-31;-2.0;-320.0
D48930DBBD1EFE11F1557891FE69E489;B0BDDED34CC83E11052F6792C000B249;2025-05-31;-4.0;-1254.28
45720D1B63B9BE11877210650500A959;B0BDDED34CC83E11052F6792C000B249;2025-05-31;-4.0;-479.2
168E0AC82C4FBE11877210650500C069;B0BDDED34CC83E11052F6792C000B249;2025-05-31;-2.0;-263.62
FAB5D848B1BBEE1191EE1065050029B9;B0BDDED34CC83E11052F6792C000B249;2025-05-31;-2.0;-169.6
4E7A8CB7C54DEE1191EE1065050029B9;B0BDDED34CC83E11052F6792C000B249;2025-05-31;-8.0;-295.68
CCFB1FD4AFB0FE1191EE10650500DAB9;B0BDDED34CC83E11052F6792C000B249;2025-05-31;-4.0;-180.0
9A087B7A10C9BE11877210650500B959;B0BDDED34CC83E11052F6792C000B249;2025-05-31;-2.0;-109.84
31D640AFF62FFE11F1557891FE693689;B0BDDED34CC83E11052F6792C000B249;2025-05-31;-2.0;-160.0
8E990BED90CAED11A62CD892C0003F2A;B0BDDED34CC83E11052F6792C000B249;2025-05-31;-2.0;-380.0
9BFF0450D0CAED11A62CD892C0003F2A;B0BDDED34CC83E11052F6792C000B249;2025-05-31;-2.0;-317.78
406F525E25DFEE1191EE10650500A9B9;B0BDDED34CC83E11052F6792C000B249;2025-05-31;-2.0;-453.0
F8FFFCCDD0CAED11A62CD892C0003F2A;B0BDDED34CC83E11052F6792C000B249;2025-05-31;-2.0;-1533.58
441C1346E3D9DE11406610650500B14A;B0BDDED34CC83E11052F6792C000B249;2025-05-31;-2.0;-118.78
6A5D0F91F54CDE11406610650500054A;B0BDDED34CC83E11052F6792C000B249;2025-05-31;-2.0;-361.94
686DD158D0CAED11A62CD892C0003F2A;B0BDDED34CC83E11052F6792C000B249;2025-05-31;-2.0;-230.58
EA9D2708EB23FE1191EE10650500FDB9;B0BDDED34CC83E11052F6792C000B249;2025-05-31;-2.0;-387.64
D0DB4AD961CAED11A62CD892C0003F2A;B0BDDED34CC83E11052F6792C000B249;2025-05-31;-6.0;-509.06
60B762BAE497AE11BE2110650500AA4A;B0BDDED34CC83E11052F6792C000B249;2025-05-31;-4.0;-334.8
381862CB378C9E11726010650500594A;B0BDDED34CC83E11052F6792C000B249;2025-05-31;-2.0;-1114.68
BA4F278C0ADEAE11BE2110650500E35A;B0BDDED34CC83E11052F6792C000B249;2025-05-31;-10.0;-297.2
FDDD534D44712E1143F0668E4200C71A;B0BDDED34CC83E11052F6792C000B249;2025-05-31;-2.0;-129.72
1B4F278C0ADEAE11BE2110650500E35A;B0BDDED34CC83E11052F6792C000B249;2025-05-31;-14.0;-520.1
9CEACC2781CAED11A62CD892C0003F2A;B0BDDED34CC83E11052F6792C000B249;2025-05-31;-2.0;-313.22
58F051DB4315EE11B1AD10650500B8EA;B0BDDED34CC83E11052F6792C000B249;2025-05-31;-2.0;-208.36
34B5FC4033E88E11F243BB650500BE3B;B0BDDED34CC83E11052F6792C000B249;2025-05-31;-4.0;-633.84
B9DBC298DEE4AE11726010650500145A;B0BDDED34CC83E11052F6792C000B249;2025-05-31;-2.0;-26.68
97419871AED4EE11B1AD1065050078EA;B0BDDED34CC83E11052F6792C000B249;2025-05-31;-2.0;-86.68
0A9EF37B8A65EE11B1AD1065050039EA;B0BDDED34CC83E11052F6792C000B249;2025-05-31;-6.0;-138.0
97CD8EB858797E110819BB65050019AA;B0BDDED34CC83E11052F6792C000B249;2025-05-31;-4.0;-638.6
5BCECA0E3EB88E11F243BB6505008E3B;B0BDDED34CC83E11052F6792C000B249;2025-05-31;-2.0;-32.62
FACC7CBF91459E115540106505004F3B;B0BDDED34CC83E11052F6792C000B249;2025-05-31;-2.0;-166.5
A297BF6A01CAED11A62CD892C0003F2A;B0BDDED34CC83E11052F6792C000B249;2025-05-31;-4.0;-507.36
7B6D6B85ADBE5E1142D58A6505006D08;B0BDDED34CC83E11052F6792C000B249;2025-05-31;-2.0;-594.56
5C141AB4A5E05E1142D58A650500BC08;44673735EAF46E11B7B78A650500BC08;2025-05-31;-4.0;-449.12
29777127CC456E11B7B78A650500BC08;44673735EAF46E11B7B78A650500BC08;2025-05-31;-6.0;-4117.0199999999995
C6ACAC2CED456E11B7B78A650500BC08;44673735EAF46E11B7B78A650500BC08;2025-05-31;-4.0;-648.8
57C4680A9C456E11B7B78A650500BC08;44673735EAF46E11B7B78A650500BC08;2025-05-31;-8.0;-171.42
CF4CEB903C456E11B7B78A650500BC08;44673735EAF46E11B7B78A650500BC08;2025-05-31;-2.0;-793.62
A5711DE98C456E11B7B78A650500BC08;44673735EAF46E11B7B78A650500BC08;2025-05-31;-6.0;-265.28000000000003
5BD11A79201E6E11B7B78A6505001D08;44673735EAF46E11B7B78A650500BC08;2025-05-31;-4.0;-95.2
DAD2DF7B12EC6E11B7B78A650500BC08;44673735EAF46E11B7B78A650500BC08;2025-05-31;-2.0;-126.62
997A618FAC456E11B7B78A650500BC08;44673735EAF46E11B7B78A650500BC08;2025-05-31;-2.0;-180.8
B349615C5D456E11B7B78A650500BC08;44673735EAF46E11B7B78A650500BC08;2025-05-31;-4.0;-603.2
7B8221F535DB4E1142D58A6505009C08;44673735EAF46E11B7B78A650500BC08;2025-05-31;-2.0;-689.26
3ED3904B2E456E11B7B78A650500BC08;44673735EAF46E11B7B78A650500BC08;2025-05-31;-22.0;-3300.0
6FCBC46F2C456E11B7B78A650500BC08;44673735EAF46E11B7B78A650500BC08;2025-05-31;-22.0;-5841.360000000001
B8918056E142DE11ADB310650500BDB8;44673735EAF46E11B7B78A650500BC08;2025-05-31;-4.0;-144.2
76D00C88D672DE11ADB310650500FDB8;44673735EAF46E11B7B78A650500BC08;2025-05-31;-2.0;-327.98
44A1955E74437E11B7B78A650500DD08;44673735EAF46E11B7B78A650500BC08;2025-05-31;-2.0;-88.44
659DDAC30031DE11ADB3106505005CB8;44673735EAF46E11B7B78A650500BC08;2025-05-31;-6.0;-272.1
FFB6CE3DEB80DE11ADB3106505005BB8;44673735EAF46E11B7B78A650500BC08;2025-05-31;-4.0;-97.48
E77E119F66137E11B7B78A650500DD08;44673735EAF46E11B7B78A650500BC08;2025-05-31;-2.0;-36.66
FFBC7822782DCE11ADB310650500A6B8;44673735EAF46E11B7B78A650500BC08;2025-05-31;-6.0;-3468.0
1C0C1DBA327DCE11ADB31065050007B8;44673735EAF46E11B7B78A650500BC08;2025-05-31;-6.0;-479.82
73D7D6A0BAC9FE11128010650500E819;44673735EAF46E11B7B78A650500BC08;2025-05-31;-4.0;-82.0
0DD58392A1567E11B7B78A650500ED08;44673735EAF46E11B7B78A650500BC08;2025-05-31;-4.0;-271.72
510C339B9C937E11B7B78A650500DD08;44673735EAF46E11B7B78A650500BC08;2025-05-31;-6.800000000000001;-546.88
45720D1B63B9BE11877210650500A959;44673735EAF46E11B7B78A650500BC08;2025-05-31;-18.0;-2156.4
E91238FAA69DBE118772106505009E59;44673735EAF46E11B7B78A650500BC08;2025-05-31;-2.0;-5503.5
29E1ED0E6B637E11B7B78A650500DD08;44673735EAF46E11B7B78A650500BC08;2025-05-31;-2.0;-1080.02
AD8FC812365FFE11F1557891FE697689;44673735EAF46E11B7B78A650500BC08;2025-05-31;-4.0;-286.24
ABA90CDB0321DE11ADB3106505003CB8;44673735EAF46E11B7B78A650500BC08;2025-05-31;-4.0;-228.0
F66136F7D7A5DE11ADB31065050022C8;44673735EAF46E11B7B78A650500BC08;2025-05-31;-2.0;-153.14
A070DE37A094DE11ADB310650500C0C8;44673735EAF46E11B7B78A650500BC08;2025-05-31;-2.0;-270.0
D1BC77B37696DE11ADB31065050053C8;44673735EAF46E11B7B78A650500BC08;2025-05-31;-6.0;-1719.8799999999999
D2BC0541508EFE11F1557891FE696589;44673735EAF46E11B7B78A650500BC08;2025-05-31;-4.0;-469.16
C7352D212DCCCE11ADB31065050026B8;44673735EAF46E11B7B78A650500BC08;2025-05-31;-4.0;-182.0
3B8ED214DC28BE11877210650500B759;44673735EAF46E11B7B78A650500BC08;2025-05-31;-4.0;-1548.0
F0D644B702010F11112A674AC7E2B889;44673735EAF46E11B7B78A650500BC08;2025-05-31;-10.0;-986.7
12EC44B94F7FFE11F1557891FE69A689;44673735EAF46E11B7B78A650500BC08;2025-05-31;-4.0;-68.4
CB60621797B0FE1191EE10650500CAB9;44673735EAF46E11B7B78A650500BC08;2025-05-31;-2.0;-379.2
6ABB951BFD59BE118772106505003959;44673735EAF46E11B7B78A650500BC08;2025-05-31;-10.0;-418.0
3A56BEFFB0CAED11A62CD892C0003F2A;44673735EAF46E11B7B78A650500BC08;2025-05-31;-2.0;-292.78
69D6F02A1DC0FE1191EE10650500EAB9;44673735EAF46E11B7B78A650500BC08;2025-05-31;-6.0;-168.48
CC844A839FBEEE1191EE1065050029B9;44673735EAF46E11B7B78A650500BC08;2025-05-31;-6.0;-318.24
AC55B4BA8D410F11112A674AC7E21989;44673735EAF46E11B7B78A650500BC08;2025-05-31;-2.0;-907.2
60607444E0E9DE11406610650500C14A;44673735EAF46E11B7B78A650500BC08;2025-05-31;-2.0;-517.82
C517A2F52AF1EE114066106505007C4A;44673735EAF46E11B7B78A650500BC08;2025-05-31;-2.0;-131.54
752CA3FFCBFEDE11406610650500984A;44673735EAF46E11B7B78A650500BC08;2025-05-31;-4.0;-61.8
72AF38F5A6F5AE11BE2110650500984A;44673735EAF46E11B7B78A650500BC08;2025-05-31;16.0;2588.38
2A6562D6E770BE11BE2110650500F55A;44673735EAF46E11B7B78A650500BC08;2025-05-31;-4.0;-520.56
87470954AE789E11525010650500E84A;44673735EAF46E11B7B78A650500BC08;2025-05-31;-4.0;-973.52
1FC19C7C3CDDAE11BE2110650500A25A;44673735EAF46E11B7B78A650500BC08;2025-05-31;-6.0;-347.82
DFFAB824DCA6DE11C84610650500BE6A;44673735EAF46E11B7B78A650500BC08;2025-05-31;-20.0;-3183.18
040AA6C23D9F7E110819BB65050039AA;44673735EAF46E11B7B78A650500BC08;2025-05-31;-6.0;-201.36
FBD35C4C2BC59E11554010650500FF3B;44673735EAF46E11B7B78A650500BC08;2025-05-31;-2.0;-192.72
E45667EAEEE4AE11726010650500145A;44673735EAF46E11B7B78A650500BC08;2025-05-31;-4.0;-86.96
2CF448ED45CF8E11F243BB650500084B;44673735EAF46E11B7B78A650500BC08;2025-05-31;-4.0;-139.64
676304C34E456E11B7B78A650500BC08;44673735EAF46E11B7B78A650500BC08;2025-05-31;-20.0;-3210.0
923EE5BC3C456E11B7B78A650500BC08;44673735EAF46E11B7B78A650500BC08;2025-05-31;-2.0;-729.74
4EDDF423F61E4E1142D58A650500BC08;44673735EAF46E11B7B78A650500BC08;2025-05-31;-2.0;-333.8
9E877DF43E456E11B7B78A650500BC08;44673735EAF46E11B7B78A650500BC08;2025-05-31;-2.0;-813.46
97C4680A9C456E11B7B78A650500BC08;44673735EAF46E11B7B78A650500BC08;2025-05-31;-4.0;-137.1
F87FBF195FDD6E11B7B78A650500BC08;44673735EAF46E11B7B78A650500BC08;2025-05-31;-10.0;-316.3
C07E3CE51C456E11B7B78A650500BC08;44673735EAF46E11B7B78A650500BC08;2025-05-31;-2.0;-7620.0
FD9436EFCD456E11B7B78A650500BC08;44673735EAF46E11B7B78A650500BC08;2025-05-31;-2.0;-3038.4
6E3E64FA53937E11B7B78A650500DD08;44673735EAF46E11B7B78A650500BC08;2025-05-31;-2.0;-1126.0
ADC72C5235B4DE11ADB310650500F0C8;44673735EAF46E11B7B78A650500BC08;2025-05-31;-2.0;-189.4
77D8A4B271D6FD110DC22A92C000D158;44673735EAF46E11B7B78A650500BC08;2025-05-31;-2.0;-165.18
198F65B12D456E11B7B78A650500BC08;44673735EAF46E11B7B78A650500BC08;2025-05-31;-8.0;-396.0
374B53ADA5EF6E11B7B78A650500CD08;44673735EAF46E11B7B78A650500BC08;2025-05-31;-16.0;-907.04
E917619EC688CE11ADB31065050070B8;44673735EAF46E11B7B78A650500BC08;2025-05-31;-4.0;-160.66
83DB6294A42AFE11128010650500E819;44673735EAF46E11B7B78A650500BC08;2025-05-31;-6.0;-282.0
7C076A426D7DBE118772106505007E59;44673735EAF46E11B7B78A650500BC08;2025-05-31;-2.0;-316.0
BCEB5D8DD22BBE118772106505007B59;44673735EAF46E11B7B78A650500BC08;2025-05-31;-6.0;-388.79999999999995
9CC2CD657C56BE118772106505006559;44673735EAF46E11B7B78A650500BC08;2025-05-31;-4.0;-2890.0
851903ED2263CE11877210650500F569;44673735EAF46E11B7B78A650500BC08;2025-05-31;-2.0;-163.22
EE605B84C170DE11ADB3106505003BB8;44673735EAF46E11B7B78A650500BC08;2025-05-31;-2.0;-518.7
0E29B69694310F11112A674AC7E2F889;44673735EAF46E11B7B78A650500BC08;2025-05-31;-2.0;-178.0
1B9B7DB26C6FEE1191EE1065050029B9;44673735EAF46E11B7B78A650500BC08;2025-05-31;-2.0;-183.26
2CAFD870DAD0FE1191EE10650500FAB9;44673735EAF46E11B7B78A650500BC08;2025-05-31;-6.0;-708.68
006902914575EE1191EE10650500D4B9;44673735EAF46E11B7B78A650500BC08;2025-05-31;-6.0;-213.0
C757E37B383EFE11F1557891FE690589;44673735EAF46E11B7B78A650500BC08;2025-05-31;-2.0;-169.2
FB99EE6A88000F11F1557891FE695789;44673735EAF46E11B7B78A650500BC08;2025-05-31;-2.0;-424.44
C0998708FFC32E1143F0668E4200C71A;44673735EAF46E11B7B78A650500BC08;2025-05-31;-2.0;-140.54
351D2991CC6FEE1191EE1065050029B9;44673735EAF46E11B7B78A650500BC08;2025-05-31;-4.0;-4084.0
1FE17EB58CBFAE11BE2110650500055A;44673735EAF46E11B7B78A650500BC08;2025-05-31;-4.0;-456.84
DC0589672C8EAE11BE2110650500835A;44673735EAF46E11B7B78A650500BC08;2025-05-31;-10.0;-1130.6
727FB0493D9F7E110819BB65050039AA;44673735EAF46E11B7B78A650500BC08;2025-05-31;-4.0;-311.48
E35228D68709DE11C84610650500B17A;44673735EAF46E11B7B78A650500BC08;2025-05-31;-2.0;-166.66
053956F7E770BE11BE2110650500F55A;44673735EAF46E11B7B78A650500BC08;2025-05-31;-2.0;-25.08
6E679C94F40ADE11406610650500F14A;44673735EAF46E11B7B78A650500BC08;2025-05-31;-12.0;-276.0
4939E2C83CCEAE11BE2110650500D35A;44673735EAF46E11B7B78A650500BC08;2025-05-31;-6.0;-106.80000000000001
8C29D72817108E110819BB65050039AA;44673735EAF46E11B7B78A650500BC08;2025-05-31;-4.0;-241.68
A006B31845179E11554010650500914B;44673735EAF46E11B7B78A650500BC08;2025-05-31;-2.0;-339.46
B075901085B59E11554010650500DF3B;44673735EAF46E11B7B78A650500BC08;2025-05-31;-2.0;-577.7
C7A74B620E456E11B7B78A650500BC08;44673735EAF46E11B7B78A650500BC08;2025-05-31;-2.0;-406.0
8F7B105BDE456E11B7B78A650500BC08;44673735EAF46E11B7B78A650500BC08;2025-05-31;-4.0;-1092.88
BE4DC6FD2E456E11B7B78A650500BC08;44673735EAF46E11B7B78A650500BC08;2025-05-31;-100.0;-4000.0
5DFB58068C456E11B7B78A650500BC08;44673735EAF46E11B7B78A650500BC08;2025-05-31;-4.0;-18.24
E10D0F358C456E11B7B78A650500BC08;44673735EAF46E11B7B78A650500BC08;2025-05-31;-2.0;-398.44
5D9436EFCD456E11B7B78A650500BC08;44673735EAF46E11B7B78A650500BC08;2025-05-31;-2.0;-2364.66
6B377DF60C456E11B7B78A650500BC08;44673735EAF46E11B7B78A650500BC08;2025-05-31;-2.0;-7384.0
035F50F3ED456E11B7B78A650500BC08;44673735EAF46E11B7B78A650500BC08;2025-05-31;-2.0;-144.6
178E5826E528CE11ADB310650500EFA8;44673735EAF46E11B7B78A650500BC08;2025-05-31;-2.0;-140.6
59807996CB70DE11ADB3106505004BB8;44673735EAF46E11B7B78A650500BC08;2025-05-31;-6.0;-2346.88
8BEFAB5084D57E11B7B78A650500ED08;44673735EAF46E11B7B78A650500BC08;2025-05-31;-4.0;-240.0
65484147C541DE11ADB3106505007CB8;44673735EAF46E11B7B78A650500BC08;2025-05-31;-2.0;-453.72
E222C631791C6E11B7B78A650500BC08;44673735EAF46E11B7B78A650500BC08;2025-05-31;-2.0;-4393.24
64278CA9AE417E11B7B78A650500CD08;44673735EAF46E11B7B78A650500BC08;2025-05-31;-10.0;-1243.76
A603B84A71267E11B7B78A650500ED08;44673735EAF46E11B7B78A650500BC08;2025-05-31;-4.0;-280.8
6AE87518B82FCE11ADB31065050049B8;44673735EAF46E11B7B78A650500BC08;2025-05-31;-2.0;-1179.12
88C401993D8F2E11052F6792C000CF39;44673735EAF46E11B7B78A650500BC08;2025-05-31;-2.0;-1145.52
25D7991766767E11B7B78A650500ED08;44673735EAF46E11B7B78A650500BC08;2025-05-31;-2.0;-453.76
045B1F3CF356DE11ADB31065050003C8;44673735EAF46E11B7B78A650500BC08;2025-05-31;-2.0;-54.0
060334BDE781DE11ADB310650500CCB8;44673735EAF46E11B7B78A650500BC08;2025-05-31;-10.0;-1230.0
79B99D81CFC5EE1191EE1065050055B9;44673735EAF46E11B7B78A650500BC08;2025-05-31;-72.6;-5423.22
88FBFB97EC020F114EF7A826072B1A89;44673735EAF46E11B7B78A650500BC08;2025-05-31;-2.0;-76.1
B873858A88000F11F1557891FE695789;44673735EAF46E11B7B78A650500BC08;2025-05-31;-2.0;-1113.2
97E27E4D9A630F114EF7A826072BDB89;44673735EAF46E11B7B78A650500BC08;2025-05-31;-4.0;-594.0
7CCDBABA6D10FE1191EE106505000AB9;44673735EAF46E11B7B78A650500BC08;2025-05-31;-4.0;-1000.0
83833DDA9497EE1191EE1065050047B9;44673735EAF46E11B7B78A650500BC08;2025-05-31;-2.0;-302.0
E051863185ECBE11877210650500BD59;44673735EAF46E11B7B78A650500BC08;2025-05-31;-4.0;-439.16
51361D8F49BFEE1191EE1065050089B9;44673735EAF46E11B7B78A650500BC08;2025-05-31;-4.0;-77.44
35865621466BDE11406610650500D34A;44673735EAF46E11B7B78A650500BC08;2025-05-31;-12.0;-445.26
EF4F322193C2FE1191EE106505006DB9;44673735EAF46E11B7B78A650500BC08;2025-05-31;-6.0;-186.54
23D4F886E736FE1191EE10650500F1C9;44673735EAF46E11B7B78A650500BC08;2025-05-31;-2.0;-508.1
F9DC0BE73ED5AE11BE2110650500784A;44673735EAF46E11B7B78A650500BC08;2025-05-31;-2.0;-179.0
0D4DE77554DCAE11BE2110650500515A;44673735EAF46E11B7B78A650500BC08;2025-05-31;-2.0;-140.0
AD7DDDE48CBCAE11BE2110650500315A;44673735EAF46E11B7B78A650500BC08;2025-05-31;-1.16;-2630.26
7636E924AA21BE11BE2110650500D65A;44673735EAF46E11B7B78A650500BC08;2025-05-31;-2.0;-1494.0
B3C9D397E770BE11BE2110650500F55A;44673735EAF46E11B7B78A650500BC08;2025-05-31;-4.0;-389.48
A5D959C278F6DE11C846106505001F6A;44673735EAF46E11B7B78A650500BC08;2025-05-31;-2.0;-375.3
B9DBC298DEE4AE11726010650500145A;44673735EAF46E11B7B78A650500BC08;2025-05-31;-2.0;-27.98
4D6DB4D8D12B7E110819BB65050039AA;44673735EAF46E11B7B78A650500BC08;2025-05-31;-2.0;-359.0
65B68CF552BC7E110819BB65050039AA;44673735EAF46E11B7B78A650500BC08;2025-05-31;-2.0;-91.8
69EE76D69BBD7E110819BB65050039AA;44673735EAF46E11B7B78A650500BC08;2025-05-31;-2.0;-2380.0
E39E77918754EE11B1AD10650500C7EA;44673735EAF46E11B7B78A650500BC08;2025-05-31;-2.0;-939.84
5636E924AA21BE11BE2110650500D65A;44673735EAF46E11B7B78A650500BC08;2025-05-31;-2.0;-1551.0
445CEACB42708E110819BB65050039AA;44673735EAF46E11B7B78A650500BC08;2025-05-31;-2.0;-219.58
B5B2F49B3D9F7E110819BB65050039AA;44673735EAF46E11B7B78A650500BC08;2025-05-31;-2.0;-117.02
547B282963039E115540106505004C3B;44673735EAF46E11B7B78A650500BC08;2025-05-31;-2.0;-167.22
C5F10FA30C229E115540106505003B3B;44673735EAF46E11B7B78A650500BC08;2025-05-31;-2.0;-212.5
FE49AE164D9F7E110819BB65050039AA;44673735EAF46E11B7B78A650500BC08;2025-05-31;-2.0;-122.56
3FD37B03C11A8E11F243BB650500304B;44673735EAF46E11B7B78A650500BC08;2025-05-31;-24.0;-307.68
071360062A098E11F243BB650500EE3B;44673735EAF46E11B7B78A650500BC08;2025-05-31;-4.0;-122.52
C957CDF14AE66E11B7B78A650500BC08;44673735EAF46E11B7B78A650500BC08;2025-05-31;-2.0;-1037.0
E32D013528D8EE1191EE10650500F8B9;44673735EAF46E11B7B78A650500BC08;2025-05-31;-2.0;-345.0
06CBE354F61E4E1142D58A650500BC08;44673735EAF46E11B7B78A650500BC08;2025-05-31;-2.0;-523.2
ECEAA9F444856E11B7B78A650500BC08;44673735EAF46E11B7B78A650500BC08;2025-05-31;-2.0;-401.76
6B23154BEAA07E11B7B78A650500CD08;44673735EAF46E11B7B78A650500BC08;2025-05-31;-2.0;-254.0
D27CA2357FD7AE11BE21106505000B4A;44673735EAF46E11B7B78A650500BC08;2025-05-31;-4.0;-984.0
77FEA237E770BE11BE2110650500F55A;44673735EAF46E11B7B78A650500BC08;2025-05-31;-2.0;-187.04
5E0E0DF22B7AFE11128010650500E819;FC081C55582CED11A62CD892C0003F2A;2025-05-31;-2.0;-261.44
E018630FBD70DE11ADB3106505004BB8;FC081C55582CED11A62CD892C0003F2A;2025-05-31;-2.0;-148.24
2DD7BA4DCDD4DE11ADB31065050021C8;FC081C55582CED11A62CD892C0003F2A;2025-05-31;-2.0;-272.4
F04D0D04F81CEE1191EE1065050029B9;FC081C55582CED11A62CD892C0003F2A;2025-05-31;-2.0;-317.96
74B4EC21212FEE1191EE1065050029B9;FC081C55582CED11A62CD892C0003F2A;2025-05-31;-2.0;-234.82
D06C054C1A5FFE11F1557891FE697689;FC081C55582CED11A62CD892C0003F2A;2025-05-31;-2.0;-75.32
7415554E087EFE11F1557891FE695589;FC081C55582CED11A62CD892C0003F2A;2025-05-31;-2.0;-358.34
5450B5F648A0EE11406610650500BA4A;FC081C55582CED11A62CD892C0003F2A;2025-05-31;-2.0;-82.08
3B0EFACF6C2CDE11406610650500E44A;FC081C55582CED11A62CD892C0003F2A;2025-05-31;-2.0;-306.86
B0A0EAAEF017DE11C846106505003F6A;FC081C55582CED11A62CD892C0003F2A;2025-05-31;-2.0;-886.3
5112EFF1B0A1EE11406610650500FB4A;44673735EAF46E11B7B78A650500BC08;2025-05-31;4.0;3014.36
058A36BF3183FE1191EE106505007EB9;44673735EAF46E11B7B78A650500BC08;2025-05-31;0.0;0.0
60EA4B0B5377BE11877210650500C659;44673735EAF46E11B7B78A650500BC08;2025-05-31;0.0;0.0
0A0F415F330A3E11052F6792C000D249;44673735EAF46E11B7B78A650500BC08;2025-05-31;0.0;0.0
40C74388460DAE11BE2110650500915A;44673735EAF46E11B7B78A650500BC08;2025-05-31;0.0;0.0
DEEAF414F342EE11406610650500DC4A;44673735EAF46E11B7B78A650500BC08;2025-05-31;0.0;0.0
E4587A2041CAED11A62CD892C0003F2A;FC081C55582CED11A62CD892C0003F2A;2025-05-31;-6.0;-1267.68
7739094141CAED11A62CD892C0003F2A;FC081C55582CED11A62CD892C0003F2A;2025-05-31;-2.0;-1855.56
24587A2041CAED11A62CD892C0003F2A;FC081C55582CED11A62CD892C0003F2A;2025-05-31;-2.0;-528.2
2A8779C141CAED11A62CD892C0003F2A;FC081C55582CED11A62CD892C0003F2A;2025-05-31;-2.0;-437.42
7C22190B5A767E11B7B78A650500ED08;FC081C55582CED11A62CD892C0003F2A;2025-05-31;-2.0;-279.36
84E6FDC17F320F114EF7A826072B5A89;44673735EAF46E11B7B78A650500BC08;2025-05-31;8.0;910.08
12C3E402A08DCE11ADB31065050017B8;44673735EAF46E11B7B78A650500BC08;2025-05-31;-2.0;-14340.0
BF1F6AACF17CEE1191EE1065050029B9;FC081C55582CED11A62CD892C0003F2A;2025-05-31;2.0;3471.98
96C1EF77A7A7CE11ADB3106505004FA8;44673735EAF46E11B7B78A650500BC08;2025-05-31;0.0;0.0
26AB92E0D2A7FE1191EE10650500D3C9;44673735EAF46E11B7B78A650500BC08;2025-05-31;0.0;0.0
AD8815735970BE11BE2110650500F55A;B0BDDED34CC83E11052F6792C000B249;2025-05-31;0.0;-0.01999999999998181
2C3E2FFD81CAED11A62CD892C0003F2A;FC081C55582CED11A62CD892C0003F2A;2025-05-31;-12.0;-893.0600000000001
A0FF92AAFD709E11F243BB650500F84B;44673735EAF46E11B7B78A650500BC08;2025-05-31;0.0;0.0
0A4CB8C9CB02CE118772106505004469;44673735EAF46E11B7B78A650500BC08;2025-05-31;12.0;36576.34
09A9E6C0B7CDCE11ADB31065050087B8;44673735EAF46E11B7B78A650500BC08;2025-05-31;60.0;33726.24
0B5FF4C0EEF2DE11ADB310650500AEB8;FC081C55582CED11A62CD892C0003F2A;2025-05-31;4.0;2275.28
D54E867ED9A6BE11877210650500C559;FC081C55582CED11A62CD892C0003F2A;2025-05-31;4.0;525.94
D54E867ED9A6BE11877210650500C559;B0BDDED34CC83E11052F6792C000B249;2025-05-31;4.0;525.94
7C8FB03891836E11B7B78A6505003C08;FC081C55582CED11A62CD892C0003F2A;2025-05-31;10.0;4397.62
412E8AAFCEE3DE11ADB310650500DFB8;FC081C55582CED11A62CD892C0003F2A;2025-05-31;96.0;1425.74
5B7B7425F1BD3E11052F6792C000D249;FC081C55582CED11A62CD892C0003F2A;2025-05-31;40.0;1092.52
9C36667E73530F114EF7A826072BBB89;44673735EAF46E11B7B78A650500BC08;2025-05-31;20.0;2286.62
9F49778E73530F114EF7A826072BBB89;44673735EAF46E11B7B78A650500BC08;2025-05-31;10.0;1726.74
CC2F1CAE73530F114EF7A826072BBB89;44673735EAF46E11B7B78A650500BC08;2025-05-31;10.0;2114.96
F080527668511E1143F0668E42008C3B;B0BDDED34CC83E11052F6792C000B249;2025-05-31;20.0;6575.7
9ACC221EC877EE1191EE1065050027B9;44673735EAF46E11B7B78A650500BC08;2025-05-31;40.0;6408.32
53120B04BB733E11052F6792C000CF39;FC081C55582CED11A62CD892C0003F2A;2025-05-31;60.0;4751.38
C254A0D2B1CAED11A62CD892C0003F2A;FC081C55582CED11A62CD892C0003F2A;2025-05-31;10.0;2037.36
C0E93C3D91CAED11A62CD892C0003F2A;B0BDDED34CC83E11052F6792C000B249;2025-05-31;4.0;654.8
2A146DC1AEC79E11554010650500824B;44673735EAF46E11B7B78A650500BC08;2025-05-31;2.0;13473.1
B4D116CE58A1CE11877210650500C369;B0BDDED34CC83E11052F6792C000B249;2025-05-31;-2.0;-107.12
1CF47B9078DDCE11ADB31065050097B8;FC081C55582CED11A62CD892C0003F2A;2025-05-31;-4.0;-99.68
B0E067EDE77CCE11ADB310650500B5B8;FC081C55582CED11A62CD892C0003F2A;2025-05-31;-8.0;-247.76
0BD63E9679DDCE11ADB31065050097B8;FC081C55582CED11A62CD892C0003F2A;2025-05-31;-4.0;-631.72
19B6F9A48836CE11ADB3106505008DA8;FC081C55582CED11A62CD892C0003F2A;2025-05-31;-4.0;-276.92
F6BA35B36CE1DE11ADB3106505004DB8;FC081C55582CED11A62CD892C0003F2A;2025-05-31;-2.0;-160.14
19C3840F18363E11052F6792C000FF39;FC081C55582CED11A62CD892C0003F2A;2025-05-31;-4.0;-243.52
119923EB63537E11B7B78A650500DD08;FC081C55582CED11A62CD892C0003F2A;2025-05-31;-2.0;-26.0
243591929EFDCE11ADB310650500C7B8;FC081C55582CED11A62CD892C0003F2A;2025-05-31;-12.0;-1889.1600000000003
B130B6E525B4DE11ADB310650500F0C8;FC081C55582CED11A62CD892C0003F2A;2025-05-31;-2.0;-134.4
67E638D0D342DE11ADB310650500BDB8;FC081C55582CED11A62CD892C0003F2A;2025-05-31;-2.0;-836.84
D0DE70D0A4ABEE1191EE1065050029B9;FC081C55582CED11A62CD892C0003F2A;2025-05-31;-4.0;-413.48
A55960C9268EFE11F1557891FE696589;FC081C55582CED11A62CD892C0003F2A;2025-05-31;-4.0;-480.0
D68CE0818869FE11128010650500E819;FC081C55582CED11A62CD892C0003F2A;2025-05-31;-4.0;-2879.72
D73962958D6B6E11B7B78A650500BC08;FC081C55582CED11A62CD892C0003F2A;2025-05-31;-6.0;-3145.74
605D54D8506AFE11128010650500E819;FC081C55582CED11A62CD892C0003F2A;2025-05-31;-2.0;-114.3
5E564A347D27EE1191EE10650500C6B9;FC081C55582CED11A62CD892C0003F2A;2025-05-31;-4.0;-148.2
26A7A7982642FE1191EE10650500CCB9;FC081C55582CED11A62CD892C0003F2A;2025-05-31;-2.0;-2260.34
A89284BB701EEE1191EE1065050029B9;FC081C55582CED11A62CD892C0003F2A;2025-05-31;-18.0;-1436.4
9617F7582642FE1191EE10650500CCB9;FC081C55582CED11A62CD892C0003F2A;2025-05-31;-2.0;-826.52
48A6A05B45DFEE1191EE10650500A9B9;FC081C55582CED11A62CD892C0003F2A;2025-05-31;-4.0;-426.4
2EFA4AF5C510CE11877210650500C169;FC081C55582CED11A62CD892C0003F2A;2025-05-31;-2.0;-141.26
D25DDBD67B5EEE1191EE1065050029B9;FC081C55582CED11A62CD892C0003F2A;2025-05-31;-2.0;-133.2
D202C858411DEE1191EE1065050029B9;FC081C55582CED11A62CD892C0003F2A;2025-05-31;-2.0;-2306.86
5B41332D25DFEE1191EE10650500A9B9;FC081C55582CED11A62CD892C0003F2A;2025-05-31;-2.0;-664.4
ED38440FED71FE1191EE10650500CBB9;FC081C55582CED11A62CD892C0003F2A;2025-05-31;-2.0;-266.1
B3C077B82642FE1191EE10650500CCB9;FC081C55582CED11A62CD892C0003F2A;2025-05-31;-2.0;-1376.84
1AC1ECCA6F8FFD11A4A96492C0001019;FC081C55582CED11A62CD892C0003F2A;2025-05-31;-8.0;-809.76
828DF00E40D2FE1191EE106505007DB9;FC081C55582CED11A62CD892C0003F2A;2025-05-31;-2.0;-130.04
185BD54551CAED11A62CD892C0003F2A;FC081C55582CED11A62CD892C0003F2A;2025-05-31;-2.0;-484.62
8661F840F0CAED11A62CD892C0003F2A;FC081C55582CED11A62CD892C0003F2A;2025-05-31;-2.0;-354.46
D43379E4EA93FE1191EE106505009EB9;FC081C55582CED11A62CD892C0003F2A;2025-05-31;-2.0;-471.2
33BBE140EC6FEE1191EE1065050029B9;FC081C55582CED11A62CD892C0003F2A;2025-05-31;-4.0;-2061.4
DB42963FB37D8E11F243BB650500154B;FC081C55582CED11A62CD892C0003F2A;2025-05-31;-2.0;-1257.44
064AD03DCFDDAE11BE2110650500A25A;FC081C55582CED11A62CD892C0003F2A;2025-05-31;-2.0;-433.76
E76C964257E48E113835BB6505009DAA;FC081C55582CED11A62CD892C0003F2A;2025-05-31;-10.0;-3110.0
DE8DBC8B695EDE11406610650500C74A;FC081C55582CED11A62CD892C0003F2A;2025-05-31;-4.0;-741.56
DC4153D90ECA9E11525010650500EB4A;FC081C55582CED11A62CD892C0003F2A;2025-05-31;-2.0;-48.84
60D183B99835EE11B1AD10650500F8EA;FC081C55582CED11A62CD892C0003F2A;2025-05-31;-12.0;-6311.02
9B459338E0148E113835BB6505008CAA;FC081C55582CED11A62CD892C0003F2A;2025-05-31;-2.0;-442.72
756491A43CD4CE11ADB3106505000DA8;FC081C55582CED11A62CD892C0003F2A;2025-05-31;-2.0;-24.0
8B11E7FECC42DE11ADB310650500CDB8;FC081C55582CED11A62CD892C0003F2A;2025-05-31;-2.0;-305.84
321E845CF996BE11877210650500B559;FC081C55582CED11A62CD892C0003F2A;2025-05-31;-2.0;-26.96
4672F784B0900F11F1557891FE690889;FC081C55582CED11A62CD892C0003F2A;2025-05-31;-4.0;-348.46
6934E2AAA3D67E11B7B78A650500ED08;FC081C55582CED11A62CD892C0003F2A;2025-05-31;-2.0;-55.58
FA6EA39C483EFE11F1557891FE690589;FC081C55582CED11A62CD892C0003F2A;2025-05-31;-2.0;-66.0
1767B7D771500F11F1557891FE69B789;FC081C55582CED11A62CD892C0003F2A;2025-05-31;-2.0;-38.0
4EBFBEE2D1E7EE1191EE10650500A7B9;FC081C55582CED11A62CD892C0003F2A;2025-05-31;-2.0;-1.58
22E12E56C3D67E11B7B78A650500ED08;FC081C55582CED11A62CD892C0003F2A;2025-05-31;-2.0;-78.86
58CBBF6D34D67E11B7B78A650500ED08;FC081C55582CED11A62CD892C0003F2A;2025-05-31;-2.0;-97.8
D4A56513DCC1CE11877210650500F369;FC081C55582CED11A62CD892C0003F2A;2025-05-31;-2.0;-265.68
96C6CF0A77ADDE11406610650500C64A;FC081C55582CED11A62CD892C0003F2A;2025-05-31;238.0;618.48
D4FFA460763EAE11BE2110650500135A;FC081C55582CED11A62CD892C0003F2A;2025-05-31;-2.0;-24.96
4C80191D8F74FE1191EE10650500CFB9;FC081C55582CED11A62CD892C0003F2A;2025-05-31;-2.0;-123.6
040F7376AC1BAE11BE21106505002F4A;FC081C55582CED11A62CD892C0003F2A;2025-05-31;-16.0;-108.48
CFB3E180C442DE11ADB310650500BDB8;FC081C55582CED11A62CD892C0003F2A;2025-05-31;-2.0;-130.68
24954CC3F58EFE11F1557891FE696589;FC081C55582CED11A62CD892C0003F2A;2025-05-31;-4.0;-168.0
C2FE1E8B09B00F11F1557891FE693889;FC081C55582CED11A62CD892C0003F2A;2025-05-31;-2.0;-110.0
55C9A30DC691FE1191EE10650500EBB9;FC081C55582CED11A62CD892C0003F2A;2025-05-31;-4.0;-97.96
F71074C403C2EE11B1AD10650500C5EA;FC081C55582CED11A62CD892C0003F2A;2025-05-31;-18.0;-1861.2
FC7BAA72FB409E11F243BB650500B84B;FC081C55582CED11A62CD892C0003F2A;2025-05-31;-2.0;-39.08
AE1814807A5D7E110819BB65050039AA;FC081C55582CED11A62CD892C0003F2A;2025-05-31;-4.0;-38.32
29E3A1523364EE11B1AD10650500D7EA;FC081C55582CED11A62CD892C0003F2A;2025-05-31;-2.0;-50.4
D5F49818589D7E110819BB65050039AA;FC081C55582CED11A62CD892C0003F2A;2025-05-31;-2.0;-163.7
29438B850CE15E1142D58A650500BC08;FC081C55582CED11A62CD892C0003F2A;2025-05-31;-2.0;-72.1
230B0BA95A075E1142D58A650500DC08;FC081C55582CED11A62CD892C0003F2A;2025-05-31;-2.0;-130.6
CD545109E8F34E1142D58A6505002C08;FC081C55582CED11A62CD892C0003F2A;2025-05-31;-2.0;-289.94
161EF2FFAAF94E1142D58A6505009C08;FC081C55582CED11A62CD892C0003F2A;2025-05-31;-4.0;-479.68
501B3090D7696E11B7B78A650500BC08;FC081C55582CED11A62CD892C0003F2A;2025-05-31;-4.0;-581.06
796BD6CCD3856E11B7B78A650500BC08;FC081C55582CED11A62CD892C0003F2A;2025-05-31;-4.0;-175.88
A51AE3BDD38E6E11B7B78A6505003D08;FC081C55582CED11A62CD892C0003F2A;2025-05-31;-2.0;-213.34
D1CE2DF5D7696E11B7B78A650500BC08;FC081C55582CED11A62CD892C0003F2A;2025-05-31;-2.0;-222.14
2CD17196BBCDCE11ADB31065050087B8;FC081C55582CED11A62CD892C0003F2A;2025-05-31;-2.0;-1180.0
D7A1B38EBB82DE11ADB3106505001EB8;FC081C55582CED11A62CD892C0003F2A;2025-05-31;-26.0;-577.0
0D69708DB2065E1142D58A650500DC08;FC081C55582CED11A62CD892C0003F2A;2025-05-31;-4.0;-480.94
1B0F7D7C9B98FE11128010650500D819;FC081C55582CED11A62CD892C0003F2A;2025-05-31;-2.0;-317.64
4B26872078DDCE11ADB31065050097B8;FC081C55582CED11A62CD892C0003F2A;2025-05-31;-2.0;-98.34
17FA941B64F4DE11ADB31065050041C8;FC081C55582CED11A62CD892C0003F2A;2025-05-31;-2.0;-218.62
2110A97CFCC92E11052F6792C0007F39;FC081C55582CED11A62CD892C0003F2A;2025-05-31;-2.0;-2524.2
E96B877A988AFE11128010650500E819;FC081C55582CED11A62CD892C0003F2A;2025-05-31;-4.0;-55.6
9F012534327DCE11ADB31065050007B8;FC081C55582CED11A62CD892C0003F2A;2025-05-31;-2.0;-105.2
C0BAF11D9CE3DE11ADB310650500DFB8;FC081C55582CED11A62CD892C0003F2A;2025-05-31;-2.0;-250.7
8FBC07BF37F8FE11128010650500D819;FC081C55582CED11A62CD892C0003F2A;2025-05-31;-2.0;-428.08
18A184D0DFBBFE111280106505000919;FC081C55582CED11A62CD892C0003F2A;2025-05-31;-4.0;-332.12
6437539B6F35DE11ADB310650500A1C8;FC081C55582CED11A62CD892C0003F2A;2025-05-31;-2.0;-273.16
A556498A77EA0E11A4A96492C0001269;FC081C55582CED11A62CD892C0003F2A;2025-05-31;-4.0;-3372.92
567C8EE9F7BAFE11128010650500E819;FC081C55582CED11A62CD892C0003F2A;2025-05-31;-6.0;-153.0
2E196E119CA3DE11ADB3106505008FB8;FC081C55582CED11A62CD892C0003F2A;2025-05-31;-2.0;-330.04
AC10BF65A0FFFE11F1557891FE693789;FC081C55582CED11A62CD892C0003F2A;2025-05-31;-2.0;-282.98
78CECFA1ECA20F114EF7A826072BEA89;FC081C55582CED11A62CD892C0003F2A;2025-05-31;-2.0;-254.88
41CAE7C0F4582E11052F6792C0007F39;FC081C55582CED11A62CD892C0003F2A;2025-05-31;-2.0;-199.06
C34AC1B289AC3E11052F6792C000D249;FC081C55582CED11A62CD892C0003F2A;2025-05-31;-2.0;-390.58
D1B06CAC2C2DFE11F1557891FE69B389;FC081C55582CED11A62CD892C0003F2A;2025-05-31;-2.0;-331.94
08D6E37B383EFE11F1557891FE690589;FC081C55582CED11A62CD892C0003F2A;2025-05-31;-4.0;-607.2
CD62D4AEF77EFE11F1557891FE695589;FC081C55582CED11A62CD892C0003F2A;2025-05-31;-2.0;-82.22
B1B7955D82C5EE1191EE1065050045B9;FC081C55582CED11A62CD892C0003F2A;2025-05-31;-14.0;-2520.0
86E1A97FCCEABE118772106505003B59;FC081C55582CED11A62CD892C0003F2A;2025-05-31;-2.0;-153.66
70F44E8BE2EFFE11F1557891FE692789;FC081C55582CED11A62CD892C0003F2A;2025-05-31;-2.0;-1323.1
75EE7A96098AFE11128010650500E819;FC081C55582CED11A62CD892C0003F2A;2025-05-31;-2.0;-1397.66
252DC40BBE6DFE11F1557891FE690489;FC081C55582CED11A62CD892C0003F2A;2025-05-31;-4.0;-425.6
1A09AE6FAC0EEE1191EE1065050029B9;FC081C55582CED11A62CD892C0003F2A;2025-05-31;-2.0;-350.32
18ABC23B9E63CE118772106505000669;FC081C55582CED11A62CD892C0003F2A;2025-05-31;-2.0;-905.94
F54CC3515C020F114EF7A826072B1A89;FC081C55582CED11A62CD892C0003F2A;2025-05-31;-4.0;-342.0
D1A7955D82C5EE1191EE1065050045B9;FC081C55582CED11A62CD892C0003F2A;2025-05-31;-6.0;-1080.0
6126BE7EF77EFE11F1557891FE695589;FC081C55582CED11A62CD892C0003F2A;2025-05-31;-2.0;-82.22
C339D296DDFFFE11F1557891FE694789;FC081C55582CED11A62CD892C0003F2A;2025-05-31;-2.0;-611.12
42E2A38201CAED11A62CD892C0003F2A;FC081C55582CED11A62CD892C0003F2A;2025-05-31;-6.0;-818.04
94851C935D51FD110DC22A92C000DD89;FC081C55582CED11A62CD892C0003F2A;2025-05-31;-4.0;-72.08
BF49E1719E31FE1191EE106505007BB9;FC081C55582CED11A62CD892C0003F2A;2025-05-31;-2.0;-170.28
6FE9E56EED71FE1191EE10650500CBB9;FC081C55582CED11A62CD892C0003F2A;2025-05-31;-2.0;-323.8
8B0B0AACB50DEE1191EE1065050029B9;FC081C55582CED11A62CD892C0003F2A;2025-05-31;-6.0;-553.76
8A74B54691D5AE11BE2110650500684A;FC081C55582CED11A62CD892C0003F2A;2025-05-31;-2.0;-569.34
0C05A5986C10FE1191EE106505000AB9;FC081C55582CED11A62CD892C0003F2A;2025-05-31;-4.0;-3372.92
853E17D851CAED11A62CD892C0003F2A;FC081C55582CED11A62CD892C0003F2A;2025-05-31;-2.0;-1413.62
E61C028040CAED11A62CD892C0003F2A;FC081C55582CED11A62CD892C0003F2A;2025-05-31;-4.0;-3908.06
B687FBA645E3FE1191EE10650500FEB9;FC081C55582CED11A62CD892C0003F2A;2025-05-31;-2.0;-431.16
4398024E31CAED11A62CD892C0003F2A;FC081C55582CED11A62CD892C0003F2A;2025-05-31;-2.0;-266.04
31A39B4ED0CAED11A62CD892C0003F2A;FC081C55582CED11A62CD892C0003F2A;2025-05-31;-4.0;-2442.5
654595263F5F9E117260106505000D4A;FC081C55582CED11A62CD892C0003F2A;2025-05-31;-8.0;-669.8599999999999
0E9C945FF5DF1E1143F0668E4200B37A;FC081C55582CED11A62CD892C0003F2A;2025-05-31;-2.0;-178.5
B296A5B0D246AE11BE2110650500F84A;FC081C55582CED11A62CD892C0003F2A;2025-05-31;-2.0;-732.98
468337CD542CAE11BE2110650500705A;FC081C55582CED11A62CD892C0003F2A;2025-05-31;-14.0;-2842.56
FF9E86B00FC18E113835BB650500B9AA;FC081C55582CED11A62CD892C0003F2A;2025-05-31;-8.0;-177.52
68F9FF8D55E0EE114066106505000B4A;FC081C55582CED11A62CD892C0003F2A;2025-05-31;-24.0;-3566.4
63DDB9D6E236AE11BE2110650500E84A;FC081C55582CED11A62CD892C0003F2A;2025-05-31;-4.0;-228.28
2D3A676F8DF88E11F243BB650500DE3B;FC081C55582CED11A62CD892C0003F2A;2025-05-31;-2.0;-329.76
39375A67B5EEAE11BE2110650500F35A;FC081C55582CED11A62CD892C0003F2A;2025-05-31;-4.0;-252.68
8D3F9C6BF173EE11B1AD10650500A6EA;FC081C55582CED11A62CD892C0003F2A;2025-05-31;-10.0;-274.72
74EF4B7843F2EE11B1AD1065050006EA;FC081C55582CED11A62CD892C0003F2A;2025-05-31;-2.0;-86.38
1CCBC1A83A2D8E11F243BB650500A44B;FC081C55582CED11A62CD892C0003F2A;2025-05-31;-4.0;-304.44
955F44D691E58E11F243BB650500DA3B;FC081C55582CED11A62CD892C0003F2A;2025-05-31;-2.0;-162.6
79C19A8C87449E11554010650500ED3B;FC081C55582CED11A62CD892C0003F2A;2025-05-31;-10.0;-6680.0
99DFC4E971365E1142D58A650500DC08;FC081C55582CED11A62CD892C0003F2A;2025-05-31;-2.0;-266.4
771928B84459CE11ADB31065050071B8;FC081C55582CED11A62CD892C0003F2A;2025-05-31;-2.0;-233.74
061D6C5D9E7E4E1142D58A650500BC08;FC081C55582CED11A62CD892C0003F2A;2025-05-31;-2.0;-199.52
038C382631615E1142D58A650500BC08;FC081C55582CED11A62CD892C0003F2A;2025-05-31;-4.0;-1056.4
A0C710F5FD94DE11ADB310650500D0C8;FC081C55582CED11A62CD892C0003F2A;2025-05-31;-6.0;-154.58
F1C5B32599DDCE11ADB31065050097B8;FC081C55582CED11A62CD892C0003F2A;2025-05-31;-4.0;-313.02
C1D65036DE75FD110DC22A92C000D158;FC081C55582CED11A62CD892C0003F2A;2025-05-31;-8.0;-180.10000000000002
76848C99ECC65E1142D58A650500DC08;FC081C55582CED11A62CD892C0003F2A;2025-05-31;-4.0;-1429.52
3860FDA0AE5CCE11ADB31065050095B8;FC081C55582CED11A62CD892C0003F2A;2025-05-31;-2.0;-586.14
141D2C1F68DDCE11ADB31065050097B8;FC081C55582CED11A62CD892C0003F2A;2025-05-31;-2.0;-63.74
70438F60AF16CE11ADB3106505008DA8;FC081C55582CED11A62CD892C0003F2A;2025-05-31;-2.0;-383.44
BB7DC964E9CC2E11052F6792C000CF39;FC081C55582CED11A62CD892C0003F2A;2025-05-31;-4.0;-633.84
BCEBE596FB913E11052F6792C000CF39;FC081C55582CED11A62CD892C0003F2A;2025-05-31;-2.0;-908.0
D423A65232893E11052F6792C000D249;FC081C55582CED11A62CD892C0003F2A;2025-05-31;-2.0;-221.62
A26AEF3C9BC5FD110DC22A92C000D158;FC081C55582CED11A62CD892C0003F2A;2025-05-31;-4.0;-1825.4
5CCA65E97CEABE118772106505003B59;FC081C55582CED11A62CD892C0003F2A;2025-05-31;-4.0;-764.08
2217D3C844E7CE11ADB3106505009FA8;FC081C55582CED11A62CD892C0003F2A;2025-05-31;-4.0;-1142.72
B52F235F27F8FE11128010650500D819;FC081C55582CED11A62CD892C0003F2A;2025-05-31;-2.0;-532.22
1882C01FDA07BE118772106505004659;FC081C55582CED11A62CD892C0003F2A;2025-05-31;-2.0;-862.6
70E8494FD7B1CE11877210650500D369;FC081C55582CED11A62CD892C0003F2A;2025-05-31;-2.0;-6211.06
0DCB0E913EDBBE118772106505006C59;FC081C55582CED11A62CD892C0003F2A;2025-05-31;-2.0;-201.22
D7F3CAE360FBEE1191EE1065050029B9;FC081C55582CED11A62CD892C0003F2A;2025-05-31;-2.0;-373.0
BFDF3DC9CC3FFE11F1557891FE695689;FC081C55582CED11A62CD892C0003F2A;2025-05-31;-2.0;-72.5
D01EECD3BCF2FD110DC22A92C000C499;FC081C55582CED11A62CD892C0003F2A;2025-05-31;-2.0;-877.3
FEA4A5C4D74CEE1191EE1065050029B9;FC081C55582CED11A62CD892C0003F2A;2025-05-31;-4.0;-243.24
12183690069CEE1191EE1065050029B9;FC081C55582CED11A62CD892C0003F2A;2025-05-31;-2.0;-114.34
0F3ABE46AF6DFE11F1557891FE690489;FC081C55582CED11A62CD892C0003F2A;2025-05-31;-2.0;-239.4
8F4237B7537EFE11F1557891FE695589;FC081C55582CED11A62CD892C0003F2A;2025-05-31;-2.0;-944.7
C90D640201CAED11A62CD892C0003F2A;FC081C55582CED11A62CD892C0003F2A;2025-05-31;-4.0;-145.64
6BB3C56FED71FE1191EE10650500CBB9;FC081C55582CED11A62CD892C0003F2A;2025-05-31;-2.0;-469.18
31E40A41A1C5EE1191EE1065050045B9;FC081C55582CED11A62CD892C0003F2A;2025-05-31;-2.0;-81.44
0473763528D8EE1191EE10650500F8B9;FC081C55582CED11A62CD892C0003F2A;2025-05-31;-2.0;-396.76
FA18F4E54C8FBE118772106505001169;FC081C55582CED11A62CD892C0003F2A;2025-05-31;-2.0;-1228.6
2C5D99A5D343FE1191EE106505001EB9;FC081C55582CED11A62CD892C0003F2A;2025-05-31;-2.0;-348.16
397ACCD6D4F5FE1191EE10650500A1C9;FC081C55582CED11A62CD892C0003F2A;2025-05-31;-2.0;-579.52
F1F42C5731CAED11A62CD892C0003F2A;FC081C55582CED11A62CD892C0003F2A;2025-05-31;-2.0;-481.48
56B6EB4951CAED11A62CD892C0003F2A;FC081C55582CED11A62CD892C0003F2A;2025-05-31;-2.0;-541.06
1DC6A8DC4032FE1191EE10650500ACB9;FC081C55582CED11A62CD892C0003F2A;2025-05-31;-2.0;-92.06
FCEE7847D2A7FE1191EE10650500D3C9;FC081C55582CED11A62CD892C0003F2A;2025-05-31;-4.0;-225.58
529D25593972FE1191EE106505000DB9;FC081C55582CED11A62CD892C0003F2A;2025-05-31;-4.0;-226.32
9A39160301CAED11A62CD892C0003F2A;FC081C55582CED11A62CD892C0003F2A;2025-05-31;-6.0;-325.22
1327408D8F92FE1191EE106505003DB9;FC081C55582CED11A62CD892C0003F2A;2025-05-31;-2.0;-464.54
CCAB0F43D0CAED11A62CD892C0003F2A;FC081C55582CED11A62CD892C0003F2A;2025-05-31;-2.0;-314.06
4CE32F23201ADE11406610650500024A;FC081C55582CED11A62CD892C0003F2A;2025-05-31;-2.0;-501.2
05815C9DA8FEFD11A4A96492C000DFF9;FC081C55582CED11A62CD892C0003F2A;2025-05-31;-4.0;-281.04
69F4EC664533FE1191EE106505000EB9;FC081C55582CED11A62CD892C0003F2A;2025-05-31;-2.0;-455.96
EC620A9B513E9E117260106505008B4A;FC081C55582CED11A62CD892C0003F2A;2025-05-31;-2.0;-264.54
C2EACFC6DDE6DE11C846106505000F6A;FC081C55582CED11A62CD892C0003F2A;2025-05-31;-2.0;-24.5
BAEBAB49094CDE11406610650500054A;FC081C55582CED11A62CD892C0003F2A;2025-05-31;-2.0;-259.42
F0466744EEE4AE11726010650500145A;FC081C55582CED11A62CD892C0003F2A;2025-05-31;-4.0;-52.379999999999995
D75CFDF99CF1EE114066106505007C4A;FC081C55582CED11A62CD892C0003F2A;2025-05-31;-2.0;-292.16
CE51FFB3FEF0EE114066106505002B4A;FC081C55582CED11A62CD892C0003F2A;2025-05-31;-2.0;-72.72
B2C0EDE9F7BB1E1143F0668E4200EF5A;FC081C55582CED11A62CD892C0003F2A;2025-05-31;-2.0;-79.14
FEECFC364EE2BE11BE2110650500195A;FC081C55582CED11A62CD892C0003F2A;2025-05-31;-2.0;-264.44
EB5A52C9E5F48E113835BB650500ADAA;FC081C55582CED11A62CD892C0003F2A;2025-05-31;-2.0;-546.04
42A3BFC0BDBCAE11BE2110650500315A;FC081C55582CED11A62CD892C0003F2A;2025-05-31;-2.0;-386.5
F1A436DE3C15EE11B1AD10650500C8EA;FC081C55582CED11A62CD892C0003F2A;2025-05-31;-2.0;-275.2
1B7B4B3331AAAE11BE21106505008E4A;FC081C55582CED11A62CD892C0003F2A;2025-05-31;-4.0;-116.28
0B7EA63568A39E115540106505001D3B;FC081C55582CED11A62CD892C0003F2A;2025-05-31;-2.0;-480.84
631E9DB11A278E11F243BB6505008C3B;FC081C55582CED11A62CD892C0003F2A;2025-05-31;-6.0;-478.74
79FD163C08C57E11B7B78A650500ED08;FC081C55582CED11A62CD892C0003F2A;2025-05-31;-2.0;-765.24
9E94429639625E1142D58A650500DC08;FC081C55582CED11A62CD892C0003F2A;2025-05-31;-2.0;-234.94
74D7E1580965DE11ADB310650500D1C8;FC081C55582CED11A62CD892C0003F2A;2025-05-31;-2.0;-178.86
090D206A2B24DE11ADB31065050040C8;FC081C55582CED11A62CD892C0003F2A;2025-05-31;-2.0;-273.76
FEFCABD98C37EE1191EE10650500D6B9;FC081C55582CED11A62CD892C0003F2A;2025-05-31;-2.0;-447.7
B522D1D2432FFE11F1557891FE693689;FC081C55582CED11A62CD892C0003F2A;2025-05-31;-4.0;-43.96
3B4F3575178B3E11052F6792C000D249;FC081C55582CED11A62CD892C0003F2A;2025-05-31;-2.0;-121.86
9520D83931CAED11A62CD892C0003F2A;FC081C55582CED11A62CD892C0003F2A;2025-05-31;-2.0;-1508.18
14EEFCBB059BDE11406610650500144A;FC081C55582CED11A62CD892C0003F2A;2025-05-31;-2.0;-92.14
567D8B89709EBE11877210650500DF59;FC081C55582CED11A62CD892C0003F2A;2025-05-31;-4.0;-111.44
8C2A42CF68C6DE11C84610650500DE6A;FC081C55582CED11A62CD892C0003F2A;2025-05-31;-8.0;-94.64
266D7513BF73EE11B1AD10650500B6EA;FC081C55582CED11A62CD892C0003F2A;2025-05-31;-4.0;-1006.94
4CE116DBFA719E11F243BB6505003A4B;FC081C55582CED11A62CD892C0003F2A;2025-05-31;-2.0;-155.7
84BC032AFCFF6E11B7B78A650500CD08;B0BDDED34CC83E11052F6792C000B249;2025-05-31;-2.0;-788.66
940AEDF7C2867E11B7B78A650500ED08;B0BDDED34CC83E11052F6792C000B249;2025-05-31;-6.0;-194.54
99DFC4E971365E1142D58A650500DC08;B0BDDED34CC83E11052F6792C000B249;2025-05-31;-2.0;-422.74
4DC54A9225B4DE11ADB310650500F0C8;B0BDDED34CC83E11052F6792C000B249;2025-05-31;-2.0;-134.4
545138298A22DE11ADB3106505009DB8;B0BDDED34CC83E11052F6792C000B249;2025-05-31;-2.0;-94.7
9DEBE596FB913E11052F6792C000CF39;B0BDDED34CC83E11052F6792C000B249;2025-05-31;-2.0;-1770.0
37C3840F18363E11052F6792C000FF39;B0BDDED34CC83E11052F6792C000B249;2025-05-31;-2.0;-179.78
5ADE455281082E11052F6792C0007F39;B0BDDED34CC83E11052F6792C000B249;2025-05-31;-2.0;-515.24
3310041AC1C6BE11877210650500E559;B0BDDED34CC83E11052F6792C000B249;2025-05-31;-4.0;-123.88
D7A1B38EBB82DE11ADB3106505001EB8;B0BDDED34CC83E11052F6792C000B249;2025-05-31;-4.0;-88.76
1141B2928EAFEE1191EE1065050079B9;B0BDDED34CC83E11052F6792C000B249;2025-05-31;-2.0;-587.1
1ED0A2A7EFACEE1191EE1065050029B9;B0BDDED34CC83E11052F6792C000B249;2025-05-31;-4.0;-795.72
937A99AAF0CAED11A62CD892C0003F2A;B0BDDED34CC83E11052F6792C000B249;2025-05-31;-2.0;-373.66
A6A770AC7D6AFE11128010650500E819;B0BDDED34CC83E11052F6792C000B249;2025-05-31;-2.0;-8.08
707785D8D0CAED11A62CD892C0003F2A;B0BDDED34CC83E11052F6792C000B249;2025-05-31;-2.0;-660.0
0A150FF1AC112E1143F0668E4200C71A;B0BDDED34CC83E11052F6792C000B249;2025-05-31;-2.0;-674.14
A89284BB701EEE1191EE1065050029B9;B0BDDED34CC83E11052F6792C000B249;2025-05-31;-4.0;-319.2
7B85B07901CAED11A62CD892C0003F2A;B0BDDED34CC83E11052F6792C000B249;2025-05-31;-2.0;-231.72
FCC67A9CC0CAED11A62CD892C0003F2A;B0BDDED34CC83E11052F6792C000B249;2025-05-31;-2.0;-170.3
11DBD1DCD0CAED11A62CD892C0003F2A;B0BDDED34CC83E11052F6792C000B249;2025-05-31;-4.0;-579.08
117F2EE2CD322E1143F0668E4200C71A;B0BDDED34CC83E11052F6792C000B249;2025-05-31;-2.0;-528.2
8B247AC845B4DE11ADB310650500F0C8;B0BDDED34CC83E11052F6792C000B249;2025-05-31;-2.0;-234.7
7D88024E31CAED11A62CD892C0003F2A;B0BDDED34CC83E11052F6792C000B249;2025-05-31;-2.0;-226.2
B388B0A5B7C22E1143F0668E4200C71A;B0BDDED34CC83E11052F6792C000B249;2025-05-31;-4.0;-657.56
6E754762F0CAED11A62CD892C0003F2A;B0BDDED34CC83E11052F6792C000B249;2025-05-31;-10.0;-549.7
190966F1FF91EE11406610650500FB4A;B0BDDED34CC83E11052F6792C000B249;2025-05-31;-4.0;-190.78
E98C2405194EDE11406610650500B74A;B0BDDED34CC83E11052F6792C000B249;2025-05-31;-2.0;-88.86
2864772E01ACDE11406610650500754A;B0BDDED34CC83E11052F6792C000B249;2025-05-31;-2.0;-660.26
49E9B353985DED11A62CD892C0003F2A;B0BDDED34CC83E11052F6792C000B249;2025-05-31;-6.0;-1970.5
AF4E9A8C803C9E11726010650500E84A;B0BDDED34CC83E11052F6792C000B249;2025-05-31;-2.0;-316.92
AFE6E222845FDE11406610650500094A;B0BDDED34CC83E11052F6792C000B249;2025-05-31;-2.0;-342.1
844000D3FBCEAE11BE2110650500D35A;B0BDDED34CC83E11052F6792C000B249;2025-05-31;-8.0;-336.0
9F6541330EBD7E110819BB65050039AA;B0BDDED34CC83E11052F6792C000B249;2025-05-31;-6.0;-58.800000000000004
2606473FE1FAFD11A4A96492C0006F3B;B0BDDED34CC83E11052F6792C000B249;2025-05-31;-2.0;-339.58
579811BE2B589E11554010650500334B;B0BDDED34CC83E11052F6792C000B249;2025-05-31;-2.0;-329.4
8592484515118E110819BB65050039AA;B0BDDED34CC83E11052F6792C000B249;2025-05-31;-4.0;-302.54
AB889AA6B0D97E110819BB65050019AA;B0BDDED34CC83E11052F6792C000B249;2025-05-31;-18.0;-2079.0
F5DE6785DBB91E1143F0668E42006B8B;B0BDDED34CC83E11052F6792C000B249;2025-05-31;-2.0;-225.54
92C455983B91BE11BE2110650500675A;B0BDDED34CC83E11052F6792C000B249;2025-05-31;-2.0;-301.9
AFB29F0B7AB38E113835BB6505004CAA;B0BDDED34CC83E11052F6792C000B249;2025-05-31;-2.0;-1403.24
6A4ECF858AB38E113835BB6505004CAA;B0BDDED34CC83E11052F6792C000B249;2025-05-31;-2.0;-684.72
D428258BEAEF4E1142D58A650500BC08;B0BDDED34CC83E11052F6792C000B249;2025-05-31;-2.0;-439.58
2CD8799B2AC75E1142D58A650500DC08;B0BDDED34CC83E11052F6792C000B249;2025-05-31;-2.0;-241.48
A7F7EC04070ECE11ADB310650500D7B8;B0BDDED34CC83E11052F6792C000B249;2025-05-31;-2.0;-256.16
040E081D4F49FE11128010650500E819;B0BDDED34CC83E11052F6792C000B249;2025-05-31;-2.0;-469.18
418586B83596DE11ADB31065050053C8;B0BDDED34CC83E11052F6792C000B249;2025-05-31;-2.0;-358.16
D1CE2DF5D7696E11B7B78A650500BC08;B0BDDED34CC83E11052F6792C000B249;2025-05-31;-2.0;-223.04
B44BE0459AE1DE11ADB3106505004DB8;B0BDDED34CC83E11052F6792C000B249;2025-05-31;-2.0;-663.14
24FBA1572B917E11B7B78A650500CD08;B0BDDED34CC83E11052F6792C000B249;2025-05-31;-8.0;-337.14
FDB46E2A988AFE11128010650500E819;B0BDDED34CC83E11052F6792C000B249;2025-05-31;-2.0;-27.86
DFF5B1B4DC913E11052F6792C000CF39;B0BDDED34CC83E11052F6792C000B249;2025-05-31;-2.0;-584.04
D5CAE99D8FD1DE11ADB3106505003DB8;B0BDDED34CC83E11052F6792C000B249;2025-05-31;-2.0;-897.08
8C9824D254A27E11B7B78A650500DD08;B0BDDED34CC83E11052F6792C000B249;2025-05-31;-2.0;-435.54
BE7F13DEE2E3DE11ADB310650500CFB8;B0BDDED34CC83E11052F6792C000B249;2025-05-31;-2.0;-556.46
E408300AA60BFE11128010650500E819;B0BDDED34CC83E11052F6792C000B249;2025-05-31;-4.0;-147.76
2088AC04A537BE118772106505007659;B0BDDED34CC83E11052F6792C000B249;2025-05-31;-2.0;-379.82
A7E59375470A0E11A4A96492C0001269;B0BDDED34CC83E11052F6792C000B249;2025-05-31;-2.0;-143.4
69AB2E6D85FDFE11F1557891FE69B489;B0BDDED34CC83E11052F6792C000B249;2025-05-31;-2.0;-28.24
B68F7C972D9EFE11F1557891FE698589;B0BDDED34CC83E11052F6792C000B249;2025-05-31;-2.0;-188.8
FDE0EFD0B78DBE118772106505008E59;B0BDDED34CC83E11052F6792C000B249;2025-05-31;-2.0;-173.32
7FE75132CA2EBE118772106505005F59;B0BDDED34CC83E11052F6792C000B249;2025-05-31;-2.0;-115.88
BB1E9BB39E74FE1191EE10650500CFB9;B0BDDED34CC83E11052F6792C000B249;2025-05-31;-4.0;-50.36
39D0A43DB6CDEE1191EE1065050029B9;B0BDDED34CC83E11052F6792C000B249;2025-05-31;-2.0;-437.36
058A36BF3183FE1191EE106505007EB9;B0BDDED34CC83E11052F6792C000B249;2025-05-31;-2.0;-204.14
E5B3E40A4044FE1191EE106505006FB9;B0BDDED34CC83E11052F6792C000B249;2025-05-31;-2.0;-734.18
23CB129EF77EFE11F1557891FE695589;B0BDDED34CC83E11052F6792C000B249;2025-05-31;-2.0;-82.22
6EA292756D44FE1191EE106505007FB9;B0BDDED34CC83E11052F6792C000B249;2025-05-31;-2.0;-1412.0
C16798E28DACEE1191EE1065050029B9;B0BDDED34CC83E11052F6792C000B249;2025-05-31;-2.0;-785.62
7C4BCFB931CAED11A62CD892C0003F2A;B0BDDED34CC83E11052F6792C000B249;2025-05-31;-2.0;-3908.42
9E15F8F901CAED11A62CD892C0003F2A;B0BDDED34CC83E11052F6792C000B249;2025-05-31;-2.0;-306.58
3D280D4ACE23FD110DC22A92C000C499;B0BDDED34CC83E11052F6792C000B249;2025-05-31;-2.0;-250.92
7274E61DA0CAED11A62CD892C0003F2A;B0BDDED34CC83E11052F6792C000B249;2025-05-31;-2.0;-259.38
46A6EF06C4C2FE1191EE106505006DB9;B0BDDED34CC83E11052F6792C000B249;2025-05-31;-2.0;-322.5
D58A6214EC430E11A4A96492C00008E9;B0BDDED34CC83E11052F6792C000B249;2025-05-31;-6.0;-1171.74
8D326BA67340FE1191EE106505003AB9;B0BDDED34CC83E11052F6792C000B249;2025-05-31;-2.0;-1211.62
4D7DCD106380FE1191EE106505008AB9;B0BDDED34CC83E11052F6792C000B249;2025-05-31;-2.0;-984.88
428F3442662BDE11406610650500734A;B0BDDED34CC83E11052F6792C000B249;2025-05-31;-4.0;-792.0
FDBF5FCF20CAED11A62CD892C0003F2A;B0BDDED34CC83E11052F6792C000B249;2025-05-31;-4.0;-212.0
DDA0BB5F01CAED11A62CD892C0003F2A;B0BDDED34CC83E11052F6792C000B249;2025-05-31;-2.0;-140.0
61E93C3D91CAED11A62CD892C0003F2A;B0BDDED34CC83E11052F6792C000B249;2025-05-31;6.0;378.15999999999997
517785D8D0CAED11A62CD892C0003F2A;B0BDDED34CC83E11052F6792C000B249;2025-05-31;-2.0;-409.4
D9C99CE964DAED11A62CD892C0003F2A;B0BDDED34CC83E11052F6792C000B249;2025-05-31;-2.0;-1899.26
A1BDF57A1B6BAE11BE21106505008F4A;B0BDDED34CC83E11052F6792C000B249;2025-05-31;-2.0;-363.6
046DAE300DE99E11525010650500CA4A;B0BDDED34CC83E11052F6792C000B249;2025-05-31;-2.0;-1188.0
647B55A4657EAE11BE2110650500635A;B0BDDED34CC83E11052F6792C000B249;2025-05-31;-2.0;-373.66
F984B4F14607DE11C846106505002F6A;B0BDDED34CC83E11052F6792C000B249;2025-05-31;-2.0;-34.86
2DF0631100C01E1143F0668E42008C3B;B0BDDED34CC83E11052F6792C000B249;2025-05-31;-2.0;-373.6
C3EF16A58B50EE114066106505005A4A;B0BDDED34CC83E11052F6792C000B249;2025-05-31;-2.0;-45.08
11C5D1ACFC839E11554010650500FC3B;B0BDDED34CC83E11052F6792C000B249;2025-05-31;-2.0;-421.02
E5190FC03364EE11B1AD10650500D7EA;B0BDDED34CC83E11052F6792C000B249;2025-05-31;-2.0;-47.28
12CEA58E9AF08E110819BB65050039AA;B0BDDED34CC83E11052F6792C000B249;2025-05-31;-2.0;-723.34
D6713137F76CAE11BE2110650500C05A;B0BDDED34CC83E11052F6792C000B249;2025-05-31;-2.0;-770.24
1C6E70E0D4939E115540106505000D3B;B0BDDED34CC83E11052F6792C000B249;2025-05-31;-2.0;-427.38
10285D09BDFDED11A62CD892C000399B;B0BDDED34CC83E11052F6792C000B249;2025-05-31;-2.0;-712.4
B39700A82686CE11ADB310650500DDA8;B0BDDED34CC83E11052F6792C000B249;2025-05-31;-2.0;-26.98
99B1096E1978FE11128010650500D819;B0BDDED34CC83E11052F6792C000B249;2025-05-31;-2.0;-6.7
478786C6ACB04E1142D58A650500DB08;B0BDDED34CC83E11052F6792C000B249;2025-05-31;-6.0;-575.8
CB2D75043CB1EE114066106505001C4A;B0BDDED34CC83E11052F6792C000B249;2025-05-31;-2.0;-97.02
840431D5CCEEDE11406610650500884A;B0BDDED34CC83E11052F6792C000B249;2025-05-31;-2.0;-37.34
9CE313194FDD6E11B7B78A650500BC08;44673735EAF46E11B7B78A650500BC08;2025-05-31;-88.0;-2035.44
8542B3BA4FDD6E11B7B78A650500BC08;44673735EAF46E11B7B78A650500BC08;2025-05-31;-30.0;-729.9000000000001
112ADE5EAC456E11B7B78A650500BC08;44673735EAF46E11B7B78A650500BC08;2025-05-31;-4.0;-4810.84
3425B47BFD456E11B7B78A650500BC08;44673735EAF46E11B7B78A650500BC08;2025-05-31;-2.0;-410.0
E5DCF28329936E11B7B78A6505003C08;44673735EAF46E11B7B78A650500BC08;2025-05-31;-2.0;-1751.02
445BF3BE3C456E11B7B78A650500BC08;44673735EAF46E11B7B78A650500BC08;2025-05-31;-6.0;-724.2
8ABF40CB0E456E11B7B78A650500BC08;44673735EAF46E11B7B78A650500BC08;2025-05-31;-2.0;-614.02
7C05A256CC456E11B7B78A650500BC08;44673735EAF46E11B7B78A650500BC08;2025-05-31;-4.0;-489.98
AFAE76E2DC456E11B7B78A650500BC08;44673735EAF46E11B7B78A650500BC08;2025-05-31;-6.0;-672.36
64E3BB9B30556E11B7B78A650500BC08;44673735EAF46E11B7B78A650500BC08;2025-05-31;-2.0;-331.5
462352B9AC456E11B7B78A650500BC08;44673735EAF46E11B7B78A650500BC08;2025-05-31;-4.0;-598.92
27ADD8499D456E11B7B78A650500BC08;44673735EAF46E11B7B78A650500BC08;2025-05-31;-2.0;-177.24
EB2267EF3C456E11B7B78A650500BC08;44673735EAF46E11B7B78A650500BC08;2025-05-31;-6.0;-1054.8600000000001
D53DDEE17B4F6E11B7B78A650500CD08;44673735EAF46E11B7B78A650500BC08;2025-05-31;-240.0;-825.5999999999999
D0B239D0E9E07E11B7B78A650500CD08;44673735EAF46E11B7B78A650500BC08;2025-05-31;-2.0;-457.72
A79BADAE35AE4E1142D58A650500BC08;44673735EAF46E11B7B78A650500BC08;2025-05-31;-2.0;-99.8
E35BF3BE3C456E11B7B78A650500BC08;44673735EAF46E11B7B78A650500BC08;2025-05-31;-10.0;-1037.0
B77133724AE66E11B7B78A650500BC08;44673735EAF46E11B7B78A650500BC08;2025-05-31;-2.0;-225.56
C152830334627E11B7B78A650500CD08;44673735EAF46E11B7B78A650500BC08;2025-05-31;-2.0;-437.38
94156BEAA5EFCE11ADB3106505006AB8;44673735EAF46E11B7B78A650500BC08;2025-05-31;-4.0;-440.32
FBAFBB51D5867E11B7B78A650500ED08;44673735EAF46E11B7B78A650500BC08;2025-05-31;-4.0;-272.08
C3E221FF548FCE11ADB310650500D9B8;44673735EAF46E11B7B78A650500BC08;2025-05-31;-2.0;-1448.34
260C4726CC07BE118772106505004659;44673735EAF46E11B7B78A650500BC08;2025-05-31;-2.0;-87.04
AA5CA666BCADBE11877210650500BE59;44673735EAF46E11B7B78A650500BC08;2025-05-31;-2.0;-1963.74
06C36DACEF89BE118772106505007959;44673735EAF46E11B7B78A650500BC08;2025-05-31;-2.0;-240.0
A92A9D81CFC5EE1191EE1065050055B9;44673735EAF46E11B7B78A650500BC08;2025-05-31;-64.0;-1177.6
B9C3840F18363E11052F6792C000FF39;44673735EAF46E11B7B78A650500BC08;2025-05-31;-4.0;-359.56
717ADCE697B0FE1191EE10650500CAB9;44673735EAF46E11B7B78A650500BC08;2025-05-31;-10.0;-459.86
26228801D0993E11052F6792C000D249;44673735EAF46E11B7B78A650500BC08;2025-05-31;-4.0;-628.4
FD076A426D7DBE118772106505007E59;44673735EAF46E11B7B78A650500BC08;2025-05-31;-6.0;-780.0
44D042F6104FFE11F1557891FE695689;44673735EAF46E11B7B78A650500BC08;2025-05-31;-16.0;-1124.64
9F13657FCAD0FE1191EE10650500FAB9;44673735EAF46E11B7B78A650500BC08;2025-05-31;-2.0;-503.56
6511AA5961CAED11A62CD892C0003F2A;44673735EAF46E11B7B78A650500BC08;2025-05-31;-8.0;-824.12
DE0A23497C7BDE11406610650500F34A;44673735EAF46E11B7B78A650500BC08;2025-05-31;-8.0;-39.2
7357CADF84DDBE11877210650500EE59;44673735EAF46E11B7B78A650500BC08;2025-05-31;-2.0;-116.46
81CF5FCF20CAED11A62CD892C0003F2A;44673735EAF46E11B7B78A650500BC08;2025-05-31;-2.0;-124.0
14B48E443E3EDE11406610650500974A;44673735EAF46E11B7B78A650500BC08;2025-05-31;-2.0;-306.98
5C4E676623900F11F1557891FE690889;44673735EAF46E11B7B78A650500BC08;2025-05-31;-2.0;-496.0
471DFA9F73C5AE11BE2110650500484A;44673735EAF46E11B7B78A650500BC08;2025-05-31;-2.0;-306.28
9CC9CBD168400F11F1557891FE69A789;44673735EAF46E11B7B78A650500BC08;2025-05-31;-10.0;-142.0
57B15988074DFE11F1557891FE69D389;44673735EAF46E11B7B78A650500BC08;2025-05-31;-12.0;-4575.36
B7E486E473C2FE1191EE106505006DB9;44673735EAF46E11B7B78A650500BC08;2025-05-31;-2.0;-142.78
19CFC787787DAE11BE2110650500225A;44673735EAF46E11B7B78A650500BC08;2025-05-31;-2.0;-479.4
067E02AB926DAE11BE2110650500025A;44673735EAF46E11B7B78A650500BC08;2025-05-31;-4.0;-338.6
2B23E5EBF89DDE11406610650500B64A;44673735EAF46E11B7B78A650500BC08;2025-05-31;-4.0;-433.36
37AD7D7EE2DC9E11726010650500B94A;44673735EAF46E11B7B78A650500BC08;2025-05-31;-66.0;-1373.34
C2AF38F5A6F5AE11BE2110650500984A;44673735EAF46E11B7B78A650500BC08;2025-05-31;-2.0;-17.9
D43CECC63F12AE11726010650500805A;44673735EAF46E11B7B78A650500BC08;2025-05-31;-2.0;-212.24
C435634D7642EE11406610650500DC4A;44673735EAF46E11B7B78A650500BC08;2025-05-31;-2.0;-183.16
E3F716D859B1EE114066106505001C4A;44673735EAF46E11B7B78A650500BC08;2025-05-31;-6.0;-165.86
6FCB7A20F6197E110819BB65050009AA;44673735EAF46E11B7B78A650500BC08;2025-05-31;-4.0;-143.28
74137EBFE6197E110819BB65050009AA;44673735EAF46E11B7B78A650500BC08;2025-05-31;-2.0;-32.22
654595263F5F9E117260106505000D4A;44673735EAF46E11B7B78A650500BC08;2025-05-31;-6.0;-447.78
35137EBFE6197E110819BB65050009AA;44673735EAF46E11B7B78A650500BC08;2025-05-31;-4.0;-199.08
B2AD067E309DDE11406610650500A64A;44673735EAF46E11B7B78A650500BC08;2025-05-31;-2.0;-4140.0
2DAF77B03A0F9E117260106505009C4A;44673735EAF46E11B7B78A650500BC08;2025-05-31;-10.0;-537.9
0860A30F49F2FE1191EE10650500BDB9;44673735EAF46E11B7B78A650500BC08;2025-05-31;-4.0;-416.12
D11CCA92181BDE11406610650500634A;44673735EAF46E11B7B78A650500BC08;2025-05-31;-16.0;-419.94
E8A5854AE670BE11BE2110650500F55A;44673735EAF46E11B7B78A650500BC08;2025-05-31;-8.0;-1757.48
3DFC974FF1CF7E110819BB65050039AA;44673735EAF46E11B7B78A650500BC08;2025-05-31;-2.0;-111.0
498F2344C11A8E11F243BB650500304B;44673735EAF46E11B7B78A650500BC08;2025-05-31;-2.0;-291.36
4D8C77BF29AF7E110819BB65050039AA;44673735EAF46E11B7B78A650500BC08;2025-05-31;-2.0;-448.5
FD4235D98BA3BE11BE21106505000A5A;44673735EAF46E11B7B78A650500BC08;2025-05-31;-2.0;-102.28
9DF6A71D02238E117E64BB6505005BAA;44673735EAF46E11B7B78A650500BC08;2025-05-31;-16.0;-2080.0
BFC19C7C3CDDAE11BE2110650500A25A;44673735EAF46E11B7B78A650500BC08;2025-05-31;-2.0;-268.66
6319A4E2A84AAE11BE21106505001E4A;44673735EAF46E11B7B78A650500BC08;2025-05-31;-2.0;-243.94
32810D0D4ECF7E110819BB65050039AA;44673735EAF46E11B7B78A650500BC08;2025-05-31;-46.0;-12834.0
1A234B135CFD7E110819BB65050039AA;44673735EAF46E11B7B78A650500BC08;2025-05-31;-4.0;-442.0
3E6B6C983392BE11BE2110650500A85A;44673735EAF46E11B7B78A650500BC08;2025-05-31;-4.0;-396.92
2A15BDE8AAB6DE11C84610650500CE6A;44673735EAF46E11B7B78A650500BC08;2025-05-31;-2.0;-745.72
E81DD8F181E4EE11B1AD1065050078EA;44673735EAF46E11B7B78A650500BC08;2025-05-31;-2.0;-317.52
A618F6757505EE11B1AD10650500A8EA;44673735EAF46E11B7B78A650500BC08;2025-05-31;-40.0;-1916.0
14BD324B03078E11F243BB6505005C3B;44673735EAF46E11B7B78A650500BC08;2025-05-31;-2.0;-83.06
A81BAA01294A1E1143F0668E4200FBFB;44673735EAF46E11B7B78A650500BC08;2025-05-31;-8.0;-858.74
C6110C9E9E456E11B7B78A650500BC08;44673735EAF46E11B7B78A650500BC08;2025-05-31;-2.0;-13.18
E17067329C456E11B7B78A650500BC08;44673735EAF46E11B7B78A650500BC08;2025-05-31;-4.0;-34.28
82C73616F61E4E1142D58A650500BC08;44673735EAF46E11B7B78A650500BC08;2025-05-31;-6.0;-1001.4000000000001
A1F225C8F61E4E1142D58A650500BC08;44673735EAF46E11B7B78A650500BC08;2025-05-31;-6.0;-1001.4000000000001
A45AF0CF2D456E11B7B78A650500BC08;44673735EAF46E11B7B78A650500BC08;2025-05-31;-6.0;-195.42000000000002
227A9E7ADE456E11B7B78A650500BC08;44673735EAF46E11B7B78A650500BC08;2025-05-31;-8.0;-923.84
AE1B8A54FE456E11B7B78A650500BC08;44673735EAF46E11B7B78A650500BC08;2025-05-31;-6.0;-412.68
D9FA0E49AC456E11B7B78A650500BC08;44673735EAF46E11B7B78A650500BC08;2025-05-31;-4.0;-469.28
BB6490A6B60C4E1142D58A650500BC08;44673735EAF46E11B7B78A650500BC08;2025-05-31;-2.0;-157.0
042FBA0ACD456E11B7B78A650500BC08;44673735EAF46E11B7B78A650500BC08;2025-05-31;-2.0;-1306.0
9C30533744425E1142D58A650500DC08;44673735EAF46E11B7B78A650500BC08;2025-05-31;-4.0;-412.88
1A73D84040556E11B7B78A650500BC08;44673735EAF46E11B7B78A650500BC08;2025-05-31;-2.0;-1248.0
D65B363FB4DD6E11B7B78A650500BC08;44673735EAF46E11B7B78A650500BC08;2025-05-31;-2.0;-438.5
F79D163E88A05E1142D58A650500BC08;44673735EAF46E11B7B78A650500BC08;2025-05-31;-2.0;-1180.0
E8DEE6074C456E11B7B78A650500BC08;44673735EAF46E11B7B78A650500BC08;2025-05-31;-2.0;-304.12
FB36E028FFB47E11B7B78A650500ED08;44673735EAF46E11B7B78A650500BC08;2025-05-31;-4.0;-526.6
84F861EACED4DE11ADB31065050021C8;44673735EAF46E11B7B78A650500BC08;2025-05-31;-2.0;-82.8
9B042FCCDCD4DE11ADB31065050021C8;44673735EAF46E11B7B78A650500BC08;2025-05-31;-8.0;-866.72
C4349E308D456E11B7B78A650500BC08;44673735EAF46E11B7B78A650500BC08;2025-05-31;-4.0;-139.6
345902914575EE1191EE10650500D4B9;44673735EAF46E11B7B78A650500BC08;2025-05-31;-14.0;-280.0
2DCB3ACEDC410F11112A674AC7E21989;44673735EAF46E11B7B78A650500BC08;2025-05-31;-4.0;-536.0
19C3840F18363E11052F6792C000FF39;44673735EAF46E11B7B78A650500BC08;2025-05-31;-10.0;-608.8000000000001
D091D678C1047E11B7B78A650500DD08;44673735EAF46E11B7B78A650500BC08;2025-05-31;-2.0;-469.26
1CDB44B94F7FFE11F1557891FE69A689;44673735EAF46E11B7B78A650500BC08;2025-05-31;-22.0;-277.64
D9BEFA1E7A8DBE118772106505008E59;44673735EAF46E11B7B78A650500BC08;2025-05-31;-2.0;-328.16
4DC5DC01B3F2DE11ADB3106505009EB8;44673735EAF46E11B7B78A650500BC08;2025-05-31;-2.0;-336.0
96DED9DE90CAED11A62CD892C0003F2A;44673735EAF46E11B7B78A650500BC08;2025-05-31;-6.0;-400.74
44D3D4490FFEFE11F1557891FE690689;44673735EAF46E11B7B78A650500BC08;2025-05-31;-2.0;-417.22
5ECE8753F0CAED11A62CD892C0003F2A;44673735EAF46E11B7B78A650500BC08;2025-05-31;-2.0;-536.3
B22D072F390FEE1191EE1065050029B9;44673735EAF46E11B7B78A650500BC08;2025-05-31;-4.0;-62.64
66A4282003B6FE1191EE1065050092C9;44673735EAF46E11B7B78A650500BC08;2025-05-31;-2.0;-536.44
172B22D501CAED11A62CD892C0003F2A;44673735EAF46E11B7B78A650500BC08;2025-05-31;-2.0;-226.92
8C66A4EA060ADE11406610650500F14A;44673735EAF46E11B7B78A650500BC08;2025-05-31;-4.0;-71.9
5B975A6AD18ADE11406610650500924A;44673735EAF46E11B7B78A650500BC08;2025-05-31;-2.0;-527.2
3DBC33DEE08ADE11406610650500924A;44673735EAF46E11B7B78A650500BC08;2025-05-31;-8.0;-2880.6
D583A1D000E7EE1191EE10650500A7B9;44673735EAF46E11B7B78A650500BC08;2025-05-31;-2.0;-27.06
02B6A2D0D2A7FE1191EE10650500D3C9;44673735EAF46E11B7B78A650500BC08;2025-05-31;-2.0;-619.2
FA6562D6E770BE11BE2110650500F55A;44673735EAF46E11B7B78A650500BC08;2025-05-31;-4.0;-51.84
FA9AF0760B9E9E117260106505000C4A;44673735EAF46E11B7B78A650500BC08;2025-05-31;-2.0;-146.3
D5EE245014D9DE11406610650500B14A;44673735EAF46E11B7B78A650500BC08;2025-05-31;-14.0;-117.76
9F6541330EBD7E110819BB65050039AA;44673735EAF46E11B7B78A650500BC08;2025-05-31;-2.0;-19.6
E480DA1A57C5BE11BE2110650500BC5A;44673735EAF46E11B7B78A650500BC08;2025-05-31;-4.0;-275.6
7CBDF248DC197E110819BB65050009AA;44673735EAF46E11B7B78A650500BC08;2025-05-31;-12.0;-1078.68
DCC348B90F36AE11BE2110650500F84A;44673735EAF46E11B7B78A650500BC08;2025-05-31;-2.0;-445.46
7E57F14CAEA6DE11C84610650500BE6A;44673735EAF46E11B7B78A650500BC08;2025-05-31;-22.0;-5808.0
F26E43481B6BAE11BE21106505008F4A;44673735EAF46E11B7B78A650500BC08;2025-05-31;-2.0;-363.6
411BDB13721A8E11F243BB650500304B;44673735EAF46E11B7B78A650500BC08;2025-05-31;-2.0;-143.64
4FFF79F2D5DB7E110819BB65050039AA;44673735EAF46E11B7B78A650500BC08;2025-05-31;-4.0;-893.68
C6A7CC16C422BE11BE2110650500185A;44673735EAF46E11B7B78A650500BC08;2025-05-31;-2.0;-540.2
CA60599181E4EE11B1AD1065050078EA;44673735EAF46E11B7B78A650500BC08;2025-05-31;-2.0;-324.0
73D303CC45CF8E11F243BB650500084B;44673735EAF46E11B7B78A650500BC08;2025-05-31;-2.0;-42.42
B3BD324B03078E11F243BB6505005C3B;44673735EAF46E11B7B78A650500BC08;2025-05-31;-2.0;-72.38
DC577F655AE66E11B7B78A650500BC08;44673735EAF46E11B7B78A650500BC08;2025-05-31;-2.0;-60.8
078407E9CB456E11B7B78A650500BC08;44673735EAF46E11B7B78A650500BC08;2025-05-31;-4.0;-34.94
086EDC4E3C456E11B7B78A650500BC08;44673735EAF46E11B7B78A650500BC08;2025-05-31;-4.0;-292.42
B58EBDFA1D456E11B7B78A650500BC08;44673735EAF46E11B7B78A650500BC08;2025-05-31;-10.0;-19200.0
2DECC5295BDB6E11B7B78A650500BC08;44673735EAF46E11B7B78A650500BC08;2025-05-31;-6.0;-2036.52
7C2E5119AF456E11B7B78A650500BC08;44673735EAF46E11B7B78A650500BC08;2025-05-31;-20.0;-3464.8
84BC032AFCFF6E11B7B78A650500CD08;44673735EAF46E11B7B78A650500BC08;2025-05-31;-2.0;-774.86
F906F2FAFEA57E11B7B78A650500ED08;44673735EAF46E11B7B78A650500BC08;2025-05-31;-4.0;-132.24
4EADFCF7E8A47E11B7B78A650500ED08;44673735EAF46E11B7B78A650500BC08;2025-05-31;-2.0;-165.88
435C276DAF456E11B7B78A650500BC08;44673735EAF46E11B7B78A650500BC08;2025-05-31;-6.0;-1835.34
FD7DF07EF356DE11ADB31065050003C8;44673735EAF46E11B7B78A650500BC08;2025-05-31;-4.0;-108.0
6396BB8EEB0AFE11128010650500E819;44673735EAF46E11B7B78A650500BC08;2025-05-31;-2.0;-91.4
73326194F9D2DE11ADB3106505007EB8;44673735EAF46E11B7B78A650500BC08;2025-05-31;-4.0;-988.0
BE6FB9B5BB363E11052F6792C000FF39;44673735EAF46E11B7B78A650500BC08;2025-05-31;-2.0;-108.16
6736CF6B811FCE11ADB31065050029B8;44673735EAF46E11B7B78A650500BC08;2025-05-31;-2.0;-475.82
D48930DBBD1EFE11F1557891FE69E489;44673735EAF46E11B7B78A650500BC08;2025-05-31;-2.0;-627.14
7633EB04AA4FFE11F1557891FE696689;44673735EAF46E11B7B78A650500BC08;2025-05-31;-2.0;-102.64
E655D3753195EE1191EE1065050005B9;44673735EAF46E11B7B78A650500BC08;2025-05-31;-2.0;-1030.0
CEB0EF80D5D61E1143F0668E4200EE89;44673735EAF46E11B7B78A650500BC08;2025-05-31;-2.0;-1430.0
BE044D3564B8FE11128010650500D819;44673735EAF46E11B7B78A650500BC08;2025-05-31;-2.0;-300.0
71FA764BBC3ABE118772106505005A59;44673735EAF46E11B7B78A650500BC08;2025-05-31;-8.0;-3486.96
18F6CF7F2C07BE118772106505004659;44673735EAF46E11B7B78A650500BC08;2025-05-31;-2.0;-100.36
FB724E8DAD0BDE11406610650500534A;44673735EAF46E11B7B78A650500BC08;2025-05-31;-2.0;-831.88
F03CDE7623900F11F1557891FE690889;44673735EAF46E11B7B78A650500BC08;2025-05-31;-2.0;-640.0
123542F2DF61EE11406610650500BB4A;44673735EAF46E11B7B78A650500BC08;2025-05-31;-2.0;-661.98
755CE9CF1016FE1191EE10650500C1C9;44673735EAF46E11B7B78A650500BC08;2025-05-31;-2.0;-694.18
26C7703F6EEAAE11BE2110650500EE4A;44673735EAF46E11B7B78A650500BC08;2025-05-31;-8.0;-139.28
97AF62FCF234FE1191EE106505005FB9;44673735EAF46E11B7B78A650500BC08;2025-05-31;-2.0;-12421.4
1232F8B3A7029E11554010650500FA3B;44673735EAF46E11B7B78A650500BC08;2025-05-31;-2.0;-2220.0
CA04947C8BB1AE11726010650500005A;44673735EAF46E11B7B78A650500BC08;2025-05-31;-2.0;-579.4
D106DE105D35BE11BE21106505000C5A;44673735EAF46E11B7B78A650500BC08;2025-05-31;-2.0;-671.5
BD312392E9D28E113835BB6505001BAA;44673735EAF46E11B7B78A650500BC08;2025-05-31;-2.0;-877.44
A690283020679E11554010650500F14B;44673735EAF46E11B7B78A650500BC08;2025-05-31;-2.0;-160.58
625F424763039E115540106505004C3B;44673735EAF46E11B7B78A650500BC08;2025-05-31;-2.0;-211.78
9A6B84CED87C8E11F243BB650500A34B;44673735EAF46E11B7B78A650500BC08;2025-05-31;-4.0;-454.98
11813C136DCF8E11F243BB650500184B;44673735EAF46E11B7B78A650500BC08;2025-05-31;-2.0;-361.2
2AD3D2D057639E11554010650500CC3B;44673735EAF46E11B7B78A650500BC08;2025-05-31;-2.0;-20.0
43F6D761D0CF3E11F7F68A650500DB08;44673735EAF46E11B7B78A650500BC08;2025-05-31;-16.0;-1153.6
73356D0E4D456E11B7B78A650500BC08;44673735EAF46E11B7B78A650500BC08;2025-05-31;-2.0;-679.68
4FC36EBFE73BBE118772106505009B59;44673735EAF46E11B7B78A650500BC08;2025-05-31;-2.0;-1120.0
86B48E443E3EDE11406610650500974A;44673735EAF46E11B7B78A650500BC08;2025-05-31;-4.0;-576.56
CDDC371F46CCDE11406610650500A54A;44673735EAF46E11B7B78A650500BC08;2025-05-31;-2.0;-113.96
02BFBFF5F0DCDE11406610650500B54A;44673735EAF46E11B7B78A650500BC08;2025-05-31;-14.0;-474.6
967E02AB926DAE11BE2110650500025A;44673735EAF46E11B7B78A650500BC08;2025-05-31;-2.0;-200.58
55582DFEB655BE11BE21106505002C5A;44673735EAF46E11B7B78A650500BC08;2025-05-31;-4.0;-775.72
8504885023DB8E11F243BB650500724B;44673735EAF46E11B7B78A650500BC08;2025-05-31;-2.0;-163.82
2D8503F7B9A93E11052F6792C000D249;FC081C55582CED11A62CD892C0003F2A;2025-05-31;-2.0;-168.94
DAF8D2394D42DE11ADB310650500CDB8;FC081C55582CED11A62CD892C0003F2A;2025-05-31;-2.0;-821.4
D00CFC5A3F765E1142D58A650500DC08;FC081C55582CED11A62CD892C0003F2A;2025-05-31;-2.0;-861.0
11D819871F9DEE1191EE1065050029B9;FC081C55582CED11A62CD892C0003F2A;2025-05-31;-2.0;-232.72
647D9E0C675EEE1191EE1065050029B9;FC081C55582CED11A62CD892C0003F2A;2025-05-31;-2.0;-656.82
54BD56657E85DE11ADB31065050002C8;FC081C55582CED11A62CD892C0003F2A;2025-05-31;-2.0;-261.66
97B6EB4951CAED11A62CD892C0003F2A;FC081C55582CED11A62CD892C0003F2A;2025-05-31;-2.0;-524.4
158E415F89DDCE11ADB31065050097B8;FC081C55582CED11A62CD892C0003F2A;2025-05-31;-2.0;-79.62
5F451E5A6340FE1191EE106505003AB9;FC081C55582CED11A62CD892C0003F2A;2025-05-31;-2.0;-235.46
DDF5EBC551CAED11A62CD892C0003F2A;FC081C55582CED11A62CD892C0003F2A;2025-05-31;-2.0;-421.18
9272737CCE80FE1191EE106505009AB9;FC081C55582CED11A62CD892C0003F2A;2025-05-31;-2.0;-383.66
43DED8188BA7DE11C84610650500FF6A;FC081C55582CED11A62CD892C0003F2A;2025-05-31;-4.0;-2094.2
70A650B9EACB8E11F243BB650500624B;44673735EAF46E11B7B78A650500BC08;2025-05-31;0.0;0.0
6975FFA380A49E115540106505006E3B;44673735EAF46E11B7B78A650500BC08;2025-05-31;0.0;4.547473508864641e-13
7F6FE70180A49E115540106505006E3B;44673735EAF46E11B7B78A650500BC08;2025-05-31;0.0;0.0
A20EF28D8F7CBE118772106505003D59;44673735EAF46E11B7B78A650500BC08;2025-05-31;0.0;0.0
7BC0431806D9FE11128010650500E819;44673735EAF46E11B7B78A650500BC08;2025-05-31;0.0;0.0
CD1D6F7699A9CE11ADB310650500E1B8;44673735EAF46E11B7B78A650500BC08;2025-05-31;0.0;0.0
57449BD184EBDE11406610650500744A;44673735EAF46E11B7B78A650500BC08;2025-05-31;0.0;0.0
D6C98B348758DE11C84610650500D07A;44673735EAF46E11B7B78A650500BC08;2025-05-31;-14.0;-26029.04
83F61D722CC46E11B7B78A650500BC08;FC081C55582CED11A62CD892C0003F2A;2025-05-31;-4.0;-393.8
FE1C425E9471BE11BE2110650500375A;FC081C55582CED11A62CD892C0003F2A;2025-05-31;-2.0;-1484.44
BC0D7973027ABE118772106505009A59;FC081C55582CED11A62CD892C0003F2A;2025-05-31;-2.0;-1654.02
929DCC42456DCE11ADB310650500F6B8;FC081C55582CED11A62CD892C0003F2A;2025-05-31;-2.0;-1654.02
513B62FBC47D8E11F243BB650500154B;FC081C55582CED11A62CD892C0003F2A;2025-05-31;-2.0;-267.64
C4AEA4E0A815FD110DC22A92C0009D7B;FC081C55582CED11A62CD892C0003F2A;2025-05-31;-2.0;-272.34
00C3C85F1D456E11B7B78A650500BC08;44673735EAF46E11B7B78A650500BC08;2025-05-31;-2.0;-4374.0
4AAC77918754EE11B1AD10650500C7EA;44673735EAF46E11B7B78A650500BC08;2025-05-31;-4.0;-1493.88
BFA9EB6D94688E11F243BB6505001E3B;44673735EAF46E11B7B78A650500BC08;2025-05-31;0.0;0.0
28A3CCA43101AE117260106505001F4A;B0BDDED34CC83E11052F6792C000B249;2025-05-31;0.0;-5.779999999999973
1504885023DB8E11F243BB650500724B;44673735EAF46E11B7B78A650500BC08;2025-05-31;-60.0;-2466.44
0D2659A7CD769E11554010650500D04B;44673735EAF46E11B7B78A650500BC08;2025-05-31;-16.0;-1625.3200000000002
8C1CBAB767B8FE11128010650500D819;44673735EAF46E11B7B78A650500BC08;2025-05-31;-4.0;-62361.58
F4A233B9B6F3BE11BE21106505006A5A;44673735EAF46E11B7B78A650500BC08;2025-05-31;-2.0;-61.46
1828C2E3821A8E11F243BB650500304B;44673735EAF46E11B7B78A650500BC08;2025-05-31;0.0;0.0
25EACAAFEA387E110819BB65050009AA;FC081C55582CED11A62CD892C0003F2A;2025-05-31;10.0;517.76
4D924FD456938E113835BB6505001CAA;FC081C55582CED11A62CD892C0003F2A;2025-05-31;32.0;3239.46
530CDCE691CAED11A62CD892C0003F2A;FC081C55582CED11A62CD892C0003F2A;2025-05-31;6.0;674.24
E176C72BC83C7E110819BB65050039AA;FC081C55582CED11A62CD892C0003F2A;2025-05-31;6.0;1092.1
23D21114A2B10F114EF7A826072BA989;FC081C55582CED11A62CD892C0003F2A;2025-05-31;4.0;6325.92
C2C8F81C7578FE11128010650500D819;44673735EAF46E11B7B78A650500BC08;2025-05-31;20.0;1714.04
3E77D9F00A610F11112A674AC7E23989;FC081C55582CED11A62CD892C0003F2A;2025-05-31;100.0;2489.08
CDA3E09D9D0CFE111280106505000919;B0BDDED34CC83E11052F6792C000B249;2025-05-31;16.0;5591.16
7F52CAD52A411E1143F0668E42008C3B;B0BDDED34CC83E11052F6792C000B249;2025-05-31;8.0;1790.18
AA5C920702C25E1142D58A650500DC08;FC081C55582CED11A62CD892C0003F2A;2025-05-31;40.0;12368.6
D8B6D2492EDFFD11A4A96492C0001019;FC081C55582CED11A62CD892C0003F2A;2025-05-31;16.0;3983.54
59A7F136D265BE11BE21106505003C5A;B0BDDED34CC83E11052F6792C000B249;2025-05-31;10.0;2020.84
F34EC53C3175CE11ADB3106505003DA8;FC081C55582CED11A62CD892C0003F2A;2025-05-31;4.0;813.4
E1EC35BE73530F114EF7A826072BBB89;44673735EAF46E11B7B78A650500BC08;2025-05-31;400.0;17583.78
900828B3BB300F11F1557891FE699789;44673735EAF46E11B7B78A650500BC08;2025-05-31;8.0;852.88
F4759C2A10556E11B7B78A650500BC08;44673735EAF46E11B7B78A650500BC08;2025-05-31;6.0;1698.22
B01142C8008CBE118772106505003D59;44673735EAF46E11B7B78A650500BC08;2025-05-31;4.0;1568.16
F9FD29B141248E113835BB6505009CAA;44673735EAF46E11B7B78A650500BC08;2025-05-31;248.0;4563.2
8346106C17976E11B7B78A650500BC08;FC081C55582CED11A62CD892C0003F2A;2025-05-31;-4.0;-411.48
0AE46024DFE34E1142D58A6505002C08;FC081C55582CED11A62CD892C0003F2A;2025-05-31;-2.0;-78.68
B8FF709580CE6E11B7B78A6505008D08;FC081C55582CED11A62CD892C0003F2A;2025-05-31;-10.0;-200.94
60932734301ACE11ADB31065050062B8;FC081C55582CED11A62CD892C0003F2A;2025-05-31;-10.0;-2472.0
0B22BDA7A11B6E11B7B78A650500BC08;FC081C55582CED11A62CD892C0003F2A;2025-05-31;-4.0;-362.0
7DB046E8C0917E11B7B78A650500CD08;FC081C55582CED11A62CD892C0003F2A;2025-05-31;-2.0;-610.02
986CE14644425E1142D58A650500DC08;FC081C55582CED11A62CD892C0003F2A;2025-05-31;-4.0;-412.88
EF226FECFB6ECE11ADB31065050058B8;FC081C55582CED11A62CD892C0003F2A;2025-05-31;-2.0;-842.9
4E98CB4091663E11052F6792C000FF39;FC081C55582CED11A62CD892C0003F2A;2025-05-31;-2.0;-326.58
46EBB8246B34DE11ADB31065050050C8;FC081C55582CED11A62CD892C0003F2A;2025-05-31;-6.0;-511.43999999999994
87B995D2BC1EFE11F1557891FE69E489;FC081C55582CED11A62CD892C0003F2A;2025-05-31;-6.0;-537.0
CA3767F7E04EFE11F1557891FE691589;FC081C55582CED11A62CD892C0003F2A;2025-05-31;-2.0;-877.5
CE6A15CC6F06BE118772106505000559;FC081C55582CED11A62CD892C0003F2A;2025-05-31;-2.0;-277.82
B2513AE95AC75E1142D58A650500DC08;FC081C55582CED11A62CD892C0003F2A;2025-05-31;-2.0;-281.94
01EABA6673C5EE1191EE1065050045B9;FC081C55582CED11A62CD892C0003F2A;2025-05-31;-2.0;-216.66
144A9111FC1EFE11F1557891FE69E489;FC081C55582CED11A62CD892C0003F2A;2025-05-31;-4.0;-256.32
77F128161AE00F11112A674AC7E29889;FC081C55582CED11A62CD892C0003F2A;2025-05-31;-6.0;-89.16
84A6BE7EF77EFE11F1557891FE695589;FC081C55582CED11A62CD892C0003F2A;2025-05-31;-6.0;-246.66
80B46476DED4DE11ADB31065050021C8;FC081C55582CED11A62CD892C0003F2A;2025-05-31;-2.0;-329.4
A457057FED71FE1191EE10650500CBB9;FC081C55582CED11A62CD892C0003F2A;2025-05-31;-2.0;-715.84
647732FC5CFFFE11F1557891FE694789;FC081C55582CED11A62CD892C0003F2A;2025-05-31;-4.0;-176.0
9FDA14911253FE1191EE106505002EB9;FC081C55582CED11A62CD892C0003F2A;2025-05-31;-2.0;-73.46
EB3BDB0D222DFE11F1557891FE69A389;FC081C55582CED11A62CD892C0003F2A;2025-05-31;-2.0;-122.42
602F795CD0CAED11A62CD892C0003F2A;FC081C55582CED11A62CD892C0003F2A;2025-05-31;-2.0;-550.6
7BC72737F076EE1191EE1065050026B9;FC081C55582CED11A62CD892C0003F2A;2025-05-31;-2.0;-103.26
EE990BED90CAED11A62CD892C0003F2A;FC081C55582CED11A62CD892C0003F2A;2025-05-31;-12.0;-2160.0
647785D8D0CAED11A62CD892C0003F2A;FC081C55582CED11A62CD892C0003F2A;2025-05-31;-4.0;-344.4
7D42E0661B23FE1191EE10650500FDB9;FC081C55582CED11A62CD892C0003F2A;2025-05-31;-2.0;-122.48
91917AB011CAED11A62CD892C0003F2A;FC081C55582CED11A62CD892C0003F2A;2025-05-31;-2.0;-476.18
1509315170EFFE11F1557891FE692789;FC081C55582CED11A62CD892C0003F2A;2025-05-31;-4.0;-352.0
220E600801CAED11A62CD892C0003F2A;FC081C55582CED11A62CD892C0003F2A;2025-05-31;-2.0;-610.02
0FF0E8C55907FE1191EE1065050013C9;FC081C55582CED11A62CD892C0003F2A;2025-05-31;-4.0;-277.0
AAFD5840CA187E110819BB65050009AA;FC081C55582CED11A62CD892C0003F2A;2025-05-31;-2.0;-174.5
B65A9DB8256EEE1191EE1065050029B9;FC081C55582CED11A62CD892C0003F2A;2025-05-31;-2.0;-176.0
DF10F07564878E11F243BB650500FC3B;FC081C55582CED11A62CD892C0003F2A;2025-05-31;-4.0;-732.0
D8AC45003C6CDE11406610650500354A;FC081C55582CED11A62CD892C0003F2A;2025-05-31;-2.0;-177.22
AD814C324663EE11B1AD1065050096EA;FC081C55582CED11A62CD892C0003F2A;2025-05-31;-4.0;-913.8600000000001
5D315AAD9222AE11726010650500805A;FC081C55582CED11A62CD892C0003F2A;2025-05-31;-4.0;-452.65999999999997
26D9EEDF998FDE11406610650500494A;FC081C55582CED11A62CD892C0003F2A;2025-05-31;-2.0;-2546.2
DDE9919AAF36FE1191EE1065050002C9;FC081C55582CED11A62CD892C0003F2A;2025-05-31;-2.0;-17.62
69318F3ADE059E115540106505000F3B;FC081C55582CED11A62CD892C0003F2A;2025-05-31;-2.0;-357.62
78AB4C8642DB8E11F243BB650500724B;FC081C55582CED11A62CD892C0003F2A;2025-05-31;-4.0;-2360.12
D1E9E804E1CBBE118772106505004C59;FC081C55582CED11A62CD892C0003F2A;2025-05-31;-2.0;-68.3
F7EC27663D6ECE11ADB31065050058B8;FC081C55582CED11A62CD892C0003F2A;2025-05-31;-2.0;-123.2
DE7EC2ADD4C67E11B7B78A650500ED08;FC081C55582CED11A62CD892C0003F2A;2025-05-31;-2.0;-84.24
E1F8EAEC22C67E11B7B78A650500ED08;FC081C55582CED11A62CD892C0003F2A;2025-05-31;-2.0;-64.42
48F951C00C1B9E115250106505004C4A;FC081C55582CED11A62CD892C0003F2A;2025-05-31;-2.0;-158.0
60669C36F3800F11F1557891FE69F789;FC081C55582CED11A62CD892C0003F2A;2025-05-31;-10.0;-61.96
2B55AE4F19ADDE11406610650500C64A;FC081C55582CED11A62CD892C0003F2A;2025-05-31;-2.0;-126.5
BB51995E8C4ECE11ADB31065050028B8;FC081C55582CED11A62CD892C0003F2A;2025-05-31;-2.0;-59.78
6A02328D2377BE11877210650500C659;FC081C55582CED11A62CD892C0003F2A;2025-05-31;-2.0;-67.84
F2EA0AAA0071EE11406610650500BB4A;FC081C55582CED11A62CD892C0003F2A;2025-05-31;-2.0;-61.22
1A9C6B9FBE64AE11726010650500735A;FC081C55582CED11A62CD892C0003F2A;2025-05-31;-12.0;-73.18
77C713B23364EE11B1AD10650500D7EA;FC081C55582CED11A62CD892C0003F2A;2025-05-31;-4.0;-181.88
181CD867763EAE11BE2110650500135A;FC081C55582CED11A62CD892C0003F2A;2025-05-31;-2.0;-36.26
5770DB929813EE11B1AD1065050036EA;FC081C55582CED11A62CD892C0003F2A;2025-05-31;-4.0;-347.16
D7FAB12DDF30EE114066106505003A4A;FC081C55582CED11A62CD892C0003F2A;2025-05-31;-2.0;-52.36
361334F48BAC8E11F243BB650500E34B;FC081C55582CED11A62CD892C0003F2A;2025-05-31;-2.0;-147.32
73F55FEA3974EE11B1AD10650500F7EA;FC081C55582CED11A62CD892C0003F2A;2025-05-31;-2.0;-48.0
F0C2BFEC1CBE8E11F243BB650500B64B;FC081C55582CED11A62CD892C0003F2A;2025-05-31;574.0;5375.0199999999995
858395229A785E1142D58A650500DC08;FC081C55582CED11A62CD892C0003F2A;2025-05-31;-2.0;-231.38
1D175C45E80A6E11B7B78A650500BC08;FC081C55582CED11A62CD892C0003F2A;2025-05-31;-2.0;-181.22
22C3A23C136BCE11ADB31065050034B8;FC081C55582CED11A62CD892C0003F2A;2025-05-31;-10.0;-420.4
7CF74A7B0321DE11ADB3106505003CB8;FC081C55582CED11A62CD892C0003F2A;2025-05-31;-6.0;-198.0
C7B55F3D708F3E11F7F68A650500DB08;FC081C55582CED11A62CD892C0003F2A;2025-05-31;-4.0;-308.1
16B7C3B4BDCFCE11ADB3106505003AB8;FC081C55582CED11A62CD892C0003F2A;2025-05-31;-10.0;-348.34
BD84EB1C9B98FE11128010650500D819;FC081C55582CED11A62CD892C0003F2A;2025-05-31;-2.0;-80.58
F3A43B996382DE11ADB3106505000EB8;FC081C55582CED11A62CD892C0003F2A;2025-05-31;-2.0;-817.6
F8B104769CE3DE11ADB310650500DFB8;FC081C55582CED11A62CD892C0003F2A;2025-05-31;-2.0;-210.32
2FB5E1BA3623DE11ADB310650500DEB8;FC081C55582CED11A62CD892C0003F2A;2025-05-31;-2.0;-162.58
0FFAF510F76DCE11ADB310650500F6B8;FC081C55582CED11A62CD892C0003F2A;2025-05-31;-2.0;-204.06
6945EB1C9B98FE11128010650500D819;FC081C55582CED11A62CD892C0003F2A;2025-05-31;-2.0;-163.84
0554CD751EE5CE11ADB3106505006DA8;FC081C55582CED11A62CD892C0003F2A;2025-05-31;-2.0;-341.76
78F97DAEC12AFE11128010650500E819;FC081C55582CED11A62CD892C0003F2A;2025-05-31;-2.0;-719.74
725507826D89FE11128010650500E819;FC081C55582CED11A62CD892C0003F2A;2025-05-31;-2.0;-506.24
ED20BEB6104FFE11F1557891FE695689;FC081C55582CED11A62CD892C0003F2A;2025-05-31;-2.0;-24.36
4DA5E4036085FD110DC22A92C000D158;FC081C55582CED11A62CD892C0003F2A;2025-05-31;-2.0;-214.68
5C56BD4CDA07BE118772106505004659;FC081C55582CED11A62CD892C0003F2A;2025-05-31;-2.0;-763.58
64369B48E13DBE118772106505001E59;FC081C55582CED11A62CD892C0003F2A;2025-05-31;-4.0;-1369.44
7633EB04AA4FFE11F1557891FE696689;FC081C55582CED11A62CD892C0003F2A;2025-05-31;-10.0;-570.2
DBDE455281082E11052F6792C0007F39;FC081C55582CED11A62CD892C0003F2A;2025-05-31;-2.0;-1046.74
3708397C4032FE1191EE10650500ACB9;FC081C55582CED11A62CD892C0003F2A;2025-05-31;-2.0;-91.94
C3F1950C86730F1158A3BB3DBE8EEB89;FC081C55582CED11A62CD892C0003F2A;2025-05-31;-6.0;-630.0
D23DB89C1A5FFE11F1557891FE697689;FC081C55582CED11A62CD892C0003F2A;2025-05-31;-2.0;-178.16
02E92A6A7439BE118772106505000959;FC081C55582CED11A62CD892C0003F2A;2025-05-31;-2.0;-210.5
48CA99E9932FFE11F1557891FE693689;FC081C55582CED11A62CD892C0003F2A;2025-05-31;-2.0;-1626.1
C6C823FA8D410F11112A674AC7E21989;FC081C55582CED11A62CD892C0003F2A;2025-05-31;-12.0;-733.2
F72B22D501CAED11A62CD892C0003F2A;FC081C55582CED11A62CD892C0003F2A;2025-05-31;-2.0;-250.42
B5B177B82642FE1191EE10650500CCB9;FC081C55582CED11A62CD892C0003F2A;2025-05-31;-2.0;-1691.2
17D0FAA95A530E11A4A96492C00008E9;FC081C55582CED11A62CD892C0003F2A;2025-05-31;-2.0;-345.34
6334CE20180AEE1191EE1065050009B9;FC081C55582CED11A62CD892C0003F2A;2025-05-31;-2.0;-53.68
6EA292756D44FE1191EE106505007FB9;FC081C55582CED11A62CD892C0003F2A;2025-05-31;-2.0;-1412.0
C759B6028D7DED11A62CD892C0003F2A;FC081C55582CED11A62CD892C0003F2A;2025-05-31;-2.0;-160.8
41B6EB4951CAED11A62CD892C0003F2A;FC081C55582CED11A62CD892C0003F2A;2025-05-31;-2.0;-587.44
858A6214EC430E11A4A96492C00008E9;FC081C55582CED11A62CD892C0003F2A;2025-05-31;-2.0;-520.78
37BE3F5ECB23FE1191EE10650500FDB9;FC081C55582CED11A62CD892C0003F2A;2025-05-31;-4.0;-404.4
9E4D455DE0CAED11A62CD892C0003F2A;FC081C55582CED11A62CD892C0003F2A;2025-05-31;-4.0;-574.12
62AE4246B7A0EE11406610650500BA4A;FC081C55582CED11A62CD892C0003F2A;2025-05-31;-2.0;-170.2
5F09AA3111CAED11A62CD892C0003F2A;FC081C55582CED11A62CD892C0003F2A;2025-05-31;-4.0;-1718.32
F2EEFCBB059BDE11406610650500144A;FC081C55582CED11A62CD892C0003F2A;2025-05-31;-2.0;-169.98
252E7707F2CAED11A62CD892C0003F2A;FC081C55582CED11A62CD892C0003F2A;2025-05-31;-2.0;-313.42
19B4B3B353D99E11525010650500AA4A;FC081C55582CED11A62CD892C0003F2A;2025-05-31;-2.0;-1406.14
80AA0C81D3C89E11525010650500394A;FC081C55582CED11A62CD892C0003F2A;2025-05-31;-2.0;-994.92
8A9FD8FFCCEEDE11406610650500884A;FC081C55582CED11A62CD892C0003F2A;2025-05-31;-4.0;-53.04
AADD71CEB98C9E11726010650500594A;FC081C55582CED11A62CD892C0003F2A;2025-05-31;-2.0;-300.0
2303D4386BCEAE11BE2110650500D35A;FC081C55582CED11A62CD892C0003F2A;2025-05-31;-2.0;-736.0
E2C4FF2E22C18E111E1BBB65050099AA;FC081C55582CED11A62CD892C0003F2A;2025-05-31;-2.0;-368.54
E6A530BC6711AE117260106505003F4A;FC081C55582CED11A62CD892C0003F2A;2025-05-31;-2.0;-701.3
0DE2A748A735EE11B1AD10650500F8EA;FC081C55582CED11A62CD892C0003F2A;2025-05-31;-2.0;-826.56
ED5552380502EE114066106505008C4A;FC081C55582CED11A62CD892C0003F2A;2025-05-31;-2.0;-443.9
410D23F994628E111E1BBB6505007AAA;FC081C55582CED11A62CD892C0003F2A;2025-05-31;-2.0;-329.18
395A5284F203EE11B1AD1065050016EA;FC081C55582CED11A62CD892C0003F2A;2025-05-31;-2.0;-259.2
67E8E5A1EDF39E115540106505008D3B;FC081C55582CED11A62CD892C0003F2A;2025-05-31;-4.0;-173.66
647B55A4657EAE11BE2110650500635A;FC081C55582CED11A62CD892C0003F2A;2025-05-31;-2.0;-373.66
A81BAA01294A1E1143F0668E4200FBFB;FC081C55582CED11A62CD892C0003F2A;2025-05-31;-8.0;-858.72
81AC945FF5DF1E1143F0668E4200B37A;FC081C55582CED11A62CD892C0003F2A;2025-05-31;-2.0;-186.06
068C88AF803D7E110819BB65050039AA;FC081C55582CED11A62CD892C0003F2A;2025-05-31;-2.0;-22.9
A50AD4969DA11E1143F0668E42008C3B;FC081C55582CED11A62CD892C0003F2A;2025-05-31;-2.0;-2310.92
C7BFEBC5BDB91E1143F0668E42006B8B;FC081C55582CED11A62CD892C0003F2A;2025-05-31;-2.0;-192.06
1E89EE80492E6E11B7B78A6505003D08;FC081C55582CED11A62CD892C0003F2A;2025-05-31;-2.0;-1905.62
3E07CDA152FD4E1142D58A650500BC08;FC081C55582CED11A62CD892C0003F2A;2025-05-31;-4.0;-817.36
28FAC9366C6D6E11B7B78A650500BC08;FC081C55582CED11A62CD892C0003F2A;2025-05-31;-2.0;-773.38
D036D81364FF4E1142D58A650500BC08;FC081C55582CED11A62CD892C0003F2A;2025-05-31;-2.0;-67.12
5FBC3D8B0F7E4E1142D58A650500BC08;FC081C55582CED11A62CD892C0003F2A;2025-05-31;-2.0;-1273.78
9A7725F9B1E0DE11ADB310650500DBB8;FC081C55582CED11A62CD892C0003F2A;2025-05-31;-4.0;-449.6
0ED4E02A4A7D5E1142D58A6505002D08;FC081C55582CED11A62CD892C0003F2A;2025-05-31;-2.0;-248.08
AA9B24B7235CCE11ADB31065050085B8;FC081C55582CED11A62CD892C0003F2A;2025-05-31;-2.0;-471.92
9C7A9111FC1EFE11F1557891FE69E489;FC081C55582CED11A62CD892C0003F2A;2025-05-31;-2.0;-130.0
EBC4EB1C9B98FE11128010650500D819;FC081C55582CED11A62CD892C0003F2A;2025-05-31;-2.0;-160.06
410B9617104FFE11F1557891FE695689;FC081C55582CED11A62CD892C0003F2A;2025-05-31;-2.0;-21.04
8AD16D440ABBFD11A4A96492C000CB59;FC081C55582CED11A62CD892C0003F2A;2025-05-31;-4.0;-809.48
3BF553BD54D6EE1191EE1065050096B9;FC081C55582CED11A62CD892C0003F2A;2025-05-31;-2.0;-1638.0
3DCB0E913EDBBE118772106505006C59;FC081C55582CED11A62CD892C0003F2A;2025-05-31;-6.0;-689.54
37DF6B0BCED4DE11ADB31065050021C8;FC081C55582CED11A62CD892C0003F2A;2025-05-31;-4.0;-735.0799999999999
6A99182F55FDFE11F1557891FE69B489;FC081C55582CED11A62CD892C0003F2A;2025-05-31;-6.0;-347.94
2BBFF4148CA7FE1191EE10650500E3C9;FC081C55582CED11A62CD892C0003F2A;2025-05-31;-2.0;-440.1
5B94C20758E00F11112A674AC7E29889;FC081C55582CED11A62CD892C0003F2A;2025-05-31;-2.0;-430.24
D48D17EE70BDBE11877210650500BE59;FC081C55582CED11A62CD892C0003F2A;2025-05-31;-2.0;-580.7
A6CA6603C4D1FE1191EE106505003CB9;FC081C55582CED11A62CD892C0003F2A;2025-05-31;-2.0;-265.62
3BFF0450D0CAED11A62CD892C0003F2A;FC081C55582CED11A62CD892C0003F2A;2025-05-31;-4.0;-635.56
A5815C9DA8FEFD11A4A96492C000DFF9;FC081C55582CED11A62CD892C0003F2A;2025-05-31;-20.0;-2611.4
AD336A66D343FE1191EE106505001EB9;FC081C55582CED11A62CD892C0003F2A;2025-05-31;-6.0;-1105.26
4E7A8CB7C54DEE1191EE1065050029B9;FC081C55582CED11A62CD892C0003F2A;2025-05-31;-2.0;-73.92
5D7D9C4235DFEE1191EE10650500A9B9;FC081C55582CED11A62CD892C0003F2A;2025-05-31;-4.0;-1479.8
867A521EF3042E1143F0668E4200C71A;FC081C55582CED11A62CD892C0003F2A;2025-05-31;-2.0;-715.86
9178A929B72DED11A62CD892C0003F2A;FC081C55582CED11A62CD892C0003F2A;2025-05-31;-2.0;-110.3
1CD08D24E38ADE11406610650500924A;FC081C55582CED11A62CD892C0003F2A;2025-05-31;-2.0;-250.84
5EA0BB5F01CAED11A62CD892C0003F2A;FC081C55582CED11A62CD892C0003F2A;2025-05-31;-2.0;-184.0
3FC5377BD826AE11BE2110650500D84A;FC081C55582CED11A62CD892C0003F2A;2025-05-31;-2.0;-150.84
4D7EEA51F001AE117260106505001F4A;FC081C55582CED11A62CD892C0003F2A;2025-05-31;-2.0;-298.44
5B352AE8D673AE11726010650500325A;FC081C55582CED11A62CD892C0003F2A;2025-05-31;-2.0;-113.82
FBC29FD722CDAE11BE2110650500825A;FC081C55582CED11A62CD892C0003F2A;2025-05-31;-2.0;-78.4
9056D52CD507DE11C846106505002F6A;FC081C55582CED11A62CD892C0003F2A;2025-05-31;-2.0;-23.66
E79AE3DE62CAED11A62CD892C0003F2A;FC081C55582CED11A62CD892C0003F2A;2025-05-31;-2.0;-483.1
632CF49F1877DE11C84610650500BF6A;FC081C55582CED11A62CD892C0003F2A;2025-05-31;-2.0;-1044.2
A0F75C1CB364AE11726010650500635A;FC081C55582CED11A62CD892C0003F2A;2025-05-31;-2.0;-698.56
87B83E1F9CA49E115540106505007E3B;FC081C55582CED11A62CD892C0003F2A;2025-05-31;-2.0;-421.18
D7B060A524829E11554010650500AB3B;FC081C55582CED11A62CD892C0003F2A;2025-05-31;-2.0;-161.34
E1C51D832B589E11554010650500334B;FC081C55582CED11A62CD892C0003F2A;2025-05-31;-4.0;-1180.8
964B0581E7E97E110819BB65050019AA;FC081C55582CED11A62CD892C0003F2A;2025-05-31;-4.0;-1003.68
A290F699F7BAFE11128010650500E819;FC081C55582CED11A62CD892C0003F2A;2025-05-31;-2.0;-41.92
85AD1C3C57E44E1142D58A6505002C08;FC081C55582CED11A62CD892C0003F2A;2025-05-31;-8.0;-159.52
8DE84B481623DE11ADB310650500DEB8;FC081C55582CED11A62CD892C0003F2A;2025-05-31;4.0;1257.6399999999999
A7218C1035B4DE11ADB310650500F0C8;FC081C55582CED11A62CD892C0003F2A;2025-05-31;-2.0;-189.4
C057669D0B2A0E11A4A96492C0001269;FC081C55582CED11A62CD892C0003F2A;2025-05-31;-2.0;-551.2
BDA4336C478B3E11052F6792C000D249;FC081C55582CED11A62CD892C0003F2A;2025-05-31;-2.0;-132.7
951A958001CAED11A62CD892C0003F2A;FC081C55582CED11A62CD892C0003F2A;2025-05-31;-2.0;-117.82
43616ADD76B5FE1191EE1065050051C9;FC081C55582CED11A62CD892C0003F2A;2025-05-31;-2.0;-241.76
33C7E090C70FDE11406610650500A84A;FC081C55582CED11A62CD892C0003F2A;2025-05-31;-2.0;-997.84
17C44639EDDFDE11406610650500B94A;FC081C55582CED11A62CD892C0003F2A;2025-05-31;-2.0;-520.78
95518E8FED71FE1191EE10650500CBB9;FC081C55582CED11A62CD892C0003F2A;2025-05-31;-2.0;-645.62
FDDDD82EC0CAED11A62CD892C0003F2A;FC081C55582CED11A62CD892C0003F2A;2025-05-31;-2.0;-358.4
05C3C57921CAED11A62CD892C0003F2A;FC081C55582CED11A62CD892C0003F2A;2025-05-31;-2.0;-225.14
A5397F9D1034EE11B1AD1065050097EA;FC081C55582CED11A62CD892C0003F2A;2025-05-31;-4.0;-1948.1
EC9A707F8CA49E115540106505007E3B;FC081C55582CED11A62CD892C0003F2A;2025-05-31;-2.0;-628.64
507E29DFFD6E8E11F243BB650500564B;FC081C55582CED11A62CD892C0003F2A;2025-05-31;-10.0;-238.3
4029C31D5970BE11BE2110650500F55A;FC081C55582CED11A62CD892C0003F2A;2025-05-31;-2.0;-873.2
283159E86589DE11406610650500514A;FC081C55582CED11A62CD892C0003F2A;2025-05-31;-2.0;-500.1
AB8D9FE11911BE11BE2110650500C65A;FC081C55582CED11A62CD892C0003F2A;2025-05-31;-2.0;-319.3
B7A50B94ECA2AE11726010650500315A;FC081C55582CED11A62CD892C0003F2A;2025-05-31;-2.0;-522.32
3DC33DC529265E1142D58A650500DC08;B0BDDED34CC83E11052F6792C000B249;2025-05-31;-4.0;-650.64
9DFCDC3742405E1142D58A650500BC08;B0BDDED34CC83E11052F6792C000B249;2025-05-31;-2.0;-326.16
73C92B5255AE4E1142D58A650500BC08;B0BDDED34CC83E11052F6792C000B249;2025-05-31;-2.0;-91.94
8E6E948E05B4DE11ADB310650500F0C8;B0BDDED34CC83E11052F6792C000B249;2025-05-31;-4.0;-232.32
BB81D5353931DE11ADB3106505006CB8;B0BDDED34CC83E11052F6792C000B249;2025-05-31;-2.0;-66.62
27FBE5C39B46DE11ADB310650500F2C8;B0BDDED34CC83E11052F6792C000B249;2025-05-31;-6.0;-942.6600000000001
54C40089988ECE11ADB31065050078B8;B0BDDED34CC83E11052F6792C000B249;2025-05-31;-2.0;-1116.1
4CC5040550FE5E1142D58A6505006D08;B0BDDED34CC83E11052F6792C000B249;2025-05-31;-2.0;-222.86
CBBCF1C94394DE11ADB310650500C0C8;B0BDDED34CC83E11052F6792C000B249;2025-05-31;-6.0;-860.7
45D03DCE127C2E11052F6792C000CF39;B0BDDED34CC83E11052F6792C000B249;2025-05-31;-4.0;-385.88
D044352D773BFE11128010650500E819;B0BDDED34CC83E11052F6792C000B249;2025-05-31;-2.0;-198.0
C6C823FA8D410F11112A674AC7E21989;B0BDDED34CC83E11052F6792C000B249;2025-05-31;-6.0;-366.6
3865C9FB1123CE11877210650500A569;B0BDDED34CC83E11052F6792C000B249;2025-05-31;-18.0;-601.3799999999999
F1EDF84C08A6BE11877210650500C559;B0BDDED34CC83E11052F6792C000B249;2025-05-31;-2.0;-79.74
8152B5B71726EE1191EE10650500C5B9;B0BDDED34CC83E11052F6792C000B249;2025-05-31;-4.0;-781.44
D23DB89C1A5FFE11F1557891FE697689;B0BDDED34CC83E11052F6792C000B249;2025-05-31;-2.0;-178.16
D70519DFC0CAED11A62CD892C0003F2A;B0BDDED34CC83E11052F6792C000B249;2025-05-31;-2.0;-435.52
3D524D3035DFEE1191EE10650500A9B9;B0BDDED34CC83E11052F6792C000B249;2025-05-31;-2.0;-453.0
7199DD6EEB6DFE11F1557891FE690489;B0BDDED34CC83E11052F6792C000B249;2025-05-31;-2.0;-308.36
86E515FDA3C0FE1191EE10650500DAB9;B0BDDED34CC83E11052F6792C000B249;2025-05-31;-2.0;-243.68
7634445DF7300F11F1557891FE699789;B0BDDED34CC83E11052F6792C000B249;2025-05-31;-12.0;-2460.0
C4A8A8818CF0EE114066106505002B4A;B0BDDED34CC83E11052F6792C000B249;2025-05-31;-2.0;-874.88
F3768EBEFDCA9E11525010650500EB4A;B0BDDED34CC83E11052F6792C000B249;2025-05-31;-4.0;-492.8
8F54AB98920BAE11BE21106505000F4A;B0BDDED34CC83E11052F6792C000B249;2025-05-31;-2.0;-117.06
D74B4A0311CAED11A62CD892C0003F2A;B0BDDED34CC83E11052F6792C000B249;2025-05-31;-2.0;-592.94
363F57AF5BCEAE11BE2110650500D35A;B0BDDED34CC83E11052F6792C000B249;2025-05-31;-2.0;-478.0
3B0EFACF6C2CDE11406610650500E44A;B0BDDED34CC83E11052F6792C000B249;2025-05-31;-4.0;-613.72
867C66A9B2C0AE11726010650500CE4A;B0BDDED34CC83E11052F6792C000B249;2025-05-31;-2.0;-111.72
57A5A574877ADE11406610650500824A;B0BDDED34CC83E11052F6792C000B249;2025-05-31;-2.0;-668.9
FCEC30D9A257DE11C846106505008F6A;B0BDDED34CC83E11052F6792C000B249;2025-05-31;-12.0;-306.0
F7EE6A1AAAA2EE11B1AD10650500A5EA;B0BDDED34CC83E11052F6792C000B249;2025-05-31;-8.0;-28.9
A124E50E08449E11554010650500ED3B;B0BDDED34CC83E11052F6792C000B249;2025-05-31;-6.0;-295.0
C185C2957654EE11B1AD10650500C7EA;B0BDDED34CC83E11052F6792C000B249;2025-05-31;-2.0;-23.42
343D0636E8F19E11554010650500DA3B;B0BDDED34CC83E11052F6792C000B249;2025-05-31;-16.0;-2639.52
346A6C173D027E11B7B78A650500CD08;B0BDDED34CC83E11052F6792C000B249;2025-05-31;-2.0;-189.7
523C74575A075E1142D58A650500DC08;B0BDDED34CC83E11052F6792C000B249;2025-05-31;-2.0;-131.34
9BC8B5451A134E1142D58A6505001C08;B0BDDED34CC83E11052F6792C000B249;2025-05-31;-4.0;-1476.0
594CF229BFAF5E1142D58A650500AD08;B0BDDED34CC83E11052F6792C000B249;2025-05-31;-2.0;-324.0
DD7A82503AC0DE11ADB310650500ABB8;B0BDDED34CC83E11052F6792C000B249;2025-05-31;-10.0;-370.35999999999996
FF90065732106E1142D58A650500AD08;B0BDDED34CC83E11052F6792C000B249;2025-05-31;-2.0;-184.36
06FB2DD2E294DE11ADB310650500C0C8;B0BDDED34CC83E11052F6792C000B249;2025-05-31;-2.0;-718.08
3594E7F5D035CE11ADB3106505000DA8;B0BDDED34CC83E11052F6792C000B249;2025-05-31;-2.0;-284.84
98CDE9B3B49BCE11ADB31065050074B8;B0BDDED34CC83E11052F6792C000B249;2025-05-31;-2.0;-240.42
6C662423EF0FCE11ADB31065050029B8;B0BDDED34CC83E11052F6792C000B249;2025-05-31;-2.0;-77.28
5D47F32A070ECE11ADB310650500D7B8;B0BDDED34CC83E11052F6792C000B249;2025-05-31;-2.0;-256.4
0E05D556E40B6E11B7B78A650500BC08;B0BDDED34CC83E11052F6792C000B249;2025-05-31;-2.0;-382.36
35E5B91CE2A8CE11ADB31065050090B8;B0BDDED34CC83E11052F6792C000B249;2025-05-31;-2.0;-628.5
7D6FB9B5BB363E11052F6792C000FF39;B0BDDED34CC83E11052F6792C000B249;2025-05-31;-2.0;-108.16
2148978EF4B4DE11ADB310650500F0C8;B0BDDED34CC83E11052F6792C000B249;2025-05-31;-6.0;-348.48
DC0109A49596DE11ADB31065050053C8;B0BDDED34CC83E11052F6792C000B249;2025-05-31;-2.0;-58.28
335C8EE9F7BAFE11128010650500E819;B0BDDED34CC83E11052F6792C000B249;2025-05-31;-6.0;-126.0
2FC032F28ABAFE11128010650500E819;B0BDDED34CC83E11052F6792C000B249;2025-05-31;-4.0;-125.44
66D7E37B383EFE11F1557891FE690589;B0BDDED34CC83E11052F6792C000B249;2025-05-31;-4.0;-422.0
BEF020C39E1EFE11F1557891FE69E489;B0BDDED34CC83E11052F6792C000B249;2025-05-31;-2.0;-268.88
22CC9BC431010F11112A674AC7E2B889;B0BDDED34CC83E11052F6792C000B249;2025-05-31;-2.0;-182.56
7B12EBF771500F11F1557891FE69B789;B0BDDED34CC83E11052F6792C000B249;2025-05-31;-2.0;-38.0
E23732FC5CFFFE11F1557891FE694789;B0BDDED34CC83E11052F6792C000B249;2025-05-31;-2.0;-88.0
FD32EB04AA4FFE11F1557891FE696689;B0BDDED34CC83E11052F6792C000B249;2025-05-31;-2.0;-166.94
09966C2B0876BE118772106505008559;B0BDDED34CC83E11052F6792C000B249;2025-05-31;-2.0;-48.4
BF911DCBD083FE1191EE106505007EB9;B0BDDED34CC83E11052F6792C000B249;2025-05-31;-2.0;-150.86
2D6622F431010F11112A674AC7E2B889;B0BDDED34CC83E11052F6792C000B249;2025-05-31;-2.0;-158.26
83CC72ACC09EBE11877210650500DF59;B0BDDED34CC83E11052F6792C000B249;2025-05-31;-2.0;-55.72
C72E731DD023CE11877210650500A569;B0BDDED34CC83E11052F6792C000B249;2025-05-31;-4.0;-120.28
6EE05376AF6DFE11F1557891FE690489;B0BDDED34CC83E11052F6792C000B249;2025-05-31;-2.0;-163.4
1677E18812E1FE1191EE106505004CB9;B0BDDED34CC83E11052F6792C000B249;2025-05-31;-4.0;-322.92
48904BBEC0CAED11A62CD892C0003F2A;B0BDDED34CC83E11052F6792C000B249;2025-05-31;-2.0;-221.1
2E1A48881CF22E1143F0668E4200C71A;B0BDDED34CC83E11052F6792C000B249;2025-05-31;-2.0;-213.34
387233DCCE80FE1191EE106505009AB9;B0BDDED34CC83E11052F6792C000B249;2025-05-31;-2.0;-256.14
A644974504430F114EF7A826072BAB89;B0BDDED34CC83E11052F6792C000B249;2025-05-31;-2.0;-395.86
4EA80755CB63CE118772106505000669;B0BDDED34CC83E11052F6792C000B249;2025-05-31;-4.0;-237.4
AF6724E8CC8EFE11F1557891FE697589;B0BDDED34CC83E11052F6792C000B249;2025-05-31;-4.0;-112.0
09C844D3D0CAED11A62CD892C0003F2A;B0BDDED34CC83E11052F6792C000B249;2025-05-31;-2.0;-239.74
9E4D455DE0CAED11A62CD892C0003F2A;B0BDDED34CC83E11052F6792C000B249;2025-05-31;-4.0;-574.12
049EB110EAD3FE1191EE10650500EEB9;B0BDDED34CC83E11052F6792C000B249;2025-05-31;-2.0;-190.0
21998708FFC32E1143F0668E4200C71A;B0BDDED34CC83E11052F6792C000B249;2025-05-31;-4.0;-341.14
185B9B4990CAED11A62CD892C0003F2A;B0BDDED34CC83E11052F6792C000B249;2025-05-31;-2.0;-312.32
6883CD0A469BED11A62CD892C0003F2A;B0BDDED34CC83E11052F6792C000B249;2025-05-31;-2.0;-249.62
55ADFBDEFCD2FE1191EE106505009DB9;B0BDDED34CC83E11052F6792C000B249;2025-05-31;-2.0;-167.26
8D2159E86589DE11406610650500514A;B0BDDED34CC83E11052F6792C000B249;2025-05-31;-2.0;-498.44
9CDF16A58B50EE114066106505005A4A;B0BDDED34CC83E11052F6792C000B249;2025-05-31;-2.0;-42.46
F60ACCD6D4F5FE1191EE10650500A1C9;B0BDDED34CC83E11052F6792C000B249;2025-05-31;-2.0;-724.4
DF12447D4D399E11525010650500E94A;B0BDDED34CC83E11052F6792C000B249;2025-05-31;-2.0;-252.92
42DD54E5D0CAED11A62CD892C0003F2A;B0BDDED34CC83E11052F6792C000B249;2025-05-31;-2.0;-327.26
800A26E791ACDE11406610650500754A;B0BDDED34CC83E11052F6792C000B249;2025-05-31;-2.0;-430.8
CA0B0CB751CAED11A62CD892C0003F2A;B0BDDED34CC83E11052F6792C000B249;2025-05-31;-2.0;-770.08
5F25E1C768A0EE11406610650500BA4A;B0BDDED34CC83E11052F6792C000B249;2025-05-31;-2.0;-656.86
2442E72E99FC9E11726010650500E94A;B0BDDED34CC83E11052F6792C000B249;2025-05-31;-2.0;-189.1
A033F6C2D74CDE11406610650500054A;B0BDDED34CC83E11052F6792C000B249;2025-05-31;-4.0;-195.98
1D79A08BE342EE11406610650500DC4A;B0BDDED34CC83E11052F6792C000B249;2025-05-31;-2.0;-543.64
0C4F278C0ADEAE11BE2110650500E35A;B0BDDED34CC83E11052F6792C000B249;2025-05-31;-14.0;-258.3
61F26D5AFB5F7E110819BB65050039AA;B0BDDED34CC83E11052F6792C000B249;2025-05-31;-2.0;-86.34
F585D4A2CD387E110819BB65050009AA;B0BDDED34CC83E11052F6792C000B249;2025-05-31;-2.0;-65.38
A20269A28EF58E11F243BB650500FA3B;B0BDDED34CC83E11052F6792C000B249;2025-05-31;-2.0;-269.8
E9C185AD1DC97E110819BB65050019AA;B0BDDED34CC83E11052F6792C000B249;2025-05-31;-4.0;-282.24
DC6BC171198E8E11F243BB650500764B;B0BDDED34CC83E11052F6792C000B249;2025-05-31;-2.0;-1589.38
BE3AFF5DEBA4EE11B1AD1065050038EA;B0BDDED34CC83E11052F6792C000B249;2025-05-31;-2.0;-179.62
4744FA69BF354E1142D58A6505002C08;B0BDDED34CC83E11052F6792C000B249;2025-05-31;-2.0;-120.12
9D2E8486AF6DFE11F1557891FE690489;B0BDDED34CC83E11052F6792C000B249;2025-05-31;-2.0;-228.0
0AE46024DFE34E1142D58A6505002C08;44673735EAF46E11B7B78A650500BC08;2025-05-31;-2.0;-78.68
D7848E632E456E11B7B78A650500BC08;44673735EAF46E11B7B78A650500BC08;2025-05-31;-2.0;-411.78
4C2C200DFD456E11B7B78A650500BC08;44673735EAF46E11B7B78A650500BC08;2025-05-31;-6.0;-1230.0
AEF155EB3C456E11B7B78A650500BC08;44673735EAF46E11B7B78A650500BC08;2025-05-31;-6.0;-446.38
C420B24DE61E4E1142D58A650500BC08;44673735EAF46E11B7B78A650500BC08;2025-05-31;-2.0;-333.8
EA77304C1E456E11B7B78A650500BC08;44673735EAF46E11B7B78A650500BC08;2025-05-31;-4.0;-1613.28
C55E2EEFDE456E11B7B78A650500BC08;44673735EAF46E11B7B78A650500BC08;2025-05-31;-16.0;-1043.2
382693E4CD456E11B7B78A650500BC08;44673735EAF46E11B7B78A650500BC08;2025-05-31;-4.0;-220.1
2AE4B5203D456E11B7B78A650500BC08;44673735EAF46E11B7B78A650500BC08;2025-05-31;-2.0;-107.48
E674091C9D456E11B7B78A650500BC08;44673735EAF46E11B7B78A650500BC08;2025-05-31;-2.0;-111.32
DAF58FB1DC456E11B7B78A650500BC08;44673735EAF46E11B7B78A650500BC08;2025-05-31;-4.0;-218.96
C3EE077F7D456E11B7B78A650500BC08;44673735EAF46E11B7B78A650500BC08;2025-05-31;-12.0;-374.4
F661B8747B4F6E11B7B78A650500CD08;44673735EAF46E11B7B78A650500BC08;2025-05-31;-78.0;-462.54
F9F449F499775E1142D58A650500DC08;44673735EAF46E11B7B78A650500BC08;2025-05-31;-6.0;-418.74
0E12452A3E263E11052F6792C000FF39;44673735EAF46E11B7B78A650500BC08;2025-05-31;-2.0;-137.3
25BA7DCAFC4F6E11B7B78A650500CD08;44673735EAF46E11B7B78A650500BC08;2025-05-31;-2.0;-441.88
000D1419D9CC6E11B7B78A650500BC08;44673735EAF46E11B7B78A650500BC08;2025-05-31;-6.0;-522.0
A0C1B01B55B4DE11ADB310650500F0C8;44673735EAF46E11B7B78A650500BC08;2025-05-31;-16.0;-665.92
7D4AA3ABECC65E1142D58A650500DC08;44673735EAF46E11B7B78A650500BC08;2025-05-31;-2.0;-1452.5
AAB22E7B3A95DE11ADB31065050012C8;44673735EAF46E11B7B78A650500BC08;2025-05-31;-2.0;-498.0
31F7B97FC3BC3E11052F6792C000D249;44673735EAF46E11B7B78A650500BC08;2025-05-31;-52.0;-3669.1200000000003
934E3601BAC9FE11128010650500E819;44673735EAF46E11B7B78A650500BC08;2025-05-31;-2.0;-41.0
C786FA88A8E9BE11877210650500E959;44673735EAF46E11B7B78A650500BC08;2025-05-31;-8.0;-924.0
55233BFF1CA8BE118772106505005859;44673735EAF46E11B7B78A650500BC08;2025-05-31;-10.0;-486.2
CB225DAB35C8FE11128010650500D819;44673735EAF46E11B7B78A650500BC08;2025-05-31;-8.0;-1096.0
64C5195257363E11052F6792C000FF39;44673735EAF46E11B7B78A650500BC08;2025-05-31;-10.0;-253.2
9B237A487148EE1191EE1065050038B9;44673735EAF46E11B7B78A650500BC08;2025-05-31;-2.0;-479.88
8FAA72CC44E6EE1191EE1065050096B9;44673735EAF46E11B7B78A650500BC08;2025-05-31;-4.0;-152.0
9708626FCAD0FE1191EE10650500FAB9;44673735EAF46E11B7B78A650500BC08;2025-05-31;-4.0;-252.94
828064E1EF7EEE1191EE1065050029B9;44673735EAF46E11B7B78A650500BC08;2025-05-31;-2.0;-780.18
A0DA1BD4EA96FE1191EE1065050072C9;44673735EAF46E11B7B78A650500BC08;2025-05-31;-2.0;-1982.0
CEAE6CB184EBDE11406610650500744A;44673735EAF46E11B7B78A650500BC08;2025-05-31;-4.0;-375.76
C42E9409EC14CE11877210650500E669;44673735EAF46E11B7B78A650500BC08;2025-05-31;-8.0;-353.42
4243EBAA559DFE11F1557891FE693489;44673735EAF46E11B7B78A650500BC08;2025-05-31;-4.0;-163.32
03DD8984ABE1EE114066106505006C4A;44673735EAF46E11B7B78A650500BC08;2025-05-31;-16.0;-2553.6
0753CB7184EBDE11406610650500744A;44673735EAF46E11B7B78A650500BC08;2025-05-31;-2.0;-304.0
320CBAFEC9B7FE1191EE10650500F3C9;44673735EAF46E11B7B78A650500BC08;2025-05-31;-2.0;-808.82
8E638C8FC090BE11BE2110650500165A;44673735EAF46E11B7B78A650500BC08;2025-05-31;-2.0;-2757.0
B6EC7AF6E9A7DE11C84610650500FF6A;44673735EAF46E11B7B78A650500BC08;2025-05-31;2.0;89.12
0F27FD8A72C97E110819BB65050019AA;44673735EAF46E11B7B78A650500BC08;2025-05-31;-28.0;-368.20000000000005
89BC745D6309AE11BE21106505007C4A;44673735EAF46E11B7B78A650500BC08;2025-05-31;-4.0;-391.2
D7439BB33F5F9E117260106505000D4A;44673735EAF46E11B7B78A650500BC08;2025-05-31;-2.0;-268.66
D8DC0BE73ED5AE11BE2110650500784A;44673735EAF46E11B7B78A650500BC08;2025-05-31;-2.0;-260.4
A20403D0F621BE11BE2110650500D65A;44673735EAF46E11B7B78A650500BC08;2025-05-31;-10.0;-840.0
764E4448A991BE11BE2110650500675A;44673735EAF46E11B7B78A650500BC08;2025-05-31;-2.0;-826.0
4E71D96512248E113835BB6505009CAA;44673735EAF46E11B7B78A650500BC08;2025-05-31;-26.0;-947.1800000000003
AD5231F8D0A49E115540106505006E3B;44673735EAF46E11B7B78A650500BC08;2025-05-31;-2.0;-910.0
FD61F64639248E113835BB650500ACAA;44673735EAF46E11B7B78A650500BC08;2025-05-31;-8.0;-170.08
3DF9912ED621BE11BE2110650500D65A;44673735EAF46E11B7B78A650500BC08;2025-05-31;-2.0;-246.0
E7E69B30FB03EE11B1AD1065050026EA;44673735EAF46E11B7B78A650500BC08;2025-05-31;-2.0;-163.2
FE4E1498DA7E8E11F243BB650500664B;44673735EAF46E11B7B78A650500BC08;2025-05-31;-4.0;-453.3
762C770EBC787E110819BB65050009AA;44673735EAF46E11B7B78A650500BC08;2025-05-31;-8.0;-232.44
7B04A3313A158E113835BB650500DDAA;44673735EAF46E11B7B78A650500BC08;2025-05-31;-10.0;-1156.8
6948FEE04A108E110819BB65050039AA;44673735EAF46E11B7B78A650500BC08;2025-05-31;-8.0;-527.92
31D1AC08F3D4EE11B1AD1065050068EA;44673735EAF46E11B7B78A650500BC08;2025-05-31;-4.0;-813.04
98A15C74BF6E8E11F243BB650500564B;44673735EAF46E11B7B78A650500BC08;2025-05-31;-2.0;-87.28
70E31DD4F9CB8E11F243BB650500624B;44673735EAF46E11B7B78A650500BC08;2025-05-31;-34.0;-11057.2
D0CFF00A45CF8E11F243BB650500084B;44673735EAF46E11B7B78A650500BC08;2025-05-31;-2.0;-407.34
376757C0AD459E115540106505005F3B;44673735EAF46E11B7B78A650500BC08;2025-05-31;-2.0;-329.4
7D0589672C8EAE11BE2110650500835A;44673735EAF46E11B7B78A650500BC08;2025-05-31;-4.0;-1545.24
8776BB210607DE11C846106505002F6A;44673735EAF46E11B7B78A650500BC08;2025-05-31;-2.0;-23.66
FA582521E6568E11F243BB6505007B3B;44673735EAF46E11B7B78A650500BC08;2025-05-31;-4.0;-275.12
86570A134C456E11B7B78A650500BC08;44673735EAF46E11B7B78A650500BC08;2025-05-31;-6.0;-967.5999999999999
B2561EA5CD456E11B7B78A650500BC08;44673735EAF46E11B7B78A650500BC08;2025-05-31;-2.0;-120.0
F2561EA5CD456E11B7B78A650500BC08;44673735EAF46E11B7B78A650500BC08;2025-05-31;-12.0;-720.0
3C361686AC456E11B7B78A650500BC08;44673735EAF46E11B7B78A650500BC08;2025-05-31;0.0;0.0
237CFD80AE456E11B7B78A650500BC08;44673735EAF46E11B7B78A650500BC08;2025-05-31;-6.0;-67.98
B0AA28A04E456E11B7B78A650500BC08;44673735EAF46E11B7B78A650500BC08;2025-05-31;-24.0;-18385.32
4B0DF4BB3D456E11B7B78A650500BC08;44673735EAF46E11B7B78A650500BC08;2025-05-31;-10.0;-398.6
AD6AA4B92E456E11B7B78A650500BC08;44673735EAF46E11B7B78A650500BC08;2025-05-31;-8.0;-4303.4
4A17619EC688CE11ADB31065050070B8;44673735EAF46E11B7B78A650500BC08;2025-05-31;-2.0;-82.34
3DA9DEC1A4365E1142D58A650500DC08;44673735EAF46E11B7B78A650500BC08;2025-05-31;-2.0;-295.44
2CD58392A1567E11B7B78A650500ED08;44673735EAF46E11B7B78A650500BC08;2025-05-31;-16.0;-685.6
D29D438BEECFCE11ADB3106505003AB8;44673735EAF46E11B7B78A650500BC08;2025-05-31;-4.0;-1275.74
F6BA35B36CE1DE11ADB3106505004DB8;44673735EAF46E11B7B78A650500BC08;2025-05-31;-2.0;-160.14
EB5980AE1C427E11B7B78A650500CD08;44673735EAF46E11B7B78A650500BC08;2025-05-31;-2.0;-713.0
DD577F655AE66E11B7B78A650500BC08;44673735EAF46E11B7B78A650500BC08;2025-05-31;-10.0;-302.0
AE6D4C3A4F60DE11ADB3106505003BB8;44673735EAF46E11B7B78A650500BC08;2025-05-31;-6.0;-396.86
DC9DD781433F6E11B7B78A650500CD08;44673735EAF46E11B7B78A650500BC08;2025-05-31;-2.0;-22.66
3624D5E2AEEBCE11ADB310650500E4B8;44673735EAF46E11B7B78A650500BC08;2025-05-31;-4.0;-490.8
6D51B697D7A5DE11ADB31065050022C8;44673735EAF46E11B7B78A650500BC08;2025-05-31;-2.0;-269.06
4F2A95D2BC1EFE11F1557891FE69E489;44673735EAF46E11B7B78A650500BC08;2025-05-31;-2.0;-321.3
6D12452A3E263E11052F6792C000FF39;44673735EAF46E11B7B78A650500BC08;2025-05-31;-4.0;-359.56
458BDF31DAD0FE1191EE10650500FAB9;44673735EAF46E11B7B78A650500BC08;2025-05-31;-4.0;-2161.14
725559B666767E11B7B78A650500ED08;44673735EAF46E11B7B78A650500BC08;2025-05-31;-4.0;-838.28
698BDF31DAD0FE1191EE10650500FAB9;44673735EAF46E11B7B78A650500BC08;2025-05-31;-2.0;-96.2
6685966E76730F1158A3BB3DBE8EEB89;44673735EAF46E11B7B78A650500BC08;2025-05-31;-2.0;-639.3
09BABF34F489DE11406610650500514A;44673735EAF46E11B7B78A650500BC08;2025-05-31;-6.0;-228.0
8BF345B4AA79DE11406610650500414A;44673735EAF46E11B7B78A650500BC08;2025-05-31;-4.0;-592.0
FFF09E1F27A6FE1191EE1065050082C9;44673735EAF46E11B7B78A650500BC08;2025-05-31;-6.0;-1356.0
FFC109DF9E9CDE11406610650500754A;44673735EAF46E11B7B78A650500BC08;2025-05-31;-2.0;-2003.68
F42EE9302DCA7E110819BB65050039AA;44673735EAF46E11B7B78A650500BC08;2025-05-31;-2.0;-117.7
DBBBEF58D12B7E110819BB65050039AA;44673735EAF46E11B7B78A650500BC08;2025-05-31;-12.0;-996.0
310C00DE6EEAAE11BE2110650500EE4A;44673735EAF46E11B7B78A650500BC08;2025-05-31;-4.0;-70.94
371644CE7DC7DE11C84610650500207A;44673735EAF46E11B7B78A650500BC08;2025-05-31;-2.0;-114.1
61F26D5AFB5F7E110819BB65050039AA;44673735EAF46E11B7B78A650500BC08;2025-05-31;-2.0;-87.6
B6EF301C8D3A7E110819BB65050039AA;44673735EAF46E11B7B78A650500BC08;2025-05-31;-4.0;-120.16
1B709278DC758E113835BB6505005EAA;44673735EAF46E11B7B78A650500BC08;2025-05-31;-6.0;-1380.0
9A132CAA21E99E11525010650500BA4A;44673735EAF46E11B7B78A650500BC08;2025-05-31;-2.0;-2118.94
BFD0563AEAB4EE11B1AD1065050048EA;44673735EAF46E11B7B78A650500BC08;2025-05-31;-4.0;-381.16
BC32A1754C456E11B7B78A650500BC08;44673735EAF46E11B7B78A650500BC08;2025-05-31;-2.0;-138.74
D0444CDD7E456E11B7B78A650500BC08;44673735EAF46E11B7B78A650500BC08;2025-05-31;-10.0;-627.0
5DE44E8BE9456E11B7B78A650500BC08;44673735EAF46E11B7B78A650500BC08;2025-05-31;-2.0;-262.9
B6034048911B6E11B7B78A650500BC08;44673735EAF46E11B7B78A650500BC08;2025-05-31;-2.0;-517.68
101484503E456E11B7B78A650500BC08;44673735EAF46E11B7B78A650500BC08;2025-05-31;-2.0;-4152.0
E9A5103BBD456E11B7B78A650500BC08;44673735EAF46E11B7B78A650500BC08;2025-05-31;-6.0;-146.94
A00A07A13D456E11B7B78A650500BC08;44673735EAF46E11B7B78A650500BC08;2025-05-31;-2.0;-165.14
AB44DB3AAF456E11B7B78A650500BC08;44673735EAF46E11B7B78A650500BC08;2025-05-31;-2.0;-2122.74
1C577F655AE66E11B7B78A650500BC08;44673735EAF46E11B7B78A650500BC08;2025-05-31;-2.0;-71.2
CB868B0A43047E11B7B78A650500DD08;44673735EAF46E11B7B78A650500BC08;2025-05-31;-2.0;-1015.86
1CDA137A9DFDCE11ADB310650500C7B8;44673735EAF46E11B7B78A650500BC08;2025-05-31;-4.0;-489.6
6102EDDAC92F6E11B7B78A650500CD08;44673735EAF46E11B7B78A650500BC08;2025-05-31;-2.0;-114.62
285DA64F45B4DE11ADB310650500F0C8;44673735EAF46E11B7B78A650500BC08;2025-05-31;-2.0;-234.7
AC37DE6AE8A47E11B7B78A650500ED08;44673735EAF46E11B7B78A650500BC08;2025-05-31;-2.0;-199.38
BF8036F7D7A5DE11ADB31065050022C8;44673735EAF46E11B7B78A650500BC08;2025-05-31;-2.0;-91.66
32204C3634C26E1142D58A650500AD08;44673735EAF46E11B7B78A650500BC08;2025-05-31;-6.0;-1014.8399999999999
7DE754163D34FE1191EE106505006FB9;44673735EAF46E11B7B78A650500BC08;2025-05-31;-8.0;-1239.96
5D816F1ECAD0FE1191EE10650500FAB9;44673735EAF46E11B7B78A650500BC08;2025-05-31;-2.0;-444.66
4242ED15E68FEE1191EE1065050049B9;44673735EAF46E11B7B78A650500BC08;2025-05-31;-4.0;-2432.0
1A9E47EAD0CAED11A62CD892C0003F2A;44673735EAF46E11B7B78A650500BC08;2025-05-31;-2.0;-172.66
9118A63AB78DBE118772106505008E59;44673735EAF46E11B7B78A650500BC08;2025-05-31;-2.0;-92.7
459F9EC26678EE1191EE1065050078B9;44673735EAF46E11B7B78A650500BC08;2025-05-31;-2.0;-167.9
6EE2EFF1B0A1EE11406610650500FB4A;44673735EAF46E11B7B78A650500BC08;2025-05-31;-2.0;-238.48
14C029B21D1DDE11406610650500164A;44673735EAF46E11B7B78A650500BC08;2025-05-31;-2.0;-192.34
13CC9930166E9E11726010650500CB4A;44673735EAF46E11B7B78A650500BC08;2025-05-31;-4.0;-88.14
CB318C6BEFBAED11A62CD892C0003F2A;44673735EAF46E11B7B78A650500BC08;2025-05-31;-2.0;-343.06
C6EA661280E2FE1191EE106505009DB9;44673735EAF46E11B7B78A650500BC08;2025-05-31;-2.0;-1111.26
0BDE504CF54CDE11406610650500054A;44673735EAF46E11B7B78A650500BC08;2025-05-31;-2.0;-99.5
C0E08354BFFD9E117260106505004B4A;44673735EAF46E11B7B78A650500BC08;2025-05-31;-2.0;-640.0
248710437046AE11BE2110650500F84A;44673735EAF46E11B7B78A650500BC08;2025-05-31;-4.0;-499.67999999999995
0352BE0BB40BAE11BE21106505000F4A;44673735EAF46E11B7B78A650500BC08;2025-05-31;-4.0;-204.0
9F57F9006032BE11BE2110650500285A;44673735EAF46E11B7B78A650500BC08;2025-05-31;-8.0;-2224.0
48DBCAC87D97DE11C84610650500EF6A;44673735EAF46E11B7B78A650500BC08;2025-05-31;-18.0;-458.1
565B876898C6DE11C84610650500DE6A;44673735EAF46E11B7B78A650500BC08;2025-05-31;-4.0;-47.32
ED09394EB8E3BE11BE21106505005A5A;44673735EAF46E11B7B78A650500BC08;2025-05-31;-8.0;-335.58
FB2BB701BD889E11525010650500F84A;44673735EAF46E11B7B78A650500BC08;2025-05-31;-2.0;-184.0
494EE0857D97DE11C84610650500EF6A;44673735EAF46E11B7B78A650500BC08;2025-05-31;-10.0;-310.9
5FE17EB58CBFAE11BE2110650500055A;44673735EAF46E11B7B78A650500BC08;2025-05-31;-2.0;-327.56
785581FEBB6A9E115250106505006B4A;44673735EAF46E11B7B78A650500BC08;2025-05-31;-12.0;-1533.0
8E52EC50E6568E11F243BB6505007B3B;44673735EAF46E11B7B78A650500BC08;2025-05-31;-2.0;-74.26
3B64D21F21FA8E11F243BB650500514B;44673735EAF46E11B7B78A650500BC08;2025-05-31;-2.0;-116.54
17164AABFA488E11F243BB650500FD3B;44673735EAF46E11B7B78A650500BC08;2025-05-31;-2.0;-330.24
B9FE78888A578E11F243BB650500CC3B;44673735EAF46E11B7B78A650500BC08;2025-05-31;-2.0;-270.88
8776371E51FA8E11F243BB650500514B;44673735EAF46E11B7B78A650500BC08;2025-05-31;-12.0;-350.04
509E76E7640E1E1143F0668E4200502B;44673735EAF46E11B7B78A650500BC08;2025-05-31;-2.0;-97.26
58277BD1DD456E11B7B78A650500BC08;44673735EAF46E11B7B78A650500BC08;2025-05-31;-2.0;-754.0
8837CD6E94CBCE11ADB310650500B4B8;44673735EAF46E11B7B78A650500BC08;2025-05-31;-2.0;-796.0
42219D8932106E1142D58A650500AD08;44673735EAF46E11B7B78A650500BC08;2025-05-31;-2.0;-184.36
701142C8008CBE118772106505003D59;44673735EAF46E11B7B78A650500BC08;2025-05-31;-2.0;-823.3
4C6E2588AC456E11B7B78A650500BC08;44673735EAF46E11B7B78A650500BC08;2025-05-31;-2.0;-399.28
9252830334627E11B7B78A650500CD08;44673735EAF46E11B7B78A650500BC08;2025-05-31;-2.0;-427.32
F8F58DB5AC456E11B7B78A650500BC08;44673735EAF46E11B7B78A650500BC08;2025-05-31;-2.0;-236.8
DCEC78110DF17E11B7B78A650500CD08;44673735EAF46E11B7B78A650500BC08;2025-05-31;-4.0;-51.82
7DF25FAA63039E115540106505004C3B;44673735EAF46E11B7B78A650500BC08;2025-05-31;-2.0;-176.86
F993F39BF865DE11ADB310650500D1C8;FC081C55582CED11A62CD892C0003F2A;2025-05-31;-2.0;-438.66
C1EE22C97AEAEE1191EE1065050029B9;FC081C55582CED11A62CD892C0003F2A;2025-05-31;-2.0;-930.74
3F6FAF432B7AFE11128010650500E819;FC081C55582CED11A62CD892C0003F2A;2025-05-31;-2.0;-261.44
9C2399A60207BE118772106505003659;FC081C55582CED11A62CD892C0003F2A;2025-05-31;58.0;9681.2
D2F85D4FD583CE118772106505002669;FC081C55582CED11A62CD892C0003F2A;2025-05-31;-2.0;-644.62
884DDE41F0CAED11A62CD892C0003F2A;FC081C55582CED11A62CD892C0003F2A;2025-05-31;-2.0;-287.06
B2D8207681ACDE11406610650500754A;FC081C55582CED11A62CD892C0003F2A;2025-05-31;-2.0;-437.88
EA2F718CFD32BE11BE2110650500385A;FC081C55582CED11A62CD892C0003F2A;2025-05-31;-2.0;-147.58
A66B85D42308DE11C84610650500607A;FC081C55582CED11A62CD892C0003F2A;2025-05-31;-4.0;-212.04
171DC320271BDE11406610650500634A;FC081C55582CED11A62CD892C0003F2A;2025-05-31;-2.0;-219.02
483646EC64FFDE11406610650500D94A;FC081C55582CED11A62CD892C0003F2A;2025-05-31;4.0;594.0
A2DDA40698ABAE11BE2110650500DF4A;FC081C55582CED11A62CD892C0003F2A;2025-05-31;-2.0;-271.56
9FB6329BDC839E11554010650500FC3B;FC081C55582CED11A62CD892C0003F2A;2025-05-31;-2.0;-380.84
7FA666AF7BA8BE118772106505005859;44673735EAF46E11B7B78A650500BC08;2025-05-31;0.0;0.0
A04EB1251C456E11B7B78A650500BC08;44673735EAF46E11B7B78A650500BC08;2025-05-31;0.0;0.0
20781BFB1BA8BE118772106505005859;44673735EAF46E11B7B78A650500BC08;2025-05-31;0.0;0.0
0E78F20DB317DE11C846106505003F6A;44673735EAF46E11B7B78A650500BC08;2025-05-31;0.0;0.0
63089F2DCECCCE11ADB31065050026B8;44673735EAF46E11B7B78A650500BC08;2025-05-31;0.0;0.0
2630E5CB7D6B6E11B7B78A650500BC08;FC081C55582CED11A62CD892C0003F2A;2025-05-31;-6.0;-2419.76
69F43F2EAB112E1143F0668E4200C71A;FC081C55582CED11A62CD892C0003F2A;2025-05-31;-4.0;-1348.28
D20D165C25DFEE1191EE10650500A9B9;FC081C55582CED11A62CD892C0003F2A;2025-05-31;-4.0;-940.8
CA8779C141CAED11A62CD892C0003F2A;FC081C55582CED11A62CD892C0003F2A;2025-05-31;-4.0;-873.78
64F13E29DD4FBE11877210650500C069;FC081C55582CED11A62CD892C0003F2A;2025-05-31;-4.0;-3777.64
BD85B4533FCDFD11A4A96492C0006D28;FC081C55582CED11A62CD892C0003F2A;2025-05-31;-2.0;-1694.56
964F3E7BB47D8E11F243BB650500154B;FC081C55582CED11A62CD892C0003F2A;2025-05-31;-2.0;-324.9
927C203F00300F11F1557891FE698789;44673735EAF46E11B7B78A650500BC08;2025-05-31;-6.0;-2697.5
C2B1E105F9D2DE11ADB3106505007EB8;44673735EAF46E11B7B78A650500BC08;2025-05-31;-8.0;-3816.0
C7C65C90E9456E11B7B78A650500BC08;44673735EAF46E11B7B78A650500BC08;2025-05-31;0.0;0.0
772D22AE94688E11F243BB6505001E3B;44673735EAF46E11B7B78A650500BC08;2025-05-31;0.0;0.0
BDF4C78E390FEE1191EE1065050029B9;44673735EAF46E11B7B78A650500BC08;2025-05-31;-60.0;-4498.22
B6D645B0AE6E8E11F243BB650500564B;B0BDDED34CC83E11052F6792C000B249;2025-05-31;0.0;0.0
D551B547E94B3E11052F6792C000D249;44673735EAF46E11B7B78A650500BC08;2025-05-31;10.0;8977.1
2DF1D982821A8E11F243BB650500304B;44673735EAF46E11B7B78A650500BC08;2025-05-31;0.0;0.0
E7F6290DC8DA7E110819BB65050039AA;44673735EAF46E11B7B78A650500BC08;2025-05-31;20.0;3776.8
BFA6CA7E0E686E11B7B78A650500BC08;44673735EAF46E11B7B78A650500BC08;2025-05-31;20.0;4754.0
B1712BB77A23AE11726010650500D15A;44673735EAF46E11B7B78A650500BC08;2025-05-31;0.0;0.0
92F38AD7B4FEFE11F1557891FE69F589;44673735EAF46E11B7B78A650500BC08;2025-05-31;50.0;12053.4
370CDCE691CAED11A62CD892C0003F2A;FC081C55582CED11A62CD892C0003F2A;2025-05-31;32.0;5341.42
475C6B5091CAED11A62CD892C0003F2A;B0BDDED34CC83E11052F6792C000B249;2025-05-31;4.0;615.14
16123AF3C402EE114066106505008C4A;FC081C55582CED11A62CD892C0003F2A;2025-05-31;2.0;2052.66
BFDD8CD0DDDFDE11406610650500B94A;FC081C55582CED11A62CD892C0003F2A;2025-05-31;12.0;1599.16
81C96E869C01AE117260106505002F4A;FC081C55582CED11A62CD892C0003F2A;2025-05-31;12.0;1524.5
EFADD57321C01E1143F0668E42008C3B;B0BDDED34CC83E11052F6792C000B249;2025-05-31;4.0;686.54
7FA8FA5B3B158E113835BB650500DDAA;B0BDDED34CC83E11052F6792C000B249;2025-05-31;8.0;11709.2
C872CBC36CA20F114EF7A826072BEA89;FC081C55582CED11A62CD892C0003F2A;2025-05-31;20.0;97095.62
07B2CBC36CA20F114EF7A826072BEA89;FC081C55582CED11A62CD892C0003F2A;2025-05-31;20.0;102892.38
73BB8CC39A858E113835BB6505006EAA;FC081C55582CED11A62CD892C0003F2A;2025-05-31;40.0;2645.88
47671E995AD2DE11ADB3106505007EB8;B0BDDED34CC83E11052F6792C000B249;2025-05-31;48.0;5516.44
25C32C7FC889EE1191EE1065050009B9;B0BDDED34CC83E11052F6792C000B249;2025-05-31;10.0;1861.5
ED5AD75F66F86E11B7B78A650500BC08;FC081C55582CED11A62CD892C0003F2A;2025-05-31;48.0;982.24
C07402E131BD3E11052F6792C000D249;FC081C55582CED11A62CD892C0003F2A;2025-05-31;50.0;1470.58
F107D9F00A610F11112A674AC7E23989;FC081C55582CED11A62CD892C0003F2A;2025-05-31;72.0;1322.96
24A7778E73530F114EF7A826072BBB89;44673735EAF46E11B7B78A650500BC08;2025-05-31;10.0;1239.96
4E18778E73530F114EF7A826072BBB89;44673735EAF46E11B7B78A650500BC08;2025-05-31;10.0;1421.82
C62E309C697FEE1191EE1065050039B9;B0BDDED34CC83E11052F6792C000B249;2025-05-31;20.0;2719.62
69CACF74AEC81E1143F0668E42006B8B;B0BDDED34CC83E11052F6792C000B249;2025-05-31;6.0;1708.58
A8F3AA28B22AFE11128010650500E819;B0BDDED34CC83E11052F6792C000B249;2025-05-31;40.0;6418.88
1307403AE2CAED11A62CD892C0003F2A;B0BDDED34CC83E11052F6792C000B249;2025-05-31;12.0;3639.62
1ABDD438DAFB3E11052F6792C000D249;B0BDDED34CC83E11052F6792C000B249;2025-05-31;10.0;270.14
8C9A71F0375F5E1142D58A6505008D08;44673735EAF46E11B7B78A650500BC08;2025-05-31;30.0;185.24
6F578A90C1CAED11A62CD892C0003F2A;44673735EAF46E11B7B78A650500BC08;2025-05-31;10.0;762.58
2D8F71F367B30F114EF7A826072B3C89;44673735EAF46E11B7B78A650500BC08;2025-05-31;6.0;17246.46
BAA22A558954FE1191EE106505008FB9;44673735EAF46E11B7B78A650500BC08;2025-05-31;16.0;14922.56
DAA6BE72BF084E1142D58A6505002C08;FC081C55582CED11A62CD892C0003F2A;2025-05-31;-2.0;-449.28
9B2D4ACB9B547E11B7B78A650500ED08;FC081C55582CED11A62CD892C0003F2A;2025-05-31;-2.0;-767.42
61B7D62572907E11B7B78A650500CD08;FC081C55582CED11A62CD892C0003F2A;2025-05-31;-2.0;-358.0
2CD8799B2AC75E1142D58A650500DC08;FC081C55582CED11A62CD892C0003F2A;2025-05-31;-4.0;-470.98
94220CC67C937E11B7B78A650500DD08;FC081C55582CED11A62CD892C0003F2A;2025-05-31;-2.0;-239.74
7D4D0644B7696E11B7B78A650500BC08;FC081C55582CED11A62CD892C0003F2A;2025-05-31;-2.0;-181.24
940AEDF7C2867E11B7B78A650500ED08;FC081C55582CED11A62CD892C0003F2A;2025-05-31;-8.0;-371.6
F9C81E2ACDD4DE11ADB31065050021C8;FC081C55582CED11A62CD892C0003F2A;2025-05-31;-2.0;-606.04
5668C9F5F5653E11052F6792C000FF39;FC081C55582CED11A62CD892C0003F2A;2025-05-31;-2.0;-294.58
9530F9032E5FCE11ADB310650500A9B8;FC081C55582CED11A62CD892C0003F2A;2025-05-31;-2.0;-2111.96
B1AD54D8506AFE11128010650500E819;FC081C55582CED11A62CD892C0003F2A;2025-05-31;-4.0;-386.2
85FB321C575FFE11F1557891FE697689;FC081C55582CED11A62CD892C0003F2A;2025-05-31;-4.0;-221.2
170D5742763FBE11877210650500A069;FC081C55582CED11A62CD892C0003F2A;2025-05-31;-4.0;-2677.16
B51589201BA8FE11128010650500D819;FC081C55582CED11A62CD892C0003F2A;2025-05-31;-8.0;-400.0
BE5D134965B4DE11ADB310650500F0C8;FC081C55582CED11A62CD892C0003F2A;2025-05-31;-8.0;-332.96
CB5AB005003C0E11A4A96492C0001269;FC081C55582CED11A62CD892C0003F2A;2025-05-31;-6.0;-807.76
F45F3CDCE1EDFE11F1557891FE699489;FC081C55582CED11A62CD892C0003F2A;2025-05-31;-2.0;-169.2
993B2D59F7C7BE118772106505003759;FC081C55582CED11A62CD892C0003F2A;2025-05-31;-2.0;-183.14
B281659FF7D1FE1191EE106505003CB9;FC081C55582CED11A62CD892C0003F2A;2025-05-31;-2.0;-120.86
0F3437D17AFCEE1191EE1065050029B9;FC081C55582CED11A62CD892C0003F2A;2025-05-31;-4.0;-214.8
466A0FDB3FC8EE1191EE10650500E8B9;FC081C55582CED11A62CD892C0003F2A;2025-05-31;-8.0;-733.74
653BC66EF271FE1191EE10650500BBB9;FC081C55582CED11A62CD892C0003F2A;2025-05-31;-2.0;-526.18
5CA7AFC9C601CE11877210650500F269;FC081C55582CED11A62CD892C0003F2A;2025-05-31;-2.0;-343.64
819960C9268EFE11F1557891FE696589;FC081C55582CED11A62CD892C0003F2A;2025-05-31;-4.0;-480.0
6B7F721B51FBEE1191EE1065050029B9;FC081C55582CED11A62CD892C0003F2A;2025-05-31;-4.0;-130.24
A02270AC81CAED11A62CD892C0003F2A;FC081C55582CED11A62CD892C0003F2A;2025-05-31;12.0;635.0600000000001
5BB8CE1BD5230E11A4A96492C00008E9;FC081C55582CED11A62CD892C0003F2A;2025-05-31;-10.0;-731.9
B8549C2DC0CAED11A62CD892C0003F2A;FC081C55582CED11A62CD892C0003F2A;2025-05-31;-4.0;-749.28
01E14C3D64A1BE11BE2110650500775A;FC081C55582CED11A62CD892C0003F2A;2025-05-31;-2.0;-84.26
92C18A46CC40EE114066106505004A4A;FC081C55582CED11A62CD892C0003F2A;2025-05-31;-2.0;-896.32
910CED78501ADE11406610650500024A;FC081C55582CED11A62CD892C0003F2A;2025-05-31;10.0;18558.7
AE02B76A049CDE11406610650500654A;FC081C55582CED11A62CD892C0003F2A;2025-05-31;-4.0;-755.7
8F03E280BA187E110819BB65050009AA;FC081C55582CED11A62CD892C0003F2A;2025-05-31;-2.0;-110.9
97461FAF7CF39E115540106505008D3B;FC081C55582CED11A62CD892C0003F2A;2025-05-31;-10.0;-1815.4
D93AB3F5395EDE11406610650500C74A;FC081C55582CED11A62CD892C0003F2A;2025-05-31;-4.0;-1008.76
7343A0E1BDE6DE11C846106505000F6A;FC081C55582CED11A62CD892C0003F2A;2025-05-31;-4.0;-47.32
500707C07B7E8E11F243BB650500664B;FC081C55582CED11A62CD892C0003F2A;2025-05-31;-2.0;-1227.86
3C54CA6A12D18E113835BB650500B9AA;FC081C55582CED11A62CD892C0003F2A;2025-05-31;-4.0;-206.64
917A054ED1600F11F1557891FE69C789;FC081C55582CED11A62CD892C0003F2A;2025-05-31;-2.0;-225.08
A66BD50288EBFE111280106505000919;FC081C55582CED11A62CD892C0003F2A;2025-05-31;-2.0;-70.0
2DD4EDEE71BFFE11F1557891FE69E689;FC081C55582CED11A62CD892C0003F2A;2025-05-31;-2.0;-48.88
046BFC706E3CEE1191EE1065050029B9;FC081C55582CED11A62CD892C0003F2A;2025-05-31;-4.0;-186.6
500BBE95DCECEE1191EE1065050029B9;FC081C55582CED11A62CD892C0003F2A;2025-05-31;-2.0;-15.94
E44074815C2BFE11128010650500E819;FC081C55582CED11A62CD892C0003F2A;2025-05-31;-2.0;-484.78
00D5D6068B50EE114066106505005A4A;FC081C55582CED11A62CD892C0003F2A;2025-05-31;-2.0;-64.64
2748B7682E74FE1191EE10650500CFB9;FC081C55582CED11A62CD892C0003F2A;2025-05-31;-2.0;-59.74
09040803F1C67E11B7B78A650500ED08;FC081C55582CED11A62CD892C0003F2A;2025-05-31;-2.0;-116.9
01F1096E1978FE11128010650500D819;FC081C55582CED11A62CD892C0003F2A;2025-05-31;-2.0;-160.88
954144500430EE114066106505002A4A;FC081C55582CED11A62CD892C0003F2A;2025-05-31;-2.0;-107.44
40EF16A58B50EE114066106505005A4A;FC081C55582CED11A62CD892C0003F2A;2025-05-31;-2.0;-75.92
356BB94DEDB3EE11B1AD1065050007EA;FC081C55582CED11A62CD892C0003F2A;2025-05-31;-2.0;-223.38
56AB34AB3974EE11B1AD10650500F7EA;FC081C55582CED11A62CD892C0003F2A;2025-05-31;-2.0;-324.0
F342FF9B889D7E110819BB65050039AA;FC081C55582CED11A62CD892C0003F2A;2025-05-31;-2.0;-211.92
A65FC1167A5D7E110819BB65050039AA;FC081C55582CED11A62CD892C0003F2A;2025-05-31;-34.0;-137.34
D9172E4ACDB88E11F243BB6505008E3B;FC081C55582CED11A62CD892C0003F2A;2025-05-31;-2.0;-23.1
EE9618FEFDB88E11F243BB6505008E3B;FC081C55582CED11A62CD892C0003F2A;2025-05-31;-2.0;-23.1
F24EDD53A1365E1142D58A650500DC08;FC081C55582CED11A62CD892C0003F2A;2025-05-31;-2.0;-647.26
84B0807F936BCE11ADB31065050034B8;FC081C55582CED11A62CD892C0003F2A;2025-05-31;-2.0;-94.0
3BBCE05C41446E11B7B78A650500BC08;FC081C55582CED11A62CD892C0003F2A;2025-05-31;-2.0;-843.6
79E803D2C0917E11B7B78A650500CD08;FC081C55582CED11A62CD892C0003F2A;2025-05-31;-2.0;-1270.88
24FAAB34489E5E1142D58A6505004D08;FC081C55582CED11A62CD892C0003F2A;2025-05-31;-4.0;-562.12
0F25ED3582EE0E1123F0668E42005B38;FC081C55582CED11A62CD892C0003F2A;2025-05-31;-4.0;-197.48
10E000CE02192E11052F6792C0007F39;FC081C55582CED11A62CD892C0003F2A;2025-05-31;-10.0;-1907.1000000000001
E782504E1282DE11ADB3106505000EB8;FC081C55582CED11A62CD892C0003F2A;2025-05-31;-2.0;-636.58
BD68D93BEC94DE11ADB310650500D0C8;FC081C55582CED11A62CD892C0003F2A;2025-05-31;-2.0;-797.58
4701451DDD30DE11ADB310650500EAB8;FC081C55582CED11A62CD892C0003F2A;2025-05-31;-16.0;-2182.08
12C1117A9138CE11ADB310650500FFA8;FC081C55582CED11A62CD892C0003F2A;2025-05-31;-2.0;-171.9
832C53538ABAFE11128010650500E819;FC081C55582CED11A62CD892C0003F2A;2025-05-31;-2.0;-59.28
C3ED956DC1EDFE11F1557891FE699489;FC081C55582CED11A62CD892C0003F2A;2025-05-31;-2.0;-365.72
322416FBBD1EFE11F1557891FE69E489;FC081C55582CED11A62CD892C0003F2A;2025-05-31;-2.0;-258.42
46B63D2329363E11052F6792C000FF39;FC081C55582CED11A62CD892C0003F2A;2025-05-31;-2.0;-62.06
54BB07C40E4FBE11877210650500C069;FC081C55582CED11A62CD892C0003F2A;2025-05-31;-2.0;-422.56
7B0197A563DDFE11F1557891FE698489;FC081C55582CED11A62CD892C0003F2A;2025-05-31;-2.0;-680.04
2D4DA3DE19D9FE11128010650500E819;FC081C55582CED11A62CD892C0003F2A;2025-05-31;-2.0;-359.78
E8565A313EDBBE118772106505006C59;FC081C55582CED11A62CD892C0003F2A;2025-05-31;-4.0;-605.04
E42F2727A0651E1143F0668E4200EE89;FC081C55582CED11A62CD892C0003F2A;2025-05-31;-12.0;-1108.8
2B6A95D2BC1EFE11F1557891FE69E489;FC081C55582CED11A62CD892C0003F2A;2025-05-31;-2.0;-171.9
9687F7582642FE1191EE10650500CCB9;FC081C55582CED11A62CD892C0003F2A;2025-05-31;-4.0;-1600.06
3483AA28B22AFE11128010650500E819;FC081C55582CED11A62CD892C0003F2A;2025-05-31;36.0;7488.079999999999
C1D8EA98F0CAED11A62CD892C0003F2A;FC081C55582CED11A62CD892C0003F2A;2025-05-31;-2.0;-173.92
4D61CD5CEB01FE1191EE106505003BB9;FC081C55582CED11A62CD892C0003F2A;2025-05-31;-2.0;-58.82
8A0B0CB751CAED11A62CD892C0003F2A;FC081C55582CED11A62CD892C0003F2A;2025-05-31;-2.0;-677.08
152EE55D2640FE1191EE106505003AB9;FC081C55582CED11A62CD892C0003F2A;2025-05-31;-2.0;-198.52
0179FFD43EFBEE1191EE1065050029B9;FC081C55582CED11A62CD892C0003F2A;2025-05-31;-4.0;-3957.12
B8C8353BE0CAED11A62CD892C0003F2A;FC081C55582CED11A62CD892C0003F2A;2025-05-31;-2.0;-638.18
9497BF6A01CAED11A62CD892C0003F2A;FC081C55582CED11A62CD892C0003F2A;2025-05-31;-2.0;-609.0
8DFF0450D0CAED11A62CD892C0003F2A;FC081C55582CED11A62CD892C0003F2A;2025-05-31;-2.0;-199.46
56C7D916B0CAED11A62CD892C0003F2A;FC081C55582CED11A62CD892C0003F2A;2025-05-31;-2.0;-66.48
A220B4B3C533FE1191EE106505000EB9;FC081C55582CED11A62CD892C0003F2A;2025-05-31;-12.0;-1082.82
5E4D455DE0CAED11A62CD892C0003F2A;FC081C55582CED11A62CD892C0003F2A;2025-05-31;-2.0;-484.22
194745E91D95FE1191EE1065050031C9;FC081C55582CED11A62CD892C0003F2A;2025-05-31;-4.0;-745.4
7C670700E0CAED11A62CD892C0003F2A;FC081C55582CED11A62CD892C0003F2A;2025-05-31;-2.0;-158.6
4E955E04E0CAED11A62CD892C0003F2A;FC081C55582CED11A62CD892C0003F2A;2025-05-31;-2.0;-937.28
3EFE0A42662BDE11406610650500734A;FC081C55582CED11A62CD892C0003F2A;2025-05-31;-2.0;-396.0
B0991FA7BFCCDE11406610650500B54A;FC081C55582CED11A62CD892C0003F2A;2025-05-31;-2.0;-859.14
C0CDE11B55E0EE114066106505000B4A;FC081C55582CED11A62CD892C0003F2A;2025-05-31;-24.0;-3019.44
E3B03A5913FDDE11406610650500274A;FC081C55582CED11A62CD892C0003F2A;2025-05-31;-2.0;-461.44
648AE34FE0CAED11A62CD892C0003F2A;FC081C55582CED11A62CD892C0003F2A;2025-05-31;-6.0;-1350.0
7F6E5A09F97CDE11406610650500454A;FC081C55582CED11A62CD892C0003F2A;2025-05-31;-2.0;-144.64
ED141E002F399E11525010650500E94A;FC081C55582CED11A62CD892C0003F2A;2025-05-31;-2.0;-576.1
AEABCD6356AB1E1143F0668E4200EF5A;FC081C55582CED11A62CD892C0003F2A;2025-05-31;-6.0;-2188.32
CAB1D1177B7FAE11BE2110650500B45A;FC081C55582CED11A62CD892C0003F2A;2025-05-31;-2.0;-406.02
E136882211CAED11A62CD892C0003F2A;FC081C55582CED11A62CD892C0003F2A;2025-05-31;-4.0;-660.88
C0B0682B0464AE11726010650500635A;FC081C55582CED11A62CD892C0003F2A;2025-05-31;-2.0;-393.62
CCFC2A5277E48E113835BB6505009DAA;FC081C55582CED11A62CD892C0003F2A;2025-05-31;-2.0;-622.0
4616992BD0758E113835BB6505004EAA;FC081C55582CED11A62CD892C0003F2A;2025-05-31;-2.0;-496.4
95855FA758C6DE11C84610650500DE6A;FC081C55582CED11A62CD892C0003F2A;2025-05-31;-2.0;-67.32
7193A42C90458E113835BB6505000EAA;FC081C55582CED11A62CD892C0003F2A;2025-05-31;-6.0;-874.6800000000001
3B61F8905918DE11C84610650500807A;FC081C55582CED11A62CD892C0003F2A;2025-05-31;-2.0;-846.76
31F12591DA5C7E110819BB65050039AA;FC081C55582CED11A62CD892C0003F2A;2025-05-31;-2.0;-373.66
D37F39BF06F49E11554010650500DE3B;FC081C55582CED11A62CD892C0003F2A;2025-05-31;-2.0;-139.2
19C2A8954705EE11B1AD10650500A8EA;FC081C55582CED11A62CD892C0003F2A;2025-05-31;-2.0;-303.68
68BFEBC5BDB91E1143F0668E42006B8B;FC081C55582CED11A62CD892C0003F2A;2025-05-31;-2.0;-65.26
D12E65D2C70F9E117260106505009C4A;FC081C55582CED11A62CD892C0003F2A;2025-05-31;-4.0;-698.56
7A2F772E1BBE8E11F243BB650500B64B;FC081C55582CED11A62CD892C0003F2A;2025-05-31;-2.0;-500.84
DB5D45730A1D8E11F243BB650500944B;FC081C55582CED11A62CD892C0003F2A;2025-05-31;-2.0;-1560.0
9D8144B565919E11F243BB6505005A4B;FC081C55582CED11A62CD892C0003F2A;2025-05-31;-2.0;-930.56
D2CB1CCADAF69E11554010650500714B;FC081C55582CED11A62CD892C0003F2A;2025-05-31;-2.0;-278.8
ECF96EB03F5A4E1142D58A6505009C08;FC081C55582CED11A62CD892C0003F2A;2025-05-31;-2.0;-190.68
4371A3E4D81E4E1142D58A650500BC08;FC081C55582CED11A62CD892C0003F2A;2025-05-31;-2.0;-796.4
1ED9631B13836E11B7B78A6505003C08;FC081C55582CED11A62CD892C0003F2A;2025-05-31;-6.0;-460.98
4AF858DAE29F4E1142D58A650500BC08;FC081C55582CED11A62CD892C0003F2A;2025-05-31;-2.0;-555.98
D428258BEAEF4E1142D58A650500BC08;FC081C55582CED11A62CD892C0003F2A;2025-05-31;-2.0;-308.12
2CC504F625976E11B7B78A650500BC08;FC081C55582CED11A62CD892C0003F2A;2025-05-31;-2.0;-274.26
C77F8463B4D3DE11ADB310650500BFB8;FC081C55582CED11A62CD892C0003F2A;2025-05-31;-4.0;-88.22
7A394238127DCE11ADB31065050007B8;FC081C55582CED11A62CD892C0003F2A;2025-05-31;-2.0;-159.94
2DA90CDB0321DE11ADB3106505003CB8;FC081C55582CED11A62CD892C0003F2A;2025-05-31;-4.0;-292.0
38864DDF50667E11B7B78A650500ED08;FC081C55582CED11A62CD892C0003F2A;2025-05-31;-4.0;-1131.32
03CE2CEC0ED4DE11ADB31065050021C8;FC081C55582CED11A62CD892C0003F2A;2025-05-31;0.0;4.199999999999989
3A8FE3866C143E11052F6792C000FF39;FC081C55582CED11A62CD892C0003F2A;2025-05-31;-2.0;-598.88
3160794DCD1BFE11128010650500E819;FC081C55582CED11A62CD892C0003F2A;2025-05-31;-2.0;-498.58
B9956F1BCED4DE11ADB31065050021C8;FC081C55582CED11A62CD892C0003F2A;2025-05-31;-4.0;-670.74
19EDA4606880DE11ADB3106505005BB8;FC081C55582CED11A62CD892C0003F2A;2025-05-31;-2.0;-964.0
CDF25322065ECE11ADB31065050038B8;FC081C55582CED11A62CD892C0003F2A;2025-05-31;-2.0;-520.06
9564195612867E11B7B78A650500ED08;FC081C55582CED11A62CD892C0003F2A;2025-05-31;-2.0;-576.0
BC17097E566ACE11ADB310650500D2B8;FC081C55582CED11A62CD892C0003F2A;2025-05-31;-2.0;-959.8
90FF1B1F1506BE11877210650500F459;FC081C55582CED11A62CD892C0003F2A;2025-05-31;-2.0;-98.24
BE586399FC410F11112A674AC7E21989;FC081C55582CED11A62CD892C0003F2A;2025-05-31;-2.0;-166.0
BAEFF2C71ABAFE11128010650500E819;FC081C55582CED11A62CD892C0003F2A;2025-05-31;-2.0;-1676.06
AE645EFE8541DE11ADB3106505007CB8;FC081C55582CED11A62CD892C0003F2A;2025-05-31;-2.0;-704.34
FDB270BEED71FE1191EE10650500CBB9;FC081C55582CED11A62CD892C0003F2A;2025-05-31;-2.0;-651.8
662143E23BEBBE118772106505007C59;FC081C55582CED11A62CD892C0003F2A;2025-05-31;-4.0;-419.4
6698374B46B5EE1191EE1065050035B9;FC081C55582CED11A62CD892C0003F2A;2025-05-31;-2.0;-681.56
924E98BA2B9FFE11F1557891FE69C689;FC081C55582CED11A62CD892C0003F2A;2025-05-31;-2.0;-327.26
DA993E8BE3900F11F1557891FE690889;FC081C55582CED11A62CD892C0003F2A;2025-05-31;-6.0;-1766.64
B173426085FEFE11F1557891FE69F589;FC081C55582CED11A62CD892C0003F2A;2025-05-31;-2.0;-1352.26
777E2BCFFFB9BE11877210650500B959;FC081C55582CED11A62CD892C0003F2A;2025-05-31;-2.0;-187.36
27D222E52F2AEE1191EE1065050009B9;FC081C55582CED11A62CD892C0003F2A;2025-05-31;-2.0;-276.48
FC58AF4A8B5FBE11877210650500D069;FC081C55582CED11A62CD892C0003F2A;2025-05-31;-2.0;-316.92
9D2E8486AF6DFE11F1557891FE690489;FC081C55582CED11A62CD892C0003F2A;2025-05-31;-4.0;-456.0
3D04EEBA85FEFE11F1557891FE69F589;FC081C55582CED11A62CD892C0003F2A;2025-05-31;-2.0;-214.12
57F107EA01CAED11A62CD892C0003F2A;FC081C55582CED11A62CD892C0003F2A;2025-05-31;-4.0;-637.6
048CAF88F630FE1191EE106505002AB9;FC081C55582CED11A62CD892C0003F2A;2025-05-31;-2.0;-334.36
6E23E7646010FE1191EE10650500F9B9;FC081C55582CED11A62CD892C0003F2A;2025-05-31;-2.0;-2563.1
FA680BE491CAED11A62CD892C0003F2A;FC081C55582CED11A62CD892C0003F2A;2025-05-31;-2.0;-163.34
288D6DAFE1CAED11A62CD892C0003F2A;FC081C55582CED11A62CD892C0003F2A;2025-05-31;-2.0;-397.02
9B6358F11D1B9E115250106505004C4A;FC081C55582CED11A62CD892C0003F2A;2025-05-31;-4.0;-1709.12
7916621B97E88E11F243BB650500BE3B;FC081C55582CED11A62CD892C0003F2A;2025-05-31;-2.0;-107.32
1F875B049C97DE11C84610650500EF6A;FC081C55582CED11A62CD892C0003F2A;2025-05-31;-2.0;-442.16
8A85E00FA347DE11C846106505007F6A;FC081C55582CED11A62CD892C0003F2A;2025-05-31;-2.0;-1436.92
CF7C91D13034EE11B1AD1065050097EA;FC081C55582CED11A62CD892C0003F2A;2025-05-31;-2.0;-1848.9
25E3766058BDAE11BE2110650500725A;FC081C55582CED11A62CD892C0003F2A;2025-05-31;-2.0;-1405.88
61F26D5AFB5F7E110819BB65050039AA;FC081C55582CED11A62CD892C0003F2A;2025-05-31;-6.0;-262.78
F524D55F0C411E1143F0668E42008C3B;FC081C55582CED11A62CD892C0003F2A;2025-05-31;-4.0;-1181.0
F168FA210C088E11F243BB650500AD3B;FC081C55582CED11A62CD892C0003F2A;2025-05-31;-2.0;-677.7
987D12E0EDD4DE11ADB31065050021C8;FC081C55582CED11A62CD892C0003F2A;2025-05-31;-2.0;-397.04
6F0D42C9961ECE11ADB310650500E7B8;FC081C55582CED11A62CD892C0003F2A;2025-05-31;-2.0;-1087.94
45779F7BB2065E1142D58A650500DC08;FC081C55582CED11A62CD892C0003F2A;2025-05-31;-2.0;-68.82
913CDB5425CAFE11128010650500E819;FC081C55582CED11A62CD892C0003F2A;2025-05-31;-2.0;-1578.82
35E06407104FFE11F1557891FE695689;FC081C55582CED11A62CD892C0003F2A;2025-05-31;-2.0;-48.7
CEB0EF80D5D61E1143F0668E4200EE89;FC081C55582CED11A62CD892C0003F2A;2025-05-31;-2.0;-1144.0
4B3E818302CAED11A62CD892C0003F2A;FC081C55582CED11A62CD892C0003F2A;2025-05-31;-2.0;-118.24
AA933DD5919EBE11877210650500DF59;FC081C55582CED11A62CD892C0003F2A;2025-05-31;-6.0;-167.16
DBEE1B91FFBAED11A62CD892C0003F2A;FC081C55582CED11A62CD892C0003F2A;2025-05-31;-2.0;-633.92
4111358D85802E1143F0668E4200C71A;FC081C55582CED11A62CD892C0003F2A;2025-05-31;-2.0;-628.64
B43669584FC70E11A4A96492C000EC6A;FC081C55582CED11A62CD892C0003F2A;2025-05-31;-2.0;-1175.36
F8DC2E0CA70F9E117260106505009C4A;FC081C55582CED11A62CD892C0003F2A;2025-05-31;-4.0;-698.56
2A05EA5BA2C79E11554010650500724B;FC081C55582CED11A62CD892C0003F2A;2025-05-31;-2.0;-921.88
FD003A7B4D5ADE11406610650500624A;FC081C55582CED11A62CD892C0003F2A;2025-05-31;-2.0;-854.0
61FCC6ED04B0EE11406610650500CA4A;FC081C55582CED11A62CD892C0003F2A;2025-05-31;-2.0;-344.06
336D28191B4AAE11BE21106505001E4A;FC081C55582CED11A62CD892C0003F2A;2025-05-31;-2.0;-432.72
A0FAF84F8F12EE11406610650500AC4A;FC081C55582CED11A62CD892C0003F2A;2025-05-31;-2.0;-300.0
52BC0A2547FF4E1142D58A650500BC08;B0BDDED34CC83E11052F6792C000B249;2025-05-31;-8.0;-70.46000000000001
638095B234D04E1142D58A650500DB08;B0BDDED34CC83E11052F6792C000B249;2025-05-31;-4.0;-472.4
E73E9771162C6E11B7B78A650500BC08;B0BDDED34CC83E11052F6792C000B249;2025-05-31;-2.0;-316.6
492E78998B206E1142D58A650500AD08;B0BDDED34CC83E11052F6792C000B249;2025-05-31;-2.0;-765.24
CBC786987F8FCE11ADB310650500E9B8;B0BDDED34CC83E11052F6792C000B249;2025-05-31;-10.0;-768.3
0112EC5532C67E11B7B78A650500ED08;B0BDDED34CC83E11052F6792C000B249;2025-05-31;-2.0;-64.42
E02476B08092DE11ADB3106505001EB8;B0BDDED34CC83E11052F6792C000B249;2025-05-31;-2.0;-191.74
11E0D76E4644DE11ADB31065050060C8;B0BDDED34CC83E11052F6792C000B249;2025-05-31;-2.0;-320.2
B1C1F3188C82DE11ADB3106505001EB8;B0BDDED34CC83E11052F6792C000B249;2025-05-31;-2.0;-808.12
10E000CE02192E11052F6792C0007F39;B0BDDED34CC83E11052F6792C000B249;2025-05-31;-8.0;-1525.68
5E0E0DF22B7AFE11128010650500E819;B0BDDED34CC83E11052F6792C000B249;2025-05-31;-4.0;-522.86
AD24CEC91B8E0E1143F0668E42001D49;B0BDDED34CC83E11052F6792C000B249;2025-05-31;-2.0;-702.8
687539341767BE11877210650500B659;B0BDDED34CC83E11052F6792C000B249;2025-05-31;-2.0;-168.06
5E031EC32123CE11877210650500A569;B0BDDED34CC83E11052F6792C000B249;2025-05-31;-2.0;-66.82
4E98CB4091663E11052F6792C000FF39;B0BDDED34CC83E11052F6792C000B249;2025-05-31;-4.0;-816.8
2D3B73B38ABAFE11128010650500E819;B0BDDED34CC83E11052F6792C000B249;2025-05-31;-4.0;-118.56
0F990BED90CAED11A62CD892C0003F2A;B0BDDED34CC83E11052F6792C000B249;2025-05-31;-6.0;-2053.38
C3ADC40BBE6DFE11F1557891FE690489;B0BDDED34CC83E11052F6792C000B249;2025-05-31;-6.0;-915.5999999999999
4024FA47EBF22E1143F0668E4200C71A;B0BDDED34CC83E11052F6792C000B249;2025-05-31;-2.0;-347.72
E1630F091253FE1191EE106505002EB9;B0BDDED34CC83E11052F6792C000B249;2025-05-31;-2.0;-328.66
42127B5057AEEE1191EE1065050029B9;B0BDDED34CC83E11052F6792C000B249;2025-05-31;-8.0;-732.64
0AA5C53319730F1158A3BB3DBE8EEB89;B0BDDED34CC83E11052F6792C000B249;2025-05-31;-2.0;-348.1
F7B9B031FF13CE11877210650500A569;B0BDDED34CC83E11052F6792C000B249;2025-05-31;-6.0;-274.24
CE37AB19300EEE1191EE1065050029B9;B0BDDED34CC83E11052F6792C000B249;2025-05-31;-2.0;-459.2
B3C077B82642FE1191EE10650500CCB9;B0BDDED34CC83E11052F6792C000B249;2025-05-31;-2.0;-1376.82
FB4B0EAC17C2FE1191EE106505006DB9;B0BDDED34CC83E11052F6792C000B249;2025-05-31;-2.0;-213.3
97CC8A62B257DE11C846106505008F6A;B0BDDED34CC83E11052F6792C000B249;2025-05-31;-8.0;-204.0
A65FC1167A5D7E110819BB65050039AA;B0BDDED34CC83E11052F6792C000B249;2025-05-31;-8.0;-43.52
5A8E4EEB4A90EE11406610650500AA4A;B0BDDED34CC83E11052F6792C000B249;2025-05-31;-2.0;-292.38
C3CC756FD0C89E11525010650500394A;B0BDDED34CC83E11052F6792C000B249;2025-05-31;-4.0;-442.2
EC10612044AE9E117260106505001C4A;B0BDDED34CC83E11052F6792C000B249;2025-05-31;-4.0;-585.56
2C0B62D573F7DE11C84610650500507A;B0BDDED34CC83E11052F6792C000B249;2025-05-31;-4.0;-242.52
235A9EACB4E9AE11BE21106505009D4A;B0BDDED34CC83E11052F6792C000B249;2025-05-31;-2.0;-861.68
0910BA7BB78EED11A62CD892C000399B;B0BDDED34CC83E11052F6792C000B249;2025-05-31;-4.0;-453.28
5CF8BAC793688E11F243BB6505001E3B;B0BDDED34CC83E11052F6792C000B249;2025-05-31;-4.0;-142.12
AD578A3013798E11F243BB6505006F3B;B0BDDED34CC83E11052F6792C000B249;2025-05-31;-2.0;-636.12
CD9C9EF6646C6E11B7B78A650500BC08;B0BDDED34CC83E11052F6792C000B249;2025-05-31;-2.0;-193.0
7D01D83D346C6E11B7B78A650500BC08;B0BDDED34CC83E11052F6792C000B249;2025-05-31;-2.0;-193.0
FD3F368B97FF4E1142D58A650500BC08;B0BDDED34CC83E11052F6792C000B249;2025-05-31;-2.0;-49.0
3E23388C83A76E11B7B78A650500BC08;B0BDDED34CC83E11052F6792C000B249;2025-05-31;-2.0;-485.12
608444C0C60C4E1142D58A650500BC08;B0BDDED34CC83E11052F6792C000B249;2025-05-31;-2.0;-859.16
61B7D62572907E11B7B78A650500CD08;B0BDDED34CC83E11052F6792C000B249;2025-05-31;-4.0;-716.0
396E744FAC58FE11128010650500D819;B0BDDED34CC83E11052F6792C000B249;2025-05-31;-2.0;-132.0
97F998016ADDFD11A4A96492C0006D28;B0BDDED34CC83E11052F6792C000B249;2025-05-31;-2.0;-330.44
F5C36E0D7D79FE11128010650500E819;B0BDDED34CC83E11052F6792C000B249;2025-05-31;-2.0;-135.74
80120B04BB733E11052F6792C000CF39;B0BDDED34CC83E11052F6792C000B249;2025-05-31;2.0;546.7199999999999
920B7F2413001E1143F0668E42007A39;B0BDDED34CC83E11052F6792C000B249;2025-05-31;-2.0;-532.86
BD6AEE3733983E11052F6792C000B249;B0BDDED34CC83E11052F6792C000B249;2025-05-31;-4.0;-1389.7
B29D8F6D7EDBBE118772106505006C59;B0BDDED34CC83E11052F6792C000B249;2025-05-31;-2.0;-66.52
2DB179E4EA93FE1191EE106505009EB9;B0BDDED34CC83E11052F6792C000B249;2025-05-31;-2.0;-435.0
9CC9CBD168400F11F1557891FE69A789;B0BDDED34CC83E11052F6792C000B249;2025-05-31;-20.0;-284.0
746DC40BBE6DFE11F1557891FE690489;B0BDDED34CC83E11052F6792C000B249;2025-05-31;-8.0;-680.96
EDD1574CE142DE11ADB310650500BDB8;B0BDDED34CC83E11052F6792C000B249;2025-05-31;-2.0;-72.1
79C3EEBA85FEFE11F1557891FE69F589;B0BDDED34CC83E11052F6792C000B249;2025-05-31;-2.0;-226.7
CC5247CBE04BEE1191EE1065050029B9;B0BDDED34CC83E11052F6792C000B249;2025-05-31;-2.0;-1810.08
32947BE64C63CE118772106505000669;B0BDDED34CC83E11052F6792C000B249;2025-05-31;-4.0;-61.62
40706CAC2C2DFE11F1557891FE69B389;B0BDDED34CC83E11052F6792C000B249;2025-05-31;-2.0;-327.6
9E08FF04BC56FE1191EE1065050022C9;B0BDDED34CC83E11052F6792C000B249;2025-05-31;-2.0;-1678.44
DD4EFCCBCE13FE1191EE10650500EDB9;B0BDDED34CC83E11052F6792C000B249;2025-05-31;-2.0;-534.12
92688FE4F3C2FE1191EE106505006DB9;B0BDDED34CC83E11052F6792C000B249;2025-05-31;-2.0;-135.1
EE280D4ACE23FD110DC22A92C000C499;B0BDDED34CC83E11052F6792C000B249;2025-05-31;-2.0;-312.8
5293ED836366EE1191EE1065050016B9;B0BDDED34CC83E11052F6792C000B249;2025-05-31;-2.0;-182.18
F11EE46170EFFE11F1557891FE692789;B0BDDED34CC83E11052F6792C000B249;2025-05-31;-4.0;-444.0
90E505C0ECE7EE1191EE10650500B7B9;B0BDDED34CC83E11052F6792C000B249;2025-05-31;-4.0;-28.0
E1E2A38201CAED11A62CD892C0003F2A;B0BDDED34CC83E11052F6792C000B249;2025-05-31;-2.0;-72.48
7C4219A7CF2FFE11F1557891FE694689;B0BDDED34CC83E11052F6792C000B249;2025-05-31;-2.0;-157.94
A2DD54E5D0CAED11A62CD892C0003F2A;B0BDDED34CC83E11052F6792C000B249;2025-05-31;-2.0;-327.26
A29C76A400CAED11A62CD892C0003F2A;B0BDDED34CC83E11052F6792C000B249;2025-05-31;-2.0;-320.5
782BE0D0BDE7EE1191EE10650500B7B9;B0BDDED34CC83E11052F6792C000B249;2025-05-31;-2.0;-84.16
11FFC2D8244FDE11406610650500F84A;B0BDDED34CC83E11052F6792C000B249;2025-05-31;-2.0;-2461.46
E25672E3D6D89E11525010650500594A;B0BDDED34CC83E11052F6792C000B249;2025-05-31;-2.0;-638.66
13BB500B8FCA9E11525010650500EB4A;B0BDDED34CC83E11052F6792C000B249;2025-05-31;-4.0;-126.5
745BD54551CAED11A62CD892C0003F2A;B0BDDED34CC83E11052F6792C000B249;2025-05-31;-2.0;-370.78
CF1DE08C639F9E117260106505004D4A;B0BDDED34CC83E11052F6792C000B249;2025-05-31;-2.0;-49.8
E947C7327DCA9E11525010650500EB4A;B0BDDED34CC83E11052F6792C000B249;2025-05-31;-2.0;-642.5
E77D6519E7E97E110819BB65050019AA;B0BDDED34CC83E11052F6792C000B249;2025-05-31;-2.0;-501.84
ACBD467DE261AE117260106505009F4A;B0BDDED34CC83E11052F6792C000B249;2025-05-31;-2.0;-306.0
4BFA031E8430EE114066106505002A4A;B0BDDED34CC83E11052F6792C000B249;2025-05-31;-2.0;-43.58
AB4F278C0ADEAE11BE2110650500E35A;B0BDDED34CC83E11052F6792C000B249;2025-05-31;-8.0;-297.2
7068680B63028E117E64BB650500E9AA;B0BDDED34CC83E11052F6792C000B249;2025-05-31;-4.0;-460.70000000000005
0B7EA63568A39E115540106505001D3B;B0BDDED34CC83E11052F6792C000B249;2025-05-31;-2.0;-653.14
909E5EB85ED4EE11B1AD1065050078EA;B0BDDED34CC83E11052F6792C000B249;2025-05-31;-2.0;-64.12
8922AE49F1521E1143F0668E42008C3B;B0BDDED34CC83E11052F6792C000B249;2025-05-31;-2.0;-416.64
F1A3C27DA765EE11B1AD1065050039EA;B0BDDED34CC83E11052F6792C000B249;2025-05-31;-2.0;-208.36
7C9FA0DA736F1E1143F0668E4200AE5A;B0BDDED34CC83E11052F6792C000B249;2025-05-31;-6.0;-360.8
DE796FC88BCE8E11F243BB650500C64B;B0BDDED34CC83E11052F6792C000B249;2025-05-31;-2.0;-288.44
96C6CF0A77ADDE11406610650500C64A;B0BDDED34CC83E11052F6792C000B249;2025-05-31;238.0;618.4200000000001
556D8486AF6DFE11F1557891FE690489;B0BDDED34CC83E11052F6792C000B249;2025-05-31;-2.0;-228.0
C3CF9F1F2E456E11B7B78A650500BC08;44673735EAF46E11B7B78A650500BC08;2025-05-31;-6.0;-5107.04
262352B9AC456E11B7B78A650500BC08;44673735EAF46E11B7B78A650500BC08;2025-05-31;2.0;123.16
A1B4CD08E5796E11B7B78A650500BC08;44673735EAF46E11B7B78A650500BC08;2025-05-31;-10.0;-1958.9599999999998
E3E3BB9B30556E11B7B78A650500BC08;44673735EAF46E11B7B78A650500BC08;2025-05-31;-2.0;-192.46
905CB9922E456E11B7B78A650500BC08;44673735EAF46E11B7B78A650500BC08;2025-05-31;-2.0;-815.86
B049BD7C6D456E11B7B78A650500BC08;44673735EAF46E11B7B78A650500BC08;2025-05-31;-146.0;-1314.0
DB9C305862065E1142D58A650500DC08;44673735EAF46E11B7B78A650500BC08;2025-05-31;-2.0;-147.66
76003B5ECD456E11B7B78A650500BC08;44673735EAF46E11B7B78A650500BC08;2025-05-31;-2.0;-753.82
E8CE72C3DD7A6E11B7B78A650500BC08;44673735EAF46E11B7B78A650500BC08;2025-05-31;-4.0;-8600.0
54C61CDD472C6E11B7B78A650500BC08;44673735EAF46E11B7B78A650500BC08;2025-05-31;-4.0;-311.2
63403737EAE66E11B7B78A650500BC08;44673735EAF46E11B7B78A650500BC08;2025-05-31;-2.0;-1184.78
89DF89D16F5CCE11ADB31065050095B8;44673735EAF46E11B7B78A650500BC08;2025-05-31;-2.0;-37.98
11D198AE566ACE11ADB310650500D2B8;44673735EAF46E11B7B78A650500BC08;2025-05-31;-8.0;-1486.48
CDA85DD95D456E11B7B78A650500BC08;44673735EAF46E11B7B78A650500BC08;2025-05-31;-6.0;-230.28000000000003
E0AFE8898284DE11ADB310650500B0C8;44673735EAF46E11B7B78A650500BC08;2025-05-31;-6.0;-302.4
3AFE6B0BCED4DE11ADB31065050021C8;44673735EAF46E11B7B78A650500BC08;2025-05-31;-2.0;-367.2
6CD31F9234627E11B7B78A650500CD08;44673735EAF46E11B7B78A650500BC08;2025-05-31;-6.0;-373.79999999999995
FDA87E5C45B4DE11ADB310650500F0C8;44673735EAF46E11B7B78A650500BC08;2025-05-31;-10.0;-1173.5
57A7D6A0BAC9FE11128010650500E819;44673735EAF46E11B7B78A650500BC08;2025-05-31;-2.0;-61.6
DAFECA506B1C6E11B7B78A650500BC08;44673735EAF46E11B7B78A650500BC08;2025-05-31;-4.0;-1186.76
0F5C2852782DCE11ADB310650500A6B8;44673735EAF46E11B7B78A650500BC08;2025-05-31;-2.0;-252.0
5CEB5D8DD22BBE118772106505007B59;44673735EAF46E11B7B78A650500BC08;2025-05-31;-6.0;-185.4
1BB5599185ECBE11877210650500BD59;44673735EAF46E11B7B78A650500BC08;2025-05-31;-12.0;-1015.24
767E6E57CB70DE11ADB3106505004BB8;44673735EAF46E11B7B78A650500BC08;2025-05-31;-2.0;-211.08
901142C8008CBE118772106505003D59;44673735EAF46E11B7B78A650500BC08;2025-05-31;6.0;2352.2399999999993
9310211B9BE83E11052F6792C000D249;44673735EAF46E11B7B78A650500BC08;2025-05-31;-2.0;-179.52
C910B67219A47E11B7B78A650500ED08;44673735EAF46E11B7B78A650500BC08;2025-05-31;-2.0;-318.54
4B9B68F25929FE11128010650500E819;44673735EAF46E11B7B78A650500BC08;2025-05-31;-2.0;-1419.72
66E044E2C92F6E11B7B78A650500CD08;44673735EAF46E11B7B78A650500BC08;2025-05-31;-2.0;-10.54
1CEB5D8DD22BBE118772106505007B59;44673735EAF46E11B7B78A650500BC08;2025-05-31;-32.0;-988.8
5F2772128762CE11877210650500B469;44673735EAF46E11B7B78A650500BC08;2025-05-31;-4.0;-864.0
033DC3D54575EE1191EE10650500D4B9;44673735EAF46E11B7B78A650500BC08;2025-05-31;-12.0;-655.2
5B0C3ACEDC410F11112A674AC7E21989;44673735EAF46E11B7B78A650500BC08;2025-05-31;-4.0;-536.0
74847656E039EE1191EE1065050009B9;44673735EAF46E11B7B78A650500BC08;2025-05-31;-6.0;-238.14
377FD51802010F11112A674AC7E2B889;44673735EAF46E11B7B78A650500BC08;2025-05-31;-2.0;-546.0
0C8A901300E7EE1191EE10650500A7B9;44673735EAF46E11B7B78A650500BC08;2025-05-31;-2.0;-27.26
9003A200FFAFFE11F1557891FE69E689;44673735EAF46E11B7B78A650500BC08;2025-05-31;-4.0;-321.0
9C25929B162FFE11F1557891FE693689;44673735EAF46E11B7B78A650500BC08;2025-05-31;-2.0;-900.0
BCDB9CDFCD00EE11406610650500F94A;44673735EAF46E11B7B78A650500BC08;2025-05-31;-2.0;-128.0
F94AE5A855130F114EF7A826072B6B89;44673735EAF46E11B7B78A650500BC08;2025-05-31;-2.0;-45.12
8105BC2B50A7FE1191EE10650500D3C9;44673735EAF46E11B7B78A650500BC08;2025-05-31;-6.0;-894.0
C8B7FCBFE0CAED11A62CD892C0003F2A;44673735EAF46E11B7B78A650500BC08;2025-05-31;-4.0;-679.16
EEDB5ACB1B84BE11BE21106505002B5A;44673735EAF46E11B7B78A650500BC08;2025-05-31;-2.0;-312.82
9CF2C1FDABE1EE114066106505006C4A;44673735EAF46E11B7B78A650500BC08;2025-05-31;-4.0;-152.4
5A34420B9340FE1191EE106505003AB9;44673735EAF46E11B7B78A650500BC08;2025-05-31;-2.0;-1113.02
B559173959B1EE114066106505001C4A;44673735EAF46E11B7B78A650500BC08;2025-05-31;-4.0;-117.24
E45127FF681FAE11BE2110650500345A;44673735EAF46E11B7B78A650500BC08;2025-05-31;-10.0;-1390.0
6489EDCDEE2FEE1191EE1065050029B9;44673735EAF46E11B7B78A650500BC08;2025-05-31;-4.0;-143.08
79375A67B5EEAE11BE2110650500F35A;44673735EAF46E11B7B78A650500BC08;2025-05-31;-8.0;-496.0
7CE3BDB8ED618E110819BB65050039AA;44673735EAF46E11B7B78A650500BC08;2025-05-31;-2.0;-556.78
F8DC2FDC72C97E110819BB65050019AA;44673735EAF46E11B7B78A650500BC08;2025-05-31;-4.0;-382.54
46A90C9EB8648E113835BB650500FCAA;44673735EAF46E11B7B78A650500BC08;2025-05-31;-370.0;-6660.0
16736176E770BE11BE2110650500F55A;44673735EAF46E11B7B78A650500BC08;2025-05-31;-2.0;-94.28
8CA19DBBBE81BE11BE2110650500575A;44673735EAF46E11B7B78A650500BC08;2025-05-31;-2.0;-42.32
29C33C9DD6568E11F243BB6505007B3B;44673735EAF46E11B7B78A650500BC08;2025-05-31;-6.0;-305.06
622BB5EEEF15EE11B1AD10650500C8EA;44673735EAF46E11B7B78A650500BC08;2025-05-31;-2.0;-133.26
9865CD2FDC9F7E110819BB65050039AA;44673735EAF46E11B7B78A650500BC08;2025-05-31;-2.0;-60.46
60E967BC904D7E110819BB65050039AA;44673735EAF46E11B7B78A650500BC08;2025-05-31;-10.0;-275.0
FF814C4E45CF8E11F243BB650500084B;44673735EAF46E11B7B78A650500BC08;2025-05-31;-4.0;-152.52
92390B7886AA7E110819BB65050039AA;44673735EAF46E11B7B78A650500BC08;2025-05-31;-2.0;-945.32
4B4583BE45CF8E11F243BB650500084B;44673735EAF46E11B7B78A650500BC08;2025-05-31;-4.0;-148.26
019222829A5C6E11B7B78A650500BC08;44673735EAF46E11B7B78A650500BC08;2025-05-31;-4.0;-884.0
E128F5E1F61E4E1142D58A650500BC08;44673735EAF46E11B7B78A650500BC08;2025-05-31;-4.0;-667.6
B32A59F44E456E11B7B78A650500BC08;44673735EAF46E11B7B78A650500BC08;2025-05-31;-2.0;-154.0
62186D999C456E11B7B78A650500BC08;44673735EAF46E11B7B78A650500BC08;2025-05-31;-36.0;-492.64
8CC9A424E9456E11B7B78A650500BC08;44673735EAF46E11B7B78A650500BC08;2025-05-31;-2.0;-256.12
1720A6DBE1027E11B7B78A650500CD08;44673735EAF46E11B7B78A650500BC08;2025-05-31;-4.0;-3024.0
B15559B666767E11B7B78A650500ED08;44673735EAF46E11B7B78A650500BC08;2025-05-31;-6.0;-900.42
A5D407DF7D456E11B7B78A650500BC08;44673735EAF46E11B7B78A650500BC08;2025-05-31;-2.0;-12.4
81F39BB0538E6E11B7B78A6505003D08;44673735EAF46E11B7B78A650500BC08;2025-05-31;-2.0;-2243.62
2C143697015B6E11B7B78A650500BC08;44673735EAF46E11B7B78A650500BC08;2025-05-31;-4.0;-2354.16
D4759C2A10556E11B7B78A650500BC08;44673735EAF46E11B7B78A650500BC08;2025-05-31;-2.0;-569.22
9D4A76D36D7DBE118772106505007E59;44673735EAF46E11B7B78A650500BC08;2025-05-31;-8.0;-448.0
7D6FB9B5BB363E11052F6792C000FF39;44673735EAF46E11B7B78A650500BC08;2025-05-31;-2.0;-108.16
5CF310464667BE11877210650500B659;44673735EAF46E11B7B78A650500BC08;2025-05-31;-4.0;-7540.84
A26029B19D147E11B7B78A650500ED08;44673735EAF46E11B7B78A650500BC08;2025-05-31;-2.0;-610.6
B1E0BA67146B3E11052F6792C000D249;44673735EAF46E11B7B78A650500BC08;2025-05-31;-2.0;-71.66
A70D8817F29DFE11F1557891FE693489;44673735EAF46E11B7B78A650500BC08;2025-05-31;-4.0;-5714.92
86C93326AB98EE1191EE10650500A8B9;44673735EAF46E11B7B78A650500BC08;2025-05-31;-2.0;-1850.0
0772CA405F35CE11ADB3106505001DA8;44673735EAF46E11B7B78A650500BC08;2025-05-31;-2.0;-255.56
45D03DCE127C2E11052F6792C000CF39;44673735EAF46E11B7B78A650500BC08;2025-05-31;-4.0;-392.4
DF16F9B3CBFCEE1191EE1065050029B9;44673735EAF46E11B7B78A650500BC08;2025-05-31;-2.0;-3033.3
EC4DE97212EFFE11F1557891FE692789;44673735EAF46E11B7B78A650500BC08;2025-05-31;-4.0;-247.64
D2EA740B635DEE1191EE1065050029B9;44673735EAF46E11B7B78A650500BC08;2025-05-31;-6.0;-1341.72
2961BBF7F62FFE11F1557891FE693689;44673735EAF46E11B7B78A650500BC08;2025-05-31;-2.0;-140.0
40B4BA3ED4BBEE1191EE1065050029B9;44673735EAF46E11B7B78A650500BC08;2025-05-31;-4.0;-288.0
8D1E371F46CCDE11406610650500A54A;44673735EAF46E11B7B78A650500BC08;2025-05-31;-2.0;-149.62
AFEAD3CD653DDE11406610650500364A;44673735EAF46E11B7B78A650500BC08;2025-05-31;-2.0;-127.62
ED56DC6DABE1EE114066106505006C4A;44673735EAF46E11B7B78A650500BC08;2025-05-31;-4.0;-1130.8
867C66A9B2C0AE11726010650500CE4A;44673735EAF46E11B7B78A650500BC08;2025-05-31;-2.0;-111.72
A055F6CC8D97DE11C84610650500EF6A;44673735EAF46E11B7B78A650500BC08;2025-05-31;-22.0;-791.94
E83E669409FEFD11A4A96492C000DFF9;44673735EAF46E11B7B78A650500BC08;2025-05-31;-6.0;-196.5
6BECC57DBE6DAE11BE2110650500125A;44673735EAF46E11B7B78A650500BC08;2025-05-31;-2.0;-552.06
2D280C348FCA9E11525010650500EB4A;44673735EAF46E11B7B78A650500BC08;2025-05-31;-4.0;-70.52
1675D360BD148E113835BB6505009CAA;44673735EAF46E11B7B78A650500BC08;2025-05-31;-2.0;-656.0
CA6B84CED87C8E11F243BB650500A34B;44673735EAF46E11B7B78A650500BC08;2025-05-31;-4.0;-344.0
4CAE6CB184EBDE11406610650500744A;44673735EAF46E11B7B78A650500BC08;2025-05-31;-2.0;-202.34
3384E8CF89098E11F243BB650500EE3B;44673735EAF46E11B7B78A650500BC08;2025-05-31;-2.0;-211.64
CD87CEAC2BC59E11554010650500FF3B;44673735EAF46E11B7B78A650500BC08;2025-05-31;-2.0;-158.08
FD13DC9FB3B09E11F243BB650500394B;44673735EAF46E11B7B78A650500BC08;2025-05-31;-10.0;-500.0
3DF87C92AD459E115540106505005F3B;44673735EAF46E11B7B78A650500BC08;2025-05-31;-2.0;-329.4
75F75042DD456E11B7B78A650500BC08;44673735EAF46E11B7B78A650500BC08;2025-05-31;-2.0;-724.0
262DC58CEE456E11B7B78A650500BC08;44673735EAF46E11B7B78A650500BC08;2025-05-31;-4.0;-372.92
2D3AE6B8CC456E11B7B78A650500BC08;44673735EAF46E11B7B78A650500BC08;2025-05-31;-2.0;-690.38
6B8A12CEF37C6E11B7B78A650500BC08;44673735EAF46E11B7B78A650500BC08;2025-05-31;-2.0;-970.0
73C92B5255AE4E1142D58A650500BC08;44673735EAF46E11B7B78A650500BC08;2025-05-31;-2.0;-91.94
69B373561D456E11B7B78A650500BC08;44673735EAF46E11B7B78A650500BC08;2025-05-31;-36.0;-9432.0
338F71D8E13E4E1142D58A650500BC08;44673735EAF46E11B7B78A650500BC08;2025-05-31;-2.0;-333.8
242FBA0ACD456E11B7B78A650500BC08;44673735EAF46E11B7B78A650500BC08;2025-05-31;-2.0;-488.0
307C7BB079F37E11B7B78A650500DD08;44673735EAF46E11B7B78A650500BC08;2025-05-31;-2.0;-1000.0
7225ABA6AAB27E11B7B78A650500DD08;44673735EAF46E11B7B78A650500BC08;2025-05-31;-2.0;-1833.22
AFD5097D34885E1142D58A650500DC08;44673735EAF46E11B7B78A650500BC08;2025-05-31;-2.0;-44.0
FD43EBA198B37E11B7B78A650500DD08;44673735EAF46E11B7B78A650500BC08;2025-05-31;-2.0;-130.12
9F4E0C07AAB27E11B7B78A650500DD08;44673735EAF46E11B7B78A650500BC08;2025-05-31;-2.0;-329.56
892B2E50EE417E11B7B78A650500CD08;44673735EAF46E11B7B78A650500BC08;2025-05-31;-2.0;-343.0
DCECD7BFC688CE11ADB31065050070B8;44673735EAF46E11B7B78A650500BC08;2025-05-31;-2.0;-167.52
CB7BCC437696DE11ADB31065050053C8;44673735EAF46E11B7B78A650500BC08;2025-05-31;-2.0;-212.9
9C46F3C720BACE11ADB31065050033B8;44673735EAF46E11B7B78A650500BC08;2025-05-31;-2.0;-709.16
335559B666767E11B7B78A650500ED08;44673735EAF46E11B7B78A650500BC08;2025-05-31;-2.0;-300.1
FC080E97B465CE11ADB3106505002DA8;44673735EAF46E11B7B78A650500BC08;2025-05-31;-10.0;-756.74
4E32487BF356DE11ADB31065050003C8;44673735EAF46E11B7B78A650500BC08;2025-05-31;-2.0;-76.0
D97016803EA0CE118772106505008269;44673735EAF46E11B7B78A650500BC08;2025-05-31;-2.0;-951.72
B5EE881C0080DE11ADB3106505004BB8;44673735EAF46E11B7B78A650500BC08;2025-05-31;-2.0;-104.82
27E7E260EAD7CE11ADB3106505008FA8;44673735EAF46E11B7B78A650500BC08;2025-05-31;-6.0;-473.44
68BCE54FEC3ABE118772106505005A59;44673735EAF46E11B7B78A650500BC08;2025-05-31;-2.0;-308.92
0B17619EC688CE11ADB31065050070B8;44673735EAF46E11B7B78A650500BC08;2025-05-31;-2.0;-119.54
BDA4336C478B3E11052F6792C000D249;44673735EAF46E11B7B78A650500BC08;2025-05-31;-4.0;-265.4
9D97B3B557400F11F1557891FE69A789;44673735EAF46E11B7B78A650500BC08;2025-05-31;-2.0;-2430.0
D0E20C1FDC3ABE118772106505005A59;44673735EAF46E11B7B78A650500BC08;2025-05-31;-26.0;-1291.96
E8425DFC432ABE118772106505003A59;44673735EAF46E11B7B78A650500BC08;2025-05-31;-6.0;-353.64
279ABECC31993E11052F6792C000D249;44673735EAF46E11B7B78A650500BC08;2025-05-31;-2.0;-476.8
9698A416CFACEE1191EE1065050029B9;44673735EAF46E11B7B78A650500BC08;2025-05-31;-2.0;-288.0
FDB270C356D9EE1191EE1065050009B9;44673735EAF46E11B7B78A650500BC08;2025-05-31;-30.0;-3510.0
C35BC3C16FFEFE11F1557891FE690689;44673735EAF46E11B7B78A650500BC08;2025-05-31;-2.0;-110.0
A39E99104DFFFE11F1557891FE694789;44673735EAF46E11B7B78A650500BC08;2025-05-31;-2.0;-434.6
E59B72C890CAED11A62CD892C0003F2A;44673735EAF46E11B7B78A650500BC08;2025-05-31;-4.0;-375.2
06F8A933DFA7FE1191EE10650500E3C9;44673735EAF46E11B7B78A650500BC08;2025-05-31;-2.0;-262.2
F50ACCB014D9DE11406610650500B14A;44673735EAF46E11B7B78A650500BC08;2025-05-31;-6.0;-64.46
D3C294F078C1EE114066106505003C4A;44673735EAF46E11B7B78A650500BC08;2025-05-31;-2.0;-1032.0
6B540B68152BDE11406610650500734A;44673735EAF46E11B7B78A650500BC08;2025-05-31;-4.0;-1002.1800000000001
C9FA32743E4DDE11406610650500564A;44673735EAF46E11B7B78A650500BC08;2025-05-31;-2.0;-546.38
3F191B1B408ADE11406610650500924A;44673735EAF46E11B7B78A650500BC08;2025-05-31;-6.0;-636.0
13BB500B8FCA9E11525010650500EB4A;44673735EAF46E11B7B78A650500BC08;2025-05-31;-2.0;-63.24
8A37BBDE510CEE1191EE1065050029B9;44673735EAF46E11B7B78A650500BC08;2025-05-31;-2.0;-2600.0
61CD8984ABE1EE114066106505006C4A;44673735EAF46E11B7B78A650500BC08;2025-05-31;-2.0;-180.0
C48710437046AE11BE2110650500F84A;44673735EAF46E11B7B78A650500BC08;2025-05-31;-4.0;-547.72
D8D45E0FB6197E110819BB65050009AA;44673735EAF46E11B7B78A650500BC08;2025-05-31;-2.0;-106.32
E2469E05C11A8E11F243BB650500304B;44673735EAF46E11B7B78A650500BC08;2025-05-31;-2.0;-208.28
1C2BB701BD889E11525010650500F84A;44673735EAF46E11B7B78A650500BC08;2025-05-31;-2.0;-158.0
E43956F7E770BE11BE2110650500F55A;44673735EAF46E11B7B78A650500BC08;2025-05-31;-2.0;-21.44
0910BA7BB78EED11A62CD892C000399B;44673735EAF46E11B7B78A650500BC08;2025-05-31;-2.0;-226.64
5CF448ED45CF8E11F243BB650500084B;44673735EAF46E11B7B78A650500BC08;2025-05-31;-4.0;-164.74
54567A8F2E456E11B7B78A650500BC08;44673735EAF46E11B7B78A650500BC08;2025-05-31;-2.0;-662.0
D824051B94AE0E1143F0668E42001D49;44673735EAF46E11B7B78A650500BC08;2025-05-31;-2.0;-50.6
FCD31F9234627E11B7B78A650500CD08;44673735EAF46E11B7B78A650500BC08;2025-05-31;-2.0;-172.02
9718385D4DA1EE114066106505000C4A;44673735EAF46E11B7B78A650500BC08;2025-05-31;-2.0;-2685.92
934A5DDBA1878E11F243BB650500FC3B;44673735EAF46E11B7B78A650500BC08;2025-05-31;-2.0;-450.0
9C5174238E3CEE1191EE1065050029B9;44673735EAF46E11B7B78A650500BC08;2025-05-31;-2.0;-145.32
667E02AB926DAE11BE2110650500025A;44673735EAF46E11B7B78A650500BC08;2025-05-31;-2.0;-210.14
95AADC67FE456E11B7B78A650500BC08;44673735EAF46E11B7B78A650500BC08;2025-05-31;-6.0;-201.44
B960E25193688E11F243BB6505001E3B;44673735EAF46E11B7B78A650500BC08;2025-05-31;-4.0;-142.12
3D08385D4DA1EE114066106505000C4A;44673735EAF46E11B7B78A650500BC08;2025-05-31;-2.0;-2565.96
1E16B7296945BE11BE21106505001C5A;44673735EAF46E11B7B78A650500BC08;2025-05-31;-2.0;-115.68
4472E05E066E9E11726010650500CB4A;44673735EAF46E11B7B78A650500BC08;2025-05-31;-2.0;-44.12
92BBAF574C039E115540106505005C3B;44673735EAF46E11B7B78A650500BC08;2025-05-31;-2.0;-232.78
B688B75F91EDBE11877210650500FE59;FC081C55582CED11A62CD892C0003F2A;2025-05-31;-2.0;-229.78
1B5CD79539596E11B7B78A650500BC08;FC081C55582CED11A62CD892C0003F2A;2025-05-31;-2.0;-126.0
A1E566E92848CE11ADB31065050010B8;FC081C55582CED11A62CD892C0003F2A;2025-05-31;-2.0;-345.34
1F6813864D85DE11ADB31065050002C8;FC081C55582CED11A62CD892C0003F2A;2025-05-31;-2.0;-208.6
D8F9B7907A794E1142D58A6505005C08;FC081C55582CED11A62CD892C0003F2A;2025-05-31;-4.0;-922.04
F3BA1261322B7E110819BB65050039AA;FC081C55582CED11A62CD892C0003F2A;2025-05-31;-2.0;-896.16
40AE87C0F0CAED11A62CD892C0003F2A;FC081C55582CED11A62CD892C0003F2A;2025-05-31;-2.0;-484.92
55CD6D50B4D38E113835BB6505006CAA;FC081C55582CED11A62CD892C0003F2A;2025-05-31;-2.0;-310.6
2E09BDE3CBDEFE11F1557891FE69D589;FC081C55582CED11A62CD892C0003F2A;2025-05-31;-2.0;-468.52
BDE70C873B839E11554010650500FC3B;FC081C55582CED11A62CD892C0003F2A;2025-05-31;-2.0;-623.16
A8C1EFE6AC456E11B7B78A650500BC08;44673735EAF46E11B7B78A650500BC08;2025-05-31;2.0;82.28
1D5F2561AC456E11B7B78A650500BC08;44673735EAF46E11B7B78A650500BC08;2025-05-31;4.0;228.62
535B6CD68BA8BE118772106505005859;44673735EAF46E11B7B78A650500BC08;2025-05-31;0.0;0.0
D10C7ACFF79ACE11ADB31065050013B8;44673735EAF46E11B7B78A650500BC08;2025-05-31;0.0;0.0
820EF28D8F7CBE118772106505003D59;44673735EAF46E11B7B78A650500BC08;2025-05-31;0.0;0.0
1EF8F98FC688CE11ADB31065050070B8;44673735EAF46E11B7B78A650500BC08;2025-05-31;0.0;0.0
65BCDB90C317DE11C846106505003F6A;44673735EAF46E11B7B78A650500BC08;2025-05-31;0.0;0.0
6E6E0CA235DFEE1191EE10650500A9B9;FC081C55582CED11A62CD892C0003F2A;2025-05-31;-2.0;-996.62
2DE732FD25DFEE1191EE10650500A9B9;FC081C55582CED11A62CD892C0003F2A;2025-05-31;-2.0;-470.4
6B02D266356DCE11ADB310650500F6B8;FC081C55582CED11A62CD892C0003F2A;2025-05-31;-2.0;-1517.48
AE5410C041CAED11A62CD892C0003F2A;FC081C55582CED11A62CD892C0003F2A;2025-05-31;-2.0;-1888.82
39934F2383D0FD11A62CD892C000D159;FC081C55582CED11A62CD892C0003F2A;2025-05-31;-2.0;-99.84
7EB9A6588D36DE11ADB310650500E2C8;FC081C55582CED11A62CD892C0003F2A;2025-05-31;-2.0;-296.14
AB8ED62A3592BE11BE2110650500A85A;FC081C55582CED11A62CD892C0003F2A;2025-05-31;-20.0;-2869.18
138047896388AE11BE2110650500DB4A;FC081C55582CED11A62CD892C0003F2A;2025-05-31;-12.0;-1160.72
814D3999A89BEE1191EE1065050029B9;FC081C55582CED11A62CD892C0003F2A;2025-05-31;-10.0;-482.34000000000003
A311A76993FDDE11406610650500274A;FC081C55582CED11A62CD892C0003F2A;2025-05-31;-4.0;-368.26
8028CB2C1D456E11B7B78A650500BC08;44673735EAF46E11B7B78A650500BC08;2025-05-31;-2.0;-3812.0
A37E61050D3FFE11F1557891FE695689;FC081C55582CED11A62CD892C0003F2A;2025-05-31;2.0;3331.12
B00C00DE6EEAAE11BE2110650500EE4A;44673735EAF46E11B7B78A650500BC08;2025-05-31;0.0;0.0
043B1705BF896E11B7B78A650500BC08;44673735EAF46E11B7B78A650500BC08;2025-05-31;20.0;2869.8
6127FE0BCD769E11554010650500D04B;44673735EAF46E11B7B78A650500BC08;2025-05-31;0.0;0.0
D0CE209180600F11F1557891FE69C789;44673735EAF46E11B7B78A650500BC08;2025-05-31;8.0;13733.52
91E611BC0C5CCE11ADB31065050095B8;44673735EAF46E11B7B78A650500BC08;2025-05-31;6.0;4376.92
6F0142C8008CBE118772106505003D59;44673735EAF46E11B7B78A650500BC08;2025-05-31;10.0;2340.0
B0CFF00A45CF8E11F243BB650500084B;44673735EAF46E11B7B78A650500BC08;2025-05-31;30.0;2177.04
0974E5A7C523FD110DC22A92C000C499;B0BDDED34CC83E11052F6792C000B249;2025-05-31;6.0;672.32
370CDCE691CAED11A62CD892C0003F2A;B0BDDED34CC83E11052F6792C000B249;2025-05-31;12.0;2003.04
1E5A685DDDDFDE11406610650500B94A;FC081C55582CED11A62CD892C0003F2A;2025-05-31;16.0;3149.16
04A38C2C719A1E1143F0668E4200FBFB;FC081C55582CED11A62CD892C0003F2A;2025-05-31;8.0;1088.64
DC748A090605FE1191EE1065050070C9;FC081C55582CED11A62CD892C0003F2A;2025-05-31;4.0;4231.7
79E6175A25570E11A4A96492C000EC6A;B0BDDED34CC83E11052F6792C000B249;2025-05-31;40.0;2674.54
DD6A2D3F700DBE11877210650500DD59;B0BDDED34CC83E11052F6792C000B249;2025-05-31;408.0;6059.44
A7E53A2EEE9FDE11406610650500694A;FC081C55582CED11A62CD892C0003F2A;2025-05-31;72.0;2300.98
D1FA495F43530F114EF7A826072BBB89;44673735EAF46E11B7B78A650500BC08;2025-05-31;40.0;13254.48
02F5755E73530F114EF7A826072BBB89;44673735EAF46E11B7B78A650500BC08;2025-05-31;20.0;2247.88
75D8778E73530F114EF7A826072BBB89;44673735EAF46E11B7B78A650500BC08;2025-05-31;10.0;1378.0
E4215C9E73530F114EF7A826072BBB89;44673735EAF46E11B7B78A650500BC08;2025-05-31;10.0;1707.48
983095284802AE11726010650500605A;FC081C55582CED11A62CD892C0003F2A;2025-05-31;36.0;12162.42
9F8CA649585A2E11052F6792C0007F39;FC081C55582CED11A62CD892C0003F2A;2025-05-31;36.0;3138.5
6F578A90C1CAED11A62CD892C0003F2A;FC081C55582CED11A62CD892C0003F2A;2025-05-31;40.0;3050.34
CCEF2E74D265BE11BE21106505003C5A;FC081C55582CED11A62CD892C0003F2A;2025-05-31;20.0;4041.68
74D116CE58A1CE11877210650500C369;B0BDDED34CC83E11052F6792C000B249;2025-05-31;-2.0;-72.84
0868DD4CEF30EE114066106505003A4A;B0BDDED34CC83E11052F6792C000B249;2025-05-31;-2.0;-135.16
9E96487919DDCE11ADB31065050097B8;FC081C55582CED11A62CD892C0003F2A;2025-05-31;-12.0;-1188.0
C8EAE4FFCB804E1142D58A650500DB08;FC081C55582CED11A62CD892C0003F2A;2025-05-31;-4.0;-445.08
6EA8CA7BAB1DCE11ADB31065050096B8;FC081C55582CED11A62CD892C0003F2A;2025-05-31;-4.0;-1185.82
0B3A6CD2607BCE11ADB31065050044B8;FC081C55582CED11A62CD892C0003F2A;2025-05-31;-2.0;-628.64
2463C510A7E4DE11ADB31065050031C8;FC081C55582CED11A62CD892C0003F2A;2025-05-31;-4.0;-5851.16
26E4AC35687CCE11ADB310650500B5B8;FC081C55582CED11A62CD892C0003F2A;2025-05-31;-4.0;-123.88
8E14FC891115DE11ADB31065050061C8;FC081C55582CED11A62CD892C0003F2A;2025-05-31;-4.0;-1080.4
446C9C199B427E11B7B78A650500CD08;FC081C55582CED11A62CD892C0003F2A;2025-05-31;-4.0;-875.56
258012EF43E3DE11ADB310650500CFB8;FC081C55582CED11A62CD892C0003F2A;2025-05-31;-12.0;-1263.0
BC24CEC91B8E0E1143F0668E42001D49;FC081C55582CED11A62CD892C0003F2A;2025-05-31;-2.0;-687.98
3D77263A378B3E11052F6792C000D249;FC081C55582CED11A62CD892C0003F2A;2025-05-31;-8.0;-278.32
443282060115DE11ADB31065050061C8;FC081C55582CED11A62CD892C0003F2A;2025-05-31;-2.0;-468.84
A0C1BE2365CECE11ADB310650500C8B8;FC081C55582CED11A62CD892C0003F2A;2025-05-31;-2.0;-41.24
81F7458EB72EFE11F1557891FE69F489;FC081C55582CED11A62CD892C0003F2A;2025-05-31;-2.0;-1026.2
2A2B48450B630F114EF7A826072BDB89;FC081C55582CED11A62CD892C0003F2A;2025-05-31;-2.0;-336.0
11F0AD0C2BA9CE11ADB310650500E1B8;FC081C55582CED11A62CD892C0003F2A;2025-05-31;-6.0;-207.86
0B0AC8A07AFCEE1191EE1065050029B9;FC081C55582CED11A62CD892C0003F2A;2025-05-31;-2.0;-107.4
AD8FC812365FFE11F1557891FE697689;FC081C55582CED11A62CD892C0003F2A;2025-05-31;-4.0;-298.64
C399B9D27869FE11128010650500E819;FC081C55582CED11A62CD892C0003F2A;2025-05-31;-2.0;-627.9
CF3D433B68363E11052F6792C000FF39;FC081C55582CED11A62CD892C0003F2A;2025-05-31;-2.0;-84.92
0AB2738BBF13CE11877210650500A569;FC081C55582CED11A62CD892C0003F2A;2025-05-31;-6.0;-164.18
2AC99AABA0CAED11A62CD892C0003F2A;FC081C55582CED11A62CD892C0003F2A;2025-05-31;-8.0;-495.26
3FA9E7AFC19EBE11877210650500DF59;FC081C55582CED11A62CD892C0003F2A;2025-05-31;-6.0;-167.16
1BA2E12648FBBE118772106505008C59;FC081C55582CED11A62CD892C0003F2A;2025-05-31;-4.0;-560.46
1A37955D82C5EE1191EE1065050045B9;FC081C55582CED11A62CD892C0003F2A;2025-05-31;-26.0;-1612.0
631F3CDCE1EDFE11F1557891FE699489;FC081C55582CED11A62CD892C0003F2A;2025-05-31;-2.0;-112.0
EC1F68FB3FADBE11877210650500BE59;FC081C55582CED11A62CD892C0003F2A;2025-05-31;-4.0;-795.12
EC015E078C32FE1191EE10650500BCB9;FC081C55582CED11A62CD892C0003F2A;2025-05-31;-2.0;-672.58
8928ED19CC8EFE11F1557891FE697589;FC081C55582CED11A62CD892C0003F2A;2025-05-31;-2.0;-530.0
9EB2AFE8129EFE11F1557891FE697589;FC081C55582CED11A62CD892C0003F2A;2025-05-31;-4.0;-148.8
545F06305D8FFE11F1557891FE69B689;FC081C55582CED11A62CD892C0003F2A;2025-05-31;-2.0;-2150.0
005BCFB931CAED11A62CD892C0003F2A;FC081C55582CED11A62CD892C0003F2A;2025-05-31;-2.0;-201.58
F2CB8032A1AFFE11F1557891FE69D689;FC081C55582CED11A62CD892C0003F2A;2025-05-31;-2.0;-527.88
0B1F6EDA63E61E1143F0668E4200EE89;FC081C55582CED11A62CD892C0003F2A;2025-05-31;-18.0;-431.82
67CC5E81EAC6EE1191EE1065050086B9;FC081C55582CED11A62CD892C0003F2A;2025-05-31;-2.0;-438.14
E6DA8180C46EEE1191EE1065050029B9;FC081C55582CED11A62CD892C0003F2A;2025-05-31;-10.0;-2313.36
04851C935D51FD110DC22A92C000DD89;FC081C55582CED11A62CD892C0003F2A;2025-05-31;-6.0;-639.48
F433B16579EFDE11406610650500C94A;FC081C55582CED11A62CD892C0003F2A;2025-05-31;-2.0;-54.4
AAC7761AFC07FE1191EE1065050013C9;FC081C55582CED11A62CD892C0003F2A;2025-05-31;-2.0;-441.08
C1C0054FBA93FE1191EE106505009EB9;FC081C55582CED11A62CD892C0003F2A;2025-05-31;-2.0;-950.72
2AD8B73C1255FE1191EE10650500D0C9;FC081C55582CED11A62CD892C0003F2A;2025-05-31;-2.0;-79.62
D8549C2DC0CAED11A62CD892C0003F2A;FC081C55582CED11A62CD892C0003F2A;2025-05-31;-6.0;-1123.92
15186898638ADE11406610650500924A;FC081C55582CED11A62CD892C0003F2A;2025-05-31;-2.0;-218.2
4FC3E055946D7E110819BB65050039AA;FC081C55582CED11A62CD892C0003F2A;2025-05-31;-2.0;-294.22
2BC1D86E597BAE11BE21106505009F4A;FC081C55582CED11A62CD892C0003F2A;2025-05-31;-20.0;-987.9999999999999
E18C3E3C087A9E115250106505007B4A;FC081C55582CED11A62CD892C0003F2A;2025-05-31;-2.0;-449.1
287836CAA70FDE11406610650500A84A;FC081C55582CED11A62CD892C0003F2A;2025-05-31;-2.0;-280.54
4E71D96512248E113835BB6505009CAA;FC081C55582CED11A62CD892C0003F2A;2025-05-31;-2.0;-58.18
9EE2A2FE70E87E110819BB65050009AA;FC081C55582CED11A62CD892C0003F2A;2025-05-31;-2.0;-188.44
63FDBD05B4C7DE11C84610650500107A;FC081C55582CED11A62CD892C0003F2A;2025-05-31;-2.0;-315.56
B7BB58926DA3DE11ADB3106505008FB8;FC081C55582CED11A62CD892C0003F2A;2025-05-31;-2.0;-107.12
3AB4409C6BBD3E11052F6792C000D249;FC081C55582CED11A62CD892C0003F2A;2025-05-31;-2.0;-112.36
BDD07003F1B2CE118772106505001569;FC081C55582CED11A62CD892C0003F2A;2025-05-31;-2.0;-92.0
E173A17CC3D67E11B7B78A650500ED08;FC081C55582CED11A62CD892C0003F2A;2025-05-31;-8.0;-315.44
CFC9B08120A20F114EF7A826072BDA89;FC081C55582CED11A62CD892C0003F2A;2025-05-31;-6.0;-198.0
6BAB5CCC563EAE11BE2110650500135A;FC081C55582CED11A62CD892C0003F2A;2025-05-31;-2.0;-49.06
1DF69640EA5D7E110819BB65050039AA;FC081C55582CED11A62CD892C0003F2A;2025-05-31;-2.0;-210.0
651E7207F7DD8E11F243BB650500954B;FC081C55582CED11A62CD892C0003F2A;2025-05-31;-6.0;-84.0
38BFB442CDB88E11F243BB6505008E3B;FC081C55582CED11A62CD892C0003F2A;2025-05-31;-2.0;-29.68
323DB044EF9FDE11406610650500694A;FC081C55582CED11A62CD892C0003F2A;2025-05-31;-2.0;-20.98
AF0F00F57654EE11B1AD10650500C7EA;FC081C55582CED11A62CD892C0003F2A;2025-05-31;-2.0;-38.58
BCD5D6068B50EE114066106505005A4A;FC081C55582CED11A62CD892C0003F2A;2025-05-31;-2.0;-36.88
9BC8B5451A134E1142D58A6505001C08;FC081C55582CED11A62CD892C0003F2A;2025-05-31;-2.0;-738.0
E2BCAA341E7A6E11B7B78A650500BC08;FC081C55582CED11A62CD892C0003F2A;2025-05-31;-2.0;-772.34
C486995474054E1142D58A6505002C08;FC081C55582CED11A62CD892C0003F2A;2025-05-31;-4.0;-310.88
DC8D939BCC415E1142D58A650500BC08;FC081C55582CED11A62CD892C0003F2A;2025-05-31;-2.0;-939.42
7221645AC7696E11B7B78A650500BC08;FC081C55582CED11A62CD892C0003F2A;2025-05-31;-4.0;-578.7
CE81543543D0DE11ADB310650500BBB8;FC081C55582CED11A62CD892C0003F2A;2025-05-31;-2.0;-186.76
1C0C1DBA327DCE11ADB31065050007B8;FC081C55582CED11A62CD892C0003F2A;2025-05-31;-2.0;-159.94
B0918DE526257E11B7B78A650500ED08;FC081C55582CED11A62CD892C0003F2A;2025-05-31;-4.0;-744.04
4CDE168900966E11B7B78A650500BC08;FC081C55582CED11A62CD892C0003F2A;2025-05-31;-8.0;-822.4
DCC6360FCFAF5E1142D58A650500AD08;FC081C55582CED11A62CD892C0003F2A;2025-05-31;-2.0;-43.98
82E294B85F54DE11ADB31065050080C8;FC081C55582CED11A62CD892C0003F2A;2025-05-31;-6.0;-503.76
FC8B7A6A8616CE11ADB3106505007DA8;FC081C55582CED11A62CD892C0003F2A;2025-05-31;-2.0;-151.06
152944AF9690DE11ADB3106505006BB8;FC081C55582CED11A62CD892C0003F2A;2025-05-31;-2.0;-363.46
0489ECDC0E17CE11ADB3106505009EA8;FC081C55582CED11A62CD892C0003F2A;2025-05-31;-2.0;-335.06
AE2FF38963DE4E1142D58A650500BC08;FC081C55582CED11A62CD892C0003F2A;2025-05-31;-8.0;-295.3
11353315A2CBFE111280106505000919;FC081C55582CED11A62CD892C0003F2A;2025-05-31;-2.0;-978.52
E02476B08092DE11ADB3106505001EB8;FC081C55582CED11A62CD892C0003F2A;2025-05-31;-6.0;-506.22
AC7C07BF37F8FE11128010650500D819;FC081C55582CED11A62CD892C0003F2A;2025-05-31;-2.0;-1125.16
1B5B21F2159DFE11F1557891FE693489;FC081C55582CED11A62CD892C0003F2A;2025-05-31;-2.0;-202.0
CBBCF1C94394DE11ADB310650500C0C8;FC081C55582CED11A62CD892C0003F2A;2025-05-31;-4.0;-464.92
CC12452A3E263E11052F6792C000FF39;FC081C55582CED11A62CD892C0003F2A;2025-05-31;-10.0;-608.8
5118C0018D8FFE11F1557891FE69B689;FC081C55582CED11A62CD892C0003F2A;2025-05-31;-2.0;-1197.06
C7C567BDEDBBEE1191EE1065050029B9;FC081C55582CED11A62CD892C0003F2A;2025-05-31;-8.0;-385.52
4AE93ABE9060CE118772106505002269;FC081C55582CED11A62CD892C0003F2A;2025-05-31;-2.0;-858.24
A18851DC58B13E11052F6792C000CF39;FC081C55582CED11A62CD892C0003F2A;2025-05-31;-2.0;-152.22
81EA321C575FFE11F1557891FE697689;FC081C55582CED11A62CD892C0003F2A;2025-05-31;-4.0;-156.0
D22236C1D0BFFE11F1557891FE69E689;FC081C55582CED11A62CD892C0003F2A;2025-05-31;-2.0;-238.04
9C4EEB261A68FE11128010650500D819;FC081C55582CED11A62CD892C0003F2A;2025-05-31;-2.0;-388.92
56EB2D498D67EE1191EE1065050017B9;FC081C55582CED11A62CD892C0003F2A;2025-05-31;-4.0;-354.20000000000005
07E96399FC410F11112A674AC7E21989;FC081C55582CED11A62CD892C0003F2A;2025-05-31;-2.0;-231.2
984F7C972D9EFE11F1557891FE698589;FC081C55582CED11A62CD892C0003F2A;2025-05-31;-4.0;-228.08
F4EA054C1A5FFE11F1557891FE697689;FC081C55582CED11A62CD892C0003F2A;2025-05-31;-2.0;-101.0
C58FC32CCA9EFE11F1557891FE698589;FC081C55582CED11A62CD892C0003F2A;2025-05-31;-10.0;-427.5
B0A6B7DB01CAED11A62CD892C0003F2A;FC081C55582CED11A62CD892C0003F2A;2025-05-31;-8.0;-889.72
60F15376AF6DFE11F1557891FE690489;FC081C55582CED11A62CD892C0003F2A;2025-05-31;-6.0;-456.0
B1E8CA5501CAED11A62CD892C0003F2A;FC081C55582CED11A62CD892C0003F2A;2025-05-31;-2.0;-336.6
3AD0EE26A373FE1191EE106505006EB9;FC081C55582CED11A62CD892C0003F2A;2025-05-31;-2.0;-303.68
00FB517205ABEE1191EE1065050029B9;FC081C55582CED11A62CD892C0003F2A;2025-05-31;-2.0;-39.96
CE71B03C697FEE1191EE1065050039B9;FC081C55582CED11A62CD892C0003F2A;2025-05-31;-2.0;-371.94
3E784A8F2589DE11406610650500514A;FC081C55582CED11A62CD892C0003F2A;2025-05-31;-2.0;-350.0
CE5D5FDD4687EE1191EE1065050037B9;FC081C55582CED11A62CD892C0003F2A;2025-05-31;-2.0;-476.28
7BF5EBC551CAED11A62CD892C0003F2A;FC081C55582CED11A62CD892C0003F2A;2025-05-31;-4.0;-842.36
87AF8A5FC0CAED11A62CD892C0003F2A;FC081C55582CED11A62CD892C0003F2A;2025-05-31;-2.0;-394.28
7AE3530F3A3CED11A62CD892C0003F2A;FC081C55582CED11A62CD892C0003F2A;2025-05-31;-6.0;-248.16
DD11F6E9983ADE11406610650500324A;FC081C55582CED11A62CD892C0003F2A;2025-05-31;-4.0;-345.0
7A97D539EB25FE1191EE10650500A0C9;FC081C55582CED11A62CD892C0003F2A;2025-05-31;-4.0;-1056.4
A049248CF5802E1143F0668E4200C71A;FC081C55582CED11A62CD892C0003F2A;2025-05-31;-4.0;-639.16
3E2E841399B1EE114066106505001C4A;FC081C55582CED11A62CD892C0003F2A;2025-05-31;-4.0;-991.56
414EE78DC4F8AE11BE21106505006C4A;FC081C55582CED11A62CD892C0003F2A;2025-05-31;-2.0;-3370.22
7994E8A4E315AE11726010650500445A;FC081C55582CED11A62CD892C0003F2A;2025-05-31;-2.0;-95.1
C4286DD7F5497E110819BB65050009AA;FC081C55582CED11A62CD892C0003F2A;2025-05-31;-2.0;-192.82
A1777E74FF15EE11B1AD10650500C8EA;FC081C55582CED11A62CD892C0003F2A;2025-05-31;-2.0;-183.74
BB63384943F2EE11B1AD1065050006EA;FC081C55582CED11A62CD892C0003F2A;2025-05-31;-2.0;-111.06
4B3F22AA137C1E1143F0668E4200502B;FC081C55582CED11A62CD892C0003F2A;2025-05-31;-4.0;-34.879999999999995
7278A1AD72B3EE11B1AD10650500F6EA;FC081C55582CED11A62CD892C0003F2A;2025-05-31;-2.0;-167.2
DFD3CA5EC7E97E110819BB65050019AA;FC081C55582CED11A62CD892C0003F2A;2025-05-31;-2.0;-465.12
8C4CDDD3365C1E1143F0668E4200502B;FC081C55582CED11A62CD892C0003F2A;2025-05-31;-6.0;-763.12
E77E119F66137E11B7B78A650500DD08;FC081C55582CED11A62CD892C0003F2A;2025-05-31;-2.0;-43.32
7E10A66FC2D94E1142D58A6505009C08;FC081C55582CED11A62CD892C0003F2A;2025-05-31;-2.0;-128.0
B0FD43466F466E11B7B78A650500BC08;FC081C55582CED11A62CD892C0003F2A;2025-05-31;-6.0;-417.36
7DB322C1AA5DCE11ADB310650500E6B8;FC081C55582CED11A62CD892C0003F2A;2025-05-31;-2.0;-256.02
959C186DC1A76E11B7B78A650500BC08;FC081C55582CED11A62CD892C0003F2A;2025-05-31;-2.0;-344.72
6B23154BEAA07E11B7B78A650500CD08;FC081C55582CED11A62CD892C0003F2A;2025-05-31;-2.0;-254.0
C4E9631F9CDFCE11ADB3106505005AB8;FC081C55582CED11A62CD892C0003F2A;2025-05-31;-2.0;-248.52
08D33220EDE3DE11ADB310650500DFB8;FC081C55582CED11A62CD892C0003F2A;2025-05-31;-2.0;-194.48
9F65FA2BFB5CCE11ADB31065050095B8;FC081C55582CED11A62CD892C0003F2A;2025-05-31;-2.0;-2468.88
350D4F10C48ECE11ADB31065050078B8;FC081C55582CED11A62CD892C0003F2A;2025-05-31;-2.0;-73.74
6B13B4FE89D00E11A4A96492C0002019;FC081C55582CED11A62CD892C0003F2A;2025-05-31;-2.0;-431.8
418586B83596DE11ADB31065050053C8;FC081C55582CED11A62CD892C0003F2A;2025-05-31;-2.0;-304.44
2BC3BD2764B13E11052F6792C000CF39;FC081C55582CED11A62CD892C0003F2A;2025-05-31;-2.0;-1200.0
04D9E1D57094DE11ADB310650500C0C8;FC081C55582CED11A62CD892C0003F2A;2025-05-31;-2.0;-320.78
4ADC2408506AFE11128010650500E819;FC081C55582CED11A62CD892C0003F2A;2025-05-31;-2.0;-225.78
19C12097599D3E11052F6792C000D249;FC081C55582CED11A62CD892C0003F2A;2025-05-31;-2.0;-109.24
F76EB055B83EFE11F1557891FE690589;FC081C55582CED11A62CD892C0003F2A;2025-05-31;-2.0;-70.0
28C421F8CCBBFD11A4A96492C000CB59;FC081C55582CED11A62CD892C0003F2A;2025-05-31;-2.0;-399.84
798FB979BDE6EE1191EE1065050096B9;FC081C55582CED11A62CD892C0003F2A;2025-05-31;-2.0;-432.08
1100819A08FCFD11A4A96492C000CB59;FC081C55582CED11A62CD892C0003F2A;2025-05-31;-2.0;-256.8
00D80587C80FEE1191EE1065050029B9;FC081C55582CED11A62CD892C0003F2A;2025-05-31;-2.0;-445.5
06087A350DDDFE11F1557891FE699489;FC081C55582CED11A62CD892C0003F2A;2025-05-31;-2.0;-827.22
ADC24F06F17CEE1191EE1065050029B9;FC081C55582CED11A62CD892C0003F2A;2025-05-31;-2.0;-3370.8
7634445DF7300F11F1557891FE699789;FC081C55582CED11A62CD892C0003F2A;2025-05-31;-8.0;-1640.0
68671E4EB7E00F11112A674AC7E29889;FC081C55582CED11A62CD892C0003F2A;2025-05-31;-2.0;-235.46
94CF5FCF20CAED11A62CD892C0003F2A;FC081C55582CED11A62CD892C0003F2A;2025-05-31;-2.0;-124.0
70427CAC3C56FE1191EE1065050022C9;FC081C55582CED11A62CD892C0003F2A;2025-05-31;-2.0;-789.92
FB1B0AEBD1CAED11A62CD892C0003F2A;FC081C55582CED11A62CD892C0003F2A;2025-05-31;-2.0;-130.5
FB0EB98E3597FE1191EE10650500C3C9;FC081C55582CED11A62CD892C0003F2A;2025-05-31;-10.0;-7374.74
BE4D455DE0CAED11A62CD892C0003F2A;FC081C55582CED11A62CD892C0003F2A;2025-05-31;-8.0;-1148.24
809DE472E0CAED11A62CD892C0003F2A;FC081C55582CED11A62CD892C0003F2A;2025-05-31;-2.0;-517.0
8E64C510F935FE1191EE10650500B0C9;FC081C55582CED11A62CD892C0003F2A;2025-05-31;-2.0;-133.56
F523550101CAED11A62CD892C0003F2A;FC081C55582CED11A62CD892C0003F2A;2025-05-31;-2.0;-549.3
BC8C3B7101CAED11A62CD892C0003F2A;FC081C55582CED11A62CD892C0003F2A;2025-05-31;-4.0;-407.68
F1200B10E246AE11BE2110650500F84A;FC081C55582CED11A62CD892C0003F2A;2025-05-31;-2.0;-336.6
420181BB9D1DDE11406610650500164A;FC081C55582CED11A62CD892C0003F2A;2025-05-31;-4.0;-59.86
2FD20C1F21CAED11A62CD892C0003F2A;FC081C55582CED11A62CD892C0003F2A;2025-05-31;-2.0;-138.26
C4F20CD86A8EDE11406610650500084A;FC081C55582CED11A62CD892C0003F2A;2025-05-31;-2.0;-360.02
E55E9086BDDC9E11726010650500C94A;FC081C55582CED11A62CD892C0003F2A;2025-05-31;-2.0;-212.12
2390AF2365E0EE114066106505000B4A;FC081C55582CED11A62CD892C0003F2A;2025-05-31;-4.0;-237.52
FA27C9D9FEF0EE114066106505002B4A;FC081C55582CED11A62CD892C0003F2A;2025-05-31;-2.0;-124.84
847846C6011EAE11BE2110650500E25A;FC081C55582CED11A62CD892C0003F2A;2025-05-31;-2.0;-160.76
9C4F278C0ADEAE11BE2110650500E35A;FC081C55582CED11A62CD892C0003F2A;2025-05-31;-4.0;-97.2
37AD2D896208DE11C84610650500607A;FC081C55582CED11A62CD892C0003F2A;2025-05-31;-2.0;-1309.62
84719D5982F05E1142D58A650500BC08;FC081C55582CED11A62CD892C0003F2A;2025-05-31;-4.0;-317.12
FDF79818D5482E11052F6792C0007F39;FC081C55582CED11A62CD892C0003F2A;2025-05-31;-2.0;-164.56
4E15B3A6241AFE11128010650500E819;FC081C55582CED11A62CD892C0003F2A;2025-05-31;-2.0;-458.28
BDFDFBA7A024DE11ADB31065050030C8;FC081C55582CED11A62CD892C0003F2A;2025-05-31;-2.0;-429.46
BBBAF9E2E232CE118772106505007469;FC081C55582CED11A62CD892C0003F2A;2025-05-31;-2.0;-821.02
CEFB02EFDC6FEE1191EE1065050029B9;FC081C55582CED11A62CD892C0003F2A;2025-05-31;-4.0;-1234.22
0F7C42ED7BF22E1143F0668E4200C71A;FC081C55582CED11A62CD892C0003F2A;2025-05-31;-2.0;-427.72
63C7E3B09192FE1191EE106505002DB9;FC081C55582CED11A62CD892C0003F2A;2025-05-31;-2.0;-805.5
AFCE242C9835EE11B1AD10650500F8EA;FC081C55582CED11A62CD892C0003F2A;2025-05-31;-6.0;-4325.92
993C974F7F0D8E11F243BB650500744B;FC081C55582CED11A62CD892C0003F2A;2025-05-31;-2.0;-222.96
3F1AD9D6D0CAED11A62CD892C0003F2A;FC081C55582CED11A62CD892C0003F2A;2025-05-31;-2.0;-210.4
9AB7B86A0EE4AE11726010650500145A;FC081C55582CED11A62CD892C0003F2A;2025-05-31;-2.0;-53.52
B075901085B59E11554010650500DF3B;FC081C55582CED11A62CD892C0003F2A;2025-05-31;-2.0;-593.28
569D7A7FEF986E11B7B78A650500BC08;B0BDDED34CC83E11052F6792C000B249;2025-05-31;-36.0;-747.36
02AACC72E1537E11B7B78A650500DD08;B0BDDED34CC83E11052F6792C000B249;2025-05-31;-6.0;-154.51999999999998
9FB7B7D69C415E1142D58A650500BC08;B0BDDED34CC83E11052F6792C000B249;2025-05-31;-2.0;-446.9
CBC99590B36BCE11ADB31065050034B8;B0BDDED34CC83E11052F6792C000B249;2025-05-31;-2.0;-81.6
1CD1B3F7FC027E11B7B78A650500CD08;B0BDDED34CC83E11052F6792C000B249;2025-05-31;-4.0;-179.16
6F5C90B94094DE11ADB310650500C0C8;B0BDDED34CC83E11052F6792C000B249;2025-05-31;-2.0;-564.0
834E8A0330267E11B7B78A650500ED08;B0BDDED34CC83E11052F6792C000B249;2025-05-31;-2.0;-78.32
6D81D5353931DE11ADB3106505006CB8;B0BDDED34CC83E11052F6792C000B249;2025-05-31;-2.0;-66.62
BF9C6C2CFE163E11052F6792C000FF39;B0BDDED34CC83E11052F6792C000B249;2025-05-31;-2.0;-125.28
84FCED0AEE144E1142D58A6505002C08;B0BDDED34CC83E11052F6792C000B249;2025-05-31;-4.0;-169.48
B3E1CFB474EE4E1142D58A650500BC08;B0BDDED34CC83E11052F6792C000B249;2025-05-31;-2.0;-370.78
54AD5BE6D77CCE11ADB310650500B5B8;B0BDDED34CC83E11052F6792C000B249;2025-05-31;-2.0;-72.88
62590D9CCDBDCE11ADB31065050077B8;B0BDDED34CC83E11052F6792C000B249;2025-05-31;-2.0;-228.94
0AE46024DFE34E1142D58A6505002C08;B0BDDED34CC83E11052F6792C000B249;2025-05-31;-2.0;-78.68
C0BD09666015DE11ADB31065050061C8;B0BDDED34CC83E11052F6792C000B249;2025-05-31;-2.0;-1442.12
A221B41B8C82DE11ADB3106505001EB8;B0BDDED34CC83E11052F6792C000B249;2025-05-31;-2.0;-808.12
8D98766BFB663E11052F6792C000FF39;B0BDDED34CC83E11052F6792C000B249;2025-05-31;-6.0;-285.36
5B83FD661BAE3E11052F6792C000D249;B0BDDED34CC83E11052F6792C000B249;2025-05-31;-2.0;-592.12
559ABB29D16A2E11052F6792C0007F39;B0BDDED34CC83E11052F6792C000B249;2025-05-31;-6.0;-1000.14
553E5BB720EDFE11F1557891FE699489;B0BDDED34CC83E11052F6792C000B249;2025-05-31;-2.0;-422.66
FE4D0478A66E0E1143F0668E42001D49;B0BDDED34CC83E11052F6792C000B249;2025-05-31;-4.0;-452.0
23ABBAA9FC410F11112A674AC7E21989;B0BDDED34CC83E11052F6792C000B249;2025-05-31;-2.0;-242.46
F04D0D04F81CEE1191EE1065050029B9;B0BDDED34CC83E11052F6792C000B249;2025-05-31;-6.0;-912.2
6D2B063E9F4BEE1191EE1065050029B9;B0BDDED34CC83E11052F6792C000B249;2025-05-31;-2.0;-78.64
D7815C9DA8FEFD11A4A96492C000DFF9;B0BDDED34CC83E11052F6792C000B249;2025-05-31;-12.0;-1176.6
2A322D630C20FE1191EE106505001AB9;B0BDDED34CC83E11052F6792C000B249;2025-05-31;-4.0;-753.16
C39B34FB7C32FE1191EE10650500BCB9;B0BDDED34CC83E11052F6792C000B249;2025-05-31;-2.0;-629.56
749A3AB851FFBE118772106505009169;B0BDDED34CC83E11052F6792C000B249;2025-05-31;-2.0;-265.14
660CB01370E90E11A4A96492C0001269;B0BDDED34CC83E11052F6792C000B249;2025-05-31;-2.0;-421.18
647732FC5CFFFE11F1557891FE694789;B0BDDED34CC83E11052F6792C000B249;2025-05-31;-4.0;-176.0
10C936FFC1700E11A4A96492C0002019;B0BDDED34CC83E11052F6792C000B249;2025-05-31;-2.0;-107.26
5FE69D4AFD43FE1191EE106505002EB9;B0BDDED34CC83E11052F6792C000B249;2025-05-31;-2.0;-231.12
9A39160301CAED11A62CD892C0003F2A;B0BDDED34CC83E11052F6792C000B249;2025-05-31;-4.0;-216.72
AD754762F0CAED11A62CD892C0003F2A;B0BDDED34CC83E11052F6792C000B249;2025-05-31;-2.0;-328.34
7E15F8F901CAED11A62CD892C0003F2A;B0BDDED34CC83E11052F6792C000B249;2025-05-31;-4.0;-1162.8
1DD0284BAC93FE1191EE106505009EB9;B0BDDED34CC83E11052F6792C000B249;2025-05-31;-2.0;-323.12
38623EA4F9BCEE1191EE1065050029B9;B0BDDED34CC83E11052F6792C000B249;2025-05-31;-2.0;-3349.52
795627ADC0CAED11A62CD892C0003F2A;B0BDDED34CC83E11052F6792C000B249;2025-05-31;-4.0;-1015.5999999999999
4B5EFC1702CAED11A62CD892C0003F2A;B0BDDED34CC83E11052F6792C000B249;2025-05-31;-2.0;-544.74
BE4D455DE0CAED11A62CD892C0003F2A;B0BDDED34CC83E11052F6792C000B249;2025-05-31;-4.0;-574.12
17F107EA01CAED11A62CD892C0003F2A;B0BDDED34CC83E11052F6792C000B249;2025-05-31;-2.0;-516.12
2E7AE34FE0CAED11A62CD892C0003F2A;B0BDDED34CC83E11052F6792C000B249;2025-05-31;-2.0;-221.62
28662E4E44A1BE11BE2110650500775A;B0BDDED34CC83E11052F6792C000B249;2025-05-31;-2.0;-178.8
18130C4601CAED11A62CD892C0003F2A;B0BDDED34CC83E11052F6792C000B249;2025-05-31;-2.0;-249.62
C297BF6A01CAED11A62CD892C0003F2A;B0BDDED34CC83E11052F6792C000B249;2025-05-31;-2.0;-435.98
D2704B74F5C0BE11BE2110650500565A;B0BDDED34CC83E11052F6792C000B249;2025-05-31;-2.0;-123.62
CA75909C6B72BE11BE2110650500885A;B0BDDED34CC83E11052F6792C000B249;2025-05-31;-2.0;-106.8
7373F46EA877DE11C84610650500BF6A;B0BDDED34CC83E11052F6792C000B249;2025-05-31;-6.0;-153.0
63FDBD05B4C7DE11C84610650500107A;B0BDDED34CC83E11052F6792C000B249;2025-05-31;-2.0;-237.6
E022348640C0EE11406610650500DA4A;B0BDDED34CC83E11052F6792C000B249;2025-05-31;-2.0;-239.38
171DC320271BDE11406610650500634A;B0BDDED34CC83E11052F6792C000B249;2025-05-31;-2.0;-219.0
28F37D99A9CCAE11BE2110650500415A;B0BDDED34CC83E11052F6792C000B249;2025-05-31;-2.0;-187.7
84B20C336BCEAE11BE2110650500D35A;B0BDDED34CC83E11052F6792C000B249;2025-05-31;-4.0;-792.0
AED5F47349CE8E11F243BB650500C64B;B0BDDED34CC83E11052F6792C000B249;2025-05-31;-2.0;-117.84
782B2D2E86938E113835BB6505001CAA;B0BDDED34CC83E11052F6792C000B249;2025-05-31;-2.0;-541.06
45D4F2E8B4D38E113835BB6505006CAA;B0BDDED34CC83E11052F6792C000B249;2025-05-31;-2.0;-385.22
8F5FD09C402EED11A62CD892C000399B;B0BDDED34CC83E11052F6792C000B249;2025-05-31;-2.0;-765.24
F8C2476EF1089E11554010650500C24B;B0BDDED34CC83E11052F6792C000B249;2025-05-31;-8.0;-724.3
38DA5648DA5F3E11F7F68A650500DB08;B0BDDED34CC83E11052F6792C000B249;2025-05-31;-2.0;-115.56
4FF822A564DF6E11B7B78A650500CD08;B0BDDED34CC83E11052F6792C000B249;2025-05-31;-2.0;-137.76
60207E793F5A4E1142D58A6505009C08;B0BDDED34CC83E11052F6792C000B249;2025-05-31;-2.0;-129.86
5FBC3D8B0F7E4E1142D58A650500BC08;B0BDDED34CC83E11052F6792C000B249;2025-05-31;-4.0;-2547.56
B096DD9944425E1142D58A650500DC08;B0BDDED34CC83E11052F6792C000B249;2025-05-31;-4.0;-412.88
40818328B30ACE11ADB31065050052B8;B0BDDED34CC83E11052F6792C000B249;2025-05-31;-2.0;-845.5
447C2E7CF6E66E11B7B78A650500BC08;B0BDDED34CC83E11052F6792C000B249;2025-05-31;-2.0;-239.52
AF6612C1E665CE11ADB3106505002DA8;B0BDDED34CC83E11052F6792C000B249;2025-05-31;-2.0;-151.42
0EA5E4036085FD110DC22A92C000D158;B0BDDED34CC83E11052F6792C000B249;2025-05-31;-2.0;-214.68
A985BB7287C23E11052F6792C000CF39;B0BDDED34CC83E11052F6792C000B249;2025-05-31;-2.0;-69.04
67A6D63B2D027E11B7B78A650500CD08;B0BDDED34CC83E11052F6792C000B249;2025-05-31;-2.0;-276.88
7762D340FBF9FE11128010650500E819;B0BDDED34CC83E11052F6792C000B249;2025-05-31;-2.0;-164.38
FBA365098876BE118772106505008559;B0BDDED34CC83E11052F6792C000B249;2025-05-31;-2.0;-72.1
31F7B97FC3BC3E11052F6792C000D249;B0BDDED34CC83E11052F6792C000B249;2025-05-31;-4.0;-239.6
7DE561157946DE11ADB310650500F2C8;B0BDDED34CC83E11052F6792C000B249;2025-05-31;-2.0;-84.48
D0F3EB04AA4FFE11F1557891FE696689;B0BDDED34CC83E11052F6792C000B249;2025-05-31;-2.0;-105.34
82331755AF2DBE118772106505001E59;B0BDDED34CC83E11052F6792C000B249;2025-05-31;-2.0;-900.94
89732A90025EFE11F1557891FE692589;B0BDDED34CC83E11052F6792C000B249;2025-05-31;-4.0;-219.64
019E3C38484BBE11877210650500AB59;B0BDDED34CC83E11052F6792C000B249;2025-05-31;-2.0;-73.54
59D18DDDD1FFBE118772106505009169;B0BDDED34CC83E11052F6792C000B249;2025-05-31;-2.0;-375.86
DA92A519CEEFFE11F1557891FE693789;B0BDDED34CC83E11052F6792C000B249;2025-05-31;-2.0;-543.6
5D8DEDF7568EFE11F1557891FE696589;B0BDDED34CC83E11052F6792C000B249;2025-05-31;-2.0;-322.0
9B87F2956E22FE1191EE10650500ACB9;B0BDDED34CC83E11052F6792C000B249;2025-05-31;-8.0;-860.0
2C4E833929EEFE11F1557891FE69E589;B0BDDED34CC83E11052F6792C000B249;2025-05-31;-2.0;-249.8
03E44B4EA4FAEE1191EE1065050029B9;B0BDDED34CC83E11052F6792C000B249;2025-05-31;-4.0;-458.72
3EFE0A42662BDE11406610650500734A;B0BDDED34CC83E11052F6792C000B249;2025-05-31;-4.0;-792.0
163C89BA90CAED11A62CD892C0003F2A;B0BDDED34CC83E11052F6792C000B249;2025-05-31;-2.0;-1231.2
E2EDE89211CAED11A62CD892C0003F2A;B0BDDED34CC83E11052F6792C000B249;2025-05-31;-2.0;-340.76
7858A06E250DEE1191EE1065050029B9;B0BDDED34CC83E11052F6792C000B249;2025-05-31;-2.0;-2052.7
690D640201CAED11A62CD892C0003F2A;B0BDDED34CC83E11052F6792C000B249;2025-05-31;-4.0;-131.66
45587A2041CAED11A62CD892C0003F2A;B0BDDED34CC83E11052F6792C000B249;2025-05-31;-2.0;-528.2
BE09AA3111CAED11A62CD892C0003F2A;B0BDDED34CC83E11052F6792C000B249;2025-05-31;-2.0;-859.16
CCE3A43CC46BDE11406610650500D34A;B0BDDED34CC83E11052F6792C000B249;2025-05-31;-2.0;-1983.16
AA66DE86D4F5FE1191EE10650500A1C9;B0BDDED34CC83E11052F6792C000B249;2025-05-31;-2.0;-799.48
1B7B4B3331AAAE11BE21106505008E4A;B0BDDED34CC83E11052F6792C000B249;2025-05-31;-4.0;-116.28
DD042F328EE1EE114066106505006C4A;B0BDDED34CC83E11052F6792C000B249;2025-05-31;-2.0;-239.24
2887C414C87A9E115250106505007B4A;B0BDDED34CC83E11052F6792C000B249;2025-05-31;-2.0;-43.26
375BD54551CAED11A62CD892C0003F2A;B0BDDED34CC83E11052F6792C000B249;2025-05-31;-2.0;-370.78
72AD0751FFC7DE11C84610650500207A;B0BDDED34CC83E11052F6792C000B249;2025-05-31;-2.0;-51.0
EF8ADF6CBDF88E11F243BB650500DE3B;B0BDDED34CC83E11052F6792C000B249;2025-05-31;-2.0;-36.92
8C32A0F13364EE11B1AD10650500D7EA;B0BDDED34CC83E11052F6792C000B249;2025-05-31;-2.0;-81.58
A079393B24D99E11525010650500AA4A;B0BDDED34CC83E11052F6792C000B249;2025-05-31;-2.0;-693.58
87FC1101D21B1E1143F0668E4200EF5A;B0BDDED34CC83E11052F6792C000B249;2025-05-31;-2.0;-355.7
8BA429E20E6E8E11F243BB650500564B;B0BDDED34CC83E11052F6792C000B249;2025-05-31;-10.0;-448.5
5E3FB89463B78E11F243BB6505003D3B;B0BDDED34CC83E11052F6792C000B249;2025-05-31;-2.0;-136.26
A90D8CB249449E11554010650500ED3B;B0BDDED34CC83E11052F6792C000B249;2025-05-31;-2.0;-155.48
1CAD2685E7C71E1143F0668E42006B8B;B0BDDED34CC83E11052F6792C000B249;2025-05-31;-2.0;-333.68
3AB4409C6BBD3E11052F6792C000D249;B0BDDED34CC83E11052F6792C000B249;2025-05-31;-2.0;-112.36
D608C2617203EE11B1AD1065050016EA;B0BDDED34CC83E11052F6792C000B249;2025-05-31;-2.0;-138.66
DFE0C77BC124EE11B1AD1065050087EA;B0BDDED34CC83E11052F6792C000B249;2025-05-31;-2.0;-341.14
DAD16D440ABBFD11A4A96492C000CB59;B0BDDED34CC83E11052F6792C000B249;2025-05-31;-4.0;-744.04
B0BE32FD2D783E11052F6792C000B249;B0BDDED34CC83E11052F6792C000B249;2025-05-31;-2.0;-512.86
C90D640201CAED11A62CD892C0003F2A;B0BDDED34CC83E11052F6792C000B249;2025-05-31;-2.0;-72.48
7C361686AC456E11B7B78A650500BC08;44673735EAF46E11B7B78A650500BC08;2025-05-31;-6.0;-168.66
B096DD9944425E1142D58A650500DC08;44673735EAF46E11B7B78A650500BC08;2025-05-31;-2.0;-206.44
5FC926EADE456E11B7B78A650500BC08;44673735EAF46E11B7B78A650500BC08;2025-05-31;-2.0;-358.04
09C86EF2EF456E11B7B78A650500BC08;44673735EAF46E11B7B78A650500BC08;2025-05-31;-2.0;-263.18
862352B9AC456E11B7B78A650500BC08;44673735EAF46E11B7B78A650500BC08;2025-05-31;-2.0;-513.14
B3E1CA4D6D456E11B7B78A650500BC08;44673735EAF46E11B7B78A650500BC08;2025-05-31;340.0;7472.86
A6ACAC2CED456E11B7B78A650500BC08;44673735EAF46E11B7B78A650500BC08;2025-05-31;-4.0;-532.8
7073E631DE866E11B7B78A650500BC08;44673735EAF46E11B7B78A650500BC08;2025-05-31;-2.0;-197.6
61CD01C39C456E11B7B78A650500BC08;44673735EAF46E11B7B78A650500BC08;2025-05-31;-202.0;-1561.72
50AA28A04E456E11B7B78A650500BC08;44673735EAF46E11B7B78A650500BC08;2025-05-31;-18.0;-6696.0
062352B9AC456E11B7B78A650500BC08;44673735EAF46E11B7B78A650500BC08;2025-05-31;-6.0;-494.53999999999996
800A07A13D456E11B7B78A650500BC08;44673735EAF46E11B7B78A650500BC08;2025-05-31;-4.0;-281.28
1160F5CB3A2E6E11B7B78A6505003D08;44673735EAF46E11B7B78A650500BC08;2025-05-31;-26.0;-2705.38
81F8B01D0C5CCE11ADB31065050095B8;44673735EAF46E11B7B78A650500BC08;2025-05-31;-2.0;-188.1
A039331F7D456E11B7B78A650500BC08;44673735EAF46E11B7B78A650500BC08;2025-05-31;-2.0;-62.4
D6BCF4881BE66E11B7B78A650500BC08;44673735EAF46E11B7B78A650500BC08;2025-05-31;-8.0;-471.84
50C5BD4522606E1142D58A650500AD08;44673735EAF46E11B7B78A650500BC08;2025-05-31;-2.0;-210.72
4331172115B4DE11ADB310650500F0C8;44673735EAF46E11B7B78A650500BC08;2025-05-31;-4.0;-268.8
9669C44B146B3E11052F6792C000D249;44673735EAF46E11B7B78A650500BC08;2025-05-31;-6.0;-359.82
4F0142C8008CBE118772106505003D59;44673735EAF46E11B7B78A650500BC08;2025-05-31;-6.0;-2280.0
A4BF84EBBD1EFE11F1557891FE69E489;44673735EAF46E11B7B78A650500BC08;2025-05-31;-6.0;-260.28000000000003
3B4F3575178B3E11052F6792C000D249;44673735EAF46E11B7B78A650500BC08;2025-05-31;-4.0;-243.72
121AA55FC688CE11ADB31065050070B8;44673735EAF46E11B7B78A650500BC08;2025-05-31;-2.0;-74.24
8EC889ED0A37EE1191EE10650500D6B9;44673735EAF46E11B7B78A650500BC08;2025-05-31;-2.0;-111.62
22900B7A7F95FE1191EE1065050031C9;44673735EAF46E11B7B78A650500BC08;2025-05-31;-4.0;-3059.64
F87A13F4DF7EEE1191EE1065050029B9;44673735EAF46E11B7B78A650500BC08;2025-05-31;-2.0;-6800.0
047F0F9C17C2FE1191EE106505006DB9;44673735EAF46E11B7B78A650500BC08;2025-05-31;-6.0;-244.82
3E2F47E1F6E10F114EF7A826072BE989;44673735EAF46E11B7B78A650500BC08;2025-05-31;-6.0;-594.0
839F91F0F08ADE11406610650500924A;44673735EAF46E11B7B78A650500BC08;2025-05-31;-4.0;-399.76
CEE4D31BF6C1EE114066106505003C4A;44673735EAF46E11B7B78A650500BC08;2025-05-31;-12.0;-999.6
E18B9D494FE4FE1191EE1065050050C9;44673735EAF46E11B7B78A650500BC08;2025-05-31;-26.0;-7448.74
288AC96C066E9E11726010650500CB4A;44673735EAF46E11B7B78A650500BC08;2025-05-31;-2.0;-86.32
163C89BA90CAED11A62CD892C0003F2A;44673735EAF46E11B7B78A650500BC08;2025-05-31;-2.0;-1231.2
E7C811787DECEE1191EE1065050029B9;44673735EAF46E11B7B78A650500BC08;2025-05-31;-2.0;-889.7
9017CFFD8E84BE11BE21106505002B5A;44673735EAF46E11B7B78A650500BC08;2025-05-31;-2.0;-1169.04
2D4DE77554DCAE11BE2110650500515A;44673735EAF46E11B7B78A650500BC08;2025-05-31;-2.0;-140.0
D4FE155C1C8EAE11BE2110650500835A;44673735EAF46E11B7B78A650500BC08;2025-05-31;-4.0;-243.56
E5F6F7B29972EE114066106505001D4A;44673735EAF46E11B7B78A650500BC08;2025-05-31;-8.0;-427.2
9AD4F380C0D2FE1191EE106505007DB9;44673735EAF46E11B7B78A650500BC08;2025-05-31;-2.0;-273.94
94137EBFE6197E110819BB65050009AA;44673735EAF46E11B7B78A650500BC08;2025-05-31;-2.0;-42.34
9FFEDD26973C7E110819BB65050039AA;44673735EAF46E11B7B78A650500BC08;2025-05-31;-2.0;-191.3
730D4AAF5032BE11BE2110650500285A;44673735EAF46E11B7B78A650500BC08;2025-05-31;-2.0;-1268.0
2CDBE61E7D7FAE11BE2110650500B45A;44673735EAF46E11B7B78A650500BC08;2025-05-31;-2.0;-392.12
EAB144EDB11A8E11F243BB650500304B;44673735EAF46E11B7B78A650500BC08;2025-05-31;-2.0;-120.0
C19645C26407DE11C846106505002F6A;44673735EAF46E11B7B78A650500BC08;2025-05-31;-2.0;-288.0
897D3C0E2884EE11B1AD1065050008EA;44673735EAF46E11B7B78A650500BC08;2025-05-31;-2.0;-493.96
AAF328E741248E113835BB6505009CAA;44673735EAF46E11B7B78A650500BC08;2025-05-31;-12.0;-439.20000000000005
BB4F401B63039E115540106505004C3B;44673735EAF46E11B7B78A650500BC08;2025-05-31;-2.0;-629.9
CF814C4E45CF8E11F243BB650500084B;44673735EAF46E11B7B78A650500BC08;2025-05-31;-2.0;-84.38
1CCB17FFD6568E11F243BB6505007B3B;44673735EAF46E11B7B78A650500BC08;2025-05-31;-4.0;-205.44
A9CE2113B23C6E11B7B78A650500BC08;44673735EAF46E11B7B78A650500BC08;2025-05-31;-4.0;-194.10000000000002
2FCBC46F2C456E11B7B78A650500BC08;44673735EAF46E11B7B78A650500BC08;2025-05-31;-2.0;-551.62
D4B5B252EA244E1142D58A6505002C08;44673735EAF46E11B7B78A650500BC08;2025-05-31;-12.0;-600.96
4AAE8BC94D456E11B7B78A650500BC08;44673735EAF46E11B7B78A650500BC08;2025-05-31;-2.0;-488.6
67110C9E9E456E11B7B78A650500BC08;44673735EAF46E11B7B78A650500BC08;2025-05-31;-10.0;-58.7
68C874986BE66E11B7B78A650500BC08;44673735EAF46E11B7B78A650500BC08;2025-05-31;-2.0;-165.22
9E96487919DDCE11ADB31065050097B8;44673735EAF46E11B7B78A650500BC08;2025-05-31;-2.0;-198.0
4199B0CC30F5CE11ADB3106505006DA8;44673735EAF46E11B7B78A650500BC08;2025-05-31;-2.0;-304.84
9BC2D8122D456E11B7B78A650500BC08;44673735EAF46E11B7B78A650500BC08;2025-05-31;-13.6;-748.38
A82D1E8C65B4DE11ADB310650500F0C8;44673735EAF46E11B7B78A650500BC08;2025-05-31;-6.0;-366.12
0FEF367EEB0AFE11128010650500E819;44673735EAF46E11B7B78A650500BC08;2025-05-31;-4.0;-159.2
BE5D134965B4DE11ADB310650500F0C8;44673735EAF46E11B7B78A650500BC08;2025-05-31;-6.0;-249.71999999999997
BFE6BC5A47E4DE11ADB31065050031C8;44673735EAF46E11B7B78A650500BC08;2025-05-31;-2.0;-220.14
799C8EE9F7BAFE11128010650500E819;44673735EAF46E11B7B78A650500BC08;2025-05-31;-2.0;-51.2
010F84EBBD1EFE11F1557891FE69E489;44673735EAF46E11B7B78A650500BC08;2025-05-31;-2.0;-139.0
6D2B063E9F4BEE1191EE1065050029B9;44673735EAF46E11B7B78A650500BC08;2025-05-31;-4.0;-157.28
3F3C9C0B4CE7EE1191EE10650500B7B9;44673735EAF46E11B7B78A650500BC08;2025-05-31;-2.0;-10.2
9234C1554A2A9E115250106505001B4A;44673735EAF46E11B7B78A650500BC08;2025-05-31;-2.0;-224.92
A39D371F46CCDE11406610650500A54A;44673735EAF46E11B7B78A650500BC08;2025-05-31;-2.0;-130.36
31ADEA7CEB8DED11A62CD892C0003F2A;44673735EAF46E11B7B78A650500BC08;2025-05-31;-2.0;-411.84
D7801856A6F5AE11BE2110650500984A;44673735EAF46E11B7B78A650500BC08;2025-05-31;-4.0;-169.44
4340C10AD1EFAE11BE2110650500355A;44673735EAF46E11B7B78A650500BC08;2025-05-31;-4.0;-820.0
FF9889072C8EAE11BE2110650500835A;44673735EAF46E11B7B78A650500BC08;2025-05-31;-2.0;-73.6
18FB9C94CC22AE11726010650500905A;44673735EAF46E11B7B78A650500BC08;2025-05-31;-2.0;-113.44
54049FCA8D3A7E110819BB65050039AA;44673735EAF46E11B7B78A650500BC08;2025-05-31;-6.0;-179.88
8A6562D6E770BE11BE2110650500F55A;44673735EAF46E11B7B78A650500BC08;2025-05-31;-2.0;-281.0
AE9889072C8EAE11BE2110650500835A;44673735EAF46E11B7B78A650500BC08;2025-05-31;-6.0;-321.21999999999997
E8BC745D6309AE11BE21106505007C4A;44673735EAF46E11B7B78A650500BC08;2025-05-31;-2.0;-133.6
B0DE512957639E11554010650500CC3B;44673735EAF46E11B7B78A650500BC08;2025-05-31;-4.0;-40.0
FCFC974FF1CF7E110819BB65050039AA;44673735EAF46E11B7B78A650500BC08;2025-05-31;-2.0;-37.0
830508AA93688E11F243BB6505001E3B;44673735EAF46E11B7B78A650500BC08;2025-05-31;-2.0;-71.06
F8375A67B5EEAE11BE2110650500F35A;44673735EAF46E11B7B78A650500BC08;2025-05-31;-2.0;-118.0
442835D5BD5C7E110819BB65050039AA;44673735EAF46E11B7B78A650500BC08;2025-05-31;-4.0;-1177.16
14B135B1B6E62E1143F0668E420006EB;44673735EAF46E11B7B78A650500BC08;2025-05-31;-4.0;-354.76
5E52EC50E6568E11F243BB6505007B3B;44673735EAF46E11B7B78A650500BC08;2025-05-31;-2.0;-67.62
FFAF694A0FDD6E11B7B78A650500BC08;44673735EAF46E11B7B78A650500BC08;2025-05-31;-2.0;-38.82
BF027D0BFD456E11B7B78A650500BC08;44673735EAF46E11B7B78A650500BC08;2025-05-31;-2.0;-891.0
05E93682AE456E11B7B78A650500BC08;44673735EAF46E11B7B78A650500BC08;2025-05-31;-2.0;-30.02
3D32A1754C456E11B7B78A650500BC08;44673735EAF46E11B7B78A650500BC08;2025-05-31;-2.0;-128.06
E40BACBD2D456E11B7B78A650500BC08;44673735EAF46E11B7B78A650500BC08;2025-05-31;-2.0;-69.4
A65EEEA5E528CE11ADB310650500EFA8;44673735EAF46E11B7B78A650500BC08;2025-05-31;-2.0;-76.34
76D9847273D0DE11ADB310650500BBB8;44673735EAF46E11B7B78A650500BC08;2025-05-31;-12.0;-192.36
7708A170E880DE11ADB3106505005BB8;44673735EAF46E11B7B78A650500BC08;2025-05-31;-4.0;-140.0
3CDEBE2515B4DE11ADB310650500F0C8;44673735EAF46E11B7B78A650500BC08;2025-05-31;-2.0;-134.4
93356E2A988AFE11128010650500E819;44673735EAF46E11B7B78A650500BC08;2025-05-31;-2.0;-23.66
69A60A677946DE11ADB310650500F2C8;44673735EAF46E11B7B78A650500BC08;2025-05-31;-2.0;-84.48
D9905CE94665CE11ADB3106505002DA8;44673735EAF46E11B7B78A650500BC08;2025-05-31;-2.0;-192.84
13B077DC44E6EE1191EE1065050096B9;44673735EAF46E11B7B78A650500BC08;2025-05-31;-2.0;-86.0
05CBB776B2C10F114EF7A826072BB989;44673735EAF46E11B7B78A650500BC08;2025-05-31;-2.0;-213.58
0C09F5251C63CE118772106505000669;44673735EAF46E11B7B78A650500BC08;2025-05-31;-2.0;-192.1
06E250BBC35FEE1191EE1065050029B9;44673735EAF46E11B7B78A650500BC08;2025-05-31;-2.0;-1033.62
AC076A426D7DBE118772106505007E59;44673735EAF46E11B7B78A650500BC08;2025-05-31;-2.0;-172.0
7BFF0450D0CAED11A62CD892C0003F2A;44673735EAF46E11B7B78A650500BC08;2025-05-31;-2.0;-317.78
3B913D931589DE11406610650500514A;44673735EAF46E11B7B78A650500BC08;2025-05-31;-2.0;-670.0
0B02B7DF066E9E11726010650500CB4A;44673735EAF46E11B7B78A650500BC08;2025-05-31;-2.0;-58.62
7395F55B3BD6AE11BE2110650500B94A;44673735EAF46E11B7B78A650500BC08;2025-05-31;-2.0;-340.0
1279180DBFFD9E117260106505004B4A;44673735EAF46E11B7B78A650500BC08;2025-05-31;-2.0;-795.0
D718BFA84333AE11726010650500E15A;44673735EAF46E11B7B78A650500BC08;2025-05-31;-2.0;-18.14
8DC70E49D12B7E110819BB65050039AA;44673735EAF46E11B7B78A650500BC08;2025-05-31;-2.0;-237.0
5F2C6BDA03078E11F243BB6505005C3B;44673735EAF46E11B7B78A650500BC08;2025-05-31;-2.0;-105.51999999999998
98C33C9DD6568E11F243BB6505007B3B;44673735EAF46E11B7B78A650500BC08;2025-05-31;-2.0;-145.7
D04BB3B57AB38E113835BB6505004CAA;44673735EAF46E11B7B78A650500BC08;2025-05-31;-4.0;-176.38
376F7E5F89098E11F243BB650500EE3B;44673735EAF46E11B7B78A650500BC08;2025-05-31;-2.0;-226.84
670434AC41248E113835BB6505009CAA;44673735EAF46E11B7B78A650500BC08;2025-05-31;-2.0;-67.02
24C9D397E770BE11BE2110650500F55A;44673735EAF46E11B7B78A650500BC08;2025-05-31;-2.0;-284.66
B47B282963039E115540106505004C3B;44673735EAF46E11B7B78A650500BC08;2025-05-31;-2.0;-347.54
6904DA618D456E11B7B78A650500BC08;44673735EAF46E11B7B78A650500BC08;2025-05-31;-2.0;-63.0
D0971ECABDB9FE11128010650500E819;44673735EAF46E11B7B78A650500BC08;2025-05-31;-2.0;-338.0
3F4E02EDDD66CE11ADB310650500BDA8;44673735EAF46E11B7B78A650500BC08;2025-05-31;-10.0;-1150.08
C2A9466B4CFDBE118772106505001F59;44673735EAF46E11B7B78A650500BC08;2025-05-31;-2.0;-52.52
77801856A6F5AE11BE2110650500984A;44673735EAF46E11B7B78A650500BC08;2025-05-31;58.0;1290.02
34AE7656DA4F6E11B7B78A650500CD08;44673735EAF46E11B7B78A650500BC08;2025-05-31;-2.0;-998.0
FF0D128962FACE11ADB310650500A3B8;44673735EAF46E11B7B78A650500BC08;2025-05-31;-60.0;-14839.26
CFE9CAB8E770BE11BE2110650500F55A;44673735EAF46E11B7B78A650500BC08;2025-05-31;-2.0;-145.42
0A6923E0AE339E115540106505009C3B;44673735EAF46E11B7B78A650500BC08;2025-05-31;-2.0;-361.1999999999998
1B51A48BB4B31E1143F0668E42008C3B;44673735EAF46E11B7B78A650500BC08;2025-05-31;-2.0;-2914.28
3B33ADA2A0FE5E1142D58A6505006D08;44673735EAF46E11B7B78A650500BC08;2025-05-31;-2.0;-602.42
762540DB98E4DE11ADB31065050031C8;44673735EAF46E11B7B78A650500BC08;2025-05-31;-2.0;-21.76
5A397BE108EC7E110819BB65050039AA;44673735EAF46E11B7B78A650500BC08;2025-05-31;-2.0;-687.24
E000588963039E115540106505004C3B;44673735EAF46E11B7B78A650500BC08;2025-05-31;-2.0;-188.38
54140373C11A8E11F243BB650500304B;44673735EAF46E11B7B78A650500BC08;2025-05-31;-6.0;-362.46
98B8E940CD2ECE11ADB31065050008B8;FC081C55582CED11A62CD892C0003F2A;2025-05-31;-4.0;-217.28
B096DD9944425E1142D58A650500DC08;FC081C55582CED11A62CD892C0003F2A;2025-05-31;-4.0;-412.88
559ABB29D16A2E11052F6792C0007F39;FC081C55582CED11A62CD892C0003F2A;2025-05-31;-10.0;-1666.9
898318D5E25E3E11052F6792C000D249;FC081C55582CED11A62CD892C0003F2A;2025-05-31;-2.0;-939.1
1CD9B58A69EF0E1143F0668E42007A39;FC081C55582CED11A62CD892C0003F2A;2025-05-31;-2.0;-295.3
12C1F1CCDCDFDE11406610650500B94A;FC081C55582CED11A62CD892C0003F2A;2025-05-31;-2.0;-332.32
E5B1A6AFB6736E11B7B78A6505003C08;FC081C55582CED11A62CD892C0003F2A;2025-05-31;-6.0;-212.18
840074409B19BE11877210650500E859;FC081C55582CED11A62CD892C0003F2A;2025-05-31;-2.0;-1048.34
78D5B01A0223CE11877210650500A569;FC081C55582CED11A62CD892C0003F2A;2025-05-31;-2.0;-60.14
6007803533CBAE11BE2110650500FF4A;FC081C55582CED11A62CD892C0003F2A;2025-05-31;-2.0;-736.0
F050D66A6D12EE11406610650500AC4A;FC081C55582CED11A62CD892C0003F2A;2025-05-31;-2.0;-880.04
F3A0C091245F9E11726010650500FC4A;FC081C55582CED11A62CD892C0003F2A;2025-05-31;-2.0;-575.32
49F12A7F87788E11F243BB6505002E3B;FC081C55582CED11A62CD892C0003F2A;2025-05-31;-6.0;-373.14
9D5F2561AC456E11B7B78A650500BC08;44673735EAF46E11B7B78A650500BC08;2025-05-31;2.0;107.6
2EFA401CB577CE11ADB3106505000FA8;44673735EAF46E11B7B78A650500BC08;2025-05-31;0.0;0.0
F2BABFF040B09E11F243BB650500394B;44673735EAF46E11B7B78A650500BC08;2025-05-31;0.0;0.0
03C2C0F280A49E115540106505006E3B;44673735EAF46E11B7B78A650500BC08;2025-05-31;0.0;0.0
F0ACEF550DDDFE11F1557891FE699489;44673735EAF46E11B7B78A650500BC08;2025-05-31;0.0;0.0
69FBE535BBB9AE11BE21106505006D4A;44673735EAF46E11B7B78A650500BC08;2025-05-31;0.0;0.0
B440E41D7317DE11C846106505003F6A;44673735EAF46E11B7B78A650500BC08;2025-05-31;0.0;0.0
CFE0A20822529E115540106505006B3B;44673735EAF46E11B7B78A650500BC08;2025-05-31;0.0;0.0
C6D6875D1C98EE1191EE10650500A8B9;44673735EAF46E11B7B78A650500BC08;2025-05-31;0.0;0.0
A86C938410A4DE11ADB310650500D0C8;44673735EAF46E11B7B78A650500BC08;2025-05-31;-4.0;-9884.0
9F1D6F7699A9CE11ADB310650500E1B8;44673735EAF46E11B7B78A650500BC08;2025-05-31;0.0;0.0
2A2183EF78EFCE11ADB3106505006AB8;44673735EAF46E11B7B78A650500BC08;2025-05-31;0.0;0.0
45459644CB05FD110DC22A92C0009D7B;FC081C55582CED11A62CD892C0003F2A;2025-05-31;-6.0;-2658.48
10C67034B7ABAE11BE2110650500DF4A;FC081C55582CED11A62CD892C0003F2A;2025-05-31;-2.0;-674.14
20777A9222867E11B7B78A650500ED08;FC081C55582CED11A62CD892C0003F2A;2025-05-31;-2.0;-279.36
B49A2A198D36DE11ADB310650500E2C8;FC081C55582CED11A62CD892C0003F2A;2025-05-31;-2.0;-296.14
299D8A173E458E113835BB6505001EAA;FC081C55582CED11A62CD892C0003F2A;2025-05-31;-2.0;-256.72
3A8109C2854AEE1191EE1065050009B9;44673735EAF46E11B7B78A650500BC08;2025-05-31;-8.0;-35249.0
ADA5CCCFD9456E11B7B78A650500BC08;44673735EAF46E11B7B78A650500BC08;2025-05-31;0.0;0.0
7C71AD349F9BCE11ADB31065050084B8;44673735EAF46E11B7B78A650500BC08;2025-05-31;0.0;0.0
D29C8D0DD811FE1191EE106505004BB9;FC081C55582CED11A62CD892C0003F2A;2025-05-31;-6.0;-1080.0
86C3301E7E8ADE11406610650500A24A;44673735EAF46E11B7B78A650500BC08;2025-05-31;-2.0;-2855.12
4DC4776C1ED97E110819BB65050019AA;44673735EAF46E11B7B78A650500BC08;2025-05-31;-4.0;-772.18
57CBC3515C020F114EF7A826072B1A89;FC081C55582CED11A62CD892C0003F2A;2025-05-31;-8.0;-600.0
620F209180600F11F1557891FE69C789;44673735EAF46E11B7B78A650500BC08;2025-05-31;8.0;18572.04
F460C52B16118E110819BB65050039AA;44673735EAF46E11B7B78A650500BC08;2025-05-31;60.0;52500.24
D571F1E191CAED11A62CD892C0003F2A;B0BDDED34CC83E11052F6792C000B249;2025-05-31;20.0;1035.54
E189E38A0DDFDE11406610650500B94A;FC081C55582CED11A62CD892C0003F2A;2025-05-31;10.0;723.74
7F6C5FE848B18E11A442BB65050079AA;B0BDDED34CC83E11052F6792C000B249;2025-05-31;4.0;236.74
04A38C2C719A1E1143F0668E4200FBFB;B0BDDED34CC83E11052F6792C000B249;2025-05-31;6.0;816.46
C7FAA4902B0E8E11F243BB650500D54B;44673735EAF46E11B7B78A650500BC08;2025-05-31;4.0;2184.28
95CA74C7908DCE11ADB31065050017B8;44673735EAF46E11B7B78A650500BC08;2025-05-31;4.0;14612.0
2F50515C66F86E11B7B78A650500BC08;FC081C55582CED11A62CD892C0003F2A;2025-05-31;48.0;982.24
206A5A7B01F0EE114066106505001B4A;FC081C55582CED11A62CD892C0003F2A;2025-05-31;96.0;2359.58
1A55E4C243530F114EF7A826072BBB89;44673735EAF46E11B7B78A650500BC08;2025-05-31;140.0;31947.12
6475755E73530F114EF7A826072BBB89;44673735EAF46E11B7B78A650500BC08;2025-05-31;20.0;1026.6
D7E05C9E73530F114EF7A826072BBB89;44673735EAF46E11B7B78A650500BC08;2025-05-31;10.0;1914.44
282258D2D4530F114EF7A826072BBB89;44673735EAF46E11B7B78A650500BC08;2025-05-31;20.0;1189.1
23BFF0EBD9733E11052F6792C000CF39;FC081C55582CED11A62CD892C0003F2A;2025-05-31;20.0;1583.78
D8B6D2492EDFFD11A4A96492C0001019;B0BDDED34CC83E11052F6792C000B249;2025-05-31;6.0;1493.82
C9644BA2D265BE11BE21106505003C5A;FC081C55582CED11A62CD892C0003F2A;2025-05-31;20.0;4041.68
C9644BA2D265BE11BE21106505003C5A;B0BDDED34CC83E11052F6792C000B249;2025-05-31;20.0;4041.68
C9644BA2D265BE11BE21106505003C5A;44673735EAF46E11B7B78A650500BC08;2025-05-31;10.0;2020.84
2BA46015AEC79E11554010650500824B;44673735EAF46E11B7B78A650500BC08;2025-05-31;4.0;31035.18
2259C096AB44BE11BE2110650500DA5A;44673735EAF46E11B7B78A650500BC08;2025-05-31;4.0;21260.0
1D442358BB300F11F1557891FE699789;44673735EAF46E11B7B78A650500BC08;2025-05-31;8.0;775.8399999999999
4C059D86BB4ACE11ADB310650500B2B8;FC081C55582CED11A62CD892C0003F2A;2025-05-31;-2.0;-346.82
F4AF71E4075DCE11ADB310650500E6B8;FC081C55582CED11A62CD892C0003F2A;2025-05-31;-8.0;-453.6
8D985F380D8FCE11ADB310650500E9B8;FC081C55582CED11A62CD892C0003F2A;2025-05-31;-6.0;-523.38
65F04127ACD75E1142D58A650500DC08;FC081C55582CED11A62CD892C0003F2A;2025-05-31;-2.0;-248.42
783B7C15E71ECE11ADB310650500E7B8;FC081C55582CED11A62CD892C0003F2A;2025-05-31;-6.0;-354.46000000000004
719165CB2831DE11ADB3106505006CB8;FC081C55582CED11A62CD892C0003F2A;2025-05-31;-2.0;-631.76
AF8B18461EA3DE11ADB3106505008FB8;FC081C55582CED11A62CD892C0003F2A;2025-05-31;-2.0;-62.74
B7AB793F18D2DE11ADB3106505007EB8;FC081C55582CED11A62CD892C0003F2A;2025-05-31;-10.0;-200.0
88BA0F496AA06E1142D58A650500AD08;FC081C55582CED11A62CD892C0003F2A;2025-05-31;-2.0;-78.76
CF231A4A988AFE11128010650500E819;FC081C55582CED11A62CD892C0003F2A;2025-05-31;-2.0;-23.66
7AA316FBBD1EFE11F1557891FE69E489;FC081C55582CED11A62CD892C0003F2A;2025-05-31;-6.0;-775.26
6295424F18D2DE11ADB3106505007EB8;FC081C55582CED11A62CD892C0003F2A;2025-05-31;-8.0;-160.0
AAFD3999A89BEE1191EE1065050029B9;FC081C55582CED11A62CD892C0003F2A;2025-05-31;-2.0;-102.74
0361CD5CEB01FE1191EE106505003BB9;FC081C55582CED11A62CD892C0003F2A;2025-05-31;-2.0;-81.5
5BA14CBCA49ABE11877210650500CA59;FC081C55582CED11A62CD892C0003F2A;2025-05-31;-2.0;-287.34
5990467EEB0AFE11128010650500E819;FC081C55582CED11A62CD892C0003F2A;2025-05-31;-2.0;-79.6
303FA5C53E6DFE11F1557891FE690489;FC081C55582CED11A62CD892C0003F2A;2025-05-31;-2.0;-5098.94
24CE6FE122E1FE1191EE106505004CB9;FC081C55582CED11A62CD892C0003F2A;2025-05-31;-4.0;-268.76
F2A2AC2245DFEE1191EE10650500A9B9;FC081C55582CED11A62CD892C0003F2A;2025-05-31;-4.0;-1143.28
7590B1D13DF2FD110DC22A92C000C499;FC081C55582CED11A62CD892C0003F2A;2025-05-31;-4.0;-408.68
F52B22D501CAED11A62CD892C0003F2A;FC081C55582CED11A62CD892C0003F2A;2025-05-31;-2.0;-231.44
1B010D17782ADE11406610650500224A;FC081C55582CED11A62CD892C0003F2A;2025-05-31;-14.0;-171.32
CF3C644BB3900F11F1557891FE690889;FC081C55582CED11A62CD892C0003F2A;2025-05-31;-12.0;-997.56
33479886119EBE11877210650500DF59;FC081C55582CED11A62CD892C0003F2A;2025-05-31;-2.0;-55.72
C5379EB26DA7FE1191EE10650500E3C9;FC081C55582CED11A62CD892C0003F2A;2025-05-31;-14.0;-745.38
9B26705D2640FE1191EE106505003AB9;FC081C55582CED11A62CD892C0003F2A;2025-05-31;-2.0;-215.42
DDE0041AF2A7AE11BE2110650500BA4A;FC081C55582CED11A62CD892C0003F2A;2025-05-31;-4.0;-529.98
961DE941BE31FE1191EE106505007BB9;FC081C55582CED11A62CD892C0003F2A;2025-05-31;-2.0;-150.26
DDC67A9CC0CAED11A62CD892C0003F2A;FC081C55582CED11A62CD892C0003F2A;2025-05-31;-6.0;-588.5999999999999
CF1DE08C639F9E117260106505004D4A;FC081C55582CED11A62CD892C0003F2A;2025-05-31;-2.0;-49.8
4306E2D6F4F98E11F243BB650500104B;FC081C55582CED11A62CD892C0003F2A;2025-05-31;-4.0;-1065.72
4B3FF1D710BEDE11406610650500384A;FC081C55582CED11A62CD892C0003F2A;2025-05-31;-6.0;-200.46
AF8692FC0442EE11406610650500DC4A;FC081C55582CED11A62CD892C0003F2A;2025-05-31;-4.0;-100.16
9E07E00161D4EE11B1AD1065050068EA;FC081C55582CED11A62CD892C0003F2A;2025-05-31;-2.0;-149.8
EA0341CE913A7E110819BB65050029AA;FC081C55582CED11A62CD892C0003F2A;2025-05-31;-2.0;-1048.58
8DC6AC9D4935EE11B1AD10650500F8EA;FC081C55582CED11A62CD892C0003F2A;2025-05-31;-4.0;-1675.4
6209B51401FA8E11F243BB650500514B;FC081C55582CED11A62CD892C0003F2A;2025-05-31;-8.0;-206.0
2AA42DB93EAFFE11F1557891FE69E689;FC081C55582CED11A62CD892C0003F2A;2025-05-31;-2.0;-15.54
E790516A93C1CE11877210650500E369;FC081C55582CED11A62CD892C0003F2A;2025-05-31;-2.0;-31.02
83DED4832EFCBE11877210650500DD59;FC081C55582CED11A62CD892C0003F2A;2025-05-31;196.0;2674.94
5BA4B2B77019FE11128010650500E819;FC081C55582CED11A62CD892C0003F2A;2025-05-31;-4.0;-164.5
21DB2966B0CBFE111280106505000919;FC081C55582CED11A62CD892C0003F2A;2025-05-31;-2.0;-737.1
6890516A93C1CE11877210650500E369;FC081C55582CED11A62CD892C0003F2A;2025-05-31;-2.0;-33.5
2D4B26118EEC9E11726010650500D94A;FC081C55582CED11A62CD892C0003F2A;2025-05-31;-6.0;-327.72
A58FD5DCC691FE1191EE10650500EBB9;FC081C55582CED11A62CD892C0003F2A;2025-05-31;-2.0;-43.12
0F9D9BB39E74FE1191EE10650500CFB9;FC081C55582CED11A62CD892C0003F2A;2025-05-31;-4.0;-133.96
CD1960E05EEC9E11726010650500D94A;FC081C55582CED11A62CD892C0003F2A;2025-05-31;-2.0;-86.72
D02FEB2E2040EE114066106505003A4A;FC081C55582CED11A62CD892C0003F2A;2025-05-31;-2.0;-64.54
6CA0DD1F2FF8AE11BE21106505007C4A;FC081C55582CED11A62CD892C0003F2A;2025-05-31;-6.0;-262.2
BC78CC23B355BE11BE21106505002C5A;FC081C55582CED11A62CD892C0003F2A;2025-05-31;-2.0;-62.46
720AA1DA61769E11554010650500C04B;FC081C55582CED11A62CD892C0003F2A;2025-05-31;-6.0;-81.38
0FC4106CDA62AE11726010650500E05A;FC081C55582CED11A62CD892C0003F2A;2025-05-31;-2.0;-49.86
C892B649255DBE118772106505004E59;FC081C55582CED11A62CD892C0003F2A;2025-05-31;-2.0;-122.36
DCFA69AFBBE1EE114066106505006C4A;FC081C55582CED11A62CD892C0003F2A;2025-05-31;-2.0;-32.56
3962C3F8DE9F8E11F243BB650500D74B;FC081C55582CED11A62CD892C0003F2A;2025-05-31;-4.0;-131.92
988AC46F90900F11F1557891FE690889;FC081C55582CED11A62CD892C0003F2A;2025-05-31;-2.0;-120.14
764023BB3974EE11B1AD10650500F7EA;FC081C55582CED11A62CD892C0003F2A;2025-05-31;-2.0;-332.0
F8BB29C3C89D7E110819BB65050039AA;FC081C55582CED11A62CD892C0003F2A;2025-05-31;-4.0;-202.32
C440A38D5FB3EE11B1AD1065050007EA;FC081C55582CED11A62CD892C0003F2A;2025-05-31;-2.0;-322.44
55386BFA44425E1142D58A650500DC08;FC081C55582CED11A62CD892C0003F2A;2025-05-31;-4.0;-412.88
3BE5FCA9591A6E11B7B78A650500BC08;FC081C55582CED11A62CD892C0003F2A;2025-05-31;-2.0;-146.96
36002BFD52DC4E1142D58A650500BC08;FC081C55582CED11A62CD892C0003F2A;2025-05-31;-4.0;-363.5
BA42C4FBD84A5E1142D58A650500DC08;FC081C55582CED11A62CD892C0003F2A;2025-05-31;-2.0;-410.84
68F18EDD68E4DE11ADB31065050031C8;FC081C55582CED11A62CD892C0003F2A;2025-05-31;-6.0;-710.9399999999999
D312E275A2CBFE111280106505000919;FC081C55582CED11A62CD892C0003F2A;2025-05-31;-2.0;-463.78
5D290CDB3765DE11ADB310650500D1C8;FC081C55582CED11A62CD892C0003F2A;2025-05-31;-2.0;-321.94
FEFEB10F18D2DE11ADB3106505007EB8;FC081C55582CED11A62CD892C0003F2A;2025-05-31;-14.0;-1623.72
4452E275A2CBFE111280106505000919;FC081C55582CED11A62CD892C0003F2A;2025-05-31;-2.0;-715.66
620B73B38ABAFE11128010650500E819;FC081C55582CED11A62CD892C0003F2A;2025-05-31;-2.0;-59.28
F7DE744FAC58FE11128010650500D819;FC081C55582CED11A62CD892C0003F2A;2025-05-31;-2.0;-131.82
13AD551C5BF5CE11ADB3106505007DA8;FC081C55582CED11A62CD892C0003F2A;2025-05-31;-2.0;-132.34
B1C1EB04AA4FFE11F1557891FE696689;FC081C55582CED11A62CD892C0003F2A;2025-05-31;-2.0;-121.4
425BBB5F1DD4DE11ADB31065050021C8;FC081C55582CED11A62CD892C0003F2A;2025-05-31;-2.0;-560.32
924A33146010FE1191EE10650500F9B9;FC081C55582CED11A62CD892C0003F2A;2025-05-31;-2.0;-1512.92
3714554E087EFE11F1557891FE695589;FC081C55582CED11A62CD892C0003F2A;2025-05-31;-2.0;-299.2
F5F18BC1419EBE11877210650500DF59;FC081C55582CED11A62CD892C0003F2A;2025-05-31;-10.0;-278.6
9E6316FBBD1EFE11F1557891FE69E489;FC081C55582CED11A62CD892C0003F2A;2025-05-31;-2.0;-258.42
5AF37C1F9F2DBE118772106505001E59;FC081C55582CED11A62CD892C0003F2A;2025-05-31;-6.0;-75.30000000000001
B8A106F0596DEE1191EE1065050029B9;FC081C55582CED11A62CD892C0003F2A;2025-05-31;-2.0;-580.48
FE041DA64F11CE118772106505001369;FC081C55582CED11A62CD892C0003F2A;2025-05-31;-2.0;-1472.0
44904BBEC0CAED11A62CD892C0003F2A;FC081C55582CED11A62CD892C0003F2A;2025-05-31;-4.0;-878.2
19FF4A7A9DB6EE1191EE1065050076B9;FC081C55582CED11A62CD892C0003F2A;2025-05-31;-2.0;-141.12
3111A93BC7E10F114EF7A826072BE989;FC081C55582CED11A62CD892C0003F2A;2025-05-31;-4.0;-398.76
B883E5C15D13FE1191EE10650500EDB9;FC081C55582CED11A62CD892C0003F2A;2025-05-31;-2.0;-547.48
2E05902431CAED11A62CD892C0003F2A;FC081C55582CED11A62CD892C0003F2A;2025-05-31;-2.0;-453.56
0F08E9D401CAED11A62CD892C0003F2A;FC081C55582CED11A62CD892C0003F2A;2025-05-31;-2.0;-198.0
39C0CB8180E2FE1191EE106505009DB9;FC081C55582CED11A62CD892C0003F2A;2025-05-31;-2.0;-874.82
0154A0D2B1CAED11A62CD892C0003F2A;FC081C55582CED11A62CD892C0003F2A;2025-05-31;-2.0;-206.3
C19342792642FE1191EE10650500CCB9;FC081C55582CED11A62CD892C0003F2A;2025-05-31;-6.0;-4112.32
D8D2AA1FC1CAED11A62CD892C0003F2A;FC081C55582CED11A62CD892C0003F2A;2025-05-31;-4.0;-469.16
D2F2E9ECF153FE1191EE106505002EB9;FC081C55582CED11A62CD892C0003F2A;2025-05-31;-2.0;-164.38
937A99AAF0CAED11A62CD892C0003F2A;FC081C55582CED11A62CD892C0003F2A;2025-05-31;-2.0;-392.34
6A0D640201CAED11A62CD892C0003F2A;FC081C55582CED11A62CD892C0003F2A;2025-05-31;-4.0;-588.26
B974E61DA0CAED11A62CD892C0003F2A;FC081C55582CED11A62CD892C0003F2A;2025-05-31;-2.0;-63.5
F28AE34FE0CAED11A62CD892C0003F2A;FC081C55582CED11A62CD892C0003F2A;2025-05-31;-2.0;-169.84
34033A80E0CAED11A62CD892C0003F2A;FC081C55582CED11A62CD892C0003F2A;2025-05-31;-2.0;-298.58
2C754762F0CAED11A62CD892C0003F2A;FC081C55582CED11A62CD892C0003F2A;2025-05-31;-2.0;-254.0
4B8CE0DCCDEAAE11BE2110650500EE4A;FC081C55582CED11A62CD892C0003F2A;2025-05-31;-2.0;-62.2
CCE2C3C81EBBDE11406610650500444A;FC081C55582CED11A62CD892C0003F2A;2025-05-31;-4.0;-63.5
7A955889850ADE11406610650500F14A;FC081C55582CED11A62CD892C0003F2A;2025-05-31;-2.0;-216.24
5FB593D71FB3AE11726010650500925A;FC081C55582CED11A62CD892C0003F2A;2025-05-31;-6.0;-220.32
97CC8A62B257DE11C846106505008F6A;FC081C55582CED11A62CD892C0003F2A;2025-05-31;-2.0;-51.0
A70AAF7643CE7E110819BB65050039AA;FC081C55582CED11A62CD892C0003F2A;2025-05-31;-2.0;-513.52
DE33538948CE8E11F243BB650500C64B;FC081C55582CED11A62CD892C0003F2A;2025-05-31;-4.0;-2134.84
2168C3B68EF58E11F243BB650500FA3B;FC081C55582CED11A62CD892C0003F2A;2025-05-31;-4.0;-521.16
BC51831C065EDE11406610650500C74A;FC081C55582CED11A62CD892C0003F2A;2025-05-31;-2.0;-421.48
2395ECE7D4F98E11F243BB650500104B;FC081C55582CED11A62CD892C0003F2A;2025-05-31;-4.0;-1519.22
6136D389DCF34E1142D58A6505002C08;FC081C55582CED11A62CD892C0003F2A;2025-05-31;-4.0;-542.78
1D5B283564A96E11B7B78A650500BC08;FC081C55582CED11A62CD892C0003F2A;2025-05-31;-6.0;-389.14
A63A7EC3D7696E11B7B78A650500BC08;FC081C55582CED11A62CD892C0003F2A;2025-05-31;-2.0;-273.2
18F9A5D06F466E11B7B78A650500BC08;FC081C55582CED11A62CD892C0003F2A;2025-05-31;-2.0;-139.12
608F5443FF0ACE11ADB31065050062B8;FC081C55582CED11A62CD892C0003F2A;2025-05-31;-2.0;-616.82
3286CEB056E24E1142D58A6505000C08;FC081C55582CED11A62CD892C0003F2A;2025-05-31;-2.0;-332.32
5F27FDFE87DC6E11B7B78A650500BC08;FC081C55582CED11A62CD892C0003F2A;2025-05-31;-6.0;-323.6
EC3011D62BC47E11B7B78A650500ED08;FC081C55582CED11A62CD892C0003F2A;2025-05-31;-2.0;-907.16
2CE4710730267E11B7B78A650500ED08;FC081C55582CED11A62CD892C0003F2A;2025-05-31;-4.0;-312.08
B28CA4E7DFB16E1142D58A650500AD08;FC081C55582CED11A62CD892C0003F2A;2025-05-31;-2.0;-767.42
3E8FF86771365E1142D58A650500DC08;FC081C55582CED11A62CD892C0003F2A;2025-05-31;-2.0;-421.4
A7F7EC04070ECE11ADB310650500D7B8;FC081C55582CED11A62CD892C0003F2A;2025-05-31;-2.0;-192.2
11C8CDAB497AFE11128010650500E819;FC081C55582CED11A62CD892C0003F2A;2025-05-31;-2.0;-1169.48
3BF4E1DF5C4A3E11052F6792C000D249;FC081C55582CED11A62CD892C0003F2A;2025-05-31;-2.0;-49.36
0A2BF4BD6068FE11128010650500D819;FC081C55582CED11A62CD892C0003F2A;2025-05-31;-2.0;-722.44
3FB81AB50DAAFE11128010650500E819;FC081C55582CED11A62CD892C0003F2A;2025-05-31;-2.0;-209.5
61F04105DC510F11112A674AC7E22989;FC081C55582CED11A62CD892C0003F2A;2025-05-31;-4.0;-324.72
DC7A62B6AD7ABE11877210650500AA59;FC081C55582CED11A62CD892C0003F2A;2025-05-31;-2.0;-645.36
BB91881961FFBE118772106505009169;FC081C55582CED11A62CD892C0003F2A;2025-05-31;-2.0;-144.62
C42F4609CC8EFE11F1557891FE697589;FC081C55582CED11A62CD892C0003F2A;2025-05-31;-2.0;-220.0
D9E59375470A0E11A4A96492C0001269;FC081C55582CED11A62CD892C0003F2A;2025-05-31;-2.0;-396.08
549008398567FE1191EE1065050083C9;FC081C55582CED11A62CD892C0003F2A;2025-05-31;-4.0;-3421.02
DECF917B3104FE1191EE106505001FB9;FC081C55582CED11A62CD892C0003F2A;2025-05-31;-2.0;-412.02
E5565E79248EFE11F1557891FE696589;FC081C55582CED11A62CD892C0003F2A;2025-05-31;-2.0;-450.52
B388B0A5B7C22E1143F0668E4200C71A;FC081C55582CED11A62CD892C0003F2A;2025-05-31;-2.0;-329.5
F40A18BFBD31FE1191EE106505007BB9;FC081C55582CED11A62CD892C0003F2A;2025-05-31;-2.0;-2345.8
A5B6E1263597FE1191EE10650500C3C9;FC081C55582CED11A62CD892C0003F2A;2025-05-31;-12.0;-3495.3
924D86E7B1BBEE1191EE1065050029B9;FC081C55582CED11A62CD892C0003F2A;2025-05-31;-2.0;-134.48
5B615DFD40D2FE1191EE106505007DB9;FC081C55582CED11A62CD892C0003F2A;2025-05-31;-2.0;-103.54
493E17D851CAED11A62CD892C0003F2A;FC081C55582CED11A62CD892C0003F2A;2025-05-31;-2.0;-1083.24
A61C028040CAED11A62CD892C0003F2A;FC081C55582CED11A62CD892C0003F2A;2025-05-31;-2.0;-1506.18
8018E9D401CAED11A62CD892C0003F2A;FC081C55582CED11A62CD892C0003F2A;2025-05-31;-4.0;-395.82
8A904BBEC0CAED11A62CD892C0003F2A;FC081C55582CED11A62CD892C0003F2A;2025-05-31;-2.0;-509.76
1AA5057301CAED11A62CD892C0003F2A;FC081C55582CED11A62CD892C0003F2A;2025-05-31;-2.0;-68.88
A4C04F52D0CAED11A62CD892C0003F2A;FC081C55582CED11A62CD892C0003F2A;2025-05-31;-2.0;-216.3
169C943C1724FE1191EE106505004FB9;FC081C55582CED11A62CD892C0003F2A;2025-05-31;-2.0;-998.0
71D8EA98F0CAED11A62CD892C0003F2A;FC081C55582CED11A62CD892C0003F2A;2025-05-31;-8.0;-634.08
9D1957F1E0CAED11A62CD892C0003F2A;FC081C55582CED11A62CD892C0003F2A;2025-05-31;-2.0;-532.26
791635468371FE1191EE10650500BBB9;FC081C55582CED11A62CD892C0003F2A;2025-05-31;-2.0;-147.36
47AF8A5FC0CAED11A62CD892C0003F2A;FC081C55582CED11A62CD892C0003F2A;2025-05-31;-8.0;-884.4
2BC844D3D0CAED11A62CD892C0003F2A;FC081C55582CED11A62CD892C0003F2A;2025-05-31;-2.0;-186.86
8BDA263A8642EE11406610650500DC4A;FC081C55582CED11A62CD892C0003F2A;2025-05-31;-2.0;-171.24
A0695D7DB4F8AE11BE21106505006C4A;FC081C55582CED11A62CD892C0003F2A;2025-05-31;-2.0;-122.3
0D4386A6153B1E1143F0668E4200EF5A;FC081C55582CED11A62CD892C0003F2A;2025-05-31;-2.0;-391.9
F924383A09628E111E1BBB6505007AAA;FC081C55582CED11A62CD892C0003F2A;2025-05-31;-2.0;-344.1
57A5A574877ADE11406610650500824A;FC081C55582CED11A62CD892C0003F2A;2025-05-31;-2.0;-668.9
363C50575E6CDE11406610650500354A;FC081C55582CED11A62CD892C0003F2A;2025-05-31;-2.0;-1829.28
2B23E5EBF89DDE11406610650500B64A;FC081C55582CED11A62CD892C0003F2A;2025-05-31;-4.0;-433.36
D1BFBF08107A7E110819BB65050039AA;FC081C55582CED11A62CD892C0003F2A;2025-05-31;-2.0;-366.92
2A0B1A14B4F8AE11BE21106505006C4A;FC081C55582CED11A62CD892C0003F2A;2025-05-31;-2.0;-77.7
C42947C02524EE11B1AD1065050087EA;FC081C55582CED11A62CD892C0003F2A;2025-05-31;-2.0;-247.48
0C6569AA70679E11554010650500F14B;FC081C55582CED11A62CD892C0003F2A;2025-05-31;-2.0;-783.58
B77E81DB7605EE11B1AD10650500A8EA;FC081C55582CED11A62CD892C0003F2A;2025-05-31;-6.0;-5111.38
C2C9021FCCA79E11554010650500524B;FC081C55582CED11A62CD892C0003F2A;2025-05-31;-2.0;-1028.46
492E78998B206E1142D58A650500AD08;FC081C55582CED11A62CD892C0003F2A;2025-05-31;-2.0;-1048.28
BB9A74BAB8A92E11052F6792C0007F39;FC081C55582CED11A62CD892C0003F2A;2025-05-31;-2.0;-1701.44
1D0930DBBD1EFE11F1557891FE69E489;FC081C55582CED11A62CD892C0003F2A;2025-05-31;-2.0;-523.86
BF911DCBD083FE1191EE106505007EB9;FC081C55582CED11A62CD892C0003F2A;2025-05-31;-2.0;-150.86
4D8DECA4094EFD11A4A96492C0006D28;FC081C55582CED11A62CD892C0003F2A;2025-05-31;-2.0;-281.28
09C0B7EFAA1DFD11A4A96492C000CB59;FC081C55582CED11A62CD892C0003F2A;2025-05-31;-2.0;-306.4
B6842571709EBE11877210650500DF59;FC081C55582CED11A62CD892C0003F2A;2025-05-31;-4.0;-111.44
166C973F6A48FD11A4A96492C000AA89;FC081C55582CED11A62CD892C0003F2A;2025-05-31;-4.0;-562.12
1FF7FC289F900F11F1557891FE691889;FC081C55582CED11A62CD892C0003F2A;2025-05-31;-2.0;-186.82
27463F78D34DEE1191EE1065050029B9;FC081C55582CED11A62CD892C0003F2A;2025-05-31;-2.0;-336.6
EA7E3926B6E28E113835BB6505002BAA;FC081C55582CED11A62CD892C0003F2A;2025-05-31;-2.0;-341.04
2BAEEE9A82E04E1142D58A650500DB08;B0BDDED34CC83E11052F6792C000B249;2025-05-31;-2.0;-244.28
4D4F333878C45E1142D58A650500DC08;B0BDDED34CC83E11052F6792C000B249;2025-05-31;-2.0;-244.28
EC647CBEB36BCE11ADB31065050034B8;B0BDDED34CC83E11052F6792C000B249;2025-05-31;-2.0;-94.0
44A455F8FBF76E11B7B78A650500BC08;B0BDDED34CC83E11052F6792C000B249;2025-05-31;-6.0;-1068.0
284C0DDDDC2ECE11ADB31065050008B8;B0BDDED34CC83E11052F6792C000B249;2025-05-31;-2.0;-237.6
B9C3840F18363E11052F6792C000FF39;B0BDDED34CC83E11052F6792C000B249;2025-05-31;-8.0;-719.12
4F8F80BCACD75E1142D58A650500DC08;B0BDDED34CC83E11052F6792C000B249;2025-05-31;-2.0;-390.62
9964119162867E11B7B78A650500ED08;B0BDDED34CC83E11052F6792C000B249;2025-05-31;-2.0;-463.92
FA2D52DACED4DE11ADB31065050021C8;B0BDDED34CC83E11052F6792C000B249;2025-05-31;-4.0;-165.6
A1377ED44D42DE11ADB310650500CDB8;B0BDDED34CC83E11052F6792C000B249;2025-05-31;-4.0;-1901.6399999999999
21D4662C575FFE11F1557891FE697689;B0BDDED34CC83E11052F6792C000B249;2025-05-31;-8.0;-336.0
4723AE495109EE1191EE1065050009B9;B0BDDED34CC83E11052F6792C000B249;2025-05-31;-2.0;-692.46
EAF22A90025EFE11F1557891FE692589;B0BDDED34CC83E11052F6792C000B249;2025-05-31;-116.0;-1349.08
6BEBE596FB913E11052F6792C000CF39;B0BDDED34CC83E11052F6792C000B249;2025-05-31;-2.0;-1200.0
2C466A3662251E1143F0668E4200EE89;B0BDDED34CC83E11052F6792C000B249;2025-05-31;-8.0;-1542.8
B6842571709EBE11877210650500DF59;B0BDDED34CC83E11052F6792C000B249;2025-05-31;-8.0;-222.88
5D088BB17BA8BE118772106505005859;B0BDDED34CC83E11052F6792C000B249;2025-05-31;-2.0;-843.98
B85AE0C9BA2EBE118772106505005F59;B0BDDED34CC83E11052F6792C000B249;2025-05-31;-2.0;-125.92
DC280D4ACE23FD110DC22A92C000C499;B0BDDED34CC83E11052F6792C000B249;2025-05-31;-2.0;-69.54
4719182F55FDFE11F1557891FE69B489;B0BDDED34CC83E11052F6792C000B249;2025-05-31;-6.0;-414.78
4E5C53538ABAFE11128010650500E819;B0BDDED34CC83E11052F6792C000B249;2025-05-31;-6.0;-177.84
F22159E86589DE11406610650500514A;B0BDDED34CC83E11052F6792C000B249;2025-05-31;-8.0;-1535.2
89994B7DA0CAED11A62CD892C0003F2A;B0BDDED34CC83E11052F6792C000B249;2025-05-31;-16.0;-2288.0
0860A30F49F2FE1191EE10650500BDB9;B0BDDED34CC83E11052F6792C000B249;2025-05-31;-2.0;-202.02
493E17D851CAED11A62CD892C0003F2A;B0BDDED34CC83E11052F6792C000B249;2025-05-31;-2.0;-1175.36
DD8051DB08300F11F1557891FE699789;B0BDDED34CC83E11052F6792C000B249;2025-05-31;-2.0;-547.6
710332DA8D410F11112A674AC7E21989;B0BDDED34CC83E11052F6792C000B249;2025-05-31;-4.0;-91.0
717D3A8D70C5EE1191EE1065050045B9;B0BDDED34CC83E11052F6792C000B249;2025-05-31;-16.0;-565.96
D93AB3F5395EDE11406610650500C74A;B0BDDED34CC83E11052F6792C000B249;2025-05-31;-2.0;-504.38
5FC53B86878DAE11BE2110650500325A;B0BDDED34CC83E11052F6792C000B249;2025-05-31;-4.0;-356.8
120D878EB50C7E110819BB65050039AA;B0BDDED34CC83E11052F6792C000B249;2025-05-31;-2.0;-487.86
AE934F1D663EAE11BE2110650500135A;B0BDDED34CC83E11052F6792C000B249;2025-05-31;-2.0;-24.96
1283222D1B6BAE11BE21106505008F4A;B0BDDED34CC83E11052F6792C000B249;2025-05-31;-2.0;-363.6
DDE0041AF2A7AE11BE2110650500BA4A;B0BDDED34CC83E11052F6792C000B249;2025-05-31;-6.0;-794.46
AE59ACEB697BAE11BE21106505009F4A;B0BDDED34CC83E11052F6792C000B249;2025-05-31;-6.0;-296.4
2BA00134F6EA9E115250106505000C4A;B0BDDED34CC83E11052F6792C000B249;2025-05-31;-4.0;-316.72
514C21408EE2BE11BE2110650500195A;B0BDDED34CC83E11052F6792C000B249;2025-05-31;-2.0;-230.4
B713992A12238E117E64BB6505005BAA;B0BDDED34CC83E11052F6792C000B249;2025-05-31;134.0;15023.0
B67DE1C2688EED11A62CD892C000399B;B0BDDED34CC83E11052F6792C000B249;2025-05-31;-2.0;-214.42
F71074C403C2EE11B1AD10650500C5EA;B0BDDED34CC83E11052F6792C000B249;2025-05-31;-2.0;-206.8
8A3F22AA137C1E1143F0668E4200502B;B0BDDED34CC83E11052F6792C000B249;2025-05-31;-2.0;-73.06
AEABCD6356AB1E1143F0668E4200EF5A;B0BDDED34CC83E11052F6792C000B249;2025-05-31;-2.0;-677.9
4E79DB5207F48E113835BB650500ADAA;B0BDDED34CC83E11052F6792C000B249;2025-05-31;-2.0;-391.22
D1F5EA1705EB4E1142D58A6505009C08;B0BDDED34CC83E11052F6792C000B249;2025-05-31;-2.0;-163.22
661CD5DA0B156E11B7B78A650500BC08;B0BDDED34CC83E11052F6792C000B249;2025-05-31;-4.0;-181.32
99F93D269FAF5E1142D58A650500AD08;B0BDDED34CC83E11052F6792C000B249;2025-05-31;-4.0;-220.7
DD1E79FF5A2A4E1142D58A6505009C08;B0BDDED34CC83E11052F6792C000B249;2025-05-31;-4.0;-264.0
AC85E63905EB4E1142D58A6505009C08;B0BDDED34CC83E11052F6792C000B249;2025-05-31;-2.0;-228.98
89339619CC596E11B7B78A650500BC08;B0BDDED34CC83E11052F6792C000B249;2025-05-31;-2.0;-114.82
F255EDCB5A075E1142D58A650500DC08;B0BDDED34CC83E11052F6792C000B249;2025-05-31;-2.0;-131.32
F4FA44C26BE15E1142D58A650500BC08;B0BDDED34CC83E11052F6792C000B249;2025-05-31;-2.0;-62.1
3949BFE63AC0DE11ADB310650500ABB8;B0BDDED34CC83E11052F6792C000B249;2025-05-31;-4.0;-79.3
6E95CEFEE8F34E1142D58A6505002C08;B0BDDED34CC83E11052F6792C000B249;2025-05-31;-2.0;-426.86
9AFC45B292EE4E1142D58A650500BC08;B0BDDED34CC83E11052F6792C000B249;2025-05-31;-2.0;-421.18
C16D9B051EE5CE11ADB3106505006DA8;B0BDDED34CC83E11052F6792C000B249;2025-05-31;-2.0;-308.64
25B386D90DC2DE11ADB3106505006EB8;B0BDDED34CC83E11052F6792C000B249;2025-05-31;-2.0;-146.86
9E96487919DDCE11ADB31065050097B8;B0BDDED34CC83E11052F6792C000B249;2025-05-31;-16.0;-1584.0
4A6D438153D0DE11ADB310650500BBB8;B0BDDED34CC83E11052F6792C000B249;2025-05-31;-2.0;-147.7
4877C406B70ECE11ADB310650500D7B8;B0BDDED34CC83E11052F6792C000B249;2025-05-31;-2.0;-281.56
D73962958D6B6E11B7B78A650500BC08;B0BDDED34CC83E11052F6792C000B249;2025-05-31;-2.0;-1048.58
3F18D298B12AFE11128010650500E819;B0BDDED34CC83E11052F6792C000B249;2025-05-31;-4.0;-199.0
21441A4A988AFE11128010650500E819;B0BDDED34CC83E11052F6792C000B249;2025-05-31;-2.0;-23.66
567C8EE9F7BAFE11128010650500E819;B0BDDED34CC83E11052F6792C000B249;2025-05-31;-4.0;-102.0
C23AEAB308B13E11052F6792C000CF39;B0BDDED34CC83E11052F6792C000B249;2025-05-31;-2.0;-418.2
B077225BA968FE11128010650500D819;B0BDDED34CC83E11052F6792C000B249;2025-05-31;-2.0;-165.56
A7EF10A8BF09FE11128010650500E819;B0BDDED34CC83E11052F6792C000B249;2025-05-31;-2.0;-326.44
D67DDBD899363E11052F6792C000FF39;B0BDDED34CC83E11052F6792C000B249;2025-05-31;-2.0;-70.76
3E567CDF3056BE118772106505005559;B0BDDED34CC83E11052F6792C000B249;2025-05-31;-4.0;-1130.4
9492D0A83394DE11ADB310650500C0C8;B0BDDED34CC83E11052F6792C000B249;2025-05-31;-2.0;-416.64
753BF8801BA8FE11128010650500D819;B0BDDED34CC83E11052F6792C000B249;2025-05-31;-2.0;-369.22
6B0F8330411BFE11128010650500E819;B0BDDED34CC83E11052F6792C000B249;2025-05-31;-2.0;-106.04
D1B6F9AD0CA8BE118772106505005859;B0BDDED34CC83E11052F6792C000B249;2025-05-31;-2.0;-77.12
63CF22F28ABAFE11128010650500E819;B0BDDED34CC83E11052F6792C000B249;2025-05-31;-4.0;-124.36
E91E9EEEDD500F11F1557891FE69C789;B0BDDED34CC83E11052F6792C000B249;2025-05-31;-2.0;-25.48
77054643119EBE11877210650500DF59;B0BDDED34CC83E11052F6792C000B249;2025-05-31;-2.0;-55.72
9CF930DBBD1EFE11F1557891FE69E489;B0BDDED34CC83E11052F6792C000B249;2025-05-31;-4.0;-1254.28
3A332A90025EFE11F1557891FE692589;B0BDDED34CC83E11052F6792C000B249;2025-05-31;-4.0;-379.84
6A32F2340F0EEE1191EE1065050029B9;B0BDDED34CC83E11052F6792C000B249;2025-05-31;-2.0;-319.92
CFC2663A31CAED11A62CD892C0003F2A;B0BDDED34CC83E11052F6792C000B249;2025-05-31;-4.0;-998.08
B1B7955D82C5EE1191EE1065050045B9;B0BDDED34CC83E11052F6792C000B249;2025-05-31;-2.0;-360.0
26E40265EC20FE1191EE106505001AB9;B0BDDED34CC83E11052F6792C000B249;2025-05-31;-4.0;-112.0
14D15EB8CC8EFE11F1557891FE697589;B0BDDED34CC83E11052F6792C000B249;2025-05-31;-2.0;-574.78
459B72C890CAED11A62CD892C0003F2A;B0BDDED34CC83E11052F6792C000B249;2025-05-31;-4.0;-331.2
5101C7FFF0CAED11A62CD892C0003F2A;B0BDDED34CC83E11052F6792C000B249;2025-05-31;-4.0;-303.92
DAFCBFF0E0CAED11A62CD892C0003F2A;B0BDDED34CC83E11052F6792C000B249;2025-05-31;-4.0;-471.4
0D35F61FA0CAED11A62CD892C0003F2A;B0BDDED34CC83E11052F6792C000B249;2025-05-31;-2.0;-307.36
56C7D916B0CAED11A62CD892C0003F2A;B0BDDED34CC83E11052F6792C000B249;2025-05-31;-2.0;-66.46
BD185086D4F5FE1191EE10650500A1C9;B0BDDED34CC83E11052F6792C000B249;2025-05-31;-2.0;-217.1
68C844D3D0CAED11A62CD892C0003F2A;B0BDDED34CC83E11052F6792C000B249;2025-05-31;-2.0;-151.54
C1D32BDCFFAEDE11406610650500384A;B0BDDED34CC83E11052F6792C000B249;2025-05-31;-2.0;-66.82
220E600801CAED11A62CD892C0003F2A;B0BDDED34CC83E11052F6792C000B249;2025-05-31;-2.0;-610.02
602270AC81CAED11A62CD892C0003F2A;B0BDDED34CC83E11052F6792C000B249;2025-05-31;6.0;1578.8
6F0DF3249B2DDE11406610650500264A;B0BDDED34CC83E11052F6792C000B249;2025-05-31;-2.0;-180.0
9AB7B86A0EE4AE11726010650500145A;B0BDDED34CC83E11052F6792C000B249;2025-05-31;-4.0;-115.62
FDD9D4E5F8D91E1143F0668E42009D5A;B0BDDED34CC83E11052F6792C000B249;2025-05-31;-2.0;-912.7
58B31D230F1A8E11F243BB650500404B;B0BDDED34CC83E11052F6792C000B249;2025-05-31;-4.0;-794.48
DC9AE3C90383AE11726010650500425A;B0BDDED34CC83E11052F6792C000B249;2025-05-31;-2.0;-141.12
0DD19ECCF1897E110819BB65050019AA;B0BDDED34CC83E11052F6792C000B249;2025-05-31;-2.0;-484.18
408D93D25592BE11BE2110650500A85A;B0BDDED34CC83E11052F6792C000B249;2025-05-31;-2.0;-196.98
19CE2459F203EE11B1AD1065050016EA;B0BDDED34CC83E11052F6792C000B249;2025-05-31;-2.0;-540.68
14A6871C6B55EE11B1AD1065050029EA;B0BDDED34CC83E11052F6792C000B249;2025-05-31;-2.0;-309.54
F8BB29C3C89D7E110819BB65050039AA;B0BDDED34CC83E11052F6792C000B249;2025-05-31;-2.0;-101.16
2726518B3C456E11B7B78A650500BC08;44673735EAF46E11B7B78A650500BC08;2025-05-31;-4.0;-744.62
91200187FC456E11B7B78A650500BC08;44673735EAF46E11B7B78A650500BC08;2025-05-31;-2.0;-4800.8
48772F1D74054E1142D58A6505002C08;44673735EAF46E11B7B78A650500BC08;2025-05-31;-4.0;-473.6
D5F75042DD456E11B7B78A650500BC08;44673735EAF46E11B7B78A650500BC08;2025-05-31;-4.0;-1448.0
E1D840504C456E11B7B78A650500BC08;44673735EAF46E11B7B78A650500BC08;2025-05-31;-2.0;-388.72
784399AC9E456E11B7B78A650500BC08;44673735EAF46E11B7B78A650500BC08;2025-05-31;-8.0;-210.4
49F330E6FB456E11B7B78A650500BC08;44673735EAF46E11B7B78A650500BC08;2025-05-31;-4.0;-2040.0
6172F7393F896E11B7B78A650500BC08;44673735EAF46E11B7B78A650500BC08;2025-05-31;-2.0;-230.46
65349E308D456E11B7B78A650500BC08;44673735EAF46E11B7B78A650500BC08;2025-05-31;-2.0;-177.6
048B9C3BBF354E1142D58A6505002C08;44673735EAF46E11B7B78A650500BC08;2025-05-31;-8.0;-480.48
FC577F655AE66E11B7B78A650500BC08;44673735EAF46E11B7B78A650500BC08;2025-05-31;-20.0;-594.0
6DB332DC22637E11B7B78A650500DD08;44673735EAF46E11B7B78A650500BC08;2025-05-31;-8.0;-2272.0
4F1D6F7699A9CE11ADB310650500E1B8;44673735EAF46E11B7B78A650500BC08;2025-05-31;-4.0;-314.14
C1077B1D5D456E11B7B78A650500BC08;44673735EAF46E11B7B78A650500BC08;2025-05-31;-4.0;-505.6
3A5B53B0F13ECE11ADB31065050008B8;44673735EAF46E11B7B78A650500BC08;2025-05-31;-4.0;-1669.4
97A08DB18C82DE11ADB3106505001EB8;44673735EAF46E11B7B78A650500BC08;2025-05-31;-10.0;-239.7
DCD243B561C47E11B7B78A650500ED08;44673735EAF46E11B7B78A650500BC08;2025-05-31;-8.0;-1870.16
771E3601BAC9FE11128010650500E819;44673735EAF46E11B7B78A650500BC08;2025-05-31;-4.0;-82.0
781FFB92D0F27E11B7B78A650500DD08;44673735EAF46E11B7B78A650500BC08;2025-05-31;-10.0;-388.9
CC92CAF8494B3E11052F6792C000D249;44673735EAF46E11B7B78A650500BC08;2025-05-31;-10.0;-1209.5
36B97897710A3E11052F6792C000D249;44673735EAF46E11B7B78A650500BC08;2025-05-31;-10.0;-3624.8
BBAFBB51D5867E11B7B78A650500ED08;44673735EAF46E11B7B78A650500BC08;2025-05-31;-6.0;-368.7
A62845952442DE11ADB310650500BDB8;44673735EAF46E11B7B78A650500BC08;2025-05-31;-4.0;-223.6
4148E0D56C68FE11128010650500D819;44673735EAF46E11B7B78A650500BC08;2025-05-31;-6.0;-414.0
DAAC7AA8BEB0DE11ADB3106505009BB8;44673735EAF46E11B7B78A650500BC08;2025-05-31;-2.0;-115.0
C73E1F90A4ABEE1191EE1065050029B9;44673735EAF46E11B7B78A650500BC08;2025-05-31;-8.0;-569.6
A624EB2B2EF10F114EF7A826072B0A89;44673735EAF46E11B7B78A650500BC08;2025-05-31;-2.0;-121.2
879935483EBBEE1191EE1065050029B9;44673735EAF46E11B7B78A650500BC08;2025-05-31;-2.0;-697.98
66958714648DFE11F1557891FE692489;44673735EAF46E11B7B78A650500BC08;2025-05-31;-6.0;-24.62
5E61245C88BFEE1191EE1065050089B9;44673735EAF46E11B7B78A650500BC08;2025-05-31;-2.0;-5030.0
03EFE2E8ACBEEE1191EE1065050029B9;44673735EAF46E11B7B78A650500BC08;2025-05-31;-4.0;-548.0
2295E6F99A2CBE11877210650500CC59;44673735EAF46E11B7B78A650500BC08;2025-05-31;-2.0;-151.96
6813657FCAD0FE1191EE10650500FAB9;44673735EAF46E11B7B78A650500BC08;2025-05-31;-4.0;-327.5
F2D93A8F390FEE1191EE1065050029B9;44673735EAF46E11B7B78A650500BC08;2025-05-31;-64.0;-907.96
A396E415AA79DE11406610650500414A;44673735EAF46E11B7B78A650500BC08;2025-05-31;-6.0;-1173.0
AB1170A51DBBDE11406610650500444A;44673735EAF46E11B7B78A650500BC08;2025-05-31;-4.0;-1739.64
5396E415AA79DE11406610650500414A;44673735EAF46E11B7B78A650500BC08;2025-05-31;-6.0;-1080.0
44D93A8F390FEE1191EE1065050029B9;44673735EAF46E11B7B78A650500BC08;2025-05-31;-716.0;-5165.92
C9A0728D653DDE11406610650500364A;44673735EAF46E11B7B78A650500BC08;2025-05-31;-6.0;-194.57999999999998
021065333ECEAE11BE2110650500D35A;44673735EAF46E11B7B78A650500BC08;2025-05-31;-18.0;-2475.0
88410D9211738E117E64BB650500BBAA;44673735EAF46E11B7B78A650500BC08;2025-05-31;0.0;-81.59999999999991
1B6562D6E770BE11BE2110650500F55A;44673735EAF46E11B7B78A650500BC08;2025-05-31;-10.0;-159.56
9F9889072C8EAE11BE2110650500835A;44673735EAF46E11B7B78A650500BC08;2025-05-31;-4.0;-452.24
B529E159D0A49E115540106505006E3B;44673735EAF46E11B7B78A650500BC08;2025-05-31;-2.0;-498.36
DD5231F8D0A49E115540106505006E3B;44673735EAF46E11B7B78A650500BC08;2025-05-31;-4.0;-1820.02
EEF6B9DA12238E117E64BB6505005BAA;44673735EAF46E11B7B78A650500BC08;2025-05-31;-10.0;-375.0
87B0AA9CDA8D7E110819BB65050039AA;44673735EAF46E11B7B78A650500BC08;2025-05-31;-2.0;-148.72
157B282963039E115540106505004C3B;44673735EAF46E11B7B78A650500BC08;2025-05-31;-2.0;-143.04
E47B282963039E115540106505004C3B;44673735EAF46E11B7B78A650500BC08;2025-05-31;-2.0;-138.28
776B937848049E115540106505009D3B;44673735EAF46E11B7B78A650500BC08;2025-05-31;-2.0;-247.98
1498ADBB78C6DE11C84610650500DE6A;44673735EAF46E11B7B78A650500BC08;2025-05-31;-2.0;-23.66
4152939A59456E11B7B78A650500BC08;44673735EAF46E11B7B78A650500BC08;2025-05-31;-36.0;-4882.360000000001
DD302E9CFD456E11B7B78A650500BC08;44673735EAF46E11B7B78A650500BC08;2025-05-31;-2.0;-410.0
D5FE46A0055F4E1142D58A650500BC08;44673735EAF46E11B7B78A650500BC08;2025-05-31;-2.0;-347.96
0AE4B5203D456E11B7B78A650500BC08;44673735EAF46E11B7B78A650500BC08;2025-05-31;-4.0;-156.88
87A74B620E456E11B7B78A650500BC08;44673735EAF46E11B7B78A650500BC08;2025-05-31;-2.0;-366.0
C2857A679AE66E11B7B78A650500BC08;44673735EAF46E11B7B78A650500BC08;2025-05-31;-6.0;-3468.0
CBB225869C456E11B7B78A650500BC08;44673735EAF46E11B7B78A650500BC08;2025-05-31;-4.0;-1020.0
C486995474054E1142D58A6505002C08;44673735EAF46E11B7B78A650500BC08;2025-05-31;-2.0;-155.44
12C1117A9138CE11ADB310650500FFA8;44673735EAF46E11B7B78A650500BC08;2025-05-31;-2.0;-191.0
39B53066B23C6E11B7B78A650500BC08;44673735EAF46E11B7B78A650500BC08;2025-05-31;-2.0;-105.22
AD7B7240BCB04E1142D58A650500DB08;44673735EAF46E11B7B78A650500BC08;2025-05-31;-2.0;-826.28
C6626AC0E672DE11ADB310650500FDB8;44673735EAF46E11B7B78A650500BC08;2025-05-31;-2.0;-324.0
20EF6FFC0C5CCE11ADB31065050095B8;44673735EAF46E11B7B78A650500BC08;2025-05-31;-2.0;-318.86
90384A7B0321DE11ADB3106505003CB8;44673735EAF46E11B7B78A650500BC08;2025-05-31;-2.0;-110.0
A50CCF9DC0D6FD110DC22A92C000D158;44673735EAF46E11B7B78A650500BC08;2025-05-31;-2.0;-133.26
2E0702DFAA5DCE11ADB310650500E6B8;44673735EAF46E11B7B78A650500BC08;2025-05-31;-6.0;-620.52
6115BC8D6E29CE11ADB31065050041B8;44673735EAF46E11B7B78A650500BC08;2025-05-31;-2.0;-471.06
2E8042F6104FFE11F1557891FE695689;44673735EAF46E11B7B78A650500BC08;2025-05-31;-2.0;-89.66
C7C889ED0A37EE1191EE10650500D6B9;44673735EAF46E11B7B78A650500BC08;2025-05-31;-2.0;-138.54
45312590B0CAED11A62CD892C0003F2A;44673735EAF46E11B7B78A650500BC08;2025-05-31;-2.0;-52.72
6641BEB6104FFE11F1557891FE695689;44673735EAF46E11B7B78A650500BC08;2025-05-31;-2.0;-24.36
223F8612E89FFE11F1557891FE69C689;44673735EAF46E11B7B78A650500BC08;2025-05-31;-2.0;-439.2
2F0C9D494FE4FE1191EE1065050050C9;44673735EAF46E11B7B78A650500BC08;2025-05-31;-16.0;-4972.84
734637BE2CE1EE114066106505006C4A;44673735EAF46E11B7B78A650500BC08;2025-05-31;-2.0;-217.6
4049248CF5802E1143F0668E4200C71A;44673735EAF46E11B7B78A650500BC08;2025-05-31;-2.0;-319.58
0DDB5432F45AAE11BE21106505002E4A;44673735EAF46E11B7B78A650500BC08;2025-05-31;-2.0;-697.52
A3AA0BD3CC22AE11726010650500905A;44673735EAF46E11B7B78A650500BC08;2025-05-31;-4.0;-91.62
5D09394EB8E3BE11BE21106505005A5A;44673735EAF46E11B7B78A650500BC08;2025-05-31;-8.0;-202.2
850731F72442EE11406610650500DC4A;44673735EAF46E11B7B78A650500BC08;2025-05-31;-4.0;-3570.84
16E352740B9E9E117260106505000C4A;44673735EAF46E11B7B78A650500BC08;2025-05-31;-6.0;-245.1
1085D08D4C618E110819BB65050039AA;44673735EAF46E11B7B78A650500BC08;2025-05-31;-2.0;-411.38
3AA84F16327EAE11BE2110650500635A;44673735EAF46E11B7B78A650500BC08;2025-05-31;-2.0;-320.0
6CC5323ECB41BE11BE2110650500075A;44673735EAF46E11B7B78A650500BC08;2025-05-31;-6.0;-274.38
1EA4FD210638AE11BE21106505007B4A;44673735EAF46E11B7B78A650500BC08;2025-05-31;-2.0;-455.68
B3F0B5EA40C97E110819BB65050019AA;44673735EAF46E11B7B78A650500BC08;2025-05-31;-2.0;-137.3
BE6FE70180A49E115540106505006E3B;44673735EAF46E11B7B78A650500BC08;2025-05-31;-2.0;-1595.2
994AA241A84AAE11BE21106505001E4A;44673735EAF46E11B7B78A650500BC08;2025-05-31;-6.0;-510.0
AFF1DE5295339E115540106505008C3B;44673735EAF46E11B7B78A650500BC08;2025-05-31;-2.0;-76.52
7864F87E22039E115540106505004C3B;44673735EAF46E11B7B78A650500BC08;2025-05-31;-6.0;-556.5
FFBAB869BCC59E11554010650500FF3B;44673735EAF46E11B7B78A650500BC08;2025-05-31;-6.0;-3377.18
B457ECE62A819E11F243BB6505004A4B;44673735EAF46E11B7B78A650500BC08;2025-05-31;-4.0;-208.0
40F7EB7A03078E11F243BB6505005C3B;44673735EAF46E11B7B78A650500BC08;2025-05-31;-2.0;-359.74
4DF5AA0F66449E11554010650500ED3B;44673735EAF46E11B7B78A650500BC08;2025-05-31;-2.0;-33.52
7854AB3DD6568E11F243BB6505007B3B;44673735EAF46E11B7B78A650500BC08;2025-05-31;-6.0;-362.82
D44C0F7BB9456E11B7B78A650500BC08;44673735EAF46E11B7B78A650500BC08;2025-05-31;-2.0;-612.26
F19D31DDACB04E1142D58A650500DB08;44673735EAF46E11B7B78A650500BC08;2025-05-31;-2.0;-627.68
A0B7CF242E456E11B7B78A650500BC08;44673735EAF46E11B7B78A650500BC08;2025-05-31;-2.0;-299.92
519DC998EB456E11B7B78A650500BC08;44673735EAF46E11B7B78A650500BC08;2025-05-31;-2.0;-330.2
3265459B3E456E11B7B78A650500BC08;44673735EAF46E11B7B78A650500BC08;2025-05-31;-8.0;-11096.0
A0BE76E2DC456E11B7B78A650500BC08;44673735EAF46E11B7B78A650500BC08;2025-05-31;-4.0;-1031.26
5E1C52D25D456E11B7B78A650500BC08;44673735EAF46E11B7B78A650500BC08;2025-05-31;-2.0;-40.7
79F276303C456E11B7B78A650500BC08;44673735EAF46E11B7B78A650500BC08;2025-05-31;-2.0;-757.32
53DF77DBFD456E11B7B78A650500BC08;44673735EAF46E11B7B78A650500BC08;2025-05-31;-2.0;-410.0
401F18FBF9456E11B7B78A650500BC08;44673735EAF46E11B7B78A650500BC08;2025-05-31;-2.0;-41.8
24EE077F7D456E11B7B78A650500BC08;44673735EAF46E11B7B78A650500BC08;2025-05-31;-2.0;-62.4
29C86EF2EF456E11B7B78A650500BC08;44673735EAF46E11B7B78A650500BC08;2025-05-31;-2.0;-813.1
714EB1F610556E11B7B78A650500BC08;44673735EAF46E11B7B78A650500BC08;2025-05-31;-2.0;-381.18
4A151EF2BDBDCE11ADB31065050077B8;44673735EAF46E11B7B78A650500BC08;2025-05-31;-6.0;-901.24
925559B666767E11B7B78A650500ED08;44673735EAF46E11B7B78A650500BC08;2025-05-31;-2.0;-541.68
92AAF0A8B632DE11ADB310650500ADB8;44673735EAF46E11B7B78A650500BC08;2025-05-31;-58.0;-4212.78
A96364C65C1C6E11B7B78A650500BC08;44673735EAF46E11B7B78A650500BC08;2025-05-31;-4.0;-870.76
B2E00B7EBAC9FE11128010650500E819;44673735EAF46E11B7B78A650500BC08;2025-05-31;-4.0;-204.0
A0360505FF84DE11ADB310650500C0C8;44673735EAF46E11B7B78A650500BC08;2025-05-31;-2.0;-95.7
53811D047946DE11ADB310650500F2C8;44673735EAF46E11B7B78A650500BC08;2025-05-31;-2.0;-84.48
2684F4DEB8A47E11B7B78A650500ED08;44673735EAF46E11B7B78A650500BC08;2025-05-31;-2.0;-134.14
D1B6F9AD0CA8BE118772106505005859;44673735EAF46E11B7B78A650500BC08;2025-05-31;-2.0;-77.12
C31933545729EE1191EE1065050009B9;44673735EAF46E11B7B78A650500BC08;2025-05-31;-2.0;-278.86
25A6990F5B5ACE11ADB310650500C2B8;44673735EAF46E11B7B78A650500BC08;2025-05-31;-8.0;-480.0
8655D3753195EE1191EE1065050005B9;44673735EAF46E11B7B78A650500BC08;2025-05-31;-2.0;-380.0
806509235E56BE118772106505006559;44673735EAF46E11B7B78A650500BC08;2025-05-31;-2.0;-137.66
6F2BCE9ED4BBEE1191EE1065050029B9;44673735EAF46E11B7B78A650500BC08;2025-05-31;-2.0;-118.0
59EE3415D004FE1191EE106505001FB9;44673735EAF46E11B7B78A650500BC08;2025-05-31;-2.0;-186.02
2AC5E730B30A3E11052F6792C000D249;44673735EAF46E11B7B78A650500BC08;2025-05-31;-2.0;-754.66
C49B72C890CAED11A62CD892C0003F2A;44673735EAF46E11B7B78A650500BC08;2025-05-31;-2.0;-202.2
38F04C45EB300F11F1557891FE699789;44673735EAF46E11B7B78A650500BC08;2025-05-31;-2.0;-234.92
449B72C890CAED11A62CD892C0003F2A;44673735EAF46E11B7B78A650500BC08;2025-05-31;-2.0;-298.08
120C00DE6EEAAE11BE2110650500EE4A;44673735EAF46E11B7B78A650500BC08;2025-05-31;-20.0;-342.98
FC2F654A6F61AE11726010650500AF4A;44673735EAF46E11B7B78A650500BC08;2025-05-31;-2.0;-70.9
8AF30411FDCDDE11406610650500F64A;44673735EAF46E11B7B78A650500BC08;2025-05-31;-2.0;-479.4
52DADB58A90AAE11BE2110650500CD4A;44673735EAF46E11B7B78A650500BC08;2025-05-31;-2.0;-892.94
93C9D397E770BE11BE2110650500F55A;44673735EAF46E11B7B78A650500BC08;2025-05-31;-4.0;-477.32
979604AA11FF7E110819BB65050039AA;44673735EAF46E11B7B78A650500BC08;2025-05-31;-4.0;-399.94
A59E6D4182C97E110819BB65050019AA;44673735EAF46E11B7B78A650500BC08;2025-05-31;-34.0;-310.42
9A58B4CA84519E11F243BB6505000A4B;44673735EAF46E11B7B78A650500BC08;2025-05-31;-2.0;-3419.66
65EAD3E76E180E11A4A96492C00009EB;44673735EAF46E11B7B78A650500BC08;2025-05-31;-2.0;-817.6
CF203DE8AC456E11B7B78A650500BC08;44673735EAF46E11B7B78A650500BC08;2025-05-31;-2.0;-273.98
8036CF6B811FCE11ADB31065050029B8;44673735EAF46E11B7B78A650500BC08;2025-05-31;-2.0;-398.88
9EDC41FB6889EE1191EE1065050009B9;44673735EAF46E11B7B78A650500BC08;2025-05-31;-2.0;-782.1
DAF50CD1E0DCDE11406610650500B54A;44673735EAF46E11B7B78A650500BC08;2025-05-31;-6.0;-1000.8
24B6180866CFAE11BE2110650500155A;44673735EAF46E11B7B78A650500BC08;2025-05-31;-6.0;-371.04
ADBC13446DCF8E11F243BB650500184B;44673735EAF46E11B7B78A650500BC08;2025-05-31;-4.0;-2019.28
B67DE1C2688EED11A62CD892C000399B;44673735EAF46E11B7B78A650500BC08;2025-05-31;-2.0;-214.42
FBD3BAE471EB4E1142D58A6505009C08;FC081C55582CED11A62CD892C0003F2A;2025-05-31;-4.0;-629.36
F49ABB29D16A2E11052F6792C0007F39;FC081C55582CED11A62CD892C0003F2A;2025-05-31;-2.0;-333.38
B25C34BFB13A7E110819BB65050029AA;FC081C55582CED11A62CD892C0003F2A;2025-05-31;-2.0;-528.2
625F857C5BF5CE11ADB3106505007DA8;FC081C55582CED11A62CD892C0003F2A;2025-05-31;-2.0;-194.04
3EBA4B9DDC93FE1191EE106505009EB9;FC081C55582CED11A62CD892C0003F2A;2025-05-31;-2.0;-770.52
ECF6F12597788E11F243BB6505002E3B;FC081C55582CED11A62CD892C0003F2A;2025-05-31;-2.0;-97.42
B6704D8DFE8C7E110819BB65050039AA;FC081C55582CED11A62CD892C0003F2A;2025-05-31;-2.0;-327.5
5D6ECE3B445F9E11726010650500FC4A;FC081C55582CED11A62CD892C0003F2A;2025-05-31;-2.0;-386.08
09C1EFE6AC456E11B7B78A650500BC08;44673735EAF46E11B7B78A650500BC08;2025-05-31;2.0;240.52
C56E551AA3E89E11525010650500694A;44673735EAF46E11B7B78A650500BC08;2025-05-31;0.0;0.0
4CC5040550FE5E1142D58A6505006D08;44673735EAF46E11B7B78A650500BC08;2025-05-31;0.0;0.0
2EDAA6E92022EE11406610650500AC4A;44673735EAF46E11B7B78A650500BC08;2025-05-31;0.0;0.0
BF8A382335DFEE1191EE10650500A9B9;FC081C55582CED11A62CD892C0003F2A;2025-05-31;-8.0;-3416.86
45587A2041CAED11A62CD892C0003F2A;FC081C55582CED11A62CD892C0003F2A;2025-05-31;-4.0;-1056.4
F8F28EB23E4FBE11877210650500C069;FC081C55582CED11A62CD892C0003F2A;2025-05-31;-2.0;-528.2
FE28FE2A4C50EE114066106505005A4A;FC081C55582CED11A62CD892C0003F2A;2025-05-31;-2.0;-1213.96
D09AE5DC7276EE1191EE1065050026B9;FC081C55582CED11A62CD892C0003F2A;2025-05-31;-2.0;-336.28
A4651DE7EB0A6E11B7B78A650500BC08;FC081C55582CED11A62CD892C0003F2A;2025-05-31;-2.0;-317.52
FD419DBE3D09FE11128010650500E819;FC081C55582CED11A62CD892C0003F2A;2025-05-31;-20.0;-1437.1
3F8B2C4BA3FDDE11406610650500274A;FC081C55582CED11A62CD892C0003F2A;2025-05-31;-16.0;-834.22
7EA740258592BE11BE2110650500A85A;FC081C55582CED11A62CD892C0003F2A;2025-05-31;-16.0;-2413.9399999999996
19572A5C9388AE11BE2110650500DB4A;FC081C55582CED11A62CD892C0003F2A;2025-05-31;-14.0;-2138.6800000000003
05DD77918754EE11B1AD10650500C7EA;44673735EAF46E11B7B78A650500BC08;2025-05-31;-6.0;-2255.64
907B7C9BF17CEE1191EE1065050029B9;FC081C55582CED11A62CD892C0003F2A;2025-05-31;4.0;7292.219999999999
F96DAE3F108EFE11F1557891FE696589;FC081C55582CED11A62CD892C0003F2A;2025-05-31;2.0;624.48
76763C2280A49E115540106505006E3B;44673735EAF46E11B7B78A650500BC08;2025-05-31;-2.0;-1195.96
966A9F5FF94B3E11052F6792C000D249;44673735EAF46E11B7B78A650500BC08;2025-05-31;4.0;3756.04
97EB22841A95DE11ADB31065050012C8;44673735EAF46E11B7B78A650500BC08;2025-05-31;-6.0;-1060.76
AE650871F67EFE11F1557891FE695589;44673735EAF46E11B7B78A650500BC08;2025-05-31;-2.0;-3504.0
BB394D087F7CBE118772106505003D59;44673735EAF46E11B7B78A650500BC08;2025-05-31;52.0;6788.6
D064689CA4CB6E11B7B78A650500BC08;44673735EAF46E11B7B78A650500BC08;2025-05-31;60.0;60959.52
7E69FDD391CAED11A62CD892C0003F2A;B0BDDED34CC83E11052F6792C000B249;2025-05-31;36.0;2058.68
FD44A0D2B1CAED11A62CD892C0003F2A;B0BDDED34CC83E11052F6792C000B249;2025-05-31;4.0;414.22
4D924FD456938E113835BB6505001CAA;B0BDDED34CC83E11052F6792C000B249;2025-05-31;8.0;809.88
9E1C1843D3B0EE11406610650500CA4A;FC081C55582CED11A62CD892C0003F2A;2025-05-31;4.0;7694.78
25064A7B216BCE11ADB31065050034B8;FC081C55582CED11A62CD892C0003F2A;2025-05-31;8.0;6989.52
641B86DBE277CE11ADB3106505000FA8;FC081C55582CED11A62CD892C0003F2A;2025-05-31;6.0;1763.34
E176C72BC83C7E110819BB65050039AA;B0BDDED34CC83E11052F6792C000B249;2025-05-31;4.0;728.08
8AA21114A2B10F114EF7A826072BA989;FC081C55582CED11A62CD892C0003F2A;2025-05-31;4.0;5493.54
E876A28DB7A8FE11128010650500D819;B0BDDED34CC83E11052F6792C000B249;2025-05-31;24.0;4938.52
D07C7FD8F1BD3E11052F6792C000D249;B0BDDED34CC83E11052F6792C000B249;2025-05-31;40.0;1480.8
E876A28DB7A8FE11128010650500D819;FC081C55582CED11A62CD892C0003F2A;2025-05-31;10.0;2057.68
14E2538CB2BD3E11052F6792C000D249;FC081C55582CED11A62CD892C0003F2A;2025-05-31;72.0;7164.06
BDD726ED6BBD3E11052F6792C000D249;FC081C55582CED11A62CD892C0003F2A;2025-05-31;72.0;1497.32
6AF13C6E10D2FE1191EE106505007DB9;FC081C55582CED11A62CD892C0003F2A;2025-05-31;24.0;2330.4
2E5F656243530F114EF7A826072BBB89;44673735EAF46E11B7B78A650500BC08;2025-05-31;40.0;8684.5
2C66755E73530F114EF7A826072BBB89;44673735EAF46E11B7B78A650500BC08;2025-05-31;20.0;2134.32
6898778E73530F114EF7A826072BBB89;44673735EAF46E11B7B78A650500BC08;2025-05-31;10.0;1705.54
BFEE1CAE73530F114EF7A826072BBB89;44673735EAF46E11B7B78A650500BC08;2025-05-31;10.0;1450.18
D96F1CAE73530F114EF7A826072BBB89;44673735EAF46E11B7B78A650500BC08;2025-05-31;10.0;1590.76
3C2117273771DE11ADB310650500BCB8;B0BDDED34CC83E11052F6792C000B249;2025-05-31;6.0;778.5
34D5D838E744DE11ADB31065050060C8;FC081C55582CED11A62CD892C0003F2A;2025-05-31;6.0;3445.4
CDD29688A1C25E1142D58A650500DC08;FC081C55582CED11A62CD892C0003F2A;2025-05-31;30.0;19629.0
D85F2BC7B22AFE11128010650500E819;FC081C55582CED11A62CD892C0003F2A;2025-05-31;40.0;7592.1
8C9A71F0375F5E1142D58A6505008D08;FC081C55582CED11A62CD892C0003F2A;2025-05-31;10.0;61.74
F6F4DA2DDAFB3E11052F6792C000D249;FC081C55582CED11A62CD892C0003F2A;2025-05-31;36.0;2760.1
CE578A90C1CAED11A62CD892C0003F2A;FC081C55582CED11A62CD892C0003F2A;2025-05-31;30.0;1538.98
736EDCF8D1CAED11A62CD892C0003F2A;FC081C55582CED11A62CD892C0003F2A;2025-05-31;60.0;4534.44
F04AE8B83332FD110DC22A92C0006778;44673735EAF46E11B7B78A650500BC08;2025-05-31;20.0;857.78
1ABDD438DAFB3E11052F6792C000D249;44673735EAF46E11B7B78A650500BC08;2025-05-31;20.0;540.28
1393DC74F3389E11554010650500034B;44673735EAF46E11B7B78A650500BC08;2025-05-31;6.0;32640.92
B8301C6E90FE5E1142D58A6505006D08;B0BDDED34CC83E11052F6792C000B249;2025-05-31;20.0;5711.2
F2AD502BDC065E1142D58A650500DC08;FC081C55582CED11A62CD892C0003F2A;2025-05-31;-438.0;-1314.0
FD3C8324FAA9CE11ADB310650500E1B8;FC081C55582CED11A62CD892C0003F2A;2025-05-31;-2.0;-390.58
6328E30C170ECE11ADB310650500D7B8;FC081C55582CED11A62CD892C0003F2A;2025-05-31;-4.0;-401.59999999999997
14EF6ECD3883DE11ADB3106505005FB8;FC081C55582CED11A62CD892C0003F2A;2025-05-31;-2.0;-323.8
9B1474380E17CE11ADB3106505009EA8;FC081C55582CED11A62CD892C0003F2A;2025-05-31;-6.0;-3276.0
9AFC45B292EE4E1142D58A650500BC08;FC081C55582CED11A62CD892C0003F2A;2025-05-31;-4.0;-842.36
B620FC24FD99CE11ADB310650500D1B8;FC081C55582CED11A62CD892C0003F2A;2025-05-31;-2.0;-461.26
D7F13965A9BFCE11ADB3106505001AB8;FC081C55582CED11A62CD892C0003F2A;2025-05-31;-2.0;-129.68
A6450420E64BCE11ADB31065050014B8;FC081C55582CED11A62CD892C0003F2A;2025-05-31;-2.0;-1837.16
E471E52632106E1142D58A650500AD08;FC081C55582CED11A62CD892C0003F2A;2025-05-31;-2.0;-184.36
7357CADF84DDBE11877210650500EE59;FC081C55582CED11A62CD892C0003F2A;2025-05-31;-18.0;-1048.14
5581BF48EBAAFE11128010650500E819;FC081C55582CED11A62CD892C0003F2A;2025-05-31;-4.0;-807.48
D3EAE09E58D00E11A4A96492C0002019;FC081C55582CED11A62CD892C0003F2A;2025-05-31;-2.0;-435.8
D20FDEA84209FE11128010650500D819;FC081C55582CED11A62CD892C0003F2A;2025-05-31;-6.0;-730.92
C4706516787A0E11A4A96492C0001269;FC081C55582CED11A62CD892C0003F2A;2025-05-31;-8.0;-766.74
D1DE3CDCE1EDFE11F1557891FE699489;FC081C55582CED11A62CD892C0003F2A;2025-05-31;-2.0;-280.0
AD94D5891EF10F114EF7A826072B0A89;FC081C55582CED11A62CD892C0003F2A;2025-05-31;-18.0;-1431.0
16AB37742AA5FE1191EE1065050041C9;FC081C55582CED11A62CD892C0003F2A;2025-05-31;-4.0;-464.0
0BEF8E7E968B3E11052F6792C000D249;FC081C55582CED11A62CD892C0003F2A;2025-05-31;-6.0;-221.39999999999998
7A8A1FF035DFEE1191EE10650500A9B9;FC081C55582CED11A62CD892C0003F2A;2025-05-31;-8.0;-1812.0
99607E1CB0EFEE1191EE10650500B9B9;FC081C55582CED11A62CD892C0003F2A;2025-05-31;-2.0;-2121.66
F822E9ECF153FE1191EE106505002EB9;FC081C55582CED11A62CD892C0003F2A;2025-05-31;-6.0;-557.9399999999999
CC7874C898E3FE1191EE10650500FEB9;FC081C55582CED11A62CD892C0003F2A;2025-05-31;-2.0;-117.22
66958714648DFE11F1557891FE692489;FC081C55582CED11A62CD892C0003F2A;2025-05-31;-8.0;-32.82
8C4D129EF77EFE11F1557891FE695589;FC081C55582CED11A62CD892C0003F2A;2025-05-31;-10.0;-411.1
F1DB6C71D034FE1191EE106505005FB9;FC081C55582CED11A62CD892C0003F2A;2025-05-31;-4.0;-580.0
B320D83931CAED11A62CD892C0003F2A;FC081C55582CED11A62CD892C0003F2A;2025-05-31;-4.0;-7386.64
7FB1F06BD20ADE11406610650500F14A;FC081C55582CED11A62CD892C0003F2A;2025-05-31;-6.0;-620.22
28C53089E267FE1191EE1065050083C9;FC081C55582CED11A62CD892C0003F2A;2025-05-31;-2.0;-1500.0
93756B0DA1CAED11A62CD892C0003F2A;FC081C55582CED11A62CD892C0003F2A;2025-05-31;-2.0;-576.4
9697BF6A01CAED11A62CD892C0003F2A;FC081C55582CED11A62CD892C0003F2A;2025-05-31;-6.0;-956.4000000000001
D101C7FFF0CAED11A62CD892C0003F2A;FC081C55582CED11A62CD892C0003F2A;2025-05-31;-4.0;-205.44
11A39B4ED0CAED11A62CD892C0003F2A;FC081C55582CED11A62CD892C0003F2A;2025-05-31;-4.0;-2055.44
F4C8FABB64B0EE11406610650500CA4A;FC081C55582CED11A62CD892C0003F2A;2025-05-31;-2.0;-987.02
97419871AED4EE11B1AD1065050078EA;FC081C55582CED11A62CD892C0003F2A;2025-05-31;-2.0;-86.68
03FA719238511E1143F0668E42008C3B;FC081C55582CED11A62CD892C0003F2A;2025-05-31;-2.0;-206.66
6F884F7254940E11A4A96492C000067B;FC081C55582CED11A62CD892C0003F2A;2025-05-31;-2.0;-297.54
DC8DE026E315AE11726010650500445A;FC081C55582CED11A62CD892C0003F2A;2025-05-31;-2.0;-163.84
AB7B1593B0A68E11F243BB650500DB3B;FC081C55582CED11A62CD892C0003F2A;2025-05-31;-4.0;-697.36
E4C3C57921CAED11A62CD892C0003F2A;FC081C55582CED11A62CD892C0003F2A;2025-05-31;-2.0;-225.3
A80AC546F173EE11B1AD10650500A6EA;FC081C55582CED11A62CD892C0003F2A;2025-05-31;-2.0;-150.42
8F17071A2034EE11B1AD1065050097EA;FC081C55582CED11A62CD892C0003F2A;2025-05-31;-8.0;-5707.900000000001
9790516A93C1CE11877210650500E369;FC081C55582CED11A62CD892C0003F2A;2025-05-31;-2.0;-40.96
F17C8D45297BBE11877210650500EB59;FC081C55582CED11A62CD892C0003F2A;2025-05-31;-4.0;-101.34
FFA941A11EAFFE11F1557891FE69E689;FC081C55582CED11A62CD892C0003F2A;2025-05-31;-2.0;-32.82
44F6FD2594D3DE11ADB310650500BFB8;FC081C55582CED11A62CD892C0003F2A;2025-05-31;-2.0;-147.02
97A37FB09D09FE11128010650500E819;FC081C55582CED11A62CD892C0003F2A;2025-05-31;-2.0;-15.18
7A6D6A73DCC1CE11877210650500F369;FC081C55582CED11A62CD892C0003F2A;2025-05-31;-4.0;-480.28
E6523554C3D67E11B7B78A650500ED08;FC081C55582CED11A62CD892C0003F2A;2025-05-31;-2.0;-81.3
BDD8950E84D67E11B7B78A650500ED08;FC081C55582CED11A62CD892C0003F2A;2025-05-31;-4.0;-155.68
7A28FC6491600F11F1557891FE69C789;FC081C55582CED11A62CD892C0003F2A;2025-05-31;-2.0;-87.68
268C0E1CADA3DE11ADB3106505008FB8;FC081C55582CED11A62CD892C0003F2A;2025-05-31;-4.0;-263.52
FED678A93EAFFE11F1557891FE69E689;FC081C55582CED11A62CD892C0003F2A;2025-05-31;-2.0;-26.98
36AA1B6D2C7ABE11877210650500AA59;FC081C55582CED11A62CD892C0003F2A;2025-05-31;-4.0;-187.22
A723DF2C84D3DE11ADB310650500BFB8;FC081C55582CED11A62CD892C0003F2A;2025-05-31;-2.0;-132.84
DCD5D6068B50EE114066106505005A4A;FC081C55582CED11A62CD892C0003F2A;2025-05-31;-2.0;-55.86
AF714E91B3D67E11B7B78A650500ED08;FC081C55582CED11A62CD892C0003F2A;2025-05-31;-4.0;-159.36
452934CF4040EE114066106505003A4A;FC081C55582CED11A62CD892C0003F2A;2025-05-31;-4.0;-244.4
770ED6C599FC9E11726010650500E94A;FC081C55582CED11A62CD892C0003F2A;2025-05-31;-2.0;-127.44
49E9975D893FDE11406610650500E84A;FC081C55582CED11A62CD892C0003F2A;2025-05-31;-2.0;-17.38
1A9D772C0040EE114066106505003A4A;FC081C55582CED11A62CD892C0003F2A;2025-05-31;-2.0;-68.0
E2A4F9B0D89D7E110819BB65050039AA;FC081C55582CED11A62CD892C0003F2A;2025-05-31;-4.0;-143.84
C3FCD450C93FDE11406610650500E84A;FC081C55582CED11A62CD892C0003F2A;2025-05-31;-2.0;-15.98
E908AEF57654EE11B1AD10650500C7EA;FC081C55582CED11A62CD892C0003F2A;2025-05-31;-2.0;-77.8
BA53C5057C0C5E1142D58A6505000D08;FC081C55582CED11A62CD892C0003F2A;2025-05-31;-2.0;-307.24
3E86C123BAF94E1142D58A6505009C08;FC081C55582CED11A62CD892C0003F2A;2025-05-31;-2.0;-239.84
2E6015003E405E1142D58A650500BC08;FC081C55582CED11A62CD892C0003F2A;2025-05-31;-2.0;-239.84
61E50A32A2124E1142D58A650500DB08;FC081C55582CED11A62CD892C0003F2A;2025-05-31;-2.0;-610.02
FCBA7A529B3F4E1142D58A650500BC08;FC081C55582CED11A62CD892C0003F2A;2025-05-31;-2.0;-265.46
CA2AE38872796E11B7B78A650500BC08;FC081C55582CED11A62CD892C0003F2A;2025-05-31;-4.0;-1162.8600000000001
24EDA4303A326E1142D58A650500AD08;FC081C55582CED11A62CD892C0003F2A;2025-05-31;-2.0;-4372.44
E27DDFF7B82FCE11ADB31065050049B8;FC081C55582CED11A62CD892C0003F2A;2025-05-31;-2.0;-1543.06
8CC2F61579E4DE11ADB31065050031C8;FC081C55582CED11A62CD892C0003F2A;2025-05-31;-2.0;-430.62
4048BC2758CDCE11ADB31065050087B8;FC081C55582CED11A62CD892C0003F2A;2025-05-31;-2.0;-427.98
21684B3E2233DE11ADB310650500EEB8;FC081C55582CED11A62CD892C0003F2A;2025-05-31;-4.0;-592.28
A242620D707BCE11ADB31065050044B8;FC081C55582CED11A62CD892C0003F2A;2025-05-31;-2.0;-370.78
9118A63AB78DBE118772106505008E59;FC081C55582CED11A62CD892C0003F2A;2025-05-31;-6.0;-278.1
73C38CCA2B9FFE11F1557891FE69C689;FC081C55582CED11A62CD892C0003F2A;2025-05-31;-6.0;-1677.96
F235CA7A0285EE1191EE10650500E4B9;FC081C55582CED11A62CD892C0003F2A;2025-05-31;-4.0;-751.96
A1BB321C575FFE11F1557891FE697689;FC081C55582CED11A62CD892C0003F2A;2025-05-31;-2.0;-96.6
D6DBCF28747FCE11ADB310650500C9B8;FC081C55582CED11A62CD892C0003F2A;2025-05-31;-2.0;-61.94
B583EEBA85FEFE11F1557891FE69F589;FC081C55582CED11A62CD892C0003F2A;2025-05-31;-2.0;-364.6
7814B8872BA9CE11ADB310650500E1B8;FC081C55582CED11A62CD892C0003F2A;2025-05-31;-10.0;-346.44
010F84EBBD1EFE11F1557891FE69E489;FC081C55582CED11A62CD892C0003F2A;2025-05-31;-4.0;-264.0
DEB693F9A7FBBE118772106505008C59;FC081C55582CED11A62CD892C0003F2A;2025-05-31;-2.0;-382.0
63D7D8CC1A5FFE11F1557891FE697689;FC081C55582CED11A62CD892C0003F2A;2025-05-31;-4.0;-276.08
588097A563DDFE11F1557891FE698489;FC081C55582CED11A62CD892C0003F2A;2025-05-31;-2.0;-697.9
470F98BA2B9FFE11F1557891FE69C689;FC081C55582CED11A62CD892C0003F2A;2025-05-31;-4.0;-1132.0
BB3B2942599EFE11F1557891FE698589;FC081C55582CED11A62CD892C0003F2A;2025-05-31;-2.0;-400.0
7B0BC9EB411DEE1191EE1065050029B9;FC081C55582CED11A62CD892C0003F2A;2025-05-31;-2.0;-2373.4
34CF5FCF20CAED11A62CD892C0003F2A;FC081C55582CED11A62CD892C0003F2A;2025-05-31;-150.0;-1050.0
47904BBEC0CAED11A62CD892C0003F2A;FC081C55582CED11A62CD892C0003F2A;2025-05-31;-4.0;-834.64
304C97E0A271FE1191EE10650500BBB9;FC081C55582CED11A62CD892C0003F2A;2025-05-31;-2.0;-568.86
E3CFC32CCA9EFE11F1557891FE698589;FC081C55582CED11A62CD892C0003F2A;2025-05-31;-4.0;-1795.68
C2D43956EFCEFE11F1557891FE69C589;FC081C55582CED11A62CD892C0003F2A;2025-05-31;-2.0;-235.16
7EF68B2FED71FE1191EE10650500CBB9;FC081C55582CED11A62CD892C0003F2A;2025-05-31;-2.0;-660.52
F80519DFC0CAED11A62CD892C0003F2A;FC081C55582CED11A62CD892C0003F2A;2025-05-31;-6.0;-1331.22
A95D86B30C7DFE1158A3BB3DBE8E1489;FC081C55582CED11A62CD892C0003F2A;2025-05-31;-2.0;-294.4
C942E7FDF0CAED11A62CD892C0003F2A;FC081C55582CED11A62CD892C0003F2A;2025-05-31;-2.0;-268.14
E290A0487A8BDE11406610650500044A;FC081C55582CED11A62CD892C0003F2A;2025-05-31;-2.0;-208.16
619177B82642FE1191EE10650500CCB9;FC081C55582CED11A62CD892C0003F2A;2025-05-31;-2.0;-1691.2
3BAAC7B5998DFE11F1557891FE692489;FC081C55582CED11A62CD892C0003F2A;2025-05-31;-2.0;-190.08
637D7E8CF0CAED11A62CD892C0003F2A;FC081C55582CED11A62CD892C0003F2A;2025-05-31;-2.0;-416.64
EA51CD5CEB01FE1191EE106505003BB9;FC081C55582CED11A62CD892C0003F2A;2025-05-31;-2.0;-47.86
33452CA68371FE1191EE10650500BBB9;FC081C55582CED11A62CD892C0003F2A;2025-05-31;-2.0;-147.36
FE6785D8D0CAED11A62CD892C0003F2A;FC081C55582CED11A62CD892C0003F2A;2025-05-31;-8.0;-1948.32
8FD52F15E0CAED11A62CD892C0003F2A;FC081C55582CED11A62CD892C0003F2A;2025-05-31;-2.0;-281.66
EB307D22284FDE11406610650500F84A;FC081C55582CED11A62CD892C0003F2A;2025-05-31;-2.0;-440.4
53A1E9ECF153FE1191EE106505002EB9;FC081C55582CED11A62CD892C0003F2A;2025-05-31;-2.0;-186.04
071517B0686BAE11BE21106505008F4A;FC081C55582CED11A62CD892C0003F2A;2025-05-31;-4.0;-4132.0
7373F46EA877DE11C84610650500BF6A;FC081C55582CED11A62CD892C0003F2A;2025-05-31;-2.0;-51.04
5C401491BD74AE11726010650500835A;FC081C55582CED11A62CD892C0003F2A;2025-05-31;-2.0;-1298.0
230BF153001B1E1143F0668E4200EF5A;FC081C55582CED11A62CD892C0003F2A;2025-05-31;-2.0;-311.62
A8E65E6642598E11F243BB6505004F3B;FC081C55582CED11A62CD892C0003F2A;2025-05-31;-2.0;-879.96
B0E566F314D4EE11B1AD1065050068EA;FC081C55582CED11A62CD892C0003F2A;2025-05-31;-2.0;-400.68
6FE082243B839E11554010650500FC3B;FC081C55582CED11A62CD892C0003F2A;2025-05-31;-2.0;-773.6
8052D9E09B578E11F243BB650500CC3B;FC081C55582CED11A62CD892C0003F2A;2025-05-31;-4.0;-166.3
28C3CFD63B5C7E110819BB65050039AA;FC081C55582CED11A62CD892C0003F2A;2025-05-31;-4.0;-86.68
10285D09BDFDED11A62CD892C000399B;FC081C55582CED11A62CD892C0003F2A;2025-05-31;-2.0;-520.06
E45B2120D2FD4E1142D58A650500BC08;FC081C55582CED11A62CD892C0003F2A;2025-05-31;-6.0;-1302.3600000000001
3AFE6B0BCED4DE11ADB31065050021C8;FC081C55582CED11A62CD892C0003F2A;2025-05-31;-2.0;-367.2
A6D0F6D99656DE11ADB31065050003C8;FC081C55582CED11A62CD892C0003F2A;2025-05-31;-2.0;-80.3
FE338E5BC7CBCE11ADB310650500B4B8;FC081C55582CED11A62CD892C0003F2A;2025-05-31;-2.0;-253.18
CF32AE3A2A6BFE111280106505000919;FC081C55582CED11A62CD892C0003F2A;2025-05-31;-2.0;-85.98
E01507826D89FE11128010650500E819;FC081C55582CED11A62CD892C0003F2A;2025-05-31;-2.0;-607.86
0E6FC20FDE873E11052F6792C000FF39;FC081C55582CED11A62CD892C0003F2A;2025-05-31;-6.0;-373.38
2E93D55B27FCFD11A4A96492C000CB59;FC081C55582CED11A62CD892C0003F2A;2025-05-31;-2.0;-400.42
77CBC4B73F9BBE118772106505001C59;FC081C55582CED11A62CD892C0003F2A;2025-05-31;-4.0;-163.72
AB30180C558BBE11877210650500FB59;FC081C55582CED11A62CD892C0003F2A;2025-05-31;-2.0;-149.28
83DF8C422E4FBE11877210650500C069;FC081C55582CED11A62CD892C0003F2A;2025-05-31;-4.0;-1056.4
5E136C556A28EE1191EE1065050018B9;FC081C55582CED11A62CD892C0003F2A;2025-05-31;-2.0;-3514.7
BA638859221DEE1191EE1065050029B9;FC081C55582CED11A62CD892C0003F2A;2025-05-31;-2.0;-207.84
96DED9DE90CAED11A62CD892C0003F2A;FC081C55582CED11A62CD892C0003F2A;2025-05-31;-2.0;-133.58
0994619FED71FE1191EE10650500CBB9;FC081C55582CED11A62CD892C0003F2A;2025-05-31;-2.0;-588.58
7FBD98BA2B9FFE11F1557891FE69C689;FC081C55582CED11A62CD892C0003F2A;2025-05-31;-4.0;-1369.44
2AF5BC41BCACEE1191EE1065050029B9;FC081C55582CED11A62CD892C0003F2A;2025-05-31;-2.0;-1276.14
11D93E8BE3900F11F1557891FE690889;FC081C55582CED11A62CD892C0003F2A;2025-05-31;-2.0;-588.88
A8C67A9CC0CAED11A62CD892C0003F2A;FC081C55582CED11A62CD892C0003F2A;2025-05-31;-2.0;-82.18
B2AF0601FFBAED11A62CD892C0003F2A;FC081C55582CED11A62CD892C0003F2A;2025-05-31;-2.0;-235.74
BBE755821CEEDE11406610650500884A;FC081C55582CED11A62CD892C0003F2A;2025-05-31;-2.0;-199.62
0637577C360ADE11406610650500F14A;FC081C55582CED11A62CD892C0003F2A;2025-05-31;-2.0;-703.06
EB674B38D467FE1191EE1065050083C9;FC081C55582CED11A62CD892C0003F2A;2025-05-31;-2.0;-1958.4
9F96B7DB01CAED11A62CD892C0003F2A;FC081C55582CED11A62CD892C0003F2A;2025-05-31;-2.0;-519.02
EBD33660B4EDDE11406610650500174A;FC081C55582CED11A62CD892C0003F2A;2025-05-31;-2.0;-589.72
A3FBB782BFCA9E11525010650500EB4A;FC081C55582CED11A62CD892C0003F2A;2025-05-31;-2.0;-380.7
17193D88252C9E11726010650500D84A;FC081C55582CED11A62CD892C0003F2A;2025-05-31;-4.0;-457.68
DC9AE3C90383AE11726010650500425A;FC081C55582CED11A62CD892C0003F2A;2025-05-31;-2.0;-141.12
5150F012C7C4AE11726010650500E35A;FC081C55582CED11A62CD892C0003F2A;2025-05-31;-2.0;-326.42
0BA043DFA4C7DE11C84610650500107A;FC081C55582CED11A62CD892C0003F2A;2025-05-31;-2.0;-229.78
ACCC55E22F2CDE11406610650500E44A;FC081C55582CED11A62CD892C0003F2A;2025-05-31;-4.0;-359.56
B2F2869A2040EE114066106505003A4A;FC081C55582CED11A62CD892C0003F2A;2025-05-31;-2.0;-271.84
2054D59AEAB4EE11B1AD1065050048EA;FC081C55582CED11A62CD892C0003F2A;2025-05-31;-2.0;-144.82
5B6AF443F6B9FD11A4A96492C0006F3B;FC081C55582CED11A62CD892C0003F2A;2025-05-31;-2.0;-598.0
D10B6D9DFA768E11F243BB650500AB3B;FC081C55582CED11A62CD892C0003F2A;2025-05-31;-2.0;-126.24
8D9F0194F3269E11554010650500604B;FC081C55582CED11A62CD892C0003F2A;2025-05-31;-2.0;-486.22
B7EAC9E24C0F5E1142D58A6505008D08;FC081C55582CED11A62CD892C0003F2A;2025-05-31;-4.0;-439.58
327EDFBBED94DE11ADB310650500D0C8;FC081C55582CED11A62CD892C0003F2A;2025-05-31;-4.0;-103.06
BA2E521F8C78CE11ADB31065050060B8;FC081C55582CED11A62CD892C0003F2A;2025-05-31;-4.0;-1492.28
C90B8BE5BFC85E1142D58A650500DC08;FC081C55582CED11A62CD892C0003F2A;2025-05-31;-2.0;-305.34
06E7ED79A052DE11ADB310650500CDB8;FC081C55582CED11A62CD892C0003F2A;2025-05-31;-4.0;-102.0
E40CAAFF68DDCE11ADB31065050097B8;FC081C55582CED11A62CD892C0003F2A;2025-05-31;-2.0;-80.16
6C26EE937F54DE11ADB31065050080C8;FC081C55582CED11A62CD892C0003F2A;2025-05-31;-2.0;-167.92
577689A5CCEABE118772106505003B59;FC081C55582CED11A62CD892C0003F2A;2025-05-31;-20.0;-1741.48
EB20FFF04DCF3E11F7F68A650500DB08;FC081C55582CED11A62CD892C0003F2A;2025-05-31;-2.0;-1008.62
601929C3E11A0E11A4A96492C0001269;FC081C55582CED11A62CD892C0003F2A;2025-05-31;-2.0;-509.38
3D2DB69DED94DE11ADB310650500D0C8;FC081C55582CED11A62CD892C0003F2A;2025-05-31;-10.0;-255.28
882D7919BDE6EE1191EE1065050096B9;FC081C55582CED11A62CD892C0003F2A;2025-05-31;-6.0;-861.56
97295CC2ECD4DE11ADB31065050021C8;FC081C55582CED11A62CD892C0003F2A;2025-05-31;-2.0;-216.68
4A475C7445AE4E1142D58A650500BC08;FC081C55582CED11A62CD892C0003F2A;2025-05-31;-4.0;-199.6
7CA27C5DE879DE11406610650500414A;FC081C55582CED11A62CD892C0003F2A;2025-05-31;-2.0;-163.38
142C8ACCEE7ABE11877210650500AA59;FC081C55582CED11A62CD892C0003F2A;2025-05-31;-2.0;-244.28
F45CFE28F630FE1191EE106505002AB9;FC081C55582CED11A62CD892C0003F2A;2025-05-31;-2.0;-1839.46
390519DFC0CAED11A62CD892C0003F2A;FC081C55582CED11A62CD892C0003F2A;2025-05-31;-2.0;-386.08
8776BB210607DE11C846106505002F6A;FC081C55582CED11A62CD892C0003F2A;2025-05-31;-2.0;-23.66
0E08E7A9180AEE1191EE1065050009B9;FC081C55582CED11A62CD892C0003F2A;2025-05-31;-4.0;-107.36
C63EE0E5A257DE11C846106505008F6A;FC081C55582CED11A62CD892C0003F2A;2025-05-31;-2.0;-51.0
D13F8CD48F549E115540106505000E3B;FC081C55582CED11A62CD892C0003F2A;2025-05-31;-2.0;-167.92
70E13EB7DCFE5E1142D58A6505006D08;B0BDDED34CC83E11052F6792C000B249;2025-05-31;-2.0;-44.22
7EA32EFF24D04E1142D58A650500DB08;B0BDDED34CC83E11052F6792C000B249;2025-05-31;-4.0;-621.72
3E8FF86771365E1142D58A650500DC08;B0BDDED34CC83E11052F6792C000B249;2025-05-31;-6.0;-1268.28
F059B7392BD92E11052F6792C0007F39;B0BDDED34CC83E11052F6792C000B249;2025-05-31;-2.0;-210.8
1D804BDA456DCE11ADB310650500F6B8;B0BDDED34CC83E11052F6792C000B249;2025-05-31;-2.0;-1654.02
B130B6E525B4DE11ADB310650500F0C8;B0BDDED34CC83E11052F6792C000B249;2025-05-31;-8.0;-537.6
2EFF22F28ABAFE11128010650500E819;B0BDDED34CC83E11052F6792C000B249;2025-05-31;-6.0;-188.16
832C53538ABAFE11128010650500E819;B0BDDED34CC83E11052F6792C000B249;2025-05-31;-2.0;-59.28
96433FE56DEFFE11F1557891FE693789;B0BDDED34CC83E11052F6792C000B249;2025-05-31;-4.0;-185.4
B0798FE4F3C2FE1191EE106505006DB9;B0BDDED34CC83E11052F6792C000B249;2025-05-31;-8.0;-880.4
53FFF290411BFE11128010650500E819;B0BDDED34CC83E11052F6792C000B249;2025-05-31;-2.0;-211.86
ED20BEB6104FFE11F1557891FE695689;B0BDDED34CC83E11052F6792C000B249;2025-05-31;-2.0;-24.36
E649843DFDBEEE1191EE1065050029B9;B0BDDED34CC83E11052F6792C000B249;2025-05-31;-2.0;-116.2
E42F2727A0651E1143F0668E4200EE89;B0BDDED34CC83E11052F6792C000B249;2025-05-31;-16.0;-1478.3999999999999
7D8D42BB31CAED11A62CD892C0003F2A;B0BDDED34CC83E11052F6792C000B249;2025-05-31;-2.0;-134.94
1A2C1FD4AFB0FE1191EE10650500DAB9;B0BDDED34CC83E11052F6792C000B249;2025-05-31;-8.0;-760.0
8133259A51FBEE1191EE1065050029B9;B0BDDED34CC83E11052F6792C000B249;2025-05-31;286.0;4009.2200000000003
380519DFC0CAED11A62CD892C0003F2A;B0BDDED34CC83E11052F6792C000B249;2025-05-31;-2.0;-383.66
6D1EE57B123EDE11406610650500874A;B0BDDED34CC83E11052F6792C000B249;2025-05-31;-6.0;-218.64
42E2A38201CAED11A62CD892C0003F2A;B0BDDED34CC83E11052F6792C000B249;2025-05-31;-2.0;-268.44
75137B0C52CAED11A62CD892C0003F2A;B0BDDED34CC83E11052F6792C000B249;2025-05-31;-20.0;-107.2
52EC0D7DEAD02E1143F0668E4200C71A;B0BDDED34CC83E11052F6792C000B249;2025-05-31;-4.0;-450.96
708F9F968C7BDE11406610650500F34A;B0BDDED34CC83E11052F6792C000B249;2025-05-31;-16.0;-80.0
A3FBB782BFCA9E11525010650500EB4A;B0BDDED34CC83E11052F6792C000B249;2025-05-31;-2.0;-380.44
E3621668E312EE114066106505009C4A;B0BDDED34CC83E11052F6792C000B249;2025-05-31;-2.0;-222.0
848C963E01CAED11A62CD892C0003F2A;B0BDDED34CC83E11052F6792C000B249;2025-05-31;-2.0;-550.94
ED6391D766D6AE11BE2110650500B94A;B0BDDED34CC83E11052F6792C000B249;2025-05-31;-2.0;-531.0
33D5A8D9B877DE11C84610650500BF6A;B0BDDED34CC83E11052F6792C000B249;2025-05-31;-2.0;-51.0
417737989447DE11C846106505007F6A;B0BDDED34CC83E11052F6792C000B249;2025-05-31;-10.0;-1045.2
637D7E8CF0CAED11A62CD892C0003F2A;B0BDDED34CC83E11052F6792C000B249;2025-05-31;-4.0;-1111.02
F469B09FEF95BE11BE21106505008C5A;B0BDDED34CC83E11052F6792C000B249;2025-05-31;-2.0;-272.0
D94F292B3CB1AE11726010650500005A;B0BDDED34CC83E11052F6792C000B249;2025-05-31;-2.0;-91.04
A60CA6D3D4388E11F243BB650500DD3B;B0BDDED34CC83E11052F6792C000B249;2025-05-31;-2.0;-157.88
FB574AA2D03D7E110819BB65050039AA;B0BDDED34CC83E11052F6792C000B249;2025-05-31;-4.0;-44.8
D94274FB5C6D6E11B7B78A650500BC08;B0BDDED34CC83E11052F6792C000B249;2025-05-31;-2.0;-773.38
305082CF8AB45E1142D58A650500DC08;B0BDDED34CC83E11052F6792C000B249;2025-05-31;-2.0;-1654.02
1A5A688AC2DF4E1142D58A650500BC08;B0BDDED34CC83E11052F6792C000B249;2025-05-31;-2.0;-206.44
F950AF645A075E1142D58A650500DC08;B0BDDED34CC83E11052F6792C000B249;2025-05-31;-2.0;-131.0
1C0C1DBA327DCE11ADB31065050007B8;B0BDDED34CC83E11052F6792C000B249;2025-05-31;-4.0;-319.88
BE80BFC40D8FCE11ADB310650500E9B8;B0BDDED34CC83E11052F6792C000B249;2025-05-31;-2.0;-173.2
DF9D07AD1710DE11ADB310650500AAB8;B0BDDED34CC83E11052F6792C000B249;2025-05-31;-2.0;-26.44
A60124C57525CE11ADB3106505000DA8;B0BDDED34CC83E11052F6792C000B249;2025-05-31;-2.0;-372.3
1FC462F1CFB85E1142D58A650500DC08;B0BDDED34CC83E11052F6792C000B249;2025-05-31;-2.0;-453.5
781FFB92D0F27E11B7B78A650500DD08;B0BDDED34CC83E11052F6792C000B249;2025-05-31;-2.0;-74.06
3DE514F6C7EFCE11ADB3106505006AB8;B0BDDED34CC83E11052F6792C000B249;2025-05-31;-2.0;-67.38
38133FAD632ECE11ADB310650500F7B8;B0BDDED34CC83E11052F6792C000B249;2025-05-31;-2.0;-574.0
04D86F3C7D6AFE11128010650500E819;B0BDDED34CC83E11052F6792C000B249;2025-05-31;-4.0;-20.38
7B43866C49CA2E11052F6792C0007F39;B0BDDED34CC83E11052F6792C000B249;2025-05-31;-2.0;-301.22
7002AE3A2A6BFE111280106505000919;B0BDDED34CC83E11052F6792C000B249;2025-05-31;-4.0;-267.52
954EB22D832ECE11ADB310650500F7B8;B0BDDED34CC83E11052F6792C000B249;2025-05-31;-4.0;-2268.0
3D6B0DA7262EFD11A4A96492C0006D28;B0BDDED34CC83E11052F6792C000B249;2025-05-31;-2.0;-353.1
9EDF431BDDEABE118772106505003B59;B0BDDED34CC83E11052F6792C000B249;2025-05-31;-2.0;-29.04
6ABFA83FD7D9FE11128010650500E819;B0BDDED34CC83E11052F6792C000B249;2025-05-31;-2.0;-477.24
7F64D02FF0410F11112A674AC7E20989;B0BDDED34CC83E11052F6792C000B249;2025-05-31;-2.0;-318.6
84A6BE7EF77EFE11F1557891FE695589;B0BDDED34CC83E11052F6792C000B249;2025-05-31;-4.0;-164.44
782189397B5EEE1191EE1065050029B9;B0BDDED34CC83E11052F6792C000B249;2025-05-31;-2.0;-133.2
F6F4DA2DDAFB3E11052F6792C000D249;B0BDDED34CC83E11052F6792C000B249;2025-05-31;22.0;1693.94
A72092A311E1FE1191EE106505004CB9;B0BDDED34CC83E11052F6792C000B249;2025-05-31;-2.0;-491.88
9DC0D296104FFE11F1557891FE695689;B0BDDED34CC83E11052F6792C000B249;2025-05-31;-2.0;-21.52
DA5D774AA60BFE11128010650500E819;B0BDDED34CC83E11052F6792C000B249;2025-05-31;-2.0;-91.2
0F64C0443B73FD110DC22A92C000C499;B0BDDED34CC83E11052F6792C000B249;2025-05-31;-2.0;-1484.44
AE4D0478A66E0E1143F0668E42001D49;B0BDDED34CC83E11052F6792C000B249;2025-05-31;-2.0;-489.5
11A3A519CEEFFE11F1557891FE693789;B0BDDED34CC83E11052F6792C000B249;2025-05-31;-2.0;-747.46
4AA238198E74FE1191EE10650500CFB9;B0BDDED34CC83E11052F6792C000B249;2025-05-31;-2.0;-540.0
24EC4EE7A0CAED11A62CD892C0003F2A;B0BDDED34CC83E11052F6792C000B249;2025-05-31;-4.0;-166.58
BDC3C5F36494FE1191EE10650500EFB9;B0BDDED34CC83E11052F6792C000B249;2025-05-31;-2.0;-105.76
F9ECB87726F5BE11877210650500E459;B0BDDED34CC83E11052F6792C000B249;2025-05-31;-4.0;-302.84
936B054C1A5FFE11F1557891FE697689;B0BDDED34CC83E11052F6792C000B249;2025-05-31;-2.0;-101.0
07FF2792A717FE1191EE1065050023C9;B0BDDED34CC83E11052F6792C000B249;2025-05-31;-2.0;-2112.78
F0A6B7DB01CAED11A62CD892C0003F2A;B0BDDED34CC83E11052F6792C000B249;2025-05-31;-2.0;-222.72
E7404E00B0CAED11A62CD892C0003F2A;B0BDDED34CC83E11052F6792C000B249;2025-05-31;-2.0;-103.68
85C7E1CD3104FE1191EE106505001FB9;B0BDDED34CC83E11052F6792C000B249;2025-05-31;-2.0;-730.0
0972ADEACCC0FE1191EE10650500EAB9;B0BDDED34CC83E11052F6792C000B249;2025-05-31;-2.0;-369.2
80B0BB5F01CAED11A62CD892C0003F2A;B0BDDED34CC83E11052F6792C000B249;2025-05-31;-2.0;-337.28
4049248CF5802E1143F0668E4200C71A;B0BDDED34CC83E11052F6792C000B249;2025-05-31;-2.0;-319.58
A6E9EF8FA530EE114066106505002A4A;B0BDDED34CC83E11052F6792C000B249;2025-05-31;-2.0;-708.48
047785D8D0CAED11A62CD892C0003F2A;B0BDDED34CC83E11052F6792C000B249;2025-05-31;-2.0;-415.02
19B4B3B353D99E11525010650500AA4A;B0BDDED34CC83E11052F6792C000B249;2025-05-31;-2.0;-1406.98
B9C99CE964DAED11A62CD892C0003F2A;B0BDDED34CC83E11052F6792C000B249;2025-05-31;-2.0;-1551.68
27312590B0CAED11A62CD892C0003F2A;B0BDDED34CC83E11052F6792C000B249;2025-05-31;-2.0;-108.42
4D7EEA51F001AE117260106505001F4A;B0BDDED34CC83E11052F6792C000B249;2025-05-31;-6.0;-893.78
6EBD163D977CDE11406610650500454A;B0BDDED34CC83E11052F6792C000B249;2025-05-31;-4.0;-2250.56
2FD20C1F21CAED11A62CD892C0003F2A;B0BDDED34CC83E11052F6792C000B249;2025-05-31;-6.0;-416.52
8C2CE2C9D87A9E115250106505007B4A;B0BDDED34CC83E11052F6792C000B249;2025-05-31;-6.0;-241.38
FA6BE507EBC0AE11726010650500DE4A;B0BDDED34CC83E11052F6792C000B249;2025-05-31;-2.0;-298.9
A6EB8333514C7E110819BB65050039AA;B0BDDED34CC83E11052F6792C000B249;2025-05-31;-2.0;-273.96
660E24DEE8087E110819BB65050009AA;B0BDDED34CC83E11052F6792C000B249;2025-05-31;-2.0;-140.7
EE7C04BB5EEC9E11726010650500D94A;B0BDDED34CC83E11052F6792C000B249;2025-05-31;-2.0;-151.06
1119919C9064EE11B1AD10650500D7EA;B0BDDED34CC83E11052F6792C000B249;2025-05-31;-2.0;-305.54
6FF7EF9EA8138E110223BB6505005BAA;B0BDDED34CC83E11052F6792C000B249;2025-05-31;-2.0;-481.84
17193D88252C9E11726010650500D84A;B0BDDED34CC83E11052F6792C000B249;2025-05-31;-2.0;-228.84
AC38E545E015EE11B1AD10650500B8EA;B0BDDED34CC83E11052F6792C000B249;2025-05-31;-2.0;-375.2
926F12D95A7E8E11F243BB650500664B;B0BDDED34CC83E11052F6792C000B249;2025-05-31;-2.0;-311.96
11BFA7E302A68E11F243BB650500DB3B;B0BDDED34CC83E11052F6792C000B249;2025-05-31;-4.0;-166.8
13AEA4E0A815FD110DC22A92C0009D7B;B0BDDED34CC83E11052F6792C000B249;2025-05-31;-2.0;-262.8
679C6FE8697BAE11BE21106505009F4A;B0BDDED34CC83E11052F6792C000B249;2025-05-31;-2.0;-98.8
DECBF27E98E66E11B7B78A650500BC08;44673735EAF46E11B7B78A650500BC08;2025-05-31;-1.98;-203.82
2B2267EF3C456E11B7B78A650500BC08;44673735EAF46E11B7B78A650500BC08;2025-05-31;-4.0;-533.02
3CD555249C456E11B7B78A650500BC08;44673735EAF46E11B7B78A650500BC08;2025-05-31;-4.0;-68.52
A474163B30556E11B7B78A650500BC08;44673735EAF46E11B7B78A650500BC08;2025-05-31;-2.0;-186.92
22C0565E2E456E11B7B78A650500BC08;44673735EAF46E11B7B78A650500BC08;2025-05-31;-102.0;-9996.0
C8C1EFE6AC456E11B7B78A650500BC08;44673735EAF46E11B7B78A650500BC08;2025-05-31;-12.0;-431.65999999999997
5FAC228B504F6E11B7B78A650500CD08;44673735EAF46E11B7B78A650500BC08;2025-05-31;-6.0;-789.78
F6BCF4881BE66E11B7B78A650500BC08;44673735EAF46E11B7B78A650500BC08;2025-05-31;-2.0;-117.96
DEB89A9102D07E11B7B78A650500CD08;44673735EAF46E11B7B78A650500BC08;2025-05-31;-2.0;-129.2
B073300E36385E1142D58A650500DC08;44673735EAF46E11B7B78A650500BC08;2025-05-31;-12.0;-588.0
418586B83596DE11ADB31065050053C8;44673735EAF46E11B7B78A650500BC08;2025-05-31;-6.0;-947.6999999999999
CD47D6A0BAC9FE11128010650500E819;44673735EAF46E11B7B78A650500BC08;2025-05-31;-8.0;-246.4
DA28D17AB9407E11B7B78A650500CD08;44673735EAF46E11B7B78A650500BC08;2025-05-31;-28.0;-506.52
9170636724C26E1142D58A650500AD08;44673735EAF46E11B7B78A650500BC08;2025-05-31;-6.0;-764.64
C3A27F630AA07E11B7B78A650500CD08;44673735EAF46E11B7B78A650500BC08;2025-05-31;-4.0;-2282.96
6E6B2845604F6E11B7B78A650500CD08;44673735EAF46E11B7B78A650500BC08;2025-05-31;92.0;1817.0
2148978EF4B4DE11ADB310650500F0C8;44673735EAF46E11B7B78A650500BC08;2025-05-31;-8.0;-464.64
9EA5E4036085FD110DC22A92C000D158;44673735EAF46E11B7B78A650500BC08;2025-05-31;-8.0;-858.74
C3D8C1394D85DE11ADB31065050002C8;44673735EAF46E11B7B78A650500BC08;2025-05-31;-6.0;-625.8
227C0B8D2E09FE11128010650500E819;44673735EAF46E11B7B78A650500BC08;2025-05-31;-2.0;-277.0
C28DAB959F9DBE11877210650500AE59;44673735EAF46E11B7B78A650500BC08;2025-05-31;-2.0;-55.14
66A8B69694310F11112A674AC7E2F889;44673735EAF46E11B7B78A650500BC08;2025-05-31;-6.0;-438.0
FADCFDD2EE2BBE118772106505008B59;44673735EAF46E11B7B78A650500BC08;2025-05-31;-4.0;-443.6
E75902914575EE1191EE10650500D4B9;44673735EAF46E11B7B78A650500BC08;2025-05-31;-10.0;-268.0
D4CF7C972D9EFE11F1557891FE698589;44673735EAF46E11B7B78A650500BC08;2025-05-31;-2.0;-188.8
E27D6712A505FE1191EE1065050070C9;44673735EAF46E11B7B78A650500BC08;2025-05-31;-4.0;-432.0
B1C1EB04AA4FFE11F1557891FE696689;44673735EAF46E11B7B78A650500BC08;2025-05-31;-2.0;-121.4
259B72C890CAED11A62CD892C0003F2A;44673735EAF46E11B7B78A650500BC08;2025-05-31;-4.0;-1073.68
2D9B060C066E9E11726010650500CB4A;44673735EAF46E11B7B78A650500BC08;2025-05-31;-2.0;-42.12
A8816F1ECAD0FE1191EE10650500FAB9;44673735EAF46E11B7B78A650500BC08;2025-05-31;-2.0;-412.36
021D707E6EEAAE11BE2110650500EE4A;44673735EAF46E11B7B78A650500BC08;2025-05-31;-10.0;-236.44
67EA5FA18D60BE11BE2110650500E55A;44673735EAF46E11B7B78A650500BC08;2025-05-31;-12.0;-912.4600000000002
468337CD542CAE11BE2110650500705A;44673735EAF46E11B7B78A650500BC08;2025-05-31;-4.0;-812.16
15137EBFE6197E110819BB65050009AA;44673735EAF46E11B7B78A650500BC08;2025-05-31;-12.0;-386.64
CA121823781FAE11BE2110650500345A;44673735EAF46E11B7B78A650500BC08;2025-05-31;-8.0;-592.0
5DC7BBDF394EDE11406610650500B74A;44673735EAF46E11B7B78A650500BC08;2025-05-31;-2.0;-720.0
2F59DB76839F9E117260106505004D4A;44673735EAF46E11B7B78A650500BC08;2025-05-31;-4.0;-840.8
1407991F0AEBED11A62CD892C0003F2A;44673735EAF46E11B7B78A650500BC08;2025-05-31;-2.0;-194.14
D294A19AB552AE11726010650500C05A;44673735EAF46E11B7B78A650500BC08;2025-05-31;-4.0;-244.0
7B2F654A6F61AE11726010650500AF4A;44673735EAF46E11B7B78A650500BC08;2025-05-31;-6.0;-237.0
21FAAA661F34AE11726010650500335A;44673735EAF46E11B7B78A650500BC08;2025-05-31;-2.0;-405.7
3C54CA6A12D18E113835BB650500B9AA;44673735EAF46E11B7B78A650500BC08;2025-05-31;-2.0;-103.32
DB8DE22C2CFA7E110819BB65050039AA;44673735EAF46E11B7B78A650500BC08;2025-05-31;-2.0;-537.24
CAFFF5A4868C7E110819BB65050039AA;44673735EAF46E11B7B78A650500BC08;2025-05-31;-4.0;-162.4
B8F8E0A6C6E3AE11726010650500C25A;44673735EAF46E11B7B78A650500BC08;2025-05-31;-12.0;-288.0
F754AB3DD6568E11F243BB6505007B3B;44673735EAF46E11B7B78A650500BC08;2025-05-31;-2.0;-106.62
4294F80B58138E117E64BB6505004BAA;44673735EAF46E11B7B78A650500BC08;2025-05-31;-6.0;-650.16
82469E05C11A8E11F243BB650500304B;44673735EAF46E11B7B78A650500BC08;2025-05-31;-4.0;-594.36
000D3C198EF39E115540106505008D3B;44673735EAF46E11B7B78A650500BC08;2025-05-31;-2.0;-224.56
36736176E770BE11BE2110650500F55A;44673735EAF46E11B7B78A650500BC08;2025-05-31;-6.0;-321.28
AAFD5840CA187E110819BB65050009AA;44673735EAF46E11B7B78A650500BC08;2025-05-31;-2.0;-174.5
CDB827EB09378E11F243BB6505009C3B;44673735EAF46E11B7B78A650500BC08;2025-05-31;-2.0;-62.1
4EEC80446A819E11F243BB6505004A4B;44673735EAF46E11B7B78A650500BC08;2025-05-31;-8.0;-624.0
D88F2344C11A8E11F243BB650500304B;44673735EAF46E11B7B78A650500BC08;2025-05-31;-2.0;-64.92
B9375A67B5EEAE11BE2110650500F35A;44673735EAF46E11B7B78A650500BC08;2025-05-31;-10.0;-620.0
CB9197A6FE456E11B7B78A650500BC08;44673735EAF46E11B7B78A650500BC08;2025-05-31;-2.0;-102.32
0BC7A34A1E456E11B7B78A650500BC08;44673735EAF46E11B7B78A650500BC08;2025-05-31;-4.0;-877.88
409F2E7D99E66E11B7B78A650500BC08;44673735EAF46E11B7B78A650500BC08;2025-05-31;-2.0;-90.84
F846A17A98A05E1142D58A650500BC08;44673735EAF46E11B7B78A650500BC08;2025-05-31;-2.0;-1756.0
D9A2D871DD456E11B7B78A650500BC08;44673735EAF46E11B7B78A650500BC08;2025-05-31;-2.0;-1506.0
B944D4ED3E456E11B7B78A650500BC08;44673735EAF46E11B7B78A650500BC08;2025-05-31;-2.0;-632.0
F3D7F6328D456E11B7B78A650500BC08;44673735EAF46E11B7B78A650500BC08;2025-05-31;-4.0;-126.22
84EE077F7D456E11B7B78A650500BC08;44673735EAF46E11B7B78A650500BC08;2025-05-31;-6.0;-39.0
106265483915CE11ADB3106505000DA8;44673735EAF46E11B7B78A650500BC08;2025-05-31;-2.0;-580.74
85EDA01AE43ACE11ADB31065050092B8;44673735EAF46E11B7B78A650500BC08;2025-05-31;-4.0;-84.4
49777127CC456E11B7B78A650500BC08;44673735EAF46E11B7B78A650500BC08;2025-05-31;-4.0;-3832.46
88151EF2BDBDCE11ADB31065050077B8;44673735EAF46E11B7B78A650500BC08;2025-05-31;-2.0;-149.14
9C577F655AE66E11B7B78A650500BC08;44673735EAF46E11B7B78A650500BC08;2025-05-31;-14.0;-488.6
290A588CE596DE11ADB31065050053C8;44673735EAF46E11B7B78A650500BC08;2025-05-31;-4.0;-359.94
FA71C94978DDCE11ADB31065050097B8;44673735EAF46E11B7B78A650500BC08;2025-05-31;-2.0;-666.44
819A95426F5CCE11ADB31065050095B8;44673735EAF46E11B7B78A650500BC08;2025-05-31;-2.0;-245.62
6B06820BD8393E11052F6792C000D249;44673735EAF46E11B7B78A650500BC08;2025-05-31;-2.0;-930.62
7634445DF7300F11F1557891FE699789;44673735EAF46E11B7B78A650500BC08;2025-05-31;-2.0;-410.0
426981DC21E6EE1191EE1065050096B9;44673735EAF46E11B7B78A650500BC08;2025-05-31;-2.0;-910.0
BC2AEE6A88000F11F1557891FE695789;44673735EAF46E11B7B78A650500BC08;2025-05-31;-6.0;-1916.02
97229AFE0148EE1191EE1065050038B9;44673735EAF46E11B7B78A650500BC08;2025-05-31;-2.0;-94.0
9E6562BA390FEE1191EE1065050029B9;44673735EAF46E11B7B78A650500BC08;2025-05-31;-6.0;-174.24
845CE0B26D7DBE118772106505007E59;44673735EAF46E11B7B78A650500BC08;2025-05-31;-4.0;-640.0
00F132CF390FEE1191EE1065050029B9;44673735EAF46E11B7B78A650500BC08;2025-05-31;-470.0;-4444.860000000001
AE12452A3E263E11052F6792C000FF39;44673735EAF46E11B7B78A650500BC08;2025-05-31;-2.0;-137.3
E73B2E641431FE1191EE106505006BB9;44673735EAF46E11B7B78A650500BC08;2025-05-31;-4.0;-395.2
BD816F1ECAD0FE1191EE10650500FAB9;44673735EAF46E11B7B78A650500BC08;2025-05-31;-2.0;-462.86
99AD37D0B56FBE11877210650500E069;44673735EAF46E11B7B78A650500BC08;2025-05-31;-4.0;-148.0
42A499B3309DDE11406610650500A64A;44673735EAF46E11B7B78A650500BC08;2025-05-31;-2.0;-1392.0
DCB10BAEC1A2FE1191EE106505003DB9;44673735EAF46E11B7B78A650500BC08;2025-05-31;-14.0;-10332.98
8FBE230010CAED11A62CD892C0003F2A;44673735EAF46E11B7B78A650500BC08;2025-05-31;-2.0;-195.7
22D097AD84E8EE1191EE1065050009B9;44673735EAF46E11B7B78A650500BC08;2025-05-31;-10.0;-2970.0
0BE979531C7C9E11726010650500494A;44673735EAF46E11B7B78A650500BC08;2025-05-31;-4.0;-497.4
AD9DE51F066E9E11726010650500CB4A;44673735EAF46E11B7B78A650500BC08;2025-05-31;-2.0;-48.38
BC0096BF6315EE11B1AD10650500B8EA;44673735EAF46E11B7B78A650500BC08;2025-05-31;-4.0;-566.4
9AB7B86A0EE4AE11726010650500145A;44673735EAF46E11B7B78A650500BC08;2025-05-31;-2.0;-53.52
B2DA2151BCAAAE11BE21106505009E4A;44673735EAF46E11B7B78A650500BC08;2025-05-31;-2.0;-50.4
F42748CCDC9F7E110819BB65050039AA;44673735EAF46E11B7B78A650500BC08;2025-05-31;-10.0;-460.78000000000003
036B0A42721A8E11F243BB650500304B;44673735EAF46E11B7B78A650500BC08;2025-05-31;-2.0;-90.58
5A219D349EE2BE11BE2110650500195A;44673735EAF46E11B7B78A650500BC08;2025-05-31;-2.0;-29.48
94140373C11A8E11F243BB650500304B;44673735EAF46E11B7B78A650500BC08;2025-05-31;-4.0;-358.0
310435D660638E111E1BBB650500BBAA;44673735EAF46E11B7B78A650500BC08;2025-05-31;-2.0;-181.24
BBCB17FFD6568E11F243BB6505007B3B;44673735EAF46E11B7B78A650500BC08;2025-05-31;-2.0;-109.76
ECB1913CA5F7DE11C84610650500507A;44673735EAF46E11B7B78A650500BC08;2025-05-31;-2.0;-1674.58
C0F7EB7A03078E11F243BB6505005C3B;44673735EAF46E11B7B78A650500BC08;2025-05-31;-2.0;-72.72
847B282963039E115540106505004C3B;44673735EAF46E11B7B78A650500BC08;2025-05-31;-2.0;-177.24
7F2C6BDA03078E11F243BB6505005C3B;44673735EAF46E11B7B78A650500BC08;2025-05-31;-4.0;-254.72
8FD40385771B8E11F243BB650500814B;44673735EAF46E11B7B78A650500BC08;2025-05-31;-4.0;-4.0
3B6562D6E770BE11BE2110650500F55A;44673735EAF46E11B7B78A650500BC08;2025-05-31;-2.0;-26.76
4F43FDABF90EED11A62CD892C000399B;44673735EAF46E11B7B78A650500BC08;2025-05-31;-2.0;-563.08
642A59F44E456E11B7B78A650500BC08;44673735EAF46E11B7B78A650500BC08;2025-05-31;-44.0;-528.26
E2D90FCF2C456E11B7B78A650500BC08;44673735EAF46E11B7B78A650500BC08;2025-05-31;0.0;4.060000000000059
27F5C1F49C456E11B7B78A650500BC08;44673735EAF46E11B7B78A650500BC08;2025-05-31;-4.0;-143.72
91399CFCCF456E11B7B78A650500BC08;44673735EAF46E11B7B78A650500BC08;2025-05-31;-6.0;-252.72
D26AB7B500556E11B7B78A650500BC08;44673735EAF46E11B7B78A650500BC08;2025-05-31;-4.0;-441.72
2A79254529DDCE11ADB31065050097B8;44673735EAF46E11B7B78A650500BC08;2025-05-31;-2.0;-300.0
EF81679C8B7ECE11ADB31065050068B8;44673735EAF46E11B7B78A650500BC08;2025-05-31;-2.0;-628.0
8D2CF03D29457E11B7B78A650500ED08;44673735EAF46E11B7B78A650500BC08;2025-05-31;-2.0;-4614.36
46881F4B13D0DE11ADB310650500BBB8;44673735EAF46E11B7B78A650500BC08;2025-05-31;-2.0;-153.52
04DD117BEECFCE11ADB3106505003AB8;44673735EAF46E11B7B78A650500BC08;2025-05-31;-2.0;-474.98
325ECEDC4439BE118772106505000959;44673735EAF46E11B7B78A650500BC08;2025-05-31;-8.0;-894.7
B34AAA1562CBFE111280106505000919;44673735EAF46E11B7B78A650500BC08;2025-05-31;-2.0;-2093.72
38D11EDAC550CE118772106505001269;44673735EAF46E11B7B78A650500BC08;2025-05-31;-2.0;-228.2
710332DA8D410F11112A674AC7E21989;44673735EAF46E11B7B78A650500BC08;2025-05-31;-2.0;-45.5
E4F26A6031A9EE1191EE1065050009B9;44673735EAF46E11B7B78A650500BC08;2025-05-31;-2.0;-154.64
0583A1DF105DEE1191EE1065050029B9;44673735EAF46E11B7B78A650500BC08;2025-05-31;-2.0;-67.54
285318B7DCBEEE1191EE1065050029B9;44673735EAF46E11B7B78A650500BC08;2025-05-31;-2.0;-237.02
5596E37B383EFE11F1557891FE690589;44673735EAF46E11B7B78A650500BC08;2025-05-31;-2.0;-213.4
EE261D8F49BFEE1191EE1065050089B9;44673735EAF46E11B7B78A650500BC08;2025-05-31;-2.0;-48.0
6B8BE0D1490FEE1191EE1065050029B9;44673735EAF46E11B7B78A650500BC08;2025-05-31;-2.0;-22.44
E7CAC1D697400F11F1557891FE69A789;44673735EAF46E11B7B78A650500BC08;2025-05-31;-2.0;-1442.0
E048C87E7F95FE1191EE1065050031C9;44673735EAF46E11B7B78A650500BC08;2025-05-31;-2.0;-886.8
A124B62E7E8ADE11406610650500A24A;44673735EAF46E11B7B78A650500BC08;2025-05-31;-4.0;-6548.22
DAFCBFF0E0CAED11A62CD892C0003F2A;44673735EAF46E11B7B78A650500BC08;2025-05-31;-4.0;-446.68
EE08E9D401CAED11A62CD892C0003F2A;44673735EAF46E11B7B78A650500BC08;2025-05-31;-2.0;-198.0
2BC844D3D0CAED11A62CD892C0003F2A;44673735EAF46E11B7B78A650500BC08;2025-05-31;-2.0;-187.1
7644806976CFAE11BE2110650500155A;44673735EAF46E11B7B78A650500BC08;2025-05-31;-2.0;-70.5
973A29A13392BE11BE2110650500A85A;44673735EAF46E11B7B78A650500BC08;2025-05-31;-4.0;-128.7
76736176E770BE11BE2110650500F55A;44673735EAF46E11B7B78A650500BC08;2025-05-31;-2.0;-142.88
910C00DE6EEAAE11BE2110650500EE4A;44673735EAF46E11B7B78A650500BC08;2025-05-31;-10.0;-100.36
0A9CFE09FA679E11554010650500024B;44673735EAF46E11B7B78A650500BC08;2025-05-31;-6.0;-900.0
583B896886838E113835BB6505000CAA;44673735EAF46E11B7B78A650500BC08;2025-05-31;-2.0;-67.08
4F6488E72EB91E1143F0668E42006B8B;44673735EAF46E11B7B78A650500BC08;2025-05-31;-2.0;-65.8
7B4583BE45CF8E11F243BB650500084B;44673735EAF46E11B7B78A650500BC08;2025-05-31;-2.0;-92.72
CE52EC50E6568E11F243BB6505007B3B;44673735EAF46E11B7B78A650500BC08;2025-05-31;-2.0;-86.34
64F58C6A84309E11F243BB650500984B;44673735EAF46E11B7B78A650500BC08;2025-05-31;-4.0;-178.84
D404885023DB8E11F243BB650500724B;44673735EAF46E11B7B78A650500BC08;2025-05-31;-2.0;-78.66
54F8722EB6079E11554010650500814B;44673735EAF46E11B7B78A650500BC08;2025-05-31;-2.0;-35.36
FB907F315F35CE11ADB3106505001DA8;44673735EAF46E11B7B78A650500BC08;2025-05-31;-2.0;-241.84
9C2399A60207BE118772106505003659;44673735EAF46E11B7B78A650500BC08;2025-05-31;58.0;9681.2
4730D236A95EEE1191EE1065050029B9;44673735EAF46E11B7B78A650500BC08;2025-05-31;-2.0;-1201.3
5BC2D8122D456E11B7B78A650500BC08;44673735EAF46E11B7B78A650500BC08;2025-05-31;-14.0;-665.0
C76B812C1C4B8E11F243BB650500C14B;44673735EAF46E11B7B78A650500BC08;2025-05-31;-2.0;-1054.0
1FC65BF6CB70DE11ADB3106505004BB8;44673735EAF46E11B7B78A650500BC08;2025-05-31;-2.0;-1381.42
99AFED5D653DDE11406610650500364A;44673735EAF46E11B7B78A650500BC08;2025-05-31;-2.0;-53.08
9C5186F86C10FE1191EE106505000AB9;FC081C55582CED11A62CD892C0003F2A;2025-05-31;-2.0;-1096.8
CA64184528D8EE1191EE10650500F8B9;FC081C55582CED11A62CD892C0003F2A;2025-05-31;-2.0;-345.0
67A51A484D889E11525010650500F84A;FC081C55582CED11A62CD892C0003F2A;2025-05-31;-2.0;-680.82
089DAC91BD010F11112A674AC7E2C889;FC081C55582CED11A62CD892C0003F2A;2025-05-31;-2.0;-809.86
0974E5A7C523FD110DC22A92C000C499;FC081C55582CED11A62CD892C0003F2A;2025-05-31;6.0;686.56
A6D0AC0CA454EE11B1AD10650500C7EA;FC081C55582CED11A62CD892C0003F2A;2025-05-31;-2.0;-428.1
5AB54DD35574FD110DC22A92C000C499;FC081C55582CED11A62CD892C0003F2A;2025-05-31;-2.0;-71.3
C9BA0F08E2CAED11A62CD892C0003F2A;FC081C55582CED11A62CD892C0003F2A;2025-05-31;-18.0;-2994.68
5C2F1EB1CEE1FE1191EE106505005CB9;44673735EAF46E11B7B78A650500BC08;2025-05-31;2.0;5000.0
BAD716D859B1EE114066106505001C4A;44673735EAF46E11B7B78A650500BC08;2025-05-31;4.0;148.22
8AF9A81F3BA8BE118772106505005859;44673735EAF46E11B7B78A650500BC08;2025-05-31;0.0;0.0
3AA32EFA76CABE118772106505000B59;44673735EAF46E11B7B78A650500BC08;2025-05-31;0.0;0.0
0B8E89D2D42BDE11406610650500734A;44673735EAF46E11B7B78A650500BC08;2025-05-31;0.0;0.0
E36CEF550DDDFE11F1557891FE699489;44673735EAF46E11B7B78A650500BC08;2025-05-31;0.0;0.0
B9B3BE18E494AE11726010650500A35A;44673735EAF46E11B7B78A650500BC08;2025-05-31;0.0;-1.1368683772161603e-13
47A2D4320317DE11C846106505003F6A;44673735EAF46E11B7B78A650500BC08;2025-05-31;0.0;0.0
75FBC18E5E5F3E11F7F68A650500DB08;44673735EAF46E11B7B78A650500BC08;2025-05-31;0.0;0.0
4121496B08EFCE11ADB3106505006AB8;44673735EAF46E11B7B78A650500BC08;2025-05-31;0.0;0.0
EC3011D62BC47E11B7B78A650500ED08;44673735EAF46E11B7B78A650500BC08;2025-05-31;0.0;0.0
A5D7D7F8930D9E11726010650500F94A;44673735EAF46E11B7B78A650500BC08;2025-05-31;0.0;0.0
FE235A637A767E11B7B78A650500ED08;FC081C55582CED11A62CD892C0003F2A;2025-05-31;-2.0;-279.36
D7A9897E8E765E1142D58A650500DC08;FC081C55582CED11A62CD892C0003F2A;2025-05-31;-2.0;-1748.88
9BD5F02F2E458E113835BB6505001EAA;FC081C55582CED11A62CD892C0003F2A;2025-05-31;-2.0;-256.72
78AEFCCBCE13FE1191EE10650500EDB9;FC081C55582CED11A62CD892C0003F2A;2025-05-31;-2.0;-313.0
050B26DB6509AE11BE21106505007C4A;44673735EAF46E11B7B78A650500BC08;2025-05-31;-10.0;-2892.9
3EF40A9593FDDE11406610650500274A;FC081C55582CED11A62CD892C0003F2A;2025-05-31;-12.0;-625.26
DA3D935957086E11B7B78A650500BC08;FC081C55582CED11A62CD892C0003F2A;2025-05-31;-6.0;-1399.82
F6F75CF24E456E11B7B78A650500BC08;44673735EAF46E11B7B78A650500BC08;2025-05-31;-12.0;-9792.0
08BC77918754EE11B1AD10650500C7EA;44673735EAF46E11B7B78A650500BC08;2025-05-31;-4.0;-1253.12
BB85E1D12E5FCE11ADB310650500A9B8;FC081C55582CED11A62CD892C0003F2A;2025-05-31;-6.0;-5784.62
DF3C932CA2A27E11B7B78A650500DD08;44673735EAF46E11B7B78A650500BC08;2025-05-31;8.0;9292.8
C8DF857522586E11B7B78A650500BC08;44673735EAF46E11B7B78A650500BC08;2025-05-31;4.0;4699.76
0FED0FED9FBBAE11BE2110650500FF4A;44673735EAF46E11B7B78A650500BC08;2025-05-31;0.0;0.0
BAC0B1EBB9456E11B7B78A650500BC08;44673735EAF46E11B7B78A650500BC08;2025-05-31;-50.0;-16529.64
078A82AF6FBDCE11ADB31065050077B8;FC081C55582CED11A62CD892C0003F2A;2025-05-31;-2.0;-1364.5
33094AE51DDECE11ADB310650500E8B8;FC081C55582CED11A62CD892C0003F2A;2025-05-31;2.0;1369.16
2DAF457A7CE87E110819BB65050009AA;FC081C55582CED11A62CD892C0003F2A;2025-05-31;14.0;5677.42
3A3BF05D9C01AE117260106505002F4A;B0BDDED34CC83E11052F6792C000B249;2025-05-31;4.0;749.4
C2C8F81C7578FE11128010650500D819;FC081C55582CED11A62CD892C0003F2A;2025-05-31;20.0;1714.06
F088C9E55AD2DE11ADB3106505007EB8;B0BDDED34CC83E11052F6792C000B249;2025-05-31;48.0;1371.88
206A5A7B01F0EE114066106505001B4A;B0BDDED34CC83E11052F6792C000B249;2025-05-31;96.0;2359.62
B6E4E4C243530F114EF7A826072BBB89;44673735EAF46E11B7B78A650500BC08;2025-05-31;40.0;8609.46
1767778E73530F114EF7A826072BBB89;44673735EAF46E11B7B78A650500BC08;2025-05-31;10.0;975.62
8C9A71F0375F5E1142D58A6505008D08;B0BDDED34CC83E11052F6792C000B249;2025-05-31;12.0;74.08
B36EDCF8D1CAED11A62CD892C0003F2A;44673735EAF46E11B7B78A650500BC08;2025-05-31;20.0;837.0
81AA2B10D265BE11BE21106505003C5A;FC081C55582CED11A62CD892C0003F2A;2025-05-31;20.0;4041.68
B8301C6E90FE5E1142D58A6505006D08;44673735EAF46E11B7B78A650500BC08;2025-05-31;20.0;5711.2
C450AEB967B30F114EF7A826072B3C89;44673735EAF46E11B7B78A650500BC08;2025-05-31;6.0;15325.68
26D116CE58A1CE11877210650500C369;B0BDDED34CC83E11052F6792C000B249;2025-05-31;-2.0;-105.54
405726D86BBD3E11052F6792C000D249;FC081C55582CED11A62CD892C0003F2A;2025-05-31;268.0;4946.3
5A70E9491E17CE11ADB3106505009EA8;FC081C55582CED11A62CD892C0003F2A;2025-05-31;-10.0;-1067.9
D317AE58BB4ACE11ADB310650500B2B8;FC081C55582CED11A62CD892C0003F2A;2025-05-31;-4.0;-998.12
3EF644C7E059CE11ADB31065050071B8;FC081C55582CED11A62CD892C0003F2A;2025-05-31;-4.0;-226.0
5EF4E6B8506AFE11128010650500E819;FC081C55582CED11A62CD892C0003F2A;2025-05-31;-4.0;-184.8
92B581246AB45E1142D58A650500DC08;FC081C55582CED11A62CD892C0003F2A;2025-05-31;-8.0;-2112.8
E6B63D2329363E11052F6792C000FF39;FC081C55582CED11A62CD892C0003F2A;2025-05-31;-4.0;-141.52
8C8A674D7F3DBE118772106505002E59;FC081C55582CED11A62CD892C0003F2A;2025-05-31;-2.0;-187.34
3BFFC296104FFE11F1557891FE695689;FC081C55582CED11A62CD892C0003F2A;2025-05-31;-2.0;-18.82
D68BFB301256BE118772106505005559;FC081C55582CED11A62CD892C0003F2A;2025-05-31;-2.0;-223.54
1B08ADF5E4F1CE118772106505002469;FC081C55582CED11A62CD892C0003F2A;2025-05-31;-2.0;-874.0
54BD3CE50038BE11877210650500B759;FC081C55582CED11A62CD892C0003F2A;2025-05-31;-2.0;-86.68
6F615376AF6DFE11F1557891FE690489;FC081C55582CED11A62CD892C0003F2A;2025-05-31;-2.0;-163.4
B7BE495F6136EE1191EE10650500D5B9;FC081C55582CED11A62CD892C0003F2A;2025-05-31;-2.0;-751.12
3E2F47E1F6E10F114EF7A826072BE989;FC081C55582CED11A62CD892C0003F2A;2025-05-31;-8.0;-792.0
0835B01A293EBE118772106505006F59;FC081C55582CED11A62CD892C0003F2A;2025-05-31;-20.0;-557.2
7FF7A89A25DFEE1191EE10650500A9B9;FC081C55582CED11A62CD892C0003F2A;2025-05-31;-6.0;-1993.1999999999998
26018428F0CAED11A62CD892C0003F2A;FC081C55582CED11A62CD892C0003F2A;2025-05-31;-2.0;-291.6
29858BB81C93FE1191EE106505009EB9;FC081C55582CED11A62CD892C0003F2A;2025-05-31;-2.0;-393.52
127A99AAF0CAED11A62CD892C0003F2A;FC081C55582CED11A62CD892C0003F2A;2025-05-31;-2.0;-715.86
4757761AFC07FE1191EE1065050013C9;FC081C55582CED11A62CD892C0003F2A;2025-05-31;-2.0;-531.24
E2738892B7AEEE1191EE1065050029B9;FC081C55582CED11A62CD892C0003F2A;2025-05-31;-2.0;-330.44
1C82A37C1A5FFE11F1557891FE697689;FC081C55582CED11A62CD892C0003F2A;2025-05-31;-2.0;-94.7
71EFD0AC608BDE11406610650500F34A;FC081C55582CED11A62CD892C0003F2A;2025-05-31;-8.0;-1508.0
CFC2663A31CAED11A62CD892C0003F2A;FC081C55582CED11A62CD892C0003F2A;2025-05-31;-2.0;-540.14
6E754762F0CAED11A62CD892C0003F2A;FC081C55582CED11A62CD892C0003F2A;2025-05-31;-10.0;-550.98
7040CD49FA7DFE1158A3BB3DBE8E1489;FC081C55582CED11A62CD892C0003F2A;2025-05-31;-2.0;-1507.18
E8E32F23201ADE11406610650500024A;FC081C55582CED11A62CD892C0003F2A;2025-05-31;-4.0;-563.22
8397BF6A01CAED11A62CD892C0003F2A;FC081C55582CED11A62CD892C0003F2A;2025-05-31;-8.0;-1743.92
C5E7AE87917BDE11406610650500E34A;FC081C55582CED11A62CD892C0003F2A;2025-05-31;-2.0;-662.14
34A2F97831E1FE1191EE106505004CB9;FC081C55582CED11A62CD892C0003F2A;2025-05-31;-2.0;-288.22
F4719251B402EE114066106505008C4A;FC081C55582CED11A62CD892C0003F2A;2025-05-31;-2.0;-3500.8
75137B0C52CAED11A62CD892C0003F2A;FC081C55582CED11A62CD892C0003F2A;2025-05-31;-270.0;-1447.1999999999998
69460226377BAE11BE21106505009F4A;FC081C55582CED11A62CD892C0003F2A;2025-05-31;-2.0;-224.2
8430AD8EC763AE11726010650500225A;FC081C55582CED11A62CD892C0003F2A;2025-05-31;-2.0;-811.32
8EF784160110EE11406610650500F94A;FC081C55582CED11A62CD892C0003F2A;2025-05-31;-2.0;-1102.78
B3074CCD087A9E115250106505007B4A;FC081C55582CED11A62CD892C0003F2A;2025-05-31;-2.0;-414.16
D078A1AD72B3EE11B1AD10650500F6EA;FC081C55582CED11A62CD892C0003F2A;2025-05-31;-2.0;-741.94
55BA4867AF2C9E11726010650500E84A;FC081C55582CED11A62CD892C0003F2A;2025-05-31;-2.0;-192.4
9CF1E4E181B0EE11406610650500CA4A;FC081C55582CED11A62CD892C0003F2A;2025-05-31;-6.0;-474.59999999999997
2B904BBEC0CAED11A62CD892C0003F2A;FC081C55582CED11A62CD892C0003F2A;2025-05-31;-4.0;-442.2
78005E43D99DDE11406610650500B64A;FC081C55582CED11A62CD892C0003F2A;2025-05-31;-8.0;-571.84
679C6FE8697BAE11BE21106505009F4A;FC081C55582CED11A62CD892C0003F2A;2025-05-31;-4.0;-197.6
9CDBEE16B2C88E11F243BB6505008E3B;FC081C55582CED11A62CD892C0003F2A;2025-05-31;-8.0;-653.36
8B061BBB8403BE11BE2110650500395A;FC081C55582CED11A62CD892C0003F2A;2025-05-31;-2.0;-266.36
9CC7FEE1A47D8E11F243BB650500154B;FC081C55582CED11A62CD892C0003F2A;2025-05-31;-2.0;-321.28
3492A8F9D596DE11ADB31065050053C8;FC081C55582CED11A62CD892C0003F2A;2025-05-31;-16.0;-329.84
01B2F784B0900F11F1557891FE690889;FC081C55582CED11A62CD892C0003F2A;2025-05-31;-4.0;-244.56
123C0EBEE54CCE11ADB31065050075B8;FC081C55582CED11A62CD892C0003F2A;2025-05-31;-4.0;-176.6
C5D2F293E1C67E11B7B78A650500ED08;FC081C55582CED11A62CD892C0003F2A;2025-05-31;-2.0;-115.94
3660096E1978FE11128010650500D819;FC081C55582CED11A62CD892C0003F2A;2025-05-31;-6.0;-118.14
99F95BE4297BBE11877210650500EB59;FC081C55582CED11A62CD892C0003F2A;2025-05-31;-2.0;-52.62
3CD48BEB94D3DE11ADB310650500BFB8;FC081C55582CED11A62CD892C0003F2A;2025-05-31;-2.0;-182.1
6E3E6D13D1E7EE1191EE10650500A7B9;FC081C55582CED11A62CD892C0003F2A;2025-05-31;-2.0;-2.3
C795E456CC30CE11877210650500F169;FC081C55582CED11A62CD892C0003F2A;2025-05-31;-6.0;-373.8
C2C7B7682E74FE1191EE10650500CFB9;FC081C55582CED11A62CD892C0003F2A;2025-05-31;-2.0;-59.74
39C52ACDC3D67E11B7B78A650500ED08;FC081C55582CED11A62CD892C0003F2A;2025-05-31;-10.0;-406.5
C8F5BCEF58A1CE11877210650500C369;FC081C55582CED11A62CD892C0003F2A;2025-05-31;-2.0;-61.28
03EE8B5E76EDDE11406610650500174A;FC081C55582CED11A62CD892C0003F2A;2025-05-31;-4.0;-106.08
8C2CE2C9D87A9E115250106505007B4A;FC081C55582CED11A62CD892C0003F2A;2025-05-31;-34.0;-1367.8
926B69AFBBE1EE114066106505006C4A;FC081C55582CED11A62CD892C0003F2A;2025-05-31;-2.0;-32.58
FCAC725C7B65EE11B1AD1065050039EA;FC081C55582CED11A62CD892C0003F2A;2025-05-31;-2.0;-32.06
2A65B6A3C5B0AE11726010650500BE4A;FC081C55582CED11A62CD892C0003F2A;2025-05-31;-2.0;-566.86
F7EE6A1AAAA2EE11B1AD10650500A5EA;FC081C55582CED11A62CD892C0003F2A;2025-05-31;-4.0;-14.46
8D9AE01EA0C28E117E64BB650500DAAA;FC081C55582CED11A62CD892C0003F2A;2025-05-31;-2.0;-30.98
C25EFFEB7B65EE11B1AD1065050039EA;FC081C55582CED11A62CD892C0003F2A;2025-05-31;-2.0;-32.06
D4852C344D907E11B7B78A650500CD08;FC081C55582CED11A62CD892C0003F2A;2025-05-31;-2.0;-298.0
F55EAB95BB476E11B7B78A650500BC08;FC081C55582CED11A62CD892C0003F2A;2025-05-31;-4.0;-809.9
C6ACAC2CED456E11B7B78A650500BC08;FC081C55582CED11A62CD892C0003F2A;2025-05-31;-2.0;-288.2
8A1F57B30D3C5E1142D58A6505000D08;FC081C55582CED11A62CD892C0003F2A;2025-05-31;-14.0;-1763.24
46B486E755C45E1142D58A650500DC08;FC081C55582CED11A62CD892C0003F2A;2025-05-31;-8.0;-529.46
4544118ADA7D6E11B7B78A650500BC08;FC081C55582CED11A62CD892C0003F2A;2025-05-31;-8.0;-554.06
847CA119BFC06E1142D58A650500AD08;FC081C55582CED11A62CD892C0003F2A;2025-05-31;-4.0;-1477.92
033BE97FC0566E11B7B78A650500BC08;FC081C55582CED11A62CD892C0003F2A;2025-05-31;-4.0;-899.12
FB958DE325B4DE11ADB310650500F0C8;FC081C55582CED11A62CD892C0003F2A;2025-05-31;-2.0;-134.4
7B8221F535DB4E1142D58A6505009C08;FC081C55582CED11A62CD892C0003F2A;2025-05-31;-2.0;-689.26
43DC7C2BDCFDFD11A4A96492C0006D28;FC081C55582CED11A62CD892C0003F2A;2025-05-31;-2.0;-377.18
91C3A055D3316E1142D58A650500AD08;FC081C55582CED11A62CD892C0003F2A;2025-05-31;-8.0;-178.04
3D1DF4D42158FE11128010650500D819;FC081C55582CED11A62CD892C0003F2A;2025-05-31;-2.0;-1325.02
F7A28AFCE61ECE11ADB310650500E7B8;FC081C55582CED11A62CD892C0003F2A;2025-05-31;-4.0;-1317.9
512D09D2927DCE11ADB31065050007B8;FC081C55582CED11A62CD892C0003F2A;2025-05-31;-2.0;-251.3
5B14D232EE24DE11ADB31065050040C8;FC081C55582CED11A62CD892C0003F2A;2025-05-31;-2.0;-638.88
8D5D8B3F136BCE11ADB31065050034B8;FC081C55582CED11A62CD892C0003F2A;2025-05-31;-2.0;-94.0
EEF0405968E4DE11ADB31065050031C8;FC081C55582CED11A62CD892C0003F2A;2025-05-31;-2.0;-283.54
099C53538ABAFE11128010650500E819;FC081C55582CED11A62CD892C0003F2A;2025-05-31;-4.0;-118.56
350267648D4EFE11F1557891FE692589;FC081C55582CED11A62CD892C0003F2A;2025-05-31;-4.0;-2051.6
C155AFF1486BFE111280106505000919;FC081C55582CED11A62CD892C0003F2A;2025-05-31;-2.0;-1814.34
3B03F11A4094DE11ADB310650500C0C8;FC081C55582CED11A62CD892C0003F2A;2025-05-31;-2.0;-296.02
1611AF91956BFD11A4A96492C000CB59;FC081C55582CED11A62CD892C0003F2A;2025-05-31;-2.0;-375.42
BBD4185A5DBBEE1191EE1065050029B9;FC081C55582CED11A62CD892C0003F2A;2025-05-31;-2.0;-1136.0
FB2B665107F8FE11128010650500D819;FC081C55582CED11A62CD892C0003F2A;2025-05-31;-4.0;-510.4
F7FA3BBA7C3BBE118772106505009B59;FC081C55582CED11A62CD892C0003F2A;2025-05-31;-2.0;-1477.18
1F05291F5D48EE1191EE1065050048B9;FC081C55582CED11A62CD892C0003F2A;2025-05-31;-4.0;-56.96
C71AC1A77C3FFE11F1557891FE695689;FC081C55582CED11A62CD892C0003F2A;2025-05-31;-2.0;-505.78
682C2393193EBE118772106505006F59;FC081C55582CED11A62CD892C0003F2A;2025-05-31;-4.0;-111.44
94635EB8CC8EFE11F1557891FE697589;FC081C55582CED11A62CD892C0003F2A;2025-05-31;-2.0;-350.0
97E27E4D9A630F114EF7A826072BDB89;FC081C55582CED11A62CD892C0003F2A;2025-05-31;-6.0;-891.0
7F64D02FF0410F11112A674AC7E20989;FC081C55582CED11A62CD892C0003F2A;2025-05-31;-2.0;-318.6
09E8FDA9268EFE11F1557891FE696589;FC081C55582CED11A62CD892C0003F2A;2025-05-31;-4.0;-352.0
2E13CD302436EE1191EE10650500D5B9;FC081C55582CED11A62CD892C0003F2A;2025-05-31;-2.0;-698.0
BB0FA3470C7DFE1158A3BB3DBE8E1489;FC081C55582CED11A62CD892C0003F2A;2025-05-31;-2.0;-40.98
BE4494B26DA7FE1191EE10650500E3C9;FC081C55582CED11A62CD892C0003F2A;2025-05-31;-2.0;-90.02
662269CE6DB7FE1191EE10650500F3C9;FC081C55582CED11A62CD892C0003F2A;2025-05-31;-2.0;-277.94
361A0CC4F0CAED11A62CD892C0003F2A;FC081C55582CED11A62CD892C0003F2A;2025-05-31;-2.0;-610.46
CA2C6D5B01CAED11A62CD892C0003F2A;FC081C55582CED11A62CD892C0003F2A;2025-05-31;-4.0;-207.16
8E5F0718C0CAED11A62CD892C0003F2A;FC081C55582CED11A62CD892C0003F2A;2025-05-31;-6.0;-1102.08
1ECE8753F0CAED11A62CD892C0003F2A;FC081C55582CED11A62CD892C0003F2A;2025-05-31;-4.0;-1072.6
0317BE9F80E9DE11406610650500C14A;FC081C55582CED11A62CD892C0003F2A;2025-05-31;-2.0;-220.14
6F4DB9DDE0CAED11A62CD892C0003F2A;FC081C55582CED11A62CD892C0003F2A;2025-05-31;-2.0;-940.22
61B6EB4951CAED11A62CD892C0003F2A;FC081C55582CED11A62CD892C0003F2A;2025-05-31;-2.0;-929.36
BD018AC6864F9E11726010650500EC4A;FC081C55582CED11A62CD892C0003F2A;2025-05-31;32.0;3412.16
844000D3FBCEAE11BE2110650500D35A;FC081C55582CED11A62CD892C0003F2A;2025-05-31;-6.0;-252.0
1E76FE635369DE11C84610650500227A;FC081C55582CED11A62CD892C0003F2A;2025-05-31;-2.0;-754.98
E45667EAEEE4AE11726010650500145A;FC081C55582CED11A62CD892C0003F2A;2025-05-31;-2.0;-43.48
2EA6FE26D8ED9E117260106505001B4A;FC081C55582CED11A62CD892C0003F2A;2025-05-31;-4.0;-688.0
5A091F8A58C6DE11C84610650500DE6A;FC081C55582CED11A62CD892C0003F2A;2025-05-31;-2.0;-48.3
B48FCF9AD8087E110819BB65050009AA;FC081C55582CED11A62CD892C0003F2A;2025-05-31;-2.0;-294.6
41C20D5C3CB1AE11726010650500005A;FC081C55582CED11A62CD892C0003F2A;2025-05-31;-8.0;-354.88
0A4C3EE40FC18E113835BB650500B9AA;FC081C55582CED11A62CD892C0003F2A;2025-05-31;-8.0;-177.54
9AC1E6F90EE6DE11C846106505000F6A;FC081C55582CED11A62CD892C0003F2A;2025-05-31;-2.0;-29.8
93806D38B7A0EE11406610650500BA4A;FC081C55582CED11A62CD892C0003F2A;2025-05-31;-2.0;-178.5
780966343317DE11C846106505003F6A;FC081C55582CED11A62CD892C0003F2A;2025-05-31;-2.0;-334.02
7BAD2685E7C71E1143F0668E42006B8B;FC081C55582CED11A62CD892C0003F2A;2025-05-31;-2.0;-325.86
5E9E10AFF173EE11B1AD10650500A6EA;FC081C55582CED11A62CD892C0003F2A;2025-05-31;-16.0;-535.02
97945CE29E669E11554010650500C04B;FC081C55582CED11A62CD892C0003F2A;2025-05-31;-6.0;-812.2
6C9D4A5732735E1142D58A650500DC08;FC081C55582CED11A62CD892C0003F2A;2025-05-31;-2.0;-165.84
E2993B27B4126E1142D58A650500AD08;FC081C55582CED11A62CD892C0003F2A;2025-05-31;-4.0;-749.28
6E95CEFEE8F34E1142D58A6505002C08;FC081C55582CED11A62CD892C0003F2A;2025-05-31;-2.0;-426.86
ED9C04D81CA4DE11ADB310650500E0C8;FC081C55582CED11A62CD892C0003F2A;2025-05-31;-2.0;-230.4
EC69FC5A1553DE11ADB3106505001FB8;FC081C55582CED11A62CD892C0003F2A;2025-05-31;-2.0;-146.78
F9A66B13FF986E11B7B78A650500BC08;FC081C55582CED11A62CD892C0003F2A;2025-05-31;-2.0;-41.52
95E6662075D65E1142D58A650500DC08;FC081C55582CED11A62CD892C0003F2A;2025-05-31;-2.0;-301.34
0E65E6B8506AFE11128010650500E819;FC081C55582CED11A62CD892C0003F2A;2025-05-31;-2.0;-80.38
A3D2F7E18596DE11ADB31065050053C8;FC081C55582CED11A62CD892C0003F2A;2025-05-31;-2.0;-877.14
A5C5195257363E11052F6792C000FF39;FC081C55582CED11A62CD892C0003F2A;2025-05-31;-6.0;-365.28000000000003
1DB3910DBC05DE11ADB31065050061C8;FC081C55582CED11A62CD892C0003F2A;2025-05-31;-2.0;-651.74
B22512F5B596DE11ADB31065050053C8;FC081C55582CED11A62CD892C0003F2A;2025-05-31;-2.0;-233.94
0B236338B12AFE11128010650500E819;FC081C55582CED11A62CD892C0003F2A;2025-05-31;-2.0;-129.56
A087843FFFA53E11052F6792C000FF39;FC081C55582CED11A62CD892C0003F2A;2025-05-31;-4.0;-165.88
3E6A803D57F8FE11128010650500D819;FC081C55582CED11A62CD892C0003F2A;2025-05-31;-2.0;-270.6
7D12823DE5E2DE11ADB3106505008EB8;FC081C55582CED11A62CD892C0003F2A;2025-05-31;-2.0;-301.06
96FC79BFFD96BE11877210650500B559;FC081C55582CED11A62CD892C0003F2A;2025-05-31;-2.0;-425.46
010E98BA2B9FFE11F1557891FE69C689;FC081C55582CED11A62CD892C0003F2A;2025-05-31;0.0;216.22000000000003
A08F0F2CB023CE11877210650500A569;FC081C55582CED11A62CD892C0003F2A;2025-05-31;-10.0;-334.1
1445D07598C6EE1191EE1065050086B9;FC081C55582CED11A62CD892C0003F2A;2025-05-31;-2.0;-1325.24
BC6B5EDD43D9EE1191EE1065050009B9;FC081C55582CED11A62CD892C0003F2A;2025-05-31;-2.0;-433.7
FEA0114E6EBBEE1191EE1065050029B9;FC081C55582CED11A62CD892C0003F2A;2025-05-31;-4.0;-2752.0
9DD427889B9BEE1191EE1065050029B9;FC081C55582CED11A62CD892C0003F2A;2025-05-31;-10.0;-1265.0
6C057C532B7AFE11128010650500E819;FC081C55582CED11A62CD892C0003F2A;2025-05-31;-2.0;-832.02
71E97FBFB17CEE1191EE1065050029B9;FC081C55582CED11A62CD892C0003F2A;2025-05-31;-12.0;-8233.44
98186399FC410F11112A674AC7E21989;FC081C55582CED11A62CD892C0003F2A;2025-05-31;-2.0;-153.96
D14487106B930F114EF7A826072B1C89;FC081C55582CED11A62CD892C0003F2A;2025-05-31;-6.0;-214.26
CBD4D5891EF10F114EF7A826072B0A89;FC081C55582CED11A62CD892C0003F2A;2025-05-31;-4.0;-1449.48
96A96399FC410F11112A674AC7E21989;FC081C55582CED11A62CD892C0003F2A;2025-05-31;-2.0;-180.26
8E4BCFB931CAED11A62CD892C0003F2A;FC081C55582CED11A62CD892C0003F2A;2025-05-31;-10.0;-1873.08
5030C00F81CAED11A62CD892C0003F2A;FC081C55582CED11A62CD892C0003F2A;2025-05-31;-2.0;-150.64
1A1C6CC080E2FE1191EE106505009DB9;FC081C55582CED11A62CD892C0003F2A;2025-05-31;-2.0;-1063.98
8BEDA1240253FE1191EE106505002EB9;FC081C55582CED11A62CD892C0003F2A;2025-05-31;-2.0;-224.32
89AF2C9B28A6FE1191EE1065050082C9;FC081C55582CED11A62CD892C0003F2A;2025-05-31;-2.0;-537.12
363C89BA90CAED11A62CD892C0003F2A;FC081C55582CED11A62CD892C0003F2A;2025-05-31;-2.0;-1080.0
1407991F0AEBED11A62CD892C0003F2A;FC081C55582CED11A62CD892C0003F2A;2025-05-31;-2.0;-196.56
1AE515C781CAED11A62CD892C0003F2A;FC081C55582CED11A62CD892C0003F2A;2025-05-31;-4.0;-77.32
70CAE6115F00EE11406610650500F94A;FC081C55582CED11A62CD892C0003F2A;2025-05-31;-2.0;-231.1
2981885B23FDDE11406610650500274A;FC081C55582CED11A62CD892C0003F2A;2025-05-31;-2.0;-161.78
7E15F8F901CAED11A62CD892C0003F2A;FC081C55582CED11A62CD892C0003F2A;2025-05-31;-2.0;-465.12
02E7FCD7C4F8AE11BE21106505006C4A;FC081C55582CED11A62CD892C0003F2A;2025-05-31;-2.0;-286.48
CE094C58998C9E11726010650500594A;FC081C55582CED11A62CD892C0003F2A;2025-05-31;-2.0;-130.78
0DAF8A5FC0CAED11A62CD892C0003F2A;FC081C55582CED11A62CD892C0003F2A;2025-05-31;-2.0;-192.54
5DC95CEB39B4EE11B1AD1065050048EA;FC081C55582CED11A62CD892C0003F2A;2025-05-31;-2.0;-430.08
B214CDC151C7DE11C84610650500107A;FC081C55582CED11A62CD892C0003F2A;2025-05-31;-2.0;-1370.26
08D11A5F6DE6DE11C846106505000F6A;FC081C55582CED11A62CD892C0003F2A;2025-05-31;-2.0;-474.28
C4E29A5FD1340E11A4A96492C000067B;FC081C55582CED11A62CD892C0003F2A;2025-05-31;-2.0;-1695.74
BD3B8C58FC05FD110DC22A92C0009D7B;FC081C55582CED11A62CD892C0003F2A;2025-05-31;-2.0;-552.22
92C2F32778C71E1143F0668E42006B8B;FC081C55582CED11A62CD892C0003F2A;2025-05-31;-2.0;-492.68
FDF4337770E87E110819BB65050009AA;FC081C55582CED11A62CD892C0003F2A;2025-05-31;-4.0;-161.24
9FC0185B58314E1142D58A650500DB08;FC081C55582CED11A62CD892C0003F2A;2025-05-31;-2.0;-1048.34
9B9F3AD111784E1142D58A6505003C08;FC081C55582CED11A62CD892C0003F2A;2025-05-31;-2.0;-1020.16
CF07E864E2F17E11B7B78A650500CD08;FC081C55582CED11A62CD892C0003F2A;2025-05-31;-2.0;-1239.28
EA76AC971442DE11ADB310650500BDB8;FC081C55582CED11A62CD892C0003F2A;2025-05-31;-14.0;-274.68
FF4F05B4DCCE6E11B7B78A6505008D08;FC081C55582CED11A62CD892C0003F2A;2025-05-31;-2.0;-476.52
4243EBAA559DFE11F1557891FE693489;FC081C55582CED11A62CD892C0003F2A;2025-05-31;-2.0;-76.94
CD42A93BC7E10F114EF7A826072BE989;FC081C55582CED11A62CD892C0003F2A;2025-05-31;-2.0;-271.3
B478FC289F900F11F1557891FE691889;FC081C55582CED11A62CD892C0003F2A;2025-05-31;-4.0;-401.72
7274E61DA0CAED11A62CD892C0003F2A;FC081C55582CED11A62CD892C0003F2A;2025-05-31;-6.0;-777.94
A9FFD78051CAED11A62CD892C0003F2A;FC081C55582CED11A62CD892C0003F2A;2025-05-31;-2.0;-347.72
D70519DFC0CAED11A62CD892C0003F2A;FC081C55582CED11A62CD892C0003F2A;2025-05-31;-2.0;-435.52
4939E2C83CCEAE11BE2110650500D35A;FC081C55582CED11A62CD892C0003F2A;2025-05-31;-2.0;-35.6
09FA4D2417D1BE11BE2110650500B75A;FC081C55582CED11A62CD892C0003F2A;2025-05-31;-2.0;-1360.0
468A424DDC52EE11406610650500FC4A;FC081C55582CED11A62CD892C0003F2A;2025-05-31;-4.0;-499.62
5EAA17C65FE39E115540106505007D3B;FC081C55582CED11A62CD892C0003F2A;2025-05-31;-2.0;-1570.16
ACFBBB2AF611AE117260106505003F4A;FC081C55582CED11A62CD892C0003F2A;2025-05-31;-2.0;-588.58
C3A27F630AA07E11B7B78A650500CD08;B0BDDED34CC83E11052F6792C000B249;2025-05-31;-2.0;-1142.22
0A8AF72B4B1DCE11ADB31065050096B8;B0BDDED34CC83E11052F6792C000B249;2025-05-31;-2.0;-960.46
4746D1099815CE11ADB3106505000DA8;B0BDDED34CC83E11052F6792C000B249;2025-05-31;-2.0;-97.08
B049BD7C6D456E11B7B78A650500BC08;B0BDDED34CC83E11052F6792C000B249;2025-05-31;-24.0;-194.4
BBE69C3853716E1142D58A650500AD08;B0BDDED34CC83E11052F6792C000B249;2025-05-31;-2.0;-521.14
1F6DBE0A81365E1142D58A650500DC08;B0BDDED34CC83E11052F6792C000B249;2025-05-31;-2.0;-820.4
3212B81CF4BA4E1142D58A6505009C08;B0BDDED34CC83E11052F6792C000B249;2025-05-31;-2.0;-441.6
A0A8FE8DCD94DE11ADB310650500D0C8;B0BDDED34CC83E11052F6792C000B249;2025-05-31;-2.0;-226.6
719C0788D78E4E1142D58A650500BC08;B0BDDED34CC83E11052F6792C000B249;2025-05-31;-2.0;-957.22
E45D4DF947E4DE11ADB31065050031C8;B0BDDED34CC83E11052F6792C000B249;2025-05-31;-4.0;-440.28
DA303B08E456DE11ADB31065050003C8;B0BDDED34CC83E11052F6792C000B249;2025-05-31;-2.0;-379.66
0790516A93C1CE11877210650500E369;B0BDDED34CC83E11052F6792C000B249;2025-05-31;-6.0;-248.94
529C0A7F25DFEE1191EE10650500A9B9;B0BDDED34CC83E11052F6792C000B249;2025-05-31;-4.0;-906.0
4FBEC87B5C2EFE11F1557891FE69F489;B0BDDED34CC83E11052F6792C000B249;2025-05-31;-2.0;-2425.32
1CE8AFA771500F11F1557891FE69B789;B0BDDED34CC83E11052F6792C000B249;2025-05-31;-2.0;-24.0
6ABB951BFD59BE118772106505003959;B0BDDED34CC83E11052F6792C000B249;2025-05-31;-2.0;-83.6
E6D40B501BFB3E11052F6792C000D249;B0BDDED34CC83E11052F6792C000B249;2025-05-31;-4.0;-418.56
0DCC83850D1DFD11A4A96492C000CB59;B0BDDED34CC83E11052F6792C000B249;2025-05-31;-2.0;-874.68
624543C06E3CEE1191EE1065050029B9;B0BDDED34CC83E11052F6792C000B249;2025-05-31;-2.0;-178.22
867A521EF3042E1143F0668E4200C71A;B0BDDED34CC83E11052F6792C000B249;2025-05-31;-2.0;-715.86
4B3FF1D710BEDE11406610650500384A;B0BDDED34CC83E11052F6792C000B249;2025-05-31;-6.0;-200.46
F8F7BC6AD0412E1143F0668E4200C71A;B0BDDED34CC83E11052F6792C000B249;2025-05-31;-2.0;-1013.26
A624EB2B2EF10F114EF7A826072B0A89;B0BDDED34CC83E11052F6792C000B249;2025-05-31;-4.0;-242.4
619219A7CF2FFE11F1557891FE694689;B0BDDED34CC83E11052F6792C000B249;2025-05-31;-4.0;-315.88
71D8EA98F0CAED11A62CD892C0003F2A;B0BDDED34CC83E11052F6792C000B249;2025-05-31;-8.0;-634.08
988C3B7101CAED11A62CD892C0003F2A;B0BDDED34CC83E11052F6792C000B249;2025-05-31;-2.0;-286.68
6CDD0C3751CAED11A62CD892C0003F2A;B0BDDED34CC83E11052F6792C000B249;2025-05-31;-2.0;-744.44
BF1AD9D6D0CAED11A62CD892C0003F2A;B0BDDED34CC83E11052F6792C000B249;2025-05-31;-2.0;-210.4
D3EA427F81CAED11A62CD892C0003F2A;B0BDDED34CC83E11052F6792C000B249;2025-05-31;-2.0;-100.0
E5F6F7B29972EE114066106505001D4A;B0BDDED34CC83E11052F6792C000B249;2025-05-31;-4.0;-213.6
0A282CFF889D7E110819BB65050039AA;B0BDDED34CC83E11052F6792C000B249;2025-05-31;-2.0;-110.5
6CF28DA0FF95BE11BE21106505008C5A;B0BDDED34CC83E11052F6792C000B249;2025-05-31;-2.0;-544.0
4599061176208E110819BB65050039AA;B0BDDED34CC83E11052F6792C000B249;2025-05-31;-2.0;-258.68
D382ACB01E4DDE11406610650500564A;B0BDDED34CC83E11052F6792C000B249;2025-05-31;-4.0;-23.34
52956B78E85EDE11406610650500C74A;B0BDDED34CC83E11052F6792C000B249;2025-05-31;-2.0;-581.16
4A873A50AD32BE11BE2110650500385A;B0BDDED34CC83E11052F6792C000B249;2025-05-31;-2.0;-478.36
7A6469CE9A5F7E110819BB65050039AA;B0BDDED34CC83E11052F6792C000B249;2025-05-31;-2.0;-114.22
CA04947C8BB1AE11726010650500005A;B0BDDED34CC83E11052F6792C000B249;2025-05-31;-2.0;-579.62
39767FA96A1B8E11F243BB650500814B;B0BDDED34CC83E11052F6792C000B249;2025-05-31;-4.0;-485.08
F8199524889D7E110819BB65050039AA;B0BDDED34CC83E11052F6792C000B249;2025-05-31;-2.0;-267.1
6E6B2845604F6E11B7B78A650500CD08;B0BDDED34CC83E11052F6792C000B249;2025-05-31;-2.0;-39.5
033BE97FC0566E11B7B78A650500BC08;B0BDDED34CC83E11052F6792C000B249;2025-05-31;-2.0;-449.56
B0FD43466F466E11B7B78A650500BC08;B0BDDED34CC83E11052F6792C000B249;2025-05-31;-2.0;-139.12
07F12D93DAF8CE11ADB31065050001B8;B0BDDED34CC83E11052F6792C000B249;2025-05-31;-8.0;-668.8
841BD13395807E11B7B78A650500CD08;B0BDDED34CC83E11052F6792C000B249;2025-05-31;-2.0;-628.84
029EB580546C6E11B7B78A650500BC08;B0BDDED34CC83E11052F6792C000B249;2025-05-31;-4.0;-386.0
C6E6F3FB60F8CE11ADB310650500F0B8;B0BDDED34CC83E11052F6792C000B249;2025-05-31;-2.0;-154.4
6C26EE937F54DE11ADB31065050080C8;B0BDDED34CC83E11052F6792C000B249;2025-05-31;-2.0;-167.92
304AC696D270DE11ADB3106505003BB8;B0BDDED34CC83E11052F6792C000B249;2025-05-31;-2.0;-313.6
60555AF2DF11DE11ADB3106505003CB8;B0BDDED34CC83E11052F6792C000B249;2025-05-31;-2.0;-814.22
28CA0A597727CE11ADB310650500AEA8;B0BDDED34CC83E11052F6792C000B249;2025-05-31;-4.0;-241.92
90384A7B0321DE11ADB3106505003CB8;B0BDDED34CC83E11052F6792C000B249;2025-05-31;-2.0;-110.0
3D858F6ED665CE11ADB3106505002DA8;B0BDDED34CC83E11052F6792C000B249;2025-05-31;-2.0;-151.42
E6393F983BFA6E11B7B78A650500BC08;B0BDDED34CC83E11052F6792C000B249;2025-05-31;-2.0;-259.04
9129A4572AC75E1142D58A650500DC08;B0BDDED34CC83E11052F6792C000B249;2025-05-31;-2.0;-220.36
FB157C99164CCE11ADB31065050075B8;B0BDDED34CC83E11052F6792C000B249;2025-05-31;-2.0;-113.4
719165CB2831DE11ADB3106505006CB8;B0BDDED34CC83E11052F6792C000B249;2025-05-31;-2.0;-631.76
1B1529E90DC2DE11ADB3106505006EB8;B0BDDED34CC83E11052F6792C000B249;2025-05-31;-4.0;-293.72
8CE3B22CD9320E11A4A96492C0002019;B0BDDED34CC83E11052F6792C000B249;2025-05-31;-2.0;-336.6
D388E919BF09FE11128010650500E819;B0BDDED34CC83E11052F6792C000B249;2025-05-31;2.0;397.92
2A79254529DDCE11ADB31065050097B8;B0BDDED34CC83E11052F6792C000B249;2025-05-31;-4.0;-600.0
C9A1062A988AFE11128010650500E819;B0BDDED34CC83E11052F6792C000B249;2025-05-31;-2.0;-23.66
75B08951D1817E11B7B78A650500CD08;B0BDDED34CC83E11052F6792C000B249;2025-05-31;-2.0;-60.86
7C65028920C13E11052F6792C000CF39;B0BDDED34CC83E11052F6792C000B249;2025-05-31;-2.0;-957.22
385DE239C3E16E1142D58A650500AD08;B0BDDED34CC83E11052F6792C000B249;2025-05-31;-2.0;-528.2
A290F699F7BAFE11128010650500E819;B0BDDED34CC83E11052F6792C000B249;2025-05-31;-6.0;-126.0
3AA622F431010F11112A674AC7E2B889;B0BDDED34CC83E11052F6792C000B249;2025-05-31;-2.0;-158.28
CC104105DC510F11112A674AC7E22989;B0BDDED34CC83E11052F6792C000B249;2025-05-31;-6.0;-278.94
7FEE70D0A4ABEE1191EE1065050029B9;B0BDDED34CC83E11052F6792C000B249;2025-05-31;-2.0;-235.72
50B7364C60CFBE118772106505005169;B0BDDED34CC83E11052F6792C000B249;2025-05-31;-2.0;-293.3
83DED4832EFCBE11877210650500DD59;B0BDDED34CC83E11052F6792C000B249;2025-05-31;196.0;2675.0
EE0D680B958BBE11877210650500FB59;B0BDDED34CC83E11052F6792C000B249;2025-05-31;-2.0;-155.64
3DCB0E913EDBBE118772106505006C59;B0BDDED34CC83E11052F6792C000B249;2025-05-31;-6.0;-726.96
B19577F7CA200F11F1557891FE698789;B0BDDED34CC83E11052F6792C000B249;2025-05-31;-2.0;-456.0
AC3CB84DD421FE1191EE106505005BB9;B0BDDED34CC83E11052F6792C000B249;2025-05-31;-4.0;-1023.22
FF6819871F9DEE1191EE1065050029B9;B0BDDED34CC83E11052F6792C000B249;2025-05-31;-2.0;-232.72
4604C5F36494FE1191EE10650500EFB9;B0BDDED34CC83E11052F6792C000B249;2025-05-31;-2.0;-116.64
5BF4AEB0F6EBEE1191EE1065050029B9;B0BDDED34CC83E11052F6792C000B249;2025-05-31;-2.0;-565.8
D019AA3111CAED11A62CD892C0003F2A;B0BDDED34CC83E11052F6792C000B249;2025-05-31;-2.0;-859.22
52FF8E37D4F5FE1191EE10650500A1C9;B0BDDED34CC83E11052F6792C000B249;2025-05-31;-2.0;-154.52
7D74D3506896FE1191EE1065050072C9;B0BDDED34CC83E11052F6792C000B249;2025-05-31;-2.0;-479.4
D4A4FCE301CAED11A62CD892C0003F2A;B0BDDED34CC83E11052F6792C000B249;2025-05-31;-2.0;-131.02
DE0A23497C7BDE11406610650500F34A;B0BDDED34CC83E11052F6792C000B249;2025-05-31;-8.0;-39.2
580519DFC0CAED11A62CD892C0003F2A;B0BDDED34CC83E11052F6792C000B249;2025-05-31;-2.0;-383.66
1EF88E4DD5A0EE11406610650500BA4A;B0BDDED34CC83E11052F6792C000B249;2025-05-31;-2.0;-333.04
21E93C3D91CAED11A62CD892C0003F2A;B0BDDED34CC83E11052F6792C000B249;2025-05-31;14.0;922.96
B25BC1E1D0CAED11A62CD892C0003F2A;B0BDDED34CC83E11052F6792C000B249;2025-05-31;-2.0;-699.76
AB4FA973E61BDE11406610650500634A;B0BDDED34CC83E11052F6792C000B249;2025-05-31;-2.0;-219.02
F91785D61835EE11B1AD10650500F8EA;B0BDDED34CC83E11052F6792C000B249;2025-05-31;-2.0;-94.08
E9EBF3F79560EE114066106505006A4A;B0BDDED34CC83E11052F6792C000B249;2025-05-31;-2.0;-986.76
00437AEECE299E11525010650500D94A;B0BDDED34CC83E11052F6792C000B249;2025-05-31;14.0;1712.54
DCE86001EE40EE114066106505004A4A;B0BDDED34CC83E11052F6792C000B249;2025-05-31;-2.0;-465.52
52C5AAA808C6DE11C84610650500DE6A;B0BDDED34CC83E11052F6792C000B249;2025-05-31;-2.0;-39.2
1CD89EE302CAED11A62CD892C0003F2A;B0BDDED34CC83E11052F6792C000B249;2025-05-31;-2.0;-172.24
571828FC7EF78E11F243BB6505009D3B;B0BDDED34CC83E11052F6792C000B249;2025-05-31;-2.0;-583.5
8EB02E7B903D7E110819BB65050039AA;B0BDDED34CC83E11052F6792C000B249;2025-05-31;-2.0;-20.04
2BBDE198B7788E11F243BB6505002E3B;B0BDDED34CC83E11052F6792C000B249;2025-05-31;-2.0;-169.1
9A8A4B7A9B458E113835BB6505001EAA;B0BDDED34CC83E11052F6792C000B249;2025-05-31;-2.0;-532.86
9679028A41AD7E110819BB65050039AA;B0BDDED34CC83E11052F6792C000B249;2025-05-31;-4.0;-617.4
B6A9116E2D839E11554010650500FC3B;B0BDDED34CC83E11052F6792C000B249;2025-05-31;-2.0;-524.26
9B76C90BEDF39E115540106505008D3B;B0BDDED34CC83E11052F6792C000B249;2025-05-31;-4.0;-144.14
EB0CDF16ACA49E115540106505007E3B;B0BDDED34CC83E11052F6792C000B249;2025-05-31;-4.0;-741.56
0D4C5A39949BCE11ADB31065050074B8;B0BDDED34CC83E11052F6792C000B249;2025-05-31;-2.0;-180.32
4744FA69BF354E1142D58A6505002C08;44673735EAF46E11B7B78A650500BC08;2025-05-31;-2.0;-120.12
0C27FAD5D8EA5E1142D58A6505000D08;44673735EAF46E11B7B78A650500BC08;2025-05-31;-2.0;-117.64
DF3FAE015FDD6E11B7B78A650500BC08;44673735EAF46E11B7B78A650500BC08;2025-05-31;-30.0;-768.3000000000001
927A4C3B5B1C6E11B7B78A650500BC08;44673735EAF46E11B7B78A650500BC08;2025-05-31;-2.0;-553.44
4725922DF9456E11B7B78A650500BC08;44673735EAF46E11B7B78A650500BC08;2025-05-31;-6.0;-231.26
4A61EDD6EE907E11B7B78A650500CD08;44673735EAF46E11B7B78A650500BC08;2025-05-31;-4.0;-1664.02
CEF155EB3C456E11B7B78A650500BC08;44673735EAF46E11B7B78A650500BC08;2025-05-31;-4.0;-367.88
DC2E5119AF456E11B7B78A650500BC08;44673735EAF46E11B7B78A650500BC08;2025-05-31;-4.0;-628.68
BCD6A64AD6CD6E11B7B78A650500BC08;44673735EAF46E11B7B78A650500BC08;2025-05-31;-2.0;-254.0
C1D840504C456E11B7B78A650500BC08;44673735EAF46E11B7B78A650500BC08;2025-05-31;-2.0;-395.78
B4B55E5F7A1C6E11B7B78A650500BC08;44673735EAF46E11B7B78A650500BC08;2025-05-31;-2.0;-101.46
E7EE43E8A2E0DE11ADB310650500DBB8;44673735EAF46E11B7B78A650500BC08;2025-05-31;-2.0;-658.72
1B4793699709CE11ADB31065050011B8;44673735EAF46E11B7B78A650500BC08;2025-05-31;-2.0;-55.08
2389690D0C5CCE11ADB31065050095B8;44673735EAF46E11B7B78A650500BC08;2025-05-31;32.0;6107.38
AE203BCB05B4DE11ADB310650500F0C8;44673735EAF46E11B7B78A650500BC08;2025-05-31;-2.0;-116.16
273F4ABC8E7F6E11B7B78A650500CD08;44673735EAF46E11B7B78A650500BC08;2025-05-31;-2.0;-137.7
192173D9E358BE11877210650500E759;44673735EAF46E11B7B78A650500BC08;2025-05-31;-18.0;-800.6400000000001
D1528BCEBA2EBE118772106505005F59;44673735EAF46E11B7B78A650500BC08;2025-05-31;-2.0;-125.92
66B6B01D0C5CCE11ADB31065050095B8;44673735EAF46E11B7B78A650500BC08;2025-05-31;-4.0;-826.1
7C62895FBE13FE1191EE10650500EDB9;44673735EAF46E11B7B78A650500BC08;2025-05-31;-2.0;-27594.0
76295391A924CE11877210650500F669;44673735EAF46E11B7B78A650500BC08;2025-05-31;-16.0;-3840.0
85D7172ECC42CE118772106505009469;44673735EAF46E11B7B78A650500BC08;2025-05-31;-2.0;-516.0
3D77263A378B3E11052F6792C000D249;44673735EAF46E11B7B78A650500BC08;2025-05-31;-6.0;-208.74
CF13657FCAD0FE1191EE10650500FAB9;44673735EAF46E11B7B78A650500BC08;2025-05-31;-2.0;-107.0
E1204D06C4BC3E11052F6792C000D249;44673735EAF46E11B7B78A650500BC08;2025-05-31;-4.0;-174.16
F8801856A6F5AE11BE2110650500984A;44673735EAF46E11B7B78A650500BC08;2025-05-31;-2.0;-287.3
B68F7C972D9EFE11F1557891FE698589;44673735EAF46E11B7B78A650500BC08;2025-05-31;-2.0;-188.8
457338A9B505FE1191EE1065050070C9;44673735EAF46E11B7B78A650500BC08;2025-05-31;-6.0;-738.0
5EFC97EC653DDE11406610650500364A;44673735EAF46E11B7B78A650500BC08;2025-05-31;-2.0;-31.24
B13F68F3E279BE118772106505005959;44673735EAF46E11B7B78A650500BC08;2025-05-31;-4.0;-1120.0
1608A1A41A0CEE1191EE1065050029B9;44673735EAF46E11B7B78A650500BC08;2025-05-31;-2.0;-310.0
544DDE41F0CAED11A62CD892C0003F2A;44673735EAF46E11B7B78A650500BC08;2025-05-31;-4.0;-1313.8
069B72C890CAED11A62CD892C0003F2A;44673735EAF46E11B7B78A650500BC08;2025-05-31;-2.0;-177.3
ED848DB2E0DCDE11406610650500B54A;44673735EAF46E11B7B78A650500BC08;2025-05-31;-11.6;-834.04
44F75893CFA1AE11726010650500FF4A;44673735EAF46E11B7B78A650500BC08;2025-05-31;-2.0;-154.84
DC9AE3C90383AE11726010650500425A;44673735EAF46E11B7B78A650500BC08;2025-05-31;-10.0;-705.6
18A5854AE670BE11BE2110650500F55A;44673735EAF46E11B7B78A650500BC08;2025-05-31;-2.0;-866.42
30A889072C8EAE11BE2110650500835A;44673735EAF46E11B7B78A650500BC08;2025-05-31;-16.0;-873.6
FD67CCCEAFFD9E117260106505004B4A;44673735EAF46E11B7B78A650500BC08;2025-05-31;-10.0;-1750.0
A6E9EF8FA530EE114066106505002A4A;44673735EAF46E11B7B78A650500BC08;2025-05-31;-2.0;-708.5
52F06262B0A1EE11406610650500FB4A;44673735EAF46E11B7B78A650500BC08;2025-05-31;-2.0;-278.4
302E92FF6EEAAE11BE2110650500EE4A;44673735EAF46E11B7B78A650500BC08;2025-05-31;-28.0;-142.42
4D6CD6DB4DA1EE114066106505000C4A;44673735EAF46E11B7B78A650500BC08;2025-05-31;-2.0;-2417.88
EA41849FA515AE11726010650500445A;44673735EAF46E11B7B78A650500BC08;2025-05-31;-2.0;-6357.6
48BA821ED817FE1191EE1065050023C9;44673735EAF46E11B7B78A650500BC08;2025-05-31;-4.0;-444.04
9BB58A554D929E11554010650500CB3B;44673735EAF46E11B7B78A650500BC08;2025-05-31;-14.0;-798.0
C3044B37BB41BE11BE2110650500075A;44673735EAF46E11B7B78A650500BC08;2025-05-31;-8.0;-315.88
198F55F089C38E113835BB6505005CAA;44673735EAF46E11B7B78A650500BC08;2025-05-31;-2.0;-1084.0
F027F48E7505EE11B1AD10650500A8EA;44673735EAF46E11B7B78A650500BC08;2025-05-31;-160.8;-4229.04
6D9C25C5A1088E11F243BB6505009D3B;44673735EAF46E11B7B78A650500BC08;2025-05-31;-2.0;-600.0
A0F9CAB8E770BE11BE2110650500F55A;44673735EAF46E11B7B78A650500BC08;2025-05-31;-2.0;-14.16
8169AC07DF54EE11B1AD10650500D7EA;44673735EAF46E11B7B78A650500BC08;2025-05-31;-2.0;-205.84
D95390C91392BE11BE2110650500A85A;44673735EAF46E11B7B78A650500BC08;2025-05-31;-2.0;-52.52
0DCCB1E663039E115540106505004C3B;44673735EAF46E11B7B78A650500BC08;2025-05-31;-2.0;-97.56
3FDE691886AA7E110819BB65050039AA;44673735EAF46E11B7B78A650500BC08;2025-05-31;-2.0;-865.62
42559AF897029E11554010650500FA3B;44673735EAF46E11B7B78A650500BC08;2025-05-31;-2.0;-1900.0
AAAE0830E9456E11B7B78A650500BC08;44673735EAF46E11B7B78A650500BC08;2025-05-31;0.0;0.0
0CB4AC482D456E11B7B78A650500BC08;44673735EAF46E11B7B78A650500BC08;2025-05-31;-2.0;-66.36
BDC53847FB456E11B7B78A650500BC08;44673735EAF46E11B7B78A650500BC08;2025-05-31;-4.0;-2040.0
B7085E9E6B6B6E11B7B78A650500BC08;44673735EAF46E11B7B78A650500BC08;2025-05-31;-4.0;-192.04
C9C7B9B4531BFE11128010650500E819;44673735EAF46E11B7B78A650500BC08;2025-05-31;-14.0;-20579.82
E73E9771162C6E11B7B78A650500BC08;44673735EAF46E11B7B78A650500BC08;2025-05-31;-2.0;-334.74
2DEF07AA68B9CE11ADB310650500F1B8;44673735EAF46E11B7B78A650500BC08;2025-05-31;-2.0;-451.46
55897E390586CE11ADB310650500DDA8;44673735EAF46E11B7B78A650500BC08;2025-05-31;-2.0;-921.74
DFCECEFF53E0DE11ADB310650500DBB8;44673735EAF46E11B7B78A650500BC08;2025-05-31;-2.0;-128.6
59ED9DF646A27E11B7B78A650500DD08;44673735EAF46E11B7B78A650500BC08;2025-05-31;-6.0;-298.8
753DC3D54575EE1191EE10650500D4B9;44673735EAF46E11B7B78A650500BC08;2025-05-31;-8.0;-590.4
308BDF31DAD0FE1191EE10650500FAB9;44673735EAF46E11B7B78A650500BC08;2025-05-31;-4.0;-3248.86
0557408D8F92FE1191EE106505003DB9;44673735EAF46E11B7B78A650500BC08;2025-05-31;-4.0;-216.76000000000022
47929A896E06FE1191EE10650500C1C9;44673735EAF46E11B7B78A650500BC08;2025-05-31;-2.0;-120.0
77929A896E06FE1191EE10650500C1C9;44673735EAF46E11B7B78A650500BC08;2025-05-31;-2.0;-338.0
B215291F5D48EE1191EE1065050048B9;44673735EAF46E11B7B78A650500BC08;2025-05-31;-2.0;-98.0
3D4A76D36D7DBE118772106505007E59;44673735EAF46E11B7B78A650500BC08;2025-05-31;-4.0;-148.0
6F9BC879C35FEE1191EE1065050029B9;44673735EAF46E11B7B78A650500BC08;2025-05-31;-2.0;-85.78
24A79ED2DE2CDE11406610650500E44A;44673735EAF46E11B7B78A650500BC08;2025-05-31;-66.0;-801.6800000000001
A8CE8753F0CAED11A62CD892C0003F2A;44673735EAF46E11B7B78A650500BC08;2025-05-31;-2.0;-148.6
5CCE7C972D9EFE11F1557891FE698589;44673735EAF46E11B7B78A650500BC08;2025-05-31;-4.0;-205.28
56C7D916B0CAED11A62CD892C0003F2A;44673735EAF46E11B7B78A650500BC08;2025-05-31;-2.0;-66.46
4773EBA63654FE1191EE106505008FB9;44673735EAF46E11B7B78A650500BC08;2025-05-31;-6.0;-238.76
4EF66CDB3E8DDE11406610650500A64A;44673735EAF46E11B7B78A650500BC08;2025-05-31;-2.0;-90.86
E32D021100E7EE1191EE10650500A7B9;44673735EAF46E11B7B78A650500BC08;2025-05-31;-12.0;-58.64
8F2CE61456999E115250106505005A4A;44673735EAF46E11B7B78A650500BC08;2025-05-31;-4.0;-1961.6
EFDAAA51DACDDE11406610650500F64A;44673735EAF46E11B7B78A650500BC08;2025-05-31;-2.0;-1068.44
F8F059C3348DAE11BE2110650500325A;44673735EAF46E11B7B78A650500BC08;2025-05-31;-2.0;-400.0
3FE17EB58CBFAE11BE2110650500055A;44673735EAF46E11B7B78A650500BC08;2025-05-31;-8.0;-1172.08
E6C7703F6EEAAE11BE2110650500EE4A;44673735EAF46E11B7B78A650500BC08;2025-05-31;-94.0;-1488.3200000000002
87A0D005D78FAE11BE2110650500C45A;44673735EAF46E11B7B78A650500BC08;2025-05-31;-2.0;-404.0
0EA23C34CC22AE11726010650500905A;44673735EAF46E11B7B78A650500BC08;2025-05-31;-2.0;-88.52
650EE4203CFE9E117260106505008C4A;44673735EAF46E11B7B78A650500BC08;2025-05-31;-2.0;-860.0
DD116EBE48C6DE11C84610650500DE6A;44673735EAF46E11B7B78A650500BC08;2025-05-31;-2.0;-21.62
F33956F7E770BE11BE2110650500F55A;44673735EAF46E11B7B78A650500BC08;2025-05-31;-2.0;-231.84
297C433AB8779E11554010650500124B;44673735EAF46E11B7B78A650500BC08;2025-05-31;-4.0;-1800.0
A47F698FD6568E11F243BB6505007B3B;44673735EAF46E11B7B78A650500BC08;2025-05-31;-12.0;-636.96
3D3E01D072039E115540106505004C3B;44673735EAF46E11B7B78A650500BC08;2025-05-31;-2.0;-489.18
D3DDABC0AA7E8E11F243BB650500664B;44673735EAF46E11B7B78A650500BC08;2025-05-31;-2.0;-583.16
4A42B0F647A59E11554010650500CF3B;44673735EAF46E11B7B78A650500BC08;2025-05-31;-2.0;-208.0
CF4B9FEF9A456E11B7B78A650500BC08;44673735EAF46E11B7B78A650500BC08;2025-05-31;-2.0;-725.98
850BACBD2D456E11B7B78A650500BC08;44673735EAF46E11B7B78A650500BC08;2025-05-31;-2.0;-263.0
A35EA6B4E61E4E1142D58A650500BC08;44673735EAF46E11B7B78A650500BC08;2025-05-31;-2.0;-333.8
9E8BF9F42E456E11B7B78A650500BC08;44673735EAF46E11B7B78A650500BC08;2025-05-31;-6.0;-954.0
2BC7A34A1E456E11B7B78A650500BC08;44673735EAF46E11B7B78A650500BC08;2025-05-31;-4.0;-1032.8
C3E49E6ACD456E11B7B78A650500BC08;44673735EAF46E11B7B78A650500BC08;2025-05-31;-2.0;-2099.52
86FD0775AF886E11B7B78A650500BC08;44673735EAF46E11B7B78A650500BC08;2025-05-31;-2.0;-302.82
7E1C52D25D456E11B7B78A650500BC08;44673735EAF46E11B7B78A650500BC08;2025-05-31;-6.0;-56.64
F7774E73907F6E11B7B78A650500CD08;44673735EAF46E11B7B78A650500BC08;2025-05-31;-24.0;-2373.6
C6CA0CF52D456E11B7B78A650500BC08;44673735EAF46E11B7B78A650500BC08;2025-05-31;-4.0;-819.04
B775680E0F5CCE11ADB31065050095B8;44673735EAF46E11B7B78A650500BC08;2025-05-31;-2.0;-151.56
C31FF008238FCE11ADB310650500D9B8;44673735EAF46E11B7B78A650500BC08;2025-05-31;-4.0;-1633.24
B32C7AB4D8A47E11B7B78A650500ED08;44673735EAF46E11B7B78A650500BC08;2025-05-31;18.0;1203.48
322676865F66DE11ADB31065050023C8;44673735EAF46E11B7B78A650500BC08;2025-05-31;-2.0;-950.78
6C62A77B610A3E11052F6792C000D249;44673735EAF46E11B7B78A650500BC08;2025-05-31;-4.0;-1250.16
6F624DF77E417E11B7B78A650500CD08;44673735EAF46E11B7B78A650500BC08;2025-05-31;-2.0;-37.1
EC8D9C67AAB27E11B7B78A650500DD08;44673735EAF46E11B7B78A650500BC08;2025-05-31;-2.0;-359.2
EEECE7FCD30A3E11052F6792C000D249;44673735EAF46E11B7B78A650500BC08;2025-05-31;-2.0;-1148.66
F7901C160CADBE11877210650500BE59;44673735EAF46E11B7B78A650500BC08;2025-05-31;-2.0;-1039.22
6AB90E466B30CE11877210650500F169;44673735EAF46E11B7B78A650500BC08;2025-05-31;-2.0;-9420.0
70A76EE2378B3E11052F6792C000D249;44673735EAF46E11B7B78A650500BC08;2025-05-31;-2.0;-68.5
2E8518B6A8910F114EF7A826072B8989;44673735EAF46E11B7B78A650500BC08;2025-05-31;-6.0;-399.78
A72FCDC64678EE1191EE1065050078B9;44673735EAF46E11B7B78A650500BC08;2025-05-31;-2.0;-144.02
F88BE0D1490FEE1191EE1065050029B9;44673735EAF46E11B7B78A650500BC08;2025-05-31;-8.0;-52.44
5DCC3DE4D004FE1191EE106505001FB9;44673735EAF46E11B7B78A650500BC08;2025-05-31;-2.0;-857.22
E01BC827D004FE1191EE106505001FB9;44673735EAF46E11B7B78A650500BC08;2025-05-31;-4.0;-291.82
35380AE30653CE11877210650500E569;44673735EAF46E11B7B78A650500BC08;2025-05-31;-2.0;-762.4
18DC5DC24039EE1191EE1065050009B9;44673735EAF46E11B7B78A650500BC08;2025-05-31;-2.0;-441.46
8E782E50DBBE9E117260106505003C4A;44673735EAF46E11B7B78A650500BC08;2025-05-31;-2.0;-1178.56
05F5605DD0CAED11A62CD892C0003F2A;44673735EAF46E11B7B78A650500BC08;2025-05-31;-2.0;-1365.94
5497EA2F7A8BDE11406610650500044A;44673735EAF46E11B7B78A650500BC08;2025-05-31;-2.0;-266.0
1587D87F697BAE11BE21106505009F4A;44673735EAF46E11B7B78A650500BC08;2025-05-31;-2.0;-98.8
94C029B21D1DDE11406610650500164A;44673735EAF46E11B7B78A650500BC08;2025-05-31;-8.0;-617.4
0DB4821F6410BE11BE2110650500755A;44673735EAF46E11B7B78A650500BC08;2025-05-31;-2.0;-123.9
9189BA483ED5AE11BE2110650500784A;44673735EAF46E11B7B78A650500BC08;2025-05-31;-2.0;-679.8
2EBA84C0E26AAE11BE21106505003E4A;44673735EAF46E11B7B78A650500BC08;2025-05-31;-4.0;-924.48
EE4849B8C4848E113835BB6505001DAA;44673735EAF46E11B7B78A650500BC08;2025-05-31;-2.0;-371.86
4CF71759BF6E8E11F243BB650500564B;44673735EAF46E11B7B78A650500BC08;2025-05-31;-2.0;-143.82
C0ACE183821A8E11F243BB650500304B;44673735EAF46E11B7B78A650500BC08;2025-05-31;-2.0;-185.94
F80798E1721A8E11F243BB650500304B;44673735EAF46E11B7B78A650500BC08;2025-05-31;-2.0;-71.26
50914C4E45CF8E11F243BB650500084B;44673735EAF46E11B7B78A650500BC08;2025-05-31;-2.0;-74.24
29F4F53C79363E11052F6792C000FF39;44673735EAF46E11B7B78A650500BC08;2025-05-31;-2.0;-70.76
8203D8F65DACEE1191EE1065050029B9;44673735EAF46E11B7B78A650500BC08;2025-05-31;-2.0;-3248.38
B922DC99AEA07E11B7B78A650500CD08;44673735EAF46E11B7B78A650500BC08;2025-05-31;-2.0;-1811.16
45CE6F98ED456E11B7B78A650500BC08;44673735EAF46E11B7B78A650500BC08;2025-05-31;-2.0;-487.32
6B0A66724F84DE11ADB310650500C0C8;44673735EAF46E11B7B78A650500BC08;2025-05-31;-2.0;-1173.96
DA29A1BFCAD0FE1191EE10650500FAB9;44673735EAF46E11B7B78A650500BC08;2025-05-31;-2.0;-243.74
E01D707E6EEAAE11BE2110650500EE4A;44673735EAF46E11B7B78A650500BC08;2025-05-31;-4.0;-31.9
76757CEB9DE8FD11A4A96492C000AA89;44673735EAF46E11B7B78A650500BC08;2025-05-31;-2.0;-459.64
EB26495CF9456E11B7B78A650500BC08;44673735EAF46E11B7B78A650500BC08;2025-05-31;0.0;-3.6400000000000006
A31D676636EEAE11BE2110650500F35A;44673735EAF46E11B7B78A650500BC08;2025-05-31;-2.0;-185.88
6BB58A554D929E11554010650500CB3B;44673735EAF46E11B7B78A650500BC08;2025-05-31;-2.0;-104.0
0D3E1E1AF655BE11BE21106505002C5A;44673735EAF46E11B7B78A650500BC08;2025-05-31;-2.0;-203.94
8249FFAEA36BCE11ADB31065050034B8;FC081C55582CED11A62CD892C0003F2A;2025-05-31;-2.0;-94.0
E1E7A1408608FE11128010650500D819;FC081C55582CED11A62CD892C0003F2A;2025-05-31;-2.0;-993.04
F034436BE358FE11128010650500D819;FC081C55582CED11A62CD892C0003F2A;2025-05-31;-2.0;-27.78
3376033300C80E11A4A96492C0001269;FC081C55582CED11A62CD892C0003F2A;2025-05-31;-2.0;-148.52
3865C9FB1123CE11877210650500A569;FC081C55582CED11A62CD892C0003F2A;2025-05-31;-4.0;-133.64
9D1E16120405DE11ADB31065050051C8;FC081C55582CED11A62CD892C0003F2A;2025-05-31;-2.0;-201.88
363484C872CAED11A62CD892C0003F2A;FC081C55582CED11A62CD892C0003F2A;2025-05-31;-12.0;-1337.6999999999998
5C32CBDD2233DE11ADB310650500EEB8;FC081C55582CED11A62CD892C0003F2A;2025-05-31;-2.0;-296.14
DD48D97E2E130F114EF7A826072B7B89;FC081C55582CED11A62CD892C0003F2A;2025-05-31;-2.0;-338.28
00E4B014D683FD110DC22A92C000C499;FC081C55582CED11A62CD892C0003F2A;2025-05-31;-2.0;-176.0
2BBDE198B7788E11F243BB6505002E3B;FC081C55582CED11A62CD892C0003F2A;2025-05-31;-2.0;-169.1
5B754762F0CAED11A62CD892C0003F2A;FC081C55582CED11A62CD892C0003F2A;2025-05-31;-2.0;-880.86
8CB2E824573F8E11F243BB650500574B;FC081C55582CED11A62CD892C0003F2A;2025-05-31;-2.0;-417.6
6FD6BD2B17C9DE11406610650500A14A;44673735EAF46E11B7B78A650500BC08;2025-05-31;264.0;65503.50000000001
05C2C0F280A49E115540106505006E3B;44673735EAF46E11B7B78A650500BC08;2025-05-31;0.0;-9.094947017729282e-13
26457C450DDDFE11F1557891FE699489;44673735EAF46E11B7B78A650500BC08;2025-05-31;0.0;0.0
5BECD7BFC688CE11ADB31065050070B8;44673735EAF46E11B7B78A650500BC08;2025-05-31;0.0;-8.526512829121202e-14
B152CB7184EBDE11406610650500744A;44673735EAF46E11B7B78A650500BC08;2025-05-31;0.0;0.0
10B62F4E3E62FE1191EE10650500FCB9;44673735EAF46E11B7B78A650500BC08;2025-05-31;0.0;0.0
5BAD3F9617C9DE11406610650500A14A;44673735EAF46E11B7B78A650500BC08;2025-05-31;120.0;29790.0
434A2C84FAAF4E1142D58A650500BC08;FC081C55582CED11A62CD892C0003F2A;2025-05-31;-2.0;-528.2
268F191F25DFEE1191EE10650500A9B9;FC081C55582CED11A62CD892C0003F2A;2025-05-31;-2.0;-453.0
27F3EABDB3E16E1142D58A650500AD08;FC081C55582CED11A62CD892C0003F2A;2025-05-31;-2.0;-674.14
0776B8B88D36DE11ADB310650500E2C8;FC081C55582CED11A62CD892C0003F2A;2025-05-31;-2.0;-296.14
EEA8C529DECBBE118772106505005C59;FC081C55582CED11A62CD892C0003F2A;2025-05-31;-2.0;-559.92
D8002B899388AE11BE2110650500DB4A;FC081C55582CED11A62CD892C0003F2A;2025-05-31;-12.0;-1857.06
B962C6DCA3FDDE11406610650500274A;FC081C55582CED11A62CD892C0003F2A;2025-05-31;-4.0;-369.82
BA20A96C7B6CCE11ADB310650500A5B8;FC081C55582CED11A62CD892C0003F2A;2025-05-31;-4.0;-1115.68
05B4951F765BCE11ADB31065050024B8;FC081C55582CED11A62CD892C0003F2A;2025-05-31;2.0;2600.04
4B151070E277CE11ADB3106505000FA8;FC081C55582CED11A62CD892C0003F2A;2025-05-31;2.0;818.44
DB26445D0DFCBE11877210650500DD59;44673735EAF46E11B7B78A650500BC08;2025-05-31;0.0;0.0
6C442D3AAB04BE11BE21106505008A5A;44673735EAF46E11B7B78A650500BC08;2025-05-31;10.0;16649.9
A7E681D361CBEE1191EE1065050029B9;B0BDDED34CC83E11052F6792C000B249;2025-05-31;2.0;153.6
344DCDBA22586E11B7B78A650500BC08;44673735EAF46E11B7B78A650500BC08;2025-05-31;4.0;6608.48
B3CA05068B97CE11ADB3106505003FA8;44673735EAF46E11B7B78A650500BC08;2025-05-31;-8.0;-4387.56
543AB36E21C7DE11C84610650500107A;44673735EAF46E11B7B78A650500BC08;2025-05-31;-4.0;-23.96
D9D9206D62FACE11ADB310650500A3B8;44673735EAF46E11B7B78A650500BC08;2025-05-31;-6.0;-1483.92
5F57B01D0C5CCE11ADB31065050095B8;44673735EAF46E11B7B78A650500BC08;2025-05-31;12.0;2973.24
001142C8008CBE118772106505003D59;44673735EAF46E11B7B78A650500BC08;2025-05-31;8.0;1872.0
85B0D239AAD6AE11BE2110650500B94A;44673735EAF46E11B7B78A650500BC08;2025-05-31;10.0;29201.04
8053B63ED0A49E115540106505006E3B;44673735EAF46E11B7B78A650500BC08;2025-05-31;4.0;5813.74
7CE8DA7974FFDE11406610650500D94A;FC081C55582CED11A62CD892C0003F2A;2025-05-31;16.0;1797.98
82D7E35E6200EE11406610650500E94A;FC081C55582CED11A62CD892C0003F2A;2025-05-31;8.0;1574.58
B09CEF8438B18E11A442BB65050079AA;FC081C55582CED11A62CD892C0003F2A;2025-05-31;30.0;1548.94
EFADD57321C01E1143F0668E42008C3B;FC081C55582CED11A62CD892C0003F2A;2025-05-31;16.0;2746.18
81C96E869C01AE117260106505002F4A;B0BDDED34CC83E11052F6792C000B249;2025-05-31;4.0;508.16
0D89B04A6BBD3E11052F6792C000D249;B0BDDED34CC83E11052F6792C000B249;2025-05-31;192.0;1332.96
F107D9F00A610F11112A674AC7E23989;B0BDDED34CC83E11052F6792C000B249;2025-05-31;72.0;1322.98
A7E53A2EEE9FDE11406610650500694A;B0BDDED34CC83E11052F6792C000B249;2025-05-31;48.0;1534.02
B9269CC2E09FCE11ADB310650500E9B8;FC081C55582CED11A62CD892C0003F2A;2025-05-31;60.0;1168.58
D01A4EBEF1BD3E11052F6792C000D249;FC081C55582CED11A62CD892C0003F2A;2025-05-31;60.0;1222.84
F8442C6590F0EE114066106505001B4A;FC081C55582CED11A62CD892C0003F2A;2025-05-31;80.0;967.76
C395E4C243530F114EF7A826072BBB89;44673735EAF46E11B7B78A650500BC08;2025-05-31;40.0;8998.9
7DC5E4C243530F114EF7A826072BBB89;44673735EAF46E11B7B78A650500BC08;2025-05-31;60.0;13401.68
6585667E73530F114EF7A826072BBB89;44673735EAF46E11B7B78A650500BC08;2025-05-31;20.0;2945.4
5B58778E73530F114EF7A826072BBB89;44673735EAF46E11B7B78A650500BC08;2025-05-31;10.0;1058.2
BD605C9E73530F114EF7A826072BBB89;44673735EAF46E11B7B78A650500BC08;2025-05-31;10.0;1320.6
CAA05C9E73530F114EF7A826072BBB89;44673735EAF46E11B7B78A650500BC08;2025-05-31;10.0;1548.86
200B35BE73530F114EF7A826072BBB89;44673735EAF46E11B7B78A650500BC08;2025-05-31;10.0;2152.36
B10CED78501ADE11406610650500024A;FC081C55582CED11A62CD892C0003F2A;2025-05-31;12.0;25271.44
1121F7AE6802AE11726010650500605A;FC081C55582CED11A62CD892C0003F2A;2025-05-31;10.0;2886.86
80120B04BB733E11052F6792C000CF39;FC081C55582CED11A62CD892C0003F2A;2025-05-31;4.0;1086.6
6064110910556E11B7B78A650500BC08;44673735EAF46E11B7B78A650500BC08;2025-05-31;84.0;15595.060000000001
BAE67F189AD6AE11BE2110650500B94A;44673735EAF46E11B7B78A650500BC08;2025-05-31;8.0;17691.84
40F32E312D42FD110DC22A92C0006778;FC081C55582CED11A62CD892C0003F2A;2025-05-31;-62.0;-910.7800000000001
E7247E440A947E11B7B78A650500ED08;FC081C55582CED11A62CD892C0003F2A;2025-05-31;-6.0;-514.02
5178C674BB596E11B7B78A650500BC08;FC081C55582CED11A62CD892C0003F2A;2025-05-31;-8.0;-598.16
44BC68D00D8FCE11ADB310650500E9B8;FC081C55582CED11A62CD892C0003F2A;2025-05-31;-4.0;-346.4
0335404784927E11B7B78A650500DD08;FC081C55582CED11A62CD892C0003F2A;2025-05-31;-4.0;-165.04
433B9260A019FE11128010650500E819;FC081C55582CED11A62CD892C0003F2A;2025-05-31;-2.0;-538.6
AF92BD38B4CBCE11ADB310650500B4B8;FC081C55582CED11A62CD892C0003F2A;2025-05-31;-6.0;-1890.0
2722FA2284EE4E1142D58A650500BC08;FC081C55582CED11A62CD892C0003F2A;2025-05-31;-2.0;-551.2
C576B8B88D36DE11ADB310650500E2C8;FC081C55582CED11A62CD892C0003F2A;2025-05-31;-2.0;-296.14
1D43866C49CA2E11052F6792C0007F39;FC081C55582CED11A62CD892C0003F2A;2025-05-31;-4.0;-596.1800000000001
79842B71E30BEE1191EE1065050029B9;FC081C55582CED11A62CD892C0003F2A;2025-05-31;-2.0;-174.24
89732A90025EFE11F1557891FE692589;FC081C55582CED11A62CD892C0003F2A;2025-05-31;-2.0;-109.8
21C1AE3A2A6BFE111280106505000919;FC081C55582CED11A62CD892C0003F2A;2025-05-31;-2.0;-124.92
288848AB46B5EE1191EE1065050035B9;FC081C55582CED11A62CD892C0003F2A;2025-05-31;-2.0;-2135.02
5843AA28B22AFE11128010650500E819;FC081C55582CED11A62CD892C0003F2A;2025-05-31;-4.2;-1646.6
315199C13831DE11ADB3106505006CB8;FC081C55582CED11A62CD892C0003F2A;2025-05-31;-4.0;-1000.0
49DB634AA60BFE11128010650500E819;FC081C55582CED11A62CD892C0003F2A;2025-05-31;-2.0;-86.2
C87F84EBBD1EFE11F1557891FE69E489;FC081C55582CED11A62CD892C0003F2A;2025-05-31;-8.0;-347.04
EAF22A90025EFE11F1557891FE692589;FC081C55582CED11A62CD892C0003F2A;2025-05-31;-30.0;-348.90000000000003
4AB71A8A0E9DEE1191EE1065050029B9;FC081C55582CED11A62CD892C0003F2A;2025-05-31;-6.0;-369.78000000000003
2E0702DFAA5DCE11ADB310650500E6B8;FC081C55582CED11A62CD892C0003F2A;2025-05-31;-4.0;-408.84000000000003
9003A200FFAFFE11F1557891FE69E689;FC081C55582CED11A62CD892C0003F2A;2025-05-31;-6.0;-481.5
9A8BFD6C3F29BE11877210650500F859;FC081C55582CED11A62CD892C0003F2A;2025-05-31;-2.0;-870.32
2608CFCECEC3FE1191EE10650500DEB9;FC081C55582CED11A62CD892C0003F2A;2025-05-31;-2.0;-37.58
888EBC77256EEE1191EE1065050029B9;FC081C55582CED11A62CD892C0003F2A;2025-05-31;-4.0;-320.0
05C5F1DC01CAED11A62CD892C0003F2A;FC081C55582CED11A62CD892C0003F2A;2025-05-31;-2.0;-734.02
73A6B7DB01CAED11A62CD892C0003F2A;FC081C55582CED11A62CD892C0003F2A;2025-05-31;-2.0;-275.98
A77672B42AA5FE1191EE1065050041C9;FC081C55582CED11A62CD892C0003F2A;2025-05-31;-2.0;-164.0
981757D679FCEE1191EE1065050029B9;FC081C55582CED11A62CD892C0003F2A;2025-05-31;-2.0;-214.74
5C2669C42106FE1191EE10650500B1C9;FC081C55582CED11A62CD892C0003F2A;2025-05-31;-2.0;-311.92
9C680BE491CAED11A62CD892C0003F2A;FC081C55582CED11A62CD892C0003F2A;2025-05-31;-2.0;-219.06
49E9B353985DED11A62CD892C0003F2A;FC081C55582CED11A62CD892C0003F2A;2025-05-31;-2.0;-656.84
2C38B890BED9DE11406610650500C14A;FC081C55582CED11A62CD892C0003F2A;2025-05-31;-2.0;-522.0
98F7BC6AD0412E1143F0668E4200C71A;FC081C55582CED11A62CD892C0003F2A;2025-05-31;-2.0;-1013.26
86004D8311CAED11A62CD892C0003F2A;FC081C55582CED11A62CD892C0003F2A;2025-05-31;-2.0;-796.22
8C6FE014EDB89E11525010650500394A;FC081C55582CED11A62CD892C0003F2A;2025-05-31;-6.0;-288.12
8353BE35C0CAED11A62CD892C0003F2A;FC081C55582CED11A62CD892C0003F2A;2025-05-31;-4.0;-264.76
07DC66FE5AC1BE11BE2110650500A75A;FC081C55582CED11A62CD892C0003F2A;2025-05-31;-20.0;-632.5
6D0803BA63D2FE1191EE106505007DB9;FC081C55582CED11A62CD892C0003F2A;2025-05-31;-2.0;-367.44
2D280C348FCA9E11525010650500EB4A;FC081C55582CED11A62CD892C0003F2A;2025-05-31;-8.0;-141.04
6EB9FFE5DFCA9E11525010650500EB4A;FC081C55582CED11A62CD892C0003F2A;2025-05-31;-4.0;-761.38
FBD5D6068B50EE114066106505005A4A;FC081C55582CED11A62CD892C0003F2A;2025-05-31;-2.0;-42.46
A5913E3A9ED4EE11B1AD1065050078EA;FC081C55582CED11A62CD892C0003F2A;2025-05-31;-2.0;-110.22
F741CB149A278E11F243BB6505008C3B;FC081C55582CED11A62CD892C0003F2A;2025-05-31;-6.0;-193.5
F273745033CBAE11BE2110650500FF4A;FC081C55582CED11A62CD892C0003F2A;2025-05-31;-2.0;-736.0
FED6A495CA25EE11B1AD10650500D8EA;FC081C55582CED11A62CD892C0003F2A;2025-05-31;-2.0;-114.0
65EAD3E76E180E11A4A96492C00009EB;FC081C55582CED11A62CD892C0003F2A;2025-05-31;-2.0;-817.6
5117DE2EF1600F11F1557891FE69C789;FC081C55582CED11A62CD892C0003F2A;2025-05-31;-2.0;-311.08
BECE8C4AB6AEEE1191EE1065050029B9;FC081C55582CED11A62CD892C0003F2A;2025-05-31;-2.0;-182.66
CD392A6D94D3DE11ADB310650500BFB8;FC081C55582CED11A62CD892C0003F2A;2025-05-31;-2.0;-243.24
65487D760CC4CE11ADB3106505000DA8;FC081C55582CED11A62CD892C0003F2A;2025-05-31;-6.0;-547.28
9B93BC36CA3FDE11406610650500E84A;FC081C55582CED11A62CD892C0003F2A;2025-05-31;-2.0;-27.1
034C926732A0CE118772106505007269;FC081C55582CED11A62CD892C0003F2A;2025-05-31;-2.0;-24.96
E12F74666A5D7E110819BB65050039AA;FC081C55582CED11A62CD892C0003F2A;2025-05-31;-108.0;-593.52
436C9DD22CE1EE114066106505006C4A;FC081C55582CED11A62CD892C0003F2A;2025-05-31;-2.0;-91.58
425F649DAB74EE11B1AD10650500F7EA;FC081C55582CED11A62CD892C0003F2A;2025-05-31;-2.0;-112.06
E6DB71C77DE1EE114066106505006C4A;FC081C55582CED11A62CD892C0003F2A;2025-05-31;-2.0;-110.0
F5AEF83F893FDE11406610650500E84A;FC081C55582CED11A62CD892C0003F2A;2025-05-31;-2.0;-11.38
F9E9872524E58E11F243BB650500DA3B;FC081C55582CED11A62CD892C0003F2A;2025-05-31;-2.0;-61.82
F1A88F9455FFDE11406610650500D94A;FC081C55582CED11A62CD892C0003F2A;2025-05-31;-2.0;-61.5
A2309A42ACB04E1142D58A650500DB08;FC081C55582CED11A62CD892C0003F2A;2025-05-31;-6.0;-814.38
6FBF4E1AD0106E1142D58A650500AD08;FC081C55582CED11A62CD892C0003F2A;2025-05-31;-2.0;-463.04
E6393F983BFA6E11B7B78A650500BC08;FC081C55582CED11A62CD892C0003F2A;2025-05-31;-2.0;-259.04
AAFAF8801BA8FE11128010650500D819;FC081C55582CED11A62CD892C0003F2A;2025-05-31;-6.0;-759.36
608F67BF048FCE11ADB310650500D9B8;FC081C55582CED11A62CD892C0003F2A;2025-05-31;-6.0;-1997.46
D07D5D79A94BCE11ADB31065050014B8;FC081C55582CED11A62CD892C0003F2A;2025-05-31;-2.0;-79.9
8B33172986D7CE11ADB3106505008FA8;FC081C55582CED11A62CD892C0003F2A;2025-05-31;-2.0;-131.8
DB28190B23A5FD110DC22A92C000D158;FC081C55582CED11A62CD892C0003F2A;2025-05-31;-2.0;-470.46
01441300A019FE11128010650500E819;FC081C55582CED11A62CD892C0003F2A;2025-05-31;-2.0;-490.0
3395577398DFCE11ADB3106505005AB8;FC081C55582CED11A62CD892C0003F2A;2025-05-31;-2.0;-1126.9
5107D298B12AFE11128010650500E819;FC081C55582CED11A62CD892C0003F2A;2025-05-31;-2.0;-75.38
4E5C53538ABAFE11128010650500E819;FC081C55582CED11A62CD892C0003F2A;2025-05-31;-38.0;-1126.32
6C95D37F73167E11B7B78A650500ED08;FC081C55582CED11A62CD892C0003F2A;2025-05-31;-42.0;-1827.0
F0293B3229DA3E11052F6792C000D249;FC081C55582CED11A62CD892C0003F2A;2025-05-31;-4.0;-307.84
81934C634D16BE118772106505001559;FC081C55582CED11A62CD892C0003F2A;2025-05-31;-2.0;-34.56
8E0B4CBFB0D06E1142D58A650500AD08;FC081C55582CED11A62CD892C0003F2A;2025-05-31;-4.0;-136.7
165293B528D8EE1191EE10650500F8B9;FC081C55582CED11A62CD892C0003F2A;2025-05-31;-4.0;-384.0
518F163511B10F114EF7A826072BA989;FC081C55582CED11A62CD892C0003F2A;2025-05-31;-2.0;-346.0
76227E4D9A630F114EF7A826072BDB89;FC081C55582CED11A62CD892C0003F2A;2025-05-31;-2.0;-297.0
9D3A3E8BE3900F11F1557891FE690889;FC081C55582CED11A62CD892C0003F2A;2025-05-31;-4.0;-627.96
34467D5978E2DE11ADB3106505008EB8;FC081C55582CED11A62CD892C0003F2A;2025-05-31;-2.0;-446.84
E429FDA9268EFE11F1557891FE696589;FC081C55582CED11A62CD892C0003F2A;2025-05-31;-4.0;-352.0
4666C20758E00F11112A674AC7E29889;FC081C55582CED11A62CD892C0003F2A;2025-05-31;-2.0;-2152.76
D5ECC40BBE6DFE11F1557891FE690489;FC081C55582CED11A62CD892C0003F2A;2025-05-31;-8.0;-633.6
9CC9CBD168400F11F1557891FE69A789;FC081C55582CED11A62CD892C0003F2A;2025-05-31;-6.0;-85.19999999999999
DF96B7DB01CAED11A62CD892C0003F2A;FC081C55582CED11A62CD892C0003F2A;2025-05-31;-2.0;-628.54
E896BEF2C055FE1191EE10650500D0C9;FC081C55582CED11A62CD892C0003F2A;2025-05-31;-4.0;-849.22
32E4596CA59BDE11406610650500144A;FC081C55582CED11A62CD892C0003F2A;2025-05-31;-2.0;-797.34
E2404E00B0CAED11A62CD892C0003F2A;FC081C55582CED11A62CD892C0003F2A;2025-05-31;-4.0;-677.96
BC296445F0CAED11A62CD892C0003F2A;FC081C55582CED11A62CD892C0003F2A;2025-05-31;-2.0;-796.22
757A29A681CAED11A62CD892C0003F2A;FC081C55582CED11A62CD892C0003F2A;2025-05-31;-2.0;-161.66
A942E7FDF0CAED11A62CD892C0003F2A;FC081C55582CED11A62CD892C0003F2A;2025-05-31;-2.0;-280.0
5EED1833E4AEDE11406610650500284A;FC081C55582CED11A62CD892C0003F2A;2025-05-31;-2.0;-185.7
0796B02F00F9EE1191EE1065050009B9;FC081C55582CED11A62CD892C0003F2A;2025-05-31;-2.0;-200.06
4A6D0B44DE2BED11A62CD892C0003F2A;FC081C55582CED11A62CD892C0003F2A;2025-05-31;-2.0;-267.04
970519DFC0CAED11A62CD892C0003F2A;FC081C55582CED11A62CD892C0003F2A;2025-05-31;-2.0;-435.52
546F28CF14FFDE11406610650500D94A;FC081C55582CED11A62CD892C0003F2A;2025-05-31;-2.0;-62.84
F7018428F0CAED11A62CD892C0003F2A;FC081C55582CED11A62CD892C0003F2A;2025-05-31;-4.0;-280.28
769FB4C03C23FE1191EE10650500FDB9;FC081C55582CED11A62CD892C0003F2A;2025-05-31;-2.0;-827.54
AC6DB8ABBD40EE114066106505004A4A;FC081C55582CED11A62CD892C0003F2A;2025-05-31;-2.0;-111.36
D7439BB33F5F9E117260106505000D4A;FC081C55582CED11A62CD892C0003F2A;2025-05-31;-8.0;-1074.66
834178105340EE114066106505003A4A;FC081C55582CED11A62CD892C0003F2A;2025-05-31;-2.0;-119.22
DD379EF168DDDE11406610650500074A;FC081C55582CED11A62CD892C0003F2A;2025-05-31;-12.0;-1667.76
76D437C3284FDE11406610650500F84A;FC081C55582CED11A62CD892C0003F2A;2025-05-31;-2.0;-440.4
45489844023EDE11406610650500874A;FC081C55582CED11A62CD892C0003F2A;2025-05-31;-6.0;-218.64
23BCCFB00811AE117260106505003F4A;FC081C55582CED11A62CD892C0003F2A;2025-05-31;-2.0;-457.48
E92C69CDB3F8AE11BE21106505006C4A;FC081C55582CED11A62CD892C0003F2A;2025-05-31;-4.0;-82.92
78424504C101AE117260106505001F4A;FC081C55582CED11A62CD892C0003F2A;2025-05-31;-4.0;-1715.4
91E0AB337315EE11B1AD10650500B8EA;FC081C55582CED11A62CD892C0003F2A;2025-05-31;-4.0;-196.8
76C0EB4989CA7E110819BB65050039AA;FC081C55582CED11A62CD892C0003F2A;2025-05-31;-2.0;-216.0
501539BF01F42E1143F0668E420006EB;FC081C55582CED11A62CD892C0003F2A;2025-05-31;-2.0;-851.6
E3AEAC8B7F968E11F243BB650500DB3B;FC081C55582CED11A62CD892C0003F2A;2025-05-31;-3.08;-560.14
7435D3500B839E11554010650500FC3B;FC081C55582CED11A62CD892C0003F2A;2025-05-31;-2.0;-331.3
CA09E2FAE735EE11B1AD10650500F8EA;FC081C55582CED11A62CD892C0003F2A;2025-05-31;-2.0;-4852.38
5D71D84D811B6E11B7B78A650500BC08;FC081C55582CED11A62CD892C0003F2A;2025-05-31;-2.0;-127.72
FD147442C82D4E1142D58A650500BC08;FC081C55582CED11A62CD892C0003F2A;2025-05-31;-2.0;-137.04
CEFD78AF2AC75E1142D58A650500DC08;FC081C55582CED11A62CD892C0003F2A;2025-05-31;-2.0;-247.72
29DC02A5DE82DE11ADB3106505001EB8;FC081C55582CED11A62CD892C0003F2A;2025-05-31;-2.0;-57.14
06C7F11D07276E11B7B78A650500BC08;FC081C55582CED11A62CD892C0003F2A;2025-05-31;-2.0;-150.44
834E8A0330267E11B7B78A650500ED08;FC081C55582CED11A62CD892C0003F2A;2025-05-31;-2.0;-78.32
205D089AE71ECE11ADB310650500E7B8;FC081C55582CED11A62CD892C0003F2A;2025-05-31;-2.0;-109.26
ED497909DE24DE11ADB31065050040C8;FC081C55582CED11A62CD892C0003F2A;2025-05-31;-2.0;-5016.26
476AC69E8FD03E11052F6792C000CF39;FC081C55582CED11A62CD892C0003F2A;2025-05-31;-2.0;-1892.9
0E95C0B7506AFE11128010650500E819;FC081C55582CED11A62CD892C0003F2A;2025-05-31;-2.0;-105.08
A054EB1C9B98FE11128010650500D819;FC081C55582CED11A62CD892C0003F2A;2025-05-31;-10.0;-644.8999999999999
BF692C452158FE11128010650500D819;FC081C55582CED11A62CD892C0003F2A;2025-05-31;-2.0;-4281.82
27155BD1E08F2E11052F6792C000CF39;FC081C55582CED11A62CD892C0003F2A;2025-05-31;-2.0;-2833.72
3C22D296104FFE11F1557891FE695689;FC081C55582CED11A62CD892C0003F2A;2025-05-31;-2.0;-18.5
F3BB75583DBFBE118772106505005169;FC081C55582CED11A62CD892C0003F2A;2025-05-31;-2.0;-173.54
A72B321C575FFE11F1557891FE697689;FC081C55582CED11A62CD892C0003F2A;2025-05-31;-2.0;-159.6
2756C0B7506AFE11128010650500E819;FC081C55582CED11A62CD892C0003F2A;2025-05-31;-6.0;-573.72
6B06820BD8393E11052F6792C000D249;FC081C55582CED11A62CD892C0003F2A;2025-05-31;-2.0;-930.62
095157F9B1593E11052F6792C000D249;FC081C55582CED11A62CD892C0003F2A;2025-05-31;-2.0;-874.32
591994B7F9BCEE1191EE1065050029B9;FC081C55582CED11A62CD892C0003F2A;2025-05-31;-2.0;-3674.0
F5815C9DA8FEFD11A4A96492C000DFF9;FC081C55582CED11A62CD892C0003F2A;2025-05-31;-4.0;-346.76
2FC1A93BC7E10F114EF7A826072BE989;FC081C55582CED11A62CD892C0003F2A;2025-05-31;-2.0;-199.38
006CA6C26DA7FE1191EE10650500E3C9;FC081C55582CED11A62CD892C0003F2A;2025-05-31;-2.0;-90.82
2C7B1C2AF0CAED11A62CD892C0003F2A;FC081C55582CED11A62CD892C0003F2A;2025-05-31;-2.0;-514.8
91EAABEC0253FE1191EE106505002EB9;FC081C55582CED11A62CD892C0003F2A;2025-05-31;-2.0;-268.64
C4555AB320CAED11A62CD892C0003F2A;FC081C55582CED11A62CD892C0003F2A;2025-05-31;-6.0;-491.64
1754EC664533FE1191EE106505000EB9;FC081C55582CED11A62CD892C0003F2A;2025-05-31;-2.0;-986.56
6DAF8A5FC0CAED11A62CD892C0003F2A;FC081C55582CED11A62CD892C0003F2A;2025-05-31;-2.0;-153.76
B420D83931CAED11A62CD892C0003F2A;FC081C55582CED11A62CD892C0003F2A;2025-05-31;-2.0;-2128.82
0A0904ECAD62FE1191EE10650500FCB9;FC081C55582CED11A62CD892C0003F2A;2025-05-31;-2.0;-283.62
9EFC3D731F8FDE11406610650500594A;FC081C55582CED11A62CD892C0003F2A;2025-05-31;-2.0;-1473.5
21998708FFC32E1143F0668E4200C71A;FC081C55582CED11A62CD892C0003F2A;2025-05-31;-2.0;-169.6
56345DB5CF95FE1191EE1065050031C9;FC081C55582CED11A62CD892C0003F2A;2025-05-31;-4.0;-476.88
117F2EE2CD322E1143F0668E4200C71A;FC081C55582CED11A62CD892C0003F2A;2025-05-31;-4.0;-1056.4
6FA5057301CAED11A62CD892C0003F2A;FC081C55582CED11A62CD892C0003F2A;2025-05-31;-4.0;-138.46
D24DDE41F0CAED11A62CD892C0003F2A;FC081C55582CED11A62CD892C0003F2A;2025-05-31;-2.0;-323.28
A3D1BEEF787CDE11406610650500454A;FC081C55582CED11A62CD892C0003F2A;2025-05-31;-2.0;-264.34
1951FC7FF1CAED11A62CD892C0003F2A;FC081C55582CED11A62CD892C0003F2A;2025-05-31;-2.0;-293.1
142904085BECDE11406610650500D54A;FC081C55582CED11A62CD892C0003F2A;2025-05-31;-2.0;-405.7
2DEA37FF29FCDE11406610650500E54A;FC081C55582CED11A62CD892C0003F2A;2025-05-31;-2.0;-190.2
2535E1C768A0EE11406610650500BA4A;FC081C55582CED11A62CD892C0003F2A;2025-05-31;-2.0;-293.8
74F2E8F75EE2BE11BE2110650500195A;FC081C55582CED11A62CD892C0003F2A;2025-05-31;-2.0;-255.98
9035136A2DFE9E117260106505008C4A;FC081C55582CED11A62CD892C0003F2A;2025-05-31;-2.0;-582.44
BE3DF5FB1D2B7E110819BB65050039AA;FC081C55582CED11A62CD892C0003F2A;2025-05-31;-2.0;-641.58
5906F892A865EE11B1AD1065050039EA;FC081C55582CED11A62CD892C0003F2A;2025-05-31;-6.0;-116.06
69DCFE41CC439E11554010650500AC3B;FC081C55582CED11A62CD892C0003F2A;2025-05-31;-4.0;-845.52
761AFCC5ACAAAE11BE21106505009E4A;FC081C55582CED11A62CD892C0003F2A;2025-05-31;-2.0;-99.36
DC2A86A2F714EE11B1AD1065050077EA;FC081C55582CED11A62CD892C0003F2A;2025-05-31;-2.0;-210.0
6C4F278C0ADEAE11BE2110650500E35A;FC081C55582CED11A62CD892C0003F2A;2025-05-31;-4.0;-97.2
E39E77918754EE11B1AD10650500C7EA;FC081C55582CED11A62CD892C0003F2A;2025-05-31;-2.0;-939.84
7EF230C0B0039E115540106505004C3B;FC081C55582CED11A62CD892C0003F2A;2025-05-31;-2.0;-406.54
444B2D8E48797E110819BB65050019AA;FC081C55582CED11A62CD892C0003F2A;2025-05-31;-6.0;-3856.2400000000002
0910BA7BB78EED11A62CD892C000399B;FC081C55582CED11A62CD892C0003F2A;2025-05-31;-2.0;-226.64
3C43D58CFB9A8E11F243BB650500E04B;FC081C55582CED11A62CD892C0003F2A;2025-05-31;-2.0;-163.8
D6BC8387CA18DE11C84610650500807A;FC081C55582CED11A62CD892C0003F2A;2025-05-31;-2.0;-551.2
EB0DB622F112EE114066106505009C4A;FC081C55582CED11A62CD892C0003F2A;2025-05-31;-2.0;-65.2
E8196547C9CC1E1143F0668E4200502B;FC081C55582CED11A62CD892C0003F2A;2025-05-31;-2.0;-604.36
8DB0752648FF5E1142D58A650500AD08;FC081C55582CED11A62CD892C0003F2A;2025-05-31;-2.0;-459.22
F06600379126CE11ADB3106505008DA8;FC081C55582CED11A62CD892C0003F2A;2025-05-31;-4.0;-1356.0
1EBD509D103ECE11ADB31065050008B8;FC081C55582CED11A62CD892C0003F2A;2025-05-31;-2.0;-834.0
31724D8E14856E11B7B78A650500BC08;FC081C55582CED11A62CD892C0003F2A;2025-05-31;-2.0;-254.08
F15BC4795366EE1191EE1065050016B9;FC081C55582CED11A62CD892C0003F2A;2025-05-31;-2.0;-58.8
886DD158D0CAED11A62CD892C0003F2A;FC081C55582CED11A62CD892C0003F2A;2025-05-31;-2.0;-230.58
DF38C3C951CAED11A62CD892C0003F2A;FC081C55582CED11A62CD892C0003F2A;2025-05-31;-2.0;-207.64
97CD8EB858797E110819BB65050019AA;FC081C55582CED11A62CD892C0003F2A;2025-05-31;-6.0;-956.92
64DD96928FCA9E11525010650500EB4A;FC081C55582CED11A62CD892C0003F2A;2025-05-31;-6.0;-105.78
70C36A66D343FE1191EE106505001EB9;FC081C55582CED11A62CD892C0003F2A;2025-05-31;-2.0;-522.08
F45B395DA9FB7E110819BB65050039AA;FC081C55582CED11A62CD892C0003F2A;2025-05-31;-2.0;-216.9
BF3006FB194CDE11406610650500054A;FC081C55582CED11A62CD892C0003F2A;2025-05-31;-4.0;-479.22
1B127A0CB407DE11C846106505002F6A;FC081C55582CED11A62CD892C0003F2A;2025-05-31;-2.0;-19.46
AAD125477E271E1143F0668E42006B8B;FC081C55582CED11A62CD892C0003F2A;2025-05-31;-6.0;-401.52
AE999137CACDDE11406610650500F64A;FC081C55582CED11A62CD892C0003F2A;2025-05-31;-2.0;-154.88
D921BF547FAF5E1142D58A650500AD08;B0BDDED34CC83E11052F6792C000B249;2025-05-31;-2.0;-239.84
0AAEFA7CF4126E1142D58A650500AD08;B0BDDED34CC83E11052F6792C000B249;2025-05-31;-2.0;-610.02
756ED27D93F50E11A4A96492C0004B38;B0BDDED34CC83E11052F6792C000B249;2025-05-31;-6.0;-460.98
E872960D291C6E11B7B78A650500BC08;B0BDDED34CC83E11052F6792C000B249;2025-05-31;-4.0;-2239.54
5C0B030D71365E1142D58A650500DC08;B0BDDED34CC83E11052F6792C000B249;2025-05-31;-10.0;-1155.0
2EAF5F01D0637E11B7B78A650500DD08;B0BDDED34CC83E11052F6792C000B249;2025-05-31;-2.0;-115.1
70FE3058512ECE11ADB310650500F7B8;B0BDDED34CC83E11052F6792C000B249;2025-05-31;-22.0;-1470.5
0D9FB255236BCE11ADB31065050034B8;B0BDDED34CC83E11052F6792C000B249;2025-05-31;-2.0;-94.0
05C794AC59DDCE11ADB31065050097B8;B0BDDED34CC83E11052F6792C000B249;2025-05-31;-14.0;-458.31999999999994
2A6F9C7A999D3E11052F6792C000D249;B0BDDED34CC83E11052F6792C000B249;2025-05-31;-10.0;-697.8
6CD9B58A69EF0E1143F0668E42007A39;B0BDDED34CC83E11052F6792C000B249;2025-05-31;-2.0;-292.64
760D51FABDCFCE11ADB3106505003AB8;B0BDDED34CC83E11052F6792C000B249;2025-05-31;-2.0;-69.24
A4C2358232B72E11052F6792C0007F39;B0BDDED34CC83E11052F6792C000B249;2025-05-31;-6.0;-570.24
19959F2061100E11A4A96492C0002019;B0BDDED34CC83E11052F6792C000B249;2025-05-31;-4.0;-539.0
F3BB75583DBFBE118772106505005169;B0BDDED34CC83E11052F6792C000B249;2025-05-31;-2.0;-173.54
86E1A97FCCEABE118772106505003B59;B0BDDED34CC83E11052F6792C000B249;2025-05-31;-4.0;-307.32
8ACA04CC443B0E11A4A96492C0001269;B0BDDED34CC83E11052F6792C000B249;2025-05-31;-2.0;-221.92
077A2D18FC510F11112A674AC7E22989;B0BDDED34CC83E11052F6792C000B249;2025-05-31;-4.0;-582.4
0B1F6EDA63E61E1143F0668E4200EE89;B0BDDED34CC83E11052F6792C000B249;2025-05-31;-6.0;-143.94
76DB800179DDCE11ADB31065050097B8;B0BDDED34CC83E11052F6792C000B249;2025-05-31;-4.0;-261.6
6CF107EA01CAED11A62CD892C0003F2A;B0BDDED34CC83E11052F6792C000B249;2025-05-31;-2.0;-412.56
EF93B3A4E0CAED11A62CD892C0003F2A;B0BDDED34CC83E11052F6792C000B249;2025-05-31;-4.0;-1594.32
0B51CD5CEB01FE1191EE106505003BB9;B0BDDED34CC83E11052F6792C000B249;2025-05-31;-2.0;-72.68
F7A4FCE301CAED11A62CD892C0003F2A;B0BDDED34CC83E11052F6792C000B249;2025-05-31;-2.0;-214.18
FC39F31DAF13CE11877210650500A569;B0BDDED34CC83E11052F6792C000B249;2025-05-31;-4.0;-109.46000000000001
0571435F5FFEEE1191EE1065050029B9;B0BDDED34CC83E11052F6792C000B249;2025-05-31;-2.0;-333.88
CCCD4C4B701EEE1191EE1065050029B9;B0BDDED34CC83E11052F6792C000B249;2025-05-31;-8.0;-452.0
7484C0E058B13E11052F6792C000CF39;B0BDDED34CC83E11052F6792C000B249;2025-05-31;-4.0;-304.44
414C1C118FE1FE1191EE106505005CB9;B0BDDED34CC83E11052F6792C000B249;2025-05-31;-2.0;-82.7
8E4BCFB931CAED11A62CD892C0003F2A;B0BDDED34CC83E11052F6792C000B249;2025-05-31;-6.0;-1076.52
670B0CB751CAED11A62CD892C0003F2A;B0BDDED34CC83E11052F6792C000B249;2025-05-31;-2.0;-589.12
9F09AA3111CAED11A62CD892C0003F2A;B0BDDED34CC83E11052F6792C000B249;2025-05-31;-2.0;-1145.54
E3384978745FDE11406610650500094A;B0BDDED34CC83E11052F6792C000B249;2025-05-31;-2.0;-1053.92
9C978DEAF50BAE11BE21106505000F4A;B0BDDED34CC83E11052F6792C000B249;2025-05-31;-2.0;-750.94
D38D1C8C9CA9DE11406610650500814A;B0BDDED34CC83E11052F6792C000B249;2025-05-31;-4.0;-102.0
E12F74666A5D7E110819BB65050039AA;B0BDDED34CC83E11052F6792C000B249;2025-05-31;-18.0;-96.66
16DA0D9435E9AE11BE21106505009D4A;B0BDDED34CC83E11052F6792C000B249;2025-05-31;-4.0;-442.2
AF23D2DD64758E113835BB6505004EAA;B0BDDED34CC83E11052F6792C000B249;2025-05-31;-2.0;-544.54
5983A34AFD00FD11A62CD892C000399B;B0BDDED34CC83E11052F6792C000B249;2025-05-31;-2.0;-421.18
E6DB71C77DE1EE114066106505006C4A;B0BDDED34CC83E11052F6792C000B249;2025-05-31;-2.0;-110.0
E1B1B1688DC4FD110DC22A92C0009D7B;B0BDDED34CC83E11052F6792C000B249;2025-05-31;-2.0;-324.0
33D12B287A7E8E11F243BB650500664B;B0BDDED34CC83E11052F6792C000B249;2025-05-31;-2.0;-311.96
77195B37B9A86E11B7B78A650500BC08;B0BDDED34CC83E11052F6792C000B249;2025-05-31;-2.0;-95.84
A3908946B0E14E1142D58A650500DB08;B0BDDED34CC83E11052F6792C000B249;2025-05-31;-2.0;-759.76
4EB6E7FAA1365E1142D58A650500DC08;B0BDDED34CC83E11052F6792C000B249;2025-05-31;-8.0;-125.6
14FC07DC5BF5CE11ADB3106505007DA8;B0BDDED34CC83E11052F6792C000B249;2025-05-31;-2.0;-611.9
4CDE168900966E11B7B78A650500BC08;B0BDDED34CC83E11052F6792C000B249;2025-05-31;-2.0;-205.6
9B042FCCDCD4DE11ADB31065050021C8;B0BDDED34CC83E11052F6792C000B249;2025-05-31;-2.0;-246.22
004DC237164CCE11ADB31065050075B8;B0BDDED34CC83E11052F6792C000B249;2025-05-31;-2.0;-165.82
24046E0D7D79FE11128010650500E819;B0BDDED34CC83E11052F6792C000B249;2025-05-31;-2.0;-51.6
3B6F285F7D2ECE11ADB31065050008B8;B0BDDED34CC83E11052F6792C000B249;2025-05-31;-2.0;-151.28
E0B46A90AB12DE11ADB3106505008DB8;B0BDDED34CC83E11052F6792C000B249;2025-05-31;-2.0;-1627.24
3DF60A45B968FE11128010650500D819;B0BDDED34CC83E11052F6792C000B249;2025-05-31;-2.0;-452.66
47F4F53C79363E11052F6792C000FF39;B0BDDED34CC83E11052F6792C000B249;2025-05-31;-6.0;-212.28
3D6888C43B9ACE11ADB31065050013B8;B0BDDED34CC83E11052F6792C000B249;2025-05-31;-2.0;-296.28
FDF79818D5482E11052F6792C0007F39;B0BDDED34CC83E11052F6792C000B249;2025-05-31;-2.0;-163.8
836A8437D7E4DE11ADB31065050031C8;B0BDDED34CC83E11052F6792C000B249;2025-05-31;-4.0;-359.68
79B9C19C2CF2CE118772106505007569;B0BDDED34CC83E11052F6792C000B249;2025-05-31;-2.0;-297.2
620448EA86B5EE1191EE1065050035B9;B0BDDED34CC83E11052F6792C000B249;2025-05-31;-8.0;-486.48
7ABB46BC1A5FFE11F1557891FE697689;B0BDDED34CC83E11052F6792C000B249;2025-05-31;-2.0;-73.84
E463CF97B28A3E11052F6792C000D249;B0BDDED34CC83E11052F6792C000B249;2025-05-31;-2.0;-261.88
71E2C75836AA3E11052F6792C000D249;B0BDDED34CC83E11052F6792C000B249;2025-05-31;-4.0;-842.36
680AD1E9D58FEE1191EE1065050049B9;B0BDDED34CC83E11052F6792C000B249;2025-05-31;-4.0;-686.6
0BD104E55D5AEE1191EE1065050009B9;B0BDDED34CC83E11052F6792C000B249;2025-05-31;-2.0;-53.68
3D2668356956FE1191EE1065050022C9;B0BDDED34CC83E11052F6792C000B249;2025-05-31;-2.0;-122.38
470CEB52E562CE11877210650500B469;B0BDDED34CC83E11052F6792C000B249;2025-05-31;-2.0;-372.6
950D640201CAED11A62CD892C0003F2A;B0BDDED34CC83E11052F6792C000B249;2025-05-31;-2.0;-152.58
6A12AE306E3CEE1191EE1065050029B9;B0BDDED34CC83E11052F6792C000B249;2025-05-31;-2.0;-78.48
F7018428F0CAED11A62CD892C0003F2A;B0BDDED34CC83E11052F6792C000B249;2025-05-31;-4.0;-292.36
81B4BA927ACEEE1191EE1065050029B9;B0BDDED34CC83E11052F6792C000B249;2025-05-31;-2.0;-589.26
137A99AAF0CAED11A62CD892C0003F2A;B0BDDED34CC83E11052F6792C000B249;2025-05-31;-2.0;-520.78
F0DD54E5D0CAED11A62CD892C0003F2A;B0BDDED34CC83E11052F6792C000B249;2025-05-31;-2.0;-548.8
3984BF46F54CDE11406610650500054A;B0BDDED34CC83E11052F6792C000B249;2025-05-31;-2.0;-396.0
390519DFC0CAED11A62CD892C0003F2A;B0BDDED34CC83E11052F6792C000B249;2025-05-31;-2.0;-498.22
3F09AA3111CAED11A62CD892C0003F2A;B0BDDED34CC83E11052F6792C000B249;2025-05-31;-4.0;-1825.4
DE4018A32D1DDE11406610650500164A;B0BDDED34CC83E11052F6792C000B249;2025-05-31;-2.0;-448.2
49AA16490C6A9E115250106505006B4A;B0BDDED34CC83E11052F6792C000B249;2025-05-31;-2.0;-192.24
2D4B26118EEC9E11726010650500D94A;B0BDDED34CC83E11052F6792C000B249;2025-05-31;-2.0;-109.24
62B4E9287DAB7E110819BB65050039AA;B0BDDED34CC83E11052F6792C000B249;2025-05-31;-12.0;-53.76
C332636C77018E110819BB65050039AA;B0BDDED34CC83E11052F6792C000B249;2025-05-31;-2.0;-61.84
75E6C3757654EE11B1AD10650500C7EA;B0BDDED34CC83E11052F6792C000B249;2025-05-31;-2.0;-25.58
D11007EC0ADEAE11BE2110650500E35A;B0BDDED34CC83E11052F6792C000B249;2025-05-31;-50.0;-1215.0
2A1D2017B7A0EE11406610650500BA4A;B0BDDED34CC83E11052F6792C000B249;2025-05-31;-4.0;-313.82
445CEACB42708E110819BB65050039AA;B0BDDED34CC83E11052F6792C000B249;2025-05-31;-4.0;-439.16
43E5898C9514AE11726010650500035A;B0BDDED34CC83E11052F6792C000B249;2025-05-31;6.0;951.72
6CBD9FBB4E699E115250106505002A4A;B0BDDED34CC83E11052F6792C000B249;2025-05-31;-2.0;-329.4
CE36424CC67F7E110819BB65050039AA;B0BDDED34CC83E11052F6792C000B249;2025-05-31;-2.0;-40.2
7E6A3DD5D0371E1143F0668E42006B8B;B0BDDED34CC83E11052F6792C000B249;2025-05-31;-4.0;-445.9
8FF0071BC6F48E113835BB650500ADAA;B0BDDED34CC83E11052F6792C000B249;2025-05-31;-2.0;-343.1
C47C02773623EE11B1AD1065050046EA;B0BDDED34CC83E11052F6792C000B249;2025-05-31;-2.0;-237.8
8625FEB90424EE11B1AD1065050087EA;B0BDDED34CC83E11052F6792C000B249;2025-05-31;-2.0;-77.04
0BEF8E7E968B3E11052F6792C000D249;B0BDDED34CC83E11052F6792C000B249;2025-05-31;-2.0;-73.8
E5917AB011CAED11A62CD892C0003F2A;B0BDDED34CC83E11052F6792C000B249;2025-05-31;-2.0;-685.86
5D8A4630EA456E11B7B78A650500BC08;44673735EAF46E11B7B78A650500BC08;2025-05-31;-6.0;-367.20000000000005
381EDC6E8F456E11B7B78A650500BC08;44673735EAF46E11B7B78A650500BC08;2025-05-31;-16.0;-146.08
C6F5C1F49C456E11B7B78A650500BC08;44673735EAF46E11B7B78A650500BC08;2025-05-31;-22.0;-188.6
75438B674C456E11B7B78A650500BC08;44673735EAF46E11B7B78A650500BC08;2025-05-31;-12.0;-1918.1000000000001
0FC8FBA81E456E11B7B78A650500BC08;44673735EAF46E11B7B78A650500BC08;2025-05-31;-2.0;-713.64
0139331F7D456E11B7B78A650500BC08;44673735EAF46E11B7B78A650500BC08;2025-05-31;-8.0;-249.6
62C0565E2E456E11B7B78A650500BC08;44673735EAF46E11B7B78A650500BC08;2025-05-31;-3.0;-96.0
2A13FAB6CC456E11B7B78A650500BC08;44673735EAF46E11B7B78A650500BC08;2025-05-31;-2.0;-1076.96
FE31AC4136137E11B7B78A650500DD08;44673735EAF46E11B7B78A650500BC08;2025-05-31;-6.0;-1879.06
F3EA6A911C5CCE11ADB31065050095B8;44673735EAF46E11B7B78A650500BC08;2025-05-31;-16.0;-10768.0
B7B5073B2C147E11B7B78A650500ED08;44673735EAF46E11B7B78A650500BC08;2025-05-31;-32.0;-4288.0
A9384A7B0321DE11ADB3106505003CB8;44673735EAF46E11B7B78A650500BC08;2025-05-31;-8.0;-480.0
8EE2C4F619A47E11B7B78A650500ED08;44673735EAF46E11B7B78A650500BC08;2025-05-31;16.0;4053.2799999999997
7705DB83A9F37E11B7B78A650500DD08;44673735EAF46E11B7B78A650500BC08;2025-05-31;-4.0;-316.2
97403614D0F27E11B7B78A650500DD08;44673735EAF46E11B7B78A650500BC08;2025-05-31;-2.0;-145.0
0DB18996A5FE6E11B7B78A650500BD08;44673735EAF46E11B7B78A650500BC08;2025-05-31;-2.0;-4611.72
7AB22E7B3A95DE11ADB31065050012C8;44673735EAF46E11B7B78A650500BC08;2025-05-31;-2.0;-266.0
2CE914265F66DE11ADB31065050023C8;44673735EAF46E11B7B78A650500BC08;2025-05-31;-2.0;-646.66
F57E6E57CB70DE11ADB3106505004BB8;44673735EAF46E11B7B78A650500BC08;2025-05-31;-2.0;-4083.86
7CDF82D5410A3E11052F6792C000D249;44673735EAF46E11B7B78A650500BC08;2025-05-31;-8.0;-2835.04
63365A69F7BAFE11128010650500E819;44673735EAF46E11B7B78A650500BC08;2025-05-31;-6.0;-240.0
9E54CA91478B3E11052F6792C000D249;44673735EAF46E11B7B78A650500BC08;2025-05-31;-6.0;-342.06
F6A087B6E039EE1191EE1065050009B9;44673735EAF46E11B7B78A650500BC08;2025-05-31;-6.0;-1065.82
0F40DCEDC5C0CE11877210650500A269;44673735EAF46E11B7B78A650500BC08;2025-05-31;-2.0;-1594.0
FC02C69FB0A2FE1191EE106505003DB9;44673735EAF46E11B7B78A650500BC08;2025-05-31;-2.0;-11407.88
42CA4D974487EE1191EE1065050037B9;44673735EAF46E11B7B78A650500BC08;2025-05-31;-2.0;-351.0
2702D4013FC9BE11877210650500C959;44673735EAF46E11B7B78A650500BC08;2025-05-31;-8.0;-158.23999999999998
DCCE1E8B8D48EE1191EE1065050048B9;44673735EAF46E11B7B78A650500BC08;2025-05-31;-8.0;-360.0
D843699B917ABE118772106505009A59;44673735EAF46E11B7B78A650500BC08;2025-05-31;-6.0;-3105.9
417ADCE697B0FE1191EE10650500CAB9;44673735EAF46E11B7B78A650500BC08;2025-05-31;-2.0;-223.76
27A154EB78F00F11112A674AC7E2A889;44673735EAF46E11B7B78A650500BC08;2025-05-31;-2.0;-107.6
E42184E73EBBEE1191EE1065050029B9;44673735EAF46E11B7B78A650500BC08;2025-05-31;-2.0;-287.54
973484C872CAED11A62CD892C0003F2A;44673735EAF46E11B7B78A650500BC08;2025-05-31;-8.0;-891.78
F0DD54E5D0CAED11A62CD892C0003F2A;44673735EAF46E11B7B78A650500BC08;2025-05-31;-2.0;-548.8
6C88F3EECAD0FE1191EE10650500FAB9;44673735EAF46E11B7B78A650500BC08;2025-05-31;-4.0;-433.74
AAF23FB46923FE1191EE10650500FDB9;44673735EAF46E11B7B78A650500BC08;2025-05-31;-2.0;-56.24
7D9E767F066E9E11726010650500CB4A;44673735EAF46E11B7B78A650500BC08;2025-05-31;-12.0;-258.2
144A9111FC1EFE11F1557891FE69E489;44673735EAF46E11B7B78A650500BC08;2025-05-31;-2.0;-128.16
8A5B1C8EDCFBEE1191EE1065050029B9;44673735EAF46E11B7B78A650500BC08;2025-05-31;-20.0;-773.5
AE7EC47D83C5AE11BE2110650500484A;44673735EAF46E11B7B78A650500BC08;2025-05-31;-2.0;-777.4
ADB5F1A24E8DDE11406610650500A64A;44673735EAF46E11B7B78A650500BC08;2025-05-31;-2.0;-1268.0
78375A67B5EEAE11BE2110650500F35A;44673735EAF46E11B7B78A650500BC08;2025-05-31;-6.0;-306.0
8A658761CFFD9E117260106505004B4A;44673735EAF46E11B7B78A650500BC08;2025-05-31;-8.0;-3568.0
A57E02AB926DAE11BE2110650500025A;44673735EAF46E11B7B78A650500BC08;2025-05-31;-2.0;-169.3
D2F14B15A9C1EE114066106505003C4A;44673735EAF46E11B7B78A650500BC08;2025-05-31;-2.0;-47.38
E5F85CDB3104BE11BE21106505007A5A;44673735EAF46E11B7B78A650500BC08;2025-05-31;-76.0;-2767.1599999999994
766E653D7FF0AE117260106505001F4A;44673735EAF46E11B7B78A650500BC08;2025-05-31;-2.0;-342.44
29801856A6F5AE11BE2110650500984A;44673735EAF46E11B7B78A650500BC08;2025-05-31;-2.0;-531.36
94049BD184EBDE11406610650500744A;44673735EAF46E11B7B78A650500BC08;2025-05-31;18.0;10068.7
57D74A26B651AE117260106505008F4A;44673735EAF46E11B7B78A650500BC08;2025-05-31;-2.0;-29.48
17FEA237E770BE11BE2110650500F55A;44673735EAF46E11B7B78A650500BC08;2025-05-31;-4.0;-40.06
B0F060E22CFA7E110819BB65050039AA;44673735EAF46E11B7B78A650500BC08;2025-05-31;-2.0;-422.68
0383BD34C090BE11BE2110650500165A;44673735EAF46E11B7B78A650500BC08;2025-05-31;-2.0;-399.0
A2AEB1B0C11A8E11F243BB650500304B;44673735EAF46E11B7B78A650500BC08;2025-05-31;-2.0;-35.56
742D25FFA9F68E11F243BB6505004C3B;44673735EAF46E11B7B78A650500BC08;2025-05-31;-2.0;-53.02
4FFC3C198EF39E115540106505008D3B;44673735EAF46E11B7B78A650500BC08;2025-05-31;-6.0;-283.08
93032E5C45CF8E11F243BB650500084B;44673735EAF46E11B7B78A650500BC08;2025-05-31;-4.0;-113.78
C6566F8BEF638E117E64BB650500BBAA;44673735EAF46E11B7B78A650500BC08;2025-05-31;-4.0;-2442.0
23B6A025A5309E11F243BB650500984B;44673735EAF46E11B7B78A650500BC08;2025-05-31;-10.0;-809.0799999999999
D0CB4FFDD6568E11F243BB6505007B3B;44673735EAF46E11B7B78A650500BC08;2025-05-31;-6.0;-371.42
D42BA40A88A05E1142D58A650500BC08;44673735EAF46E11B7B78A650500BC08;2025-05-31;-2.0;-1180.0
63AEBA9F16E05E1142D58A650500BC08;44673735EAF46E11B7B78A650500BC08;2025-05-31;-2.0;-94.36
600A07A13D456E11B7B78A650500BC08;44673735EAF46E11B7B78A650500BC08;2025-05-31;-4.0;-178.16
972693E4CD456E11B7B78A650500BC08;44673735EAF46E11B7B78A650500BC08;2025-05-31;-2.0;-110.0
E38FBCE7E61E4E1142D58A650500BC08;44673735EAF46E11B7B78A650500BC08;2025-05-31;-2.0;-333.8
D1C76B849C456E11B7B78A650500BC08;44673735EAF46E11B7B78A650500BC08;2025-05-31;-20.0;-445.0
B37AF9020E456E11B7B78A650500BC08;44673735EAF46E11B7B78A650500BC08;2025-05-31;-2.0;-556.0
BD577F655AE66E11B7B78A650500BC08;44673735EAF46E11B7B78A650500BC08;2025-05-31;-6.0;-222.0
886EDC4E3C456E11B7B78A650500BC08;44673735EAF46E11B7B78A650500BC08;2025-05-31;-4.0;-363.8
66A05155F92E6E11B7B78A6505003D08;44673735EAF46E11B7B78A650500BC08;2025-05-31;-4.0;-200.32
50F3CD2DD672DE11ADB310650500FDB8;44673735EAF46E11B7B78A650500BC08;2025-05-31;-4.0;-671.84
2E4824F49B5CCE11ADB31065050095B8;44673735EAF46E11B7B78A650500BC08;2025-05-31;-2.0;-521.9
5D928FA3DC456E11B7B78A650500BC08;44673735EAF46E11B7B78A650500BC08;2025-05-31;-2.0;-273.88
A6B9F50410A4DE11ADB310650500D0C8;44673735EAF46E11B7B78A650500BC08;2025-05-31;-2.0;-1914.0
48AFB10F18D2DE11ADB3106505007EB8;44673735EAF46E11B7B78A650500BC08;2025-05-31;-2.0;-192.18
4555D3753195EE1191EE1065050005B9;44673735EAF46E11B7B78A650500BC08;2025-05-31;-4.0;-1040.0
72D9C696D270DE11ADB3106505003BB8;44673735EAF46E11B7B78A650500BC08;2025-05-31;-2.0;-383.0
E97C4871CC07BE118772106505004659;44673735EAF46E11B7B78A650500BC08;2025-05-31;-2.0;-48.06
07AA95D2BC1EFE11F1557891FE69E489;44673735EAF46E11B7B78A650500BC08;2025-05-31;-2.0;-191.0
6C95D37F73167E11B7B78A650500ED08;44673735EAF46E11B7B78A650500BC08;2025-05-31;-4.0;-174.0
466A0FDB3FC8EE1191EE10650500E8B9;44673735EAF46E11B7B78A650500BC08;2025-05-31;-2.0;-183.44
BED2D9C031A9EE1191EE1065050009B9;44673735EAF46E11B7B78A650500BC08;2025-05-31;-2.0;-155.42
FB05029665D9EE1191EE1065050009B9;44673735EAF46E11B7B78A650500BC08;2025-05-31;-2.0;-384.5
2FF82942099BEE1191EE1065050029B9;44673735EAF46E11B7B78A650500BC08;2025-05-31;-2.0;-1779.94
DC5C44B94F7FFE11F1557891FE69A689;44673735EAF46E11B7B78A650500BC08;2025-05-31;-12.0;-954.72
8376033300C80E11A4A96492C0001269;44673735EAF46E11B7B78A650500BC08;2025-05-31;-8.0;-751.6
E936E415AA79DE11406610650500414A;44673735EAF46E11B7B78A650500BC08;2025-05-31;-12.0;-1128.0
D9F3557DABE1EE114066106505006C4A;44673735EAF46E11B7B78A650500BC08;2025-05-31;-2.0;-564.0
9858A37E26EEFE11F1557891FE69E589;44673735EAF46E11B7B78A650500BC08;2025-05-31;-2.0;-2000.0
6F4BCFB931CAED11A62CD892C0003F2A;44673735EAF46E11B7B78A650500BC08;2025-05-31;-2.0;-511.92
788F0F9C17C2FE1191EE106505006DB9;44673735EAF46E11B7B78A650500BC08;2025-05-31;-2.0;-59.0
9E4D455DE0CAED11A62CD892C0003F2A;44673735EAF46E11B7B78A650500BC08;2025-05-31;-2.0;-287.06
31D640AFF62FFE11F1557891FE693689;44673735EAF46E11B7B78A650500BC08;2025-05-31;-2.0;-160.0
C5E4D4490FFEFE11F1557891FE690689;44673735EAF46E11B7B78A650500BC08;2025-05-31;-2.0;-139.24
34CF5FCF20CAED11A62CD892C0003F2A;44673735EAF46E11B7B78A650500BC08;2025-05-31;-60.0;-420.0
B77061CD2D86FE1191EE1065050062C9;44673735EAF46E11B7B78A650500BC08;2025-05-31;-2.0;-280.0
14440411FDCDDE11406610650500F64A;44673735EAF46E11B7B78A650500BC08;2025-05-31;-2.0;-280.4
5CA94F0AC78CDE11406610650500554A;44673735EAF46E11B7B78A650500BC08;2025-05-31;-2.0;-800.0
9774D04B926DAE11BE2110650500025A;44673735EAF46E11B7B78A650500BC08;2025-05-31;-2.0;-173.16
07FDB19CDA9C7E110819BB65050039AA;44673735EAF46E11B7B78A650500BC08;2025-05-31;-2.0;-57.94
7BE5F75422A5BE11BE21106505008C5A;44673735EAF46E11B7B78A650500BC08;2025-05-31;-4.0;-452.0
69CDB042A33EAE11BE2110650500135A;44673735EAF46E11B7B78A650500BC08;2025-05-31;-6.0;-822.0
6EA940A0166E9E11726010650500CB4A;44673735EAF46E11B7B78A650500BC08;2025-05-31;-2.0;-43.38
B4137EBFE6197E110819BB65050009AA;44673735EAF46E11B7B78A650500BC08;2025-05-31;-6.0;-171.78
0C2637BE2CE1EE114066106505006C4A;44673735EAF46E11B7B78A650500BC08;2025-05-31;-4.0;-1524.0
19596318D7079E11554010650500814B;44673735EAF46E11B7B78A650500BC08;2025-05-31;-6.0;-373.84
E1AD8605C6CE8E11F243BB650500C64B;44673735EAF46E11B7B78A650500BC08;2025-05-31;-4.0;-612.66
A447B6F594C98E11F243BB650500DF3B;44673735EAF46E11B7B78A650500BC08;2025-05-31;-4.0;-1973.0
E8C33C9DD6568E11F243BB6505007B3B;44673735EAF46E11B7B78A650500BC08;2025-05-31;-4.0;-180.2
A5C9898F9A456E11B7B78A650500BC08;44673735EAF46E11B7B78A650500BC08;2025-05-31;-8.0;-4948.84
A9AFE694AC456E11B7B78A650500BC08;44673735EAF46E11B7B78A650500BC08;2025-05-31;-4.0;-88.16
A9A3EC7E34885E1142D58A650500DC08;44673735EAF46E11B7B78A650500BC08;2025-05-31;-2.0;-40.0
E913FAB6CC456E11B7B78A650500BC08;44673735EAF46E11B7B78A650500BC08;2025-05-31;-2.0;-521.5
CB2267EF3C456E11B7B78A650500BC08;44673735EAF46E11B7B78A650500BC08;2025-05-31;-2.0;-331.66
1BF58FB1DC456E11B7B78A650500BC08;44673735EAF46E11B7B78A650500BC08;2025-05-31;-2.0;-278.86
4E2AF3DE8F456E11B7B78A650500BC08;44673735EAF46E11B7B78A650500BC08;2025-05-31;-2.0;-25.0
3A29DD479C456E11B7B78A650500BC08;44673735EAF46E11B7B78A650500BC08;2025-05-31;-8.0;-122.9
9E78743488F07E11B7B78A650500CD08;44673735EAF46E11B7B78A650500BC08;2025-05-31;-2.0;-168.8
D3F3D755F74BCE11ADB31065050014B8;44673735EAF46E11B7B78A650500BC08;2025-05-31;-2.0;-1933.92
125559B666767E11B7B78A650500ED08;44673735EAF46E11B7B78A650500BC08;2025-05-31;-2.0;-232.36
7624D5E2AEEBCE11ADB310650500E4B8;44673735EAF46E11B7B78A650500BC08;2025-05-31;-2.0;-46.32
83B052656927CE11ADB310650500AEA8;44673735EAF46E11B7B78A650500BC08;2025-05-31;-2.0;-532.5
4F4E0C07AAB27E11B7B78A650500DD08;44673735EAF46E11B7B78A650500BC08;2025-05-31;-2.0;-358.26
D67DDBD899363E11052F6792C000FF39;44673735EAF46E11B7B78A650500BC08;2025-05-31;-2.0;-70.76
C130925975AE0E1143F0668E42001D49;44673735EAF46E11B7B78A650500BC08;2025-05-31;-2.0;-50.68
25D409E6B49DFE11F1557891FE693489;44673735EAF46E11B7B78A650500BC08;2025-05-31;-2.0;-400.0
261C0486D30A3E11052F6792C000D249;44673735EAF46E11B7B78A650500BC08;2025-05-31;-4.0;-1124.1999999999998
E02E850F00300F11F1557891FE698789;44673735EAF46E11B7B78A650500BC08;2025-05-31;-2.0;-200.36
11A4755322703E11052F6792C000CF39;44673735EAF46E11B7B78A650500BC08;2025-05-31;-6.0;-432.36
B97FCA99990FEE1191EE1065050029B9;44673735EAF46E11B7B78A650500BC08;2025-05-31;-2.0;-720.0
299EFFC3B10FFE11F1557891FE690689;44673735EAF46E11B7B78A650500BC08;2025-05-31;-2.0;-936.72
E92A9E32D004FE1191EE106505001FB9;44673735EAF46E11B7B78A650500BC08;2025-05-31;-2.0;-670.22
5AC4BBDF390FEE1191EE1065050029B9;44673735EAF46E11B7B78A650500BC08;2025-05-31;-20.0;-288.18
1C94E7523EA0CE118772106505008269;44673735EAF46E11B7B78A650500BC08;2025-05-31;-2.0;-838.62
79B9C19C2CF2CE118772106505007569;44673735EAF46E11B7B78A650500BC08;2025-05-31;-2.0;-297.2
5428CBF36DE0CE11877210650500D269;44673735EAF46E11B7B78A650500BC08;2025-05-31;-4.0;-3082.8
0AE7590ECAD0FE1191EE10650500FAB9;44673735EAF46E11B7B78A650500BC08;2025-05-31;-4.0;-856.36
2BBFF4148CA7FE1191EE10650500E3C9;44673735EAF46E11B7B78A650500BC08;2025-05-31;-2.0;-440.1
0DC5DC01B3F2DE11ADB3106505009EB8;44673735EAF46E11B7B78A650500BC08;2025-05-31;-2.0;-456.0
9286EF735A2A9E115250106505001B4A;44673735EAF46E11B7B78A650500BC08;2025-05-31;-2.0;-2374.56
1DC67A9CC0CAED11A62CD892C0003F2A;44673735EAF46E11B7B78A650500BC08;2025-05-31;-2.0;-182.9
01BD434BF77A9E115250106505007B4A;44673735EAF46E11B7B78A650500BC08;2025-05-31;-4.0;-507.64
88E3EB2B2EF10F114EF7A826072B0A89;44673735EAF46E11B7B78A650500BC08;2025-05-31;-4.0;-242.4
A80D4DBDCAD0FE1191EE10650500FAB9;44673735EAF46E11B7B78A650500BC08;2025-05-31;-2.0;-508.54
9D5B1CE180E2FE1191EE106505009DB9;44673735EAF46E11B7B78A650500BC08;2025-05-31;-2.0;-395.94
F4FEED5D653DDE11406610650500364A;44673735EAF46E11B7B78A650500BC08;2025-05-31;-2.0;-63.36
9E285B9B4D799E115250106505003A4A;44673735EAF46E11B7B78A650500BC08;2025-05-31;-2.0;-663.4
77DD8984ABE1EE114066106505006C4A;44673735EAF46E11B7B78A650500BC08;2025-05-31;-2.0;-564.48
A246B9556923FE1191EE10650500FDB9;44673735EAF46E11B7B78A650500BC08;2025-05-31;-4.0;-117.12
2276436B0651AE117260106505008F4A;44673735EAF46E11B7B78A650500BC08;2025-05-31;-2.0;-222.66
FEE17EB58CBFAE11BE2110650500055A;44673735EAF46E11B7B78A650500BC08;2025-05-31;-2.0;-214.0
2FC716D859B1EE114066106505001C4A;44673735EAF46E11B7B78A650500BC08;2025-05-31;-2.0;-39.82
F39A8F53066FAE11BE2110650500945A;44673735EAF46E11B7B78A650500BC08;2025-05-31;-8.0;-427.28
F4137EBFE6197E110819BB65050009AA;44673735EAF46E11B7B78A650500BC08;2025-05-31;-4.0;-79.88
CF228A9FF6108E110819BB65050039AA;44673735EAF46E11B7B78A650500BC08;2025-05-31;-2.0;-55.54
E6573FE0F9C87E110819BB65050009AA;44673735EAF46E11B7B78A650500BC08;2025-05-31;-8.0;-328.0
071BB29D1A738E110223BB650500DBAA;44673735EAF46E11B7B78A650500BC08;2025-05-31;-2.0;-411.58
751D0690E1809E11F243BB650500F84B;44673735EAF46E11B7B78A650500BC08;2025-05-31;-4.0;-374.96000000000004
D2537BC8CA098E11F243BB650500EE3B;44673735EAF46E11B7B78A650500BC08;2025-05-31;-2.0;-126.7
943E93D61D769E11554010650500D04B;44673735EAF46E11B7B78A650500BC08;2025-05-31;-2.0;-102.36
88C24747CD456E11B7B78A650500BC08;44673735EAF46E11B7B78A650500BC08;2025-05-31;-2.0;-286.1
DFE3CD8BFF456E11B7B78A650500BC08;44673735EAF46E11B7B78A650500BC08;2025-05-31;-2.0;-70.62
B10F31189AC9FE11128010650500E819;44673735EAF46E11B7B78A650500BC08;2025-05-31;-4.0;-307.6
1578ED68E602EE114066106505008C4A;44673735EAF46E11B7B78A650500BC08;2025-05-31;-4.0;-214.0
81764DAE24639E11554010650500CC3B;44673735EAF46E11B7B78A650500BC08;2025-05-31;-6.0;-219.54
F2A9466B4CFDBE118772106505001F59;44673735EAF46E11B7B78A650500BC08;2025-05-31;-2.0;-49.24
581502B3EFAF5E1142D58A650500AD08;FC081C55582CED11A62CD892C0003F2A;2025-05-31;-6.0;-73.76
194E0DF22B7AFE11128010650500E819;FC081C55582CED11A62CD892C0003F2A;2025-05-31;-2.0;-261.44
78CB224102EF2E11052F6792C000CF39;FC081C55582CED11A62CD892C0003F2A;2025-05-31;-2.0;-101.18
C54641363D85EE1191EE10650500F4B9;FC081C55582CED11A62CD892C0003F2A;2025-05-31;-2.0;-583.36
66DAAE8DDC93FE1191EE106505009EB9;FC081C55582CED11A62CD892C0003F2A;2025-05-31;-2.0;-870.28
1CF5EBC551CAED11A62CD892C0003F2A;FC081C55582CED11A62CD892C0003F2A;2025-05-31;-2.0;-421.18
A3E33EBDAF4CBE11877210650500FC59;FC081C55582CED11A62CD892C0003F2A;2025-05-31;-2.0;-2538.32
F870B0D19A3BED11A62CD892C0003F2A;FC081C55582CED11A62CD892C0003F2A;2025-05-31;-8.0;-932.04
1D804BDA456DCE11ADB310650500F6B8;FC081C55582CED11A62CD892C0003F2A;2025-05-31;-2.0;-1654.02
FF90065732106E1142D58A650500AD08;FC081C55582CED11A62CD892C0003F2A;2025-05-31;-2.0;-184.36
98CED553DDA7FE1191EE10650500E3C9;FC081C55582CED11A62CD892C0003F2A;2025-05-31;-2.0;-1285.6
CA6DB5225A53EE11B1AD1065050086EA;FC081C55582CED11A62CD892C0003F2A;2025-05-31;-2.0;-188.54
59F58DB5AC456E11B7B78A650500BC08;44673735EAF46E11B7B78A650500BC08;2025-05-31;6.0;303.7
BADCFDD2EE2BBE118772106505008B59;44673735EAF46E11B7B78A650500BC08;2025-05-31;2.0;170.64
46EAA2D6F47EFE11F1557891FE695589;44673735EAF46E11B7B78A650500BC08;2025-05-31;0.0;0.0
0EDCEF550DDDFE11F1557891FE699489;44673735EAF46E11B7B78A650500BC08;2025-05-31;0.0;0.0
B9BDD52C81CAED11A62CD892C0003F2A;44673735EAF46E11B7B78A650500BC08;2025-05-31;0.0;-2.2737367544323206e-13
1E95357A0FD4DE11ADB31065050021C8;44673735EAF46E11B7B78A650500BC08;2025-05-31;-2.0;-2992.0
D63DD8746C28BE11877210650500B759;44673735EAF46E11B7B78A650500BC08;2025-05-31;0.0;0.0
051E99104DFFFE11F1557891FE694789;44673735EAF46E11B7B78A650500BC08;2025-05-31;0.0;0.0
CE94264241CAED11A62CD892C0003F2A;FC081C55582CED11A62CD892C0003F2A;2025-05-31;-4.0;-875.6600000000001
8D724BC241CAED11A62CD892C0003F2A;FC081C55582CED11A62CD892C0003F2A;2025-05-31;-2.0;-1323.22
1605FA432376AE11BE2110650500394A;FC081C55582CED11A62CD892C0003F2A;2025-05-31;-2.0;-1039.84
14360F5EC7ABAE11BE2110650500DF4A;FC081C55582CED11A62CD892C0003F2A;2025-05-31;-2.0;-674.14
A46A382335DFEE1191EE10650500A9B9;FC081C55582CED11A62CD892C0003F2A;2025-05-31;-2.0;-996.62
C04E2C4EAD315E1142D58A650500BC08;FC081C55582CED11A62CD892C0003F2A;2025-05-31;-2.0;-437.52
A6587A2041CAED11A62CD892C0003F2A;FC081C55582CED11A62CD892C0003F2A;2025-05-31;-2.0;-528.2
72684B3E2233DE11ADB310650500EEB8;FC081C55582CED11A62CD892C0003F2A;2025-05-31;-2.0;-296.14
82FD7EDCF37DCE11ADB31065050007B8;FC081C55582CED11A62CD892C0003F2A;2025-05-31;-2.0;-110.9
A5459644CB05FD110DC22A92C0009D7B;FC081C55582CED11A62CD892C0003F2A;2025-05-31;-2.0;-859.86
F0853FE5C51CEE1191EE1065050029B9;FC081C55582CED11A62CD892C0003F2A;2025-05-31;-2.0;-330.6
BECAC9BC93FDDE11406610650500274A;FC081C55582CED11A62CD892C0003F2A;2025-05-31;-2.0;-552.7
3CA8C3A080A49E115540106505006E3B;44673735EAF46E11B7B78A650500BC08;2025-05-31;-4.0;-6684.72
36B5ED3878DDDE11406610650500074A;FC081C55582CED11A62CD892C0003F2A;2025-05-31;2.0;694.92
BB814222821A8E11F243BB650500304B;44673735EAF46E11B7B78A650500BC08;2025-05-31;-54.0;-8859.24
8F88B7682E74FE1191EE10650500CFB9;B0BDDED34CC83E11052F6792C000B249;2025-05-31;2.0;59.74
F03E72117EEAAE11BE2110650500EE4A;44673735EAF46E11B7B78A650500BC08;2025-05-31;-400.0;-7519.660000000001
A420FC5D390FEE1191EE1065050029B9;44673735EAF46E11B7B78A650500BC08;2025-05-31;-16.0;-1921.16
AC4FBD828009AE11BE21106505007C4A;44673735EAF46E11B7B78A650500BC08;2025-05-31;0.0;0.0
C7BB064DB639CE11ADB31065050051B8;44673735EAF46E11B7B78A650500BC08;2025-05-31;4.0;872.0
7D642BFAABE4DE11ADB31065050031C8;44673735EAF46E11B7B78A650500BC08;2025-05-31;8.0;2523.44
6A6562D6E770BE11BE2110650500F55A;44673735EAF46E11B7B78A650500BC08;2025-05-31;12.0;1340.0
2971F1E191CAED11A62CD892C0003F2A;FC081C55582CED11A62CD892C0003F2A;2025-05-31;20.0;3075.66
050CDCE691CAED11A62CD892C0003F2A;FC081C55582CED11A62CD892C0003F2A;2025-05-31;20.0;1035.52
C2946F0E7CE87E110819BB65050009AA;FC081C55582CED11A62CD892C0003F2A;2025-05-31;6.0;3180.02
76AB612F7200EE11406610650500E94A;FC081C55582CED11A62CD892C0003F2A;2025-05-31;20.0;3518.64
9D514C24B1CAED11A62CD892C0003F2A;B0BDDED34CC83E11052F6792C000B249;2025-05-31;24.0;2341.66
34459B390605FE1191EE1065050070C9;B0BDDED34CC83E11052F6792C000B249;2025-05-31;4.0;4231.7
7FA8FA5B3B158E113835BB650500DDAA;FC081C55582CED11A62CD892C0003F2A;2025-05-31;30.0;43909.54
C483438F72B10F114EF7A826072BA989;B0BDDED34CC83E11052F6792C000B249;2025-05-31;4.0;9314.12
8AA21114A2B10F114EF7A826072BA989;B0BDDED34CC83E11052F6792C000B249;2025-05-31;4.0;5493.54
23D21114A2B10F114EF7A826072BA989;B0BDDED34CC83E11052F6792C000B249;2025-05-31;4.0;6325.92
405726D86BBD3E11052F6792C000D249;B0BDDED34CC83E11052F6792C000B249;2025-05-31;216.0;3984.68
1047D9F00A610F11112A674AC7E23989;B0BDDED34CC83E11052F6792C000B249;2025-05-31;36.0;1307.28
703FB252C6EA9E115250106505000C4A;B0BDDED34CC83E11052F6792C000B249;2025-05-31;40.0;837.26
3C3C707766F86E11B7B78A650500BC08;FC081C55582CED11A62CD892C0003F2A;2025-05-31;48.0;982.24
2E19E7B7A2BD3E11052F6792C000D249;FC081C55582CED11A62CD892C0003F2A;2025-05-31;10.0;1630.42
2706E4C243530F114EF7A826072BBB89;44673735EAF46E11B7B78A650500BC08;2025-05-31;20.0;6071.44
00CA495F43530F114EF7A826072BBB89;44673735EAF46E11B7B78A650500BC08;2025-05-31;40.0;9396.08
A32B495F43530F114EF7A826072BBB89;44673735EAF46E11B7B78A650500BC08;2025-05-31;60.0;15146.78
64FB35BE73530F114EF7A826072BBB89;44673735EAF46E11B7B78A650500BC08;2025-05-31;10.0;2423.14
C1AB66E291CAED11A62CD892C0003F2A;B0BDDED34CC83E11052F6792C000B249;2025-05-31;10.0;973.76
0AC12F087853EE11B1AD1065050086EA;B0BDDED34CC83E11052F6792C000B249;2025-05-31;6.0;27587.02
6F578A90C1CAED11A62CD892C0003F2A;B0BDDED34CC83E11052F6792C000B249;2025-05-31;10.0;762.58
013FC117D265BE11BE21106505003C5A;B0BDDED34CC83E11052F6792C000B249;2025-05-31;20.0;4041.68
81AA2B10D265BE11BE21106505003C5A;44673735EAF46E11B7B78A650500BC08;2025-05-31;10.0;2020.84
8CC84C4EE88FEE1191EE1065050049B9;44673735EAF46E11B7B78A650500BC08;2025-05-31;4.0;19300.0
A2D6087492DD6E11B7B78A650500BC08;FC081C55582CED11A62CD892C0003F2A;2025-05-31;-2.0;-115.06
8740C931FAE1DE11ADB3106505004DB8;FC081C55582CED11A62CD892C0003F2A;2025-05-31;-2.0;-302.14
F4FA44C26BE15E1142D58A650500BC08;FC081C55582CED11A62CD892C0003F2A;2025-05-31;-4.0;-123.18
8596233FCF986E11B7B78A650500BC08;FC081C55582CED11A62CD892C0003F2A;2025-05-31;-6.0;-124.56
3949BFE63AC0DE11ADB310650500ABB8;FC081C55582CED11A62CD892C0003F2A;2025-05-31;-6.0;-131.01999999999998
CBC786987F8FCE11ADB310650500E9B8;FC081C55582CED11A62CD892C0003F2A;2025-05-31;-2.0;-153.66
61A17BDE12867E11B7B78A650500ED08;FC081C55582CED11A62CD892C0003F2A;2025-05-31;-2.0;-279.36
5F84CC30B1A83E11052F6792C000B249;FC081C55582CED11A62CD892C0003F2A;2025-05-31;-4.0;-662.92
70ACAEB805B4DE11ADB310650500F0C8;FC081C55582CED11A62CD892C0003F2A;2025-05-31;-2.0;-116.16
B1E0BA67146B3E11052F6792C000D249;FC081C55582CED11A62CD892C0003F2A;2025-05-31;-12.0;-429.9599999999999
B6ACBC211783DE11ADB3106505005FB8;FC081C55582CED11A62CD892C0003F2A;2025-05-31;-4.0;-1314.28
27ECDB8A7D0CFE111280106505000919;FC081C55582CED11A62CD892C0003F2A;2025-05-31;-4.0;-501.22
9F00431806D9FE11128010650500E819;FC081C55582CED11A62CD892C0003F2A;2025-05-31;-2.0;-94.78
3B05EB1C9B98FE11128010650500D819;FC081C55582CED11A62CD892C0003F2A;2025-05-31;-4.0;-301.44
70A76EE2378B3E11052F6792C000D249;FC081C55582CED11A62CD892C0003F2A;2025-05-31;-6.0;-205.5
D600AC871704DE11ADB31065050010C8;FC081C55582CED11A62CD892C0003F2A;2025-05-31;-2.0;-1501.1
0BE6BDF7D2EA3E11052F6792C000D249;FC081C55582CED11A62CD892C0003F2A;2025-05-31;-4.0;-570.32
05048CCA2B9FFE11F1557891FE69C689;FC081C55582CED11A62CD892C0003F2A;2025-05-31;-4.0;-1118.64
1F280D4ACE23FD110DC22A92C000C499;FC081C55582CED11A62CD892C0003F2A;2025-05-31;-4.0;-623.38
4D558A6EF77EFE11F1557891FE695589;FC081C55582CED11A62CD892C0003F2A;2025-05-31;-6.0;-1545.2400000000002
FBCEF4D87E63FD110DC22A92C000C499;FC081C55582CED11A62CD892C0003F2A;2025-05-31;-16.0;-383.52
9D408A108F11CE118772106505001369;FC081C55582CED11A62CD892C0003F2A;2025-05-31;-2.0;-482.6
60E1A9CB5C3FFE11F1557891FE695689;FC081C55582CED11A62CD892C0003F2A;2025-05-31;-6.0;-464.15999999999997
375BD54551CAED11A62CD892C0003F2A;FC081C55582CED11A62CD892C0003F2A;2025-05-31;-4.0;-741.56
4661388E81CAED11A62CD892C0003F2A;FC081C55582CED11A62CD892C0003F2A;2025-05-31;-4.0;-65.88
68C844D3D0CAED11A62CD892C0003F2A;FC081C55582CED11A62CD892C0003F2A;2025-05-31;-2.0;-151.52
CCCD4C4B701EEE1191EE1065050029B9;FC081C55582CED11A62CD892C0003F2A;2025-05-31;-4.0;-226.0
51ADEA7CEB8DED11A62CD892C0003F2A;FC081C55582CED11A62CD892C0003F2A;2025-05-31;-2.0;-353.34
4A059E5A40C0EE11406610650500DA4A;FC081C55582CED11A62CD892C0003F2A;2025-05-31;-4.0;-469.52
34677DB44169DE11C84610650500227A;FC081C55582CED11A62CD892C0003F2A;2025-05-31;-2.0;-28.22
FB52922868A0EE11406610650500BA4A;FC081C55582CED11A62CD892C0003F2A;2025-05-31;-2.0;-570.78
8847DE790E877E110819BB65050009AA;FC081C55582CED11A62CD892C0003F2A;2025-05-31;-4.0;-315.4
AE8E9D2507511E1143F0668E42008C3B;FC081C55582CED11A62CD892C0003F2A;2025-05-31;-8.0;-1743.92
62D988FE84F59E11554010650500204B;FC081C55582CED11A62CD892C0003F2A;2025-05-31;-4.0;-438.2
ED0AC18532B3EE11B1AD10650500F6EA;FC081C55582CED11A62CD892C0003F2A;2025-05-31;-4.0;-124.12
BB1DCCA56FFA8E11F243BB650500614B;FC081C55582CED11A62CD892C0003F2A;2025-05-31;-2.0;-42.0
BFC65DB3A1B0EE11406610650500CA4A;FC081C55582CED11A62CD892C0003F2A;2025-05-31;-4.0;-459.48
D43757DFEF05EE11B1AD10650500B8EA;FC081C55582CED11A62CD892C0003F2A;2025-05-31;-2.0;-318.56
C64EE207D13A7E110819BB65050029AA;FC081C55582CED11A62CD892C0003F2A;2025-05-31;-2.0;-674.14
AC6F9E27C47D8E11F243BB650500154B;FC081C55582CED11A62CD892C0003F2A;2025-05-31;-2.0;-267.64
20074E729F4DDE11406610650500564A;FC081C55582CED11A62CD892C0003F2A;2025-05-31;-2.0;-223.5
9345EEFAB8E97E110819BB65050019AA;FC081C55582CED11A62CD892C0003F2A;2025-05-31;-8.0;-487.18
18E1F5071AF1EE114066106505007C4A;FC081C55582CED11A62CD892C0003F2A;2025-05-31;-18.0;-1435.5
61878743D8C3EE11B1AD1065050017EA;FC081C55582CED11A62CD892C0003F2A;2025-05-31;-2.0;-428.36
3DD574944E462E1143F0668E420006EB;FC081C55582CED11A62CD892C0003F2A;2025-05-31;-2.0;-464.7
0A9EF37B8A65EE11B1AD1065050039EA;FC081C55582CED11A62CD892C0003F2A;2025-05-31;-10.0;-230.0
62233B27A083FE1191EE106505007EB9;FC081C55582CED11A62CD892C0003F2A;2025-05-31;-2.0;-81.44
1E9E79B3D1E7EE1191EE10650500A7B9;FC081C55582CED11A62CD892C0003F2A;2025-05-31;-2.0;-3.36
E24FF290411BFE11128010650500E819;FC081C55582CED11A62CD892C0003F2A;2025-05-31;-2.0;-39.22
AB492793775CEE1191EE1065050029B9;FC081C55582CED11A62CD892C0003F2A;2025-05-31;-2.0;-154.62
9D5778A93EAFFE11F1557891FE69E689;FC081C55582CED11A62CD892C0003F2A;2025-05-31;-2.0;-15.52
08CD082DA4D3DE11ADB310650500BFB8;FC081C55582CED11A62CD892C0003F2A;2025-05-31;-6.0;-194.52
6BA6B7D771500F11F1557891FE69B789;FC081C55582CED11A62CD892C0003F2A;2025-05-31;-4.0;-48.0
8F97D2735A47AE11BE21106505004A4A;FC081C55582CED11A62CD892C0003F2A;2025-05-31;-2.0;-173.7
4BEDEB771430EE114066106505002A4A;FC081C55582CED11A62CD892C0003F2A;2025-05-31;-4.0;-158.4
8D51EBF771500F11F1557891FE69B789;FC081C55582CED11A62CD892C0003F2A;2025-05-31;-2.0;-36.0
67E340E57654EE11B1AD10650500C7EA;FC081C55582CED11A62CD892C0003F2A;2025-05-31;-2.0;-35.98
C8B21A984EB88E11F243BB6505008E3B;FC081C55582CED11A62CD892C0003F2A;2025-05-31;-2.0;-75.78
3ECD899433CF3E11F7F68A650500DB08;FC081C55582CED11A62CD892C0003F2A;2025-05-31;-4.0;-443.78
202C9E6028407E11B7B78A650500CD08;FC081C55582CED11A62CD892C0003F2A;2025-05-31;-4.0;-795.04
179F13DA891A6E11B7B78A650500BC08;FC081C55582CED11A62CD892C0003F2A;2025-05-31;-4.0;-843.32
95F2F0F8E0446E11B7B78A650500BC08;FC081C55582CED11A62CD892C0003F2A;2025-05-31;-2.0;-1239.28
0820F6391282DE11ADB3106505000EB8;FC081C55582CED11A62CD892C0003F2A;2025-05-31;-6.0;-1789.3400000000001
3E23388C83A76E11B7B78A650500BC08;FC081C55582CED11A62CD892C0003F2A;2025-05-31;-2.0;-485.12
84A9A24C29BD5E1142D58A6505002D08;FC081C55582CED11A62CD892C0003F2A;2025-05-31;-2.0;-340.4
6E8A306FDC94DE11ADB310650500D0C8;FC081C55582CED11A62CD892C0003F2A;2025-05-31;-2.0;-593.82
3D04F268651ECE11ADB310650500E7B8;FC081C55582CED11A62CD892C0003F2A;2025-05-31;-14.0;-2468.34
843B89C178E4DE11ADB31065050031C8;FC081C55582CED11A62CD892C0003F2A;2025-05-31;-4.0;-1017.92
41ADBBC3B16AFE11128010650500E819;FC081C55582CED11A62CD892C0003F2A;2025-05-31;-2.0;-405.7
568B398D57F8FE11128010650500D819;FC081C55582CED11A62CD892C0003F2A;2025-05-31;2.0;312.36
0142D703DE82DE11ADB3106505001EB8;FC081C55582CED11A62CD892C0003F2A;2025-05-31;-2.0;-52.74
4EB6E7FAA1365E1142D58A650500DC08;FC081C55582CED11A62CD892C0003F2A;2025-05-31;-30.0;-469.70000000000005
03BD23A62883DE11ADB3106505005FB8;FC081C55582CED11A62CD892C0003F2A;2025-05-31;-2.0;-1028.0
CA72E5457076DE11ADB31065050023C8;FC081C55582CED11A62CD892C0003F2A;2025-05-31;-2.0;-295.86
1D2B6A371ABAFE11128010650500E819;FC081C55582CED11A62CD892C0003F2A;2025-05-31;-2.0;-194.7
52C1E2C0541AFE11128010650500E819;FC081C55582CED11A62CD892C0003F2A;2025-05-31;-4.0;-390.8
52B9E23810C13E11052F6792C000CF39;FC081C55582CED11A62CD892C0003F2A;2025-05-31;-2.0;-409.44
DFECCCBACD7ABE11877210650500AA59;FC081C55582CED11A62CD892C0003F2A;2025-05-31;-2.0;-306.98
E7008A96098AFE11128010650500E819;FC081C55582CED11A62CD892C0003F2A;2025-05-31;-2.0;-814.0
66D7E37B383EFE11F1557891FE690589;FC081C55582CED11A62CD892C0003F2A;2025-05-31;-2.0;-211.0
EAC16437E3DDBE11877210650500EE59;FC081C55582CED11A62CD892C0003F2A;2025-05-31;-2.0;-129.12
5C3E07A3698DFE11F1557891FE692489;FC081C55582CED11A62CD892C0003F2A;2025-05-31;-6.0;-442.06
D78C129EF77EFE11F1557891FE695589;FC081C55582CED11A62CD892C0003F2A;2025-05-31;-4.0;-164.44
6BEBE596FB913E11052F6792C000CF39;FC081C55582CED11A62CD892C0003F2A;2025-05-31;-6.0;-3600.0
205BCFB931CAED11A62CD892C0003F2A;FC081C55582CED11A62CD892C0003F2A;2025-05-31;-10.0;-402.28
0A9169DEFC0EEE1191EE1065050029B9;FC081C55582CED11A62CD892C0003F2A;2025-05-31;-2.0;-3812.0
E0F48D06833CBE11877210650500DC59;FC081C55582CED11A62CD892C0003F2A;2025-05-31;-2.0;-314.3
9F81F289764DEE1191EE1065050029B9;FC081C55582CED11A62CD892C0003F2A;2025-05-31;-2.0;-353.32
BA7E560A3F2DFE11F1557891FE69B389;FC081C55582CED11A62CD892C0003F2A;2025-05-31;-2.0;-992.92
0979BE46AF6DFE11F1557891FE690489;FC081C55582CED11A62CD892C0003F2A;2025-05-31;-6.0;-718.2
DC280D4ACE23FD110DC22A92C000C499;FC081C55582CED11A62CD892C0003F2A;2025-05-31;-12.0;-415.38
E8110F3314D7EE1191EE1065050097B9;FC081C55582CED11A62CD892C0003F2A;2025-05-31;-2.0;-61.94
219DD72987C2FE1191EE106505006DB9;FC081C55582CED11A62CD892C0003F2A;2025-05-31;-8.0;-150.48
7320D83931CAED11A62CD892C0003F2A;FC081C55582CED11A62CD892C0003F2A;2025-05-31;-2.0;-3655.94
03E44B4EA4FAEE1191EE1065050029B9;FC081C55582CED11A62CD892C0003F2A;2025-05-31;-2.0;-229.36
CBFCDC668371FE1191EE10650500BBB9;FC081C55582CED11A62CD892C0003F2A;2025-05-31;-4.0;-294.72
5F07BE9F80E9DE11406610650500C14A;FC081C55582CED11A62CD892C0003F2A;2025-05-31;-2.0;-220.16
379F48242CECDE11406610650500D54A;FC081C55582CED11A62CD892C0003F2A;2025-05-31;-2.0;-420.46
4E5EB1884E012E1143F0668E4200C71A;FC081C55582CED11A62CD892C0003F2A;2025-05-31;-4.0;-715.04
1367E4C6AE3C9E11726010650500F84A;FC081C55582CED11A62CD892C0003F2A;2025-05-31;-2.0;-310.74
1AD09E37D4F5FE1191EE10650500A1C9;FC081C55582CED11A62CD892C0003F2A;2025-05-31;-4.0;-781.16
6F724BC241CAED11A62CD892C0003F2A;FC081C55582CED11A62CD892C0003F2A;2025-05-31;-6.0;-4962.0599999999995
A09DE472E0CAED11A62CD892C0003F2A;FC081C55582CED11A62CD892C0003F2A;2025-05-31;-2.0;-861.14
97E599A28330EE114066106505002A4A;FC081C55582CED11A62CD892C0003F2A;2025-05-31;-2.0;-190.52
0211358D85802E1143F0668E4200C71A;FC081C55582CED11A62CD892C0003F2A;2025-05-31;-2.0;-487.86
E75B4B69FA79DE11406610650500414A;FC081C55582CED11A62CD892C0003F2A;2025-05-31;-2.0;-328.3
24EC4EE7A0CAED11A62CD892C0003F2A;FC081C55582CED11A62CD892C0003F2A;2025-05-31;-2.0;-83.3
6E679C94F40ADE11406610650500F14A;FC081C55582CED11A62CD892C0003F2A;2025-05-31;-10.0;-230.0
71A7FC4F2AF1EE114066106505007C4A;FC081C55582CED11A62CD892C0003F2A;2025-05-31;-2.0;-514.34
24E672B42AA5FE1191EE1065050041C9;FC081C55582CED11A62CD892C0003F2A;2025-05-31;-2.0;-164.0
EF3BE55748A0EE11406610650500BA4A;FC081C55582CED11A62CD892C0003F2A;2025-05-31;-2.0;-131.28
FCF0602141E4EE11B1AD1065050078EA;FC081C55582CED11A62CD892C0003F2A;2025-05-31;-2.0;-2525.26
2A12BAC636EEAE11BE2110650500F35A;FC081C55582CED11A62CD892C0003F2A;2025-05-31;-6.0;-505.3
4FB0BB8E4B768E11F243BB650500AB3B;FC081C55582CED11A62CD892C0003F2A;2025-05-31;-2.0;-301.0
0F9BDEC4A471BE11BE2110650500375A;FC081C55582CED11A62CD892C0003F2A;2025-05-31;-2.0;-635.4
8CB12BC9C6838E113835BB6505000CAA;FC081C55582CED11A62CD892C0003F2A;2025-05-31;-8.0;-675.12
4294F80B58138E117E64BB6505004BAA;FC081C55582CED11A62CD892C0003F2A;2025-05-31;-8.0;-866.88
A18750AE8222AE11726010650500805A;FC081C55582CED11A62CD892C0003F2A;2025-05-31;-4.0;-451.96
9CF6BB3F5A1B8E11F243BB650500814B;FC081C55582CED11A62CD892C0003F2A;2025-05-31;-4.0;-606.36
4D90BF0CDA65EE11B1AD1065050039EA;FC081C55582CED11A62CD892C0003F2A;2025-05-31;-14.0;-550.9
75EEAD48508C7E110819BB65050039AA;FC081C55582CED11A62CD892C0003F2A;2025-05-31;-2.0;-680.42
62BE66F7BA0E8E11F243BB650500D54B;FC081C55582CED11A62CD892C0003F2A;2025-05-31;-2.0;-517.1
988B16CFED11BE11BE2110650500C65A;FC081C55582CED11A62CD892C0003F2A;2025-05-31;-2.0;-513.0
A124E50E08449E11554010650500ED3B;FC081C55582CED11A62CD892C0003F2A;2025-05-31;-18.0;-885.0
BF6E6FD0C7788E11F243BB6505002E3B;FC081C55582CED11A62CD892C0003F2A;2025-05-31;-12.0;-398.52
6AF951543EF59E11554010650500304B;FC081C55582CED11A62CD892C0003F2A;2025-05-31;-2.0;-374.14
91FC07DC5BF5CE11ADB3106505007DA8;FC081C55582CED11A62CD892C0003F2A;2025-05-31;-2.0;-345.62
6E81B8B19E016E1142D58A650500AD08;FC081C55582CED11A62CD892C0003F2A;2025-05-31;-2.0;-382.04
EBFBD80C6F466E11B7B78A650500BC08;FC081C55582CED11A62CD892C0003F2A;2025-05-31;-2.0;-139.12
8D91A96E5D89FE11128010650500E819;FC081C55582CED11A62CD892C0003F2A;2025-05-31;-2.0;-389.6
F46720E81FD1DE11ADB3106505003DB8;FC081C55582CED11A62CD892C0003F2A;2025-05-31;-2.0;-610.0
3D8BE69F6109FE11128010650500D819;FC081C55582CED11A62CD892C0003F2A;2025-05-31;-2.0;-2577.78
40E8494FD7B1CE11877210650500D369;FC081C55582CED11A62CD892C0003F2A;2025-05-31;-2.0;-5120.82
2059A8AF3CADBE11877210650500BE59;FC081C55582CED11A62CD892C0003F2A;2025-05-31;-2.0;-239.74
6D83214D4294DE11ADB310650500C0C8;FC081C55582CED11A62CD892C0003F2A;2025-05-31;-2.0;-391.98
AFD8494FD7B1CE11877210650500D369;FC081C55582CED11A62CD892C0003F2A;2025-05-31;-2.0;-7080.98
FAF6955D82C5EE1191EE1065050045B9;FC081C55582CED11A62CD892C0003F2A;2025-05-31;-4.0;-488.0
BC4245AFC26CEE1191EE1065050029B9;FC081C55582CED11A62CD892C0003F2A;2025-05-31;-2.0;-1030.1
FED6FC7815520F114EF7A826072B7A89;FC081C55582CED11A62CD892C0003F2A;2025-05-31;-2.0;-823.7
410BF1995EACEE1191EE1065050029B9;FC081C55582CED11A62CD892C0003F2A;2025-05-31;-2.0;-2863.4
14BB75583DBFBE118772106505005169;FC081C55582CED11A62CD892C0003F2A;2025-05-31;-2.0;-127.88
F755790370FBEE1191EE1065050029B9;FC081C55582CED11A62CD892C0003F2A;2025-05-31;-2.0;-288.0
149B874C8977EE1191EE1065050027B9;FC081C55582CED11A62CD892C0003F2A;2025-05-31;-2.0;-130.86
41B255308C2CDE11406610650500E44A;FC081C55582CED11A62CD892C0003F2A;2025-05-31;-2.0;-241.96
F0ACE42180530F114EF7A826072BBB89;FC081C55582CED11A62CD892C0003F2A;2025-05-31;-2.0;-763.44
DDD7334651CAED11A62CD892C0003F2A;FC081C55582CED11A62CD892C0003F2A;2025-05-31;-2.0;-551.2
4AB7FCBFE0CAED11A62CD892C0003F2A;FC081C55582CED11A62CD892C0003F2A;2025-05-31;-2.0;-219.86
7421D87750600F11F1557891FE69C789;FC081C55582CED11A62CD892C0003F2A;2025-05-31;-2.0;-104.0
1E6D079D1F22FE1191EE10650500ACB9;FC081C55582CED11A62CD892C0003F2A;2025-05-31;-2.0;-478.02
144DDE41F0CAED11A62CD892C0003F2A;FC081C55582CED11A62CD892C0003F2A;2025-05-31;-2.0;-647.56
4D46A2E5CFF6FE1191EE10650500F2C9;FC081C55582CED11A62CD892C0003F2A;2025-05-31;-4.0;-779.92
DF09AA3111CAED11A62CD892C0003F2A;FC081C55582CED11A62CD892C0003F2A;2025-05-31;-2.0;-912.7
F193204A4317DE11C846106505003F6A;FC081C55582CED11A62CD892C0003F2A;2025-05-31;-2.0;-658.12
9EE88B899B4EDE11406610650500B74A;FC081C55582CED11A62CD892C0003F2A;2025-05-31;-2.0;-479.86
AE59ACEB697BAE11BE21106505009F4A;FC081C55582CED11A62CD892C0003F2A;2025-05-31;-4.0;-197.6
E88EB7DDA222AE11726010650500805A;FC081C55582CED11A62CD892C0003F2A;2025-05-31;-6.0;-676.64
445CEACB42708E110819BB65050039AA;FC081C55582CED11A62CD892C0003F2A;2025-05-31;-2.0;-172.52
1E5C36C4C0CAED11A62CD892C0003F2A;FC081C55582CED11A62CD892C0003F2A;2025-05-31;-4.0;-804.44
11E7DA5511CAED11A62CD892C0003F2A;FC081C55582CED11A62CD892C0003F2A;2025-05-31;-2.0;-712.02
0640AEE438B4EE11B1AD1065050048EA;FC081C55582CED11A62CD892C0003F2A;2025-05-31;-2.0;-1339.0
5FC53B86878DAE11BE2110650500325A;FC081C55582CED11A62CD892C0003F2A;2025-05-31;-4.0;-356.8
760091487C23BE11BE2110650500695A;FC081C55582CED11A62CD892C0003F2A;2025-05-31;-2.0;-288.38
406D3248360C7E110819BB65050039AA;FC081C55582CED11A62CD892C0003F2A;2025-05-31;-2.0;-589.12
9E74A4B63DE40E11A4A96492C000067B;FC081C55582CED11A62CD892C0003F2A;2025-05-31;-2.0;-109.82
014831068A74EE11B1AD10650500F7EA;FC081C55582CED11A62CD892C0003F2A;2025-05-31;-2.0;-105.06
D29670AC7D6AFE11128010650500E819;FC081C55582CED11A62CD892C0003F2A;2025-05-31;-2.0;-31.32
58160BC62767BE11877210650500B659;FC081C55582CED11A62CD892C0003F2A;2025-05-31;-2.0;-134.34
9C6B24C9932FFE11F1557891FE693689;FC081C55582CED11A62CD892C0003F2A;2025-05-31;-2.0;-946.84
005A51AD22130F114EF7A826072B6B89;FC081C55582CED11A62CD892C0003F2A;2025-05-31;-2.0;-786.04
832CA1D1D1A60E11A4A96492C0004B38;FC081C55582CED11A62CD892C0003F2A;2025-05-31;-2.0;-316.46
B2C79D1FC01C3E11052F6792C000D249;FC081C55582CED11A62CD892C0003F2A;2025-05-31;-4.0;-132.0
4D552F68FFF10F114EF7A826072B0A89;FC081C55582CED11A62CD892C0003F2A;2025-05-31;-2.0;-2364.58
1ACEF4D87E63FD110DC22A92C000C499;FC081C55582CED11A62CD892C0003F2A;2025-05-31;-2.0;-291.3
E938FC289F900F11F1557891FE691889;FC081C55582CED11A62CD892C0003F2A;2025-05-31;-2.0;-186.82
0F3DDB33E879DE11406610650500414A;FC081C55582CED11A62CD892C0003F2A;2025-05-31;-2.0;-299.2
7AB132602040EE114066106505003A4A;FC081C55582CED11A62CD892C0003F2A;2025-05-31;-2.0;-179.74
712D9EEEDD500F11F1557891FE69C789;FC081C55582CED11A62CD892C0003F2A;2025-05-31;-2.0;-152.14
C48BCC0A68138E110223BB6505005BAA;FC081C55582CED11A62CD892C0003F2A;2025-05-31;-2.0;-986.56
D9947573BF73EE11B1AD10650500B6EA;FC081C55582CED11A62CD892C0003F2A;2025-05-31;-4.0;-1006.94
40A3DD5E9D67EE1191EE1065050017B9;FC081C55582CED11A62CD892C0003F2A;2025-05-31;-2.0;-386.8
7844282DECB1EE114066106505001C4A;FC081C55582CED11A62CD892C0003F2A;2025-05-31;-2.0;-117.0
EB5627ADC0CAED11A62CD892C0003F2A;FC081C55582CED11A62CD892C0003F2A;2025-05-31;-2.0;-410.02
A6EB8333514C7E110819BB65050039AA;FC081C55582CED11A62CD892C0003F2A;2025-05-31;-2.0;-273.96
AC0ECEF0EC065E1142D58A650500DC08;B0BDDED34CC83E11052F6792C000B249;2025-05-31;-100.0;-532.0
B02682CA77960E11A4A96492C0004B38;B0BDDED34CC83E11052F6792C000B249;2025-05-31;-2.0;-872.16
473B611FE6C75E1142D58A650500DC08;B0BDDED34CC83E11052F6792C000B249;2025-05-31;-4.0;-87.0
97295CC2ECD4DE11ADB31065050021C8;B0BDDED34CC83E11052F6792C000B249;2025-05-31;-2.0;-216.68
A76C3997B34C2E11052F6792C000CF39;B0BDDED34CC83E11052F6792C000B249;2025-05-31;-2.0;-284.8
C90B8BE5BFC85E1142D58A650500DC08;B0BDDED34CC83E11052F6792C000B249;2025-05-31;-4.0;-488.56
76848C99ECC65E1142D58A650500DC08;B0BDDED34CC83E11052F6792C000B249;2025-05-31;-4.0;-1429.52
73228585A1256E11B7B78A650500BC08;B0BDDED34CC83E11052F6792C000B249;2025-05-31;-2.0;-59.48
72F60CD4DC8E0E1143F0668E42001D49;B0BDDED34CC83E11052F6792C000B249;2025-05-31;-2.0;-63.44
2A835D534B1DCE11ADB31065050096B8;B0BDDED34CC83E11052F6792C000B249;2025-05-31;-2.0;-765.24
A070DE37A094DE11ADB310650500C0C8;B0BDDED34CC83E11052F6792C000B249;2025-05-31;-2.0;-270.42
A3D159AF6622CE118772106505006469;B0BDDED34CC83E11052F6792C000B249;2025-05-31;-2.0;-263.46
7B74C76F33983E11052F6792C000B249;B0BDDED34CC83E11052F6792C000B249;2025-05-31;-4.0;-1878.2
8B9A732C14BEEE1191EE1065050029B9;B0BDDED34CC83E11052F6792C000B249;2025-05-31;-12.0;-1382.6399999999999
2DEBE596FB913E11052F6792C000CF39;B0BDDED34CC83E11052F6792C000B249;2025-05-31;-2.0;-908.0
F5815C9DA8FEFD11A4A96492C000DFF9;B0BDDED34CC83E11052F6792C000B249;2025-05-31;-4.0;-346.78
23BFF0EBD9733E11052F6792C000CF39;B0BDDED34CC83E11052F6792C000B249;2025-05-31;48.0;3802.12
5096C19D764E3E11052F6792C000D249;B0BDDED34CC83E11052F6792C000B249;2025-05-31;-4.0;-141.52
A05BCFB931CAED11A62CD892C0003F2A;B0BDDED34CC83E11052F6792C000B249;2025-05-31;-10.0;-1646.3
C786FA88A8E9BE11877210650500E959;B0BDDED34CC83E11052F6792C000B249;2025-05-31;-2.0;-231.0
1A9E47EAD0CAED11A62CD892C0003F2A;B0BDDED34CC83E11052F6792C000B249;2025-05-31;-2.0;-196.82
E52D7919BDE6EE1191EE1065050096B9;B0BDDED34CC83E11052F6792C000B249;2025-05-31;-6.0;-463.36
D19BB862B0CAED11A62CD892C0003F2A;B0BDDED34CC83E11052F6792C000B249;2025-05-31;-4.0;-136.04
C8904BBEC0CAED11A62CD892C0003F2A;B0BDDED34CC83E11052F6792C000B249;2025-05-31;-2.0;-221.1
A3FAF7472CE99E11525010650500CA4A;B0BDDED34CC83E11052F6792C000B249;2025-05-31;-2.0;-900.04
C464EB2B2EF10F114EF7A826072B0A89;B0BDDED34CC83E11052F6792C000B249;2025-05-31;-2.0;-121.2
01E14C3D64A1BE11BE2110650500775A;B0BDDED34CC83E11052F6792C000B249;2025-05-31;-4.0;-168.52
640BF153001B1E1143F0668E4200EF5A;B0BDDED34CC83E11052F6792C000B249;2025-05-31;-4.0;-862.6
729C625084A0EE11406610650500BA4A;B0BDDED34CC83E11052F6792C000B249;2025-05-31;-2.0;-234.7
765ED1CF2BC6AE11BE2110650500A94A;B0BDDED34CC83E11052F6792C000B249;2025-05-31;-2.0;-41.6
4B5E7A9937C4EE11B1AD1065050058EA;B0BDDED34CC83E11052F6792C000B249;2025-05-31;-2.0;-1082.54
FF9E86B00FC18E113835BB650500B9AA;B0BDDED34CC83E11052F6792C000B249;2025-05-31;-4.0;-88.76
E8196547C9CC1E1143F0668E4200502B;B0BDDED34CC83E11052F6792C000B249;2025-05-31;-2.0;-603.44
A2309A42ACB04E1142D58A650500DB08;B0BDDED34CC83E11052F6792C000B249;2025-05-31;-8.0;-1109.36
FE31AC4136137E11B7B78A650500DD08;B0BDDED34CC83E11052F6792C000B249;2025-05-31;-4.0;-1211.82
75FBC18E5E5F3E11F7F68A650500DB08;B0BDDED34CC83E11052F6792C000B249;2025-05-31;-2.0;-42.94
00CF9589C8846E11B7B78A650500BC08;B0BDDED34CC83E11052F6792C000B249;2025-05-31;-8.0;-642.02
ABC6953C5BE15E1142D58A650500BC08;B0BDDED34CC83E11052F6792C000B249;2025-05-31;-2.0;-57.6
8DB0752648FF5E1142D58A650500AD08;B0BDDED34CC83E11052F6792C000B249;2025-05-31;-2.0;-459.22
2E986C50E3735E1142D58A650500DC08;B0BDDED34CC83E11052F6792C000B249;2025-05-31;-2.0;-95.16
15465FAD3AC0DE11ADB310650500ABB8;B0BDDED34CC83E11052F6792C000B249;2025-05-31;-4.0;-157.18
F9301C8933817E11B7B78A650500CD08;B0BDDED34CC83E11052F6792C000B249;2025-05-31;-4.0;-284.0
7E3D4DF947E4DE11ADB31065050031C8;B0BDDED34CC83E11052F6792C000B249;2025-05-31;-2.0;-242.0
053F09DF4A62FD110DC22A92C0006778;B0BDDED34CC83E11052F6792C000B249;2025-05-31;-2.0;-199.04
165D5DA33B39CE11ADB31065050051B8;B0BDDED34CC83E11052F6792C000B249;2025-05-31;-2.0;-1615.42
C4E9631F9CDFCE11ADB3106505005AB8;B0BDDED34CC83E11052F6792C000B249;2025-05-31;-4.0;-497.06
413E7B9A2D42DE11ADB310650500CDB8;B0BDDED34CC83E11052F6792C000B249;2025-05-31;-2.0;-944.62
0E900064035CCE11ADB31065050085B8;B0BDDED34CC83E11052F6792C000B249;2025-05-31;-2.0;-605.66
67ACBA0B7092DE11ADB3106505001EB8;B0BDDED34CC83E11052F6792C000B249;2025-05-31;-2.0;-159.18
A35D9CB153A6DE11ADB31065050063C8;B0BDDED34CC83E11052F6792C000B249;2025-05-31;-2.0;-80.9
19C3840F18363E11052F6792C000FF39;B0BDDED34CC83E11052F6792C000B249;2025-05-31;-2.0;-121.76
CCB2E377B12AFE11128010650500E819;B0BDDED34CC83E11052F6792C000B249;2025-05-31;-2.0;-459.1
C64CB86E4C2BFE11128010650500E819;B0BDDED34CC83E11052F6792C000B249;2025-05-31;-4.0;-79.58
D05B53538ABAFE11128010650500E819;B0BDDED34CC83E11052F6792C000B249;2025-05-31;-4.0;-125.44
E484C0E058B13E11052F6792C000CF39;B0BDDED34CC83E11052F6792C000B249;2025-05-31;-4.0;-304.44
46C66CB929DA3E11052F6792C000D249;B0BDDED34CC83E11052F6792C000B249;2025-05-31;-2.0;-154.0
4DA5C9B33AFB3E11052F6792C000D249;B0BDDED34CC83E11052F6792C000B249;2025-05-31;-2.0;-257.38
3BF4E1DF5C4A3E11052F6792C000D249;B0BDDED34CC83E11052F6792C000B249;2025-05-31;-2.0;-49.36
9C2399A60207BE118772106505003659;B0BDDED34CC83E11052F6792C000B249;2025-05-31;-4.4;-724.52
E220DFA7B39BBE118772106505000C59;B0BDDED34CC83E11052F6792C000B249;2025-05-31;-2.0;-188.36
347D9407F7B13E11052F6792C000CF39;B0BDDED34CC83E11052F6792C000B249;2025-05-31;-2.0;-199.52
4CEBE596FB913E11052F6792C000CF39;B0BDDED34CC83E11052F6792C000B249;2025-05-31;-2.0;-1770.0
EF78AC04A537BE118772106505007659;B0BDDED34CC83E11052F6792C000B249;2025-05-31;-2.0;-379.82
D0DE70D0A4ABEE1191EE1065050029B9;B0BDDED34CC83E11052F6792C000B249;2025-05-31;-2.0;-206.74
04E6F2AC9E85EE1191EE10650500F4B9;B0BDDED34CC83E11052F6792C000B249;2025-05-31;-2.0;-679.92
FE40C462F123CE11877210650500A569;B0BDDED34CC83E11052F6792C000B249;2025-05-31;-8.0;-240.56
61A8B7D771500F11F1557891FE69B789;B0BDDED34CC83E11052F6792C000B249;2025-05-31;-2.0;-48.0
ACC27A7E2D6C0E11A4A96492C0001269;B0BDDED34CC83E11052F6792C000B249;2025-05-31;-2.0;-422.18
2776EC1BFE7ABE11877210650500AA59;B0BDDED34CC83E11052F6792C000B249;2025-05-31;-2.0;-628.18
63D7D8CC1A5FFE11F1557891FE697689;B0BDDED34CC83E11052F6792C000B249;2025-05-31;-4.0;-276.08
B88DCB4E6BB6EE1191EE1065050076B9;B0BDDED34CC83E11052F6792C000B249;2025-05-31;-2.0;-494.96
CB89AA4CF77DEE1191EE1065050029B9;B0BDDED34CC83E11052F6792C000B249;2025-05-31;-2.0;-633.68
DA9E47EAD0CAED11A62CD892C0003F2A;B0BDDED34CC83E11052F6792C000B249;2025-05-31;-2.0;-278.02
BFD1C858411DEE1191EE1065050029B9;B0BDDED34CC83E11052F6792C000B249;2025-05-31;-2.0;-2130.1
185818F9E64DEE1191EE1065050029B9;B0BDDED34CC83E11052F6792C000B249;2025-05-31;-4.0;-211.88
C8B7FCBFE0CAED11A62CD892C0003F2A;B0BDDED34CC83E11052F6792C000B249;2025-05-31;-2.0;-356.64
3F1AD9D6D0CAED11A62CD892C0003F2A;B0BDDED34CC83E11052F6792C000B249;2025-05-31;-2.0;-236.58
BD1957F1E0CAED11A62CD892C0003F2A;B0BDDED34CC83E11052F6792C000B249;2025-05-31;-4.0;-1064.52
B43A2F84CDD9DE11406610650500C14A;B0BDDED34CC83E11052F6792C000B249;2025-05-31;-2.0;-832.2
B816285AA44FDE11406610650500F84A;B0BDDED34CC83E11052F6792C000B249;2025-05-31;-2.0;-121.26
19EA96458B50EE114066106505005A4A;B0BDDED34CC83E11052F6792C000B249;2025-05-31;-2.0;-42.46
DB3E818302CAED11A62CD892C0003F2A;B0BDDED34CC83E11052F6792C000B249;2025-05-31;-2.0;-121.32
F8442C6590F0EE114066106505001B4A;B0BDDED34CC83E11052F6792C000B249;2025-05-31;-2.0;-23.84
FE4D455DE0CAED11A62CD892C0003F2A;B0BDDED34CC83E11052F6792C000B249;2025-05-31;-2.0;-484.22
D11CCA92181BDE11406610650500634A;B0BDDED34CC83E11052F6792C000B249;2025-05-31;-4.0;-96.46
BCDF16A58B50EE114066106505005A4A;B0BDDED34CC83E11052F6792C000B249;2025-05-31;-2.0;-61.98
736EDCF8D1CAED11A62CD892C0003F2A;B0BDDED34CC83E11052F6792C000B249;2025-05-31;18.0;1357.22
6C4F278C0ADEAE11BE2110650500E35A;B0BDDED34CC83E11052F6792C000B249;2025-05-31;-12.0;-291.6
C0FD6B3977018E110819BB65050039AA;B0BDDED34CC83E11052F6792C000B249;2025-05-31;-2.0;-88.34
C7A0B20A59CCAE11BE2110650500415A;B0BDDED34CC83E11052F6792C000B249;2025-05-31;-2.0;-839.04
0D78B1557EE1EE114066106505006C4A;B0BDDED34CC83E11052F6792C000B249;2025-05-31;-2.0;-216.48
B1F098837A5D7E110819BB65050039AA;B0BDDED34CC83E11052F6792C000B249;2025-05-31;-2.0;-5.76
5B6AF443F6B9FD11A4A96492C0006F3B;B0BDDED34CC83E11052F6792C000B249;2025-05-31;-2.0;-598.0
3D884F7254940E11A4A96492C000067B;B0BDDED34CC83E11052F6792C000B249;2025-05-31;-2.0;-375.28
30285D09BDFDED11A62CD892C000399B;B0BDDED34CC83E11052F6792C000B249;2025-05-31;-2.0;-520.06
E3226739BA6BAE11BE21106505008F4A;B0BDDED34CC83E11052F6792C000B249;2025-05-31;-2.0;-82.8
60D183B99835EE11B1AD10650500F8EA;B0BDDED34CC83E11052F6792C000B249;2025-05-31;-2.0;-1217.06
AAD89B57AEFE8E11F243BB650500074B;B0BDDED34CC83E11052F6792C000B249;2025-05-31;-2.0;-280.08
B8D5845781518E110819BB65050039AA;B0BDDED34CC83E11052F6792C000B249;2025-05-31;-2.0;-141.12
8397BF6A01CAED11A62CD892C0003F2A;B0BDDED34CC83E11052F6792C000B249;2025-05-31;-2.0;-435.98
D7173396E9456E11B7B78A650500BC08;44673735EAF46E11B7B78A650500BC08;2025-05-31;-4.0;-1524.3
CDB331404E456E11B7B78A650500BC08;44673735EAF46E11B7B78A650500BC08;2025-05-31;-14.0;-8666.0
D5902C50ED456E11B7B78A650500BC08;44673735EAF46E11B7B78A650500BC08;2025-05-31;-2.0;-2284.2
C00A07A13D456E11B7B78A650500BC08;44673735EAF46E11B7B78A650500BC08;2025-05-31;-6.0;-587.1
1D8E48486C456E11B7B78A650500BC08;44673735EAF46E11B7B78A650500BC08;2025-05-31;-2.0;-342.48
F78B93BA0BD66E11B7B78A650500BC08;44673735EAF46E11B7B78A650500BC08;2025-05-31;-4.0;-265.0
BDAD53E25FAF5E1142D58A650500AD08;44673735EAF46E11B7B78A650500BC08;2025-05-31;-2.0;-220.86
AF203DE8AC456E11B7B78A650500BC08;44673735EAF46E11B7B78A650500BC08;2025-05-31;-2.0;-853.66
C52352B9AC456E11B7B78A650500BC08;44673735EAF46E11B7B78A650500BC08;2025-05-31;-10.0;-650.1800000000001
84E3BB9B30556E11B7B78A650500BC08;44673735EAF46E11B7B78A650500BC08;2025-05-31;-2.0;-497.36
B7CF39191BE66E11B7B78A650500BC08;44673735EAF46E11B7B78A650500BC08;2025-05-31;-4.0;-303.6
96A83FCC06137E11B7B78A650500DD08;44673735EAF46E11B7B78A650500BC08;2025-05-31;-8.0;-2810.68
EA3BA37D6E29CE11ADB31065050041B8;44673735EAF46E11B7B78A650500BC08;2025-05-31;-2.0;-568.38
BB361686AC456E11B7B78A650500BC08;44673735EAF46E11B7B78A650500BC08;2025-05-31;-4.0;-123.76
EA5D87D7A0F60E11A4A96492C0007BF8;44673735EAF46E11B7B78A650500BC08;2025-05-31;-2.0;-635.16
60FF3F3D5DB0DE11ADB3106505009BB8;44673735EAF46E11B7B78A650500BC08;2025-05-31;-2.0;-3928.86
71E4ED82FAD7CE11ADB3106505008FA8;44673735EAF46E11B7B78A650500BC08;2025-05-31;-10.0;-777.28
D10D9F3F7628CE11ADB310650500EFA8;44673735EAF46E11B7B78A650500BC08;2025-05-31;-6.0;-279.12
831406A876A1CE11877210650500C369;44673735EAF46E11B7B78A650500BC08;2025-05-31;-2.0;-790.0
70B8E84E7C2EFE11F1557891FE69F489;44673735EAF46E11B7B78A650500BC08;2025-05-31;-30.0;-265.74
8AF61AE861C47E11B7B78A650500ED08;44673735EAF46E11B7B78A650500BC08;2025-05-31;-4.0;-760.72
07AE2971565FEE1191EE1065050029B9;44673735EAF46E11B7B78A650500BC08;2025-05-31;-2.98;-7295.82
4B0A4D30D62CBE11877210650500CC59;44673735EAF46E11B7B78A650500BC08;2025-05-31;-2.0;-2387.22
530EDE7623900F11F1557891FE690889;44673735EAF46E11B7B78A650500BC08;2025-05-31;-2.0;-1062.0
542EF1FEA42AFE11128010650500E819;44673735EAF46E11B7B78A650500BC08;2025-05-31;-4.0;-370.8
EF7CFC05E039EE1191EE1065050009B9;44673735EAF46E11B7B78A650500BC08;2025-05-31;-4.0;-183.0
D1B48E443E3EDE11406610650500974A;44673735EAF46E11B7B78A650500BC08;2025-05-31;-4.0;-521.5
5599B561ECFBEE1191EE1065050029B9;44673735EAF46E11B7B78A650500BC08;2025-05-31;-2.0;-83.84
B32BCBD28E3CEE1191EE1065050029B9;44673735EAF46E11B7B78A650500BC08;2025-05-31;-2.0;-124.32
E29B72C890CAED11A62CD892C0003F2A;44673735EAF46E11B7B78A650500BC08;2025-05-31;-2.0;-847.22
57FB9C94CC22AE11726010650500905A;44673735EAF46E11B7B78A650500BC08;2025-05-31;-2.0;-99.96
EA7BA3AAF655BE11BE21106505002C5A;44673735EAF46E11B7B78A650500BC08;2025-05-31;-4.0;-470.0
6826B17C2C40EE114066106505004A4A;44673735EAF46E11B7B78A650500BC08;2025-05-31;-4.0;-648.0
96736176E770BE11BE2110650500F55A;44673735EAF46E11B7B78A650500BC08;2025-05-31;-20.0;-2014.08
2BC1D86E597BAE11BE21106505009F4A;44673735EAF46E11B7B78A650500BC08;2025-05-31;-8.0;-395.2
27FB9C94CC22AE11726010650500905A;44673735EAF46E11B7B78A650500BC08;2025-05-31;-4.0;-236.96
EEAA59F21C7C9E11726010650500494A;44673735EAF46E11B7B78A650500BC08;2025-05-31;-2.0;-87.54
10D109DF9E9CDE11406610650500754A;44673735EAF46E11B7B78A650500BC08;2025-05-31;-2.0;-283.32
D0361AF7D06AAE11BE21106505003E4A;44673735EAF46E11B7B78A650500BC08;2025-05-31;-8.0;-3456.0
743956F7E770BE11BE2110650500F55A;44673735EAF46E11B7B78A650500BC08;2025-05-31;-4.0;-37.68
6883CD0A469BED11A62CD892C0003F2A;44673735EAF46E11B7B78A650500BC08;2025-05-31;-2.0;-249.62
DB034B431FE2BE11BE2110650500195A;44673735EAF46E11B7B78A650500BC08;2025-05-31;-2.0;-22.4
B713992A12238E117E64BB6505005BAA;44673735EAF46E11B7B78A650500BC08;2025-05-31;-6.0;-663.0
D1BFBF08107A7E110819BB65050039AA;44673735EAF46E11B7B78A650500BC08;2025-05-31;-2.0;-387.6
73630C8ED431BE11BE2110650500E65A;44673735EAF46E11B7B78A650500BC08;2025-05-31;-6.0;-789.0
7FFC3C198EF39E115540106505008D3B;44673735EAF46E11B7B78A650500BC08;2025-05-31;-2.0;-94.36
25FAD0A363F7DE11C84610650500507A;44673735EAF46E11B7B78A650500BC08;2025-05-31;-2.0;-79.8
26B5931B19AF7E110819BB65050039AA;44673735EAF46E11B7B78A650500BC08;2025-05-31;-18.0;-2667.74
D3AA0BD3CC22AE11726010650500905A;44673735EAF46E11B7B78A650500BC08;2025-05-31;-6.0;-182.66
528F035F6933BE11BE2110650500795A;44673735EAF46E11B7B78A650500BC08;2025-05-31;-2.0;-146.76
B3B65EB0E6568E11F243BB6505007B3B;44673735EAF46E11B7B78A650500BC08;2025-05-31;-2.0;-132.68
5E9A218FB11A8E11F243BB650500304B;44673735EAF46E11B7B78A650500BC08;2025-05-31;-2.0;-60.82
51CB4FFDD6568E11F243BB6505007B3B;44673735EAF46E11B7B78A650500BC08;2025-05-31;-2.0;-109.42
A520B4FF13DB8E11F243BB650500724B;44673735EAF46E11B7B78A650500BC08;2025-05-31;-2.0;-72.91999999999996
86D855EF967F8E11F243BB650500A74B;44673735EAF46E11B7B78A650500BC08;2025-05-31;-2.0;-15.4
6C94CAAF3C387E110819BB65050009AA;44673735EAF46E11B7B78A650500BC08;2025-05-31;-8.0;-883.6
5CD35C4C2BC59E11554010650500FF3B;44673735EAF46E11B7B78A650500BC08;2025-05-31;-2.0;-117.54
0FD44E1613179E11554010650500914B;44673735EAF46E11B7B78A650500BC08;2025-05-31;-12.0;-862.0800000000002
B51EAEDA2E456E11B7B78A650500BC08;44673735EAF46E11B7B78A650500BC08;2025-05-31;-60.0;-5699.96
41154C352D456E11B7B78A650500BC08;44673735EAF46E11B7B78A650500BC08;2025-05-31;-2.0;-562.8
7468917C2E456E11B7B78A650500BC08;44673735EAF46E11B7B78A650500BC08;2025-05-31;-4.8;-268.8
C2EC19A83915CE11ADB3106505000DA8;44673735EAF46E11B7B78A650500BC08;2025-05-31;-4.0;-1161.48
B558885F7C8F6E11B7B78A650500CD08;44673735EAF46E11B7B78A650500BC08;2025-05-31;-2.0;-333.96
9C353FFC5D0A6E11B7B78A650500BC08;44673735EAF46E11B7B78A650500BC08;2025-05-31;-24.0;-3048.18
245BF3BE3C456E11B7B78A650500BC08;44673735EAF46E11B7B78A650500BC08;2025-05-31;-4.0;-469.2
7CB1D0A90662FD110DC22A92C0006778;44673735EAF46E11B7B78A650500BC08;2025-05-31;-4.0;-410.4
5D577F655AE66E11B7B78A650500BC08;44673735EAF46E11B7B78A650500BC08;2025-05-31;-2.0;-59.4
C07BE0DB5D85DE11ADB31065050002C8;44673735EAF46E11B7B78A650500BC08;2025-05-31;-4.0;-99.8
6EF999419BA07E11B7B78A650500CD08;44673735EAF46E11B7B78A650500BC08;2025-05-31;-2.0;-1550.84
94EDA01AE43ACE11ADB31065050092B8;44673735EAF46E11B7B78A650500BC08;2025-05-31;-4.0;-81.6
DC02940481C67E11B7B78A650500ED08;44673735EAF46E11B7B78A650500BC08;2025-05-31;-2.0;-537.58
9BD62E9560A3DE11ADB3106505007FB8;44673735EAF46E11B7B78A650500BC08;2025-05-31;-2.0;-554.28
E12E3E087DECEE1191EE1065050029B9;44673735EAF46E11B7B78A650500BC08;2025-05-31;-4.0;-743.14
1EB7380BBED3FD110DC22A92C000C499;44673735EAF46E11B7B78A650500BC08;2025-05-31;-2.0;-458.96
0CB0016BE789EE1191EE1065050009B9;44673735EAF46E11B7B78A650500BC08;2025-05-31;-2.0;-34.94
DF2E2991CC6FEE1191EE1065050029B9;44673735EAF46E11B7B78A650500BC08;2025-05-31;-2.0;-2042.0
BD04127797B0FE1191EE10650500CAB9;44673735EAF46E11B7B78A650500BC08;2025-05-31;-2.0;-97.88
0317BE9F80E9DE11406610650500C14A;44673735EAF46E11B7B78A650500BC08;2025-05-31;-6.0;-660.42
64AAC827D004FE1191EE106505001FB9;44673735EAF46E11B7B78A650500BC08;2025-05-31;-6.0;-481.6
AF2A27B9E489DE11406610650500514A;44673735EAF46E11B7B78A650500BC08;2025-05-31;-12.0;-1889.96
E2B43FD5A0CAED11A62CD892C0003F2A;44673735EAF46E11B7B78A650500BC08;2025-05-31;-2.0;-266.0
462056DBC35FEE1191EE1065050029B9;44673735EAF46E11B7B78A650500BC08;2025-05-31;0.0;0.0
9846A1BD060ADE11406610650500F14A;44673735EAF46E11B7B78A650500BC08;2025-05-31;-2.0;-69.68
DD48D97E2E130F114EF7A826072B7B89;44673735EAF46E11B7B78A650500BC08;2025-05-31;-4.0;-676.56
B188B08A818ADE11406610650500924A;44673735EAF46E11B7B78A650500BC08;2025-05-31;-2.0;-1046.4
D3B3BECE7D97DE11C84610650500EF6A;44673735EAF46E11B7B78A650500BC08;2025-05-31;-2.0;-62.18
45B68CF552BC7E110819BB65050039AA;44673735EAF46E11B7B78A650500BC08;2025-05-31;-4.0;-156.4
955F44D691E58E11F243BB650500DA3B;44673735EAF46E11B7B78A650500BC08;2025-05-31;-4.0;-325.2
F9B60FEC21AD7E110819BB65050039AA;44673735EAF46E11B7B78A650500BC08;2025-05-31;-4.0;-576.68
6DC69A463654FE1191EE106505008FB9;44673735EAF46E11B7B78A650500BC08;2025-05-31;-4.0;-806.4
4125BA1279278E11F243BB6505008C3B;44673735EAF46E11B7B78A650500BC08;2025-05-31;-2.0;-140.74
EE28738B09378E11F243BB6505009C3B;44673735EAF46E11B7B78A650500BC08;2025-05-31;-2.0;-95.88
49C33C9DD6568E11F243BB6505007B3B;44673735EAF46E11B7B78A650500BC08;2025-05-31;-4.0;-139.4
B54F219E2D148E113835BB6505009CAA;44673735EAF46E11B7B78A650500BC08;2025-05-31;-2.0;-146.0
1BDF92728C456E11B7B78A650500BC08;44673735EAF46E11B7B78A650500BC08;2025-05-31;-2.0;-257.1
9DE9A7690E456E11B7B78A650500BC08;44673735EAF46E11B7B78A650500BC08;2025-05-31;-2.0;-967.26
9DF700B82D456E11B7B78A650500BC08;44673735EAF46E11B7B78A650500BC08;2025-05-31;-2.0;-74.26
13FC55E6CD456E11B7B78A650500BC08;44673735EAF46E11B7B78A650500BC08;2025-05-31;-4.0;-663.72
94F001653E456E11B7B78A650500BC08;44673735EAF46E11B7B78A650500BC08;2025-05-31;-2.0;-1057.46
A61096F35D456E11B7B78A650500BC08;44673735EAF46E11B7B78A650500BC08;2025-05-31;-2.0;-1278.78
1369BC08C1047E11B7B78A650500DD08;44673735EAF46E11B7B78A650500BC08;2025-05-31;-2.0;-115.46
4BA90CDB0321DE11ADB3106505003CB8;44673735EAF46E11B7B78A650500BC08;2025-05-31;-2.0;-116.0
1DEB5D8DD22BBE118772106505007B59;44673735EAF46E11B7B78A650500BC08;2025-05-31;-6.0;-372.6
E14EBAFE1B4CFE111280106505000919;44673735EAF46E11B7B78A650500BC08;2025-05-31;-2.0;-7859.96
CCD71EEB0080DE11ADB3106505004BB8;44673735EAF46E11B7B78A650500BC08;2025-05-31;-2.0;-99.94
1A9D5005AEEDBE118772106505000F59;44673735EAF46E11B7B78A650500BC08;2025-05-31;-4.0;-195.42
9D076A426D7DBE118772106505007E59;44673735EAF46E11B7B78A650500BC08;2025-05-31;-4.0;-320.0
2CC4E0416F84DE11ADB310650500C0C8;44673735EAF46E11B7B78A650500BC08;2025-05-31;-2.0;-1402.26
38ED0E10490FEE1191EE1065050029B9;44673735EAF46E11B7B78A650500BC08;2025-05-31;-2.0;-58.2
2F3908E2FD18EE1191EE10650500F7B9;44673735EAF46E11B7B78A650500BC08;2025-05-31;-2.0;-837.2
76D402D754D6EE1191EE1065050096B9;44673735EAF46E11B7B78A650500BC08;2025-05-31;-2.0;-316.0
AE59ACEB697BAE11BE21106505009F4A;44673735EAF46E11B7B78A650500BC08;2025-05-31;-4.0;-197.6
72C14D1BEFFD9E117260106505004B4A;44673735EAF46E11B7B78A650500BC08;2025-05-31;-2.0;-14267.0
A9B33FB46923FE1191EE10650500FDB9;44673735EAF46E11B7B78A650500BC08;2025-05-31;-4.0;-148.02
7045DEF2224DDE11406610650500464A;44673735EAF46E11B7B78A650500BC08;2025-05-31;-32.0;-4352.0
AFAA59F21C7C9E11726010650500494A;44673735EAF46E11B7B78A650500BC08;2025-05-31;-2.0;-118.84
BB03B2EB71CA9E11525010650500DB4A;44673735EAF46E11B7B78A650500BC08;2025-05-31;-2.0;-57.94
C4A2ED9EE08ADE11406610650500924A;44673735EAF46E11B7B78A650500BC08;2025-05-31;-2.0;-7983.22
4B02B7DF066E9E11726010650500CB4A;44673735EAF46E11B7B78A650500BC08;2025-05-31;-4.0;-147.62
C1F9CAB8E770BE11BE2110650500F55A;44673735EAF46E11B7B78A650500BC08;2025-05-31;-2.0;-21.58
74BD8984ABE1EE114066106505006C4A;44673735EAF46E11B7B78A650500BC08;2025-05-31;-2.0;-96.6
DD83AF999CAAAE11BE21106505009E4A;44673735EAF46E11B7B78A650500BC08;2025-05-31;-2.0;-351.06
90E1EFF1B0A1EE11406610650500FB4A;44673735EAF46E11B7B78A650500BC08;2025-05-31;-2.0;-954.1
0CBDE176DD8A7E110819BB65050039AA;44673735EAF46E11B7B78A650500BC08;2025-05-31;-4.0;-189.8
A0FAF84F8F12EE11406610650500AC4A;44673735EAF46E11B7B78A650500BC08;2025-05-31;-2.0;-300.0
9B5E50A1B0A1EE11406610650500FB4A;44673735EAF46E11B7B78A650500BC08;2025-05-31;-2.0;-257.1
A5A444FE4FA6DE11C84610650500BE6A;44673735EAF46E11B7B78A650500BC08;2025-05-31;-2.0;-960.0
0818A5E46C6E7E110819BB65050039AA;44673735EAF46E11B7B78A650500BC08;2025-05-31;-2.0;-104.66
2A6C4EA376018E110819BB65050039AA;44673735EAF46E11B7B78A650500BC08;2025-05-31;-2.0;-140.12
C43956F7E770BE11BE2110650500F55A;44673735EAF46E11B7B78A650500BC08;2025-05-31;-2.0;-24.6
4B5E7A9937C4EE11B1AD1065050058EA;44673735EAF46E11B7B78A650500BC08;2025-05-31;-2.0;-1210.98
9AC1E6F90EE6DE11C846106505000F6A;44673735EAF46E11B7B78A650500BC08;2025-05-31;-2.0;-29.8
5F2FDC1F45CF8E11F243BB650500084B;44673735EAF46E11B7B78A650500BC08;2025-05-31;-2.0;-71.24
E2AEB1B0C11A8E11F243BB650500304B;44673735EAF46E11B7B78A650500BC08;2025-05-31;-4.0;-55.4
2E6CF6B92C229E115540106505003B3B;44673735EAF46E11B7B78A650500BC08;2025-05-31;-2.0;-874.18
9C27356001189E11554010650500D24B;44673735EAF46E11B7B78A650500BC08;2025-05-31;-2.0;-11198.9
16B373A4E528CE11ADB310650500EFA8;44673735EAF46E11B7B78A650500BC08;2025-05-31;-2.0;-215.48
F1048B62B0FE5E1142D58A6505006D08;44673735EAF46E11B7B78A650500BC08;2025-05-31;4.0;2900.12
8E990BED90CAED11A62CD892C0003F2A;44673735EAF46E11B7B78A650500BC08;2025-05-31;-2.0;-380.0
A9E91659C0817E11B7B78A650500CD08;44673735EAF46E11B7B78A650500BC08;2025-05-31;-2.0;-134.38
7B43866C49CA2E11052F6792C0007F39;44673735EAF46E11B7B78A650500BC08;2025-05-31;-2.0;-301.22
7553833926FCDE11406610650500E54A;44673735EAF46E11B7B78A650500BC08;2025-05-31;-380.0;-93469.01999999999
9F846D9A313D7E110819BB65050039AA;44673735EAF46E11B7B78A650500BC08;2025-05-31;-2.0;-83.32
69F2A09B444FDE11406610650500F84A;44673735EAF46E11B7B78A650500BC08;2025-05-31;-2.0;-282.0
AD763336DF3FFE11F1557891FE695689;44673735EAF46E11B7B78A650500BC08;2025-05-31;-2.0;-151.74
38623EA4F9BCEE1191EE1065050029B9;FC081C55582CED11A62CD892C0003F2A;2025-05-31;-2.0;-3019.66
B91673C1B4DCAE11BE2110650500515A;FC081C55582CED11A62CD892C0003F2A;2025-05-31;-2.0;-160.76
1CD1D2A2555EDE11406610650500C74A;FC081C55582CED11A62CD892C0003F2A;2025-05-31;-2.0;-483.96
11A650B9EACB8E11F243BB650500624B;44673735EAF46E11B7B78A650500BC08;2025-05-31;0.0;0.0
CAC5E6193022EE11406610650500AC4A;44673735EAF46E11B7B78A650500BC08;2025-05-31;0.0;0.0
59218C628317DE11C846106505003F6A;44673735EAF46E11B7B78A650500BC08;2025-05-31;0.0;0.0
1B65084853D9EE1191EE1065050009B9;44673735EAF46E11B7B78A650500BC08;2025-05-31;0.0;0.0
CEEE70484C90BE11BE2110650500265A;44673735EAF46E11B7B78A650500BC08;2025-05-31;0.0;0.0
A9A6976410A4DE11ADB310650500D0C8;44673735EAF46E11B7B78A650500BC08;2025-05-31;-2.0;-2534.0
558A0586E7EFCE11ADB3106505006AB8;44673735EAF46E11B7B78A650500BC08;2025-05-31;0.0;0.0
DDB07ECA7A767E11B7B78A650500ED08;FC081C55582CED11A62CD892C0003F2A;2025-05-31;-6.0;-838.08
34AEA4E0A815FD110DC22A92C0009D7B;FC081C55582CED11A62CD892C0003F2A;2025-05-31;-6.0;-774.16
66D012280B846E11B7B78A650500BC08;FC081C55582CED11A62CD892C0003F2A;2025-05-31;-4.0;-525.38
9739094141CAED11A62CD892C0003F2A;FC081C55582CED11A62CD892C0003F2A;2025-05-31;-2.0;-1355.66
BD3FE6E26A767E11B7B78A650500ED08;FC081C55582CED11A62CD892C0003F2A;2025-05-31;-2.0;-279.36
009779C141CAED11A62CD892C0003F2A;FC081C55582CED11A62CD892C0003F2A;2025-05-31;-2.0;-437.46
6B8779C141CAED11A62CD892C0003F2A;FC081C55582CED11A62CD892C0003F2A;2025-05-31;-2.0;-437.6
E463CF97B28A3E11052F6792C000D249;FC081C55582CED11A62CD892C0003F2A;2025-05-31;-2.0;-262.52
68B638E59087FE1191EE10650500A3C9;FC081C55582CED11A62CD892C0003F2A;2025-05-31;-4.0;-281.78
75119DBE3D09FE11128010650500E819;FC081C55582CED11A62CD892C0003F2A;2025-05-31;-2.0;-101.7
D96E3999A89BEE1191EE1065050029B9;FC081C55582CED11A62CD892C0003F2A;2025-05-31;-2.0;-280.36
9464A8D5D290BE11BE2110650500165A;FC081C55582CED11A62CD892C0003F2A;2025-05-31;2.0;263.24
6CF93B49A7EFCE11ADB3106505006AB8;44673735EAF46E11B7B78A650500BC08;2025-05-31;0.0;0.0
88258D764E38CE11ADB31065050000B8;44673735EAF46E11B7B78A650500BC08;2025-05-31;0.0;0.0
FE35141CE6B49E115540106505008E3B;44673735EAF46E11B7B78A650500BC08;2025-05-31;-10.0;-699.8800000000001
34A4276CCE848E113835BB6505002DAA;44673735EAF46E11B7B78A650500BC08;2025-05-31;6.0;17078.28
692EE522CD567E11B7B78A650500ED08;44673735EAF46E11B7B78A650500BC08;2025-05-31;10.0;5940.3
C9966CDCB8A47E11B7B78A650500ED08;44673735EAF46E11B7B78A650500BC08;2025-05-31;34.0;1870.0
F53AB36E21C7DE11C84610650500107A;44673735EAF46E11B7B78A650500BC08;2025-05-31;-2.0;-15.1
5F0DA681721A8E11F243BB650500304B;44673735EAF46E11B7B78A650500BC08;2025-05-31;0.0;0.0
082057E87F7CBE118772106505003D59;44673735EAF46E11B7B78A650500BC08;2025-05-31;24.0;626.88
D951A48BB4B31E1143F0668E42008C3B;B0BDDED34CC83E11052F6792C000B249;2025-05-31;4.0;1216.9
3671F1E191CAED11A62CD892C0003F2A;FC081C55582CED11A62CD892C0003F2A;2025-05-31;36.0;1863.94
B187187074DECE11ADB310650500D8B8;FC081C55582CED11A62CD892C0003F2A;2025-05-31;2.0;1322.32
9F1D2592EA0CEE1191EE1065050029B9;FC081C55582CED11A62CD892C0003F2A;2025-05-31;2.0;2888.56
3D3C499C858FDE11406610650500494A;FC081C55582CED11A62CD892C0003F2A;2025-05-31;8.0;1254.56
79E6175A25570E11A4A96492C000EC6A;FC081C55582CED11A62CD892C0003F2A;2025-05-31;20.0;1337.28
DCA9CF4E6BBD3E11052F6792C000D249;B0BDDED34CC83E11052F6792C000B249;2025-05-31;48.0;728.36
DD6A2D3F700DBE11877210650500DD59;FC081C55582CED11A62CD892C0003F2A;2025-05-31;288.0;4277.18
8133259A51FBEE1191EE1065050029B9;FC081C55582CED11A62CD892C0003F2A;2025-05-31;576.0;8069.48
5845667E73530F114EF7A826072BBB89;44673735EAF46E11B7B78A650500BC08;2025-05-31;20.0;2479.92
8219778E73530F114EF7A826072BBB89;44673735EAF46E11B7B78A650500BC08;2025-05-31;20.0;2988.02
8E6C35BE73530F114EF7A826072BBB89;44673735EAF46E11B7B78A650500BC08;2025-05-31;20.0;1367.1
CDC4CA41BE799E115250106505003A4A;B0BDDED34CC83E11052F6792C000B249;2025-05-31;20.0;3465.26
EEF6B9DA12238E117E64BB6505005BAA;B0BDDED34CC83E11052F6792C000B249;2025-05-31;144.0;6048.0
BD018AC6864F9E11726010650500EC4A;B0BDDED34CC83E11052F6792C000B249;2025-05-31;10.0;1063.56
CE578A90C1CAED11A62CD892C0003F2A;44673735EAF46E11B7B78A650500BC08;2025-05-31;20.0;1025.98
736EDCF8D1CAED11A62CD892C0003F2A;44673735EAF46E11B7B78A650500BC08;2025-05-31;40.0;3022.96
68101F5CBF36AE11BE2110650500F84A;44673735EAF46E11B7B78A650500BC08;2025-05-31;6.0;50243.8
CE75824082CAED11A62CD892C0003F2A;FC081C55582CED11A62CD892C0003F2A;2025-05-31;16.0;2919.88
473B611FE6C75E1142D58A650500DC08;FC081C55582CED11A62CD892C0003F2A;2025-05-31;-4.0;-87.0
2EAF5F01D0637E11B7B78A650500DD08;FC081C55582CED11A62CD892C0003F2A;2025-05-31;-10.0;-575.5
42B158B398A05E1142D58A650500BC08;FC081C55582CED11A62CD892C0003F2A;2025-05-31;-12.0;-3684.0
7EA32EFF24D04E1142D58A650500DB08;FC081C55582CED11A62CD892C0003F2A;2025-05-31;-4.0;-565.2
0C8DECA4094EFD11A4A96492C0006D28;FC081C55582CED11A62CD892C0003F2A;2025-05-31;-2.0;-307.06
CD9848AB46B5EE1191EE1065050035B9;FC081C55582CED11A62CD892C0003F2A;2025-05-31;-4.0;-2557.46
0A0F415F330A3E11052F6792C000D249;FC081C55582CED11A62CD892C0003F2A;2025-05-31;-4.0;-273.5
77DA4B385F6A2E11052F6792C0007F39;FC081C55582CED11A62CD892C0003F2A;2025-05-31;-10.0;-438.9
BB61DD0C7D0CFE111280106505000919;FC081C55582CED11A62CD892C0003F2A;2025-05-31;-2.0;-1045.76
8A713DFA2142CE118772106505008469;FC081C55582CED11A62CD892C0003F2A;2025-05-31;-2.0;-304.0
C9E98D020158FE11128010650500D819;FC081C55582CED11A62CD892C0003F2A;2025-05-31;-2.0;-199.4
BE9486B7AAA4DE11ADB310650500E0C8;FC081C55582CED11A62CD892C0003F2A;2025-05-31;-2.0;-275.44
995C05069DE22E1143F0668E4200C71A;FC081C55582CED11A62CD892C0003F2A;2025-05-31;-2.0;-277.68
98A3FB39CEEFFE11F1557891FE693789;FC081C55582CED11A62CD892C0003F2A;2025-05-31;-2.0;-558.7
717D3A8D70C5EE1191EE1065050045B9;FC081C55582CED11A62CD892C0003F2A;2025-05-31;-6.0;-212.21999999999997
0000CD49FA7DFE1158A3BB3DBE8E1489;FC081C55582CED11A62CD892C0003F2A;2025-05-31;-4.0;-471.2
40706CAC2C2DFE11F1557891FE69B389;FC081C55582CED11A62CD892C0003F2A;2025-05-31;-2.0;-332.12
8376033300C80E11A4A96492C0001269;FC081C55582CED11A62CD892C0003F2A;2025-05-31;-14.0;-1314.8000000000002
BCF722AAF192FE1191EE106505002DB9;FC081C55582CED11A62CD892C0003F2A;2025-05-31;-2.0;-110.42
89994B7DA0CAED11A62CD892C0003F2A;FC081C55582CED11A62CD892C0003F2A;2025-05-31;-10.0;-1430.0
047FA5C53E6DFE11F1557891FE690489;FC081C55582CED11A62CD892C0003F2A;2025-05-31;-2.0;-4883.2
C13489B01401CE11877210650500F269;FC081C55582CED11A62CD892C0003F2A;2025-05-31;-2.0;-1017.84
077A2D18FC510F11112A674AC7E22989;FC081C55582CED11A62CD892C0003F2A;2025-05-31;-6.0;-873.5999999999999
A8904BBEC0CAED11A62CD892C0003F2A;FC081C55582CED11A62CD892C0003F2A;2025-05-31;-4.0;-442.2
906627ADC0CAED11A62CD892C0003F2A;FC081C55582CED11A62CD892C0003F2A;2025-05-31;-6.0;-236.28000000000003
E34E934DFC56FE1191EE1065050022C9;FC081C55582CED11A62CD892C0003F2A;2025-05-31;-2.0;-956.18
E72A88EF81CAED11A62CD892C0003F2A;FC081C55582CED11A62CD892C0003F2A;2025-05-31;-4.0;-220.9
DBCD2384BDB0EE11406610650500DA4A;FC081C55582CED11A62CD892C0003F2A;2025-05-31;-2.0;-1172.44
A53FF153AF2C9E11726010650500E84A;FC081C55582CED11A62CD892C0003F2A;2025-05-31;-2.0;-192.34
5E33F07CC972AE11726010650500F05A;FC081C55582CED11A62CD892C0003F2A;2025-05-31;-2.0;-82.92
0C8A901300E7EE1191EE10650500A7B9;FC081C55582CED11A62CD892C0003F2A;2025-05-31;-2.0;-27.26
4A873A50AD32BE11BE2110650500385A;FC081C55582CED11A62CD892C0003F2A;2025-05-31;-4.0;-956.72
123C4F5FB8A88E11F243BB6505006E3B;FC081C55582CED11A62CD892C0003F2A;2025-05-31;-2.0;-147.08
D5D2043061D4EE11B1AD1065050068EA;FC081C55582CED11A62CD892C0003F2A;2025-05-31;-6.0;-424.14
D55C91650447FD110DC22A92C000D62B;FC081C55582CED11A62CD892C0003F2A;2025-05-31;-2.0;-501.84
748553B39E74FE1191EE10650500CFB9;FC081C55582CED11A62CD892C0003F2A;2025-05-31;-2.0;-71.26
3F56A82CD083FE1191EE106505007EB9;FC081C55582CED11A62CD892C0003F2A;2025-05-31;-2.0;-28.86
94D116CE58A1CE11877210650500C369;FC081C55582CED11A62CD892C0003F2A;2025-05-31;-2.0;-66.48
93E7B7682E74FE1191EE10650500CFB9;FC081C55582CED11A62CD892C0003F2A;2025-05-31;-4.0;-119.48
5B81572ED9FC9E11726010650500E94A;FC081C55582CED11A62CD892C0003F2A;2025-05-31;-2.0;-33.54
F2695F21A462CE11877210650500B469;FC081C55582CED11A62CD892C0003F2A;2025-05-31;-2.0;-138.6
F1A7B7682E74FE1191EE10650500CFB9;FC081C55582CED11A62CD892C0003F2A;2025-05-31;-4.0;-119.48
38FC00527219BE11877210650500D859;FC081C55582CED11A62CD892C0003F2A;2025-05-31;-2.0;-109.02
92A0CF3DD9FC9E11726010650500E94A;FC081C55582CED11A62CD892C0003F2A;2025-05-31;-16.0;-657.28
7D03B91FF106FE1191EE10650500B1C9;FC081C55582CED11A62CD892C0003F2A;2025-05-31;-2.0;-353.42
8C63B91FF106FE1191EE10650500B1C9;FC081C55582CED11A62CD892C0003F2A;2025-05-31;-2.0;-306.3
F6E80FBFA38C8E11F243BB650500B34B;FC081C55582CED11A62CD892C0003F2A;2025-05-31;-2.0;-16.5
C6C61D3B1EE88E11F243BB650500CE3B;FC081C55582CED11A62CD892C0003F2A;2025-05-31;-2.0;-101.96
9E83CD442C7B7E110819BB65050039AA;FC081C55582CED11A62CD892C0003F2A;2025-05-31;-2.0;-203.8
0648D75313B65E1142D58A650500DC08;FC081C55582CED11A62CD892C0003F2A;2025-05-31;-2.0;-428.98
67A6D63B2D027E11B7B78A650500CD08;FC081C55582CED11A62CD892C0003F2A;2025-05-31;-4.0;-553.76
64199ED6761ECE11ADB310650500E7B8;FC081C55582CED11A62CD892C0003F2A;2025-05-31;-2.0;-515.36
0F14797F38CDCE11ADB31065050087B8;FC081C55582CED11A62CD892C0003F2A;2025-05-31;-8.0;-923.3
57E7CDAB497AFE11128010650500E819;FC081C55582CED11A62CD892C0003F2A;2025-05-31;-2.0;-196.18
AF14CB9BE7CBCE11ADB310650500B4B8;FC081C55582CED11A62CD892C0003F2A;2025-05-31;-2.0;-553.0
60EA07B4FC98FE11128010650500D819;FC081C55582CED11A62CD892C0003F2A;2025-05-31;-24.0;-2736.0
54A6196860804E1142D58A650500DB08;FC081C55582CED11A62CD892C0003F2A;2025-05-31;-2.0;-629.84
32FC583670BACE11ADB31065050033B8;FC081C55582CED11A62CD892C0003F2A;2025-05-31;-2.0;-71.28
62ECF4D42158FE11128010650500D819;FC081C55582CED11A62CD892C0003F2A;2025-05-31;-2.0;-1057.06
920B7F2413001E1143F0668E42007A39;FC081C55582CED11A62CD892C0003F2A;2025-05-31;-6.0;-1598.58
1F8E7EC350993E11052F6792C000D249;FC081C55582CED11A62CD892C0003F2A;2025-05-31;-2.0;-732.98
658B0513E5CAFE11128010650500E819;FC081C55582CED11A62CD892C0003F2A;2025-05-31;-2.0;-307.6
AA26D02FF0410F11112A674AC7E20989;FC081C55582CED11A62CD892C0003F2A;2025-05-31;-2.0;-419.2
24D41ADF0256BE118772106505005559;FC081C55582CED11A62CD892C0003F2A;2025-05-31;-2.0;-148.88
4261F5D89FB5EE1191EE1065050045B9;FC081C55582CED11A62CD892C0003F2A;2025-05-31;-2.0;-81.6
2A0C517205ABEE1191EE1065050029B9;FC081C55582CED11A62CD892C0003F2A;2025-05-31;-2.0;-39.96
7C33A200FFAFFE11F1557891FE69E689;FC081C55582CED11A62CD892C0003F2A;2025-05-31;-6.0;-481.5
915F5C2F18D2DE11ADB3106505007EB8;FC081C55582CED11A62CD892C0003F2A;2025-05-31;-6.0;-126.0
84D3B2F200E7EE1191EE10650500A7B9;FC081C55582CED11A62CD892C0003F2A;2025-05-31;-2.0;-48.24
E8B3841E55C0CE11877210650500A269;FC081C55582CED11A62CD892C0003F2A;2025-05-31;-6.0;-161.62
E9794BFC08300F11F1557891FE699789;FC081C55582CED11A62CD892C0003F2A;2025-05-31;-4.0;-895.6
9DEDE941BE31FE1191EE106505007BB9;FC081C55582CED11A62CD892C0003F2A;2025-05-31;-4.0;-379.72
5A8889AA63D2FE1191EE106505007DB9;FC081C55582CED11A62CD892C0003F2A;2025-05-31;-10.0;-401.2
4D518A93C9610F11112A674AC7E23989;FC081C55582CED11A62CD892C0003F2A;2025-05-31;-4.0;-840.16
8207AB6DE9E2FE1191EE10650500ADB9;FC081C55582CED11A62CD892C0003F2A;2025-05-31;-2.0;-61.82
C8904BBEC0CAED11A62CD892C0003F2A;FC081C55582CED11A62CD892C0003F2A;2025-05-31;-2.0;-221.1
2DAB0F43D0CAED11A62CD892C0003F2A;FC081C55582CED11A62CD892C0003F2A;2025-05-31;-2.0;-223.04
0D35F61FA0CAED11A62CD892C0003F2A;FC081C55582CED11A62CD892C0003F2A;2025-05-31;-14.0;-2151.52
059B3DFFD31DEE1191EE1065050029B9;FC081C55582CED11A62CD892C0003F2A;2025-05-31;-2.0;-138.62
F25BC1E1D0CAED11A62CD892C0003F2A;FC081C55582CED11A62CD892C0003F2A;2025-05-31;-2.0;-699.44
550D640201CAED11A62CD892C0003F2A;FC081C55582CED11A62CD892C0003F2A;2025-05-31;-4.0;-322.16
C6C9F9D06DCDDE11406610650500F64A;FC081C55582CED11A62CD892C0003F2A;2025-05-31;-4.0;-1294.74
1B754762F0CAED11A62CD892C0003F2A;FC081C55582CED11A62CD892C0003F2A;2025-05-31;-2.0;-1140.84
75B25CEF16D6AE11BE2110650500B94A;FC081C55582CED11A62CD892C0003F2A;2025-05-31;-4.0;-5851.16
945E6A9E2B0A1E1143F0668E42009D5A;FC081C55582CED11A62CD892C0003F2A;2025-05-31;-6.0;-1102.56
3FB2EFD32AF1EE114066106505007C4A;FC081C55582CED11A62CD892C0003F2A;2025-05-31;-8.0;-797.44
EC9EB9966C2CDE11406610650500E44A;FC081C55582CED11A62CD892C0003F2A;2025-05-31;-6.0;-728.16
98D13DFEB799AE11BE21106505003D4A;FC081C55582CED11A62CD892C0003F2A;2025-05-31;-2.0;-968.38
67D4A1EF8CE2BE11BE2110650500195A;FC081C55582CED11A62CD892C0003F2A;2025-05-31;-2.0;-269.5
458C2CE695ACAE11BE2110650500115A;FC081C55582CED11A62CD892C0003F2A;2025-05-31;-2.0;-1034.7
E9652E2659E9FD11A4A96492C0006F3B;FC081C55582CED11A62CD892C0003F2A;2025-05-31;-6.0;-625.56
C61A3859F5F49E11554010650500DE3B;FC081C55582CED11A62CD892C0003F2A;2025-05-31;-4.0;-278.4
B592436053F2EE11B1AD1065050006EA;FC081C55582CED11A62CD892C0003F2A;2025-05-31;-2.0;-111.06
99F156AE877F8E11F243BB650500A74B;FC081C55582CED11A62CD892C0003F2A;2025-05-31;-2.0;-24.6
34A587975EE1EE114066106505006C4A;FC081C55582CED11A62CD892C0003F2A;2025-05-31;-2.0;-1104.76
1F3FA457417B8E11F243BB650500F14B;FC081C55582CED11A62CD892C0003F2A;2025-05-31;-4.0;-460.32
33D12B287A7E8E11F243BB650500664B;FC081C55582CED11A62CD892C0003F2A;2025-05-31;-2.0;-311.96
447C2E7CF6E66E11B7B78A650500BC08;FC081C55582CED11A62CD892C0003F2A;2025-05-31;-2.0;-239.52
52BC0A2547FF4E1142D58A650500BC08;FC081C55582CED11A62CD892C0003F2A;2025-05-31;-2.0;-17.62
F255EDCB5A075E1142D58A650500DC08;FC081C55582CED11A62CD892C0003F2A;2025-05-31;-2.0;-131.34
9DC3F4D09CF57E11B7B78A650500ED08;FC081C55582CED11A62CD892C0003F2A;2025-05-31;-2.0;-184.32
19B9F9FC1AB57E11B7B78A650500ED08;FC081C55582CED11A62CD892C0003F2A;2025-05-31;-2.0;-653.08
C5B3941AF3907E11B7B78A650500CD08;FC081C55582CED11A62CD892C0003F2A;2025-05-31;-2.0;-635.4
93B5DCE0C66ACE11ADB310650500D2B8;FC081C55582CED11A62CD892C0003F2A;2025-05-31;-2.0;-657.14
7E493818A7F4DE11ADB31065050041C8;FC081C55582CED11A62CD892C0003F2A;2025-05-31;-2.0;-1092.68
F6633F4F78DFCE11ADB3106505005AB8;FC081C55582CED11A62CD892C0003F2A;2025-05-31;-2.0;-2735.3
F1A147896F45DE11ADB310650500B1C8;FC081C55582CED11A62CD892C0003F2A;2025-05-31;-4.0;-1057.2
62E387127F0FCE11ADB31065050029B8;FC081C55582CED11A62CD892C0003F2A;2025-05-31;-6.0;-8757.58
1F19457CF55ECE11ADB31065050038B8;FC081C55582CED11A62CD892C0003F2A;2025-05-31;-2.0;-520.06
A7EE9E68D2001E1143F0668E42007A39;FC081C55582CED11A62CD892C0003F2A;2025-05-31;-2.0;-296.36
A8D4B55A0294DE11ADB310650500C0C8;FC081C55582CED11A62CD892C0003F2A;2025-05-31;-2.0;-461.52
2999C1A77C3FFE11F1557891FE695689;FC081C55582CED11A62CD892C0003F2A;2025-05-31;-2.0;-336.48
23C267648D4EFE11F1557891FE692589;FC081C55582CED11A62CD892C0003F2A;2025-05-31;-2.0;-820.64
05F4827F9EF8EE1191EE1065050009B9;FC081C55582CED11A62CD892C0003F2A;2025-05-31;-4.0;-703.64
93285CD61E7ABE11877210650500AA59;FC081C55582CED11A62CD892C0003F2A;2025-05-31;-4.0;-549.46
B7932F8BE42FEE1191EE1065050029B9;FC081C55582CED11A62CD892C0003F2A;2025-05-31;-2.0;-223.6
62216AAF0427BE118772106505006659;FC081C55582CED11A62CD892C0003F2A;2025-05-31;-4.0;-339.44
BE3D0375C09EBE11877210650500DF59;FC081C55582CED11A62CD892C0003F2A;2025-05-31;-2.0;-55.72
049F917B3104FE1191EE106505001FB9;FC081C55582CED11A62CD892C0003F2A;2025-05-31;-4.0;-1434.24
E727F7893131FE1191EE106505006BB9;FC081C55582CED11A62CD892C0003F2A;2025-05-31;-2.0;-739.12
1A42819D25DFEE1191EE10650500A9B9;FC081C55582CED11A62CD892C0003F2A;2025-05-31;-2.0;-664.4
710332DA8D410F11112A674AC7E21989;FC081C55582CED11A62CD892C0003F2A;2025-05-31;-4.0;-91.0
C5F425AAD58FEE1191EE1065050049B9;FC081C55582CED11A62CD892C0003F2A;2025-05-31;-2.0;-633.06
AC4F3105DC510F11112A674AC7E22989;FC081C55582CED11A62CD892C0003F2A;2025-05-31;-2.0;-145.96
FE4D455DE0CAED11A62CD892C0003F2A;FC081C55582CED11A62CD892C0003F2A;2025-05-31;-2.0;-484.22
5205A619F0CAED11A62CD892C0003F2A;FC081C55582CED11A62CD892C0003F2A;2025-05-31;-2.0;-289.5
F8FFFCCDD0CAED11A62CD892C0003F2A;FC081C55582CED11A62CD892C0003F2A;2025-05-31;-2.0;-1196.2
9BFF0450D0CAED11A62CD892C0003F2A;FC081C55582CED11A62CD892C0003F2A;2025-05-31;-2.0;-317.78
6DD5E17EED71FE1191EE10650500CBB9;FC081C55582CED11A62CD892C0003F2A;2025-05-31;-2.0;-1008.7
825DDB33E879DE11406610650500414A;FC081C55582CED11A62CD892C0003F2A;2025-05-31;-2.0;-347.98
5B1A1E5D8588AE11BE2110650500DB4A;FC081C55582CED11A62CD892C0003F2A;2025-05-31;-2.0;-355.24
B497BF6A01CAED11A62CD892C0003F2A;FC081C55582CED11A62CD892C0003F2A;2025-05-31;-4.0;-1250.84
640BF153001B1E1143F0668E4200EF5A;FC081C55582CED11A62CD892C0003F2A;2025-05-31;-2.0;-431.3
8F8C39DCE823AE11726010650500D15A;FC081C55582CED11A62CD892C0003F2A;2025-05-31;-2.0;-301.82
1F4B22D9186B1E1143F0668E4200EF5A;FC081C55582CED11A62CD892C0003F2A;2025-05-31;-2.0;-289.7
45C3C57921CAED11A62CD892C0003F2A;FC081C55582CED11A62CD892C0003F2A;2025-05-31;-2.0;-225.3
074C44CA878DAE11BE2110650500325A;FC081C55582CED11A62CD892C0003F2A;2025-05-31;-2.0;-465.54
A047D5CDB03D7E110819BB65050039AA;FC081C55582CED11A62CD892C0003F2A;2025-05-31;-2.0;-23.92
A2BA84E9890A1E1143F0668E42009D5A;FC081C55582CED11A62CD892C0003F2A;2025-05-31;-2.0;-489.68
2DBDC7718FB3AE11726010650500925A;FC081C55582CED11A62CD892C0003F2A;2025-05-31;-2.0;-115.26
BF821838E0949E115540106505004E3B;FC081C55582CED11A62CD892C0003F2A;2025-05-31;-4.0;-536.6
8865361802218E110819BB65050039AA;FC081C55582CED11A62CD892C0003F2A;2025-05-31;-2.0;-162.44
BB186278F75C1E1143F0668E4200502B;FC081C55582CED11A62CD892C0003F2A;2025-05-31;-2.0;-449.54
17F6096E3CBD7E110819BB65050039AA;FC081C55582CED11A62CD892C0003F2A;2025-05-31;-2.0;-161.16
A02E8A586880DE11ADB3106505005BB8;FC081C55582CED11A62CD892C0003F2A;2025-05-31;-4.0;-1928.0
C49D568B33C85E1142D58A650500DC08;FC081C55582CED11A62CD892C0003F2A;2025-05-31;-2.0;-859.6
A79BADAE35AE4E1142D58A650500BC08;FC081C55582CED11A62CD892C0003F2A;2025-05-31;-4.0;-199.6
9B2C67979F09FE11128010650500E819;FC081C55582CED11A62CD892C0003F2A;2025-05-31;-2.0;-162.62
F80B8EB6F556DE11ADB31065050003C8;FC081C55582CED11A62CD892C0003F2A;2025-05-31;-2.0;-515.6
6D12452A3E263E11052F6792C000FF39;FC081C55582CED11A62CD892C0003F2A;2025-05-31;-2.0;-179.78
0CC5F8677F54DE11ADB31065050080C8;FC081C55582CED11A62CD892C0003F2A;2025-05-31;-4.0;-268.68
ED4C249EE13DBE118772106505001E59;FC081C55582CED11A62CD892C0003F2A;2025-05-31;-2.0;-900.28
A371F1EE04D1FE1191EE106505003CB9;FC081C55582CED11A62CD892C0003F2A;2025-05-31;-2.0;-1201.46
5B65A424D3C0FE1191EE10650500DAB9;FC081C55582CED11A62CD892C0003F2A;2025-05-31;-2.0;-76.96
500C82ECB6CDEE1191EE1065050029B9;FC081C55582CED11A62CD892C0003F2A;2025-05-31;-2.0;-185.3
8A2041602F22FE1191EE10650500ACB9;FC081C55582CED11A62CD892C0003F2A;2025-05-31;-2.0;-126.02
5E8A674D7F3DBE118772106505002E59;FC081C55582CED11A62CD892C0003F2A;2025-05-31;-2.0;-154.92
7A16B23FED71FE1191EE10650500CBB9;FC081C55582CED11A62CD892C0003F2A;2025-05-31;-2.0;-826.96
E0332B901FD9DE11406610650500C14A;FC081C55582CED11A62CD892C0003F2A;2025-05-31;-2.0;-588.38
502FAD6CE71BDE11406610650500634A;FC081C55582CED11A62CD892C0003F2A;2025-05-31;-4.0;-37.18
368EA975730ADE11406610650500F14A;FC081C55582CED11A62CD892C0003F2A;2025-05-31;-2.0;-142.84
7BF94DF920159E115540106505000F3B;FC081C55582CED11A62CD892C0003F2A;2025-05-31;-2.0;-126.8
4F9F5CBB1970BE11BE2110650500F55A;FC081C55582CED11A62CD892C0003F2A;2025-05-31;-6.0;-1036.02
FD744D7F12EC6E11B7B78A650500BC08;B0BDDED34CC83E11052F6792C000B249;2025-05-31;-4.0;-171.96
F2AD502BDC065E1142D58A650500DC08;B0BDDED34CC83E11052F6792C000B249;2025-05-31;-334.0;-1002.0
63A11C96DCFE5E1142D58A6505006D08;B0BDDED34CC83E11052F6792C000B249;2025-05-31;-2.0;-43.98
72DA83A561106E1142D58A650500AD08;B0BDDED34CC83E11052F6792C000B249;2025-05-31;-2.0;-361.32
4DA5E4036085FD110DC22A92C000D158;B0BDDED34CC83E11052F6792C000B249;2025-05-31;-2.0;-214.7
3B33ADA2A0FE5E1142D58A6505006D08;B0BDDED34CC83E11052F6792C000B249;2025-05-31;-2.0;-608.18
0AE4B5203D456E11B7B78A650500BC08;B0BDDED34CC83E11052F6792C000B249;2025-05-31;-2.0;-78.44
59492BF802405E1142D58A650500BC08;B0BDDED34CC83E11052F6792C000B249;2025-05-31;-2.0;-174.64
32716CB14579FE11128010650500E819;B0BDDED34CC83E11052F6792C000B249;2025-05-31;-4.0;-145.76
4701451DDD30DE11ADB310650500EAB8;B0BDDED34CC83E11052F6792C000B249;2025-05-31;-2.0;-272.76
BB3C1606DF986E11B7B78A650500BC08;B0BDDED34CC83E11052F6792C000B249;2025-05-31;-30.0;-622.8000000000001
38D11EDAC550CE118772106505001269;B0BDDED34CC83E11052F6792C000B249;2025-05-31;-4.0;-456.4
D329023EF123CE11877210650500A569;B0BDDED34CC83E11052F6792C000B249;2025-05-31;-22.0;-661.54
2D00F2E6029EBE11877210650500DF59;B0BDDED34CC83E11052F6792C000B249;2025-05-31;-4.0;-111.44
E47CB89C1A5FFE11F1557891FE697689;B0BDDED34CC83E11052F6792C000B249;2025-05-31;-4.0;-211.88
54EBB0687B5EEE1191EE1065050029B9;B0BDDED34CC83E11052F6792C000B249;2025-05-31;-4.0;-266.4
E1204D06C4BC3E11052F6792C000D249;B0BDDED34CC83E11052F6792C000B249;2025-05-31;-6.0;-261.24
E67F617F6439BE118772106505000959;B0BDDED34CC83E11052F6792C000B249;2025-05-31;-2.0;-663.92
98E00D88A0CAED11A62CD892C0003F2A;B0BDDED34CC83E11052F6792C000B249;2025-05-31;-10.0;-319.4
1B65084853D9EE1191EE1065050009B9;B0BDDED34CC83E11052F6792C000B249;2025-05-31;-2.0;-152.7
2DE3D12D2640FE1191EE106505003AB9;B0BDDED34CC83E11052F6792C000B249;2025-05-31;-2.0;-164.82
601929C3E11A0E11A4A96492C0001269;B0BDDED34CC83E11052F6792C000B249;2025-05-31;-2.0;-382.04
1DC67A9CC0CAED11A62CD892C0003F2A;B0BDDED34CC83E11052F6792C000B249;2025-05-31;-4.0;-292.8
E98779C141CAED11A62CD892C0003F2A;B0BDDED34CC83E11052F6792C000B249;2025-05-31;-2.0;-362.32
8DA02CA111CAED11A62CD892C0003F2A;B0BDDED34CC83E11052F6792C000B249;2025-05-31;-2.0;-723.34
4397BF6A01CAED11A62CD892C0003F2A;B0BDDED34CC83E11052F6792C000B249;2025-05-31;-2.0;-262.6
573F5EAB9D1DDE11406610650500164A;B0BDDED34CC83E11052F6792C000B249;2025-05-31;-2.0;-27.38
3B754762F0CAED11A62CD892C0003F2A;B0BDDED34CC83E11052F6792C000B249;2025-05-31;-2.0;-795.16
98F7BC6AD0412E1143F0668E4200C71A;B0BDDED34CC83E11052F6792C000B249;2025-05-31;-2.0;-1013.26
AB304F11FB8DDE11406610650500A64A;B0BDDED34CC83E11052F6792C000B249;2025-05-31;-2.0;-374.3
75CE6698295EDE11406610650500C74A;B0BDDED34CC83E11052F6792C000B249;2025-05-31;-2.0;-139.32
537FB3E619348E113835BB650500BCAA;B0BDDED34CC83E11052F6792C000B249;2025-05-31;-2.0;-293.44
2E8E54351B578E11F243BB650500CC3B;B0BDDED34CC83E11052F6792C000B249;2025-05-31;-6.0;-320.65999999999997
B770787BD9468E11F243BB6505006B3B;B0BDDED34CC83E11052F6792C000B249;2025-05-31;-2.0;-171.34
0CD13E247AB4EE11B1AD1065050048EA;B0BDDED34CC83E11052F6792C000B249;2025-05-31;-4.0;-117.97999999999999
05D896181950FD11A62CD892C000499B;B0BDDED34CC83E11052F6792C000B249;2025-05-31;-6.0;-668.86
080669A55EED7E110819BB65050039AA;B0BDDED34CC83E11052F6792C000B249;2025-05-31;-2.0;-82.8
87328AB28754EE11B1AD10650500C7EA;B0BDDED34CC83E11052F6792C000B249;2025-05-31;-4.0;-47.2
89EEAF964D7F8E11F243BB650500A74B;B0BDDED34CC83E11052F6792C000B249;2025-05-31;-2.0;-171.22
B36C7E9693615E1142D58A650500BC08;B0BDDED34CC83E11052F6792C000B249;2025-05-31;-28.0;-329.84
D5FE46A0055F4E1142D58A650500BC08;B0BDDED34CC83E11052F6792C000B249;2025-05-31;-6.0;-835.08
C7CF01810BF8CE11ADB31065050001B8;B0BDDED34CC83E11052F6792C000B249;2025-05-31;-2.0;-202.4
58BF1F41BBCDCE11ADB31065050087B8;B0BDDED34CC83E11052F6792C000B249;2025-05-31;-4.0;-2544.0
9F4155F3AF406E1142D58A650500AD08;B0BDDED34CC83E11052F6792C000B249;2025-05-31;-2.0;-391.22
28A6A7BA3F5A4E1142D58A6505009C08;B0BDDED34CC83E11052F6792C000B249;2025-05-31;-2.0;-129.86
D96F6D6893096E11B7B78A650500BC08;B0BDDED34CC83E11052F6792C000B249;2025-05-31;-2.0;-56.04
7904541A2E456E11B7B78A650500BC08;B0BDDED34CC83E11052F6792C000B249;2025-05-31;98.0;17910.0
345DC7F6891A6E11B7B78A650500BC08;B0BDDED34CC83E11052F6792C000B249;2025-05-31;-2.0;-421.64
D843E157C8D65E1142D58A650500DC08;B0BDDED34CC83E11052F6792C000B249;2025-05-31;-2.0;-962.44
C14E6B0BCED4DE11ADB31065050021C8;B0BDDED34CC83E11052F6792C000B249;2025-05-31;-2.0;-363.6
175AF9E305B4DE11ADB310650500F0C8;B0BDDED34CC83E11052F6792C000B249;2025-05-31;-12.0;-696.96
758FAEC27B427E11B7B78A650500CD08;B0BDDED34CC83E11052F6792C000B249;2025-05-31;-2.0;-582.38
91D65036DE75FD110DC22A92C000D158;B0BDDED34CC83E11052F6792C000B249;2025-05-31;-4.0;-78.36
23B64E1E45B4DE11ADB310650500F0C8;B0BDDED34CC83E11052F6792C000B249;2025-05-31;-2.0;-234.7
0F32CF67B305DE11ADB31065050051C8;B0BDDED34CC83E11052F6792C000B249;2025-05-31;-2.0;-119.94
4115C985C07BCE11ADB31065050044B8;B0BDDED34CC83E11052F6792C000B249;2025-05-31;-2.0;-589.12
F4F9EAA0A2ABCE11ADB31065050084B8;B0BDDED34CC83E11052F6792C000B249;2025-05-31;-2.0;-382.24
3D805D41EAE4DE11ADB31065050031C8;B0BDDED34CC83E11052F6792C000B249;2025-05-31;-2.0;-742.18
36C279B05FAAFE11128010650500E819;B0BDDED34CC83E11052F6792C000B249;2025-05-31;-2.0;-154.08
F422311DA869FE11128010650500E819;B0BDDED34CC83E11052F6792C000B249;2025-05-31;-4.0;-1415.48
9DDDB6F58708BE118772106505008759;B0BDDED34CC83E11052F6792C000B249;2025-05-31;-4.0;-916.0
7DD731B28CA4DE11ADB310650500E0C8;B0BDDED34CC83E11052F6792C000B249;2025-05-31;-2.0;-150.94
2BC3BD2764B13E11052F6792C000CF39;B0BDDED34CC83E11052F6792C000B249;2025-05-31;-4.0;-2400.0
450FC208B869FE11128010650500E819;B0BDDED34CC83E11052F6792C000B249;2025-05-31;-2.0;-352.12
149401904596DE11ADB31065050053C8;B0BDDED34CC83E11052F6792C000B249;2025-05-31;-2.0;-638.28
44D3B0467EA23E11052F6792C000CF39;B0BDDED34CC83E11052F6792C000B249;2025-05-31;-2.0;-482.56
B83D606ACE6AFE11128010650500E819;B0BDDED34CC83E11052F6792C000B249;2025-05-31;-2.0;-77.96
E9684DC528B13E11052F6792C000CF39;B0BDDED34CC83E11052F6792C000B249;2025-05-31;-2.0;-575.56
867CB3B0F6153E11052F6792C000FF39;B0BDDED34CC83E11052F6792C000B249;2025-05-31;-2.0;-311.96
B1C1EB04AA4FFE11F1557891FE696689;B0BDDED34CC83E11052F6792C000B249;2025-05-31;-2.0;-121.4
BCD109160EDEFE11F1557891FE69D589;B0BDDED34CC83E11052F6792C000B249;2025-05-31;-2.0;-209.22
B2657CBE7068FE11128010650500D819;B0BDDED34CC83E11052F6792C000B249;2025-05-31;-2.0;-138.98
AD8FC812365FFE11F1557891FE697689;B0BDDED34CC83E11052F6792C000B249;2025-05-31;-2.0;-143.12
CB5AB005003C0E11A4A96492C0001269;B0BDDED34CC83E11052F6792C000B249;2025-05-31;-2.0;-269.2
CAECB213E13DBE118772106505001E59;B0BDDED34CC83E11052F6792C000B249;2025-05-31;-2.0;-684.72
687C46BC1A5FFE11F1557891FE697689;B0BDDED34CC83E11052F6792C000B249;2025-05-31;-2.0;-73.84
290884AC1A5FFE11F1557891FE697689;B0BDDED34CC83E11052F6792C000B249;2025-05-31;-4.0;-211.88
CFA1EF9132DFEE1191EE10650500A9B9;B0BDDED34CC83E11052F6792C000B249;2025-05-31;-4.0;-862.6
DA39958560CBEE1191EE1065050029B9;B0BDDED34CC83E11052F6792C000B249;2025-05-31;-4.0;-371.8
4AF9A0CD66EBEE1191EE1065050029B9;B0BDDED34CC83E11052F6792C000B249;2025-05-31;-4.0;-584.4
46ECEEFF7120FE1191EE106505000AB9;B0BDDED34CC83E11052F6792C000B249;2025-05-31;-2.0;-6.86
363C89BA90CAED11A62CD892C0003F2A;B0BDDED34CC83E11052F6792C000B249;2025-05-31;-2.0;-1080.0
FF6785D8D0CAED11A62CD892C0003F2A;B0BDDED34CC83E11052F6792C000B249;2025-05-31;-2.0;-487.08
FE027C3FC62EEE1191EE1065050029B9;B0BDDED34CC83E11052F6792C000B249;2025-05-31;-2.0;-113.96
40A45EC934F3FE1191EE106505000FB9;B0BDDED34CC83E11052F6792C000B249;2025-05-31;-2.0;-310.02
92069B08EB23FE1191EE10650500FDB9;B0BDDED34CC83E11052F6792C000B249;2025-05-31;-2.0;-151.74
F79001F4C295FE1191EE1065050021C9;B0BDDED34CC83E11052F6792C000B249;2025-05-31;-2.0;-1040.0
5FBD5DD18FFEEE1191EE1065050029B9;B0BDDED34CC83E11052F6792C000B249;2025-05-31;-2.0;-81.94
26D0FAA95A530E11A4A96492C00008E9;B0BDDED34CC83E11052F6792C000B249;2025-05-31;-4.0;-928.84
8A0B0CB751CAED11A62CD892C0003F2A;B0BDDED34CC83E11052F6792C000B249;2025-05-31;-4.0;-1447.3200000000002
F6F107EA01CAED11A62CD892C0003F2A;B0BDDED34CC83E11052F6792C000B249;2025-05-31;-2.0;-319.22
67C4EDC9D0CAED11A62CD892C0003F2A;B0BDDED34CC83E11052F6792C000B249;2025-05-31;-4.0;-1330.52
8033F6C2D74CDE11406610650500054A;B0BDDED34CC83E11052F6792C000B249;2025-05-31;-4.0;-84.3
07F21E73BFAEDE11406610650500384A;B0BDDED34CC83E11052F6792C000B249;2025-05-31;-2.0;-1273.78
7395F55B3BD6AE11BE2110650500B94A;B0BDDED34CC83E11052F6792C000B249;2025-05-31;-2.0;-320.0
295F4D670EFDDE11406610650500374A;B0BDDED34CC83E11052F6792C000B249;2025-05-31;-2.0;-978.9
B0B7EDD1F0CAED11A62CD892C0003F2A;B0BDDED34CC83E11052F6792C000B249;2025-05-31;-4.0;-698.56
4939E2C83CCEAE11BE2110650500D35A;B0BDDED34CC83E11052F6792C000B249;2025-05-31;-16.0;-284.8
A0C7CB6C58F1EE114066106505007C4A;B0BDDED34CC83E11052F6792C000B249;2025-05-31;-2.0;-51.02
4A02915EE0CAED11A62CD892C0003F2A;B0BDDED34CC83E11052F6792C000B249;2025-05-31;-4.0;-334.64
BC9C530E8FCA9E11525010650500EB4A;B0BDDED34CC83E11052F6792C000B249;2025-05-31;-4.0;-126.5
FB52922868A0EE11406610650500BA4A;B0BDDED34CC83E11052F6792C000B249;2025-05-31;-2.0;-570.78
25FAD0A363F7DE11C84610650500507A;B0BDDED34CC83E11052F6792C000B249;2025-05-31;-2.0;-79.8
495F3C9A8E64EE11B1AD10650500E7EA;B0BDDED34CC83E11052F6792C000B249;2025-05-31;-2.0;-135.46
1B0006025C57DE11C846106505009F6A;B0BDDED34CC83E11052F6792C000B249;2025-05-31;-2.0;-2164.32
C4286DD7F5497E110819BB65050009AA;B0BDDED34CC83E11052F6792C000B249;2025-05-31;-2.0;-192.88
911EDF3CEB5F7E110819BB65050039AA;B0BDDED34CC83E11052F6792C000B249;2025-05-31;-2.0;-302.44
FFBE891274699E115250106505001A4A;B0BDDED34CC83E11052F6792C000B249;2025-05-31;-6.0;-88.12
93BE17B32A6F7E110819BB65050039AA;B0BDDED34CC83E11052F6792C000B249;2025-05-31;-2.0;-457.14
E554D59AEAB4EE11B1AD1065050048EA;B0BDDED34CC83E11052F6792C000B249;2025-05-31;-2.0;-78.78
97461FAF7CF39E115540106505008D3B;B0BDDED34CC83E11052F6792C000B249;2025-05-31;-4.0;-726.04
4DF5AA0F66449E11554010650500ED3B;B0BDDED34CC83E11052F6792C000B249;2025-05-31;-4.0;-67.04
7B56CE633B24DE11ADB31065050040C8;B0BDDED34CC83E11052F6792C000B249;2025-05-31;-2.0;-146.3
98D80015B93FDE11406610650500E84A;B0BDDED34CC83E11052F6792C000B249;2025-05-31;-2.0;-28.64
662A5F2B00556E11B7B78A650500BC08;44673735EAF46E11B7B78A650500BC08;2025-05-31;-34.0;-415.14
4A475C7445AE4E1142D58A650500BC08;44673735EAF46E11B7B78A650500BC08;2025-05-31;-18.0;-898.1999999999999
6B433CBA3C456E11B7B78A650500BC08;44673735EAF46E11B7B78A650500BC08;2025-05-31;-2.0;-132.6
FB361686AC456E11B7B78A650500BC08;44673735EAF46E11B7B78A650500BC08;2025-05-31;-6.0;-202.20000000000002
CA1117FDF9456E11B7B78A650500BC08;44673735EAF46E11B7B78A650500BC08;2025-05-31;-2.0;-100.46
189837B6D66A6E11B7B78A650500BC08;44673735EAF46E11B7B78A650500BC08;2025-05-31;-4.0;-279.9
050BACBD2D456E11B7B78A650500BC08;44673735EAF46E11B7B78A650500BC08;2025-05-31;-10.0;-467.0
F3E06E556AE66E11B7B78A650500BC08;44673735EAF46E11B7B78A650500BC08;2025-05-31;-8.0;-336.0
80BE76E2DC456E11B7B78A650500BC08;44673735EAF46E11B7B78A650500BC08;2025-05-31;-6.0;-1547.46
398784DE3A2E6E11B7B78A6505003D08;44673735EAF46E11B7B78A650500BC08;2025-05-31;-26.0;-3341.0
1968760981567E11B7B78A650500ED08;44673735EAF46E11B7B78A650500BC08;2025-05-31;-2.0;-319.52
D2BD1F7DD596DE11ADB31065050053C8;44673735EAF46E11B7B78A650500BC08;2025-05-31;-4.0;-215.24
2F1087E432760E11A4A96492C0004B38;44673735EAF46E11B7B78A650500BC08;2025-05-31;-2.0;-441.98
501B55DC43D0DE11ADB310650500BBB8;44673735EAF46E11B7B78A650500BC08;2025-05-31;-2.0;-186.76
9259C97DC1907E11B7B78A650500CD08;44673735EAF46E11B7B78A650500BC08;2025-05-31;-2.0;-290.0
37C3840F18363E11052F6792C000FF39;44673735EAF46E11B7B78A650500BC08;2025-05-31;-8.0;-719.12
38600091046B3E11052F6792C000D249;44673735EAF46E11B7B78A650500BC08;2025-05-31;-2.0;-75.08
C8494A182769BE118772106505004959;44673735EAF46E11B7B78A650500BC08;2025-05-31;-4.0;-317.8
03E154EB78F00F11112A674AC7E2A889;44673735EAF46E11B7B78A650500BC08;2025-05-31;-2.0;-215.14
4BF72E5DC335DE11ADB31065050091C8;44673735EAF46E11B7B78A650500BC08;2025-05-31;-6.0;-360.36
D39FB66334627E11B7B78A650500CD08;44673735EAF46E11B7B78A650500BC08;2025-05-31;-6.0;-256.7
34D9FBFFA909CE11ADB31065050011B8;44673735EAF46E11B7B78A650500BC08;2025-05-31;-2.0;-128.58
C15FC812365FFE11F1557891FE697689;44673735EAF46E11B7B78A650500BC08;2025-05-31;-8.0;-572.48
31F00C0098B37E11B7B78A650500DD08;44673735EAF46E11B7B78A650500BC08;2025-05-31;-2.0;-271.38
167E6E57CB70DE11ADB3106505004BB8;44673735EAF46E11B7B78A650500BC08;2025-05-31;-10.0;-800.08
ED7D98BA2B9FFE11F1557891FE69C689;44673735EAF46E11B7B78A650500BC08;2025-05-31;-2.0;-548.8
143CA6C1F353CE11877210650500E569;44673735EAF46E11B7B78A650500BC08;2025-05-31;-10.0;-4920.0
FC39F31DAF13CE11877210650500A569;44673735EAF46E11B7B78A650500BC08;2025-05-31;-10.0;-273.65999999999997
BFEC4A8EEBA8BE118772106505005859;44673735EAF46E11B7B78A650500BC08;2025-05-31;-6.0;-159.18
7ACD676623900F11F1557891FE690889;44673735EAF46E11B7B78A650500BC08;2025-05-31;-2.0;-418.0
FB5B6582A8910F114EF7A826072B8989;44673735EAF46E11B7B78A650500BC08;2025-05-31;-18.0;-105.03999999999999
A3E510C0DE2DBE118772106505001E59;44673735EAF46E11B7B78A650500BC08;2025-05-31;-6.0;-539.34
DA83A1DF105DEE1191EE1065050029B9;44673735EAF46E11B7B78A650500BC08;2025-05-31;-2.0;-31.7
1100819A08FCFD11A4A96492C000CB59;44673735EAF46E11B7B78A650500BC08;2025-05-31;-26.0;-3307.98
90726F85E039EE1191EE1065050009B9;44673735EAF46E11B7B78A650500BC08;2025-05-31;-4.0;-158.38
10192F97545FEE1191EE1065050029B9;44673735EAF46E11B7B78A650500BC08;2025-05-31;-2.0;-1022.26
112939332CA8BE118772106505005859;44673735EAF46E11B7B78A650500BC08;2025-05-31;-6.0;-265.79999999999995
BAC51F0B390FEE1191EE1065050029B9;44673735EAF46E11B7B78A650500BC08;2025-05-31;-12.0;-284.5
D117EEEEB517FE1191EE1065050023C9;44673735EAF46E11B7B78A650500BC08;2025-05-31;-2.0;-368.52
39A6C15D4FF3FE1191EE106505001FB9;44673735EAF46E11B7B78A650500BC08;2025-05-31;-2.0;-4536.0
85624B00B392FE1191EE106505002DB9;44673735EAF46E11B7B78A650500BC08;2025-05-31;-6.0;-1226.74
363484C872CAED11A62CD892C0003F2A;44673735EAF46E11B7B78A650500BC08;2025-05-31;-4.0;-445.9
CCC82242594B3E11052F6792C000D249;44673735EAF46E11B7B78A650500BC08;2025-05-31;18.0;3262.5
612141FB7E789E11525010650500E84A;44673735EAF46E11B7B78A650500BC08;2025-05-31;-2.0;-516.0
AB2F654A6F61AE11726010650500AF4A;44673735EAF46E11B7B78A650500BC08;2025-05-31;-2.0;-88.24
5B6562D6E770BE11BE2110650500F55A;44673735EAF46E11B7B78A650500BC08;2025-05-31;16.0;253.47999999999996
DEB429B8DF61EE11406610650500BB4A;44673735EAF46E11B7B78A650500BC08;2025-05-31;-4.0;-1340.02
48F25758BEC0AE11726010650500DE4A;44673735EAF46E11B7B78A650500BC08;2025-05-31;-8.0;-76.9
78DAA76D7E8ADE11406610650500A24A;44673735EAF46E11B7B78A650500BC08;2025-05-31;-4.0;-200.6
74F893450FFD9E117260106505004B4A;44673735EAF46E11B7B78A650500BC08;2025-05-31;-2.0;-1175.36
CAD51A0368ED9E117260106505001B4A;44673735EAF46E11B7B78A650500BC08;2025-05-31;-2.0;-624.0
58054A10B651AE117260106505008F4A;44673735EAF46E11B7B78A650500BC08;2025-05-31;-2.0;-830.66
0F9889072C8EAE11BE2110650500835A;44673735EAF46E11B7B78A650500BC08;2025-05-31;-2.0;-1048.56
D3137EBFE6197E110819BB65050009AA;44673735EAF46E11B7B78A650500BC08;2025-05-31;-14.0;-349.29999999999995
D3C386B6D3459E115540106505004F3B;44673735EAF46E11B7B78A650500BC08;2025-05-31;-2.0;-55.28
11365BACB11A8E11F243BB650500304B;44673735EAF46E11B7B78A650500BC08;2025-05-31;-6.0;-77.03999999999999
5FD37B03C11A8E11F243BB650500304B;44673735EAF46E11B7B78A650500BC08;2025-05-31;-8.0;-118.96
2715713900B08E110819BB65050039AA;44673735EAF46E11B7B78A650500BC08;2025-05-31;-2.0;-526.72
AA12BAC636EEAE11BE2110650500F35A;44673735EAF46E11B7B78A650500BC08;2025-05-31;-4.0;-426.5
198EB87A983E7E110819BB65050039AA;44673735EAF46E11B7B78A650500BC08;2025-05-31;-8.0;-1088.72
9F814C4E45CF8E11F243BB650500084B;44673735EAF46E11B7B78A650500BC08;2025-05-31;-4.0;-146.64
584399AC9E456E11B7B78A650500BC08;44673735EAF46E11B7B78A650500BC08;2025-05-31;-2.0;-52.6
AEF676A9CD456E11B7B78A650500BC08;44673735EAF46E11B7B78A650500BC08;2025-05-31;-2.0;-1186.0
59277BD1DD456E11B7B78A650500BC08;44673735EAF46E11B7B78A650500BC08;2025-05-31;-2.0;-724.0
E37793D1A8F07E11B7B78A650500CD08;44673735EAF46E11B7B78A650500BC08;2025-05-31;-4.0;-303.8
18FF9373FD537E11B7B78A650500DD08;44673735EAF46E11B7B78A650500BC08;2025-05-31;-4.0;-36.84
A4349E308D456E11B7B78A650500BC08;44673735EAF46E11B7B78A650500BC08;2025-05-31;-10.0;-302.0
7AB9F50410A4DE11ADB310650500D0C8;44673735EAF46E11B7B78A650500BC08;2025-05-31;-2.0;-1410.0
7656CB4D25037E11B7B78A650500DD08;44673735EAF46E11B7B78A650500BC08;2025-05-31;-2.0;-111.08
9AD8A4B271D6FD110DC22A92C000D158;44673735EAF46E11B7B78A650500BC08;2025-05-31;76.0;8998.4
6288A8630E3FFE11F1557891FE695689;44673735EAF46E11B7B78A650500BC08;2025-05-31;-4.0;-2240.0
BB43F8C694310F11112A674AC7E2F889;44673735EAF46E11B7B78A650500BC08;2025-05-31;-6.0;-960.0
697E507BE489DE11406610650500514A;44673735EAF46E11B7B78A650500BC08;2025-05-31;-16.0;-432.0
A86D1892866ABE118772106505008A59;44673735EAF46E11B7B78A650500BC08;2025-05-31;-2.0;-610.0
F51EA83B917ABE118772106505009A59;44673735EAF46E11B7B78A650500BC08;2025-05-31;-2.0;-787.62
B4E515C781CAED11A62CD892C0003F2A;44673735EAF46E11B7B78A650500BC08;2025-05-31;-2.0;-48.12
7582F16B97ADDE11406610650500C64A;44673735EAF46E11B7B78A650500BC08;2025-05-31;-2.0;-643.34
692BE16580CAED11A62CD892C0003F2A;44673735EAF46E11B7B78A650500BC08;2025-05-31;-2.0;-733.16
FD567AFA9497EE1191EE1065050047B9;44673735EAF46E11B7B78A650500BC08;2025-05-31;-4.0;-487.88
0F16B8BB7C7BDE11406610650500F34A;44673735EAF46E11B7B78A650500BC08;2025-05-31;-4.0;-21.0
4851C67F46CCDE11406610650500A54A;44673735EAF46E11B7B78A650500BC08;2025-05-31;-4.0;-293.6199999999999
2D2F654A6F61AE11726010650500AF4A;44673735EAF46E11B7B78A650500BC08;2025-05-31;-2.0;-87.86
130319B5C422BE11BE2110650500185A;44673735EAF46E11B7B78A650500BC08;2025-05-31;-4.0;-602.68
49FC4D247A21BE11BE2110650500D65A;44673735EAF46E11B7B78A650500BC08;2025-05-31;-2.0;-512.84
1906FCEAC6197E110819BB65050009AA;44673735EAF46E11B7B78A650500BC08;2025-05-31;-4.0;-192.04
39375A67B5EEAE11BE2110650500F35A;44673735EAF46E11B7B78A650500BC08;2025-05-31;-2.0;-118.0
B8D5845781518E110819BB65050039AA;44673735EAF46E11B7B78A650500BC08;2025-05-31;-4.0;-282.24
D067FE52322B7E110819BB65050039AA;44673735EAF46E11B7B78A650500BC08;2025-05-31;-2.0;-61.54
26A444FE4FA6DE11C84610650500BE6A;44673735EAF46E11B7B78A650500BC08;2025-05-31;-2.0;-79.2
E8F393D4BBB9AE11BE21106505006D4A;44673735EAF46E11B7B78A650500BC08;2025-05-31;-4.0;-129.2
D3AE6E017C0D7E110819BB65050039AA;44673735EAF46E11B7B78A650500BC08;2025-05-31;-24.0;-4814.4
3A716CFCDA8D7E110819BB65050039AA;44673735EAF46E11B7B78A650500BC08;2025-05-31;-2.0;-526.12
6F65901085B59E11554010650500DF3B;44673735EAF46E11B7B78A650500BC08;2025-05-31;-6.0;-912.18
2B6A0075C11A8E11F243BB650500304B;44673735EAF46E11B7B78A650500BC08;2025-05-31;-4.0;-606.44
AB7D111480A49E115540106505006E3B;44673735EAF46E11B7B78A650500BC08;2025-05-31;-2.0;-565.48
E76EDC4E3C456E11B7B78A650500BC08;44673735EAF46E11B7B78A650500BC08;2025-05-31;-4.0;-295.8
3C577F655AE66E11B7B78A650500BC08;44673735EAF46E11B7B78A650500BC08;2025-05-31;-2.0;-61.4
67F5C1F49C456E11B7B78A650500BC08;44673735EAF46E11B7B78A650500BC08;2025-05-31;-2.0;-246.42
FC32A1754C456E11B7B78A650500BC08;44673735EAF46E11B7B78A650500BC08;2025-05-31;-4.0;-186.24
FD577F655AE66E11B7B78A650500BC08;44673735EAF46E11B7B78A650500BC08;2025-05-31;-2.0;-70.8
7D9436EFCD456E11B7B78A650500BC08;44673735EAF46E11B7B78A650500BC08;2025-05-31;-2.0;-4135.56
74BB86FFE2F17E11B7B78A650500CD08;44673735EAF46E11B7B78A650500BC08;2025-05-31;-2.0;-1191.48
B6BCF4881BE66E11B7B78A650500BC08;44673735EAF46E11B7B78A650500BC08;2025-05-31;-8.0;-6972.84
95CD8B56CCFDCE11ADB310650500C7B8;44673735EAF46E11B7B78A650500BC08;2025-05-31;-4.0;-1688.0
9E5E4242A8F07E11B7B78A650500CD08;44673735EAF46E11B7B78A650500BC08;2025-05-31;-2.0;-198.28
78187995E528CE11ADB310650500EFA8;44673735EAF46E11B7B78A650500BC08;2025-05-31;-2.0;-91.36
6A2D4E6C34885E1142D58A650500DC08;44673735EAF46E11B7B78A650500BC08;2025-05-31;-2.0;-40.0
417E3F107946DE11ADB310650500F2C8;44673735EAF46E11B7B78A650500BC08;2025-05-31;-2.0;-84.48
DD048979F7BAFE11128010650500E819;44673735EAF46E11B7B78A650500BC08;2025-05-31;-4.0;-204.0
077A2D18FC510F11112A674AC7E22989;44673735EAF46E11B7B78A650500BC08;2025-05-31;-2.0;-364.0
CD076A426D7DBE118772106505007E59;44673735EAF46E11B7B78A650500BC08;2025-05-31;-2.0;-186.0
6EB9A84E2263CE11877210650500F569;44673735EAF46E11B7B78A650500BC08;2025-05-31;-2.0;-175.82
6D076A426D7DBE118772106505007E59;44673735EAF46E11B7B78A650500BC08;2025-05-31;-2.0;-144.0
1B88F3EECAD0FE1191EE10650500FAB9;44673735EAF46E11B7B78A650500BC08;2025-05-31;-4.0;-295.08
56C29006CFACEE1191EE1065050029B9;44673735EAF46E11B7B78A650500BC08;2025-05-31;-2.0;-238.0
86530C93E63CBE11877210650500DC59;44673735EAF46E11B7B78A650500BC08;2025-05-31;-2.0;-2740.0
3A4C02558A28EE1191EE1065050018B9;44673735EAF46E11B7B78A650500BC08;2025-05-31;-2.0;-134.86
5CCF0F9C17C2FE1191EE106505006DB9;44673735EAF46E11B7B78A650500BC08;2025-05-31;-4.0;-171.56
44990EFE31EBDE11406610650500744A;44673735EAF46E11B7B78A650500BC08;2025-05-31;-2.0;-152.0
769B72C890CAED11A62CD892C0003F2A;44673735EAF46E11B7B78A650500BC08;2025-05-31;-6.0;-555.96
66C7703F6EEAAE11BE2110650500EE4A;44673735EAF46E11B7B78A650500BC08;2025-05-31;-2.0;-51.44
C67CA5BB6811FE1191EE106505004BB9;44673735EAF46E11B7B78A650500BC08;2025-05-31;176.0;48508.22
1649F9C6FC4EDE11406610650500B74A;44673735EAF46E11B7B78A650500BC08;2025-05-31;-2.0;-1170.34
5355A1C422A5BE11BE21106505008C5A;44673735EAF46E11B7B78A650500BC08;2025-05-31;-14.0;-2030.62
0067F9006032BE11BE2110650500285A;44673735EAF46E11B7B78A650500BC08;2025-05-31;-2.0;-212.0
C3CE5F86BD9BAE11BE2110650500CF4A;44673735EAF46E11B7B78A650500BC08;2025-05-31;-2.0;-76.74
0066646F6E08DE11C84610650500707A;44673735EAF46E11B7B78A650500BC08;2025-05-31;-4.0;-350.53999999999996
CB0FC5A2EBFCAE11BE2110650500815A;44673735EAF46E11B7B78A650500BC08;2025-05-31;-2.0;-102.0
923F3D316A408E110819BB65050039AA;44673735EAF46E11B7B78A650500BC08;2025-05-31;-2.0;-666.0
BBE95A9E058C8E11F243BB650500B34B;44673735EAF46E11B7B78A650500BC08;2025-05-31;-2.0;-2445.08
79C19A8C87449E11554010650500ED3B;44673735EAF46E11B7B78A650500BC08;2025-05-31;-2.0;-1336.0
5DC741E1C11A8E11F243BB650500304B;44673735EAF46E11B7B78A650500BC08;2025-05-31;-2.0;-34.78
5BE4AAB2A9098E11F243BB650500EE3B;44673735EAF46E11B7B78A650500BC08;2025-05-31;-6.0;-320.04
37FC3ACEDC410F11112A674AC7E21989;44673735EAF46E11B7B78A650500BC08;2025-05-31;-2.0;-1262.0
3CEBDA5C4546CE11ADB3106505008DA8;44673735EAF46E11B7B78A650500BC08;2025-05-31;-2.0;-99.26
8FDE01753E567E11B7B78A650500ED08;44673735EAF46E11B7B78A650500BC08;2025-05-31;-2.0;-473.2
3C4E17A90E907E11B7B78A650500CD08;44673735EAF46E11B7B78A650500BC08;2025-05-31;-4.0;-366.9
A29DE472E0CAED11A62CD892C0003F2A;44673735EAF46E11B7B78A650500BC08;2025-05-31;-2.0;-736.08
6CB1B2EFC11EAE11BE2110650500E25A;44673735EAF46E11B7B78A650500BC08;2025-05-31;-10.0;-401.2
74AA7107C11A8E11F243BB650500304B;44673735EAF46E11B7B78A650500BC08;2025-05-31;-8.0;-212.3
BD9889072C8EAE11BE2110650500835A;44673735EAF46E11B7B78A650500BC08;2025-05-31;-2.0;-194.12
77FCDC45019FCE11ADB310650500E9B8;FC081C55582CED11A62CD892C0003F2A;2025-05-31;-2.0;-568.78
D8FBCDF9CEEFFE11F1557891FE693789;FC081C55582CED11A62CD892C0003F2A;2025-05-31;-2.0;-649.3
CDA3E09D9D0CFE111280106505000919;FC081C55582CED11A62CD892C0003F2A;2025-05-31;-2.0;-746.44
608444C0C60C4E1142D58A650500BC08;FC081C55582CED11A62CD892C0003F2A;2025-05-31;-2.0;-912.7
9BC14B068B206E1142D58A650500AD08;FC081C55582CED11A62CD892C0003F2A;2025-05-31;-2.0;-765.24
3A6D9E398F2DBE118772106505001E59;FC081C55582CED11A62CD892C0003F2A;2025-05-31;-2.0;-161.62
C86A5EC1BD010F11112A674AC7E2C889;FC081C55582CED11A62CD892C0003F2A;2025-05-31;-2.0;-419.38
F6F4C6AE3E62FE1191EE10650500FCB9;FC081C55582CED11A62CD892C0003F2A;2025-05-31;-2.0;-403.86
B2E102C2C7EFCE11ADB3106505006AB8;FC081C55582CED11A62CD892C0003F2A;2025-05-31;-2.0;-59.12
C30BB501B0CAED11A62CD892C0003F2A;FC081C55582CED11A62CD892C0003F2A;2025-05-31;-2.0;-39.88
3882DD819A9BAE11BE2110650500CF4A;FC081C55582CED11A62CD892C0003F2A;2025-05-31;-2.0;-260.0
4BEE93486BB4EE11B1AD1065050048EA;FC081C55582CED11A62CD892C0003F2A;2025-05-31;-2.0;-354.8
6F577A3653ED7E110819BB65050039AA;FC081C55582CED11A62CD892C0003F2A;2025-05-31;-2.0;-180.72
5ED2DF5F1B529E115540106505007B3B;FC081C55582CED11A62CD892C0003F2A;2025-05-31;-2.0;-755.38
74382A811EC8EE1191EE10650500E8B9;44673735EAF46E11B7B78A650500BC08;2025-05-31;0.0;0.0
52C7FA3AA16BCE11ADB31065050034B8;44673735EAF46E11B7B78A650500BC08;2025-05-31;0.0;0.0
D71AC613EC456E11B7B78A650500BC08;44673735EAF46E11B7B78A650500BC08;2025-05-31;0.0;0.0
237D2CED6B8C6E11B7B78A650500BC08;44673735EAF46E11B7B78A650500BC08;2025-05-31;0.0;0.0
CB8325932BA8BE118772106505005859;44673735EAF46E11B7B78A650500BC08;2025-05-31;0.0;0.0
AC0EC9F475FE6E11B7B78A650500BD08;44673735EAF46E11B7B78A650500BC08;2025-05-31;0.0;0.0
B006C8B5152BDE11406610650500734A;44673735EAF46E11B7B78A650500BC08;2025-05-31;0.0;0.0
D6F6D92FEFB89E11525010650500394A;44673735EAF46E11B7B78A650500BC08;2025-05-31;0.0;0.0
8EB2660E1317DE11C846106505003F6A;44673735EAF46E11B7B78A650500BC08;2025-05-31;0.0;0.0
8C33A865629EBE11877210650500DF59;FC081C55582CED11A62CD892C0003F2A;2025-05-31;-10.0;-7891.7
8DD4E747813A7E110819BB65050029AA;FC081C55582CED11A62CD892C0003F2A;2025-05-31;-8.0;-4113.5199999999995
1189AECD27C45E1142D58A650500DC08;FC081C55582CED11A62CD892C0003F2A;2025-05-31;-4.0;-3178.86
6F614D3035DFEE1191EE10650500A9B9;FC081C55582CED11A62CD892C0003F2A;2025-05-31;-2.0;-453.0
4CC68FC18498CE11ADB31065050080B8;FC081C55582CED11A62CD892C0003F2A;2025-05-31;-2.0;-1694.58
9284EAB534ADCE11ADB31065050047B8;FC081C55582CED11A62CD892C0003F2A;2025-05-31;-2.0;-438.68
409A1461F2D4AE11726010650500F35A;FC081C55582CED11A62CD892C0003F2A;2025-05-31;-2.0;-1748.9
8BA2CBDD2233DE11ADB310650500EEB8;FC081C55582CED11A62CD892C0003F2A;2025-05-31;-2.0;-296.14
B1684B3E2233DE11ADB310650500EEB8;FC081C55582CED11A62CD892C0003F2A;2025-05-31;-2.0;-207.58
15459644CB05FD110DC22A92C0009D7B;FC081C55582CED11A62CD892C0003F2A;2025-05-31;-2.0;-922.44
94AEA4E0A815FD110DC22A92C0009D7B;FC081C55582CED11A62CD892C0003F2A;2025-05-31;-2.0;-262.94
69F9FB497406BE11877210650500F459;FC081C55582CED11A62CD892C0003F2A;2025-05-31;-4.0;-883.5799999999999
666B6A1F00300F11F1557891FE698789;44673735EAF46E11B7B78A650500BC08;2025-05-31;-4.0;-621.14
F5E0DA663F12AE11726010650500805A;44673735EAF46E11B7B78A650500BC08;2025-05-31;-26.0;-9982.64
55A35EC726D6EE1191EE1065050096B9;44673735EAF46E11B7B78A650500BC08;2025-05-31;0.0;0.0
36871F9AE1089E11554010650500C24B;FC081C55582CED11A62CD892C0003F2A;2025-05-31;-4.0;-127.04
1C800A2CE8A47E11B7B78A650500ED08;44673735EAF46E11B7B78A650500BC08;2025-05-31;20.0;2382.4
D23AB36E21C7DE11C84610650500107A;44673735EAF46E11B7B78A650500BC08;2025-05-31;-4.0;-23.1
20AE87C0F0CAED11A62CD892C0003F2A;FC081C55582CED11A62CD892C0003F2A;2025-05-31;-2.0;-357.04
4F7E209180600F11F1557891FE69C789;44673735EAF46E11B7B78A650500BC08;2025-05-31;8.0;10418.26
8F8708B6A6F5AE11BE2110650500984A;44673735EAF46E11B7B78A650500BC08;2025-05-31;10.0;818.64
A875FFA380A49E115540106505006E3B;44673735EAF46E11B7B78A650500BC08;2025-05-31;4.0;3332.82
2971F1E191CAED11A62CD892C0003F2A;B0BDDED34CC83E11052F6792C000B249;2025-05-31;8.0;1230.26
399CDAFF0DDECE11ADB310650500E8B8;FC081C55582CED11A62CD892C0003F2A;2025-05-31;8.0;3353.6
DB9DD049FCDECE11ADB310650500E8B8;FC081C55582CED11A62CD892C0003F2A;2025-05-31;4.0;1141.5
A7C936C4B8F7FE11128010650500D819;FC081C55582CED11A62CD892C0003F2A;2025-05-31;4.0;4493.26
59297EF260EE4E1142D58A650500BC08;FC081C55582CED11A62CD892C0003F2A;2025-05-31;22.0;3776.0
1D736BE7DCDFDE11406610650500B94A;FC081C55582CED11A62CD892C0003F2A;2025-05-31;4.0;703.74
08A96DEB38B18E11A442BB65050079AA;FC081C55582CED11A62CD892C0003F2A;2025-05-31;28.0;1748.8
DC748A090605FE1191EE1065050070C9;B0BDDED34CC83E11052F6792C000B249;2025-05-31;4.0;4231.7
E27D36D5E5EB5E1142D58A6505000D08;B0BDDED34CC83E11052F6792C000B249;2025-05-31;120.0;2814.84
412E8AAFCEE3DE11ADB310650500DFB8;B0BDDED34CC83E11052F6792C000B249;2025-05-31;96.0;1425.76
3E77D9F00A610F11112A674AC7E23989;B0BDDED34CC83E11052F6792C000B249;2025-05-31;100.0;2489.12
1F26755E73530F114EF7A826072BBB89;44673735EAF46E11B7B78A650500BC08;2025-05-31;20.0;1820.94
E6AF1CAE73530F114EF7A826072BBB89;44673735EAF46E11B7B78A650500BC08;2025-05-31;10.0;1949.3
713C35BE73530F114EF7A826072BBB89;44673735EAF46E11B7B78A650500BC08;2025-05-31;20.0;869.2
9A287741A4A4FE1191EE10650500FFB9;B0BDDED34CC83E11052F6792C000B249;2025-05-31;12.0;1567.78
5711C63F7D31EE114066106505007B4A;B0BDDED34CC83E11052F6792C000B249;2025-05-31;32.0;11283.22
1555EAD137F1DE11ADB3106505005DB8;FC081C55582CED11A62CD892C0003F2A;2025-05-31;6.0;27352.94
F15D1F78E1CAED11A62CD892C0003F2A;FC081C55582CED11A62CD892C0003F2A;2025-05-31;100.0;901.6
F15D1F78E1CAED11A62CD892C0003F2A;B0BDDED34CC83E11052F6792C000B249;2025-05-31;20.0;180.32
4B8C345CE1CAED11A62CD892C0003F2A;B0BDDED34CC83E11052F6792C000B249;2025-05-31;2.0;1771.64
9F8CA649585A2E11052F6792C0007F39;44673735EAF46E11B7B78A650500BC08;2025-05-31;24.0;2092.34
F6F4DA2DDAFB3E11052F6792C000D249;44673735EAF46E11B7B78A650500BC08;2025-05-31;12.0;920.04
337634AD6104FE1191EE106505001FB9;B0BDDED34CC83E11052F6792C000B249;2025-05-31;20.0;3616.24
235C731EF608BE118772106505008759;B0BDDED34CC83E11052F6792C000B249;2025-05-31;6.0;2071.02
D48925058954FE1191EE106505008FB9;44673735EAF46E11B7B78A650500BC08;2025-05-31;8.0;10704.9
AC0ECEF0EC065E1142D58A650500DC08;FC081C55582CED11A62CD892C0003F2A;2025-05-31;-332.0;-1766.2400000000002
6C1F98BA29265E1142D58A650500DC08;FC081C55582CED11A62CD892C0003F2A;2025-05-31;-20.0;-3253.2
25505E0430456E11B7B78A650500BC08;FC081C55582CED11A62CD892C0003F2A;2025-05-31;-2.0;-168.1
2A79254529DDCE11ADB31065050097B8;FC081C55582CED11A62CD892C0003F2A;2025-05-31;-8.0;-1200.0
A0C1B01B55B4DE11ADB310650500F0C8;FC081C55582CED11A62CD892C0003F2A;2025-05-31;-6.0;-249.71999999999997
8E6E948E05B4DE11ADB310650500F0C8;FC081C55582CED11A62CD892C0003F2A;2025-05-31;-2.0;-116.16
3CC764FABCDFCE11ADB3106505005AB8;FC081C55582CED11A62CD892C0003F2A;2025-05-31;-2.0;-357.86
8FB58F6876807E11B7B78A650500CD08;FC081C55582CED11A62CD892C0003F2A;2025-05-31;-4.0;-1148.18
DA5D774AA60BFE11128010650500E819;FC081C55582CED11A62CD892C0003F2A;2025-05-31;-2.0;-91.2
CBD9B58A69EF0E1143F0668E42007A39;FC081C55582CED11A62CD892C0003F2A;2025-05-31;-4.0;-584.6
EE215376AF6DFE11F1557891FE690489;FC081C55582CED11A62CD892C0003F2A;2025-05-31;-2.0;-163.4
9B77AF526C4FBE11877210650500C069;FC081C55582CED11A62CD892C0003F2A;2025-05-31;-2.0;-288.16
720EC6771ABAFE11128010650500E819;FC081C55582CED11A62CD892C0003F2A;2025-05-31;-18.0;-2065.04
2DA8FDA9268EFE11F1557891FE696589;FC081C55582CED11A62CD892C0003F2A;2025-05-31;-8.0;-704.0
B6DE07F7EB23FE1191EE10650500FDB9;FC081C55582CED11A62CD892C0003F2A;2025-05-31;-2.0;-312.32
6ED8CA5501CAED11A62CD892C0003F2A;FC081C55582CED11A62CD892C0003F2A;2025-05-31;-2.0;-199.46
0B1FE13CC2B6FE1191EE1065050092C9;FC081C55582CED11A62CD892C0003F2A;2025-05-31;-2.0;-214.2
EC926A1A9DBBDE11406610650500444A;FC081C55582CED11A62CD892C0003F2A;2025-05-31;-8.0;-721.68
BE15B92D98FF9E11726010650500CD4A;FC081C55582CED11A62CD892C0003F2A;2025-05-31;-6.0;-1394.82
FC0B74D7D0CAED11A62CD892C0003F2A;FC081C55582CED11A62CD892C0003F2A;2025-05-31;-2.0;-351.68
28F5EBC551CAED11A62CD892C0003F2A;FC081C55582CED11A62CD892C0003F2A;2025-05-31;-2.0;-392.4
543CA7F07F2C9E11726010650500E84A;FC081C55582CED11A62CD892C0003F2A;2025-05-31;-4.0;-1354.66
B1CF171FD8FCDE11406610650500E54A;FC081C55582CED11A62CD892C0003F2A;2025-05-31;-4.0;-2308.7
9FFEDD26973C7E110819BB65050039AA;FC081C55582CED11A62CD892C0003F2A;2025-05-31;-2.0;-224.2
411B6AFBC751EE114066106505009B4A;FC081C55582CED11A62CD892C0003F2A;2025-05-31;-2.0;-175.68
D00294EB2772EE114066106505001D4A;FC081C55582CED11A62CD892C0003F2A;2025-05-31;-2.0;-522.12
874B874C22238E117E64BB6505005BAA;FC081C55582CED11A62CD892C0003F2A;2025-05-31;-2.0;-105.0
8DA4A40EAA4A7E110819BB65050039AA;FC081C55582CED11A62CD892C0003F2A;2025-05-31;-4.28;-3936.78
844FAF8447A0EE11406610650500BA4A;FC081C55582CED11A62CD892C0003F2A;2025-05-31;-2.0;-536.28
DB97D5A3DDE6DE11C846106505000F6A;FC081C55582CED11A62CD892C0003F2A;2025-05-31;-4.0;-43.24
A8392E976405EE11B1AD10650500A8EA;FC081C55582CED11A62CD892C0003F2A;2025-05-31;0.0;0.0
79D7EFC706078E11F243BB6505005C3B;FC081C55582CED11A62CD892C0003F2A;2025-05-31;-4.0;-799.68
2FBE3DAE8DA3DE11ADB3106505008FB8;FC081C55582CED11A62CD892C0003F2A;2025-05-31;-2.0;-107.12
FEF75E703E56BE118772106505006559;FC081C55582CED11A62CD892C0003F2A;2025-05-31;-2.0;-178.02
B4794D776BBD3E11052F6792C000D249;FC081C55582CED11A62CD892C0003F2A;2025-05-31;108.0;606.5600000000001
EC472DC2C3D67E11B7B78A650500ED08;FC081C55582CED11A62CD892C0003F2A;2025-05-31;-2.0;-81.3
E420189432A0CE118772106505007269;FC081C55582CED11A62CD892C0003F2A;2025-05-31;-2.0;-27.02
43533C293277BE11877210650500C659;FC081C55582CED11A62CD892C0003F2A;2025-05-31;-2.0;-140.88
31464CC3F58EFE11F1557891FE696589;FC081C55582CED11A62CD892C0003F2A;2025-05-31;-2.0;-208.0
9174E56DBB98FE11128010650500D819;FC081C55582CED11A62CD892C0003F2A;2025-05-31;-4.0;-100.32
7CB41BC39E74FE1191EE10650500CFB9;FC081C55582CED11A62CD892C0003F2A;2025-05-31;-2.0;-110.5
6F3995AC483EFE11F1557891FE690589;FC081C55582CED11A62CD892C0003F2A;2025-05-31;-2.0;-28.0
91B29655B3D67E11B7B78A650500ED08;FC081C55582CED11A62CD892C0003F2A;2025-05-31;-8.0;-222.32
7F203216A9BFCE11ADB3106505001AB8;FC081C55582CED11A62CD892C0003F2A;2025-05-31;-2.0;-112.8
4966C0770DECEE1191EE1065050029B9;FC081C55582CED11A62CD892C0003F2A;2025-05-31;-4.0;-31.86
68581F2D70900F11F1557891FE690889;FC081C55582CED11A62CD892C0003F2A;2025-05-31;-2.0;-154.82
90BE6391EECDDE11406610650500F64A;FC081C55582CED11A62CD892C0003F2A;2025-05-31;-2.0;-166.1
449976D13FC0FE1191EE10650500EAB9;FC081C55582CED11A62CD892C0003F2A;2025-05-31;-2.0;-40.74
7BFCBC2E51FBEE1191EE1065050029B9;FC081C55582CED11A62CD892C0003F2A;2025-05-31;-4.0;-20.72
98303B3C9E3EDE11406610650500974A;FC081C55582CED11A62CD892C0003F2A;2025-05-31;-4.0;-224.86
9B1B69AFBBE1EE114066106505006C4A;FC081C55582CED11A62CD892C0003F2A;2025-05-31;-2.0;-32.58
3D2668356956FE1191EE1065050022C9;FC081C55582CED11A62CD892C0003F2A;2025-05-31;-2.0;-122.2
02DF6D13D1E7EE1191EE10650500A7B9;FC081C55582CED11A62CD892C0003F2A;2025-05-31;-10.0;-56.3
31FFAA80FF30EE114066106505003A4A;FC081C55582CED11A62CD892C0003F2A;2025-05-31;-2.0;-135.16
7BF8ACFF0CADEE1191EE1065050029B9;FC081C55582CED11A62CD892C0003F2A;2025-05-31;-2.0;-164.82
4036F47EFF30EE114066106505003A4A;FC081C55582CED11A62CD892C0003F2A;2025-05-31;-2.0;-58.44
B0C5D5B4AB74EE11B1AD10650500F7EA;FC081C55582CED11A62CD892C0003F2A;2025-05-31;-2.0;-70.78
DA6432A0EEB3EE11B1AD1065050007EA;FC081C55582CED11A62CD892C0003F2A;2025-05-31;-2.0;-531.8
9DFCDC3742405E1142D58A650500BC08;FC081C55582CED11A62CD892C0003F2A;2025-05-31;-2.0;-326.32
5AF8672D4A075E1142D58A650500DC08;FC081C55582CED11A62CD892C0003F2A;2025-05-31;-4.0;-265.36
D26AB7B500556E11B7B78A650500BC08;FC081C55582CED11A62CD892C0003F2A;2025-05-31;-2.0;-220.86
0416ABC861446E11B7B78A650500BC08;FC081C55582CED11A62CD892C0003F2A;2025-05-31;-2.0;-439.1
8A7732EA29EA5E1142D58A6505000D08;FC081C55582CED11A62CD892C0003F2A;2025-05-31;-4.0;-789.32
CA365B874A517E11B7B78A650500CD08;FC081C55582CED11A62CD892C0003F2A;2025-05-31;-2.0;-121.46
6918D8A129205E1142D58A650500BC08;FC081C55582CED11A62CD892C0003F2A;2025-05-31;-2.0;-724.0
501B55DC43D0DE11ADB310650500BBB8;FC081C55582CED11A62CD892C0003F2A;2025-05-31;-6.0;-684.0
2D42EF4B16137E11B7B78A650500DD08;FC081C55582CED11A62CD892C0003F2A;2025-05-31;-6.0;-667.98
8C03F11A4094DE11ADB310650500C0C8;FC081C55582CED11A62CD892C0003F2A;2025-05-31;-2.0;-128.7
1274EDE583E2DE11ADB3106505008EB8;FC081C55582CED11A62CD892C0003F2A;2025-05-31;-2.0;-289.86
52ABCA1074F4DE11ADB31065050041C8;FC081C55582CED11A62CD892C0003F2A;2025-05-31;-2.0;-219.62
C3D8C1394D85DE11ADB31065050002C8;FC081C55582CED11A62CD892C0003F2A;2025-05-31;-4.0;-417.2
A4A97BB648CDCE11ADB31065050087B8;FC081C55582CED11A62CD892C0003F2A;2025-05-31;-6.0;-931.4
43215D3528D8EE1191EE10650500F8B9;FC081C55582CED11A62CD892C0003F2A;2025-05-31;-2.0;-396.76
2F85CA1D1442DE11ADB310650500BDB8;FC081C55582CED11A62CD892C0003F2A;2025-05-31;-4.0;-264.24
FA65ED4652B7BE118772106505001759;FC081C55582CED11A62CD892C0003F2A;2025-05-31;-2.0;-75.34
C15FC812365FFE11F1557891FE697689;FC081C55582CED11A62CD892C0003F2A;2025-05-31;-6.0;-429.36
EE280D4ACE23FD110DC22A92C000C499;FC081C55582CED11A62CD892C0003F2A;2025-05-31;-2.0;-314.3
DA39958560CBEE1191EE1065050029B9;FC081C55582CED11A62CD892C0003F2A;2025-05-31;-4.0;-371.8
9DB4568D2726EE1191EE10650500C5B9;FC081C55582CED11A62CD892C0003F2A;2025-05-31;-4.0;-729.36
3386F2D8CC8EFE11F1557891FE697589;FC081C55582CED11A62CD892C0003F2A;2025-05-31;-4.0;-520.0
F11EE46170EFFE11F1557891FE692789;FC081C55582CED11A62CD892C0003F2A;2025-05-31;-2.0;-222.0
76EF67B82642FE1191EE10650500CCB9;FC081C55582CED11A62CD892C0003F2A;2025-05-31;-2.0;-2432.5
C4018428F0CAED11A62CD892C0003F2A;FC081C55582CED11A62CD892C0003F2A;2025-05-31;-2.0;-255.22
EACD934DFC56FE1191EE1065050022C9;FC081C55582CED11A62CD892C0003F2A;2025-05-31;-2.0;-956.22
1F96B7DB01CAED11A62CD892C0003F2A;FC081C55582CED11A62CD892C0003F2A;2025-05-31;-4.0;-1038.04
99B47DE6DDFFFE11F1557891FE694789;FC081C55582CED11A62CD892C0003F2A;2025-05-31;-2.0;-539.0
7F1DD6192642FE1191EE10650500CCB9;FC081C55582CED11A62CD892C0003F2A;2025-05-31;-2.0;-950.04
389C517205ABEE1191EE1065050029B9;FC081C55582CED11A62CD892C0003F2A;2025-05-31;-2.0;-39.96
E08C3F069DE9EE1191EE1065050009B9;FC081C55582CED11A62CD892C0003F2A;2025-05-31;-2.0;-119.78
85DB2F398371FE1191EE10650500BBB9;FC081C55582CED11A62CD892C0003F2A;2025-05-31;-2.0;-144.82
DA4D455DE0CAED11A62CD892C0003F2A;FC081C55582CED11A62CD892C0003F2A;2025-05-31;-8.0;-6832.8
3F4D455DE0CAED11A62CD892C0003F2A;FC081C55582CED11A62CD892C0003F2A;2025-05-31;-4.0;-968.44
7F96B7DB01CAED11A62CD892C0003F2A;FC081C55582CED11A62CD892C0003F2A;2025-05-31;-2.0;-223.84
F6FFE3D7D99DDE11406610650500B64A;FC081C55582CED11A62CD892C0003F2A;2025-05-31;-4.0;-435.52
09F2DB113F5F9E117260106505000D4A;FC081C55582CED11A62CD892C0003F2A;2025-05-31;-4.0;-1077.86
D01ED2E9637A7E110819BB65050039AA;FC081C55582CED11A62CD892C0003F2A;2025-05-31;-6.0;-391.06
09CE277B1D5EAE11BE2110650500435A;FC081C55582CED11A62CD892C0003F2A;2025-05-31;-2.0;-542.2
854C7BD955E0EE114066106505000B4A;FC081C55582CED11A62CD892C0003F2A;2025-05-31;-24.0;-2780.88
7AC2BB97AEFE9E117260106505008C4A;FC081C55582CED11A62CD892C0003F2A;2025-05-31;-2.0;-410.82
8874614E149CDE11406610650500654A;FC081C55582CED11A62CD892C0003F2A;2025-05-31;-2.0;-689.54
0ACF256FF3D99E11525010650500AA4A;FC081C55582CED11A62CD892C0003F2A;2025-05-31;-2.0;-1408.24
4622243AB7A0EE11406610650500BA4A;FC081C55582CED11A62CD892C0003F2A;2025-05-31;-2.0;-336.8
80F3A378A4170E11A4A96492C000EC6A;FC081C55582CED11A62CD892C0003F2A;2025-05-31;-2.0;-263.84
26BE043633E3AE11726010650500C25A;FC081C55582CED11A62CD892C0003F2A;2025-05-31;-2.0;-742.56
87328AB28754EE11B1AD10650500C7EA;FC081C55582CED11A62CD892C0003F2A;2025-05-31;-8.0;-94.4
B784C81358C4EE11B1AD1065050058EA;FC081C55582CED11A62CD892C0003F2A;2025-05-31;-2.0;-217.12
33993B4824789E11525010650500D84A;FC081C55582CED11A62CD892C0003F2A;2025-05-31;-22.0;-414.92
A876CAC07A48CE11ADB31065050010B8;FC081C55582CED11A62CD892C0003F2A;2025-05-31;-4.0;-281.52
A3908946B0E14E1142D58A650500DB08;FC081C55582CED11A62CD892C0003F2A;2025-05-31;-2.0;-759.66
048B9C3BBF354E1142D58A6505002C08;FC081C55582CED11A62CD892C0003F2A;2025-05-31;-2.0;-120.12
BA0B5886A41ECE11ADB310650500E7B8;FC081C55582CED11A62CD892C0003F2A;2025-05-31;-2.0;-344.2
937567071282DE11ADB3106505000EB8;FC081C55582CED11A62CD892C0003F2A;2025-05-31;-2.0;-596.44
D11B912A5737CE11ADB310650500BEA8;FC081C55582CED11A62CD892C0003F2A;2025-05-31;-16.0;-534.56
FEC2A31E65B4DE11ADB310650500F0C8;FC081C55582CED11A62CD892C0003F2A;2025-05-31;-2.0;-122.04
0C1FEA0135B4DE11ADB310650500F0C8;FC081C55582CED11A62CD892C0003F2A;2025-05-31;-4.0;-378.8
BD28316D7AD2DE11ADB3106505007EB8;FC081C55582CED11A62CD892C0003F2A;2025-05-31;-2.0;-27.8
9DDDB6F58708BE118772106505008759;FC081C55582CED11A62CD892C0003F2A;2025-05-31;-2.0;-462.92
36FD27971F010F11112A674AC7E2C889;FC081C55582CED11A62CD892C0003F2A;2025-05-31;-2.0;-1266.96
BCE9836BBCDDFE11F1557891FE699489;FC081C55582CED11A62CD892C0003F2A;2025-05-31;-2.0;-335.66
DFD8494FD7B1CE11877210650500D369;FC081C55582CED11A62CD892C0003F2A;2025-05-31;-2.0;-8196.98
DE21EE884B2CBE11877210650500CC59;FC081C55582CED11A62CD892C0003F2A;2025-05-31;-2.0;-411.6
B97F84D3F896EE1191EE1065050056B9;FC081C55582CED11A62CD892C0003F2A;2025-05-31;-2.0;-310.04
B8C0B7EFAA1DFD11A4A96492C000CB59;FC081C55582CED11A62CD892C0003F2A;2025-05-31;-2.0;-366.54
FE5D716FA06C3E11052F6792C000D249;FC081C55582CED11A62CD892C0003F2A;2025-05-31;-2.0;-762.56
738D15D820C1CE11877210650500E369;FC081C55582CED11A62CD892C0003F2A;2025-05-31;-2.0;-368.42
556B54C20A3AEE1191EE1065050009B9;FC081C55582CED11A62CD892C0003F2A;2025-05-31;-2.0;-176.44
0D72AFE8129EFE11F1557891FE697589;FC081C55582CED11A62CD892C0003F2A;2025-05-31;-2.0;-74.16
85757CEB9DE8FD11A4A96492C000AA89;FC081C55582CED11A62CD892C0003F2A;2025-05-31;-2.0;-1578.54
F7B9B031FF13CE11877210650500A569;FC081C55582CED11A62CD892C0003F2A;2025-05-31;-6.0;-274.24
CCFB1FD4AFB0FE1191EE10650500DAB9;FC081C55582CED11A62CD892C0003F2A;2025-05-31;-6.0;-270.0
CD24CA6D7FD2FE1191EE106505009DB9;FC081C55582CED11A62CD892C0003F2A;2025-05-31;-2.0;-441.84
4606C0B331CAED11A62CD892C0003F2A;FC081C55582CED11A62CD892C0003F2A;2025-05-31;-2.0;-166.6
9FA0FD18E94DFE11F1557891FE69D389;FC081C55582CED11A62CD892C0003F2A;2025-05-31;-2.0;-86.76
21766B3FED71FE1191EE10650500CBB9;FC081C55582CED11A62CD892C0003F2A;2025-05-31;-2.0;-825.64
0CC6A366D0CAED11A62CD892C0003F2A;FC081C55582CED11A62CD892C0003F2A;2025-05-31;-2.0;-684.72
45F5605DD0CAED11A62CD892C0003F2A;FC081C55582CED11A62CD892C0003F2A;2025-05-31;-2.0;-1380.66
1179538AF7D1FE1191EE106505003CB9;FC081C55582CED11A62CD892C0003F2A;2025-05-31;-2.0;-218.28
98E00D88A0CAED11A62CD892C0003F2A;FC081C55582CED11A62CD892C0003F2A;2025-05-31;-2.0;-59.66
6999F16DC9822E1143F0668E4200C71A;FC081C55582CED11A62CD892C0003F2A;2025-05-31;-2.0;-136.96
3B754762F0CAED11A62CD892C0003F2A;FC081C55582CED11A62CD892C0003F2A;2025-05-31;-2.0;-795.16
8CDFB110EAD3FE1191EE10650500EEB9;FC081C55582CED11A62CD892C0003F2A;2025-05-31;-2.0;-176.7
76DA38B6E1CAED11A62CD892C0003F2A;FC081C55582CED11A62CD892C0003F2A;2025-05-31;-2.0;-750.04
9F6D0F4C8EA3FD110DC22A92C000C499;FC081C55582CED11A62CD892C0003F2A;2025-05-31;-6.0;-1830.06
1A9E47EAD0CAED11A62CD892C0003F2A;FC081C55582CED11A62CD892C0003F2A;2025-05-31;-2.0;-196.64
576F6988CE330E11A4A96492C00008E9;FC081C55582CED11A62CD892C0003F2A;2025-05-31;-6.0;-643.16
97BC2942599EFE11F1557891FE698589;FC081C55582CED11A62CD892C0003F2A;2025-05-31;-2.0;-42.0
5FE69D4AFD43FE1191EE106505002EB9;FC081C55582CED11A62CD892C0003F2A;2025-05-31;-2.0;-231.12
E6AF8A5FC0CAED11A62CD892C0003F2A;FC081C55582CED11A62CD892C0003F2A;2025-05-31;-8.0;-884.4
F7BAF9464533FE1191EE106505000EB9;FC081C55582CED11A62CD892C0003F2A;2025-05-31;-2.0;-713.0
6286A11E189BDE11406610650500144A;FC081C55582CED11A62CD892C0003F2A;2025-05-31;-2.0;-668.18
88C844D3D0CAED11A62CD892C0003F2A;FC081C55582CED11A62CD892C0003F2A;2025-05-31;-2.0;-187.36
75F170412461EE11406610650500AB4A;FC081C55582CED11A62CD892C0003F2A;2025-05-31;-2.0;-124.98
D564E44AC336AE11BE2110650500E84A;FC081C55582CED11A62CD892C0003F2A;2025-05-31;-2.0;-1747.62
54740F4A70E87E110819BB65050009AA;FC081C55582CED11A62CD892C0003F2A;2025-05-31;-2.0;-90.74
10AAE689842C9E11726010650500D84A;FC081C55582CED11A62CD892C0003F2A;2025-05-31;-4.0;-3901.24
99CE16AE48F1EE114066106505007C4A;FC081C55582CED11A62CD892C0003F2A;2025-05-31;-2.0;-60.6
E4B8E5FDD3269E11554010650500604B;FC081C55582CED11A62CD892C0003F2A;2025-05-31;-2.0;-164.7
151738EFCC4BFD11A4A96492C0006F3B;FC081C55582CED11A62CD892C0003F2A;2025-05-31;-4.0;-223.26
65E1E77DC8D58E11F243BB650500CA3B;FC081C55582CED11A62CD892C0003F2A;2025-05-31;-6.0;-554.4
B3B135B1B6E62E1143F0668E420006EB;FC081C55582CED11A62CD892C0003F2A;2025-05-31;-4.0;-646.14
B2C028A17E0D7E110819BB65050039AA;FC081C55582CED11A62CD892C0003F2A;2025-05-31;-2.0;-20.68
270173E1EA18DE11C84610650500807A;FC081C55582CED11A62CD892C0003F2A;2025-05-31;-2.0;-238.3
401E81BE1965DE11ADB310650500D1C8;FC081C55582CED11A62CD892C0003F2A;2025-05-31;-2.0;-187.28
5AF0F2E4EA244E1142D58A6505002C08;FC081C55582CED11A62CD892C0003F2A;2025-05-31;-2.0;-100.16
A1B14DE43B73CE118772106505001669;FC081C55582CED11A62CD892C0003F2A;2025-05-31;-2.0;-106.44
7D4AA3ABECC65E1142D58A650500DC08;FC081C55582CED11A62CD892C0003F2A;2025-05-31;-2.0;-714.76
01F7ACBDCA053E11052F6792C000FF39;FC081C55582CED11A62CD892C0003F2A;2025-05-31;-2.0;-312.62
195F0B6FA2513E11052F6792C000CF39;FC081C55582CED11A62CD892C0003F2A;2025-05-31;-2.0;-293.06
E8A9836BBCDDFE11F1557891FE699489;FC081C55582CED11A62CD892C0003F2A;2025-05-31;-2.0;-334.46
6F6D7513BF73EE11B1AD10650500B6EA;FC081C55582CED11A62CD892C0003F2A;2025-05-31;-4.0;-1006.94
F6F107EA01CAED11A62CD892C0003F2A;FC081C55582CED11A62CD892C0003F2A;2025-05-31;-2.0;-318.8
4838747444AE9E117260106505001C4A;FC081C55582CED11A62CD892C0003F2A;2025-05-31;-16.0;-2342.24
4E0BCEDCE246AE11BE2110650500F84A;FC081C55582CED11A62CD892C0003F2A;2025-05-31;-2.0;-732.98
B2CDCBEB7D49AE11BE2110650500DC4A;FC081C55582CED11A62CD892C0003F2A;2025-05-31;-2.0;-480.0
9D9E942B1CC46E11B7B78A650500BC08;B0BDDED34CC83E11052F6792C000B249;2025-05-31;-2.0;-176.06
D519A5CAEE065E1142D58A650500DC08;B0BDDED34CC83E11052F6792C000B249;2025-05-31;-4.0;-151.04
94303E5412EC6E11B7B78A650500BC08;B0BDDED34CC83E11052F6792C000B249;2025-05-31;-2.0;-166.82
141ACE2F5FE95E1142D58A650500DC08;B0BDDED34CC83E11052F6792C000B249;2025-05-31;-8.0;-1534.72
4331172115B4DE11ADB310650500F0C8;B0BDDED34CC83E11052F6792C000B249;2025-05-31;-2.0;-134.4
E1684B3E2233DE11ADB310650500EEB8;B0BDDED34CC83E11052F6792C000B249;2025-05-31;-4.0;-592.28
21AE9D58561ECE11ADB310650500E7B8;B0BDDED34CC83E11052F6792C000B249;2025-05-31;-2.0;-738.0
75119DBE3D09FE11128010650500E819;B0BDDED34CC83E11052F6792C000B249;2025-05-31;-2.0;-101.26
AA8E6AE3E60BFE11128010650500E819;B0BDDED34CC83E11052F6792C000B249;2025-05-31;-2.0;-199.58
40E8254C9CDFCE11ADB3106505005AB8;B0BDDED34CC83E11052F6792C000B249;2025-05-31;-2.0;-376.4
F4D7E43B046B3E11052F6792C000D249;B0BDDED34CC83E11052F6792C000B249;2025-05-31;-2.0;-125.68
32EB054C1A5FFE11F1557891FE697689;B0BDDED34CC83E11052F6792C000B249;2025-05-31;-2.0;-75.32
B7538CCBC1FFBE118772106505009169;B0BDDED34CC83E11052F6792C000B249;2025-05-31;-2.0;-569.0
64369B48E13DBE118772106505001E59;B0BDDED34CC83E11052F6792C000B249;2025-05-31;-2.0;-684.72
AC7C07BF37F8FE11128010650500D819;B0BDDED34CC83E11052F6792C000B249;2025-05-31;-6.0;-2868.0
9523F7ABD379BE118772106505005959;B0BDDED34CC83E11052F6792C000B249;2025-05-31;-2.0;-549.4
5258F2FDF513CE118772106505009569;B0BDDED34CC83E11052F6792C000B249;2025-05-31;-2.0;-1778.18
60E344D7527ABE118772106505009A59;B0BDDED34CC83E11052F6792C000B249;2025-05-31;-2.0;-976.28
B61B0946CF95FE1191EE1065050031C9;B0BDDED34CC83E11052F6792C000B249;2025-05-31;-2.0;-773.88
2BBFF4148CA7FE1191EE10650500E3C9;B0BDDED34CC83E11052F6792C000B249;2025-05-31;-2.0;-440.1
5490F1D2B6AEEE1191EE1065050029B9;B0BDDED34CC83E11052F6792C000B249;2025-05-31;-2.0;-182.66
7FBD98BA2B9FFE11F1557891FE69C689;B0BDDED34CC83E11052F6792C000B249;2025-05-31;-2.0;-684.72
AE424547F7CCEE1191EE1065050029B9;B0BDDED34CC83E11052F6792C000B249;2025-05-31;-2.0;-807.64
AD336A66D343FE1191EE106505001EB9;B0BDDED34CC83E11052F6792C000B249;2025-05-31;-2.0;-368.42
5742DA549832FE1191EE10650500BCB9;B0BDDED34CC83E11052F6792C000B249;2025-05-31;-6.0;-249.71999999999997
453318EF9BE0CE11877210650500D269;B0BDDED34CC83E11052F6792C000B249;2025-05-31;-2.0;-72.5
79B75B01F1CAED11A62CD892C0003F2A;B0BDDED34CC83E11052F6792C000B249;2025-05-31;6.0;261.06
A8C67A9CC0CAED11A62CD892C0003F2A;B0BDDED34CC83E11052F6792C000B249;2025-05-31;-8.0;-342.88
268F191F25DFEE1191EE10650500A9B9;B0BDDED34CC83E11052F6792C000B249;2025-05-31;-4.0;-906.0
02E3AB188402EE114066106505008C4A;B0BDDED34CC83E11052F6792C000B249;2025-05-31;-4.0;-982.8
1745DD41E269DE11C84610650500227A;B0BDDED34CC83E11052F6792C000B249;2025-05-31;-2.0;-49.6
C92C6D5B01CAED11A62CD892C0003F2A;B0BDDED34CC83E11052F6792C000B249;2025-05-31;-4.0;-585.88
AA9BE0D4F88C9E11726010650500594A;B0BDDED34CC83E11052F6792C000B249;2025-05-31;-2.0;-463.92
5BF3E2DEB265BE11BE21106505003C5A;B0BDDED34CC83E11052F6792C000B249;2025-05-31;-2.0;-308.24
135ABE62E635AE11726010650500745A;B0BDDED34CC83E11052F6792C000B249;2025-05-31;-2.0;-322.4
32447A5EE909DE11C84610650500B17A;B0BDDED34CC83E11052F6792C000B249;2025-05-31;-6.0;-153.0
C63EE0E5A257DE11C846106505008F6A;B0BDDED34CC83E11052F6792C000B249;2025-05-31;-2.0;-51.0
5C4737692A74EE11B1AD10650500F7EA;B0BDDED34CC83E11052F6792C000B249;2025-05-31;-2.0;-282.84
17DC4ADF3F49AE11BE2110650500DC4A;B0BDDED34CC83E11052F6792C000B249;2025-05-31;-2.0;-116.38
0BA7EC167654EE11B1AD10650500C7EA;B0BDDED34CC83E11052F6792C000B249;2025-05-31;-4.0;-114.62
3308A5E062121E1143F0668E42008C3B;B0BDDED34CC83E11052F6792C000B249;2025-05-31;-2.0;-151.74
229B2A56F2198E11F243BB650500FE3B;B0BDDED34CC83E11052F6792C000B249;2025-05-31;-2.0;-227.4
2F78063F5B65EE11B1AD1065050039EA;B0BDDED34CC83E11052F6792C000B249;2025-05-31;-2.0;-635.32
AE596EC3AFD34E1142D58A6505002C08;B0BDDED34CC83E11052F6792C000B249;2025-05-31;-4.0;-904.8
4FED51E98B427E11B7B78A650500CD08;B0BDDED34CC83E11052F6792C000B249;2025-05-31;-2.0;-815.62
A8344894D052DE11ADB310650500CDB8;B0BDDED34CC83E11052F6792C000B249;2025-05-31;-2.0;-51.0
A100EC7D0456DE11ADB31065050003C8;B0BDDED34CC83E11052F6792C000B249;2025-05-31;-2.0;-68.66
E815D75DB5934E1142D58A6505002C08;B0BDDED34CC83E11052F6792C000B249;2025-05-31;-2.0;-589.12
B184F0C4289E5E1142D58A6505004D08;B0BDDED34CC83E11052F6792C000B249;2025-05-31;-2.0;-1837.58
F99B962D87145E1142D58A650500DC08;B0BDDED34CC83E11052F6792C000B249;2025-05-31;-6.0;-1513.52
58D9F43EFE7F6E11B7B78A650500CD08;B0BDDED34CC83E11052F6792C000B249;2025-05-31;-2.0;-231.24
CF32AE3A2A6BFE111280106505000919;B0BDDED34CC83E11052F6792C000B249;2025-05-31;-4.0;-171.98
0AB5CF667859FE11128010650500E819;B0BDDED34CC83E11052F6792C000B249;2025-05-31;-2.0;-254.0
8C956F1BCED4DE11ADB31065050021C8;B0BDDED34CC83E11052F6792C000B249;2025-05-31;-2.0;-368.64
6D35F0928ABAFE11128010650500E819;B0BDDED34CC83E11052F6792C000B249;2025-05-31;-2.0;-250.0
597DDBD899363E11052F6792C000FF39;B0BDDED34CC83E11052F6792C000B249;2025-05-31;-4.0;-141.52
76A9EF070E07BE118772106505004659;B0BDDED34CC83E11052F6792C000B249;2025-05-31;-2.0;-509.76
4029E4752C07BE118772106505004659;B0BDDED34CC83E11052F6792C000B249;2025-05-31;-6.0;-331.6
87527E52A7FBBE118772106505008C59;B0BDDED34CC83E11052F6792C000B249;2025-05-31;-6.0;-1267.2
935B2AF6D072CE11877210650500C469;B0BDDED34CC83E11052F6792C000B249;2025-05-31;-6.0;-164.82
8E05966E76730F1158A3BB3DBE8EEB89;B0BDDED34CC83E11052F6792C000B249;2025-05-31;-2.0;-232.98
7B8E833929EEFE11F1557891FE69E589;B0BDDED34CC83E11052F6792C000B249;2025-05-31;-4.0;-499.6
4FE941A11EAFFE11F1557891FE69E689;B0BDDED34CC83E11052F6792C000B249;2025-05-31;-2.0;-38.96
5AF37C1F9F2DBE118772106505001E59;B0BDDED34CC83E11052F6792C000B249;2025-05-31;-2.0;-23.8
9191144CC9A6BE11877210650500C559;B0BDDED34CC83E11052F6792C000B249;2025-05-31;-2.0;-276.12
702AECFA809EBE11877210650500DF59;B0BDDED34CC83E11052F6792C000B249;2025-05-31;-2.0;-55.72
17DF0BB210CAED11A62CD892C0003F2A;B0BDDED34CC83E11052F6792C000B249;2025-05-31;-2.0;-163.88
D6125EB8CC8EFE11F1557891FE697589;B0BDDED34CC83E11052F6792C000B249;2025-05-31;-2.0;-574.78
C996C53319730F1158A3BB3DBE8EEB89;B0BDDED34CC83E11052F6792C000B249;2025-05-31;-2.0;-348.1
B7623879A89BEE1191EE1065050029B9;B0BDDED34CC83E11052F6792C000B249;2025-05-31;-4.0;-211.5
0835B01A293EBE118772106505006F59;B0BDDED34CC83E11052F6792C000B249;2025-05-31;-2.0;-55.72
9F96B7DB01CAED11A62CD892C0003F2A;B0BDDED34CC83E11052F6792C000B249;2025-05-31;-2.0;-518.68
C3C3F6D360FBEE1191EE1065050029B9;B0BDDED34CC83E11052F6792C000B249;2025-05-31;-2.0;-381.52
C66CBAA9FC410F11112A674AC7E21989;B0BDDED34CC83E11052F6792C000B249;2025-05-31;-2.0;-144.52
2705EF4FDAD3FE1191EE10650500EEB9;B0BDDED34CC83E11052F6792C000B249;2025-05-31;-2.0;-190.0
1DE139E2BB23FE1191EE10650500FDB9;B0BDDED34CC83E11052F6792C000B249;2025-05-31;-2.0;-592.34
561A0CC4F0CAED11A62CD892C0003F2A;B0BDDED34CC83E11052F6792C000B249;2025-05-31;-2.0;-871.64
654B4A0311CAED11A62CD892C0003F2A;B0BDDED34CC83E11052F6792C000B249;2025-05-31;-2.0;-567.94
D9FECE12BEBBDE11406610650500444A;B0BDDED34CC83E11052F6792C000B249;2025-05-31;-2.0;-131.76
307874AA63D2FE1191EE106505007DB9;B0BDDED34CC83E11052F6792C000B249;2025-05-31;-12.0;-343.08
35BE88440C11BE11BE2110650500C65A;B0BDDED34CC83E11052F6792C000B249;2025-05-31;-2.0;-685.92
F8A4EF19E4F8AE11BE21106505006C4A;B0BDDED34CC83E11052F6792C000B249;2025-05-31;-2.0;-218.92
D8B1108E0D65BE11BE21106505004C5A;B0BDDED34CC83E11052F6792C000B249;2025-05-31;-2.0;-6.88
454ADDA352C18E111E1BBB65050099AA;B0BDDED34CC83E11052F6792C000B249;2025-05-31;-2.0;-304.5
AAF328E741248E113835BB6505009CAA;B0BDDED34CC83E11052F6792C000B249;2025-05-31;-2.0;-73.2
B944DB5FB5448E113835BB650500CCAA;B0BDDED34CC83E11052F6792C000B249;2025-05-31;-2.0;-596.72
917888C766DB9E11726010650500784A;B0BDDED34CC83E11052F6792C000B249;2025-05-31;-2.0;-336.6
57E9A51CC673AE11726010650500325A;B0BDDED34CC83E11052F6792C000B249;2025-05-31;-2.0;-91.72
FA547F657654EE11B1AD10650500C7EA;B0BDDED34CC83E11052F6792C000B249;2025-05-31;-2.0;-22.92
4ACDE4C8A8138E110223BB6505005BAA;B0BDDED34CC83E11052F6792C000B249;2025-05-31;-2.0;-481.84
45459644CB05FD110DC22A92C0009D7B;B0BDDED34CC83E11052F6792C000B249;2025-05-31;-2.0;-552.22
25B82CB8D94D2E11052F6792C000CF39;B0BDDED34CC83E11052F6792C000B249;2025-05-31;-2.0;-88.82
BCFE1D61769C9E11726010650500694A;B0BDDED34CC83E11052F6792C000B249;2025-05-31;-2.0;-311.64
4340C10AD1EFAE11BE2110650500355A;B0BDDED34CC83E11052F6792C000B249;2025-05-31;-2.0;-410.0
704839F4DC828E110223BB650500AAAA;B0BDDED34CC83E11052F6792C000B249;2025-05-31;-2.0;-92.88
36AC293D8EA23E11052F6792C000CF39;B0BDDED34CC83E11052F6792C000B249;2025-05-31;-2.0;-195.54
DF6785D8D0CAED11A62CD892C0003F2A;B0BDDED34CC83E11052F6792C000B249;2025-05-31;-2.0;-442.28
2413F6C2D74CDE11406610650500054A;B0BDDED34CC83E11052F6792C000B249;2025-05-31;-2.0;-57.26
25A4DC82E9456E11B7B78A650500BC08;44673735EAF46E11B7B78A650500BC08;2025-05-31;-2.0;-863.44
B26B1EA79C456E11B7B78A650500BC08;44673735EAF46E11B7B78A650500BC08;2025-05-31;-6.0;-154.2
83CF9F1F2E456E11B7B78A650500BC08;44673735EAF46E11B7B78A650500BC08;2025-05-31;-6.0;-13752.64
64D59BED98F07E11B7B78A650500CD08;44673735EAF46E11B7B78A650500BC08;2025-05-31;-20.0;-462.6
42186D999C456E11B7B78A650500BC08;44673735EAF46E11B7B78A650500BC08;2025-05-31;-10.0;-145.24
D4852C344D907E11B7B78A650500CD08;44673735EAF46E11B7B78A650500BC08;2025-05-31;-4.0;-596.0
67173396E9456E11B7B78A650500BC08;44673735EAF46E11B7B78A650500BC08;2025-05-31;-2.0;-388.64
CC4CDD55AC456E11B7B78A650500BC08;44673735EAF46E11B7B78A650500BC08;2025-05-31;-2.0;-339.68
39FA0E49AC456E11B7B78A650500BC08;44673735EAF46E11B7B78A650500BC08;2025-05-31;-4.0;-900.44
99EE18AAFD456E11B7B78A650500BC08;44673735EAF46E11B7B78A650500BC08;2025-05-31;-12.0;-2796.0
6DE880B9E61E4E1142D58A650500BC08;44673735EAF46E11B7B78A650500BC08;2025-05-31;-2.0;-333.8
691CB051659F6E11B7B78A650500CD08;44673735EAF46E11B7B78A650500BC08;2025-05-31;-2.0;-678.0
63153CA4F5B9CE11ADB310650500F1B8;44673735EAF46E11B7B78A650500BC08;2025-05-31;-2.0;-700.4
A7218C1035B4DE11ADB310650500F0C8;44673735EAF46E11B7B78A650500BC08;2025-05-31;-4.0;-378.8
F51AC937F1065E1142D58A650500DC08;44673735EAF46E11B7B78A650500BC08;2025-05-31;-2.0;-53.92
E7E775736E24DE11ADB31065050040C8;44673735EAF46E11B7B78A650500BC08;2025-05-31;-6.0;-420.78
09B8FF3ABAA07E11B7B78A650500CD08;44673735EAF46E11B7B78A650500BC08;2025-05-31;-2.0;-172.28
9CDA5835D491DE11ADB310650500DCB8;44673735EAF46E11B7B78A650500BC08;2025-05-31;-6.0;-232.8
CC7AA77989A67E11B7B78A650500ED08;44673735EAF46E11B7B78A650500BC08;2025-05-31;-4.0;-378.72
23C5195257363E11052F6792C000FF39;44673735EAF46E11B7B78A650500BC08;2025-05-31;-6.0;-539.34
E11FF008238FCE11ADB310650500D9B8;44673735EAF46E11B7B78A650500BC08;2025-05-31;-8.0;-1169.76
7A45966E76730F1158A3BB3DBE8EEB89;44673735EAF46E11B7B78A650500BC08;2025-05-31;-2.0;-745.2
780817A332867E11B7B78A650500ED08;44673735EAF46E11B7B78A650500BC08;2025-05-31;-4.0;-1296.0
9379BA83CEF9FE11128010650500E819;44673735EAF46E11B7B78A650500BC08;2025-05-31;-8.0;-960.0
7CF74A7B0321DE11ADB3106505003CB8;44673735EAF46E11B7B78A650500BC08;2025-05-31;-10.0;-330.0
7BFD338D50A37E11B7B78A650500DD08;44673735EAF46E11B7B78A650500BC08;2025-05-31;-2.0;-3120.24
EA8A21414653CE11877210650500E569;44673735EAF46E11B7B78A650500BC08;2025-05-31;-2.0;-1160.0
88D198BF1678EE1191EE1065050078B9;44673735EAF46E11B7B78A650500BC08;2025-05-31;-4.0;-240.56
9813657FCAD0FE1191EE10650500FAB9;44673735EAF46E11B7B78A650500BC08;2025-05-31;-8.0;-962.92
5CC3D8225D88EE1191EE1065050098B9;44673735EAF46E11B7B78A650500BC08;2025-05-31;-2.0;-634.0
3AE8B69694310F11112A674AC7E2F889;44673735EAF46E11B7B78A650500BC08;2025-05-31;-2.0;-198.0
C44D203F00300F11F1557891FE698789;44673735EAF46E11B7B78A650500BC08;2025-05-31;-10.0;-1073.2600000000002
DA8D203F00300F11F1557891FE698789;44673735EAF46E11B7B78A650500BC08;2025-05-31;-10.0;-632.08
BE4D455DE0CAED11A62CD892C0003F2A;44673735EAF46E11B7B78A650500BC08;2025-05-31;-6.0;-861.1800000000001
A06F39BC390FEE1191EE1065050029B9;44673735EAF46E11B7B78A650500BC08;2025-05-31;-8.0;-44.38
C3F5E415AA79DE11406610650500414A;44673735EAF46E11B7B78A650500BC08;2025-05-31;-2.0;-402.2
BBA0B266B2C10F114EF7A826072BB989;44673735EAF46E11B7B78A650500BC08;2025-05-31;-2.0;-177.98
FB4B0EAC17C2FE1191EE106505006DB9;44673735EAF46E11B7B78A650500BC08;2025-05-31;-2.0;-213.3
C87F84EBBD1EFE11F1557891FE69E489;44673735EAF46E11B7B78A650500BC08;2025-05-31;-2.0;-86.76
C9AB0510C76ADE11406610650500724A;44673735EAF46E11B7B78A650500BC08;2025-05-31;-2.0;-37.1
98801856A6F5AE11BE2110650500984A;44673735EAF46E11B7B78A650500BC08;2025-05-31;-2.0;-206.1
5B173FAD7A8BDE11406610650500044A;44673735EAF46E11B7B78A650500BC08;2025-05-31;-2.0;-126.8
DF45255DE736FE1191EE10650500F1C9;44673735EAF46E11B7B78A650500BC08;2025-05-31;-10.0;-2773.42
D37C49BF22EC9E11726010650500C94A;44673735EAF46E11B7B78A650500BC08;2025-05-31;-2.0;-196.06
2EA978A88ABAAE11BE2110650500AE4A;44673735EAF46E11B7B78A650500BC08;2025-05-31;-6.0;-1890.0
CAEA7C8FAFFD9E117260106505004B4A;44673735EAF46E11B7B78A650500BC08;2025-05-31;-2.0;-462.5
B8B492D2AE789E11525010650500E84A;44673735EAF46E11B7B78A650500BC08;2025-05-31;-2.0;-295.84
17D0FAA95A530E11A4A96492C00008E9;44673735EAF46E11B7B78A650500BC08;2025-05-31;-2.0;-447.72
12B5C4C1166E9E11726010650500CB4A;44673735EAF46E11B7B78A650500BC08;2025-05-31;-8.0;-723.86
A7801856A6F5AE11BE2110650500984A;44673735EAF46E11B7B78A650500BC08;2025-05-31;-2.0;-84.8
8070FCB7E494AE11726010650500A35A;44673735EAF46E11B7B78A650500BC08;2025-05-31;-12.0;-428.78
0066EFC36833BE11BE2110650500795A;44673735EAF46E11B7B78A650500BC08;2025-05-31;-2.0;-41.76
563AB36E21C7DE11C84610650500107A;44673735EAF46E11B7B78A650500BC08;2025-05-31;-78.0;-631.94
8C2A42CF68C6DE11C84610650500DE6A;44673735EAF46E11B7B78A650500BC08;2025-05-31;-2.0;-23.66
B00DD8F181E4EE11B1AD1065050078EA;44673735EAF46E11B7B78A650500BC08;2025-05-31;-4.0;-872.0
08763C2280A49E115540106505006E3B;44673735EAF46E11B7B78A650500BC08;2025-05-31;-2.0;-206.84
CF60BB6F86CFAE11BE2110650500155A;44673735EAF46E11B7B78A650500BC08;2025-05-31;-4.0;-204.08
3E5970882DC97E110819BB65050019AA;44673735EAF46E11B7B78A650500BC08;2025-05-31;-8.0;-564.48
31CFF00A45CF8E11F243BB650500084B;44673735EAF46E11B7B78A650500BC08;2025-05-31;-2.0;-266.24
201F18FBF9456E11B7B78A650500BC08;44673735EAF46E11B7B78A650500BC08;2025-05-31;-20.0;-290.0
A62352B9AC456E11B7B78A650500BC08;44673735EAF46E11B7B78A650500BC08;2025-05-31;-2.0;-148.66
BEC926EADE456E11B7B78A650500BC08;44673735EAF46E11B7B78A650500BC08;2025-05-31;-2.0;-307.64
01BE76E2DC456E11B7B78A650500BC08;44673735EAF46E11B7B78A650500BC08;2025-05-31;-2.0;-420.98
A4CFA4EEED456E11B7B78A650500BC08;44673735EAF46E11B7B78A650500BC08;2025-05-31;-2.0;-482.0
E64361C1AE456E11B7B78A650500BC08;44673735EAF46E11B7B78A650500BC08;2025-05-31;-2.0;-30.94
F88F65B12D456E11B7B78A650500BC08;44673735EAF46E11B7B78A650500BC08;2025-05-31;-8.0;-240.0
F52F897AC8EA5E1142D58A6505000D08;44673735EAF46E11B7B78A650500BC08;2025-05-31;-2.0;-189.44
292FCF35D491DE11ADB310650500DCB8;44673735EAF46E11B7B78A650500BC08;2025-05-31;-8.0;-316.48
E2C604B310A4DE11ADB310650500D0C8;44673735EAF46E11B7B78A650500BC08;2025-05-31;-2.0;-1030.0
0E746D9E96507E11B7B78A650500CD08;44673735EAF46E11B7B78A650500BC08;2025-05-31;-2.0;-98.94
A80A588CE596DE11ADB31065050053C8;44673735EAF46E11B7B78A650500BC08;2025-05-31;-2.0;-76.7
46B486E755C45E1142D58A650500DC08;44673735EAF46E11B7B78A650500BC08;2025-05-31;-6.0;-397.26
3AB6222D642AFE11128010650500E819;44673735EAF46E11B7B78A650500BC08;2025-05-31;-6.0;-840.0
6EC1BFB34E1FCE11ADB31065050039B8;44673735EAF46E11B7B78A650500BC08;2025-05-31;-2.0;-456.0
5FD70DA94FE4FE1191EE1065050050C9;44673735EAF46E11B7B78A650500BC08;2025-05-31;-2.0;-620.7
F18D100B9497EE1191EE1065050047B9;44673735EAF46E11B7B78A650500BC08;2025-05-31;-2.0;-352.0
31FC100B9497EE1191EE1065050047B9;44673735EAF46E11B7B78A650500BC08;2025-05-31;-2.0;-351.98
B90718E597B0FE1191EE10650500CAB9;44673735EAF46E11B7B78A650500BC08;2025-05-31;-2.0;-183.04
9268B69694310F11112A674AC7E2F889;44673735EAF46E11B7B78A650500BC08;2025-05-31;-2.0;-300.0
4158FB425EEEDE11406610650500884A;44673735EAF46E11B7B78A650500BC08;2025-05-31;-12.0;-817.08
9EAFD42E358EBE11877210650500CF59;44673735EAF46E11B7B78A650500BC08;2025-05-31;-4.0;-2435.12
DDA0BB5F01CAED11A62CD892C0003F2A;44673735EAF46E11B7B78A650500BC08;2025-05-31;-2.0;-140.0
DF977ED0C98C9E11726010650500594A;44673735EAF46E11B7B78A650500BC08;2025-05-31;-6.0;-877.5
DA6562D6E770BE11BE2110650500F55A;44673735EAF46E11B7B78A650500BC08;2025-05-31;-2.0;-24.5
3F9889072C8EAE11BE2110650500835A;44673735EAF46E11B7B78A650500BC08;2025-05-31;-4.0;-152.06
72646814576ADE11406610650500724A;44673735EAF46E11B7B78A650500BC08;2025-05-31;-2.0;-90.1
89940A341B6BAE11BE21106505008F4A;44673735EAF46E11B7B78A650500BC08;2025-05-31;-2.0;-363.6
F1928F07268C7E110819BB65050039AA;44673735EAF46E11B7B78A650500BC08;2025-05-31;-4.0;-215.96
3BA87E9281AD7E110819BB65050039AA;44673735EAF46E11B7B78A650500BC08;2025-05-31;-2.0;-91.0
34E3D2A417B49E115540106505008E3B;44673735EAF46E11B7B78A650500BC08;2025-05-31;-2.0;-712.98
C152939A59456E11B7B78A650500BC08;44673735EAF46E11B7B78A650500BC08;2025-05-31;-6.0;-642.6
BC472DFB30556E11B7B78A650500BC08;44673735EAF46E11B7B78A650500BC08;2025-05-31;-2.0;-376.86
7C32A1754C456E11B7B78A650500BC08;44673735EAF46E11B7B78A650500BC08;2025-05-31;-8.0;-339.38
63D0BFDBA60C4E1142D58A650500BC08;44673735EAF46E11B7B78A650500BC08;2025-05-31;-2.0;-259.6
4726518B3C456E11B7B78A650500BC08;44673735EAF46E11B7B78A650500BC08;2025-05-31;-2.0;-700.66
38B373561D456E11B7B78A650500BC08;44673735EAF46E11B7B78A650500BC08;2025-05-31;-10.0;-3210.0
A8EA8EAF7C456E11B7B78A650500BC08;44673735EAF46E11B7B78A650500BC08;2025-05-31;-4.0;-1140.88
39F58DB5AC456E11B7B78A650500BC08;44673735EAF46E11B7B78A650500BC08;2025-05-31;-2.0;-86.6
BC577F655AE66E11B7B78A650500BC08;44673735EAF46E11B7B78A650500BC08;2025-05-31;-2.0;-61.0
BA30FC43DC456E11B7B78A650500BC08;44673735EAF46E11B7B78A650500BC08;2025-05-31;-2.0;-594.96
9AE8002B3C456E11B7B78A650500BC08;44673735EAF46E11B7B78A650500BC08;2025-05-31;-2.0;-418.04
8341FA5710556E11B7B78A650500BC08;44673735EAF46E11B7B78A650500BC08;2025-05-31;-2.0;-486.98
8B0DF4BB3D456E11B7B78A650500BC08;44673735EAF46E11B7B78A650500BC08;2025-05-31;-2.0;-129.48
3DB3A91FCE456E11B7B78A650500BC08;44673735EAF46E11B7B78A650500BC08;2025-05-31;-12.0;-163.26
BBF6557C0D456E11B7B78A650500BC08;44673735EAF46E11B7B78A650500BC08;2025-05-31;-2.0;-17594.94
146FB6C9F36A6E11B7B78A650500BC08;44673735EAF46E11B7B78A650500BC08;2025-05-31;-2.0;-200.46
2D7776C5E528CE11ADB310650500EFA8;44673735EAF46E11B7B78A650500BC08;2025-05-31;-2.0;-91.82
9C2E5119AF456E11B7B78A650500BC08;44673735EAF46E11B7B78A650500BC08;2025-05-31;-6.0;-908.64
ABE0C9EACED4DE11ADB31065050021C8;44673735EAF46E11B7B78A650500BC08;2025-05-31;-2.0;-82.8
2F85CA1D1442DE11ADB310650500BDB8;44673735EAF46E11B7B78A650500BC08;2025-05-31;-2.0;-132.12
888D8817F29DFE11F1557891FE693489;44673735EAF46E11B7B78A650500BC08;2025-05-31;-2.0;-4927.02
0E04E7F6E0F0DE11ADB310650500EBB8;44673735EAF46E11B7B78A650500BC08;2025-05-31;-2.0;-1169.88
C6557F0EBC3ABE118772106505005A59;44673735EAF46E11B7B78A650500BC08;2025-05-31;-6.0;-415.62
BF0275053EF9FE11128010650500E819;44673735EAF46E11B7B78A650500BC08;2025-05-31;-2.0;-1721.98
175AF9E305B4DE11ADB310650500F0C8;44673735EAF46E11B7B78A650500BC08;2025-05-31;-2.0;-116.16
F46D7EE762FCBE11877210650500CD59;44673735EAF46E11B7B78A650500BC08;2025-05-31;-2.0;-1045.56
0C74308A917ABE118772106505009A59;44673735EAF46E11B7B78A650500BC08;2025-05-31;-2.0;-1092.98
23166381F7F7EE1191EE10650500C7B9;44673735EAF46E11B7B78A650500BC08;2025-05-31;-8.0;-880.64
0BC35A2AA485EE1191EE10650500E4B9;44673735EAF46E11B7B78A650500BC08;2025-05-31;-1.54;-2350.06
BE6785D8D0CAED11A62CD892C0003F2A;44673735EAF46E11B7B78A650500BC08;2025-05-31;-2.0;-552.84
9FD42145EEDFDE11406610650500B94A;44673735EAF46E11B7B78A650500BC08;2025-05-31;-6.0;-6837.32
502E92FF6EEAAE11BE2110650500EE4A;44673735EAF46E11B7B78A650500BC08;2025-05-31;-6.0;-55.38
1962DDCB2FC3AE11726010650500A25A;44673735EAF46E11B7B78A650500BC08;2025-05-31;-2.0;-734.74
CCE4F6072545AE11726010650500845A;44673735EAF46E11B7B78A650500BC08;2025-05-31;-6.0;-1947.4
4F7A775835DB7E110819BB65050039AA;44673735EAF46E11B7B78A650500BC08;2025-05-31;-2.0;-17.32
CF1DE08C639F9E117260106505004D4A;44673735EAF46E11B7B78A650500BC08;2025-05-31;-2.0;-49.8
EF57F9006032BE11BE2110650500285A;44673735EAF46E11B7B78A650500BC08;2025-05-31;-2.0;-326.0
BA6562D6E770BE11BE2110650500F55A;44673735EAF46E11B7B78A650500BC08;2025-05-31;-4.0;-553.24
E54F1E8C0FDB7E110819BB65050039AA;44673735EAF46E11B7B78A650500BC08;2025-05-31;-2.0;-2392.34
A92B062FD6568E11F243BB6505007B3B;44673735EAF46E11B7B78A650500BC08;2025-05-31;-2.0;-152.52
3017CFFD8E84BE11BE21106505002B5A;44673735EAF46E11B7B78A650500BC08;2025-05-31;-2.0;-755.2200000000001
1B4AD52CF2728E111E1BBB6505008AAA;44673735EAF46E11B7B78A650500BC08;2025-05-31;-2.0;-72.34
19A6C7D9BC08DE11C84610650500707A;44673735EAF46E11B7B78A650500BC08;2025-05-31;-2.0;-425.6
D3B65EB0E6568E11F243BB6505007B3B;44673735EAF46E11B7B78A650500BC08;2025-05-31;-4.0;-199.62
14C8227E967EAE11BE2110650500635A;44673735EAF46E11B7B78A650500BC08;2025-05-31;-2.0;-17370.34
9D8144B565919E11F243BB6505005A4B;44673735EAF46E11B7B78A650500BC08;2025-05-31;-2.0;-930.56
2BA9232CF8AF7E110819BB65050039AA;44673735EAF46E11B7B78A650500BC08;2025-05-31;-8.0;-1300.9
93B65EB0E6568E11F243BB6505007B3B;44673735EAF46E11B7B78A650500BC08;2025-05-31;-2.0;-124.52
C1080816CD456E11B7B78A650500BC08;44673735EAF46E11B7B78A650500BC08;2025-05-31;-2.0;-110.0
64E49E6ACD456E11B7B78A650500BC08;44673735EAF46E11B7B78A650500BC08;2025-05-31;-2.0;-1944.0
8B3DC612AA97CE11ADB3106505003FA8;44673735EAF46E11B7B78A650500BC08;2025-05-31;-2.0;-572.38
9AD35D3779457E11B7B78A650500ED08;44673735EAF46E11B7B78A650500BC08;2025-05-31;-4.0;-815.16
767B49D1D1405E1142D58A650500BC08;44673735EAF46E11B7B78A650500BC08;2025-05-31;-2.0;-762.84
086304C34E456E11B7B78A650500BC08;44673735EAF46E11B7B78A650500BC08;2025-05-31;-4.0;-1060.0
3BE979531C7C9E11726010650500494A;44673735EAF46E11B7B78A650500BC08;2025-05-31;-2.0;-281.8
BDCC47921C7C9E11726010650500494A;44673735EAF46E11B7B78A650500BC08;2025-05-31;-2.0;-209.74
BB989B606032BE11BE2110650500285A;44673735EAF46E11B7B78A650500BC08;2025-05-31;-2.0;-1364.0
91862825BE06EE1191EE10650500A5B9;44673735EAF46E11B7B78A650500BC08;2025-05-31;-2.0;-224.4
2F147C532B7AFE11128010650500E819;FC081C55582CED11A62CD892C0003F2A;2025-05-31;-2.0;-429.5
4544DE59DD7ABE11877210650500AA59;FC081C55582CED11A62CD892C0003F2A;2025-05-31;-2.0;-348.5
08747DE6DDFFFE11F1557891FE694789;FC081C55582CED11A62CD892C0003F2A;2025-05-31;-2.0;-611.12
8D2159E86589DE11406610650500514A;FC081C55582CED11A62CD892C0003F2A;2025-05-31;-2.0;-407.02
5E031EC32123CE11877210650500A569;FC081C55582CED11A62CD892C0003F2A;2025-05-31;-6.0;-200.46
D4A7F05B506AAE11BE21106505003E4A;FC081C55582CED11A62CD892C0003F2A;2025-05-31;-2.0;-306.88
0B4E0D1A4A93FE1191EE106505009EB9;FC081C55582CED11A62CD892C0003F2A;2025-05-31;-2.0;-118.6
98D80015B93FDE11406610650500E84A;FC081C55582CED11A62CD892C0003F2A;2025-05-31;-2.0;-28.64
BD5F2561AC456E11B7B78A650500BC08;44673735EAF46E11B7B78A650500BC08;2025-05-31;4.0;206.96
0E23B40DDDF7CE11ADB310650500BFA8;FC081C55582CED11A62CD892C0003F2A;2025-05-31;8.0;119892.0
C65BA70FEB21DE11ADB3106505005CB8;44673735EAF46E11B7B78A650500BC08;2025-05-31;-2.0;-1140.0
25C32C7FC889EE1191EE1065050009B9;44673735EAF46E11B7B78A650500BC08;2025-05-31;0.0;4.547473508864641e-13
C2EF4D7550B09E11F243BB650500394B;44673735EAF46E11B7B78A650500BC08;2025-05-31;0.0;0.0
47A0B41B8B8C6E11B7B78A650500BC08;44673735EAF46E11B7B78A650500BC08;2025-05-31;0.0;0.0
38763C2280A49E115540106505006E3B;44673735EAF46E11B7B78A650500BC08;2025-05-31;0.0;2.2737367544323206e-13
A823E95C4691EE11406610650500EB4A;44673735EAF46E11B7B78A650500BC08;2025-05-31;0.0;0.0
E1547C450DDDFE11F1557891FE699489;44673735EAF46E11B7B78A650500BC08;2025-05-31;0.0;0.0
3F85994CB11A8E11F243BB650500304B;44673735EAF46E11B7B78A650500BC08;2025-05-31;0.0;0.0
F1B5C4C1166E9E11726010650500CB4A;44673735EAF46E11B7B78A650500BC08;2025-05-31;0.0;-2.2737367544323206e-13
A4F9728EE7EFCE11ADB3106505006AB8;44673735EAF46E11B7B78A650500BC08;2025-05-31;0.0;0.0
2562A50B2022EE11406610650500AC4A;44673735EAF46E11B7B78A650500BC08;2025-05-31;0.0;0.0
BC713AB7F0D2FE1191EE106505007DB9;44673735EAF46E11B7B78A650500BC08;2025-05-31;0.0;0.0
C6E893E98D6B6E11B7B78A650500BC08;FC081C55582CED11A62CD892C0003F2A;2025-05-31;-12.0;-6049.44
AD724BC241CAED11A62CD892C0003F2A;FC081C55582CED11A62CD892C0003F2A;2025-05-31;-2.0;-1654.02
2572819D25DFEE1191EE10650500A9B9;FC081C55582CED11A62CD892C0003F2A;2025-05-31;-2.0;-664.4
71E09DBE3D09FE11128010650500E819;FC081C55582CED11A62CD892C0003F2A;2025-05-31;12.0;619.08
15052055BF27EE1191EE10650500C6B9;FC081C55582CED11A62CD892C0003F2A;2025-05-31;-6.0;-456.36
DC58068BC7086E11B7B78A650500BC08;FC081C55582CED11A62CD892C0003F2A;2025-05-31;-4.0;-795.6
CF65FDC17F320F114EF7A826072B5A89;44673735EAF46E11B7B78A650500BC08;2025-05-31;4.0;641.28
A1B517318754EE11B1AD10650500C7EA;44673735EAF46E11B7B78A650500BC08;2025-05-31;-2.0;-501.24
7C04DDD38754EE11B1AD10650500C7EA;44673735EAF46E11B7B78A650500BC08;2025-05-31;-2.0;-66.88
1D4C6A7E9E789E11525010650500E84A;44673735EAF46E11B7B78A650500BC08;2025-05-31;0.0;0.0
9573211B7A6B6E11B7B78A650500BC08;44673735EAF46E11B7B78A650500BC08;2025-05-31;20.0;2760.2
02242FF602BEEE1191EE1065050029B9;44673735EAF46E11B7B78A650500BC08;2025-05-31;-2.0;-1260.0
D4A233B9B6F3BE11BE21106505006A5A;44673735EAF46E11B7B78A650500BC08;2025-05-31;-2.0;-62.2
501142C8008CBE118772106505003D59;44673735EAF46E11B7B78A650500BC08;2025-05-31;10.0;4116.5
B56D67E8CB02CE118772106505004469;44673735EAF46E11B7B78A650500BC08;2025-05-31;4.0;9170.1
9A78525C8AD6AE11BE2110650500B94A;44673735EAF46E11B7B78A650500BC08;2025-05-31;10.0;18118.22
A02270AC81CAED11A62CD892C0003F2A;B0BDDED34CC83E11052F6792C000B249;2025-05-31;34.0;1760.4
629925FB0DDFDE11406610650500B94A;FC081C55582CED11A62CD892C0003F2A;2025-05-31;6.0;407.58
1F18EBD3E9A6BE11877210650500C559;B0BDDED34CC83E11052F6792C000B249;2025-05-31;4.0;633.22
E18C19E3A1CAED11A62CD892C0003F2A;B0BDDED34CC83E11052F6792C000B249;2025-05-31;12.0;2592.98
A80126D238B18E11A442BB65050079AA;B0BDDED34CC83E11052F6792C000B249;2025-05-31;14.0;801.66
29E6175A25570E11A4A96492C000EC6A;FC081C55582CED11A62CD892C0003F2A;2025-05-31;12.0;4011.94
D01A4EBEF1BD3E11052F6792C000D249;B0BDDED34CC83E11052F6792C000B249;2025-05-31;60.0;1222.84
8FF5667E73530F114EF7A826072BBB89;44673735EAF46E11B7B78A650500BC08;2025-05-31;10.0;1219.98
3D3B35BE73530F114EF7A826072BBB89;44673735EAF46E11B7B78A650500BC08;2025-05-31;10.0;2648.22
4A7B35BE73530F114EF7A826072BBB89;44673735EAF46E11B7B78A650500BC08;2025-05-31;10.0;1588.82
8F1E13F1EA0CEE1191EE1065050029B9;FC081C55582CED11A62CD892C0003F2A;2025-05-31;6.0;8666.82
C4546055E1CAED11A62CD892C0003F2A;FC081C55582CED11A62CD892C0003F2A;2025-05-31;150.0;1352.38
A5E634AD6104FE1191EE106505001FB9;FC081C55582CED11A62CD892C0003F2A;2025-05-31;20.0;3616.24
81AA2B10D265BE11BE21106505003C5A;B0BDDED34CC83E11052F6792C000B249;2025-05-31;20.0;4041.68
8F1BCA91D265BE11BE21106505003C5A;B0BDDED34CC83E11052F6792C000B249;2025-05-31;20.0;4041.68
816730F950FE5E1142D58A6505006D08;44673735EAF46E11B7B78A650500BC08;2025-05-31;20.0;2370.26
F0DF7E1A3694BE11BE21106505003B5A;44673735EAF46E11B7B78A650500BC08;2025-05-31;20.0;3237.92
B5D116CE58A1CE11877210650500C369;B0BDDED34CC83E11052F6792C000B249;2025-05-31;-2.0;-73.32
08D4B1E5D4735E1142D58A650500DC08;FC081C55582CED11A62CD892C0003F2A;2025-05-31;-16.0;-283.04
DFE32E312D42FD110DC22A92C0006778;FC081C55582CED11A62CD892C0003F2A;2025-05-31;-4.0;-106.92
05C794AC59DDCE11ADB31065050097B8;FC081C55582CED11A62CD892C0003F2A;2025-05-31;-8.0;-261.92
76D9847273D0DE11ADB310650500BBB8;FC081C55582CED11A62CD892C0003F2A;2025-05-31;-4.0;-64.12
633DDBE598A05E1142D58A650500BC08;FC081C55582CED11A62CD892C0003F2A;2025-05-31;-2.0;-696.0
3BD3841652DC4E1142D58A650500BC08;FC081C55582CED11A62CD892C0003F2A;2025-05-31;-2.0;-148.16
D5FE46A0055F4E1142D58A650500BC08;FC081C55582CED11A62CD892C0003F2A;2025-05-31;-12.0;-1670.1600000000003
AF5E4D6CB6F1CE118772106505002469;FC081C55582CED11A62CD892C0003F2A;2025-05-31;-2.0;-606.2
0BA06BDE073CBE11877210650500DC59;FC081C55582CED11A62CD892C0003F2A;2025-05-31;-2.0;-544.06
EB0995D34E1FCE11ADB31065050039B8;FC081C55582CED11A62CD892C0003F2A;2025-05-31;-2.0;-313.5
844267648D4EFE11F1557891FE692589;FC081C55582CED11A62CD892C0003F2A;2025-05-31;-4.0;-1641.28
8D8A674D7F3DBE118772106505002E59;FC081C55582CED11A62CD892C0003F2A;2025-05-31;-2.0;-238.2
4E8163F59EADBE11877210650500BE59;FC081C55582CED11A62CD892C0003F2A;2025-05-31;-2.0;-392.4
5FA2D4AEF77EFE11F1557891FE695589;FC081C55582CED11A62CD892C0003F2A;2025-05-31;-4.0;-164.44
44182321229EBE11877210650500DF59;FC081C55582CED11A62CD892C0003F2A;2025-05-31;-10.0;-278.6
59B0D4794E6DFE11F1557891FE690489;FC081C55582CED11A62CD892C0003F2A;2025-05-31;-2.0;-596.2
FDBF5FCF20CAED11A62CD892C0003F2A;FC081C55582CED11A62CD892C0003F2A;2025-05-31;-4.0;-212.0
E781ADEACCC0FE1191EE10650500EAB9;FC081C55582CED11A62CD892C0003F2A;2025-05-31;-2.0;-318.3
431101B1899FFE11F1557891FE69C689;FC081C55582CED11A62CD892C0003F2A;2025-05-31;-2.0;-208.38
77130C4601CAED11A62CD892C0003F2A;FC081C55582CED11A62CD892C0003F2A;2025-05-31;-2.0;-250.44
AFBC625084A0EE11406610650500BA4A;FC081C55582CED11A62CD892C0003F2A;2025-05-31;-4.0;-469.4
7044E566094CDE11406610650500054A;FC081C55582CED11A62CD892C0003F2A;2025-05-31;-2.0;-388.02
A81D625084A0EE11406610650500BA4A;FC081C55582CED11A62CD892C0003F2A;2025-05-31;-4.0;-469.76
548618F44C0D7E110819BB65050039AA;FC081C55582CED11A62CD892C0003F2A;2025-05-31;-4.0;-630.28
FC1B1729ACA5BE11BE21106505009C5A;FC081C55582CED11A62CD892C0003F2A;2025-05-31;-12.0;-469.56
DE3EAAF75D008E110819BB65050039AA;FC081C55582CED11A62CD892C0003F2A;2025-05-31;-6.0;-998.4200000000001
5D9BA6398A278E11F243BB6505008C3B;FC081C55582CED11A62CD892C0003F2A;2025-05-31;-2.0;-98.62
5E3FB89463B78E11F243BB6505003D3B;FC081C55582CED11A62CD892C0003F2A;2025-05-31;-8.0;-545.04
396565B5B0CBFE111280106505000919;FC081C55582CED11A62CD892C0003F2A;2025-05-31;-2.0;-123.58
C777011BCB4CEE1191EE1065050029B9;FC081C55582CED11A62CD892C0003F2A;2025-05-31;-2.0;-30.26
277070370493DE11ADB3106505006FB8;FC081C55582CED11A62CD892C0003F2A;2025-05-31;-2.0;-57.82
CF25665C9BC4CE11ADB3106505000DA8;FC081C55582CED11A62CD892C0003F2A;2025-05-31;-2.0;-92.1
FDBB89CE44D67E11B7B78A650500ED08;FC081C55582CED11A62CD892C0003F2A;2025-05-31;-4.0;-184.28
CDAF3056BDA3DE11ADB3106505008FB8;FC081C55582CED11A62CD892C0003F2A;2025-05-31;-4.0;-153.76
F2A178CA93C1CE11877210650500E369;FC081C55582CED11A62CD892C0003F2A;2025-05-31;-2.0;-59.74
D6E0FF6B22600F11F1557891FE69C789;FC081C55582CED11A62CD892C0003F2A;2025-05-31;-2.0;-102.94
00342DB93EAFFE11F1557891FE69E689;FC081C55582CED11A62CD892C0003F2A;2025-05-31;-2.0;-27.12
3D963A89DBB1EE114066106505001C4A;FC081C55582CED11A62CD892C0003F2A;2025-05-31;-2.0;-139.72
988C457C9E3EDE11406610650500974A;FC081C55582CED11A62CD892C0003F2A;2025-05-31;-2.0;-56.06
99CDFBDEFCD2FE1191EE106505009DB9;FC081C55582CED11A62CD892C0003F2A;2025-05-31;-2.0;-236.0
3CE3B6169E338E117E64BB6505007BAA;FC081C55582CED11A62CD892C0003F2A;2025-05-31;-6.0;-1680.0
3C83B91FF106FE1191EE10650500B1C9;FC081C55582CED11A62CD892C0003F2A;2025-05-31;-2.0;-306.3
1B8530A978EFDE11406610650500C94A;FC081C55582CED11A62CD892C0003F2A;2025-05-31;-2.0;-75.6
E63E7F71F9569E11554010650500A04B;FC081C55582CED11A62CD892C0003F2A;2025-05-31;-2.0;-35.14
78EC8BA1DF886E11B7B78A650500BC08;FC081C55582CED11A62CD892C0003F2A;2025-05-31;-4.0;-1162.34
74FC5D6A6BE15E1142D58A650500BC08;FC081C55582CED11A62CD892C0003F2A;2025-05-31;-2.0;-124.8
43F6D761D0CF3E11F7F68A650500DB08;FC081C55582CED11A62CD892C0003F2A;2025-05-31;-2.0;-164.72
D62C880EEAA9CE11ADB310650500E1B8;FC081C55582CED11A62CD892C0003F2A;2025-05-31;-4.0;-781.16
098E3FA308C5CE11ADB3106505005DA8;FC081C55582CED11A62CD892C0003F2A;2025-05-31;-2.0;-756.9
C50C3DA3DB804E1142D58A650500DB08;FC081C55582CED11A62CD892C0003F2A;2025-05-31;-4.0;-445.36
15A45888FBE15E1142D58A650500BC08;FC081C55582CED11A62CD892C0003F2A;2025-05-31;-4.0;-167.96
953A5810ACB04E1142D58A650500DB08;FC081C55582CED11A62CD892C0003F2A;2025-05-31;-2.0;-295.52
487543CE966ACE11ADB310650500D2B8;FC081C55582CED11A62CD892C0003F2A;2025-05-31;-2.0;-880.06
8FE6BC5A47E4DE11ADB31065050031C8;FC081C55582CED11A62CD892C0003F2A;2025-05-31;-2.0;-220.14
5584C0E058B13E11052F6792C000CF39;FC081C55582CED11A62CD892C0003F2A;2025-05-31;-2.0;-75.56
2C74DFF72E5FCE11ADB310650500A9B8;FC081C55582CED11A62CD892C0003F2A;2025-05-31;-2.0;-2044.2
FA65897F0256BE118772106505005559;FC081C55582CED11A62CD892C0003F2A;2025-05-31;-10.0;-1828.18
A620F91E019EBE11877210650500DF59;FC081C55582CED11A62CD892C0003F2A;2025-05-31;-6.0;-167.16
71CF27540038BE11877210650500B759;FC081C55582CED11A62CD892C0003F2A;2025-05-31;-6.0;-260.04
B246F2D8CC8EFE11F1557891FE697589;FC081C55582CED11A62CD892C0003F2A;2025-05-31;-2.0;-390.0
7B5AB005003C0E11A4A96492C0001269;FC081C55582CED11A62CD892C0003F2A;2025-05-31;-2.0;-269.26
83CC72ACC09EBE11877210650500DF59;FC081C55582CED11A62CD892C0003F2A;2025-05-31;-6.0;-167.16
E915D5891EF10F114EF7A826072B0A89;FC081C55582CED11A62CD892C0003F2A;2025-05-31;-6.0;-2174.22
FD3EE339506AFE11128010650500E819;FC081C55582CED11A62CD892C0003F2A;2025-05-31;-6.0;-169.62
1E0EC5DFFB8C2E11052F6792C000CF39;FC081C55582CED11A62CD892C0003F2A;2025-05-31;-10.0;-1973.4
7964184528D8EE1191EE10650500F8B9;FC081C55582CED11A62CD892C0003F2A;2025-05-31;-2.0;-345.0
ACC27A7E2D6C0E11A4A96492C0001269;FC081C55582CED11A62CD892C0003F2A;2025-05-31;-2.0;-422.14
570A3E8BE3900F11F1557891FE690889;FC081C55582CED11A62CD892C0003F2A;2025-05-31;-2.0;-313.98
CA4B47F6C7BE3E11052F6792C000D249;FC081C55582CED11A62CD892C0003F2A;2025-05-31;-4.0;-213.86
A17FA74E9F4BEE1191EE1065050029B9;FC081C55582CED11A62CD892C0003F2A;2025-05-31;-6.0;-288.0
17AFE28FD0CAED11A62CD892C0003F2A;FC081C55582CED11A62CD892C0003F2A;2025-05-31;-4.0;-533.16
4B5EFC1702CAED11A62CD892C0003F2A;FC081C55582CED11A62CD892C0003F2A;2025-05-31;-4.0;-994.34
92899F592642FE1191EE10650500CCB9;FC081C55582CED11A62CD892C0003F2A;2025-05-31;-2.0;-891.38
54153956EFCEFE11F1557891FE69C589;FC081C55582CED11A62CD892C0003F2A;2025-05-31;-2.0;-319.74
6A89BDE3CBDEFE11F1557891FE69D589;FC081C55582CED11A62CD892C0003F2A;2025-05-31;-3.4;-801.72
0D280D4ACE23FD110DC22A92C000C499;FC081C55582CED11A62CD892C0003F2A;2025-05-31;-10.0;-347.48
350745E91D95FE1191EE1065050031C9;FC081C55582CED11A62CD892C0003F2A;2025-05-31;-2.0;-268.1
6018E9D401CAED11A62CD892C0003F2A;FC081C55582CED11A62CD892C0003F2A;2025-05-31;-2.0;-199.64
45568BB81C93FE1191EE106505009EB9;FC081C55582CED11A62CD892C0003F2A;2025-05-31;-2.0;-747.24
D78C963E01CAED11A62CD892C0003F2A;FC081C55582CED11A62CD892C0003F2A;2025-05-31;-8.0;-1454.48
6E724BC241CAED11A62CD892C0003F2A;FC081C55582CED11A62CD892C0003F2A;2025-05-31;-2.0;-1213.86
0EAC592EC1CAED11A62CD892C0003F2A;FC081C55582CED11A62CD892C0003F2A;2025-05-31;-2.0;-223.34
BE09AA3111CAED11A62CD892C0003F2A;FC081C55582CED11A62CD892C0003F2A;2025-05-31;-2.0;-912.7
B3917AB011CAED11A62CD892C0003F2A;FC081C55582CED11A62CD892C0003F2A;2025-05-31;-2.0;-878.46
E8B7FCBFE0CAED11A62CD892C0003F2A;FC081C55582CED11A62CD892C0003F2A;2025-05-31;-2.0;-356.64
022A1AE958F1EE114066106505007C4A;FC081C55582CED11A62CD892C0003F2A;2025-05-31;-10.0;-356.7
509692AD0DE1EE114066106505006C4A;FC081C55582CED11A62CD892C0003F2A;2025-05-31;-4.0;-405.28
EF7AEF3D983ADE11406610650500324A;FC081C55582CED11A62CD892C0003F2A;2025-05-31;-4.0;-220.0
5FFE8F24111EAE11BE2110650500E25A;FC081C55582CED11A62CD892C0003F2A;2025-05-31;-8.0;-1918.56
FED315D80970BE11BE2110650500F55A;FC081C55582CED11A62CD892C0003F2A;2025-05-31;-4.0;-485.08
F0DE0B7FEB03EE11B1AD1065050026EA;FC081C55582CED11A62CD892C0003F2A;2025-05-31;-2.0;-190.0
788A0922FEC18E113835BB650500B9AA;FC081C55582CED11A62CD892C0003F2A;2025-05-31;-8.0;-177.51999999999998
4DF5AA0F66449E11554010650500ED3B;FC081C55582CED11A62CD892C0003F2A;2025-05-31;-24.0;-401.76
069C6860BC7FAE11BE2110650500B45A;FC081C55582CED11A62CD892C0003F2A;2025-05-31;-2.0;-371.98
88BAD2C9048FDE11406610650500494A;FC081C55582CED11A62CD892C0003F2A;2025-05-31;-2.0;-222.44
5A08EEEEE4C6DE11C84610650500DE6A;FC081C55582CED11A62CD892C0003F2A;2025-05-31;-2.0;-308.12
DE3AFF5DEBA4EE11B1AD1065050038EA;FC081C55582CED11A62CD892C0003F2A;2025-05-31;-2.0;-243.42
37D4A896D82D4E1142D58A650500BC08;FC081C55582CED11A62CD892C0003F2A;2025-05-31;-2.0;-134.28
C7EF297E24FD4E1142D58A650500BC08;FC081C55582CED11A62CD892C0003F2A;2025-05-31;-4.0;-714.6
4CD6B2C753D0DE11ADB310650500BBB8;FC081C55582CED11A62CD892C0003F2A;2025-05-31;-4.0;-295.4
478786C6ACB04E1142D58A650500DB08;FC081C55582CED11A62CD892C0003F2A;2025-05-31;-2.0;-192.04
2557C3C88C0A6E11B7B78A650500BC08;FC081C55582CED11A62CD892C0003F2A;2025-05-31;-2.0;-564.2
780817A332867E11B7B78A650500ED08;FC081C55582CED11A62CD892C0003F2A;2025-05-31;-2.0;-720.0
7187C7069B4ACE11ADB310650500B2B8;FC081C55582CED11A62CD892C0003F2A;2025-05-31;-2.0;-76.24
E0AFE8898284DE11ADB310650500B0C8;FC081C55582CED11A62CD892C0003F2A;2025-05-31;-2.0;-100.8
B25A3A0732047E11B7B78A650500DD08;FC081C55582CED11A62CD892C0003F2A;2025-05-31;-2.0;-817.44
BFA5DC5F1F94DE11ADB310650500D0C8;FC081C55582CED11A62CD892C0003F2A;2025-05-31;-2.0;-1164.14
0EE215B2E5CAFE11128010650500E819;FC081C55582CED11A62CD892C0003F2A;2025-05-31;-2.0;-379.18
E95DB0AF7068FE11128010650500D819;FC081C55582CED11A62CD892C0003F2A;2025-05-31;-2.0;-160.12
7BC0431806D9FE11128010650500E819;FC081C55582CED11A62CD892C0003F2A;2025-05-31;-2.0;-227.52
E22367CA41010F11112A674AC7E2B889;FC081C55582CED11A62CD892C0003F2A;2025-05-31;-4.0;-238.92
687539341767BE11877210650500B659;FC081C55582CED11A62CD892C0003F2A;2025-05-31;-8.0;-672.24
9CB7380BBED3FD110DC22A92C000C499;FC081C55582CED11A62CD892C0003F2A;2025-05-31;-2.0;-158.1
70F2B767A4661E1143F0668E4200EE89;FC081C55582CED11A62CD892C0003F2A;2025-05-31;-2.0;-322.58
A14CFC8B948DFE11F1557891FE692489;FC081C55582CED11A62CD892C0003F2A;2025-05-31;-6.0;-390.0
48F8FE666866FE1191EE1065050032C9;FC081C55582CED11A62CD892C0003F2A;2025-05-31;-8.0;-463.9
8ACA04CC443B0E11A4A96492C0001269;FC081C55582CED11A62CD892C0003F2A;2025-05-31;-2.0;-221.92
79251D13477EFE11F1557891FE695589;FC081C55582CED11A62CD892C0003F2A;2025-05-31;-2.0;-184.0
0860A30F49F2FE1191EE10650500BDB9;FC081C55582CED11A62CD892C0003F2A;2025-05-31;-2.0;-208.06
4440E8A1CC32FE1191EE10650500BCB9;FC081C55582CED11A62CD892C0003F2A;2025-05-31;-2.0;-711.12
E85CF7A6445FDE11406610650500094A;FC081C55582CED11A62CD892C0003F2A;2025-05-31;-2.0;-1060.54
2BAF8A5FC0CAED11A62CD892C0003F2A;FC081C55582CED11A62CD892C0003F2A;2025-05-31;-2.0;-192.96
F490CA453845FE1191EE10650500C0C9;FC081C55582CED11A62CD892C0003F2A;2025-05-31;-2.0;-229.56
F79088DED0CAED11A62CD892C0003F2A;FC081C55582CED11A62CD892C0003F2A;2025-05-31;-2.0;-1619.88
42BA75DC7557AE11BE21106505005A4A;FC081C55582CED11A62CD892C0003F2A;2025-05-31;-2.0;-880.38
102ADFB541E9DE11406610650500C14A;FC081C55582CED11A62CD892C0003F2A;2025-05-31;-2.0;-78.64
5FE528568445FE1191EE10650500C0C9;FC081C55582CED11A62CD892C0003F2A;2025-05-31;-4.0;-839.18
8C927C5DE879DE11406610650500414A;FC081C55582CED11A62CD892C0003F2A;2025-05-31;-2.0;-531.42
FF87027411CAED11A62CD892C0003F2A;FC081C55582CED11A62CD892C0003F2A;2025-05-31;-2.0;-678.38
62963B5AFB8BDE11406610650500044A;FC081C55582CED11A62CD892C0003F2A;2025-05-31;-6.0;-686.8399999999999
15CAB6E0C4FFDE11406610650500D94A;FC081C55582CED11A62CD892C0003F2A;2025-05-31;-2.0;-1542.32
37F445A724C9DE11406610650500A14A;FC081C55582CED11A62CD892C0003F2A;2025-05-31;-2.0;-790.82
7ADEED09B7A0EE11406610650500BA4A;FC081C55582CED11A62CD892C0003F2A;2025-05-31;-2.0;-143.62
6BEB65CDCDDFDE11406610650500B94A;FC081C55582CED11A62CD892C0003F2A;2025-05-31;-2.0;-457.26
AE7D7D9F79B1EE114066106505001C4A;FC081C55582CED11A62CD892C0003F2A;2025-05-31;-4.0;-256.96
F6F6DCBFE342EE11406610650500DC4A;FC081C55582CED11A62CD892C0003F2A;2025-05-31;-2.0;-726.98
ABB0DA5FC5A0AE11726010650500AE4A;FC081C55582CED11A62CD892C0003F2A;2025-05-31;-2.0;-437.4
D5B68B02FD97DE11C84610650500EF6A;FC081C55582CED11A62CD892C0003F2A;2025-05-31;-12.0;-16174.56
1B6C8EB465E0EE114066106505000B4A;FC081C55582CED11A62CD892C0003F2A;2025-05-31;-6.0;-394.5
857CBDA308C6DE11C84610650500DE6A;FC081C55582CED11A62CD892C0003F2A;2025-05-31;-2.0;-36.58
BE9BFD498EE1EE114066106505006C4A;FC081C55582CED11A62CD892C0003F2A;2025-05-31;-4.0;-199.92
8951C7D5345F9E11726010650500FC4A;FC081C55582CED11A62CD892C0003F2A;2025-05-31;-2.0;-443.74
A930A50369CE8E11F243BB650500C64B;FC081C55582CED11A62CD892C0003F2A;2025-05-31;-2.0;-1242.44
2DAD4A6103F81E1143F0668E42006B8B;FC081C55582CED11A62CD892C0003F2A;2025-05-31;-2.0;-211.78
7F49A8DF3705EE11B1AD10650500A8EA;FC081C55582CED11A62CD892C0003F2A;2025-05-31;-2.0;-413.36
3BD9CDBD4864BE11BE2110650500FA5A;FC081C55582CED11A62CD892C0003F2A;2025-05-31;-2.0;-497.62
848CCFFAED641E1143F0668E42008C3B;FC081C55582CED11A62CD892C0003F2A;2025-05-31;-8.0;-290.68
09FBCED089B1EE114066106505001C4A;FC081C55582CED11A62CD892C0003F2A;2025-05-31;-2.0;-128.26
5D043204158ECE11ADB31065050078B8;FC081C55582CED11A62CD892C0003F2A;2025-05-31;-2.0;-59.3
4FF951A254496E11B7B78A650500BC08;FC081C55582CED11A62CD892C0003F2A;2025-05-31;-2.0;-485.12
8333C7D6FA156E11B7B78A650500BC08;FC081C55582CED11A62CD892C0003F2A;2025-05-31;-2.0;-655.5
48772F1D74054E1142D58A6505002C08;FC081C55582CED11A62CD892C0003F2A;2025-05-31;-2.0;-236.8
2FCD056BDFDD2E11052F6792C000CF39;FC081C55582CED11A62CD892C0003F2A;2025-05-31;-2.0;-568.84
B0351D81AD07BE118772106505004659;FC081C55582CED11A62CD892C0003F2A;2025-05-31;-4.0;-653.28
CC376208FD94DE11ADB310650500D0C8;FC081C55582CED11A62CD892C0003F2A;2025-05-31;-2.0;-51.06
64C5195257363E11052F6792C000FF39;FC081C55582CED11A62CD892C0003F2A;2025-05-31;-6.0;-151.92
E28D3A8D70C5EE1191EE1065050045B9;FC081C55582CED11A62CD892C0003F2A;2025-05-31;-2.0;-70.92
34792A23EBF7FE11128010650500D819;FC081C55582CED11A62CD892C0003F2A;2025-05-31;-2.0;-1657.02
B9491FE230DEFE11F1557891FE69C589;FC081C55582CED11A62CD892C0003F2A;2025-05-31;-2.0;-233.72
5F2785D2D0CAED11A62CD892C0003F2A;FC081C55582CED11A62CD892C0003F2A;2025-05-31;-2.0;-151.54
D856C77BA116FE1191EE10650500C1C9;FC081C55582CED11A62CD892C0003F2A;2025-05-31;-2.0;-691.82
55D6D09100E7EE1191EE10650500A7B9;FC081C55582CED11A62CD892C0003F2A;2025-05-31;-2.0;-33.62
E269C3C571920E11A4A96492C00008E9;FC081C55582CED11A62CD892C0003F2A;2025-05-31;-2.0;-429.48
62EC6E12B6208E110819BB65050039AA;FC081C55582CED11A62CD892C0003F2A;2025-05-31;-2.0;-305.12
E63E17D851CAED11A62CD892C0003F2A;FC081C55582CED11A62CD892C0003F2A;2025-05-31;-2.0;-1327.4
0BF7BB9EE342EE11406610650500DC4A;FC081C55582CED11A62CD892C0003F2A;2025-05-31;-2.0;-341.02
AB05CAAB58DD4E1142D58A650500BC08;B0BDDED34CC83E11052F6792C000B249;2025-05-31;-2.0;-620.0
40F32E312D42FD110DC22A92C0006778;B0BDDED34CC83E11052F6792C000B249;2025-05-31;-56.0;-822.64
923A429847E17E11B7B78A650500CD08;B0BDDED34CC83E11052F6792C000B249;2025-05-31;-2.0;-568.0
5F27FDFE87DC6E11B7B78A650500BC08;B0BDDED34CC83E11052F6792C000B249;2025-05-31;-10.0;-571.5999999999999
7025CA7F56D46E11B7B78A650500BC08;B0BDDED34CC83E11052F6792C000B249;2025-05-31;-2.0;-291.26
F0BF1735488E4E1142D58A650500BC08;B0BDDED34CC83E11052F6792C000B249;2025-05-31;-6.0;-205.62
50C5BD4522606E1142D58A650500AD08;B0BDDED34CC83E11052F6792C000B249;2025-05-31;-6.0;-614.68
99EEA2D07734DE11ADB31065050050C8;B0BDDED34CC83E11052F6792C000B249;2025-05-31;-2.0;-197.86
39A7CE5E288E4E1142D58A650500BC08;B0BDDED34CC83E11052F6792C000B249;2025-05-31;-2.0;-243.4
6D12452A3E263E11052F6792C000FF39;B0BDDED34CC83E11052F6792C000B249;2025-05-31;-6.0;-539.34
4374BF496BBD3E11052F6792C000D249;B0BDDED34CC83E11052F6792C000B249;2025-05-31;-2.0;-12.04
A1A949A50FBBEE1191EE1065050029B9;B0BDDED34CC83E11052F6792C000B249;2025-05-31;-2.0;-194.0
24E5B8D10E8BFE111280106505000919;B0BDDED34CC83E11052F6792C000B249;2025-05-31;-4.0;-400.76
3B5E021100E7EE1191EE10650500A7B9;B0BDDED34CC83E11052F6792C000B249;2025-05-31;-10.0;-38.18
9CA51D13477EFE11F1557891FE695589;B0BDDED34CC83E11052F6792C000B249;2025-05-31;-4.0;-1050.0
395E9EEEDD500F11F1557891FE69C789;B0BDDED34CC83E11052F6792C000B249;2025-05-31;-2.0;-39.0
AB30A63DA6B5EE1191EE1065050035B9;B0BDDED34CC83E11052F6792C000B249;2025-05-31;-2.0;-299.72
F3E8DED47A93FE1191EE106505009EB9;B0BDDED34CC83E11052F6792C000B249;2025-05-31;-6.0;-431.64
029AAC291B6BAE11BE21106505008F4A;B0BDDED34CC83E11052F6792C000B249;2025-05-31;-2.0;-364.46
CCE2C3C81EBBDE11406610650500444A;B0BDDED34CC83E11052F6792C000B249;2025-05-31;-2.0;-33.68
436C9DD22CE1EE114066106505006C4A;B0BDDED34CC83E11052F6792C000B249;2025-05-31;-4.0;-183.16
1F1EB7FDB0CAED11A62CD892C0003F2A;B0BDDED34CC83E11052F6792C000B249;2025-05-31;-22.0;-738.5
CC7A4E4270AF9E117260106505005D4A;B0BDDED34CC83E11052F6792C000B249;2025-05-31;-2.0;-1080.12
4F9F5CBB1970BE11BE2110650500F55A;B0BDDED34CC83E11052F6792C000B249;2025-05-31;-6.0;-1036.02
F43866727945BE11BE21106505001C5A;B0BDDED34CC83E11052F6792C000B249;2025-05-31;-2.0;-125.54
1B010D17782ADE11406610650500224A;B0BDDED34CC83E11052F6792C000B249;2025-05-31;-12.0;-146.76
2303D4386BCEAE11BE2110650500D35A;B0BDDED34CC83E11052F6792C000B249;2025-05-31;-12.0;-4416.0
9EB669D20C719E11F243BB6505003A4B;B0BDDED34CC83E11052F6792C000B249;2025-05-31;-2.0;-2732.36
0A4C3EE40FC18E113835BB650500B9AA;B0BDDED34CC83E11052F6792C000B249;2025-05-31;-4.0;-88.76
468337CD542CAE11BE2110650500705A;B0BDDED34CC83E11052F6792C000B249;2025-05-31;-6.0;-1218.24
3471EE224CD44E1142D58A6505002C08;B0BDDED34CC83E11052F6792C000B249;2025-05-31;-2.0;-137.76
0708AB7713F35E1142D58A650500DC08;B0BDDED34CC83E11052F6792C000B249;2025-05-31;-20.0;-495.6
A0C1B01B55B4DE11ADB310650500F0C8;B0BDDED34CC83E11052F6792C000B249;2025-05-31;-4.0;-166.48
31E0A6E1236BCE11ADB31065050034B8;B0BDDED34CC83E11052F6792C000B249;2025-05-31;-2.0;-94.0
03F2EAB12F6EFD11A4A96492C0006D28;B0BDDED34CC83E11052F6792C000B249;2025-05-31;-2.0;-414.52
63365A69F7BAFE11128010650500E819;B0BDDED34CC83E11052F6792C000B249;2025-05-31;-2.0;-80.0
16D2311DA869FE11128010650500E819;B0BDDED34CC83E11052F6792C000B249;2025-05-31;-4.0;-1415.48
4C32520A542AFE11128010650500E819;B0BDDED34CC83E11052F6792C000B249;2025-05-31;-2.0;-1152.66
9BEDD759AE09BE11877210650500D859;B0BDDED34CC83E11052F6792C000B249;2025-05-31;-2.0;-417.7
2338300AA60BFE11128010650500E819;B0BDDED34CC83E11052F6792C000B249;2025-05-31;-8.0;-373.92
0C65028920C13E11052F6792C000CF39;B0BDDED34CC83E11052F6792C000B249;2025-05-31;-2.0;-262.06
9B6864DD66EBEE1191EE1065050029B9;B0BDDED34CC83E11052F6792C000B249;2025-05-31;-2.0;-468.18
C34AC1B289AC3E11052F6792C000D249;B0BDDED34CC83E11052F6792C000B249;2025-05-31;-2.0;-390.58
F476F638527ABE118772106505009A59;B0BDDED34CC83E11052F6792C000B249;2025-05-31;-2.0;-386.58
3CDC86FB3F14CE11877210650500E669;B0BDDED34CC83E11052F6792C000B249;2025-05-31;-4.0;-445.36
6003ECC212010F11112A674AC7E2B889;B0BDDED34CC83E11052F6792C000B249;2025-05-31;-2.0;-194.8
256370B9559DFE11F1557891FE693489;B0BDDED34CC83E11052F6792C000B249;2025-05-31;-2.0;-20.98
0D280D4ACE23FD110DC22A92C000C499;B0BDDED34CC83E11052F6792C000B249;2025-05-31;-2.0;-69.24
F17232B45FFEEE1191EE1065050029B9;B0BDDED34CC83E11052F6792C000B249;2025-05-31;-2.0;-2538.96
C20D5CF75ECEFE11F1557891FE69C589;B0BDDED34CC83E11052F6792C000B249;2025-05-31;-4.0;-1031.66
C1D8EA98F0CAED11A62CD892C0003F2A;B0BDDED34CC83E11052F6792C000B249;2025-05-31;-2.0;-186.12
49D52F15E0CAED11A62CD892C0003F2A;B0BDDED34CC83E11052F6792C000B249;2025-05-31;-2.0;-455.28
35A57034A0BCEE1191EE1065050029B9;B0BDDED34CC83E11052F6792C000B249;2025-05-31;-2.0;-431.3
9DB4568D2726EE1191EE10650500C5B9;B0BDDED34CC83E11052F6792C000B249;2025-05-31;-2.0;-382.0
7D261D13775CEE1191EE1065050029B9;B0BDDED34CC83E11052F6792C000B249;2025-05-31;-2.0;-270.86
7C3E94EA6DE1FE1191EE106505005CB9;B0BDDED34CC83E11052F6792C000B249;2025-05-31;-2.0;-425.26
6F4DB9DDE0CAED11A62CD892C0003F2A;B0BDDED34CC83E11052F6792C000B249;2025-05-31;-2.0;-940.22
CF2C6D5B01CAED11A62CD892C0003F2A;B0BDDED34CC83E11052F6792C000B249;2025-05-31;-2.0;-272.16
757F9EF04188AE11BE2110650500DB4A;B0BDDED34CC83E11052F6792C000B249;2025-05-31;-2.0;-395.76
C4C3C57921CAED11A62CD892C0003F2A;B0BDDED34CC83E11052F6792C000B249;2025-05-31;-4.0;-450.6
97E599A28330EE114066106505002A4A;B0BDDED34CC83E11052F6792C000B249;2025-05-31;-4.0;-381.04
E92C69CDB3F8AE11BE21106505006C4A;B0BDDED34CC83E11052F6792C000B249;2025-05-31;-2.0;-41.48
F63484C872CAED11A62CD892C0003F2A;B0BDDED34CC83E11052F6792C000B249;2025-05-31;-2.0;-222.94
AF97BF35F7EDDE11406610650500174A;B0BDDED34CC83E11052F6792C000B249;2025-05-31;-4.0;-475.28
BA2D6C52697BAE11BE21106505009F4A;B0BDDED34CC83E11052F6792C000B249;2025-05-31;-2.0;-98.8
A69D628F4210AE11726010650500ED4A;B0BDDED34CC83E11052F6792C000B249;2025-05-31;-2.0;-257.36
9B36CDE2311EAE11BE2110650500E25A;B0BDDED34CC83E11052F6792C000B249;2025-05-31;-4.0;-761.84
AD00D1129224EE11B1AD1065050087EA;B0BDDED34CC83E11052F6792C000B249;2025-05-31;-2.0;-219.9
9A5C0D8F6B72BE11BE2110650500885A;B0BDDED34CC83E11052F6792C000B249;2025-05-31;-2.0;-106.8
4E3E38A7B0E68E11F243BB6505002C3B;B0BDDED34CC83E11052F6792C000B249;2025-05-31;-2.0;-563.92
6E0AD041989D7E110819BB65050039AA;B0BDDED34CC83E11052F6792C000B249;2025-05-31;-2.0;-110.5
EA7E3926B6E28E113835BB6505002BAA;B0BDDED34CC83E11052F6792C000B249;2025-05-31;-2.0;-426.24
F741CB149A278E11F243BB6505008C3B;B0BDDED34CC83E11052F6792C000B249;2025-05-31;-2.0;-64.5
A18750AE8222AE11726010650500805A;B0BDDED34CC83E11052F6792C000B249;2025-05-31;-2.0;-226.96
896AD73D54197E110819BB65050009AA;B0BDDED34CC83E11052F6792C000B249;2025-05-31;-2.0;-370.58
C4EAD3E76E180E11A4A96492C00009EB;B0BDDED34CC83E11052F6792C000B249;2025-05-31;-4.0;-232.06
FA377CFD4935EE11B1AD10650500F8EA;B0BDDED34CC83E11052F6792C000B249;2025-05-31;-2.0;-712.16
79C19A8C87449E11554010650500ED3B;B0BDDED34CC83E11052F6792C000B249;2025-05-31;-2.0;-1336.0
973F37C608138E110223BB6505005BAA;B0BDDED34CC83E11052F6792C000B249;2025-05-31;-2.0;-250.0
E429FDA9268EFE11F1557891FE696589;B0BDDED34CC83E11052F6792C000B249;2025-05-31;-2.0;-176.0
5DC95CEB39B4EE11B1AD1065050048EA;B0BDDED34CC83E11052F6792C000B249;2025-05-31;-2.0;-430.08
6388AE2E10D2FE1191EE106505007DB9;B0BDDED34CC83E11052F6792C000B249;2025-05-31;-2.0;-62.64
10B38E475953DE11ADB3106505001FB8;B0BDDED34CC83E11052F6792C000B249;2025-05-31;-2.0;-1962.74
7CB1D0A90662FD110DC22A92C0006778;B0BDDED34CC83E11052F6792C000B249;2025-05-31;-2.0;-205.54
666C88150FBBEE1191EE1065050029B9;B0BDDED34CC83E11052F6792C000B249;2025-05-31;-2.0;-992.0
4F203DE8AC456E11B7B78A650500BC08;44673735EAF46E11B7B78A650500BC08;2025-05-31;-4.0;-306.4
0EFDA876E61E4E1142D58A650500BC08;44673735EAF46E11B7B78A650500BC08;2025-05-31;-4.0;-667.6
49AFE694AC456E11B7B78A650500BC08;44673735EAF46E11B7B78A650500BC08;2025-05-31;-2.0;-76.7
04EE077F7D456E11B7B78A650500BC08;44673735EAF46E11B7B78A650500BC08;2025-05-31;-2.0;-62.4
9CB2C3EFAC456E11B7B78A650500BC08;44673735EAF46E11B7B78A650500BC08;2025-05-31;-6.0;-188.52
F2ED4F80FA5C6E11B7B78A650500BC08;44673735EAF46E11B7B78A650500BC08;2025-05-31;-2.0;-192.8
033BE97FC0566E11B7B78A650500BC08;44673735EAF46E11B7B78A650500BC08;2025-05-31;-2.0;-449.56
91DBF98D98F07E11B7B78A650500CD08;44673735EAF46E11B7B78A650500BC08;2025-05-31;-6.0;-750.84
960ED409504F6E11B7B78A650500CD08;44673735EAF46E11B7B78A650500BC08;2025-05-31;-2.0;-263.26
8B247AC845B4DE11ADB310650500F0C8;44673735EAF46E11B7B78A650500BC08;2025-05-31;-8.0;-938.8
61B776C5E528CE11ADB310650500EFA8;44673735EAF46E11B7B78A650500BC08;2025-05-31;-6.0;-252.06
81D742AC9335CE11ADB3106505000DA8;44673735EAF46E11B7B78A650500BC08;2025-05-31;-2.0;-942.0
94D448A0A6507E11B7B78A650500CD08;44673735EAF46E11B7B78A650500BC08;2025-05-31;-6.0;-333.24
77F82F21907F6E11B7B78A650500CD08;44673735EAF46E11B7B78A650500BC08;2025-05-31;-55.8;-4012.02
6DEB1B245F66DE11ADB31065050023C8;44673735EAF46E11B7B78A650500BC08;2025-05-31;-2.0;-1606.0
CC84A2CE566ACE11ADB310650500D2B8;44673735EAF46E11B7B78A650500BC08;2025-05-31;-2.0;-396.96
6CCBBA8BD6CABE118772106505000B59;44673735EAF46E11B7B78A650500BC08;2025-05-31;-6.0;-947.4000000000001
1E0EC5DFFB8C2E11052F6792C000CF39;44673735EAF46E11B7B78A650500BC08;2025-05-31;-2.0;-370.14
8CB3C67A3734DE11ADB31065050050C8;44673735EAF46E11B7B78A650500BC08;2025-05-31;-10.0;-1090.0
FCD8E2121F75CE11ADB3106505003DA8;44673735EAF46E11B7B78A650500BC08;2025-05-31;-2.0;-158.42
298A06F23D88EE1191EE1065050098B9;44673735EAF46E11B7B78A650500BC08;2025-05-31;-4.0;-2324.0
3E0A5F872DCCCE11ADB31065050026B8;44673735EAF46E11B7B78A650500BC08;2025-05-31;-14.0;-679.0
7B31F727BCADBE11877210650500BE59;44673735EAF46E11B7B78A650500BC08;2025-05-31;-2.0;-1295.36
C6C823FA8D410F11112A674AC7E21989;44673735EAF46E11B7B78A650500BC08;2025-05-31;-34.0;-2077.3999999999996
BB1A9D494FE4FE1191EE1065050050C9;44673735EAF46E11B7B78A650500BC08;2025-05-31;-2.0;-607.48
22CC9BC431010F11112A674AC7E2B889;44673735EAF46E11B7B78A650500BC08;2025-05-31;-2.0;-182.56
8B8E4D971673FE1191EE106505006EB9;44673735EAF46E11B7B78A650500BC08;2025-05-31;-2.0;-82.58
244CD53F1E8BEE1191EE1065050029B9;44673735EAF46E11B7B78A650500BC08;2025-05-31;-4.0;-860.0
3EAC6A1F00300F11F1557891FE698789;44673735EAF46E11B7B78A650500BC08;2025-05-31;-2.0;-1854.08
78DD3F2A0C8DDE11406610650500A64A;44673735EAF46E11B7B78A650500BC08;2025-05-31;-8.0;-332.44
D1D39BD184EBDE11406610650500744A;44673735EAF46E11B7B78A650500BC08;2025-05-31;-2.0;-737.7799999999988
AD7490FEBFFD9E117260106505004B4A;44673735EAF46E11B7B78A650500BC08;2025-05-31;-2.0;-598.5
7477A5BBCC6DAE11BE2110650500125A;44673735EAF46E11B7B78A650500BC08;2025-05-31;-2.0;-254.42
99CDB042A33EAE11BE2110650500135A;44673735EAF46E11B7B78A650500BC08;2025-05-31;-6.0;-822.0
775DE48DEED5FE1191EE1065050081C9;44673735EAF46E11B7B78A650500BC08;2025-05-31;-2.0;-120.0
DC8DE026E315AE11726010650500445A;44673735EAF46E11B7B78A650500BC08;2025-05-31;-4.0;-322.96
07AD7D7EE2DC9E11726010650500B94A;44673735EAF46E11B7B78A650500BC08;2025-05-31;-62.0;-1372.6799999999998
8070599181E4EE11B1AD1065050078EA;44673735EAF46E11B7B78A650500BC08;2025-05-31;-2.0;-1594.0
2C7BA3AAF655BE11BE21106505002C5A;44673735EAF46E11B7B78A650500BC08;2025-05-31;-2.0;-949.54
8EAA59F21C7C9E11726010650500494A;44673735EAF46E11B7B78A650500BC08;2025-05-31;-2.0;-76.54
47DD2492FEE4AE11726010650500145A;44673735EAF46E11B7B78A650500BC08;2025-05-31;-2.0;-46.38
63B65EB0E6568E11F243BB6505007B3B;44673735EAF46E11B7B78A650500BC08;2025-05-31;-10.0;-517.3
53304E89BE339E115540106505009C3B;44673735EAF46E11B7B78A650500BC08;2025-05-31;-2.0;-331.96
A0E41C952D456E11B7B78A650500BC08;44673735EAF46E11B7B78A650500BC08;2025-05-31;-4.0;-554.32
41CD01C39C456E11B7B78A650500BC08;44673735EAF46E11B7B78A650500BC08;2025-05-31;-22.0;-151.84
D0127D0BFD456E11B7B78A650500BC08;44673735EAF46E11B7B78A650500BC08;2025-05-31;-2.0;-410.0
C1154C352D456E11B7B78A650500BC08;44673735EAF46E11B7B78A650500BC08;2025-05-31;-2.0;-302.2
49E956D7FE456E11B7B78A650500BC08;44673735EAF46E11B7B78A650500BC08;2025-05-31;-4.0;-180.52
1966912E7C456E11B7B78A650500BC08;44673735EAF46E11B7B78A650500BC08;2025-05-31;-8.0;-1011.6200000000001
450BACBD2D456E11B7B78A650500BC08;44673735EAF46E11B7B78A650500BC08;2025-05-31;-2.0;-148.2
1265459B3E456E11B7B78A650500BC08;44673735EAF46E11B7B78A650500BC08;2025-05-31;-2.0;-720.0
F9301C8933817E11B7B78A650500CD08;44673735EAF46E11B7B78A650500BC08;2025-05-31;-4.0;-284.0
7D577F655AE66E11B7B78A650500BC08;44673735EAF46E11B7B78A650500BC08;2025-05-31;-10.0;-302.0
B5897E390586CE11ADB310650500DDA8;44673735EAF46E11B7B78A650500BC08;2025-05-31;-2.0;-44.84
CEB99FD1891CFE111280106505000919;44673735EAF46E11B7B78A650500BC08;2025-05-31;-4.0;-696.0
DCC03962F142DE11ADB310650500BDB8;44673735EAF46E11B7B78A650500BC08;2025-05-31;-4.0;-440.0
934B60226F84DE11ADB310650500C0C8;44673735EAF46E11B7B78A650500BC08;2025-05-31;-4.0;-3318.24
CA347896378B3E11052F6792C000D249;44673735EAF46E11B7B78A650500BC08;2025-05-31;-4.0;-226.2
868714E9CC3FFE11F1557891FE695689;44673735EAF46E11B7B78A650500BC08;2025-05-31;-4.0;-389.52
620F2DBC97400F11F1557891FE69A789;44673735EAF46E11B7B78A650500BC08;2025-05-31;-4.0;-2140.0
7B680DA94FE4FE1191EE1065050050C9;44673735EAF46E11B7B78A650500BC08;2025-05-31;-2.0;-70.46
C451CE1B9497EE1191EE1065050047B9;44673735EAF46E11B7B78A650500BC08;2025-05-31;-2.0;-208.0
F7D58714648DFE11F1557891FE692489;44673735EAF46E11B7B78A650500BC08;2025-05-31;-6.0;-23.78
7AE7BDF13EDBBE118772106505006C59;44673735EAF46E11B7B78A650500BC08;2025-05-31;-4.0;-648.54
B0490EB1490FEE1191EE1065050029B9;44673735EAF46E11B7B78A650500BC08;2025-05-31;-4.0;-94.44
C6A3A0BECC07BE118772106505004659;44673735EAF46E11B7B78A650500BC08;2025-05-31;-6.0;-263.44
B2F06262B0A1EE11406610650500FB4A;44673735EAF46E11B7B78A650500BC08;2025-05-31;-6.0;-633.54
671DF668072FFE11F1557891FE693689;44673735EAF46E11B7B78A650500BC08;2025-05-31;-2.0;-198.0
26331FF997430F114EF7A826072BAB89;44673735EAF46E11B7B78A650500BC08;2025-05-31;-10.0;-869.0
490BC41B00420F114EF7A826072B5A89;44673735EAF46E11B7B78A650500BC08;2025-05-31;-14.0;-1092.0
17801856A6F5AE11BE2110650500984A;44673735EAF46E11B7B78A650500BC08;2025-05-31;-2.0;-45.14
5F9FD5800DAAAE11BE21106505009E4A;44673735EAF46E11B7B78A650500BC08;2025-05-31;-4.0;-280.0
D9FECE12BEBBDE11406610650500444A;44673735EAF46E11B7B78A650500BC08;2025-05-31;-2.0;-124.04
45D959C278F6DE11C846106505001F6A;44673735EAF46E11B7B78A650500BC08;2025-05-31;-4.0;-732.0
9DC741E1C11A8E11F243BB650500304B;44673735EAF46E11B7B78A650500BC08;2025-05-31;-4.0;-68.0
BF2C6BDA03078E11F243BB6505005C3B;44673735EAF46E11B7B78A650500BC08;2025-05-31;-2.0;-191.0
1502D3DD136AAE11BE21106505003E4A;44673735EAF46E11B7B78A650500BC08;2025-05-31;-2.0;-239.28
D3BD324B03078E11F243BB6505005C3B;44673735EAF46E11B7B78A650500BC08;2025-05-31;-2.0;-67.84
9FE7EB7A03078E11F243BB6505005C3B;44673735EAF46E11B7B78A650500BC08;2025-05-31;-2.0;-370.76
C47F698FD6568E11F243BB6505007B3B;44673735EAF46E11B7B78A650500BC08;2025-05-31;-2.0;-102.52
E6110C9E9E456E11B7B78A650500BC08;44673735EAF46E11B7B78A650500BC08;2025-05-31;-2.0;-42.72
FAF58FB1DC456E11B7B78A650500BC08;44673735EAF46E11B7B78A650500BC08;2025-05-31;-6.0;-422.6
03A511BD43AA6E11B7B78A650500BC08;44673735EAF46E11B7B78A650500BC08;2025-05-31;-4.0;-115.92
D799E0C4F5B9CE11ADB310650500F1B8;44673735EAF46E11B7B78A650500BC08;2025-05-31;-4.0;-1108.0
CCD58392A1567E11B7B78A650500ED08;44673735EAF46E11B7B78A650500BC08;2025-05-31;-2.0;-119.96
CA53269FE2F17E11B7B78A650500CD08;44673735EAF46E11B7B78A650500BC08;2025-05-31;-2.0;-2267.24
17D4F67B6CA8CE11ADB310650500A0B8;44673735EAF46E11B7B78A650500BC08;2025-05-31;-8.0;-1063.24
2A3BD0D4F5B9CE11ADB310650500F1B8;44673735EAF46E11B7B78A650500BC08;2025-05-31;-4.0;-742.4
DF4E0C07AAB27E11B7B78A650500DD08;44673735EAF46E11B7B78A650500BC08;2025-05-31;-2.0;-337.64
AA7597500D3ABE118772106505005A59;44673735EAF46E11B7B78A650500BC08;2025-05-31;-8.0;-553.36
DDA5DFCFA7A7CE11ADB3106505004FA8;44673735EAF46E11B7B78A650500BC08;2025-05-31;-2.0;-106.64
8D98766BFB663E11052F6792C000FF39;44673735EAF46E11B7B78A650500BC08;2025-05-31;-2.0;-84.92
4EA25DBF6AA1CE11877210650500C369;44673735EAF46E11B7B78A650500BC08;2025-05-31;-2.0;-338.28
2BC3EB589D3ABE118772106505005A59;44673735EAF46E11B7B78A650500BC08;2025-05-31;-4.0;-740.0
1D43866C49CA2E11052F6792C0007F39;44673735EAF46E11B7B78A650500BC08;2025-05-31;-2.0;-267.5
4082F8C694310F11112A674AC7E2F889;44673735EAF46E11B7B78A650500BC08;2025-05-31;-2.0;-350.0
1B16DD46801C3E11052F6792C000D249;44673735EAF46E11B7B78A650500BC08;2025-05-31;-8.0;-117.6
E323F18CEC3ABE118772106505005A59;44673735EAF46E11B7B78A650500BC08;2025-05-31;-4.0;-589.6
666DFC8CDCBEEE1191EE1065050029B9;44673735EAF46E11B7B78A650500BC08;2025-05-31;-2.0;-253.94
F031B266B2C10F114EF7A826072BB989;44673735EAF46E11B7B78A650500BC08;2025-05-31;-2.0;-133.48
1537EDC7A697FE1191EE10650500C3C9;44673735EAF46E11B7B78A650500BC08;2025-05-31;-4.0;-7005.32
64E3EF32BCBEEE1191EE1065050029B9;44673735EAF46E11B7B78A650500BC08;2025-05-31;-2.0;-281.4
5F32E5F229C7FE1191EE1065050004C9;44673735EAF46E11B7B78A650500BC08;2025-05-31;-2.0;-1145.08
B25A3F0800DA9E11525010650500EB4A;44673735EAF46E11B7B78A650500BC08;2025-05-31;-4.0;-6913.719999999999
5E2445B4AA79DE11406610650500414A;44673735EAF46E11B7B78A650500BC08;2025-05-31;-2.0;-346.0
62B985A0A5ADDE11406610650500C64A;44673735EAF46E11B7B78A650500BC08;2025-05-31;-10.0;-558.34
7E0C9DCA390FEE1191EE1065050029B9;44673735EAF46E11B7B78A650500BC08;2025-05-31;-4.0;-57.7
E8DA2C82F7F7EE1191EE10650500C7B9;44673735EAF46E11B7B78A650500BC08;2025-05-31;-4.0;-440.32
80AA0C81D3C89E11525010650500394A;44673735EAF46E11B7B78A650500BC08;2025-05-31;-4.0;-1989.84
B36B4CD558ED9E117260106505001B4A;44673735EAF46E11B7B78A650500BC08;2025-05-31;-4.0;-1212.14
4A12BAC636EEAE11BE2110650500F35A;44673735EAF46E11B7B78A650500BC08;2025-05-31;-2.0;-185.88
AB02B7DF066E9E11726010650500CB4A;44673735EAF46E11B7B78A650500BC08;2025-05-31;-2.0;-70.78
8D783B306AD1BE11BE2110650500B75A;44673735EAF46E11B7B78A650500BC08;2025-05-31;-4.0;-562.28
11078C880EE6DE11C846106505000F6A;44673735EAF46E11B7B78A650500BC08;2025-05-31;-2.0;-22.26
7E378940222B7E110819BB65050039AA;44673735EAF46E11B7B78A650500BC08;2025-05-31;-2.0;-324.04
9E5574FE9C7FAE11BE2110650500B45A;44673735EAF46E11B7B78A650500BC08;2025-05-31;-2.0;-446.0
3FC19C7C3CDDAE11BE2110650500A25A;44673735EAF46E11B7B78A650500BC08;2025-05-31;-2.0;-125.14
B7B0668475E58E11F243BB650500DA3B;44673735EAF46E11B7B78A650500BC08;2025-05-31;-4.0;-156.24
B771181A03078E11F243BB6505005C3B;44673735EAF46E11B7B78A650500BC08;2025-05-31;-2.0;-206.26
4FDE31EFCD9F8E11F243BB650500D74B;44673735EAF46E11B7B78A650500BC08;2025-05-31;-48.0;-13920.0
507E29DFFD6E8E11F243BB650500564B;44673735EAF46E11B7B78A650500BC08;2025-05-31;-6.0;-142.98
A538119280A49E115540106505006E3B;44673735EAF46E11B7B78A650500BC08;2025-05-31;-2.0;-271.1399999999999
E7692174C0128E110223BB6505000AAA;44673735EAF46E11B7B78A650500BC08;2025-05-31;-2.0;-420.74
8FCBF27E98E66E11B7B78A650500BC08;44673735EAF46E11B7B78A650500BC08;2025-05-31;-4.0;-198.4
68C2798F4E25FE1191EE10650500A0C9;44673735EAF46E11B7B78A650500BC08;2025-05-31;-2.0;-253.2
139F31189AC9FE11128010650500E819;44673735EAF46E11B7B78A650500BC08;2025-05-31;-4.0;-307.6
440740EB35B4DE11ADB310650500F0C8;44673735EAF46E11B7B78A650500BC08;2025-05-31;-2.0;-218.66
F7ADA524EC065E1142D58A650500DC08;44673735EAF46E11B7B78A650500BC08;2025-05-31;-4.0;-33.36
13A9466B4CFDBE118772106505001F59;44673735EAF46E11B7B78A650500BC08;2025-05-31;-2.0;-60.44
85604CF95F37FE1191EE1065050053C9;44673735EAF46E11B7B78A650500BC08;2025-05-31;-2.0;-1118.34
C0DAF758A2E0DE11ADB310650500DBB8;44673735EAF46E11B7B78A650500BC08;2025-05-31;-2.0;-284.64
532BAA22B4A20F114EF7A826072BDA89;44673735EAF46E11B7B78A650500BC08;2025-05-31;-2.0;-436.2
9771181A03078E11F243BB6505005C3B;44673735EAF46E11B7B78A650500BC08;2025-05-31;-2.0;-27.72
1C9C371F46CCDE11406610650500A54A;44673735EAF46E11B7B78A650500BC08;2025-05-31;-2.0;-373.86
ABBB9D65008EFE11F1557891FE696589;FC081C55582CED11A62CD892C0003F2A;2025-05-31;-2.0;-256.36
5072C9FCD811FE1191EE106505004BB9;FC081C55582CED11A62CD892C0003F2A;2025-05-31;-2.0;-360.0
64D41ADF0256BE118772106505005559;FC081C55582CED11A62CD892C0003F2A;2025-05-31;-8.0;-862.76
EB4EDC2E348DFE11F1557891FE692489;FC081C55582CED11A62CD892C0003F2A;2025-05-31;-2.0;-439.64
D8E6A7A7EB23FE1191EE10650500FDB9;FC081C55582CED11A62CD892C0003F2A;2025-05-31;-2.0;-137.04
9C4FFDF7EB23FE1191EE10650500FDB9;FC081C55582CED11A62CD892C0003F2A;2025-05-31;-4.0;-424.72
840431D5CCEEDE11406610650500884A;FC081C55582CED11A62CD892C0003F2A;2025-05-31;-2.0;-37.32
9F2A2F0DA0920E11A4A96492C00008E9;FC081C55582CED11A62CD892C0003F2A;2025-05-31;-2.0;-456.66
84E7FA25EA93FE1191EE106505009EB9;FC081C55582CED11A62CD892C0003F2A;2025-05-31;-2.0;-188.76
393250D1AC456E11B7B78A650500BC08;44673735EAF46E11B7B78A650500BC08;2025-05-31;6.0;425.24
593250D1AC456E11B7B78A650500BC08;44673735EAF46E11B7B78A650500BC08;2025-05-31;8.0;455.42
E04EB1251C456E11B7B78A650500BC08;44673735EAF46E11B7B78A650500BC08;2025-05-31;0.0;0.0
292B9D6A55FE6E11B7B78A650500BD08;44673735EAF46E11B7B78A650500BC08;2025-05-31;0.0;0.0
3E1799E57BA8BE118772106505005859;44673735EAF46E11B7B78A650500BC08;2025-05-31;0.0;0.0
EFFBECFD5BA8BE118772106505005859;44673735EAF46E11B7B78A650500BC08;2025-05-31;0.0;0.0
9EE68A2B8C679E11554010650500024B;44673735EAF46E11B7B78A650500BC08;2025-05-31;0.0;0.0
02877A6180A49E115540106505006E3B;44673735EAF46E11B7B78A650500BC08;2025-05-31;0.0;-4.547473508864641e-13
0638119280A49E115540106505006E3B;44673735EAF46E11B7B78A650500BC08;2025-05-31;0.0;0.0
7B5EF2537E62FE1191EE10650500FCB9;44673735EAF46E11B7B78A650500BC08;2025-05-31;0.0;0.0
006CA6C26DA7FE1191EE10650500E3C9;44673735EAF46E11B7B78A650500BC08;2025-05-31;0.0;0.0
7A049BD184EBDE11406610650500744A;44673735EAF46E11B7B78A650500BC08;2025-05-31;0.0;0.0
778C344F46CCDE11406610650500A54A;44673735EAF46E11B7B78A650500BC08;2025-05-31;0.0;0.0
7AA19B2EAB596E11B7B78A650500BC08;FC081C55582CED11A62CD892C0003F2A;2025-05-31;-10.0;-667.6
ECE41F692E458E113835BB6505001EAA;FC081C55582CED11A62CD892C0003F2A;2025-05-31;-6.0;-770.16
3739094141CAED11A62CD892C0003F2A;FC081C55582CED11A62CD892C0003F2A;2025-05-31;-2.0;-1273.16
D09241378D36DE11ADB310650500E2C8;FC081C55582CED11A62CD892C0003F2A;2025-05-31;-2.0;-296.14
10CCB1C311AEDE11406610650500284A;FC081C55582CED11A62CD892C0003F2A;2025-05-31;-4.0;-225.86
0CE5FDC17F320F114EF7A826072B5A89;44673735EAF46E11B7B78A650500BC08;2025-05-31;4.0;437.84
972D22AE94688E11F243BB6505001E3B;44673735EAF46E11B7B78A650500BC08;2025-05-31;0.0;0.0
02E9E804E1CBBE118772106505004C59;B0BDDED34CC83E11052F6792C000B249;2025-05-31;2.0;145.78
D1EEEB7BF093FE1191EE106505008EB9;FC081C55582CED11A62CD892C0003F2A;2025-05-31;-2.0;-115.74
43C45E30A69F6E11B7B78A650500CD08;44673735EAF46E11B7B78A650500BC08;2025-05-31;-2.0;-380.24
489F9FAAF1586E11B7B78A650500BC08;44673735EAF46E11B7B78A650500BC08;2025-05-31;8.0;17955.28
8D47242F308EFE11F1557891FE696589;44673735EAF46E11B7B78A650500BC08;2025-05-31;2.0;5245.26
CCDB5432F45AAE11BE21106505002E4A;44673735EAF46E11B7B78A650500BC08;2025-05-31;8.0;2410.12
6B09646391CAED11A62CD892C0003F2A;FC081C55582CED11A62CD892C0003F2A;2025-05-31;48.0;7381.58
7E69FDD391CAED11A62CD892C0003F2A;FC081C55582CED11A62CD892C0003F2A;2025-05-31;72.0;4117.36
9D514C24B1CAED11A62CD892C0003F2A;FC081C55582CED11A62CD892C0003F2A;2025-05-31;28.0;2731.96
558A32630DDFDE11406610650500B94A;FC081C55582CED11A62CD892C0003F2A;2025-05-31;12.0;1933.54
0AFD87DD640D9E11726010650500F94A;FC081C55582CED11A62CD892C0003F2A;2025-05-31;4.0;449.5
29E6175A25570E11A4A96492C000EC6A;B0BDDED34CC83E11052F6792C000B249;2025-05-31;4.0;1337.32
5B7B7425F1BD3E11052F6792C000D249;B0BDDED34CC83E11052F6792C000B249;2025-05-31;40.0;1092.52
9DD726ED6BBD3E11052F6792C000D249;B0BDDED34CC83E11052F6792C000B249;2025-05-31;96.0;1996.44
0DC9BE33E1BD3E11052F6792C000D249;FC081C55582CED11A62CD892C0003F2A;2025-05-31;40.0;623.58
DD1963AB6BBD3E11052F6792C000D249;FC081C55582CED11A62CD892C0003F2A;2025-05-31;60.0;785.7
1047D9F00A610F11112A674AC7E23989;FC081C55582CED11A62CD892C0003F2A;2025-05-31;36.0;1307.26
7331131A7BE99E11525010650500CA4A;FC081C55582CED11A62CD892C0003F2A;2025-05-31;72.0;1064.06
A0305C9E73530F114EF7A826072BBB89;44673735EAF46E11B7B78A650500BC08;2025-05-31;10.0;1180.62
F1615C9E73530F114EF7A826072BBB89;44673735EAF46E11B7B78A650500BC08;2025-05-31;10.0;2327.1
1ABDD438DAFB3E11052F6792C000D249;FC081C55582CED11A62CD892C0003F2A;2025-05-31;30.0;810.4
61E93C3D91CAED11A62CD892C0003F2A;FC081C55582CED11A62CD892C0003F2A;2025-05-31;28.0;1722.38
B36EDCF8D1CAED11A62CD892C0003F2A;FC081C55582CED11A62CD892C0003F2A;2025-05-31;140.0;5858.98
21E93C3D91CAED11A62CD892C0003F2A;44673735EAF46E11B7B78A650500BC08;2025-05-31;24.0;1571.64
8F1BCA91D265BE11BE21106505003C5A;FC081C55582CED11A62CD892C0003F2A;2025-05-31;20.0;4041.68
A5E634AD6104FE1191EE106505001FB9;B0BDDED34CC83E11052F6792C000B249;2025-05-31;10.0;1808.12
381D35BE73530F114EF7A826072BBB89;44673735EAF46E11B7B78A650500BC08;2025-05-31;400.0;22497.6
7A44FBCE73530F114EF7A826072BBB89;44673735EAF46E11B7B78A650500BC08;2025-05-31;200.0;5484.74
B0B8A7F077169E11554010650500504B;44673735EAF46E11B7B78A650500BC08;2025-05-31;6.0;67708.0
32DE63E0BB300F11F1557891FE699789;44673735EAF46E11B7B78A650500BC08;2025-05-31;16.0;1696.16
A0FC09C0B8B8FE11128010650500D819;FC081C55582CED11A62CD892C0003F2A;2025-05-31;-2.0;-188.92
8C0868CF6D6F5E1142D58A6505008D08;FC081C55582CED11A62CD892C0003F2A;2025-05-31;16.0;1714.9
6FA86E4A43E3DE11ADB310650500CFB8;FC081C55582CED11A62CD892C0003F2A;2025-05-31;-14.0;-1193.64
0E05D556E40B6E11B7B78A650500BC08;FC081C55582CED11A62CD892C0003F2A;2025-05-31;-2.0;-384.2
DD048979F7BAFE11128010650500E819;FC081C55582CED11A62CD892C0003F2A;2025-05-31;-4.0;-204.0
3B631E1985317E11B7B78A650500CD08;FC081C55582CED11A62CD892C0003F2A;2025-05-31;-2.0;-201.6
6C2094EBBD1EFE11F1557891FE69E489;FC081C55582CED11A62CD892C0003F2A;2025-05-31;-4.0;-173.52
D824051B94AE0E1143F0668E42001D49;FC081C55582CED11A62CD892C0003F2A;2025-05-31;-8.0;-202.4
44FD46BC1A5FFE11F1557891FE697689;FC081C55582CED11A62CD892C0003F2A;2025-05-31;-2.0;-86.68
70FE3058512ECE11ADB310650500F7B8;FC081C55582CED11A62CD892C0003F2A;2025-05-31;-4.0;-293.68
AEDC4EE7A0CAED11A62CD892C0003F2A;FC081C55582CED11A62CD892C0003F2A;2025-05-31;-6.0;-602.48
26937278EDC6BE11877210650500F559;FC081C55582CED11A62CD892C0003F2A;2025-05-31;-2.0;-678.64
C5DCAB1D719EBE11877210650500DF59;FC081C55582CED11A62CD892C0003F2A;2025-05-31;-10.0;-278.6
A8AE11171F27EE1191EE10650500C6B9;FC081C55582CED11A62CD892C0003F2A;2025-05-31;-4.0;-1008.18
E898374B46B5EE1191EE1065050035B9;FC081C55582CED11A62CD892C0003F2A;2025-05-31;-6.0;-3158.7200000000003
B51A958001CAED11A62CD892C0003F2A;FC081C55582CED11A62CD892C0003F2A;2025-05-31;-8.0;-410.9
4BF72E5DC335DE11ADB31065050091C8;FC081C55582CED11A62CD892C0003F2A;2025-05-31;-6.0;-360.36
E821C334D023CE11877210650500A569;FC081C55582CED11A62CD892C0003F2A;2025-05-31;-14.0;-467.74
ED198015450DEE1191EE1065050029B9;FC081C55582CED11A62CD892C0003F2A;2025-05-31;-2.0;-1633.52
D77E3C151CD02E1143F0668E4200C71A;FC081C55582CED11A62CD892C0003F2A;2025-05-31;-6.0;-1301.6999999999998
C506C0B331CAED11A62CD892C0003F2A;FC081C55582CED11A62CD892C0003F2A;2025-05-31;-6.0;-620.16
6F9077B82642FE1191EE10650500CCB9;FC081C55582CED11A62CD892C0003F2A;2025-05-31;-2.0;-1332.7
67FD07A3698DFE11F1557891FE692489;FC081C55582CED11A62CD892C0003F2A;2025-05-31;-10.0;-710.94
FF96B7DB01CAED11A62CD892C0003F2A;FC081C55582CED11A62CD892C0003F2A;2025-05-31;-2.0;-224.72
FCEC30D9A257DE11C846106505008F6A;FC081C55582CED11A62CD892C0003F2A;2025-05-31;-8.0;-204.0
826050CC91CAED11A62CD892C0003F2A;FC081C55582CED11A62CD892C0003F2A;2025-05-31;-2.0;-208.0
7B060C3B1A7CDE11406610650500454A;FC081C55582CED11A62CD892C0003F2A;2025-05-31;-4.0;-1345.2
9E3CA7158A278E11F243BB6505008C3B;FC081C55582CED11A62CD892C0003F2A;2025-05-31;-2.0;-94.74
724D88DDE0148E113835BB6505008CAA;FC081C55582CED11A62CD892C0003F2A;2025-05-31;-2.0;-444.72
0CD13E247AB4EE11B1AD1065050048EA;FC081C55582CED11A62CD892C0003F2A;2025-05-31;-4.0;-117.97999999999999
E554D59AEAB4EE11B1AD1065050048EA;FC081C55582CED11A62CD892C0003F2A;2025-05-31;-4.0;-157.56
E8C2943FE1221E1143F0668E42008C3B;FC081C55582CED11A62CD892C0003F2A;2025-05-31;-2.0;-433.9
131EEFEDEB088E11F243BB650500AD3B;FC081C55582CED11A62CD892C0003F2A;2025-05-31;-2.0;-488.92
53042786759BDE11406610650500144A;FC081C55582CED11A62CD892C0003F2A;2025-05-31;-4.0;-1118.64
7E54428A56C99E115250106505009A4A;FC081C55582CED11A62CD892C0003F2A;2025-05-31;-2.0;-42.86
79B75B01F1CAED11A62CD892C0003F2A;FC081C55582CED11A62CD892C0003F2A;2025-05-31;36.0;1547.4
D8F38758C8049E115540106505009D3B;FC081C55582CED11A62CD892C0003F2A;2025-05-31;-2.0;-488.92
8A84729998D58E11F243BB650500CA3B;FC081C55582CED11A62CD892C0003F2A;2025-05-31;-18.0;-1710.7199999999998
99B1096E1978FE11128010650500D819;FC081C55582CED11A62CD892C0003F2A;2025-05-31;-2.0;-6.82
CCFF5D2741BFFE11F1557891FE69E689;FC081C55582CED11A62CD892C0003F2A;2025-05-31;-2.0;-179.16
A66DD7D844D67E11B7B78A650500ED08;FC081C55582CED11A62CD892C0003F2A;2025-05-31;-6.0;-246.74
BCA9CF4E6BBD3E11052F6792C000D249;FC081C55582CED11A62CD892C0003F2A;2025-05-31;70.0;1062.36
47125DEAC3D67E11B7B78A650500ED08;FC081C55582CED11A62CD892C0003F2A;2025-05-31;-6.0;-165.3
309D72CB9D1DDE11406610650500164A;FC081C55582CED11A62CD892C0003F2A;2025-05-31;-2.0;-25.4
2AD833A5AF06FE1191EE10650500C1C9;FC081C55582CED11A62CD892C0003F2A;2025-05-31;-2.0;-130.76
897E6E9F7BB1EE114066106505001C4A;FC081C55582CED11A62CD892C0003F2A;2025-05-31;-2.0;-99.08
F636B2C10DEEDE11406610650500884A;FC081C55582CED11A62CD892C0003F2A;2025-05-31;-2.0;-211.72
01A71A23A89D7E110819BB65050039AA;FC081C55582CED11A62CD892C0003F2A;2025-05-31;-4.0;-216.52
A3FD472C9462CE11877210650500B469;FC081C55582CED11A62CD892C0003F2A;2025-05-31;-2.0;-242.46
E9E790703FE58E11F243BB650500EA3B;FC081C55582CED11A62CD892C0003F2A;2025-05-31;-4.0;-211.94
4B58DBE1689D7E110819BB65050039AA;FC081C55582CED11A62CD892C0003F2A;2025-05-31;-4.0;-232.96
28F37D99A9CCAE11BE2110650500415A;FC081C55582CED11A62CD892C0003F2A;2025-05-31;-2.0;-194.82
74B0B814FDB3EE11B1AD1065050007EA;FC081C55582CED11A62CD892C0003F2A;2025-05-31;-2.0;-93.54
77218FBB3FE58E11F243BB650500EA3B;FC081C55582CED11A62CD892C0003F2A;2025-05-31;-10.0;-570.1
0A282CFF889D7E110819BB65050039AA;FC081C55582CED11A62CD892C0003F2A;2025-05-31;-4.0;-221.0
9F9EF1653FE58E11F243BB650500EA3B;FC081C55582CED11A62CD892C0003F2A;2025-05-31;-4.0;-202.12
53093FC4BAF94E1142D58A6505009C08;FC081C55582CED11A62CD892C0003F2A;2025-05-31;-4.0;-479.68
ECEAA9F444856E11B7B78A650500BC08;FC081C55582CED11A62CD892C0003F2A;2025-05-31;-4.0;-803.52
194F490E77175E1142D58A650500DC08;FC081C55582CED11A62CD892C0003F2A;2025-05-31;-2.0;-155.18
398784DE3A2E6E11B7B78A6505003D08;FC081C55582CED11A62CD892C0003F2A;2025-05-31;-2.0;-260.0
51F0CB725DB04E1142D58A650500DB08;FC081C55582CED11A62CD892C0003F2A;2025-05-31;-2.0;-185.94
C5F5A0E25988CE11ADB31065050070B8;FC081C55582CED11A62CD892C0003F2A;2025-05-31;-2.0;-275.16
C845B561C36BCE11ADB31065050034B8;FC081C55582CED11A62CD892C0003F2A;2025-05-31;-2.0;-94.0
870B528798A05E1142D58A650500BC08;FC081C55582CED11A62CD892C0003F2A;2025-05-31;-4.0;-1392.0
8313C334BD2ECE11ADB31065050008B8;FC081C55582CED11A62CD892C0003F2A;2025-05-31;-2.0;-79.64
7904541A2E456E11B7B78A650500BC08;FC081C55582CED11A62CD892C0003F2A;2025-05-31;-4.0;-780.0
5740CDBBF8F34E1142D58A6505002C08;FC081C55582CED11A62CD892C0003F2A;2025-05-31;-4.0;-918.56
E38F4B4AB6D46E11B7B78A650500BC08;FC081C55582CED11A62CD892C0003F2A;2025-05-31;-4.0;-1852.28
8D988563B0566E11B7B78A650500BC08;FC081C55582CED11A62CD892C0003F2A;2025-05-31;-4.0;-899.12
6DC0BE13E1047E11B7B78A650500DD08;FC081C55582CED11A62CD892C0003F2A;2025-05-31;-2.0;-1278.4
756ED27D93F50E11A4A96492C0004B38;FC081C55582CED11A62CD892C0003F2A;2025-05-31;-4.0;-307.32
BBE69C3853716E1142D58A650500AD08;FC081C55582CED11A62CD892C0003F2A;2025-05-31;-2.0;-583.66
DD7A82503AC0DE11ADB310650500ABB8;FC081C55582CED11A62CD892C0003F2A;2025-05-31;-8.0;-296.28
85B2D67308E4DE11ADB31065050031C8;FC081C55582CED11A62CD892C0003F2A;2025-05-31;-2.0;-256.58
A0598C3B7F54DE11ADB31065050080C8;FC081C55582CED11A62CD892C0003F2A;2025-05-31;-2.0;-167.92
AAB8D9E07479FE11128010650500E819;FC081C55582CED11A62CD892C0003F2A;2025-05-31;-2.0;-663.18
38D11EDAC550CE118772106505001269;FC081C55582CED11A62CD892C0003F2A;2025-05-31;-2.0;-228.2
14788295AE9BBE118772106505001C59;FC081C55582CED11A62CD892C0003F2A;2025-05-31;-12.0;-468.72
2EFF22F28ABAFE11128010650500E819;FC081C55582CED11A62CD892C0003F2A;2025-05-31;-2.0;-61.0
8D72CB315AA3CE118772106505005669;FC081C55582CED11A62CD892C0003F2A;2025-05-31;-2.0;-622.56
4BBAB0C17DDEBE118772106505003069;FC081C55582CED11A62CD892C0003F2A;2025-05-31;-4.0;-424.4
BE6FB9B5BB363E11052F6792C000FF39;FC081C55582CED11A62CD892C0003F2A;2025-05-31;-2.0;-108.16
51C0C065DEADBE11877210650500BE59;FC081C55582CED11A62CD892C0003F2A;2025-05-31;-4.0;-810.7
98E468FFD31E3E11052F6792C000D249;FC081C55582CED11A62CD892C0003F2A;2025-05-31;-2.0;-193.24
52CBB8981C93FE1191EE106505009EB9;FC081C55582CED11A62CD892C0003F2A;2025-05-31;-2.0;-273.44
C4BF6E6E1F22FE1191EE10650500ACB9;FC081C55582CED11A62CD892C0003F2A;2025-05-31;-2.0;-693.1
631479718EACEE1191EE1065050029B9;FC081C55582CED11A62CD892C0003F2A;2025-05-31;-2.0;-3506.0
C0B8BE46AF6DFE11F1557891FE690489;FC081C55582CED11A62CD892C0003F2A;2025-05-31;-6.0;-718.2
DDA0BB5F01CAED11A62CD892C0003F2A;FC081C55582CED11A62CD892C0003F2A;2025-05-31;-14.0;-980.0
06813234FFBAED11A62CD892C0003F2A;FC081C55582CED11A62CD892C0003F2A;2025-05-31;-2.0;-145.56
795627ADC0CAED11A62CD892C0003F2A;FC081C55582CED11A62CD892C0003F2A;2025-05-31;-4.0;-890.08
50A39B4ED0CAED11A62CD892C0003F2A;FC081C55582CED11A62CD892C0003F2A;2025-05-31;-4.0;-2055.44
3F09AA3111CAED11A62CD892C0003F2A;FC081C55582CED11A62CD892C0003F2A;2025-05-31;-4.0;-1771.8600000000001
46CFA3470C7DFE1158A3BB3DBE8E1489;FC081C55582CED11A62CD892C0003F2A;2025-05-31;-2.0;-41.0
2A69C1C131CAED11A62CD892C0003F2A;FC081C55582CED11A62CD892C0003F2A;2025-05-31;-2.0;-275.12
021C028040CAED11A62CD892C0003F2A;FC081C55582CED11A62CD892C0003F2A;2025-05-31;-2.0;-3512.96
4268C62B5366EE1191EE1065050016B9;FC081C55582CED11A62CD892C0003F2A;2025-05-31;-2.0;-58.8
FC8C3B7101CAED11A62CD892C0003F2A;FC081C55582CED11A62CD892C0003F2A;2025-05-31;-2.0;-173.72
055F2C271F8FDE11406610650500594A;FC081C55582CED11A62CD892C0003F2A;2025-05-31;-2.0;-1076.48
5CFA9F36A55EDE11406610650500C74A;FC081C55582CED11A62CD892C0003F2A;2025-05-31;-4.0;-959.72
B84043E436A0EE11406610650500BA4A;FC081C55582CED11A62CD892C0003F2A;2025-05-31;-2.0;-362.92
355E6A9E2B0A1E1143F0668E42009D5A;FC081C55582CED11A62CD892C0003F2A;2025-05-31;-2.0;-240.44
B506F3B62EE2BE11BE2110650500195A;FC081C55582CED11A62CD892C0003F2A;2025-05-31;-4.0;-849.16
92C8BD650EADAE11BE2110650500625A;FC081C55582CED11A62CD892C0003F2A;2025-05-31;-6.0;-912.24
02E5FA7309A2EE11B1AD10650500A5EA;FC081C55582CED11A62CD892C0003F2A;2025-05-31;-4.0;-3006.74
94021CDFEB03EE11B1AD1065050026EA;FC081C55582CED11A62CD892C0003F2A;2025-05-31;-4.0;-236.0
E102D25FFF4A8E11F243BB650500804B;FC081C55582CED11A62CD892C0003F2A;2025-05-31;-2.0;-314.7
2E868C6138650E11A4A96492C0001C4B;FC081C55582CED11A62CD892C0003F2A;2025-05-31;-2.0;-370.86
133FE2417AB38E113835BB6505004CAA;FC081C55582CED11A62CD892C0003F2A;2025-05-31;-2.0;-684.72
37FEE5DC7A74EE11B1AD10650500F7EA;FC081C55582CED11A62CD892C0003F2A;2025-05-31;-2.0;-696.64
725573D32273EE11B1AD10650500A6EA;FC081C55582CED11A62CD892C0003F2A;2025-05-31;-2.0;-164.06
1F6E7323D224EE11B1AD1065050087EA;FC081C55582CED11A62CD892C0003F2A;2025-05-31;-4.0;-524.5
14B135B1B6E62E1143F0668E420006EB;FC081C55582CED11A62CD892C0003F2A;2025-05-31;-4.0;-354.76
845CB507C654EE11B1AD10650500C7EA;FC081C55582CED11A62CD892C0003F2A;2025-05-31;-2.0;-2136.92
723D80C509A2EE11B1AD10650500A5EA;FC081C55582CED11A62CD892C0003F2A;2025-05-31;-2.0;-5793.02
5C63DD9371491E1143F0668E42006B8B;FC081C55582CED11A62CD892C0003F2A;2025-05-31;-18.0;-2158.2
4116BD74E25B6E11B7B78A650500BC08;FC081C55582CED11A62CD892C0003F2A;2025-05-31;-2.0;-212.82
22E89EC3FE234E1142D58A6505001C08;FC081C55582CED11A62CD892C0003F2A;2025-05-31;-2.0;-489.84
590A0CED9C0A6E11B7B78A650500BC08;FC081C55582CED11A62CD892C0003F2A;2025-05-31;-2.0;-564.2
7410AFC583A76E11B7B78A650500BC08;FC081C55582CED11A62CD892C0003F2A;2025-05-31;-2.0;-485.12
ABE5A3A9D82D4E1142D58A650500BC08;FC081C55582CED11A62CD892C0003F2A;2025-05-31;-2.0;-127.72
3DC33DC529265E1142D58A650500DC08;FC081C55582CED11A62CD892C0003F2A;2025-05-31;-2.0;-325.32
67DB81AE2834DE11ADB31065050050C8;FC081C55582CED11A62CD892C0003F2A;2025-05-31;-2.0;-27.3
661CD5DA0B156E11B7B78A650500BC08;FC081C55582CED11A62CD892C0003F2A;2025-05-31;-2.0;-90.66
57EE9E68D2001E1143F0668E42007A39;FC081C55582CED11A62CD892C0003F2A;2025-05-31;-2.0;-296.36
2148978EF4B4DE11ADB310650500F0C8;FC081C55582CED11A62CD892C0003F2A;2025-05-31;-2.0;-116.16
01977EF83282DE11ADB3106505000EB8;FC081C55582CED11A62CD892C0003F2A;2025-05-31;-2.0;-2985.82
130DD8C0CCD4DE11ADB31065050021C8;FC081C55582CED11A62CD892C0003F2A;2025-05-31;-2.0;-333.38
C9F302D67596DE11ADB31065050053C8;FC081C55582CED11A62CD892C0003F2A;2025-05-31;-2.0;-632.24
129473969064DE11ADB31065050080C8;FC081C55582CED11A62CD892C0003F2A;2025-05-31;-2.0;-211.78
A62845952442DE11ADB310650500BDB8;FC081C55582CED11A62CD892C0003F2A;2025-05-31;-2.0;-111.8
748F73B62056BE118772106505005559;FC081C55582CED11A62CD892C0003F2A;2025-05-31;-4.0;-545.52
A6E1A8E56E56BE118772106505006559;FC081C55582CED11A62CD892C0003F2A;2025-05-31;-4.0;-410.8
25CE84EBBD1EFE11F1557891FE69E489;FC081C55582CED11A62CD892C0003F2A;2025-05-31;-2.0;-132.0
C43313B63DBBEE1191EE1065050029B9;FC081C55582CED11A62CD892C0003F2A;2025-05-31;-2.0;-820.8
C942D10AF6D6EE1191EE1065050096B9;FC081C55582CED11A62CD892C0003F2A;2025-05-31;-2.0;-1147.92
02E8D3C8E717BE118772106505005659;FC081C55582CED11A62CD892C0003F2A;2025-05-31;-2.0;-494.76
47B9FA705FAAFE11128010650500E819;FC081C55582CED11A62CD892C0003F2A;2025-05-31;-2.0;-153.72
59C0B7EFAA1DFD11A4A96492C000CB59;FC081C55582CED11A62CD892C0003F2A;2025-05-31;-2.0;-287.28
28CB4EBF8E13FE1191EE10650500EDB9;FC081C55582CED11A62CD892C0003F2A;2025-05-31;-2.0;-56.0
301651D63B73CE118772106505001669;FC081C55582CED11A62CD892C0003F2A;2025-05-31;-2.0;-179.96
320CBAFEC9B7FE1191EE10650500F3C9;FC081C55582CED11A62CD892C0003F2A;2025-05-31;-6.0;-2426.46
B9970300F935FE1191EE10650500B0C9;FC081C55582CED11A62CD892C0003F2A;2025-05-31;-2.0;-141.76
043077E71C2EFE11F1557891FE69F489;FC081C55582CED11A62CD892C0003F2A;2025-05-31;-6.0;-396.0
1B65084853D9EE1191EE1065050009B9;FC081C55582CED11A62CD892C0003F2A;2025-05-31;-2.0;-151.2
D344D13BB7EA0E11A4A96492C0001269;FC081C55582CED11A62CD892C0003F2A;2025-05-31;-2.0;-373.6
C66CBAA9FC410F11112A674AC7E21989;FC081C55582CED11A62CD892C0003F2A;2025-05-31;-2.0;-144.5
8A2CAF88F630FE1191EE106505002AB9;FC081C55582CED11A62CD892C0003F2A;2025-05-31;-2.0;-334.28
FB9924A08773FE1191EE106505006EB9;FC081C55582CED11A62CD892C0003F2A;2025-05-31;-2.0;-188.76
5101C7FFF0CAED11A62CD892C0003F2A;FC081C55582CED11A62CD892C0003F2A;2025-05-31;-2.0;-151.96
B597BF6A01CAED11A62CD892C0003F2A;FC081C55582CED11A62CD892C0003F2A;2025-05-31;-2.0;-319.3
93D4593BCB20FE1191EE106505001AB9;FC081C55582CED11A62CD892C0003F2A;2025-05-31;-2.0;-2488.9
D72822AAF192FE1191EE106505002DB9;FC081C55582CED11A62CD892C0003F2A;2025-05-31;-2.0;-172.48
B6B6EB4951CAED11A62CD892C0003F2A;FC081C55582CED11A62CD892C0003F2A;2025-05-31;-2.0;-541.06
F66DBEB8AEAC9E11726010650500894A;FC081C55582CED11A62CD892C0003F2A;2025-05-31;-2.0;-411.98
7B9437400502EE114066106505008C4A;FC081C55582CED11A62CD892C0003F2A;2025-05-31;-2.0;-438.72
5550B30755E9AE11BE21106505009D4A;FC081C55582CED11A62CD892C0003F2A;2025-05-31;-2.0;-303.8
0BCAD903FDAFDE11406610650500794A;FC081C55582CED11A62CD892C0003F2A;2025-05-31;-4.0;-935.22
291F4FDF686BAE11BE21106505008F4A;FC081C55582CED11A62CD892C0003F2A;2025-05-31;-2.0;-536.0
B52D66E758F1EE114066106505007C4A;FC081C55582CED11A62CD892C0003F2A;2025-05-31;-2.0;-71.34
28D46C841DE6DE11C846106505000F6A;FC081C55582CED11A62CD892C0003F2A;2025-05-31;-2.0;-322.12
408F1A05D2DCDE11406610650500B54A;FC081C55582CED11A62CD892C0003F2A;2025-05-31;-2.0;-943.6
EF3BA4B818138E110223BB6505005BAA;FC081C55582CED11A62CD892C0003F2A;2025-05-31;-2.0;-250.0
007267F61B278E11F243BB6505008C3B;FC081C55582CED11A62CD892C0003F2A;2025-05-31;-2.0;-174.04
D0695E2DCBB4AE11726010650500D35A;FC081C55582CED11A62CD892C0003F2A;2025-05-31;-2.0;-224.34
98C9CF7E10439E115540106505009C3B;FC081C55582CED11A62CD892C0003F2A;2025-05-31;-2.0;-189.7
74B135B1B6E62E1143F0668E420006EB;FC081C55582CED11A62CD892C0003F2A;2025-05-31;-10.0;-981.66
6F65901085B59E11554010650500DF3B;FC081C55582CED11A62CD892C0003F2A;2025-05-31;-2.0;-320.04
E6D7280EFB5F7E110819BB65050039AA;FC081C55582CED11A62CD892C0003F2A;2025-05-31;-4.0;-579.86
1E517712B6F07E11B7B78A650500CD08;FC081C55582CED11A62CD892C0003F2A;2025-05-31;-2.0;-65.2
40BFD8E3BAA4DE11ADB310650500E0C8;FC081C55582CED11A62CD892C0003F2A;2025-05-31;-2.0;-280.7
D8EF29E7178F0E1123F0668E42005B38;FC081C55582CED11A62CD892C0003F2A;2025-05-31;-2.0;-255.32
7293DD23203ECE11ADB31065050008B8;FC081C55582CED11A62CD892C0003F2A;2025-05-31;-2.0;-844.58
E4C12FEF1DC96E11B7B78A650500BC08;FC081C55582CED11A62CD892C0003F2A;2025-05-31;-2.0;-264.36
652F4F2962B7BE118772106505001759;FC081C55582CED11A62CD892C0003F2A;2025-05-31;-4.0;-189.84
C045435A6BF7FE11128010650500D819;FC081C55582CED11A62CD892C0003F2A;2025-05-31;-12.0;-1505.52
992B9708B82FCE11ADB31065050049B8;FC081C55582CED11A62CD892C0003F2A;2025-05-31;-2.0;-1755.82
BE4EAE8BF0CAED11A62CD892C0003F2A;FC081C55582CED11A62CD892C0003F2A;2025-05-31;-2.0;-281.36
BF8681E8849ABE11877210650500CA59;FC081C55582CED11A62CD892C0003F2A;2025-05-31;-2.0;-1272.7
5AE6855EE3B89E11525010650500294A;FC081C55582CED11A62CD892C0003F2A;2025-05-31;-4.0;-48.5
79C67A9CC0CAED11A62CD892C0003F2A;FC081C55582CED11A62CD892C0003F2A;2025-05-31;-2.0;-132.84
FF5FCC0CFC56FE1191EE1065050022C9;FC081C55582CED11A62CD892C0003F2A;2025-05-31;-2.0;-654.42
51B8CC9B093EBE118772106505006F59;FC081C55582CED11A62CD892C0003F2A;2025-05-31;-4.0;-111.44
46D06C00BE52EE11406610650500FC4A;FC081C55582CED11A62CD892C0003F2A;2025-05-31;-2.0;-164.8
36798CFB7ABAAE11BE2110650500AE4A;FC081C55582CED11A62CD892C0003F2A;2025-05-31;-4.0;-160.0
5D71C4B5FCDFDE11406610650500B94A;FC081C55582CED11A62CD892C0003F2A;2025-05-31;-2.0;-279.66
926F12D95A7E8E11F243BB650500664B;FC081C55582CED11A62CD892C0003F2A;2025-05-31;-2.0;-311.96
05C4589E3454EE11B1AD10650500C7EA;FC081C55582CED11A62CD892C0003F2A;2025-05-31;-2.0;-365.64
AA45274DD877DE11C84610650500BF6A;FC081C55582CED11A62CD892C0003F2A;2025-05-31;-2.0;-51.0
EA5D87D7A0F60E11A4A96492C0007BF8;B0BDDED34CC83E11052F6792C000B249;2025-05-31;-8.0;-2540.64
2694943F787CCE11ADB310650500B5B8;B0BDDED34CC83E11052F6792C000B249;2025-05-31;-4.0;-145.76
0B236338B12AFE11128010650500E819;B0BDDED34CC83E11052F6792C000B249;2025-05-31;-2.0;-129.56
026C90B94094DE11ADB310650500C0C8;B0BDDED34CC83E11052F6792C000B249;2025-05-31;-2.0;-267.9
F0BB2FD52E0CFE111280106505000919;B0BDDED34CC83E11052F6792C000B249;2025-05-31;-2.0;-2563.1
900A518DB20FCE11ADB31065050019B8;B0BDDED34CC83E11052F6792C000B249;2025-05-31;-30.0;-241.48
C1D65036DE75FD110DC22A92C000D158;B0BDDED34CC83E11052F6792C000B249;2025-05-31;-4.0;-90.06
19BE276FC1C6BE11877210650500E559;B0BDDED34CC83E11052F6792C000B249;2025-05-31;-2.0;-72.88
E83F9C0623C50E11A4A96492C00060C8;B0BDDED34CC83E11052F6792C000B249;2025-05-31;-2.0;-583.5
B5DD99104DFFFE11F1557891FE694789;B0BDDED34CC83E11052F6792C000B249;2025-05-31;-2.0;-434.6
8376033300C80E11A4A96492C0001269;B0BDDED34CC83E11052F6792C000B249;2025-05-31;-18.0;-1691.1
BFDF3DC9CC3FFE11F1557891FE695689;B0BDDED34CC83E11052F6792C000B249;2025-05-31;-4.0;-145.0
FE041DA64F11CE118772106505001369;B0BDDED34CC83E11052F6792C000B249;2025-05-31;-2.0;-803.66
D06C054C1A5FFE11F1557891FE697689;B0BDDED34CC83E11052F6792C000B249;2025-05-31;-2.0;-75.32
F034436BE358FE11128010650500D819;B0BDDED34CC83E11052F6792C000B249;2025-05-31;-2.0;-27.78
17EA1C361195EE1191EE1065050005B9;B0BDDED34CC83E11052F6792C000B249;2025-05-31;-2.0;-62.3
9EFAB501B0CAED11A62CD892C0003F2A;B0BDDED34CC83E11052F6792C000B249;2025-05-31;-4.0;-208.92000000000002
3D62BD8A40BB3E11052F6792C000D249;B0BDDED34CC83E11052F6792C000B249;2025-05-31;-6.0;-224.28000000000003
1F280D4ACE23FD110DC22A92C000C499;B0BDDED34CC83E11052F6792C000B249;2025-05-31;-4.0;-625.74
5A8889AA63D2FE1191EE106505007DB9;B0BDDED34CC83E11052F6792C000B249;2025-05-31;-6.0;-240.72
3EC35FC9E6C10E11A4A96492C0002019;B0BDDED34CC83E11052F6792C000B249;2025-05-31;-8.0;-683.12
82377D17C0CAED11A62CD892C0003F2A;B0BDDED34CC83E11052F6792C000B249;2025-05-31;-2.0;-559.24
0BB8CE1BD5230E11A4A96492C00008E9;B0BDDED34CC83E11052F6792C000B249;2025-05-31;-2.0;-328.76
EB150FF1AC112E1143F0668E4200C71A;B0BDDED34CC83E11052F6792C000B249;2025-05-31;-2.0;-674.14
F854E8C1691CEE1191EE1065050029B9;B0BDDED34CC83E11052F6792C000B249;2025-05-31;-4.0;-746.78
ACCC55E22F2CDE11406610650500E44A;B0BDDED34CC83E11052F6792C000B249;2025-05-31;-8.0;-719.12
80EC5457DF52EE11406610650500FC4A;B0BDDED34CC83E11052F6792C000B249;2025-05-31;-2.0;-144.46
180519DFC0CAED11A62CD892C0003F2A;B0BDDED34CC83E11052F6792C000B249;2025-05-31;-2.0;-472.36
E6748B094733FE1191EE106505000EB9;B0BDDED34CC83E11052F6792C000B249;2025-05-31;-2.0;-259.64
E3C91A658B8DED11A62CD892C0003F2A;B0BDDED34CC83E11052F6792C000B249;2025-05-31;-2.0;-351.74
34CF5FCF20CAED11A62CD892C0003F2A;B0BDDED34CC83E11052F6792C000B249;2025-05-31;-170.0;-1174.0
283159E86589DE11406610650500514A;B0BDDED34CC83E11052F6792C000B249;2025-05-31;-8.0;-1993.76
A538D6B98D889E11525010650500F84A;B0BDDED34CC83E11052F6792C000B249;2025-05-31;-2.0;-477.76
3CC5901E320CAE11BE2110650500405A;B0BDDED34CC83E11052F6792C000B249;2025-05-31;-4.0;-988.0
DDC0A34011CAED11A62CD892C0003F2A;B0BDDED34CC83E11052F6792C000B249;2025-05-31;-2.0;-550.94
2BC1D86E597BAE11BE21106505009F4A;B0BDDED34CC83E11052F6792C000B249;2025-05-31;-6.0;-296.4
4A9BA23602CAED11A62CD892C0003F2A;B0BDDED34CC83E11052F6792C000B249;2025-05-31;-2.0;-167.22
53F870A0F71BDE11406610650500634A;B0BDDED34CC83E11052F6792C000B249;2025-05-31;70.0;1345.4199999999998
E93C8A72EB83AE11726010650500525A;B0BDDED34CC83E11052F6792C000B249;2025-05-31;-2.0;-124.36
7E868C6138650E11A4A96492C0001C4B;B0BDDED34CC83E11052F6792C000B249;2025-05-31;-2.0;-370.86
98C9CF7E10439E115540106505009C3B;B0BDDED34CC83E11052F6792C000B249;2025-05-31;-4.0;-379.4
55BA4867AF2C9E11726010650500E84A;B0BDDED34CC83E11052F6792C000B249;2025-05-31;-2.0;-192.32
161EF2FFAAF94E1142D58A6505009C08;B0BDDED34CC83E11052F6792C000B249;2025-05-31;-2.0;-239.84
F51AC937F1065E1142D58A650500DC08;B0BDDED34CC83E11052F6792C000B249;2025-05-31;-2.0;-53.92
29DFA11EDF986E11B7B78A650500BC08;B0BDDED34CC83E11052F6792C000B249;2025-05-31;-16.0;-332.16
48772F1D74054E1142D58A6505002C08;B0BDDED34CC83E11052F6792C000B249;2025-05-31;-2.0;-236.8
7C1500AC34425E1142D58A650500DC08;B0BDDED34CC83E11052F6792C000B249;2025-05-31;-2.0;-206.44
4E5EF9CF7DFDCE11ADB310650500C7B8;B0BDDED34CC83E11052F6792C000B249;2025-05-31;-2.0;-48.6
A9FD3300B09FCE11ADB310650500E9B8;B0BDDED34CC83E11052F6792C000B249;2025-05-31;-2.0;-141.8
F6BA35B36CE1DE11ADB3106505004DB8;B0BDDED34CC83E11052F6792C000B249;2025-05-31;-2.0;-160.14
D036D81364FF4E1142D58A650500BC08;B0BDDED34CC83E11052F6792C000B249;2025-05-31;-6.0;-197.38
558A0586E7EFCE11ADB3106505006AB8;B0BDDED34CC83E11052F6792C000B249;2025-05-31;-2.0;-101.1
7E64D4726DC00E11A4A96492C0002019;B0BDDED34CC83E11052F6792C000B249;2025-05-31;-2.0;-723.38
94070F498869FE11128010650500E819;B0BDDED34CC83E11052F6792C000B249;2025-05-31;-2.0;-442.88
01F95045E6893E11052F6792C000D249;B0BDDED34CC83E11052F6792C000B249;2025-05-31;-4.0;-244.8
58CB6FD580667E11B7B78A650500ED08;B0BDDED34CC83E11052F6792C000B249;2025-05-31;-2.0;-566.0
01EE2BC7B22AFE11128010650500E819;B0BDDED34CC83E11052F6792C000B249;2025-05-31;-0.82;-337.14
8B33172986D7CE11ADB3106505008FA8;B0BDDED34CC83E11052F6792C000B249;2025-05-31;-2.0;-131.8
F8EC135AA60BFE11128010650500E819;B0BDDED34CC83E11052F6792C000B249;2025-05-31;-6.0;-236.70000000000002
E3FF0C680C3BBE118772106505009B59;B0BDDED34CC83E11052F6792C000B249;2025-05-31;-2.0;-47.52
1611AF91956BFD11A4A96492C000CB59;B0BDDED34CC83E11052F6792C000B249;2025-05-31;-2.0;-375.42
9FA3AE3A2A6BFE111280106505000919;B0BDDED34CC83E11052F6792C000B249;2025-05-31;-2.0;-171.86
E6B63D2329363E11052F6792C000FF39;B0BDDED34CC83E11052F6792C000B249;2025-05-31;-2.0;-70.76
30FEC76AEEF1CE118772106505003469;B0BDDED34CC83E11052F6792C000B249;2025-05-31;-2.0;-87.22
5CCEFAE254410F11112A674AC7E20989;B0BDDED34CC83E11052F6792C000B249;2025-05-31;-2.0;-642.0
55A47EAFED71FE1191EE10650500CBB9;B0BDDED34CC83E11052F6792C000B249;2025-05-31;-2.0;-1091.32
F83C2942599EFE11F1557891FE698589;B0BDDED34CC83E11052F6792C000B249;2025-05-31;-2.0;-42.0
21C1AE3A2A6BFE111280106505000919;B0BDDED34CC83E11052F6792C000B249;2025-05-31;-4.0;-249.86
77DA4B385F6A2E11052F6792C0007F39;B0BDDED34CC83E11052F6792C000B249;2025-05-31;-2.0;-87.78
3D060F5EEB6DFE11F1557891FE690489;B0BDDED34CC83E11052F6792C000B249;2025-05-31;-4.0;-719.6
6613C166AF6DFE11F1557891FE690489;B0BDDED34CC83E11052F6792C000B249;2025-05-31;-2.0;-176.7
0BA06BDE073CBE11877210650500DC59;B0BDDED34CC83E11052F6792C000B249;2025-05-31;-4.0;-1087.44
BAB5D848B1BBEE1191EE1065050029B9;B0BDDED34CC83E11052F6792C000B249;2025-05-31;-2.0;-188.58
3058F5BE15010F11112A674AC7E2B889;B0BDDED34CC83E11052F6792C000B249;2025-05-31;-2.0;-1113.56
50A80A67D79FFE11F1557891FE69C689;B0BDDED34CC83E11052F6792C000B249;2025-05-31;-4.0;-263.84
C73E1F90A4ABEE1191EE1065050029B9;B0BDDED34CC83E11052F6792C000B249;2025-05-31;-2.0;-128.16
28E249F29B23FE1191EE10650500FDB9;B0BDDED34CC83E11052F6792C000B249;2025-05-31;-4.0;-245.1
EA51CD5CEB01FE1191EE106505003BB9;B0BDDED34CC83E11052F6792C000B249;2025-05-31;-2.0;-47.86
DFDAAFA771500F11F1557891FE69B789;B0BDDED34CC83E11052F6792C000B249;2025-05-31;-2.0;-24.0
01EDD82EC0CAED11A62CD892C0003F2A;B0BDDED34CC83E11052F6792C000B249;2025-05-31;-2.0;-549.94
05F5605DD0CAED11A62CD892C0003F2A;B0BDDED34CC83E11052F6792C000B249;2025-05-31;-2.0;-1085.72
7FB1F06BD20ADE11406610650500F14A;B0BDDED34CC83E11052F6792C000B249;2025-05-31;-2.0;-206.74
797EFBDEFCD2FE1191EE106505009DB9;B0BDDED34CC83E11052F6792C000B249;2025-05-31;-2.0;-231.62
CE578A90C1CAED11A62CD892C0003F2A;B0BDDED34CC83E11052F6792C000B249;2025-05-31;6.0;317.48
0361CD5CEB01FE1191EE106505003BB9;B0BDDED34CC83E11052F6792C000B249;2025-05-31;-4.0;-163.02
15186898638ADE11406610650500924A;B0BDDED34CC83E11052F6792C000B249;2025-05-31;-2.0;-218.2
D7033A80E0CAED11A62CD892C0003F2A;B0BDDED34CC83E11052F6792C000B249;2025-05-31;-2.0;-235.7
7AE3530F3A3CED11A62CD892C0003F2A;B0BDDED34CC83E11052F6792C000B249;2025-05-31;-2.0;-83.04
79FB01028557AE11BE21106505005A4A;B0BDDED34CC83E11052F6792C000B249;2025-05-31;-4.0;-1511.04
2D5CCA3AF2F8AE11BE21106505006C4A;B0BDDED34CC83E11052F6792C000B249;2025-05-31;-2.0;-484.34
D90C4CF61680BE11BE2110650500065A;B0BDDED34CC83E11052F6792C000B249;2025-05-31;-2.0;-351.22
E1EF16A58B50EE114066106505005A4A;B0BDDED34CC83E11052F6792C000B249;2025-05-31;-2.0;-42.46
8A4F278C0ADEAE11BE2110650500E35A;B0BDDED34CC83E11052F6792C000B249;2025-05-31;-2.0;-59.44
887F9DCE8A278E11F243BB6505008C3B;B0BDDED34CC83E11052F6792C000B249;2025-05-31;-4.0;-221.92
598D11C11B278E11F243BB6505008C3B;B0BDDED34CC83E11052F6792C000B249;2025-05-31;-4.0;-101.52
A20403D0F621BE11BE2110650500D65A;B0BDDED34CC83E11052F6792C000B249;2025-05-31;-2.0;-168.0
DE3AFF5DEBA4EE11B1AD1065050038EA;B0BDDED34CC83E11052F6792C000B249;2025-05-31;-4.0;-537.76
8CC025D20273EE11B1AD10650500A6EA;B0BDDED34CC83E11052F6792C000B249;2025-05-31;-2.0;-120.62
7D9A4B168BCE8E11F243BB650500C64B;B0BDDED34CC83E11052F6792C000B249;2025-05-31;-2.0;-176.38
F65C91650447FD110DC22A92C000D62B;B0BDDED34CC83E11052F6792C000B249;2025-05-31;-2.0;-2297.04
343C89BA90CAED11A62CD892C0003F2A;B0BDDED34CC83E11052F6792C000B249;2025-05-31;-2.0;-1227.8
0CB5D848B1BBEE1191EE1065050029B9;B0BDDED34CC83E11052F6792C000B249;2025-05-31;-2.0;-169.6
5396E415AA79DE11406610650500414A;B0BDDED34CC83E11052F6792C000B249;2025-05-31;-6.0;-1080.0
758C4A12F8C87E110819BB65050009AA;B0BDDED34CC83E11052F6792C000B249;2025-05-31;-2.0;-421.92
E6E5E0944E456E11B7B78A650500BC08;44673735EAF46E11B7B78A650500BC08;2025-05-31;-20.0;-1200.0
94438B674C456E11B7B78A650500BC08;44673735EAF46E11B7B78A650500BC08;2025-05-31;-2.0;-304.12
2CE659B7AC456E11B7B78A650500BC08;44673735EAF46E11B7B78A650500BC08;2025-05-31;-6.0;-236.57999999999998
C34EDF9AED456E11B7B78A650500BC08;44673735EAF46E11B7B78A650500BC08;2025-05-31;-2.0;-529.08
A8C24747CD456E11B7B78A650500BC08;44673735EAF46E11B7B78A650500BC08;2025-05-31;-4.0;-4626.4
832FBA0ACD456E11B7B78A650500BC08;44673735EAF46E11B7B78A650500BC08;2025-05-31;-6.0;-911.8
E6F5C1F49C456E11B7B78A650500BC08;44673735EAF46E11B7B78A650500BC08;2025-05-31;-20.0;-290.48
CB0DF4BB3D456E11B7B78A650500BC08;44673735EAF46E11B7B78A650500BC08;2025-05-31;-8.0;-685.12
FAE8002B3C456E11B7B78A650500BC08;44673735EAF46E11B7B78A650500BC08;2025-05-31;-2.0;-669.72
1097CDD97E456E11B7B78A650500BC08;44673735EAF46E11B7B78A650500BC08;2025-05-31;-6.0;-457.8
8BB09C1CE2F17E11B7B78A650500CD08;44673735EAF46E11B7B78A650500BC08;2025-05-31;-2.0;-254.18
2A16E1512D456E11B7B78A650500BC08;44673735EAF46E11B7B78A650500BC08;2025-05-31;-4.0;-560.76
F44F021146385E1142D58A650500DC08;44673735EAF46E11B7B78A650500BC08;2025-05-31;-18.0;-496.8
D88F65B12D456E11B7B78A650500BC08;44673735EAF46E11B7B78A650500BC08;2025-05-31;-114.0;-2509.1
0D69708DB2065E1142D58A650500DC08;44673735EAF46E11B7B78A650500BC08;2025-05-31;-16.0;-2034.54
7343A752BA66CE11ADB310650500BDA8;44673735EAF46E11B7B78A650500BC08;2025-05-31;-4.0;-304.42
AE0039F34D456E11B7B78A650500BC08;44673735EAF46E11B7B78A650500BC08;2025-05-31;-2.0;-253.8
B1DBF98D98F07E11B7B78A650500CD08;44673735EAF46E11B7B78A650500BC08;2025-05-31;-16.0;-2936.8
94303E5412EC6E11B7B78A650500BC08;44673735EAF46E11B7B78A650500BC08;2025-05-31;-2.0;-166.84
0724D5E2AEEBCE11ADB310650500E4B8;44673735EAF46E11B7B78A650500BC08;2025-05-31;-12.0;-1251.62
2AE5A0E434885E1142D58A650500DC08;44673735EAF46E11B7B78A650500BC08;2025-05-31;-2.0;-44.0
304AC696D270DE11ADB3106505003BB8;44673735EAF46E11B7B78A650500BC08;2025-05-31;-2.0;-313.6
502C906C92E0DE11ADB310650500DBB8;44673735EAF46E11B7B78A650500BC08;2025-05-31;-4.0;-561.48
ADCD2AE14F84DE11ADB310650500C0C8;44673735EAF46E11B7B78A650500BC08;2025-05-31;-6.0;-783.76
8E6E948E05B4DE11ADB310650500F0C8;44673735EAF46E11B7B78A650500BC08;2025-05-31;-2.0;-116.16
BA98531A3734DE11ADB31065050050C8;44673735EAF46E11B7B78A650500BC08;2025-05-31;-6.0;-894.0
BFA0D48D37E8EE1191EE1065050009B9;44673735EAF46E11B7B78A650500BC08;2025-05-31;-8.0;-7040.0
EC01F9E635B4DE11ADB310650500F0C8;44673735EAF46E11B7B78A650500BC08;2025-05-31;-4.0;-437.32
CDCD2AE14F84DE11ADB310650500C0C8;44673735EAF46E11B7B78A650500BC08;2025-05-31;-4.0;-303.28
B695DBE05DC7CE11ADB3106505007FA8;44673735EAF46E11B7B78A650500BC08;2025-05-31;-2.0;-287.12
381225E676A1CE11877210650500C369;44673735EAF46E11B7B78A650500BC08;2025-05-31;-8.0;-3160.0
194F367EEB0AFE11128010650500E819;44673735EAF46E11B7B78A650500BC08;2025-05-31;-8.0;-108.0
19FF4A7A9DB6EE1191EE1065050076B9;44673735EAF46E11B7B78A650500BC08;2025-05-31;-14.0;-840.0
FAB5599185ECBE11877210650500BD59;44673735EAF46E11B7B78A650500BC08;2025-05-31;-4.0;-385.86
3B912AE26516DE11ADB310650500B2C8;44673735EAF46E11B7B78A650500BC08;2025-05-31;-2.0;-8274.0
4DC3D934F7F7EE1191EE10650500C7B9;44673735EAF46E11B7B78A650500BC08;2025-05-31;-2.0;-220.16
678E8795E039EE1191EE1065050009B9;44673735EAF46E11B7B78A650500BC08;2025-05-31;-2.0;-119.62
EE990BED90CAED11A62CD892C0003F2A;44673735EAF46E11B7B78A650500BC08;2025-05-31;-8.0;-1440.0
7A0F7C972D9EFE11F1557891FE698589;44673735EAF46E11B7B78A650500BC08;2025-05-31;-2.0;-114.04
6A243917D004FE1191EE106505001FB9;44673735EAF46E11B7B78A650500BC08;2025-05-31;-14.0;-1320.8400000000001
2CC75A6A18EEBE118772106505004069;44673735EAF46E11B7B78A650500BC08;2025-05-31;-8.0;-176.32
3BE67D317183FE1191EE106505007EB9;44673735EAF46E11B7B78A650500BC08;2025-05-31;-8.0;-502.03999999999996
AC9CB53D028ADE11406610650500924A;44673735EAF46E11B7B78A650500BC08;2025-05-31;-2.0;-17196.2
09848DB2E0DCDE11406610650500B54A;44673735EAF46E11B7B78A650500BC08;2025-05-31;-8.0;-663.2
7B848DB2E0DCDE11406610650500B54A;44673735EAF46E11B7B78A650500BC08;2025-05-31;-34.0;-4012.0
DCC2B4117427BE118772106505006659;44673735EAF46E11B7B78A650500BC08;2025-05-31;-2.0;-312.4
5DF3E4246FFEFE11F1557891FE690689;44673735EAF46E11B7B78A650500BC08;2025-05-31;-2.0;-110.0
A2B03EA650420F114EF7A826072B5A89;44673735EAF46E11B7B78A650500BC08;2025-05-31;-12.0;-207.36
58DD3F2A0C8DDE11406610650500A64A;44673735EAF46E11B7B78A650500BC08;2025-05-31;-2.0;-86.42
3D05BE8D066E9E11726010650500CB4A;44673735EAF46E11B7B78A650500BC08;2025-05-31;-2.0;-29.96
FEC19C7C3CDDAE11BE2110650500A25A;44673735EAF46E11B7B78A650500BC08;2025-05-31;-12.0;-673.56
38C029B21D1DDE11406610650500164A;44673735EAF46E11B7B78A650500BC08;2025-05-31;-4.0;-269.5
9D68FCBE5F2FAE11BE2110650500545A;44673735EAF46E11B7B78A650500BC08;2025-05-31;-2.0;-808.0
F9CDB042A33EAE11BE2110650500135A;44673735EAF46E11B7B78A650500BC08;2025-05-31;-4.0;-548.0
9B291C76BBB1EE114066106505001C4A;44673735EAF46E11B7B78A650500BC08;2025-05-31;-4.0;-584.0
E723688AFBA5FE1191EE1065050041C9;44673735EAF46E11B7B78A650500BC08;2025-05-31;0.0;0.0
7AC029B21D1DDE11406610650500164A;44673735EAF46E11B7B78A650500BC08;2025-05-31;-10.0;-771.76
78C6129DABE1EE114066106505006C4A;44673735EAF46E11B7B78A650500BC08;2025-05-31;-2.0;-343.8
A8AEBA7DA545AE11726010650500845A;44673735EAF46E11B7B78A650500BC08;2025-05-31;-2.0;-254.88
844000D3FBCEAE11BE2110650500D35A;44673735EAF46E11B7B78A650500BC08;2025-05-31;-4.0;-168.0
E9C185AD1DC97E110819BB65050019AA;44673735EAF46E11B7B78A650500BC08;2025-05-31;-30.0;-2116.7999999999997
12EBBE6D4E878E11F243BB6505000D3B;44673735EAF46E11B7B78A650500BC08;2025-05-31;-2.0;-7470.0
225B3474C6838E113835BB6505000CAA;44673735EAF46E11B7B78A650500BC08;2025-05-31;-8.0;-824.24
92500F37118C7E110819BB65050039AA;44673735EAF46E11B7B78A650500BC08;2025-05-31;-2.0;-1156.0
6433DB5453E58E11F243BB650500DA3B;44673735EAF46E11B7B78A650500BC08;2025-05-31;-36.0;-531.62
0A6562D6E770BE11BE2110650500F55A;44673735EAF46E11B7B78A650500BC08;2025-05-31;-8.0;-1298.5400000000002
0D0589672C8EAE11BE2110650500835A;44673735EAF46E11B7B78A650500BC08;2025-05-31;-2.0;-465.22
62D988FE84F59E11554010650500204B;44673735EAF46E11B7B78A650500BC08;2025-05-31;-6.0;-657.3
F404885023DB8E11F243BB650500724B;44673735EAF46E11B7B78A650500BC08;2025-05-31;-16.0;-712.8
80C7AF48DD8A7E110819BB65050039AA;44673735EAF46E11B7B78A650500BC08;2025-05-31;-2.0;-124.28
CAE699AFEDD97E110819BB65050019AA;44673735EAF46E11B7B78A650500BC08;2025-05-31;-2.0;-564.04
F3BD324B03078E11F243BB6505005C3B;44673735EAF46E11B7B78A650500BC08;2025-05-31;-2.0;-135.76
CB2A75B1821A8E11F243BB650500304B;44673735EAF46E11B7B78A650500BC08;2025-05-31;-2.0;-176.6
A124E50E08449E11554010650500ED3B;44673735EAF46E11B7B78A650500BC08;2025-05-31;-8.0;-393.32
3CF0A14BBF6E8E11F243BB650500564B;44673735EAF46E11B7B78A650500BC08;2025-05-31;-4.0;-299.56
D05CB9922E456E11B7B78A650500BC08;44673735EAF46E11B7B78A650500BC08;2025-05-31;-2.0;-566.42
55F75042DD456E11B7B78A650500BC08;44673735EAF46E11B7B78A650500BC08;2025-05-31;-2.0;-1414.0
FA067B9FDD456E11B7B78A650500BC08;44673735EAF46E11B7B78A650500BC08;2025-05-31;-2.0;-714.76
B0B500D55AE66E11B7B78A650500BC08;44673735EAF46E11B7B78A650500BC08;2025-05-31;-8.0;-241.6
45BC61C3E9456E11B7B78A650500BC08;44673735EAF46E11B7B78A650500BC08;2025-05-31;-4.0;-966.64
C474163B30556E11B7B78A650500BC08;44673735EAF46E11B7B78A650500BC08;2025-05-31;-4.0;-361.96
6360A9054C456E11B7B78A650500BC08;44673735EAF46E11B7B78A650500BC08;2025-05-31;-6.0;-435.2
DB5A4C158A1C6E11B7B78A650500BC08;44673735EAF46E11B7B78A650500BC08;2025-05-31;-4.0;-224.96
1D05A256CC456E11B7B78A650500BC08;44673735EAF46E11B7B78A650500BC08;2025-05-31;-2.0;-644.9
08D4B1E5D4735E1142D58A650500DC08;44673735EAF46E11B7B78A650500BC08;2025-05-31;-4.0;-66.76
B917619EC688CE11ADB31065050070B8;44673735EAF46E11B7B78A650500BC08;2025-05-31;-2.0;-70.78
058B55136D7DBE118772106505007E59;44673735EAF46E11B7B78A650500BC08;2025-05-31;-2.0;-356.0
1ED74CF065317E11B7B78A650500CD08;44673735EAF46E11B7B78A650500BC08;2025-05-31;-4.0;-1747.3
8B33172986D7CE11ADB3106505008FA8;44673735EAF46E11B7B78A650500BC08;2025-05-31;-2.0;-120.6
061D8523891CFE111280106505000919;44673735EAF46E11B7B78A650500BC08;2025-05-31;0.0;0.0
0C58CBEC94C8FE11128010650500D819;44673735EAF46E11B7B78A650500BC08;2025-05-31;-2.0;-281.4
43650D92F489DE11406610650500514A;44673735EAF46E11B7B78A650500BC08;2025-05-31;-6.0;-224.94
AD4EF1BF06CCDE11406610650500A54A;44673735EAF46E11B7B78A650500BC08;2025-05-31;-2.0;-830.0
C266E415AA79DE11406610650500414A;44673735EAF46E11B7B78A650500BC08;2025-05-31;-2.0;-337.0
E9FAF088E75C9E11726010650500194A;44673735EAF46E11B7B78A650500BC08;2025-05-31;-4.0;-532.56
8CB042CE6F90CE118772106505007269;44673735EAF46E11B7B78A650500BC08;2025-05-31;-6.0;-5422.36
6D12E924262FFE11F1557891FE693689;44673735EAF46E11B7B78A650500BC08;2025-05-31;-6.0;-1204.1999999999998
1CE1BAD3466BDE11406610650500D34A;44673735EAF46E11B7B78A650500BC08;2025-05-31;-2.0;-92.16
6D8CF45E31C7DE11C84610650500107A;44673735EAF46E11B7B78A650500BC08;2025-05-31;-2.0;-23.36
5FC53B86878DAE11BE2110650500325A;44673735EAF46E11B7B78A650500BC08;2025-05-31;-2.0;-178.4
9400099B5BAF7E110819BB65050039AA;44673735EAF46E11B7B78A650500BC08;2025-05-31;-2.0;-419.34
11CB4FFDD6568E11F243BB6505007B3B;44673735EAF46E11B7B78A650500BC08;2025-05-31;-2.0;-98.8
1053C097DB41BE11BE2110650500075A;44673735EAF46E11B7B78A650500BC08;2025-05-31;-4.0;-208.24
236B0A42721A8E11F243BB650500304B;44673735EAF46E11B7B78A650500BC08;2025-05-31;-4.0;-197.04
2AD265DC9AB6DE11C84610650500CE6A;44673735EAF46E11B7B78A650500BC08;2025-05-31;-2.0;-541.52
FEC85311C11A8E11F243BB650500304B;44673735EAF46E11B7B78A650500BC08;2025-05-31;-2.0;-27.62
9D9962CD72C97E110819BB65050019AA;44673735EAF46E11B7B78A650500BC08;2025-05-31;-2.0;-317.16
48ACB6F790638E111E1BBB650500BBAA;44673735EAF46E11B7B78A650500BC08;2025-05-31;-2.0;-148.36
8A1117FDF9456E11B7B78A650500BC08;44673735EAF46E11B7B78A650500BC08;2025-05-31;-16.0;-744.7
F4F75042DD456E11B7B78A650500BC08;44673735EAF46E11B7B78A650500BC08;2025-05-31;-2.0;-1414.0
5F27FDFE87DC6E11B7B78A650500BC08;44673735EAF46E11B7B78A650500BC08;2025-05-31;-12.0;-685.9200000000001
D7B955C12D937E11B7B78A650500DD08;44673735EAF46E11B7B78A650500BC08;2025-05-31;-2.0;-1155.18
73281E70D7A47E11B7B78A650500ED08;44673735EAF46E11B7B78A650500BC08;2025-05-31;8.0;1604.8
2CE1D899E9517E11B7B78A650500CD08;44673735EAF46E11B7B78A650500BC08;2025-05-31;-2.0;-322.0
C5977902BC3ABE118772106505005A59;44673735EAF46E11B7B78A650500BC08;2025-05-31;-2.0;-549.98
9A8EDD1091A6DE11ADB31065050063C8;44673735EAF46E11B7B78A650500BC08;2025-05-31;-2.0;-29.18
B901431806D9FE11128010650500E819;44673735EAF46E11B7B78A650500BC08;2025-05-31;-2.0;-244.56
274BF1127F456E11B7B78A650500BC08;44673735EAF46E11B7B78A650500BC08;2025-05-31;-2.0;-111.6
25AB8E6EE30A3E11052F6792C000D249;44673735EAF46E11B7B78A650500BC08;2025-05-31;-2.0;-1539.64
D3A9A415F9D2DE11ADB3106505007EB8;44673735EAF46E11B7B78A650500BC08;2025-05-31;-14.0;-308.0
45A95AE8D30A3E11052F6792C000D249;44673735EAF46E11B7B78A650500BC08;2025-05-31;-2.0;-806.64
0EE904AF6F6DFE11F1557891FE690489;44673735EAF46E11B7B78A650500BC08;2025-05-31;-2.0;-840.0
2C09F5251C63CE118772106505000669;44673735EAF46E11B7B78A650500BC08;2025-05-31;-4.0;-384.2
09283F404847EE1191EE10650500E6B9;44673735EAF46E11B7B78A650500BC08;2025-05-31;-4.0;-6963.08
2372D8A340CAED11A62CD892C0003F2A;44673735EAF46E11B7B78A650500BC08;2025-05-31;-2.0;-1201.36
6EA2FE1EAEEDBE118772106505000F59;44673735EAF46E11B7B78A650500BC08;2025-05-31;-2.0;-92.16
8D8BC9C09E8BEE1191EE1065050029B9;44673735EAF46E11B7B78A650500BC08;2025-05-31;-2.0;-198.52
0D7AC0D62DC0FE1191EE10650500EAB9;44673735EAF46E11B7B78A650500BC08;2025-05-31;-2.0;-270.34
D6303B9DCB020F114EF7A826072B1A89;44673735EAF46E11B7B78A650500BC08;2025-05-31;-2.0;-146.0
F81B7BE2E6FF9E11726010650500CD4A;44673735EAF46E11B7B78A650500BC08;2025-05-31;-6.0;-1067.72
19DD0C3751CAED11A62CD892C0003F2A;44673735EAF46E11B7B78A650500BC08;2025-05-31;-2.0;-494.62
6D5A74203661FE1191EE10650500ABB9;44673735EAF46E11B7B78A650500BC08;2025-05-31;-2.0;-309.98
C88BE0D1490FEE1191EE1065050029B9;44673735EAF46E11B7B78A650500BC08;2025-05-31;-30.0;-138.48
1C609D7F21130F114EF7A826072B6B89;44673735EAF46E11B7B78A650500BC08;2025-05-31;-2.0;-5645.58
16F50C4C366BDE11406610650500D34A;44673735EAF46E11B7B78A650500BC08;2025-05-31;-26.0;-863.8599999999999
99375A67B5EEAE11BE2110650500F35A;44673735EAF46E11B7B78A650500BC08;2025-05-31;-8.0;-480.0
C0F9CAB8E770BE11BE2110650500F55A;44673735EAF46E11B7B78A650500BC08;2025-05-31;-2.0;-14.64
566E904DC1CADE11406610650500F24A;44673735EAF46E11B7B78A650500BC08;2025-05-31;-2.0;-1078.0
4C370C4FC35AAE11BE21106505002E4A;44673735EAF46E11B7B78A650500BC08;2025-05-31;-6.0;-918.0
8B4F401B63039E115540106505004C3B;44673735EAF46E11B7B78A650500BC08;2025-05-31;-2.0;-177.82
10479A6CF3118E110819BB65050039AA;44673735EAF46E11B7B78A650500BC08;2025-05-31;-2.0;-13.08
BB6562D6E770BE11BE2110650500F55A;44673735EAF46E11B7B78A650500BC08;2025-05-31;-2.0;-26.96
6CE7CC45FE679E11554010650500024B;44673735EAF46E11B7B78A650500BC08;2025-05-31;-2.0;-280.0
9A2820AD7A819E11F243BB6505004A4B;44673735EAF46E11B7B78A650500BC08;2025-05-31;-2.0;-234.0
AFD37B03C11A8E11F243BB650500304B;44673735EAF46E11B7B78A650500BC08;2025-05-31;-2.0;-175.5
E76F7E5F89098E11F243BB650500EE3B;44673735EAF46E11B7B78A650500BC08;2025-05-31;-2.0;-226.84
2F530208EC9F7E110819BB65050039AA;44673735EAF46E11B7B78A650500BC08;2025-05-31;-2.0;-39.44
72AEB1B0C11A8E11F243BB650500304B;44673735EAF46E11B7B78A650500BC08;2025-05-31;-4.0;-68.88
B3B135B1B6E62E1143F0668E420006EB;44673735EAF46E11B7B78A650500BC08;2025-05-31;-2.0;-323.06
270EF568A2E0DE11ADB310650500DBB8;44673735EAF46E11B7B78A650500BC08;2025-05-31;-4.0;-488.24
F565A2DE98E66E11B7B78A650500BC08;44673735EAF46E11B7B78A650500BC08;2025-05-31;-4.9;-190.8
A1C8C522166E9E11726010650500CB4A;44673735EAF46E11B7B78A650500BC08;2025-05-31;-2.0;-40.52
FF90065732106E1142D58A650500AD08;44673735EAF46E11B7B78A650500BC08;2025-05-31;-2.0;-184.36
1B4E7B792C07BE118772106505004659;44673735EAF46E11B7B78A650500BC08;2025-05-31;-2.0;-98.84
0705B201DC6DAE11BE2110650500125A;44673735EAF46E11B7B78A650500BC08;2025-05-31;-2.0;-258.14
6D929C5D463CBE11877210650500DC59;FC081C55582CED11A62CD892C0003F2A;2025-05-31;-2.0;-339.62
670B0CB751CAED11A62CD892C0003F2A;FC081C55582CED11A62CD892C0003F2A;2025-05-31;-2.0;-589.12
B3BB32F6DDFFFE11F1557891FE694789;FC081C55582CED11A62CD892C0003F2A;2025-05-31;-2.0;-539.0
AD5D3A8D70C5EE1191EE1065050045B9;FC081C55582CED11A62CD892C0003F2A;2025-05-31;-2.0;-58.8
792A88EF81CAED11A62CD892C0003F2A;FC081C55582CED11A62CD892C0003F2A;2025-05-31;-2.0;-62.0
C55AC83F914E0E1143F0668E42001D49;FC081C55582CED11A62CD892C0003F2A;2025-05-31;-2.0;-442.8
D7CDD0E6B5939E115540106505000D3B;FC081C55582CED11A62CD892C0003F2A;2025-05-31;-2.0;-460.16
B0C9F0AEC6E28E113835BB6505002BAA;FC081C55582CED11A62CD892C0003F2A;2025-05-31;-2.0;-625.92
4E79DB5207F48E113835BB650500ADAA;FC081C55582CED11A62CD892C0003F2A;2025-05-31;-2.0;-392.1
5A41F86E15781E1143F0668E42006B8B;FC081C55582CED11A62CD892C0003F2A;2025-05-31;-2.0;-492.26
FBE4042A0E3FFE11F1557891FE695689;44673735EAF46E11B7B78A650500BC08;2025-05-31;-4.0;-4600.0
FBE5D0134183FE1191EE106505007EB9;44673735EAF46E11B7B78A650500BC08;2025-05-31;0.0;0.0
590FC74EBDC8EE1191EE10650500E8B9;44673735EAF46E11B7B78A650500BC08;2025-05-31;0.0;0.0
C6A745851C456E11B7B78A650500BC08;44673735EAF46E11B7B78A650500BC08;2025-05-31;0.0;0.0
1C0656F6E494AE11726010650500A35A;44673735EAF46E11B7B78A650500BC08;2025-05-31;0.0;0.0
89F6875D1C98EE1191EE10650500A8B9;44673735EAF46E11B7B78A650500BC08;2025-05-31;0.0;4.547473508864641e-13
10AD776184EBDE11406610650500744A;44673735EAF46E11B7B78A650500BC08;2025-05-31;0.0;0.0
A510C67F46CCDE11406610650500A54A;44673735EAF46E11B7B78A650500BC08;2025-05-31;0.0;0.0
C8B4C08B04D2FE1191EE106505007DB9;44673735EAF46E11B7B78A650500BC08;2025-05-31;0.0;-1.1368683772161603e-13
408D1AFFC3E16E1142D58A650500AD08;FC081C55582CED11A62CD892C0003F2A;2025-05-31;-8.0;-2112.8
87D7D539EB25FE1191EE10650500A0C9;FC081C55582CED11A62CD892C0003F2A;2025-05-31;-4.0;-1056.4
06587A2041CAED11A62CD892C0003F2A;FC081C55582CED11A62CD892C0003F2A;2025-05-31;-2.0;-528.2
385DE239C3E16E1142D58A650500AD08;FC081C55582CED11A62CD892C0003F2A;2025-05-31;-2.0;-528.2
799E0CA235DFEE1191EE10650500A9B9;FC081C55582CED11A62CD892C0003F2A;2025-05-31;-2.0;-996.62
EE724BC241CAED11A62CD892C0003F2A;FC081C55582CED11A62CD892C0003F2A;2025-05-31;-2.0;-1654.02
E3A0FAD20F388E11F243BB650500ED3B;FC081C55582CED11A62CD892C0003F2A;2025-05-31;-2.0;-552.22
8B88B4C37152EE11406610650500EC4A;FC081C55582CED11A62CD892C0003F2A;2025-05-31;6.0;629.88
C41A169F7592BE11BE2110650500A85A;FC081C55582CED11A62CD892C0003F2A;2025-05-31;-4.0;-726.38
DDCC850F00300F11F1557891FE698789;44673735EAF46E11B7B78A650500BC08;2025-05-31;-4.0;-1469.34
D1A9C7308E7CBE118772106505003D59;44673735EAF46E11B7B78A650500BC08;2025-05-31;0.0;0.0
4221552561FFBE118772106505009169;FC081C55582CED11A62CD892C0003F2A;2025-05-31;-2.0;-120.7
83877A6180A49E115540106505006E3B;44673735EAF46E11B7B78A650500BC08;2025-05-31;-2.0;-764.3
E0ACE183821A8E11F243BB650500304B;44673735EAF46E11B7B78A650500BC08;2025-05-31;0.0;0.0
CE174F6324AEDE11406610650500284A;44673735EAF46E11B7B78A650500BC08;2025-05-31;2.0;6424.44
E2355AA81296CE11ADB310650500EDA8;FC081C55582CED11A62CD892C0003F2A;2025-05-31;14.0;1298.26
F3F4E11D81CAED11A62CD892C0003F2A;FC081C55582CED11A62CD892C0003F2A;2025-05-31;10.0;1537.82
F3F4E11D81CAED11A62CD892C0003F2A;B0BDDED34CC83E11052F6792C000B249;2025-05-31;10.0;1537.82
FCAADA3EB40D9E11726010650500F94A;FC081C55582CED11A62CD892C0003F2A;2025-05-31;4.0;408.06
0AFD87DD640D9E11726010650500F94A;B0BDDED34CC83E11052F6792C000B249;2025-05-31;10.0;1123.74
79E6175A25570E11A4A96492C000EC6A;44673735EAF46E11B7B78A650500BC08;2025-05-31;40.0;2674.54
C2C8F81C7578FE11128010650500D819;B0BDDED34CC83E11052F6792C000B249;2025-05-31;20.0;1714.04
B4794D776BBD3E11052F6792C000D249;B0BDDED34CC83E11052F6792C000B249;2025-05-31;168.0;942.84
E27D36D5E5EB5E1142D58A6505000D08;FC081C55582CED11A62CD892C0003F2A;2025-05-31;240.0;5629.58
F570B49806A17E11B7B78A650500CD08;FC081C55582CED11A62CD892C0003F2A;2025-05-31;96.0;898.94
13CA35BE73530F114EF7A826072BBB89;44673735EAF46E11B7B78A650500BC08;2025-05-31;10.0;1620.42
3483AA28B22AFE11128010650500E819;B0BDDED34CC83E11052F6792C000B249;2025-05-31;40.0;8309.72
64AE02EDC877EE1191EE1065050027B9;B0BDDED34CC83E11052F6792C000B249;2025-05-31;40.0;8503.38
2AC99AABA0CAED11A62CD892C0003F2A;44673735EAF46E11B7B78A650500BC08;2025-05-31;100.0;6408.32
B36EDCF8D1CAED11A62CD892C0003F2A;B0BDDED34CC83E11052F6792C000B249;2025-05-31;40.0;1674.0
9BAC35BE73530F114EF7A826072BBB89;44673735EAF46E11B7B78A650500BC08;2025-05-31;400.0;23035.88
3A505CABA02F8E11F243BB650500374B;44673735EAF46E11B7B78A650500BC08;2025-05-31;70.0;3017.46
D896AA3411986E11B7B78A650500BC08;FC081C55582CED11A62CD892C0003F2A;2025-05-31;-4.0;-314.14
F9301C8933817E11B7B78A650500CD08;FC081C55582CED11A62CD892C0003F2A;2025-05-31;-20.0;-1420.0
CFD3CBF90DC2DE11ADB3106505006EB8;FC081C55582CED11A62CD892C0003F2A;2025-05-31;-2.0;-146.86
5CCB7B2B201ACE11ADB31065050062B8;FC081C55582CED11A62CD892C0003F2A;2025-05-31;-2.0;-356.14
50C5BD4522606E1142D58A650500AD08;FC081C55582CED11A62CD892C0003F2A;2025-05-31;-14.0;-986.6400000000001
B3E1CFB474EE4E1142D58A650500BC08;FC081C55582CED11A62CD892C0003F2A;2025-05-31;-4.0;-975.72
2489CCD7C9BF0E1123F0668E42005B38;FC081C55582CED11A62CD892C0003F2A;2025-05-31;-6.0;-140.46
4DC54A9225B4DE11ADB310650500F0C8;FC081C55582CED11A62CD892C0003F2A;2025-05-31;-4.0;-268.8
217742E5B0B3DE11ADB3106505008FB8;FC081C55582CED11A62CD892C0003F2A;2025-05-31;-2.0;-334.84
5ABA43A8EC14CE11877210650500E669;FC081C55582CED11A62CD892C0003F2A;2025-05-31;-4.0;-451.18
E4AFB685F1A83E11052F6792C000B249;FC081C55582CED11A62CD892C0003F2A;2025-05-31;-2.0;-475.18
F99B962D87145E1142D58A650500DC08;FC081C55582CED11A62CD892C0003F2A;2025-05-31;-6.0;-1515.74
27E306CE259DFE11F1557891FE693489;FC081C55582CED11A62CD892C0003F2A;2025-05-31;-2.0;-185.72
E6AFE5AC20E1DE11ADB3106505003DB8;FC081C55582CED11A62CD892C0003F2A;2025-05-31;-4.0;-538.08
28091FE230DEFE11F1557891FE69C589;FC081C55582CED11A62CD892C0003F2A;2025-05-31;-6.0;-426.84000000000003
2D00F2E6029EBE11877210650500DF59;FC081C55582CED11A62CD892C0003F2A;2025-05-31;-8.0;-222.88
3FC7F7582642FE1191EE10650500CCB9;FC081C55582CED11A62CD892C0003F2A;2025-05-31;-2.0;-826.5
5B9DD252C7300F11F1557891FE699789;FC081C55582CED11A62CD892C0003F2A;2025-05-31;-10.0;-471.3
37160F25EA93FE1191EE106505009EB9;FC081C55582CED11A62CD892C0003F2A;2025-05-31;-2.0;-188.76
090F525E25DFEE1191EE10650500A9B9;FC081C55582CED11A62CD892C0003F2A;2025-05-31;-2.0;-664.4
4267F7582642FE1191EE10650500CCB9;FC081C55582CED11A62CD892C0003F2A;2025-05-31;-4.0;-1600.06
E8605376AF6DFE11F1557891FE690489;FC081C55582CED11A62CD892C0003F2A;2025-05-31;-2.0;-163.4
4397BF6A01CAED11A62CD892C0003F2A;FC081C55582CED11A62CD892C0003F2A;2025-05-31;-2.0;-253.34
C297BF6A01CAED11A62CD892C0003F2A;FC081C55582CED11A62CD892C0003F2A;2025-05-31;-2.0;-435.98
002866AC21CAED11A62CD892C0003F2A;FC081C55582CED11A62CD892C0003F2A;2025-05-31;-2.0;-511.48
F8F7BC6AD0412E1143F0668E4200C71A;FC081C55582CED11A62CD892C0003F2A;2025-05-31;-2.0;-1013.26
08D5B41DDDB89E11525010650500394A;FC081C55582CED11A62CD892C0003F2A;2025-05-31;-10.0;-553.1
13BB500B8FCA9E11525010650500EB4A;FC081C55582CED11A62CD892C0003F2A;2025-05-31;-8.0;-253.0
C1AB66E291CAED11A62CD892C0003F2A;FC081C55582CED11A62CD892C0003F2A;2025-05-31;-4.0;-416.02
1E16C1002040EE114066106505003A4A;FC081C55582CED11A62CD892C0003F2A;2025-05-31;-2.0;-380.0
D2704B74F5C0BE11BE2110650500565A;FC081C55582CED11A62CD892C0003F2A;2025-05-31;-4.0;-247.24
BF159A778FC7DE11C84610650500207A;FC081C55582CED11A62CD892C0003F2A;2025-05-31;-2.0;-186.86
89EEAF964D7F8E11F243BB650500A74B;FC081C55582CED11A62CD892C0003F2A;2025-05-31;-2.0;-171.22
A1EF16A58B50EE114066106505005A4A;FC081C55582CED11A62CD892C0003F2A;2025-05-31;-2.0;-61.98
FAE1FE687853EE11B1AD1065050086EA;FC081C55582CED11A62CD892C0003F2A;2025-05-31;-2.0;-2537.38
6E9FC0474A278E11F243BB6505008C3B;FC081C55582CED11A62CD892C0003F2A;2025-05-31;-4.0;-119.52
FC325FC5C8E9FD11A4A96492C0006F3B;FC081C55582CED11A62CD892C0003F2A;2025-05-31;-2.0;-274.62
343D0636E8F19E11554010650500DA3B;FC081C55582CED11A62CD892C0003F2A;2025-05-31;-14.0;-1617.0
5495EDEE71BFFE11F1557891FE69E689;FC081C55582CED11A62CD892C0003F2A;2025-05-31;-2.0;-35.82
E3EF7857E85FFE11F1557891FE697689;FC081C55582CED11A62CD892C0003F2A;2025-05-31;-6.0;-8.34
58912ECAABD17E11B7B78A650500CD08;FC081C55582CED11A62CD892C0003F2A;2025-05-31;-2.0;-129.64
46ECEEFF7120FE1191EE106505000AB9;FC081C55582CED11A62CD892C0003F2A;2025-05-31;-36.0;-123.52
2EA318B4ACE7CE11ADB3106505009FA8;FC081C55582CED11A62CD892C0003F2A;2025-05-31;-2.0;-41.46
B19B1042B442DE11ADB310650500BDB8;FC081C55582CED11A62CD892C0003F2A;2025-05-31;-2.0;-165.16
3790516A93C1CE11877210650500E369;FC081C55582CED11A62CD892C0003F2A;2025-05-31;-6.0;-248.94
C2A1FB2090ACDE11406610650500754A;FC081C55582CED11A62CD892C0003F2A;2025-05-31;-2.0;-63.82
3106E77222C67E11B7B78A650500ED08;FC081C55582CED11A62CD892C0003F2A;2025-05-31;-4.0;-242.76
BFAD595CE1C67E11B7B78A650500ED08;FC081C55582CED11A62CD892C0003F2A;2025-05-31;-2.0;-121.54
68F81BD3FCECEE1191EE1065050029B9;FC081C55582CED11A62CD892C0003F2A;2025-05-31;-2.0;-15.94
A3EF16A58B50EE114066106505005A4A;FC081C55582CED11A62CD892C0003F2A;2025-05-31;-2.0;-73.12
51C62159EED0BE11BE2110650500765A;FC081C55582CED11A62CD892C0003F2A;2025-05-31;-2.0;-93.88
53F870A0F71BDE11406610650500634A;FC081C55582CED11A62CD892C0003F2A;2025-05-31;70.0;1345.82
BC15C6179DB3EE11B1AD1065050007EA;FC081C55582CED11A62CD892C0003F2A;2025-05-31;-2.0;-90.24
BB499349C0674E1142D58A6505002C08;FC081C55582CED11A62CD892C0003F2A;2025-05-31;-4.0;-1725.78
87CFDEA7CE645E1142D58A650500DC08;FC081C55582CED11A62CD892C0003F2A;2025-05-31;-6.0;-767.34
4126A5754558CE11ADB31065050030B8;FC081C55582CED11A62CD892C0003F2A;2025-05-31;-2.0;-39.02
69EBF510F76DCE11ADB310650500F6B8;FC081C55582CED11A62CD892C0003F2A;2025-05-31;-2.0;-145.34
9D6E9871EFBFCE11ADB3106505002AB8;FC081C55582CED11A62CD892C0003F2A;2025-05-31;-2.0;-1816.5
9964119162867E11B7B78A650500ED08;FC081C55582CED11A62CD892C0003F2A;2025-05-31;-2.0;-463.92
0A4D4DF947E4DE11ADB31065050031C8;FC081C55582CED11A62CD892C0003F2A;2025-05-31;-2.0;-624.7
B4B55E5F7A1C6E11B7B78A650500BC08;FC081C55582CED11A62CD892C0003F2A;2025-05-31;-2.0;-101.46
97F998016ADDFD11A4A96492C0006D28;FC081C55582CED11A62CD892C0003F2A;2025-05-31;-2.0;-330.44
F4F9EAA0A2ABCE11ADB31065050084B8;FC081C55582CED11A62CD892C0003F2A;2025-05-31;-10.0;-1911.2
6946CEEEEA6CCE11ADB310650500A5B8;FC081C55582CED11A62CD892C0003F2A;2025-05-31;-2.0;-118.64
307FC441787ECE11ADB31065050068B8;FC081C55582CED11A62CD892C0003F2A;2025-05-31;-4.0;-1624.36
9BCB790A8616CE11ADB3106505007DA8;FC081C55582CED11A62CD892C0003F2A;2025-05-31;-4.0;-572.7
CA5A87605596DE11ADB31065050053C8;FC081C55582CED11A62CD892C0003F2A;2025-05-31;-4.0;-441.32
799C8EE9F7BAFE11128010650500E819;FC081C55582CED11A62CD892C0003F2A;2025-05-31;-4.0;-102.4
01097068D596DE11ADB31065050053C8;FC081C55582CED11A62CD892C0003F2A;2025-05-31;-6.0;-300.78
07AA95D2BC1EFE11F1557891FE69E489;FC081C55582CED11A62CD892C0003F2A;2025-05-31;-8.0;-725.8
88FAD5B107F8FE11128010650500D819;FC081C55582CED11A62CD892C0003F2A;2025-05-31;-2.0;-255.2
D7A6B4BA8D410F11112A674AC7E21989;FC081C55582CED11A62CD892C0003F2A;2025-05-31;-2.0;-5415.0
4FED1289B07ABE118772106505009A59;FC081C55582CED11A62CD892C0003F2A;2025-05-31;-2.0;-636.54
0344C785B36BCE11ADB31065050034B8;FC081C55582CED11A62CD892C0003F2A;2025-05-31;-8.0;-326.4
7907B8EEB8B8BE118772106505006859;FC081C55582CED11A62CD892C0003F2A;2025-05-31;-2.0;-199.08
BB158A6EF77EFE11F1557891FE695589;FC081C55582CED11A62CD892C0003F2A;2025-05-31;-8.0;-2060.32
1677E18812E1FE1191EE106505004CB9;FC081C55582CED11A62CD892C0003F2A;2025-05-31;-2.0;-161.46
4F30263511B10F114EF7A826072BA989;FC081C55582CED11A62CD892C0003F2A;2025-05-31;-2.0;-502.08
D92227BA63D2FE1191EE106505007DB9;FC081C55582CED11A62CD892C0003F2A;2025-05-31;-10.0;-4241.58
F6940C3CB60AEE1191EE1065050009B9;FC081C55582CED11A62CD892C0003F2A;2025-05-31;-6.0;-618.3
026F0718C0CAED11A62CD892C0003F2A;FC081C55582CED11A62CD892C0003F2A;2025-05-31;-6.0;-1049.44
C95A376401CAED11A62CD892C0003F2A;FC081C55582CED11A62CD892C0003F2A;2025-05-31;-4.0;-551.6
428F3442662BDE11406610650500734A;FC081C55582CED11A62CD892C0003F2A;2025-05-31;-2.0;-396.0
DB3E818302CAED11A62CD892C0003F2A;FC081C55582CED11A62CD892C0003F2A;2025-05-31;-2.0;-121.32
25A3B3A4E0CAED11A62CD892C0003F2A;FC081C55582CED11A62CD892C0003F2A;2025-05-31;-2.0;-1006.22
5711C63F7D31EE114066106505007B4A;FC081C55582CED11A62CD892C0003F2A;2025-05-31;-2.0;-766.46
17AC19A8659BDE11406610650500144A;FC081C55582CED11A62CD892C0003F2A;2025-05-31;-2.0;-559.32
2E12188C91D5AE11BE2110650500684A;FC081C55582CED11A62CD892C0003F2A;2025-05-31;-2.0;-450.86
B89E87C0F0CAED11A62CD892C0003F2A;FC081C55582CED11A62CD892C0003F2A;2025-05-31;-2.0;-567.5
FB09AA3111CAED11A62CD892C0003F2A;FC081C55582CED11A62CD892C0003F2A;2025-05-31;-6.0;-2295.7200000000003
EC10612044AE9E117260106505001C4A;FC081C55582CED11A62CD892C0003F2A;2025-05-31;-8.0;-1171.12
31B983DB39E5AE11BE2110650500884A;FC081C55582CED11A62CD892C0003F2A;2025-05-31;-2.0;-151.1
785BD54551CAED11A62CD892C0003F2A;FC081C55582CED11A62CD892C0003F2A;2025-05-31;-2.0;-484.62
FAB6FA5DD1789E11525010650500D84A;FC081C55582CED11A62CD892C0003F2A;2025-05-31;-6.0;-185.10000000000002
06F014A4852B9E115250106505005C4A;FC081C55582CED11A62CD892C0003F2A;2025-05-31;-2.0;-328.98
24C1F06BD20ADE11406610650500F14A;FC081C55582CED11A62CD892C0003F2A;2025-05-31;-4.0;-413.48
C9947F83FC32FE1191EE10650500BCB9;FC081C55582CED11A62CD892C0003F2A;2025-05-31;-2.0;-564.18
A11E0ED9DA4EDE11406610650500B74A;FC081C55582CED11A62CD892C0003F2A;2025-05-31;-2.0;-441.96
7CB5F9BB60E87E110819BB65050009AA;FC081C55582CED11A62CD892C0003F2A;2025-05-31;-6.0;-490.52
AE71DDCD960F9E117260106505009C4A;FC081C55582CED11A62CD892C0003F2A;2025-05-31;-2.0;-410.82
2CC1F06BD20ADE11406610650500F14A;FC081C55582CED11A62CD892C0003F2A;2025-05-31;-4.0;-413.48
A17DB8ABBD40EE114066106505004A4A;FC081C55582CED11A62CD892C0003F2A;2025-05-31;-2.0;-319.64
61E3AEA7041AAE11BE2110650500DD4A;FC081C55582CED11A62CD892C0003F2A;2025-05-31;-4.0;-1536.0
BC029BACADBCAE11BE2110650500315A;FC081C55582CED11A62CD892C0003F2A;2025-05-31;-2.0;-490.9
E1B1B1688DC4FD110DC22A92C0009D7B;FC081C55582CED11A62CD892C0003F2A;2025-05-31;-2.0;-323.68
D404E77743F2EE11B1AD1065050006EA;FC081C55582CED11A62CD892C0003F2A;2025-05-31;-2.0;-108.96
7450B5F648A0EE11406610650500BA4A;FC081C55582CED11A62CD892C0003F2A;2025-05-31;-2.0;-115.02
3975895BF3211E1143F0668E42008C3B;FC081C55582CED11A62CD892C0003F2A;2025-05-31;-2.0;-323.8
E8425E81D1A76E11B7B78A650500BC08;FC081C55582CED11A62CD892C0003F2A;2025-05-31;-2.0;-303.64
7475CB1563B65E1142D58A650500DC08;FC081C55582CED11A62CD892C0003F2A;2025-05-31;-2.0;-124.5
C0D5AC833BF8CE11ADB31065050001B8;FC081C55582CED11A62CD892C0003F2A;2025-05-31;-6.0;-541.2
B862DE3BB7F4DE11ADB31065050041C8;FC081C55582CED11A62CD892C0003F2A;2025-05-31;-2.0;-584.64
5F59B86D6282DE11ADB3106505000EB8;FC081C55582CED11A62CD892C0003F2A;2025-05-31;-2.0;-2949.58
071EE1A4A4D3DE11ADB310650500BFB8;FC081C55582CED11A62CD892C0003F2A;2025-05-31;-2.0;-19.46
446FDA670B34DE11ADB31065050050C8;FC081C55582CED11A62CD892C0003F2A;2025-05-31;-2.0;-519.84
B8D415047715CE11ADB3106505000DA8;FC081C55582CED11A62CD892C0003F2A;2025-05-31;-2.0;-474.48
810D69907F0FCE11ADB31065050029B8;FC081C55582CED11A62CD892C0003F2A;2025-05-31;-6.0;-7686.62
0F0F9644B7F6FD110DC22A92C000D158;FC081C55582CED11A62CD892C0003F2A;2025-05-31;-2.0;-670.46
3303FE0FA0395E1142D58A650500DC08;FC081C55582CED11A62CD892C0003F2A;2025-05-31;-4.0;-4450.74
45E81D4775553E11052F6792C000FF39;FC081C55582CED11A62CD892C0003F2A;2025-05-31;-2.0;-150.38
547A777AC7EFCE11ADB3106505006AB8;FC081C55582CED11A62CD892C0003F2A;2025-05-31;-2.0;-134.3
2BACDB058836CE11ADB3106505008DA8;FC081C55582CED11A62CD892C0003F2A;2025-05-31;-2.0;-154.48
EA5D87D7A0F60E11A4A96492C0007BF8;FC081C55582CED11A62CD892C0003F2A;2025-05-31;-2.0;-635.16
F5C36E0D7D79FE11128010650500E819;FC081C55582CED11A62CD892C0003F2A;2025-05-31;-4.0;-271.46
868714E9CC3FFE11F1557891FE695689;FC081C55582CED11A62CD892C0003F2A;2025-05-31;-4.0;-478.24
A3E510C0DE2DBE118772106505001E59;FC081C55582CED11A62CD892C0003F2A;2025-05-31;-2.0;-179.78
BA8FB979BDE6EE1191EE1065050096B9;FC081C55582CED11A62CD892C0003F2A;2025-05-31;-2.0;-398.4
6D61B1E4E0C5EE1191EE1065050045B9;FC081C55582CED11A62CD892C0003F2A;2025-05-31;-2.0;-81.46
AFED54D8506AFE11128010650500E819;FC081C55582CED11A62CD892C0003F2A;2025-05-31;-2.0;-177.3
66E86399FC410F11112A674AC7E21989;FC081C55582CED11A62CD892C0003F2A;2025-05-31;-4.0;-492.38
54B8CAC2733CBE11877210650500DC59;FC081C55582CED11A62CD892C0003F2A;2025-05-31;-2.0;-353.02
418E07A3698DFE11F1557891FE692489;FC081C55582CED11A62CD892C0003F2A;2025-05-31;-2.0;-116.96
5CD1EBA823C0FE1191EE10650500DAB9;FC081C55582CED11A62CD892C0003F2A;2025-05-31;-2.0;-715.48
0921861670C5EE1191EE1065050045B9;FC081C55582CED11A62CD892C0003F2A;2025-05-31;-2.0;-85.34
8BD30721A4CFEE1191EE1065050099B9;FC081C55582CED11A62CD892C0003F2A;2025-05-31;-2.0;-501.48
90B78BECD6DEEE1191EE1065050029B9;FC081C55582CED11A62CD892C0003F2A;2025-05-31;-2.0;-382.24
317DE941BE31FE1191EE106505007BB9;FC081C55582CED11A62CD892C0003F2A;2025-05-31;-4.0;-237.48
E91E9EEEDD500F11F1557891FE69C789;FC081C55582CED11A62CD892C0003F2A;2025-05-31;-2.0;-25.48
A98C963E01CAED11A62CD892C0003F2A;FC081C55582CED11A62CD892C0003F2A;2025-05-31;-2.0;-205.88
F65BC1E1D0CAED11A62CD892C0003F2A;FC081C55582CED11A62CD892C0003F2A;2025-05-31;-2.0;-498.26
084DDE41F0CAED11A62CD892C0003F2A;FC081C55582CED11A62CD892C0003F2A;2025-05-31;-4.0;-567.12
FF6785D8D0CAED11A62CD892C0003F2A;FC081C55582CED11A62CD892C0003F2A;2025-05-31;-2.0;-487.08
B79088DED0CAED11A62CD892C0003F2A;FC081C55582CED11A62CD892C0003F2A;2025-05-31;-4.0;-5744.52
7148C3C951CAED11A62CD892C0003F2A;FC081C55582CED11A62CD892C0003F2A;2025-05-31;-4.0;-520.64
63EEFCBB059BDE11406610650500144A;FC081C55582CED11A62CD892C0003F2A;2025-05-31;-2.0;-154.7
C941F97831E1FE1191EE106505004CB9;FC081C55582CED11A62CD892C0003F2A;2025-05-31;-2.0;-664.52
27EF394451CAED11A62CD892C0003F2A;FC081C55582CED11A62CD892C0003F2A;2025-05-31;-2.0;-1239.28
820519DFC0CAED11A62CD892C0003F2A;FC081C55582CED11A62CD892C0003F2A;2025-05-31;-2.0;-154.76
8A84AFECFFB89E11525010650500394A;FC081C55582CED11A62CD892C0003F2A;2025-05-31;-2.0;-34.26
33558C50B4EDDE11406610650500174A;FC081C55582CED11A62CD892C0003F2A;2025-05-31;-2.0;-589.72
E1E2A38201CAED11A62CD892C0003F2A;FC081C55582CED11A62CD892C0003F2A;2025-05-31;-2.0;-72.56
0CD1E7C5064CDE11406610650500054A;FC081C55582CED11A62CD892C0003F2A;2025-05-31;-2.0;-397.04
5C2AFD9CB98C9E11726010650500594A;FC081C55582CED11A62CD892C0003F2A;2025-05-31;-2.0;-274.14
1350B5F648A0EE11406610650500BA4A;FC081C55582CED11A62CD892C0003F2A;2025-05-31;-2.0;-111.96
CC4F278C0ADEAE11BE2110650500E35A;FC081C55582CED11A62CD892C0003F2A;2025-05-31;-8.0;-194.4
5EA8094F4FFD9E117260106505004B4A;FC081C55582CED11A62CD892C0003F2A;2025-05-31;-2.0;-317.38
D24EC43D1728DE11C84610650500907A;FC081C55582CED11A62CD892C0003F2A;2025-05-31;-2.0;-1587.28
A2D9AD8BFEF0EE114066106505002B4A;FC081C55582CED11A62CD892C0003F2A;2025-05-31;-2.0;-251.52
AD00D1129224EE11B1AD1065050087EA;FC081C55582CED11A62CD892C0003F2A;2025-05-31;-2.0;-219.9
6E40B1E704B0EE11406610650500CA4A;FC081C55582CED11A62CD892C0003F2A;2025-05-31;-2.0;-398.06
DFFDBBD20057DE11C846106505008F6A;FC081C55582CED11A62CD892C0003F2A;2025-05-31;-2.0;-168.96
E9C185AD1DC97E110819BB65050019AA;FC081C55582CED11A62CD892C0003F2A;2025-05-31;-2.0;-141.12
0A32A3C20602AE11726010650500605A;FC081C55582CED11A62CD892C0003F2A;2025-05-31;-2.0;-294.44
E1AD8605C6CE8E11F243BB650500C64B;FC081C55582CED11A62CD892C0003F2A;2025-05-31;-16.0;-2450.7
080669A55EED7E110819BB65050039AA;FC081C55582CED11A62CD892C0003F2A;2025-05-31;-2.0;-83.46
E0901BA990638E111E1BBB650500BBAA;FC081C55582CED11A62CD892C0003F2A;2025-05-31;-2.0;-163.82
87F3A6B886D9FE11128010650500E819;FC081C55582CED11A62CD892C0003F2A;2025-05-31;-2.0;-2177.74
A440134E68DDCE11ADB31065050097B8;FC081C55582CED11A62CD892C0003F2A;2025-05-31;-2.0;-666.44
F1E8BF2EDDD4DE11ADB31065050021C8;FC081C55582CED11A62CD892C0003F2A;2025-05-31;-2.0;-388.84
1278EDB4487CCE11ADB310650500B5B8;FC081C55582CED11A62CD892C0003F2A;2025-05-31;-2.0;-72.88
2D3B73B38ABAFE11128010650500E819;FC081C55582CED11A62CD892C0003F2A;2025-05-31;-2.0;-59.28
72E21C87C58BBE11877210650500FB59;FC081C55582CED11A62CD892C0003F2A;2025-05-31;-2.0;-150.04
7D0E4497937FCE11ADB310650500C9B8;FC081C55582CED11A62CD892C0003F2A;2025-05-31;-2.0;-61.94
A17127A9F34EFE11F1557891FE691589;FC081C55582CED11A62CD892C0003F2A;2025-05-31;-2.0;-2975.52
A80784041C2D4E1142D58A650500BC08;FC081C55582CED11A62CD892C0003F2A;2025-05-31;-2.0;-63.82
BB3C1606DF986E11B7B78A650500BC08;FC081C55582CED11A62CD892C0003F2A;2025-05-31;-14.0;-290.64
E11E4E45C2420F114EF7A826072B5A89;FC081C55582CED11A62CD892C0003F2A;2025-05-31;-10.0;-8636.539999999999
62CEF5F92B06DE11ADB310650500A2C8;FC081C55582CED11A62CD892C0003F2A;2025-05-31;-2.0;-63.74
C1F54BF1C19EBE11877210650500DF59;FC081C55582CED11A62CD892C0003F2A;2025-05-31;-4.0;-111.44
27312590B0CAED11A62CD892C0003F2A;FC081C55582CED11A62CD892C0003F2A;2025-05-31;-2.0;-100.04
C0E31E43DFEBDE11406610650500844A;FC081C55582CED11A62CD892C0003F2A;2025-05-31;-2.0;-310.04
78D74F3F637BDE11406610650500E34A;FC081C55582CED11A62CD892C0003F2A;2025-05-31;-6.0;-153.12
0845A568E89DDE11406610650500B64A;FC081C55582CED11A62CD892C0003F2A;2025-05-31;-4.0;-459.8
1DD6EA15A4BBAE11BE2110650500EF4A;FC081C55582CED11A62CD892C0003F2A;2025-05-31;-2.0;-198.9
ADDDFBFC90638E111E1BBB650500BBAA;FC081C55582CED11A62CD892C0003F2A;2025-05-31;-2.0;-163.8
7E3BF468EF17DE11C846106505004F6A;FC081C55582CED11A62CD892C0003F2A;2025-05-31;-2.0;-9136.08
883ACEBDB24F6E11B7B78A650500CD08;B0BDDED34CC83E11052F6792C000B249;2025-05-31;-2.0;-222.56
6C1F98BA29265E1142D58A650500DC08;B0BDDED34CC83E11052F6792C000B249;2025-05-31;-12.0;-1951.92
F1C5B32599DDCE11ADB31065050097B8;B0BDDED34CC83E11052F6792C000B249;2025-05-31;-4.0;-314.12
425F2E7A359BCE11ADB31065050074B8;B0BDDED34CC83E11052F6792C000B249;2025-05-31;-2.0;-765.24
FA7A20CE8E016E1142D58A650500AD08;B0BDDED34CC83E11052F6792C000B249;2025-05-31;-2.0;-509.38
8FD3261F509FCE11ADB310650500E9B8;B0BDDED34CC83E11052F6792C000B249;2025-05-31;-2.0;-1408.86
9118A63AB78DBE118772106505008E59;B0BDDED34CC83E11052F6792C000B249;2025-05-31;-6.0;-278.1
19FF4A7A9DB6EE1191EE1065050076B9;B0BDDED34CC83E11052F6792C000B249;2025-05-31;-8.0;-564.48
8FBC07BF37F8FE11128010650500D819;B0BDDED34CC83E11052F6792C000B249;2025-05-31;-2.0;-428.08
8A86BF0DC6EEBE118772106505004069;B0BDDED34CC83E11052F6792C000B249;2025-05-31;-4.0;-59.14
FB958DE325B4DE11ADB310650500F0C8;B0BDDED34CC83E11052F6792C000B249;2025-05-31;-4.0;-268.8
2F2B6B9C779C2E11052F6792C000CF39;B0BDDED34CC83E11052F6792C000B249;2025-05-31;-4.0;-349.26
29681D840223CE11877210650500A569;B0BDDED34CC83E11052F6792C000B249;2025-05-31;-4.0;-133.64
7A98A4BFED71FE1191EE10650500CBB9;B0BDDED34CC83E11052F6792C000B249;2025-05-31;-2.0;-822.44
B2A337C89C3CEE1191EE1065050029B9;B0BDDED34CC83E11052F6792C000B249;2025-05-31;-2.0;-22.26
17EB678DF996BE11877210650500B559;B0BDDED34CC83E11052F6792C000B249;2025-05-31;-2.0;-27.06
17475071D46EEE1191EE1065050029B9;B0BDDED34CC83E11052F6792C000B249;2025-05-31;-2.0;-819.02
FCAEBA5D63820E11A4A96492C00008E9;B0BDDED34CC83E11052F6792C000B249;2025-05-31;-6.0;-501.72
B23316FBBD1EFE11F1557891FE69E489;B0BDDED34CC83E11052F6792C000B249;2025-05-31;-6.0;-775.26
B27A99AAF0CAED11A62CD892C0003F2A;B0BDDED34CC83E11052F6792C000B249;2025-05-31;-2.0;-392.32
7BF5EBC551CAED11A62CD892C0003F2A;B0BDDED34CC83E11052F6792C000B249;2025-05-31;-4.0;-842.36
9A8F3FD3B28A3E11052F6792C000D249;B0BDDED34CC83E11052F6792C000B249;2025-05-31;-2.0;-262.8
CEFB02EFDC6FEE1191EE1065050029B9;B0BDDED34CC83E11052F6792C000B249;2025-05-31;-2.0;-616.0
31917AB011CAED11A62CD892C0003F2A;B0BDDED34CC83E11052F6792C000B249;2025-05-31;-2.0;-323.8
D2633887FAC1FE1191EE106505002CB9;B0BDDED34CC83E11052F6792C000B249;2025-05-31;-2.0;-674.14
4690C8920EADAE11BE2110650500625A;B0BDDED34CC83E11052F6792C000B249;2025-05-31;-4.0;-588.18
80E4E75BCD690E11A4A96492C0001269;B0BDDED34CC83E11052F6792C000B249;2025-05-31;-2.0;-322.34
AB492793775CEE1191EE1065050029B9;B0BDDED34CC83E11052F6792C000B249;2025-05-31;-4.0;-308.1
64851C935D51FD110DC22A92C000DD89;B0BDDED34CC83E11052F6792C000B249;2025-05-31;-8.0;-328.88
A6CFD8BB1AF1EE114066106505007C4A;B0BDDED34CC83E11052F6792C000B249;2025-05-31;-4.0;-545.44
B629E1FDC13EDE11406610650500874A;B0BDDED34CC83E11052F6792C000B249;2025-05-31;-6.0;-218.64
E18C3E3C087A9E115250106505007B4A;B0BDDED34CC83E11052F6792C000B249;2025-05-31;-2.0;-457.42
91E0588EC877DE11C84610650500BF6A;B0BDDED34CC83E11052F6792C000B249;2025-05-31;-2.0;-51.0
2C754762F0CAED11A62CD892C0003F2A;B0BDDED34CC83E11052F6792C000B249;2025-05-31;-4.0;-388.0
32321749A7E88E11F243BB650500BE3B;B0BDDED34CC83E11052F6792C000B249;2025-05-31;-4.0;-100.16
8A84729998D58E11F243BB650500CA3B;B0BDDED34CC83E11052F6792C000B249;2025-05-31;-30.0;-2851.2
9C4F278C0ADEAE11BE2110650500E35A;B0BDDED34CC83E11052F6792C000B249;2025-05-31;-14.0;-340.20000000000005
343C23191A128E110223BB6505001AAA;B0BDDED34CC83E11052F6792C000B249;2025-05-31;-2.0;-541.22
A4081F6757E48E113835BB6505009DAA;B0BDDED34CC83E11052F6792C000B249;2025-05-31;-8.0;-2488.0
9CDBEE16B2C88E11F243BB6505008E3B;B0BDDED34CC83E11052F6792C000B249;2025-05-31;-4.0;-326.68
E0D361DA67E48E113835BB6505009DAA;B0BDDED34CC83E11052F6792C000B249;2025-05-31;-2.0;-622.0
4D90BF0CDA65EE11B1AD1065050039EA;B0BDDED34CC83E11052F6792C000B249;2025-05-31;-12.0;-471.72
F04AE8B83332FD110DC22A92C0006778;B0BDDED34CC83E11052F6792C000B249;2025-05-31;56.0;2397.54
0EFDA876E61E4E1142D58A650500BC08;B0BDDED34CC83E11052F6792C000B249;2025-05-31;-2.0;-333.8
8C9BEBBD4AF34E1142D58A6505002C08;B0BDDED34CC83E11052F6792C000B249;2025-05-31;-2.0;-423.84
62004ECC4F28CE11ADB310650500FFA8;B0BDDED34CC83E11052F6792C000B249;2025-05-31;-2.0;-362.4
7F9760CE1A7D2E11052F6792C000CF39;B0BDDED34CC83E11052F6792C000B249;2025-05-31;-2.0;-77.0
6396BB8EEB0AFE11128010650500E819;B0BDDED34CC83E11052F6792C000B249;2025-05-31;-2.0;-83.2
772AC45A4BB23E11052F6792C000CF39;B0BDDED34CC83E11052F6792C000B249;2025-05-31;-6.0;-749.62
946CFC3DA4A27E11B7B78A650500DD08;B0BDDED34CC83E11052F6792C000B249;2025-05-31;-2.0;-290.28
548416B947E4DE11ADB31065050031C8;B0BDDED34CC83E11052F6792C000B249;2025-05-31;-2.0;-242.0
5990467EEB0AFE11128010650500E819;B0BDDED34CC83E11052F6792C000B249;2025-05-31;-2.0;-79.6
9CA42CB76D54DE11ADB31065050080C8;B0BDDED34CC83E11052F6792C000B249;2025-05-31;-2.0;-227.94
1FCE5E1602F73E11247EC192C0006249;B0BDDED34CC83E11052F6792C000B249;2025-05-31;-2.0;-339.3
957D40203E8C3E11052F6792C000D249;B0BDDED34CC83E11052F6792C000B249;2025-05-31;-2.0;-1083.24
DBAAE3CDD50CFD11A4A96492C000CB59;B0BDDED34CC83E11052F6792C000B249;2025-05-31;-2.0;-362.06
F0577C8C759DBE118772106505009E59;B0BDDED34CC83E11052F6792C000B249;2025-05-31;-2.0;-130.96
84695DA6A65AFE11128010650500E819;B0BDDED34CC83E11052F6792C000B249;2025-05-31;-2.0;-1071.28
964D135AA60BFE11128010650500E819;B0BDDED34CC83E11052F6792C000B249;2025-05-31;-2.0;-86.2
FAF6955D82C5EE1191EE1065050045B9;B0BDDED34CC83E11052F6792C000B249;2025-05-31;-4.0;-488.0
AF5B8E9C5726EE1191EE10650500C5B9;B0BDDED34CC83E11052F6792C000B249;2025-05-31;-2.0;-340.0
61F04105DC510F11112A674AC7E22989;B0BDDED34CC83E11052F6792C000B249;2025-05-31;-2.0;-162.36
1C72EB04AA4FFE11F1557891FE696689;B0BDDED34CC83E11052F6792C000B249;2025-05-31;-2.0;-166.94
5CA37D6F530F2E11052F6792C000CF39;B0BDDED34CC83E11052F6792C000B249;2025-05-31;-2.0;-373.66
9473EB04AA4FFE11F1557891FE696689;B0BDDED34CC83E11052F6792C000B249;2025-05-31;-4.0;-210.68
B2B3EB04AA4FFE11F1557891FE696689;B0BDDED34CC83E11052F6792C000B249;2025-05-31;-2.0;-105.34
ED198015450DEE1191EE1065050029B9;B0BDDED34CC83E11052F6792C000B249;2025-05-31;-2.0;-1633.54
E5B732FC5CFFFE11F1557891FE694789;B0BDDED34CC83E11052F6792C000B249;2025-05-31;-2.0;-232.0
D01EECD3BCF2FD110DC22A92C000C499;B0BDDED34CC83E11052F6792C000B249;2025-05-31;-2.0;-877.94
4D61CD5CEB01FE1191EE106505003BB9;B0BDDED34CC83E11052F6792C000B249;2025-05-31;-6.0;-176.48
005BCFB931CAED11A62CD892C0003F2A;B0BDDED34CC83E11052F6792C000B249;2025-05-31;-2.0;-182.48
563397CEED71FE1191EE10650500CBB9;B0BDDED34CC83E11052F6792C000B249;2025-05-31;-2.0;-604.22
88EE251B675FEE1191EE1065050029B9;B0BDDED34CC83E11052F6792C000B249;2025-05-31;-2.0;-735.58
9D1957F1E0CAED11A62CD892C0003F2A;B0BDDED34CC83E11052F6792C000B249;2025-05-31;-2.0;-532.26
00A3B3A4E0CAED11A62CD892C0003F2A;B0BDDED34CC83E11052F6792C000B249;2025-05-31;-6.0;-1056.14
EE990BED90CAED11A62CD892C0003F2A;B0BDDED34CC83E11052F6792C000B249;2025-05-31;-2.0;-426.62
8804974504430F114EF7A826072BAB89;B0BDDED34CC83E11052F6792C000B249;2025-05-31;-2.0;-418.64
BCC50F5EEB6DFE11F1557891FE690489;B0BDDED34CC83E11052F6792C000B249;2025-05-31;-2.0;-359.8
A2404E00B0CAED11A62CD892C0003F2A;B0BDDED34CC83E11052F6792C000B249;2025-05-31;-2.0;-200.3
AFD20C1F21CAED11A62CD892C0003F2A;B0BDDED34CC83E11052F6792C000B249;2025-05-31;-2.0;-138.84
5A3D5A4D61C89E11525010650500394A;B0BDDED34CC83E11052F6792C000B249;2025-05-31;-14.0;-290.64
C1C7A8B1662BDE11406610650500734A;B0BDDED34CC83E11052F6792C000B249;2025-05-31;-2.0;-519.2
8996742BF4C5BE11BE2110650500BC5A;B0BDDED34CC83E11052F6792C000B249;2025-05-31;-2.0;-580.1
CC4F278C0ADEAE11BE2110650500E35A;B0BDDED34CC83E11052F6792C000B249;2025-05-31;-12.0;-291.6
EB0DB622F112EE114066106505009C4A;B0BDDED34CC83E11052F6792C000B249;2025-05-31;-2.0;-65.2
C9537C6834AE9E117260106505001C4A;B0BDDED34CC83E11052F6792C000B249;2025-05-31;-2.0;-243.96
1A2EBFF38EEC9E11726010650500D94A;B0BDDED34CC83E11052F6792C000B249;2025-05-31;-2.0;-145.58
291F4FDF686BAE11BE21106505008F4A;B0BDDED34CC83E11052F6792C000B249;2025-05-31;-2.0;-536.0
9F846D9A313D7E110819BB65050039AA;B0BDDED34CC83E11052F6792C000B249;2025-05-31;-2.0;-83.32
9FA93D1C7FB3AE11726010650500925A;B0BDDED34CC83E11052F6792C000B249;2025-05-31;-2.0;-77.76
8C26B7F44D929E11554010650500CB3B;B0BDDED34CC83E11052F6792C000B249;2025-05-31;-2.0;-140.46
A152520AE0B0EE11406610650500CA4A;B0BDDED34CC83E11052F6792C000B249;2025-05-31;-2.0;-83.56
7C79484678C6DE11C84610650500DE6A;B0BDDED34CC83E11052F6792C000B249;2025-05-31;-2.0;-23.66
DA377CFD4935EE11B1AD10650500F8EA;B0BDDED34CC83E11052F6792C000B249;2025-05-31;-2.0;-712.16
4DD59775CCA79E11554010650500524B;B0BDDED34CC83E11052F6792C000B249;2025-05-31;-2.0;-765.24
DC2A86A2F714EE11B1AD1065050077EA;B0BDDED34CC83E11052F6792C000B249;2025-05-31;-2.0;-220.0
4421178BB0CAED11A62CD892C0003F2A;B0BDDED34CC83E11052F6792C000B249;2025-05-31;-2.0;-939.02
059B3DFFD31DEE1191EE1065050029B9;B0BDDED34CC83E11052F6792C000B249;2025-05-31;-2.0;-138.64
4111358D85802E1143F0668E4200C71A;B0BDDED34CC83E11052F6792C000B249;2025-05-31;-2.0;-421.18
13F61B4B9D456E11B7B78A650500BC08;44673735EAF46E11B7B78A650500BC08;2025-05-31;-4.0;-174.84
7904541A2E456E11B7B78A650500BC08;44673735EAF46E11B7B78A650500BC08;2025-05-31;-8.0;-1464.0
0826518B3C456E11B7B78A650500BC08;44673735EAF46E11B7B78A650500BC08;2025-05-31;-2.0;-358.7
0F44BE7F89456E11B7B78A650500BC08;44673735EAF46E11B7B78A650500BC08;2025-05-31;-8.0;-4495.92
CE203DE8AC456E11B7B78A650500BC08;44673735EAF46E11B7B78A650500BC08;2025-05-31;-2.0;-139.36
F3567A8F2E456E11B7B78A650500BC08;44673735EAF46E11B7B78A650500BC08;2025-05-31;-6.0;-756.0
13CA4DE38E7F6E11B7B78A650500CD08;44673735EAF46E11B7B78A650500BC08;2025-05-31;-6.0;-498.0
31FC1AA44C456E11B7B78A650500BC08;44673735EAF46E11B7B78A650500BC08;2025-05-31;-22.0;-1057.26
95ADAFBEAAA07E11B7B78A650500CD08;44673735EAF46E11B7B78A650500BC08;2025-05-31;-2.0;-119.42
6774091C9D456E11B7B78A650500BC08;44673735EAF46E11B7B78A650500BC08;2025-05-31;-4.0;-289.72
87A07996CB70DE11ADB3106505004BB8;44673735EAF46E11B7B78A650500BC08;2025-05-31;-4.0;-1337.42
938F95CD6E29CE11ADB31065050041B8;44673735EAF46E11B7B78A650500BC08;2025-05-31;-2.0;-407.8
27B6AB2EE1F60E11A4A96492C0007BF8;44673735EAF46E11B7B78A650500BC08;2025-05-31;-4.0;-3599.32
0152F80946A27E11B7B78A650500DD08;44673735EAF46E11B7B78A650500BC08;2025-05-31;-4.0;-325.6
BF15F5DDE0A1DE11ADB310650500ECB8;44673735EAF46E11B7B78A650500BC08;2025-05-31;-2.0;-984.06
28CA0A597727CE11ADB310650500AEA8;44673735EAF46E11B7B78A650500BC08;2025-05-31;-14.0;-987.84
7250D2FF807F6E11B7B78A650500CD08;44673735EAF46E11B7B78A650500BC08;2025-05-31;-50.0;-2200.0
D35E9808D3BC3E11052F6792C000D249;44673735EAF46E11B7B78A650500BC08;2025-05-31;-14.0;-987.84
61A760CE1A7D2E11052F6792C000CF39;44673735EAF46E11B7B78A650500BC08;2025-05-31;-2.0;-420.4
B789167525037E11B7B78A650500DD08;44673735EAF46E11B7B78A650500BC08;2025-05-31;-6.0;-219.71999999999997
429562EC04537E11B7B78A650500DD08;44673735EAF46E11B7B78A650500BC08;2025-05-31;-4.0;-446.44
2C9338E64A77EE1191EE1065050027B9;44673735EAF46E11B7B78A650500BC08;2025-05-31;-2.0;-130.86
C000819A08FCFD11A4A96492C000CB59;44673735EAF46E11B7B78A650500BC08;2025-05-31;-10.0;-1272.3
08D5B41DDDB89E11525010650500394A;44673735EAF46E11B7B78A650500BC08;2025-05-31;-4.0;-221.24
C8801856A6F5AE11BE2110650500984A;44673735EAF46E11B7B78A650500BC08;2025-05-31;-4.0;-363.18
08329A0F46CCDE11406610650500A54A;44673735EAF46E11B7B78A650500BC08;2025-05-31;-6.0;-173.02
441B06FC2DC0FE1191EE10650500EAB9;44673735EAF46E11B7B78A650500BC08;2025-05-31;-4.0;-540.68
A1AF38F5A6F5AE11BE2110650500984A;44673735EAF46E11B7B78A650500BC08;2025-05-31;-12.0;-437.94000000000005
31DD54E5D0CAED11A62CD892C0003F2A;44673735EAF46E11B7B78A650500BC08;2025-05-31;-4.0;-1015.28
A76D0C37BBB1EE114066106505001C4A;44673735EAF46E11B7B78A650500BC08;2025-05-31;-6.0;-918.0
71F27A255D56FE1191EE1065050022C9;44673735EAF46E11B7B78A650500BC08;2025-05-31;-4.0;-3320.0
5638B73388C99E115250106505009A4A;44673735EAF46E11B7B78A650500BC08;2025-05-31;-2.0;-102.0
C2BBC60CD621AE117260106505004F4A;44673735EAF46E11B7B78A650500BC08;2025-05-31;-10.0;-787.5
C12B8D2D066E9E11726010650500CB4A;44673735EAF46E11B7B78A650500BC08;2025-05-31;-2.0;-48.82
63B554505E5D9E117260106505006A4A;44673735EAF46E11B7B78A650500BC08;2025-05-31;-2.0;-4509.12
33CC9930166E9E11726010650500CB4A;44673735EAF46E11B7B78A650500BC08;2025-05-31;-2.0;-116.4
B29B72C890CAED11A62CD892C0003F2A;44673735EAF46E11B7B78A650500BC08;2025-05-31;-2.0;-218.02
29BD8984ABE1EE114066106505006C4A;44673735EAF46E11B7B78A650500BC08;2025-05-31;-2.0;-96.6
0B0FC5A2EBFCAE11BE2110650500815A;44673735EAF46E11B7B78A650500BC08;2025-05-31;-6.0;-306.0
48C14577181BDE11406610650500634A;44673735EAF46E11B7B78A650500BC08;2025-05-31;-2.0;-30.66
5F075CA26E0D7E110819BB65050039AA;44673735EAF46E11B7B78A650500BC08;2025-05-31;-2.0;-21.28
B28381DCEB387E110819BB65050009AA;44673735EAF46E11B7B78A650500BC08;2025-05-31;46.0;2511.14
83D448FF4DA1EE114066106505000C4A;44673735EAF46E11B7B78A650500BC08;2025-05-31;-2.0;-3950.14
A500292FD87C8E11F243BB650500A34B;44673735EAF46E11B7B78A650500BC08;2025-05-31;-2.0;-290.6
6724133ED547DE11C846106505007F6A;44673735EAF46E11B7B78A650500BC08;2025-05-31;-2.0;-126.36
CBB58A554D929E11554010650500CB3B;44673735EAF46E11B7B78A650500BC08;2025-05-31;-8.0;-456.0
E0FDCA7C75579E11554010650500E14B;44673735EAF46E11B7B78A650500BC08;2025-05-31;-4.0;-989.0
3D2FAE84307E8E11F243BB650500564B;44673735EAF46E11B7B78A650500BC08;2025-05-31;-4.0;-947.14
631E9DB11A278E11F243BB6505008C3B;44673735EAF46E11B7B78A650500BC08;2025-05-31;-2.0;-159.58
339C270F2E03EE11B1AD1065050026EA;44673735EAF46E11B7B78A650500BC08;2025-05-31;-4.0;-671.84
BD869B30FB03EE11B1AD1065050026EA;44673735EAF46E11B7B78A650500BC08;2025-05-31;-2.0;-163.2
63032E5C45CF8E11F243BB650500084B;44673735EAF46E11B7B78A650500BC08;2025-05-31;-8.0;-242.83999999999997
85EE29ED3C456E11B7B78A650500BC08;44673735EAF46E11B7B78A650500BC08;2025-05-31;-4.0;-261.8
985D91B0E5385E1142D58A650500DC08;44673735EAF46E11B7B78A650500BC08;2025-05-31;-2.0;-333.8
65D407DF7D456E11B7B78A650500BC08;44673735EAF46E11B7B78A650500BC08;2025-05-31;-4.0;-24.8
268F4D41FB456E11B7B78A650500BC08;44673735EAF46E11B7B78A650500BC08;2025-05-31;-2.0;-87.74
4B2267EF3C456E11B7B78A650500BC08;44673735EAF46E11B7B78A650500BC08;2025-05-31;-4.0;-514.72
E6CA0CF52D456E11B7B78A650500BC08;44673735EAF46E11B7B78A650500BC08;2025-05-31;-2.0;-548.58
3212B81CF4BA4E1142D58A6505009C08;44673735EAF46E11B7B78A650500BC08;2025-05-31;-4.0;-993.6
4AE4B5203D456E11B7B78A650500BC08;44673735EAF46E11B7B78A650500BC08;2025-05-31;-2.0;-120.88
1A17619EC688CE11ADB31065050070B8;44673735EAF46E11B7B78A650500BC08;2025-05-31;-2.0;-78.08
72FD61B620556E11B7B78A650500BC08;44673735EAF46E11B7B78A650500BC08;2025-05-31;-6.0;-1212.1200000000001
5197A3B4F5B9CE11ADB310650500F1B8;44673735EAF46E11B7B78A650500BC08;2025-05-31;-2.0;-700.4
19B9F50410A4DE11ADB310650500D0C8;44673735EAF46E11B7B78A650500BC08;2025-05-31;-2.0;-1350.0
4F5C0E4E3D6D6E11B7B78A650500BC08;44673735EAF46E11B7B78A650500BC08;2025-05-31;-4.0;-113.28
9E6963350BC0DE11ADB310650500ABB8;44673735EAF46E11B7B78A650500BC08;2025-05-31;-2.0;-468.58
0BB22E7B3A95DE11ADB31065050012C8;44673735EAF46E11B7B78A650500BC08;2025-05-31;-4.0;-571.28
4A4D4DF947E4DE11ADB31065050031C8;44673735EAF46E11B7B78A650500BC08;2025-05-31;-2.0;-624.7
D7BEF95C8946DE11ADB310650500F2C8;44673735EAF46E11B7B78A650500BC08;2025-05-31;-2.0;-544.76
7551B2D8EEF9FE11128010650500E819;44673735EAF46E11B7B78A650500BC08;2025-05-31;-4.0;-204.0
3F1BA1E07803CE118772106505008569;44673735EAF46E11B7B78A650500BC08;2025-05-31;-4.0;-642.32
5E4A76D36D7DBE118772106505007E59;44673735EAF46E11B7B78A650500BC08;2025-05-31;-4.0;-332.0
F319A6AE390FEE1191EE1065050029B9;44673735EAF46E11B7B78A650500BC08;2025-05-31;-54.0;-363.76
9004C497C0CAED11A62CD892C0003F2A;44673735EAF46E11B7B78A650500BC08;2025-05-31;-2.0;-671.96
C9D65C0BB7407E11B7B78A650500CD08;44673735EAF46E11B7B78A650500BC08;2025-05-31;-2.0;-652.4
859D31FB04C9DE11406610650500A14A;44673735EAF46E11B7B78A650500BC08;2025-05-31;-4.0;-709.24
084042F6104FFE11F1557891FE695689;44673735EAF46E11B7B78A650500BC08;2025-05-31;-2.0;-53.14
EA8F1029C7420F114EF7A826072B6A89;44673735EAF46E11B7B78A650500BC08;2025-05-31;-2.0;-215.26
859B8BD0DAD0FE1191EE10650500FAB9;44673735EAF46E11B7B78A650500BC08;2025-05-31;-2.0;-1348.7
13A6900F46CCDE11406610650500A54A;44673735EAF46E11B7B78A650500BC08;2025-05-31;-2.0;-47.24
A7929A896E06FE1191EE10650500C1C9;44673735EAF46E11B7B78A650500BC08;2025-05-31;-2.0;-632.0
BA4BAA47D397EE1191EE1065050047B9;44673735EAF46E11B7B78A650500BC08;2025-05-31;-4.0;-903.78
5073EBA63654FE1191EE106505008FB9;44673735EAF46E11B7B78A650500BC08;2025-05-31;-2.0;-82.98
B6D2936998420F114EF7A826072B6A89;44673735EAF46E11B7B78A650500BC08;2025-05-31;-2.0;-882.94
E113449CECDCDE11406610650500C54A;44673735EAF46E11B7B78A650500BC08;2025-05-31;-2.0;-220.02
2C754762F0CAED11A62CD892C0003F2A;44673735EAF46E11B7B78A650500BC08;2025-05-31;-2.0;-194.0
428F3442662BDE11406610650500734A;44673735EAF46E11B7B78A650500BC08;2025-05-31;-6.0;-1188.0
96AD25AB066E9E11726010650500CB4A;44673735EAF46E11B7B78A650500BC08;2025-05-31;-2.0;-27.64
2A9FC01E2062AE11726010650500D05A;44673735EAF46E11B7B78A650500BC08;2025-05-31;-8.0;-443.2
CCC810633392BE11BE2110650500A85A;44673735EAF46E11B7B78A650500BC08;2025-05-31;-2.0;-198.46
73A27077F555BE11BE21106505002C5A;44673735EAF46E11B7B78A650500BC08;2025-05-31;-2.0;-395.7
CDB5B1055146AE11BE2110650500F84A;44673735EAF46E11B7B78A650500BC08;2025-05-31;-2.0;-242.0
B6B48E443E3EDE11406610650500974A;44673735EAF46E11B7B78A650500BC08;2025-05-31;-2.0;-405.96
0A6B84CED87C8E11F243BB650500A34B;44673735EAF46E11B7B78A650500BC08;2025-05-31;-12.0;-1203.6
02D91F32A8468E11F243BB6505006B3B;44673735EAF46E11B7B78A650500BC08;2025-05-31;-2.0;-281.4
EBD25A6E878E8E11F243BB650500764B;44673735EAF46E11B7B78A650500BC08;2025-05-31;-2.0;-188.68
711BDB13721A8E11F243BB650500304B;44673735EAF46E11B7B78A650500BC08;2025-05-31;-2.0;-152.6
2B205C4A63039E115540106505004C3B;44673735EAF46E11B7B78A650500BC08;2025-05-31;-24.0;-705.1800000000001
167F0945CD456E11B7B78A650500BC08;44673735EAF46E11B7B78A650500BC08;2025-05-31;-2.0;-110.0
5425B47BFD456E11B7B78A650500BC08;44673735EAF46E11B7B78A650500BC08;2025-05-31;-2.0;-852.0
3B0102094C456E11B7B78A650500BC08;44673735EAF46E11B7B78A650500BC08;2025-05-31;-2.0;-89.24
E246E028AC456E11B7B78A650500BC08;44673735EAF46E11B7B78A650500BC08;2025-05-31;-2.0;-623.5
B165459B3E456E11B7B78A650500BC08;44673735EAF46E11B7B78A650500BC08;2025-05-31;-4.0;-1027.98
155C918710F27E11B7B78A650500DD08;44673735EAF46E11B7B78A650500BC08;2025-05-31;-10.0;-419.98
977C451FC688CE11ADB31065050070B8;44673735EAF46E11B7B78A650500BC08;2025-05-31;-4.0;-130.3
755AB390C2047E11B7B78A650500DD08;44673735EAF46E11B7B78A650500BC08;2025-05-31;-2.0;-3336.0
5533473BAD2ECE11ADB31065050008B8;44673735EAF46E11B7B78A650500BC08;2025-05-31;-2.0;-66.34
13710D5B10556E11B7B78A650500BC08;44673735EAF46E11B7B78A650500BC08;2025-05-31;-6.0;-1517.38
95F8B34734885E1142D58A650500DC08;44673735EAF46E11B7B78A650500BC08;2025-05-31;-24.0;-528.0
95897E390586CE11ADB310650500DDA8;44673735EAF46E11B7B78A650500BC08;2025-05-31;-2.0;-50.5
D23C8DE08959FE11128010650500E819;44673735EAF46E11B7B78A650500BC08;2025-05-31;-2.0;-170.6
018AA5F4F9D2DE11ADB3106505007EB8;44673735EAF46E11B7B78A650500BC08;2025-05-31;-4.0;-1496.0
240C3CC4FC3ABE118772106505005A59;44673735EAF46E11B7B78A650500BC08;2025-05-31;-2.0;-1052.92
7C43D3CD6EC7CE11ADB3106505007FA8;44673735EAF46E11B7B78A650500BC08;2025-05-31;-14.0;-432.74
B22512F5B596DE11ADB31065050053C8;44673735EAF46E11B7B78A650500BC08;2025-05-31;-2.0;-220.66
ED20BEB6104FFE11F1557891FE695689;44673735EAF46E11B7B78A650500BC08;2025-05-31;-2.0;-24.36
3D62BD8A40BB3E11052F6792C000D249;44673735EAF46E11B7B78A650500BC08;2025-05-31;-2.0;-74.76
498E84EBBD1EFE11F1557891FE69E489;44673735EAF46E11B7B78A650500BC08;2025-05-31;-2.0;-139.0
BC670700E0CAED11A62CD892C0003F2A;44673735EAF46E11B7B78A650500BC08;2025-05-31;-2.0;-175.76
E42F2727A0651E1143F0668E4200EE89;44673735EAF46E11B7B78A650500BC08;2025-05-31;-2.0;-184.8
DBAF02B23D8ADE11406610650500A24A;44673735EAF46E11B7B78A650500BC08;2025-05-31;-2.0;-1435.96
6D9DE51F066E9E11726010650500CB4A;44673735EAF46E11B7B78A650500BC08;2025-05-31;-4.0;-80.34
4FA80DA94FE4FE1191EE1065050050C9;44673735EAF46E11B7B78A650500BC08;2025-05-31;-4.0;-190.08
90E505C0ECE7EE1191EE10650500B7B9;44673735EAF46E11B7B78A650500BC08;2025-05-31;-4.0;-28.0
18FC70558954FE1191EE106505008FB9;44673735EAF46E11B7B78A650500BC08;2025-05-31;-2.0;-3314.24
8D9C872B152BDE11406610650500734A;44673735EAF46E11B7B78A650500BC08;2025-05-31;-2.0;-541.0
64990EFE31EBDE11406610650500744A;44673735EAF46E11B7B78A650500BC08;2025-05-31;-2.0;-232.44
8A9FD8FFCCEEDE11406610650500884A;44673735EAF46E11B7B78A650500BC08;2025-05-31;-4.0;-53.04
5AF3B8955395AE11726010650500E45A;44673735EAF46E11B7B78A650500BC08;2025-05-31;-4.0;-757.08
DE1FB1F83A8D7E110819BB65050039AA;44673735EAF46E11B7B78A650500BC08;2025-05-31;-2.0;-852.76
8F203DE8AC456E11B7B78A650500BC08;44673735EAF46E11B7B78A650500BC08;2025-05-31;-8.0;-4304.66
23B64E1E45B4DE11ADB310650500F0C8;44673735EAF46E11B7B78A650500BC08;2025-05-31;-2.0;-234.7
8764961A930D9E11726010650500F94A;44673735EAF46E11B7B78A650500BC08;2025-05-31;-2.0;-1080.78
847C0763797BAE11BE21106505009F4A;44673735EAF46E11B7B78A650500BC08;2025-05-31;-2.0;-98.1
08B3550DFBAB7E110819BB65050039AA;44673735EAF46E11B7B78A650500BC08;2025-05-31;-4.0;-493.08
C2440411FDCDDE11406610650500F64A;44673735EAF46E11B7B78A650500BC08;2025-05-31;-2.0;-260.2
9C09394EB8E3BE11BE21106505005A5A;44673735EAF46E11B7B78A650500BC08;2025-05-31;-2.0;-202.32
A31188AEB11A8E11F243BB650500304B;44673735EAF46E11B7B78A650500BC08;2025-05-31;-2.0;-69.82
5019CA742392BE11BE2110650500A85A;44673735EAF46E11B7B78A650500BC08;2025-05-31;-2.0;-106.82
29938C2225271E1143F0668E42006B8B;44673735EAF46E11B7B78A650500BC08;2025-05-31;-2.0;-1047.1
B94CE0818869FE11128010650500E819;FC081C55582CED11A62CD892C0003F2A;2025-05-31;-2.0;-994.34
AA67642241963E11052F6792C000FF39;FC081C55582CED11A62CD892C0003F2A;2025-05-31;-2.0;-426.32
B3FA392F3CE76E11B7B78A650500BC08;FC081C55582CED11A62CD892C0003F2A;2025-05-31;-2.0;-338.28
7B640F41D0CAED11A62CD892C0003F2A;FC081C55582CED11A62CD892C0003F2A;2025-05-31;-2.0;-192.88
3A0B5D4745316E1142D58A650500AD08;FC081C55582CED11A62CD892C0003F2A;2025-05-31;-2.0;-324.72
F0401AB21106FE1191EE10650500B1C9;FC081C55582CED11A62CD892C0003F2A;2025-05-31;-2.0;-199.54
D37A3E8BE3900F11F1557891FE690889;FC081C55582CED11A62CD892C0003F2A;2025-05-31;-2.0;-313.98
848AE34FE0CAED11A62CD892C0003F2A;FC081C55582CED11A62CD892C0003F2A;2025-05-31;-2.0;-450.0
C4EAD3E76E180E11A4A96492C00009EB;FC081C55582CED11A62CD892C0003F2A;2025-05-31;-2.0;-117.7
8A68C886EC32FE1191EE10650500BCB9;FC081C55582CED11A62CD892C0003F2A;2025-05-31;-2.0;-2219.68
79F58DB5AC456E11B7B78A650500BC08;44673735EAF46E11B7B78A650500BC08;2025-05-31;2.0;219.52
3D5B1FA2EC456E11B7B78A650500BC08;44673735EAF46E11B7B78A650500BC08;2025-05-31;0.0;0.0
16FA023273C49E115540106505009E3B;44673735EAF46E11B7B78A650500BC08;2025-05-31;0.0;0.0
AFE73C362A109E11F243BB650500784B;44673735EAF46E11B7B78A650500BC08;2025-05-31;0.0;0.0
A975FFA380A49E115540106505006E3B;44673735EAF46E11B7B78A650500BC08;2025-05-31;0.0;6.821210263296962e-13
127EF2537E62FE1191EE10650500FCB9;44673735EAF46E11B7B78A650500BC08;2025-05-31;0.0;0.0
0BAB32B13317DE11C846106505003F6A;44673735EAF46E11B7B78A650500BC08;2025-05-31;0.0;0.0
92A7E82465FE6E11B7B78A650500BD08;44673735EAF46E11B7B78A650500BC08;2025-05-31;0.0;0.0
B1CBAB42F366DE11ADB31065050013C8;44673735EAF46E11B7B78A650500BC08;2025-05-31;-2.0;-2268.0
11CFF00A45CF8E11F243BB650500084B;44673735EAF46E11B7B78A650500BC08;2025-05-31;0.0;0.0
E11C234788EFCE11ADB3106505006AB8;44673735EAF46E11B7B78A650500BC08;2025-05-31;0.0;0.0
C86CA9CA07C8BE118772106505007859;44673735EAF46E11B7B78A650500BC08;2025-05-31;192.0;31913.38
28EF2CA7B7ABAE11BE2110650500DF4A;FC081C55582CED11A62CD892C0003F2A;2025-05-31;-4.0;-1348.28
8B70413822867E11B7B78A650500ED08;FC081C55582CED11A62CD892C0003F2A;2025-05-31;-4.0;-558.72
19A9C1C70CC46E11B7B78A650500BC08;FC081C55582CED11A62CD892C0003F2A;2025-05-31;-4.0;-393.8
C720291F25DFEE1191EE10650500A9B9;FC081C55582CED11A62CD892C0003F2A;2025-05-31;-2.0;-317.52
90B92E4D4FAC9E11726010650500894A;FC081C55582CED11A62CD892C0003F2A;2025-05-31;-2.0;-1855.56
D3D0A34B8276EE1191EE1065050026B9;FC081C55582CED11A62CD892C0003F2A;2025-05-31;-2.0;-350.58
13AEA4E0A815FD110DC22A92C0009D7B;FC081C55582CED11A62CD892C0003F2A;2025-05-31;-2.0;-266.42
51CA1EBF7D6B6E11B7B78A650500BC08;FC081C55582CED11A62CD892C0003F2A;2025-05-31;-2.0;-1048.58
53AFD102A816DE11ADB310650500B2C8;FC081C55582CED11A62CD892C0003F2A;2025-05-31;-2.0;-656.88
F12017752748FE11128010650500D819;FC081C55582CED11A62CD892C0003F2A;2025-05-31;2.0;3052.46
C2C7B7682E74FE1191EE10650500CFB9;B0BDDED34CC83E11052F6792C000B249;2025-05-31;2.0;59.74
4E21DA6A45A2DE11ADB3106505003EB8;44673735EAF46E11B7B78A650500BC08;2025-05-31;-2.0;-1599.06
363AB36E21C7DE11C84610650500107A;44673735EAF46E11B7B78A650500BC08;2025-05-31;-2.0;-14.3
050CDCE691CAED11A62CD892C0003F2A;B0BDDED34CC83E11052F6792C000B249;2025-05-31;12.0;621.32
25EACAAFEA387E110819BB65050009AA;B0BDDED34CC83E11052F6792C000B249;2025-05-31;18.0;931.98
0B93F4570DDFDE11406610650500B94A;FC081C55582CED11A62CD892C0003F2A;2025-05-31;12.0;619.58
FDD5B0F47200EE11406610650500E94A;FC081C55582CED11A62CD892C0003F2A;2025-05-31;4.0;449.5
913E89D58200EE11406610650500E94A;FC081C55582CED11A62CD892C0003F2A;2025-05-31;6.0;647.58
A80126D238B18E11A442BB65050079AA;FC081C55582CED11A62CD892C0003F2A;2025-05-31;4.0;229.04
7331131A7BE99E11525010650500CA4A;B0BDDED34CC83E11052F6792C000B249;2025-05-31;216.0;3192.22
28E7019311BD3E11052F6792C000D249;FC081C55582CED11A62CD892C0003F2A;2025-05-31;72.0;2393.0
DCA9CF4E6BBD3E11052F6792C000D249;FC081C55582CED11A62CD892C0003F2A;2025-05-31;48.0;728.34
522FBDCA51FBEE1191EE1065050029B9;FC081C55582CED11A62CD892C0003F2A;2025-05-31;48.0;1440.7
5735755E73530F114EF7A826072BBB89;44673735EAF46E11B7B78A650500BC08;2025-05-31;60.0;21881.88
72C5667E73530F114EF7A826072BBB89;44673735EAF46E11B7B78A650500BC08;2025-05-31;20.0;1853.16
A8B6667E73530F114EF7A826072BBB89;44673735EAF46E11B7B78A650500BC08;2025-05-31;10.0;1378.0
186F4C9E73530F114EF7A826072BBB89;44673735EAF46E11B7B78A650500BC08;2025-05-31;10.0;2107.22
57BB35BE73530F114EF7A826072BBB89;44673735EAF46E11B7B78A650500BC08;2025-05-31;10.0;2118.22
7F925E31A4A4FE1191EE10650500FFB9;B0BDDED34CC83E11052F6792C000B249;2025-05-31;6.0;1604.08
A8F3AA28B22AFE11128010650500E819;FC081C55582CED11A62CD892C0003F2A;2025-05-31;40.0;6418.86
09A86DFB2330DE11ADB310650500DAB8;B0BDDED34CC83E11052F6792C000B249;2025-05-31;8.0;2173.2
9F8CA649585A2E11052F6792C0007F39;B0BDDED34CC83E11052F6792C000B249;2025-05-31;30.0;2615.42
F15D1F78E1CAED11A62CD892C0003F2A;44673735EAF46E11B7B78A650500BC08;2025-05-31;50.0;450.78
337634AD6104FE1191EE106505001FB9;FC081C55582CED11A62CD892C0003F2A;2025-05-31;28.0;5062.72
013FC117D265BE11BE21106505003C5A;FC081C55582CED11A62CD892C0003F2A;2025-05-31;20.0;4041.68
CCEF2E74D265BE11BE21106505003C5A;44673735EAF46E11B7B78A650500BC08;2025-05-31;20.0;4041.68
816730F950FE5E1142D58A6505006D08;B0BDDED34CC83E11052F6792C000B249;2025-05-31;20.0;2370.26
6B0702CB50FE5E1142D58A6505006D08;44673735EAF46E11B7B78A650500BC08;2025-05-31;10.0;1185.12
